[0/2] Re-checking globbed directories...
[1/499] Building CXX object CMakeFiles/onnxruntime_common.dir/dev/shm/velavision-ort-session-20260911/ort/onnxruntime/core/common/cpuid_info.cc.obj
In file included from /dev/shm/velavision-ort-session-20260911/ort/onnxruntime/core/common/cpuid_info.h:6,
                 from /dev/shm/velavision-ort-session-20260911/ort/onnxruntime/core/common/cpuid_info.cc:3:
/dev/shm/velavision-ort-session-20260911/ort/include/onnxruntime/core/common/common.h:88:6: warning: "_MSC_VER" is not defined, evaluates to 0 [-Wundef]
   88 | #if (_MSC_VER && !defined(__PRETTY_FUNCTION__))
      |      ^~~~~~~~
/dev/shm/velavision-ort-session-20260911/ort/onnxruntime/core/common/cpuid_info.cc:41:5: warning: "_WIN32" is not defined, evaluates to 0 [-Wundef]
   41 | #if _WIN32
      |     ^~~~~~
In file included from /dev/shm/velavision-ort-session-20260911/ort/include/onnxruntime/core/common/common.h:35:
/dev/shm/velavision-ort-session-20260911/ort/include/onnxruntime/core/common/code_location.h: In constructor 'onnxruntime::CodeLocation::CodeLocation(const char*, int, const char*, const std::__1::vector<std::__1::basic_string<char> >&)':
/dev/shm/velavision-ort-session-20260911/ort/include/onnxruntime/core/common/code_location.h:30:105: warning: declaration of 'stacktrace' shadows a member of 'onnxruntime::CodeLocation' [-Wshadow]
   30 |   CodeLocation(const char* file_path, const int line, const char* func, const std::vector<std::string>& stacktrace)
      |                                                                         ~~~~~~~~~~~~~~~~~~~~~~~~~~~~~~~~^~~~~~~~~~
/dev/shm/velavision-ort-session-20260911/ort/include/onnxruntime/core/common/code_location.h:55:34: note: shadowed declaration is here
   55 |   const std::vector<std::string> stacktrace;
      |                                  ^~~~~~~~~~
/dev/shm/velavision-ort-session-20260911/ort/include/onnxruntime/core/common/code_location.h: In constructor 'onnxruntime::CodeLocation::CodeLocation(const char*, int, const char*, const std::__1::vector<std::__1::basic_string<char> >&)':
/dev/shm/velavision-ort-session-20260911/ort/include/onnxruntime/core/common/code_location.h:30:105: warning: declaration of 'stacktrace' shadows a member of 'onnxruntime::CodeLocation' [-Wshadow]
   30 |   CodeLocation(const char* file_path, const int line, const char* func, const std::vector<std::string>& stacktrace)
      |                                                                         ~~~~~~~~~~~~~~~~~~~~~~~~~~~~~~~~^~~~~~~~~~
/dev/shm/velavision-ort-session-20260911/ort/include/onnxruntime/core/common/code_location.h:55:34: note: shadowed declaration is here
   55 |   const std::vector<std::string> stacktrace;
      |                                  ^~~~~~~~~~
/dev/shm/velavision-ort-session-20260911/ort/include/onnxruntime/core/common/code_location.h: In constructor 'onnxruntime::CodeLocation::CodeLocation(const char*, int, const char*, const std::__1::vector<std::__1::basic_string<char> >&)':
/dev/shm/velavision-ort-session-20260911/ort/include/onnxruntime/core/common/code_location.h:30:105: warning: declaration of 'stacktrace' shadows a member of 'onnxruntime::CodeLocation' [-Wshadow]
   30 |   CodeLocation(const char* file_path, const int line, const char* func, const std::vector<std::string>& stacktrace)
      |                                                                         ~~~~~~~~~~~~~~~~~~~~~~~~~~~~~~~~^~~~~~~~~~
/dev/shm/velavision-ort-session-20260911/ort/include/onnxruntime/core/common/code_location.h:55:34: note: shadowed declaration is here
   55 |   const std::vector<std::string> stacktrace;
      |                                  ^~~~~~~~~~
[2/499] Building CXX object CMakeFiles/onnxruntime_common.dir/dev/shm/velavision-ort-session-20260911/ort/onnxruntime/core/common/cpuid_uarch.cc.obj
[3/499] Building CXX object CMakeFiles/onnxruntime_common.dir/dev/shm/velavision-ort-session-20260911/ort/onnxruntime/core/common/denormal.cc.obj
In file included from /dev/shm/velavision-ort-session-20260911/ort/onnxruntime/core/common/denormal.cc:21:
/dev/shm/velavision-ort-session-20260911/ort/include/onnxruntime/core/common/common.h:88:6: warning: "_MSC_VER" is not defined, evaluates to 0 [-Wundef]
   88 | #if (_MSC_VER && !defined(__PRETTY_FUNCTION__))
      |      ^~~~~~~~
In file included from /dev/shm/velavision-ort-session-20260911/ort/include/onnxruntime/core/common/common.h:35:
/dev/shm/velavision-ort-session-20260911/ort/include/onnxruntime/core/common/code_location.h: In constructor 'onnxruntime::CodeLocation::CodeLocation(const char*, int, const char*, const std::__1::vector<std::__1::basic_string<char> >&)':
/dev/shm/velavision-ort-session-20260911/ort/include/onnxruntime/core/common/code_location.h:30:105: warning: declaration of 'stacktrace' shadows a member of 'onnxruntime::CodeLocation' [-Wshadow]
   30 |   CodeLocation(const char* file_path, const int line, const char* func, const std::vector<std::string>& stacktrace)
      |                                                                         ~~~~~~~~~~~~~~~~~~~~~~~~~~~~~~~~^~~~~~~~~~
/dev/shm/velavision-ort-session-20260911/ort/include/onnxruntime/core/common/code_location.h:55:34: note: shadowed declaration is here
   55 |   const std::vector<std::string> stacktrace;
      |                                  ^~~~~~~~~~
/dev/shm/velavision-ort-session-20260911/ort/include/onnxruntime/core/common/code_location.h: In constructor 'onnxruntime::CodeLocation::CodeLocation(const char*, int, const char*, const std::__1::vector<std::__1::basic_string<char> >&)':
/dev/shm/velavision-ort-session-20260911/ort/include/onnxruntime/core/common/code_location.h:30:105: warning: declaration of 'stacktrace' shadows a member of 'onnxruntime::CodeLocation' [-Wshadow]
   30 |   CodeLocation(const char* file_path, const int line, const char* func, const std::vector<std::string>& stacktrace)
      |                                                                         ~~~~~~~~~~~~~~~~~~~~~~~~~~~~~~~~^~~~~~~~~~
/dev/shm/velavision-ort-session-20260911/ort/include/onnxruntime/core/common/code_location.h:55:34: note: shadowed declaration is here
   55 |   const std::vector<std::string> stacktrace;
      |                                  ^~~~~~~~~~
/dev/shm/velavision-ort-session-20260911/ort/include/onnxruntime/core/common/code_location.h: In constructor 'onnxruntime::CodeLocation::CodeLocation(const char*, int, const char*, const std::__1::vector<std::__1::basic_string<char> >&)':
/dev/shm/velavision-ort-session-20260911/ort/include/onnxruntime/core/common/code_location.h:30:105: warning: declaration of 'stacktrace' shadows a member of 'onnxruntime::CodeLocation' [-Wshadow]
   30 |   CodeLocation(const char* file_path, const int line, const char* func, const std::vector<std::string>& stacktrace)
      |                                                                         ~~~~~~~~~~~~~~~~~~~~~~~~~~~~~~~~^~~~~~~~~~
/dev/shm/velavision-ort-session-20260911/ort/include/onnxruntime/core/common/code_location.h:55:34: note: shadowed declaration is here
   55 |   const std::vector<std::string> stacktrace;
      |                                  ^~~~~~~~~~
[4/499] Building CXX object CMakeFiles/onnxruntime_common.dir/dev/shm/velavision-ort-session-20260911/ort/onnxruntime/core/common/helper.cc.obj
In file included from /dev/shm/velavision-ort-session-20260911/ort/onnxruntime/core/common/helper.cc:4:
/dev/shm/velavision-ort-session-20260911/ort/include/onnxruntime/core/common/common.h:88:6: warning: "_MSC_VER" is not defined, evaluates to 0 [-Wundef]
   88 | #if (_MSC_VER && !defined(__PRETTY_FUNCTION__))
      |      ^~~~~~~~
In file included from /dev/shm/velavision-ort-session-20260911/ort/include/onnxruntime/core/common/common.h:35:
/dev/shm/velavision-ort-session-20260911/ort/include/onnxruntime/core/common/code_location.h: In constructor 'onnxruntime::CodeLocation::CodeLocation(const char*, int, const char*, const std::__1::vector<std::__1::basic_string<char> >&)':
/dev/shm/velavision-ort-session-20260911/ort/include/onnxruntime/core/common/code_location.h:30:105: warning: declaration of 'stacktrace' shadows a member of 'onnxruntime::CodeLocation' [-Wshadow]
   30 |   CodeLocation(const char* file_path, const int line, const char* func, const std::vector<std::string>& stacktrace)
      |                                                                         ~~~~~~~~~~~~~~~~~~~~~~~~~~~~~~~~^~~~~~~~~~
/dev/shm/velavision-ort-session-20260911/ort/include/onnxruntime/core/common/code_location.h:55:34: note: shadowed declaration is here
   55 |   const std::vector<std::string> stacktrace;
      |                                  ^~~~~~~~~~
/dev/shm/velavision-ort-session-20260911/ort/include/onnxruntime/core/common/code_location.h: In constructor 'onnxruntime::CodeLocation::CodeLocation(const char*, int, const char*, const std::__1::vector<std::__1::basic_string<char> >&)':
/dev/shm/velavision-ort-session-20260911/ort/include/onnxruntime/core/common/code_location.h:30:105: warning: declaration of 'stacktrace' shadows a member of 'onnxruntime::CodeLocation' [-Wshadow]
   30 |   CodeLocation(const char* file_path, const int line, const char* func, const std::vector<std::string>& stacktrace)
      |                                                                         ~~~~~~~~~~~~~~~~~~~~~~~~~~~~~~~~^~~~~~~~~~
/dev/shm/velavision-ort-session-20260911/ort/include/onnxruntime/core/common/code_location.h:55:34: note: shadowed declaration is here
   55 |   const std::vector<std::string> stacktrace;
      |                                  ^~~~~~~~~~
/dev/shm/velavision-ort-session-20260911/ort/include/onnxruntime/core/common/code_location.h: In constructor 'onnxruntime::CodeLocation::CodeLocation(const char*, int, const char*, const std::__1::vector<std::__1::basic_string<char> >&)':
/dev/shm/velavision-ort-session-20260911/ort/include/onnxruntime/core/common/code_location.h:30:105: warning: declaration of 'stacktrace' shadows a member of 'onnxruntime::CodeLocation' [-Wshadow]
   30 |   CodeLocation(const char* file_path, const int line, const char* func, const std::vector<std::string>& stacktrace)
      |                                                                         ~~~~~~~~~~~~~~~~~~~~~~~~~~~~~~~~^~~~~~~~~~
/dev/shm/velavision-ort-session-20260911/ort/include/onnxruntime/core/common/code_location.h:55:34: note: shadowed declaration is here
   55 |   const std::vector<std::string> stacktrace;
      |                                  ^~~~~~~~~~
[5/499] Building CXX object CMakeFiles/onnxruntime_flatbuffers.dir/dev/shm/velavision-ort-session-20260911/ort/onnxruntime/core/flatbuffers/flatbuffers_utils.cc.obj
In file included from /dev/shm/velavision-ort-session-20260911/ort/onnxruntime/core/flatbuffers/flatbuffers_utils.h:10,
                 from /dev/shm/velavision-ort-session-20260911/ort/onnxruntime/core/flatbuffers/flatbuffers_utils.cc:4:
/dev/shm/velavision-ort-session-20260911/ort/include/onnxruntime/core/common/common.h:88:6: warning: "_MSC_VER" is not defined, evaluates to 0 [-Wundef]
   88 | #if (_MSC_VER && !defined(__PRETTY_FUNCTION__))
      |      ^~~~~~~~
In file included from /dev/shm/velavision-ort-session-20260911/sources/protobuf/src/google/protobuf/parse_context.h:47,
                 from /dev/shm/velavision-ort-session-20260911/sources/protobuf/src/google/protobuf/extension_set.h:53,
                 from /dev/shm/velavision-ort-session-20260911/build/_deps/onnx-build/onnx/onnx-ml.pb.h:30,
                 from /dev/shm/velavision-ort-session-20260911/sources/onnx/onnx/onnx_pb.h:65,
                 from /dev/shm/velavision-ort-session-20260911/sources/onnx/onnx/defs/data_type_utils.h:14,
                 from /dev/shm/velavision-ort-session-20260911/sources/onnx/onnx/defs/shape_inference.h:13,
                 from /dev/shm/velavision-ort-session-20260911/sources/onnx/onnx/defs/schema.h:26,
                 from /dev/shm/velavision-ort-session-20260911/ort/onnxruntime/core/graph/onnx_protobuf.h:22,
                 from /dev/shm/velavision-ort-session-20260911/ort/onnxruntime/core/flatbuffers/flatbuffers_utils.cc:10:
/dev/shm/velavision-ort-session-20260911/sources/protobuf/src/google/protobuf/inlined_string_field.h:430:5: warning: "GOOGLE_PROTOBUF_INTERNAL_DONATE_STEAL_INLINE" is not defined, evaluates to 0 [-Wundef]
  430 | #if GOOGLE_PROTOBUF_INTERNAL_DONATE_STEAL_INLINE
      |     ^~~~~~~~~~~~~~~~~~~~~~~~~~~~~~~~~~~~~~~~~~~~
In file included from /dev/shm/velavision-ort-session-20260911/ort/include/onnxruntime/core/common/common.h:35:
/dev/shm/velavision-ort-session-20260911/ort/include/onnxruntime/core/common/code_location.h: In constructor 'onnxruntime::CodeLocation::CodeLocation(const char*, int, const char*, const std::__1::vector<std::__1::basic_string<char> >&)':
/dev/shm/velavision-ort-session-20260911/ort/include/onnxruntime/core/common/code_location.h:30:105: warning: declaration of 'stacktrace' shadows a member of 'onnxruntime::CodeLocation' [-Wshadow]
   30 |   CodeLocation(const char* file_path, const int line, const char* func, const std::vector<std::string>& stacktrace)
      |                                                                         ~~~~~~~~~~~~~~~~~~~~~~~~~~~~~~~~^~~~~~~~~~
/dev/shm/velavision-ort-session-20260911/ort/include/onnxruntime/core/common/code_location.h:55:34: note: shadowed declaration is here
   55 |   const std::vector<std::string> stacktrace;
      |                                  ^~~~~~~~~~
/dev/shm/velavision-ort-session-20260911/ort/include/onnxruntime/core/common/code_location.h: In constructor 'onnxruntime::CodeLocation::CodeLocation(const char*, int, const char*, const std::__1::vector<std::__1::basic_string<char> >&)':
/dev/shm/velavision-ort-session-20260911/ort/include/onnxruntime/core/common/code_location.h:30:105: warning: declaration of 'stacktrace' shadows a member of 'onnxruntime::CodeLocation' [-Wshadow]
   30 |   CodeLocation(const char* file_path, const int line, const char* func, const std::vector<std::string>& stacktrace)
      |                                                                         ~~~~~~~~~~~~~~~~~~~~~~~~~~~~~~~~^~~~~~~~~~
/dev/shm/velavision-ort-session-20260911/ort/include/onnxruntime/core/common/code_location.h:55:34: note: shadowed declaration is here
   55 |   const std::vector<std::string> stacktrace;
      |                                  ^~~~~~~~~~
/dev/shm/velavision-ort-session-20260911/ort/include/onnxruntime/core/common/code_location.h: In constructor 'onnxruntime::CodeLocation::CodeLocation(const char*, int, const char*, const std::__1::vector<std::__1::basic_string<char> >&)':
/dev/shm/velavision-ort-session-20260911/ort/include/onnxruntime/core/common/code_location.h:30:105: warning: declaration of 'stacktrace' shadows a member of 'onnxruntime::CodeLocation' [-Wshadow]
   30 |   CodeLocation(const char* file_path, const int line, const char* func, const std::vector<std::string>& stacktrace)
      |                                                                         ~~~~~~~~~~~~~~~~~~~~~~~~~~~~~~~~^~~~~~~~~~
/dev/shm/velavision-ort-session-20260911/ort/include/onnxruntime/core/common/code_location.h:55:34: note: shadowed declaration is here
   55 |   const std::vector<std::string> stacktrace;
      |                                  ^~~~~~~~~~
In file included from /dev/shm/velavision-ort-session-20260911/sources/protobuf/src/google/protobuf/arena.h:52,
                 from /dev/shm/velavision-ort-session-20260911/build/_deps/onnx-build/onnx/onnx-ml.pb.h:24:
/dev/shm/velavision-ort-session-20260911/sources/protobuf/src/google/protobuf/arena_impl.h: In constructor 'google::protobuf::internal::SerialArena::Block::Block(google::protobuf::internal::SerialArena::Block*, size_t)':
/dev/shm/velavision-ort-session-20260911/sources/protobuf/src/google/protobuf/arena_impl.h:384:31: warning: declaration of 'size' shadows a member of 'google::protobuf::internal::SerialArena::Block' [-Wshadow]
  384 |     Block(Block* next, size_t size) : next(next), size(size), start(nullptr) {}
      |                        ~~~~~~~^~~~
/dev/shm/velavision-ort-session-20260911/sources/protobuf/src/google/protobuf/arena_impl.h:392:18: note: shadowed declaration is here
  392 |     const size_t size;
      |                  ^~~~
/dev/shm/velavision-ort-session-20260911/sources/protobuf/src/google/protobuf/arena_impl.h:384:18: warning: declaration of 'next' shadows a member of 'google::protobuf::internal::SerialArena::Block' [-Wshadow]
  384 |     Block(Block* next, size_t size) : next(next), size(size), start(nullptr) {}
      |           ~~~~~~~^~~~
/dev/shm/velavision-ort-session-20260911/sources/protobuf/src/google/protobuf/arena_impl.h:391:18: note: shadowed declaration is here
  391 |     Block* const next;
      |                  ^~~~
/dev/shm/velavision-ort-session-20260911/sources/protobuf/src/google/protobuf/arena_impl.h: In constructor 'google::protobuf::internal::SerialArena::Block::Block(google::protobuf::internal::SerialArena::Block*, size_t)':
/dev/shm/velavision-ort-session-20260911/sources/protobuf/src/google/protobuf/arena_impl.h:384:31: warning: declaration of 'size' shadows a member of 'google::protobuf::internal::SerialArena::Block' [-Wshadow]
  384 |     Block(Block* next, size_t size) : next(next), size(size), start(nullptr) {}
      |                        ~~~~~~~^~~~
/dev/shm/velavision-ort-session-20260911/sources/protobuf/src/google/protobuf/arena_impl.h:392:18: note: shadowed declaration is here
  392 |     const size_t size;
      |                  ^~~~
/dev/shm/velavision-ort-session-20260911/sources/protobuf/src/google/protobuf/arena_impl.h:384:18: warning: declaration of 'next' shadows a member of 'google::protobuf::internal::SerialArena::Block' [-Wshadow]
  384 |     Block(Block* next, size_t size) : next(next), size(size), start(nullptr) {}
      |           ~~~~~~~^~~~
/dev/shm/velavision-ort-session-20260911/sources/protobuf/src/google/protobuf/arena_impl.h:391:18: note: shadowed declaration is here
  391 |     Block* const next;
      |                  ^~~~
/dev/shm/velavision-ort-session-20260911/sources/protobuf/src/google/protobuf/arena_impl.h: In constructor 'google::protobuf::internal::SerialArena::Block::Block(google::protobuf::internal::SerialArena::Block*, size_t)':
/dev/shm/velavision-ort-session-20260911/sources/protobuf/src/google/protobuf/arena_impl.h:384:31: warning: declaration of 'size' shadows a member of 'google::protobuf::internal::SerialArena::Block' [-Wshadow]
  384 |     Block(Block* next, size_t size) : next(next), size(size), start(nullptr) {}
      |                        ~~~~~~~^~~~
/dev/shm/velavision-ort-session-20260911/sources/protobuf/src/google/protobuf/arena_impl.h:392:18: note: shadowed declaration is here
  392 |     const size_t size;
      |                  ^~~~
/dev/shm/velavision-ort-session-20260911/sources/protobuf/src/google/protobuf/arena_impl.h:384:18: warning: declaration of 'next' shadows a member of 'google::protobuf::internal::SerialArena::Block' [-Wshadow]
  384 |     Block(Block* next, size_t size) : next(next), size(size), start(nullptr) {}
      |           ~~~~~~~^~~~
/dev/shm/velavision-ort-session-20260911/sources/protobuf/src/google/protobuf/arena_impl.h:391:18: note: shadowed declaration is here
  391 |     Block* const next;
      |                  ^~~~
[6/499] Building CXX object CMakeFiles/onnxruntime_common.dir/dev/shm/velavision-ort-session-20260911/ort/onnxruntime/core/common/logging/capture.cc.obj
In file included from /dev/shm/velavision-ort-session-20260911/ort/include/onnxruntime/core/common/logging/capture.h:8,
                 from /dev/shm/velavision-ort-session-20260911/ort/onnxruntime/core/common/logging/capture.cc:4:
/dev/shm/velavision-ort-session-20260911/ort/include/onnxruntime/core/common/common.h:88:6: warning: "_MSC_VER" is not defined, evaluates to 0 [-Wundef]
   88 | #if (_MSC_VER && !defined(__PRETTY_FUNCTION__))
      |      ^~~~~~~~
In file included from /dev/shm/velavision-ort-session-20260911/ort/include/onnxruntime/core/common/common.h:35:
/dev/shm/velavision-ort-session-20260911/ort/include/onnxruntime/core/common/code_location.h: In constructor 'onnxruntime::CodeLocation::CodeLocation(const char*, int, const char*, const std::__1::vector<std::__1::basic_string<char> >&)':
/dev/shm/velavision-ort-session-20260911/ort/include/onnxruntime/core/common/code_location.h:30:105: warning: declaration of 'stacktrace' shadows a member of 'onnxruntime::CodeLocation' [-Wshadow]
   30 |   CodeLocation(const char* file_path, const int line, const char* func, const std::vector<std::string>& stacktrace)
      |                                                                         ~~~~~~~~~~~~~~~~~~~~~~~~~~~~~~~~^~~~~~~~~~
/dev/shm/velavision-ort-session-20260911/ort/include/onnxruntime/core/common/code_location.h:55:34: note: shadowed declaration is here
   55 |   const std::vector<std::string> stacktrace;
      |                                  ^~~~~~~~~~
/dev/shm/velavision-ort-session-20260911/ort/include/onnxruntime/core/common/code_location.h: In constructor 'onnxruntime::CodeLocation::CodeLocation(const char*, int, const char*, const std::__1::vector<std::__1::basic_string<char> >&)':
/dev/shm/velavision-ort-session-20260911/ort/include/onnxruntime/core/common/code_location.h:30:105: warning: declaration of 'stacktrace' shadows a member of 'onnxruntime::CodeLocation' [-Wshadow]
   30 |   CodeLocation(const char* file_path, const int line, const char* func, const std::vector<std::string>& stacktrace)
      |                                                                         ~~~~~~~~~~~~~~~~~~~~~~~~~~~~~~~~^~~~~~~~~~
/dev/shm/velavision-ort-session-20260911/ort/include/onnxruntime/core/common/code_location.h:55:34: note: shadowed declaration is here
   55 |   const std::vector<std::string> stacktrace;
      |                                  ^~~~~~~~~~
/dev/shm/velavision-ort-session-20260911/ort/include/onnxruntime/core/common/code_location.h: In constructor 'onnxruntime::CodeLocation::CodeLocation(const char*, int, const char*, const std::__1::vector<std::__1::basic_string<char> >&)':
/dev/shm/velavision-ort-session-20260911/ort/include/onnxruntime/core/common/code_location.h:30:105: warning: declaration of 'stacktrace' shadows a member of 'onnxruntime::CodeLocation' [-Wshadow]
   30 |   CodeLocation(const char* file_path, const int line, const char* func, const std::vector<std::string>& stacktrace)
      |                                                                         ~~~~~~~~~~~~~~~~~~~~~~~~~~~~~~~~^~~~~~~~~~
/dev/shm/velavision-ort-session-20260911/ort/include/onnxruntime/core/common/code_location.h:55:34: note: shadowed declaration is here
   55 |   const std::vector<std::string> stacktrace;
      |                                  ^~~~~~~~~~
[7/499] Building CXX object CMakeFiles/onnxruntime_common.dir/dev/shm/velavision-ort-session-20260911/ort/onnxruntime/core/common/logging/logging.cc.obj
In file included from /dev/shm/velavision-ort-session-20260911/ort/include/onnxruntime/core/common/exceptions.h:13,
                 from /dev/shm/velavision-ort-session-20260911/ort/onnxruntime/core/common/logging/logging.cc:9:
/dev/shm/velavision-ort-session-20260911/ort/include/onnxruntime/core/common/common.h:88:6: warning: "_MSC_VER" is not defined, evaluates to 0 [-Wundef]
   88 | #if (_MSC_VER && !defined(__PRETTY_FUNCTION__))
      |      ^~~~~~~~
In file included from /dev/shm/velavision-ort-session-20260911/sources/google_nsync/public/nsync_mu.h:20,
                 from /dev/shm/velavision-ort-session-20260911/sources/google_nsync/public/nsync.h:18,
                 from /dev/shm/velavision-ort-session-20260911/ort/include/onnxruntime/core/platform/ort_mutex.h:105,
                 from /dev/shm/velavision-ort-session-20260911/ort/onnxruntime/core/common/logging/logging.cc:25:
/dev/shm/velavision-ort-session-20260911/sources/google_nsync/public/nsync_atomic.h:23:5: warning: "NSYNC_ATOMIC_TYPECHECK" is not defined, evaluates to 0 [-Wundef]
   23 | #if NSYNC_ATOMIC_TYPECHECK
      |     ^~~~~~~~~~~~~~~~~~~~~~
/dev/shm/velavision-ort-session-20260911/sources/google_nsync/public/nsync_atomic.h:33:7: warning: "NSYNC_ATOMIC_C11" is not defined, evaluates to 0 [-Wundef]
   33 | #elif NSYNC_ATOMIC_C11
      |       ^~~~~~~~~~~~~~~~
In file included from /dev/shm/velavision-ort-session-20260911/sources/google_nsync/public/nsync_time.h:19,
                 from /dev/shm/velavision-ort-session-20260911/sources/google_nsync/public/nsync_mu_wait.h:67,
                 from /dev/shm/velavision-ort-session-20260911/sources/google_nsync/public/nsync.h:19:
/dev/shm/velavision-ort-session-20260911/sources/google_nsync/public/nsync_time_internal.h:36:5: warning: "NSYNC_USE_GPR_TIMESPEC" is not defined, evaluates to 0 [-Wundef]
   36 | #if NSYNC_USE_GPR_TIMESPEC
      |     ^~~~~~~~~~~~~~~~~~~~~~
/dev/shm/velavision-ort-session-20260911/sources/google_nsync/public/nsync_time_internal.h:67:7: warning: "NSYNC_USE_DEBUG_TIME" is not defined, evaluates to 0 [-Wundef]
   67 | #elif NSYNC_USE_DEBUG_TIME
      |       ^~~~~~~~~~~~~~~~~~~~
/dev/shm/velavision-ort-session-20260911/sources/google_nsync/public/nsync_time_internal.h:80:8: warning: "NSYNC_USE_CPP11_TIMEPOINT" is not defined, evaluates to 0 [-Wundef]
   80 |       (NSYNC_USE_CPP11_TIMEPOINT || (__cplusplus >= 201103L) || (_MSC_VER >= 1700))
      |        ^~~~~~~~~~~~~~~~~~~~~~~~~
/dev/shm/velavision-ort-session-20260911/ort/onnxruntime/core/common/logging/logging.cc:27:5: warning: "__FreeBSD__" is not defined, evaluates to 0 [-Wundef]
   27 | #if __FreeBSD__
      |     ^~~~~~~~~~~
In file included from /dev/shm/velavision-ort-session-20260911/ort/include/onnxruntime/core/common/common.h:35:
/dev/shm/velavision-ort-session-20260911/ort/include/onnxruntime/core/common/code_location.h: In constructor 'onnxruntime::CodeLocation::CodeLocation(const char*, int, const char*, const std::__1::vector<std::__1::basic_string<char> >&)':
/dev/shm/velavision-ort-session-20260911/ort/include/onnxruntime/core/common/code_location.h:30:105: warning: declaration of 'stacktrace' shadows a member of 'onnxruntime::CodeLocation' [-Wshadow]
   30 |   CodeLocation(const char* file_path, const int line, const char* func, const std::vector<std::string>& stacktrace)
      |                                                                         ~~~~~~~~~~~~~~~~~~~~~~~~~~~~~~~~^~~~~~~~~~
/dev/shm/velavision-ort-session-20260911/ort/include/onnxruntime/core/common/code_location.h:55:34: note: shadowed declaration is here
   55 |   const std::vector<std::string> stacktrace;
      |                                  ^~~~~~~~~~
/dev/shm/velavision-ort-session-20260911/ort/include/onnxruntime/core/common/code_location.h: In constructor 'onnxruntime::CodeLocation::CodeLocation(const char*, int, const char*, const std::__1::vector<std::__1::basic_string<char> >&)':
/dev/shm/velavision-ort-session-20260911/ort/include/onnxruntime/core/common/code_location.h:30:105: warning: declaration of 'stacktrace' shadows a member of 'onnxruntime::CodeLocation' [-Wshadow]
   30 |   CodeLocation(const char* file_path, const int line, const char* func, const std::vector<std::string>& stacktrace)
      |                                                                         ~~~~~~~~~~~~~~~~~~~~~~~~~~~~~~~~^~~~~~~~~~
/dev/shm/velavision-ort-session-20260911/ort/include/onnxruntime/core/common/code_location.h:55:34: note: shadowed declaration is here
   55 |   const std::vector<std::string> stacktrace;
      |                                  ^~~~~~~~~~
/dev/shm/velavision-ort-session-20260911/ort/include/onnxruntime/core/common/code_location.h: In constructor 'onnxruntime::CodeLocation::CodeLocation(const char*, int, const char*, const std::__1::vector<std::__1::basic_string<char> >&)':
/dev/shm/velavision-ort-session-20260911/ort/include/onnxruntime/core/common/code_location.h:30:105: warning: declaration of 'stacktrace' shadows a member of 'onnxruntime::CodeLocation' [-Wshadow]
   30 |   CodeLocation(const char* file_path, const int line, const char* func, const std::vector<std::string>& stacktrace)
      |                                                                         ~~~~~~~~~~~~~~~~~~~~~~~~~~~~~~~~^~~~~~~~~~
/dev/shm/velavision-ort-session-20260911/ort/include/onnxruntime/core/common/code_location.h:55:34: note: shadowed declaration is here
   55 |   const std::vector<std::string> stacktrace;
      |                                  ^~~~~~~~~~
[8/499] Building CXX object CMakeFiles/onnxruntime_common.dir/dev/shm/velavision-ort-session-20260911/ort/onnxruntime/core/common/logging/sinks/ostream_sink.cc.obj
In file included from /dev/shm/velavision-ort-session-20260911/ort/include/onnxruntime/core/common/logging/capture.h:8,
                 from /dev/shm/velavision-ort-session-20260911/ort/onnxruntime/core/common/logging/sinks/ostream_sink.h:10,
                 from /dev/shm/velavision-ort-session-20260911/ort/onnxruntime/core/common/logging/sinks/ostream_sink.cc:4:
/dev/shm/velavision-ort-session-20260911/ort/include/onnxruntime/core/common/common.h:88:6: warning: "_MSC_VER" is not defined, evaluates to 0 [-Wundef]
   88 | #if (_MSC_VER && !defined(__PRETTY_FUNCTION__))
      |      ^~~~~~~~
In file included from /dev/shm/velavision-ort-session-20260911/ort/include/onnxruntime/core/common/common.h:35:
/dev/shm/velavision-ort-session-20260911/ort/include/onnxruntime/core/common/code_location.h: In constructor 'onnxruntime::CodeLocation::CodeLocation(const char*, int, const char*, const std::__1::vector<std::__1::basic_string<char> >&)':
/dev/shm/velavision-ort-session-20260911/ort/include/onnxruntime/core/common/code_location.h:30:105: warning: declaration of 'stacktrace' shadows a member of 'onnxruntime::CodeLocation' [-Wshadow]
   30 |   CodeLocation(const char* file_path, const int line, const char* func, const std::vector<std::string>& stacktrace)
      |                                                                         ~~~~~~~~~~~~~~~~~~~~~~~~~~~~~~~~^~~~~~~~~~
/dev/shm/velavision-ort-session-20260911/ort/include/onnxruntime/core/common/code_location.h:55:34: note: shadowed declaration is here
   55 |   const std::vector<std::string> stacktrace;
      |                                  ^~~~~~~~~~
/dev/shm/velavision-ort-session-20260911/ort/include/onnxruntime/core/common/code_location.h: In constructor 'onnxruntime::CodeLocation::CodeLocation(const char*, int, const char*, const std::__1::vector<std::__1::basic_string<char> >&)':
/dev/shm/velavision-ort-session-20260911/ort/include/onnxruntime/core/common/code_location.h:30:105: warning: declaration of 'stacktrace' shadows a member of 'onnxruntime::CodeLocation' [-Wshadow]
   30 |   CodeLocation(const char* file_path, const int line, const char* func, const std::vector<std::string>& stacktrace)
      |                                                                         ~~~~~~~~~~~~~~~~~~~~~~~~~~~~~~~~^~~~~~~~~~
/dev/shm/velavision-ort-session-20260911/ort/include/onnxruntime/core/common/code_location.h:55:34: note: shadowed declaration is here
   55 |   const std::vector<std::string> stacktrace;
      |                                  ^~~~~~~~~~
/dev/shm/velavision-ort-session-20260911/ort/include/onnxruntime/core/common/code_location.h: In constructor 'onnxruntime::CodeLocation::CodeLocation(const char*, int, const char*, const std::__1::vector<std::__1::basic_string<char> >&)':
/dev/shm/velavision-ort-session-20260911/ort/include/onnxruntime/core/common/code_location.h:30:105: warning: declaration of 'stacktrace' shadows a member of 'onnxruntime::CodeLocation' [-Wshadow]
   30 |   CodeLocation(const char* file_path, const int line, const char* func, const std::vector<std::string>& stacktrace)
      |                                                                         ~~~~~~~~~~~~~~~~~~~~~~~~~~~~~~~~^~~~~~~~~~
/dev/shm/velavision-ort-session-20260911/ort/include/onnxruntime/core/common/code_location.h:55:34: note: shadowed declaration is here
   55 |   const std::vector<std::string> stacktrace;
      |                                  ^~~~~~~~~~
[9/499] Building CXX object CMakeFiles/onnxruntime_common.dir/dev/shm/velavision-ort-session-20260911/ort/onnxruntime/core/common/path.cc.obj
In file included from /dev/shm/velavision-ort-session-20260911/ort/onnxruntime/core/common/path.h:8,
                 from /dev/shm/velavision-ort-session-20260911/ort/onnxruntime/core/common/path.cc:4:
/dev/shm/velavision-ort-session-20260911/ort/include/onnxruntime/core/common/common.h:88:6: warning: "_MSC_VER" is not defined, evaluates to 0 [-Wundef]
   88 | #if (_MSC_VER && !defined(__PRETTY_FUNCTION__))
      |      ^~~~~~~~
In file included from /dev/shm/velavision-ort-session-20260911/ort/include/onnxruntime/core/common/common.h:35:
/dev/shm/velavision-ort-session-20260911/ort/include/onnxruntime/core/common/code_location.h: In constructor 'onnxruntime::CodeLocation::CodeLocation(const char*, int, const char*, const std::__1::vector<std::__1::basic_string<char> >&)':
/dev/shm/velavision-ort-session-20260911/ort/include/onnxruntime/core/common/code_location.h:30:105: warning: declaration of 'stacktrace' shadows a member of 'onnxruntime::CodeLocation' [-Wshadow]
   30 |   CodeLocation(const char* file_path, const int line, const char* func, const std::vector<std::string>& stacktrace)
      |                                                                         ~~~~~~~~~~~~~~~~~~~~~~~~~~~~~~~~^~~~~~~~~~
/dev/shm/velavision-ort-session-20260911/ort/include/onnxruntime/core/common/code_location.h:55:34: note: shadowed declaration is here
   55 |   const std::vector<std::string> stacktrace;
      |                                  ^~~~~~~~~~
/dev/shm/velavision-ort-session-20260911/ort/include/onnxruntime/core/common/code_location.h: In constructor 'onnxruntime::CodeLocation::CodeLocation(const char*, int, const char*, const std::__1::vector<std::__1::basic_string<char> >&)':
/dev/shm/velavision-ort-session-20260911/ort/include/onnxruntime/core/common/code_location.h:30:105: warning: declaration of 'stacktrace' shadows a member of 'onnxruntime::CodeLocation' [-Wshadow]
   30 |   CodeLocation(const char* file_path, const int line, const char* func, const std::vector<std::string>& stacktrace)
      |                                                                         ~~~~~~~~~~~~~~~~~~~~~~~~~~~~~~~~^~~~~~~~~~
/dev/shm/velavision-ort-session-20260911/ort/include/onnxruntime/core/common/code_location.h:55:34: note: shadowed declaration is here
   55 |   const std::vector<std::string> stacktrace;
      |                                  ^~~~~~~~~~
/dev/shm/velavision-ort-session-20260911/ort/include/onnxruntime/core/common/code_location.h: In constructor 'onnxruntime::CodeLocation::CodeLocation(const char*, int, const char*, const std::__1::vector<std::__1::basic_string<char> >&)':
/dev/shm/velavision-ort-session-20260911/ort/include/onnxruntime/core/common/code_location.h:30:105: warning: declaration of 'stacktrace' shadows a member of 'onnxruntime::CodeLocation' [-Wshadow]
   30 |   CodeLocation(const char* file_path, const int line, const char* func, const std::vector<std::string>& stacktrace)
      |                                                                         ~~~~~~~~~~~~~~~~~~~~~~~~~~~~~~~~^~~~~~~~~~
/dev/shm/velavision-ort-session-20260911/ort/include/onnxruntime/core/common/code_location.h:55:34: note: shadowed declaration is here
   55 |   const std::vector<std::string> stacktrace;
      |                                  ^~~~~~~~~~
[10/499] Building CXX object CMakeFiles/onnxruntime_common.dir/dev/shm/velavision-ort-session-20260911/ort/onnxruntime/core/common/profiler_common.cc.obj
In file included from /dev/shm/velavision-ort-session-20260911/ort/include/onnxruntime/core/common/profiler_common.h:6,
                 from /dev/shm/velavision-ort-session-20260911/ort/onnxruntime/core/common/profiler_common.cc:4:
/dev/shm/velavision-ort-session-20260911/ort/include/onnxruntime/core/common/common.h:88:6: warning: "_MSC_VER" is not defined, evaluates to 0 [-Wundef]
   88 | #if (_MSC_VER && !defined(__PRETTY_FUNCTION__))
      |      ^~~~~~~~
In file included from /dev/shm/velavision-ort-session-20260911/ort/include/onnxruntime/core/common/common.h:35:
/dev/shm/velavision-ort-session-20260911/ort/include/onnxruntime/core/common/code_location.h: In constructor 'onnxruntime::CodeLocation::CodeLocation(const char*, int, const char*, const std::__1::vector<std::__1::basic_string<char> >&)':
/dev/shm/velavision-ort-session-20260911/ort/include/onnxruntime/core/common/code_location.h:30:105: warning: declaration of 'stacktrace' shadows a member of 'onnxruntime::CodeLocation' [-Wshadow]
   30 |   CodeLocation(const char* file_path, const int line, const char* func, const std::vector<std::string>& stacktrace)
      |                                                                         ~~~~~~~~~~~~~~~~~~~~~~~~~~~~~~~~^~~~~~~~~~
/dev/shm/velavision-ort-session-20260911/ort/include/onnxruntime/core/common/code_location.h:55:34: note: shadowed declaration is here
   55 |   const std::vector<std::string> stacktrace;
      |                                  ^~~~~~~~~~
/dev/shm/velavision-ort-session-20260911/ort/include/onnxruntime/core/common/code_location.h: In constructor 'onnxruntime::CodeLocation::CodeLocation(const char*, int, const char*, const std::__1::vector<std::__1::basic_string<char> >&)':
/dev/shm/velavision-ort-session-20260911/ort/include/onnxruntime/core/common/code_location.h:30:105: warning: declaration of 'stacktrace' shadows a member of 'onnxruntime::CodeLocation' [-Wshadow]
   30 |   CodeLocation(const char* file_path, const int line, const char* func, const std::vector<std::string>& stacktrace)
      |                                                                         ~~~~~~~~~~~~~~~~~~~~~~~~~~~~~~~~^~~~~~~~~~
/dev/shm/velavision-ort-session-20260911/ort/include/onnxruntime/core/common/code_location.h:55:34: note: shadowed declaration is here
   55 |   const std::vector<std::string> stacktrace;
      |                                  ^~~~~~~~~~
/dev/shm/velavision-ort-session-20260911/ort/include/onnxruntime/core/common/code_location.h: In constructor 'onnxruntime::CodeLocation::CodeLocation(const char*, int, const char*, const std::__1::vector<std::__1::basic_string<char> >&)':
/dev/shm/velavision-ort-session-20260911/ort/include/onnxruntime/core/common/code_location.h:30:105: warning: declaration of 'stacktrace' shadows a member of 'onnxruntime::CodeLocation' [-Wshadow]
   30 |   CodeLocation(const char* file_path, const int line, const char* func, const std::vector<std::string>& stacktrace)
      |                                                                         ~~~~~~~~~~~~~~~~~~~~~~~~~~~~~~~~^~~~~~~~~~
/dev/shm/velavision-ort-session-20260911/ort/include/onnxruntime/core/common/code_location.h:55:34: note: shadowed declaration is here
   55 |   const std::vector<std::string> stacktrace;
      |                                  ^~~~~~~~~~
[11/499] Building CXX object CMakeFiles/onnxruntime_common.dir/dev/shm/velavision-ort-session-20260911/ort/onnxruntime/core/common/profiler.cc.obj
In file included from /dev/shm/velavision-ort-session-20260911/ort/include/onnxruntime/core/common/profiler_common.h:6,
                 from /dev/shm/velavision-ort-session-20260911/ort/onnxruntime/core/common/profiler.h:12,
                 from /dev/shm/velavision-ort-session-20260911/ort/onnxruntime/core/common/profiler.cc:4:
/dev/shm/velavision-ort-session-20260911/ort/include/onnxruntime/core/common/common.h:88:6: warning: "_MSC_VER" is not defined, evaluates to 0 [-Wundef]
   88 | #if (_MSC_VER && !defined(__PRETTY_FUNCTION__))
      |      ^~~~~~~~
In file included from /dev/shm/velavision-ort-session-20260911/sources/google_nsync/public/nsync_mu.h:20,
                 from /dev/shm/velavision-ort-session-20260911/sources/google_nsync/public/nsync.h:18,
                 from /dev/shm/velavision-ort-session-20260911/ort/include/onnxruntime/core/platform/ort_mutex.h:105,
                 from /dev/shm/velavision-ort-session-20260911/ort/onnxruntime/core/common/profiler.h:14:
/dev/shm/velavision-ort-session-20260911/sources/google_nsync/public/nsync_atomic.h:23:5: warning: "NSYNC_ATOMIC_TYPECHECK" is not defined, evaluates to 0 [-Wundef]
   23 | #if NSYNC_ATOMIC_TYPECHECK
      |     ^~~~~~~~~~~~~~~~~~~~~~
/dev/shm/velavision-ort-session-20260911/sources/google_nsync/public/nsync_atomic.h:33:7: warning: "NSYNC_ATOMIC_C11" is not defined, evaluates to 0 [-Wundef]
   33 | #elif NSYNC_ATOMIC_C11
      |       ^~~~~~~~~~~~~~~~
In file included from /dev/shm/velavision-ort-session-20260911/sources/google_nsync/public/nsync_time.h:19,
                 from /dev/shm/velavision-ort-session-20260911/sources/google_nsync/public/nsync_mu_wait.h:67,
                 from /dev/shm/velavision-ort-session-20260911/sources/google_nsync/public/nsync.h:19:
/dev/shm/velavision-ort-session-20260911/sources/google_nsync/public/nsync_time_internal.h:36:5: warning: "NSYNC_USE_GPR_TIMESPEC" is not defined, evaluates to 0 [-Wundef]
   36 | #if NSYNC_USE_GPR_TIMESPEC
      |     ^~~~~~~~~~~~~~~~~~~~~~
/dev/shm/velavision-ort-session-20260911/sources/google_nsync/public/nsync_time_internal.h:67:7: warning: "NSYNC_USE_DEBUG_TIME" is not defined, evaluates to 0 [-Wundef]
   67 | #elif NSYNC_USE_DEBUG_TIME
      |       ^~~~~~~~~~~~~~~~~~~~
/dev/shm/velavision-ort-session-20260911/sources/google_nsync/public/nsync_time_internal.h:80:8: warning: "NSYNC_USE_CPP11_TIMEPOINT" is not defined, evaluates to 0 [-Wundef]
   80 |       (NSYNC_USE_CPP11_TIMEPOINT || (__cplusplus >= 201103L) || (_MSC_VER >= 1700))
      |        ^~~~~~~~~~~~~~~~~~~~~~~~~
In file included from /dev/shm/velavision-ort-session-20260911/ort/include/onnxruntime/core/common/common.h:35:
/dev/shm/velavision-ort-session-20260911/ort/include/onnxruntime/core/common/code_location.h: In constructor 'onnxruntime::CodeLocation::CodeLocation(const char*, int, const char*, const std::__1::vector<std::__1::basic_string<char> >&)':
/dev/shm/velavision-ort-session-20260911/ort/include/onnxruntime/core/common/code_location.h:30:105: warning: declaration of 'stacktrace' shadows a member of 'onnxruntime::CodeLocation' [-Wshadow]
   30 |   CodeLocation(const char* file_path, const int line, const char* func, const std::vector<std::string>& stacktrace)
      |                                                                         ~~~~~~~~~~~~~~~~~~~~~~~~~~~~~~~~^~~~~~~~~~
/dev/shm/velavision-ort-session-20260911/ort/include/onnxruntime/core/common/code_location.h:55:34: note: shadowed declaration is here
   55 |   const std::vector<std::string> stacktrace;
      |                                  ^~~~~~~~~~
/dev/shm/velavision-ort-session-20260911/ort/include/onnxruntime/core/common/code_location.h: In constructor 'onnxruntime::CodeLocation::CodeLocation(const char*, int, const char*, const std::__1::vector<std::__1::basic_string<char> >&)':
/dev/shm/velavision-ort-session-20260911/ort/include/onnxruntime/core/common/code_location.h:30:105: warning: declaration of 'stacktrace' shadows a member of 'onnxruntime::CodeLocation' [-Wshadow]
   30 |   CodeLocation(const char* file_path, const int line, const char* func, const std::vector<std::string>& stacktrace)
      |                                                                         ~~~~~~~~~~~~~~~~~~~~~~~~~~~~~~~~^~~~~~~~~~
/dev/shm/velavision-ort-session-20260911/ort/include/onnxruntime/core/common/code_location.h:55:34: note: shadowed declaration is here
   55 |   const std::vector<std::string> stacktrace;
      |                                  ^~~~~~~~~~
/dev/shm/velavision-ort-session-20260911/ort/include/onnxruntime/core/common/code_location.h: In constructor 'onnxruntime::CodeLocation::CodeLocation(const char*, int, const char*, const std::__1::vector<std::__1::basic_string<char> >&)':
/dev/shm/velavision-ort-session-20260911/ort/include/onnxruntime/core/common/code_location.h:30:105: warning: declaration of 'stacktrace' shadows a member of 'onnxruntime::CodeLocation' [-Wshadow]
   30 |   CodeLocation(const char* file_path, const int line, const char* func, const std::vector<std::string>& stacktrace)
      |                                                                         ~~~~~~~~~~~~~~~~~~~~~~~~~~~~~~~~^~~~~~~~~~
/dev/shm/velavision-ort-session-20260911/ort/include/onnxruntime/core/common/code_location.h:55:34: note: shadowed declaration is here
   55 |   const std::vector<std::string> stacktrace;
      |                                  ^~~~~~~~~~
[12/499] Building CXX object CMakeFiles/onnxruntime_common.dir/dev/shm/velavision-ort-session-20260911/ort/onnxruntime/core/common/status.cc.obj
In file included from /dev/shm/velavision-ort-session-20260911/ort/onnxruntime/core/common/status.cc:15:
/dev/shm/velavision-ort-session-20260911/ort/include/onnxruntime/core/common/common.h:88:6: warning: "_MSC_VER" is not defined, evaluates to 0 [-Wundef]
   88 | #if (_MSC_VER && !defined(__PRETTY_FUNCTION__))
      |      ^~~~~~~~
In file included from /dev/shm/velavision-ort-session-20260911/ort/include/onnxruntime/core/common/common.h:35:
/dev/shm/velavision-ort-session-20260911/ort/include/onnxruntime/core/common/code_location.h: In constructor 'onnxruntime::CodeLocation::CodeLocation(const char*, int, const char*, const std::__1::vector<std::__1::basic_string<char> >&)':
/dev/shm/velavision-ort-session-20260911/ort/include/onnxruntime/core/common/code_location.h:30:105: warning: declaration of 'stacktrace' shadows a member of 'onnxruntime::CodeLocation' [-Wshadow]
   30 |   CodeLocation(const char* file_path, const int line, const char* func, const std::vector<std::string>& stacktrace)
      |                                                                         ~~~~~~~~~~~~~~~~~~~~~~~~~~~~~~~~^~~~~~~~~~
/dev/shm/velavision-ort-session-20260911/ort/include/onnxruntime/core/common/code_location.h:55:34: note: shadowed declaration is here
   55 |   const std::vector<std::string> stacktrace;
      |                                  ^~~~~~~~~~
/dev/shm/velavision-ort-session-20260911/ort/include/onnxruntime/core/common/code_location.h: In constructor 'onnxruntime::CodeLocation::CodeLocation(const char*, int, const char*, const std::__1::vector<std::__1::basic_string<char> >&)':
/dev/shm/velavision-ort-session-20260911/ort/include/onnxruntime/core/common/code_location.h:30:105: warning: declaration of 'stacktrace' shadows a member of 'onnxruntime::CodeLocation' [-Wshadow]
   30 |   CodeLocation(const char* file_path, const int line, const char* func, const std::vector<std::string>& stacktrace)
      |                                                                         ~~~~~~~~~~~~~~~~~~~~~~~~~~~~~~~~^~~~~~~~~~
/dev/shm/velavision-ort-session-20260911/ort/include/onnxruntime/core/common/code_location.h:55:34: note: shadowed declaration is here
   55 |   const std::vector<std::string> stacktrace;
      |                                  ^~~~~~~~~~
/dev/shm/velavision-ort-session-20260911/ort/include/onnxruntime/core/common/code_location.h: In constructor 'onnxruntime::CodeLocation::CodeLocation(const char*, int, const char*, const std::__1::vector<std::__1::basic_string<char> >&)':
/dev/shm/velavision-ort-session-20260911/ort/include/onnxruntime/core/common/code_location.h:30:105: warning: declaration of 'stacktrace' shadows a member of 'onnxruntime::CodeLocation' [-Wshadow]
   30 |   CodeLocation(const char* file_path, const int line, const char* func, const std::vector<std::string>& stacktrace)
      |                                                                         ~~~~~~~~~~~~~~~~~~~~~~~~~~~~~~~~^~~~~~~~~~
/dev/shm/velavision-ort-session-20260911/ort/include/onnxruntime/core/common/code_location.h:55:34: note: shadowed declaration is here
   55 |   const std::vector<std::string> stacktrace;
      |                                  ^~~~~~~~~~
[13/499] Building CXX object CMakeFiles/onnxruntime_common.dir/dev/shm/velavision-ort-session-20260911/ort/onnxruntime/core/platform/env.cc.obj
In file included from /dev/shm/velavision-ort-session-20260911/ort/onnxruntime/core/platform/env.h:27,
                 from /dev/shm/velavision-ort-session-20260911/ort/onnxruntime/core/platform/env.cc:17:
/dev/shm/velavision-ort-session-20260911/ort/include/onnxruntime/core/common/common.h:88:6: warning: "_MSC_VER" is not defined, evaluates to 0 [-Wundef]
   88 | #if (_MSC_VER && !defined(__PRETTY_FUNCTION__))
      |      ^~~~~~~~
In file included from /dev/shm/velavision-ort-session-20260911/ort/include/onnxruntime/core/common/common.h:35:
/dev/shm/velavision-ort-session-20260911/ort/include/onnxruntime/core/common/code_location.h: In constructor 'onnxruntime::CodeLocation::CodeLocation(const char*, int, const char*, const std::__1::vector<std::__1::basic_string<char> >&)':
/dev/shm/velavision-ort-session-20260911/ort/include/onnxruntime/core/common/code_location.h:30:105: warning: declaration of 'stacktrace' shadows a member of 'onnxruntime::CodeLocation' [-Wshadow]
   30 |   CodeLocation(const char* file_path, const int line, const char* func, const std::vector<std::string>& stacktrace)
      |                                                                         ~~~~~~~~~~~~~~~~~~~~~~~~~~~~~~~~^~~~~~~~~~
/dev/shm/velavision-ort-session-20260911/ort/include/onnxruntime/core/common/code_location.h:55:34: note: shadowed declaration is here
   55 |   const std::vector<std::string> stacktrace;
      |                                  ^~~~~~~~~~
/dev/shm/velavision-ort-session-20260911/ort/include/onnxruntime/core/common/code_location.h: In constructor 'onnxruntime::CodeLocation::CodeLocation(const char*, int, const char*, const std::__1::vector<std::__1::basic_string<char> >&)':
/dev/shm/velavision-ort-session-20260911/ort/include/onnxruntime/core/common/code_location.h:30:105: warning: declaration of 'stacktrace' shadows a member of 'onnxruntime::CodeLocation' [-Wshadow]
   30 |   CodeLocation(const char* file_path, const int line, const char* func, const std::vector<std::string>& stacktrace)
      |                                                                         ~~~~~~~~~~~~~~~~~~~~~~~~~~~~~~~~^~~~~~~~~~
/dev/shm/velavision-ort-session-20260911/ort/include/onnxruntime/core/common/code_location.h:55:34: note: shadowed declaration is here
   55 |   const std::vector<std::string> stacktrace;
      |                                  ^~~~~~~~~~
/dev/shm/velavision-ort-session-20260911/ort/include/onnxruntime/core/common/code_location.h: In constructor 'onnxruntime::CodeLocation::CodeLocation(const char*, int, const char*, const std::__1::vector<std::__1::basic_string<char> >&)':
/dev/shm/velavision-ort-session-20260911/ort/include/onnxruntime/core/common/code_location.h:30:105: warning: declaration of 'stacktrace' shadows a member of 'onnxruntime::CodeLocation' [-Wshadow]
   30 |   CodeLocation(const char* file_path, const int line, const char* func, const std::vector<std::string>& stacktrace)
      |                                                                         ~~~~~~~~~~~~~~~~~~~~~~~~~~~~~~~~^~~~~~~~~~
/dev/shm/velavision-ort-session-20260911/ort/include/onnxruntime/core/common/code_location.h:55:34: note: shadowed declaration is here
   55 |   const std::vector<std::string> stacktrace;
      |                                  ^~~~~~~~~~
[14/499] Building CXX object CMakeFiles/onnxruntime_common.dir/dev/shm/velavision-ort-session-20260911/ort/onnxruntime/core/platform/env_time.cc.obj
[15/499] Building CXX object CMakeFiles/onnxruntime_common.dir/dev/shm/velavision-ort-session-20260911/ort/onnxruntime/core/platform/logging/make_platform_default_log_sink.cc.obj
In file included from /dev/shm/velavision-ort-session-20260911/ort/include/onnxruntime/core/common/logging/logging.h:14,
                 from /dev/shm/velavision-ort-session-20260911/ort/include/onnxruntime/core/common/logging/isink.h:8,
                 from /dev/shm/velavision-ort-session-20260911/ort/onnxruntime/core/platform/logging/make_platform_default_log_sink.h:8,
                 from /dev/shm/velavision-ort-session-20260911/ort/onnxruntime/core/platform/logging/make_platform_default_log_sink.cc:4:
/dev/shm/velavision-ort-session-20260911/ort/include/onnxruntime/core/common/common.h:88:6: warning: "_MSC_VER" is not defined, evaluates to 0 [-Wundef]
   88 | #if (_MSC_VER && !defined(__PRETTY_FUNCTION__))
      |      ^~~~~~~~
In file included from /dev/shm/velavision-ort-session-20260911/ort/include/onnxruntime/core/common/common.h:35:
/dev/shm/velavision-ort-session-20260911/ort/include/onnxruntime/core/common/code_location.h: In constructor 'onnxruntime::CodeLocation::CodeLocation(const char*, int, const char*, const std::__1::vector<std::__1::basic_string<char> >&)':
/dev/shm/velavision-ort-session-20260911/ort/include/onnxruntime/core/common/code_location.h:30:105: warning: declaration of 'stacktrace' shadows a member of 'onnxruntime::CodeLocation' [-Wshadow]
   30 |   CodeLocation(const char* file_path, const int line, const char* func, const std::vector<std::string>& stacktrace)
      |                                                                         ~~~~~~~~~~~~~~~~~~~~~~~~~~~~~~~~^~~~~~~~~~
/dev/shm/velavision-ort-session-20260911/ort/include/onnxruntime/core/common/code_location.h:55:34: note: shadowed declaration is here
   55 |   const std::vector<std::string> stacktrace;
      |                                  ^~~~~~~~~~
/dev/shm/velavision-ort-session-20260911/ort/include/onnxruntime/core/common/code_location.h: In constructor 'onnxruntime::CodeLocation::CodeLocation(const char*, int, const char*, const std::__1::vector<std::__1::basic_string<char> >&)':
/dev/shm/velavision-ort-session-20260911/ort/include/onnxruntime/core/common/code_location.h:30:105: warning: declaration of 'stacktrace' shadows a member of 'onnxruntime::CodeLocation' [-Wshadow]
   30 |   CodeLocation(const char* file_path, const int line, const char* func, const std::vector<std::string>& stacktrace)
      |                                                                         ~~~~~~~~~~~~~~~~~~~~~~~~~~~~~~~~^~~~~~~~~~
/dev/shm/velavision-ort-session-20260911/ort/include/onnxruntime/core/common/code_location.h:55:34: note: shadowed declaration is here
   55 |   const std::vector<std::string> stacktrace;
      |                                  ^~~~~~~~~~
/dev/shm/velavision-ort-session-20260911/ort/include/onnxruntime/core/common/code_location.h: In constructor 'onnxruntime::CodeLocation::CodeLocation(const char*, int, const char*, const std::__1::vector<std::__1::basic_string<char> >&)':
/dev/shm/velavision-ort-session-20260911/ort/include/onnxruntime/core/common/code_location.h:30:105: warning: declaration of 'stacktrace' shadows a member of 'onnxruntime::CodeLocation' [-Wshadow]
   30 |   CodeLocation(const char* file_path, const int line, const char* func, const std::vector<std::string>& stacktrace)
      |                                                                         ~~~~~~~~~~~~~~~~~~~~~~~~~~~~~~~~^~~~~~~~~~
/dev/shm/velavision-ort-session-20260911/ort/include/onnxruntime/core/common/code_location.h:55:34: note: shadowed declaration is here
   55 |   const std::vector<std::string> stacktrace;
      |                                  ^~~~~~~~~~
[16/499] Building CXX object CMakeFiles/onnxruntime_common.dir/dev/shm/velavision-ort-session-20260911/ort/onnxruntime/core/platform/path_lib.cc.obj
In file included from /dev/shm/velavision-ort-session-20260911/ort/onnxruntime/core/common/path_string.h:25,
                 from /dev/shm/velavision-ort-session-20260911/ort/onnxruntime/core/platform/path_lib.h:23,
                 from /dev/shm/velavision-ort-session-20260911/ort/onnxruntime/core/platform/path_lib.cc:4:
/dev/shm/velavision-ort-session-20260911/ort/include/onnxruntime/core/common/common.h:88:6: warning: "_MSC_VER" is not defined, evaluates to 0 [-Wundef]
   88 | #if (_MSC_VER && !defined(__PRETTY_FUNCTION__))
      |      ^~~~~~~~
In file included from /dev/shm/velavision-ort-session-20260911/ort/include/onnxruntime/core/common/common.h:35:
/dev/shm/velavision-ort-session-20260911/ort/include/onnxruntime/core/common/code_location.h: In constructor 'onnxruntime::CodeLocation::CodeLocation(const char*, int, const char*, const std::__1::vector<std::__1::basic_string<char> >&)':
/dev/shm/velavision-ort-session-20260911/ort/include/onnxruntime/core/common/code_location.h:30:105: warning: declaration of 'stacktrace' shadows a member of 'onnxruntime::CodeLocation' [-Wshadow]
   30 |   CodeLocation(const char* file_path, const int line, const char* func, const std::vector<std::string>& stacktrace)
      |                                                                         ~~~~~~~~~~~~~~~~~~~~~~~~~~~~~~~~^~~~~~~~~~
/dev/shm/velavision-ort-session-20260911/ort/include/onnxruntime/core/common/code_location.h:55:34: note: shadowed declaration is here
   55 |   const std::vector<std::string> stacktrace;
      |                                  ^~~~~~~~~~
/dev/shm/velavision-ort-session-20260911/ort/include/onnxruntime/core/common/code_location.h: In constructor 'onnxruntime::CodeLocation::CodeLocation(const char*, int, const char*, const std::__1::vector<std::__1::basic_string<char> >&)':
/dev/shm/velavision-ort-session-20260911/ort/include/onnxruntime/core/common/code_location.h:30:105: warning: declaration of 'stacktrace' shadows a member of 'onnxruntime::CodeLocation' [-Wshadow]
   30 |   CodeLocation(const char* file_path, const int line, const char* func, const std::vector<std::string>& stacktrace)
      |                                                                         ~~~~~~~~~~~~~~~~~~~~~~~~~~~~~~~~^~~~~~~~~~
/dev/shm/velavision-ort-session-20260911/ort/include/onnxruntime/core/common/code_location.h:55:34: note: shadowed declaration is here
   55 |   const std::vector<std::string> stacktrace;
      |                                  ^~~~~~~~~~
/dev/shm/velavision-ort-session-20260911/ort/include/onnxruntime/core/common/code_location.h: In constructor 'onnxruntime::CodeLocation::CodeLocation(const char*, int, const char*, const std::__1::vector<std::__1::basic_string<char> >&)':
/dev/shm/velavision-ort-session-20260911/ort/include/onnxruntime/core/common/code_location.h:30:105: warning: declaration of 'stacktrace' shadows a member of 'onnxruntime::CodeLocation' [-Wshadow]
   30 |   CodeLocation(const char* file_path, const int line, const char* func, const std::vector<std::string>& stacktrace)
      |                                                                         ~~~~~~~~~~~~~~~~~~~~~~~~~~~~~~~~^~~~~~~~~~
/dev/shm/velavision-ort-session-20260911/ort/include/onnxruntime/core/common/code_location.h:55:34: note: shadowed declaration is here
   55 |   const std::vector<std::string> stacktrace;
      |                                  ^~~~~~~~~~
[17/499] Building CXX object CMakeFiles/onnxruntime_common.dir/dev/shm/velavision-ort-session-20260911/ort/onnxruntime/core/common/threadpool.cc.obj
In file included from /dev/shm/velavision-ort-session-20260911/ort/include/onnxruntime/core/platform/threadpool.h:23,
                 from /dev/shm/velavision-ort-session-20260911/ort/onnxruntime/core/common/threadpool.cc:19:
/dev/shm/velavision-ort-session-20260911/ort/include/onnxruntime/core/common/common.h:88:6: warning: "_MSC_VER" is not defined, evaluates to 0 [-Wundef]
   88 | #if (_MSC_VER && !defined(__PRETTY_FUNCTION__))
      |      ^~~~~~~~
In file included from /dev/shm/velavision-ort-session-20260911/sources/google_nsync/public/nsync_mu.h:20,
                 from /dev/shm/velavision-ort-session-20260911/sources/google_nsync/public/nsync.h:18,
                 from /dev/shm/velavision-ort-session-20260911/ort/include/onnxruntime/core/platform/ort_mutex.h:105,
                 from /dev/shm/velavision-ort-session-20260911/ort/include/onnxruntime/core/platform/EigenNonBlockingThreadPool.h:53,
                 from /dev/shm/velavision-ort-session-20260911/ort/onnxruntime/core/common/threadpool.cc:23:
/dev/shm/velavision-ort-session-20260911/sources/google_nsync/public/nsync_atomic.h:23:5: warning: "NSYNC_ATOMIC_TYPECHECK" is not defined, evaluates to 0 [-Wundef]
   23 | #if NSYNC_ATOMIC_TYPECHECK
      |     ^~~~~~~~~~~~~~~~~~~~~~
/dev/shm/velavision-ort-session-20260911/sources/google_nsync/public/nsync_atomic.h:33:7: warning: "NSYNC_ATOMIC_C11" is not defined, evaluates to 0 [-Wundef]
   33 | #elif NSYNC_ATOMIC_C11
      |       ^~~~~~~~~~~~~~~~
In file included from /dev/shm/velavision-ort-session-20260911/sources/google_nsync/public/nsync_time.h:19,
                 from /dev/shm/velavision-ort-session-20260911/sources/google_nsync/public/nsync_mu_wait.h:67,
                 from /dev/shm/velavision-ort-session-20260911/sources/google_nsync/public/nsync.h:19:
/dev/shm/velavision-ort-session-20260911/sources/google_nsync/public/nsync_time_internal.h:36:5: warning: "NSYNC_USE_GPR_TIMESPEC" is not defined, evaluates to 0 [-Wundef]
   36 | #if NSYNC_USE_GPR_TIMESPEC
      |     ^~~~~~~~~~~~~~~~~~~~~~
/dev/shm/velavision-ort-session-20260911/sources/google_nsync/public/nsync_time_internal.h:67:7: warning: "NSYNC_USE_DEBUG_TIME" is not defined, evaluates to 0 [-Wundef]
   67 | #elif NSYNC_USE_DEBUG_TIME
      |       ^~~~~~~~~~~~~~~~~~~~
/dev/shm/velavision-ort-session-20260911/sources/google_nsync/public/nsync_time_internal.h:80:8: warning: "NSYNC_USE_CPP11_TIMEPOINT" is not defined, evaluates to 0 [-Wundef]
   80 |       (NSYNC_USE_CPP11_TIMEPOINT || (__cplusplus >= 201103L) || (_MSC_VER >= 1700))
      |        ^~~~~~~~~~~~~~~~~~~~~~~~~
In file included from /dev/shm/velavision-ort-session-20260911/ort/include/onnxruntime/core/common/common.h:35:
/dev/shm/velavision-ort-session-20260911/ort/include/onnxruntime/core/common/code_location.h: In constructor 'onnxruntime::CodeLocation::CodeLocation(const char*, int, const char*, const std::__1::vector<std::__1::basic_string<char> >&)':
/dev/shm/velavision-ort-session-20260911/ort/include/onnxruntime/core/common/code_location.h:30:105: warning: declaration of 'stacktrace' shadows a member of 'onnxruntime::CodeLocation' [-Wshadow]
   30 |   CodeLocation(const char* file_path, const int line, const char* func, const std::vector<std::string>& stacktrace)
      |                                                                         ~~~~~~~~~~~~~~~~~~~~~~~~~~~~~~~~^~~~~~~~~~
/dev/shm/velavision-ort-session-20260911/ort/include/onnxruntime/core/common/code_location.h:55:34: note: shadowed declaration is here
   55 |   const std::vector<std::string> stacktrace;
      |                                  ^~~~~~~~~~
/dev/shm/velavision-ort-session-20260911/ort/include/onnxruntime/core/common/code_location.h: In constructor 'onnxruntime::CodeLocation::CodeLocation(const char*, int, const char*, const std::__1::vector<std::__1::basic_string<char> >&)':
/dev/shm/velavision-ort-session-20260911/ort/include/onnxruntime/core/common/code_location.h:30:105: warning: declaration of 'stacktrace' shadows a member of 'onnxruntime::CodeLocation' [-Wshadow]
   30 |   CodeLocation(const char* file_path, const int line, const char* func, const std::vector<std::string>& stacktrace)
      |                                                                         ~~~~~~~~~~~~~~~~~~~~~~~~~~~~~~~~^~~~~~~~~~
/dev/shm/velavision-ort-session-20260911/ort/include/onnxruntime/core/common/code_location.h:55:34: note: shadowed declaration is here
   55 |   const std::vector<std::string> stacktrace;
      |                                  ^~~~~~~~~~
/dev/shm/velavision-ort-session-20260911/ort/include/onnxruntime/core/common/code_location.h: In constructor 'onnxruntime::CodeLocation::CodeLocation(const char*, int, const char*, const std::__1::vector<std::__1::basic_string<char> >&)':
/dev/shm/velavision-ort-session-20260911/ort/include/onnxruntime/core/common/code_location.h:30:105: warning: declaration of 'stacktrace' shadows a member of 'onnxruntime::CodeLocation' [-Wshadow]
   30 |   CodeLocation(const char* file_path, const int line, const char* func, const std::vector<std::string>& stacktrace)
      |                                                                         ~~~~~~~~~~~~~~~~~~~~~~~~~~~~~~~~^~~~~~~~~~
/dev/shm/velavision-ort-session-20260911/ort/include/onnxruntime/core/common/code_location.h:55:34: note: shadowed declaration is here
   55 |   const std::vector<std::string> stacktrace;
      |                                  ^~~~~~~~~~
[18/499] Building CXX object CMakeFiles/onnxruntime_common.dir/dev/shm/velavision-ort-session-20260911/ort/onnxruntime/core/platform/posix/env_time.cc.obj
[19/499] Building CXX object CMakeFiles/onnxruntime_common.dir/dev/shm/velavision-ort-session-20260911/ort/onnxruntime/core/platform/posix/env.cc.obj
In file included from /dev/shm/velavision-ort-session-20260911/ort/onnxruntime/core/platform/env.h:27,
                 from /dev/shm/velavision-ort-session-20260911/ort/onnxruntime/core/platform/posix/env.cc:17:
/dev/shm/velavision-ort-session-20260911/ort/include/onnxruntime/core/common/common.h:88:6: warning: "_MSC_VER" is not defined, evaluates to 0 [-Wundef]
   88 | #if (_MSC_VER && !defined(__PRETTY_FUNCTION__))
      |      ^~~~~~~~
In file included from /dev/shm/velavision-ort-session-20260911/sources/google_nsync/public/nsync_mu.h:20,
                 from /dev/shm/velavision-ort-session-20260911/sources/google_nsync/public/nsync.h:18,
                 from /dev/shm/velavision-ort-session-20260911/ort/include/onnxruntime/core/platform/ort_mutex.h:105,
                 from /dev/shm/velavision-ort-session-20260911/ort/include/onnxruntime/core/platform/EigenNonBlockingThreadPool.h:53,
                 from /dev/shm/velavision-ort-session-20260911/ort/onnxruntime/core/platform/posix/env.cc:66:
/dev/shm/velavision-ort-session-20260911/sources/google_nsync/public/nsync_atomic.h:23:5: warning: "NSYNC_ATOMIC_TYPECHECK" is not defined, evaluates to 0 [-Wundef]
   23 | #if NSYNC_ATOMIC_TYPECHECK
      |     ^~~~~~~~~~~~~~~~~~~~~~
/dev/shm/velavision-ort-session-20260911/sources/google_nsync/public/nsync_atomic.h:33:7: warning: "NSYNC_ATOMIC_C11" is not defined, evaluates to 0 [-Wundef]
   33 | #elif NSYNC_ATOMIC_C11
      |       ^~~~~~~~~~~~~~~~
In file included from /dev/shm/velavision-ort-session-20260911/sources/google_nsync/public/nsync_time.h:19,
                 from /dev/shm/velavision-ort-session-20260911/sources/google_nsync/public/nsync_mu_wait.h:67,
                 from /dev/shm/velavision-ort-session-20260911/sources/google_nsync/public/nsync.h:19:
/dev/shm/velavision-ort-session-20260911/sources/google_nsync/public/nsync_time_internal.h:36:5: warning: "NSYNC_USE_GPR_TIMESPEC" is not defined, evaluates to 0 [-Wundef]
   36 | #if NSYNC_USE_GPR_TIMESPEC
      |     ^~~~~~~~~~~~~~~~~~~~~~
/dev/shm/velavision-ort-session-20260911/sources/google_nsync/public/nsync_time_internal.h:67:7: warning: "NSYNC_USE_DEBUG_TIME" is not defined, evaluates to 0 [-Wundef]
   67 | #elif NSYNC_USE_DEBUG_TIME
      |       ^~~~~~~~~~~~~~~~~~~~
/dev/shm/velavision-ort-session-20260911/sources/google_nsync/public/nsync_time_internal.h:80:8: warning: "NSYNC_USE_CPP11_TIMEPOINT" is not defined, evaluates to 0 [-Wundef]
   80 |       (NSYNC_USE_CPP11_TIMEPOINT || (__cplusplus >= 201103L) || (_MSC_VER >= 1700))
      |        ^~~~~~~~~~~~~~~~~~~~~~~~~
In file included from /dev/shm/velavision-ort-session-20260911/ort/include/onnxruntime/core/common/common.h:35:
/dev/shm/velavision-ort-session-20260911/ort/include/onnxruntime/core/common/code_location.h: In constructor 'onnxruntime::CodeLocation::CodeLocation(const char*, int, const char*, const std::__1::vector<std::__1::basic_string<char> >&)':
/dev/shm/velavision-ort-session-20260911/ort/include/onnxruntime/core/common/code_location.h:30:105: warning: declaration of 'stacktrace' shadows a member of 'onnxruntime::CodeLocation' [-Wshadow]
   30 |   CodeLocation(const char* file_path, const int line, const char* func, const std::vector<std::string>& stacktrace)
      |                                                                         ~~~~~~~~~~~~~~~~~~~~~~~~~~~~~~~~^~~~~~~~~~
/dev/shm/velavision-ort-session-20260911/ort/include/onnxruntime/core/common/code_location.h:55:34: note: shadowed declaration is here
   55 |   const std::vector<std::string> stacktrace;
      |                                  ^~~~~~~~~~
/dev/shm/velavision-ort-session-20260911/ort/include/onnxruntime/core/common/code_location.h: In constructor 'onnxruntime::CodeLocation::CodeLocation(const char*, int, const char*, const std::__1::vector<std::__1::basic_string<char> >&)':
/dev/shm/velavision-ort-session-20260911/ort/include/onnxruntime/core/common/code_location.h:30:105: warning: declaration of 'stacktrace' shadows a member of 'onnxruntime::CodeLocation' [-Wshadow]
   30 |   CodeLocation(const char* file_path, const int line, const char* func, const std::vector<std::string>& stacktrace)
      |                                                                         ~~~~~~~~~~~~~~~~~~~~~~~~~~~~~~~~^~~~~~~~~~
/dev/shm/velavision-ort-session-20260911/ort/include/onnxruntime/core/common/code_location.h:55:34: note: shadowed declaration is here
   55 |   const std::vector<std::string> stacktrace;
      |                                  ^~~~~~~~~~
/dev/shm/velavision-ort-session-20260911/ort/include/onnxruntime/core/common/code_location.h: In constructor 'onnxruntime::CodeLocation::CodeLocation(const char*, int, const char*, const std::__1::vector<std::__1::basic_string<char> >&)':
/dev/shm/velavision-ort-session-20260911/ort/include/onnxruntime/core/common/code_location.h:30:105: warning: declaration of 'stacktrace' shadows a member of 'onnxruntime::CodeLocation' [-Wshadow]
   30 |   CodeLocation(const char* file_path, const int line, const char* func, const std::vector<std::string>& stacktrace)
      |                                                                         ~~~~~~~~~~~~~~~~~~~~~~~~~~~~~~~~^~~~~~~~~~
/dev/shm/velavision-ort-session-20260911/ort/include/onnxruntime/core/common/code_location.h:55:34: note: shadowed declaration is here
   55 |   const std::vector<std::string> stacktrace;
      |                                  ^~~~~~~~~~
[20/499] Building CXX object CMakeFiles/onnxruntime_common.dir/dev/shm/velavision-ort-session-20260911/ort/onnxruntime/core/platform/posix/ort_mutex.cc.obj
In file included from /dev/shm/velavision-ort-session-20260911/ort/onnxruntime/core/platform/posix/ort_mutex.cc:4:
/dev/shm/velavision-ort-session-20260911/ort/include/onnxruntime/core/common/common.h:88:6: warning: "_MSC_VER" is not defined, evaluates to 0 [-Wundef]
   88 | #if (_MSC_VER && !defined(__PRETTY_FUNCTION__))
      |      ^~~~~~~~
In file included from /dev/shm/velavision-ort-session-20260911/sources/google_nsync/public/nsync_mu.h:20,
                 from /dev/shm/velavision-ort-session-20260911/sources/google_nsync/public/nsync.h:18,
                 from /dev/shm/velavision-ort-session-20260911/ort/include/onnxruntime/core/platform/ort_mutex.h:105,
                 from /dev/shm/velavision-ort-session-20260911/ort/onnxruntime/core/platform/posix/ort_mutex.cc:5:
/dev/shm/velavision-ort-session-20260911/sources/google_nsync/public/nsync_atomic.h:23:5: warning: "NSYNC_ATOMIC_TYPECHECK" is not defined, evaluates to 0 [-Wundef]
   23 | #if NSYNC_ATOMIC_TYPECHECK
      |     ^~~~~~~~~~~~~~~~~~~~~~
/dev/shm/velavision-ort-session-20260911/sources/google_nsync/public/nsync_atomic.h:33:7: warning: "NSYNC_ATOMIC_C11" is not defined, evaluates to 0 [-Wundef]
   33 | #elif NSYNC_ATOMIC_C11
      |       ^~~~~~~~~~~~~~~~
In file included from /dev/shm/velavision-ort-session-20260911/sources/google_nsync/public/nsync_time.h:19,
                 from /dev/shm/velavision-ort-session-20260911/sources/google_nsync/public/nsync_mu_wait.h:67,
                 from /dev/shm/velavision-ort-session-20260911/sources/google_nsync/public/nsync.h:19:
/dev/shm/velavision-ort-session-20260911/sources/google_nsync/public/nsync_time_internal.h:36:5: warning: "NSYNC_USE_GPR_TIMESPEC" is not defined, evaluates to 0 [-Wundef]
   36 | #if NSYNC_USE_GPR_TIMESPEC
      |     ^~~~~~~~~~~~~~~~~~~~~~
/dev/shm/velavision-ort-session-20260911/sources/google_nsync/public/nsync_time_internal.h:67:7: warning: "NSYNC_USE_DEBUG_TIME" is not defined, evaluates to 0 [-Wundef]
   67 | #elif NSYNC_USE_DEBUG_TIME
      |       ^~~~~~~~~~~~~~~~~~~~
/dev/shm/velavision-ort-session-20260911/sources/google_nsync/public/nsync_time_internal.h:80:8: warning: "NSYNC_USE_CPP11_TIMEPOINT" is not defined, evaluates to 0 [-Wundef]
   80 |       (NSYNC_USE_CPP11_TIMEPOINT || (__cplusplus >= 201103L) || (_MSC_VER >= 1700))
      |        ^~~~~~~~~~~~~~~~~~~~~~~~~
In file included from /dev/shm/velavision-ort-session-20260911/ort/include/onnxruntime/core/common/common.h:35:
/dev/shm/velavision-ort-session-20260911/ort/include/onnxruntime/core/common/code_location.h: In constructor 'onnxruntime::CodeLocation::CodeLocation(const char*, int, const char*, const std::__1::vector<std::__1::basic_string<char> >&)':
/dev/shm/velavision-ort-session-20260911/ort/include/onnxruntime/core/common/code_location.h:30:105: warning: declaration of 'stacktrace' shadows a member of 'onnxruntime::CodeLocation' [-Wshadow]
   30 |   CodeLocation(const char* file_path, const int line, const char* func, const std::vector<std::string>& stacktrace)
      |                                                                         ~~~~~~~~~~~~~~~~~~~~~~~~~~~~~~~~^~~~~~~~~~
/dev/shm/velavision-ort-session-20260911/ort/include/onnxruntime/core/common/code_location.h:55:34: note: shadowed declaration is here
   55 |   const std::vector<std::string> stacktrace;
      |                                  ^~~~~~~~~~
/dev/shm/velavision-ort-session-20260911/ort/include/onnxruntime/core/common/code_location.h: In constructor 'onnxruntime::CodeLocation::CodeLocation(const char*, int, const char*, const std::__1::vector<std::__1::basic_string<char> >&)':
/dev/shm/velavision-ort-session-20260911/ort/include/onnxruntime/core/common/code_location.h:30:105: warning: declaration of 'stacktrace' shadows a member of 'onnxruntime::CodeLocation' [-Wshadow]
   30 |   CodeLocation(const char* file_path, const int line, const char* func, const std::vector<std::string>& stacktrace)
      |                                                                         ~~~~~~~~~~~~~~~~~~~~~~~~~~~~~~~~^~~~~~~~~~
/dev/shm/velavision-ort-session-20260911/ort/include/onnxruntime/core/common/code_location.h:55:34: note: shadowed declaration is here
   55 |   const std::vector<std::string> stacktrace;
      |                                  ^~~~~~~~~~
/dev/shm/velavision-ort-session-20260911/ort/include/onnxruntime/core/common/code_location.h: In constructor 'onnxruntime::CodeLocation::CodeLocation(const char*, int, const char*, const std::__1::vector<std::__1::basic_string<char> >&)':
/dev/shm/velavision-ort-session-20260911/ort/include/onnxruntime/core/common/code_location.h:30:105: warning: declaration of 'stacktrace' shadows a member of 'onnxruntime::CodeLocation' [-Wshadow]
   30 |   CodeLocation(const char* file_path, const int line, const char* func, const std::vector<std::string>& stacktrace)
      |                                                                         ~~~~~~~~~~~~~~~~~~~~~~~~~~~~~~~~^~~~~~~~~~
/dev/shm/velavision-ort-session-20260911/ort/include/onnxruntime/core/common/code_location.h:55:34: note: shadowed declaration is here
   55 |   const std::vector<std::string> stacktrace;
      |                                  ^~~~~~~~~~
[21/499] Building CXX object CMakeFiles/onnxruntime_common.dir/dev/shm/velavision-ort-session-20260911/ort/onnxruntime/core/platform/posix/stacktrace.cc.obj
In file included from /dev/shm/velavision-ort-session-20260911/ort/onnxruntime/core/platform/posix/stacktrace.cc:4:
/dev/shm/velavision-ort-session-20260911/ort/include/onnxruntime/core/common/common.h:88:6: warning: "_MSC_VER" is not defined, evaluates to 0 [-Wundef]
   88 | #if (_MSC_VER && !defined(__PRETTY_FUNCTION__))
      |      ^~~~~~~~
In file included from /dev/shm/velavision-ort-session-20260911/ort/include/onnxruntime/core/common/common.h:35:
/dev/shm/velavision-ort-session-20260911/ort/include/onnxruntime/core/common/code_location.h: In constructor 'onnxruntime::CodeLocation::CodeLocation(const char*, int, const char*, const std::__1::vector<std::__1::basic_string<char> >&)':
/dev/shm/velavision-ort-session-20260911/ort/include/onnxruntime/core/common/code_location.h:30:105: warning: declaration of 'stacktrace' shadows a member of 'onnxruntime::CodeLocation' [-Wshadow]
   30 |   CodeLocation(const char* file_path, const int line, const char* func, const std::vector<std::string>& stacktrace)
      |                                                                         ~~~~~~~~~~~~~~~~~~~~~~~~~~~~~~~~^~~~~~~~~~
/dev/shm/velavision-ort-session-20260911/ort/include/onnxruntime/core/common/code_location.h:55:34: note: shadowed declaration is here
   55 |   const std::vector<std::string> stacktrace;
      |                                  ^~~~~~~~~~
/dev/shm/velavision-ort-session-20260911/ort/include/onnxruntime/core/common/code_location.h: In constructor 'onnxruntime::CodeLocation::CodeLocation(const char*, int, const char*, const std::__1::vector<std::__1::basic_string<char> >&)':
/dev/shm/velavision-ort-session-20260911/ort/include/onnxruntime/core/common/code_location.h:30:105: warning: declaration of 'stacktrace' shadows a member of 'onnxruntime::CodeLocation' [-Wshadow]
   30 |   CodeLocation(const char* file_path, const int line, const char* func, const std::vector<std::string>& stacktrace)
      |                                                                         ~~~~~~~~~~~~~~~~~~~~~~~~~~~~~~~~^~~~~~~~~~
/dev/shm/velavision-ort-session-20260911/ort/include/onnxruntime/core/common/code_location.h:55:34: note: shadowed declaration is here
   55 |   const std::vector<std::string> stacktrace;
      |                                  ^~~~~~~~~~
/dev/shm/velavision-ort-session-20260911/ort/include/onnxruntime/core/common/code_location.h: In constructor 'onnxruntime::CodeLocation::CodeLocation(const char*, int, const char*, const std::__1::vector<std::__1::basic_string<char> >&)':
/dev/shm/velavision-ort-session-20260911/ort/include/onnxruntime/core/common/code_location.h:30:105: warning: declaration of 'stacktrace' shadows a member of 'onnxruntime::CodeLocation' [-Wshadow]
   30 |   CodeLocation(const char* file_path, const int line, const char* func, const std::vector<std::string>& stacktrace)
      |                                                                         ~~~~~~~~~~~~~~~~~~~~~~~~~~~~~~~~^~~~~~~~~~
/dev/shm/velavision-ort-session-20260911/ort/include/onnxruntime/core/common/code_location.h:55:34: note: shadowed declaration is here
   55 |   const std::vector<std::string> stacktrace;
      |                                  ^~~~~~~~~~
[22/499] Building CXX object CMakeFiles/onnxruntime_common.dir/dev/shm/velavision-ort-session-20260911/ort/onnxruntime/core/platform/telemetry.cc.obj
In file included from /dev/shm/velavision-ort-session-20260911/ort/onnxruntime/core/platform/telemetry.h:11,
                 from /dev/shm/velavision-ort-session-20260911/ort/onnxruntime/core/platform/telemetry.cc:4:
/dev/shm/velavision-ort-session-20260911/ort/include/onnxruntime/core/common/common.h:88:6: warning: "_MSC_VER" is not defined, evaluates to 0 [-Wundef]
   88 | #if (_MSC_VER && !defined(__PRETTY_FUNCTION__))
      |      ^~~~~~~~
In file included from /dev/shm/velavision-ort-session-20260911/ort/include/onnxruntime/core/common/common.h:35:
/dev/shm/velavision-ort-session-20260911/ort/include/onnxruntime/core/common/code_location.h: In constructor 'onnxruntime::CodeLocation::CodeLocation(const char*, int, const char*, const std::__1::vector<std::__1::basic_string<char> >&)':
/dev/shm/velavision-ort-session-20260911/ort/include/onnxruntime/core/common/code_location.h:30:105: warning: declaration of 'stacktrace' shadows a member of 'onnxruntime::CodeLocation' [-Wshadow]
   30 |   CodeLocation(const char* file_path, const int line, const char* func, const std::vector<std::string>& stacktrace)
      |                                                                         ~~~~~~~~~~~~~~~~~~~~~~~~~~~~~~~~^~~~~~~~~~
/dev/shm/velavision-ort-session-20260911/ort/include/onnxruntime/core/common/code_location.h:55:34: note: shadowed declaration is here
   55 |   const std::vector<std::string> stacktrace;
      |                                  ^~~~~~~~~~
/dev/shm/velavision-ort-session-20260911/ort/include/onnxruntime/core/common/code_location.h: In constructor 'onnxruntime::CodeLocation::CodeLocation(const char*, int, const char*, const std::__1::vector<std::__1::basic_string<char> >&)':
/dev/shm/velavision-ort-session-20260911/ort/include/onnxruntime/core/common/code_location.h:30:105: warning: declaration of 'stacktrace' shadows a member of 'onnxruntime::CodeLocation' [-Wshadow]
   30 |   CodeLocation(const char* file_path, const int line, const char* func, const std::vector<std::string>& stacktrace)
      |                                                                         ~~~~~~~~~~~~~~~~~~~~~~~~~~~~~~~~^~~~~~~~~~
/dev/shm/velavision-ort-session-20260911/ort/include/onnxruntime/core/common/code_location.h:55:34: note: shadowed declaration is here
   55 |   const std::vector<std::string> stacktrace;
      |                                  ^~~~~~~~~~
/dev/shm/velavision-ort-session-20260911/ort/include/onnxruntime/core/common/code_location.h: In constructor 'onnxruntime::CodeLocation::CodeLocation(const char*, int, const char*, const std::__1::vector<std::__1::basic_string<char> >&)':
/dev/shm/velavision-ort-session-20260911/ort/include/onnxruntime/core/common/code_location.h:30:105: warning: declaration of 'stacktrace' shadows a member of 'onnxruntime::CodeLocation' [-Wshadow]
   30 |   CodeLocation(const char* file_path, const int line, const char* func, const std::vector<std::string>& stacktrace)
      |                                                                         ~~~~~~~~~~~~~~~~~~~~~~~~~~~~~~~~^~~~~~~~~~
/dev/shm/velavision-ort-session-20260911/ort/include/onnxruntime/core/common/code_location.h:55:34: note: shadowed declaration is here
   55 |   const std::vector<std::string> stacktrace;
      |                                  ^~~~~~~~~~
[23/499] Building CXX object CMakeFiles/onnxruntime_mlas.dir/dev/shm/velavision-ort-session-20260911/ort/onnxruntime/core/mlas/lib/platform.cpp.obj
In file included from /dev/shm/velavision-ort-session-20260911/ort/onnxruntime/core/mlas/lib/mlasi.h:37,
                 from /dev/shm/velavision-ort-session-20260911/ort/onnxruntime/core/mlas/lib/platform.cpp:18:
/dev/shm/velavision-ort-session-20260911/ort/onnxruntime/core/mlas/inc/mlas.h:28:6: warning: "_MSC_VER" is not defined, evaluates to 0 [-Wundef]
   28 | #if (_MSC_VER >= 800) || defined(_STDCALL_SUPPORTED)
      |      ^~~~~~~~
In file included from /dev/shm/velavision-ort-session-20260911/ort/include/onnxruntime/core/platform/threadpool.h:23,
                 from /dev/shm/velavision-ort-session-20260911/ort/onnxruntime/core/mlas/lib/mlasi.h:159:
/dev/shm/velavision-ort-session-20260911/ort/include/onnxruntime/core/common/common.h:88:6: warning: "_MSC_VER" is not defined, evaluates to 0 [-Wundef]
   88 | #if (_MSC_VER && !defined(__PRETTY_FUNCTION__))
      |      ^~~~~~~~
/dev/shm/velavision-ort-session-20260911/ort/onnxruntime/core/mlas/lib/mlasi.h:2477:8: warning: "__STDC_VERSION__" is not defined, evaluates to 0 [-Wundef]
 2477 | #elif (__STDC_VERSION__ >= 201112L) && !defined(__APPLE__)
      |        ^~~~~~~~~~~~~~~~
In file included from /dev/shm/velavision-ort-session-20260911/ort/include/onnxruntime/core/common/common.h:35:
/dev/shm/velavision-ort-session-20260911/ort/include/onnxruntime/core/common/code_location.h: In constructor 'onnxruntime::CodeLocation::CodeLocation(const char*, int, const char*, const std::__1::vector<std::__1::basic_string<char> >&)':
/dev/shm/velavision-ort-session-20260911/ort/include/onnxruntime/core/common/code_location.h:30:105: warning: declaration of 'stacktrace' shadows a member of 'onnxruntime::CodeLocation' [-Wshadow]
   30 |   CodeLocation(const char* file_path, const int line, const char* func, const std::vector<std::string>& stacktrace)
      |                                                                         ~~~~~~~~~~~~~~~~~~~~~~~~~~~~~~~~^~~~~~~~~~
/dev/shm/velavision-ort-session-20260911/ort/include/onnxruntime/core/common/code_location.h:55:34: note: shadowed declaration is here
   55 |   const std::vector<std::string> stacktrace;
      |                                  ^~~~~~~~~~
/dev/shm/velavision-ort-session-20260911/ort/include/onnxruntime/core/common/code_location.h: In constructor 'onnxruntime::CodeLocation::CodeLocation(const char*, int, const char*, const std::__1::vector<std::__1::basic_string<char> >&)':
/dev/shm/velavision-ort-session-20260911/ort/include/onnxruntime/core/common/code_location.h:30:105: warning: declaration of 'stacktrace' shadows a member of 'onnxruntime::CodeLocation' [-Wshadow]
   30 |   CodeLocation(const char* file_path, const int line, const char* func, const std::vector<std::string>& stacktrace)
      |                                                                         ~~~~~~~~~~~~~~~~~~~~~~~~~~~~~~~~^~~~~~~~~~
/dev/shm/velavision-ort-session-20260911/ort/include/onnxruntime/core/common/code_location.h:55:34: note: shadowed declaration is here
   55 |   const std::vector<std::string> stacktrace;
      |                                  ^~~~~~~~~~
/dev/shm/velavision-ort-session-20260911/ort/include/onnxruntime/core/common/code_location.h: In constructor 'onnxruntime::CodeLocation::CodeLocation(const char*, int, const char*, const std::__1::vector<std::__1::basic_string<char> >&)':
/dev/shm/velavision-ort-session-20260911/ort/include/onnxruntime/core/common/code_location.h:30:105: warning: declaration of 'stacktrace' shadows a member of 'onnxruntime::CodeLocation' [-Wshadow]
   30 |   CodeLocation(const char* file_path, const int line, const char* func, const std::vector<std::string>& stacktrace)
      |                                                                         ~~~~~~~~~~~~~~~~~~~~~~~~~~~~~~~~^~~~~~~~~~
/dev/shm/velavision-ort-session-20260911/ort/include/onnxruntime/core/common/code_location.h:55:34: note: shadowed declaration is here
   55 |   const std::vector<std::string> stacktrace;
      |                                  ^~~~~~~~~~
In file included from /dev/shm/velavision-ort-session-20260911/ort/include/onnxruntime/core/framework/float16.h:18,
                 from /dev/shm/velavision-ort-session-20260911/ort/onnxruntime/core/mlas/lib/mlasi.h:164:
/dev/shm/velavision-ort-session-20260911/ort/include/onnxruntime/core/session/onnxruntime_float16.h: In lambda function:
/dev/shm/velavision-ort-session-20260911/ort/include/onnxruntime/core/session/onnxruntime_float16.h:493:16: warning: declaration of 'result' shadows a previous local [-Wshadow]
  493 |       uint16_t result;
      |                ^~~~~~
/dev/shm/velavision-ort-session-20260911/ort/include/onnxruntime/core/session/onnxruntime_float16.h:488:12: note: shadowed declaration is here
  488 |   uint16_t result;
      |            ^~~~~~
[24/499] Building CXX object CMakeFiles/onnxruntime_mlas.dir/dev/shm/velavision-ort-session-20260911/ort/onnxruntime/core/mlas/lib/threading.cpp.obj
In file included from /dev/shm/velavision-ort-session-20260911/ort/onnxruntime/core/mlas/lib/mlasi.h:37,
                 from /dev/shm/velavision-ort-session-20260911/ort/onnxruntime/core/mlas/lib/threading.cpp:17:
/dev/shm/velavision-ort-session-20260911/ort/onnxruntime/core/mlas/inc/mlas.h:28:6: warning: "_MSC_VER" is not defined, evaluates to 0 [-Wundef]
   28 | #if (_MSC_VER >= 800) || defined(_STDCALL_SUPPORTED)
      |      ^~~~~~~~
In file included from /dev/shm/velavision-ort-session-20260911/ort/include/onnxruntime/core/platform/threadpool.h:23,
                 from /dev/shm/velavision-ort-session-20260911/ort/onnxruntime/core/mlas/lib/mlasi.h:159:
/dev/shm/velavision-ort-session-20260911/ort/include/onnxruntime/core/common/common.h:88:6: warning: "_MSC_VER" is not defined, evaluates to 0 [-Wundef]
   88 | #if (_MSC_VER && !defined(__PRETTY_FUNCTION__))
      |      ^~~~~~~~
/dev/shm/velavision-ort-session-20260911/ort/onnxruntime/core/mlas/lib/mlasi.h:2477:8: warning: "__STDC_VERSION__" is not defined, evaluates to 0 [-Wundef]
 2477 | #elif (__STDC_VERSION__ >= 201112L) && !defined(__APPLE__)
      |        ^~~~~~~~~~~~~~~~
In file included from /dev/shm/velavision-ort-session-20260911/ort/include/onnxruntime/core/common/common.h:35:
/dev/shm/velavision-ort-session-20260911/ort/include/onnxruntime/core/common/code_location.h: In constructor 'onnxruntime::CodeLocation::CodeLocation(const char*, int, const char*, const std::__1::vector<std::__1::basic_string<char> >&)':
/dev/shm/velavision-ort-session-20260911/ort/include/onnxruntime/core/common/code_location.h:30:105: warning: declaration of 'stacktrace' shadows a member of 'onnxruntime::CodeLocation' [-Wshadow]
   30 |   CodeLocation(const char* file_path, const int line, const char* func, const std::vector<std::string>& stacktrace)
      |                                                                         ~~~~~~~~~~~~~~~~~~~~~~~~~~~~~~~~^~~~~~~~~~
/dev/shm/velavision-ort-session-20260911/ort/include/onnxruntime/core/common/code_location.h:55:34: note: shadowed declaration is here
   55 |   const std::vector<std::string> stacktrace;
      |                                  ^~~~~~~~~~
/dev/shm/velavision-ort-session-20260911/ort/include/onnxruntime/core/common/code_location.h: In constructor 'onnxruntime::CodeLocation::CodeLocation(const char*, int, const char*, const std::__1::vector<std::__1::basic_string<char> >&)':
/dev/shm/velavision-ort-session-20260911/ort/include/onnxruntime/core/common/code_location.h:30:105: warning: declaration of 'stacktrace' shadows a member of 'onnxruntime::CodeLocation' [-Wshadow]
   30 |   CodeLocation(const char* file_path, const int line, const char* func, const std::vector<std::string>& stacktrace)
      |                                                                         ~~~~~~~~~~~~~~~~~~~~~~~~~~~~~~~~^~~~~~~~~~
/dev/shm/velavision-ort-session-20260911/ort/include/onnxruntime/core/common/code_location.h:55:34: note: shadowed declaration is here
   55 |   const std::vector<std::string> stacktrace;
      |                                  ^~~~~~~~~~
/dev/shm/velavision-ort-session-20260911/ort/include/onnxruntime/core/common/code_location.h: In constructor 'onnxruntime::CodeLocation::CodeLocation(const char*, int, const char*, const std::__1::vector<std::__1::basic_string<char> >&)':
/dev/shm/velavision-ort-session-20260911/ort/include/onnxruntime/core/common/code_location.h:30:105: warning: declaration of 'stacktrace' shadows a member of 'onnxruntime::CodeLocation' [-Wshadow]
   30 |   CodeLocation(const char* file_path, const int line, const char* func, const std::vector<std::string>& stacktrace)
      |                                                                         ~~~~~~~~~~~~~~~~~~~~~~~~~~~~~~~~^~~~~~~~~~
/dev/shm/velavision-ort-session-20260911/ort/include/onnxruntime/core/common/code_location.h:55:34: note: shadowed declaration is here
   55 |   const std::vector<std::string> stacktrace;
      |                                  ^~~~~~~~~~
In file included from /dev/shm/velavision-ort-session-20260911/ort/include/onnxruntime/core/framework/float16.h:18,
                 from /dev/shm/velavision-ort-session-20260911/ort/onnxruntime/core/mlas/lib/mlasi.h:164:
/dev/shm/velavision-ort-session-20260911/ort/include/onnxruntime/core/session/onnxruntime_float16.h: In lambda function:
/dev/shm/velavision-ort-session-20260911/ort/include/onnxruntime/core/session/onnxruntime_float16.h:493:16: warning: declaration of 'result' shadows a previous local [-Wshadow]
  493 |       uint16_t result;
      |                ^~~~~~
/dev/shm/velavision-ort-session-20260911/ort/include/onnxruntime/core/session/onnxruntime_float16.h:488:12: note: shadowed declaration is here
  488 |   uint16_t result;
      |            ^~~~~~
[25/499] Building CXX object CMakeFiles/onnxruntime_mlas.dir/dev/shm/velavision-ort-session-20260911/ort/onnxruntime/core/mlas/lib/sgemm.cpp.obj
In file included from /dev/shm/velavision-ort-session-20260911/ort/onnxruntime/core/mlas/lib/mlasi.h:37,
                 from /dev/shm/velavision-ort-session-20260911/ort/onnxruntime/core/mlas/lib/sgemm.cpp:18:
/dev/shm/velavision-ort-session-20260911/ort/onnxruntime/core/mlas/inc/mlas.h:28:6: warning: "_MSC_VER" is not defined, evaluates to 0 [-Wundef]
   28 | #if (_MSC_VER >= 800) || defined(_STDCALL_SUPPORTED)
      |      ^~~~~~~~
In file included from /dev/shm/velavision-ort-session-20260911/ort/include/onnxruntime/core/platform/threadpool.h:23,
                 from /dev/shm/velavision-ort-session-20260911/ort/onnxruntime/core/mlas/lib/mlasi.h:159:
/dev/shm/velavision-ort-session-20260911/ort/include/onnxruntime/core/common/common.h:88:6: warning: "_MSC_VER" is not defined, evaluates to 0 [-Wundef]
   88 | #if (_MSC_VER && !defined(__PRETTY_FUNCTION__))
      |      ^~~~~~~~
/dev/shm/velavision-ort-session-20260911/ort/onnxruntime/core/mlas/lib/mlasi.h:2477:8: warning: "__STDC_VERSION__" is not defined, evaluates to 0 [-Wundef]
 2477 | #elif (__STDC_VERSION__ >= 201112L) && !defined(__APPLE__)
      |        ^~~~~~~~~~~~~~~~
In file included from /dev/shm/velavision-ort-session-20260911/ort/include/onnxruntime/core/common/common.h:35:
/dev/shm/velavision-ort-session-20260911/ort/include/onnxruntime/core/common/code_location.h: In constructor 'onnxruntime::CodeLocation::CodeLocation(const char*, int, const char*, const std::__1::vector<std::__1::basic_string<char> >&)':
/dev/shm/velavision-ort-session-20260911/ort/include/onnxruntime/core/common/code_location.h:30:105: warning: declaration of 'stacktrace' shadows a member of 'onnxruntime::CodeLocation' [-Wshadow]
   30 |   CodeLocation(const char* file_path, const int line, const char* func, const std::vector<std::string>& stacktrace)
      |                                                                         ~~~~~~~~~~~~~~~~~~~~~~~~~~~~~~~~^~~~~~~~~~
/dev/shm/velavision-ort-session-20260911/ort/include/onnxruntime/core/common/code_location.h:55:34: note: shadowed declaration is here
   55 |   const std::vector<std::string> stacktrace;
      |                                  ^~~~~~~~~~
/dev/shm/velavision-ort-session-20260911/ort/include/onnxruntime/core/common/code_location.h: In constructor 'onnxruntime::CodeLocation::CodeLocation(const char*, int, const char*, const std::__1::vector<std::__1::basic_string<char> >&)':
/dev/shm/velavision-ort-session-20260911/ort/include/onnxruntime/core/common/code_location.h:30:105: warning: declaration of 'stacktrace' shadows a member of 'onnxruntime::CodeLocation' [-Wshadow]
   30 |   CodeLocation(const char* file_path, const int line, const char* func, const std::vector<std::string>& stacktrace)
      |                                                                         ~~~~~~~~~~~~~~~~~~~~~~~~~~~~~~~~^~~~~~~~~~
/dev/shm/velavision-ort-session-20260911/ort/include/onnxruntime/core/common/code_location.h:55:34: note: shadowed declaration is here
   55 |   const std::vector<std::string> stacktrace;
      |                                  ^~~~~~~~~~
/dev/shm/velavision-ort-session-20260911/ort/include/onnxruntime/core/common/code_location.h: In constructor 'onnxruntime::CodeLocation::CodeLocation(const char*, int, const char*, const std::__1::vector<std::__1::basic_string<char> >&)':
/dev/shm/velavision-ort-session-20260911/ort/include/onnxruntime/core/common/code_location.h:30:105: warning: declaration of 'stacktrace' shadows a member of 'onnxruntime::CodeLocation' [-Wshadow]
   30 |   CodeLocation(const char* file_path, const int line, const char* func, const std::vector<std::string>& stacktrace)
      |                                                                         ~~~~~~~~~~~~~~~~~~~~~~~~~~~~~~~~^~~~~~~~~~
/dev/shm/velavision-ort-session-20260911/ort/include/onnxruntime/core/common/code_location.h:55:34: note: shadowed declaration is here
   55 |   const std::vector<std::string> stacktrace;
      |                                  ^~~~~~~~~~
In file included from /dev/shm/velavision-ort-session-20260911/ort/include/onnxruntime/core/framework/float16.h:18,
                 from /dev/shm/velavision-ort-session-20260911/ort/onnxruntime/core/mlas/lib/mlasi.h:164:
/dev/shm/velavision-ort-session-20260911/ort/include/onnxruntime/core/session/onnxruntime_float16.h: In lambda function:
/dev/shm/velavision-ort-session-20260911/ort/include/onnxruntime/core/session/onnxruntime_float16.h:493:16: warning: declaration of 'result' shadows a previous local [-Wshadow]
  493 |       uint16_t result;
      |                ^~~~~~
/dev/shm/velavision-ort-session-20260911/ort/include/onnxruntime/core/session/onnxruntime_float16.h:488:12: note: shadowed declaration is here
  488 |   uint16_t result;
      |            ^~~~~~
[26/499] Building CXX object CMakeFiles/onnxruntime_mlas.dir/dev/shm/velavision-ort-session-20260911/ort/onnxruntime/core/mlas/lib/halfgemm.cpp.obj
In file included from /dev/shm/velavision-ort-session-20260911/ort/onnxruntime/core/mlas/lib/mlasi.h:37,
                 from /dev/shm/velavision-ort-session-20260911/ort/onnxruntime/core/mlas/lib/halfgemm.cpp:18:
/dev/shm/velavision-ort-session-20260911/ort/onnxruntime/core/mlas/inc/mlas.h:28:6: warning: "_MSC_VER" is not defined, evaluates to 0 [-Wundef]
   28 | #if (_MSC_VER >= 800) || defined(_STDCALL_SUPPORTED)
      |      ^~~~~~~~
In file included from /dev/shm/velavision-ort-session-20260911/ort/include/onnxruntime/core/platform/threadpool.h:23,
                 from /dev/shm/velavision-ort-session-20260911/ort/onnxruntime/core/mlas/lib/mlasi.h:159:
/dev/shm/velavision-ort-session-20260911/ort/include/onnxruntime/core/common/common.h:88:6: warning: "_MSC_VER" is not defined, evaluates to 0 [-Wundef]
   88 | #if (_MSC_VER && !defined(__PRETTY_FUNCTION__))
      |      ^~~~~~~~
/dev/shm/velavision-ort-session-20260911/ort/onnxruntime/core/mlas/lib/mlasi.h:2477:8: warning: "__STDC_VERSION__" is not defined, evaluates to 0 [-Wundef]
 2477 | #elif (__STDC_VERSION__ >= 201112L) && !defined(__APPLE__)
      |        ^~~~~~~~~~~~~~~~
In file included from /dev/shm/velavision-ort-session-20260911/ort/include/onnxruntime/core/common/common.h:35:
/dev/shm/velavision-ort-session-20260911/ort/include/onnxruntime/core/common/code_location.h: In constructor 'onnxruntime::CodeLocation::CodeLocation(const char*, int, const char*, const std::__1::vector<std::__1::basic_string<char> >&)':
/dev/shm/velavision-ort-session-20260911/ort/include/onnxruntime/core/common/code_location.h:30:105: warning: declaration of 'stacktrace' shadows a member of 'onnxruntime::CodeLocation' [-Wshadow]
   30 |   CodeLocation(const char* file_path, const int line, const char* func, const std::vector<std::string>& stacktrace)
      |                                                                         ~~~~~~~~~~~~~~~~~~~~~~~~~~~~~~~~^~~~~~~~~~
/dev/shm/velavision-ort-session-20260911/ort/include/onnxruntime/core/common/code_location.h:55:34: note: shadowed declaration is here
   55 |   const std::vector<std::string> stacktrace;
      |                                  ^~~~~~~~~~
/dev/shm/velavision-ort-session-20260911/ort/include/onnxruntime/core/common/code_location.h: In constructor 'onnxruntime::CodeLocation::CodeLocation(const char*, int, const char*, const std::__1::vector<std::__1::basic_string<char> >&)':
/dev/shm/velavision-ort-session-20260911/ort/include/onnxruntime/core/common/code_location.h:30:105: warning: declaration of 'stacktrace' shadows a member of 'onnxruntime::CodeLocation' [-Wshadow]
   30 |   CodeLocation(const char* file_path, const int line, const char* func, const std::vector<std::string>& stacktrace)
      |                                                                         ~~~~~~~~~~~~~~~~~~~~~~~~~~~~~~~~^~~~~~~~~~
/dev/shm/velavision-ort-session-20260911/ort/include/onnxruntime/core/common/code_location.h:55:34: note: shadowed declaration is here
   55 |   const std::vector<std::string> stacktrace;
      |                                  ^~~~~~~~~~
/dev/shm/velavision-ort-session-20260911/ort/include/onnxruntime/core/common/code_location.h: In constructor 'onnxruntime::CodeLocation::CodeLocation(const char*, int, const char*, const std::__1::vector<std::__1::basic_string<char> >&)':
/dev/shm/velavision-ort-session-20260911/ort/include/onnxruntime/core/common/code_location.h:30:105: warning: declaration of 'stacktrace' shadows a member of 'onnxruntime::CodeLocation' [-Wshadow]
   30 |   CodeLocation(const char* file_path, const int line, const char* func, const std::vector<std::string>& stacktrace)
      |                                                                         ~~~~~~~~~~~~~~~~~~~~~~~~~~~~~~~~^~~~~~~~~~
/dev/shm/velavision-ort-session-20260911/ort/include/onnxruntime/core/common/code_location.h:55:34: note: shadowed declaration is here
   55 |   const std::vector<std::string> stacktrace;
      |                                  ^~~~~~~~~~
In file included from /dev/shm/velavision-ort-session-20260911/ort/include/onnxruntime/core/framework/float16.h:18,
                 from /dev/shm/velavision-ort-session-20260911/ort/onnxruntime/core/mlas/lib/mlasi.h:164:
/dev/shm/velavision-ort-session-20260911/ort/include/onnxruntime/core/session/onnxruntime_float16.h: In lambda function:
/dev/shm/velavision-ort-session-20260911/ort/include/onnxruntime/core/session/onnxruntime_float16.h:493:16: warning: declaration of 'result' shadows a previous local [-Wshadow]
  493 |       uint16_t result;
      |                ^~~~~~
/dev/shm/velavision-ort-session-20260911/ort/include/onnxruntime/core/session/onnxruntime_float16.h:488:12: note: shadowed declaration is here
  488 |   uint16_t result;
      |            ^~~~~~
[27/499] Building CXX object CMakeFiles/onnxruntime_mlas.dir/dev/shm/velavision-ort-session-20260911/ort/onnxruntime/core/mlas/lib/qgemm.cpp.obj
In file included from /dev/shm/velavision-ort-session-20260911/ort/onnxruntime/core/mlas/lib/mlasi.h:37,
                 from /dev/shm/velavision-ort-session-20260911/ort/onnxruntime/core/mlas/lib/qgemm.cpp:18:
/dev/shm/velavision-ort-session-20260911/ort/onnxruntime/core/mlas/inc/mlas.h:28:6: warning: "_MSC_VER" is not defined, evaluates to 0 [-Wundef]
   28 | #if (_MSC_VER >= 800) || defined(_STDCALL_SUPPORTED)
      |      ^~~~~~~~
In file included from /dev/shm/velavision-ort-session-20260911/ort/include/onnxruntime/core/platform/threadpool.h:23,
                 from /dev/shm/velavision-ort-session-20260911/ort/onnxruntime/core/mlas/lib/mlasi.h:159:
/dev/shm/velavision-ort-session-20260911/ort/include/onnxruntime/core/common/common.h:88:6: warning: "_MSC_VER" is not defined, evaluates to 0 [-Wundef]
   88 | #if (_MSC_VER && !defined(__PRETTY_FUNCTION__))
      |      ^~~~~~~~
/dev/shm/velavision-ort-session-20260911/ort/onnxruntime/core/mlas/lib/mlasi.h:2477:8: warning: "__STDC_VERSION__" is not defined, evaluates to 0 [-Wundef]
 2477 | #elif (__STDC_VERSION__ >= 201112L) && !defined(__APPLE__)
      |        ^~~~~~~~~~~~~~~~
In file included from /dev/shm/velavision-ort-session-20260911/ort/include/onnxruntime/core/common/common.h:35:
/dev/shm/velavision-ort-session-20260911/ort/include/onnxruntime/core/common/code_location.h: In constructor 'onnxruntime::CodeLocation::CodeLocation(const char*, int, const char*, const std::__1::vector<std::__1::basic_string<char> >&)':
/dev/shm/velavision-ort-session-20260911/ort/include/onnxruntime/core/common/code_location.h:30:105: warning: declaration of 'stacktrace' shadows a member of 'onnxruntime::CodeLocation' [-Wshadow]
   30 |   CodeLocation(const char* file_path, const int line, const char* func, const std::vector<std::string>& stacktrace)
      |                                                                         ~~~~~~~~~~~~~~~~~~~~~~~~~~~~~~~~^~~~~~~~~~
/dev/shm/velavision-ort-session-20260911/ort/include/onnxruntime/core/common/code_location.h:55:34: note: shadowed declaration is here
   55 |   const std::vector<std::string> stacktrace;
      |                                  ^~~~~~~~~~
/dev/shm/velavision-ort-session-20260911/ort/include/onnxruntime/core/common/code_location.h: In constructor 'onnxruntime::CodeLocation::CodeLocation(const char*, int, const char*, const std::__1::vector<std::__1::basic_string<char> >&)':
/dev/shm/velavision-ort-session-20260911/ort/include/onnxruntime/core/common/code_location.h:30:105: warning: declaration of 'stacktrace' shadows a member of 'onnxruntime::CodeLocation' [-Wshadow]
   30 |   CodeLocation(const char* file_path, const int line, const char* func, const std::vector<std::string>& stacktrace)
      |                                                                         ~~~~~~~~~~~~~~~~~~~~~~~~~~~~~~~~^~~~~~~~~~
/dev/shm/velavision-ort-session-20260911/ort/include/onnxruntime/core/common/code_location.h:55:34: note: shadowed declaration is here
   55 |   const std::vector<std::string> stacktrace;
      |                                  ^~~~~~~~~~
/dev/shm/velavision-ort-session-20260911/ort/include/onnxruntime/core/common/code_location.h: In constructor 'onnxruntime::CodeLocation::CodeLocation(const char*, int, const char*, const std::__1::vector<std::__1::basic_string<char> >&)':
/dev/shm/velavision-ort-session-20260911/ort/include/onnxruntime/core/common/code_location.h:30:105: warning: declaration of 'stacktrace' shadows a member of 'onnxruntime::CodeLocation' [-Wshadow]
   30 |   CodeLocation(const char* file_path, const int line, const char* func, const std::vector<std::string>& stacktrace)
      |                                                                         ~~~~~~~~~~~~~~~~~~~~~~~~~~~~~~~~^~~~~~~~~~
/dev/shm/velavision-ort-session-20260911/ort/include/onnxruntime/core/common/code_location.h:55:34: note: shadowed declaration is here
   55 |   const std::vector<std::string> stacktrace;
      |                                  ^~~~~~~~~~
In file included from /dev/shm/velavision-ort-session-20260911/ort/include/onnxruntime/core/framework/float16.h:18,
                 from /dev/shm/velavision-ort-session-20260911/ort/onnxruntime/core/mlas/lib/mlasi.h:164:
/dev/shm/velavision-ort-session-20260911/ort/include/onnxruntime/core/session/onnxruntime_float16.h: In lambda function:
/dev/shm/velavision-ort-session-20260911/ort/include/onnxruntime/core/session/onnxruntime_float16.h:493:16: warning: declaration of 'result' shadows a previous local [-Wshadow]
  493 |       uint16_t result;
      |                ^~~~~~
/dev/shm/velavision-ort-session-20260911/ort/include/onnxruntime/core/session/onnxruntime_float16.h:488:12: note: shadowed declaration is here
  488 |   uint16_t result;
      |            ^~~~~~
[28/499] Building CXX object CMakeFiles/onnxruntime_mlas.dir/dev/shm/velavision-ort-session-20260911/ort/onnxruntime/core/mlas/lib/qdwconv.cpp.obj
In file included from /dev/shm/velavision-ort-session-20260911/ort/onnxruntime/core/mlas/lib/mlasi.h:37,
                 from /dev/shm/velavision-ort-session-20260911/ort/onnxruntime/core/mlas/lib/qdwconv.cpp:17:
/dev/shm/velavision-ort-session-20260911/ort/onnxruntime/core/mlas/inc/mlas.h:28:6: warning: "_MSC_VER" is not defined, evaluates to 0 [-Wundef]
   28 | #if (_MSC_VER >= 800) || defined(_STDCALL_SUPPORTED)
      |      ^~~~~~~~
In file included from /dev/shm/velavision-ort-session-20260911/ort/include/onnxruntime/core/platform/threadpool.h:23,
                 from /dev/shm/velavision-ort-session-20260911/ort/onnxruntime/core/mlas/lib/mlasi.h:159:
/dev/shm/velavision-ort-session-20260911/ort/include/onnxruntime/core/common/common.h:88:6: warning: "_MSC_VER" is not defined, evaluates to 0 [-Wundef]
   88 | #if (_MSC_VER && !defined(__PRETTY_FUNCTION__))
      |      ^~~~~~~~
/dev/shm/velavision-ort-session-20260911/ort/onnxruntime/core/mlas/lib/mlasi.h:2477:8: warning: "__STDC_VERSION__" is not defined, evaluates to 0 [-Wundef]
 2477 | #elif (__STDC_VERSION__ >= 201112L) && !defined(__APPLE__)
      |        ^~~~~~~~~~~~~~~~
In file included from /dev/shm/velavision-ort-session-20260911/ort/include/onnxruntime/core/common/common.h:35:
/dev/shm/velavision-ort-session-20260911/ort/include/onnxruntime/core/common/code_location.h: In constructor 'onnxruntime::CodeLocation::CodeLocation(const char*, int, const char*, const std::__1::vector<std::__1::basic_string<char> >&)':
/dev/shm/velavision-ort-session-20260911/ort/include/onnxruntime/core/common/code_location.h:30:105: warning: declaration of 'stacktrace' shadows a member of 'onnxruntime::CodeLocation' [-Wshadow]
   30 |   CodeLocation(const char* file_path, const int line, const char* func, const std::vector<std::string>& stacktrace)
      |                                                                         ~~~~~~~~~~~~~~~~~~~~~~~~~~~~~~~~^~~~~~~~~~
/dev/shm/velavision-ort-session-20260911/ort/include/onnxruntime/core/common/code_location.h:55:34: note: shadowed declaration is here
   55 |   const std::vector<std::string> stacktrace;
      |                                  ^~~~~~~~~~
/dev/shm/velavision-ort-session-20260911/ort/include/onnxruntime/core/common/code_location.h: In constructor 'onnxruntime::CodeLocation::CodeLocation(const char*, int, const char*, const std::__1::vector<std::__1::basic_string<char> >&)':
/dev/shm/velavision-ort-session-20260911/ort/include/onnxruntime/core/common/code_location.h:30:105: warning: declaration of 'stacktrace' shadows a member of 'onnxruntime::CodeLocation' [-Wshadow]
   30 |   CodeLocation(const char* file_path, const int line, const char* func, const std::vector<std::string>& stacktrace)
      |                                                                         ~~~~~~~~~~~~~~~~~~~~~~~~~~~~~~~~^~~~~~~~~~
/dev/shm/velavision-ort-session-20260911/ort/include/onnxruntime/core/common/code_location.h:55:34: note: shadowed declaration is here
   55 |   const std::vector<std::string> stacktrace;
      |                                  ^~~~~~~~~~
/dev/shm/velavision-ort-session-20260911/ort/include/onnxruntime/core/common/code_location.h: In constructor 'onnxruntime::CodeLocation::CodeLocation(const char*, int, const char*, const std::__1::vector<std::__1::basic_string<char> >&)':
/dev/shm/velavision-ort-session-20260911/ort/include/onnxruntime/core/common/code_location.h:30:105: warning: declaration of 'stacktrace' shadows a member of 'onnxruntime::CodeLocation' [-Wshadow]
   30 |   CodeLocation(const char* file_path, const int line, const char* func, const std::vector<std::string>& stacktrace)
      |                                                                         ~~~~~~~~~~~~~~~~~~~~~~~~~~~~~~~~^~~~~~~~~~
/dev/shm/velavision-ort-session-20260911/ort/include/onnxruntime/core/common/code_location.h:55:34: note: shadowed declaration is here
   55 |   const std::vector<std::string> stacktrace;
      |                                  ^~~~~~~~~~
In file included from /dev/shm/velavision-ort-session-20260911/ort/include/onnxruntime/core/framework/float16.h:18,
                 from /dev/shm/velavision-ort-session-20260911/ort/onnxruntime/core/mlas/lib/mlasi.h:164:
/dev/shm/velavision-ort-session-20260911/ort/include/onnxruntime/core/session/onnxruntime_float16.h: In lambda function:
/dev/shm/velavision-ort-session-20260911/ort/include/onnxruntime/core/session/onnxruntime_float16.h:493:16: warning: declaration of 'result' shadows a previous local [-Wshadow]
  493 |       uint16_t result;
      |                ^~~~~~
/dev/shm/velavision-ort-session-20260911/ort/include/onnxruntime/core/session/onnxruntime_float16.h:488:12: note: shadowed declaration is here
  488 |   uint16_t result;
      |            ^~~~~~
[29/499] Building CXX object CMakeFiles/onnxruntime_mlas.dir/dev/shm/velavision-ort-session-20260911/ort/onnxruntime/core/mlas/lib/convolve.cpp.obj
In file included from /dev/shm/velavision-ort-session-20260911/ort/onnxruntime/core/mlas/lib/mlasi.h:37,
                 from /dev/shm/velavision-ort-session-20260911/ort/onnxruntime/core/mlas/lib/convolve.cpp:17:
/dev/shm/velavision-ort-session-20260911/ort/onnxruntime/core/mlas/inc/mlas.h:28:6: warning: "_MSC_VER" is not defined, evaluates to 0 [-Wundef]
   28 | #if (_MSC_VER >= 800) || defined(_STDCALL_SUPPORTED)
      |      ^~~~~~~~
In file included from /dev/shm/velavision-ort-session-20260911/ort/include/onnxruntime/core/platform/threadpool.h:23,
                 from /dev/shm/velavision-ort-session-20260911/ort/onnxruntime/core/mlas/lib/mlasi.h:159:
/dev/shm/velavision-ort-session-20260911/ort/include/onnxruntime/core/common/common.h:88:6: warning: "_MSC_VER" is not defined, evaluates to 0 [-Wundef]
   88 | #if (_MSC_VER && !defined(__PRETTY_FUNCTION__))
      |      ^~~~~~~~
/dev/shm/velavision-ort-session-20260911/ort/onnxruntime/core/mlas/lib/mlasi.h:2477:8: warning: "__STDC_VERSION__" is not defined, evaluates to 0 [-Wundef]
 2477 | #elif (__STDC_VERSION__ >= 201112L) && !defined(__APPLE__)
      |        ^~~~~~~~~~~~~~~~
In file included from /dev/shm/velavision-ort-session-20260911/ort/include/onnxruntime/core/common/common.h:35:
/dev/shm/velavision-ort-session-20260911/ort/include/onnxruntime/core/common/code_location.h: In constructor 'onnxruntime::CodeLocation::CodeLocation(const char*, int, const char*, const std::__1::vector<std::__1::basic_string<char> >&)':
/dev/shm/velavision-ort-session-20260911/ort/include/onnxruntime/core/common/code_location.h:30:105: warning: declaration of 'stacktrace' shadows a member of 'onnxruntime::CodeLocation' [-Wshadow]
   30 |   CodeLocation(const char* file_path, const int line, const char* func, const std::vector<std::string>& stacktrace)
      |                                                                         ~~~~~~~~~~~~~~~~~~~~~~~~~~~~~~~~^~~~~~~~~~
/dev/shm/velavision-ort-session-20260911/ort/include/onnxruntime/core/common/code_location.h:55:34: note: shadowed declaration is here
   55 |   const std::vector<std::string> stacktrace;
      |                                  ^~~~~~~~~~
/dev/shm/velavision-ort-session-20260911/ort/include/onnxruntime/core/common/code_location.h: In constructor 'onnxruntime::CodeLocation::CodeLocation(const char*, int, const char*, const std::__1::vector<std::__1::basic_string<char> >&)':
/dev/shm/velavision-ort-session-20260911/ort/include/onnxruntime/core/common/code_location.h:30:105: warning: declaration of 'stacktrace' shadows a member of 'onnxruntime::CodeLocation' [-Wshadow]
   30 |   CodeLocation(const char* file_path, const int line, const char* func, const std::vector<std::string>& stacktrace)
      |                                                                         ~~~~~~~~~~~~~~~~~~~~~~~~~~~~~~~~^~~~~~~~~~
/dev/shm/velavision-ort-session-20260911/ort/include/onnxruntime/core/common/code_location.h:55:34: note: shadowed declaration is here
   55 |   const std::vector<std::string> stacktrace;
      |                                  ^~~~~~~~~~
/dev/shm/velavision-ort-session-20260911/ort/include/onnxruntime/core/common/code_location.h: In constructor 'onnxruntime::CodeLocation::CodeLocation(const char*, int, const char*, const std::__1::vector<std::__1::basic_string<char> >&)':
/dev/shm/velavision-ort-session-20260911/ort/include/onnxruntime/core/common/code_location.h:30:105: warning: declaration of 'stacktrace' shadows a member of 'onnxruntime::CodeLocation' [-Wshadow]
   30 |   CodeLocation(const char* file_path, const int line, const char* func, const std::vector<std::string>& stacktrace)
      |                                                                         ~~~~~~~~~~~~~~~~~~~~~~~~~~~~~~~~^~~~~~~~~~
/dev/shm/velavision-ort-session-20260911/ort/include/onnxruntime/core/common/code_location.h:55:34: note: shadowed declaration is here
   55 |   const std::vector<std::string> stacktrace;
      |                                  ^~~~~~~~~~
In file included from /dev/shm/velavision-ort-session-20260911/ort/include/onnxruntime/core/framework/float16.h:18,
                 from /dev/shm/velavision-ort-session-20260911/ort/onnxruntime/core/mlas/lib/mlasi.h:164:
/dev/shm/velavision-ort-session-20260911/ort/include/onnxruntime/core/session/onnxruntime_float16.h: In lambda function:
/dev/shm/velavision-ort-session-20260911/ort/include/onnxruntime/core/session/onnxruntime_float16.h:493:16: warning: declaration of 'result' shadows a previous local [-Wshadow]
  493 |       uint16_t result;
      |                ^~~~~~
/dev/shm/velavision-ort-session-20260911/ort/include/onnxruntime/core/session/onnxruntime_float16.h:488:12: note: shadowed declaration is here
  488 |   uint16_t result;
      |            ^~~~~~
[30/499] Building CXX object CMakeFiles/onnxruntime_mlas.dir/dev/shm/velavision-ort-session-20260911/ort/onnxruntime/core/mlas/lib/convsym.cpp.obj
In file included from /dev/shm/velavision-ort-session-20260911/ort/onnxruntime/core/mlas/lib/mlasi.h:37,
                 from /dev/shm/velavision-ort-session-20260911/ort/onnxruntime/core/mlas/lib/convsym.cpp:18:
/dev/shm/velavision-ort-session-20260911/ort/onnxruntime/core/mlas/inc/mlas.h:28:6: warning: "_MSC_VER" is not defined, evaluates to 0 [-Wundef]
   28 | #if (_MSC_VER >= 800) || defined(_STDCALL_SUPPORTED)
      |      ^~~~~~~~
In file included from /dev/shm/velavision-ort-session-20260911/ort/include/onnxruntime/core/platform/threadpool.h:23,
                 from /dev/shm/velavision-ort-session-20260911/ort/onnxruntime/core/mlas/lib/mlasi.h:159:
/dev/shm/velavision-ort-session-20260911/ort/include/onnxruntime/core/common/common.h:88:6: warning: "_MSC_VER" is not defined, evaluates to 0 [-Wundef]
   88 | #if (_MSC_VER && !defined(__PRETTY_FUNCTION__))
      |      ^~~~~~~~
/dev/shm/velavision-ort-session-20260911/ort/onnxruntime/core/mlas/lib/mlasi.h:2477:8: warning: "__STDC_VERSION__" is not defined, evaluates to 0 [-Wundef]
 2477 | #elif (__STDC_VERSION__ >= 201112L) && !defined(__APPLE__)
      |        ^~~~~~~~~~~~~~~~
In file included from /dev/shm/velavision-ort-session-20260911/ort/include/onnxruntime/core/common/common.h:35:
/dev/shm/velavision-ort-session-20260911/ort/include/onnxruntime/core/common/code_location.h: In constructor 'onnxruntime::CodeLocation::CodeLocation(const char*, int, const char*, const std::__1::vector<std::__1::basic_string<char> >&)':
/dev/shm/velavision-ort-session-20260911/ort/include/onnxruntime/core/common/code_location.h:30:105: warning: declaration of 'stacktrace' shadows a member of 'onnxruntime::CodeLocation' [-Wshadow]
   30 |   CodeLocation(const char* file_path, const int line, const char* func, const std::vector<std::string>& stacktrace)
      |                                                                         ~~~~~~~~~~~~~~~~~~~~~~~~~~~~~~~~^~~~~~~~~~
/dev/shm/velavision-ort-session-20260911/ort/include/onnxruntime/core/common/code_location.h:55:34: note: shadowed declaration is here
   55 |   const std::vector<std::string> stacktrace;
      |                                  ^~~~~~~~~~
/dev/shm/velavision-ort-session-20260911/ort/include/onnxruntime/core/common/code_location.h: In constructor 'onnxruntime::CodeLocation::CodeLocation(const char*, int, const char*, const std::__1::vector<std::__1::basic_string<char> >&)':
/dev/shm/velavision-ort-session-20260911/ort/include/onnxruntime/core/common/code_location.h:30:105: warning: declaration of 'stacktrace' shadows a member of 'onnxruntime::CodeLocation' [-Wshadow]
   30 |   CodeLocation(const char* file_path, const int line, const char* func, const std::vector<std::string>& stacktrace)
      |                                                                         ~~~~~~~~~~~~~~~~~~~~~~~~~~~~~~~~^~~~~~~~~~
/dev/shm/velavision-ort-session-20260911/ort/include/onnxruntime/core/common/code_location.h:55:34: note: shadowed declaration is here
   55 |   const std::vector<std::string> stacktrace;
      |                                  ^~~~~~~~~~
/dev/shm/velavision-ort-session-20260911/ort/include/onnxruntime/core/common/code_location.h: In constructor 'onnxruntime::CodeLocation::CodeLocation(const char*, int, const char*, const std::__1::vector<std::__1::basic_string<char> >&)':
/dev/shm/velavision-ort-session-20260911/ort/include/onnxruntime/core/common/code_location.h:30:105: warning: declaration of 'stacktrace' shadows a member of 'onnxruntime::CodeLocation' [-Wshadow]
   30 |   CodeLocation(const char* file_path, const int line, const char* func, const std::vector<std::string>& stacktrace)
      |                                                                         ~~~~~~~~~~~~~~~~~~~~~~~~~~~~~~~~^~~~~~~~~~
/dev/shm/velavision-ort-session-20260911/ort/include/onnxruntime/core/common/code_location.h:55:34: note: shadowed declaration is here
   55 |   const std::vector<std::string> stacktrace;
      |                                  ^~~~~~~~~~
In file included from /dev/shm/velavision-ort-session-20260911/ort/include/onnxruntime/core/framework/float16.h:18,
                 from /dev/shm/velavision-ort-session-20260911/ort/onnxruntime/core/mlas/lib/mlasi.h:164:
/dev/shm/velavision-ort-session-20260911/ort/include/onnxruntime/core/session/onnxruntime_float16.h: In lambda function:
/dev/shm/velavision-ort-session-20260911/ort/include/onnxruntime/core/session/onnxruntime_float16.h:493:16: warning: declaration of 'result' shadows a previous local [-Wshadow]
  493 |       uint16_t result;
      |                ^~~~~~
/dev/shm/velavision-ort-session-20260911/ort/include/onnxruntime/core/session/onnxruntime_float16.h:488:12: note: shadowed declaration is here
  488 |   uint16_t result;
      |            ^~~~~~
[31/499] Building CXX object CMakeFiles/onnxruntime_mlas.dir/dev/shm/velavision-ort-session-20260911/ort/onnxruntime/core/mlas/lib/transpose.cpp.obj
In file included from /dev/shm/velavision-ort-session-20260911/ort/onnxruntime/core/mlas/lib/mlasi.h:37,
                 from /dev/shm/velavision-ort-session-20260911/ort/onnxruntime/core/mlas/lib/transpose.cpp:17:
/dev/shm/velavision-ort-session-20260911/ort/onnxruntime/core/mlas/inc/mlas.h:28:6: warning: "_MSC_VER" is not defined, evaluates to 0 [-Wundef]
   28 | #if (_MSC_VER >= 800) || defined(_STDCALL_SUPPORTED)
      |      ^~~~~~~~
In file included from /dev/shm/velavision-ort-session-20260911/ort/include/onnxruntime/core/platform/threadpool.h:23,
                 from /dev/shm/velavision-ort-session-20260911/ort/onnxruntime/core/mlas/lib/mlasi.h:159:
/dev/shm/velavision-ort-session-20260911/ort/include/onnxruntime/core/common/common.h:88:6: warning: "_MSC_VER" is not defined, evaluates to 0 [-Wundef]
   88 | #if (_MSC_VER && !defined(__PRETTY_FUNCTION__))
      |      ^~~~~~~~
/dev/shm/velavision-ort-session-20260911/ort/onnxruntime/core/mlas/lib/mlasi.h:2477:8: warning: "__STDC_VERSION__" is not defined, evaluates to 0 [-Wundef]
 2477 | #elif (__STDC_VERSION__ >= 201112L) && !defined(__APPLE__)
      |        ^~~~~~~~~~~~~~~~
In file included from /dev/shm/velavision-ort-session-20260911/ort/include/onnxruntime/core/common/common.h:35:
/dev/shm/velavision-ort-session-20260911/ort/include/onnxruntime/core/common/code_location.h: In constructor 'onnxruntime::CodeLocation::CodeLocation(const char*, int, const char*, const std::__1::vector<std::__1::basic_string<char> >&)':
/dev/shm/velavision-ort-session-20260911/ort/include/onnxruntime/core/common/code_location.h:30:105: warning: declaration of 'stacktrace' shadows a member of 'onnxruntime::CodeLocation' [-Wshadow]
   30 |   CodeLocation(const char* file_path, const int line, const char* func, const std::vector<std::string>& stacktrace)
      |                                                                         ~~~~~~~~~~~~~~~~~~~~~~~~~~~~~~~~^~~~~~~~~~
/dev/shm/velavision-ort-session-20260911/ort/include/onnxruntime/core/common/code_location.h:55:34: note: shadowed declaration is here
   55 |   const std::vector<std::string> stacktrace;
      |                                  ^~~~~~~~~~
/dev/shm/velavision-ort-session-20260911/ort/include/onnxruntime/core/common/code_location.h: In constructor 'onnxruntime::CodeLocation::CodeLocation(const char*, int, const char*, const std::__1::vector<std::__1::basic_string<char> >&)':
/dev/shm/velavision-ort-session-20260911/ort/include/onnxruntime/core/common/code_location.h:30:105: warning: declaration of 'stacktrace' shadows a member of 'onnxruntime::CodeLocation' [-Wshadow]
   30 |   CodeLocation(const char* file_path, const int line, const char* func, const std::vector<std::string>& stacktrace)
      |                                                                         ~~~~~~~~~~~~~~~~~~~~~~~~~~~~~~~~^~~~~~~~~~
/dev/shm/velavision-ort-session-20260911/ort/include/onnxruntime/core/common/code_location.h:55:34: note: shadowed declaration is here
   55 |   const std::vector<std::string> stacktrace;
      |                                  ^~~~~~~~~~
/dev/shm/velavision-ort-session-20260911/ort/include/onnxruntime/core/common/code_location.h: In constructor 'onnxruntime::CodeLocation::CodeLocation(const char*, int, const char*, const std::__1::vector<std::__1::basic_string<char> >&)':
/dev/shm/velavision-ort-session-20260911/ort/include/onnxruntime/core/common/code_location.h:30:105: warning: declaration of 'stacktrace' shadows a member of 'onnxruntime::CodeLocation' [-Wshadow]
   30 |   CodeLocation(const char* file_path, const int line, const char* func, const std::vector<std::string>& stacktrace)
      |                                                                         ~~~~~~~~~~~~~~~~~~~~~~~~~~~~~~~~^~~~~~~~~~
/dev/shm/velavision-ort-session-20260911/ort/include/onnxruntime/core/common/code_location.h:55:34: note: shadowed declaration is here
   55 |   const std::vector<std::string> stacktrace;
      |                                  ^~~~~~~~~~
In file included from /dev/shm/velavision-ort-session-20260911/ort/include/onnxruntime/core/framework/float16.h:18,
                 from /dev/shm/velavision-ort-session-20260911/ort/onnxruntime/core/mlas/lib/mlasi.h:164:
/dev/shm/velavision-ort-session-20260911/ort/include/onnxruntime/core/session/onnxruntime_float16.h: In lambda function:
/dev/shm/velavision-ort-session-20260911/ort/include/onnxruntime/core/session/onnxruntime_float16.h:493:16: warning: declaration of 'result' shadows a previous local [-Wshadow]
  493 |       uint16_t result;
      |                ^~~~~~
/dev/shm/velavision-ort-session-20260911/ort/include/onnxruntime/core/session/onnxruntime_float16.h:488:12: note: shadowed declaration is here
  488 |   uint16_t result;
      |            ^~~~~~
[32/499] Building CXX object CMakeFiles/onnxruntime_mlas.dir/dev/shm/velavision-ort-session-20260911/ort/onnxruntime/core/mlas/lib/pooling.cpp.obj
In file included from /dev/shm/velavision-ort-session-20260911/ort/onnxruntime/core/mlas/lib/mlasi.h:37,
                 from /dev/shm/velavision-ort-session-20260911/ort/onnxruntime/core/mlas/lib/pooling.cpp:17:
/dev/shm/velavision-ort-session-20260911/ort/onnxruntime/core/mlas/inc/mlas.h:28:6: warning: "_MSC_VER" is not defined, evaluates to 0 [-Wundef]
   28 | #if (_MSC_VER >= 800) || defined(_STDCALL_SUPPORTED)
      |      ^~~~~~~~
In file included from /dev/shm/velavision-ort-session-20260911/ort/include/onnxruntime/core/platform/threadpool.h:23,
                 from /dev/shm/velavision-ort-session-20260911/ort/onnxruntime/core/mlas/lib/mlasi.h:159:
/dev/shm/velavision-ort-session-20260911/ort/include/onnxruntime/core/common/common.h:88:6: warning: "_MSC_VER" is not defined, evaluates to 0 [-Wundef]
   88 | #if (_MSC_VER && !defined(__PRETTY_FUNCTION__))
      |      ^~~~~~~~
/dev/shm/velavision-ort-session-20260911/ort/onnxruntime/core/mlas/lib/mlasi.h:2477:8: warning: "__STDC_VERSION__" is not defined, evaluates to 0 [-Wundef]
 2477 | #elif (__STDC_VERSION__ >= 201112L) && !defined(__APPLE__)
      |        ^~~~~~~~~~~~~~~~
In file included from /dev/shm/velavision-ort-session-20260911/ort/include/onnxruntime/core/common/common.h:35:
/dev/shm/velavision-ort-session-20260911/ort/include/onnxruntime/core/common/code_location.h: In constructor 'onnxruntime::CodeLocation::CodeLocation(const char*, int, const char*, const std::__1::vector<std::__1::basic_string<char> >&)':
/dev/shm/velavision-ort-session-20260911/ort/include/onnxruntime/core/common/code_location.h:30:105: warning: declaration of 'stacktrace' shadows a member of 'onnxruntime::CodeLocation' [-Wshadow]
   30 |   CodeLocation(const char* file_path, const int line, const char* func, const std::vector<std::string>& stacktrace)
      |                                                                         ~~~~~~~~~~~~~~~~~~~~~~~~~~~~~~~~^~~~~~~~~~
/dev/shm/velavision-ort-session-20260911/ort/include/onnxruntime/core/common/code_location.h:55:34: note: shadowed declaration is here
   55 |   const std::vector<std::string> stacktrace;
      |                                  ^~~~~~~~~~
/dev/shm/velavision-ort-session-20260911/ort/include/onnxruntime/core/common/code_location.h: In constructor 'onnxruntime::CodeLocation::CodeLocation(const char*, int, const char*, const std::__1::vector<std::__1::basic_string<char> >&)':
/dev/shm/velavision-ort-session-20260911/ort/include/onnxruntime/core/common/code_location.h:30:105: warning: declaration of 'stacktrace' shadows a member of 'onnxruntime::CodeLocation' [-Wshadow]
   30 |   CodeLocation(const char* file_path, const int line, const char* func, const std::vector<std::string>& stacktrace)
      |                                                                         ~~~~~~~~~~~~~~~~~~~~~~~~~~~~~~~~^~~~~~~~~~
/dev/shm/velavision-ort-session-20260911/ort/include/onnxruntime/core/common/code_location.h:55:34: note: shadowed declaration is here
   55 |   const std::vector<std::string> stacktrace;
      |                                  ^~~~~~~~~~
/dev/shm/velavision-ort-session-20260911/ort/include/onnxruntime/core/common/code_location.h: In constructor 'onnxruntime::CodeLocation::CodeLocation(const char*, int, const char*, const std::__1::vector<std::__1::basic_string<char> >&)':
/dev/shm/velavision-ort-session-20260911/ort/include/onnxruntime/core/common/code_location.h:30:105: warning: declaration of 'stacktrace' shadows a member of 'onnxruntime::CodeLocation' [-Wshadow]
   30 |   CodeLocation(const char* file_path, const int line, const char* func, const std::vector<std::string>& stacktrace)
      |                                                                         ~~~~~~~~~~~~~~~~~~~~~~~~~~~~~~~~^~~~~~~~~~
/dev/shm/velavision-ort-session-20260911/ort/include/onnxruntime/core/common/code_location.h:55:34: note: shadowed declaration is here
   55 |   const std::vector<std::string> stacktrace;
      |                                  ^~~~~~~~~~
In file included from /dev/shm/velavision-ort-session-20260911/ort/include/onnxruntime/core/framework/float16.h:18,
                 from /dev/shm/velavision-ort-session-20260911/ort/onnxruntime/core/mlas/lib/mlasi.h:164:
/dev/shm/velavision-ort-session-20260911/ort/include/onnxruntime/core/session/onnxruntime_float16.h: In lambda function:
/dev/shm/velavision-ort-session-20260911/ort/include/onnxruntime/core/session/onnxruntime_float16.h:493:16: warning: declaration of 'result' shadows a previous local [-Wshadow]
  493 |       uint16_t result;
      |                ^~~~~~
/dev/shm/velavision-ort-session-20260911/ort/include/onnxruntime/core/session/onnxruntime_float16.h:488:12: note: shadowed declaration is here
  488 |   uint16_t result;
      |            ^~~~~~
[33/499] Building CXX object CMakeFiles/onnxruntime_mlas.dir/dev/shm/velavision-ort-session-20260911/ort/onnxruntime/core/mlas/lib/reorder.cpp.obj
In file included from /dev/shm/velavision-ort-session-20260911/ort/onnxruntime/core/mlas/lib/mlasi.h:37,
                 from /dev/shm/velavision-ort-session-20260911/ort/onnxruntime/core/mlas/lib/reorder.cpp:19:
/dev/shm/velavision-ort-session-20260911/ort/onnxruntime/core/mlas/inc/mlas.h:28:6: warning: "_MSC_VER" is not defined, evaluates to 0 [-Wundef]
   28 | #if (_MSC_VER >= 800) || defined(_STDCALL_SUPPORTED)
      |      ^~~~~~~~
In file included from /dev/shm/velavision-ort-session-20260911/ort/include/onnxruntime/core/platform/threadpool.h:23,
                 from /dev/shm/velavision-ort-session-20260911/ort/onnxruntime/core/mlas/lib/mlasi.h:159:
/dev/shm/velavision-ort-session-20260911/ort/include/onnxruntime/core/common/common.h:88:6: warning: "_MSC_VER" is not defined, evaluates to 0 [-Wundef]
   88 | #if (_MSC_VER && !defined(__PRETTY_FUNCTION__))
      |      ^~~~~~~~
/dev/shm/velavision-ort-session-20260911/ort/onnxruntime/core/mlas/lib/mlasi.h:2477:8: warning: "__STDC_VERSION__" is not defined, evaluates to 0 [-Wundef]
 2477 | #elif (__STDC_VERSION__ >= 201112L) && !defined(__APPLE__)
      |        ^~~~~~~~~~~~~~~~
In file included from /dev/shm/velavision-ort-session-20260911/ort/include/onnxruntime/core/common/common.h:35:
/dev/shm/velavision-ort-session-20260911/ort/include/onnxruntime/core/common/code_location.h: In constructor 'onnxruntime::CodeLocation::CodeLocation(const char*, int, const char*, const std::__1::vector<std::__1::basic_string<char> >&)':
/dev/shm/velavision-ort-session-20260911/ort/include/onnxruntime/core/common/code_location.h:30:105: warning: declaration of 'stacktrace' shadows a member of 'onnxruntime::CodeLocation' [-Wshadow]
   30 |   CodeLocation(const char* file_path, const int line, const char* func, const std::vector<std::string>& stacktrace)
      |                                                                         ~~~~~~~~~~~~~~~~~~~~~~~~~~~~~~~~^~~~~~~~~~
/dev/shm/velavision-ort-session-20260911/ort/include/onnxruntime/core/common/code_location.h:55:34: note: shadowed declaration is here
   55 |   const std::vector<std::string> stacktrace;
      |                                  ^~~~~~~~~~
/dev/shm/velavision-ort-session-20260911/ort/include/onnxruntime/core/common/code_location.h: In constructor 'onnxruntime::CodeLocation::CodeLocation(const char*, int, const char*, const std::__1::vector<std::__1::basic_string<char> >&)':
/dev/shm/velavision-ort-session-20260911/ort/include/onnxruntime/core/common/code_location.h:30:105: warning: declaration of 'stacktrace' shadows a member of 'onnxruntime::CodeLocation' [-Wshadow]
   30 |   CodeLocation(const char* file_path, const int line, const char* func, const std::vector<std::string>& stacktrace)
      |                                                                         ~~~~~~~~~~~~~~~~~~~~~~~~~~~~~~~~^~~~~~~~~~
/dev/shm/velavision-ort-session-20260911/ort/include/onnxruntime/core/common/code_location.h:55:34: note: shadowed declaration is here
   55 |   const std::vector<std::string> stacktrace;
      |                                  ^~~~~~~~~~
/dev/shm/velavision-ort-session-20260911/ort/include/onnxruntime/core/common/code_location.h: In constructor 'onnxruntime::CodeLocation::CodeLocation(const char*, int, const char*, const std::__1::vector<std::__1::basic_string<char> >&)':
/dev/shm/velavision-ort-session-20260911/ort/include/onnxruntime/core/common/code_location.h:30:105: warning: declaration of 'stacktrace' shadows a member of 'onnxruntime::CodeLocation' [-Wshadow]
   30 |   CodeLocation(const char* file_path, const int line, const char* func, const std::vector<std::string>& stacktrace)
      |                                                                         ~~~~~~~~~~~~~~~~~~~~~~~~~~~~~~~~^~~~~~~~~~
/dev/shm/velavision-ort-session-20260911/ort/include/onnxruntime/core/common/code_location.h:55:34: note: shadowed declaration is here
   55 |   const std::vector<std::string> stacktrace;
      |                                  ^~~~~~~~~~
In file included from /dev/shm/velavision-ort-session-20260911/ort/include/onnxruntime/core/framework/float16.h:18,
                 from /dev/shm/velavision-ort-session-20260911/ort/onnxruntime/core/mlas/lib/mlasi.h:164:
/dev/shm/velavision-ort-session-20260911/ort/include/onnxruntime/core/session/onnxruntime_float16.h: In lambda function:
/dev/shm/velavision-ort-session-20260911/ort/include/onnxruntime/core/session/onnxruntime_float16.h:493:16: warning: declaration of 'result' shadows a previous local [-Wshadow]
  493 |       uint16_t result;
      |                ^~~~~~
/dev/shm/velavision-ort-session-20260911/ort/include/onnxruntime/core/session/onnxruntime_float16.h:488:12: note: shadowed declaration is here
  488 |   uint16_t result;
      |            ^~~~~~
[34/499] Building CXX object CMakeFiles/onnxruntime_mlas.dir/dev/shm/velavision-ort-session-20260911/ort/onnxruntime/core/mlas/lib/snchwc.cpp.obj
In file included from /dev/shm/velavision-ort-session-20260911/ort/onnxruntime/core/mlas/lib/mlasi.h:37,
                 from /dev/shm/velavision-ort-session-20260911/ort/onnxruntime/core/mlas/lib/snchwc.cpp:18:
/dev/shm/velavision-ort-session-20260911/ort/onnxruntime/core/mlas/inc/mlas.h:28:6: warning: "_MSC_VER" is not defined, evaluates to 0 [-Wundef]
   28 | #if (_MSC_VER >= 800) || defined(_STDCALL_SUPPORTED)
      |      ^~~~~~~~
In file included from /dev/shm/velavision-ort-session-20260911/ort/include/onnxruntime/core/platform/threadpool.h:23,
                 from /dev/shm/velavision-ort-session-20260911/ort/onnxruntime/core/mlas/lib/mlasi.h:159:
/dev/shm/velavision-ort-session-20260911/ort/include/onnxruntime/core/common/common.h:88:6: warning: "_MSC_VER" is not defined, evaluates to 0 [-Wundef]
   88 | #if (_MSC_VER && !defined(__PRETTY_FUNCTION__))
      |      ^~~~~~~~
/dev/shm/velavision-ort-session-20260911/ort/onnxruntime/core/mlas/lib/mlasi.h:2477:8: warning: "__STDC_VERSION__" is not defined, evaluates to 0 [-Wundef]
 2477 | #elif (__STDC_VERSION__ >= 201112L) && !defined(__APPLE__)
      |        ^~~~~~~~~~~~~~~~
In file included from /dev/shm/velavision-ort-session-20260911/ort/include/onnxruntime/core/common/common.h:35:
/dev/shm/velavision-ort-session-20260911/ort/include/onnxruntime/core/common/code_location.h: In constructor 'onnxruntime::CodeLocation::CodeLocation(const char*, int, const char*, const std::__1::vector<std::__1::basic_string<char> >&)':
/dev/shm/velavision-ort-session-20260911/ort/include/onnxruntime/core/common/code_location.h:30:105: warning: declaration of 'stacktrace' shadows a member of 'onnxruntime::CodeLocation' [-Wshadow]
   30 |   CodeLocation(const char* file_path, const int line, const char* func, const std::vector<std::string>& stacktrace)
      |                                                                         ~~~~~~~~~~~~~~~~~~~~~~~~~~~~~~~~^~~~~~~~~~
/dev/shm/velavision-ort-session-20260911/ort/include/onnxruntime/core/common/code_location.h:55:34: note: shadowed declaration is here
   55 |   const std::vector<std::string> stacktrace;
      |                                  ^~~~~~~~~~
/dev/shm/velavision-ort-session-20260911/ort/include/onnxruntime/core/common/code_location.h: In constructor 'onnxruntime::CodeLocation::CodeLocation(const char*, int, const char*, const std::__1::vector<std::__1::basic_string<char> >&)':
/dev/shm/velavision-ort-session-20260911/ort/include/onnxruntime/core/common/code_location.h:30:105: warning: declaration of 'stacktrace' shadows a member of 'onnxruntime::CodeLocation' [-Wshadow]
   30 |   CodeLocation(const char* file_path, const int line, const char* func, const std::vector<std::string>& stacktrace)
      |                                                                         ~~~~~~~~~~~~~~~~~~~~~~~~~~~~~~~~^~~~~~~~~~
/dev/shm/velavision-ort-session-20260911/ort/include/onnxruntime/core/common/code_location.h:55:34: note: shadowed declaration is here
   55 |   const std::vector<std::string> stacktrace;
      |                                  ^~~~~~~~~~
/dev/shm/velavision-ort-session-20260911/ort/include/onnxruntime/core/common/code_location.h: In constructor 'onnxruntime::CodeLocation::CodeLocation(const char*, int, const char*, const std::__1::vector<std::__1::basic_string<char> >&)':
/dev/shm/velavision-ort-session-20260911/ort/include/onnxruntime/core/common/code_location.h:30:105: warning: declaration of 'stacktrace' shadows a member of 'onnxruntime::CodeLocation' [-Wshadow]
   30 |   CodeLocation(const char* file_path, const int line, const char* func, const std::vector<std::string>& stacktrace)
      |                                                                         ~~~~~~~~~~~~~~~~~~~~~~~~~~~~~~~~^~~~~~~~~~
/dev/shm/velavision-ort-session-20260911/ort/include/onnxruntime/core/common/code_location.h:55:34: note: shadowed declaration is here
   55 |   const std::vector<std::string> stacktrace;
      |                                  ^~~~~~~~~~
In file included from /dev/shm/velavision-ort-session-20260911/ort/include/onnxruntime/core/framework/float16.h:18,
                 from /dev/shm/velavision-ort-session-20260911/ort/onnxruntime/core/mlas/lib/mlasi.h:164:
/dev/shm/velavision-ort-session-20260911/ort/include/onnxruntime/core/session/onnxruntime_float16.h: In lambda function:
/dev/shm/velavision-ort-session-20260911/ort/include/onnxruntime/core/session/onnxruntime_float16.h:493:16: warning: declaration of 'result' shadows a previous local [-Wshadow]
  493 |       uint16_t result;
      |                ^~~~~~
/dev/shm/velavision-ort-session-20260911/ort/include/onnxruntime/core/session/onnxruntime_float16.h:488:12: note: shadowed declaration is here
  488 |   uint16_t result;
      |            ^~~~~~
/dev/shm/velavision-ort-session-20260911/ort/onnxruntime/core/mlas/lib/snchwc.cpp: In constructor 'MLAS_NCHWC_CONV_ALGORITHM::MLAS_NCHWC_CONV_ALGORITHM(const MLAS_NCHWC_CONV_WORK_BLOCK*)':
/dev/shm/velavision-ort-session-20260911/ort/onnxruntime/core/mlas/lib/snchwc.cpp:387:65: warning: declaration of 'WorkBlock' shadows a member of 'MLAS_NCHWC_CONV_ALGORITHM' [-Wshadow]
  387 |     MLAS_NCHWC_CONV_ALGORITHM(const MLAS_NCHWC_CONV_WORK_BLOCK* WorkBlock) :
      |                               ~~~~~~~~~~~~~~~~~~~~~~~~~~~~~~~~~~^~~~~~~~~
/dev/shm/velavision-ort-session-20260911/ort/onnxruntime/core/mlas/lib/snchwc.cpp:369:39: note: shadowed declaration is here
  369 |     const MLAS_NCHWC_CONV_WORK_BLOCK* WorkBlock;
      |                                       ^~~~~~~~~
/dev/shm/velavision-ort-session-20260911/ort/onnxruntime/core/mlas/lib/snchwc.cpp: In constructor 'MLAS_NCHWC_CONV_ALGORITHM::MLAS_NCHWC_CONV_ALGORITHM(const MLAS_NCHWC_CONV_WORK_BLOCK*)':
/dev/shm/velavision-ort-session-20260911/ort/onnxruntime/core/mlas/lib/snchwc.cpp:387:65: warning: declaration of 'WorkBlock' shadows a member of 'MLAS_NCHWC_CONV_ALGORITHM' [-Wshadow]
  387 |     MLAS_NCHWC_CONV_ALGORITHM(const MLAS_NCHWC_CONV_WORK_BLOCK* WorkBlock) :
      |                               ~~~~~~~~~~~~~~~~~~~~~~~~~~~~~~~~~~^~~~~~~~~
/dev/shm/velavision-ort-session-20260911/ort/onnxruntime/core/mlas/lib/snchwc.cpp:369:39: note: shadowed declaration is here
  369 |     const MLAS_NCHWC_CONV_WORK_BLOCK* WorkBlock;
      |                                       ^~~~~~~~~
/dev/shm/velavision-ort-session-20260911/ort/onnxruntime/core/mlas/lib/snchwc.cpp: In constructor 'MLAS_NCHWC_CONV_ALGORITHM::MLAS_NCHWC_CONV_ALGORITHM(const MLAS_NCHWC_CONV_WORK_BLOCK*)':
/dev/shm/velavision-ort-session-20260911/ort/onnxruntime/core/mlas/lib/snchwc.cpp:387:65: warning: declaration of 'WorkBlock' shadows a member of 'MLAS_NCHWC_CONV_ALGORITHM' [-Wshadow]
  387 |     MLAS_NCHWC_CONV_ALGORITHM(const MLAS_NCHWC_CONV_WORK_BLOCK* WorkBlock) :
      |                               ~~~~~~~~~~~~~~~~~~~~~~~~~~~~~~~~~~^~~~~~~~~
/dev/shm/velavision-ort-session-20260911/ort/onnxruntime/core/mlas/lib/snchwc.cpp:369:39: note: shadowed declaration is here
  369 |     const MLAS_NCHWC_CONV_WORK_BLOCK* WorkBlock;
      |                                       ^~~~~~~~~
/dev/shm/velavision-ort-session-20260911/ort/onnxruntime/core/mlas/lib/snchwc.cpp: In constructor 'MLAS_NCHWC_GROUPED_CONV_ALGORITHM::MLAS_NCHWC_GROUPED_CONV_ALGORITHM(const MLAS_NCHWC_CONV_WORK_BLOCK*)':
/dev/shm/velavision-ort-session-20260911/ort/onnxruntime/core/mlas/lib/snchwc.cpp:534:73: warning: declaration of 'WorkBlock' shadows a member of 'MLAS_NCHWC_GROUPED_CONV_ALGORITHM' [-Wshadow]
  534 |     MLAS_NCHWC_GROUPED_CONV_ALGORITHM(const MLAS_NCHWC_CONV_WORK_BLOCK* WorkBlock) :
      |                                       ~~~~~~~~~~~~~~~~~~~~~~~~~~~~~~~~~~^~~~~~~~~
/dev/shm/velavision-ort-session-20260911/ort/onnxruntime/core/mlas/lib/snchwc.cpp:369:39: note: shadowed declaration is here
  369 |     const MLAS_NCHWC_CONV_WORK_BLOCK* WorkBlock;
      |                                       ^~~~~~~~~
/dev/shm/velavision-ort-session-20260911/ort/onnxruntime/core/mlas/lib/snchwc.cpp: In constructor 'MLAS_NCHWC_GROUPED_CONV_ALGORITHM::MLAS_NCHWC_GROUPED_CONV_ALGORITHM(const MLAS_NCHWC_CONV_WORK_BLOCK*)':
/dev/shm/velavision-ort-session-20260911/ort/onnxruntime/core/mlas/lib/snchwc.cpp:534:73: warning: declaration of 'WorkBlock' shadows a member of 'MLAS_NCHWC_GROUPED_CONV_ALGORITHM' [-Wshadow]
  534 |     MLAS_NCHWC_GROUPED_CONV_ALGORITHM(const MLAS_NCHWC_CONV_WORK_BLOCK* WorkBlock) :
      |                                       ~~~~~~~~~~~~~~~~~~~~~~~~~~~~~~~~~~^~~~~~~~~
/dev/shm/velavision-ort-session-20260911/ort/onnxruntime/core/mlas/lib/snchwc.cpp:369:39: note: shadowed declaration is here
  369 |     const MLAS_NCHWC_CONV_WORK_BLOCK* WorkBlock;
      |                                       ^~~~~~~~~
/dev/shm/velavision-ort-session-20260911/ort/onnxruntime/core/mlas/lib/snchwc.cpp: In constructor 'MLAS_NCHWC_GROUPED_CONV_ALGORITHM::MLAS_NCHWC_GROUPED_CONV_ALGORITHM(const MLAS_NCHWC_CONV_WORK_BLOCK*)':
/dev/shm/velavision-ort-session-20260911/ort/onnxruntime/core/mlas/lib/snchwc.cpp:534:73: warning: declaration of 'WorkBlock' shadows a member of 'MLAS_NCHWC_GROUPED_CONV_ALGORITHM' [-Wshadow]
  534 |     MLAS_NCHWC_GROUPED_CONV_ALGORITHM(const MLAS_NCHWC_CONV_WORK_BLOCK* WorkBlock) :
      |                                       ~~~~~~~~~~~~~~~~~~~~~~~~~~~~~~~~~~^~~~~~~~~
/dev/shm/velavision-ort-session-20260911/ort/onnxruntime/core/mlas/lib/snchwc.cpp:369:39: note: shadowed declaration is here
  369 |     const MLAS_NCHWC_CONV_WORK_BLOCK* WorkBlock;
      |                                       ^~~~~~~~~
/dev/shm/velavision-ort-session-20260911/ort/onnxruntime/core/mlas/lib/snchwc.cpp: In constructor 'MLAS_NCHWC_CONV_NCHWC_ALGORITHM::MLAS_NCHWC_CONV_NCHWC_ALGORITHM(const MLAS_NCHWC_CONV_WORK_BLOCK*)':
/dev/shm/velavision-ort-session-20260911/ort/onnxruntime/core/mlas/lib/snchwc.cpp:650:71: warning: declaration of 'WorkBlock' shadows a member of 'MLAS_NCHWC_CONV_NCHWC_ALGORITHM' [-Wshadow]
  650 |     MLAS_NCHWC_CONV_NCHWC_ALGORITHM(const MLAS_NCHWC_CONV_WORK_BLOCK* WorkBlock) :
      |                                     ~~~~~~~~~~~~~~~~~~~~~~~~~~~~~~~~~~^~~~~~~~~
/dev/shm/velavision-ort-session-20260911/ort/onnxruntime/core/mlas/lib/snchwc.cpp:369:39: note: shadowed declaration is here
  369 |     const MLAS_NCHWC_CONV_WORK_BLOCK* WorkBlock;
      |                                       ^~~~~~~~~
/dev/shm/velavision-ort-session-20260911/ort/onnxruntime/core/mlas/lib/snchwc.cpp: In constructor 'MLAS_NCHWC_CONV_NCHWC_ALGORITHM::MLAS_NCHWC_CONV_NCHWC_ALGORITHM(const MLAS_NCHWC_CONV_WORK_BLOCK*)':
/dev/shm/velavision-ort-session-20260911/ort/onnxruntime/core/mlas/lib/snchwc.cpp:650:71: warning: declaration of 'WorkBlock' shadows a member of 'MLAS_NCHWC_CONV_NCHWC_ALGORITHM' [-Wshadow]
  650 |     MLAS_NCHWC_CONV_NCHWC_ALGORITHM(const MLAS_NCHWC_CONV_WORK_BLOCK* WorkBlock) :
      |                                     ~~~~~~~~~~~~~~~~~~~~~~~~~~~~~~~~~~^~~~~~~~~
/dev/shm/velavision-ort-session-20260911/ort/onnxruntime/core/mlas/lib/snchwc.cpp:369:39: note: shadowed declaration is here
  369 |     const MLAS_NCHWC_CONV_WORK_BLOCK* WorkBlock;
      |                                       ^~~~~~~~~
/dev/shm/velavision-ort-session-20260911/ort/onnxruntime/core/mlas/lib/snchwc.cpp: In constructor 'MLAS_NCHWC_CONV_NCHWC_ALGORITHM::MLAS_NCHWC_CONV_NCHWC_ALGORITHM(const MLAS_NCHWC_CONV_WORK_BLOCK*)':
/dev/shm/velavision-ort-session-20260911/ort/onnxruntime/core/mlas/lib/snchwc.cpp:650:71: warning: declaration of 'WorkBlock' shadows a member of 'MLAS_NCHWC_CONV_NCHWC_ALGORITHM' [-Wshadow]
  650 |     MLAS_NCHWC_CONV_NCHWC_ALGORITHM(const MLAS_NCHWC_CONV_WORK_BLOCK* WorkBlock) :
      |                                     ~~~~~~~~~~~~~~~~~~~~~~~~~~~~~~~~~~^~~~~~~~~
/dev/shm/velavision-ort-session-20260911/ort/onnxruntime/core/mlas/lib/snchwc.cpp:369:39: note: shadowed declaration is here
  369 |     const MLAS_NCHWC_CONV_WORK_BLOCK* WorkBlock;
      |                                       ^~~~~~~~~
/dev/shm/velavision-ort-session-20260911/ort/onnxruntime/core/mlas/lib/snchwc.cpp: In constructor 'MLAS_NCHWC_CONV_NCHW_ALGORITHM::MLAS_NCHWC_CONV_NCHW_ALGORITHM(const MLAS_NCHWC_CONV_WORK_BLOCK*)':
/dev/shm/velavision-ort-session-20260911/ort/onnxruntime/core/mlas/lib/snchwc.cpp:760:70: warning: declaration of 'WorkBlock' shadows a member of 'MLAS_NCHWC_CONV_NCHW_ALGORITHM' [-Wshadow]
  760 |     MLAS_NCHWC_CONV_NCHW_ALGORITHM(const MLAS_NCHWC_CONV_WORK_BLOCK* WorkBlock) :
      |                                    ~~~~~~~~~~~~~~~~~~~~~~~~~~~~~~~~~~^~~~~~~~~
/dev/shm/velavision-ort-session-20260911/ort/onnxruntime/core/mlas/lib/snchwc.cpp:369:39: note: shadowed declaration is here
  369 |     const MLAS_NCHWC_CONV_WORK_BLOCK* WorkBlock;
      |                                       ^~~~~~~~~
/dev/shm/velavision-ort-session-20260911/ort/onnxruntime/core/mlas/lib/snchwc.cpp: In constructor 'MLAS_NCHWC_CONV_NCHW_ALGORITHM::MLAS_NCHWC_CONV_NCHW_ALGORITHM(const MLAS_NCHWC_CONV_WORK_BLOCK*)':
/dev/shm/velavision-ort-session-20260911/ort/onnxruntime/core/mlas/lib/snchwc.cpp:760:70: warning: declaration of 'WorkBlock' shadows a member of 'MLAS_NCHWC_CONV_NCHW_ALGORITHM' [-Wshadow]
  760 |     MLAS_NCHWC_CONV_NCHW_ALGORITHM(const MLAS_NCHWC_CONV_WORK_BLOCK* WorkBlock) :
      |                                    ~~~~~~~~~~~~~~~~~~~~~~~~~~~~~~~~~~^~~~~~~~~
/dev/shm/velavision-ort-session-20260911/ort/onnxruntime/core/mlas/lib/snchwc.cpp:369:39: note: shadowed declaration is here
  369 |     const MLAS_NCHWC_CONV_WORK_BLOCK* WorkBlock;
      |                                       ^~~~~~~~~
/dev/shm/velavision-ort-session-20260911/ort/onnxruntime/core/mlas/lib/snchwc.cpp: In constructor 'MLAS_NCHWC_CONV_NCHW_ALGORITHM::MLAS_NCHWC_CONV_NCHW_ALGORITHM(const MLAS_NCHWC_CONV_WORK_BLOCK*)':
/dev/shm/velavision-ort-session-20260911/ort/onnxruntime/core/mlas/lib/snchwc.cpp:760:70: warning: declaration of 'WorkBlock' shadows a member of 'MLAS_NCHWC_CONV_NCHW_ALGORITHM' [-Wshadow]
  760 |     MLAS_NCHWC_CONV_NCHW_ALGORITHM(const MLAS_NCHWC_CONV_WORK_BLOCK* WorkBlock) :
      |                                    ~~~~~~~~~~~~~~~~~~~~~~~~~~~~~~~~~~^~~~~~~~~
/dev/shm/velavision-ort-session-20260911/ort/onnxruntime/core/mlas/lib/snchwc.cpp:369:39: note: shadowed declaration is here
  369 |     const MLAS_NCHWC_CONV_WORK_BLOCK* WorkBlock;
      |                                       ^~~~~~~~~
/dev/shm/velavision-ort-session-20260911/ort/onnxruntime/core/mlas/lib/snchwc.cpp: In constructor 'MLAS_NCHWC_CONV_POINTWISE_ALGORITHM::MLAS_NCHWC_CONV_POINTWISE_ALGORITHM(const MLAS_NCHWC_CONV_WORK_BLOCK*)':
/dev/shm/velavision-ort-session-20260911/ort/onnxruntime/core/mlas/lib/snchwc.cpp:860:75: warning: declaration of 'WorkBlock' shadows a member of 'MLAS_NCHWC_CONV_POINTWISE_ALGORITHM' [-Wshadow]
  860 |     MLAS_NCHWC_CONV_POINTWISE_ALGORITHM(const MLAS_NCHWC_CONV_WORK_BLOCK* WorkBlock) :
      |                                         ~~~~~~~~~~~~~~~~~~~~~~~~~~~~~~~~~~^~~~~~~~~
/dev/shm/velavision-ort-session-20260911/ort/onnxruntime/core/mlas/lib/snchwc.cpp:369:39: note: shadowed declaration is here
  369 |     const MLAS_NCHWC_CONV_WORK_BLOCK* WorkBlock;
      |                                       ^~~~~~~~~
/dev/shm/velavision-ort-session-20260911/ort/onnxruntime/core/mlas/lib/snchwc.cpp: In constructor 'MLAS_NCHWC_CONV_POINTWISE_ALGORITHM::MLAS_NCHWC_CONV_POINTWISE_ALGORITHM(const MLAS_NCHWC_CONV_WORK_BLOCK*)':
/dev/shm/velavision-ort-session-20260911/ort/onnxruntime/core/mlas/lib/snchwc.cpp:860:75: warning: declaration of 'WorkBlock' shadows a member of 'MLAS_NCHWC_CONV_POINTWISE_ALGORITHM' [-Wshadow]
  860 |     MLAS_NCHWC_CONV_POINTWISE_ALGORITHM(const MLAS_NCHWC_CONV_WORK_BLOCK* WorkBlock) :
      |                                         ~~~~~~~~~~~~~~~~~~~~~~~~~~~~~~~~~~^~~~~~~~~
/dev/shm/velavision-ort-session-20260911/ort/onnxruntime/core/mlas/lib/snchwc.cpp:369:39: note: shadowed declaration is here
  369 |     const MLAS_NCHWC_CONV_WORK_BLOCK* WorkBlock;
      |                                       ^~~~~~~~~
/dev/shm/velavision-ort-session-20260911/ort/onnxruntime/core/mlas/lib/snchwc.cpp: In constructor 'MLAS_NCHWC_CONV_POINTWISE_ALGORITHM::MLAS_NCHWC_CONV_POINTWISE_ALGORITHM(const MLAS_NCHWC_CONV_WORK_BLOCK*)':
/dev/shm/velavision-ort-session-20260911/ort/onnxruntime/core/mlas/lib/snchwc.cpp:860:75: warning: declaration of 'WorkBlock' shadows a member of 'MLAS_NCHWC_CONV_POINTWISE_ALGORITHM' [-Wshadow]
  860 |     MLAS_NCHWC_CONV_POINTWISE_ALGORITHM(const MLAS_NCHWC_CONV_WORK_BLOCK* WorkBlock) :
      |                                         ~~~~~~~~~~~~~~~~~~~~~~~~~~~~~~~~~~^~~~~~~~~
/dev/shm/velavision-ort-session-20260911/ort/onnxruntime/core/mlas/lib/snchwc.cpp:369:39: note: shadowed declaration is here
  369 |     const MLAS_NCHWC_CONV_WORK_BLOCK* WorkBlock;
      |                                       ^~~~~~~~~
/dev/shm/velavision-ort-session-20260911/ort/onnxruntime/core/mlas/lib/snchwc.cpp: In constructor 'MLAS_NCHWC_CONV_DEPTHWISE_ALGORITHM::MLAS_NCHWC_CONV_DEPTHWISE_ALGORITHM(const MLAS_NCHWC_CONV_WORK_BLOCK*)':
/dev/shm/velavision-ort-session-20260911/ort/onnxruntime/core/mlas/lib/snchwc.cpp:968:75: warning: declaration of 'WorkBlock' shadows a member of 'MLAS_NCHWC_CONV_DEPTHWISE_ALGORITHM' [-Wshadow]
  968 |     MLAS_NCHWC_CONV_DEPTHWISE_ALGORITHM(const MLAS_NCHWC_CONV_WORK_BLOCK* WorkBlock) :
      |                                         ~~~~~~~~~~~~~~~~~~~~~~~~~~~~~~~~~~^~~~~~~~~
/dev/shm/velavision-ort-session-20260911/ort/onnxruntime/core/mlas/lib/snchwc.cpp:369:39: note: shadowed declaration is here
  369 |     const MLAS_NCHWC_CONV_WORK_BLOCK* WorkBlock;
      |                                       ^~~~~~~~~
/dev/shm/velavision-ort-session-20260911/ort/onnxruntime/core/mlas/lib/snchwc.cpp: In constructor 'MLAS_NCHWC_CONV_DEPTHWISE_ALGORITHM::MLAS_NCHWC_CONV_DEPTHWISE_ALGORITHM(const MLAS_NCHWC_CONV_WORK_BLOCK*)':
/dev/shm/velavision-ort-session-20260911/ort/onnxruntime/core/mlas/lib/snchwc.cpp:968:75: warning: declaration of 'WorkBlock' shadows a member of 'MLAS_NCHWC_CONV_DEPTHWISE_ALGORITHM' [-Wshadow]
  968 |     MLAS_NCHWC_CONV_DEPTHWISE_ALGORITHM(const MLAS_NCHWC_CONV_WORK_BLOCK* WorkBlock) :
      |                                         ~~~~~~~~~~~~~~~~~~~~~~~~~~~~~~~~~~^~~~~~~~~
/dev/shm/velavision-ort-session-20260911/ort/onnxruntime/core/mlas/lib/snchwc.cpp:369:39: note: shadowed declaration is here
  369 |     const MLAS_NCHWC_CONV_WORK_BLOCK* WorkBlock;
      |                                       ^~~~~~~~~
/dev/shm/velavision-ort-session-20260911/ort/onnxruntime/core/mlas/lib/snchwc.cpp: In constructor 'MLAS_NCHWC_CONV_DEPTHWISE_ALGORITHM::MLAS_NCHWC_CONV_DEPTHWISE_ALGORITHM(const MLAS_NCHWC_CONV_WORK_BLOCK*)':
/dev/shm/velavision-ort-session-20260911/ort/onnxruntime/core/mlas/lib/snchwc.cpp:968:75: warning: declaration of 'WorkBlock' shadows a member of 'MLAS_NCHWC_CONV_DEPTHWISE_ALGORITHM' [-Wshadow]
  968 |     MLAS_NCHWC_CONV_DEPTHWISE_ALGORITHM(const MLAS_NCHWC_CONV_WORK_BLOCK* WorkBlock) :
      |                                         ~~~~~~~~~~~~~~~~~~~~~~~~~~~~~~~~~~^~~~~~~~~
/dev/shm/velavision-ort-session-20260911/ort/onnxruntime/core/mlas/lib/snchwc.cpp:369:39: note: shadowed declaration is here
  369 |     const MLAS_NCHWC_CONV_WORK_BLOCK* WorkBlock;
      |                                       ^~~~~~~~~
/dev/shm/velavision-ort-session-20260911/ort/onnxruntime/core/mlas/lib/snchwc.cpp: In constructor 'MLAS_NCHWC_POOL_ALGORITHM::MLAS_NCHWC_POOL_ALGORITHM(const MLAS_NCHWC_POOL_WORK_BLOCK*)':
/dev/shm/velavision-ort-session-20260911/ort/onnxruntime/core/mlas/lib/snchwc.cpp:1102:65: warning: declaration of 'WorkBlock' shadows a member of 'MLAS_NCHWC_POOL_ALGORITHM' [-Wshadow]
 1102 |     MLAS_NCHWC_POOL_ALGORITHM(const MLAS_NCHWC_POOL_WORK_BLOCK* WorkBlock) :
      |                               ~~~~~~~~~~~~~~~~~~~~~~~~~~~~~~~~~~^~~~~~~~~
/dev/shm/velavision-ort-session-20260911/ort/onnxruntime/core/mlas/lib/snchwc.cpp:1100:39: note: shadowed declaration is here
 1100 |     const MLAS_NCHWC_POOL_WORK_BLOCK* WorkBlock;
      |                                       ^~~~~~~~~
/dev/shm/velavision-ort-session-20260911/ort/onnxruntime/core/mlas/lib/snchwc.cpp: In constructor 'MLAS_NCHWC_POOL_ALGORITHM::MLAS_NCHWC_POOL_ALGORITHM(const MLAS_NCHWC_POOL_WORK_BLOCK*)':
/dev/shm/velavision-ort-session-20260911/ort/onnxruntime/core/mlas/lib/snchwc.cpp:1102:65: warning: declaration of 'WorkBlock' shadows a member of 'MLAS_NCHWC_POOL_ALGORITHM' [-Wshadow]
 1102 |     MLAS_NCHWC_POOL_ALGORITHM(const MLAS_NCHWC_POOL_WORK_BLOCK* WorkBlock) :
      |                               ~~~~~~~~~~~~~~~~~~~~~~~~~~~~~~~~~~^~~~~~~~~
/dev/shm/velavision-ort-session-20260911/ort/onnxruntime/core/mlas/lib/snchwc.cpp:1100:39: note: shadowed declaration is here
 1100 |     const MLAS_NCHWC_POOL_WORK_BLOCK* WorkBlock;
      |                                       ^~~~~~~~~
/dev/shm/velavision-ort-session-20260911/ort/onnxruntime/core/mlas/lib/snchwc.cpp: In constructor 'MLAS_NCHWC_POOL_ALGORITHM::MLAS_NCHWC_POOL_ALGORITHM(const MLAS_NCHWC_POOL_WORK_BLOCK*)':
/dev/shm/velavision-ort-session-20260911/ort/onnxruntime/core/mlas/lib/snchwc.cpp:1102:65: warning: declaration of 'WorkBlock' shadows a member of 'MLAS_NCHWC_POOL_ALGORITHM' [-Wshadow]
 1102 |     MLAS_NCHWC_POOL_ALGORITHM(const MLAS_NCHWC_POOL_WORK_BLOCK* WorkBlock) :
      |                               ~~~~~~~~~~~~~~~~~~~~~~~~~~~~~~~~~~^~~~~~~~~
/dev/shm/velavision-ort-session-20260911/ort/onnxruntime/core/mlas/lib/snchwc.cpp:1100:39: note: shadowed declaration is here
 1100 |     const MLAS_NCHWC_POOL_WORK_BLOCK* WorkBlock;
      |                                       ^~~~~~~~~
[35/499] Building CXX object CMakeFiles/onnxruntime_mlas.dir/dev/shm/velavision-ort-session-20260911/ort/onnxruntime/core/mlas/lib/activate.cpp.obj
In file included from /dev/shm/velavision-ort-session-20260911/ort/onnxruntime/core/mlas/lib/mlasi.h:37,
                 from /dev/shm/velavision-ort-session-20260911/ort/onnxruntime/core/mlas/lib/activate.cpp:17:
/dev/shm/velavision-ort-session-20260911/ort/onnxruntime/core/mlas/inc/mlas.h:28:6: warning: "_MSC_VER" is not defined, evaluates to 0 [-Wundef]
   28 | #if (_MSC_VER >= 800) || defined(_STDCALL_SUPPORTED)
      |      ^~~~~~~~
In file included from /dev/shm/velavision-ort-session-20260911/ort/include/onnxruntime/core/platform/threadpool.h:23,
                 from /dev/shm/velavision-ort-session-20260911/ort/onnxruntime/core/mlas/lib/mlasi.h:159:
/dev/shm/velavision-ort-session-20260911/ort/include/onnxruntime/core/common/common.h:88:6: warning: "_MSC_VER" is not defined, evaluates to 0 [-Wundef]
   88 | #if (_MSC_VER && !defined(__PRETTY_FUNCTION__))
      |      ^~~~~~~~
/dev/shm/velavision-ort-session-20260911/ort/onnxruntime/core/mlas/lib/mlasi.h:2477:8: warning: "__STDC_VERSION__" is not defined, evaluates to 0 [-Wundef]
 2477 | #elif (__STDC_VERSION__ >= 201112L) && !defined(__APPLE__)
      |        ^~~~~~~~~~~~~~~~
In file included from /dev/shm/velavision-ort-session-20260911/ort/include/onnxruntime/core/common/common.h:35:
/dev/shm/velavision-ort-session-20260911/ort/include/onnxruntime/core/common/code_location.h: In constructor 'onnxruntime::CodeLocation::CodeLocation(const char*, int, const char*, const std::__1::vector<std::__1::basic_string<char> >&)':
/dev/shm/velavision-ort-session-20260911/ort/include/onnxruntime/core/common/code_location.h:30:105: warning: declaration of 'stacktrace' shadows a member of 'onnxruntime::CodeLocation' [-Wshadow]
   30 |   CodeLocation(const char* file_path, const int line, const char* func, const std::vector<std::string>& stacktrace)
      |                                                                         ~~~~~~~~~~~~~~~~~~~~~~~~~~~~~~~~^~~~~~~~~~
/dev/shm/velavision-ort-session-20260911/ort/include/onnxruntime/core/common/code_location.h:55:34: note: shadowed declaration is here
   55 |   const std::vector<std::string> stacktrace;
      |                                  ^~~~~~~~~~
/dev/shm/velavision-ort-session-20260911/ort/include/onnxruntime/core/common/code_location.h: In constructor 'onnxruntime::CodeLocation::CodeLocation(const char*, int, const char*, const std::__1::vector<std::__1::basic_string<char> >&)':
/dev/shm/velavision-ort-session-20260911/ort/include/onnxruntime/core/common/code_location.h:30:105: warning: declaration of 'stacktrace' shadows a member of 'onnxruntime::CodeLocation' [-Wshadow]
   30 |   CodeLocation(const char* file_path, const int line, const char* func, const std::vector<std::string>& stacktrace)
      |                                                                         ~~~~~~~~~~~~~~~~~~~~~~~~~~~~~~~~^~~~~~~~~~
/dev/shm/velavision-ort-session-20260911/ort/include/onnxruntime/core/common/code_location.h:55:34: note: shadowed declaration is here
   55 |   const std::vector<std::string> stacktrace;
      |                                  ^~~~~~~~~~
/dev/shm/velavision-ort-session-20260911/ort/include/onnxruntime/core/common/code_location.h: In constructor 'onnxruntime::CodeLocation::CodeLocation(const char*, int, const char*, const std::__1::vector<std::__1::basic_string<char> >&)':
/dev/shm/velavision-ort-session-20260911/ort/include/onnxruntime/core/common/code_location.h:30:105: warning: declaration of 'stacktrace' shadows a member of 'onnxruntime::CodeLocation' [-Wshadow]
   30 |   CodeLocation(const char* file_path, const int line, const char* func, const std::vector<std::string>& stacktrace)
      |                                                                         ~~~~~~~~~~~~~~~~~~~~~~~~~~~~~~~~^~~~~~~~~~
/dev/shm/velavision-ort-session-20260911/ort/include/onnxruntime/core/common/code_location.h:55:34: note: shadowed declaration is here
   55 |   const std::vector<std::string> stacktrace;
      |                                  ^~~~~~~~~~
In file included from /dev/shm/velavision-ort-session-20260911/ort/include/onnxruntime/core/framework/float16.h:18,
                 from /dev/shm/velavision-ort-session-20260911/ort/onnxruntime/core/mlas/lib/mlasi.h:164:
/dev/shm/velavision-ort-session-20260911/ort/include/onnxruntime/core/session/onnxruntime_float16.h: In lambda function:
/dev/shm/velavision-ort-session-20260911/ort/include/onnxruntime/core/session/onnxruntime_float16.h:493:16: warning: declaration of 'result' shadows a previous local [-Wshadow]
  493 |       uint16_t result;
      |                ^~~~~~
/dev/shm/velavision-ort-session-20260911/ort/include/onnxruntime/core/session/onnxruntime_float16.h:488:12: note: shadowed declaration is here
  488 |   uint16_t result;
      |            ^~~~~~
[36/499] Building CXX object CMakeFiles/onnxruntime_mlas.dir/dev/shm/velavision-ort-session-20260911/ort/onnxruntime/core/mlas/lib/logistic.cpp.obj
In file included from /dev/shm/velavision-ort-session-20260911/ort/onnxruntime/core/mlas/lib/mlasi.h:37,
                 from /dev/shm/velavision-ort-session-20260911/ort/onnxruntime/core/mlas/lib/logistic.cpp:23:
/dev/shm/velavision-ort-session-20260911/ort/onnxruntime/core/mlas/inc/mlas.h:28:6: warning: "_MSC_VER" is not defined, evaluates to 0 [-Wundef]
   28 | #if (_MSC_VER >= 800) || defined(_STDCALL_SUPPORTED)
      |      ^~~~~~~~
In file included from /dev/shm/velavision-ort-session-20260911/ort/include/onnxruntime/core/platform/threadpool.h:23,
                 from /dev/shm/velavision-ort-session-20260911/ort/onnxruntime/core/mlas/lib/mlasi.h:159:
/dev/shm/velavision-ort-session-20260911/ort/include/onnxruntime/core/common/common.h:88:6: warning: "_MSC_VER" is not defined, evaluates to 0 [-Wundef]
   88 | #if (_MSC_VER && !defined(__PRETTY_FUNCTION__))
      |      ^~~~~~~~
/dev/shm/velavision-ort-session-20260911/ort/onnxruntime/core/mlas/lib/mlasi.h:2477:8: warning: "__STDC_VERSION__" is not defined, evaluates to 0 [-Wundef]
 2477 | #elif (__STDC_VERSION__ >= 201112L) && !defined(__APPLE__)
      |        ^~~~~~~~~~~~~~~~
In file included from /dev/shm/velavision-ort-session-20260911/ort/include/onnxruntime/core/common/common.h:35:
/dev/shm/velavision-ort-session-20260911/ort/include/onnxruntime/core/common/code_location.h: In constructor 'onnxruntime::CodeLocation::CodeLocation(const char*, int, const char*, const std::__1::vector<std::__1::basic_string<char> >&)':
/dev/shm/velavision-ort-session-20260911/ort/include/onnxruntime/core/common/code_location.h:30:105: warning: declaration of 'stacktrace' shadows a member of 'onnxruntime::CodeLocation' [-Wshadow]
   30 |   CodeLocation(const char* file_path, const int line, const char* func, const std::vector<std::string>& stacktrace)
      |                                                                         ~~~~~~~~~~~~~~~~~~~~~~~~~~~~~~~~^~~~~~~~~~
/dev/shm/velavision-ort-session-20260911/ort/include/onnxruntime/core/common/code_location.h:55:34: note: shadowed declaration is here
   55 |   const std::vector<std::string> stacktrace;
      |                                  ^~~~~~~~~~
/dev/shm/velavision-ort-session-20260911/ort/include/onnxruntime/core/common/code_location.h: In constructor 'onnxruntime::CodeLocation::CodeLocation(const char*, int, const char*, const std::__1::vector<std::__1::basic_string<char> >&)':
/dev/shm/velavision-ort-session-20260911/ort/include/onnxruntime/core/common/code_location.h:30:105: warning: declaration of 'stacktrace' shadows a member of 'onnxruntime::CodeLocation' [-Wshadow]
   30 |   CodeLocation(const char* file_path, const int line, const char* func, const std::vector<std::string>& stacktrace)
      |                                                                         ~~~~~~~~~~~~~~~~~~~~~~~~~~~~~~~~^~~~~~~~~~
/dev/shm/velavision-ort-session-20260911/ort/include/onnxruntime/core/common/code_location.h:55:34: note: shadowed declaration is here
   55 |   const std::vector<std::string> stacktrace;
      |                                  ^~~~~~~~~~
/dev/shm/velavision-ort-session-20260911/ort/include/onnxruntime/core/common/code_location.h: In constructor 'onnxruntime::CodeLocation::CodeLocation(const char*, int, const char*, const std::__1::vector<std::__1::basic_string<char> >&)':
/dev/shm/velavision-ort-session-20260911/ort/include/onnxruntime/core/common/code_location.h:30:105: warning: declaration of 'stacktrace' shadows a member of 'onnxruntime::CodeLocation' [-Wshadow]
   30 |   CodeLocation(const char* file_path, const int line, const char* func, const std::vector<std::string>& stacktrace)
      |                                                                         ~~~~~~~~~~~~~~~~~~~~~~~~~~~~~~~~^~~~~~~~~~
/dev/shm/velavision-ort-session-20260911/ort/include/onnxruntime/core/common/code_location.h:55:34: note: shadowed declaration is here
   55 |   const std::vector<std::string> stacktrace;
      |                                  ^~~~~~~~~~
In file included from /dev/shm/velavision-ort-session-20260911/ort/include/onnxruntime/core/framework/float16.h:18,
                 from /dev/shm/velavision-ort-session-20260911/ort/onnxruntime/core/mlas/lib/mlasi.h:164:
/dev/shm/velavision-ort-session-20260911/ort/include/onnxruntime/core/session/onnxruntime_float16.h: In lambda function:
/dev/shm/velavision-ort-session-20260911/ort/include/onnxruntime/core/session/onnxruntime_float16.h:493:16: warning: declaration of 'result' shadows a previous local [-Wshadow]
  493 |       uint16_t result;
      |                ^~~~~~
/dev/shm/velavision-ort-session-20260911/ort/include/onnxruntime/core/session/onnxruntime_float16.h:488:12: note: shadowed declaration is here
  488 |   uint16_t result;
      |            ^~~~~~
[37/499] Building CXX object CMakeFiles/onnxruntime_mlas.dir/dev/shm/velavision-ort-session-20260911/ort/onnxruntime/core/mlas/lib/tanh.cpp.obj
In file included from /dev/shm/velavision-ort-session-20260911/ort/onnxruntime/core/mlas/lib/mlasi.h:37,
                 from /dev/shm/velavision-ort-session-20260911/ort/onnxruntime/core/mlas/lib/tanh.cpp:23:
/dev/shm/velavision-ort-session-20260911/ort/onnxruntime/core/mlas/inc/mlas.h:28:6: warning: "_MSC_VER" is not defined, evaluates to 0 [-Wundef]
   28 | #if (_MSC_VER >= 800) || defined(_STDCALL_SUPPORTED)
      |      ^~~~~~~~
In file included from /dev/shm/velavision-ort-session-20260911/ort/include/onnxruntime/core/platform/threadpool.h:23,
                 from /dev/shm/velavision-ort-session-20260911/ort/onnxruntime/core/mlas/lib/mlasi.h:159:
/dev/shm/velavision-ort-session-20260911/ort/include/onnxruntime/core/common/common.h:88:6: warning: "_MSC_VER" is not defined, evaluates to 0 [-Wundef]
   88 | #if (_MSC_VER && !defined(__PRETTY_FUNCTION__))
      |      ^~~~~~~~
/dev/shm/velavision-ort-session-20260911/ort/onnxruntime/core/mlas/lib/mlasi.h:2477:8: warning: "__STDC_VERSION__" is not defined, evaluates to 0 [-Wundef]
 2477 | #elif (__STDC_VERSION__ >= 201112L) && !defined(__APPLE__)
      |        ^~~~~~~~~~~~~~~~
In file included from /dev/shm/velavision-ort-session-20260911/ort/include/onnxruntime/core/common/common.h:35:
/dev/shm/velavision-ort-session-20260911/ort/include/onnxruntime/core/common/code_location.h: In constructor 'onnxruntime::CodeLocation::CodeLocation(const char*, int, const char*, const std::__1::vector<std::__1::basic_string<char> >&)':
/dev/shm/velavision-ort-session-20260911/ort/include/onnxruntime/core/common/code_location.h:30:105: warning: declaration of 'stacktrace' shadows a member of 'onnxruntime::CodeLocation' [-Wshadow]
   30 |   CodeLocation(const char* file_path, const int line, const char* func, const std::vector<std::string>& stacktrace)
      |                                                                         ~~~~~~~~~~~~~~~~~~~~~~~~~~~~~~~~^~~~~~~~~~
/dev/shm/velavision-ort-session-20260911/ort/include/onnxruntime/core/common/code_location.h:55:34: note: shadowed declaration is here
   55 |   const std::vector<std::string> stacktrace;
      |                                  ^~~~~~~~~~
/dev/shm/velavision-ort-session-20260911/ort/include/onnxruntime/core/common/code_location.h: In constructor 'onnxruntime::CodeLocation::CodeLocation(const char*, int, const char*, const std::__1::vector<std::__1::basic_string<char> >&)':
/dev/shm/velavision-ort-session-20260911/ort/include/onnxruntime/core/common/code_location.h:30:105: warning: declaration of 'stacktrace' shadows a member of 'onnxruntime::CodeLocation' [-Wshadow]
   30 |   CodeLocation(const char* file_path, const int line, const char* func, const std::vector<std::string>& stacktrace)
      |                                                                         ~~~~~~~~~~~~~~~~~~~~~~~~~~~~~~~~^~~~~~~~~~
/dev/shm/velavision-ort-session-20260911/ort/include/onnxruntime/core/common/code_location.h:55:34: note: shadowed declaration is here
   55 |   const std::vector<std::string> stacktrace;
      |                                  ^~~~~~~~~~
/dev/shm/velavision-ort-session-20260911/ort/include/onnxruntime/core/common/code_location.h: In constructor 'onnxruntime::CodeLocation::CodeLocation(const char*, int, const char*, const std::__1::vector<std::__1::basic_string<char> >&)':
/dev/shm/velavision-ort-session-20260911/ort/include/onnxruntime/core/common/code_location.h:30:105: warning: declaration of 'stacktrace' shadows a member of 'onnxruntime::CodeLocation' [-Wshadow]
   30 |   CodeLocation(const char* file_path, const int line, const char* func, const std::vector<std::string>& stacktrace)
      |                                                                         ~~~~~~~~~~~~~~~~~~~~~~~~~~~~~~~~^~~~~~~~~~
/dev/shm/velavision-ort-session-20260911/ort/include/onnxruntime/core/common/code_location.h:55:34: note: shadowed declaration is here
   55 |   const std::vector<std::string> stacktrace;
      |                                  ^~~~~~~~~~
In file included from /dev/shm/velavision-ort-session-20260911/ort/include/onnxruntime/core/framework/float16.h:18,
                 from /dev/shm/velavision-ort-session-20260911/ort/onnxruntime/core/mlas/lib/mlasi.h:164:
/dev/shm/velavision-ort-session-20260911/ort/include/onnxruntime/core/session/onnxruntime_float16.h: In lambda function:
/dev/shm/velavision-ort-session-20260911/ort/include/onnxruntime/core/session/onnxruntime_float16.h:493:16: warning: declaration of 'result' shadows a previous local [-Wshadow]
  493 |       uint16_t result;
      |                ^~~~~~
/dev/shm/velavision-ort-session-20260911/ort/include/onnxruntime/core/session/onnxruntime_float16.h:488:12: note: shadowed declaration is here
  488 |   uint16_t result;
      |            ^~~~~~
[38/499] Building CXX object CMakeFiles/onnxruntime_mlas.dir/dev/shm/velavision-ort-session-20260911/ort/onnxruntime/core/mlas/lib/erf.cpp.obj
In file included from /dev/shm/velavision-ort-session-20260911/ort/onnxruntime/core/mlas/lib/mlasi.h:37,
                 from /dev/shm/velavision-ort-session-20260911/ort/onnxruntime/core/mlas/lib/erf.cpp:24:
/dev/shm/velavision-ort-session-20260911/ort/onnxruntime/core/mlas/inc/mlas.h:28:6: warning: "_MSC_VER" is not defined, evaluates to 0 [-Wundef]
   28 | #if (_MSC_VER >= 800) || defined(_STDCALL_SUPPORTED)
      |      ^~~~~~~~
In file included from /dev/shm/velavision-ort-session-20260911/ort/include/onnxruntime/core/platform/threadpool.h:23,
                 from /dev/shm/velavision-ort-session-20260911/ort/onnxruntime/core/mlas/lib/mlasi.h:159:
/dev/shm/velavision-ort-session-20260911/ort/include/onnxruntime/core/common/common.h:88:6: warning: "_MSC_VER" is not defined, evaluates to 0 [-Wundef]
   88 | #if (_MSC_VER && !defined(__PRETTY_FUNCTION__))
      |      ^~~~~~~~
/dev/shm/velavision-ort-session-20260911/ort/onnxruntime/core/mlas/lib/mlasi.h:2477:8: warning: "__STDC_VERSION__" is not defined, evaluates to 0 [-Wundef]
 2477 | #elif (__STDC_VERSION__ >= 201112L) && !defined(__APPLE__)
      |        ^~~~~~~~~~~~~~~~
In file included from /dev/shm/velavision-ort-session-20260911/ort/include/onnxruntime/core/common/common.h:35:
/dev/shm/velavision-ort-session-20260911/ort/include/onnxruntime/core/common/code_location.h: In constructor 'onnxruntime::CodeLocation::CodeLocation(const char*, int, const char*, const std::__1::vector<std::__1::basic_string<char> >&)':
/dev/shm/velavision-ort-session-20260911/ort/include/onnxruntime/core/common/code_location.h:30:105: warning: declaration of 'stacktrace' shadows a member of 'onnxruntime::CodeLocation' [-Wshadow]
   30 |   CodeLocation(const char* file_path, const int line, const char* func, const std::vector<std::string>& stacktrace)
      |                                                                         ~~~~~~~~~~~~~~~~~~~~~~~~~~~~~~~~^~~~~~~~~~
/dev/shm/velavision-ort-session-20260911/ort/include/onnxruntime/core/common/code_location.h:55:34: note: shadowed declaration is here
   55 |   const std::vector<std::string> stacktrace;
      |                                  ^~~~~~~~~~
/dev/shm/velavision-ort-session-20260911/ort/include/onnxruntime/core/common/code_location.h: In constructor 'onnxruntime::CodeLocation::CodeLocation(const char*, int, const char*, const std::__1::vector<std::__1::basic_string<char> >&)':
/dev/shm/velavision-ort-session-20260911/ort/include/onnxruntime/core/common/code_location.h:30:105: warning: declaration of 'stacktrace' shadows a member of 'onnxruntime::CodeLocation' [-Wshadow]
   30 |   CodeLocation(const char* file_path, const int line, const char* func, const std::vector<std::string>& stacktrace)
      |                                                                         ~~~~~~~~~~~~~~~~~~~~~~~~~~~~~~~~^~~~~~~~~~
/dev/shm/velavision-ort-session-20260911/ort/include/onnxruntime/core/common/code_location.h:55:34: note: shadowed declaration is here
   55 |   const std::vector<std::string> stacktrace;
      |                                  ^~~~~~~~~~
/dev/shm/velavision-ort-session-20260911/ort/include/onnxruntime/core/common/code_location.h: In constructor 'onnxruntime::CodeLocation::CodeLocation(const char*, int, const char*, const std::__1::vector<std::__1::basic_string<char> >&)':
/dev/shm/velavision-ort-session-20260911/ort/include/onnxruntime/core/common/code_location.h:30:105: warning: declaration of 'stacktrace' shadows a member of 'onnxruntime::CodeLocation' [-Wshadow]
   30 |   CodeLocation(const char* file_path, const int line, const char* func, const std::vector<std::string>& stacktrace)
      |                                                                         ~~~~~~~~~~~~~~~~~~~~~~~~~~~~~~~~^~~~~~~~~~
/dev/shm/velavision-ort-session-20260911/ort/include/onnxruntime/core/common/code_location.h:55:34: note: shadowed declaration is here
   55 |   const std::vector<std::string> stacktrace;
      |                                  ^~~~~~~~~~
In file included from /dev/shm/velavision-ort-session-20260911/ort/include/onnxruntime/core/framework/float16.h:18,
                 from /dev/shm/velavision-ort-session-20260911/ort/onnxruntime/core/mlas/lib/mlasi.h:164:
/dev/shm/velavision-ort-session-20260911/ort/include/onnxruntime/core/session/onnxruntime_float16.h: In lambda function:
/dev/shm/velavision-ort-session-20260911/ort/include/onnxruntime/core/session/onnxruntime_float16.h:493:16: warning: declaration of 'result' shadows a previous local [-Wshadow]
  493 |       uint16_t result;
      |                ^~~~~~
/dev/shm/velavision-ort-session-20260911/ort/include/onnxruntime/core/session/onnxruntime_float16.h:488:12: note: shadowed declaration is here
  488 |   uint16_t result;
      |            ^~~~~~
[39/499] Building CXX object CMakeFiles/onnxruntime_mlas.dir/dev/shm/velavision-ort-session-20260911/ort/onnxruntime/core/mlas/lib/compute.cpp.obj
In file included from /dev/shm/velavision-ort-session-20260911/ort/onnxruntime/core/mlas/lib/mlasi.h:37,
                 from /dev/shm/velavision-ort-session-20260911/ort/onnxruntime/core/mlas/lib/compute.cpp:22:
/dev/shm/velavision-ort-session-20260911/ort/onnxruntime/core/mlas/inc/mlas.h:28:6: warning: "_MSC_VER" is not defined, evaluates to 0 [-Wundef]
   28 | #if (_MSC_VER >= 800) || defined(_STDCALL_SUPPORTED)
      |      ^~~~~~~~
In file included from /dev/shm/velavision-ort-session-20260911/ort/include/onnxruntime/core/platform/threadpool.h:23,
                 from /dev/shm/velavision-ort-session-20260911/ort/onnxruntime/core/mlas/lib/mlasi.h:159:
/dev/shm/velavision-ort-session-20260911/ort/include/onnxruntime/core/common/common.h:88:6: warning: "_MSC_VER" is not defined, evaluates to 0 [-Wundef]
   88 | #if (_MSC_VER && !defined(__PRETTY_FUNCTION__))
      |      ^~~~~~~~
/dev/shm/velavision-ort-session-20260911/ort/onnxruntime/core/mlas/lib/mlasi.h:2477:8: warning: "__STDC_VERSION__" is not defined, evaluates to 0 [-Wundef]
 2477 | #elif (__STDC_VERSION__ >= 201112L) && !defined(__APPLE__)
      |        ^~~~~~~~~~~~~~~~
In file included from /dev/shm/velavision-ort-session-20260911/ort/include/onnxruntime/core/common/common.h:35:
/dev/shm/velavision-ort-session-20260911/ort/include/onnxruntime/core/common/code_location.h: In constructor 'onnxruntime::CodeLocation::CodeLocation(const char*, int, const char*, const std::__1::vector<std::__1::basic_string<char> >&)':
/dev/shm/velavision-ort-session-20260911/ort/include/onnxruntime/core/common/code_location.h:30:105: warning: declaration of 'stacktrace' shadows a member of 'onnxruntime::CodeLocation' [-Wshadow]
   30 |   CodeLocation(const char* file_path, const int line, const char* func, const std::vector<std::string>& stacktrace)
      |                                                                         ~~~~~~~~~~~~~~~~~~~~~~~~~~~~~~~~^~~~~~~~~~
/dev/shm/velavision-ort-session-20260911/ort/include/onnxruntime/core/common/code_location.h:55:34: note: shadowed declaration is here
   55 |   const std::vector<std::string> stacktrace;
      |                                  ^~~~~~~~~~
/dev/shm/velavision-ort-session-20260911/ort/include/onnxruntime/core/common/code_location.h: In constructor 'onnxruntime::CodeLocation::CodeLocation(const char*, int, const char*, const std::__1::vector<std::__1::basic_string<char> >&)':
/dev/shm/velavision-ort-session-20260911/ort/include/onnxruntime/core/common/code_location.h:30:105: warning: declaration of 'stacktrace' shadows a member of 'onnxruntime::CodeLocation' [-Wshadow]
   30 |   CodeLocation(const char* file_path, const int line, const char* func, const std::vector<std::string>& stacktrace)
      |                                                                         ~~~~~~~~~~~~~~~~~~~~~~~~~~~~~~~~^~~~~~~~~~
/dev/shm/velavision-ort-session-20260911/ort/include/onnxruntime/core/common/code_location.h:55:34: note: shadowed declaration is here
   55 |   const std::vector<std::string> stacktrace;
      |                                  ^~~~~~~~~~
/dev/shm/velavision-ort-session-20260911/ort/include/onnxruntime/core/common/code_location.h: In constructor 'onnxruntime::CodeLocation::CodeLocation(const char*, int, const char*, const std::__1::vector<std::__1::basic_string<char> >&)':
/dev/shm/velavision-ort-session-20260911/ort/include/onnxruntime/core/common/code_location.h:30:105: warning: declaration of 'stacktrace' shadows a member of 'onnxruntime::CodeLocation' [-Wshadow]
   30 |   CodeLocation(const char* file_path, const int line, const char* func, const std::vector<std::string>& stacktrace)
      |                                                                         ~~~~~~~~~~~~~~~~~~~~~~~~~~~~~~~~^~~~~~~~~~
/dev/shm/velavision-ort-session-20260911/ort/include/onnxruntime/core/common/code_location.h:55:34: note: shadowed declaration is here
   55 |   const std::vector<std::string> stacktrace;
      |                                  ^~~~~~~~~~
In file included from /dev/shm/velavision-ort-session-20260911/ort/include/onnxruntime/core/framework/float16.h:18,
                 from /dev/shm/velavision-ort-session-20260911/ort/onnxruntime/core/mlas/lib/mlasi.h:164:
/dev/shm/velavision-ort-session-20260911/ort/include/onnxruntime/core/session/onnxruntime_float16.h: In lambda function:
/dev/shm/velavision-ort-session-20260911/ort/include/onnxruntime/core/session/onnxruntime_float16.h:493:16: warning: declaration of 'result' shadows a previous local [-Wshadow]
  493 |       uint16_t result;
      |                ^~~~~~
/dev/shm/velavision-ort-session-20260911/ort/include/onnxruntime/core/session/onnxruntime_float16.h:488:12: note: shadowed declaration is here
  488 |   uint16_t result;
      |            ^~~~~~
[40/499] Building CXX object CMakeFiles/onnxruntime_mlas.dir/dev/shm/velavision-ort-session-20260911/ort/onnxruntime/core/mlas/lib/quantize.cpp.obj
In file included from /dev/shm/velavision-ort-session-20260911/ort/onnxruntime/core/mlas/lib/mlasi.h:37,
                 from /dev/shm/velavision-ort-session-20260911/ort/onnxruntime/core/mlas/lib/quantize.cpp:21:
/dev/shm/velavision-ort-session-20260911/ort/onnxruntime/core/mlas/inc/mlas.h:28:6: warning: "_MSC_VER" is not defined, evaluates to 0 [-Wundef]
   28 | #if (_MSC_VER >= 800) || defined(_STDCALL_SUPPORTED)
      |      ^~~~~~~~
In file included from /dev/shm/velavision-ort-session-20260911/ort/include/onnxruntime/core/platform/threadpool.h:23,
                 from /dev/shm/velavision-ort-session-20260911/ort/onnxruntime/core/mlas/lib/mlasi.h:159:
/dev/shm/velavision-ort-session-20260911/ort/include/onnxruntime/core/common/common.h:88:6: warning: "_MSC_VER" is not defined, evaluates to 0 [-Wundef]
   88 | #if (_MSC_VER && !defined(__PRETTY_FUNCTION__))
      |      ^~~~~~~~
/dev/shm/velavision-ort-session-20260911/ort/onnxruntime/core/mlas/lib/mlasi.h:2477:8: warning: "__STDC_VERSION__" is not defined, evaluates to 0 [-Wundef]
 2477 | #elif (__STDC_VERSION__ >= 201112L) && !defined(__APPLE__)
      |        ^~~~~~~~~~~~~~~~
In file included from /dev/shm/velavision-ort-session-20260911/ort/include/onnxruntime/core/common/common.h:35:
/dev/shm/velavision-ort-session-20260911/ort/include/onnxruntime/core/common/code_location.h: In constructor 'onnxruntime::CodeLocation::CodeLocation(const char*, int, const char*, const std::__1::vector<std::__1::basic_string<char> >&)':
/dev/shm/velavision-ort-session-20260911/ort/include/onnxruntime/core/common/code_location.h:30:105: warning: declaration of 'stacktrace' shadows a member of 'onnxruntime::CodeLocation' [-Wshadow]
   30 |   CodeLocation(const char* file_path, const int line, const char* func, const std::vector<std::string>& stacktrace)
      |                                                                         ~~~~~~~~~~~~~~~~~~~~~~~~~~~~~~~~^~~~~~~~~~
/dev/shm/velavision-ort-session-20260911/ort/include/onnxruntime/core/common/code_location.h:55:34: note: shadowed declaration is here
   55 |   const std::vector<std::string> stacktrace;
      |                                  ^~~~~~~~~~
/dev/shm/velavision-ort-session-20260911/ort/include/onnxruntime/core/common/code_location.h: In constructor 'onnxruntime::CodeLocation::CodeLocation(const char*, int, const char*, const std::__1::vector<std::__1::basic_string<char> >&)':
/dev/shm/velavision-ort-session-20260911/ort/include/onnxruntime/core/common/code_location.h:30:105: warning: declaration of 'stacktrace' shadows a member of 'onnxruntime::CodeLocation' [-Wshadow]
   30 |   CodeLocation(const char* file_path, const int line, const char* func, const std::vector<std::string>& stacktrace)
      |                                                                         ~~~~~~~~~~~~~~~~~~~~~~~~~~~~~~~~^~~~~~~~~~
/dev/shm/velavision-ort-session-20260911/ort/include/onnxruntime/core/common/code_location.h:55:34: note: shadowed declaration is here
   55 |   const std::vector<std::string> stacktrace;
      |                                  ^~~~~~~~~~
/dev/shm/velavision-ort-session-20260911/ort/include/onnxruntime/core/common/code_location.h: In constructor 'onnxruntime::CodeLocation::CodeLocation(const char*, int, const char*, const std::__1::vector<std::__1::basic_string<char> >&)':
/dev/shm/velavision-ort-session-20260911/ort/include/onnxruntime/core/common/code_location.h:30:105: warning: declaration of 'stacktrace' shadows a member of 'onnxruntime::CodeLocation' [-Wshadow]
   30 |   CodeLocation(const char* file_path, const int line, const char* func, const std::vector<std::string>& stacktrace)
      |                                                                         ~~~~~~~~~~~~~~~~~~~~~~~~~~~~~~~~^~~~~~~~~~
/dev/shm/velavision-ort-session-20260911/ort/include/onnxruntime/core/common/code_location.h:55:34: note: shadowed declaration is here
   55 |   const std::vector<std::string> stacktrace;
      |                                  ^~~~~~~~~~
In file included from /dev/shm/velavision-ort-session-20260911/ort/include/onnxruntime/core/framework/float16.h:18,
                 from /dev/shm/velavision-ort-session-20260911/ort/onnxruntime/core/mlas/lib/mlasi.h:164:
/dev/shm/velavision-ort-session-20260911/ort/include/onnxruntime/core/session/onnxruntime_float16.h: In lambda function:
/dev/shm/velavision-ort-session-20260911/ort/include/onnxruntime/core/session/onnxruntime_float16.h:493:16: warning: declaration of 'result' shadows a previous local [-Wshadow]
  493 |       uint16_t result;
      |                ^~~~~~
/dev/shm/velavision-ort-session-20260911/ort/include/onnxruntime/core/session/onnxruntime_float16.h:488:12: note: shadowed declaration is here
  488 |   uint16_t result;
      |            ^~~~~~
[41/499] Building CXX object CMakeFiles/onnxruntime_mlas.dir/dev/shm/velavision-ort-session-20260911/ort/onnxruntime/core/mlas/lib/qgemm_kernel_default.cpp.obj
In file included from /dev/shm/velavision-ort-session-20260911/ort/onnxruntime/core/mlas/lib/mlasi.h:37,
                 from /dev/shm/velavision-ort-session-20260911/ort/onnxruntime/core/mlas/lib/qgemm_kernel_default.cpp:17:
/dev/shm/velavision-ort-session-20260911/ort/onnxruntime/core/mlas/inc/mlas.h:28:6: warning: "_MSC_VER" is not defined, evaluates to 0 [-Wundef]
   28 | #if (_MSC_VER >= 800) || defined(_STDCALL_SUPPORTED)
      |      ^~~~~~~~
In file included from /dev/shm/velavision-ort-session-20260911/ort/include/onnxruntime/core/platform/threadpool.h:23,
                 from /dev/shm/velavision-ort-session-20260911/ort/onnxruntime/core/mlas/lib/mlasi.h:159:
/dev/shm/velavision-ort-session-20260911/ort/include/onnxruntime/core/common/common.h:88:6: warning: "_MSC_VER" is not defined, evaluates to 0 [-Wundef]
   88 | #if (_MSC_VER && !defined(__PRETTY_FUNCTION__))
      |      ^~~~~~~~
/dev/shm/velavision-ort-session-20260911/ort/onnxruntime/core/mlas/lib/mlasi.h:2477:8: warning: "__STDC_VERSION__" is not defined, evaluates to 0 [-Wundef]
 2477 | #elif (__STDC_VERSION__ >= 201112L) && !defined(__APPLE__)
      |        ^~~~~~~~~~~~~~~~
In file included from /dev/shm/velavision-ort-session-20260911/ort/include/onnxruntime/core/common/common.h:35:
/dev/shm/velavision-ort-session-20260911/ort/include/onnxruntime/core/common/code_location.h: In constructor 'onnxruntime::CodeLocation::CodeLocation(const char*, int, const char*, const std::__1::vector<std::__1::basic_string<char> >&)':
/dev/shm/velavision-ort-session-20260911/ort/include/onnxruntime/core/common/code_location.h:30:105: warning: declaration of 'stacktrace' shadows a member of 'onnxruntime::CodeLocation' [-Wshadow]
   30 |   CodeLocation(const char* file_path, const int line, const char* func, const std::vector<std::string>& stacktrace)
      |                                                                         ~~~~~~~~~~~~~~~~~~~~~~~~~~~~~~~~^~~~~~~~~~
/dev/shm/velavision-ort-session-20260911/ort/include/onnxruntime/core/common/code_location.h:55:34: note: shadowed declaration is here
   55 |   const std::vector<std::string> stacktrace;
      |                                  ^~~~~~~~~~
/dev/shm/velavision-ort-session-20260911/ort/include/onnxruntime/core/common/code_location.h: In constructor 'onnxruntime::CodeLocation::CodeLocation(const char*, int, const char*, const std::__1::vector<std::__1::basic_string<char> >&)':
/dev/shm/velavision-ort-session-20260911/ort/include/onnxruntime/core/common/code_location.h:30:105: warning: declaration of 'stacktrace' shadows a member of 'onnxruntime::CodeLocation' [-Wshadow]
   30 |   CodeLocation(const char* file_path, const int line, const char* func, const std::vector<std::string>& stacktrace)
      |                                                                         ~~~~~~~~~~~~~~~~~~~~~~~~~~~~~~~~^~~~~~~~~~
/dev/shm/velavision-ort-session-20260911/ort/include/onnxruntime/core/common/code_location.h:55:34: note: shadowed declaration is here
   55 |   const std::vector<std::string> stacktrace;
      |                                  ^~~~~~~~~~
/dev/shm/velavision-ort-session-20260911/ort/include/onnxruntime/core/common/code_location.h: In constructor 'onnxruntime::CodeLocation::CodeLocation(const char*, int, const char*, const std::__1::vector<std::__1::basic_string<char> >&)':
/dev/shm/velavision-ort-session-20260911/ort/include/onnxruntime/core/common/code_location.h:30:105: warning: declaration of 'stacktrace' shadows a member of 'onnxruntime::CodeLocation' [-Wshadow]
   30 |   CodeLocation(const char* file_path, const int line, const char* func, const std::vector<std::string>& stacktrace)
      |                                                                         ~~~~~~~~~~~~~~~~~~~~~~~~~~~~~~~~^~~~~~~~~~
/dev/shm/velavision-ort-session-20260911/ort/include/onnxruntime/core/common/code_location.h:55:34: note: shadowed declaration is here
   55 |   const std::vector<std::string> stacktrace;
      |                                  ^~~~~~~~~~
In file included from /dev/shm/velavision-ort-session-20260911/ort/include/onnxruntime/core/framework/float16.h:18,
                 from /dev/shm/velavision-ort-session-20260911/ort/onnxruntime/core/mlas/lib/mlasi.h:164:
/dev/shm/velavision-ort-session-20260911/ort/include/onnxruntime/core/session/onnxruntime_float16.h: In lambda function:
/dev/shm/velavision-ort-session-20260911/ort/include/onnxruntime/core/session/onnxruntime_float16.h:493:16: warning: declaration of 'result' shadows a previous local [-Wshadow]
  493 |       uint16_t result;
      |                ^~~~~~
/dev/shm/velavision-ort-session-20260911/ort/include/onnxruntime/core/session/onnxruntime_float16.h:488:12: note: shadowed declaration is here
  488 |   uint16_t result;
      |            ^~~~~~
[42/499] Building CXX object CMakeFiles/onnxruntime_mlas.dir/dev/shm/velavision-ort-session-20260911/ort/onnxruntime/core/mlas/lib/qladd.cpp.obj
In file included from /dev/shm/velavision-ort-session-20260911/ort/onnxruntime/core/mlas/lib/mlasi.h:37,
                 from /dev/shm/velavision-ort-session-20260911/ort/onnxruntime/core/mlas/lib/qladd.h:20,
                 from /dev/shm/velavision-ort-session-20260911/ort/onnxruntime/core/mlas/lib/qladd.cpp:21:
/dev/shm/velavision-ort-session-20260911/ort/onnxruntime/core/mlas/inc/mlas.h:28:6: warning: "_MSC_VER" is not defined, evaluates to 0 [-Wundef]
   28 | #if (_MSC_VER >= 800) || defined(_STDCALL_SUPPORTED)
      |      ^~~~~~~~
In file included from /dev/shm/velavision-ort-session-20260911/ort/include/onnxruntime/core/platform/threadpool.h:23,
                 from /dev/shm/velavision-ort-session-20260911/ort/onnxruntime/core/mlas/lib/mlasi.h:159:
/dev/shm/velavision-ort-session-20260911/ort/include/onnxruntime/core/common/common.h:88:6: warning: "_MSC_VER" is not defined, evaluates to 0 [-Wundef]
   88 | #if (_MSC_VER && !defined(__PRETTY_FUNCTION__))
      |      ^~~~~~~~
/dev/shm/velavision-ort-session-20260911/ort/onnxruntime/core/mlas/lib/mlasi.h:2477:8: warning: "__STDC_VERSION__" is not defined, evaluates to 0 [-Wundef]
 2477 | #elif (__STDC_VERSION__ >= 201112L) && !defined(__APPLE__)
      |        ^~~~~~~~~~~~~~~~
In file included from /dev/shm/velavision-ort-session-20260911/ort/include/onnxruntime/core/common/common.h:35:
/dev/shm/velavision-ort-session-20260911/ort/include/onnxruntime/core/common/code_location.h: In constructor 'onnxruntime::CodeLocation::CodeLocation(const char*, int, const char*, const std::__1::vector<std::__1::basic_string<char> >&)':
/dev/shm/velavision-ort-session-20260911/ort/include/onnxruntime/core/common/code_location.h:30:105: warning: declaration of 'stacktrace' shadows a member of 'onnxruntime::CodeLocation' [-Wshadow]
   30 |   CodeLocation(const char* file_path, const int line, const char* func, const std::vector<std::string>& stacktrace)
      |                                                                         ~~~~~~~~~~~~~~~~~~~~~~~~~~~~~~~~^~~~~~~~~~
/dev/shm/velavision-ort-session-20260911/ort/include/onnxruntime/core/common/code_location.h:55:34: note: shadowed declaration is here
   55 |   const std::vector<std::string> stacktrace;
      |                                  ^~~~~~~~~~
/dev/shm/velavision-ort-session-20260911/ort/include/onnxruntime/core/common/code_location.h: In constructor 'onnxruntime::CodeLocation::CodeLocation(const char*, int, const char*, const std::__1::vector<std::__1::basic_string<char> >&)':
/dev/shm/velavision-ort-session-20260911/ort/include/onnxruntime/core/common/code_location.h:30:105: warning: declaration of 'stacktrace' shadows a member of 'onnxruntime::CodeLocation' [-Wshadow]
   30 |   CodeLocation(const char* file_path, const int line, const char* func, const std::vector<std::string>& stacktrace)
      |                                                                         ~~~~~~~~~~~~~~~~~~~~~~~~~~~~~~~~^~~~~~~~~~
/dev/shm/velavision-ort-session-20260911/ort/include/onnxruntime/core/common/code_location.h:55:34: note: shadowed declaration is here
   55 |   const std::vector<std::string> stacktrace;
      |                                  ^~~~~~~~~~
/dev/shm/velavision-ort-session-20260911/ort/include/onnxruntime/core/common/code_location.h: In constructor 'onnxruntime::CodeLocation::CodeLocation(const char*, int, const char*, const std::__1::vector<std::__1::basic_string<char> >&)':
/dev/shm/velavision-ort-session-20260911/ort/include/onnxruntime/core/common/code_location.h:30:105: warning: declaration of 'stacktrace' shadows a member of 'onnxruntime::CodeLocation' [-Wshadow]
   30 |   CodeLocation(const char* file_path, const int line, const char* func, const std::vector<std::string>& stacktrace)
      |                                                                         ~~~~~~~~~~~~~~~~~~~~~~~~~~~~~~~~^~~~~~~~~~
/dev/shm/velavision-ort-session-20260911/ort/include/onnxruntime/core/common/code_location.h:55:34: note: shadowed declaration is here
   55 |   const std::vector<std::string> stacktrace;
      |                                  ^~~~~~~~~~
In file included from /dev/shm/velavision-ort-session-20260911/ort/include/onnxruntime/core/framework/float16.h:18,
                 from /dev/shm/velavision-ort-session-20260911/ort/onnxruntime/core/mlas/lib/mlasi.h:164:
/dev/shm/velavision-ort-session-20260911/ort/include/onnxruntime/core/session/onnxruntime_float16.h: In lambda function:
/dev/shm/velavision-ort-session-20260911/ort/include/onnxruntime/core/session/onnxruntime_float16.h:493:16: warning: declaration of 'result' shadows a previous local [-Wshadow]
  493 |       uint16_t result;
      |                ^~~~~~
/dev/shm/velavision-ort-session-20260911/ort/include/onnxruntime/core/session/onnxruntime_float16.h:488:12: note: shadowed declaration is here
  488 |   uint16_t result;
      |            ^~~~~~
[43/499] Building CXX object CMakeFiles/onnxruntime_mlas.dir/dev/shm/velavision-ort-session-20260911/ort/onnxruntime/core/mlas/lib/qlmul.cpp.obj
In file included from /dev/shm/velavision-ort-session-20260911/ort/onnxruntime/core/mlas/lib/mlasi.h:37,
                 from /dev/shm/velavision-ort-session-20260911/ort/onnxruntime/core/mlas/lib/qladd.h:20,
                 from /dev/shm/velavision-ort-session-20260911/ort/onnxruntime/core/mlas/lib/qlmul.cpp:21:
/dev/shm/velavision-ort-session-20260911/ort/onnxruntime/core/mlas/inc/mlas.h:28:6: warning: "_MSC_VER" is not defined, evaluates to 0 [-Wundef]
   28 | #if (_MSC_VER >= 800) || defined(_STDCALL_SUPPORTED)
      |      ^~~~~~~~
In file included from /dev/shm/velavision-ort-session-20260911/ort/include/onnxruntime/core/platform/threadpool.h:23,
                 from /dev/shm/velavision-ort-session-20260911/ort/onnxruntime/core/mlas/lib/mlasi.h:159:
/dev/shm/velavision-ort-session-20260911/ort/include/onnxruntime/core/common/common.h:88:6: warning: "_MSC_VER" is not defined, evaluates to 0 [-Wundef]
   88 | #if (_MSC_VER && !defined(__PRETTY_FUNCTION__))
      |      ^~~~~~~~
/dev/shm/velavision-ort-session-20260911/ort/onnxruntime/core/mlas/lib/mlasi.h:2477:8: warning: "__STDC_VERSION__" is not defined, evaluates to 0 [-Wundef]
 2477 | #elif (__STDC_VERSION__ >= 201112L) && !defined(__APPLE__)
      |        ^~~~~~~~~~~~~~~~
In file included from /dev/shm/velavision-ort-session-20260911/ort/include/onnxruntime/core/common/common.h:35:
/dev/shm/velavision-ort-session-20260911/ort/include/onnxruntime/core/common/code_location.h: In constructor 'onnxruntime::CodeLocation::CodeLocation(const char*, int, const char*, const std::__1::vector<std::__1::basic_string<char> >&)':
/dev/shm/velavision-ort-session-20260911/ort/include/onnxruntime/core/common/code_location.h:30:105: warning: declaration of 'stacktrace' shadows a member of 'onnxruntime::CodeLocation' [-Wshadow]
   30 |   CodeLocation(const char* file_path, const int line, const char* func, const std::vector<std::string>& stacktrace)
      |                                                                         ~~~~~~~~~~~~~~~~~~~~~~~~~~~~~~~~^~~~~~~~~~
/dev/shm/velavision-ort-session-20260911/ort/include/onnxruntime/core/common/code_location.h:55:34: note: shadowed declaration is here
   55 |   const std::vector<std::string> stacktrace;
      |                                  ^~~~~~~~~~
/dev/shm/velavision-ort-session-20260911/ort/include/onnxruntime/core/common/code_location.h: In constructor 'onnxruntime::CodeLocation::CodeLocation(const char*, int, const char*, const std::__1::vector<std::__1::basic_string<char> >&)':
/dev/shm/velavision-ort-session-20260911/ort/include/onnxruntime/core/common/code_location.h:30:105: warning: declaration of 'stacktrace' shadows a member of 'onnxruntime::CodeLocation' [-Wshadow]
   30 |   CodeLocation(const char* file_path, const int line, const char* func, const std::vector<std::string>& stacktrace)
      |                                                                         ~~~~~~~~~~~~~~~~~~~~~~~~~~~~~~~~^~~~~~~~~~
/dev/shm/velavision-ort-session-20260911/ort/include/onnxruntime/core/common/code_location.h:55:34: note: shadowed declaration is here
   55 |   const std::vector<std::string> stacktrace;
      |                                  ^~~~~~~~~~
/dev/shm/velavision-ort-session-20260911/ort/include/onnxruntime/core/common/code_location.h: In constructor 'onnxruntime::CodeLocation::CodeLocation(const char*, int, const char*, const std::__1::vector<std::__1::basic_string<char> >&)':
/dev/shm/velavision-ort-session-20260911/ort/include/onnxruntime/core/common/code_location.h:30:105: warning: declaration of 'stacktrace' shadows a member of 'onnxruntime::CodeLocation' [-Wshadow]
   30 |   CodeLocation(const char* file_path, const int line, const char* func, const std::vector<std::string>& stacktrace)
      |                                                                         ~~~~~~~~~~~~~~~~~~~~~~~~~~~~~~~~^~~~~~~~~~
/dev/shm/velavision-ort-session-20260911/ort/include/onnxruntime/core/common/code_location.h:55:34: note: shadowed declaration is here
   55 |   const std::vector<std::string> stacktrace;
      |                                  ^~~~~~~~~~
In file included from /dev/shm/velavision-ort-session-20260911/ort/include/onnxruntime/core/framework/float16.h:18,
                 from /dev/shm/velavision-ort-session-20260911/ort/onnxruntime/core/mlas/lib/mlasi.h:164:
/dev/shm/velavision-ort-session-20260911/ort/include/onnxruntime/core/session/onnxruntime_float16.h: In lambda function:
/dev/shm/velavision-ort-session-20260911/ort/include/onnxruntime/core/session/onnxruntime_float16.h:493:16: warning: declaration of 'result' shadows a previous local [-Wshadow]
  493 |       uint16_t result;
      |                ^~~~~~
/dev/shm/velavision-ort-session-20260911/ort/include/onnxruntime/core/session/onnxruntime_float16.h:488:12: note: shadowed declaration is here
  488 |   uint16_t result;
      |            ^~~~~~
[44/499] Building CXX object CMakeFiles/onnxruntime_mlas.dir/dev/shm/velavision-ort-session-20260911/ort/onnxruntime/core/mlas/lib/qpostprocessor.cpp.obj
In file included from /dev/shm/velavision-ort-session-20260911/ort/onnxruntime/core/mlas/lib/mlasi.h:37,
                 from /dev/shm/velavision-ort-session-20260911/ort/onnxruntime/core/mlas/lib/qpostprocessor.cpp:17:
/dev/shm/velavision-ort-session-20260911/ort/onnxruntime/core/mlas/inc/mlas.h:28:6: warning: "_MSC_VER" is not defined, evaluates to 0 [-Wundef]
   28 | #if (_MSC_VER >= 800) || defined(_STDCALL_SUPPORTED)
      |      ^~~~~~~~
In file included from /dev/shm/velavision-ort-session-20260911/ort/include/onnxruntime/core/platform/threadpool.h:23,
                 from /dev/shm/velavision-ort-session-20260911/ort/onnxruntime/core/mlas/lib/mlasi.h:159:
/dev/shm/velavision-ort-session-20260911/ort/include/onnxruntime/core/common/common.h:88:6: warning: "_MSC_VER" is not defined, evaluates to 0 [-Wundef]
   88 | #if (_MSC_VER && !defined(__PRETTY_FUNCTION__))
      |      ^~~~~~~~
/dev/shm/velavision-ort-session-20260911/ort/onnxruntime/core/mlas/lib/mlasi.h:2477:8: warning: "__STDC_VERSION__" is not defined, evaluates to 0 [-Wundef]
 2477 | #elif (__STDC_VERSION__ >= 201112L) && !defined(__APPLE__)
      |        ^~~~~~~~~~~~~~~~
In file included from /dev/shm/velavision-ort-session-20260911/ort/include/onnxruntime/core/common/common.h:35:
/dev/shm/velavision-ort-session-20260911/ort/include/onnxruntime/core/common/code_location.h: In constructor 'onnxruntime::CodeLocation::CodeLocation(const char*, int, const char*, const std::__1::vector<std::__1::basic_string<char> >&)':
/dev/shm/velavision-ort-session-20260911/ort/include/onnxruntime/core/common/code_location.h:30:105: warning: declaration of 'stacktrace' shadows a member of 'onnxruntime::CodeLocation' [-Wshadow]
   30 |   CodeLocation(const char* file_path, const int line, const char* func, const std::vector<std::string>& stacktrace)
      |                                                                         ~~~~~~~~~~~~~~~~~~~~~~~~~~~~~~~~^~~~~~~~~~
/dev/shm/velavision-ort-session-20260911/ort/include/onnxruntime/core/common/code_location.h:55:34: note: shadowed declaration is here
   55 |   const std::vector<std::string> stacktrace;
      |                                  ^~~~~~~~~~
/dev/shm/velavision-ort-session-20260911/ort/include/onnxruntime/core/common/code_location.h: In constructor 'onnxruntime::CodeLocation::CodeLocation(const char*, int, const char*, const std::__1::vector<std::__1::basic_string<char> >&)':
/dev/shm/velavision-ort-session-20260911/ort/include/onnxruntime/core/common/code_location.h:30:105: warning: declaration of 'stacktrace' shadows a member of 'onnxruntime::CodeLocation' [-Wshadow]
   30 |   CodeLocation(const char* file_path, const int line, const char* func, const std::vector<std::string>& stacktrace)
      |                                                                         ~~~~~~~~~~~~~~~~~~~~~~~~~~~~~~~~^~~~~~~~~~
/dev/shm/velavision-ort-session-20260911/ort/include/onnxruntime/core/common/code_location.h:55:34: note: shadowed declaration is here
   55 |   const std::vector<std::string> stacktrace;
      |                                  ^~~~~~~~~~
/dev/shm/velavision-ort-session-20260911/ort/include/onnxruntime/core/common/code_location.h: In constructor 'onnxruntime::CodeLocation::CodeLocation(const char*, int, const char*, const std::__1::vector<std::__1::basic_string<char> >&)':
/dev/shm/velavision-ort-session-20260911/ort/include/onnxruntime/core/common/code_location.h:30:105: warning: declaration of 'stacktrace' shadows a member of 'onnxruntime::CodeLocation' [-Wshadow]
   30 |   CodeLocation(const char* file_path, const int line, const char* func, const std::vector<std::string>& stacktrace)
      |                                                                         ~~~~~~~~~~~~~~~~~~~~~~~~~~~~~~~~^~~~~~~~~~
/dev/shm/velavision-ort-session-20260911/ort/include/onnxruntime/core/common/code_location.h:55:34: note: shadowed declaration is here
   55 |   const std::vector<std::string> stacktrace;
      |                                  ^~~~~~~~~~
In file included from /dev/shm/velavision-ort-session-20260911/ort/include/onnxruntime/core/framework/float16.h:18,
                 from /dev/shm/velavision-ort-session-20260911/ort/onnxruntime/core/mlas/lib/mlasi.h:164:
/dev/shm/velavision-ort-session-20260911/ort/include/onnxruntime/core/session/onnxruntime_float16.h: In lambda function:
/dev/shm/velavision-ort-session-20260911/ort/include/onnxruntime/core/session/onnxruntime_float16.h:493:16: warning: declaration of 'result' shadows a previous local [-Wshadow]
  493 |       uint16_t result;
      |                ^~~~~~
/dev/shm/velavision-ort-session-20260911/ort/include/onnxruntime/core/session/onnxruntime_float16.h:488:12: note: shadowed declaration is here
  488 |   uint16_t result;
      |            ^~~~~~
[45/499] Building CXX object CMakeFiles/onnxruntime_mlas.dir/dev/shm/velavision-ort-session-20260911/ort/onnxruntime/core/mlas/lib/qlgavgpool.cpp.obj
In file included from /dev/shm/velavision-ort-session-20260911/ort/onnxruntime/core/mlas/lib/mlasi.h:37,
                 from /dev/shm/velavision-ort-session-20260911/ort/onnxruntime/core/mlas/lib/qlgavgpool.cpp:17:
/dev/shm/velavision-ort-session-20260911/ort/onnxruntime/core/mlas/inc/mlas.h:28:6: warning: "_MSC_VER" is not defined, evaluates to 0 [-Wundef]
   28 | #if (_MSC_VER >= 800) || defined(_STDCALL_SUPPORTED)
      |      ^~~~~~~~
In file included from /dev/shm/velavision-ort-session-20260911/ort/include/onnxruntime/core/platform/threadpool.h:23,
                 from /dev/shm/velavision-ort-session-20260911/ort/onnxruntime/core/mlas/lib/mlasi.h:159:
/dev/shm/velavision-ort-session-20260911/ort/include/onnxruntime/core/common/common.h:88:6: warning: "_MSC_VER" is not defined, evaluates to 0 [-Wundef]
   88 | #if (_MSC_VER && !defined(__PRETTY_FUNCTION__))
      |      ^~~~~~~~
/dev/shm/velavision-ort-session-20260911/ort/onnxruntime/core/mlas/lib/mlasi.h:2477:8: warning: "__STDC_VERSION__" is not defined, evaluates to 0 [-Wundef]
 2477 | #elif (__STDC_VERSION__ >= 201112L) && !defined(__APPLE__)
      |        ^~~~~~~~~~~~~~~~
In file included from /dev/shm/velavision-ort-session-20260911/ort/include/onnxruntime/core/common/common.h:35:
/dev/shm/velavision-ort-session-20260911/ort/include/onnxruntime/core/common/code_location.h: In constructor 'onnxruntime::CodeLocation::CodeLocation(const char*, int, const char*, const std::__1::vector<std::__1::basic_string<char> >&)':
/dev/shm/velavision-ort-session-20260911/ort/include/onnxruntime/core/common/code_location.h:30:105: warning: declaration of 'stacktrace' shadows a member of 'onnxruntime::CodeLocation' [-Wshadow]
   30 |   CodeLocation(const char* file_path, const int line, const char* func, const std::vector<std::string>& stacktrace)
      |                                                                         ~~~~~~~~~~~~~~~~~~~~~~~~~~~~~~~~^~~~~~~~~~
/dev/shm/velavision-ort-session-20260911/ort/include/onnxruntime/core/common/code_location.h:55:34: note: shadowed declaration is here
   55 |   const std::vector<std::string> stacktrace;
      |                                  ^~~~~~~~~~
/dev/shm/velavision-ort-session-20260911/ort/include/onnxruntime/core/common/code_location.h: In constructor 'onnxruntime::CodeLocation::CodeLocation(const char*, int, const char*, const std::__1::vector<std::__1::basic_string<char> >&)':
/dev/shm/velavision-ort-session-20260911/ort/include/onnxruntime/core/common/code_location.h:30:105: warning: declaration of 'stacktrace' shadows a member of 'onnxruntime::CodeLocation' [-Wshadow]
   30 |   CodeLocation(const char* file_path, const int line, const char* func, const std::vector<std::string>& stacktrace)
      |                                                                         ~~~~~~~~~~~~~~~~~~~~~~~~~~~~~~~~^~~~~~~~~~
/dev/shm/velavision-ort-session-20260911/ort/include/onnxruntime/core/common/code_location.h:55:34: note: shadowed declaration is here
   55 |   const std::vector<std::string> stacktrace;
      |                                  ^~~~~~~~~~
/dev/shm/velavision-ort-session-20260911/ort/include/onnxruntime/core/common/code_location.h: In constructor 'onnxruntime::CodeLocation::CodeLocation(const char*, int, const char*, const std::__1::vector<std::__1::basic_string<char> >&)':
/dev/shm/velavision-ort-session-20260911/ort/include/onnxruntime/core/common/code_location.h:30:105: warning: declaration of 'stacktrace' shadows a member of 'onnxruntime::CodeLocation' [-Wshadow]
   30 |   CodeLocation(const char* file_path, const int line, const char* func, const std::vector<std::string>& stacktrace)
      |                                                                         ~~~~~~~~~~~~~~~~~~~~~~~~~~~~~~~~^~~~~~~~~~
/dev/shm/velavision-ort-session-20260911/ort/include/onnxruntime/core/common/code_location.h:55:34: note: shadowed declaration is here
   55 |   const std::vector<std::string> stacktrace;
      |                                  ^~~~~~~~~~
In file included from /dev/shm/velavision-ort-session-20260911/ort/include/onnxruntime/core/framework/float16.h:18,
                 from /dev/shm/velavision-ort-session-20260911/ort/onnxruntime/core/mlas/lib/mlasi.h:164:
/dev/shm/velavision-ort-session-20260911/ort/include/onnxruntime/core/session/onnxruntime_float16.h: In lambda function:
/dev/shm/velavision-ort-session-20260911/ort/include/onnxruntime/core/session/onnxruntime_float16.h:493:16: warning: declaration of 'result' shadows a previous local [-Wshadow]
  493 |       uint16_t result;
      |                ^~~~~~
/dev/shm/velavision-ort-session-20260911/ort/include/onnxruntime/core/session/onnxruntime_float16.h:488:12: note: shadowed declaration is here
  488 |   uint16_t result;
      |            ^~~~~~
[46/499] Building CXX object CMakeFiles/onnxruntime_mlas.dir/dev/shm/velavision-ort-session-20260911/ort/onnxruntime/core/mlas/lib/qdwconv_kernelsize.cpp.obj
In file included from /dev/shm/velavision-ort-session-20260911/ort/onnxruntime/core/mlas/lib/mlasi.h:37,
                 from /dev/shm/velavision-ort-session-20260911/ort/onnxruntime/core/mlas/lib/qdwconv_kernelsize.cpp:44:
/dev/shm/velavision-ort-session-20260911/ort/onnxruntime/core/mlas/inc/mlas.h:28:6: warning: "_MSC_VER" is not defined, evaluates to 0 [-Wundef]
   28 | #if (_MSC_VER >= 800) || defined(_STDCALL_SUPPORTED)
      |      ^~~~~~~~
In file included from /dev/shm/velavision-ort-session-20260911/ort/include/onnxruntime/core/platform/threadpool.h:23,
                 from /dev/shm/velavision-ort-session-20260911/ort/onnxruntime/core/mlas/lib/mlasi.h:159:
/dev/shm/velavision-ort-session-20260911/ort/include/onnxruntime/core/common/common.h:88:6: warning: "_MSC_VER" is not defined, evaluates to 0 [-Wundef]
   88 | #if (_MSC_VER && !defined(__PRETTY_FUNCTION__))
      |      ^~~~~~~~
/dev/shm/velavision-ort-session-20260911/ort/onnxruntime/core/mlas/lib/mlasi.h:2477:8: warning: "__STDC_VERSION__" is not defined, evaluates to 0 [-Wundef]
 2477 | #elif (__STDC_VERSION__ >= 201112L) && !defined(__APPLE__)
      |        ^~~~~~~~~~~~~~~~
In file included from /dev/shm/velavision-ort-session-20260911/ort/include/onnxruntime/core/common/common.h:35:
/dev/shm/velavision-ort-session-20260911/ort/include/onnxruntime/core/common/code_location.h: In constructor 'onnxruntime::CodeLocation::CodeLocation(const char*, int, const char*, const std::__1::vector<std::__1::basic_string<char> >&)':
/dev/shm/velavision-ort-session-20260911/ort/include/onnxruntime/core/common/code_location.h:30:105: warning: declaration of 'stacktrace' shadows a member of 'onnxruntime::CodeLocation' [-Wshadow]
   30 |   CodeLocation(const char* file_path, const int line, const char* func, const std::vector<std::string>& stacktrace)
      |                                                                         ~~~~~~~~~~~~~~~~~~~~~~~~~~~~~~~~^~~~~~~~~~
/dev/shm/velavision-ort-session-20260911/ort/include/onnxruntime/core/common/code_location.h:55:34: note: shadowed declaration is here
   55 |   const std::vector<std::string> stacktrace;
      |                                  ^~~~~~~~~~
/dev/shm/velavision-ort-session-20260911/ort/include/onnxruntime/core/common/code_location.h: In constructor 'onnxruntime::CodeLocation::CodeLocation(const char*, int, const char*, const std::__1::vector<std::__1::basic_string<char> >&)':
/dev/shm/velavision-ort-session-20260911/ort/include/onnxruntime/core/common/code_location.h:30:105: warning: declaration of 'stacktrace' shadows a member of 'onnxruntime::CodeLocation' [-Wshadow]
   30 |   CodeLocation(const char* file_path, const int line, const char* func, const std::vector<std::string>& stacktrace)
      |                                                                         ~~~~~~~~~~~~~~~~~~~~~~~~~~~~~~~~^~~~~~~~~~
/dev/shm/velavision-ort-session-20260911/ort/include/onnxruntime/core/common/code_location.h:55:34: note: shadowed declaration is here
   55 |   const std::vector<std::string> stacktrace;
      |                                  ^~~~~~~~~~
/dev/shm/velavision-ort-session-20260911/ort/include/onnxruntime/core/common/code_location.h: In constructor 'onnxruntime::CodeLocation::CodeLocation(const char*, int, const char*, const std::__1::vector<std::__1::basic_string<char> >&)':
/dev/shm/velavision-ort-session-20260911/ort/include/onnxruntime/core/common/code_location.h:30:105: warning: declaration of 'stacktrace' shadows a member of 'onnxruntime::CodeLocation' [-Wshadow]
   30 |   CodeLocation(const char* file_path, const int line, const char* func, const std::vector<std::string>& stacktrace)
      |                                                                         ~~~~~~~~~~~~~~~~~~~~~~~~~~~~~~~~^~~~~~~~~~
/dev/shm/velavision-ort-session-20260911/ort/include/onnxruntime/core/common/code_location.h:55:34: note: shadowed declaration is here
   55 |   const std::vector<std::string> stacktrace;
      |                                  ^~~~~~~~~~
In file included from /dev/shm/velavision-ort-session-20260911/ort/include/onnxruntime/core/framework/float16.h:18,
                 from /dev/shm/velavision-ort-session-20260911/ort/onnxruntime/core/mlas/lib/mlasi.h:164:
/dev/shm/velavision-ort-session-20260911/ort/include/onnxruntime/core/session/onnxruntime_float16.h: In lambda function:
/dev/shm/velavision-ort-session-20260911/ort/include/onnxruntime/core/session/onnxruntime_float16.h:493:16: warning: declaration of 'result' shadows a previous local [-Wshadow]
  493 |       uint16_t result;
      |                ^~~~~~
/dev/shm/velavision-ort-session-20260911/ort/include/onnxruntime/core/session/onnxruntime_float16.h:488:12: note: shadowed declaration is here
  488 |   uint16_t result;
      |            ^~~~~~
[47/499] Building CXX object CMakeFiles/onnxruntime_mlas.dir/dev/shm/velavision-ort-session-20260911/ort/onnxruntime/core/mlas/lib/sqnbitgemm.cpp.obj
In file included from /dev/shm/velavision-ort-session-20260911/ort/onnxruntime/core/mlas/inc/mlas_qnbit.h:23,
                 from /dev/shm/velavision-ort-session-20260911/ort/onnxruntime/core/mlas/lib/sqnbitgemm.h:27,
                 from /dev/shm/velavision-ort-session-20260911/ort/onnxruntime/core/mlas/lib/sqnbitgemm.cpp:18:
/dev/shm/velavision-ort-session-20260911/ort/onnxruntime/core/mlas/inc/mlas.h:28:6: warning: "_MSC_VER" is not defined, evaluates to 0 [-Wundef]
   28 | #if (_MSC_VER >= 800) || defined(_STDCALL_SUPPORTED)
      |      ^~~~~~~~
In file included from /dev/shm/velavision-ort-session-20260911/ort/include/onnxruntime/core/platform/threadpool.h:23,
                 from /dev/shm/velavision-ort-session-20260911/ort/onnxruntime/core/mlas/lib/mlasi.h:159,
                 from /dev/shm/velavision-ort-session-20260911/ort/onnxruntime/core/mlas/lib/sqnbitgemm.h:28:
/dev/shm/velavision-ort-session-20260911/ort/include/onnxruntime/core/common/common.h:88:6: warning: "_MSC_VER" is not defined, evaluates to 0 [-Wundef]
   88 | #if (_MSC_VER && !defined(__PRETTY_FUNCTION__))
      |      ^~~~~~~~
/dev/shm/velavision-ort-session-20260911/ort/onnxruntime/core/mlas/lib/mlasi.h:2477:8: warning: "__STDC_VERSION__" is not defined, evaluates to 0 [-Wundef]
 2477 | #elif (__STDC_VERSION__ >= 201112L) && !defined(__APPLE__)
      |        ^~~~~~~~~~~~~~~~
In file included from /dev/shm/velavision-ort-session-20260911/ort/include/onnxruntime/core/common/common.h:35:
/dev/shm/velavision-ort-session-20260911/ort/include/onnxruntime/core/common/code_location.h: In constructor 'onnxruntime::CodeLocation::CodeLocation(const char*, int, const char*, const std::__1::vector<std::__1::basic_string<char> >&)':
/dev/shm/velavision-ort-session-20260911/ort/include/onnxruntime/core/common/code_location.h:30:105: warning: declaration of 'stacktrace' shadows a member of 'onnxruntime::CodeLocation' [-Wshadow]
   30 |   CodeLocation(const char* file_path, const int line, const char* func, const std::vector<std::string>& stacktrace)
      |                                                                         ~~~~~~~~~~~~~~~~~~~~~~~~~~~~~~~~^~~~~~~~~~
/dev/shm/velavision-ort-session-20260911/ort/include/onnxruntime/core/common/code_location.h:55:34: note: shadowed declaration is here
   55 |   const std::vector<std::string> stacktrace;
      |                                  ^~~~~~~~~~
/dev/shm/velavision-ort-session-20260911/ort/include/onnxruntime/core/common/code_location.h: In constructor 'onnxruntime::CodeLocation::CodeLocation(const char*, int, const char*, const std::__1::vector<std::__1::basic_string<char> >&)':
/dev/shm/velavision-ort-session-20260911/ort/include/onnxruntime/core/common/code_location.h:30:105: warning: declaration of 'stacktrace' shadows a member of 'onnxruntime::CodeLocation' [-Wshadow]
   30 |   CodeLocation(const char* file_path, const int line, const char* func, const std::vector<std::string>& stacktrace)
      |                                                                         ~~~~~~~~~~~~~~~~~~~~~~~~~~~~~~~~^~~~~~~~~~
/dev/shm/velavision-ort-session-20260911/ort/include/onnxruntime/core/common/code_location.h:55:34: note: shadowed declaration is here
   55 |   const std::vector<std::string> stacktrace;
      |                                  ^~~~~~~~~~
/dev/shm/velavision-ort-session-20260911/ort/include/onnxruntime/core/common/code_location.h: In constructor 'onnxruntime::CodeLocation::CodeLocation(const char*, int, const char*, const std::__1::vector<std::__1::basic_string<char> >&)':
/dev/shm/velavision-ort-session-20260911/ort/include/onnxruntime/core/common/code_location.h:30:105: warning: declaration of 'stacktrace' shadows a member of 'onnxruntime::CodeLocation' [-Wshadow]
   30 |   CodeLocation(const char* file_path, const int line, const char* func, const std::vector<std::string>& stacktrace)
      |                                                                         ~~~~~~~~~~~~~~~~~~~~~~~~~~~~~~~~^~~~~~~~~~
/dev/shm/velavision-ort-session-20260911/ort/include/onnxruntime/core/common/code_location.h:55:34: note: shadowed declaration is here
   55 |   const std::vector<std::string> stacktrace;
      |                                  ^~~~~~~~~~
In file included from /dev/shm/velavision-ort-session-20260911/ort/include/onnxruntime/core/framework/float16.h:18,
                 from /dev/shm/velavision-ort-session-20260911/ort/onnxruntime/core/mlas/lib/mlasi.h:164:
/dev/shm/velavision-ort-session-20260911/ort/include/onnxruntime/core/session/onnxruntime_float16.h: In lambda function:
/dev/shm/velavision-ort-session-20260911/ort/include/onnxruntime/core/session/onnxruntime_float16.h:493:16: warning: declaration of 'result' shadows a previous local [-Wshadow]
  493 |       uint16_t result;
      |                ^~~~~~
/dev/shm/velavision-ort-session-20260911/ort/include/onnxruntime/core/session/onnxruntime_float16.h:488:12: note: shadowed declaration is here
  488 |   uint16_t result;
      |            ^~~~~~
[48/499] Building CXX object CMakeFiles/onnxruntime_mlas.dir/dev/shm/velavision-ort-session-20260911/ort/onnxruntime/core/mlas/lib/q4gemm.cpp.obj
In file included from /dev/shm/velavision-ort-session-20260911/ort/onnxruntime/core/mlas/inc/mlas_q4.h:23,
                 from /dev/shm/velavision-ort-session-20260911/ort/onnxruntime/core/mlas/lib/q4common.h:21,
                 from /dev/shm/velavision-ort-session-20260911/ort/onnxruntime/core/mlas/lib/q4gemm.h:21,
                 from /dev/shm/velavision-ort-session-20260911/ort/onnxruntime/core/mlas/lib/q4gemm.cpp:19:
/dev/shm/velavision-ort-session-20260911/ort/onnxruntime/core/mlas/inc/mlas.h:28:6: warning: "_MSC_VER" is not defined, evaluates to 0 [-Wundef]
   28 | #if (_MSC_VER >= 800) || defined(_STDCALL_SUPPORTED)
      |      ^~~~~~~~
In file included from /dev/shm/velavision-ort-session-20260911/ort/include/onnxruntime/core/platform/threadpool.h:23,
                 from /dev/shm/velavision-ort-session-20260911/ort/onnxruntime/core/mlas/lib/mlasi.h:159,
                 from /dev/shm/velavision-ort-session-20260911/ort/onnxruntime/core/mlas/lib/q4common.h:22:
/dev/shm/velavision-ort-session-20260911/ort/include/onnxruntime/core/common/common.h:88:6: warning: "_MSC_VER" is not defined, evaluates to 0 [-Wundef]
   88 | #if (_MSC_VER && !defined(__PRETTY_FUNCTION__))
      |      ^~~~~~~~
/dev/shm/velavision-ort-session-20260911/ort/onnxruntime/core/mlas/lib/mlasi.h:2477:8: warning: "__STDC_VERSION__" is not defined, evaluates to 0 [-Wundef]
 2477 | #elif (__STDC_VERSION__ >= 201112L) && !defined(__APPLE__)
      |        ^~~~~~~~~~~~~~~~
In file included from /dev/shm/velavision-ort-session-20260911/ort/include/onnxruntime/core/common/common.h:35:
/dev/shm/velavision-ort-session-20260911/ort/include/onnxruntime/core/common/code_location.h: In constructor 'onnxruntime::CodeLocation::CodeLocation(const char*, int, const char*, const std::__1::vector<std::__1::basic_string<char> >&)':
/dev/shm/velavision-ort-session-20260911/ort/include/onnxruntime/core/common/code_location.h:30:105: warning: declaration of 'stacktrace' shadows a member of 'onnxruntime::CodeLocation' [-Wshadow]
   30 |   CodeLocation(const char* file_path, const int line, const char* func, const std::vector<std::string>& stacktrace)
      |                                                                         ~~~~~~~~~~~~~~~~~~~~~~~~~~~~~~~~^~~~~~~~~~
/dev/shm/velavision-ort-session-20260911/ort/include/onnxruntime/core/common/code_location.h:55:34: note: shadowed declaration is here
   55 |   const std::vector<std::string> stacktrace;
      |                                  ^~~~~~~~~~
/dev/shm/velavision-ort-session-20260911/ort/include/onnxruntime/core/common/code_location.h: In constructor 'onnxruntime::CodeLocation::CodeLocation(const char*, int, const char*, const std::__1::vector<std::__1::basic_string<char> >&)':
/dev/shm/velavision-ort-session-20260911/ort/include/onnxruntime/core/common/code_location.h:30:105: warning: declaration of 'stacktrace' shadows a member of 'onnxruntime::CodeLocation' [-Wshadow]
   30 |   CodeLocation(const char* file_path, const int line, const char* func, const std::vector<std::string>& stacktrace)
      |                                                                         ~~~~~~~~~~~~~~~~~~~~~~~~~~~~~~~~^~~~~~~~~~
/dev/shm/velavision-ort-session-20260911/ort/include/onnxruntime/core/common/code_location.h:55:34: note: shadowed declaration is here
   55 |   const std::vector<std::string> stacktrace;
      |                                  ^~~~~~~~~~
/dev/shm/velavision-ort-session-20260911/ort/include/onnxruntime/core/common/code_location.h: In constructor 'onnxruntime::CodeLocation::CodeLocation(const char*, int, const char*, const std::__1::vector<std::__1::basic_string<char> >&)':
/dev/shm/velavision-ort-session-20260911/ort/include/onnxruntime/core/common/code_location.h:30:105: warning: declaration of 'stacktrace' shadows a member of 'onnxruntime::CodeLocation' [-Wshadow]
   30 |   CodeLocation(const char* file_path, const int line, const char* func, const std::vector<std::string>& stacktrace)
      |                                                                         ~~~~~~~~~~~~~~~~~~~~~~~~~~~~~~~~^~~~~~~~~~
/dev/shm/velavision-ort-session-20260911/ort/include/onnxruntime/core/common/code_location.h:55:34: note: shadowed declaration is here
   55 |   const std::vector<std::string> stacktrace;
      |                                  ^~~~~~~~~~
In file included from /dev/shm/velavision-ort-session-20260911/ort/include/onnxruntime/core/framework/float16.h:18,
                 from /dev/shm/velavision-ort-session-20260911/ort/onnxruntime/core/mlas/lib/mlasi.h:164:
/dev/shm/velavision-ort-session-20260911/ort/include/onnxruntime/core/session/onnxruntime_float16.h: In lambda function:
/dev/shm/velavision-ort-session-20260911/ort/include/onnxruntime/core/session/onnxruntime_float16.h:493:16: warning: declaration of 'result' shadows a previous local [-Wshadow]
  493 |       uint16_t result;
      |                ^~~~~~
/dev/shm/velavision-ort-session-20260911/ort/include/onnxruntime/core/session/onnxruntime_float16.h:488:12: note: shadowed declaration is here
  488 |   uint16_t result;
      |            ^~~~~~
[49/499] Building ASM object CMakeFiles/onnxruntime_mlas.dir/dev/shm/velavision-ort-session-20260911/ort/onnxruntime/core/mlas/lib/aarch64/ConvSymS8KernelDot.S.obj
[50/499] Building ASM object CMakeFiles/onnxruntime_mlas.dir/dev/shm/velavision-ort-session-20260911/ort/onnxruntime/core/mlas/lib/aarch64/ConvSymS8KernelDotLd64.S.obj
[51/499] Building ASM object CMakeFiles/onnxruntime_mlas.dir/dev/shm/velavision-ort-session-20260911/ort/onnxruntime/core/mlas/lib/aarch64/ConvSymU8KernelDot.S.obj
[52/499] Building ASM object CMakeFiles/onnxruntime_mlas.dir/dev/shm/velavision-ort-session-20260911/ort/onnxruntime/core/mlas/lib/aarch64/ConvSymS8KernelNeon.S.obj
[53/499] Building ASM object CMakeFiles/onnxruntime_mlas.dir/dev/shm/velavision-ort-session-20260911/ort/onnxruntime/core/mlas/lib/aarch64/ConvSymU8KernelNeon.S.obj
[54/499] Building ASM object CMakeFiles/onnxruntime_mlas.dir/dev/shm/velavision-ort-session-20260911/ort/onnxruntime/core/mlas/lib/aarch64/DepthwiseQConvSymS8KernelNeon.S.obj
[55/499] Building ASM object CMakeFiles/onnxruntime_mlas.dir/dev/shm/velavision-ort-session-20260911/ort/onnxruntime/core/mlas/lib/aarch64/DepthwiseQConvSymU8KernelNeon.S.obj
[56/499] Building ASM object CMakeFiles/onnxruntime_mlas.dir/dev/shm/velavision-ort-session-20260911/ort/onnxruntime/core/mlas/lib/aarch64/DepthwiseQConvKernelSize9Neon.S.obj
[57/499] Building ASM object CMakeFiles/onnxruntime_mlas.dir/dev/shm/velavision-ort-session-20260911/ort/onnxruntime/core/mlas/lib/aarch64/QgemmU8X8KernelNeon.S.obj
[58/499] Building ASM object CMakeFiles/onnxruntime_mlas.dir/dev/shm/velavision-ort-session-20260911/ort/onnxruntime/core/mlas/lib/aarch64/QgemmS8S8KernelNeon.S.obj
[59/499] Building ASM object CMakeFiles/onnxruntime_mlas.dir/dev/shm/velavision-ort-session-20260911/ort/onnxruntime/core/mlas/lib/aarch64/QgemmU8X8KernelUdot.S.obj
[60/499] Building ASM object CMakeFiles/onnxruntime_mlas.dir/dev/shm/velavision-ort-session-20260911/ort/onnxruntime/core/mlas/lib/aarch64/QgemmS8S8KernelSdot.S.obj
[61/499] Building ASM object CMakeFiles/onnxruntime_mlas.dir/dev/shm/velavision-ort-session-20260911/ort/onnxruntime/core/mlas/lib/aarch64/SgemmKernelNeon.S.obj
[62/499] Building ASM object CMakeFiles/onnxruntime_mlas.dir/dev/shm/velavision-ort-session-20260911/ort/onnxruntime/core/mlas/lib/aarch64/SgemvKernelNeon.S.obj
[63/499] Building ASM object CMakeFiles/onnxruntime_mlas.dir/dev/shm/velavision-ort-session-20260911/ort/onnxruntime/core/mlas/lib/aarch64/SymQgemmS8KernelNeon.S.obj
[64/499] Building ASM object CMakeFiles/onnxruntime_mlas.dir/dev/shm/velavision-ort-session-20260911/ort/onnxruntime/core/mlas/lib/aarch64/SymQgemmS8KernelSdot.S.obj
[65/499] Building ASM object CMakeFiles/onnxruntime_mlas.dir/dev/shm/velavision-ort-session-20260911/ort/onnxruntime/core/mlas/lib/aarch64/SymQgemmS8KernelSdotLd64.S.obj
[66/499] Building CXX object CMakeFiles/onnxruntime_mlas.dir/dev/shm/velavision-ort-session-20260911/ort/onnxruntime/core/mlas/lib/qgemm_kernel_neon.cpp.obj
In file included from /dev/shm/velavision-ort-session-20260911/ort/onnxruntime/core/mlas/lib/mlasi.h:37,
                 from /dev/shm/velavision-ort-session-20260911/ort/onnxruntime/core/mlas/lib/qgemm_kernel_neon.cpp:17:
/dev/shm/velavision-ort-session-20260911/ort/onnxruntime/core/mlas/inc/mlas.h:28:6: warning: "_MSC_VER" is not defined, evaluates to 0 [-Wundef]
   28 | #if (_MSC_VER >= 800) || defined(_STDCALL_SUPPORTED)
      |      ^~~~~~~~
In file included from /dev/shm/velavision-ort-session-20260911/ort/include/onnxruntime/core/platform/threadpool.h:23,
                 from /dev/shm/velavision-ort-session-20260911/ort/onnxruntime/core/mlas/lib/mlasi.h:159:
/dev/shm/velavision-ort-session-20260911/ort/include/onnxruntime/core/common/common.h:88:6: warning: "_MSC_VER" is not defined, evaluates to 0 [-Wundef]
   88 | #if (_MSC_VER && !defined(__PRETTY_FUNCTION__))
      |      ^~~~~~~~
/dev/shm/velavision-ort-session-20260911/ort/onnxruntime/core/mlas/lib/mlasi.h:2477:8: warning: "__STDC_VERSION__" is not defined, evaluates to 0 [-Wundef]
 2477 | #elif (__STDC_VERSION__ >= 201112L) && !defined(__APPLE__)
      |        ^~~~~~~~~~~~~~~~
In file included from /dev/shm/velavision-ort-session-20260911/ort/include/onnxruntime/core/common/common.h:35:
/dev/shm/velavision-ort-session-20260911/ort/include/onnxruntime/core/common/code_location.h: In constructor 'onnxruntime::CodeLocation::CodeLocation(const char*, int, const char*, const std::__1::vector<std::__1::basic_string<char> >&)':
/dev/shm/velavision-ort-session-20260911/ort/include/onnxruntime/core/common/code_location.h:30:105: warning: declaration of 'stacktrace' shadows a member of 'onnxruntime::CodeLocation' [-Wshadow]
   30 |   CodeLocation(const char* file_path, const int line, const char* func, const std::vector<std::string>& stacktrace)
      |                                                                         ~~~~~~~~~~~~~~~~~~~~~~~~~~~~~~~~^~~~~~~~~~
/dev/shm/velavision-ort-session-20260911/ort/include/onnxruntime/core/common/code_location.h:55:34: note: shadowed declaration is here
   55 |   const std::vector<std::string> stacktrace;
      |                                  ^~~~~~~~~~
/dev/shm/velavision-ort-session-20260911/ort/include/onnxruntime/core/common/code_location.h: In constructor 'onnxruntime::CodeLocation::CodeLocation(const char*, int, const char*, const std::__1::vector<std::__1::basic_string<char> >&)':
/dev/shm/velavision-ort-session-20260911/ort/include/onnxruntime/core/common/code_location.h:30:105: warning: declaration of 'stacktrace' shadows a member of 'onnxruntime::CodeLocation' [-Wshadow]
   30 |   CodeLocation(const char* file_path, const int line, const char* func, const std::vector<std::string>& stacktrace)
      |                                                                         ~~~~~~~~~~~~~~~~~~~~~~~~~~~~~~~~^~~~~~~~~~
/dev/shm/velavision-ort-session-20260911/ort/include/onnxruntime/core/common/code_location.h:55:34: note: shadowed declaration is here
   55 |   const std::vector<std::string> stacktrace;
      |                                  ^~~~~~~~~~
/dev/shm/velavision-ort-session-20260911/ort/include/onnxruntime/core/common/code_location.h: In constructor 'onnxruntime::CodeLocation::CodeLocation(const char*, int, const char*, const std::__1::vector<std::__1::basic_string<char> >&)':
/dev/shm/velavision-ort-session-20260911/ort/include/onnxruntime/core/common/code_location.h:30:105: warning: declaration of 'stacktrace' shadows a member of 'onnxruntime::CodeLocation' [-Wshadow]
   30 |   CodeLocation(const char* file_path, const int line, const char* func, const std::vector<std::string>& stacktrace)
      |                                                                         ~~~~~~~~~~~~~~~~~~~~~~~~~~~~~~~~^~~~~~~~~~
/dev/shm/velavision-ort-session-20260911/ort/include/onnxruntime/core/common/code_location.h:55:34: note: shadowed declaration is here
   55 |   const std::vector<std::string> stacktrace;
      |                                  ^~~~~~~~~~
In file included from /dev/shm/velavision-ort-session-20260911/ort/include/onnxruntime/core/framework/float16.h:18,
                 from /dev/shm/velavision-ort-session-20260911/ort/onnxruntime/core/mlas/lib/mlasi.h:164:
/dev/shm/velavision-ort-session-20260911/ort/include/onnxruntime/core/session/onnxruntime_float16.h: In lambda function:
/dev/shm/velavision-ort-session-20260911/ort/include/onnxruntime/core/session/onnxruntime_float16.h:493:16: warning: declaration of 'result' shadows a previous local [-Wshadow]
  493 |       uint16_t result;
      |                ^~~~~~
/dev/shm/velavision-ort-session-20260911/ort/include/onnxruntime/core/session/onnxruntime_float16.h:488:12: note: shadowed declaration is here
  488 |   uint16_t result;
      |            ^~~~~~
[67/499] Building CXX object CMakeFiles/onnxruntime_mlas.dir/dev/shm/velavision-ort-session-20260911/ort/onnxruntime/core/mlas/lib/q4_dq.cpp.obj
In file included from /dev/shm/velavision-ort-session-20260911/ort/onnxruntime/core/mlas/inc/mlas_q4.h:23,
                 from /dev/shm/velavision-ort-session-20260911/ort/onnxruntime/core/mlas/lib/q4common.h:21,
                 from /dev/shm/velavision-ort-session-20260911/ort/onnxruntime/core/mlas/lib/q4_dq.cpp:21:
/dev/shm/velavision-ort-session-20260911/ort/onnxruntime/core/mlas/inc/mlas.h:28:6: warning: "_MSC_VER" is not defined, evaluates to 0 [-Wundef]
   28 | #if (_MSC_VER >= 800) || defined(_STDCALL_SUPPORTED)
      |      ^~~~~~~~
In file included from /dev/shm/velavision-ort-session-20260911/ort/include/onnxruntime/core/platform/threadpool.h:23,
                 from /dev/shm/velavision-ort-session-20260911/ort/onnxruntime/core/mlas/lib/mlasi.h:159,
                 from /dev/shm/velavision-ort-session-20260911/ort/onnxruntime/core/mlas/lib/q4common.h:22:
/dev/shm/velavision-ort-session-20260911/ort/include/onnxruntime/core/common/common.h:88:6: warning: "_MSC_VER" is not defined, evaluates to 0 [-Wundef]
   88 | #if (_MSC_VER && !defined(__PRETTY_FUNCTION__))
      |      ^~~~~~~~
/dev/shm/velavision-ort-session-20260911/ort/onnxruntime/core/mlas/lib/mlasi.h:2477:8: warning: "__STDC_VERSION__" is not defined, evaluates to 0 [-Wundef]
 2477 | #elif (__STDC_VERSION__ >= 201112L) && !defined(__APPLE__)
      |        ^~~~~~~~~~~~~~~~
In file included from /dev/shm/velavision-ort-session-20260911/ort/include/onnxruntime/core/common/common.h:35:
/dev/shm/velavision-ort-session-20260911/ort/include/onnxruntime/core/common/code_location.h: In constructor 'onnxruntime::CodeLocation::CodeLocation(const char*, int, const char*, const std::__1::vector<std::__1::basic_string<char> >&)':
/dev/shm/velavision-ort-session-20260911/ort/include/onnxruntime/core/common/code_location.h:30:105: warning: declaration of 'stacktrace' shadows a member of 'onnxruntime::CodeLocation' [-Wshadow]
   30 |   CodeLocation(const char* file_path, const int line, const char* func, const std::vector<std::string>& stacktrace)
      |                                                                         ~~~~~~~~~~~~~~~~~~~~~~~~~~~~~~~~^~~~~~~~~~
/dev/shm/velavision-ort-session-20260911/ort/include/onnxruntime/core/common/code_location.h:55:34: note: shadowed declaration is here
   55 |   const std::vector<std::string> stacktrace;
      |                                  ^~~~~~~~~~
/dev/shm/velavision-ort-session-20260911/ort/include/onnxruntime/core/common/code_location.h: In constructor 'onnxruntime::CodeLocation::CodeLocation(const char*, int, const char*, const std::__1::vector<std::__1::basic_string<char> >&)':
/dev/shm/velavision-ort-session-20260911/ort/include/onnxruntime/core/common/code_location.h:30:105: warning: declaration of 'stacktrace' shadows a member of 'onnxruntime::CodeLocation' [-Wshadow]
   30 |   CodeLocation(const char* file_path, const int line, const char* func, const std::vector<std::string>& stacktrace)
      |                                                                         ~~~~~~~~~~~~~~~~~~~~~~~~~~~~~~~~^~~~~~~~~~
/dev/shm/velavision-ort-session-20260911/ort/include/onnxruntime/core/common/code_location.h:55:34: note: shadowed declaration is here
   55 |   const std::vector<std::string> stacktrace;
      |                                  ^~~~~~~~~~
/dev/shm/velavision-ort-session-20260911/ort/include/onnxruntime/core/common/code_location.h: In constructor 'onnxruntime::CodeLocation::CodeLocation(const char*, int, const char*, const std::__1::vector<std::__1::basic_string<char> >&)':
/dev/shm/velavision-ort-session-20260911/ort/include/onnxruntime/core/common/code_location.h:30:105: warning: declaration of 'stacktrace' shadows a member of 'onnxruntime::CodeLocation' [-Wshadow]
   30 |   CodeLocation(const char* file_path, const int line, const char* func, const std::vector<std::string>& stacktrace)
      |                                                                         ~~~~~~~~~~~~~~~~~~~~~~~~~~~~~~~~^~~~~~~~~~
/dev/shm/velavision-ort-session-20260911/ort/include/onnxruntime/core/common/code_location.h:55:34: note: shadowed declaration is here
   55 |   const std::vector<std::string> stacktrace;
      |                                  ^~~~~~~~~~
In file included from /dev/shm/velavision-ort-session-20260911/ort/include/onnxruntime/core/framework/float16.h:18,
                 from /dev/shm/velavision-ort-session-20260911/ort/onnxruntime/core/mlas/lib/mlasi.h:164:
/dev/shm/velavision-ort-session-20260911/ort/include/onnxruntime/core/session/onnxruntime_float16.h: In lambda function:
/dev/shm/velavision-ort-session-20260911/ort/include/onnxruntime/core/session/onnxruntime_float16.h:493:16: warning: declaration of 'result' shadows a previous local [-Wshadow]
  493 |       uint16_t result;
      |                ^~~~~~
/dev/shm/velavision-ort-session-20260911/ort/include/onnxruntime/core/session/onnxruntime_float16.h:488:12: note: shadowed declaration is here
  488 |   uint16_t result;
      |            ^~~~~~
[68/499] Building CXX object CMakeFiles/onnxruntime_mlas.dir/dev/shm/velavision-ort-session-20260911/ort/onnxruntime/core/mlas/lib/qgemm_kernel_udot.cpp.obj
In file included from /dev/shm/velavision-ort-session-20260911/ort/onnxruntime/core/mlas/lib/mlasi.h:37,
                 from /dev/shm/velavision-ort-session-20260911/ort/onnxruntime/core/mlas/lib/qgemm_kernel_udot.cpp:17:
/dev/shm/velavision-ort-session-20260911/ort/onnxruntime/core/mlas/inc/mlas.h:28:6: warning: "_MSC_VER" is not defined, evaluates to 0 [-Wundef]
   28 | #if (_MSC_VER >= 800) || defined(_STDCALL_SUPPORTED)
      |      ^~~~~~~~
In file included from /dev/shm/velavision-ort-session-20260911/ort/include/onnxruntime/core/platform/threadpool.h:23,
                 from /dev/shm/velavision-ort-session-20260911/ort/onnxruntime/core/mlas/lib/mlasi.h:159:
/dev/shm/velavision-ort-session-20260911/ort/include/onnxruntime/core/common/common.h:88:6: warning: "_MSC_VER" is not defined, evaluates to 0 [-Wundef]
   88 | #if (_MSC_VER && !defined(__PRETTY_FUNCTION__))
      |      ^~~~~~~~
/dev/shm/velavision-ort-session-20260911/ort/onnxruntime/core/mlas/lib/mlasi.h:2477:8: warning: "__STDC_VERSION__" is not defined, evaluates to 0 [-Wundef]
 2477 | #elif (__STDC_VERSION__ >= 201112L) && !defined(__APPLE__)
      |        ^~~~~~~~~~~~~~~~
In file included from /dev/shm/velavision-ort-session-20260911/ort/include/onnxruntime/core/common/common.h:35:
/dev/shm/velavision-ort-session-20260911/ort/include/onnxruntime/core/common/code_location.h: In constructor 'onnxruntime::CodeLocation::CodeLocation(const char*, int, const char*, const std::__1::vector<std::__1::basic_string<char> >&)':
/dev/shm/velavision-ort-session-20260911/ort/include/onnxruntime/core/common/code_location.h:30:105: warning: declaration of 'stacktrace' shadows a member of 'onnxruntime::CodeLocation' [-Wshadow]
   30 |   CodeLocation(const char* file_path, const int line, const char* func, const std::vector<std::string>& stacktrace)
      |                                                                         ~~~~~~~~~~~~~~~~~~~~~~~~~~~~~~~~^~~~~~~~~~
/dev/shm/velavision-ort-session-20260911/ort/include/onnxruntime/core/common/code_location.h:55:34: note: shadowed declaration is here
   55 |   const std::vector<std::string> stacktrace;
      |                                  ^~~~~~~~~~
/dev/shm/velavision-ort-session-20260911/ort/include/onnxruntime/core/common/code_location.h: In constructor 'onnxruntime::CodeLocation::CodeLocation(const char*, int, const char*, const std::__1::vector<std::__1::basic_string<char> >&)':
/dev/shm/velavision-ort-session-20260911/ort/include/onnxruntime/core/common/code_location.h:30:105: warning: declaration of 'stacktrace' shadows a member of 'onnxruntime::CodeLocation' [-Wshadow]
   30 |   CodeLocation(const char* file_path, const int line, const char* func, const std::vector<std::string>& stacktrace)
      |                                                                         ~~~~~~~~~~~~~~~~~~~~~~~~~~~~~~~~^~~~~~~~~~
/dev/shm/velavision-ort-session-20260911/ort/include/onnxruntime/core/common/code_location.h:55:34: note: shadowed declaration is here
   55 |   const std::vector<std::string> stacktrace;
      |                                  ^~~~~~~~~~
/dev/shm/velavision-ort-session-20260911/ort/include/onnxruntime/core/common/code_location.h: In constructor 'onnxruntime::CodeLocation::CodeLocation(const char*, int, const char*, const std::__1::vector<std::__1::basic_string<char> >&)':
/dev/shm/velavision-ort-session-20260911/ort/include/onnxruntime/core/common/code_location.h:30:105: warning: declaration of 'stacktrace' shadows a member of 'onnxruntime::CodeLocation' [-Wshadow]
   30 |   CodeLocation(const char* file_path, const int line, const char* func, const std::vector<std::string>& stacktrace)
      |                                                                         ~~~~~~~~~~~~~~~~~~~~~~~~~~~~~~~~^~~~~~~~~~
/dev/shm/velavision-ort-session-20260911/ort/include/onnxruntime/core/common/code_location.h:55:34: note: shadowed declaration is here
   55 |   const std::vector<std::string> stacktrace;
      |                                  ^~~~~~~~~~
In file included from /dev/shm/velavision-ort-session-20260911/ort/include/onnxruntime/core/framework/float16.h:18,
                 from /dev/shm/velavision-ort-session-20260911/ort/onnxruntime/core/mlas/lib/mlasi.h:164:
/dev/shm/velavision-ort-session-20260911/ort/include/onnxruntime/core/session/onnxruntime_float16.h: In lambda function:
/dev/shm/velavision-ort-session-20260911/ort/include/onnxruntime/core/session/onnxruntime_float16.h:493:16: warning: declaration of 'result' shadows a previous local [-Wshadow]
  493 |       uint16_t result;
      |                ^~~~~~
/dev/shm/velavision-ort-session-20260911/ort/include/onnxruntime/core/session/onnxruntime_float16.h:488:12: note: shadowed declaration is here
  488 |   uint16_t result;
      |            ^~~~~~
[69/499] Building CXX object CMakeFiles/onnxruntime_mlas.dir/dev/shm/velavision-ort-session-20260911/ort/onnxruntime/core/mlas/lib/qgemm_kernel_sdot.cpp.obj
In file included from /dev/shm/velavision-ort-session-20260911/ort/onnxruntime/core/mlas/lib/mlasi.h:37,
                 from /dev/shm/velavision-ort-session-20260911/ort/onnxruntime/core/mlas/lib/qgemm_kernel_sdot.cpp:17:
/dev/shm/velavision-ort-session-20260911/ort/onnxruntime/core/mlas/inc/mlas.h:28:6: warning: "_MSC_VER" is not defined, evaluates to 0 [-Wundef]
   28 | #if (_MSC_VER >= 800) || defined(_STDCALL_SUPPORTED)
      |      ^~~~~~~~
In file included from /dev/shm/velavision-ort-session-20260911/ort/include/onnxruntime/core/platform/threadpool.h:23,
                 from /dev/shm/velavision-ort-session-20260911/ort/onnxruntime/core/mlas/lib/mlasi.h:159:
/dev/shm/velavision-ort-session-20260911/ort/include/onnxruntime/core/common/common.h:88:6: warning: "_MSC_VER" is not defined, evaluates to 0 [-Wundef]
   88 | #if (_MSC_VER && !defined(__PRETTY_FUNCTION__))
      |      ^~~~~~~~
/dev/shm/velavision-ort-session-20260911/ort/onnxruntime/core/mlas/lib/mlasi.h:2477:8: warning: "__STDC_VERSION__" is not defined, evaluates to 0 [-Wundef]
 2477 | #elif (__STDC_VERSION__ >= 201112L) && !defined(__APPLE__)
      |        ^~~~~~~~~~~~~~~~
In file included from /dev/shm/velavision-ort-session-20260911/ort/include/onnxruntime/core/common/common.h:35:
/dev/shm/velavision-ort-session-20260911/ort/include/onnxruntime/core/common/code_location.h: In constructor 'onnxruntime::CodeLocation::CodeLocation(const char*, int, const char*, const std::__1::vector<std::__1::basic_string<char> >&)':
/dev/shm/velavision-ort-session-20260911/ort/include/onnxruntime/core/common/code_location.h:30:105: warning: declaration of 'stacktrace' shadows a member of 'onnxruntime::CodeLocation' [-Wshadow]
   30 |   CodeLocation(const char* file_path, const int line, const char* func, const std::vector<std::string>& stacktrace)
      |                                                                         ~~~~~~~~~~~~~~~~~~~~~~~~~~~~~~~~^~~~~~~~~~
/dev/shm/velavision-ort-session-20260911/ort/include/onnxruntime/core/common/code_location.h:55:34: note: shadowed declaration is here
   55 |   const std::vector<std::string> stacktrace;
      |                                  ^~~~~~~~~~
/dev/shm/velavision-ort-session-20260911/ort/include/onnxruntime/core/common/code_location.h: In constructor 'onnxruntime::CodeLocation::CodeLocation(const char*, int, const char*, const std::__1::vector<std::__1::basic_string<char> >&)':
/dev/shm/velavision-ort-session-20260911/ort/include/onnxruntime/core/common/code_location.h:30:105: warning: declaration of 'stacktrace' shadows a member of 'onnxruntime::CodeLocation' [-Wshadow]
   30 |   CodeLocation(const char* file_path, const int line, const char* func, const std::vector<std::string>& stacktrace)
      |                                                                         ~~~~~~~~~~~~~~~~~~~~~~~~~~~~~~~~^~~~~~~~~~
/dev/shm/velavision-ort-session-20260911/ort/include/onnxruntime/core/common/code_location.h:55:34: note: shadowed declaration is here
   55 |   const std::vector<std::string> stacktrace;
      |                                  ^~~~~~~~~~
/dev/shm/velavision-ort-session-20260911/ort/include/onnxruntime/core/common/code_location.h: In constructor 'onnxruntime::CodeLocation::CodeLocation(const char*, int, const char*, const std::__1::vector<std::__1::basic_string<char> >&)':
/dev/shm/velavision-ort-session-20260911/ort/include/onnxruntime/core/common/code_location.h:30:105: warning: declaration of 'stacktrace' shadows a member of 'onnxruntime::CodeLocation' [-Wshadow]
   30 |   CodeLocation(const char* file_path, const int line, const char* func, const std::vector<std::string>& stacktrace)
      |                                                                         ~~~~~~~~~~~~~~~~~~~~~~~~~~~~~~~~^~~~~~~~~~
/dev/shm/velavision-ort-session-20260911/ort/include/onnxruntime/core/common/code_location.h:55:34: note: shadowed declaration is here
   55 |   const std::vector<std::string> stacktrace;
      |                                  ^~~~~~~~~~
In file included from /dev/shm/velavision-ort-session-20260911/ort/include/onnxruntime/core/framework/float16.h:18,
                 from /dev/shm/velavision-ort-session-20260911/ort/onnxruntime/core/mlas/lib/mlasi.h:164:
/dev/shm/velavision-ort-session-20260911/ort/include/onnxruntime/core/session/onnxruntime_float16.h: In lambda function:
/dev/shm/velavision-ort-session-20260911/ort/include/onnxruntime/core/session/onnxruntime_float16.h:493:16: warning: declaration of 'result' shadows a previous local [-Wshadow]
  493 |       uint16_t result;
      |                ^~~~~~
/dev/shm/velavision-ort-session-20260911/ort/include/onnxruntime/core/session/onnxruntime_float16.h:488:12: note: shadowed declaration is here
  488 |   uint16_t result;
      |            ^~~~~~
[70/499] Building ASM object CMakeFiles/onnxruntime_mlas.dir/dev/shm/velavision-ort-session-20260911/ort/onnxruntime/core/mlas/lib/aarch64/HalfGemmKernelNeon.S.obj
FAILED: CMakeFiles/onnxruntime_mlas.dir/dev/shm/velavision-ort-session-20260911/ort/onnxruntime/core/mlas/lib/aarch64/HalfGemmKernelNeon.S.obj 
/home/swl/openvela/prebuilts/gcc/linux-x86_64/aarch64-none-elf/bin/aarch64-none-elf-gcc -DEIGEN_MPL2_ONLY -DEIGEN_USE_THREADS -DNSYNC_ATOMIC_CPP11 -DORT_ENABLE_STREAM -DORT_K7_NUTTX -DORT_NO_RTTI -DPLATFORM_POSIX -DREDUCED_OPS_BUILD -I/dev/shm/velavision-ort-session-20260911/sources/utf8_range -I/dev/shm/velavision-ort-session-20260911/ort/include/onnxruntime -I/dev/shm/velavision-ort-session-20260911/ort/include/onnxruntime/core/session -I/dev/shm/velavision-ort-session-20260911/sources/google_nsync/public -I/dev/shm/velavision-ort-session-20260911/build -I/dev/shm/velavision-ort-session-20260911/ort/onnxruntime -I/dev/shm/velavision-ort-session-20260911/sources/abseil_cpp -I/dev/shm/velavision-ort-session-20260911/ort/onnxruntime/core/mlas/inc -I/dev/shm/velavision-ort-session-20260911/ort/onnxruntime/core/mlas/lib -I/dev/shm/velavision-ort-session-20260911/sources/microsoft_gsl/include -D__NuttX__ -march=armv8-a -mcpu=cortex-a53 -Os -DNDEBUG -fPIC -Wno-error=shadow -Wno-error=undef -Wall -Wextra -Werror  -march=armv8.2-a+fp16 -MD -MT CMakeFiles/onnxruntime_mlas.dir/dev/shm/velavision-ort-session-20260911/ort/onnxruntime/core/mlas/lib/aarch64/HalfGemmKernelNeon.S.obj -MF CMakeFiles/onnxruntime_mlas.dir/dev/shm/velavision-ort-session-20260911/ort/onnxruntime/core/mlas/lib/aarch64/HalfGemmKernelNeon.S.obj.d -o CMakeFiles/onnxruntime_mlas.dir/dev/shm/velavision-ort-session-20260911/ort/onnxruntime/core/mlas/lib/aarch64/HalfGemmKernelNeon.S.obj -c /dev/shm/velavision-ort-session-20260911/ort/onnxruntime/core/mlas/lib/aarch64/HalfGemmKernelNeon.S
cc1: error: switch '-mcpu=cortex-a53' conflicts with '-march=armv8.2-a+fp16' switch [-Werror]
cc1: all warnings being treated as errors
[71/499] Building CXX object CMakeFiles/onnxruntime_mlas.dir/dev/shm/velavision-ort-session-20260911/ort/onnxruntime/core/mlas/lib/sqnbitgemm_kernel_neon.cpp.obj
FAILED: CMakeFiles/onnxruntime_mlas.dir/dev/shm/velavision-ort-session-20260911/ort/onnxruntime/core/mlas/lib/sqnbitgemm_kernel_neon.cpp.obj 
/home/swl/openvela/prebuilts/gcc/linux-x86_64/aarch64-none-elf/bin/aarch64-none-elf-g++ -DEIGEN_MPL2_ONLY -DEIGEN_USE_THREADS -DNSYNC_ATOMIC_CPP11 -DORT_ENABLE_STREAM -DORT_K7_NUTTX -DORT_NO_RTTI -DPLATFORM_POSIX -DREDUCED_OPS_BUILD -I/dev/shm/velavision-ort-session-20260911/sources/utf8_range -I/dev/shm/velavision-ort-session-20260911/ort/include/onnxruntime -I/dev/shm/velavision-ort-session-20260911/ort/include/onnxruntime/core/session -I/dev/shm/velavision-ort-session-20260911/sources/google_nsync/public -I/dev/shm/velavision-ort-session-20260911/build -I/dev/shm/velavision-ort-session-20260911/ort/onnxruntime -I/dev/shm/velavision-ort-session-20260911/sources/abseil_cpp -I/dev/shm/velavision-ort-session-20260911/ort/onnxruntime/core/mlas/inc -I/dev/shm/velavision-ort-session-20260911/ort/onnxruntime/core/mlas/lib -I/dev/shm/velavision-ort-session-20260911/sources/microsoft_gsl/include -D__NuttX__ -I/home/swl/openvela/apps/include -I/dev/shm/velavision_audio_sound_20260910/apps/include -I/home/swl/openvela/apps/examples/voicelink/include -I/home/swl/openvela/apps/examples/voicelink/src -I/home/swl/openvela/apps/examples/voicelink/../k7radio -I/dev/shm/velavision_audio_sound_20260910/include/libcxx -I/dev/shm/velavision_audio_sound_20260910/include/libcxx_config -I/home/swl/openvela/nuttx/libs/libxx/libcxx/libcxx/test/support -I/home/swl/openvela/nuttx/libs/libxx/libcxx/libcxx/src -I/dev/shm/velavision_audio_sound_20260910/include/libcxxabi -I/home/swl/openvela/apps/frameworks/security/include -isystem /home/swl/openvela/nuttx/include -isystem /dev/shm/velavision_audio_sound_20260910/include -march=armv8-a -mcpu=cortex-a53 -Os -fno-strict-aliasing -fno-omit-frame-pointer -D_LDBL_EQ_DBL -fno-common -Wall -Wshadow -Wundef -Wno-attributes -Wno-unknown-pragmas -nostdinc++ -Wno-psabi -std=gnu++17 -ffunction-sections -fdata-sections -g3 -Wno-alloc-size-larger-than -Wno-stringop-overflow -fdiagnostics-color=always -fmacro-prefix-map=/home/swl/openvela/nuttx= -fmacro-prefix-map=/home/swl/openvela/apps= -fmacro-prefix-map=/home/swl/openvela/nuttx/boards/arm64/rk3576/kickpi_k7= -fmacro-prefix-map=/home/swl/openvela/nuttx/arch/arm64/src/rk3576= -DCONFIG_ALLOW_MIT_COMPONENTS=1 -ffunction-sections -fdata-sections -Wno-error=attributes -Wno-restrict  -Os -DNDEBUG -fPIC -fno-rtti -Wno-error=shadow -Wno-error=undef -Wall -Wextra -Wno-deprecated-copy -Wno-nonnull-compare -Werror  -march=armv8.2-a+dotprod -MD -MT CMakeFiles/onnxruntime_mlas.dir/dev/shm/velavision-ort-session-20260911/ort/onnxruntime/core/mlas/lib/sqnbitgemm_kernel_neon.cpp.obj -MF CMakeFiles/onnxruntime_mlas.dir/dev/shm/velavision-ort-session-20260911/ort/onnxruntime/core/mlas/lib/sqnbitgemm_kernel_neon.cpp.obj.d -o CMakeFiles/onnxruntime_mlas.dir/dev/shm/velavision-ort-session-20260911/ort/onnxruntime/core/mlas/lib/sqnbitgemm_kernel_neon.cpp.obj -c /dev/shm/velavision-ort-session-20260911/ort/onnxruntime/core/mlas/lib/sqnbitgemm_kernel_neon.cpp
cc1plus: error: switch '-mcpu=cortex-a53' conflicts with '-march=armv8.2-a+dotprod' switch [-Werror]
In file included from /dev/shm/velavision-ort-session-20260911/ort/onnxruntime/core/mlas/inc/mlas_qnbit.h:23,
                 from /dev/shm/velavision-ort-session-20260911/ort/onnxruntime/core/mlas/lib/sqnbitgemm.h:27,
                 from /dev/shm/velavision-ort-session-20260911/ort/onnxruntime/core/mlas/lib/sqnbitgemm_kernel_neon.cpp:18:
/dev/shm/velavision-ort-session-20260911/ort/onnxruntime/core/mlas/inc/mlas.h:28:6: warning: "_MSC_VER" is not defined, evaluates to 0 [-Wundef]
   28 | #if (_MSC_VER >= 800) || defined(_STDCALL_SUPPORTED)
      |      ^~~~~~~~
In file included from /dev/shm/velavision-ort-session-20260911/ort/include/onnxruntime/core/platform/threadpool.h:23,
                 from /dev/shm/velavision-ort-session-20260911/ort/onnxruntime/core/mlas/lib/mlasi.h:159,
                 from /dev/shm/velavision-ort-session-20260911/ort/onnxruntime/core/mlas/lib/sqnbitgemm.h:28:
/dev/shm/velavision-ort-session-20260911/ort/include/onnxruntime/core/common/common.h:88:6: warning: "_MSC_VER" is not defined, evaluates to 0 [-Wundef]
   88 | #if (_MSC_VER && !defined(__PRETTY_FUNCTION__))
      |      ^~~~~~~~
/dev/shm/velavision-ort-session-20260911/ort/onnxruntime/core/mlas/lib/mlasi.h:2477:8: warning: "__STDC_VERSION__" is not defined, evaluates to 0 [-Wundef]
 2477 | #elif (__STDC_VERSION__ >= 201112L) && !defined(__APPLE__)
      |        ^~~~~~~~~~~~~~~~
In file included from /dev/shm/velavision-ort-session-20260911/ort/include/onnxruntime/core/common/common.h:35:
/dev/shm/velavision-ort-session-20260911/ort/include/onnxruntime/core/common/code_location.h: In constructor 'onnxruntime::CodeLocation::CodeLocation(const char*, int, const char*, const std::__1::vector<std::__1::basic_string<char> >&)':
/dev/shm/velavision-ort-session-20260911/ort/include/onnxruntime/core/common/code_location.h:30:105: warning: declaration of 'stacktrace' shadows a member of 'onnxruntime::CodeLocation' [-Wshadow]
   30 |   CodeLocation(const char* file_path, const int line, const char* func, const std::vector<std::string>& stacktrace)
      |                                                                         ~~~~~~~~~~~~~~~~~~~~~~~~~~~~~~~~^~~~~~~~~~
/dev/shm/velavision-ort-session-20260911/ort/include/onnxruntime/core/common/code_location.h:55:34: note: shadowed declaration is here
   55 |   const std::vector<std::string> stacktrace;
      |                                  ^~~~~~~~~~
/dev/shm/velavision-ort-session-20260911/ort/include/onnxruntime/core/common/code_location.h: In constructor 'onnxruntime::CodeLocation::CodeLocation(const char*, int, const char*, const std::__1::vector<std::__1::basic_string<char> >&)':
/dev/shm/velavision-ort-session-20260911/ort/include/onnxruntime/core/common/code_location.h:30:105: warning: declaration of 'stacktrace' shadows a member of 'onnxruntime::CodeLocation' [-Wshadow]
   30 |   CodeLocation(const char* file_path, const int line, const char* func, const std::vector<std::string>& stacktrace)
      |                                                                         ~~~~~~~~~~~~~~~~~~~~~~~~~~~~~~~~^~~~~~~~~~
/dev/shm/velavision-ort-session-20260911/ort/include/onnxruntime/core/common/code_location.h:55:34: note: shadowed declaration is here
   55 |   const std::vector<std::string> stacktrace;
      |                                  ^~~~~~~~~~
/dev/shm/velavision-ort-session-20260911/ort/include/onnxruntime/core/common/code_location.h: In constructor 'onnxruntime::CodeLocation::CodeLocation(const char*, int, const char*, const std::__1::vector<std::__1::basic_string<char> >&)':
/dev/shm/velavision-ort-session-20260911/ort/include/onnxruntime/core/common/code_location.h:30:105: warning: declaration of 'stacktrace' shadows a member of 'onnxruntime::CodeLocation' [-Wshadow]
   30 |   CodeLocation(const char* file_path, const int line, const char* func, const std::vector<std::string>& stacktrace)
      |                                                                         ~~~~~~~~~~~~~~~~~~~~~~~~~~~~~~~~^~~~~~~~~~
/dev/shm/velavision-ort-session-20260911/ort/include/onnxruntime/core/common/code_location.h:55:34: note: shadowed declaration is here
   55 |   const std::vector<std::string> stacktrace;
      |                                  ^~~~~~~~~~
In file included from /dev/shm/velavision-ort-session-20260911/ort/include/onnxruntime/core/framework/float16.h:18,
                 from /dev/shm/velavision-ort-session-20260911/ort/onnxruntime/core/mlas/lib/mlasi.h:164:
/dev/shm/velavision-ort-session-20260911/ort/include/onnxruntime/core/session/onnxruntime_float16.h: In lambda function:
/dev/shm/velavision-ort-session-20260911/ort/include/onnxruntime/core/session/onnxruntime_float16.h:493:16: warning: declaration of 'result' shadows a previous local [-Wshadow]
  493 |       uint16_t result;
      |                ^~~~~~
/dev/shm/velavision-ort-session-20260911/ort/include/onnxruntime/core/session/onnxruntime_float16.h:488:12: note: shadowed declaration is here
  488 |   uint16_t result;
      |            ^~~~~~
cc1plus: all warnings being treated as errors
ninja: build stopped: subcommand failed.
