k7cloud report-play 10.3.1.125 aa9c678f-c7b7-4e0c-a93e-05e6a071a389 &
k7cloud [87:100]
nsh> [KRADIO Wi-Fi RX type=1 id=15 seq=25 len=10
RADIO Wi-Fi cmd=15 seq=25 ack=1 status=0 response=0 ret=0
RADIO Wi-Fi RX type=1 id=15 seq=26 len=10
RADIO Wi-Fi cmd=15 seq=26 ack=1 status=0 response=0 ret=0
K7CLOUD report_started task=aa9c678f-c7b7-4e0c-a93e-05e6a071a389
RADIO Wi-Fi RX type=1 id=15 seq=27 len=10
RADIO Wi-Fi cmd=15 seq=27 ack=1 status=0 response=0 ret=0
RADIO Wi-Fi RX type=1 id=15 seq=28 len=10
RADIO Wi-Fi cmd=15 seq=28 ack=1 status=0 response=0 ret=0
WIFI data rejected ret=-13 parsed=0 meta=0a04 flags=77 offset=74 index=1 seq=6 lastbyte=01 wire=209 length=187
K7CLOUD report_status {"taskId": "aa9c678f-c7b7-4e0c-a93e-05e6a071a389", "status": "report_ready", "reportId": "c3966223-d547-415e-8552-fc83d00275ea"}
RADIO Wi-Fi RX type=1 id=15 seq=29 len=10
RADIO Wi-Fi cmd=15 seq=29 ack=1 status=0 response=0 ret=0
WIFI data rejected ret=-28 parsed=0 meta=0a04 flags=5f offset=74 index=2 seq=11 lastbyte=02 wire=1036 length=1014
RADIO Wi-Fi RX type=1 id=15 seq=30 len=10
RADIO Wi-Fi cmd=15 seq=30 ack=1 status=0 response=0 ret=0
RADIO Wi-Fi RX type=1 id=15 seq=31 len=10
RADIO Wi-Fi cmd=15 seq=31 ack=1 status=0 response=0 ret=0
WIFI data rejected ret=-28 parsed=0 meta=0a04 flags=5f offset=74 index=2 seq=14 lastbyte=02 wire=1036 length=1014
RADIO Wi-Fi RX type=1 id=15 seq=32 len=10
RADIO Wi-Fi cmd=15 seq=32 ack=1 status=0 response=0 ret=0
WIFI data rejected ret=-28 parsed=0 meta=0a04 flags=5f offset=74 index=2 seq=15 lastbyte=02 wire=1036 length=1014
RADIO Wi-Fi RX type=1 id=15 seq=33 len=10
RADIO Wi-Fi cmd=15 seq=33 ack=1 status=0 response=0 ret=0
RADIO Wi-Fi RX type=1 id=15 seq=34 len=10
RADIO Wi-Fi cmd=15 seq=34 ack=1 status=0 response=0 ret=0
WIFI data rejected ret=-28 parsed=0 meta=0a04 flags=5f offset=74 index=2 seq=16 lastbyte=02 wire=1036 length=1014
RADIO Wi-Fi RX type=1 id=15 seq=35 len=10
RADIO Wi-Fi cmd=15 seq=35 ack=1 status=0 response=0 ret=0
WIFI data rejected ret=-28 parsed=0 meta=0a04 flags=5f offset=74 index=2 seq=17 lastbyte=02 wire=1036 length=1014
RADIO Wi-Fi RX type=1 id=15 seq=36 len=10
RADIO Wi-Fi cmd=15 seq=36 ack=1 status=0 response=0 ret=0
WIFI data rejected ret=-28 parsed=0 meta=0a04 flags=5f offset=74 index=2 seq=18 lastbyte=02 wire=1036 length=1014
WIFI data rejected ret=-28 parsed=0 meta=0a04 flags=5f offset=74 index=2 seq=19 lastbyte=02 wire=1036 length=1014
RADIO Wi-Fi RX type=1 id=15 seq=37 len=10
RADIO Wi-Fi cmd=15 seq=37 ack=1 status=0 response=0 ret=0
RADIO Wi-Fi RX type=1 id=15 seq=38 len=10
RADIO Wi-Fi cmd=15 seq=38 ack=1 status=0 response=0 ret=0
RADIO Wi-Fi RX type=1 id=15 seq=39 len=10
RADIO Wi-Fi cmd=15 seq=39 ack=1 status=0 response=0 ret=0
RADIO Wi-Fi RX type=1 id=15 seq=40 len=10
RADIO Wi-Fi cmd=15 seq=40 ack=1 status=0 response=0 ret=0
RADIO Wi-Fi RX type=1 id=15 seq=41 len=10
RADIO Wi-Fi cmd=15 seq=41 ack=1 status=0 response=0 ret=0
RADIO Wi-Fi RX type=1 id=15 seq=42 len=10
RADIO Wi-Fi cmd=15 seq=42 ack=1 status=0 response=0 ret=0
RADIO Wi-Fi RX type=1 id=15 seq=43 len=10
RADIO Wi-Fi cmd=15 seq=43 ack=1 status=0 response=0 ret=0
RADIO Wi-Fi RX type=1 id=15 seq=44 len=10
RADIO Wi-Fi cmd=15 seq=44 ack=1 status=0 response=0 ret=0
RADIO Wi-Fi RX type=1 id=15 seq=45 len=10
RADIO Wi-Fi cmd=15 seq=45 ack=1 status=0 response=0 ret=0
RADIO Wi-Fi RX type=1 id=15 seq=46 len=10
RADIO Wi-Fi cmd=15 seq=46 ack=1 status=0 response=0 ret=0
RADIO Wi-Fi RX type=1 id=15 seq=47 len=10
RADIO Wi-Fi cmd=15 seq=47 ack=1 status=0 response=0 ret=0
RADIO Wi-Fi RX type=1 id=15 seq=48 len=10
RADIO Wi-Fi cmd=15 seq=48 ack=1 status=0 response=0 ret=0
RADIO Wi-Fi RX type=1 id=15 seq=49 len=10
RADIO Wi-Fi cmd=15 seq=49 ack=1 status=0 response=0 ret=0
RADIO Wi-Fi RX type=1 id=15 seq=50 len=10
RADIO Wi-Fi cmd=15 seq=50 ack=1 status=0 response=0 ret=0
RADIO Wi-Fi RX type=1 id=15 seq=51 len=10
RADIO Wi-Fi cmd=15 seq=51 ack=1 status=0 response=0 ret=0
RADIO Wi-Fi RX type=1 id=15 seq=52 len=10
RADIO Wi-Fi cmd=15 seq=52 ack=1 status=0 response=0 ret=0
RADIO Wi-Fi RX type=1 id=15 seq=53 len=10
RADIO Wi-Fi cmd=15 seq=53 ack=1 status=0 response=0 ret=0
RADIO Wi-Fi RX type=1 id=15 seq=54 len=10
RADIO Wi-Fi cmd=15 seq=54 ack=1 status=0 response=0 ret=0
RADIO Wi-Fi RX type=1 id=15 seq=55 len=10
RADIO Wi-Fi cmd=15 seq=55 ack=1 status=0 response=0 ret=0
RADIO Wi-Fi RX type=1 id=15 seq=56 len=10
RADIO Wi-Fi cmd=15 seq=56 ack=1 status=0 response=0 ret=0
RADIO Wi-Fi RX type=1 id=15 seq=57 len=10
RADIO Wi-Fi cmd=15 seq=57 ack=1 status=0 response=0 ret=0
RADIO Wi-Fi RX type=1 id=15 seq=58 len=10
RADIO Wi-Fi cmd=15 seq=58 ack=1 status=0 response=0 ret=0
RADIO Wi-Fi RX type=1 id=15 seq=59 len=10
RADIO Wi-Fi cmd=15 seq=59 ack=1 status=0 response=0 ret=0
RADIO Wi-Fi RX type=1 id=15 seq=60 len=10
RADIO Wi-Fi cmd=15 seq=60 ack=1 status=0 response=0 ret=0
RADIO Wi-Fi RX type=1 id=15 seq=61 len=10
RADIO Wi-Fi cmd=15 seq=61 ack=1 status=0 response=0 ret=0
RADIO Wi-Fi RX type=1 id=15 seq=62 len=10
RADIO Wi-Fi cmd=15 seq=62 ack=1 status=0 response=0 ret=0
RADIO Wi-Fi RX type=1 id=15 seq=63 len=10
RADIO Wi-Fi cmd=15 seq=63 ack=1 status=0 response=0 ret=0
RADIO Wi-Fi RX type=1 id=15 seq=64 len=10
RADIO Wi-Fi cmd=15 seq=64 ack=1 status=0 response=0 ret=0
RADIO Wi-Fi RX type=1 id=15 seq=65 len=10
RADIO Wi-Fi cmd=15 seq=65 ack=1 status=0 response=0 ret=0
RADIO Wi-Fi RX type=1 id=15 seq=66 len=10
RADIO Wi-Fi cmd=15 seq=66 ack=1 status=0 response=0 ret=0
RADIO Wi-Fi RX type=1 id=15 seq=67 len=10
RADIO Wi-Fi cmd=15 seq=67 ack=1 status=0 response=0 ret=0
RADIO Wi-Fi RX type=1 id=15 seq=68 len=10
RADIO Wi-Fi cmd=15 seq=68 ack=1 status=0 response=0 ret=0
RADIO Wi-Fi RX type=1 id=15 seq=69 len=10
RADIO Wi-Fi cmd=15 seq=69 ack=1 status=0 response=0 ret=0
RADIO Wi-Fi RX type=1 id=15 seq=70 len=10
RADIO Wi-Fi cmd=15 seq=70 ack=1 status=0 response=0 ret=0
RADIO Wi-Fi RX type=1 id=15 seq=71 len=10
RADIO Wi-Fi cmd=15 seq=71 ack=1 status=0 response=0 ret=0
RADIO Wi-Fi RX type=1 id=15 seq=72 len=10
RADIO Wi-Fi cmd=15 seq=72 ack=1 status=0 response=0 ret=0
RADIO Wi-Fi RX type=1 id=15 seq=73 len=10
RADIO Wi-Fi cmd=15 seq=73 ack=1 status=0 response=0 ret=0
RADIO Wi-Fi RX type=1 id=15 seq=74 len=10
RADIO Wi-Fi cmd=15 seq=74 ack=1 status=0 response=0 ret=0
RADIO Wi-Fi RX type=1 id=15 seq=75 len=10
RADIO Wi-Fi cmd=15 seq=75 ack=1 status=0 response=0 ret=0
RADIO Wi-Fi RX type=1 id=15 seq=76 len=10
RADIO Wi-Fi cmd=15 seq=76 ack=1 status=0 response=0 ret=0
RADIO Wi-Fi RX type=1 id=15 seq=77 len=10
RADIO Wi-Fi cmd=15 seq=77 ack=1 status=0 response=0 ret=0
RADIO Wi-Fi RX type=1 id=15 seq=78 len=10
RADIO Wi-Fi cmd=15 seq=78 ack=1 status=0 response=0 ret=0
RADIO Wi-Fi RX type=1 id=15 seq=79 len=10
RADIO Wi-Fi cmd=15 seq=79 ack=1 status=0 response=0 ret=0
RADIO Wi-Fi RX type=1 id=15 seq=80 len=10
RADIO Wi-Fi cmd=15 seq=80 ack=1 status=0 response=0 ret=0
RADIO Wi-Fi RX type=1 id=15 seq=81 len=10
RADIO Wi-Fi cmd=15 seq=81 ack=1 status=0 response=0 ret=0
RADIO Wi-Fi RX type=1 id=15 seq=82 len=10
RADIO Wi-Fi cmd=15 seq=82 ack=1 status=0 response=0 ret=0
RADIO Wi-Fi RX type=1 id=15 seq=83 len=10
RADIO Wi-Fi cmd=15 seq=83 ack=1 status=0 response=0 ret=0
RADIO Wi-Fi RX type=1 id=15 seq=84 len=10
RADIO Wi-Fi cmd=15 seq=84 ack=1 status=0 response=0 ret=0
RADIO Wi-Fi RX type=1 id=15 seq=85 len=10
RADIO Wi-Fi cmd=15 seq=85 ack=1 status=0 response=0 ret=0
RADIO Wi-Fi RX type=1 id=15 seq=86 len=10
RADIO Wi-Fi cmd=15 seq=86 ack=1 status=0 response=0 ret=0
RADIO Wi-Fi RX type=1 id=15 seq=87 len=10
RADIO Wi-Fi cmd=15 seq=87 ack=1 status=0 response=0 ret=0
RADIO Wi-Fi RX type=1 id=15 seq=88 len=10
RADIO Wi-Fi cmd=15 seq=88 ack=1 status=0 response=0 ret=0
RADIO Wi-Fi RX type=1 id=15 seq=89 len=10
RADIO Wi-Fi cmd=15 seq=89 ack=1 status=0 response=0 ret=0
RADIO Wi-Fi RX type=1 id=15 seq=90 len=10
RADIO Wi-Fi cmd=15 seq=90 ack=1 status=0 response=0 ret=0
RADIO Wi-Fi RX type=1 id=15 seq=91 len=10
RADIO Wi-Fi cmd=15 seq=91 ack=1 status=0 response=0 ret=0
RADIO Wi-Fi RX type=1 id=15 seq=92 len=10
RADIO Wi-Fi cmd=15 seq=92 ack=1 status=0 response=0 ret=0
RADIO Wi-Fi RX type=1 id=15 seq=93 len=10
RADIO Wi-Fi cmd=15 seq=93 ack=1 status=0 response=0 ret=0
RADIO Wi-Fi RX type=1 id=15 seq=94 len=10
RADIO Wi-Fi cmd=15 seq=94 ack=1 status=0 response=0 ret=0
RADIO Wi-Fi RX type=1 id=15 seq=95 len=10
RADIO Wi-Fi cmd=15 seq=95 ack=1 status=0 response=0 ret=0
RADIO Wi-Fi RX type=1 id=15 seq=96 len=10
RADIO Wi-Fi cmd=15 seq=96 ack=1 status=0 response=0 ret=0
RADIO Wi-Fi RX type=1 id=15 seq=97 len=10
RADIO Wi-Fi cmd=15 seq=97 ack=1 status=0 response=0 ret=0
RADIO Wi-Fi RX type=1 id=15 seq=98 len=10
RADIO Wi-Fi cmd=15 seq=98 ack=1 status=0 response=0 ret=0
RADIO Wi-Fi RX type=1 id=15 seq=99 len=10
RADIO Wi-Fi cmd=15 seq=99 ack=1 status=0 response=0 ret=0
RADIO Wi-Fi RX type=1 id=15 seq=100 len=10
RADIO Wi-Fi cmd=15 seq=100 ack=1 status=0 response=0 ret=0
RADIO Wi-Fi RX type=1 id=15 seq=101 len=10
RADIO Wi-Fi cmd=15 seq=101 ack=1 status=0 response=0 ret=0
RADIO Wi-Fi RX type=1 id=15 seq=102 len=10
RADIO Wi-Fi cmd=15 seq=102 ack=1 status=0 response=0 ret=0
RADIO Wi-Fi RX type=1 id=15 seq=103 len=10
RADIO Wi-Fi cmd=15 seq=103 ack=1 status=0 response=0 ret=0
RADIO Wi-Fi RX type=1 id=15 seq=104 len=10
RADIO Wi-Fi cmd=15 seq=104 ack=1 status=0 response=0 ret=0
RADIO Wi-Fi RX type=1 id=15 seq=105 len=10
RADIO Wi-Fi cmd=15 seq=105 ack=1 status=0 response=0 ret=0
RADIO Wi-Fi RX type=1 id=15 seq=106 len=10
RADIO Wi-Fi cmd=15 seq=106 ack=1 status=0 response=0 ret=0
RADIO Wi-Fi RX type=1 id=15 seq=107 len=10
RADIO Wi-Fi cmd=15 seq=107 ack=1 status=0 response=0 ret=0
RADIO Wi-Fi RX type=1 id=15 seq=108 len=10
RADIO Wi-Fi cmd=15 seq=108 ack=1 status=0 response=0 ret=0
RADIO Wi-Fi RX type=1 id=15 seq=109 len=10
RADIO Wi-Fi cmd=15 seq=109 ack=1 status=0 response=0 ret=0
RADIO Wi-Fi RX type=1 id=15 seq=110 len=10
RADIO Wi-Fi cmd=15 seq=110 ack=1 status=0 response=0 ret=0
RADIO Wi-Fi RX type=1 id=15 seq=111 len=10
RADIO Wi-Fi cmd=15 seq=111 ack=1 status=0 response=0 ret=0
RADIO Wi-Fi RX type=1 id=15 seq=112 len=10
RADIO Wi-Fi cmd=15 seq=112 ack=1 status=0 response=0 ret=0
RADIO Wi-Fi RX type=1 id=15 seq=113 len=10
RADIO Wi-Fi cmd=15 seq=113 ack=1 status=0 response=0 ret=0
RADIO Wi-Fi RX type=1 id=15 seq=114 len=10
RADIO Wi-Fi cmd=15 seq=114 ack=1 status=0 response=0 ret=0
RADIO Wi-Fi RX type=1 id=15 seq=115 len=10
RADIO Wi-Fi cmd=15 seq=115 ack=1 status=0 response=0 ret=0
RADIO Wi-Fi RX type=1 id=15 seq=116 len=10
RADIO Wi-Fi cmd=15 seq=116 ack=1 status=0 response=0 ret=0
RADIO Wi-Fi RX type=1 id=15 seq=117 len=10
RADIO Wi-Fi cmd=15 seq=117 ack=1 status=0 response=0 ret=0
RADIO Wi-Fi RX type=1 id=15 seq=118 len=10
RADIO Wi-Fi cmd=15 seq=118 ack=1 status=0 response=0 ret=0
RADIO Wi-Fi RX type=1 id=15 seq=119 len=10
RADIO Wi-Fi cmd=15 seq=119 ack=1 status=0 response=0 ret=0
RADIO Wi-Fi RX type=1 id=15 seq=120 len=10
RADIO Wi-Fi cmd=15 seq=120 ack=1 status=0 response=0 ret=0
RADIO Wi-Fi RX type=1 id=15 seq=121 len=10
RADIO Wi-Fi cmd=15 seq=121 ack=1 status=0 response=0 ret=0
RADIO Wi-Fi RX type=1 id=15 seq=122 len=10
RADIO Wi-Fi cmd=15 seq=122 ack=1 status=0 response=0 ret=0
RADIO Wi-Fi RX type=1 id=15 seq=123 len=10
RADIO Wi-Fi cmd=15 seq=123 ack=1 status=0 response=0 ret=0
RADIO Wi-Fi RX type=1 id=15 seq=124 len=10
RADIO Wi-Fi cmd=15 seq=124 ack=1 status=0 response=0 ret=0
RADIO Wi-Fi RX type=1 id=15 seq=125 len=10
RADIO Wi-Fi cmd=15 seq=125 ack=1 status=0 response=0 ret=0
RADIO Wi-Fi RX type=1 id=15 seq=126 len=10
RADIO Wi-Fi cmd=15 seq=126 ack=1 status=0 response=0 ret=0
RADIO Wi-Fi RX type=1 id=15 seq=127 len=10
RADIO Wi-Fi cmd=15 seq=127 ack=1 status=0 response=0 ret=0
RADIO Wi-Fi RX type=1 id=15 seq=128 len=10
RADIO Wi-Fi cmd=15 seq=128 ack=1 status=0 response=0 ret=0
RADIO Wi-Fi RX type=1 id=15 seq=129 len=10
RADIO Wi-Fi cmd=15 seq=129 ack=1 status=0 response=0 ret=0
RADIO Wi-Fi RX type=1 id=15 seq=130 len=10
RADIO Wi-Fi cmd=15 seq=130 ack=1 status=0 response=0 ret=0
RADIO Wi-Fi RX type=1 id=15 seq=131 len=10
RADIO Wi-Fi cmd=15 seq=131 ack=1 status=0 response=0 ret=0
RADIO Wi-Fi RX type=1 id=15 seq=132 len=10
RADIO Wi-Fi cmd=15 seq=132 ack=1 status=0 response=0 ret=0
RADIO Wi-Fi RX type=1 id=15 seq=133 len=10
RADIO Wi-Fi cmd=15 seq=133 ack=1 status=0 response=0 ret=0
RADIO Wi-Fi RX type=1 id=15 seq=134 len=10
RADIO Wi-Fi cmd=15 seq=134 ack=1 status=0 response=0 ret=0
RADIO Wi-Fi RX type=1 id=15 seq=135 len=10
RADIO Wi-Fi cmd=15 seq=135 ack=1 status=0 response=0 ret=0
RADIO Wi-Fi RX type=1 id=15 seq=136 len=10
RADIO Wi-Fi cmd=15 seq=136 ack=1 status=0 response=0 ret=0
RADIO Wi-Fi RX type=1 id=15 seq=137 len=10
RADIO Wi-Fi cmd=15 seq=137 ack=1 status=0 response=0 ret=0
RADIO Wi-Fi RX type=1 id=15 seq=138 len=10
RADIO Wi-Fi cmd=15 seq=138 ack=1 status=0 response=0 ret=0
RADIO Wi-Fi RX type=1 id=15 seq=139 len=10
RADIO Wi-Fi cmd=15 seq=139 ack=1 status=0 response=0 ret=0
RADIO Wi-Fi RX type=1 id=15 seq=140 len=10
RADIO Wi-Fi cmd=15 seq=140 ack=1 status=0 response=0 ret=0
RADIO Wi-Fi RX type=1 id=15 seq=141 len=10
RADIO Wi-Fi cmd=15 seq=141 ack=1 status=0 response=0 ret=0
RADIO Wi-Fi RX type=1 id=15 seq=142 len=10
RADIO Wi-Fi cmd=15 seq=142 ack=1 status=0 response=0 ret=0
RADIO Wi-Fi RX type=1 id=15 seq=143 len=10
RADIO Wi-Fi cmd=15 seq=143 ack=1 status=0 response=0 ret=0
RADIO Wi-Fi RX type=1 id=15 seq=144 len=10
RADIO Wi-Fi cmd=15 seq=144 ack=1 status=0 response=0 ret=0
RADIO Wi-Fi RX type=1 id=15 seq=145 len=10
RADIO Wi-Fi cmd=15 seq=145 ack=1 status=0 response=0 ret=0
RADIO Wi-Fi RX type=1 id=15 seq=146 len=10
RADIO Wi-Fi cmd=15 seq=146 ack=1 status=0 response=0 ret=0
RADIO Wi-Fi RX type=1 id=15 seq=147 len=10
RADIO Wi-Fi cmd=15 seq=147 ack=1 status=0 response=0 ret=0
RADIO Wi-Fi RX type=1 id=15 seq=148 len=10
RADIO Wi-Fi cmd=15 seq=148 ack=1 status=0 response=0 ret=0
RADIO Wi-Fi RX type=1 id=15 seq=149 len=10
RADIO Wi-Fi cmd=15 seq=149 ack=1 status=0 response=0 ret=0
RADIO Wi-Fi RX type=1 id=15 seq=150 len=10
RADIO Wi-Fi cmd=15 seq=150 ack=1 status=0 response=0 ret=0
RADIO Wi-Fi RX type=1 id=15 seq=151 len=10
RADIO Wi-Fi cmd=15 seq=151 ack=1 status=0 response=0 ret=0
RADIO Wi-Fi RX type=1 id=15 seq=152 len=10
RADIO Wi-Fi cmd=15 seq=152 ack=1 status=0 response=0 ret=0
RADIO Wi-Fi RX type=1 id=15 seq=153 len=10
RADIO Wi-Fi cmd=15 seq=153 ack=1 status=0 response=0 ret=0
RADIO Wi-Fi RX type=1 id=15 seq=154 len=10
RADIO Wi-Fi cmd=15 seq=154 ack=1 status=0 response=0 ret=0
RADIO Wi-Fi RX type=1 id=15 seq=155 len=10
RADIO Wi-Fi cmd=15 seq=155 ack=1 status=0 response=0 ret=0
RADIO Wi-Fi RX type=1 id=15 seq=156 len=10
RADIO Wi-Fi cmd=15 seq=156 ack=1 status=0 response=0 ret=0
RADIO Wi-Fi RX type=1 id=15 seq=157 len=10
RADIO Wi-Fi cmd=15 seq=157 ack=1 status=0 response=0 ret=0
RADIO Wi-Fi RX type=1 id=15 seq=158 len=10
RADIO Wi-Fi cmd=15 seq=158 ack=1 status=0 response=0 ret=0
RADIO Wi-Fi RX type=1 id=15 seq=159 len=10
RADIO Wi-Fi cmd=15 seq=159 ack=1 status=0 response=0 ret=0
RADIO Wi-Fi RX type=1 id=15 seq=160 len=10
RADIO Wi-Fi cmd=15 seq=160 ack=1 status=0 response=0 ret=0
RADIO Wi-Fi RX type=1 id=15 seq=161 len=10
RADIO Wi-Fi cmd=15 seq=161 ack=1 status=0 response=0 ret=0
RADIO Wi-Fi RX type=1 id=15 seq=162 len=10
RADIO Wi-Fi cmd=15 seq=162 ack=1 status=0 response=0 ret=0
RADIO Wi-Fi RX type=1 id=15 seq=163 len=10
RADIO Wi-Fi cmd=15 seq=163 ack=1 status=0 response=0 ret=0
RADIO Wi-Fi RX type=1 id=15 seq=164 len=10
RADIO Wi-Fi cmd=15 seq=164 ack=1 status=0 response=0 ret=0
RADIO Wi-Fi RX type=1 id=15 seq=165 len=10
RADIO Wi-Fi cmd=15 seq=165 ack=1 status=0 response=0 ret=0
RADIO Wi-Fi RX type=1 id=15 seq=166 len=10
RADIO Wi-Fi cmd=15 seq=166 ack=1 status=0 response=0 ret=0
RADIO Wi-Fi RX type=1 id=15 seq=167 len=10
RADIO Wi-Fi cmd=15 seq=167 ack=1 status=0 response=0 ret=0
RADIO Wi-Fi RX type=1 id=15 seq=168 len=10
RADIO Wi-Fi cmd=15 seq=168 ack=1 status=0 response=0 ret=0
RADIO Wi-Fi RX type=1 id=15 seq=169 len=10
RADIO Wi-Fi cmd=15 seq=169 ack=1 status=0 response=0 ret=0
RADIO Wi-Fi RX type=1 id=15 seq=170 len=10
RADIO Wi-Fi cmd=15 seq=170 ack=1 status=0 response=0 ret=0
RADIO Wi-Fi RX type=1 id=15 seq=171 len=10
RADIO Wi-Fi cmd=15 seq=171 ack=1 status=0 response=0 ret=0
RADIO Wi-Fi RX type=1 id=15 seq=172 len=10
RADIO Wi-Fi cmd=15 seq=172 ack=1 status=0 response=0 ret=0
RADIO Wi-Fi RX type=1 id=15 seq=173 len=10
RADIO Wi-Fi cmd=15 seq=173 ack=1 status=0 response=0 ret=0
RADIO Wi-Fi RX type=1 id=15 seq=174 len=10
RADIO Wi-Fi cmd=15 seq=174 ack=1 status=0 response=0 ret=0
RADIO Wi-Fi RX type=1 id=15 seq=175 len=10
RADIO Wi-Fi cmd=15 seq=175 ack=1 status=0 response=0 ret=0
RADIO Wi-Fi RX type=1 id=15 seq=176 len=10
RADIO Wi-Fi cmd=15 seq=176 ack=1 status=0 response=0 ret=0
RADIO Wi-Fi RX type=1 id=15 seq=177 len=10
RADIO Wi-Fi cmd=15 seq=177 ack=1 status=0 response=0 ret=0
RADIO Wi-Fi RX type=1 id=15 seq=178 len=10
RADIO Wi-Fi cmd=15 seq=178 ack=1 status=0 response=0 ret=0
RADIO Wi-Fi RX type=1 id=15 seq=179 len=10
RADIO Wi-Fi cmd=15 seq=179 ack=1 status=0 response=0 ret=0
RADIO Wi-Fi RX type=1 id=15 seq=180 len=10
RADIO Wi-Fi cmd=15 seq=180 ack=1 status=0 response=0 ret=0
RADIO Wi-Fi RX type=1 id=15 seq=181 len=10
RADIO Wi-Fi cmd=15 seq=181 ack=1 status=0 response=0 ret=0
RADIO Wi-Fi RX type=1 id=15 seq=182 len=10
RADIO Wi-Fi cmd=15 seq=182 ack=1 status=0 response=0 ret=0
RADIO Wi-Fi RX type=1 id=15 seq=183 len=10
RADIO Wi-Fi cmd=15 seq=183 ack=1 status=0 response=0 ret=0
RADIO Wi-Fi RX type=1 id=15 seq=184 len=10
RADIO Wi-Fi cmd=15 seq=184 ack=1 status=0 response=0 ret=0
RADIO Wi-Fi RX type=1 id=15 seq=185 len=10
RADIO Wi-Fi cmd=15 seq=185 ack=1 status=0 response=0 ret=0
RADIO Wi-Fi RX type=1 id=15 seq=186 len=10
RADIO Wi-Fi cmd=15 seq=186 ack=1 status=0 response=0 ret=0
RADIO Wi-Fi RX type=1 id=15 seq=187 len=10
RADIO Wi-Fi cmd=15 seq=187 ack=1 status=0 response=0 ret=0
RADIO Wi-Fi RX type=1 id=15 seq=188 len=10
RADIO Wi-Fi cmd=15 seq=188 ack=1 status=0 response=0 ret=0
RADIO Wi-Fi RX type=1 id=15 seq=189 len=10
RADIO Wi-Fi cmd=15 seq=189 ack=1 status=0 response=0 ret=0
RADIO Wi-Fi RX type=1 id=15 seq=190 len=10
RADIO Wi-Fi cmd=15 seq=190 ack=1 status=0 response=0 ret=0
RADIO Wi-Fi RX type=1 id=15 seq=191 len=10
RADIO Wi-Fi cmd=15 seq=191 ack=1 status=0 response=0 ret=0
RADIO Wi-Fi RX type=1 id=15 seq=192 len=10
RADIO Wi-Fi cmd=15 seq=192 ack=1 status=0 response=0 ret=0
RADIO Wi-Fi RX type=1 id=15 seq=193 len=10
RADIO Wi-Fi cmd=15 seq=193 ack=1 status=0 response=0 ret=0
RADIO Wi-Fi RX type=1 id=15 seq=194 len=10
RADIO Wi-Fi cmd=15 seq=194 ack=1 status=0 response=0 ret=0
RADIO Wi-Fi RX type=1 id=15 seq=195 len=10
RADIO Wi-Fi cmd=15 seq=195 ack=1 status=0 response=0 ret=0
RADIO Wi-Fi RX type=1 id=15 seq=196 len=10
RADIO Wi-Fi cmd=15 seq=196 ack=1 status=0 response=0 ret=0
RADIO Wi-Fi RX type=1 id=15 seq=197 len=10
RADIO Wi-Fi cmd=15 seq=197 ack=1 status=0 response=0 ret=0
RADIO Wi-Fi RX type=1 id=15 seq=198 len=10
RADIO Wi-Fi cmd=15 seq=198 ack=1 status=0 response=0 ret=0
RADIO Wi-Fi RX type=1 id=15 seq=199 len=10
RADIO Wi-Fi cmd=15 seq=199 ack=1 status=0 response=0 ret=0
RADIO Wi-Fi RX type=1 id=15 seq=200 len=10
RADIO Wi-Fi cmd=15 seq=200 ack=1 status=0 response=0 ret=0
RADIO Wi-Fi RX type=1 id=15 seq=201 len=10
RADIO Wi-Fi cmd=15 seq=201 ack=1 status=0 response=0 ret=0
RADIO Wi-Fi RX type=1 id=15 seq=202 len=10
RADIO Wi-Fi cmd=15 seq=202 ack=1 status=0 response=0 ret=0
RADIO Wi-Fi RX type=1 id=15 seq=203 len=10
RADIO Wi-Fi cmd=15 seq=203 ack=1 status=0 response=0 ret=0
RADIO Wi-Fi RX type=1 id=15 seq=204 len=10
RADIO Wi-Fi cmd=15 seq=204 ack=1 status=0 response=0 ret=0
RADIO Wi-Fi RX type=1 id=15 seq=205 len=10
RADIO Wi-Fi cmd=15 seq=205 ack=1 status=0 response=0 ret=0
RADIO Wi-Fi RX type=1 id=15 seq=206 len=10
RADIO Wi-Fi cmd=15 seq=206 ack=1 status=0 response=0 ret=0
RADIO Wi-Fi RX type=1 id=15 seq=207 len=10
RADIO Wi-Fi cmd=15 seq=207 ack=1 status=0 response=0 ret=0
RADIO Wi-Fi RX type=1 id=15 seq=208 len=10
RADIO Wi-Fi cmd=15 seq=208 ack=1 status=0 response=0 ret=0
RADIO Wi-Fi RX type=1 id=15 seq=209 len=10
RADIO Wi-Fi cmd=15 seq=209 ack=1 status=0 response=0 ret=0
RADIO Wi-Fi RX type=1 id=15 seq=210 len=10
RADIO Wi-Fi cmd=15 seq=210 ack=1 status=0 response=0 ret=0
RADIO Wi-Fi RX type=1 id=15 seq=211 len=10
RADIO Wi-Fi cmd=15 seq=211 ack=1 status=0 response=0 ret=0
RADIO Wi-Fi RX type=1 id=15 seq=212 len=10
RADIO Wi-Fi cmd=15 seq=212 ack=1 status=0 response=0 ret=0
RADIO Wi-Fi RX type=1 id=15 seq=213 len=10
RADIO Wi-Fi cmd=15 seq=213 ack=1 status=0 response=0 ret=0
RADIO Wi-Fi RX type=1 id=15 seq=214 len=10
RADIO Wi-Fi cmd=15 seq=214 ack=1 status=0 response=0 ret=0
RADIO Wi-Fi RX type=1 id=15 seq=215 len=10
RADIO Wi-Fi cmd=15 seq=215 ack=1 status=0 response=0 ret=0
RADIO Wi-Fi RX type=1 id=15 seq=216 len=10
RADIO Wi-Fi cmd=15 seq=216 ack=1 status=0 response=0 ret=0
RADIO Wi-Fi RX type=1 id=15 seq=217 len=10
RADIO Wi-Fi cmd=15 seq=217 ack=1 status=0 response=0 ret=0
RADIO Wi-Fi RX type=1 id=15 seq=218 len=10
RADIO Wi-Fi cmd=15 seq=218 ack=1 status=0 response=0 ret=0
RADIO Wi-Fi RX type=1 id=15 seq=219 len=10
RADIO Wi-Fi cmd=15 seq=219 ack=1 status=0 response=0 ret=0
RADIO Wi-Fi RX type=1 id=15 seq=220 len=10
RADIO Wi-Fi cmd=15 seq=220 ack=1 status=0 response=0 ret=0
RADIO Wi-Fi RX type=1 id=15 seq=221 len=10
RADIO Wi-Fi cmd=15 seq=221 ack=1 status=0 response=0 ret=0
RADIO Wi-Fi RX type=1 id=15 seq=222 len=10
RADIO Wi-Fi cmd=15 seq=222 ack=1 status=0 response=0 ret=0
RADIO Wi-Fi RX type=1 id=15 seq=223 len=10
RADIO Wi-Fi cmd=15 seq=223 ack=1 status=0 response=0 ret=0
RADIO Wi-Fi RX type=1 id=15 seq=224 len=10
RADIO Wi-Fi cmd=15 seq=224 ack=1 status=0 response=0 ret=0
RADIO Wi-Fi RX type=1 id=15 seq=225 len=10
RADIO Wi-Fi cmd=15 seq=225 ack=1 status=0 response=0 ret=0
RADIO Wi-Fi RX type=1 id=15 seq=226 len=10
RADIO Wi-Fi cmd=15 seq=226 ack=1 status=0 response=0 ret=0
RADIO Wi-Fi RX type=1 id=15 seq=227 len=10
RADIO Wi-Fi cmd=15 seq=227 ack=1 status=0 response=0 ret=0
RADIO Wi-Fi RX type=1 id=15 seq=228 len=10
RADIO Wi-Fi cmd=15 seq=228 ack=1 status=0 response=0 ret=0
RADIO Wi-Fi RX type=1 id=15 seq=229 len=10
RADIO Wi-Fi cmd=15 seq=229 ack=1 status=0 response=0 ret=0
RADIO Wi-Fi RX type=1 id=15 seq=230 len=10
RADIO Wi-Fi cmd=15 seq=230 ack=1 status=0 response=0 ret=0
RADIO Wi-Fi RX type=1 id=15 seq=231 len=10
RADIO Wi-Fi cmd=15 seq=231 ack=1 status=0 response=0 ret=0
RADIO Wi-Fi RX type=1 id=15 seq=232 len=10
RADIO Wi-Fi cmd=15 seq=232 ack=1 status=0 response=0 ret=0
RADIO Wi-Fi RX type=1 id=15 seq=233 len=10
RADIO Wi-Fi cmd=15 seq=233 ack=1 status=0 response=0 ret=0
RADIO Wi-Fi RX type=1 id=15 seq=234 len=10
RADIO Wi-Fi cmd=15 seq=234 ack=1 status=0 response=0 ret=0
RADIO Wi-Fi RX type=1 id=15 seq=235 len=10
RADIO Wi-Fi cmd=15 seq=235 ack=1 status=0 response=0 ret=0
RADIO Wi-Fi RX type=1 id=15 seq=236 len=10
RADIO Wi-Fi cmd=15 seq=236 ack=1 status=0 response=0 ret=0
RADIO Wi-Fi RX type=1 id=15 seq=237 len=10
RADIO Wi-Fi cmd=15 seq=237 ack=1 status=0 response=0 ret=0
RADIO Wi-Fi RX type=1 id=15 seq=238 len=10
RADIO Wi-Fi cmd=15 seq=238 ack=1 status=0 response=0 ret=0
RADIO Wi-Fi RX type=1 id=15 seq=239 len=10
RADIO Wi-Fi cmd=15 seq=239 ack=1 status=0 response=0 ret=0
RADIO Wi-Fi RX type=1 id=15 seq=240 len=10
RADIO Wi-Fi cmd=15 seq=240 ack=1 status=0 response=0 ret=0
RADIO Wi-Fi RX type=1 id=15 seq=241 len=10
RADIO Wi-Fi cmd=15 seq=241 ack=1 status=0 response=0 ret=0
RADIO Wi-Fi RX type=1 id=15 seq=242 len=10
RADIO Wi-Fi cmd=15 seq=242 ack=1 status=0 response=0 ret=0
AUDIO_IO reset12=00000000 gate11=00000000 gate12=00000000 gate18=00000000 mux=00000000 source=00000000
AUDIO_IO con=00060300 ien=00000000 gpio_version=010219c8 gpio_input=014d3050
SOUND platform_result=0 version=23073576 repair=fdffffff ack=00000001 idle=00000001
SOUND mclkout before=0000001f after=0000001d
RADIO Wi-Fi RX type=1 id=15 seq=243 len=10
RADIO Wi-Fi cmd=15 seq=243 ack=1 status=0 response=0 ret=0
SOUND codec_prepare=0 state=2
SOUND adc_variant=0 settle_ms=0
SOUND playback_gain_db=10 dac_attenuation_db=14 maximum=0
SOUND timing direction=tx stream_start_us=533957151 result=0
SOUND experiment clear=0 reset=0 clockwait20=0
SOUND slot_mask oflot_mask offset=48 value=00000000
SOUND slot_mask offset=4c val0 polls=3210989 stop=0 held=0 max_fifo=16
SOUND fifo first=00104104 last=00000000 TXCR=00400fff RXCR=00000fff FSCR=0101f03f CKR=00000018
SOUND codec reg=00 value=36
SOUND codec reg=01 value=60
SOUND codec reg=02 value=00
SOUND codec reg=03 value=00
SOUND codec reg=04 value=0c
SOUND codec reg=05 value=00
SOUND codec reg=06 value=00
SOUND codec reg=07 value=7c
SOUND codec reg=08 value=00
SOUND codec reg=09 value=44
SOUND codec reg=0a 2
SOUND codec reg=0c value=10
SOUND codec reg=0d value=02
SOU reg=17 value=20
SOUND codec reg=18 value=02
SOUND codec reg=19 value=02
SOUND codec reg=1a value=1c
SOUND codec reg=1b value=1c
SOUND codec reg=27 value=b8
SOUND codec reg=2a value=b8
alue=21
SOUND codec reg=31 value=21
SOUND input pull=00005515 schmitt=000000ff path=0000e4e4 gpio_high=50175 transitions=0 samples=50175
SOUND pad ticks=480011 max_gap=35 counter_hz=24000000 complete=1
SOUND pad channel=0 high=24750 changes=37003
SOUN40918
SOUND pad channel=2 high=25161 changes=640
SOUND pad chaSOUND result=0 codec_stop=0 platform_restore=0 i2c_restore=0 amp_low=1
K7CLOUD report_segment played=1 bytes=117760
RADIO Wi-Fi RX type=1 id=15 seq=244 len=10
RADIO Wi-Fi cmd=15 seq=244 ack=1 status=0 response=0 ret=0
RADIO Wi-Fi RX type=1 id=15 seq=245 len=10
RADIO Wi-Fi cmd=15 seq=245 ack=1 status=0 response=0 ret=0
RADIO Wi-Fi RX type=1 id=15 seq=246 len=10
RADIO Wi-Fi cmd=15 seq=246 ack=1 status=0 response=0 ret=0
RADIO Wi-Fi RX type=1 id=15 seq=247 len=10
RADIO Wi-Fi cmd=15 seq=247 ack=1 status=0 response=0 ret=0
RADIO Wi-Fi RX type=1 id=15 seq=248 len=10
RADIO Wi-Fi cmd=15 seq=248 ack=1 status=0 response=0 ret=0
RADIO Wi-Fi RX type=1 id=15 seq=249 len=10
RADIO Wi-Fi cmd=15 seq=249 ack=1 status=0 response=0 ret=0
RADIO Wi-Fi RX type=1 id=15 seq=250 len=10
RADIO Wi-Fi cmd=15 seq=250 ack=1 status=0 response=0 ret=0
RADIO Wi-Fi RX type=1 id=15 seq=251 len=10
RADIO Wi-Fi cmd=15 seq=251 ack=1 status=0 response=0 ret=0
RADIO Wi-Fi RX type=1 id=15 seq=252 len=10
RADIO Wi-Fi cmd=15 seq=252 ack=1 status=0 response=0 ret=0
RADIO Wi-Fi RX type=1 id=15 seq=253 len=10
RADIO Wi-Fi cmd=15 seq=253 ack=1 status=0 response=0 ret=0
RADIO Wi-Fi RX type=1 id=15 seq=254 len=10
RADIO Wi-Fi cmd=15 seq=254 ack=1 status=0 response=0 ret=0
RADIO Wi-Fi RX type=1 id=15 seq=255 len=10
RADIO Wi-Fi cmd=15 seq=255 ack=1 status=0 response=0 ret=0
RADIO Wi-Fi RX type=1 id=15 seq=256 len=10
RADIO Wi-Fi cmd=15 seq=256 ack=1 status=0 response=0 ret=0
RADIO Wi-Fi RX type=1 id=15 seq=257 len=10
RADIO Wi-Fi cmd=15 seq=257 ack=1 status=0 response=0 ret=0
RADIO Wi-Fi RX type=1 id=15 seq=258 len=10
RADIO Wi-Fi cmd=15 seq=258 ack=1 status=0 response=0 ret=0
RADIO Wi-Fi RX type=1 id=15 seq=259 len=10
RADIO Wi-Fi cmd=15 seq=259 ack=1 status=0 response=0 ret=0
RADIO Wi-Fi RX type=1 id=15 seq=260 len=10
RADIO Wi-Fi cmd=15 seq=260 ack=1 status=0 response=0 ret=0
RADIO Wi-Fi RX type=1 id=15 seq=261 len=10
RADIO Wi-Fi cmd=15 seq=261 ack=1 status=0 response=0 ret=0
RADIO Wi-Fi RX type=1 id=15 seq=262 len=10
RADIO Wi-Fi cmd=15 seq=262 ack=1 status=0 response=0 ret=0
RADIO Wi-Fi RX type=1 id=15 seq=263 len=10
RADIO Wi-Fi cmd=15 seq=263 ack=1 status=0 response=0 ret=0
RADIO Wi-Fi RX type=1 id=15 seq=264 len=10
RADIO Wi-Fi cmd=15 seq=264 ack=1 status=0 response=0 ret=0
RADIO Wi-Fi RX type=1 id=15 seq=265 len=10
RADIO Wi-Fi cmd=15 seq=265 ack=1 status=0 response=0 ret=0
RADIO Wi-Fi RX type=1 id=15 seq=266 len=10
RADIO Wi-Fi cmd=15 seq=266 ack=1 status=0 response=0 ret=0
RADIO Wi-Fi RX type=1 id=15 seq=267 len=10
RADIO Wi-Fi cmd=15 seq=267 ack=1 status=0 response=0 ret=0
RADIO Wi-Fi RX type=1 id=15 seq=268 len=10
RADIO Wi-Fi cmd=15 seq=268 ack=1 status=0 response=0 ret=0
RADIO Wi-Fi RX type=1 id=15 seq=269 len=10
RADIO Wi-Fi cmd=15 seq=269 ack=1 status=0 response=0 ret=0
RADIO Wi-Fi RX type=1 id=15 seq=270 len=10
RADIO Wi-Fi cmd=15 seq=270 ack=1 status=0 response=0 ret=0
RADIO Wi-Fi RX type=1 id=15 seq=271 len=10
RADIO Wi-Fi cmd=15 seq=271 ack=1 status=0 response=0 ret=0
RADIO Wi-Fi RX type=1 id=15 seq=272 len=10
RADIO Wi-Fi cmd=15 seq=272 ack=1 status=0 response=0 ret=0
RADIO Wi-Fi RX type=1 id=15 seq=273 len=10
RADIO Wi-Fi cmd=15 seq=273 ack=1 status=0 response=0 ret=0
RADIO Wi-Fi RX type=1 id=15 seq=274 len=10
RADIO Wi-Fi cmd=15 seq=274 ack=1 status=0 response=0 ret=0
RADIO Wi-Fi RX type=1 id=15 seq=275 len=10
RADIO Wi-Fi cmd=15 seq=275 ack=1 status=0 response=0 ret=0
RADIO Wi-Fi RX type=1 id=15 seq=276 len=10
RADIO Wi-Fi cmd=15 seq=276 ack=1 status=0 response=0 ret=0
RADIO Wi-Fi RX type=1 id=15 seq=277 len=10
RADIO Wi-Fi cmd=15 seq=277 ack=1 status=0 response=0 ret=0
RADIO Wi-Fi RX type=1 id=15 seq=278 len=10
RADIO Wi-Fi cmd=15 seq=278 ack=1 status=0 response=0 ret=0
RADIO Wi-Fi RX type=1 id=15 seq=279 len=10
RADIO Wi-Fi cmd=15 seq=279 ack=1 status=0 response=0 ret=0
RADIO Wi-Fi RX type=1 id=15 seq=280 len=10
RADIO Wi-Fi cmd=15 seq=280 ack=1 status=0 response=0 ret=0
RADIO Wi-Fi RX type=1 id=15 seq=281 len=10
RADIO Wi-Fi cmd=15 seq=281 ack=1 status=0 response=0 ret=0
RADIO Wi-Fi RX type=1 id=15 seq=282 len=10
RADIO Wi-Fi cmd=15 seq=282 ack=1 status=0 response=0 ret=0
RADIO Wi-Fi RX type=1 id=15 seq=283 len=10
RADIO Wi-Fi cmd=15 seq=283 ack=1 status=0 response=0 ret=0
RADIO Wi-Fi RX type=1 id=15 seq=284 len=10
RADIO Wi-Fi cmd=15 seq=284 ack=1 status=0 response=0 ret=0
RADIO Wi-Fi RX type=1 id=15 seq=285 len=10
RADIO Wi-Fi cmd=15 seq=285 ack=1 status=0 response=0 ret=0
RADIO Wi-Fi RX type=1 id=15 seq=286 len=10
RADIO Wi-Fi cmd=15 seq=286 ack=1 status=0 response=0 ret=0
RADIO Wi-Fi RX type=1 id=15 seq=287 len=10
RADIO Wi-Fi cmd=15 seq=287 ack=1 status=0 response=0 ret=0
RADIO Wi-Fi RX type=1 id=15 seq=288 len=10
RADIO Wi-Fi cmd=15 seq=288 ack=1 status=0 response=0 ret=0
RADIO Wi-Fi RX type=1 id=15 seq=289 len=10
RADIO Wi-Fi cmd=15 seq=289 ack=1 status=0 response=0 ret=0
RADIO Wi-Fi RX type=1 id=15 seq=290 len=10
RADIO Wi-Fi cmd=15 seq=290 ack=1 status=0 response=0 ret=0
RADIO Wi-Fi RX type=1 id=15 seq=291 len=10
RADIO Wi-Fi cmd=15 seq=291 ack=1 status=0 response=0 ret=0
RADIO Wi-Fi RX type=1 id=15 seq=292 len=10
RADIO Wi-Fi cmd=15 seq=292 ack=1 status=0 response=0 ret=0
RADIO Wi-Fi RX type=1 id=15 seq=293 len=10
RADIO Wi-Fi cmd=15 seq=293 ack=1 status=0 response=0 ret=0
RADIO Wi-Fi RX type=1 id=15 seq=294 len=10
RADIO Wi-Fi cmd=15 seq=294 ack=1 status=0 response=0 ret=0
RADIO Wi-Fi RX type=1 id=15 seq=295 len=10
RADIO Wi-Fi cmd=15 seq=295 ack=1 status=0 response=0 ret=0
RADIO Wi-Fi RX type=1 id=15 seq=296 len=10
RADIO Wi-Fi cmd=15 seq=296 ack=1 status=0 response=0 ret=0
RADIO Wi-Fi RX type=1 id=15 seq=297 len=10
RADIO Wi-Fi cmd=15 seq=297 ack=1 status=0 response=0 ret=0
RADIO Wi-Fi RX type=1 id=15 seq=298 len=10
RADIO Wi-Fi cmd=15 seq=298 ack=1 status=0 response=0 ret=0
RADIO Wi-Fi RX type=1 id=15 seq=299 len=10
RADIO Wi-Fi cmd=15 seq=299 ack=1 status=0 response=0 ret=0
RADIO Wi-Fi RX type=1 id=15 seq=300 len=10
RADIO Wi-Fi cmd=15 seq=300 ack=1 status=0 response=0 ret=0
RADIO Wi-Fi RX type=1 id=15 seq=301 len=10
RADIO Wi-Fi cmd=15 seq=301 ack=1 status=0 response=0 ret=0
RADIO Wi-Fi RX type=1 id=15 seq=302 len=10
RADIO Wi-Fi cmd=15 seq=302 ack=1 status=0 response=0 ret=0
RADIO Wi-Fi RX type=1 id=15 seq=303 len=10
RADIO Wi-Fi cmd=15 seq=303 ack=1 status=0 response=0 ret=0
RADIO Wi-Fi RX type=1 id=15 seq=304 len=10
RADIO Wi-Fi cmd=15 seq=304 ack=1 status=0 response=0 ret=0
RADIO Wi-Fi RX type=1 id=15 seq=305 len=10
RADIO Wi-Fi cmd=15 seq=305 ack=1 status=0 response=0 ret=0
RADIO Wi-Fi RX type=1 id=15 seq=306 len=10
RADIO Wi-Fi cmd=15 seq=306 ack=1 status=0 response=0 ret=0
RADIO Wi-Fi RX type=1 id=15 seq=307 len=10
RADIO Wi-Fi cmd=15 seq=307 ack=1 status=0 response=0 ret=0
RADIO Wi-Fi RX type=1 id=15 seq=308 len=10
RADIO Wi-Fi cmd=15 seq=308 ack=1 status=0 response=0 ret=0
RADIO Wi-Fi RX type=1 id=15 seq=309 len=10
RADIO Wi-Fi cmd=15 seq=309 ack=1 status=0 response=0 ret=0
RADIO Wi-Fi RX type=1 id=15 seq=310 len=10
RADIO Wi-Fi cmd=15 seq=310 ack=1 status=0 response=0 ret=0
RADIO Wi-Fi RX type=1 id=15 seq=311 len=10
RADIO Wi-Fi cmd=15 seq=311 ack=1 status=0 response=0 ret=0
RADIO Wi-Fi RX type=1 id=15 seq=312 len=10
RADIO Wi-Fi cmd=15 seq=312 ack=1 status=0 response=0 ret=0
RADIO Wi-Fi RX type=1 id=15 seq=313 len=10
RADIO Wi-Fi cmd=15 seq=313 ack=1 status=0 response=0 ret=0
RADIO Wi-Fi RX type=1 id=15 seq=314 len=10
RADIO Wi-Fi cmd=15 seq=314 ack=1 status=0 response=0 ret=0
RADIO Wi-Fi RX type=1 id=15 seq=315 len=10
RADIO Wi-Fi cmd=15 seq=315 ack=1 status=0 response=0 ret=0
RADIO Wi-Fi RX type=1 id=15 seq=316 len=10
RADIO Wi-Fi cmd=15 seq=316 ack=1 status=0 response=0 ret=0
RADIO Wi-Fi RX type=1 id=15 seq=317 len=10
RADIO Wi-Fi cmd=15 seq=317 ack=1 status=0 response=0 ret=0
RADIO Wi-Fi RX type=1 id=15 seq=318 len=10
RADIO Wi-Fi cmd=15 seq=318 ack=1 status=0 response=0 ret=0
RADIO Wi-Fi RX type=1 id=15 seq=319 len=10
RADIO Wi-Fi cmd=15 seq=319 ack=1 status=0 response=0 ret=0
RADIO Wi-Fi RX type=1 id=15 seq=320 len=10
RADIO Wi-Fi cmd=15 seq=320 ack=1 status=0 response=0 ret=0
RADIO Wi-Fi RX type=1 id=15 seq=321 len=10
RADIO Wi-Fi cmd=15 seq=321 ack=1 status=0 response=0 ret=0
RADIO Wi-Fi RX type=1 id=15 seq=322 len=10
RADIO Wi-Fi cmd=15 seq=322 ack=1 status=0 response=0 ret=0
RADIO Wi-Fi RX type=1 id=15 seq=323 len=10
RADIO Wi-Fi cmd=15 seq=323 ack=1 status=0 response=0 ret=0
RADIO Wi-Fi RX type=1 id=15 seq=324 len=10
RADIO Wi-Fi cmd=15 seq=324 ack=1 status=0 response=0 ret=0
RADIO Wi-Fi RX type=1 id=15 seq=325 len=10
RADIO Wi-Fi cmd=15 seq=325 ack=1 status=0 response=0 ret=0
RADIO Wi-Fi RX type=1 id=15 seq=326 len=10
RADIO Wi-Fi cmd=15 seq=326 ack=1 status=0 response=0 ret=0
RADIO Wi-Fi RX type=1 id=15 seq=327 len=10
RADIO Wi-Fi cmd=15 seq=327 ack=1 status=0 response=0 ret=0
RADIO Wi-Fi RX type=1 id=15 seq=328 len=10
RADIO Wi-Fi cmd=15 seq=328 ack=1 status=0 response=0 ret=0
RADIO Wi-Fi RX type=1 id=15 seq=329 len=10
RADIO Wi-Fi cmd=15 seq=329 ack=1 status=0 response=0 ret=0
RADIO Wi-Fi RX type=1 id=15 seq=330 len=10
RADIO Wi-Fi cmd=15 seq=330 ack=1 status=0 response=0 ret=0
RADIO Wi-Fi RX type=1 id=15 seq=331 len=10
RADIO Wi-Fi cmd=15 seq=331 ack=1 status=0 response=0 ret=0
RADIO Wi-Fi RX type=1 id=15 seq=332 len=10
RADIO Wi-Fi cmd=15 seq=332 ack=1 status=0 response=0 ret=0
RADIO Wi-Fi RX type=1 id=15 seq=333 len=10
RADIO Wi-Fi cmd=15 seq=333 ack=1 status=0 response=0 ret=0
RADIO Wi-Fi RX type=1 id=15 seq=334 len=10
RADIO Wi-Fi cmd=15 seq=334 ack=1 status=0 response=0 ret=0
RADIO Wi-Fi RX type=1 id=15 seq=335 len=10
RADIO Wi-Fi cmd=15 seq=335 ack=1 status=0 response=0 ret=0
RADIO Wi-Fi RX type=1 id=15 seq=336 len=10
RADIO Wi-Fi cmd=15 seq=336 ack=1 status=0 response=0 ret=0
RADIO Wi-Fi RX type=1 id=15 seq=337 len=10
RADIO Wi-Fi cmd=15 seq=337 ack=1 status=0 response=0 ret=0
RADIO Wi-Fi RX type=1 id=15 seq=338 len=10
RADIO Wi-Fi cmd=15 seq=338 ack=1 status=0 response=0 ret=0
RADIO Wi-Fi RX type=1 id=15 seq=339 len=10
RADIO Wi-Fi cmd=15 seq=339 ack=1 status=0 response=0 ret=0
RADIO Wi-Fi RX type=1 id=15 seq=340 len=10
RADIO Wi-Fi cmd=15 seq=340 ack=1 status=0 response=0 ret=0
RADIO Wi-Fi RX type=1 id=15 seq=341 len=10
RADIO Wi-Fi cmd=15 seq=341 ack=1 status=0 response=0 ret=0
RADIO Wi-Fi RX type=1 id=15 seq=342 len=10
RADIO Wi-Fi cmd=15 seq=342 ack=1 status=0 response=0 ret=0
RADIO Wi-Fi RX type=1 id=15 seq=343 len=10
RADIO Wi-Fi cmd=15 seq=343 ack=1 status=0 response=0 ret=0
RADIO Wi-Fi RX type=1 id=15 seq=344 len=10
RADIO Wi-Fi cmd=15 seq=344 ack=1 status=0 response=0 ret=0
RADIO Wi-Fi RX type=1 id=15 seq=345 len=10
RADIO Wi-Fi cmd=15 seq=345 ack=1 status=0 response=0 ret=0
RADIO Wi-Fi RX type=1 id=15 seq=346 len=10
RADIO Wi-Fi cmd=15 seq=346 ack=1 status=0 response=0 ret=0
RADIO Wi-Fi RX type=1 id=15 seq=347 len=10
RADIO Wi-Fi cmd=15 seq=347 ack=1 status=0 response=0 ret=0
RADIO Wi-Fi RX type=1 id=15 seq=348 len=10
RADIO Wi-Fi cmd=15 seq=348 ack=1 status=0 response=0 ret=0
RADIO Wi-Fi RX type=1 id=15 seq=349 len=10
RADIO Wi-Fi cmd=15 seq=349 ack=1 status=0 response=0 ret=0
RADIO Wi-Fi RX type=1 id=15 seq=350 len=10
RADIO Wi-Fi cmd=15 seq=350 ack=1 status=0 response=0 ret=0
RADIO Wi-Fi RX type=1 id=15 seq=351 len=10
RADIO Wi-Fi cmd=15 seq=351 ack=1 status=0 response=0 ret=0
RADIO Wi-Fi RX type=1 id=15 seq=352 len=10
RADIO Wi-Fi cmd=15 seq=352 ack=1 status=0 response=0 ret=0
RADIO Wi-Fi RX type=1 id=15 seq=353 len=10
RADIO Wi-Fi cmd=15 seq=353 ack=1 status=0 response=0 ret=0
RADIO Wi-Fi RX type=1 id=15 seq=354 len=10
RADIO Wi-Fi cmd=15 seq=354 ack=1 status=0 response=0 ret=0
RADIO Wi-Fi RX type=1 id=15 seq=355 len=10
RADIO Wi-Fi cmd=15 seq=355 ack=1 status=0 response=0 ret=0
RADIO Wi-Fi RX type=1 id=15 seq=356 len=10
RADIO Wi-Fi cmd=15 seq=356 ack=1 status=0 response=0 ret=0
RADIO Wi-Fi RX type=1 id=15 seq=357 len=10
RADIO Wi-Fi cmd=15 seq=357 ack=1 status=0 response=0 ret=0
RADIO Wi-Fi RX type=1 id=15 seq=358 len=10
RADIO Wi-Fi cmd=15 seq=358 ack=1 status=0 response=0 ret=0
RADIO Wi-Fi RX type=1 id=15 seq=359 len=10
RADIO Wi-Fi cmd=15 seq=359 ack=1 status=0 response=0 ret=0
RADIO Wi-Fi RX type=1 id=15 seq=360 len=10
RADIO Wi-Fi cmd=15 seq=360 ack=1 status=0 response=0 ret=0
RADIO Wi-Fi RX type=1 id=15 seq=361 len=10
RADIO Wi-Fi cmd=15 seq=361 ack=1 status=0 response=0 ret=0
RADIO Wi-Fi RX type=1 id=15 seq=362 len=10
RADIO Wi-Fi cmd=15 seq=362 ack=1 status=0 response=0 ret=0
RADIO Wi-Fi RX type=1 id=15 seq=363 len=10
RADIO Wi-Fi cmd=15 seq=363 ack=1 status=0 response=0 ret=0
RADIO Wi-Fi RX type=1 id=15 seq=364 len=10
RADIO Wi-Fi cmd=15 seq=364 ack=1 status=0 response=0 ret=0
RADIO Wi-Fi RX type=1 id=15 seq=365 len=10
RADIO Wi-Fi cmd=15 seq=365 ack=1 status=0 response=0 ret=0
RADIO Wi-Fi RX type=1 id=15 seq=366 len=10
RADIO Wi-Fi cmd=15 seq=366 ack=1 status=0 response=0 ret=0
RADIO Wi-Fi RX type=1 id=15 seq=367 len=10
RADIO Wi-Fi cmd=15 seq=367 ack=1 status=0 response=0 ret=0
RADIO Wi-Fi RX type=1 id=15 seq=368 len=10
RADIO Wi-Fi cmd=15 seq=368 ack=1 status=0 response=0 ret=0
RADIO Wi-Fi RX type=1 id=15 seq=369 len=10
RADIO Wi-Fi cmd=15 seq=369 ack=1 status=0 response=0 ret=0
RADIO Wi-Fi RX type=1 id=15 seq=370 len=10
RADIO Wi-Fi cmd=15 seq=370 ack=1 status=0 response=0 ret=0
RADIO Wi-Fi RX type=1 id=15 seq=371 len=10
RADIO Wi-Fi cmd=15 seq=371 ack=1 status=0 response=0 ret=0
RADIO Wi-Fi RX type=1 id=15 seq=372 len=10
RADIO Wi-Fi cmd=15 seq=372 ack=1 status=0 response=0 ret=0
RADIO Wi-Fi RX type=1 id=15 seq=373 len=10
RADIO Wi-Fi cmd=15 seq=373 ack=1 status=0 response=0 ret=0
RADIO Wi-Fi RX type=1 id=15 seq=374 len=10
RADIO Wi-Fi cmd=15 seq=374 ack=1 status=0 response=0 ret=0
RADIO Wi-Fi RX type=1 id=15 seq=375 len=10
RADIO Wi-Fi cmd=15 seq=375 ack=1 status=0 response=0 ret=0
RADIO Wi-Fi RX type=1 id=15 seq=376 len=10
RADIO Wi-Fi cmd=15 seq=376 ack=1 status=0 response=0 ret=0
RADIO Wi-Fi RX type=1 id=15 seq=377 len=10
RADIO Wi-Fi cmd=15 seq=377 ack=1 status=0 response=0 ret=0
RADIO Wi-Fi RX type=1 id=15 seq=378 len=10
RADIO Wi-Fi cmd=15 seq=378 ack=1 status=0 response=0 ret=0
RADIO Wi-Fi RX type=1 id=15 seq=379 len=10
RADIO Wi-Fi cmd=15 seq=379 ack=1 status=0 response=0 ret=0
RADIO Wi-Fi RX type=1 id=15 seq=380 len=10
RADIO Wi-Fi cmd=15 seq=380 ack=1 status=0 response=0 ret=0
RADIO Wi-Fi RX type=1 id=15 seq=381 len=10
RADIO Wi-Fi cmd=15 seq=381 ack=1 status=0 response=0 ret=0
RADIO Wi-Fi RX type=1 id=15 seq=382 len=10
RADIO Wi-Fi cmd=15 seq=382 ack=1 status=0 response=0 ret=0
RADIO Wi-Fi RX type=1 id=15 seq=383 len=10
RADIO Wi-Fi cmd=15 seq=383 ack=1 status=0 response=0 ret=0
RADIO Wi-Fi RX type=1 id=15 seq=384 len=10
RADIO Wi-Fi cmd=15 seq=384 ack=1 status=0 response=0 ret=0
RADIO Wi-Fi RX type=1 id=15 seq=385 len=10
RADIO Wi-Fi cmd=15 seq=385 ack=1 status=0 response=0 ret=0
RADIO Wi-Fi RX type=1 id=15 seq=386 len=10
RADIO Wi-Fi cmd=15 seq=386 ack=1 status=0 response=0 ret=0
RADIO Wi-Fi RX type=1 id=15 seq=387 len=10
RADIO Wi-Fi cmd=15 seq=387 ack=1 status=0 response=0 ret=0
RADIO Wi-Fi RX type=1 id=15 seq=388 len=10
RADIO Wi-Fi cmd=15 seq=388 ack=1 status=0 response=0 ret=0
RADIO Wi-Fi RX type=1 id=15 seq=389 len=10
RADIO Wi-Fi cmd=15 seq=389 ack=1 status=0 response=0 ret=0
RADIO Wi-Fi RX type=1 id=15 seq=390 len=10
RADIO Wi-Fi cmd=15 seq=390 ack=1 status=0 response=0 ret=0
RADIO Wi-Fi RX type=1 id=15 seq=391 len=10
RADIO Wi-Fi cmd=15 seq=391 ack=1 status=0 response=0 ret=0
RADIO Wi-Fi RX type=1 id=15 seq=392 len=10
RADIO Wi-Fi cmd=15 seq=392 ack=1 status=0 response=0 ret=0
RADIO Wi-Fi RX type=1 id=15 seq=393 len=10
RADIO Wi-Fi cmd=15 seq=393 ack=1 status=0 response=0 ret=0
RADIO Wi-Fi RX type=1 id=15 seq=394 len=10
RADIO Wi-Fi cmd=15 seq=394 ack=1 status=0 response=0 ret=0
RADIO Wi-Fi RX type=1 id=15 seq=395 len=10
RADIO Wi-Fi cmd=15 seq=395 ack=1 status=0 response=0 ret=0
RADIO Wi-Fi RX type=1 id=15 seq=396 len=10
RADIO Wi-Fi cmd=15 seq=396 ack=1 status=0 response=0 ret=0
RADIO Wi-Fi RX type=1 id=15 seq=397 len=10
RADIO Wi-Fi cmd=15 seq=397 ack=1 status=0 response=0 ret=0
RADIO Wi-Fi RX type=1 id=15 seq=398 len=10
RADIO Wi-Fi cmd=15 seq=398 ack=1 status=0 response=0 ret=0
RADIO Wi-Fi RX type=1 id=15 seq=399 len=10
RADIO Wi-Fi cmd=15 seq=399 ack=1 status=0 response=0 ret=0
RADIO Wi-Fi RX type=1 id=15 seq=400 len=10
RADIO Wi-Fi cmd=15 seq=400 ack=1 status=0 response=0 ret=0
RADIO Wi-Fi RX type=1 id=15 seq=401 len=10
RADIO Wi-Fi cmd=15 seq=401 ack=1 status=0 response=0 ret=0
RADIO Wi-Fi RX type=1 id=15 seq=402 len=10
RADIO Wi-Fi cmd=15 seq=402 ack=1 status=0 response=0 ret=0
RADIO Wi-Fi RX type=1 id=15 seq=403 len=10
RADIO Wi-Fi cmd=15 seq=403 ack=1 status=0 response=0 ret=0
RADIO Wi-Fi RX type=1 id=15 seq=404 len=10
RADIO Wi-Fi cmd=15 seq=404 ack=1 status=0 response=0 ret=0
RADIO Wi-Fi RX type=1 id=15 seq=405 len=10
RADIO Wi-Fi cmd=15 seq=405 ack=1 status=0 response=0 ret=0
RADIO Wi-Fi RX type=1 id=15 seq=406 len=10
RADIO Wi-Fi cmd=15 seq=406 ack=1 status=0 response=0 ret=0
RADIO Wi-Fi RX type=1 id=15 seq=407 len=10
RADIO Wi-Fi cmd=15 seq=407 ack=1 status=0 response=0 ret=0
RADIO Wi-Fi RX type=1 id=15 seq=408 len=10
RADIO Wi-Fi cmd=15 seq=408 ack=1 status=0 response=0 ret=0
RADIO Wi-Fi RX type=1 id=15 seq=409 len=10
RADIO Wi-Fi cmd=15 seq=409 ack=1 status=0 response=0 ret=0
RADIO Wi-Fi RX type=1 id=15 seq=410 len=10
RADIO Wi-Fi cmd=15 seq=410 ack=1 status=0 response=0 ret=0
RADIO Wi-Fi RX type=1 id=15 seq=411 len=10
RADIO Wi-Fi cmd=15 seq=411 ack=1 status=0 response=0 ret=0
RADIO Wi-Fi RX type=1 id=15 seq=412 len=10
RADIO Wi-Fi cmd=15 seq=412 ack=1 status=0 response=0 ret=0
RADIO Wi-Fi RX type=1 id=15 seq=413 len=10
RADIO Wi-Fi cmd=15 seq=413 ack=1 status=0 response=0 ret=0
RADIO Wi-Fi RX type=1 id=15 seq=414 len=10
RADIO Wi-Fi cmd=15 seq=414 ack=1 status=0 response=0 ret=0
RADIO Wi-Fi RX type=1 id=15 seq=415 len=10
RADIO Wi-Fi cmd=15 seq=415 ack=1 status=0 response=0 ret=0
RADIO Wi-Fi RX type=1 id=15 seq=416 len=10
RADIO Wi-Fi cmd=15 seq=416 ack=1 status=0 response=0 ret=0
RADIO Wi-Fi RX type=1 id=15 seq=417 len=10
RADIO Wi-Fi cmd=15 seq=417 ack=1 status=0 response=0 ret=0
RADIO Wi-Fi RX type=1 id=15 seq=418 len=10
RADIO Wi-Fi cmd=15 seq=418 ack=1 status=0 response=0 ret=0
RADIO Wi-Fi RX type=1 id=15 seq=419 len=10
RADIO Wi-Fi cmd=15 seq=419 ack=1 status=0 response=0 ret=0
RADIO Wi-Fi RX type=1 id=15 seq=420 len=10
RADIO Wi-Fi cmd=15 seq=420 ack=1 status=0 response=0 ret=0
RADIO Wi-Fi RX type=1 id=15 seq=421 len=10
RADIO Wi-Fi cmd=15 seq=421 ack=1 status=0 response=0 ret=0
RADIO Wi-Fi RX type=1 id=15 seq=422 len=10
RADIO Wi-Fi cmd=15 seq=422 ack=1 status=0 response=0 ret=0
RADIO Wi-Fi RX type=1 id=15 seq=423 len=10
RADIO Wi-Fi cmd=15 seq=423 ack=1 status=0 response=0 ret=0
RADIO Wi-Fi RX type=1 id=15 seq=424 len=10
RADIO Wi-Fi cmd=15 seq=424 ack=1 status=0 response=0 ret=0
RADIO Wi-Fi RX type=1 id=15 seq=425 len=10
RADIO Wi-Fi cmd=15 seq=425 ack=1 status=0 response=0 ret=0
RADIO Wi-Fi RX type=1 id=15 seq=426 len=10
RADIO Wi-Fi cmd=15 seq=426 ack=1 status=0 response=0 ret=0
RADIO Wi-Fi RX type=1 id=15 seq=427 len=10
RADIO Wi-Fi cmd=15 seq=427 ack=1 status=0 response=0 ret=0
RADIO Wi-Fi RX type=1 id=15 seq=428 len=10
RADIO Wi-Fi cmd=15 seq=428 ack=1 status=0 response=0 ret=0
RADIO Wi-Fi RX type=1 id=15 seq=429 len=10
RADIO Wi-Fi cmd=15 seq=429 ack=1 status=0 response=0 ret=0
RADIO Wi-Fi RX type=1 id=15 seq=430 len=10
RADIO Wi-Fi cmd=15 seq=430 ack=1 status=0 response=0 ret=0
RADIO Wi-Fi RX type=1 id=15 seq=431 len=10
RADIO Wi-Fi cmd=15 seq=431 ack=1 status=0 response=0 ret=0
RADIO Wi-Fi RX type=1 id=15 seq=432 len=10
RADIO Wi-Fi cmd=15 seq=432 ack=1 status=0 response=0 ret=0
RADIO Wi-Fi RX type=1 id=15 seq=433 len=10
RADIO Wi-Fi cmd=15 seq=433 ack=1 status=0 response=0 ret=0
RADIO Wi-Fi RX type=1 id=15 seq=434 len=10
RADIO Wi-Fi cmd=15 seq=434 ack=1 status=0 response=0 ret=0
RADIO Wi-Fi RX type=1 id=15 seq=435 len=10
RADIO Wi-Fi cmd=15 seq=435 ack=1 status=0 response=0 ret=0
RADIO Wi-Fi RX type=1 id=15 seq=436 len=10
RADIO Wi-Fi cmd=15 seq=436 ack=1 status=0 response=0 ret=0
RADIO Wi-Fi RX type=1 id=15 seq=437 len=10
RADIO Wi-Fi cmd=15 seq=437 ack=1 status=0 response=0 ret=0
RADIO Wi-Fi RX type=1 id=15 seq=438 len=10
RADIO Wi-Fi cmd=15 seq=438 ack=1 status=0 response=0 ret=0
RADIO Wi-Fi RX type=1 id=15 seq=439 len=10
RADIO Wi-Fi cmd=15 seq=439 ack=1 status=0 response=0 ret=0
RADIO Wi-Fi RX type=1 id=15 seq=440 len=10
RADIO Wi-Fi cmd=15 seq=440 ack=1 status=0 response=0 ret=0
RADIO Wi-Fi RX type=1 id=15 seq=441 len=10
RADIO Wi-Fi cmd=15 seq=441 ack=1 status=0 response=0 ret=0
RADIO Wi-Fi RX type=1 id=15 seq=442 len=10
RADIO Wi-Fi cmd=15 seq=442 ack=1 status=0 response=0 ret=0
RADIO Wi-Fi RX type=1 id=15 seq=443 len=10
RADIO Wi-Fi cmd=15 seq=443 ack=1 status=0 response=0 ret=0
RADIO Wi-Fi RX type=1 id=15 seq=444 len=10
RADIO Wi-Fi cmd=15 seq=444 ack=1 status=0 response=0 ret=0
RADIO Wi-Fi RX type=1 id=15 seq=445 len=10
RADIO Wi-Fi cmd=15 seq=445 ack=1 status=0 response=0 ret=0
RADIO Wi-Fi RX type=1 id=15 seq=446 len=10
RADIO Wi-Fi cmd=15 seq=446 ack=1 status=0 response=0 ret=0
RADIO Wi-Fi RX type=1 id=15 seq=447 len=10
RADIO Wi-Fi cmd=15 seq=447 ack=1 status=0 response=0 ret=0
RADIO Wi-Fi RX type=1 id=15 seq=448 len=10
RADIO Wi-Fi cmd=15 seq=448 ack=1 status=0 response=0 ret=0
RADIO Wi-Fi RX type=1 id=15 seq=449 len=10
RADIO Wi-Fi cmd=15 seq=449 ack=1 status=0 response=0 ret=0
RADIO Wi-Fi RX type=1 id=15 seq=450 len=10
RADIO Wi-Fi cmd=15 seq=450 ack=1 status=0 response=0 ret=0
RADIO Wi-Fi RX type=1 id=15 seq=451 len=10
RADIO Wi-Fi cmd=15 seq=451 ack=1 status=0 response=0 ret=0
RADIO Wi-Fi RX type=1 id=15 seq=452 len=10
RADIO Wi-Fi cmd=15 seq=452 ack=1 status=0 response=0 ret=0
RADIO Wi-Fi RX type=1 id=15 seq=453 len=10
RADIO Wi-Fi cmd=15 seq=453 ack=1 status=0 response=0 ret=0
RADIO Wi-Fi RX type=1 id=15 seq=454 len=10
RADIO Wi-Fi cmd=15 seq=454 ack=1 status=0 response=0 ret=0
RADIO Wi-Fi RX type=1 id=15 seq=455 len=10
RADIO Wi-Fi cmd=15 seq=455 ack=1 status=0 response=0 ret=0
RADIO Wi-Fi RX type=1 id=15 seq=456 len=10
RADIO Wi-Fi cmd=15 seq=456 ack=1 status=0 response=0 ret=0
RADIO Wi-Fi RX type=1 id=15 seq=457 len=10
RADIO Wi-Fi cmd=15 seq=457 ack=1 status=0 response=0 ret=0
RADIO Wi-Fi RX type=1 id=15 seq=458 len=10
RADIO Wi-Fi cmd=15 seq=458 ack=1 status=0 response=0 ret=0
RADIO Wi-Fi RX type=1 id=15 seq=459 len=10
RADIO Wi-Fi cmd=15 seq=459 ack=1 status=0 response=0 ret=0
RADIO Wi-Fi RX type=1 id=15 seq=460 len=10
RADIO Wi-Fi cmd=15 seq=460 ack=1 status=0 response=0 ret=0
RADIO Wi-Fi RX type=1 id=15 seq=461 len=10
RADIO Wi-Fi cmd=15 seq=461 ack=1 status=0 response=0 ret=0
RADIO Wi-Fi RX type=1 id=15 seq=462 len=10
RADIO Wi-Fi cmd=15 seq=462 ack=1 status=0 response=0 ret=0
RADIO Wi-Fi RX type=1 id=15 seq=463 len=10
RADIO Wi-Fi cmd=15 seq=463 ack=1 status=0 response=0 ret=0
RADIO Wi-Fi RX type=1 id=15 seq=464 len=10
RADIO Wi-Fi cmd=15 seq=464 ack=1 status=0 response=0 ret=0
RADIO Wi-Fi RX type=1 id=15 seq=465 len=10
RADIO Wi-Fi cmd=15 seq=465 ack=1 status=0 response=0 ret=0
RADIO Wi-Fi RX type=1 id=15 seq=466 len=10
RADIO Wi-Fi cmd=15 seq=466 ack=1 status=0 response=0 ret=0
RADIO Wi-Fi RX type=1 id=15 seq=467 len=10
RADIO Wi-Fi cmd=15 seq=467 ack=1 status=0 response=0 ret=0
RADIO Wi-Fi RX type=1 id=15 seq=468 len=10
RADIO Wi-Fi cmd=15 seq=468 ack=1 status=0 response=0 ret=0
RADIO Wi-Fi RX type=1 id=15 seq=469 len=10
RADIO Wi-Fi cmd=15 seq=469 ack=1 status=0 response=0 ret=0
RADIO Wi-Fi RX type=1 id=15 seq=470 len=10
RADIO Wi-Fi cmd=15 seq=470 ack=1 status=0 response=0 ret=0
RADIO Wi-Fi RX type=1 id=15 seq=471 len=10
RADIO Wi-Fi cmd=15 seq=471 ack=1 status=0 response=0 ret=0
RADIO Wi-Fi RX type=1 id=15 seq=472 len=10
RADIO Wi-Fi cmd=15 seq=472 ack=1 status=0 response=0 ret=0
RADIO Wi-Fi RX type=1 id=15 seq=473 len=10
RADIO Wi-Fi cmd=15 seq=473 ack=1 status=0 response=0 ret=0
RADIO Wi-Fi RX type=1 id=15 seq=474 len=10
RADIO Wi-Fi cmd=15 seq=474 ack=1 status=0 response=0 ret=0
RADIO Wi-Fi RX type=1 id=15 seq=475 len=10
RADIO Wi-Fi cmd=15 seq=475 ack=1 status=0 response=0 ret=0
RADIO Wi-Fi RX type=1 id=15 seq=476 len=10
RADIO Wi-Fi cmd=15 seq=476 ack=1 status=0 response=0 ret=0
RADIO Wi-Fi RX type=1 id=15 seq=477 len=10
RADIO Wi-Fi cmd=15 seq=477 ack=1 status=0 response=0 ret=0
RADIO Wi-Fi RX type=1 id=15 seq=478 len=10
RADIO Wi-Fi cmd=15 seq=478 ack=1 status=0 response=0 ret=0
RADIO Wi-Fi RX type=1 id=15 seq=479 len=10
RADIO Wi-Fi cmd=15 seq=479 ack=1 status=0 response=0 ret=0
RADIO Wi-Fi RX type=1 id=15 seq=480 len=10
RADIO Wi-Fi cmd=15 seq=480 ack=1 status=0 response=0 ret=0
RADIO Wi-Fi RX type=1 id=15 seq=481 len=10
RADIO Wi-Fi cmd=15 seq=481 ack=1 status=0 response=0 ret=0
RADIO Wi-Fi RX type=1 id=15 seq=482 len=10
RADIO Wi-Fi cmd=15 seq=482 ack=1 status=0 response=0 ret=0
RADIO Wi-Fi RX type=1 id=15 seq=483 len=10
RADIO Wi-Fi cmd=15 seq=483 ack=1 status=0 response=0 ret=0
RADIO Wi-Fi RX type=1 id=15 seq=484 len=10
RADIO Wi-Fi cmd=15 seq=484 ack=1 status=0 response=0 ret=0
RADIO Wi-Fi RX type=1 id=15 seq=485 len=10
RADIO Wi-Fi cmd=15 seq=485 ack=1 status=0 response=0 ret=0
RADIO Wi-Fi RX type=1 id=15 seq=486 len=10
RADIO Wi-Fi cmd=15 seq=486 ack=1 status=0 response=0 ret=0
RADIO Wi-Fi RX type=1 id=15 seq=487 len=10
RADIO Wi-Fi cmd=15 seq=487 ack=1 status=0 response=0 ret=0
RADIO Wi-Fi RX type=1 id=15 seq=488 len=10
RADIO Wi-Fi cmd=15 seq=488 ack=1 status=0 response=0 ret=0
RADIO Wi-Fi RX type=1 id=15 seq=489 len=10
RADIO Wi-Fi cmd=15 seq=489 ack=1 status=0 response=0 ret=0
RADIO Wi-Fi RX type=1 id=15 seq=490 len=10
RADIO Wi-Fi cmd=15 seq=490 ack=1 status=0 response=0 ret=0
RADIO Wi-Fi RX type=1 id=15 seq=491 len=10
RADIO Wi-Fi cmd=15 seq=491 ack=1 status=0 response=0 ret=0
RADIO Wi-Fi RX type=1 id=15 seq=492 len=10
RADIO Wi-Fi cmd=15 seq=492 ack=1 status=0 response=0 ret=0
RADIO Wi-Fi RX type=1 id=15 seq=493 len=10
RADIO Wi-Fi cmd=15 seq=493 ack=1 status=0 response=0 ret=0
RADIO Wi-Fi RX type=1 id=15 seq=494 len=10
RADIO Wi-Fi cmd=15 seq=494 ack=1 status=0 response=0 ret=0
RADIO Wi-Fi RX type=1 id=15 seq=495 len=10
RADIO Wi-Fi cmd=15 seq=495 ack=1 status=0 response=0 ret=0
RADIO Wi-Fi RX type=1 id=15 seq=496 len=10
RADIO Wi-Fi cmd=15 seq=496 ack=1 status=0 response=0 ret=0
RADIO Wi-Fi RX type=1 id=15 seq=497 len=10
RADIO Wi-Fi cmd=15 seq=497 ack=1 status=0 response=0 ret=0
RADIO Wi-Fi RX type=1 id=15 seq=498 len=10
RADIO Wi-Fi cmd=15 seq=498 ack=1 status=0 response=0 ret=0
RADIO Wi-Fi RX type=1 id=15 seq=499 len=10
RADIO Wi-Fi cmd=15 seq=499 ack=1 status=0 response=0 ret=0
RADIO Wi-Fi RX type=1 id=15 seq=500 len=10
RADIO Wi-Fi cmd=15 seq=500 ack=1 status=0 response=0 ret=0
RADIO Wi-Fi RX type=1 id=15 seq=501 len=10
RADIO Wi-Fi cmd=15 seq=501 ack=1 status=0 response=0 ret=0
RADIO Wi-Fi RX type=1 id=15 seq=502 len=10
RADIO Wi-Fi cmd=15 seq=502 ack=1 status=0 response=0 ret=0
RADIO Wi-Fi RX type=1 id=15 seq=503 len=10
RADIO Wi-Fi cmd=15 seq=503 ack=1 status=0 response=0 ret=0
RADIO Wi-Fi RX type=1 id=15 seq=504 len=10
RADIO Wi-Fi cmd=15 seq=504 ack=1 status=0 response=0 ret=0
RADIO Wi-Fi RX type=1 id=15 seq=505 len=10
RADIO Wi-Fi cmd=15 seq=505 ack=1 status=0 response=0 ret=0
RADIO Wi-Fi RX type=1 id=15 seq=506 len=10
RADIO Wi-Fi cmd=15 seq=506 ack=1 status=0 response=0 ret=0
RADIO Wi-Fi RX type=1 id=15 seq=507 len=10
RADIO Wi-Fi cmd=15 seq=507 ack=1 status=0 response=0 ret=0
RADIO Wi-Fi RX type=1 id=15 seq=508 len=10
RADIO Wi-Fi cmd=15 seq=508 ack=1 status=0 response=0 ret=0
RADIO Wi-Fi RX type=1 id=15 seq=509 len=10
RADIO Wi-Fi cmd=15 seq=509 ack=1 status=0 response=0 ret=0
RADIO Wi-Fi RX type=1 id=15 seq=510 len=10
RADIO Wi-Fi cmd=15 seq=510 ack=1 status=0 response=0 ret=0
RADIO Wi-Fi RX type=1 id=15 seq=511 len=10
RADIO Wi-Fi cmd=15 seq=511 ack=1 status=0 response=0 ret=0
RADIO Wi-Fi RX type=1 id=15 seq=512 len=10
RADIO Wi-Fi cmd=15 seq=512 ack=1 status=0 response=0 ret=0
RADIO Wi-Fi RX type=1 id=15 seq=513 len=10
RADIO Wi-Fi cmd=15 seq=513 ack=1 status=0 response=0 ret=0
RADIO Wi-Fi RX type=1 id=15 seq=514 len=10
RADIO Wi-Fi cmd=15 seq=514 ack=1 status=0 response=0 ret=0
RADIO Wi-Fi RX type=1 id=15 seq=515 len=10
RADIO Wi-Fi cmd=15 seq=515 ack=1 status=0 response=0 ret=0
RADIO Wi-Fi RX type=1 id=15 seq=516 len=10
RADIO Wi-Fi cmd=15 seq=516 ack=1 status=0 response=0 ret=0
RADIO Wi-Fi RX type=1 id=15 seq=517 len=10
RADIO Wi-Fi cmd=15 seq=517 ack=1 status=0 response=0 ret=0
RADIO Wi-Fi RX type=1 id=15 seq=518 len=10
RADIO Wi-Fi cmd=15 seq=518 ack=1 status=0 response=0 ret=0
RADIO Wi-Fi RX type=1 id=15 seq=519 len=10
RADIO Wi-Fi cmd=15 seq=519 ack=1 status=0 response=0 ret=0
RADIO Wi-Fi RX type=1 id=15 seq=520 len=10
RADIO Wi-Fi cmd=15 seq=520 ack=1 status=0 response=0 ret=0
RADIO Wi-Fi RX type=1 id=15 seq=521 len=10
RADIO Wi-Fi cmd=15 seq=521 ack=1 status=0 response=0 ret=0
RADIO Wi-Fi RX type=1 id=15 seq=522 len=10
RADIO Wi-Fi cmd=15 seq=522 ack=1 status=0 response=0 ret=0
RADIO Wi-Fi RX type=1 id=15 seq=523 len=10
RADIO Wi-Fi cmd=15 seq=523 ack=1 status=0 response=0 ret=0
RADIO Wi-Fi RX type=1 id=15 seq=524 len=10
RADIO Wi-Fi cmd=15 seq=524 ack=1 status=0 response=0 ret=0
RADIO Wi-Fi RX type=1 id=15 seq=525 len=10
RADIO Wi-Fi cmd=15 seq=525 ack=1 status=0 response=0 ret=0
RADIO Wi-Fi RX type=1 id=15 seq=526 len=10
RADIO Wi-Fi cmd=15 seq=526 ack=1 status=0 response=0 ret=0
RADIO Wi-Fi RX type=1 id=15 seq=527 len=10
RADIO Wi-Fi cmd=15 seq=527 ack=1 status=0 response=0 ret=0
RADIO Wi-Fi RX type=1 id=15 seq=528 len=10
RADIO Wi-Fi cmd=15 seq=528 ack=1 status=0 response=0 ret=0
RADIO Wi-Fi RX type=1 id=15 seq=529 len=10
RADIO Wi-Fi cmd=15 seq=529 ack=1 status=0 response=0 ret=0
RADIO Wi-Fi RX type=1 id=15 seq=530 len=10
RADIO Wi-Fi cmd=15 seq=530 ack=1 status=0 response=0 ret=0
RADIO Wi-Fi RX type=1 id=15 seq=531 len=10
RADIO Wi-Fi cmd=15 seq=531 ack=1 status=0 response=0 ret=0
RADIO Wi-Fi RX type=1 id=15 seq=532 len=10
RADIO Wi-Fi cmd=15 seq=532 ack=1 status=0 response=0 ret=0
RADIO Wi-Fi RX type=1 id=15 seq=533 len=10
RADIO Wi-Fi cmd=15 seq=533 ack=1 status=0 response=0 ret=0
RADIO Wi-Fi RX type=1 id=15 seq=534 len=10
RADIO Wi-Fi cmd=15 seq=534 ack=1 status=0 response=0 ret=0
RADIO Wi-Fi RX type=1 id=15 seq=535 len=10
RADIO Wi-Fi cmd=15 seq=535 ack=1 status=0 response=0 ret=0
RADIO Wi-Fi RX type=1 id=15 seq=536 len=10
RADIO Wi-Fi cmd=15 seq=536 ack=1 status=0 response=0 ret=0
RADIO Wi-Fi RX type=1 id=15 seq=537 len=10
RADIO Wi-Fi cmd=15 seq=537 ack=1 status=0 response=0 ret=0
RADIO Wi-Fi RX type=1 id=15 seq=538 len=10
RADIO Wi-Fi cmd=15 seq=538 ack=1 status=0 response=0 ret=0
RADIO Wi-Fi RX type=1 id=15 seq=539 len=10
RADIO Wi-Fi cmd=15 seq=539 ack=1 status=0 response=0 ret=0
RADIO Wi-Fi RX type=1 id=15 seq=540 len=10
RADIO Wi-Fi cmd=15 seq=540 ack=1 status=0 response=0 ret=0
RADIO Wi-Fi RX type=1 id=15 seq=541 len=10
RADIO Wi-Fi cmd=15 seq=541 ack=1 status=0 response=0 ret=0
RADIO Wi-Fi RX type=1 id=15 seq=542 len=10
RADIO Wi-Fi cmd=15 seq=542 ack=1 status=0 response=0 ret=0
RADIO Wi-Fi RX type=1 id=15 seq=543 len=10
RADIO Wi-Fi cmd=15 seq=543 ack=1 status=0 response=0 ret=0
RADIO Wi-Fi RX type=1 id=15 seq=544 len=10
RADIO Wi-Fi cmd=15 seq=544 ack=1 status=0 response=0 ret=0
RADIO Wi-Fi RX type=1 id=15 seq=545 len=10
RADIO Wi-Fi cmd=15 seq=545 ack=1 status=0 response=0 ret=0
RADIO Wi-Fi RX type=1 id=15 seq=546 len=10
RADIO Wi-Fi cmd=15 seq=546 ack=1 status=0 response=0 ret=0
RADIO Wi-Fi RX type=1 id=15 seq=547 len=10
RADIO Wi-Fi cmd=15 seq=547 ack=1 status=0 response=0 ret=0
RADIO Wi-Fi RX type=1 id=15 seq=548 len=10
RADIO Wi-Fi cmd=15 seq=548 ack=1 status=0 response=0 ret=0
RADIO Wi-Fi RX type=1 id=15 seq=549 len=10
RADIO Wi-Fi cmd=15 seq=549 ack=1 status=0 response=0 ret=0
RADIO Wi-Fi RX type=1 id=15 seq=550 len=10
RADIO Wi-Fi cmd=15 seq=550 ack=1 status=0 response=0 ret=0
RADIO Wi-Fi RX type=1 id=15 seq=551 len=10
RADIO Wi-Fi cmd=15 seq=551 ack=1 status=0 response=0 ret=0
RADIO Wi-Fi RX type=1 id=15 seq=552 len=10
RADIO Wi-Fi cmd=15 seq=552 ack=1 status=0 response=0 ret=0
RADIO Wi-Fi RX type=1 id=15 seq=553 len=10
RADIO Wi-Fi cmd=15 seq=553 ack=1 status=0 response=0 ret=0
RADIO Wi-Fi RX type=1 id=15 seq=554 len=10
RADIO Wi-Fi cmd=15 seq=554 ack=1 status=0 response=0 ret=0
RADIO Wi-Fi RX type=1 id=15 seq=555 len=10
RADIO Wi-Fi cmd=15 seq=555 ack=1 status=0 response=0 ret=0
RADIO Wi-Fi RX type=1 id=15 seq=556 len=10
RADIO Wi-Fi cmd=15 seq=556 ack=1 status=0 response=0 ret=0
RADIO Wi-Fi RX type=1 id=15 seq=557 len=10
RADIO Wi-Fi cmd=15 seq=557 ack=1 status=0 response=0 ret=0
RADIO Wi-Fi RX type=1 id=15 seq=558 len=10
RADIO Wi-Fi cmd=15 seq=558 ack=1 status=0 response=0 ret=0
RADIO Wi-Fi RX type=1 id=15 seq=559 len=10
RADIO Wi-Fi cmd=15 seq=559 ack=1 status=0 response=0 ret=0
RADIO Wi-Fi RX type=1 id=15 seq=560 len=10
RADIO Wi-Fi cmd=15 seq=560 ack=1 status=0 response=0 ret=0
RADIO Wi-Fi RX type=1 id=15 seq=561 len=10
RADIO Wi-Fi cmd=15 seq=561 ack=1 status=0 response=0 ret=0
RADIO Wi-Fi RX type=1 id=15 seq=562 len=10
RADIO Wi-Fi cmd=15 seq=562 ack=1 status=0 response=0 ret=0
RADIO Wi-Fi RX type=1 id=15 seq=563 len=10
RADIO Wi-Fi cmd=15 seq=563 ack=1 status=0 response=0 ret=0
RADIO Wi-Fi RX type=1 id=15 seq=564 len=10
RADIO Wi-Fi cmd=15 seq=564 ack=1 status=0 response=0 ret=0
RADIO Wi-Fi RX type=1 id=15 seq=565 len=10
RADIO Wi-Fi cmd=15 seq=565 ack=1 status=0 response=0 ret=0
RADIO Wi-Fi RX type=1 id=15 seq=566 len=10
RADIO Wi-Fi cmd=15 seq=566 ack=1 status=0 response=0 ret=0
RADIO Wi-Fi RX type=1 id=15 seq=567 len=10
RADIO Wi-Fi cmd=15 seq=567 ack=1 status=0 response=0 ret=0
RADIO Wi-Fi RX type=1 id=15 seq=568 len=10
RADIO Wi-Fi cmd=15 seq=568 ack=1 status=0 response=0 ret=0
RADIO Wi-Fi RX type=1 id=15 seq=569 len=10
RADIO Wi-Fi cmd=15 seq=569 ack=1 status=0 response=0 ret=0
RADIO Wi-Fi RX type=1 id=15 seq=570 len=10
RADIO Wi-Fi cmd=15 seq=570 ack=1 status=0 response=0 ret=0
RADIO Wi-Fi RX type=1 id=15 seq=571 len=10
RADIO Wi-Fi cmd=15 seq=571 ack=1 status=0 response=0 ret=0
RADIO Wi-Fi RX type=1 id=15 seq=572 len=10
RADIO Wi-Fi cmd=15 seq=572 ack=1 status=0 response=0 ret=0
RADIO Wi-Fi RX type=1 id=15 seq=573 len=10
RADIO Wi-Fi cmd=15 seq=573 ack=1 status=0 response=0 ret=0
RADIO Wi-Fi RX type=1 id=15 seq=574 len=10
RADIO Wi-Fi cmd=15 seq=574 ack=1 status=0 response=0 ret=0
RADIO Wi-Fi RX type=1 id=15 seq=575 len=10
RADIO Wi-Fi cmd=15 seq=575 ack=1 status=0 response=0 ret=0
RADIO Wi-Fi RX type=1 id=15 seq=576 len=10
RADIO Wi-Fi cmd=15 seq=576 ack=1 status=0 response=0 ret=0
RADIO Wi-Fi RX type=1 id=15 seq=577 len=10
RADIO Wi-Fi cmd=15 seq=577 ack=1 status=0 response=0 ret=0
RADIO Wi-Fi RX type=1 id=15 seq=578 len=10
RADIO Wi-Fi cmd=15 seq=578 ack=1 status=0 response=0 ret=0
RADIO Wi-Fi RX type=1 id=15 seq=579 len=10
RADIO Wi-Fi cmd=15 seq=579 ack=1 status=0 response=0 ret=0
RADIO Wi-Fi RX type=1 id=15 seq=580 len=10
RADIO Wi-Fi cmd=15 seq=580 ack=1 status=0 response=0 ret=0
RADIO Wi-Fi RX type=1 id=15 seq=581 len=10
RADIO Wi-Fi cmd=15 seq=581 ack=1 status=0 response=0 ret=0
RADIO Wi-Fi RX type=1 id=15 seq=582 len=10
RADIO Wi-Fi cmd=15 seq=582 ack=1 status=0 response=0 ret=0
RADIO Wi-Fi RX type=1 id=15 seq=583 len=10
RADIO Wi-Fi cmd=15 seq=583 ack=1 status=0 response=0 ret=0
RADIO Wi-Fi RX type=1 id=15 seq=584 len=10
RADIO Wi-Fi cmd=15 seq=584 ack=1 status=0 response=0 ret=0
RADIO Wi-Fi RX type=1 id=15 seq=585 len=10
RADIO Wi-Fi cmd=15 seq=585 ack=1 status=0 response=0 ret=0
RADIO Wi-Fi RX type=1 id=15 seq=586 len=10
RADIO Wi-Fi cmd=15 seq=586 ack=1 status=0 response=0 ret=0
RADIO Wi-Fi RX type=1 id=15 seq=587 len=10
RADIO Wi-Fi cmd=15 seq=587 ack=1 status=0 response=0 ret=0
RADIO Wi-Fi RX type=1 id=15 seq=588 len=10
RADIO Wi-Fi cmd=15 seq=588 ack=1 status=0 response=0 ret=0
AUDIO_IO reset12=00000000 gate11=00000000 gate12=00000000 gate18=00000000 mux=00000000 source=00000000
AUDIO_IO con=00060300 ien=00000000 gpio_version=010219c8 gpio_input=014d3050
SOUND platform_result=0 version=23073576 repair=fdffffff ack=00000001 idle=00000001
SOUND mclkout before=0000001f after=0000001d
RADIO Wi-Fi RX type=1 id=15 seq=589 len=10
RADIO Wi-Fi cmd=15 seq=589 ack=1 status=0 response=0 ret=0
SOUND codec_prepare=0 state=2
SOUND adc_variant=0 settle_ms=0
SOUND playback_gain_db=10 dac_attenuation_db=14 maximum=0
SOUND timing direction=tx stream_start_us=542627150 result=0
SOUND experiment clear=0 reset=0 clockwait20=0
SOUND slot_mask offset=3c value=00000000
SOUND slot_mask offset=40 value=00000000
SOUND slot_mask offset=44 valu00000000
SOUND slot_mask offset=48 value=00000000
SOUND slot_mfset=54 value=00000000
SOUND slot_mask offset=58 value=00000000R=00000fff FSCR=0101f03f CKR=00000018
SOUND codec reg=00 value=UND codec reg=02 value=00
SOUND codec reg=03 value=00
SOUND cocodec reg=05 value=00
SOUND codec reg=06 value=00
SOUND codec 
SOUND codec reg=08 value=00
SOUND codec reg=09 value=44
SOUND codec reg=0a value=f0
SOUND codec reg=0b value=82
SOUND codec reg=0c value=10
SOUND codec reg=0d value=02
SOUND codec reg=0f value=24
SOUND codec reg=17 value=20
SOUND codec reg=18 value=02
SOUND codec reg=19 value=02
SOUND codec reg=1a value=1c
SOUND codec reg=1b value=1c
SOUND codec reg=27 value=b8
SOUND codec reg=2a value=b8
SOUND codec reg=2b value=80
SOUND codec reg=30 value=21
SOUND codec reg=31 value=21
SOUND input pull=00005515 schmitt=000000ff path=0000e4e4 gpio_high=50177 transitions=0 samples=50177
SOUND pad ticks=480004 max_gap=70 counter_hz=24000000 complete=1
SOUND pad channel=0 high=24716 changes=37017
SOUND pad channel=1 high=25230 changes=40912
SOUND pad channel=2 high=25148 changes=640
SOUND pad channel=3 high=50177 changes=0
SOUND result=0 codec_stop=0 platform_restore=0 i2c_restore=0 amp_low=1
K7CLOUD report_segment played=2 bytes=181760
RADIO Wi-Fi RX type=1 id=15 seq=590 len=10
RADIO Wi-Fi cmd=15 seq=590 ack=1 status=0 response=0 ret=0
RADIO Wi-Fi RX type=1 id=15 seq=591 len=10
RADIO Wi-Fi cmd=15 seq=591 ack=1 status=0 response=0 ret=0
RADIO Wi-Fi RX type=1 id=15 seq=592 len=10
RADIO Wi-Fi cmd=15 seq=592 ack=1 status=0 response=0 ret=0
RADIO Wi-Fi RX type=1 id=15 seq=593 len=10
RADIO Wi-Fi cmd=15 seq=593 ack=1 status=0 response=0 ret=0
RADIO Wi-Fi RX type=1 id=15 seq=594 len=10
RADIO Wi-Fi cmd=15 seq=594 ack=1 status=0 response=0 ret=0
RADIO Wi-Fi RX type=1 id=15 seq=595 len=10
RADIO Wi-Fi cmd=15 seq=595 ack=1 status=0 response=0 ret=0
RADIO Wi-Fi RX type=1 id=15 seq=596 len=10
RADIO Wi-Fi cmd=15 seq=596 ack=1 status=0 response=0 ret=0
RADIO Wi-Fi RX type=1 id=15 seq=597 len=10
RADIO Wi-Fi cmd=15 seq=597 ack=1 status=0 response=0 ret=0
RADIO Wi-Fi RX type=1 id=15 seq=598 len=10
RADIO Wi-Fi cmd=15 seq=598 ack=1 status=0 response=0 ret=0
RADIO Wi-Fi RX type=1 id=15 seq=599 len=10
RADIO Wi-Fi cmd=15 seq=599 ack=1 status=0 response=0 ret=0
RADIO Wi-Fi RX type=1 id=15 seq=600 len=10
RADIO Wi-Fi cmd=15 seq=600 ack=1 status=0 response=0 ret=0
RADIO Wi-Fi RX type=1 id=15 seq=601 len=10
RADIO Wi-Fi cmd=15 seq=601 ack=1 status=0 response=0 ret=0
RADIO Wi-Fi RX type=1 id=15 seq=602 len=10
RADIO Wi-Fi cmd=15 seq=602 ack=1 status=0 response=0 ret=0
RADIO Wi-Fi RX type=1 id=15 seq=603 len=10
RADIO Wi-Fi cmd=15 seq=603 ack=1 status=0 response=0 ret=0
RADIO Wi-Fi RX type=1 id=15 seq=604 len=10
RADIO Wi-Fi cmd=15 seq=604 ack=1 status=0 response=0 ret=0
RADIO Wi-Fi RX type=1 id=15 seq=605 len=10
RADIO Wi-Fi cmd=15 seq=605 ack=1 status=0 response=0 ret=0
RADIO Wi-Fi RX type=1 id=15 seq=606 len=10
RADIO Wi-Fi cmd=15 seq=606 ack=1 status=0 response=0 ret=0
RADIO Wi-Fi RX type=1 id=15 seq=607 len=10
RADIO Wi-Fi cmd=15 seq=607 ack=1 status=0 response=0 ret=0
RADIO Wi-Fi RX type=1 id=15 seq=608 len=10
RADIO Wi-Fi cmd=15 seq=608 ack=1 status=0 response=0 ret=0
RADIO Wi-Fi RX type=2 id=13 seq=622 len=20
RADIO Wi-Fi RX type=1 id=15 seq=609 len=10
RADIO Wi-Fi cmd=15 seq=609 ack=1 status=0 response=0 ret=0
RADIO Wi-Fi RX type=1 id=15 seq=610 len=10
RADIO Wi-Fi cmd=15 seq=610 ack=1 status=0 response=0 ret=0
RADIO Wi-Fi RX type=1 id=15 seq=611 len=10
RADIO Wi-Fi cmd=15 seq=611 ack=1 status=0 response=0 ret=0
RADIO Wi-Fi RX type=1 id=15 seq=612 len=10
RADIO Wi-Fi cmd=15 seq=612 ack=1 status=0 response=0 ret=0
RADIO Wi-Fi RX type=1 id=15 seq=613 len=10
RADIO Wi-Fi cmd=15 seq=613 ack=1 status=0 response=0 ret=0
RADIO Wi-Fi RX type=1 id=15 seq=614 len=10
RADIO Wi-Fi cmd=15 seq=614 ack=1 status=0 response=0 ret=0
RADIO Wi-Fi RX type=1 id=15 seq=615 len=10
RADIO Wi-Fi cmd=15 seq=615 ack=1 status=0 response=0 ret=0
RADIO Wi-Fi RX type=1 id=15 seq=616 len=10
RADIO Wi-Fi cmd=15 seq=616 ack=1 status=0 response=0 ret=0
RADIO Wi-Fi RX type=1 id=15 seq=617 len=10
RADIO Wi-Fi cmd=15 seq=617 ack=1 status=0 response=0 ret=0
RADIO Wi-Fi RX type=1 id=15 seq=618 len=10
RADIO Wi-Fi cmd=15 seq=618 ack=1 status=0 response=0 ret=0
RADIO Wi-Fi RX type=1 id=15 seq=619 len=10
RADIO Wi-Fi cmd=15 seq=619 ack=1 status=0 response=0 ret=0
RADIO Wi-Fi RX type=1 id=15 seq=620 len=10
RADIO Wi-Fi cmd=15 seq=620 ack=1 status=0 response=0 ret=0
RADIO Wi-Fi RX type=1 id=15 seq=621 len=10
RADIO Wi-Fi cmd=15 seq=621 ack=1 status=0 response=0 ret=0
RADIO Wi-Fi RX type=1 id=15 seq=622 len=10
RADIO Wi-Fi cmd=15 seq=622 ack=1 status=0 response=0 ret=0
RADIO Wi-Fi RX type=1 id=15 seq=623 len=10
RADIO Wi-Fi cmd=15 seq=623 ack=1 status=0 response=0 ret=0
RADIO Wi-Fi RX type=1 id=15 seq=624 len=10
RADIO Wi-Fi cmd=15 seq=624 ack=1 status=0 response=0 ret=0
RADIO Wi-Fi RX type=1 id=15 seq=625 len=10
RADIO Wi-Fi cmd=15 seq=625 ack=1 status=0 response=0 ret=0
RADIO Wi-Fi RX type=1 id=15 seq=626 len=10
RADIO Wi-Fi cmd=15 seq=626 ack=1 status=0 response=0 ret=0
RADIO Wi-Fi RX type=1 id=15 seq=627 len=10
RADIO Wi-Fi cmd=15 seq=627 ack=1 status=0 response=0 ret=0
RADIO Wi-Fi RX type=1 id=15 seq=628 len=10
RADIO Wi-Fi cmd=15 seq=628 ack=1 status=0 response=0 ret=0
RADIO Wi-Fi RX type=1 id=15 seq=629 len=10
RADIO Wi-Fi cmd=15 seq=629 ack=1 status=0 response=0 ret=0
RADIO Wi-Fi RX type=1 id=15 seq=630 len=10
RADIO Wi-Fi cmd=15 seq=630 ack=1 status=0 response=0 ret=0
RADIO Wi-Fi RX type=1 id=15 seq=631 len=10
RADIO Wi-Fi cmd=15 seq=631 ack=1 status=0 response=0 ret=0
RADIO Wi-Fi RX type=1 id=15 seq=632 len=10
RADIO Wi-Fi cmd=15 seq=632 ack=1 status=0 response=0 ret=0
RADIO Wi-Fi RX type=1 id=15 seq=633 len=10
RADIO Wi-Fi cmd=15 seq=633 ack=1 status=0 response=0 ret=0
RADIO Wi-Fi RX type=1 id=15 seq=634 len=10
RADIO Wi-Fi cmd=15 seq=634 ack=1 status=0 response=0 ret=0
RADIO Wi-Fi RX type=1 id=15 seq=635 len=10
RADIO Wi-Fi cmd=15 seq=635 ack=1 status=0 response=0 ret=0
RADIO Wi-Fi RX type=1 id=15 seq=636 len=10
RADIO Wi-Fi cmd=15 seq=636 ack=1 status=0 response=0 ret=0
RADIO Wi-Fi RX type=1 id=15 seq=637 len=10
RADIO Wi-Fi cmd=15 seq=637 ack=1 status=0 response=0 ret=0
RADIO Wi-Fi RX type=1 id=15 seq=638 len=10
RADIO Wi-Fi cmd=15 seq=638 ack=1 status=0 response=0 ret=0
RADIO Wi-Fi RX type=1 id=15 seq=639 len=10
RADIO Wi-Fi cmd=15 seq=639 ack=1 status=0 response=0 ret=0
RADIO Wi-Fi RX type=1 id=15 seq=640 len=10
RADIO Wi-Fi cmd=15 seq=640 ack=1 status=0 response=0 ret=0
RADIO Wi-Fi RX type=1 id=15 seq=641 len=10
RADIO Wi-Fi cmd=15 seq=641 ack=1 status=0 response=0 ret=0
RADIO Wi-Fi RX type=1 id=15 seq=642 len=10
RADIO Wi-Fi cmd=15 seq=642 ack=1 status=0 response=0 ret=0
RADIO Wi-Fi RX type=1 id=15 seq=643 len=10
RADIO Wi-Fi cmd=15 seq=643 ack=1 status=0 response=0 ret=0
RADIO Wi-Fi RX type=1 id=15 seq=644 len=10
RADIO Wi-Fi cmd=15 seq=644 ack=1 status=0 response=0 ret=0
RADIO Wi-Fi RX type=1 id=15 seq=645 len=10
RADIO Wi-Fi cmd=15 seq=645 ack=1 status=0 response=0 ret=0
RADIO Wi-Fi RX type=1 id=15 seq=646 len=10
RADIO Wi-Fi cmd=15 seq=646 ack=1 status=0 response=0 ret=0
RADIO Wi-Fi RX type=1 id=15 seq=647 len=10
RADIO Wi-Fi cmd=15 seq=647 ack=1 status=0 response=0 ret=0
RADIO Wi-Fi RX type=1 id=15 seq=648 len=10
RADIO Wi-Fi cmd=15 seq=648 ack=1 status=0 response=0 ret=0
RADIO Wi-Fi RX type=1 id=15 seq=649 len=10
RADIO Wi-Fi cmd=15 seq=649 ack=1 status=0 response=0 ret=0
RADIO Wi-Fi RX type=1 id=15 seq=650 len=10
RADIO Wi-Fi cmd=15 seq=650 ack=1 status=0 response=0 ret=0
RADIO Wi-Fi RX type=1 id=15 seq=651 len=10
RADIO Wi-Fi cmd=15 seq=651 ack=1 status=0 response=0 ret=0
RADIO Wi-Fi RX type=1 id=15 seq=652 len=10
RADIO Wi-Fi cmd=15 seq=652 ack=1 status=0 response=0 ret=0
RADIO Wi-Fi RX type=1 id=15 seq=653 len=10
RADIO Wi-Fi cmd=15 seq=653 ack=1 status=0 response=0 ret=0
RADIO Wi-Fi RX type=1 id=15 seq=654 len=10
RADIO Wi-Fi cmd=15 seq=654 ack=1 status=0 response=0 ret=0
RADIO Wi-Fi RX type=1 id=15 seq=655 len=10
RADIO Wi-Fi cmd=15 seq=655 ack=1 status=0 response=0 ret=0
RADIO Wi-Fi RX type=1 id=15 seq=656 len=10
RADIO Wi-Fi cmd=15 seq=656 ack=1 status=0 response=0 ret=0
RADIO Wi-Fi RX type=1 id=15 seq=657 len=10
RADIO Wi-Fi cmd=15 seq=657 ack=1 status=0 response=0 ret=0
RADIO Wi-Fi RX type=1 id=15 seq=658 len=10
RADIO Wi-Fi cmd=15 seq=658 ack=1 status=0 response=0 ret=0
RADIO Wi-Fi RX type=1 id=15 seq=659 len=10
RADIO Wi-Fi cmd=15 seq=659 ack=1 status=0 response=0 ret=0
RADIO Wi-Fi RX type=1 id=15 seq=660 len=10
RADIO Wi-Fi cmd=15 seq=660 ack=1 status=0 response=0 ret=0
RADIO Wi-Fi RX type=1 id=15 seq=661 len=10
RADIO Wi-Fi cmd=15 seq=661 ack=1 status=0 response=0 ret=0
RADIO Wi-Fi RX type=1 id=15 seq=662 len=10
RADIO Wi-Fi cmd=15 seq=662 ack=1 status=0 response=0 ret=0
RADIO Wi-Fi RX type=1 id=15 seq=663 len=10
RADIO Wi-Fi cmd=15 seq=663 ack=1 status=0 response=0 ret=0
RADIO Wi-Fi RX type=1 id=15 seq=664 len=10
RADIO Wi-Fi cmd=15 seq=664 ack=1 status=0 response=0 ret=0
RADIO Wi-Fi RX type=1 id=15 seq=665 len=10
RADIO Wi-Fi cmd=15 seq=665 ack=1 status=0 response=0 ret=0
RADIO Wi-Fi RX type=1 id=15 seq=666 len=10
RADIO Wi-Fi cmd=15 seq=666 ack=1 status=0 response=0 ret=0
RADIO Wi-Fi RX type=1 id=15 seq=667 len=10
RADIO Wi-Fi cmd=15 seq=667 ack=1 status=0 response=0 ret=0
RADIO Wi-Fi RX type=1 id=15 seq=668 len=10
RADIO Wi-Fi cmd=15 seq=668 ack=1 status=0 response=0 ret=0
RADIO Wi-Fi RX type=1 id=15 seq=669 len=10
RADIO Wi-Fi cmd=15 seq=669 ack=1 status=0 response=0 ret=0
RADIO Wi-Fi RX type=1 id=15 seq=670 len=10
RADIO Wi-Fi cmd=15 seq=670 ack=1 status=0 response=0 ret=0
RADIO Wi-Fi RX type=1 id=15 seq=671 len=10
RADIO Wi-Fi cmd=15 seq=671 ack=1 status=0 response=0 ret=0
RADIO Wi-Fi RX type=1 id=15 seq=672 len=10
RADIO Wi-Fi cmd=15 seq=672 ack=1 status=0 response=0 ret=0
RADIO Wi-Fi RX type=1 id=15 seq=673 len=10
RADIO Wi-Fi cmd=15 seq=673 ack=1 status=0 response=0 ret=0
RADIO Wi-Fi RX type=1 id=15 seq=674 len=10
RADIO Wi-Fi cmd=15 seq=674 ack=1 status=0 response=0 ret=0
RADIO Wi-Fi RX type=1 id=15 seq=675 len=10
RADIO Wi-Fi cmd=15 seq=675 ack=1 status=0 response=0 ret=0
RADIO Wi-Fi RX type=1 id=15 seq=676 len=10
RADIO Wi-Fi cmd=15 seq=676 ack=1 status=0 response=0 ret=0
RADIO Wi-Fi RX type=1 id=15 seq=677 len=10
RADIO Wi-Fi cmd=15 seq=677 ack=1 status=0 response=0 ret=0
RADIO Wi-Fi RX type=1 id=15 seq=678 len=10
RADIO Wi-Fi cmd=15 seq=678 ack=1 status=0 response=0 ret=0
RADIO Wi-Fi RX type=1 id=15 seq=679 len=10
RADIO Wi-Fi cmd=15 seq=679 ack=1 status=0 response=0 ret=0
RADIO Wi-Fi RX type=1 id=15 seq=680 len=10
RADIO Wi-Fi cmd=15 seq=680 ack=1 status=0 response=0 ret=0
RADIO Wi-Fi RX type=1 id=15 seq=681 len=10
RADIO Wi-Fi cmd=15 seq=681 ack=1 status=0 response=0 ret=0
RADIO Wi-Fi RX type=1 id=15 seq=682 len=10
RADIO Wi-Fi cmd=15 seq=682 ack=1 status=0 response=0 ret=0
RADIO Wi-Fi RX type=1 id=15 seq=683 len=10
RADIO Wi-Fi cmd=15 seq=683 ack=1 status=0 response=0 ret=0
RADIO Wi-Fi RX type=1 id=15 seq=684 len=10
RADIO Wi-Fi cmd=15 seq=684 ack=1 status=0 response=0 ret=0
RADIO Wi-Fi RX type=1 id=15 seq=685 len=10
RADIO Wi-Fi cmd=15 seq=685 ack=1 status=0 response=0 ret=0
RADIO Wi-Fi RX type=1 id=15 seq=686 len=10
RADIO Wi-Fi cmd=15 seq=686 ack=1 status=0 response=0 ret=0
RADIO Wi-Fi RX type=1 id=15 seq=687 len=10
RADIO Wi-Fi cmd=15 seq=687 ack=1 status=0 response=0 ret=0
RADIO Wi-Fi RX type=1 id=15 seq=688 len=10
RADIO Wi-Fi cmd=15 seq=688 ack=1 status=0 response=0 ret=0
RADIO Wi-Fi RX type=1 id=15 seq=689 len=10
RADIO Wi-Fi cmd=15 seq=689 ack=1 status=0 response=0 ret=0
RADIO Wi-Fi RX type=1 id=15 seq=690 len=10
RADIO Wi-Fi cmd=15 seq=690 ack=1 status=0 response=0 ret=0
RADIO Wi-Fi RX type=1 id=15 seq=691 len=10
RADIO Wi-Fi cmd=15 seq=691 ack=1 status=0 response=0 ret=0
RADIO Wi-Fi RX type=1 id=15 seq=692 len=10
RADIO Wi-Fi cmd=15 seq=692 ack=1 status=0 response=0 ret=0
RADIO Wi-Fi RX type=1 id=15 seq=693 len=10
RADIO Wi-Fi cmd=15 seq=693 ack=1 status=0 response=0 ret=0
RADIO Wi-Fi RX type=1 id=15 seq=694 len=10
RADIO Wi-Fi cmd=15 seq=694 ack=1 status=0 response=0 ret=0
RADIO Wi-Fi RX type=1 id=15 seq=695 len=10
RADIO Wi-Fi cmd=15 seq=695 ack=1 status=0 response=0 ret=0
RADIO Wi-Fi RX type=1 id=15 seq=696 len=10
RADIO Wi-Fi cmd=15 seq=696 ack=1 status=0 response=0 ret=0
RADIO Wi-Fi RX type=1 id=15 seq=697 len=10
RADIO Wi-Fi cmd=15 seq=697 ack=1 status=0 response=0 ret=0
RADIO Wi-Fi RX type=1 id=15 seq=698 len=10
RADIO Wi-Fi cmd=15 seq=698 ack=1 status=0 response=0 ret=0
RADIO Wi-Fi RX type=1 id=15 seq=699 len=10
RADIO Wi-Fi cmd=15 seq=699 ack=1 status=0 response=0 ret=0
RADIO Wi-Fi RX type=1 id=15 seq=700 len=10
RADIO Wi-Fi cmd=15 seq=700 ack=1 status=0 response=0 ret=0
RADIO Wi-Fi RX type=1 id=15 seq=701 len=10
RADIO Wi-Fi cmd=15 seq=701 ack=1 status=0 response=0 ret=0
RADIO Wi-Fi RX type=1 id=15 seq=702 len=10
RADIO Wi-Fi cmd=15 seq=702 ack=1 status=0 response=0 ret=0
RADIO Wi-Fi RX type=1 id=15 seq=703 len=10
RADIO Wi-Fi cmd=15 seq=703 ack=1 status=0 response=0 ret=0
RADIO Wi-Fi RX type=1 id=15 seq=704 len=10
RADIO Wi-Fi cmd=15 seq=704 ack=1 status=0 response=0 ret=0
RADIO Wi-Fi RX type=1 id=15 seq=705 len=10
RADIO Wi-Fi cmd=15 seq=705 ack=1 status=0 response=0 ret=0
RADIO Wi-Fi RX type=1 id=15 seq=706 len=10
RADIO Wi-Fi cmd=15 seq=706 ack=1 status=0 response=0 ret=0
RADIO Wi-Fi RX type=1 id=15 seq=707 len=10
RADIO Wi-Fi cmd=15 seq=707 ack=1 status=0 response=0 ret=0
RADIO Wi-Fi RX type=1 id=15 seq=708 len=10
RADIO Wi-Fi cmd=15 seq=708 ack=1 status=0 response=0 ret=0
RADIO Wi-Fi RX type=1 id=15 seq=709 len=10
RADIO Wi-Fi cmd=15 seq=709 ack=1 status=0 response=0 ret=0
RADIO Wi-Fi RX type=1 id=15 seq=710 len=10
RADIO Wi-Fi cmd=15 seq=710 ack=1 status=0 response=0 ret=0
RADIO Wi-Fi RX type=1 id=15 seq=711 len=10
RADIO Wi-Fi cmd=15 seq=711 ack=1 status=0 response=0 ret=0
RADIO Wi-Fi RX type=1 id=15 seq=712 len=10
RADIO Wi-Fi cmd=15 seq=712 ack=1 status=0 response=0 ret=0
RADIO Wi-Fi RX type=1 id=15 seq=713 len=10
RADIO Wi-Fi cmd=15 seq=713 ack=1 status=0 response=0 ret=0
RADIO Wi-Fi RX type=1 id=15 seq=714 len=10
RADIO Wi-Fi cmd=15 seq=714 ack=1 status=0 response=0 ret=0
RADIO Wi-Fi RX type=1 id=15 seq=715 len=10
RADIO Wi-Fi cmd=15 seq=715 ack=1 status=0 response=0 ret=0
RADIO Wi-Fi RX type=1 id=15 seq=716 len=10
RADIO Wi-Fi cmd=15 seq=716 ack=1 status=0 response=0 ret=0
RADIO Wi-Fi RX type=1 id=15 seq=717 len=10
RADIO Wi-Fi cmd=15 seq=717 ack=1 status=0 response=0 ret=0
RADIO Wi-Fi RX type=1 id=15 seq=718 len=10
RADIO Wi-Fi cmd=15 seq=718 ack=1 status=0 response=0 ret=0
RADIO Wi-Fi RX type=1 id=15 seq=719 len=10
RADIO Wi-Fi cmd=15 seq=719 ack=1 status=0 response=0 ret=0
RADIO Wi-Fi RX type=1 id=15 seq=720 len=10
RADIO Wi-Fi cmd=15 seq=720 ack=1 status=0 response=0 ret=0
RADIO Wi-Fi RX type=1 id=15 seq=721 len=10
RADIO Wi-Fi cmd=15 seq=721 ack=1 status=0 response=0 ret=0
RADIO Wi-Fi RX type=1 id=15 seq=722 len=10
RADIO Wi-Fi cmd=15 seq=722 ack=1 status=0 response=0 ret=0
RADIO Wi-Fi RX type=1 id=15 seq=723 len=10
RADIO Wi-Fi cmd=15 seq=723 ack=1 status=0 response=0 ret=0
RADIO Wi-Fi RX type=1 id=15 seq=724 len=10
RADIO Wi-Fi cmd=15 seq=724 ack=1 status=0 response=0 ret=0
RADIO Wi-Fi RX type=1 id=15 seq=725 len=10
RADIO Wi-Fi cmd=15 seq=725 ack=1 status=0 response=0 ret=0
RADIO Wi-Fi RX type=1 id=15 seq=726 len=10
RADIO Wi-Fi cmd=15 seq=726 ack=1 status=0 response=0 ret=0
RADIO Wi-Fi RX type=1 id=15 seq=727 len=10
RADIO Wi-Fi cmd=15 seq=727 ack=1 status=0 response=0 ret=0
RADIO Wi-Fi RX type=1 id=15 seq=728 len=10
RADIO Wi-Fi cmd=15 seq=728 ack=1 status=0 response=0 ret=0
RADIO Wi-Fi RX type=1 id=15 seq=729 len=10
RADIO Wi-Fi cmd=15 seq=729 ack=1 status=0 response=0 ret=0
RADIO Wi-Fi RX type=1 id=15 seq=730 len=10
RADIO Wi-Fi cmd=15 seq=730 ack=1 status=0 response=0 ret=0
RADIO Wi-Fi RX type=1 id=15 seq=731 len=10
RADIO Wi-Fi cmd=15 seq=731 ack=1 status=0 response=0 ret=0
RADIO Wi-Fi RX type=1 id=15 seq=732 len=10
RADIO Wi-Fi cmd=15 seq=732 ack=1 status=0 response=0 ret=0
RADIO Wi-Fi RX type=1 id=15 seq=733 len=10
RADIO Wi-Fi cmd=15 seq=733 ack=1 status=0 response=0 ret=0
RADIO Wi-Fi RX type=1 id=15 seq=734 len=10
RADIO Wi-Fi cmd=15 seq=734 ack=1 status=0 response=0 ret=0
RADIO Wi-Fi RX type=1 id=15 seq=735 len=10
RADIO Wi-Fi cmd=15 seq=735 ack=1 status=0 response=0 ret=0
RADIO Wi-Fi RX type=1 id=15 seq=736 len=10
RADIO Wi-Fi cmd=15 seq=736 ack=1 status=0 response=0 ret=0
RADIO Wi-Fi RX type=1 id=15 seq=737 len=10
RADIO Wi-Fi cmd=15 seq=737 ack=1 status=0 response=0 ret=0
RADIO Wi-Fi RX type=1 id=15 seq=738 len=10
RADIO Wi-Fi cmd=15 seq=738 ack=1 status=0 response=0 ret=0
RADIO Wi-Fi RX type=1 id=15 seq=739 len=10
RADIO Wi-Fi cmd=15 seq=739 ack=1 status=0 response=0 ret=0
RADIO Wi-Fi RX type=1 id=15 seq=740 len=10
RADIO Wi-Fi cmd=15 seq=740 ack=1 status=0 response=0 ret=0
RADIO Wi-Fi RX type=1 id=15 seq=741 len=10
RADIO Wi-Fi cmd=15 seq=741 ack=1 status=0 response=0 ret=0
RADIO Wi-Fi RX type=1 id=15 seq=742 len=10
RADIO Wi-Fi cmd=15 seq=742 ack=1 status=0 response=0 ret=0
RADIO Wi-Fi RX type=1 id=15 seq=743 len=10
RADIO Wi-Fi cmd=15 seq=743 ack=1 status=0 response=0 ret=0
RADIO Wi-Fi RX type=1 id=15 seq=744 len=10
RADIO Wi-Fi cmd=15 seq=744 ack=1 status=0 response=0 ret=0
RADIO Wi-Fi RX type=1 id=15 seq=745 len=10
RADIO Wi-Fi cmd=15 seq=745 ack=1 status=0 response=0 ret=0
RADIO Wi-Fi RX type=1 id=15 seq=746 len=10
RADIO Wi-Fi cmd=15 seq=746 ack=1 status=0 response=0 ret=0
RADIO Wi-Fi RX type=1 id=15 seq=747 len=10
RADIO Wi-Fi cmd=15 seq=747 ack=1 status=0 response=0 ret=0
RADIO Wi-Fi RX type=1 id=15 seq=748 len=10
RADIO Wi-Fi cmd=15 seq=748 ack=1 status=0 response=0 ret=0
RADIO Wi-Fi RX type=1 id=15 seq=749 len=10
RADIO Wi-Fi cmd=15 seq=749 ack=1 status=0 response=0 ret=0
RADIO Wi-Fi RX type=1 id=15 seq=750 len=10
RADIO Wi-Fi cmd=15 seq=750 ack=1 status=0 response=0 ret=0
RADIO Wi-Fi RX type=1 id=15 seq=751 len=10
RADIO Wi-Fi cmd=15 seq=751 ack=1 status=0 response=0 ret=0
RADIO Wi-Fi RX type=1 id=15 seq=752 len=10
RADIO Wi-Fi cmd=15 seq=752 ack=1 status=0 response=0 ret=0
RADIO Wi-Fi RX type=1 id=15 seq=753 len=10
RADIO Wi-Fi cmd=15 seq=753 ack=1 status=0 response=0 ret=0
RADIO Wi-Fi RX type=1 id=15 seq=754 len=10
RADIO Wi-Fi cmd=15 seq=754 ack=1 status=0 response=0 ret=0
RADIO Wi-Fi RX type=1 id=15 seq=755 len=10
RADIO Wi-Fi cmd=15 seq=755 ack=1 status=0 response=0 ret=0
RADIO Wi-Fi RX type=1 id=15 seq=756 len=10
RADIO Wi-Fi cmd=15 seq=756 ack=1 status=0 response=0 ret=0
RADIO Wi-Fi RX type=1 id=15 seq=757 len=10
RADIO Wi-Fi cmd=15 seq=757 ack=1 status=0 response=0 ret=0
RADIO Wi-Fi RX type=1 id=15 seq=758 len=10
RADIO Wi-Fi cmd=15 seq=758 ack=1 status=0 response=0 ret=0
RADIO Wi-Fi RX type=1 id=15 seq=759 len=10
RADIO Wi-Fi cmd=15 seq=759 ack=1 status=0 response=0 ret=0
RADIO Wi-Fi RX type=1 id=15 seq=760 len=10
RADIO Wi-Fi cmd=15 seq=760 ack=1 status=0 response=0 ret=0
RADIO Wi-Fi RX type=1 id=15 seq=761 len=10
RADIO Wi-Fi cmd=15 seq=761 ack=1 status=0 response=0 ret=0
RADIO Wi-Fi RX type=1 id=15 seq=762 len=10
RADIO Wi-Fi cmd=15 seq=762 ack=1 status=0 response=0 ret=0
RADIO Wi-Fi RX type=1 id=15 seq=763 len=10
RADIO Wi-Fi cmd=15 seq=763 ack=1 status=0 response=0 ret=0
RADIO Wi-Fi RX type=1 id=15 seq=764 len=10
RADIO Wi-Fi cmd=15 seq=764 ack=1 status=0 response=0 ret=0
RADIO Wi-Fi RX type=1 id=15 seq=765 len=10
RADIO Wi-Fi cmd=15 seq=765 ack=1 status=0 response=0 ret=0
RADIO Wi-Fi RX type=1 id=15 seq=766 len=10
RADIO Wi-Fi cmd=15 seq=766 ack=1 status=0 response=0 ret=0
RADIO Wi-Fi RX type=1 id=15 seq=767 len=10
RADIO Wi-Fi cmd=15 seq=767 ack=1 status=0 response=0 ret=0
RADIO Wi-Fi RX type=1 id=15 seq=768 len=10
RADIO Wi-Fi cmd=15 seq=768 ack=1 status=0 response=0 ret=0
RADIO Wi-Fi RX type=1 id=15 seq=769 len=10
RADIO Wi-Fi cmd=15 seq=769 ack=1 status=0 response=0 ret=0
RADIO Wi-Fi RX type=1 id=15 seq=770 len=10
RADIO Wi-Fi cmd=15 seq=770 ack=1 status=0 response=0 ret=0
RADIO Wi-Fi RX type=1 id=15 seq=771 len=10
RADIO Wi-Fi cmd=15 seq=771 ack=1 status=0 response=0 ret=0
RADIO Wi-Fi RX type=1 id=15 seq=772 len=10
RADIO Wi-Fi cmd=15 seq=772 ack=1 status=0 response=0 ret=0
RADIO Wi-Fi RX type=1 id=15 seq=773 len=10
RADIO Wi-Fi cmd=15 seq=773 ack=1 status=0 response=0 ret=0
RADIO Wi-Fi RX type=1 id=15 seq=774 len=10
RADIO Wi-Fi cmd=15 seq=774 ack=1 status=0 response=0 ret=0
RADIO Wi-Fi RX type=1 id=15 seq=775 len=10
RADIO Wi-Fi cmd=15 seq=775 ack=1 status=0 response=0 ret=0
RADIO Wi-Fi RX type=1 id=15 seq=776 len=10
RADIO Wi-Fi cmd=15 seq=776 ack=1 status=0 response=0 ret=0
RADIO Wi-Fi RX type=1 id=15 seq=777 len=10
RADIO Wi-Fi cmd=15 seq=777 ack=1 status=0 response=0 ret=0
RADIO Wi-Fi RX type=1 id=15 seq=778 len=10
RADIO Wi-Fi cmd=15 seq=778 ack=1 status=0 response=0 ret=0
RADIO Wi-Fi RX type=1 id=15 seq=779 len=10
RADIO Wi-Fi cmd=15 seq=779 ack=1 status=0 response=0 ret=0
RADIO Wi-Fi RX type=1 id=15 seq=780 len=10
RADIO Wi-Fi cmd=15 seq=780 ack=1 status=0 response=0 ret=0
RADIO Wi-Fi RX type=1 id=15 seq=781 len=10
RADIO Wi-Fi cmd=15 seq=781 ack=1 status=0 response=0 ret=0
RADIO Wi-Fi RX type=1 id=15 seq=782 len=10
RADIO Wi-Fi cmd=15 seq=782 ack=1 status=0 response=0 ret=0
RADIO Wi-Fi RX type=1 id=15 seq=783 len=10
RADIO Wi-Fi cmd=15 seq=783 ack=1 status=0 response=0 ret=0
RADIO Wi-Fi RX type=1 id=15 seq=784 len=10
RADIO Wi-Fi cmd=15 seq=784 ack=1 status=0 response=0 ret=0
RADIO Wi-Fi RX type=1 id=15 seq=785 len=10
RADIO Wi-Fi cmd=15 seq=785 ack=1 status=0 response=0 ret=0
RADIO Wi-Fi RX type=1 id=15 seq=786 len=10
RADIO Wi-Fi cmd=15 seq=786 ack=1 status=0 response=0 ret=0
RADIO Wi-Fi RX type=1 id=15 seq=787 len=10
RADIO Wi-Fi cmd=15 seq=787 ack=1 status=0 response=0 ret=0
RADIO Wi-Fi RX type=1 id=15 seq=788 len=10
RADIO Wi-Fi cmd=15 seq=788 ack=1 status=0 response=0 ret=0
RADIO Wi-Fi RX type=1 id=15 seq=789 len=10
RADIO Wi-Fi cmd=15 seq=789 ack=1 status=0 response=0 ret=0
RADIO Wi-Fi RX type=1 id=15 seq=790 len=10
RADIO Wi-Fi cmd=15 seq=790 ack=1 status=0 response=0 ret=0
RADIO Wi-Fi RX type=1 id=15 seq=791 len=10
RADIO Wi-Fi cmd=15 seq=791 ack=1 status=0 response=0 ret=0
RADIO Wi-Fi RX type=1 id=15 seq=792 len=10
RADIO Wi-Fi cmd=15 seq=792 ack=1 status=0 response=0 ret=0
RADIO Wi-Fi RX type=1 id=15 seq=793 len=10
RADIO Wi-Fi cmd=15 seq=793 ack=1 status=0 response=0 ret=0
RADIO Wi-Fi RX type=1 id=15 seq=794 len=10
RADIO Wi-Fi cmd=15 seq=794 ack=1 status=0 response=0 ret=0
RADIO Wi-Fi RX type=1 id=15 seq=795 len=10
RADIO Wi-Fi cmd=15 seq=795 ack=1 status=0 response=0 ret=0
RADIO Wi-Fi RX type=1 id=15 seq=796 len=10
RADIO Wi-Fi cmd=15 seq=796 ack=1 status=0 response=0 ret=0
RADIO Wi-Fi RX type=1 id=15 seq=797 len=10
RADIO Wi-Fi cmd=15 seq=797 ack=1 status=0 response=0 ret=0
RADIO Wi-Fi RX type=1 id=15 seq=798 len=10
RADIO Wi-Fi cmd=15 seq=798 ack=1 status=0 response=0 ret=0
RADIO Wi-Fi RX type=1 id=15 seq=799 len=10
RADIO Wi-Fi cmd=15 seq=799 ack=1 status=0 response=0 ret=0
RADIO Wi-Fi RX type=1 id=15 seq=800 len=10
RADIO Wi-Fi cmd=15 seq=800 ack=1 status=0 response=0 ret=0
RADIO Wi-Fi RX type=1 id=15 seq=801 len=10
RADIO Wi-Fi cmd=15 seq=801 ack=1 status=0 response=0 ret=0
RADIO Wi-Fi RX type=1 id=15 seq=802 len=10
RADIO Wi-Fi cmd=15 seq=802 ack=1 status=0 response=0 ret=0
RADIO Wi-Fi RX type=1 id=15 seq=803 len=10
RADIO Wi-Fi cmd=15 seq=803 ack=1 status=0 response=0 ret=0
RADIO Wi-Fi RX type=1 id=15 seq=804 len=10
RADIO Wi-Fi cmd=15 seq=804 ack=1 status=0 response=0 ret=0
RADIO Wi-Fi RX type=1 id=15 seq=805 len=10
RADIO Wi-Fi cmd=15 seq=805 ack=1 status=0 response=0 ret=0
RADIO Wi-Fi RX type=1 id=15 seq=806 len=10
RADIO Wi-Fi cmd=15 seq=806 ack=1 status=0 response=0 ret=0
RADIO Wi-Fi RX type=1 id=15 seq=807 len=10
RADIO Wi-Fi cmd=15 seq=807 ack=1 status=0 response=0 ret=0
RADIO Wi-Fi RX type=1 id=15 seq=808 len=10
RADIO Wi-Fi cmd=15 seq=808 ack=1 status=0 response=0 ret=0
RADIO Wi-Fi RX type=1 id=15 seq=809 len=10
RADIO Wi-Fi cmd=15 seq=809 ack=1 status=0 response=0 ret=0
RADIO Wi-Fi RX type=1 id=15 seq=810 len=10
RADIO Wi-Fi cmd=15 seq=810 ack=1 status=0 response=0 ret=0
RADIO Wi-Fi RX type=1 id=15 seq=811 len=10
RADIO Wi-Fi cmd=15 seq=811 ack=1 status=0 response=0 ret=0
RADIO Wi-Fi RX type=1 id=15 seq=812 len=10
RADIO Wi-Fi cmd=15 seq=812 ack=1 status=0 response=0 ret=0
RADIO Wi-Fi RX type=1 id=15 seq=813 len=10
RADIO Wi-Fi cmd=15 seq=813 ack=1 status=0 response=0 ret=0
RADIO Wi-Fi RX type=1 id=15 seq=814 len=10
RADIO Wi-Fi cmd=15 seq=814 ack=1 status=0 response=0 ret=0
RADIO Wi-Fi RX type=1 id=15 seq=815 len=10
RADIO Wi-Fi cmd=15 seq=815 ack=1 status=0 response=0 ret=0
RADIO Wi-Fi RX type=1 id=15 seq=816 len=10
RADIO Wi-Fi cmd=15 seq=816 ack=1 status=0 response=0 ret=0
RADIO Wi-Fi RX type=1 id=15 seq=817 len=10
RADIO Wi-Fi cmd=15 seq=817 ack=1 status=0 response=0 ret=0
RADIO Wi-Fi RX type=1 id=15 seq=818 len=10
RADIO Wi-Fi cmd=15 seq=818 ack=1 status=0 response=0 ret=0
RADIO Wi-Fi RX type=1 id=15 seq=819 len=10
RADIO Wi-Fi cmd=15 seq=819 ack=1 status=0 response=0 ret=0
RADIO Wi-Fi RX type=1 id=15 seq=820 len=10
RADIO Wi-Fi cmd=15 seq=820 ack=1 status=0 response=0 ret=0
RADIO Wi-Fi RX type=1 id=15 seq=821 len=10
RADIO Wi-Fi cmd=15 seq=821 ack=1 status=0 response=0 ret=0
RADIO Wi-Fi RX type=1 id=15 seq=822 len=10
RADIO Wi-Fi cmd=15 seq=822 ack=1 status=0 response=0 ret=0
RADIO Wi-Fi RX type=1 id=15 seq=823 len=10
RADIO Wi-Fi cmd=15 seq=823 ack=1 status=0 response=0 ret=0
RADIO Wi-Fi RX type=1 id=15 seq=824 len=10
RADIO Wi-Fi cmd=15 seq=824 ack=1 status=0 response=0 ret=0
RADIO Wi-Fi RX type=1 id=15 seq=825 len=10
RADIO Wi-Fi cmd=15 seq=825 ack=1 status=0 response=0 ret=0
RADIO Wi-Fi RX type=1 id=15 seq=826 len=10
RADIO Wi-Fi cmd=15 seq=826 ack=1 status=0 response=0 ret=0
RADIO Wi-Fi RX type=1 id=15 seq=827 len=10
RADIO Wi-Fi cmd=15 seq=827 ack=1 status=0 response=0 ret=0
RADIO Wi-Fi RX type=1 id=15 seq=828 len=10
RADIO Wi-Fi cmd=15 seq=828 ack=1 status=0 response=0 ret=0
RADIO Wi-Fi RX type=1 id=15 seq=829 len=10
RADIO Wi-Fi cmd=15 seq=829 ack=1 status=0 response=0 ret=0
RADIO Wi-Fi RX type=1 id=15 seq=830 len=10
RADIO Wi-Fi cmd=15 seq=830 ack=1 status=0 response=0 ret=0
RADIO Wi-Fi RX type=1 id=15 seq=831 len=10
RADIO Wi-Fi cmd=15 seq=831 ack=1 status=0 response=0 ret=0
RADIO Wi-Fi RX type=1 id=15 seq=832 len=10
RADIO Wi-Fi cmd=15 seq=832 ack=1 status=0 response=0 ret=0
RADIO Wi-Fi RX type=1 id=15 seq=833 len=10
RADIO Wi-Fi cmd=15 seq=833 ack=1 status=0 response=0 ret=0
RADIO Wi-Fi RX type=1 id=15 seq=834 len=10
RADIO Wi-Fi cmd=15 seq=834 ack=1 status=0 response=0 ret=0
RADIO Wi-Fi RX type=1 id=15 seq=835 len=10
RADIO Wi-Fi cmd=15 seq=835 ack=1 status=0 response=0 ret=0
RADIO Wi-Fi RX type=1 id=15 seq=836 len=10
RADIO Wi-Fi cmd=15 seq=836 ack=1 status=0 response=0 ret=0
RADIO Wi-Fi RX type=1 id=15 seq=837 len=10
RADIO Wi-Fi cmd=15 seq=837 ack=1 status=0 response=0 ret=0
RADIO Wi-Fi RX type=1 id=15 seq=838 len=10
RADIO Wi-Fi cmd=15 seq=838 ack=1 status=0 response=0 ret=0
RADIO Wi-Fi RX type=1 id=15 seq=839 len=10
RADIO Wi-Fi cmd=15 seq=839 ack=1 status=0 response=0 ret=0
RADIO Wi-Fi RX type=1 id=15 seq=840 len=10
RADIO Wi-Fi cmd=15 seq=840 ack=1 status=0 response=0 ret=0
RADIO Wi-Fi RX type=1 id=15 seq=841 len=10
RADIO Wi-Fi cmd=15 seq=841 ack=1 status=0 response=0 ret=0
RADIO Wi-Fi RX type=1 id=15 seq=842 len=10
RADIO Wi-Fi cmd=15 seq=842 ack=1 status=0 response=0 ret=0
RADIO Wi-Fi RX type=1 id=15 seq=843 len=10
RADIO Wi-Fi cmd=15 seq=843 ack=1 status=0 response=0 ret=0
RADIO Wi-Fi RX type=1 id=15 seq=844 len=10
RADIO Wi-Fi cmd=15 seq=844 ack=1 status=0 response=0 ret=0
RADIO Wi-Fi RX type=1 id=15 seq=845 len=10
RADIO Wi-Fi cmd=15 seq=845 ack=1 status=0 response=0 ret=0
RADIO Wi-Fi RX type=1 id=15 seq=846 len=10
RADIO Wi-Fi cmd=15 seq=846 ack=1 status=0 response=0 ret=0
RADIO Wi-Fi RX type=1 id=15 seq=847 len=10
RADIO Wi-Fi cmd=15 seq=847 ack=1 status=0 response=0 ret=0
RADIO Wi-Fi RX type=1 id=15 seq=848 len=10
RADIO Wi-Fi cmd=15 seq=848 ack=1 status=0 response=0 ret=0
RADIO Wi-Fi RX type=1 id=15 seq=849 len=10
RADIO Wi-Fi cmd=15 seq=849 ack=1 status=0 response=0 ret=0
RADIO Wi-Fi RX type=1 id=15 seq=850 len=10
RADIO Wi-Fi cmd=15 seq=850 ack=1 status=0 response=0 ret=0
RADIO Wi-Fi RX type=1 id=15 seq=851 len=10
RADIO Wi-Fi cmd=15 seq=851 ack=1 status=0 response=0 ret=0
RADIO Wi-Fi RX type=1 id=15 seq=852 len=10
RADIO Wi-Fi cmd=15 seq=852 ack=1 status=0 response=0 ret=0
RADIO Wi-Fi RX type=1 id=15 seq=853 len=10
RADIO Wi-Fi cmd=15 seq=853 ack=1 status=0 response=0 ret=0
RADIO Wi-Fi RX type=1 id=15 seq=854 len=10
RADIO Wi-Fi cmd=15 seq=854 ack=1 status=0 response=0 ret=0
RADIO Wi-Fi RX type=1 id=15 seq=855 len=10
RADIO Wi-Fi cmd=15 seq=855 ack=1 status=0 response=0 ret=0
RADIO Wi-Fi RX type=1 id=15 seq=856 len=10
RADIO Wi-Fi cmd=15 seq=856 ack=1 status=0 response=0 ret=0
RADIO Wi-Fi RX type=1 id=15 seq=857 len=10
RADIO Wi-Fi cmd=15 seq=857 ack=1 status=0 response=0 ret=0
RADIO Wi-Fi RX type=1 id=15 seq=858 len=10
RADIO Wi-Fi cmd=15 seq=858 ack=1 status=0 response=0 ret=0
RADIO Wi-Fi RX type=1 id=15 seq=859 len=10
RADIO Wi-Fi cmd=15 seq=859 ack=1 status=0 response=0 ret=0
RADIO Wi-Fi RX type=1 id=15 seq=860 len=10
RADIO Wi-Fi cmd=15 seq=860 ack=1 status=0 response=0 ret=0
RADIO Wi-Fi RX type=1 id=15 seq=861 len=10
RADIO Wi-Fi cmd=15 seq=861 ack=1 status=0 response=0 ret=0
RADIO Wi-Fi RX type=1 id=15 seq=862 len=10
RADIO Wi-Fi cmd=15 seq=862 ack=1 status=0 response=0 ret=0
RADIO Wi-Fi RX type=1 id=15 seq=863 len=10
RADIO Wi-Fi cmd=15 seq=863 ack=1 status=0 response=0 ret=0
RADIO Wi-Fi RX type=1 id=15 seq=864 len=10
RADIO Wi-Fi cmd=15 seq=864 ack=1 status=0 response=0 ret=0
RADIO Wi-Fi RX type=1 id=15 seq=865 len=10
RADIO Wi-Fi cmd=15 seq=865 ack=1 status=0 response=0 ret=0
RADIO Wi-Fi RX type=1 id=15 seq=866 len=10
RADIO Wi-Fi cmd=15 seq=866 ack=1 status=0 response=0 ret=0
RADIO Wi-Fi RX type=1 id=15 seq=867 len=10
RADIO Wi-Fi cmd=15 seq=867 ack=1 status=0 response=0 ret=0
RADIO Wi-Fi RX type=1 id=15 seq=868 len=10
RADIO Wi-Fi cmd=15 seq=868 ack=1 status=0 response=0 ret=0
RADIO Wi-Fi RX type=1 id=15 seq=869 len=10
RADIO Wi-Fi cmd=15 seq=869 ack=1 status=0 response=0 ret=0
RADIO Wi-Fi RX type=1 id=15 seq=870 len=10
RADIO Wi-Fi cmd=15 seq=870 ack=1 status=0 response=0 ret=0
RADIO Wi-Fi RX type=1 id=15 seq=871 len=10
RADIO Wi-Fi cmd=15 seq=871 ack=1 status=0 response=0 ret=0
RADIO Wi-Fi RX type=1 id=15 seq=872 len=10
RADIO Wi-Fi cmd=15 seq=872 ack=1 status=0 response=0 ret=0
RADIO Wi-Fi RX type=1 id=15 seq=873 len=10
RADIO Wi-Fi cmd=15 seq=873 ack=1 status=0 response=0 ret=0
RADIO Wi-Fi RX type=1 id=15 seq=874 len=10
RADIO Wi-Fi cmd=15 seq=874 ack=1 status=0 response=0 ret=0
RADIO Wi-Fi RX type=1 id=15 seq=875 len=10
RADIO Wi-Fi cmd=15 seq=875 ack=1 status=0 response=0 ret=0
RADIO Wi-Fi RX type=1 id=15 seq=876 len=10
RADIO Wi-Fi cmd=15 seq=876 ack=1 status=0 response=0 ret=0
RADIO Wi-Fi RX type=1 id=15 seq=877 len=10
RADIO Wi-Fi cmd=15 seq=877 ack=1 status=0 response=0 ret=0
RADIO Wi-Fi RX type=1 id=15 seq=878 len=10
RADIO Wi-Fi cmd=15 seq=878 ack=1 status=0 response=0 ret=0
RADIO Wi-Fi RX type=1 id=15 seq=879 len=10
RADIO Wi-Fi cmd=15 seq=879 ack=1 status=0 response=0 ret=0
RADIO Wi-Fi RX type=1 id=15 seq=880 len=10
RADIO Wi-Fi cmd=15 seq=880 ack=1 status=0 response=0 ret=0
RADIO Wi-Fi RX type=1 id=15 seq=881 len=10
RADIO Wi-Fi cmd=15 seq=881 ack=1 status=0 response=0 ret=0
RADIO Wi-Fi RX type=1 id=15 seq=882 len=10
RADIO Wi-Fi cmd=15 seq=882 ack=1 status=0 response=0 ret=0
RADIO Wi-Fi RX type=1 id=15 seq=883 len=10
RADIO Wi-Fi cmd=15 seq=883 ack=1 status=0 response=0 ret=0
RADIO Wi-Fi RX type=1 id=15 seq=884 len=10
RADIO Wi-Fi cmd=15 seq=884 ack=1 status=0 response=0 ret=0
RADIO Wi-Fi RX type=1 id=15 seq=885 len=10
RADIO Wi-Fi cmd=15 seq=885 ack=1 status=0 response=0 ret=0
RADIO Wi-Fi RX type=1 id=15 seq=886 len=10
RADIO Wi-Fi cmd=15 seq=886 ack=1 status=0 response=0 ret=0
RADIO Wi-Fi RX type=1 id=15 seq=887 len=10
RADIO Wi-Fi cmd=15 seq=887 ack=1 status=0 response=0 ret=0
RADIO Wi-Fi RX type=1 id=15 seq=888 len=10
RADIO Wi-Fi cmd=15 seq=888 ack=1 status=0 response=0 ret=0
RADIO Wi-Fi RX type=1 id=15 seq=889 len=10
RADIO Wi-Fi cmd=15 seq=889 ack=1 status=0 response=0 ret=0
RADIO Wi-Fi RX type=1 id=15 seq=890 len=10
RADIO Wi-Fi cmd=15 seq=890 ack=1 status=0 response=0 ret=0
RADIO Wi-Fi RX type=1 id=15 seq=891 len=10
RADIO Wi-Fi cmd=15 seq=891 ack=1 status=0 response=0 ret=0
RADIO Wi-Fi RX type=1 id=15 seq=892 len=10
RADIO Wi-Fi cmd=15 seq=892 ack=1 status=0 response=0 ret=0
RADIO Wi-Fi RX type=1 id=15 seq=893 len=10
RADIO Wi-Fi cmd=15 seq=893 ack=1 status=0 response=0 ret=0
RADIO Wi-Fi RX type=1 id=15 seq=894 len=10
RADIO Wi-Fi cmd=15 seq=894 ack=1 status=0 response=0 ret=0
RADIO Wi-Fi RX type=1 id=15 seq=895 len=10
RADIO Wi-Fi cmd=15 seq=895 ack=1 status=0 response=0 ret=0
RADIO Wi-Fi RX type=1 id=15 seq=896 len=10
RADIO Wi-Fi cmd=15 seq=896 ack=1 status=0 response=0 ret=0
RADIO Wi-Fi RX type=1 id=15 seq=897 len=10
RADIO Wi-Fi cmd=15 seq=897 ack=1 status=0 response=0 ret=0
RADIO Wi-Fi RX type=1 id=15 seq=898 len=10
RADIO Wi-Fi cmd=15 seq=898 ack=1 status=0 response=0 ret=0
RADIO Wi-Fi RX type=1 id=15 seq=899 len=10
RADIO Wi-Fi cmd=15 seq=899 ack=1 status=0 response=0 ret=0
RADIO Wi-Fi RX type=1 id=15 seq=900 len=10
RADIO Wi-Fi cmd=15 seq=900 ack=1 status=0 response=0 ret=0
RADIO Wi-Fi RX type=1 id=15 seq=901 len=10
RADIO Wi-Fi cmd=15 seq=901 ack=1 status=0 response=0 ret=0
RADIO Wi-Fi RX type=1 id=15 seq=902 len=10
RADIO Wi-Fi cmd=15 seq=902 ack=1 status=0 response=0 ret=0
RADIO Wi-Fi RX type=1 id=15 seq=903 len=10
RADIO Wi-Fi cmd=15 seq=903 ack=1 status=0 response=0 ret=0
RADIO Wi-Fi RX type=1 id=15 seq=904 len=10
RADIO Wi-Fi cmd=15 seq=904 ack=1 status=0 response=0 ret=0
RADIO Wi-Fi RX type=1 id=15 seq=905 len=10
RADIO Wi-Fi cmd=15 seq=905 ack=1 status=0 response=0 ret=0
RADIO Wi-Fi RX type=1 id=15 seq=906 len=10
RADIO Wi-Fi cmd=15 seq=906 ack=1 status=0 response=0 ret=0
RADIO Wi-Fi RX type=1 id=15 seq=907 len=10
RADIO Wi-Fi cmd=15 seq=907 ack=1 status=0 response=0 ret=0
RADIO Wi-Fi RX type=1 id=15 seq=908 len=10
RADIO Wi-Fi cmd=15 seq=908 ack=1 status=0 response=0 ret=0
RADIO Wi-Fi RX type=1 id=15 seq=909 len=10
RADIO Wi-Fi cmd=15 seq=909 ack=1 status=0 response=0 ret=0
RADIO Wi-Fi RX type=1 id=15 seq=910 len=10
RADIO Wi-Fi cmd=15 seq=910 ack=1 status=0 response=0 ret=0
RADIO Wi-Fi RX type=1 id=15 seq=911 len=10
RADIO Wi-Fi cmd=15 seq=911 ack=1 status=0 response=0 ret=0
RADIO Wi-Fi RX type=1 id=15 seq=912 len=10
RADIO Wi-Fi cmd=15 seq=912 ack=1 status=0 response=0 ret=0
RADIO Wi-Fi RX type=1 id=15 seq=913 len=10
RADIO Wi-Fi cmd=15 seq=913 ack=1 status=0 response=0 ret=0
RADIO Wi-Fi RX type=1 id=15 seq=914 len=10
RADIO Wi-Fi cmd=15 seq=914 ack=1 status=0 response=0 ret=0
RADIO Wi-Fi RX type=1 id=15 seq=915 len=10
RADIO Wi-Fi cmd=15 seq=915 ack=1 status=0 response=0 ret=0
RADIO Wi-Fi RX type=1 id=15 seq=916 len=10
RADIO Wi-Fi cmd=15 seq=916 ack=1 status=0 response=0 ret=0
RADIO Wi-Fi RX type=1 id=15 seq=917 len=10
RADIO Wi-Fi cmd=15 seq=917 ack=1 status=0 response=0 ret=0
RADIO Wi-Fi RX type=1 id=15 seq=918 len=10
RADIO Wi-Fi cmd=15 seq=918 ack=1 status=0 response=0 ret=0
RADIO Wi-Fi RX type=1 id=15 seq=919 len=10
RADIO Wi-Fi cmd=15 seq=919 ack=1 status=0 response=0 ret=0
RADIO Wi-Fi RX type=1 id=15 seq=920 len=10
RADIO Wi-Fi cmd=15 seq=920 ack=1 status=0 response=0 ret=0
RADIO Wi-Fi RX type=1 id=15 seq=921 len=10
RADIO Wi-Fi cmd=15 seq=921 ack=1 status=0 response=0 ret=0
RADIO Wi-Fi RX type=1 id=15 seq=922 len=10
RADIO Wi-Fi cmd=15 seq=922 ack=1 status=0 response=0 ret=0
RADIO Wi-Fi RX type=1 id=15 seq=923 len=10
RADIO Wi-Fi cmd=15 seq=923 ack=1 status=0 response=0 ret=0
RADIO Wi-Fi RX type=1 id=15 seq=924 len=10
RADIO Wi-Fi cmd=15 seq=924 ack=1 status=0 response=0 ret=0
RADIO Wi-Fi RX type=1 id=15 seq=925 len=10
RADIO Wi-Fi cmd=15 seq=925 ack=1 status=0 response=0 ret=0
RADIO Wi-Fi RX type=1 id=15 seq=926 len=10
RADIO Wi-Fi cmd=15 seq=926 ack=1 status=0 response=0 ret=0
RADIO Wi-Fi RX type=1 id=15 seq=927 len=10
RADIO Wi-Fi cmd=15 seq=927 ack=1 status=0 response=0 ret=0
RADIO Wi-Fi RX type=1 id=15 seq=928 len=10
RADIO Wi-Fi cmd=15 seq=928 ack=1 status=0 response=0 ret=0
RADIO Wi-Fi RX type=1 id=15 seq=929 len=10
RADIO Wi-Fi cmd=15 seq=929 ack=1 status=0 response=0 ret=0
RADIO Wi-Fi RX type=1 id=15 seq=930 len=10
RADIO Wi-Fi cmd=15 seq=930 ack=1 status=0 response=0 ret=0
RADIO Wi-Fi RX type=1 id=15 seq=931 len=10
RADIO Wi-Fi cmd=15 seq=931 ack=1 status=0 response=0 ret=0
RADIO Wi-Fi RX type=1 id=15 seq=932 len=10
RADIO Wi-Fi cmd=15 seq=932 ack=1 status=0 response=0 ret=0
RADIO Wi-Fi RX type=1 id=15 seq=933 len=10
RADIO Wi-Fi cmd=15 seq=933 ack=1 status=0 response=0 ret=0
RADIO Wi-Fi RX type=1 id=15 seq=934 len=10
RADIO Wi-Fi cmd=15 seq=934 ack=1 status=0 response=0 ret=0
RADIO Wi-Fi RX type=1 id=15 seq=935 len=10
RADIO Wi-Fi cmd=15 seq=935 ack=1 status=0 response=0 ret=0
RADIO Wi-Fi RX type=1 id=15 seq=936 len=10
RADIO Wi-Fi cmd=15 seq=936 ack=1 status=0 response=0 ret=0
RADIO Wi-Fi RX type=1 id=15 seq=937 len=10
RADIO Wi-Fi cmd=15 seq=937 ack=1 status=0 response=0 ret=0
RADIO Wi-Fi RX type=1 id=15 seq=938 len=10
RADIO Wi-Fi cmd=15 seq=938 ack=1 status=0 response=0 ret=0
RADIO Wi-Fi RX type=1 id=15 seq=939 len=10
RADIO Wi-Fi cmd=15 seq=939 ack=1 status=0 response=0 ret=0
RADIO Wi-Fi RX type=1 id=15 seq=940 len=10
RADIO Wi-Fi cmd=15 seq=940 ack=1 status=0 response=0 ret=0
RADIO Wi-Fi RX type=1 id=15 seq=941 len=10
RADIO Wi-Fi cmd=15 seq=941 ack=1 status=0 response=0 ret=0
RADIO Wi-Fi RX type=1 id=15 seq=942 len=10
RADIO Wi-Fi cmd=15 seq=942 ack=1 status=0 response=0 ret=0
RADIO Wi-Fi RX type=1 id=15 seq=943 len=10
RADIO Wi-Fi cmd=15 seq=943 ack=1 status=0 response=0 ret=0
RADIO Wi-Fi RX type=1 id=15 seq=944 len=10
RADIO Wi-Fi cmd=15 seq=944 ack=1 status=0 response=0 ret=0
RADIO Wi-Fi RX type=1 id=15 seq=945 len=10
RADIO Wi-Fi cmd=15 seq=945 ack=1 status=0 response=0 ret=0
RADIO Wi-Fi RX type=1 id=15 seq=946 len=10
RADIO Wi-Fi cmd=15 seq=946 ack=1 status=0 response=0 ret=0
RADIO Wi-Fi RX type=1 id=15 seq=947 len=10
RADIO Wi-Fi cmd=15 seq=947 ack=1 status=0 response=0 ret=0
RADIO Wi-Fi RX type=1 id=15 seq=948 len=10
RADIO Wi-Fi cmd=15 seq=948 ack=1 status=0 response=0 ret=0
RADIO Wi-Fi RX type=1 id=15 seq=949 len=10
RADIO Wi-Fi cmd=15 seq=949 ack=1 status=0 response=0 ret=0
RADIO Wi-Fi RX type=1 id=15 seq=950 len=10
RADIO Wi-Fi cmd=15 seq=950 ack=1 status=0 response=0 ret=0
RADIO Wi-Fi RX type=1 id=15 seq=951 len=10
RADIO Wi-Fi cmd=15 seq=951 ack=1 status=0 response=0 ret=0
RADIO Wi-Fi RX type=1 id=15 seq=952 len=10
RADIO Wi-Fi cmd=15 seq=952 ack=1 status=0 response=0 ret=0
RADIO Wi-Fi RX type=1 id=15 seq=953 len=10
RADIO Wi-Fi cmd=15 seq=953 ack=1 status=0 response=0 ret=0
RADIO Wi-Fi RX type=1 id=15 seq=954 len=10
RADIO Wi-Fi cmd=15 seq=954 ack=1 status=0 response=0 ret=0
RADIO Wi-Fi RX type=1 id=15 seq=955 len=10
RADIO Wi-Fi cmd=15 seq=955 ack=1 status=0 response=0 ret=0
RADIO Wi-Fi RX type=1 id=15 seq=956 len=10
RADIO Wi-Fi cmd=15 seq=956 ack=1 status=0 response=0 ret=0
RADIO Wi-Fi RX type=1 id=15 seq=957 len=10
RADIO Wi-Fi cmd=15 seq=957 ack=1 status=0 response=0 ret=0
RADIO Wi-Fi RX type=1 id=15 seq=958 len=10
RADIO Wi-Fi cmd=15 seq=958 ack=1 status=0 response=0 ret=0
RADIO Wi-Fi RX type=1 id=15 seq=959 len=10
RADIO Wi-Fi cmd=15 seq=959 ack=1 status=0 response=0 ret=0
AUDIO_IO reset12=00000000 gate11=00000000 gate12=00000000 gate18=00000000 mux=00000000 source=00000000
AUDIO_IO con=00060300 ien=00000000 gpio_version=010219c8 gpio_input=034d3050
SOUND platform_result=0 version=23073576 repair=fdffffff ack=00000001 idle=00000001
SOUND mclkout before=0000001f after=0000001d
RADIO Wi-Fi RX type=1 id=15 seq=960 len=10
RADIO Wi-Fi cmd=15 seq=960 ack=1 status=0 response=0 ret=0
SOUND codec_prepare=0 state=2
SOUND adc_variant=0 settle_ms=0
SOUND playback_gain_db=10 dac_attenuation_db=14 maximum=0
SOUND timing direction=tx stream_start_us=553248148 result=0
SOUND experiment clear=0 reset=0 clockwait20=0
SOUND slot_mask offset=3c value=00000000
SOUND slot_mask offset=40 value=00000000
SOUND slot_mask offset=44 value=00000000
SOUND slot_mask offset=48 value=00000000
SOUND slot_mask offset=4c value=00000000
SOUND slot_mask offset=50 value=00000000
SOUND slot_mask offset=54 value=00000000
SOUND slot_mask offset=58 value=00000000
SOUND pio=0 frames=98560 polls=5374922 stop=0 held=0 max_fifo=16
SOUND fifo first=00104104 last=00000000 TXCR=00400fff RXCR=00000fff FSCR=0101f03f CKR=00000018
0 value=36
SOUND codec reg=01 value=60
SOUND codec reg=02 valuOUND codec reg=03 value=00
SOUND codec reg=04 value=0c
SOUND cdec reg=05 value=00
SOUND codec reg=06 value=00
SOUND codec reOUND codec reg=09 value=44
SOUND codec reg=0a value=f0
SOUND codec reg=0b value=82
SOUND codec reg=0c value=10
SOUND codec reg=0d value=02
SOUND codec reg=0f value=24
SOUND codec reg=17 value=20
SOUND codec reg=18 value=02
SOUND codec reg=19 value=02
SOUND codec reg=1a value=1c
SOUND codec reg=1b value=1c
SOUND codec reg=27 value=b8
SOUND codec reg=2a value=b8
SOUND codec reg=2b value=80
SOUND codec reg=30 value=21
SOUND codec reg=31 value=21
SOUND input pull=00005515 schmitt=000000ff path=0000e4e4 gpio_high=50182 transitions=0 samples=50182
SOUND pad ticks=480004 max_gap=35 counter_hz=24000000 complete=1
SOUND pad channel=0 high=24603 changes=37022
SOUND pad channel=1 high=25RADIO Wi-Fi RX type=1 id=15 seq=961 len=10
RADIO Wi-Fi cmd=15 seq=961 ack=1 status=0 response=0 ret=0
RADIO Wi-Fi RX type=1 id=15 seq=962 len=10
RADIO Wi-Fi cmd=15 seq=962 ack=1 status=0 response=0 ret=0
SOUND result=0 codec_stop=0 platform_restore=0 i2c_restore=0 amp_low=1
K7CLOUD report_segment played=3 bytes=197120
RADIO Wi-Fi RX type=1 id=15 seq=963 len=10
RADIO Wi-Fi cmd=15 seq=963 ack=1 status=0 response=0 ret=0
K7CLOUD report_done result=0 segments=3 task=aa9c678f-c7b7-4e0c-a93e-05e6a071a389
RADIO Wi-Fi RX type=1 id=15 seq=964 len=10
RADIO Wi-Fi cmd=15 seq=964 ack=1 status=0 response=0 ret=0
RADIO Wi-Fi RX type=1 id=15 seq=965 len=10
RADIO Wi-Fi cmd=15 seq=965 ack=1 status=0 response=0 ret=0
RADIO Wi-Fi RX type=1 id=15 seq=966 len=10
RADIO Wi-Fi cmd=15 seq=966 ack=1 status=0 response=0 ret=0

