{"result": "PASS", "source_files": 1078, "changes": 9, "applied": true}
-- Found Python3: /usr/bin/python3.10 (found version "3.10.12") found components: Interpreter 
-- Initializing NuttX
CMake Warning at cmake/nuttx_kconfig.cmake:182 (message):
  Kconfig Configuration Error:
  /dev/shm/velavision_audio_io_20260910/.config.compressed:2721: warning:
  USBHOST_MSC (defined at drivers/usbhost/Kconfig:126) set more than once.
  Old value "n", new value "y".

  /dev/shm/velavision_audio_io_20260910/.config.compressed:2724: warning:
  FS_FAT (defined at fs/fat/Kconfig:6) set more than once.  Old value "n",
  new value "n".

Call Stack (most recent call first):
  CMakeLists.txt:358 (nuttx_olddefconfig)


Loaded configuration '/dev/shm/velavision_audio_io_20260910/.config.compressed'
Minimal configuration saved to '/dev/shm/velavision_audio_io_20260910/defconfig.tmp'
  Select HOST_LINUX=y
--   CMake:  3.23.0
--   Ninja:  1.12.1
--   Board:  kickpi_k7
--   Config: velavision_audio_io_local
--   Appdir: /home/swl/openvela/apps
-- The C compiler identification is GNU 11.4.0
-- Detecting C compiler ABI info
-- Detecting C compiler ABI info - done
-- Check for working C compiler: /home/swl/openvela/prebuilts/tools/linux/x86_64/cc - skipped
-- Detecting C compile features
-- Detecting C compile features - done
-- NuttX Host Tools
-- Configuring done
-- Generating done
-- Build files have been written to: /dev/shm/velavision_audio_io_20260910/bin_host
-- The C compiler identification is GNU 13.4.0
-- The CXX compiler identification is GNU 13.4.0
-- The ASM compiler identification is GNU
-- Found assembler: /home/swl/openvela/prebuilts/gcc/linux-x86_64/aarch64-none-elf/bin/aarch64-none-elf-gcc
-- Detecting C compiler ABI info
-- Detecting C compiler ABI info - done
-- Check for working C compiler: /home/swl/openvela/prebuilts/gcc/linux-x86_64/aarch64-none-elf/bin/aarch64-none-elf-gcc - skipped
-- Detecting C compile features
-- Detecting C compile features - done
-- Detecting CXX compiler ABI info
-- Detecting CXX compiler ABI info - done
-- Check for working CXX compiler: /home/swl/openvela/prebuilts/gcc/linux-x86_64/aarch64-none-elf/bin/aarch64-none-elf-g++ - skipped
-- Detecting CXX compile features
-- Detecting CXX compile features - done
-- Configuring done
-- Generating done
-- Build files have been written to: /dev/shm/velavision_audio_io_20260910
[1/1] cd /home/swl/openvela/nuttx && /home/swl/openvela/prebuilts/tools/cmake/bin/cmake -E copy /home/swl/openvela/nuttx/boards/arm64/rk3576/kickpi_k7/configs/velavision_audio_io_local/defconfig /dev/shm/velavision_audio_io_20260910/.config && /home/swl/openvela/prebuilts/tools/cmake/bin/cmake -E env KCONFIG_CONFIG=/dev/shm/velavision_audio_io_20260910/.config EXTERNALDIR=dummy APPSDIR=/home/swl/openvela/apps DRIVERS_PLATFORM_DIR=dummy APPSBINDIR=/dev/shm/velavision_audio_io_20260910/apps BINDIR=/dev/shm/velavision_audio_io_20260910 olddefconfig && /home/swl/openvela/prebuilts/tools/cmake/bin/cmake -E copy /dev/shm/velavision_audio_io_20260910/.config /dev/shm/velavision_audio_io_20260910/.config.orig && /home/swl/openvela/prebuilts/tools/cmake/bin/cmake -E touch /home/swl/openvela/nuttx/CMakeLists.txt
/dev/shm/velavision_audio_io_20260910/.config:2721: warning: USBHOST_MSC (defined at drivers/usbhost/Kconfig:126) set more than once. Old value "n", new value "y".
/dev/shm/velavision_audio_io_20260910/.config:2724: warning: FS_FAT (defined at fs/fat/Kconfig:6) set more than once. Old value "n", new value "n".
Loaded configuration '/dev/shm/velavision_audio_io_20260910/.config'
Configuration saved to '/dev/shm/velavision_audio_io_20260910/.config'
[0/1] Re-running CMake...
-- NuttX Host Tools
-- Configuring done
-- Generating done
-- Build files have been written to: /dev/shm/velavision_audio_io_20260910/bin_host
-- Configuring done
-- Generating done
-- Build files have been written to: /dev/shm/velavision_audio_io_20260910
[1/1633] cd /dev/shm/velavision_audio_io_20260910/libs/libc/misc && /home/swl/openvela/prebuilts/tools/cmake/bin/cmake -E touch /home/swl/openvela/nuttx/libs/libc/misc/lib_utsname.c
[2/1633] Generating bin output directories
[3/1633] Generating dramboot.ld.tmp
[4/1633] cd /home/swl/openvela/nuttx && /home/swl/openvela/prebuilts/tools/cmake/bin/cmake -DKCONFIG_CONFIG=/home/swl/openvela/nuttx/boards/arm64/rk3576/kickpi_k7/configs/velavision_audio_io_local/defconfig -DNUTTX_DIR=/home/swl/openvela/nuttx -DCMAKE_BINARY_DIR=/dev/shm/velavision_audio_io_20260910 -P /home/swl/openvela/nuttx/cmake/nuttx_generate_dts.cmake
[5/1633] Building C object apps/external/libjpeg-turbo/CMakeFiles/turbojpeg-static.dir/libjpeg-turbo/jaricom.c.o
[6/1633] Building C object apps/external/libjpeg-turbo/CMakeFiles/turbojpeg-static.dir/libjpeg-turbo/jcapistd.c.o
[7/1633] Building C object apps/external/libjpeg-turbo/CMakeFiles/turbojpeg-static.dir/libjpeg-turbo/jcapimin.c.o
[8/1633] Building C object apps/external/libjpeg-turbo/CMakeFiles/turbojpeg-static.dir/libjpeg-turbo/jccoefct.c.o
[9/1633] Building C object apps/external/libjpeg-turbo/CMakeFiles/turbojpeg-static.dir/libjpeg-turbo/jcdctmgr.c.o
[10/1633] Building C object apps/external/libjpeg-turbo/CMakeFiles/turbojpeg-static.dir/libjpeg-turbo/jcarith.c.o
[11/1633] Building C object apps/external/libjpeg-turbo/CMakeFiles/turbojpeg-static.dir/libjpeg-turbo/jcinit.c.o
[12/1633] Building C object apps/external/libjpeg-turbo/CMakeFiles/turbojpeg-static.dir/libjpeg-turbo/jcicc.c.o
[13/1633] Building C object apps/external/libjpeg-turbo/CMakeFiles/turbojpeg-static.dir/libjpeg-turbo/jcmainct.c.o
[14/1633] Building C object apps/external/libjpeg-turbo/CMakeFiles/turbojpeg-static.dir/libjpeg-turbo/jccolor.c.o
[15/1633] Building C object apps/external/libjpeg-turbo/CMakeFiles/turbojpeg-static.dir/libjpeg-turbo/jcomapi.c.o
[16/1633] Building C object apps/external/libjpeg-turbo/CMakeFiles/turbojpeg-static.dir/libjpeg-turbo/jcmarker.c.o
[17/1633] Building C object apps/external/libjpeg-turbo/CMakeFiles/turbojpeg-static.dir/libjpeg-turbo/jcmaster.c.o
[18/1633] Building C object apps/external/libjpeg-turbo/CMakeFiles/turbojpeg-static.dir/libjpeg-turbo/jcparam.c.o
[19/1633] Building C object apps/external/libjpeg-turbo/CMakeFiles/turbojpeg-static.dir/libjpeg-turbo/jcprepct.c.o
[20/1633] Building C object apps/external/libjpeg-turbo/CMakeFiles/turbojpeg-static.dir/libjpeg-turbo/jcphuff.c.o
[21/1633] Building C object apps/external/libjpeg-turbo/CMakeFiles/turbojpeg-static.dir/libjpeg-turbo/jcsample.c.o
[22/1633] Building C object apps/external/libjpeg-turbo/CMakeFiles/turbojpeg-static.dir/libjpeg-turbo/jdapimin.c.o
[23/1633] Building C object apps/external/libjpeg-turbo/CMakeFiles/turbojpeg-static.dir/libjpeg-turbo/jctrans.c.o
[24/1633] Building C object apps/external/libjpeg-turbo/CMakeFiles/turbojpeg-static.dir/libjpeg-turbo/jdatadst-tj.c.o
[25/1633] Building C object apps/external/libjpeg-turbo/CMakeFiles/turbojpeg-static.dir/libjpeg-turbo/jdapistd.c.o
[26/1633] Building C object apps/external/libjpeg-turbo/CMakeFiles/turbojpeg-static.dir/libjpeg-turbo/jdatadst.c.o
[27/1633] Building C object apps/external/libjpeg-turbo/CMakeFiles/turbojpeg-static.dir/libjpeg-turbo/jdarith.c.o
[28/1633] Building C object apps/external/libjpeg-turbo/CMakeFiles/turbojpeg-static.dir/libjpeg-turbo/jdatasrc-tj.c.o
[29/1633] Building C object apps/external/libjpeg-turbo/CMakeFiles/turbojpeg-static.dir/libjpeg-turbo/jdatasrc.c.o
[30/1633] Building C object apps/external/libjpeg-turbo/CMakeFiles/turbojpeg-static.dir/libjpeg-turbo/jddctmgr.c.o
[31/1633] Building C object apps/external/libjpeg-turbo/CMakeFiles/turbojpeg-static.dir/libjpeg-turbo/jdcoefct.c.o
[32/1633] Building C object apps/external/libjpeg-turbo/CMakeFiles/turbojpeg-static.dir/libjpeg-turbo/jdicc.c.o
[33/1633] Building C object apps/external/libjpeg-turbo/CMakeFiles/turbojpeg-static.dir/libjpeg-turbo/jdinput.c.o
[34/1633] Building C object apps/external/libjpeg-turbo/CMakeFiles/turbojpeg-static.dir/libjpeg-turbo/jdhuff.c.o
[35/1633] Building C object apps/external/libjpeg-turbo/CMakeFiles/turbojpeg-static.dir/libjpeg-turbo/jdcolor.c.o
[36/1633] Building C object apps/external/libjpeg-turbo/CMakeFiles/turbojpeg-static.dir/libjpeg-turbo/jdmainct.c.o
[37/1633] Building C object apps/external/libjpeg-turbo/CMakeFiles/turbojpeg-static.dir/libjpeg-turbo/jdmaster.c.o
[38/1633] Building C object apps/external/libjpeg-turbo/CMakeFiles/turbojpeg-static.dir/libjpeg-turbo/jdphuff.c.o
[39/1633] Building C object apps/external/libjpeg-turbo/CMakeFiles/turbojpeg-static.dir/libjpeg-turbo/jdmarker.c.o
[40/1633] Building C object apps/external/libjpeg-turbo/CMakeFiles/turbojpeg-static.dir/libjpeg-turbo/jdpostct.c.o
[41/1633] Building C object apps/external/libjpeg-turbo/CMakeFiles/turbojpeg-static.dir/libjpeg-turbo/jdsample.c.o
[42/1633] Building C object apps/external/libjpeg-turbo/CMakeFiles/turbojpeg-static.dir/libjpeg-turbo/jdtrans.c.o
[43/1633] Building C object apps/external/libjpeg-turbo/CMakeFiles/turbojpeg-static.dir/libjpeg-turbo/jdmerge.c.o
[44/1633] Building C object apps/external/libjpeg-turbo/CMakeFiles/turbojpeg-static.dir/libjpeg-turbo/jerror.c.o
[45/1633] Building C object apps/external/libjpeg-turbo/CMakeFiles/turbojpeg-static.dir/libjpeg-turbo/jfdctflt.c.o
[46/1633] Building C object apps/external/libjpeg-turbo/CMakeFiles/turbojpeg-static.dir/libjpeg-turbo/jfdctfst.c.o
[47/1633] Building C object apps/external/libjpeg-turbo/CMakeFiles/turbojpeg-static.dir/libjpeg-turbo/jfdctint.c.o
[48/1633] Building C object apps/external/libjpeg-turbo/CMakeFiles/turbojpeg-static.dir/libjpeg-turbo/jidctflt.c.o
[49/1633] Building C object apps/external/libjpeg-turbo/CMakeFiles/turbojpeg-static.dir/libjpeg-turbo/jidctfst.c.o
[50/1633] Building C object apps/external/libjpeg-turbo/CMakeFiles/turbojpeg-static.dir/libjpeg-turbo/jidctred.c.o
[51/1633] Building C object apps/external/libjpeg-turbo/CMakeFiles/turbojpeg-static.dir/libjpeg-turbo/jmemnobs.c.o
[52/1633] Building C object apps/external/libjpeg-turbo/CMakeFiles/turbojpeg-static.dir/libjpeg-turbo/jmemmgr.c.o
[53/1633] Building C object apps/external/libjpeg-turbo/CMakeFiles/turbojpeg-static.dir/libjpeg-turbo/jpegtran.c.o
[54/1633] Building C object apps/external/libjpeg-turbo/CMakeFiles/turbojpeg-static.dir/libjpeg-turbo/jquant1.c.o
[55/1633] Building C object apps/external/libjpeg-turbo/CMakeFiles/turbojpeg-static.dir/libjpeg-turbo/jidctint.c.o
[56/1633] Building C object apps/external/libjpeg-turbo/CMakeFiles/turbojpeg-static.dir/libjpeg-turbo/jsimd_none.c.o
[57/1633] Building ASM object arch/CMakeFiles/arch.dir/arm64/src/common/arm64_vector_table.S.o
[58/1633] Building ASM object arch/CMakeFiles/arch.dir/arm64/src/common/arm64_vectors.S.o
[59/1633] Building ASM object arch/CMakeFiles/arch.dir/arm64/src/common/arm64_fork_func.S.o
[60/1633] Building C object apps/external/libjpeg-turbo/CMakeFiles/turbojpeg-static.dir/libjpeg-turbo/jutils.c.o
[61/1633] Building C object arch/CMakeFiles/arch.dir/arm64/src/common/arm64_initialize.c.o
[62/1633] Building C object arch/CMakeFiles/arch.dir/arm64/src/common/arm64_initialstate.c.o
[63/1633] Building C object apps/external/libjpeg-turbo/CMakeFiles/turbojpeg-static.dir/libjpeg-turbo/jquant2.c.o
[64/1633] Building C object arch/CMakeFiles/arch.dir/arm64/src/common/arm64_boot.c.o
[65/1633] Building C object arch/CMakeFiles/arch.dir/arm64/src/common/arm64_nputs.c.o
[66/1633] Building C object arch/CMakeFiles/arch.dir/arm64/src/common/arm64_createstack.c.o
[67/1633] Building C object arch/CMakeFiles/arch.dir/arm64/src/common/arm64_releasestack.c.o
[68/1633] Building C object arch/CMakeFiles/arch.dir/arm64/src/common/arm64_stackframe.c.o
[69/1633] Building C object arch/CMakeFiles/arch.dir/arm64/src/common/arm64_usestack.c.o
[70/1633] Building C object arch/CMakeFiles/arch.dir/arm64/src/common/arm64_exit.c.o
[71/1633] Building C object arch/CMakeFiles/arch.dir/arm64/src/common/arm64_getintstack.c.o
[72/1633] Building C object arch/CMakeFiles/arch.dir/arm64/src/common/arm64_fork.c.o
[73/1633] Building C object arch/CMakeFiles/arch.dir/arm64/src/common/arm64_perf.c.o
[74/1633] Building C object arch/CMakeFiles/arch.dir/arm64/src/common/arm64_tcbinfo.c.o
[75/1633] Building C object arch/CMakeFiles/arch.dir/arm64/src/common/arm64_registerdump.c.o
[76/1633] Building C object arch/CMakeFiles/arch.dir/arm64/src/common/arm64_cpuidlestack.c.o
[77/1633] Building C object arch/CMakeFiles/arch.dir/arm64/src/common/arm64_schedulesigaction.c.o
[78/1633] Building C object arch/CMakeFiles/arch.dir/arm64/src/common/arm64_sigdeliver.c.o
[79/1633] Building C object arch/CMakeFiles/arch.dir/arm64/src/common/arm64_arch_timer.c.o
[80/1633] Building C object arch/CMakeFiles/arch.dir/arm64/src/common/arm64_doirq.c.o
[81/1633] Building C object arch/CMakeFiles/arch.dir/arm64/src/common/arm64_cache.c.o
[82/1633] Building C object arch/CMakeFiles/arch.dir/arm64/src/common/arm64_fatal.c.o
[83/1633] Building C object arch/CMakeFiles/arch.dir/arm64/src/common/arm64_allocateheap.c.o
[84/1633] Building C object arch/CMakeFiles/arch.dir/arm64/src/common/arm64_syscall.c.o
[85/1633] Building C object arch/CMakeFiles/arch.dir/arm64/src/common/arm64_idle.c.o
[86/1633] Building ASM object arch/CMakeFiles/arch.dir/arm64/src/common/arm64_smccc.S.o
[87/1633] Building C object apps/external/libjpeg-turbo/CMakeFiles/turbojpeg-static.dir/libjpeg-turbo/jchuff.c.o
[88/1633] Building C object arch/CMakeFiles/arch.dir/arm64/src/common/arm64_gicv2.c.o
[89/1633] Building C object arch/CMakeFiles/arch.dir/arm64/src/common/arm64_hwdebug.c.o
[90/1633] Building C object arch/CMakeFiles/arch.dir/arm64/src/common/arm64_cpu_psci.c.o
[91/1633] Building C object arch/CMakeFiles/arch.dir/arm64/src/common/arm64_mmu.c.o
[92/1633] Building C object arch/CMakeFiles/arch.dir/arm64/src/common/arm64_cpustart.c.o
[93/1633] Building ASM object arch/CMakeFiles/arch.dir/arm64/src/common/arm64_fpu_func.S.o
[94/1633] Building C object arch/CMakeFiles/arch.dir/arm64/src/common/arm64_smpcall.c.o
[95/1633] Building C object arch/CMakeFiles/arch.dir/arm64/src/common/arm64_fpu.c.o
[96/1633] Building C object arch/CMakeFiles/arch.dir/arm64/src/common/arm64_checkstack.c.o
[97/1633] Building C object arch/CMakeFiles/arch.dir/arm64/src/common/arm64_backtrace.c.o
[98/1633] Building ASM object arch/CMakeFiles/arch.dir/arm64/src/rk3576/rk3576_lowputc.S.o
[99/1633] Building C object arch/CMakeFiles/arch.dir/arm64/src/rk3576/rk3576_boot.c.o
[100/1633] Building C object arch/CMakeFiles/arch.dir/arm64/src/rk3576/rk3576_serial.c.o
[101/1633] Building C object binfmt/CMakeFiles/binfmt.dir/binfmt_globals.c.o
[102/1633] Building C object arch/CMakeFiles/arch.dir/arm64/src/rk3576/rk3576_uart6.c.o
[103/1633] Building C object arch/CMakeFiles/arch.dir/arm64/src/rk3576/rk3576_model_arena.c.o
[104/1633] Building C object arch/CMakeFiles/arch.dir/arm64/src/rk3576/rk3576_usbhost.c.o
[105/1633] Building C object binfmt/CMakeFiles/binfmt.dir/binfmt_initialize.c.o
[106/1633] Building C object binfmt/CMakeFiles/binfmt.dir/binfmt_register.c.o
[107/1633] Building C object binfmt/CMakeFiles/binfmt.dir/binfmt_unregister.c.o
[108/1633] Building C object binfmt/CMakeFiles/binfmt.dir/binfmt_loadmodule.c.o
[109/1633] Building C object binfmt/CMakeFiles/binfmt.dir/binfmt_unloadmodule.c.o
[110/1633] Building C object binfmt/CMakeFiles/binfmt.dir/binfmt_execmodule.c.o
[111/1633] Building C object binfmt/CMakeFiles/binfmt.dir/binfmt_copyargv.c.o
[112/1633] Building C object binfmt/CMakeFiles/binfmt.dir/binfmt_exec.c.o
[113/1633] Building C object binfmt/CMakeFiles/binfmt.dir/binfmt_copyactions.c.o
[114/1633] Building C object binfmt/CMakeFiles/binfmt.dir/binfmt_dumpmodule.c.o
[115/1633] Building C object binfmt/CMakeFiles/binfmt.dir/binfmt_copyattr.c.o
[116/1633] Building C object binfmt/CMakeFiles/binfmt.dir/builtin.c.o
[117/1633] Building C object drivers/CMakeFiles/drivers.dir/bch/bchlib_setup.c.o
[118/1633] Building C object drivers/CMakeFiles/drivers.dir/bch/bchlib_teardown.c.o
[119/1633] Building C object drivers/CMakeFiles/drivers.dir/bch/bchlib_read.c.o
[120/1633] Building C object drivers/CMakeFiles/drivers.dir/bch/bchlib_write.c.o
[121/1633] Building C object drivers/CMakeFiles/drivers.dir/bch/bchlib_cache.c.o
[122/1633] Building C object drivers/CMakeFiles/drivers.dir/bch/bchdev_register.c.o
[123/1633] Building C object drivers/CMakeFiles/drivers.dir/bch/bchdev_unregister.c.o
[124/1633] Building C object drivers/CMakeFiles/drivers.dir/misc/dev_null.c.o
[125/1633] Building C object drivers/CMakeFiles/drivers.dir/misc/dev_zero.c.o
[126/1633] Building C object drivers/CMakeFiles/drivers.dir/loop/losetup.c.o
[127/1633] Building C object drivers/CMakeFiles/drivers.dir/bch/bchdev_driver.c.o
[128/1633] Building C object drivers/CMakeFiles/drivers.dir/misc/mkrd.c.o
[129/1633] Building C object drivers/CMakeFiles/drivers.dir/misc/ramdisk.c.o
[130/1633] Building C object drivers/CMakeFiles/drivers.dir/pipes/pipe.c.o
[131/1633] Building C object drivers/CMakeFiles/drivers.dir/pipes/fifo.c.o
[132/1633] Building C object drivers/CMakeFiles/drivers.dir/pipes/pipe_common.c.o
[133/1633] Building C object drivers/CMakeFiles/drivers.dir/serial/serial_io.c.o
[134/1633] Building C object drivers/CMakeFiles/drivers.dir/syslog/syslog_initialize.c.o
[135/1633] Building C object drivers/CMakeFiles/drivers.dir/serial/uart_16550.c.o
[136/1633] Building C object drivers/CMakeFiles/drivers.dir/net/netdev_upperhalf.c.o
[137/1633] Building C object drivers/CMakeFiles/drivers.dir/syslog/setlogmask.c.o
[138/1633] Building C object drivers/CMakeFiles/drivers.dir/syslog/vsyslog.c.o
[139/1633] Building C object drivers/CMakeFiles/drivers.dir/syslog/syslog_flush.c.o
[140/1633] Building C object drivers/CMakeFiles/drivers.dir/syslog/syslog_channel.c.o
[141/1633] Building C object drivers/CMakeFiles/drivers.dir/syslog/syslog_write.c.o
[142/1633] Building C object drivers/CMakeFiles/drivers.dir/serial/serial.c.o
[143/1633] Building C object drivers/CMakeFiles/drivers.dir/timers/oneshot.c.o
[144/1633] Building C object drivers/CMakeFiles/drivers.dir/syslog/ramlog.c.o
[145/1633] Building C object drivers/CMakeFiles/drivers.dir/timers/arch_alarm.c.o
[146/1633] Building C object drivers/CMakeFiles/drivers.dir/usbhost/usbhost_registry.c.o
[147/1633] Building C object drivers/CMakeFiles/drivers.dir/usbhost/usbhost_registerclass.c.o
[148/1633] Building C object drivers/CMakeFiles/drivers.dir/usbhost/usbhost_findclass.c.o
[149/1633] Building C object drivers/CMakeFiles/drivers.dir/usbhost/usbhost_enumerate.c.o
[150/1633] Building C object drivers/CMakeFiles/drivers.dir/usbhost/usbhost_devaddr.c.o
[151/1633] Building C object drivers/CMakeFiles/drivers.dir/usbhost/usbhost_waiter.c.o
[152/1633] Building C object drivers/CMakeFiles/drivers.dir/usbhost/usbhost_drivers.c.o
[153/1633] Building C object drivers/CMakeFiles/drivers.dir/usbhost/usbhost_xhci_rk3576_trace.c.o
[154/1633] Building C object drivers/CMakeFiles/drivers.dir/usbhost/usbhost_trace.c.o
[155/1633] Building C object drivers/CMakeFiles/drivers.dir/wireless/bluetooth/bt_driver.c.o
[156/1633] Building C object drivers/CMakeFiles/drivers.dir/usbhost/usbhost_hub.c.o
[157/1633] Building C object drivers/CMakeFiles/drivers.dir/usbhost/usbhost_storage.c.o
[158/1633] Building C object fs/CMakeFiles/fs.dir/fs_initialize.c.o
[159/1633] Building C object drivers/CMakeFiles/drivers.dir/drivers_initialize.c.o
[160/1633] Building C object fs/CMakeFiles/fs.dir/fs_heap.c.o
[161/1633] Building C object fs/CMakeFiles/fs.dir/driver/fs_unregisterdriver.c.o
[162/1633] Building C object fs/CMakeFiles/fs.dir/driver/fs_registerdriver.c.o
[163/1633] Building C object fs/CMakeFiles/fs.dir/driver/fs_registerpipedriver.c.o
[164/1633] Building C object fs/CMakeFiles/fs.dir/driver/fs_unregisterpipedriver.c.o
[165/1633] Building C object fs/CMakeFiles/fs.dir/driver/fs_registerblockdriver.c.o
[166/1633] Building C object fs/CMakeFiles/fs.dir/driver/fs_unregisterblockdriver.c.o
[167/1633] Building C object fs/CMakeFiles/fs.dir/driver/fs_findblockdriver.c.o
[168/1633] Building C object fs/CMakeFiles/fs.dir/driver/fs_openblockdriver.c.o
[169/1633] Building C object fs/CMakeFiles/fs.dir/driver/fs_closeblockdriver.c.o
[170/1633] Building C object fs/CMakeFiles/fs.dir/driver/fs_findmtddriver.c.o
[171/1633] Building C object fs/CMakeFiles/fs.dir/driver/fs_blockpartition.c.o
[172/1633] Building C object fs/CMakeFiles/fs.dir/driver/fs_closemtddriver.c.o
[173/1633] Building C object fs/CMakeFiles/fs.dir/driver/fs_blockmerge.c.o
[174/1633] Building C object fs/CMakeFiles/fs.dir/driver/fs_blockproxy.c.o
[175/1633] Building C object fs/CMakeFiles/fs.dir/inode/fs_foreachinode.c.o
[176/1633] Building C object fs/CMakeFiles/fs.dir/inode/fs_inode.c.o
[177/1633] Building C object fs/CMakeFiles/fs.dir/inode/fs_inodeaddref.c.o
[178/1633] Building C object fs/CMakeFiles/fs.dir/inode/fs_inodebasename.c.o
[179/1633] Building C object fs/CMakeFiles/fs.dir/inode/fs_files.c.o
[180/1633] Building C object fs/CMakeFiles/fs.dir/inode/fs_inodefind.c.o
[181/1633] Building C object fs/CMakeFiles/fs.dir/inode/fs_inodegetpath.c.o
[182/1633] Building C object fs/CMakeFiles/fs.dir/inode/fs_inodefree.c.o
[183/1633] Building C object drivers/CMakeFiles/drivers.dir/usbhost/usbhost_xhci_rk3576.c.o
[184/1633] Building C object fs/CMakeFiles/fs.dir/inode/fs_inoderelease.c.o
[185/1633] Building C object fs/CMakeFiles/fs.dir/inode/fs_inoderemove.c.o
[186/1633] Building C object fs/CMakeFiles/fs.dir/inode/fs_inodereserve.c.o
[187/1633] Building C object fs/CMakeFiles/fs.dir/inode/fs_inodesearch.c.o
[188/1633] Building C object fs/CMakeFiles/fs.dir/mmap/fs_mmap.c.o
[189/1633] Building C object fs/CMakeFiles/fs.dir/mmap/fs_mmisc.c.o
[190/1633] Building C object fs/CMakeFiles/fs.dir/mmap/fs_munmap.c.o
[191/1633] Building C object fs/CMakeFiles/fs.dir/mmap/fs_msync.c.o
[192/1633] Building C object fs/CMakeFiles/fs.dir/mmap/fs_anonmap.c.o
[193/1633] Building C object fs/CMakeFiles/fs.dir/mount/fs_mount.c.o
[194/1633] Building C object fs/CMakeFiles/fs.dir/mount/fs_umount2.c.o
[195/1633] Building C object fs/CMakeFiles/fs.dir/mount/fs_gettype.c.o
[196/1633] Building C object fs/CMakeFiles/fs.dir/mount/fs_foreachmountpoint.c.o
[197/1633] Building C object fs/CMakeFiles/fs.dir/mqueue/mq_close.c.o
[198/1633] Building C object fs/CMakeFiles/fs.dir/mount/fs_procfs_mount.c.o
[199/1633] Building C object fs/CMakeFiles/fs.dir/mqueue/mq_unlink.c.o
[200/1633] Building C object fs/CMakeFiles/fs.dir/mqueue/mq_open.c.o
[201/1633] Building C object fs/CMakeFiles/fs.dir/partition/fs_partition.c.o
[202/1633] Building C object fs/CMakeFiles/fs.dir/procfs/fs_procfscpuinfo.c.o
[203/1633] Building C object fs/CMakeFiles/fs.dir/procfs/fs_procfscpuload.c.o
[204/1633] Building C object fs/CMakeFiles/fs.dir/procfs/fs_procfsfdt.c.o
[205/1633] Building C object fs/CMakeFiles/fs.dir/procfs/fs_procfscritmon.c.o
[206/1633] Building C object fs/CMakeFiles/fs.dir/procfs/fs_procfs.c.o
[207/1633] Building C object fs/CMakeFiles/fs.dir/procfs/fs_procfsiobinfo.c.o
[208/1633] Building C object fs/CMakeFiles/fs.dir/procfs/fs_procfsmeminfo.c.o
[209/1633] Building C object fs/CMakeFiles/fs.dir/procfs/fs_procfsuptime.c.o
[210/1633] Building C object fs/CMakeFiles/fs.dir/procfs/fs_procfstcbinfo.c.o
[211/1633] Building C object fs/CMakeFiles/fs.dir/procfs/fs_procfsutil.c.o
[212/1633] Building C object fs/CMakeFiles/fs.dir/procfs/fs_procfsversion.c.o
[213/1633] Building C object fs/CMakeFiles/fs.dir/procfs/fs_procfsproc.c.o
[214/1633] Building C object fs/CMakeFiles/fs.dir/socket/socket.c.o
[215/1633] Building C object fs/CMakeFiles/fs.dir/socket/accept.c.o
[216/1633] Building C object fs/CMakeFiles/fs.dir/socket/socketpair.c.o
[217/1633] Building C object fs/CMakeFiles/fs.dir/vfs/fs_chstat.c.o
[218/1633] Building C object fs/CMakeFiles/fs.dir/vfs/fs_close.c.o
[219/1633] Building C object fs/CMakeFiles/fs.dir/vfs/fs_dup.c.o
[220/1633] Building C object fs/CMakeFiles/fs.dir/vfs/fs_dup2.c.o
[221/1633] Building C object fs/CMakeFiles/fs.dir/vfs/fs_dup3.c.o
[222/1633] Building C object fs/CMakeFiles/fs.dir/vfs/fs_fcntl.c.o
[223/1633] Building C object fs/CMakeFiles/fs.dir/vfs/fs_fchstat.c.o
[224/1633] Building C object fs/CMakeFiles/fs.dir/vfs/fs_fstatfs.c.o
[225/1633] Building C object fs/CMakeFiles/fs.dir/vfs/fs_fstat.c.o
[226/1633] Building C object fs/CMakeFiles/fs.dir/vfs/fs_lseek.c.o
[227/1633] Building C object fs/CMakeFiles/fs.dir/vfs/fs_mkdir.c.o
[228/1633] Building C object fs/CMakeFiles/fs.dir/vfs/fs_ioctl.c.o
[229/1633] Building C object fs/CMakeFiles/fs.dir/vfs/fs_pread.c.o
[230/1633] Building C object fs/CMakeFiles/fs.dir/vfs/fs_open.c.o
[231/1633] Building C object fs/CMakeFiles/fs.dir/vfs/fs_pwrite.c.o
[232/1633] Building C object fs/CMakeFiles/fs.dir/vfs/fs_poll.c.o
[233/1633] Building C object fs/CMakeFiles/fs.dir/vfs/fs_epoll.c.o
[234/1633] Building C object fs/CMakeFiles/fs.dir/vfs/fs_read.c.o
[235/1633] Building C object fs/CMakeFiles/fs.dir/vfs/fs_rmdir.c.o
[236/1633] Building C object fs/CMakeFiles/fs.dir/vfs/fs_rename.c.o
[237/1633] Building C object fs/CMakeFiles/fs.dir/vfs/fs_select.c.o
[238/1633] Building C object fs/CMakeFiles/fs.dir/vfs/fs_stat.c.o
[239/1633] Building C object fs/CMakeFiles/fs.dir/vfs/fs_sendfile.c.o
[240/1633] Building C object fs/CMakeFiles/fs.dir/vfs/fs_statfs.c.o
[241/1633] Building C object fs/CMakeFiles/fs.dir/vfs/fs_uio.c.o
[242/1633] Building C object fs/CMakeFiles/fs.dir/vfs/fs_unlink.c.o
[243/1633] Building C object fs/CMakeFiles/fs.dir/vfs/fs_write.c.o
[244/1633] Building C object fs/CMakeFiles/fs.dir/vfs/fs_syncfs.c.o
[245/1633] Building C object fs/CMakeFiles/fs.dir/vfs/fs_fsync.c.o
[246/1633] Building C object fs/CMakeFiles/fs.dir/vfs/fs_dir.c.o
[247/1633] Building C object fs/CMakeFiles/fs.dir/vfs/fs_link.c.o
[248/1633] Building C object fs/CMakeFiles/fs.dir/vfs/fs_truncate.c.o
[249/1633] Building C object fs/CMakeFiles/fs.dir/vfs/fs_symlink.c.o
[250/1633] Building C object fs/CMakeFiles/fs.dir/vfs/fs_readlink.c.o
[251/1633] Building C object libs/libc/CMakeFiles/c.dir/builtin/lib_builtin_getname.c.o
[252/1633] Building C object libs/libc/CMakeFiles/c.dir/assert/lib_stackchk.c.o
[253/1633] Building C object libs/libc/CMakeFiles/c.dir/assert/lib_assert.c.o
[254/1633] Building C object libs/libc/CMakeFiles/c.dir/builtin/lib_builtin_isavail.c.o
[255/1633] Building C object libs/libc/CMakeFiles/c.dir/builtin/lib_builtin_forindex.c.o
[256/1633] Building C object libs/libc/CMakeFiles/c.dir/ctype/lib_isalnum.c.o
[257/1633] Building C object libs/libc/CMakeFiles/c.dir/ctype/lib_isalpha.c.o
[258/1633] Building C object libs/libc/CMakeFiles/c.dir/ctype/lib_isascii.c.o
[259/1633] Building C object libs/libc/CMakeFiles/c.dir/ctype/lib_isblank.c.o
[260/1633] Building C object libs/libc/CMakeFiles/c.dir/ctype/lib_iscntrl.c.o
[261/1633] Building C object libs/libc/CMakeFiles/c.dir/ctype/lib_isdigit.c.o
[262/1633] Building C object libs/libc/CMakeFiles/c.dir/ctype/lib_isgraph.c.o
[263/1633] Building C object libs/libc/CMakeFiles/c.dir/ctype/lib_islower.c.o
[264/1633] Building C object libs/libc/CMakeFiles/c.dir/ctype/lib_isprint.c.o
[265/1633] Building C object libs/libc/CMakeFiles/c.dir/ctype/lib_ispunct.c.o
[266/1633] Building C object libs/libc/CMakeFiles/c.dir/ctype/lib_isspace.c.o
[267/1633] Building C object libs/libc/CMakeFiles/c.dir/ctype/lib_isupper.c.o
[268/1633] Building C object libs/libc/CMakeFiles/c.dir/ctype/lib_isxdigit.c.o
[269/1633] Building C object libs/libc/CMakeFiles/c.dir/ctype/lib_ctype.c.o
[270/1633] Building C object libs/libc/CMakeFiles/c.dir/ctype/lib_tolower.c.o
[271/1633] Building C object libs/libc/CMakeFiles/c.dir/ctype/lib_toupper.c.o
[272/1633] Building C object libs/libc/CMakeFiles/c.dir/dirent/lib_readdirr.c.o
[273/1633] Building C object libs/libc/CMakeFiles/c.dir/dirent/lib_alphasort.c.o
[274/1633] Building C object libs/libc/CMakeFiles/c.dir/dirent/lib_telldir.c.o
[275/1633] Building C object libs/libc/CMakeFiles/c.dir/dirent/lib_ftw.c.o
[276/1633] Building C object libs/libc/CMakeFiles/c.dir/dirent/lib_scandir.c.o
[277/1633] Building C object libs/libc/CMakeFiles/c.dir/dirent/lib_opendir.c.o
[278/1633] Building C object libs/libc/CMakeFiles/c.dir/dirent/lib_fdopendir.c.o
[279/1633] Building C object libs/libc/CMakeFiles/c.dir/dirent/lib_nftw.c.o
[280/1633] Building C object libs/libc/CMakeFiles/c.dir/dirent/lib_closedir.c.o
[281/1633] Building C object libs/libc/CMakeFiles/c.dir/dirent/lib_readdir.c.o
[282/1633] Building C object libs/libc/CMakeFiles/c.dir/dirent/lib_dirfd.c.o
[283/1633] Building C object libs/libc/CMakeFiles/c.dir/dirent/lib_rewinddir.c.o
[284/1633] Building C object libs/libc/CMakeFiles/c.dir/dirent/lib_seekdir.c.o
[285/1633] Building C object libs/libc/CMakeFiles/c.dir/dirent/lib_versionsort.c.o
[286/1633] Building C object libs/libc/CMakeFiles/c.dir/dlfcn/lib_dlfind_object.c.o
[287/1633] Building C object libs/libc/CMakeFiles/c.dir/environ/env_getenvironptr.c.o
[288/1633] Building C object libs/libc/CMakeFiles/c.dir/environ/env_release.c.o
[289/1633] Building C object libs/libc/CMakeFiles/c.dir/environ/env_findvar.c.o
[290/1633] Building C object libs/libc/CMakeFiles/c.dir/environ/env_dup.c.o
[291/1633] Building C object libs/libc/CMakeFiles/c.dir/environ/env_removevar.c.o
[292/1633] Building C object libs/libc/CMakeFiles/c.dir/environ/env_clearenv.c.o
[293/1633] Building C object libs/libc/CMakeFiles/c.dir/environ/env_putenv.c.o
[294/1633] Building C object libs/libc/CMakeFiles/c.dir/environ/env_getenv.c.o
[295/1633] Building C object libs/libc/CMakeFiles/c.dir/environ/env_foreach.c.o
[296/1633] Building C object libs/libc/CMakeFiles/c.dir/environ/env_setenv.c.o
[297/1633] Building C object libs/libc/CMakeFiles/c.dir/errno/lib_errno.c.o
[298/1633] Building C object libs/libc/CMakeFiles/c.dir/environ/env_unsetenv.c.o
[299/1633] Building C object libs/libc/CMakeFiles/c.dir/fixedmath/lib_fixedmath.c.o
[300/1633] Building C object libs/libc/CMakeFiles/c.dir/fixedmath/lib_b16sin.c.o
[301/1633] Building C object libs/libc/CMakeFiles/c.dir/fixedmath/lib_b16cos.c.o
[302/1633] Building C object libs/libc/CMakeFiles/c.dir/fixedmath/lib_b16atan2.c.o
[303/1633] Building C object libs/libc/CMakeFiles/c.dir/fixedmath/lib_ubsqrt.c.o
[304/1633] Building C object libs/libc/CMakeFiles/c.dir/grp/lib_getgrgidr.c.o
[305/1633] Building C object libs/libc/CMakeFiles/c.dir/grp/lib_getgrgid.c.o
[306/1633] Building C object libs/libc/CMakeFiles/c.dir/grp/lib_getgrnamr.c.o
[307/1633] Building C object libs/libc/CMakeFiles/c.dir/grp/lib_initgroups.c.o
[308/1633] Building C object libs/libc/CMakeFiles/c.dir/grp/lib_getgrnam.c.o
[309/1633] Building C object libs/libc/CMakeFiles/c.dir/inttypes/lib_imaxabs.c.o
[310/1633] Building C object libs/libc/CMakeFiles/c.dir/grp/lib_getgrbufr.c.o
[311/1633] Building C object libs/libc/CMakeFiles/c.dir/inttypes/lib_imaxdiv.c.o
[312/1633] Building C object libs/libc/CMakeFiles/c.dir/grp/lib_getgrbuf.c.o
[313/1633] Building C object libs/libc/CMakeFiles/c.dir/inttypes/lib_strtoumax.c.o
[314/1633] Building C object libs/libc/CMakeFiles/c.dir/libgen/lib_basename.c.o
[315/1633] Building C object libs/libc/CMakeFiles/c.dir/inttypes/lib_strtoimax.c.o
[316/1633] Building C object libs/libc/CMakeFiles/c.dir/libgen/lib_dirname.c.o
[317/1633] Building ASM object libs/libc/CMakeFiles/c.dir/machine/arm64/arch_setjmp.S.o
[318/1633] Building C object libs/libc/CMakeFiles/c.dir/misc/lib_creat.c.o
[319/1633] Building C object libs/libc/CMakeFiles/c.dir/misc/lib_bitmap.c.o
[320/1633] Building C object libs/libc/CMakeFiles/c.dir/misc/lib_mknod.c.o
[321/1633] Building C object libs/libc/CMakeFiles/c.dir/misc/lib_circbuf.c.o
[322/1633] Building C object libs/libc/CMakeFiles/c.dir/misc/lib_umask.c.o
[323/1633] Building C object libs/libc/CMakeFiles/c.dir/misc/lib_utsname.c.o
[324/1633] Building C object libs/libc/CMakeFiles/c.dir/misc/lib_getrandom.c.o
[325/1633] Building C object libs/libc/CMakeFiles/c.dir/misc/lib_xorshift128.c.o
[326/1633] Building C object libs/libc/CMakeFiles/c.dir/misc/lib_tea_encrypt.c.o
[327/1633] Building C object libs/libc/CMakeFiles/c.dir/misc/lib_tea_decrypt.c.o
[328/1633] Building C object libs/libc/CMakeFiles/c.dir/misc/lib_impure.c.o
[329/1633] Building C object libs/libc/CMakeFiles/c.dir/misc/lib_cxx_initialize.c.o
[330/1633] Building C object libs/libc/CMakeFiles/c.dir/misc/lib_memfd.c.o
[331/1633] Building C object libs/libc/CMakeFiles/c.dir/misc/lib_fchmodat.c.o
[332/1633] Building C object libs/libc/CMakeFiles/c.dir/misc/lib_fstatat.c.o
[333/1633] Building C object libs/libc/CMakeFiles/c.dir/misc/lib_getfullpath.c.o
[334/1633] Building C object libs/libc/CMakeFiles/c.dir/misc/lib_openat.c.o
[335/1633] Building C object libs/libc/CMakeFiles/c.dir/misc/lib_mkdirat.c.o
[336/1633] Building C object libs/libc/CMakeFiles/c.dir/misc/lib_utimensat.c.o
[337/1633] Building C object libs/libc/CMakeFiles/c.dir/misc/lib_mallopt.c.o
[338/1633] Building C object libs/libc/CMakeFiles/c.dir/misc/lib_ratelimit.c.o
[339/1633] Building C object libs/libc/CMakeFiles/c.dir/misc/lib_getnprocs.c.o
[340/1633] Building C object libs/libc/CMakeFiles/c.dir/misc/lib_idr.c.o
[341/1633] Building C object libs/libc/CMakeFiles/c.dir/misc/lib_sem_mutex_noinline.c.o
[342/1633] Building C object libs/libc/CMakeFiles/c.dir/misc/lib_umul32.c.o
[343/1633] Building C object libs/libc/CMakeFiles/c.dir/misc/lib_tempbuffer.c.o
[344/1633] Building C object libs/libc/CMakeFiles/c.dir/misc/lib_umul64.c.o
[345/1633] Building C object libs/libc/CMakeFiles/c.dir/misc/lib_umul32x64.c.o
[346/1633] Building C object libs/libc/CMakeFiles/c.dir/misc/lib_uadd32x64.c.o
[347/1633] Building C object libs/libc/CMakeFiles/c.dir/misc/lib_uadd64.c.o
[348/1633] Building C object libs/libc/CMakeFiles/c.dir/misc/lib_usub64x32.c.o
[349/1633] Building C object libs/libc/CMakeFiles/c.dir/misc/lib_usub64.c.o
[350/1633] Building C object libs/libc/CMakeFiles/c.dir/misc/lib_dumpbuffer.c.o
[351/1633] Building C object libs/libc/CMakeFiles/c.dir/misc/lib_fnmatch.c.o
[352/1633] Building C object libs/libc/CMakeFiles/c.dir/misc/lib_dumpvbuffer.c.o
[353/1633] Building C object libs/libc/CMakeFiles/c.dir/misc/lib_crc64.c.o
[354/1633] Building C object libs/libc/CMakeFiles/c.dir/misc/lib_debug.c.o
[355/1633] Building C object libs/libc/CMakeFiles/c.dir/misc/lib_crc64emac.c.o
[356/1633] Building C object libs/libc/CMakeFiles/c.dir/misc/lib_crc32.c.o
[357/1633] Building C object libs/libc/CMakeFiles/c.dir/misc/lib_crc32h04c11db7.c.o
[358/1633] Building C object libs/libc/CMakeFiles/c.dir/misc/lib_crc32hf4acfb13.c.o
[359/1633] Building C object libs/libc/CMakeFiles/c.dir/misc/lib_crc16.c.o
[360/1633] Building C object libs/libc/CMakeFiles/c.dir/misc/lib_crc16ccitt.c.o
[361/1633] Building C object libs/libc/CMakeFiles/c.dir/misc/lib_crc16h1021.c.o
[362/1633] Building C object libs/libc/CMakeFiles/c.dir/misc/lib_crc16h8005.c.o
[363/1633] Building C object libs/libc/CMakeFiles/c.dir/misc/lib_crc8.c.o
[364/1633] Building C object libs/libc/CMakeFiles/c.dir/misc/lib_crc8ccitt.c.o
[365/1633] Building C object libs/libc/CMakeFiles/c.dir/misc/lib_crc8h1d.c.o
[366/1633] Building C object libs/libc/CMakeFiles/c.dir/misc/lib_crc8h2f.c.o
[367/1633] Building C object libs/libc/CMakeFiles/c.dir/misc/lib_crc8rohc.c.o
[368/1633] Building C object libs/libc/CMakeFiles/c.dir/misc/lib_crc8table.c.o
[369/1633] Building C object libs/libc/CMakeFiles/c.dir/misc/lib_ftok.c.o
[370/1633] Building C object libs/libc/CMakeFiles/c.dir/misc/lib_backtrace.c.o
[371/1633] Building C object libs/libc/CMakeFiles/c.dir/misc/lib_glob.c.o
[372/1633] Building C object libs/libc/CMakeFiles/c.dir/misc/lib_instrument.c.o
[373/1633] Building C object libs/libc/CMakeFiles/c.dir/misc/lib_err.c.o
[374/1633] Building C object libs/libc/CMakeFiles/c.dir/misc/lib_fdcheck.c.o
[375/1633] Building C object libs/libc/CMakeFiles/c.dir/net/lib_addrconfig.c.o
[376/1633] Building C object libs/libc/CMakeFiles/c.dir/net/lib_htons.c.o
[377/1633] Building C object libs/libc/CMakeFiles/c.dir/net/lib_base64.c.o
[378/1633] Building C object libs/libc/CMakeFiles/c.dir/net/lib_htonl.c.o
[379/1633] Building C object libs/libc/CMakeFiles/c.dir/net/lib_htonq.c.o
[380/1633] Building C object libs/libc/CMakeFiles/c.dir/net/lib_inetaton.c.o
[381/1633] Building C object libs/libc/CMakeFiles/c.dir/net/lib_inetaddr.c.o
[382/1633] Building C object libs/libc/CMakeFiles/c.dir/misc/lib_lrucache.c.o
[383/1633] Building C object libs/libc/CMakeFiles/c.dir/net/lib_inetntoa.c.o
[384/1633] Building C object libs/libc/CMakeFiles/c.dir/net/lib_inetntop.c.o
[385/1633] Building C object libs/libc/CMakeFiles/c.dir/net/lib_inetnetwork.c.o
[386/1633] Building C object libs/libc/CMakeFiles/c.dir/net/lib_inetpton.c.o
[387/1633] Building C object libs/libc/CMakeFiles/c.dir/net/lib_accept.c.o
[388/1633] Building C object libs/libc/CMakeFiles/c.dir/net/lib_freeifaddrs.c.o
[389/1633] Building C object libs/libc/CMakeFiles/c.dir/net/lib_etherntoa.c.o
[390/1633] Building C object libs/libc/CMakeFiles/c.dir/net/lib_etheraton.c.o
[391/1633] Building C object libs/libc/CMakeFiles/c.dir/net/lib_getifaddrs.c.o
[392/1633] Building C object libs/libc/CMakeFiles/c.dir/net/lib_indextoname.c.o
[393/1633] Building C object libs/libc/CMakeFiles/c.dir/net/lib_freenameindex.c.o
[394/1633] Building C object libs/libc/CMakeFiles/c.dir/net/lib_nametoindex.c.o
[395/1633] Building C object libs/libc/CMakeFiles/c.dir/net/lib_nameindex.c.o
[396/1633] Building C object libs/libc/CMakeFiles/c.dir/obstack/lib_obstack_alloc.c.o
[397/1633] Building C object libs/libc/CMakeFiles/c.dir/obstack/lib_obstack_init.c.o
[398/1633] Building C object libs/libc/CMakeFiles/c.dir/obstack/lib_obstack_copy.c.o
[399/1633] Building C object libs/libc/CMakeFiles/c.dir/obstack/lib_obstack_free.c.o
[400/1633] Building C object libs/libc/CMakeFiles/c.dir/obstack/lib_obstack_blank.c.o
[401/1633] Building C object libs/libc/CMakeFiles/c.dir/obstack/lib_obstack_grow.c.o
[402/1633] Building C object libs/libc/CMakeFiles/c.dir/obstack/lib_obstack_finish.c.o
[403/1633] Building C object libs/libc/CMakeFiles/c.dir/obstack/lib_obstack_object_size.c.o
[404/1633] Building C object libs/libc/CMakeFiles/c.dir/obstack/lib_obstack_make_room.c.o
[405/1633] Building C object libs/libc/CMakeFiles/c.dir/obstack/lib_obstack_room.c.o
[406/1633] Building C object libs/libc/CMakeFiles/c.dir/obstack/lib_obstack_printf.c.o
[407/1633] Building C object libs/libc/CMakeFiles/c.dir/obstack/lib_obstack_vprintf.c.o
[408/1633] Building C object libs/libc/CMakeFiles/c.dir/obstack/lib_obstack_malloc.c.o
[409/1633] Building C object libs/libc/CMakeFiles/c.dir/pthread/pthread_setspecific.c.o
[410/1633] Building C object libs/libc/CMakeFiles/c.dir/pthread/pthread_getspecific.c.o
[411/1633] Building C object libs/libc/CMakeFiles/c.dir/pthread/pthread_keycreate.c.o
[412/1633] Building C object libs/libc/CMakeFiles/c.dir/pthread/pthread_attr_init.c.o
[413/1633] Building C object libs/libc/CMakeFiles/c.dir/pthread/pthread_attr_destroy.c.o
[414/1633] Building C object libs/libc/CMakeFiles/c.dir/pthread/pthread_attr_setschedpolicy.c.o
[415/1633] Building C object libs/libc/CMakeFiles/c.dir/pthread/pthread_keydelete.c.o
[416/1633] Building C object libs/libc/CMakeFiles/c.dir/pthread/pthread_attr_getschedpolicy.c.o
[417/1633] Building C object libs/libc/CMakeFiles/c.dir/pthread/pthread_attr_setdetachstate.c.o
[418/1633] Building C object libs/libc/CMakeFiles/c.dir/pthread/pthread_attr_setinheritsched.c.o
[419/1633] Building C object libs/libc/CMakeFiles/c.dir/pthread/pthread_attr_getinheritsched.c.o
[420/1633] Building C object libs/libc/CMakeFiles/c.dir/pthread/pthread_attr_getstackaddr.c.o
[421/1633] Building C object libs/libc/CMakeFiles/c.dir/pthread/pthread_attr_getdetachstate.c.o
[422/1633] Building C object libs/libc/CMakeFiles/c.dir/pthread/pthread_attr_setstackaddr.c.o
[423/1633] Building C object libs/libc/CMakeFiles/c.dir/pthread/pthread_attr_setstacksize.c.o
[424/1633] Building C object libs/libc/CMakeFiles/c.dir/pthread/pthread_attr_getstacksize.c.o
[425/1633] Building C object libs/libc/CMakeFiles/c.dir/pthread/pthread_attr_setstack.c.o
[426/1633] Building C object libs/libc/CMakeFiles/c.dir/pthread/pthread_attr_getstack.c.o
[427/1633] Building C object libs/libc/CMakeFiles/c.dir/pthread/pthread_attr_setschedparam.c.o
[428/1633] Building C object libs/libc/CMakeFiles/c.dir/pthread/pthread_attr_setscope.c.o
[429/1633] Building C object libs/libc/CMakeFiles/c.dir/pthread/pthread_attr_getschedparam.c.o
[430/1633] Building C object libs/libc/CMakeFiles/c.dir/pthread/pthread_attr_getscope.c.o
[431/1633] Building C object libs/libc/CMakeFiles/c.dir/pthread/pthread_attr_setguardsize.c.o
[432/1633] Building C object libs/libc/CMakeFiles/c.dir/pthread/pthread_attr_getguardsize.c.o
[433/1633] Building C object libs/libc/CMakeFiles/c.dir/pthread/pthread_barrierattr_init.c.o
[434/1633] Building C object libs/libc/CMakeFiles/c.dir/pthread/pthread_barrierattr_destroy.c.o
[435/1633] Building C object libs/libc/CMakeFiles/c.dir/pthread/pthread_barrierattr_getpshared.c.o
[436/1633] Building C object libs/libc/CMakeFiles/c.dir/pthread/pthread_barrierattr_setpshared.c.o
[437/1633] Building C object libs/libc/CMakeFiles/c.dir/pthread/pthread_barrierdestroy.c.o
[438/1633] Building C object libs/libc/CMakeFiles/c.dir/pthread/pthread_barrierinit.c.o
[439/1633] Building C object libs/libc/CMakeFiles/c.dir/pthread/pthread_barrierwait.c.o
[440/1633] Building C object libs/libc/CMakeFiles/c.dir/pthread/pthread_condattr_init.c.o
[441/1633] Building C object libs/libc/CMakeFiles/c.dir/pthread/pthread_condattr_destroy.c.o
[442/1633] Building C object libs/libc/CMakeFiles/c.dir/pthread/pthread_condattr_getpshared.c.o
[443/1633] Building C object libs/libc/CMakeFiles/c.dir/pthread/pthread_condattr_setpshared.c.o
[444/1633] Building C object libs/libc/CMakeFiles/c.dir/pthread/pthread_condattr_setclock.c.o
[445/1633] Building C object libs/libc/CMakeFiles/c.dir/pthread/pthread_condattr_getclock.c.o
[446/1633] Building C object libs/libc/CMakeFiles/c.dir/pthread/pthread_condbroadcast.c.o
[447/1633] Building C object libs/libc/CMakeFiles/c.dir/pthread/pthread_condinit.c.o
[448/1633] Building C object libs/libc/CMakeFiles/c.dir/pthread/pthread_conddestroy.c.o
[449/1633] Building C object libs/libc/CMakeFiles/c.dir/pthread/pthread_condtimedwait.c.o
[450/1633] Building C object libs/libc/CMakeFiles/c.dir/pthread/pthread_condclockwait.c.o
[451/1633] Building C object libs/libc/CMakeFiles/c.dir/pthread/pthread_create.c.o
[452/1633] Building C object libs/libc/CMakeFiles/c.dir/pthread/pthread_condsignal.c.o
[453/1633] Building C object libs/libc/CMakeFiles/c.dir/pthread/pthread_equal.c.o
[454/1633] Building C object libs/libc/CMakeFiles/c.dir/pthread/pthread_condwait.c.o
[455/1633] Building C object libs/libc/CMakeFiles/c.dir/pthread/pthread_kill.c.o
[456/1633] Building C object libs/libc/CMakeFiles/c.dir/pthread/pthread_setname_np.c.o
[457/1633] Building C object libs/libc/CMakeFiles/c.dir/pthread/pthread_exit.c.o
[458/1633] Building C object libs/libc/CMakeFiles/c.dir/pthread/pthread_getname_np.c.o
[459/1633] Building C object libs/libc/CMakeFiles/c.dir/pthread/pthread_get_stackaddr_np.c.o
[460/1633] Building C object libs/libc/CMakeFiles/c.dir/pthread/pthread_get_stacksize_np.c.o
[461/1633] Building C object libs/libc/CMakeFiles/c.dir/pthread/pthread_mutexattr_init.c.o
[462/1633] Building C object libs/libc/CMakeFiles/c.dir/pthread/pthread_mutexattr_destroy.c.o
[463/1633] Building C object libs/libc/CMakeFiles/c.dir/pthread/pthread_mutexattr_setpshared.c.o
[464/1633] Building C object libs/libc/CMakeFiles/c.dir/pthread/pthread_mutexattr_getpshared.c.o
[465/1633] Building C object libs/libc/CMakeFiles/c.dir/pthread/pthread_mutexattr_setprotocol.c.o
[466/1633] Building C object libs/libc/CMakeFiles/c.dir/pthread/pthread_mutexattr_getprotocol.c.o
[467/1633] Building C object libs/libc/CMakeFiles/c.dir/pthread/pthread_mutexattr_settype.c.o
[468/1633] Building C object libs/libc/CMakeFiles/c.dir/pthread/pthread_mutexattr_gettype.c.o
[469/1633] Building C object libs/libc/CMakeFiles/c.dir/pthread/pthread_mutexattr_setrobust.c.o
[470/1633] Building C object libs/libc/CMakeFiles/c.dir/pthread/pthread_mutexattr_getrobust.c.o
[471/1633] Building C object libs/libc/CMakeFiles/c.dir/pthread/pthread_mutexattr_setprioceiling.c.o
[472/1633] Building C object libs/libc/CMakeFiles/c.dir/pthread/pthread_mutexattr_getprioceiling.c.o
[473/1633] Building C object libs/libc/CMakeFiles/c.dir/pthread/pthread_mutex_destroy.c.o
[474/1633] Building C object libs/libc/CMakeFiles/c.dir/pthread/pthread_mutex_getprioceiling.c.o
[475/1633] Building C object libs/libc/CMakeFiles/c.dir/pthread/pthread_mutex_init.c.o
[476/1633] Building C object libs/libc/CMakeFiles/c.dir/pthread/pthread_mutex_lock.c.o
[477/1633] Building C object libs/libc/CMakeFiles/c.dir/pthread/pthread_mutex_setprioceiling.c.o
[478/1633] Building C object libs/libc/CMakeFiles/c.dir/pthread/pthread_mutex.c.o
[479/1633] Building C object libs/libc/CMakeFiles/c.dir/pthread/pthread_mutex_timedlock.c.o
[480/1633] Building C object libs/libc/CMakeFiles/c.dir/pthread/pthread_mutex_trylock.c.o
[481/1633] Building C object libs/libc/CMakeFiles/c.dir/pthread/pthread_once.c.o
[482/1633] Building C object libs/libc/CMakeFiles/c.dir/pthread/pthread_mutex_unlock.c.o
[483/1633] Building C object libs/libc/CMakeFiles/c.dir/pthread/pthread_yield.c.o
[484/1633] Building C object libs/libc/CMakeFiles/c.dir/pthread/pthread_atfork.c.o
[485/1633] Building C object libs/libc/CMakeFiles/c.dir/pthread/pthread_rwlockattr_init.c.o
[486/1633] Building C object libs/libc/CMakeFiles/c.dir/pthread/pthread_rwlockattr_destroy.c.o
[487/1633] Building C object libs/libc/CMakeFiles/c.dir/pthread/pthread_rwlockattr_getpshared.c.o
[488/1633] Building C object libs/libc/CMakeFiles/c.dir/pthread/pthread_rwlockattr_setpshared.c.o
[489/1633] Building C object libs/libc/CMakeFiles/c.dir/pthread/pthread_rwlock.c.o
[490/1633] Building C object libs/libc/CMakeFiles/c.dir/pthread/pthread_rwlock_rdlock.c.o
[491/1633] Building C object libs/libc/CMakeFiles/c.dir/pthread/pthread_rwlock_wrlock.c.o
[492/1633] Building C object libs/libc/CMakeFiles/c.dir/pthread/pthread_setcancelstate.c.o
[493/1633] Building C object libs/libc/CMakeFiles/c.dir/pthread/pthread_testcancel.c.o
[494/1633] Building C object libs/libc/CMakeFiles/c.dir/pthread/pthread_setcanceltype.c.o
[495/1633] Building C object libs/libc/CMakeFiles/c.dir/pthread/pthread_getcpuclockid.c.o
[496/1633] Building C object libs/libc/CMakeFiles/c.dir/pthread/pthread_self.c.o
[497/1633] Building C object libs/libc/CMakeFiles/c.dir/pthread/pthread_gettid_np.c.o
[498/1633] Building C object libs/libc/CMakeFiles/c.dir/pthread/pthread_concurrency.c.o
[499/1633] Building C object libs/libc/CMakeFiles/c.dir/pthread/pthread_mutex_consistent.c.o
[500/1633] Building C object libs/libc/CMakeFiles/c.dir/pthread/pthread_mutex_inconsistent.c.o
[501/1633] Building C object libs/libc/CMakeFiles/c.dir/pthread/pthread_attr_getaffinity.c.o
[502/1633] Building C object libs/libc/CMakeFiles/c.dir/pwd/lib_getpwnam.c.o
[503/1633] Building C object libs/libc/CMakeFiles/c.dir/pthread/pthread_attr_setaffinity.c.o
[504/1633] Building C object libs/libc/CMakeFiles/c.dir/pthread/pthread_cleanup.c.o
[505/1633] Building C object libs/libc/CMakeFiles/c.dir/pwd/lib_getpwnamr.c.o
[506/1633] Building C object libs/libc/CMakeFiles/c.dir/pwd/lib_getpwuid.c.o
[507/1633] Building C object libs/libc/CMakeFiles/c.dir/pwd/lib_getpwuidr.c.o
[508/1633] Building C object libs/libc/CMakeFiles/c.dir/pwd/lib_getpwbufr.c.o
[509/1633] Building C object libs/libc/CMakeFiles/c.dir/pwd/lib_getspnam.c.o
[510/1633] Building C object libs/libc/CMakeFiles/c.dir/pwd/lib_getpwent.c.o
[511/1633] Building C object libs/libc/CMakeFiles/c.dir/pwd/lib_getpwbuf.c.o
[512/1633] Building C object libs/libc/CMakeFiles/c.dir/queue/queue.c.o
[513/1633] Building C object libs/libc/CMakeFiles/c.dir/sched/sched_getprioritymax.c.o
[514/1633] Building C object libs/libc/CMakeFiles/c.dir/sched/sched_getprioritymin.c.o
[515/1633] Building C object libs/libc/CMakeFiles/c.dir/sched/task_cancelpt.c.o
[516/1633] Building C object libs/libc/CMakeFiles/c.dir/sched/clock_getcpuclockid.c.o
[517/1633] Building C object libs/libc/CMakeFiles/c.dir/sched/task_testcancel.c.o
[518/1633] Building C object libs/libc/CMakeFiles/c.dir/sched/task_setcancelstate.c.o
[519/1633] Building C object libs/libc/CMakeFiles/c.dir/sched/task_setcanceltype.c.o
[520/1633] Building C object libs/libc/CMakeFiles/c.dir/sched/sched_cpucount.c.o
[521/1633] Building C object libs/libc/CMakeFiles/c.dir/sched/task_getpid.c.o
[522/1633] Building C object libs/libc/CMakeFiles/c.dir/sched/sched_backtrace.c.o
[523/1633] Building C object libs/libc/CMakeFiles/c.dir/search/hash_func.c.o
[524/1633] Building C object libs/libc/CMakeFiles/c.dir/sched/sched_dumpstack.c.o
[525/1633] Building C object libs/libc/CMakeFiles/c.dir/sched/task_startup.c.o
[526/1633] Building C object libs/libc/CMakeFiles/c.dir/search/hcreate.c.o
[527/1633] Building C object libs/libc/CMakeFiles/c.dir/semaphore/sem_init.c.o
[528/1633] Building C object libs/libc/CMakeFiles/c.dir/search/hcreate_r.c.o
[529/1633] Building C object libs/libc/CMakeFiles/c.dir/semaphore/sem_setprotocol.c.o
[530/1633] Building C object libs/libc/CMakeFiles/c.dir/semaphore/sem_getprotocol.c.o
[531/1633] Building C object libs/libc/CMakeFiles/c.dir/semaphore/sem_destroy.c.o
[532/1633] Building C object libs/libc/CMakeFiles/c.dir/semaphore/sem_getvalue.c.o
[533/1633] Building C object libs/libc/CMakeFiles/c.dir/semaphore/sem_wait.c.o
[534/1633] Building C object libs/libc/CMakeFiles/c.dir/semaphore/sem_trywait.c.o
[535/1633] Building C object libs/libc/CMakeFiles/c.dir/semaphore/sem_timedwait.c.o
[536/1633] Building C object libs/libc/CMakeFiles/c.dir/semaphore/sem_clockwait.c.o
[537/1633] Building C object libs/libc/CMakeFiles/c.dir/signal/sig_addset.c.o
[538/1633] Building C object libs/libc/CMakeFiles/c.dir/semaphore/sem_post.c.o
[539/1633] Building C object libs/libc/CMakeFiles/c.dir/signal/sig_altstack.c.o
[540/1633] Building C object libs/libc/CMakeFiles/c.dir/signal/sig_andset.c.o
[541/1633] Building C object libs/libc/CMakeFiles/c.dir/signal/sig_hold.c.o
[542/1633] Building C object libs/libc/CMakeFiles/c.dir/signal/sig_emptyset.c.o
[543/1633] Building C object libs/libc/CMakeFiles/c.dir/signal/sig_delset.c.o
[544/1633] Building C object libs/libc/CMakeFiles/c.dir/signal/sig_fillset.c.o
[545/1633] Building C object libs/libc/CMakeFiles/c.dir/signal/sig_killpg.c.o
[546/1633] Building C object libs/libc/CMakeFiles/c.dir/signal/sig_longjmp.c.o
[547/1633] Building C object libs/libc/CMakeFiles/c.dir/signal/sig_isemptyset.c.o
[548/1633] Building C object libs/libc/CMakeFiles/c.dir/signal/sig_ismember.c.o
[549/1633] Building C object libs/libc/CMakeFiles/c.dir/signal/sig_orset.c.o
[550/1633] Building C object libs/libc/CMakeFiles/c.dir/signal/sig_nandset.c.o
[551/1633] Building C object libs/libc/CMakeFiles/c.dir/signal/sig_pause.c.o
[552/1633] Building C object libs/libc/CMakeFiles/c.dir/signal/sig_psignal.c.o
[553/1633] Building C object libs/libc/CMakeFiles/c.dir/signal/sig_relse.c.o
[554/1633] Building C object libs/libc/CMakeFiles/c.dir/signal/sig_raise.c.o
[555/1633] Building C object libs/libc/CMakeFiles/c.dir/signal/sig_wait.c.o
[556/1633] Building C object libs/libc/CMakeFiles/c.dir/signal/sig_xorset.c.o
[557/1633] Building C object libs/libc/CMakeFiles/c.dir/signal/sig_ignore.c.o
[558/1633] Building C object libs/libc/CMakeFiles/c.dir/signal/sig_interrupt.c.o
[559/1633] Building C object libs/libc/CMakeFiles/c.dir/signal/sig_set.c.o
[560/1633] Building C object libs/libc/CMakeFiles/c.dir/spawn/lib_psfa_addaction.c.o
[561/1633] Building C object libs/libc/CMakeFiles/c.dir/signal/sig_signal.c.o
[562/1633] Building C object libs/libc/CMakeFiles/c.dir/spawn/lib_psfa_addclose.c.o
[563/1633] Building C object libs/libc/CMakeFiles/c.dir/spawn/lib_psfa_adddup2.c.o
[564/1633] Building C object libs/libc/CMakeFiles/c.dir/spawn/lib_psfa_init.c.o
[565/1633] Building C object libs/libc/CMakeFiles/c.dir/spawn/lib_psfa_addopen.c.o
[566/1633] Building C object libs/libc/CMakeFiles/c.dir/spawn/lib_psfa_destroy.c.o
[567/1633] Building C object libs/libc/CMakeFiles/c.dir/spawn/lib_psa_getflags.c.o
[568/1633] Building C object libs/libc/CMakeFiles/c.dir/spawn/lib_psa_getschedparam.c.o
[569/1633] Building C object libs/libc/CMakeFiles/c.dir/spawn/lib_psa_getschedpolicy.c.o
[570/1633] Building C object libs/libc/CMakeFiles/c.dir/spawn/lib_psa_init.c.o
[571/1633] Building C object libs/libc/CMakeFiles/c.dir/spawn/lib_psa_setflags.c.o
[572/1633] Building C object libs/libc/CMakeFiles/c.dir/spawn/lib_psa_setschedparam.c.o
[573/1633] Building C object libs/libc/CMakeFiles/c.dir/spawn/lib_psa_setschedpolicy.c.o
[574/1633] Building C object libs/libc/CMakeFiles/c.dir/spawn/lib_psa_getsigmask.c.o
[575/1633] Building C object libs/libc/CMakeFiles/c.dir/spawn/lib_psa_setsigmask.c.o
[576/1633] Building C object libs/libc/CMakeFiles/c.dir/spawn/lib_psa_getstacksize.c.o
[577/1633] Building C object libs/libc/CMakeFiles/c.dir/spawn/lib_psa_setstacksize.c.o
[578/1633] Building C object libs/libc/CMakeFiles/c.dir/spawn/lib_psa_getpriority.c.o
[579/1633] Building C object libs/libc/CMakeFiles/c.dir/spawn/lib_psa_setpriority.c.o
[580/1633] Building C object libs/libc/CMakeFiles/c.dir/spawn/lib_psa_getstackaddr.c.o
[581/1633] Building C object libs/libc/CMakeFiles/c.dir/spawn/lib_psa_destroy.c.o
[582/1633] Building C object libs/libc/CMakeFiles/c.dir/spawn/lib_psa_setstackaddr.c.o
[583/1633] Building C object libs/libc/CMakeFiles/c.dir/stdio/lib_fileno.c.o
[584/1633] Building C object libs/libc/CMakeFiles/c.dir/spawn/lib_psfa_dump.c.o
[585/1633] Building C object libs/libc/CMakeFiles/c.dir/spawn/lib_psa_dump.c.o
[586/1633] Building C object libs/libc/CMakeFiles/c.dir/stdio/lib_printf.c.o
[587/1633] Building C object libs/libc/CMakeFiles/c.dir/stdio/lib_sprintf.c.o
[588/1633] Building C object libs/libc/CMakeFiles/c.dir/stdio/lib_asprintf.c.o
[589/1633] Building C object libs/libc/CMakeFiles/c.dir/stdio/lib_snprintf.c.o
[590/1633] Building C object libs/libc/CMakeFiles/c.dir/stdio/lib_vsprintf.c.o
[591/1633] Building C object libs/libc/CMakeFiles/c.dir/stdio/lib_vsnprintf.c.o
[592/1633] Building C object libs/libc/CMakeFiles/c.dir/stdio/lib_dprintf.c.o
[593/1633] Building C object libs/libc/CMakeFiles/c.dir/stdio/lib_vdprintf.c.o
[594/1633] Building C object libs/libc/CMakeFiles/c.dir/stdio/lib_vasprintf.c.o
[595/1633] Building C object libs/libc/CMakeFiles/c.dir/stdio/lib_vprintf.c.o
[596/1633] Building C object libs/libc/CMakeFiles/c.dir/stdio/lib_perror.c.o
[597/1633] Building C object libs/libc/CMakeFiles/c.dir/stdio/lib_getchar.c.o
[598/1633] Building C object libs/libc/CMakeFiles/c.dir/stdio/lib_putchar.c.o
[599/1633] Building C object libs/libc/CMakeFiles/c.dir/stdio/lib_gets_s.c.o
[600/1633] Building C object libs/libc/CMakeFiles/c.dir/stdio/lib_puts.c.o
[601/1633] Building C object libs/libc/CMakeFiles/c.dir/stdio/lib_gets.c.o
[602/1633] Building C object libs/libc/CMakeFiles/c.dir/stdio/lib_libdgets.c.o
[603/1633] Building C object libs/libc/CMakeFiles/c.dir/stdio/lib_sscanf.c.o
[604/1633] Building C object libs/libc/CMakeFiles/c.dir/stdio/lib_vsscanf.c.o
[605/1633] Building C object libs/libc/CMakeFiles/c.dir/stdio/lib_remove.c.o
[606/1633] Building C object libs/libc/CMakeFiles/c.dir/stdio/lib_tempnam.c.o
[607/1633] Building C object libs/libc/CMakeFiles/c.dir/stdio/lib_tmpnam.c.o
[608/1633] Building C object libs/libc/CMakeFiles/c.dir/stdio/lib_renameat.c.o
[609/1633] Building C object libs/libc/CMakeFiles/c.dir/stdio/lib_putwchar.c.o
[610/1633] Building C object libs/libc/CMakeFiles/c.dir/stdio/lib_freopen.c.o
[611/1633] Building C object libs/libc/CMakeFiles/c.dir/stdio/lib_fopen.c.o
[612/1633] Building C object libs/libc/CMakeFiles/c.dir/stdio/lib_fread.c.o
[613/1633] Building C object libs/libc/CMakeFiles/c.dir/stdio/lib_fclose.c.o
[614/1633] Building C object libs/libc/CMakeFiles/c.dir/stdio/lib_fseek.c.o
[615/1633] Building C object libs/libc/CMakeFiles/c.dir/stdio/lib_libfread_unlocked.c.o
[616/1633] Building C object libs/libc/CMakeFiles/c.dir/stdio/lib_ftell.c.o
[617/1633] Building C object libs/libc/CMakeFiles/c.dir/stdio/lib_fseeko.c.o
[618/1633] Building C object libs/libc/CMakeFiles/c.dir/stdio/lib_ftello.c.o
[619/1633] Building C object libs/libc/CMakeFiles/c.dir/stdio/lib_fsetpos.c.o
[620/1633] Building C object libs/libc/CMakeFiles/c.dir/stdio/lib_fgetpos.c.o
[621/1633] Building C object libs/libc/CMakeFiles/c.dir/stdio/lib_getdelim.c.o
[622/1633] Building C object libs/libc/CMakeFiles/c.dir/stdio/lib_getc.c.o
[623/1633] Building C object libs/libc/CMakeFiles/c.dir/stdio/lib_fgetc.c.o
[624/1633] Building C object libs/libc/CMakeFiles/c.dir/stdio/lib_fgets.c.o
[625/1633] Building C object libs/libc/CMakeFiles/c.dir/stdio/lib_libfgets.c.o
[626/1633] Building C object libs/libc/CMakeFiles/c.dir/stdio/lib_fwrite.c.o
[627/1633] Building C object libs/libc/CMakeFiles/c.dir/stdio/lib_fflush.c.o
[628/1633] Building C object libs/libc/CMakeFiles/c.dir/stdio/lib_libfwrite.c.o
[629/1633] Building C object libs/libc/CMakeFiles/c.dir/stdio/lib_libfflush.c.o
[630/1633] Building C object libs/libc/CMakeFiles/c.dir/stdio/lib_rdflush_unlocked.c.o
[631/1633] Building C object libs/libc/CMakeFiles/c.dir/stdio/lib_libflushall.c.o
[632/1633] Building C object libs/libc/CMakeFiles/c.dir/stdio/lib_wrflush_unlocked.c.o
[633/1633] Building C object libs/libc/CMakeFiles/c.dir/stdio/lib_putc.c.o
[634/1633] Building C object libs/libc/CMakeFiles/c.dir/stdio/lib_fputc.c.o
[635/1633] Building C object libs/libc/CMakeFiles/c.dir/stdio/lib_ungetc.c.o
[636/1633] Building C object libs/libc/CMakeFiles/c.dir/stdio/lib_fputs.c.o
[637/1633] Building C object libs/libc/CMakeFiles/c.dir/stdio/lib_fprintf.c.o
[638/1633] Building C object libs/libc/CMakeFiles/c.dir/stdio/lib_vfprintf.c.o
[639/1633] Building C object libs/libc/CMakeFiles/c.dir/stdio/lib_feof.c.o
[640/1633] Building C object libs/libc/CMakeFiles/c.dir/stdio/lib_ferror.c.o
[641/1633] Building C object libs/libc/CMakeFiles/c.dir/stdio/lib_rewind.c.o
[642/1633] Building C object libs/libc/CMakeFiles/c.dir/stdio/lib_clearerr.c.o
[643/1633] Building C object libs/libc/CMakeFiles/c.dir/stdio/lib_scanf.c.o
[644/1633] Building C object libs/libc/CMakeFiles/c.dir/stdio/lib_vscanf.c.o
[645/1633] Building C object libs/libc/CMakeFiles/c.dir/stdio/lib_fscanf.c.o
[646/1633] Building C object libs/libc/CMakeFiles/c.dir/stdio/lib_vfscanf.c.o
[647/1633] Building C object libs/libc/CMakeFiles/c.dir/stdio/lib_setbuf.c.o
[648/1633] Building C object libs/libc/CMakeFiles/c.dir/stdio/lib_tmpfile.c.o
[649/1633] Building C object libs/libc/CMakeFiles/c.dir/stdio/lib_setvbuf.c.o
[650/1633] Building C object libs/libc/CMakeFiles/c.dir/stdio/lib_setbuffer.c.o
[651/1633] Building C object libs/libc/CMakeFiles/c.dir/stdio/lib_libgetstreams.c.o
[652/1633] Building C object libs/libc/CMakeFiles/c.dir/stdio/lib_libfilelock.c.o
[653/1633] Building C object libs/libc/CMakeFiles/c.dir/stdio/lib_fputwc.c.o
[654/1633] Building C object libs/libc/CMakeFiles/c.dir/stdio/lib_putwc.c.o
[655/1633] Building C object libs/libc/CMakeFiles/c.dir/stdio/lib_fputws.c.o
[656/1633] Building C object libs/libc/CMakeFiles/c.dir/stdio/lib_fopencookie.c.o
[657/1633] Building C object libs/libc/CMakeFiles/c.dir/stdio/lib_fgetwc.c.o
[658/1633] Building C object libs/libc/CMakeFiles/c.dir/stdio/lib_fmemopen.c.o
[659/1633] Building C object libs/libc/CMakeFiles/c.dir/stdio/lib_open_memstream.c.o
[660/1633] Building C object libs/libc/CMakeFiles/c.dir/stdio/lib_getwc.c.o
[661/1633] Building C object libs/libc/CMakeFiles/c.dir/stdlib/lib_abs.c.o
[662/1633] Building C object libs/libc/CMakeFiles/c.dir/stdio/lib_ungetwc.c.o
[663/1633] Building C object libs/libc/CMakeFiles/c.dir/stdlib/lib_atof.c.o
[664/1633] Building C object libs/libc/CMakeFiles/c.dir/stdlib/lib_atoi.c.o
[665/1633] Building C object libs/libc/CMakeFiles/c.dir/stdlib/lib_atol.c.o
[666/1633] Building C object libs/libc/CMakeFiles/c.dir/stdlib/lib_atoll.c.o
[667/1633] Building C object libs/libc/CMakeFiles/c.dir/stdlib/lib_abort.c.o
[668/1633] Building C object libs/libc/CMakeFiles/c.dir/stdlib/lib_getprogname.c.o
[669/1633] Building C object libs/libc/CMakeFiles/c.dir/stdlib/lib_div.c.o
[670/1633] Building C object libs/libc/CMakeFiles/c.dir/stdlib/lib_lldiv.c.o
[671/1633] Building C object libs/libc/CMakeFiles/c.dir/stdlib/lib_ldiv.c.o
[672/1633] Building C object libs/libc/CMakeFiles/c.dir/stdlib/lib_labs.c.o
[673/1633] Building C object libs/libc/CMakeFiles/c.dir/stdlib/lib_itoa.c.o
[674/1633] Building C object libs/libc/CMakeFiles/c.dir/stdlib/lib_llabs.c.o
[675/1633] Building C object libs/libc/CMakeFiles/c.dir/stdlib/lib_exit.c.o
[676/1633] Building C object libs/libc/CMakeFiles/c.dir/stdlib/lib_bsearch.c.o
[677/1633] Building C object libs/libc/CMakeFiles/c.dir/stdlib/lib_rand.c.o
[678/1633] Building C object libs/libc/CMakeFiles/c.dir/stdlib/lib_realpath.c.o
[679/1633] Building C object libs/libc/CMakeFiles/c.dir/stdlib/lib_reallocarray.c.o
[680/1633] Building C object libs/libc/CMakeFiles/c.dir/stdlib/lib_qsort.c.o
[681/1633] Building C object libs/libc/CMakeFiles/c.dir/stdlib/lib_rand48.c.o
[682/1633] Building C object libs/libc/CMakeFiles/c.dir/stdlib/lib_strtol.c.o
[683/1633] Building C object libs/libc/CMakeFiles/c.dir/stdlib/lib_srand.c.o
[684/1633] Building C object libs/libc/CMakeFiles/c.dir/stdlib/lib_strtoll.c.o
[685/1633] Building C object libs/libc/CMakeFiles/c.dir/stdlib/lib_strtoul.c.o
[686/1633] Building C object libs/libc/CMakeFiles/c.dir/stdlib/lib_strtoull.c.o
[687/1633] Building C object libs/libc/CMakeFiles/c.dir/stdlib/lib_checkbase.c.o
[688/1633] Building C object libs/libc/CMakeFiles/c.dir/stdlib/lib_mkstemp.c.o
[689/1633] Building C object libs/libc/CMakeFiles/c.dir/stdlib/lib_mktemp.c.o
[690/1633] Building C object libs/libc/CMakeFiles/c.dir/stdlib/lib_mkdtemp.c.o
[691/1633] Building C object libs/libc/CMakeFiles/c.dir/stdlib/lib_strtold.c.o
[692/1633] Building C object libs/libc/CMakeFiles/c.dir/stdlib/lib_aligned_alloc.c.o
[693/1633] Building C object libs/libc/CMakeFiles/c.dir/stdlib/lib_posix_memalign.c.o
[694/1633] Building C object libs/libc/CMakeFiles/c.dir/stdlib/lib_valloc.c.o
[695/1633] Building C object libs/libc/CMakeFiles/c.dir/stdlib/lib_mblen.c.o
[696/1633] Building C object libs/libc/CMakeFiles/c.dir/stdlib/lib_mbtowc.c.o
[697/1633] Building C object libs/libc/CMakeFiles/c.dir/stdlib/lib_wctomb.c.o
[698/1633] Building C object libs/libc/CMakeFiles/c.dir/stdlib/lib_mbstowcs.c.o
[699/1633] Building C object libs/libc/CMakeFiles/c.dir/stdlib/lib_wcstombs.c.o
[700/1633] Building C object libs/libc/CMakeFiles/c.dir/stdlib/lib_arc4random.c.o
[701/1633] Building C object libs/libc/CMakeFiles/c.dir/stdlib/lib_atexit.c.o
[702/1633] Building C object libs/libc/CMakeFiles/c.dir/stream/lib_meminstream.c.o
[703/1633] Building C object libs/libc/CMakeFiles/c.dir/stream/lib_memoutstream.c.o
[704/1633] Building C object libs/libc/CMakeFiles/c.dir/stream/lib_memsistream.c.o
[705/1633] Building C object libs/libc/CMakeFiles/c.dir/stream/lib_memsostream.c.o
[706/1633] Building C object libs/libc/CMakeFiles/c.dir/stream/lib_lowoutstream.c.o
[707/1633] Building C object libs/libc/CMakeFiles/c.dir/stream/lib_rawinstream.c.o
[708/1633] Building C object libs/libc/CMakeFiles/c.dir/stream/lib_rawoutstream.c.o
[709/1633] Building C object libs/libc/CMakeFiles/c.dir/stream/lib_zeroinstream.c.o
[710/1633] Building C object libs/libc/CMakeFiles/c.dir/stream/lib_rawsistream.c.o
[711/1633] Building C object libs/libc/CMakeFiles/c.dir/stream/lib_nullinstream.c.o
[712/1633] Building C object libs/libc/CMakeFiles/c.dir/stream/lib_rawsostream.c.o
[713/1633] Building C object libs/libc/CMakeFiles/c.dir/stream/lib_nulloutstream.c.o
[714/1633] Building C object libs/libc/CMakeFiles/c.dir/stream/lib_mtdoutstream.c.o
[715/1633] Building C object libs/libc/CMakeFiles/c.dir/stream/lib_libnoflush.c.o
[716/1633] Building C object libs/libc/CMakeFiles/c.dir/stream/lib_mtdsostream.c.o
[717/1633] Building C object libs/libc/CMakeFiles/c.dir/stream/lib_libsnoflush.c.o
[718/1633] Building C object libs/libc/CMakeFiles/c.dir/stream/lib_syslogstream.c.o
[719/1633] Building C object libs/libc/CMakeFiles/c.dir/stream/lib_hexdumpstream.c.o
[720/1633] Building C object libs/libc/CMakeFiles/c.dir/stream/lib_bufferedoutstream.c.o
[721/1633] Building C object libs/libc/CMakeFiles/c.dir/stream/lib_base64outstream.c.o
[722/1633] Building C object libs/libc/CMakeFiles/c.dir/stream/lib_filesistream.c.o
[723/1633] Building C object libs/libc/CMakeFiles/c.dir/stream/lib_fileoutstream.c.o
[724/1633] Building C object libs/libc/CMakeFiles/c.dir/stream/lib_libbsprintf.c.o
[725/1633] Building C object libs/libc/CMakeFiles/c.dir/stream/lib_libosprintf.c.o
[726/1633] Building C object libs/libc/CMakeFiles/c.dir/stream/lib_ultoa_invert.c.o
[727/1633] Building C object libs/libc/CMakeFiles/c.dir/stream/lib_syslograwstream.c.o
[728/1633] Building C object libs/libc/CMakeFiles/c.dir/stream/lib_dtoa_engine.c.o
[729/1633] Building C object libs/libc/CMakeFiles/c.dir/stream/lib_dtoa_data.c.o
[730/1633] Building C object libs/libc/CMakeFiles/c.dir/stream/lib_stdinstream.c.o
[731/1633] Building C object libs/libc/CMakeFiles/c.dir/stream/lib_stdoutstream.c.o
[732/1633] Building C object libs/libc/CMakeFiles/c.dir/stream/lib_libvscanf.c.o
[733/1633] Building C object libs/libc/CMakeFiles/c.dir/stream/lib_stdsistream.c.o
[734/1633] Building C object libs/libc/CMakeFiles/c.dir/stream/lib_libvsprintf.c.o
[735/1633] Building C object libs/libc/CMakeFiles/c.dir/stream/lib_stdsostream.c.o
[736/1633] Building C object libs/libc/CMakeFiles/c.dir/string/lib_bzero.c.o
[737/1633] Building C object libs/libc/CMakeFiles/c.dir/string/lib_ffs.c.o
[738/1633] Building C object libs/libc/CMakeFiles/c.dir/string/lib_ffsl.c.o
[739/1633] Building C object libs/libc/CMakeFiles/c.dir/string/lib_ffsll.c.o
[740/1633] Building C object libs/libc/CMakeFiles/c.dir/string/lib_flsll.c.o
[741/1633] Building C object libs/libc/CMakeFiles/c.dir/string/lib_fls.c.o
[742/1633] Building C object libs/libc/CMakeFiles/c.dir/stream/lib_blkoutstream.c.o
[743/1633] Building C object libs/libc/CMakeFiles/c.dir/string/lib_flsl.c.o
[744/1633] Building C object libs/libc/CMakeFiles/c.dir/string/lib_popcount.c.o
[745/1633] Building C object libs/libc/CMakeFiles/c.dir/string/lib_popcountl.c.o
[746/1633] Building C object libs/libc/CMakeFiles/c.dir/string/lib_memmem.c.o
[747/1633] Building C object libs/libc/CMakeFiles/c.dir/string/lib_isbasedigit.c.o
[748/1633] Building C object libs/libc/CMakeFiles/c.dir/string/lib_popcountll.c.o
[749/1633] Building C object libs/libc/CMakeFiles/c.dir/string/lib_strcasecmp.c.o
[750/1633] Building C object libs/libc/CMakeFiles/c.dir/string/lib_skipspace.c.o
[751/1633] Building C object libs/libc/CMakeFiles/c.dir/string/lib_strcspn.c.o
[752/1633] Building C object libs/libc/CMakeFiles/c.dir/string/lib_strdup.c.o
[753/1633] Building C object libs/libc/CMakeFiles/c.dir/string/lib_strerror.c.o
[754/1633] Building C object libs/libc/CMakeFiles/c.dir/string/lib_strncasecmp.c.o
[755/1633] Building C object libs/libc/CMakeFiles/c.dir/string/lib_strncat.c.o
[756/1633] Building C object libs/libc/CMakeFiles/c.dir/string/lib_strspn.c.o
[757/1633] Building C object libs/libc/CMakeFiles/c.dir/string/lib_strpbrk.c.o
[758/1633] Building C object libs/libc/CMakeFiles/c.dir/string/lib_strcasestr.c.o
[759/1633] Building C object libs/libc/CMakeFiles/c.dir/string/lib_strndup.c.o
[760/1633] Building C object libs/libc/CMakeFiles/c.dir/string/lib_strstr.c.o
[761/1633] Building C object libs/libc/CMakeFiles/c.dir/string/lib_strtokr.c.o
[762/1633] Building C object libs/libc/CMakeFiles/c.dir/string/lib_strsep.c.o
[763/1633] Building C object libs/libc/CMakeFiles/c.dir/string/lib_strtok.c.o
[764/1633] Building C object libs/libc/CMakeFiles/c.dir/string/lib_strerrorr.c.o
[765/1633] Building C object libs/libc/CMakeFiles/c.dir/string/lib_explicit_bzero.c.o
[766/1633] Building C object libs/libc/CMakeFiles/c.dir/string/lib_strsignal.c.o
[767/1633] Building C object libs/libc/CMakeFiles/c.dir/string/lib_index.c.o
[768/1633] Building C object libs/libc/CMakeFiles/c.dir/string/lib_rindex.c.o
[769/1633] Building C object libs/libc/CMakeFiles/c.dir/string/lib_timingsafe_bcmp.c.o
[770/1633] Building C object libs/libc/CMakeFiles/c.dir/string/lib_mempcpy.c.o
[771/1633] Building C object libs/libc/CMakeFiles/c.dir/string/lib_rawmemchr.c.o
[772/1633] Building C object libs/libc/CMakeFiles/c.dir/string/lib_strverscmp.c.o
[773/1633] Building C object libs/libc/CMakeFiles/c.dir/string/lib_memmove.c.o
[774/1633] Building C object libs/libc/CMakeFiles/c.dir/string/lib_strnlen.c.o
[775/1633] Building C object libs/libc/CMakeFiles/c.dir/string/lib_strlcpy.c.o
[776/1633] Building C object libs/libc/CMakeFiles/c.dir/string/lib_strlcat.c.o
[777/1633] Building C object libs/libc/CMakeFiles/c.dir/string/lib_bsdmemcpy.c.o
[778/1633] Building C object libs/libc/CMakeFiles/c.dir/string/lib_bsdmemcmp.c.o
[779/1633] Building C object libs/libc/CMakeFiles/c.dir/string/lib_bsdmemccpy.c.o
[780/1633] Building C object libs/libc/CMakeFiles/c.dir/string/lib_bsdmemrchr.c.o
[781/1633] Building C object libs/libc/CMakeFiles/c.dir/string/lib_bsdmemset.c.o
[782/1633] Building C object libs/libc/CMakeFiles/c.dir/string/lib_bsdstpncpy.c.o
[783/1633] Building C object libs/libc/CMakeFiles/c.dir/string/lib_bsdstrcmp.c.o
[784/1633] Building C object libs/libc/CMakeFiles/c.dir/string/lib_bsdstrchr.c.o
[785/1633] Building C object libs/libc/CMakeFiles/c.dir/string/lib_bsdstrlen.c.o
[786/1633] Building C object libs/libc/CMakeFiles/c.dir/string/lib_bsdstrncpy.c.o
[787/1633] Building C object libs/libc/CMakeFiles/c.dir/string/lib_bsdstpcpy.c.o
[788/1633] Building C object libs/libc/CMakeFiles/c.dir/string/lib_bsdmemchr.c.o
[789/1633] Building C object libs/libc/CMakeFiles/c.dir/string/lib_bsdstrcat.c.o
[790/1633] Building C object libs/libc/CMakeFiles/c.dir/string/lib_bsdstrchrnul.c.o
[791/1633] Building C object libs/libc/CMakeFiles/c.dir/string/lib_bsdstrcpy.c.o
[792/1633] Building C object libs/libc/CMakeFiles/c.dir/string/lib_bsdstrncmp.c.o
[793/1633] Building C object libs/libc/CMakeFiles/c.dir/string/lib_bsdstrrchr.c.o
[794/1633] Building C object libs/libc/CMakeFiles/c.dir/symtab/symtab_sortbyname.c.o
[795/1633] Building C object libs/libc/CMakeFiles/c.dir/symtab/symtab_findbyvalue.c.o
[796/1633] Building C object libs/libc/CMakeFiles/c.dir/symtab/symtab_findbyname.c.o
[797/1633] Building C object libs/libc/CMakeFiles/c.dir/syslog/lib_setlogmask.c.o
[798/1633] Building C object libs/libc/CMakeFiles/c.dir/termios/lib_cfmakeraw.c.o
[799/1633] Building C object libs/libc/CMakeFiles/c.dir/termios/lib_cfspeed.c.o
[800/1633] Building C object libs/libc/CMakeFiles/c.dir/syslog/lib_syslog.c.o
[801/1633] Building C object libs/libc/CMakeFiles/c.dir/termios/lib_tcflush.c.o
[802/1633] Building C object libs/libc/CMakeFiles/c.dir/termios/lib_tcdrain.c.o
[803/1633] Building C object libs/libc/CMakeFiles/c.dir/termios/lib_tcflow.c.o
[804/1633] Building C object libs/libc/CMakeFiles/c.dir/termios/lib_isatty.c.o
[805/1633] Building C object libs/libc/CMakeFiles/c.dir/termios/lib_tcgetattr.c.o
[806/1633] Building C object libs/libc/CMakeFiles/c.dir/termios/lib_tcsetattr.c.o
[807/1633] Building C object libs/libc/CMakeFiles/c.dir/termios/lib_tcsendbreak.c.o
[808/1633] Building C object libs/libc/CMakeFiles/c.dir/termios/lib_ttyname.c.o
[809/1633] Building C object libs/libc/CMakeFiles/c.dir/termios/lib_ttynamer.c.o
[810/1633] Building C object libs/libc/CMakeFiles/c.dir/time/lib_calendar2utc.c.o
[811/1633] Building C object libs/libc/CMakeFiles/c.dir/time/lib_daysbeforemonth.c.o
[812/1633] Building C object libs/libc/CMakeFiles/c.dir/time/lib_gettimeofday.c.o
[813/1633] Building C object libs/libc/CMakeFiles/c.dir/time/lib_isleapyear.c.o
[814/1633] Building C object libs/libc/CMakeFiles/c.dir/time/lib_strftime.c.o
[815/1633] Building C object libs/libc/CMakeFiles/c.dir/time/lib_time.c.o
[816/1633] Building C object libs/libc/CMakeFiles/c.dir/time/lib_settimeofday.c.o
[817/1633] Building C object libs/libc/CMakeFiles/c.dir/time/lib_timespec_get.c.o
[818/1633] Building C object libs/libc/CMakeFiles/c.dir/time/lib_nanosleep.c.o
[819/1633] Building C object libs/libc/CMakeFiles/c.dir/time/lib_difftime.c.o
[820/1633] Building C object libs/libc/CMakeFiles/c.dir/time/lib_dayofweek.c.o
[821/1633] Building C object libs/libc/CMakeFiles/c.dir/time/lib_ctime.c.o
[822/1633] Building C object libs/libc/CMakeFiles/c.dir/time/lib_asctime.c.o
[823/1633] Building C object libs/libc/CMakeFiles/c.dir/time/lib_asctimer.c.o
[824/1633] Building C object libs/libc/CMakeFiles/c.dir/time/lib_ctimer.c.o
[825/1633] Building C object libs/libc/CMakeFiles/c.dir/time/lib_gethrtime.c.o
[826/1633] Building C object libs/libc/CMakeFiles/c.dir/time/lib_gmtimer.c.o
[827/1633] Building C object libs/libc/CMakeFiles/c.dir/time/lib_gmtime.c.o
[828/1633] Building C object libs/libc/CMakeFiles/c.dir/tls/tls_getinfo.c.o
[829/1633] Building C object libs/libc/CMakeFiles/c.dir/time/lib_timegm.c.o
[830/1633] Building C object libs/libc/CMakeFiles/c.dir/tls/task_tls.c.o
[831/1633] Building C object libs/libc/CMakeFiles/c.dir/tls/tls_destruct.c.o
[832/1633] Building C object libs/libc/CMakeFiles/c.dir/tls/tls_cleanup.c.o
[833/1633] Building C object libs/libc/CMakeFiles/c.dir/tls/task_tls_destruct.c.o
[834/1633] Building C object libs/libc/CMakeFiles/c.dir/uio/lib_preadv.c.o
[835/1633] Building C object libs/libc/CMakeFiles/c.dir/uio/lib_pwritev.c.o
[836/1633] Building C object libs/libc/CMakeFiles/c.dir/unistd/lib_access.c.o
[837/1633] Building C object libs/libc/CMakeFiles/c.dir/unistd/lib_daemon.c.o
[838/1633] Building C object libs/libc/CMakeFiles/c.dir/unistd/lib_pathconf.c.o
[839/1633] Building C object libs/libc/CMakeFiles/c.dir/unistd/lib_swab.c.o
[840/1633] Building C object libs/libc/CMakeFiles/c.dir/unistd/lib_sysconf.c.o
[841/1633] Building C object libs/libc/CMakeFiles/c.dir/unistd/lib_getcwd.c.o
[842/1633] Building C object libs/libc/CMakeFiles/c.dir/unistd/lib_getentropy.c.o
[843/1633] Building C object libs/libc/CMakeFiles/c.dir/unistd/lib_getopt.c.o
[844/1633] Building C object libs/libc/CMakeFiles/c.dir/unistd/lib_getopt_long.c.o
[845/1633] Building C object libs/libc/CMakeFiles/c.dir/unistd/lib_getopt_common.c.o
[846/1633] Building C object libs/libc/CMakeFiles/c.dir/unistd/lib_getopt_longonly.c.o
[847/1633] Building C object libs/libc/CMakeFiles/c.dir/unistd/lib_getoptvars.c.o
[848/1633] Building C object libs/libc/CMakeFiles/c.dir/unistd/lib_getoptargp.c.o
[849/1633] Building C object libs/libc/CMakeFiles/c.dir/unistd/lib_getopterrp.c.o
[850/1633] Building C object libs/libc/CMakeFiles/c.dir/unistd/lib_getoptindp.c.o
[851/1633] Building C object libs/libc/CMakeFiles/c.dir/unistd/lib_getoptoptp.c.o
[852/1633] Building C object libs/libc/CMakeFiles/c.dir/unistd/lib_times.c.o
[853/1633] Building C object libs/libc/CMakeFiles/c.dir/unistd/lib_alarm.c.o
[854/1633] Building C object libs/libc/CMakeFiles/c.dir/unistd/lib_fstatvfs.c.o
[855/1633] Building C object libs/libc/CMakeFiles/c.dir/unistd/lib_statvfs.c.o
[856/1633] Building C object libs/libc/CMakeFiles/c.dir/unistd/lib_sleep.c.o
[857/1633] Building C object libs/libc/CMakeFiles/c.dir/unistd/lib_nice.c.o
[858/1633] Building C object libs/libc/CMakeFiles/c.dir/unistd/lib_getrusage.c.o
[859/1633] Building C object libs/libc/CMakeFiles/c.dir/unistd/lib_setregid.c.o
[860/1633] Building C object libs/libc/CMakeFiles/c.dir/unistd/lib_setreuid.c.o
[861/1633] Building C object libs/libc/CMakeFiles/c.dir/unistd/lib_utime.c.o
[862/1633] Building C object libs/libc/CMakeFiles/c.dir/unistd/lib_setrlimit.c.o
[863/1633] Building C object libs/libc/CMakeFiles/c.dir/unistd/lib_utimes.c.o
[864/1633] Building C object libs/libc/CMakeFiles/c.dir/unistd/lib_getrlimit.c.o
[865/1633] Building C object libs/libc/CMakeFiles/c.dir/unistd/lib_setpriority.c.o
[866/1633] Building C object libs/libc/CMakeFiles/c.dir/unistd/lib_futimes.c.o
[867/1633] Building C object libs/libc/CMakeFiles/c.dir/unistd/lib_getpriority.c.o
[868/1633] Building C object libs/libc/CMakeFiles/c.dir/unistd/lib_lutimes.c.o
[869/1633] Building C object libs/libc/CMakeFiles/c.dir/unistd/lib_gethostname.c.o
[870/1633] Building C object libs/libc/CMakeFiles/c.dir/unistd/lib_linkat.c.o
[871/1633] Building C object libs/libc/CMakeFiles/c.dir/unistd/lib_sethostname.c.o
[872/1633] Building C object libs/libc/CMakeFiles/c.dir/unistd/lib_fchownat.c.o
[873/1633] Building C object libs/libc/CMakeFiles/c.dir/unistd/lib_symlinkat.c.o
[874/1633] Building C object libs/libc/CMakeFiles/c.dir/unistd/lib_readlinkat.c.o
[875/1633] Building C object libs/libc/CMakeFiles/c.dir/unistd/lib_usleep.c.o
[876/1633] Building C object libs/libc/CMakeFiles/c.dir/unistd/lib_unlinkat.c.o
[877/1633] Building C object libs/libc/CMakeFiles/c.dir/unistd/lib_flock.c.o
[878/1633] Building C object libs/libc/CMakeFiles/c.dir/unistd/lib_getpgid.c.o
[879/1633] Building C object libs/libc/CMakeFiles/c.dir/unistd/lib_getpgrp.c.o
[880/1633] Building C object libs/libc/CMakeFiles/c.dir/unistd/lib_lockf.c.o
[881/1633] Building C object libs/libc/CMakeFiles/c.dir/unistd/lib_ulimit.c.o
[882/1633] Building C object libs/libc/CMakeFiles/c.dir/unistd/lib_confstr.c.o
[883/1633] Building C object libs/libc/CMakeFiles/c.dir/unistd/lib_setuid.c.o
[884/1633] Building C object libs/libc/CMakeFiles/c.dir/unistd/lib_getpass.c.o
[885/1633] Building C object libs/libc/CMakeFiles/c.dir/unistd/lib_setgid.c.o
[886/1633] Building C object libs/libc/CMakeFiles/c.dir/unistd/lib_getuid.c.o
[887/1633] Building C object libs/libc/CMakeFiles/c.dir/unistd/lib_getgid.c.o
[888/1633] Building C object libs/libc/CMakeFiles/c.dir/unistd/lib_seteuid.c.o
[889/1633] Building C object libs/libc/CMakeFiles/c.dir/unistd/lib_setegid.c.o
[890/1633] Building C object libs/libc/CMakeFiles/c.dir/unistd/lib_geteuid.c.o
[891/1633] Building C object libs/libc/CMakeFiles/c.dir/unistd/lib_getegid.c.o
[892/1633] Building C object libs/libc/CMakeFiles/c.dir/unistd/lib_chdir.c.o
[893/1633] Building C object libs/libc/CMakeFiles/c.dir/unistd/lib_fchdir.c.o
[894/1633] Building C object libs/libc/CMakeFiles/c.dir/unistd/lib_restoredir.c.o
[895/1633] Building C object libs/libc/CMakeFiles/c.dir/unistd/lib_truncate.c.o
[896/1633] Building C object libs/libc/CMakeFiles/c.dir/unistd/lib_posix_fallocate.c.o
[897/1633] Building C object libs/libc/CMakeFiles/c.dir/uuid/lib_uuid_compare.c.o
[898/1633] Building C object libs/libc/CMakeFiles/c.dir/uuid/lib_uuid_create.c.o
[899/1633] Building C object libs/libc/CMakeFiles/c.dir/unistd/lib_fork.c.o
[900/1633] Building C object libs/libc/CMakeFiles/c.dir/uuid/lib_uuid_create_nil.c.o
[901/1633] Building C object libs/libc/CMakeFiles/c.dir/uuid/lib_uuid_equal.c.o
[902/1633] Building C object libs/libc/CMakeFiles/c.dir/uuid/lib_uuid_hash.c.o
[903/1633] Building C object libs/libc/CMakeFiles/c.dir/uuid/lib_uuid_is_nil.c.o
[904/1633] Building C object libs/libc/CMakeFiles/c.dir/uuid/lib_uuid_from_string.c.o
[905/1633] Building C object libs/libc/CMakeFiles/c.dir/uuid/lib_uuid_stream.c.o
[906/1633] Building C object libs/libc/CMakeFiles/c.dir/wchar/lib_wcscmp.c.o
[907/1633] Building C object libs/libc/CMakeFiles/c.dir/uuid/lib_uuid_to_string.c.o
[908/1633] Building C object libs/libc/CMakeFiles/c.dir/wchar/lib_wcslen.c.o
[909/1633] Building C object libs/libc/CMakeFiles/c.dir/wchar/lib_wmemchr.c.o
[910/1633] Building C object libs/libc/CMakeFiles/c.dir/wchar/lib_wmemcpy.c.o
[911/1633] Building C object libs/libc/CMakeFiles/c.dir/wchar/lib_wmemmove.c.o
[912/1633] Building C object libs/libc/CMakeFiles/c.dir/wchar/lib_wmemcmp.c.o
[913/1633] Building C object libs/libc/CMakeFiles/c.dir/wchar/lib_wmemset.c.o
[914/1633] Building C object libs/libc/CMakeFiles/c.dir/wchar/lib_btowc.c.o
[915/1633] Building C object libs/libc/CMakeFiles/c.dir/wchar/lib_wctob.c.o
[916/1633] Building C object libs/libc/CMakeFiles/c.dir/wchar/lib_mbrtowc.c.o
[917/1633] Building C object libs/libc/CMakeFiles/c.dir/wchar/lib_wcslcpy.c.o
[918/1633] Building C object libs/libc/CMakeFiles/c.dir/wchar/lib_wcsxfrm.c.o
[919/1633] Building C object libs/libc/CMakeFiles/c.dir/wchar/lib_wcrtomb.c.o
[920/1633] Building C object libs/libc/CMakeFiles/c.dir/wchar/lib_wcsftime.c.o
[921/1633] Building C object libs/libc/CMakeFiles/c.dir/wchar/lib_wcscoll.c.o
[922/1633] Building C object libs/libc/CMakeFiles/c.dir/wchar/lib_wcstol.c.o
[923/1633] Building C object libs/libc/CMakeFiles/c.dir/wchar/lib_wcstoll.c.o
[924/1633] Building C object libs/libc/CMakeFiles/c.dir/wchar/lib_wcstoul.c.o
[925/1633] Building C object libs/libc/CMakeFiles/c.dir/wchar/lib_wcstoull.c.o
[926/1633] Building C object libs/libc/CMakeFiles/c.dir/wchar/lib_wcstold.c.o
[927/1633] Building C object libs/libc/CMakeFiles/c.dir/wchar/lib_wcstof.c.o
[928/1633] Building C object libs/libc/CMakeFiles/c.dir/wchar/lib_wcstod.c.o
[929/1633] Building C object libs/libc/CMakeFiles/c.dir/wchar/lib_swprintf.c.o
[930/1633] Building C object libs/libc/CMakeFiles/c.dir/wchar/lib_mbsnrtowcs.c.o
[931/1633] Building C object libs/libc/CMakeFiles/c.dir/wchar/lib_mbsinit.c.o
[932/1633] Building C object libs/libc/CMakeFiles/c.dir/wchar/lib_wcsnrtombs.c.o
[933/1633] Building C object libs/libc/CMakeFiles/c.dir/wchar/lib_mbrlen.c.o
[934/1633] Building C object libs/libc/CMakeFiles/c.dir/wchar/lib_mbsrtowcs.c.o
[935/1633] Building C object libs/libc/CMakeFiles/c.dir/wchar/lib_wcsrtombs.c.o
[936/1633] Building C object libs/libc/CMakeFiles/c.dir/wchar/lib_wcscpy.c.o
[937/1633] Building C object libs/libc/CMakeFiles/c.dir/wchar/lib_wcscat.c.o
[938/1633] Building C object libs/libc/CMakeFiles/c.dir/wchar/lib_wcslcat.c.o
[939/1633] Building C object libs/libc/CMakeFiles/c.dir/wchar/lib_wcsncat.c.o
[940/1633] Building C object libs/libc/CMakeFiles/c.dir/wchar/lib_wcsrchr.c.o
[941/1633] Building C object libs/libc/CMakeFiles/c.dir/wchar/lib_wcschr.c.o
[942/1633] Building C object libs/libc/CMakeFiles/c.dir/wchar/lib_wcsncpy.c.o
[943/1633] Building C object libs/libc/CMakeFiles/c.dir/wchar/lib_wcsncmp.c.o
[944/1633] Building C object libs/libc/CMakeFiles/c.dir/wchar/lib_wcscspn.c.o
[945/1633] Building C object libs/libc/CMakeFiles/c.dir/wchar/lib_wcspbrk.c.o
[946/1633] Building C object libs/libc/CMakeFiles/c.dir/wchar/lib_wcsspn.c.o
[947/1633] Building C object libs/libc/CMakeFiles/c.dir/wchar/lib_wcstok.c.o
[948/1633] Building C object libs/libc/CMakeFiles/c.dir/wchar/lib_wcswcs.c.o
[949/1633] Building C object libs/libc/CMakeFiles/c.dir/wchar/lib_wcsstr.c.o
[950/1633] Building C object libs/libc/CMakeFiles/c.dir/wchar/lib_wcwidth.c.o
[951/1633] Building C object libs/libc/CMakeFiles/c.dir/wctype/lib_wctype.c.o
[952/1633] Building C object libs/libc/CMakeFiles/c.dir/wchar/lib_wcswidth.c.o
[953/1633] Building C object libs/libc/CMakeFiles/c.dir/wctype/lib_iswctype.c.o
[954/1633] Building C object libs/libc/CMakeFiles/c.dir/wctype/lib_towlower.c.o
[955/1633] Building C object libs/libc/CMakeFiles/c.dir/wctype/lib_towupper.c.o
[956/1633] Building CXX object libs/libxx/libcxx/CMakeFiles/libcxx.dir/libcxx/src/any.cpp.o
[957/1633] Building CXX object libs/libxx/libcxx/CMakeFiles/libcxx.dir/libcxx/src/atomic.cpp.o
[958/1633] Building CXX object libs/libxx/libcxx/CMakeFiles/libcxx.dir/libcxx/src/barrier.cpp.o
[959/1633] Building CXX object libs/libxx/libcxx/CMakeFiles/libcxx.dir/libcxx/src/bind.cpp.o
[960/1633] Building CXX object libs/libxx/libcxx/CMakeFiles/libcxx.dir/libcxx/src/chrono.cpp.o
[961/1633] Building CXX object libs/libxx/libcxx/CMakeFiles/libcxx.dir/libcxx/src/charconv.cpp.o
[962/1633] Building CXX object libs/libxx/libcxx/CMakeFiles/libcxx.dir/libcxx/src/condition_variable_destructor.cpp.o
[963/1633] Building CXX object libs/libxx/libcxx/CMakeFiles/libcxx.dir/libcxx/src/exception.cpp.o
[964/1633] Building CXX object libs/libxx/libcxx/CMakeFiles/libcxx.dir/libcxx/src/condition_variable.cpp.o
[965/1633] Building CXX object libs/libxx/libcxx/CMakeFiles/libcxx.dir/libcxx/src/functional.cpp.o
[966/1633] Building CXX object libs/libxx/libcxx/CMakeFiles/libcxx.dir/libcxx/src/hash.cpp.o
[967/1633] Building CXX object libs/libxx/libcxx/CMakeFiles/libcxx.dir/libcxx/src/future.cpp.o
[968/1633] Building CXX object libs/libxx/libcxx/CMakeFiles/libcxx.dir/libcxx/src/ios.cpp.o
[969/1633] Building CXX object libs/libxx/libcxx/CMakeFiles/libcxx.dir/libcxx/src/iostream.cpp.o
[970/1633] Building CXX object libs/libxx/libcxx/CMakeFiles/libcxx.dir/libcxx/src/legacy_debug_handler.cpp.o
[971/1633] Building CXX object libs/libxx/libcxx/CMakeFiles/libcxx.dir/libcxx/src/algorithm.cpp.o
[972/1633] Building CXX object libs/libxx/libcxx/CMakeFiles/libcxx.dir/libcxx/src/legacy_pointer_safety.cpp.o
[973/1633] Building CXX object libs/libxx/libcxx/CMakeFiles/libcxx.dir/libcxx/src/memory_resource.cpp.o
[974/1633] Building CXX object libs/libxx/libcxx/CMakeFiles/libcxx.dir/libcxx/src/memory.cpp.o
[975/1633] Building CXX object libs/libxx/libcxx/CMakeFiles/libcxx.dir/libcxx/src/mutex_destructor.cpp.o
[976/1633] Building CXX object libs/libxx/libcxx/CMakeFiles/libcxx.dir/libcxx/src/new.cpp.o
[977/1633] Building CXX object libs/libxx/libcxx/CMakeFiles/libcxx.dir/libcxx/src/mutex.cpp.o
[978/1633] Building CXX object libs/libxx/libcxx/CMakeFiles/libcxx.dir/libcxx/src/new_handler.cpp.o
[979/1633] Building CXX object libs/libxx/libcxx/CMakeFiles/libcxx.dir/libcxx/src/new_helpers.cpp.o
[980/1633] Building CXX object libs/libxx/libcxx/CMakeFiles/libcxx.dir/libcxx/src/optional.cpp.o
[981/1633] Building CXX object libs/libxx/libcxx/CMakeFiles/libcxx.dir/libcxx/src/ios.instantiations.cpp.o
[982/1633] Building CXX object libs/libxx/libcxx/CMakeFiles/libcxx.dir/libcxx/src/print.cpp.o
[983/1633] Building CXX object libs/libxx/libcxx/CMakeFiles/libcxx.dir/libcxx/src/random.cpp.o
[984/1633] Building CXX object libs/libxx/libcxx/CMakeFiles/libcxx.dir/libcxx/src/random_shuffle.cpp.o
[985/1633] Building CXX object libs/libxx/libcxx/CMakeFiles/libcxx.dir/libcxx/src/regex.cpp.o
[986/1633] Building CXX object libs/libxx/libcxx/CMakeFiles/libcxx.dir/libcxx/src/shared_mutex.cpp.o
[987/1633] Building CXX object libs/libxx/libcxx/CMakeFiles/libcxx.dir/libcxx/src/stdexcept.cpp.o
[988/1633] Building CXX object libs/libxx/libcxx/CMakeFiles/libcxx.dir/libcxx/src/strstream.cpp.o
[989/1633] Building CXX object libs/libxx/libcxx/CMakeFiles/libcxx.dir/libcxx/src/system_error.cpp.o
[990/1633] Building CXX object libs/libxx/libcxx/CMakeFiles/libcxx.dir/libcxx/src/typeinfo.cpp.o
[991/1633] Building CXX object libs/libxx/libcxx/CMakeFiles/libcxx.dir/libcxx/src/valarray.cpp.o
[992/1633] Building CXX object libs/libxx/libcxx/CMakeFiles/libcxx.dir/libcxx/src/thread.cpp.o
[993/1633] Building CXX object libs/libxx/libcxx/CMakeFiles/libcxx.dir/libcxx/src/variant.cpp.o
[994/1633] Building CXX object libs/libxx/libcxx/CMakeFiles/libcxx.dir/libcxx/src/verbose_abort.cpp.o
[995/1633] Building CXX object libs/libxx/libcxxabi/CMakeFiles/libcxxabi.dir/libcxxabi/src/cxa_aux_runtime.cpp.o
[996/1633] Building CXX object libs/libxx/libcxx/CMakeFiles/libcxx.dir/libcxx/src/string.cpp.o
[997/1633] Building CXX object libs/libxx/libcxxabi/CMakeFiles/libcxxabi.dir/libcxxabi/src/cxa_default_handlers.cpp.o
[998/1633] Building CXX object libs/libxx/libcxx/CMakeFiles/libcxx.dir/libcxx/src/vector.cpp.o
[999/1633] Building CXX object libs/libxx/libcxxabi/CMakeFiles/libcxxabi.dir/libcxxabi/src/cxa_guard.cpp.o
[1000/1633] Building CXX object libs/libxx/libcxxabi/CMakeFiles/libcxxabi.dir/libcxxabi/src/cxa_handlers.cpp.o
[1001/1633] Building CXX object libs/libxx/libcxxabi/CMakeFiles/libcxxabi.dir/libcxxabi/src/cxa_thread_atexit.cpp.o
[1002/1633] Building CXX object libs/libxx/libcxxabi/CMakeFiles/libcxxabi.dir/libcxxabi/src/cxa_virtual.cpp.o
[1003/1633] Building CXX object libs/libxx/libcxx/CMakeFiles/libcxx.dir/libcxx/src/locale.cpp.o
[1004/1633] Building CXX object libs/libxx/libcxxabi/CMakeFiles/libcxxabi.dir/libcxxabi/src/cxa_vector.cpp.o
[1005/1633] Building CXX object libs/libxx/libcxxabi/CMakeFiles/libcxxabi.dir/libcxxabi/src/stdlib_exception.cpp.o
[1006/1633] Building CXX object libs/libxx/libcxxabi/CMakeFiles/libcxxabi.dir/libcxxabi/src/stdlib_new_delete.cpp.o
[1007/1633] Building CXX object libs/libxx/libcxxabi/CMakeFiles/libcxxabi.dir/libcxxabi/src/abort_message.cpp.o
[1008/1633] Building CXX object libs/libxx/libcxxabi/CMakeFiles/libcxxabi.dir/libcxxabi/src/fallback_malloc.cpp.o
[1009/1633] Building CXX object libs/libxx/libcxxabi/CMakeFiles/libcxxabi.dir/libcxxabi/src/stdlib_stdexcept.cpp.o
[1010/1633] Building CXX object libs/libxx/libcxxabi/CMakeFiles/libcxxabi.dir/libcxxabi/src/cxa_exception_storage.cpp.o
[1011/1633] Building CXX object libs/libxx/libcxxabi/CMakeFiles/libcxxabi.dir/libcxxabi/src/cxa_exception.cpp.o
[1012/1633] Building CXX object libs/libxx/libcxxabi/CMakeFiles/libcxxabi.dir/libcxxabi/src/cxa_personality.cpp.o
[1013/1633] Building CXX object libs/libxx/libcxxabi/CMakeFiles/libcxxabi.dir/libcxxabi/src/stdlib_typeinfo.cpp.o
[1014/1633] Building C object mm/CMakeFiles/mm.dir/iob/iob_add_queue.c.o
[1015/1633] Building C object mm/CMakeFiles/mm.dir/iob/iob_alloc.c.o
[1016/1633] Building CXX object libs/libxx/libcxxabi/CMakeFiles/libcxxabi.dir/libcxxabi/src/private_typeinfo.cpp.o
[1017/1633] Building C object mm/CMakeFiles/mm.dir/iob/iob_alloc_qentry.c.o
[1018/1633] Building C object mm/CMakeFiles/mm.dir/iob/iob_clone.c.o
[1019/1633] Building C object mm/CMakeFiles/mm.dir/iob/iob_concat.c.o
[1020/1633] Building C object mm/CMakeFiles/mm.dir/iob/iob_copyin.c.o
[1021/1633] Building C object mm/CMakeFiles/mm.dir/iob/iob_copyout.c.o
[1022/1633] Building C object mm/CMakeFiles/mm.dir/iob/iob_contig.c.o
[1023/1633] Building C object mm/CMakeFiles/mm.dir/iob/iob_free.c.o
[1024/1633] Building C object mm/CMakeFiles/mm.dir/iob/iob_free_chain.c.o
[1025/1633] Building C object mm/CMakeFiles/mm.dir/iob/iob_free_qentry.c.o
[1026/1633] Building C object mm/CMakeFiles/mm.dir/iob/iob_free_queue.c.o
[1027/1633] Building C object mm/CMakeFiles/mm.dir/iob/iob_initialize.c.o
[1028/1633] Building C object mm/CMakeFiles/mm.dir/iob/iob_peek_queue.c.o
[1029/1633] Building C object mm/CMakeFiles/mm.dir/iob/iob_pack.c.o
[1030/1633] Building C object mm/CMakeFiles/mm.dir/iob/iob_remove_queue.c.o
[1031/1633] Building C object mm/CMakeFiles/mm.dir/iob/iob_statistics.c.o
[1032/1633] Building C object mm/CMakeFiles/mm.dir/iob/iob_trimhead.c.o
[1033/1633] Building C object mm/CMakeFiles/mm.dir/iob/iob_trimhead_queue.c.o
[1034/1633] Building C object mm/CMakeFiles/mm.dir/iob/iob_navail.c.o
[1035/1633] Building C object mm/CMakeFiles/mm.dir/iob/iob_trimtail.c.o
[1036/1633] Building C object mm/CMakeFiles/mm.dir/iob/iob_free_queue_qentry.c.o
[1037/1633] Building C object mm/CMakeFiles/mm.dir/iob/iob_tailroom.c.o
[1038/1633] Building C object mm/CMakeFiles/mm.dir/iob/iob_get_queue_info.c.o
[1039/1633] Building C object mm/CMakeFiles/mm.dir/iob/iob_reserve.c.o
[1040/1633] Building C object mm/CMakeFiles/mm.dir/iob/iob_count.c.o
[1041/1633] Building C object mm/CMakeFiles/mm.dir/iob/iob_update_pktlen.c.o
[1042/1633] Building C object mm/CMakeFiles/mm.dir/kasan/hook.c.o
[1043/1633] Building C object mm/CMakeFiles/mm.dir/iob/iob_dump.c.o
[1044/1633] Building C object mm/CMakeFiles/mm.dir/map/mm_map.c.o
[1045/1633] Building C object mm/CMakeFiles/mm.dir/mempool/mempool.c.o
[1046/1633] Building C object mm/CMakeFiles/mm.dir/mempool/mempool_procfs.c.o
[1047/1633] Building C object mm/CMakeFiles/mm.dir/mempool/mempool_multiple.c.o
[1048/1633] Building C object mm/CMakeFiles/mm.dir/mm_heap/mm_malloc_size.c.o
[1049/1633] Building C object mm/CMakeFiles/mm.dir/mm_heap/mm_initialize.c.o
[1050/1633] Building C object mm/CMakeFiles/mm.dir/mm_heap/mm_shrinkchunk.c.o
[1051/1633] Building C object mm/CMakeFiles/mm.dir/mm_heap/mm_calloc.c.o
[1052/1633] Building C object mm/CMakeFiles/mm.dir/mm_heap/mm_brkaddr.c.o
[1053/1633] Building C object mm/CMakeFiles/mm.dir/mm_heap/mm_extend.c.o
[1054/1633] Building C object mm/CMakeFiles/mm.dir/mm_heap/mm_mallinfo.c.o
[1055/1633] Building C object mm/CMakeFiles/mm.dir/mm_heap/mm_free.c.o
[1056/1633] Building C object mm/CMakeFiles/mm.dir/mm_heap/mm_malloc.c.o
[1057/1633] Building C object mm/CMakeFiles/mm.dir/mm_heap/mm_foreach.c.o
[1058/1633] Building C object mm/CMakeFiles/mm.dir/mm_heap/mm_memalign.c.o
[1059/1633] Building C object mm/CMakeFiles/mm.dir/mm_heap/mm_zalloc.c.o
[1060/1633] Building C object mm/CMakeFiles/mm.dir/mm_heap/mm_heapmember.c.o
[1061/1633] Building C object mm/CMakeFiles/mm.dir/mm_heap/mm_realloc.c.o
[1062/1633] Building C object mm/CMakeFiles/mm.dir/mm_heap/mm_memdump.c.o
[1063/1633] Building C object mm/CMakeFiles/mm.dir/umm_heap/umm_globals.c.o
[1064/1633] Building C object mm/CMakeFiles/mm.dir/umm_heap/umm_initialize.c.o
[1065/1633] Building C object mm/CMakeFiles/mm.dir/umm_heap/umm_malloc_size.c.o
[1066/1633] Building C object mm/CMakeFiles/mm.dir/umm_heap/umm_addregion.c.o
[1067/1633] Building C object mm/CMakeFiles/mm.dir/umm_heap/umm_brkaddr.c.o
[1068/1633] Building C object mm/CMakeFiles/mm.dir/umm_heap/umm_extend.c.o
[1069/1633] Building C object mm/CMakeFiles/mm.dir/umm_heap/umm_calloc.c.o
[1070/1633] Building C object mm/CMakeFiles/mm.dir/umm_heap/umm_free.c.o
[1071/1633] Building C object mm/CMakeFiles/mm.dir/umm_heap/umm_mallinfo.c.o
[1072/1633] Building C object mm/CMakeFiles/mm.dir/umm_heap/umm_malloc.c.o
[1073/1633] Building C object mm/CMakeFiles/mm.dir/umm_heap/umm_memalign.c.o
[1074/1633] Building C object mm/CMakeFiles/mm.dir/umm_heap/umm_zalloc.c.o
[1075/1633] Building C object mm/CMakeFiles/mm.dir/umm_heap/umm_realloc.c.o
[1076/1633] Building C object mm/CMakeFiles/mm.dir/umm_heap/umm_heapmember.c.o
[1077/1633] Building CXX object libs/libxx/libcxxabi/CMakeFiles/libcxxabi.dir/libcxxabi/src/cxa_demangle.cpp.o
[1078/1633] Building C object mm/CMakeFiles/mm.dir/umm_heap/umm_memdump.c.o
[1079/1633] Building C object net/CMakeFiles/net.dir/arp/arp_input.c.o
[1080/1633] Building C object net/CMakeFiles/net.dir/arp/arp_out.c.o
[1081/1633] Building C object net/CMakeFiles/net.dir/arp/arp_format.c.o
[1082/1633] Building C object net/CMakeFiles/net.dir/arp/arp_table.c.o
[1083/1633] Building C object net/CMakeFiles/net.dir/arp/arp_poll.c.o
[1084/1633] Building C object net/CMakeFiles/net.dir/arp/arp_notify.c.o
[1085/1633] Building C object net/CMakeFiles/net.dir/bluetooth/bluetooth_initialize.c.o
[1086/1633] Building C object net/CMakeFiles/net.dir/arp/arp_send.c.o
[1087/1633] Building C object net/CMakeFiles/net.dir/bluetooth/bluetooth_conn.c.o
[1088/1633] Building C object net/CMakeFiles/net.dir/bluetooth/bluetooth_sockif.c.o
[1089/1633] Building C object net/CMakeFiles/net.dir/bluetooth/bluetooth_container.c.o
[1090/1633] Building C object net/CMakeFiles/net.dir/bluetooth/bluetooth_sendmsg.c.o
[1091/1633] Building C object net/CMakeFiles/net.dir/bluetooth/bluetooth_input.c.o
[1092/1633] Building C object net/CMakeFiles/net.dir/bluetooth/bluetooth_callback.c.o
[1093/1633] Building C object net/CMakeFiles/net.dir/bluetooth/bluetooth_recvmsg.c.o
[1094/1633] Building C object net/CMakeFiles/net.dir/bluetooth/bluetooth_poll.c.o
[1095/1633] Building C object net/CMakeFiles/net.dir/bluetooth/bluetooth_finddev.c.o
[1096/1633] Building C object net/CMakeFiles/net.dir/devif/devif_send.c.o
[1097/1633] Building C object net/CMakeFiles/net.dir/devif/devif_callback.c.o
[1098/1633] Building C object net/CMakeFiles/net.dir/devif/devif_loopback.c.o
[1099/1633] Building C object net/CMakeFiles/net.dir/devif/ipv4_input.c.o
[1100/1633] Building C object net/CMakeFiles/net.dir/devif/devif_iobsend.c.o
[1101/1633] Building C object net/CMakeFiles/net.dir/devif/devif_filesend.c.o
[1102/1633] Building C object net/CMakeFiles/net.dir/icmp/icmp_reply.c.o
[1103/1633] Building C object net/CMakeFiles/net.dir/devif/devif_poll.c.o
[1104/1633] Building C object net/CMakeFiles/net.dir/icmp/icmp_input.c.o
[1105/1633] Building C object net/CMakeFiles/net.dir/icmp/icmp_sockif.c.o
[1106/1633] Building C object net/CMakeFiles/net.dir/icmp/icmp_poll.c.o
[1107/1633] Building C object net/CMakeFiles/net.dir/icmp/icmp_conn.c.o
[1108/1633] Building C object net/CMakeFiles/net.dir/icmp/icmp_recvmsg.c.o
[1109/1633] Building C object net/CMakeFiles/net.dir/icmp/icmp_sendmsg.c.o
[1110/1633] Building C object net/CMakeFiles/net.dir/icmp/icmp_netpoll.c.o
[1111/1633] Building C object net/CMakeFiles/net.dir/inet/inet_globals.c.o
[1112/1633] Building C object net/CMakeFiles/net.dir/inet/inet_txdrain.c.o
[1113/1633] Building C object net/CMakeFiles/net.dir/icmp/icmp_ioctl.c.o
[1114/1633] Building C object net/CMakeFiles/net.dir/inet/ipv4_getsockopt.c.o
[1115/1633] Building C object net/CMakeFiles/net.dir/inet/ipv4_setsockopt.c.o
[1116/1633] Building C object net/CMakeFiles/net.dir/inet/inet_sockif.c.o
[1117/1633] Building C object net/CMakeFiles/net.dir/inet/ipv4_getsockname.c.o
[1118/1633] Building C object net/CMakeFiles/net.dir/inet/ipv4_getpeername.c.o
[1119/1633] Building C object net/CMakeFiles/net.dir/inet/ipv4_build_header.c.o
[1120/1633] Building C object net/CMakeFiles/net.dir/netdev/netdev_txnotify.c.o
[1121/1633] Building C object net/CMakeFiles/net.dir/netdev/netdev_register.c.o
[1122/1633] Building C object net/CMakeFiles/net.dir/netdev/netdev_findbyname.c.o
[1123/1633] Building C object net/CMakeFiles/net.dir/netdev/netdev_findbyaddr.c.o
[1124/1633] Building C object net/CMakeFiles/net.dir/netdev/netdev_count.c.o
[1125/1633] Building C object net/CMakeFiles/net.dir/netdev/netdev_findbyindex.c.o
[1126/1633] Building C object net/CMakeFiles/net.dir/netdev/netdev_ioctl.c.o
[1127/1633] Building C object net/CMakeFiles/net.dir/netdev/netdev_foreach.c.o
[1128/1633] Building C object net/CMakeFiles/net.dir/netdev/netdev_ifconf.c.o
[1129/1633] Building C object net/CMakeFiles/net.dir/netdev/netdev_unregister.c.o
[1130/1633] Building C object net/CMakeFiles/net.dir/netdev/netdev_carrier.c.o
[1131/1633] Building C object net/CMakeFiles/net.dir/netdev/netdev_default.c.o
[1132/1633] Building C object net/CMakeFiles/net.dir/netdev/netdev_verify.c.o
[1133/1633] Building C object net/CMakeFiles/net.dir/netdev/netdev_lladdrsize.c.o
[1134/1633] Building C object net/CMakeFiles/net.dir/netdev/netdev_input.c.o
[1135/1633] Building C object net/CMakeFiles/net.dir/netdev/netdev_checksum.c.o
[1136/1633] Building C object net/CMakeFiles/net.dir/netdev/netdev_iob.c.o
[1137/1633] Building C object net/CMakeFiles/net.dir/procfs/netdev_statistics.c.o
[1138/1633] Building C object net/CMakeFiles/net.dir/procfs/net_procfs.c.o
[1139/1633] Building C object net/CMakeFiles/net.dir/procfs/net_statistics.c.o
[1140/1633] Building C object net/CMakeFiles/net.dir/procfs/net_tcp.c.o
[1141/1633] Building C object net/CMakeFiles/net.dir/socket/accept.c.o
[1142/1633] Building C object net/CMakeFiles/net.dir/procfs/net_udp.c.o
[1143/1633] Building C object net/CMakeFiles/net.dir/socket/bind.c.o
[1144/1633] Building C object net/CMakeFiles/net.dir/socket/connect.c.o
[1145/1633] Building C object net/CMakeFiles/net.dir/socket/getsockname.c.o
[1146/1633] Building C object net/CMakeFiles/net.dir/socket/getpeername.c.o
[1147/1633] Building C object net/CMakeFiles/net.dir/socket/listen.c.o
[1148/1633] Building C object net/CMakeFiles/net.dir/socket/recv.c.o
[1149/1633] Building C object net/CMakeFiles/net.dir/socket/recvfrom.c.o
[1150/1633] Building C object net/CMakeFiles/net.dir/socket/send.c.o
[1151/1633] Building C object net/CMakeFiles/net.dir/socket/sendto.c.o
[1152/1633] Building C object net/CMakeFiles/net.dir/socket/socket.c.o
[1153/1633] Building C object net/CMakeFiles/net.dir/socket/socketpair.c.o
[1154/1633] Building C object net/CMakeFiles/net.dir/socket/net_close.c.o
[1155/1633] Building C object net/CMakeFiles/net.dir/socket/sendmsg.c.o
[1156/1633] Building C object net/CMakeFiles/net.dir/socket/recvmsg.c.o
[1157/1633] Building C object net/CMakeFiles/net.dir/socket/shutdown.c.o
[1158/1633] Building C object net/CMakeFiles/net.dir/socket/net_poll.c.o
[1159/1633] Building C object net/CMakeFiles/net.dir/socket/net_dup2.c.o
[1160/1633] Building C object net/CMakeFiles/net.dir/socket/net_sockif.c.o
[1161/1633] Building C object net/CMakeFiles/net.dir/socket/net_fstat.c.o
[1162/1633] Building C object net/CMakeFiles/net.dir/socket/net_mmap.c.o
[1163/1633] Building C object net/CMakeFiles/net.dir/socket/net_timeo.c.o
[1164/1633] Building C object net/CMakeFiles/net.dir/socket/getsockopt.c.o
[1165/1633] Building C object net/CMakeFiles/net.dir/socket/setsockopt.c.o
[1166/1633] Building C object net/CMakeFiles/net.dir/tcp/tcp_connect.c.o
[1167/1633] Building C object net/CMakeFiles/net.dir/tcp/tcp_accept.c.o
[1168/1633] Building C object net/CMakeFiles/net.dir/tcp/tcp_recvfrom.c.o
[1169/1633] Building C object net/CMakeFiles/net.dir/tcp/tcp_send_unbuffered.c.o
[1170/1633] Building C object net/CMakeFiles/net.dir/tcp/tcp_seqno.c.o
[1171/1633] Building C object net/CMakeFiles/net.dir/tcp/tcp_finddev.c.o
[1172/1633] Building C object net/CMakeFiles/net.dir/tcp/tcp_devpoll.c.o
[1173/1633] Building C object net/CMakeFiles/net.dir/tcp/tcp_conn.c.o
[1174/1633] Building C object net/CMakeFiles/net.dir/tcp/tcp_send.c.o
[1175/1633] Building C object net/CMakeFiles/net.dir/tcp/tcp_timer.c.o
[1176/1633] Building C object net/CMakeFiles/net.dir/tcp/tcp_appsend.c.o
[1177/1633] Building C object net/CMakeFiles/net.dir/tcp/tcp_input.c.o
[1178/1633] Building C object net/CMakeFiles/net.dir/tcp/tcp_listen.c.o
[1179/1633] Building C object net/CMakeFiles/net.dir/tcp/tcp_backlog.c.o
[1180/1633] Building C object net/CMakeFiles/net.dir/tcp/tcp_close.c.o
[1181/1633] Building C object net/CMakeFiles/net.dir/tcp/tcp_monitor.c.o
[1182/1633] Building C object net/CMakeFiles/net.dir/tcp/tcp_callback.c.o
[1183/1633] Building C object net/CMakeFiles/net.dir/tcp/tcp_ipselect.c.o
[1184/1633] Building C object net/CMakeFiles/net.dir/tcp/tcp_recvwindow.c.o
[1185/1633] Building C object net/CMakeFiles/net.dir/tcp/tcp_dump.c.o
[1186/1633] Building C object net/CMakeFiles/net.dir/tcp/tcp_ioctl.c.o
[1187/1633] Building C object net/CMakeFiles/net.dir/tcp/tcp_shutdown.c.o
[1188/1633] Building C object net/CMakeFiles/net.dir/tcp/tcp_netpoll.c.o
[1189/1633] Building C object net/CMakeFiles/net.dir/udp/udp_devpoll.c.o
[1190/1633] Building C object net/CMakeFiles/net.dir/udp/udp_sendto_unbuffered.c.o
[1191/1633] Building C object net/CMakeFiles/net.dir/udp/udp_recvfrom.c.o
[1192/1633] Building C object net/CMakeFiles/net.dir/udp/udp_send.c.o
[1193/1633] Building C object net/CMakeFiles/net.dir/udp/udp_finddev.c.o
[1194/1633] Building C object net/CMakeFiles/net.dir/udp/udp_conn.c.o
[1195/1633] Building C object net/CMakeFiles/net.dir/udp/udp_input.c.o
[1196/1633] Building C object net/CMakeFiles/net.dir/udp/udp_close.c.o
[1197/1633] Building C object net/CMakeFiles/net.dir/udp/udp_ipselect.c.o
[1198/1633] Building C object net/CMakeFiles/net.dir/utils/net_dsec2tick.c.o
[1199/1633] Building C object net/CMakeFiles/net.dir/udp/udp_ioctl.c.o
[1200/1633] Building C object net/CMakeFiles/net.dir/udp/udp_callback.c.o
[1201/1633] Building C object net/CMakeFiles/net.dir/udp/udp_netpoll.c.o
[1202/1633] Building C object net/CMakeFiles/net.dir/utils/net_dsec2timeval.c.o
[1203/1633] Building C object net/CMakeFiles/net.dir/utils/net_timeval2dsec.c.o
[1204/1633] Building C object net/CMakeFiles/net.dir/utils/net_chksum.c.o
[1205/1633] Building C object net/CMakeFiles/net.dir/utils/net_ipchksum.c.o
[1206/1633] Building C object net/CMakeFiles/net.dir/utils/net_incr32.c.o
[1207/1633] Building C object net/CMakeFiles/net.dir/utils/net_iob_concat.c.o
[1208/1633] Building C object net/CMakeFiles/net.dir/utils/net_cmsg.c.o
[1209/1633] Building C object net/CMakeFiles/net.dir/utils/net_snoop.c.o
[1210/1633] Building C object net/CMakeFiles/net.dir/utils/net_tcpchksum.c.o
[1211/1633] Building C object net/CMakeFiles/net.dir/utils/net_mask2pref.c.o
[1212/1633] Building C object net/CMakeFiles/net.dir/utils/net_lock.c.o
[1213/1633] Building C object net/CMakeFiles/net.dir/utils/net_udpchksum.c.o
[1214/1633] Building C object net/CMakeFiles/net.dir/utils/net_icmpchksum.c.o
[1215/1633] Building C object sched/CMakeFiles/sched.dir/clock/clock.c.o
[1216/1633] Building C object net/CMakeFiles/net.dir/net_initialize.c.o
[1217/1633] Building C object sched/CMakeFiles/sched.dir/clock/clock_initialize.c.o
[1218/1633] Building C object sched/CMakeFiles/sched.dir/clock/clock_getres.c.o
[1219/1633] Building C object sched/CMakeFiles/sched.dir/clock/clock_settime.c.o
[1220/1633] Building C object sched/CMakeFiles/sched.dir/clock/clock_notifier.c.o
[1221/1633] Building C object sched/CMakeFiles/sched.dir/clock/clock_realtime2absticks.c.o
[1222/1633] Building C object sched/CMakeFiles/sched.dir/clock/clock_gettime.c.o
[1223/1633] Building C object sched/CMakeFiles/sched.dir/clock/clock_systime_ticks.c.o
[1224/1633] Building C object sched/CMakeFiles/sched.dir/clock/clock_systime_timespec.c.o
[1225/1633] Building C object sched/CMakeFiles/sched.dir/clock/clock_perf.c.o
[1226/1633] Building C object sched/CMakeFiles/sched.dir/group/group_join.c.o
[1227/1633] Building C object sched/CMakeFiles/sched.dir/group/group_create.c.o
[1228/1633] Building C object sched/CMakeFiles/sched.dir/group/group_setupidlefiles.c.o
[1229/1633] Building C object sched/CMakeFiles/sched.dir/group/group_leave.c.o
[1230/1633] Building C object sched/CMakeFiles/sched.dir/group/group_setuptaskfiles.c.o
[1231/1633] Building C object sched/CMakeFiles/sched.dir/group/group_foreachchild.c.o
[1232/1633] Building C object sched/CMakeFiles/sched.dir/group/group_killchildren.c.o
[1233/1633] Building C object sched/CMakeFiles/sched.dir/group/group_signal.c.o
[1234/1633] Building C object sched/CMakeFiles/sched.dir/instrument/instrument.c.o
[1235/1633] Building C object sched/CMakeFiles/sched.dir/init/nx_bringup.c.o
[1236/1633] Building C object sched/CMakeFiles/sched.dir/init/nx_smpstart.c.o
[1237/1633] Building C object sched/CMakeFiles/sched.dir/init/nx_start.c.o
[1238/1633] Building C object sched/CMakeFiles/sched.dir/irq/irq_initialize.c.o
[1239/1633] Building C object sched/CMakeFiles/sched.dir/irq/irq_attach.c.o
[1240/1633] Building C object sched/CMakeFiles/sched.dir/irq/irq_dispatch.c.o
[1241/1633] Building C object sched/CMakeFiles/sched.dir/irq/irq_attach_thread.c.o
[1242/1633] Building C object sched/CMakeFiles/sched.dir/irq/irq_unexpectedisr.c.o
[1243/1633] Building C object sched/CMakeFiles/sched.dir/irq/irq_attach_wqueue.c.o
[1244/1633] Building C object sched/CMakeFiles/sched.dir/irq/irq_csection.c.o
[1245/1633] Building C object sched/CMakeFiles/sched.dir/irq/irq_spinlock.c.o
[1246/1633] Building C object sched/CMakeFiles/sched.dir/misc/panic_notifier.c.o
[1247/1633] Building C object sched/CMakeFiles/sched.dir/mqueue/mq_initialize.c.o
[1248/1633] Building C object sched/CMakeFiles/sched.dir/misc/assert.c.o
[1249/1633] Building C object sched/CMakeFiles/sched.dir/misc/reboot_notifier.c.o
[1250/1633] Building C object sched/CMakeFiles/sched.dir/mqueue/mq_waitirq.c.o
[1251/1633] Building C object sched/CMakeFiles/sched.dir/mqueue/mq_recover.c.o
[1252/1633] Building C object sched/CMakeFiles/sched.dir/mqueue/mq_sndinternal.c.o
[1253/1633] Building C object sched/CMakeFiles/sched.dir/mqueue/mq_send.c.o
[1254/1633] Building C object sched/CMakeFiles/sched.dir/mqueue/mq_rcvinternal.c.o
[1255/1633] Building C object sched/CMakeFiles/sched.dir/mqueue/mq_receive.c.o
[1256/1633] Building C object sched/CMakeFiles/sched.dir/mqueue/mq_msgfree.c.o
[1257/1633] Building C object sched/CMakeFiles/sched.dir/mqueue/mq_msgqalloc.c.o
[1258/1633] Building C object sched/CMakeFiles/sched.dir/mqueue/mq_setattr.c.o
[1259/1633] Building C object sched/CMakeFiles/sched.dir/mqueue/mq_msgqfree.c.o
[1260/1633] Building C object sched/CMakeFiles/sched.dir/mqueue/mq_getattr.c.o
[1261/1633] Building C object sched/CMakeFiles/sched.dir/mqueue/mq_notify.c.o
[1262/1633] Building C object sched/CMakeFiles/sched.dir/mqueue/msgctl.c.o
[1263/1633] Building C object sched/CMakeFiles/sched.dir/mqueue/msgget.c.o
[1264/1633] Building C object sched/CMakeFiles/sched.dir/mqueue/msginternal.c.o
[1265/1633] Building C object sched/CMakeFiles/sched.dir/mqueue/msgrcv.c.o
[1266/1633] Building C object sched/CMakeFiles/sched.dir/pthread/pthread_create.c.o
[1267/1633] Building C object sched/CMakeFiles/sched.dir/mqueue/msgsnd.c.o
[1268/1633] Building C object sched/CMakeFiles/sched.dir/pthread/pthread_exit.c.o
[1269/1633] Building C object sched/CMakeFiles/sched.dir/pthread/pthread_getschedparam.c.o
[1270/1633] Building C object sched/CMakeFiles/sched.dir/pthread/pthread_setschedparam.c.o
[1271/1633] Building C object sched/CMakeFiles/sched.dir/pthread/pthread_detach.c.o
[1272/1633] Building C object sched/CMakeFiles/sched.dir/pthread/pthread_join.c.o
[1273/1633] Building C object sched/CMakeFiles/sched.dir/pthread/pthread_sigmask.c.o
[1274/1633] Building C object sched/CMakeFiles/sched.dir/pthread/pthread_cancel.c.o
[1275/1633] Building C object sched/CMakeFiles/sched.dir/pthread/pthread_release.c.o
[1276/1633] Building C object sched/CMakeFiles/sched.dir/pthread/pthread_setschedprio.c.o
[1277/1633] Building C object sched/CMakeFiles/sched.dir/pthread/pthread_findjoininfo.c.o
[1278/1633] Building C object sched/CMakeFiles/sched.dir/pthread/pthread_completejoin.c.o
[1279/1633] Building C object sched/CMakeFiles/sched.dir/pthread/pthread_setaffinity.c.o
[1280/1633] Building C object sched/CMakeFiles/sched.dir/pthread/pthread_getaffinity.c.o
[1281/1633] Building C object sched/CMakeFiles/sched.dir/sched/sched_getfiles.c.o
[1282/1633] Building C object sched/CMakeFiles/sched.dir/sched/sched_profil.c.o
[1283/1633] Building C object sched/CMakeFiles/sched.dir/sched/sched_addreadytorun.c.o
[1284/1633] Building C object sched/CMakeFiles/sched.dir/sched/sched_removereadytorun.c.o
[1285/1633] Building C object sched/CMakeFiles/sched.dir/sched/sched_addblocked.c.o
[1286/1633] Building C object sched/CMakeFiles/sched.dir/sched/sched_removeblocked.c.o
[1287/1633] Building C object sched/CMakeFiles/sched.dir/sched/sched_verifytcb.c.o
[1288/1633] Building C object sched/CMakeFiles/sched.dir/sched/sched_gettcb.c.o
[1289/1633] Building C object sched/CMakeFiles/sched.dir/sched/sched_releasetcb.c.o
[1290/1633] Building C object sched/CMakeFiles/sched.dir/sched/sched_setparam.c.o
[1291/1633] Building C object sched/CMakeFiles/sched.dir/sched/sched_setpriority.c.o
[1292/1633] Building C object sched/CMakeFiles/sched.dir/sched/sched_getparam.c.o
[1293/1633] Building C object sched/CMakeFiles/sched.dir/sched/sched_getscheduler.c.o
[1294/1633] Building C object sched/CMakeFiles/sched.dir/sched/sched_setscheduler.c.o
[1295/1633] Building C object sched/CMakeFiles/sched.dir/sched/sched_yield.c.o
[1296/1633] Building C object sched/CMakeFiles/sched.dir/sched/sched_rrgetinterval.c.o
[1297/1633] Building C object sched/CMakeFiles/sched.dir/sched/sched_foreach.c.o
[1298/1633] Building C object sched/CMakeFiles/sched.dir/sched/sched_lock.c.o
[1299/1633] Building C object sched/CMakeFiles/sched.dir/sched/sched_lockcount.c.o
[1300/1633] Building C object sched/CMakeFiles/sched.dir/sched/sched_idletask.c.o
[1301/1633] Building C object sched/CMakeFiles/sched.dir/sched/sched_unlock.c.o
[1302/1633] Building C object sched/CMakeFiles/sched.dir/sched/sched_self.c.o
[1303/1633] Building C object sched/CMakeFiles/sched.dir/sched/sched_getcpu.c.o
[1304/1633] Building C object sched/CMakeFiles/sched.dir/sched/sched_sysinfo.c.o
[1305/1633] Building C object sched/CMakeFiles/sched.dir/sched/sched_get_tls.c.o
[1306/1633] Building C object sched/CMakeFiles/sched.dir/sched/sched_get_stackinfo.c.o
[1307/1633] Building C object sched/CMakeFiles/sched.dir/sched/sched_switchcontext.c.o
[1308/1633] Building C object sched/CMakeFiles/sched.dir/sched/sched_getaffinity.c.o
[1309/1633] Building C object sched/CMakeFiles/sched.dir/sched/sched_get_stateinfo.c.o
[1310/1633] Building C object sched/CMakeFiles/sched.dir/sched/sched_setaffinity.c.o
[1311/1633] Building C object sched/CMakeFiles/sched.dir/sched/sched_process_delivered.c.o
[1312/1633] Building C object sched/CMakeFiles/sched.dir/sched/sched_waitpid.c.o
[1313/1633] Building C object sched/CMakeFiles/sched.dir/sched/sched_processtimer.c.o
[1314/1633] Building C object sched/CMakeFiles/sched.dir/sched/sched_roundrobin.c.o
[1315/1633] Building C object sched/CMakeFiles/sched.dir/semaphore/sem_destroy.c.o
[1316/1633] Building C object sched/CMakeFiles/sched.dir/sched/sched_backtrace.c.o
[1317/1633] Building C object sched/CMakeFiles/sched.dir/semaphore/sem_wait.c.o
[1318/1633] Building C object sched/CMakeFiles/sched.dir/sched/sched_smp.c.o
[1319/1633] Building C object sched/CMakeFiles/sched.dir/semaphore/sem_trywait.c.o
[1320/1633] Building C object sched/CMakeFiles/sched.dir/semaphore/sem_clockwait.c.o
[1321/1633] Building C object sched/CMakeFiles/sched.dir/semaphore/sem_tickwait.c.o
[1322/1633] Building C object sched/CMakeFiles/sched.dir/semaphore/sem_timeout.c.o
[1323/1633] Building C object sched/CMakeFiles/sched.dir/semaphore/sem_recover.c.o
[1324/1633] Building C object sched/CMakeFiles/sched.dir/semaphore/sem_post.c.o
[1325/1633] Building C object sched/CMakeFiles/sched.dir/semaphore/sem_reset.c.o
[1326/1633] Building C object sched/CMakeFiles/sched.dir/semaphore/sem_waitirq.c.o
[1327/1633] Building C object sched/CMakeFiles/sched.dir/signal/sig_allocpendingsigaction.c.o
[1328/1633] Building C object sched/CMakeFiles/sched.dir/signal/sig_action.c.o
[1329/1633] Building C object sched/CMakeFiles/sched.dir/signal/sig_cleanup.c.o
[1330/1633] Building C object sched/CMakeFiles/sched.dir/signal/sig_findaction.c.o
[1331/1633] Building C object sched/CMakeFiles/sched.dir/signal/sig_initialize.c.o
[1332/1633] Building C object sched/CMakeFiles/sched.dir/signal/sig_deliver.c.o
[1333/1633] Building C object sched/CMakeFiles/sched.dir/semaphore/sem_rw.c.o
[1334/1633] Building C object sched/CMakeFiles/sched.dir/signal/sig_pending.c.o
[1335/1633] Building C object sched/CMakeFiles/sched.dir/signal/sig_releasependingsigaction.c.o
[1336/1633] Building C object sched/CMakeFiles/sched.dir/signal/sig_releasependingsignal.c.o
[1337/1633] Building C object sched/CMakeFiles/sched.dir/signal/sig_removependingsignal.c.o
[1338/1633] Building C object sched/CMakeFiles/sched.dir/signal/sig_unmaskpendingsignal.c.o
[1339/1633] Building C object sched/CMakeFiles/sched.dir/signal/sig_lowest.c.o
[1340/1633] Building C object sched/CMakeFiles/sched.dir/signal/sig_kill.c.o
[1341/1633] Building C object sched/CMakeFiles/sched.dir/signal/sig_nanosleep.c.o
[1342/1633] Building C object sched/CMakeFiles/sched.dir/signal/sig_pause.c.o
[1343/1633] Building C object sched/CMakeFiles/sched.dir/signal/sig_notification.c.o
[1344/1633] Building C object sched/CMakeFiles/sched.dir/signal/sig_dispatch.c.o
[1345/1633] Building C object sched/CMakeFiles/sched.dir/signal/sig_ppoll.c.o
[1346/1633] Building C object sched/CMakeFiles/sched.dir/signal/sig_pselect.c.o
[1347/1633] Building C object sched/CMakeFiles/sched.dir/signal/sig_procmask.c.o
[1348/1633] Building C object sched/CMakeFiles/sched.dir/signal/sig_queue.c.o
[1349/1633] Building C object sched/CMakeFiles/sched.dir/signal/sig_sleep.c.o
[1350/1633] Building C object sched/CMakeFiles/sched.dir/signal/sig_tgkill.c.o
[1351/1633] Building C object sched/CMakeFiles/sched.dir/signal/sig_suspend.c.o
[1352/1633] Building C object sched/CMakeFiles/sched.dir/signal/sig_usleep.c.o
[1353/1633] Building C object sched/CMakeFiles/sched.dir/signal/sig_waitinfo.c.o
[1354/1633] Building C object sched/CMakeFiles/sched.dir/signal/sig_timedwait.c.o
[1355/1633] Building C object sched/CMakeFiles/sched.dir/task/task_argvstr.c.o
[1356/1633] Building C object sched/CMakeFiles/sched.dir/task/task_create.c.o
[1357/1633] Building C object sched/CMakeFiles/sched.dir/task/task_init.c.o
[1358/1633] Building C object sched/CMakeFiles/sched.dir/task/task_activate.c.o
[1359/1633] Building C object sched/CMakeFiles/sched.dir/task/task_start.c.o
[1360/1633] Building C object sched/CMakeFiles/sched.dir/task/task_setup.c.o
[1361/1633] Building C object sched/CMakeFiles/sched.dir/task/task_delete.c.o
[1362/1633] Building C object sched/CMakeFiles/sched.dir/task/task_exit.c.o
[1363/1633] Building C object sched/CMakeFiles/sched.dir/task/task_exithook.c.o
[1364/1633] Building C object sched/CMakeFiles/sched.dir/task/task_prctl.c.o
[1365/1633] Building C object sched/CMakeFiles/sched.dir/task/task_recover.c.o
[1366/1633] Building C object sched/CMakeFiles/sched.dir/task/task_restart.c.o
[1367/1633] Building C object sched/CMakeFiles/sched.dir/task/task_spawnparms.c.o
[1368/1633] Building C object sched/CMakeFiles/sched.dir/task/task_cancelpt.c.o
[1369/1633] Building C object sched/CMakeFiles/sched.dir/task/task_terminate.c.o
[1370/1633] Building C object sched/CMakeFiles/sched.dir/task/task_join.c.o
[1371/1633] Building C object sched/CMakeFiles/sched.dir/task/exit.c.o
[1372/1633] Building C object sched/CMakeFiles/sched.dir/task/task_spawn.c.o
[1373/1633] Building C object sched/CMakeFiles/sched.dir/task/task_fork.c.o
[1374/1633] Building C object sched/CMakeFiles/sched.dir/timer/timer_initialize.c.o
[1375/1633] Building C object sched/CMakeFiles/sched.dir/timer/timer_create.c.o
[1376/1633] Building C object sched/CMakeFiles/sched.dir/timer/timer_delete.c.o
[1377/1633] Building C object sched/CMakeFiles/sched.dir/timer/timer_getoverrun.c.o
[1378/1633] Building C object sched/CMakeFiles/sched.dir/timer/timer_getitimer.c.o
[1379/1633] Building C object sched/CMakeFiles/sched.dir/timer/timer_gettime.c.o
[1380/1633] Building C object sched/CMakeFiles/sched.dir/timer/timer_setitimer.c.o
[1381/1633] Building C object sched/CMakeFiles/sched.dir/timer/timer_settime.c.o
[1382/1633] Building C object sched/CMakeFiles/sched.dir/timer/timer_release.c.o
[1383/1633] Building C object sched/CMakeFiles/sched.dir/tls/task_initinfo.c.o
[1384/1633] Building C object sched/CMakeFiles/sched.dir/tls/tls_initinfo.c.o
[1385/1633] Building C object sched/CMakeFiles/sched.dir/tls/tls_dupinfo.c.o
[1386/1633] Building C object sched/CMakeFiles/sched.dir/tls/task_uninitinfo.c.o
[1387/1633] Building C object sched/CMakeFiles/sched.dir/wdog/wd_initialize.c.o
[1388/1633] Building C object sched/CMakeFiles/sched.dir/wdog/wd_gettime.c.o
[1389/1633] Building C object sched/CMakeFiles/sched.dir/wdog/wd_cancel.c.o
[1390/1633] Building C object sched/CMakeFiles/sched.dir/wdog/wd_start.c.o
[1391/1633] Building C object sched/CMakeFiles/sched.dir/wqueue/kwork_queue.c.o
[1392/1633] Building C object sched/CMakeFiles/sched.dir/wqueue/kwork_cancel.c.o
[1393/1633] Building C object wireless/CMakeFiles/wireless.dir/bluetooth/bt_buf.c.o
[1394/1633] Building C object wireless/CMakeFiles/wireless.dir/bluetooth/bt_queue.c.o
[1395/1633] Building C object sched/CMakeFiles/sched.dir/wqueue/kwork_thread.c.o
[1396/1633] Building C object wireless/CMakeFiles/wireless.dir/bluetooth/bt_netdev.c.o
[1397/1633] Building C object wireless/CMakeFiles/wireless.dir/bluetooth/bt_conn.c.o
[1398/1633] Building C object wireless/CMakeFiles/wireless.dir/bluetooth/bt_att.c.o
[1399/1633] Building C object wireless/CMakeFiles/wireless.dir/bluetooth/bt_gatt.c.o
[1400/1633] Building C object wireless/CMakeFiles/wireless.dir/bluetooth/bt_hcicore.c.o
[1401/1633] Building C object wireless/CMakeFiles/wireless.dir/bluetooth/bt_keys.c.o
[1402/1633] Building C object wireless/CMakeFiles/wireless.dir/bluetooth/bt_l2cap.c.o
[1403/1633] Building C object wireless/CMakeFiles/wireless.dir/bluetooth/bt_uuid.c.o
[1404/1633] Building C object wireless/CMakeFiles/wireless.dir/bluetooth/bt_ioctl.c.o
[1405/1633] Building C object wireless/CMakeFiles/wireless.dir/dummy.c.o
[1406/1633] Building C object boards/CMakeFiles/board.dir/__/dummy.c.o
[1407/1633] Building C object wireless/CMakeFiles/wireless.dir/bluetooth/bt_services.c.o
[1408/1633] Building C object wireless/CMakeFiles/wireless.dir/bluetooth/bt_smp.c.o
[1409/1633] Building C object boards/CMakeFiles/board.dir/arm64/rk3576/kickpi_k7/src/kickpi_k7_boardinit.c.o
[1410/1633] Building C object boards/CMakeFiles/board.dir/boardctl.c.o
[1411/1633] Building C object apps/CMakeFiles/apps.dir/dummy.c.o
[1412/1633] Building C object boards/CMakeFiles/board.dir/arm64/rk3576/kickpi_k7/src/kickpi_k7_appinit.c.o
[1413/1633] Building C object apps/CMakeFiles/apps.dir/netutils/netlib/netlib_ipv4addrconv.c.o
[1414/1633] Building C object apps/CMakeFiles/apps.dir/netutils/netlib/netlib_ethaddrconv.c.o
[1415/1633] Building C object apps/CMakeFiles/apps.dir/netutils/netlib/netlib_parsehttpurl.c.o
[1416/1633] Building C object apps/CMakeFiles/apps.dir/netutils/dhcpc/dhcpc.c.o
[1417/1633] Building C object apps/CMakeFiles/apps.dir/netutils/netlib/netlib_getifstatus.c.o
[1418/1633] Building C object apps/CMakeFiles/apps.dir/netutils/netlib/netlib_setifstatus.c.o
[1419/1633] Building C object apps/CMakeFiles/apps.dir/netutils/netlib/netlib_setipv4addr.c.o
[1420/1633] Building C object apps/CMakeFiles/apps.dir/netutils/netlib/netlib_getipv4addr.c.o
[1421/1633] Building C object apps/CMakeFiles/apps.dir/netutils/netlib/netlib_setipv4netmask.c.o
[1422/1633] Building C object apps/CMakeFiles/apps.dir/netutils/netlib/netlib_setdripv4addr.c.o
[1423/1633] Building C object apps/CMakeFiles/apps.dir/netutils/netlib/netlib_getdripv4addr.c.o
[1424/1633] Building C object apps/CMakeFiles/apps.dir/netutils/netlib/netlib_getipv4netmask.c.o
[1425/1633] Building C object apps/CMakeFiles/apps.dir/netutils/netlib/netlib_ipv4adaptor.c.o
[1426/1633] Building C object apps/CMakeFiles/apps.dir/netutils/netlib/netlib_getarp.c.o
[1427/1633] Building C object apps/CMakeFiles/apps.dir/netutils/netlib/netlib_setarp.c.o
[1428/1633] Building C object apps/CMakeFiles/apps.dir/netutils/netlib/netlib_delarp.c.o
[1429/1633] Building C object apps/CMakeFiles/apps.dir/netutils/netlib/netlib_obtainipv4addr.c.o
[1430/1633] Building C object apps/CMakeFiles/apps.dir/netutils/netlib/netlib_server.c.o
[1431/1633] Building C object apps/CMakeFiles/apps.dir/netutils/netlib/netlib_listenon.c.o
[1432/1633] Building C object apps/CMakeFiles/apps.dir/netutils/netlib/netlib_setmacaddr.c.o
[1433/1633] Building C object apps/CMakeFiles/apps.dir/netutils/netlib/netlib_setmtu.c.o
[1434/1633] Building C object apps/CMakeFiles/apps.dir/netutils/netlib/netlib_getmacaddr.c.o
[1435/1633] Building C object apps/CMakeFiles/apps.dir/netutils/netlib/netlib_getiobinfo.c.o
[1436/1633] Building C object apps/CMakeFiles/apps.dir/netutils/netlib/netlib_checkipconnectivity.c.o
[1437/1633] Building C object apps/CMakeFiles/apps.dir/netutils/netlib/netlib_checkifconnectivity.c.o
[1438/1633] Building C object apps/CMakeFiles/apps.dir/netutils/netlib/netlib_checkhttpconnectivity.c.o
[1439/1633] Building C object apps/CMakeFiles/apps.dir/nshlib/nsh_init.c.o
[1440/1633] Building C object apps/CMakeFiles/apps.dir/netutils/ping/icmp_ping.c.o
[1441/1633] Building C object apps/CMakeFiles/apps.dir/nshlib/nsh_console.c.o
[1442/1633] Building C object apps/CMakeFiles/apps.dir/nshlib/nsh_script.c.o
[1443/1633] Building C object apps/CMakeFiles/apps.dir/nshlib/nsh_system.c.o
[1444/1633] Building C object apps/CMakeFiles/apps.dir/nshlib/nsh_command.c.o
[1445/1633] Building C object apps/CMakeFiles/apps.dir/nshlib/nsh_ddcmd.c.o
[1446/1633] Building C object apps/CMakeFiles/apps.dir/nshlib/nsh_parse.c.o
[1447/1633] Building C object apps/CMakeFiles/apps.dir/nshlib/nsh_mmcmds.c.o
[1448/1633] Building C object apps/CMakeFiles/apps.dir/nshlib/nsh_timcmds.c.o
[1449/1633] Building C object apps/CMakeFiles/apps.dir/nshlib/nsh_fscmds.c.o
[1450/1633] Building C object apps/CMakeFiles/apps.dir/nshlib/nsh_proccmds.c.o
[1451/1633] Building C object apps/CMakeFiles/apps.dir/nshlib/nsh_prompt.c.o
[1452/1633] Building C object apps/CMakeFiles/apps.dir/nshlib/nsh_envcmds.c.o
[1453/1633] Building C object apps/CMakeFiles/apps.dir/nshlib/nsh_syscmds.c.o
[1454/1633] Building C object apps/CMakeFiles/apps.dir/nshlib/nsh_session.c.o
[1455/1633] Building C object apps/CMakeFiles/apps.dir/nshlib/nsh_dbgcmds.c.o
[1456/1633] Building C object apps/CMakeFiles/apps.dir/nshlib/nsh_fileapps.c.o
[1457/1633] Building C object apps/CMakeFiles/apps.dir/nshlib/nsh_fsutils.c.o
[1458/1633] Building C object apps/CMakeFiles/apps.dir/nshlib/nsh_mntcmds.c.o
[1459/1633] Building C object apps/CMakeFiles/apps.dir/nshlib/nsh_consolemain.c.o
[1460/1633] Building C object apps/CMakeFiles/apps.dir/nshlib/nsh_netcmds.c.o
[1461/1633] Building C object apps/CMakeFiles/apps.dir/nshlib/nsh_printf.c.o
[1462/1633] Building C object apps/CMakeFiles/apps.dir/nshlib/nsh_wait.c.o
[1463/1633] Building C object apps/CMakeFiles/apps.dir/nshlib/nsh_test.c.o
[1464/1633] Building C object apps/CMakeFiles/apps.dir/system/readline/readline.c.o
[1465/1633] Building C object apps/CMakeFiles/apps.dir/system/readline/readline_stream.c.o
[1466/1633] Building C object apps/CMakeFiles/apps.dir/nshlib/nsh_alias.c.o
[1467/1633] Building C object apps/CMakeFiles/apps.dir/system/readline/readline_fd.c.o
[1468/1633] Building C object apps/CMakeFiles/apps.dir/system/system/system.c.o
[1469/1633] Building C object apps/CMakeFiles/apps.dir/system/readline/readline_common.c.o
[1470/1633] Building C object apps/CMakeFiles/apps.dir/wireless/bluetooth/btsak/btsak_advertise.c.o
[1471/1633] Building C object apps/CMakeFiles/apps.dir/wireless/bluetooth/btsak/btsak_features.c.o
[1472/1633] Building C object apps/CMakeFiles/apps.dir/wireless/bluetooth/btsak/btsak_info.c.o
[1473/1633] Building C object apps/CMakeFiles/apps.dir/wireless/bluetooth/btsak/btsak_scan.c.o
[1474/1633] Building C object apps/CMakeFiles/apps.dir/wireless/bluetooth/btsak/btsak_security.c.o
[1475/1633] Building C object apps/CMakeFiles/apps.dir/wireless/bluetooth/btsak/btsak_gatt.c.o
[1476/1633] Building C object apps/system/nsh/CMakeFiles/apps_nsh.dir/nsh_main.c.o
[1477/1633] Building C object apps/system/nsh/CMakeFiles/apps_sh.dir/sh_main.c.o
[1478/1633] Building C object apps/system/ping/CMakeFiles/apps_ping.dir/ping.c.o
[1479/1633] Building C object apps/examples/gimbal/CMakeFiles/apps_gimbal.dir/gimbal_link.c.o
[1480/1633] Building C object apps/examples/gimbal/CMakeFiles/apps_gimbal.dir/gimbal_main.c.o
[1481/1633] Building C object apps/examples/k7arena/CMakeFiles/apps_k7arena.dir/k7arena_main.c.o
[1482/1633] Building C object apps/examples/hello/CMakeFiles/apps_hello.dir/hello_main.c.o
[1483/1633] Building C object apps/wireless/bluetooth/btsak/CMakeFiles/apps_bt.dir/btsak_main.c.o
[1484/1633] Building C object apps/examples/k7arena/CMakeFiles/apps_k7arena.dir/k7_target_provider.c.o
[1485/1633] Building C object apps/examples/k7arena/CMakeFiles/apps_k7arena.dir/k7_arena_provider_main.c.o
[1486/1633] Building C object apps/examples/k7arena/CMakeFiles/apps_k7arena.dir/k7_arena_diagnostic.c.o
[1487/1633] Building C object apps/examples/k7audio/CMakeFiles/apps_k7audio.dir/audio_preflight.c.o
[1488/1633] Building C object apps/examples/k7audio/CMakeFiles/apps_k7audio.dir/k7audio_main.c.o
[1489/1633] Building CXX object apps/examples/k7arena/CMakeFiles/apps_k7arena.dir/k7_host_buft.cpp.o
In file included from /home/swl/openvela/apps/examples/k7arena/k7_host_buft.h:3,
                 from /home/swl/openvela/apps/examples/k7arena/k7_host_buft.cpp:1:
/home/swl/openvela/apps/examples/k7arena/../k7graph/vendor/ggml/include/ggml-backend.h:336:119: warning: 'ggml_backend_graph_copy ggml_backend_graph_copy(ggml_backend_t, ggml_cgraph*)' hides constructor for 'struct ggml_backend_graph_copy' [-Wshadow]
  336 |     GGML_API struct ggml_backend_graph_copy ggml_backend_graph_copy(ggml_backend_t backend, struct ggml_cgraph * graph);
      |                                                                                                                       ^
[1490/1633] Building C object apps/examples/k7audiohw/CMakeFiles/apps_k7audiohw.dir/live.c.o
[1491/1633] Building C object apps/examples/k7audiohw/CMakeFiles/apps_k7audiohw.dir/i2c3_timing.c.o
[1492/1633] Building C object apps/examples/k7audiohw/CMakeFiles/apps_k7audiohw.dir/k7audiohw_main.c.o
[1493/1633] Building C object apps/examples/k7emmc/CMakeFiles/apps_k7emmc.dir/sdhci_read.c.o
[1494/1633] Building C object apps/examples/k7emmc/CMakeFiles/apps_k7emmc.dir/sdhci_command.c.o
[1495/1633] Building C object apps/examples/k7emmc/CMakeFiles/apps_k7emmc.dir/sdhci_control.c.o
[1496/1633] Building C object apps/examples/k7emmc/CMakeFiles/apps_k7emmc.dir/emmc_init.c.o
[1497/1633] Building C object apps/examples/k7emmc/CMakeFiles/apps_k7emmc.dir/k7emmc_main.c.o
[1498/1633] Building CXX object apps/examples/k7eh/CMakeFiles/apps_k7eh.dir/k7eh_main.cxx.o
[1499/1633] Building C object apps/examples/k7graph/CMakeFiles/apps_k7graph.dir/k7graph_main.c.o
[1500/1633] Building C object apps/examples/k7emmc/CMakeFiles/apps_k7emmc.dir/gpt_readonly.c.o
[1501/1633] Building C object apps/examples/k7graph/CMakeFiles/apps_k7graph.dir/graph_probe_main.c.o
[1502/1633] Building C object apps/examples/k7graph/CMakeFiles/apps_k7graph.dir/graph_probe.c.o
[1503/1633] Building C object apps/examples/k7graph/CMakeFiles/apps_k7graph.dir/vendor/ggml/src/ggml-alloc.c.o
In file included from /home/swl/openvela/apps/examples/k7graph/vendor/ggml/src/ggml-alloc.c:4:
/home/swl/openvela/apps/examples/k7graph/vendor/ggml/src/ggml-impl.h:237:15: warning: 'ggml_hash_insert' defined but not used [-Wunused-function]
  237 | static size_t ggml_hash_insert(struct ggml_hash_set * hash_set, struct ggml_tensor * key) {
      |               ^~~~~~~~~~~~~~~~
/home/swl/openvela/apps/examples/k7graph/vendor/ggml/src/ggml-impl.h:232:13: warning: 'ggml_hash_contains' defined but not used [-Wunused-function]
  232 | static bool ggml_hash_contains(const struct ggml_hash_set * hash_set, struct ggml_tensor * key) {
      |             ^~~~~~~~~~~~~~~~~~
/home/swl/openvela/apps/examples/k7graph/vendor/ggml/src/ggml-impl.h:163:15: warning: 'ggml_bitset_size' defined but not used [-Wunused-function]
  163 | static size_t ggml_bitset_size(size_t n) {
      |               ^~~~~~~~~~~~~~~~
/home/swl/openvela/apps/examples/k7graph/vendor/ggml/src/ggml-impl.h:132:13: warning: 'ggml_set_op_params_f32' defined but not used [-Wunused-function]
  132 | static void ggml_set_op_params_f32(struct ggml_tensor * tensor, uint32_t i, float value) {
      |             ^~~~~~~~~~~~~~~~~~~~~~
/home/swl/openvela/apps/examples/k7graph/vendor/ggml/src/ggml-impl.h:127:13: warning: 'ggml_set_op_params_i32' defined but not used [-Wunused-function]
  127 | static void ggml_set_op_params_i32(struct ggml_tensor * tensor, uint32_t i, int32_t value) {
      |             ^~~~~~~~~~~~~~~~~~~~~~
/home/swl/openvela/apps/examples/k7graph/vendor/ggml/src/ggml-impl.h:122:14: warning: 'ggml_get_op_params_f32' defined but not used [-Wunused-function]
  122 | static float ggml_get_op_params_f32(const struct ggml_tensor * tensor, uint32_t i) {
      |              ^~~~~~~~~~~~~~~~~~~~~~
/home/swl/openvela/apps/examples/k7graph/vendor/ggml/src/ggml-impl.h:117:16: warning: 'ggml_get_op_params_i32' defined but not used [-Wunused-function]
  117 | static int32_t ggml_get_op_params_i32(const struct ggml_tensor * tensor, uint32_t i) {
      |                ^~~~~~~~~~~~~~~~~~~~~~
/home/swl/openvela/apps/examples/k7graph/vendor/ggml/src/ggml-impl.h:111:13: warning: 'ggml_set_op_params' defined but not used [-Wunused-function]
  111 | static void ggml_set_op_params(struct ggml_tensor * tensor, const void * params, size_t params_size) {
      |             ^~~~~~~~~~~~~~~~~~
[1504/1633] Building CXX object apps/examples/k7cxx/CMakeFiles/apps_k7cxx.dir/k7cxx_main.cxx.o
[1505/1633] Building CXX object apps/examples/k7graph/CMakeFiles/apps_k7graph.dir/vendor/ggml/src/ggml-threading.cpp.o
[1506/1633] Building C object apps/examples/k7graph/CMakeFiles/apps_k7graph.dir/vendor/ggml/src/ggml.c.o
/home/swl/openvela/apps/examples/k7graph/vendor/ggml/src/ggml.c: In function 'ggml_aligned_malloc':
/home/swl/openvela/apps/examples/k7graph/vendor/ggml/src/ggml.c:259:9: warning: "TARGET_OS_OSX" is not defined, evaluates to 0 [-Wundef]
  259 |   #elif TARGET_OS_OSX
      |         ^~~~~~~~~~~~~
/home/swl/openvela/apps/examples/k7graph/vendor/ggml/src/ggml.c: In function 'ggml_aligned_free':
/home/swl/openvela/apps/examples/k7graph/vendor/ggml/src/ggml.c:302:7: warning: "GGML_USE_CPU_HBM" is not defined, evaluates to 0 [-Wundef]
  302 | #elif GGML_USE_CPU_HBM
      |       ^~~~~~~~~~~~~~~~
/home/swl/openvela/apps/examples/k7graph/vendor/ggml/src/ggml.c:306:7: warning: "TARGET_OS_OSX" is not defined, evaluates to 0 [-Wundef]
  306 | #elif TARGET_OS_OSX
      |       ^~~~~~~~~~~~~
/home/swl/openvela/apps/examples/k7graph/vendor/ggml/src/ggml.c: At top level:
/home/swl/openvela/apps/examples/k7graph/vendor/ggml/src/ggml.c:568:13: warning: 'ggml_vec_dot_f32' declared 'static' but never defined [-Wunused-function]
  568 | static void ggml_vec_dot_f32(int n, float * GGML_RESTRICT s, size_t bs, const float * GGML_RESTRICT x, size_t bx, const float * GGML_RESTRICT y, size_t by, int nrc);
      |             ^~~~~~~~~~~~~~~~
/home/swl/openvela/apps/examples/k7graph/vendor/ggml/src/ggml.c:569:13: warning: 'ggml_vec_dot_f16' declared 'static' but never defined [-Wunused-function]
  569 | static void ggml_vec_dot_f16(int n, float * GGML_RESTRICT s, size_t bs, ggml_fp16_t * GGML_RESTRICT x, size_t bx, ggml_fp16_t * GGML_RESTRICT y, size_t by, int nrc);
      |             ^~~~~~~~~~~~~~~~
/home/swl/openvela/apps/examples/k7graph/vendor/ggml/src/ggml.c:570:13: warning: 'ggml_vec_dot_bf16' declared 'static' but never defined [-Wunused-function]
  570 | static void ggml_vec_dot_bf16(int n, float * GGML_RESTRICT s, size_t bs, ggml_bf16_t * GGML_RESTRICT x, size_t bx, ggml_bf16_t * GGML_RESTRICT y, size_t by, int nrc);
      |             ^~~~~~~~~~~~~~~~~
/home/swl/openvela/apps/examples/k7graph/vendor/ggml/src/ggml.c:5285:13: warning: 'ggml_hash_map_free' defined but not used [-Wunused-function]
 5285 | static void ggml_hash_map_free(struct hash_map * map) {
      |             ^~~~~~~~~~~~~~~~~~
/home/swl/openvela/apps/examples/k7graph/vendor/ggml/src/ggml.c:5278:26: warning: 'ggml_new_hash_map' defined but not used [-Wunused-function]
 5278 | static struct hash_map * ggml_new_hash_map(size_t size) {
      |                          ^~~~~~~~~~~~~~~~~
In file included from /home/swl/openvela/apps/examples/k7graph/vendor/ggml/src/ggml.c:5:
/home/swl/openvela/apps/examples/k7graph/vendor/ggml/src/ggml-impl.h:258:15: warning: 'ggml_hash_find_or_insert' defined but not used [-Wunused-function]
  258 | static size_t ggml_hash_find_or_insert(struct ggml_hash_set * hash_set, struct ggml_tensor * key) {
      |               ^~~~~~~~~~~~~~~~~~~~~~~~
/home/swl/openvela/apps/examples/k7graph/vendor/ggml/src/ggml-impl.h:232:13: warning: 'ggml_hash_contains' defined but not used [-Wunused-function]
  232 | static bool ggml_hash_contains(const struct ggml_hash_set * hash_set, struct ggml_tensor * key) {
      |             ^~~~~~~~~~~~~~~~~~
/home/swl/openvela/apps/examples/k7graph/vendor/ggml/src/ggml-impl.h:122:14: warning: 'ggml_get_op_params_f32' defined but not used [-Wunused-function]
  122 | static float ggml_get_op_params_f32(const struct ggml_tensor * tensor, uint32_t i) {
      |              ^~~~~~~~~~~~~~~~~~~~~~
[1507/1633] Building CXX object apps/examples/k7graph/CMakeFiles/apps_k7graph.dir/vendor/ggml/src/ggml-backend.cpp.o
In file included from /home/swl/openvela/apps/examples/k7graph/vendor/ggml/src/ggml-backend.cpp:11:
/home/swl/openvela/apps/examples/k7graph/vendor/ggml/include/ggml-backend.h:336:119: warning: 'ggml_backend_graph_copy ggml_backend_graph_copy(ggml_backend_t, ggml_cgraph*)' hides constructor for 'struct ggml_backend_graph_copy' [-Wshadow]
  336 |     GGML_API struct ggml_backend_graph_copy ggml_backend_graph_copy(ggml_backend_t backend, struct ggml_cgraph * graph);
      |                                                                                                                       ^
In file included from /home/swl/openvela/apps/examples/k7graph/vendor/ggml/src/ggml-backend.cpp:14:
/home/swl/openvela/apps/examples/k7graph/vendor/ggml/src/ggml-impl.h:232:13: warning: 'bool ggml_hash_contains(const ggml_hash_set*, ggml_tensor*)' defined but not used [-Wunused-function]
  232 | static bool ggml_hash_contains(const struct ggml_hash_set * hash_set, struct ggml_tensor * key) {
      |             ^~~~~~~~~~~~~~~~~~
/home/swl/openvela/apps/examples/k7graph/vendor/ggml/src/ggml-impl.h:163:15: warning: 'size_t ggml_bitset_size(size_t)' defined but not used [-Wunused-function]
  163 | static size_t ggml_bitset_size(size_t n) {
      |               ^~~~~~~~~~~~~~~~
/home/swl/openvela/apps/examples/k7graph/vendor/ggml/src/ggml-impl.h:132:13: warning: 'void ggml_set_op_params_f32(ggml_tensor*, uint32_t, float)' defined but not used [-Wunused-function]
  132 | static void ggml_set_op_params_f32(struct ggml_tensor * tensor, uint32_t i, float value) {
      |             ^~~~~~~~~~~~~~~~~~~~~~
/home/swl/openvela/apps/examples/k7graph/vendor/ggml/src/ggml-impl.h:127:13: warning: 'void ggml_set_op_params_i32(ggml_tensor*, uint32_t, int32_t)' defined but not used [-Wunused-function]
  127 | static void ggml_set_op_params_i32(struct ggml_tensor * tensor, uint32_t i, int32_t value) {
      |             ^~~~~~~~~~~~~~~~~~~~~~
/home/swl/openvela/apps/examples/k7graph/vendor/ggml/src/ggml-impl.h:122:14: warning: 'float ggml_get_op_params_f32(const ggml_tensor*, uint32_t)' defined but not used [-Wunused-function]
  122 | static float ggml_get_op_params_f32(const struct ggml_tensor * tensor, uint32_t i) {
      |              ^~~~~~~~~~~~~~~~~~~~~~
/home/swl/openvela/apps/examples/k7graph/vendor/ggml/src/ggml-impl.h:117:16: warning: 'int32_t ggml_get_op_params_i32(const ggml_tensor*, uint32_t)' defined but not used [-Wunused-function]
  117 | static int32_t ggml_get_op_params_i32(const struct ggml_tensor * tensor, uint32_t i) {
      |                ^~~~~~~~~~~~~~~~~~~~~~
/home/swl/openvela/apps/examples/k7graph/vendor/ggml/src/ggml-impl.h:111:13: warning: 'void ggml_set_op_params(ggml_tensor*, const void*, size_t)' defined but not used [-Wunused-function]
  111 | static void ggml_set_op_params(struct ggml_tensor * tensor, const void * params, size_t params_size) {
      |             ^~~~~~~~~~~~~~~~~~
[1508/1633] Building CXX object apps/examples/k7graph/CMakeFiles/apps_k7graph.dir/vendor/ggml/src/ggml-opt.cpp.o
In file included from /home/swl/openvela/apps/examples/k7graph/vendor/ggml/include/ggml-opt.h:10,
                 from /home/swl/openvela/apps/examples/k7graph/vendor/ggml/src/ggml-opt.cpp:1:
/home/swl/openvela/apps/examples/k7graph/vendor/ggml/include/ggml-backend.h:336:119: warning: 'ggml_backend_graph_copy ggml_backend_graph_copy(ggml_backend_t, ggml_cgraph*)' hides constructor for 'struct ggml_backend_graph_copy' [-Wshadow]
  336 |     GGML_API struct ggml_backend_graph_copy ggml_backend_graph_copy(ggml_backend_t backend, struct ggml_cgraph * graph);
      |                                                                                                                       ^
/home/swl/openvela/apps/examples/k7graph/vendor/ggml/src/ggml-opt.cpp: In function 'ggml_opt_context* ggml_opt_init(ggml_opt_params)':
/home/swl/openvela/apps/examples/k7graph/vendor/ggml/src/ggml-opt.cpp:332:33: warning: declaration of 'ggml_init_params params' shadows a parameter [-Wshadow]
  332 |         struct ggml_init_params params = {
      |                                 ^~~~~~
/home/swl/openvela/apps/examples/k7graph/vendor/ggml/src/ggml-opt.cpp:293:57: note: shadowed declaration is here
  293 | ggml_opt_context_t ggml_opt_init(struct ggml_opt_params params) {
      |                                  ~~~~~~~~~~~~~~~~~~~~~~~^~~~~~
/home/swl/openvela/apps/examples/k7graph/vendor/ggml/src/ggml-opt.cpp:343:33: warning: declaration of 'ggml_init_params params' shadows a parameter [-Wshadow]
  343 |         struct ggml_init_params params = {
      |                                 ^~~~~~
/home/swl/openvela/apps/examples/k7graph/vendor/ggml/src/ggml-opt.cpp:293:57: note: shadowed declaration is here
  293 | ggml_opt_context_t ggml_opt_init(struct ggml_opt_params params) {
      |                                  ~~~~~~~~~~~~~~~~~~~~~~~^~~~~~
/home/swl/openvela/apps/examples/k7graph/vendor/ggml/src/ggml-opt.cpp: In function 'void ggml_opt_result_loss(ggml_opt_result_t, double*, double*)':
/home/swl/openvela/apps/examples/k7graph/vendor/ggml/src/ggml-opt.cpp:543:24: warning: declaration of 'const float& loss' shadows a parameter [-Wshadow]
  543 |     for (const float & loss : result->loss) {
      |                        ^~~~
/home/swl/openvela/apps/examples/k7graph/vendor/ggml/src/ggml-opt.cpp:531:62: note: shadowed declaration is here
  531 | void ggml_opt_result_loss(ggml_opt_result_t result, double * loss, double * unc) {
      |                                                     ~~~~~~~~~^~~~
In file included from /home/swl/openvela/apps/examples/k7graph/vendor/ggml/src/ggml-opt.cpp:6:
/home/swl/openvela/apps/examples/k7graph/vendor/ggml/src/ggml-impl.h: At global scope:
/home/swl/openvela/apps/examples/k7graph/vendor/ggml/src/ggml-impl.h:258:15: warning: 'size_t ggml_hash_find_or_insert(ggml_hash_set*, ggml_tensor*)' defined but not used [-Wunused-function]
  258 | static size_t ggml_hash_find_or_insert(struct ggml_hash_set * hash_set, struct ggml_tensor * key) {
      |               ^~~~~~~~~~~~~~~~~~~~~~~~
/home/swl/openvela/apps/examples/k7graph/vendor/ggml/src/ggml-impl.h:237:15: warning: 'size_t ggml_hash_insert(ggml_hash_set*, ggml_tensor*)' defined but not used [-Wunused-function]
  237 | static size_t ggml_hash_insert(struct ggml_hash_set * hash_set, struct ggml_tensor * key) {
      |               ^~~~~~~~~~~~~~~~
/home/swl/openvela/apps/examples/k7graph/vendor/ggml/src/ggml-impl.h:232:13: warning: 'bool ggml_hash_contains(const ggml_hash_set*, ggml_tensor*)' defined but not used [-Wunused-function]
  232 | static bool ggml_hash_contains(const struct ggml_hash_set * hash_set, struct ggml_tensor * key) {
      |             ^~~~~~~~~~~~~~~~~~
/home/swl/openvela/apps/examples/k7graph/vendor/ggml/src/ggml-impl.h:163:15: warning: 'size_t ggml_bitset_size(size_t)' defined but not used [-Wunused-function]
  163 | static size_t ggml_bitset_size(size_t n) {
      |               ^~~~~~~~~~~~~~~~
/home/swl/openvela/apps/examples/k7graph/vendor/ggml/src/ggml-impl.h:132:13: warning: 'void ggml_set_op_params_f32(ggml_tensor*, uint32_t, float)' defined but not used [-Wunused-function]
  132 | static void ggml_set_op_params_f32(struct ggml_tensor * tensor, uint32_t i, float value) {
      |             ^~~~~~~~~~~~~~~~~~~~~~
/home/swl/openvela/apps/examples/k7graph/vendor/ggml/src/ggml-impl.h:127:13: warning: 'void ggml_set_op_params_i32(ggml_tensor*, uint32_t, int32_t)' defined but not used [-Wunused-function]
  127 | static void ggml_set_op_params_i32(struct ggml_tensor * tensor, uint32_t i, int32_t value) {
      |             ^~~~~~~~~~~~~~~~~~~~~~
/home/swl/openvela/apps/examples/k7graph/vendor/ggml/src/ggml-impl.h:122:14: warning: 'float ggml_get_op_params_f32(const ggml_tensor*, uint32_t)' defined but not used [-Wunused-function]
  122 | static float ggml_get_op_params_f32(const struct ggml_tensor * tensor, uint32_t i) {
      |              ^~~~~~~~~~~~~~~~~~~~~~
/home/swl/openvela/apps/examples/k7graph/vendor/ggml/src/ggml-impl.h:117:16: warning: 'int32_t ggml_get_op_params_i32(const ggml_tensor*, uint32_t)' defined but not used [-Wunused-function]
  117 | static int32_t ggml_get_op_params_i32(const struct ggml_tensor * tensor, uint32_t i) {
      |                ^~~~~~~~~~~~~~~~~~~~~~
/home/swl/openvela/apps/examples/k7graph/vendor/ggml/src/ggml-impl.h:111:13: warning: 'void ggml_set_op_params(ggml_tensor*, const void*, size_t)' defined but not used [-Wunused-function]
  111 | static void ggml_set_op_params(struct ggml_tensor * tensor, const void * params, size_t params_size) {
      |             ^~~~~~~~~~~~~~~~~~
[1509/1633] Building C object apps/examples/k7graph/CMakeFiles/apps_k7graph.dir/vendor/ggml/src/ggml-quants.c.o
/home/swl/openvela/apps/examples/k7graph/vendor/ggml/src/ggml-quants.c:3991:12: warning: 'iq1_find_best_neighbour' defined but not used [-Wunused-function]
 3991 | static int iq1_find_best_neighbour(const uint16_t * GGML_RESTRICT neighbours, const uint64_t * GGML_RESTRICT grid,
      |            ^~~~~~~~~~~~~~~~~~~~~~~
/home/swl/openvela/apps/examples/k7graph/vendor/ggml/src/ggml-quants.c:507:14: warning: 'make_qkx1_quants' defined but not used [-Wunused-function]
  507 | static float make_qkx1_quants(int n, int nmax, const float * GGML_RESTRICT x, uint8_t * GGML_RESTRICT L, float * GGML_RESTRICT the_min,
      |              ^~~~~~~~~~~~~~~~
In file included from /home/swl/openvela/apps/examples/k7graph/vendor/ggml/src/ggml-quants.c:5:
/home/swl/openvela/apps/examples/k7graph/vendor/ggml/src/ggml-impl.h:258:15: warning: 'ggml_hash_find_or_insert' defined but not used [-Wunused-function]
  258 | static size_t ggml_hash_find_or_insert(struct ggml_hash_set * hash_set, struct ggml_tensor * key) {
      |               ^~~~~~~~~~~~~~~~~~~~~~~~
/home/swl/openvela/apps/examples/k7graph/vendor/ggml/src/ggml-impl.h:237:15: warning: 'ggml_hash_insert' defined but not used [-Wunused-function]
  237 | static size_t ggml_hash_insert(struct ggml_hash_set * hash_set, struct ggml_tensor * key) {
      |               ^~~~~~~~~~~~~~~~
/home/swl/openvela/apps/examples/k7graph/vendor/ggml/src/ggml-impl.h:232:13: warning: 'ggml_hash_contains' defined but not used [-Wunused-function]
  232 | static bool ggml_hash_contains(const struct ggml_hash_set * hash_set, struct ggml_tensor * key) {
      |             ^~~~~~~~~~~~~~~~~~
/home/swl/openvela/apps/examples/k7graph/vendor/ggml/src/ggml-impl.h:163:15: warning: 'ggml_bitset_size' defined but not used [-Wunused-function]
  163 | static size_t ggml_bitset_size(size_t n) {
      |               ^~~~~~~~~~~~~~~~
/home/swl/openvela/apps/examples/k7graph/vendor/ggml/src/ggml-impl.h:132:13: warning: 'ggml_set_op_params_f32' defined but not used [-Wunused-function]
  132 | static void ggml_set_op_params_f32(struct ggml_tensor * tensor, uint32_t i, float value) {
      |             ^~~~~~~~~~~~~~~~~~~~~~
/home/swl/openvela/apps/examples/k7graph/vendor/ggml/src/ggml-impl.h:127:13: warning: 'ggml_set_op_params_i32' defined but not used [-Wunused-function]
  127 | static void ggml_set_op_params_i32(struct ggml_tensor * tensor, uint32_t i, int32_t value) {
      |             ^~~~~~~~~~~~~~~~~~~~~~
/home/swl/openvela/apps/examples/k7graph/vendor/ggml/src/ggml-impl.h:122:14: warning: 'ggml_get_op_params_f32' defined but not used [-Wunused-function]
  122 | static float ggml_get_op_params_f32(const struct ggml_tensor * tensor, uint32_t i) {
      |              ^~~~~~~~~~~~~~~~~~~~~~
/home/swl/openvela/apps/examples/k7graph/vendor/ggml/src/ggml-impl.h:117:16: warning: 'ggml_get_op_params_i32' defined but not used [-Wunused-function]
  117 | static int32_t ggml_get_op_params_i32(const struct ggml_tensor * tensor, uint32_t i) {
      |                ^~~~~~~~~~~~~~~~~~~~~~
/home/swl/openvela/apps/examples/k7graph/vendor/ggml/src/ggml-impl.h:111:13: warning: 'ggml_set_op_params' defined but not used [-Wunused-function]
  111 | static void ggml_set_op_params(struct ggml_tensor * tensor, const void * params, size_t params_size) {
      |             ^~~~~~~~~~~~~~~~~~
[1510/1633] Building CXX object apps/examples/k7graph/CMakeFiles/apps_k7graph.dir/vendor/ggml/src/ggml-cpu/ggml-cpu.cpp.o
In file included from /home/swl/openvela/apps/examples/k7graph/vendor/ggml/src/ggml-cpu/ggml-cpu.cpp:1:
/home/swl/openvela/apps/examples/k7graph/vendor/ggml/include/ggml-backend.h:336:119: warning: 'ggml_backend_graph_copy ggml_backend_graph_copy(ggml_backend_t, ggml_cgraph*)' hides constructor for 'struct ggml_backend_graph_copy' [-Wshadow]
  336 |     GGML_API struct ggml_backend_graph_copy ggml_backend_graph_copy(ggml_backend_t backend, struct ggml_cgraph * graph);
      |                                                                                                                       ^
/home/swl/openvela/apps/examples/k7graph/vendor/ggml/src/ggml-cpu/ggml-cpu.cpp: In lambda function:
/home/swl/openvela/apps/examples/k7graph/vendor/ggml/src/ggml-cpu/ggml-cpu.cpp:38:49: warning: declaration of 'bufts' shadows a previous local [-Wshadow]
   38 |         std::vector<ggml_backend_buffer_type_t> bufts;
      |                                                 ^~~~~
/home/swl/openvela/apps/examples/k7graph/vendor/ggml/src/ggml-cpu/ggml-cpu.cpp:37:52: note: shadowed declaration is here
   37 |     static std::vector<ggml_backend_buffer_type_t> bufts = []() {
      |                                                    ^~~~~
/home/swl/openvela/apps/examples/k7graph/vendor/ggml/src/ggml-cpu/ggml-cpu.cpp: In lambda function:
/home/swl/openvela/apps/examples/k7graph/vendor/ggml/src/ggml-cpu/ggml-cpu.cpp:492:43: warning: declaration of 'features' shadows a previous local [-Wshadow]
  492 |         std::vector<ggml_backend_feature> features;
      |                                           ^~~~~~~~
/home/swl/openvela/apps/examples/k7graph/vendor/ggml/src/ggml-cpu/ggml-cpu.cpp:489:46: note: shadowed declaration is here
  489 |     static std::vector<ggml_backend_feature> features = []() {
      |                                              ^~~~~~~~
In file included from /home/swl/openvela/apps/examples/k7graph/vendor/ggml/src/ggml-cpu/ggml-cpu-impl.h:6,
                 from /home/swl/openvela/apps/examples/k7graph/vendor/ggml/src/ggml-cpu/ggml-cpu-traits.h:3,
                 from /home/swl/openvela/apps/examples/k7graph/vendor/ggml/src/ggml-cpu/ggml-cpu-aarch64.h:3,
                 from /home/swl/openvela/apps/examples/k7graph/vendor/ggml/src/ggml-cpu/ggml-cpu.cpp:4:
/home/swl/openvela/apps/examples/k7graph/vendor/ggml/src/ggml-impl.h: At global scope:
/home/swl/openvela/apps/examples/k7graph/vendor/ggml/src/ggml-impl.h:258:15: warning: 'size_t ggml_hash_find_or_insert(ggml_hash_set*, ggml_tensor*)' defined but not used [-Wunused-function]
  258 | static size_t ggml_hash_find_or_insert(struct ggml_hash_set * hash_set, struct ggml_tensor * key) {
      |               ^~~~~~~~~~~~~~~~~~~~~~~~
/home/swl/openvela/apps/examples/k7graph/vendor/ggml/src/ggml-impl.h:237:15: warning: 'size_t ggml_hash_insert(ggml_hash_set*, ggml_tensor*)' defined but not used [-Wunused-function]
  237 | static size_t ggml_hash_insert(struct ggml_hash_set * hash_set, struct ggml_tensor * key) {
      |               ^~~~~~~~~~~~~~~~
/home/swl/openvela/apps/examples/k7graph/vendor/ggml/src/ggml-impl.h:232:13: warning: 'bool ggml_hash_contains(const ggml_hash_set*, ggml_tensor*)' defined but not used [-Wunused-function]
  232 | static bool ggml_hash_contains(const struct ggml_hash_set * hash_set, struct ggml_tensor * key) {
      |             ^~~~~~~~~~~~~~~~~~
/home/swl/openvela/apps/examples/k7graph/vendor/ggml/src/ggml-impl.h:163:15: warning: 'size_t ggml_bitset_size(size_t)' defined but not used [-Wunused-function]
  163 | static size_t ggml_bitset_size(size_t n) {
      |               ^~~~~~~~~~~~~~~~
/home/swl/openvela/apps/examples/k7graph/vendor/ggml/src/ggml-impl.h:132:13: warning: 'void ggml_set_op_params_f32(ggml_tensor*, uint32_t, float)' defined but not used [-Wunused-function]
  132 | static void ggml_set_op_params_f32(struct ggml_tensor * tensor, uint32_t i, float value) {
      |             ^~~~~~~~~~~~~~~~~~~~~~
/home/swl/openvela/apps/examples/k7graph/vendor/ggml/src/ggml-impl.h:127:13: warning: 'void ggml_set_op_params_i32(ggml_tensor*, uint32_t, int32_t)' defined but not used [-Wunused-function]
  127 | static void ggml_set_op_params_i32(struct ggml_tensor * tensor, uint32_t i, int32_t value) {
      |             ^~~~~~~~~~~~~~~~~~~~~~
/home/swl/openvela/apps/examples/k7graph/vendor/ggml/src/ggml-impl.h:122:14: warning: 'float ggml_get_op_params_f32(const ggml_tensor*, uint32_t)' defined but not used [-Wunused-function]
  122 | static float ggml_get_op_params_f32(const struct ggml_tensor * tensor, uint32_t i) {
      |              ^~~~~~~~~~~~~~~~~~~~~~
/home/swl/openvela/apps/examples/k7graph/vendor/ggml/src/ggml-impl.h:117:16: warning: 'int32_t ggml_get_op_params_i32(const ggml_tensor*, uint32_t)' defined but not used [-Wunused-function]
  117 | static int32_t ggml_get_op_params_i32(const struct ggml_tensor * tensor, uint32_t i) {
      |                ^~~~~~~~~~~~~~~~~~~~~~
/home/swl/openvela/apps/examples/k7graph/vendor/ggml/src/ggml-impl.h:111:13: warning: 'void ggml_set_op_params(ggml_tensor*, const void*, size_t)' defined but not used [-Wunused-function]
  111 | static void ggml_set_op_params(struct ggml_tensor * tensor, const void * params, size_t params_size) {
      |             ^~~~~~~~~~~~~~~~~~
[1511/1633] Building CXX object apps/examples/k7graph/CMakeFiles/apps_k7graph.dir/vendor/ggml/src/ggml-cpu/ggml-cpu-hbm.cpp.o
[1512/1633] Building C object apps/examples/k7graph/CMakeFiles/apps_k7graph.dir/candidate/ggml-cpu.c.o
/home/swl/openvela/apps/examples/k7graph/candidate/ggml-cpu.c: In function 'ggml_compute_forward_mul_mat':
/home/swl/openvela/apps/examples/k7graph/candidate/ggml-cpu.c:6788:5: warning: "GGML_USE_LLAMAFILE" is not defined, evaluates to 0 [-Wundef]
 6788 | #if GGML_USE_LLAMAFILE
      |     ^~~~~~~~~~~~~~~~~~
/home/swl/openvela/apps/examples/k7graph/candidate/ggml-cpu.c:6859:5: warning: "GGML_USE_LLAMAFILE" is not defined, evaluates to 0 [-Wundef]
 6859 | #if GGML_USE_LLAMAFILE
      |     ^~~~~~~~~~~~~~~~~~
/home/swl/openvela/apps/examples/k7graph/candidate/ggml-cpu.c: At top level:
/home/swl/openvela/apps/examples/k7graph/candidate/ggml-cpu.c:13203:13: warning: 'ggml_thread_cpumask_next' defined but not used [-Wunused-function]
13203 | static void ggml_thread_cpumask_next(const bool * global_mask, bool * local_mask, bool strict, int32_t* iter) {
      |             ^~~~~~~~~~~~~~~~~~~~~~~~
/home/swl/openvela/apps/examples/k7graph/candidate/ggml-cpu.c:2509:17: warning: 'ggml_get_numa_affinity' defined but not used [-Wunused-function]
 2509 | static uint32_t ggml_get_numa_affinity(void) {
      |                 ^~~~~~~~~~~~~~~~~~~~~~
In file included from /home/swl/openvela/apps/examples/k7graph/vendor/ggml/src/ggml-cpu/ggml-cpu-impl.h:6,
                 from /home/swl/openvela/apps/examples/k7graph/vendor/ggml/src/ggml-cpu/ggml-cpu-traits.h:3,
                 from /home/swl/openvela/apps/examples/k7graph/candidate/ggml-cpu.c:10:
/home/swl/openvela/apps/examples/k7graph/vendor/ggml/src/ggml-impl.h:258:15: warning: 'ggml_hash_find_or_insert' defined but not used [-Wunused-function]
  258 | static size_t ggml_hash_find_or_insert(struct ggml_hash_set * hash_set, struct ggml_tensor * key) {
      |               ^~~~~~~~~~~~~~~~~~~~~~~~
/home/swl/openvela/apps/examples/k7graph/vendor/ggml/src/ggml-impl.h:237:15: warning: 'ggml_hash_insert' defined but not used [-Wunused-function]
  237 | static size_t ggml_hash_insert(struct ggml_hash_set * hash_set, struct ggml_tensor * key) {
      |               ^~~~~~~~~~~~~~~~
/home/swl/openvela/apps/examples/k7graph/vendor/ggml/src/ggml-impl.h:232:13: warning: 'ggml_hash_contains' defined but not used [-Wunused-function]
  232 | static bool ggml_hash_contains(const struct ggml_hash_set * hash_set, struct ggml_tensor * key) {
      |             ^~~~~~~~~~~~~~~~~~
/home/swl/openvela/apps/examples/k7graph/vendor/ggml/src/ggml-impl.h:163:15: warning: 'ggml_bitset_size' defined but not used [-Wunused-function]
  163 | static size_t ggml_bitset_size(size_t n) {
      |               ^~~~~~~~~~~~~~~~
/home/swl/openvela/apps/examples/k7graph/vendor/ggml/src/ggml-impl.h:132:13: warning: 'ggml_set_op_params_f32' defined but not used [-Wunused-function]
  132 | static void ggml_set_op_params_f32(struct ggml_tensor * tensor, uint32_t i, float value) {
      |             ^~~~~~~~~~~~~~~~~~~~~~
/home/swl/openvela/apps/examples/k7graph/vendor/ggml/src/ggml-impl.h:127:13: warning: 'ggml_set_op_params_i32' defined but not used [-Wunused-function]
  127 | static void ggml_set_op_params_i32(struct ggml_tensor * tensor, uint32_t i, int32_t value) {
      |             ^~~~~~~~~~~~~~~~~~~~~~
/home/swl/openvela/apps/examples/k7graph/vendor/ggml/src/ggml-impl.h:111:13: warning: 'ggml_set_op_params' defined but not used [-Wunused-function]
  111 | static void ggml_set_op_params(struct ggml_tensor * tensor, const void * params, size_t params_size) {
      |             ^~~~~~~~~~~~~~~~~~
[1513/1633] Building C object apps/examples/k7graph/CMakeFiles/apps_k7graph.dir/vendor/ggml/src/ggml-cpu/ggml-cpu-quants.c.o
/home/swl/openvela/apps/examples/k7graph/vendor/ggml/src/ggml-cpu/ggml-cpu-quants.c:1835:5: warning: "__AVX__" is not defined, evaluates to 0 [-Wundef]
 1835 | #if __AVX__ || __AVX2__ || __AVX512F__
      |     ^~~~~~~
/home/swl/openvela/apps/examples/k7graph/vendor/ggml/src/ggml-cpu/ggml-cpu-quants.c:1835:16: warning: "__AVX2__" is not defined, evaluates to 0 [-Wundef]
 1835 | #if __AVX__ || __AVX2__ || __AVX512F__
      |                ^~~~~~~~
/home/swl/openvela/apps/examples/k7graph/vendor/ggml/src/ggml-cpu/ggml-cpu-quants.c:1835:28: warning: "__AVX512F__" is not defined, evaluates to 0 [-Wundef]
 1835 | #if __AVX__ || __AVX2__ || __AVX512F__
      |                            ^~~~~~~~~~~
/home/swl/openvela/apps/examples/k7graph/vendor/ggml/src/ggml-cpu/ggml-cpu-quants.c:1602:14: warning: 'make_qkx2_quants' defined but not used [-Wunused-function]
 1602 | static float make_qkx2_quants(int n, int nmax, const float * GGML_RESTRICT x, const float * GGML_RESTRICT weights,
      |              ^~~~~~~~~~~~~~~~
/home/swl/openvela/apps/examples/k7graph/vendor/ggml/src/ggml-cpu/ggml-cpu-quants.c:1559:14: warning: 'make_qkx1_quants' defined but not used [-Wunused-function]
 1559 | static float make_qkx1_quants(int n, int nmax, const float * GGML_RESTRICT x, uint8_t * GGML_RESTRICT L, float * GGML_RESTRICT the_min,
      |              ^~~~~~~~~~~~~~~~
/home/swl/openvela/apps/examples/k7graph/vendor/ggml/src/ggml-cpu/ggml-cpu-quants.c:1500:14: warning: 'make_q3_quants' defined but not used [-Wunused-function]
 1500 | static float make_q3_quants(int n, int nmax, const float * GGML_RESTRICT x, int8_t * GGML_RESTRICT L, bool do_rmse) {
      |              ^~~~~~~~~~~~~~
/home/swl/openvela/apps/examples/k7graph/vendor/ggml/src/ggml-cpu/ggml-cpu-quants.c:1431:14: warning: 'make_qx_quants' defined but not used [-Wunused-function]
 1431 | static float make_qx_quants(int n, int nmax, const float * GGML_RESTRICT x, int8_t * GGML_RESTRICT L, int rmse_type,
      |              ^~~~~~~~~~~~~~
In file included from /home/swl/openvela/apps/examples/k7graph/vendor/ggml/src/ggml-cpu/ggml-cpu-quants.c:6:
/home/swl/openvela/apps/examples/k7graph/vendor/ggml/src/ggml-impl.h:258:15: warning: 'ggml_hash_find_or_insert' defined but not used [-Wunused-function]
  258 | static size_t ggml_hash_find_or_insert(struct ggml_hash_set * hash_set, struct ggml_tensor * key) {
      |               ^~~~~~~~~~~~~~~~~~~~~~~~
/home/swl/openvela/apps/examples/k7graph/vendor/ggml/src/ggml-impl.h:237:15: warning: 'ggml_hash_insert' defined but not used [-Wunused-function]
  237 | static size_t ggml_hash_insert(struct ggml_hash_set * hash_set, struct ggml_tensor * key) {
      |               ^~~~~~~~~~~~~~~~
/home/swl/openvela/apps/examples/k7graph/vendor/ggml/src/ggml-impl.h:232:13: warning: 'ggml_hash_contains' defined but not used [-Wunused-function]
  232 | static bool ggml_hash_contains(const struct ggml_hash_set * hash_set, struct ggml_tensor * key) {
      |             ^~~~~~~~~~~~~~~~~~
/home/swl/openvela/apps/examples/k7graph/vendor/ggml/src/ggml-impl.h:163:15: warning: 'ggml_bitset_size' defined but not used [-Wunused-function]
  163 | static size_t ggml_bitset_size(size_t n) {
      |               ^~~~~~~~~~~~~~~~
/home/swl/openvela/apps/examples/k7graph/vendor/ggml/src/ggml-impl.h:132:13: warning: 'ggml_set_op_params_f32' defined but not used [-Wunused-function]
  132 | static void ggml_set_op_params_f32(struct ggml_tensor * tensor, uint32_t i, float value) {
      |             ^~~~~~~~~~~~~~~~~~~~~~
/home/swl/openvela/apps/examples/k7graph/vendor/ggml/src/ggml-impl.h:127:13: warning: 'ggml_set_op_params_i32' defined but not used [-Wunused-function]
  127 | static void ggml_set_op_params_i32(struct ggml_tensor * tensor, uint32_t i, int32_t value) {
      |             ^~~~~~~~~~~~~~~~~~~~~~
/home/swl/openvela/apps/examples/k7graph/vendor/ggml/src/ggml-impl.h:122:14: warning: 'ggml_get_op_params_f32' defined but not used [-Wunused-function]
  122 | static float ggml_get_op_params_f32(const struct ggml_tensor * tensor, uint32_t i) {
      |              ^~~~~~~~~~~~~~~~~~~~~~
/home/swl/openvela/apps/examples/k7graph/vendor/ggml/src/ggml-impl.h:117:16: warning: 'ggml_get_op_params_i32' defined but not used [-Wunused-function]
  117 | static int32_t ggml_get_op_params_i32(const struct ggml_tensor * tensor, uint32_t i) {
      |                ^~~~~~~~~~~~~~~~~~~~~~
/home/swl/openvela/apps/examples/k7graph/vendor/ggml/src/ggml-impl.h:111:13: warning: 'ggml_set_op_params' defined but not used [-Wunused-function]
  111 | static void ggml_set_op_params(struct ggml_tensor * tensor, const void * params, size_t params_size) {
      |             ^~~~~~~~~~~~~~~~~~
[1514/1633] Building CXX object apps/examples/k7graph/CMakeFiles/apps_k7graph.dir/vendor/ggml/src/ggml-cpu/ggml-cpu-aarch64.cpp.o
In file included from /home/swl/openvela/apps/examples/k7graph/vendor/ggml/src/ggml-backend-impl.h:5,
                 from /home/swl/openvela/apps/examples/k7graph/vendor/ggml/src/ggml-cpu/ggml-cpu-aarch64.cpp:4:
/home/swl/openvela/apps/examples/k7graph/vendor/ggml/include/ggml-backend.h:336:119: warning: 'ggml_backend_graph_copy ggml_backend_graph_copy(ggml_backend_t, ggml_cgraph*)' hides constructor for 'struct ggml_backend_graph_copy' [-Wshadow]
  336 |     GGML_API struct ggml_backend_graph_copy ggml_backend_graph_copy(ggml_backend_t backend, struct ggml_cgraph * graph);
      |                                                                                                                       ^
In file included from /home/swl/openvela/apps/examples/k7graph/vendor/ggml/src/ggml-cpu/ggml-cpu-aarch64.cpp:7:
/home/swl/openvela/apps/examples/k7graph/vendor/ggml/src/ggml-impl.h:258:15: warning: 'size_t ggml_hash_find_or_insert(ggml_hash_set*, ggml_tensor*)' defined but not used [-Wunused-function]
  258 | static size_t ggml_hash_find_or_insert(struct ggml_hash_set * hash_set, struct ggml_tensor * key) {
      |               ^~~~~~~~~~~~~~~~~~~~~~~~
/home/swl/openvela/apps/examples/k7graph/vendor/ggml/src/ggml-impl.h:237:15: warning: 'size_t ggml_hash_insert(ggml_hash_set*, ggml_tensor*)' defined but not used [-Wunused-function]
  237 | static size_t ggml_hash_insert(struct ggml_hash_set * hash_set, struct ggml_tensor * key) {
      |               ^~~~~~~~~~~~~~~~
/home/swl/openvela/apps/examples/k7graph/vendor/ggml/src/ggml-impl.h:232:13: warning: 'bool ggml_hash_contains(const ggml_hash_set*, ggml_tensor*)' defined but not used [-Wunused-function]
  232 | static bool ggml_hash_contains(const struct ggml_hash_set * hash_set, struct ggml_tensor * key) {
      |             ^~~~~~~~~~~~~~~~~~
/home/swl/openvela/apps/examples/k7graph/vendor/ggml/src/ggml-impl.h:163:15: warning: 'size_t ggml_bitset_size(size_t)' defined but not used [-Wunused-function]
  163 | static size_t ggml_bitset_size(size_t n) {
      |               ^~~~~~~~~~~~~~~~
/home/swl/openvela/apps/examples/k7graph/vendor/ggml/src/ggml-impl.h:132:13: warning: 'void ggml_set_op_params_f32(ggml_tensor*, uint32_t, float)' defined but not used [-Wunused-function]
  132 | static void ggml_set_op_params_f32(struct ggml_tensor * tensor, uint32_t i, float value) {
      |             ^~~~~~~~~~~~~~~~~~~~~~
/home/swl/openvela/apps/examples/k7graph/vendor/ggml/src/ggml-impl.h:127:13: warning: 'void ggml_set_op_params_i32(ggml_tensor*, uint32_t, int32_t)' defined but not used [-Wunused-function]
  127 | static void ggml_set_op_params_i32(struct ggml_tensor * tensor, uint32_t i, int32_t value) {
      |             ^~~~~~~~~~~~~~~~~~~~~~
/home/swl/openvela/apps/examples/k7graph/vendor/ggml/src/ggml-impl.h:122:14: warning: 'float ggml_get_op_params_f32(const ggml_tensor*, uint32_t)' defined but not used [-Wunused-function]
  122 | static float ggml_get_op_params_f32(const struct ggml_tensor * tensor, uint32_t i) {
      |              ^~~~~~~~~~~~~~~~~~~~~~
/home/swl/openvela/apps/examples/k7graph/vendor/ggml/src/ggml-impl.h:117:16: warning: 'int32_t ggml_get_op_params_i32(const ggml_tensor*, uint32_t)' defined but not used [-Wunused-function]
  117 | static int32_t ggml_get_op_params_i32(const struct ggml_tensor * tensor, uint32_t i) {
      |                ^~~~~~~~~~~~~~~~~~~~~~
/home/swl/openvela/apps/examples/k7graph/vendor/ggml/src/ggml-impl.h:111:13: warning: 'void ggml_set_op_params(ggml_tensor*, const void*, size_t)' defined but not used [-Wunused-function]
  111 | static void ggml_set_op_params(struct ggml_tensor * tensor, const void * params, size_t params_size) {
      |             ^~~~~~~~~~~~~~~~~~
[1515/1633] Building CXX object apps/examples/k7graph/CMakeFiles/apps_k7graph.dir/vendor/ggml/src/ggml-cpu/ggml-cpu-traits.cpp.o
In file included from /home/swl/openvela/apps/examples/k7graph/vendor/ggml/src/ggml-backend-impl.h:5,
                 from /home/swl/openvela/apps/examples/k7graph/vendor/ggml/src/ggml-cpu/ggml-cpu-traits.h:2,
                 from /home/swl/openvela/apps/examples/k7graph/vendor/ggml/src/ggml-cpu/ggml-cpu-traits.cpp:1:
/home/swl/openvela/apps/examples/k7graph/vendor/ggml/include/ggml-backend.h:336:119: warning: 'ggml_backend_graph_copy ggml_backend_graph_copy(ggml_backend_t, ggml_cgraph*)' hides constructor for 'struct ggml_backend_graph_copy' [-Wshadow]
  336 |     GGML_API struct ggml_backend_graph_copy ggml_backend_graph_copy(ggml_backend_t backend, struct ggml_cgraph * graph);
      |                                                                                                                       ^
In file included from /home/swl/openvela/apps/examples/k7graph/vendor/ggml/src/ggml-cpu/ggml-cpu-impl.h:6,
                 from /home/swl/openvela/apps/examples/k7graph/vendor/ggml/src/ggml-cpu/ggml-cpu-traits.h:3:
/home/swl/openvela/apps/examples/k7graph/vendor/ggml/src/ggml-impl.h:258:15: warning: 'size_t ggml_hash_find_or_insert(ggml_hash_set*, ggml_tensor*)' defined but not used [-Wunused-function]
  258 | static size_t ggml_hash_find_or_insert(struct ggml_hash_set * hash_set, struct ggml_tensor * key) {
      |               ^~~~~~~~~~~~~~~~~~~~~~~~
/home/swl/openvela/apps/examples/k7graph/vendor/ggml/src/ggml-impl.h:237:15: warning: 'size_t ggml_hash_insert(ggml_hash_set*, ggml_tensor*)' defined but not used [-Wunused-function]
  237 | static size_t ggml_hash_insert(struct ggml_hash_set * hash_set, struct ggml_tensor * key) {
      |               ^~~~~~~~~~~~~~~~
/home/swl/openvela/apps/examples/k7graph/vendor/ggml/src/ggml-impl.h:232:13: warning: 'bool ggml_hash_contains(const ggml_hash_set*, ggml_tensor*)' defined but not used [-Wunused-function]
  232 | static bool ggml_hash_contains(const struct ggml_hash_set * hash_set, struct ggml_tensor * key) {
      |             ^~~~~~~~~~~~~~~~~~
/home/swl/openvela/apps/examples/k7graph/vendor/ggml/src/ggml-impl.h:163:15: warning: 'size_t ggml_bitset_size(size_t)' defined but not used [-Wunused-function]
  163 | static size_t ggml_bitset_size(size_t n) {
      |               ^~~~~~~~~~~~~~~~
/home/swl/openvela/apps/examples/k7graph/vendor/ggml/src/ggml-impl.h:132:13: warning: 'void ggml_set_op_params_f32(ggml_tensor*, uint32_t, float)' defined but not used [-Wunused-function]
  132 | static void ggml_set_op_params_f32(struct ggml_tensor * tensor, uint32_t i, float value) {
      |             ^~~~~~~~~~~~~~~~~~~~~~
/home/swl/openvela/apps/examples/k7graph/vendor/ggml/src/ggml-impl.h:127:13: warning: 'void ggml_set_op_params_i32(ggml_tensor*, uint32_t, int32_t)' defined but not used [-Wunused-function]
  127 | static void ggml_set_op_params_i32(struct ggml_tensor * tensor, uint32_t i, int32_t value) {
      |             ^~~~~~~~~~~~~~~~~~~~~~
/home/swl/openvela/apps/examples/k7graph/vendor/ggml/src/ggml-impl.h:122:14: warning: 'float ggml_get_op_params_f32(const ggml_tensor*, uint32_t)' defined but not used [-Wunused-function]
  122 | static float ggml_get_op_params_f32(const struct ggml_tensor * tensor, uint32_t i) {
      |              ^~~~~~~~~~~~~~~~~~~~~~
/home/swl/openvela/apps/examples/k7graph/vendor/ggml/src/ggml-impl.h:117:16: warning: 'int32_t ggml_get_op_params_i32(const ggml_tensor*, uint32_t)' defined but not used [-Wunused-function]
  117 | static int32_t ggml_get_op_params_i32(const struct ggml_tensor * tensor, uint32_t i) {
      |                ^~~~~~~~~~~~~~~~~~~~~~
/home/swl/openvela/apps/examples/k7graph/vendor/ggml/src/ggml-impl.h:111:13: warning: 'void ggml_set_op_params(ggml_tensor*, const void*, size_t)' defined but not used [-Wunused-function]
  111 | static void ggml_set_op_params(struct ggml_tensor * tensor, const void * params, size_t params_size) {
      |             ^~~~~~~~~~~~~~~~~~
[1516/1633] Building CXX object apps/examples/k7graph/CMakeFiles/apps_k7graph.dir/vendor/ggml/src/ggml-cpu/amx/amx.cpp.o
In file included from /home/swl/openvela/apps/examples/k7graph/vendor/ggml/src/ggml-cpu/amx/amx.h:1,
                 from /home/swl/openvela/apps/examples/k7graph/vendor/ggml/src/ggml-cpu/amx/amx.cpp:1:
/home/swl/openvela/apps/examples/k7graph/vendor/ggml/include/ggml-backend.h:336:119: warning: 'ggml_backend_graph_copy ggml_backend_graph_copy(ggml_backend_t, ggml_cgraph*)' hides constructor for 'struct ggml_backend_graph_copy' [-Wshadow]
  336 |     GGML_API struct ggml_backend_graph_copy ggml_backend_graph_copy(ggml_backend_t backend, struct ggml_cgraph * graph);
      |                                                                                                                       ^
In file included from /home/swl/openvela/apps/examples/k7graph/vendor/ggml/src/ggml-cpu/ggml-cpu-impl.h:6,
                 from /home/swl/openvela/apps/examples/k7graph/vendor/ggml/src/ggml-cpu/amx/amx.h:2:
/home/swl/openvela/apps/examples/k7graph/vendor/ggml/src/ggml-impl.h:258:15: warning: 'size_t ggml_hash_find_or_insert(ggml_hash_set*, ggml_tensor*)' defined but not used [-Wunused-function]
  258 | static size_t ggml_hash_find_or_insert(struct ggml_hash_set * hash_set, struct ggml_tensor * key) {
      |               ^~~~~~~~~~~~~~~~~~~~~~~~
/home/swl/openvela/apps/examples/k7graph/vendor/ggml/src/ggml-impl.h:237:15: warning: 'size_t ggml_hash_insert(ggml_hash_set*, ggml_tensor*)' defined but not used [-Wunused-function]
  237 | static size_t ggml_hash_insert(struct ggml_hash_set * hash_set, struct ggml_tensor * key) {
      |               ^~~~~~~~~~~~~~~~
/home/swl/openvela/apps/examples/k7graph/vendor/ggml/src/ggml-impl.h:232:13: warning: 'bool ggml_hash_contains(const ggml_hash_set*, ggml_tensor*)' defined but not used [-Wunused-function]
  232 | static bool ggml_hash_contains(const struct ggml_hash_set * hash_set, struct ggml_tensor * key) {
      |             ^~~~~~~~~~~~~~~~~~
/home/swl/openvela/apps/examples/k7graph/vendor/ggml/src/ggml-impl.h:163:15: warning: 'size_t ggml_bitset_size(size_t)' defined but not used [-Wunused-function]
  163 | static size_t ggml_bitset_size(size_t n) {
      |               ^~~~~~~~~~~~~~~~
/home/swl/openvela/apps/examples/k7graph/vendor/ggml/src/ggml-impl.h:132:13: warning: 'void ggml_set_op_params_f32(ggml_tensor*, uint32_t, float)' defined but not used [-Wunused-function]
  132 | static void ggml_set_op_params_f32(struct ggml_tensor * tensor, uint32_t i, float value) {
      |             ^~~~~~~~~~~~~~~~~~~~~~
/home/swl/openvela/apps/examples/k7graph/vendor/ggml/src/ggml-impl.h:127:13: warning: 'void ggml_set_op_params_i32(ggml_tensor*, uint32_t, int32_t)' defined but not used [-Wunused-function]
  127 | static void ggml_set_op_params_i32(struct ggml_tensor * tensor, uint32_t i, int32_t value) {
      |             ^~~~~~~~~~~~~~~~~~~~~~
/home/swl/openvela/apps/examples/k7graph/vendor/ggml/src/ggml-impl.h:122:14: warning: 'float ggml_get_op_params_f32(const ggml_tensor*, uint32_t)' defined but not used [-Wunused-function]
  122 | static float ggml_get_op_params_f32(const struct ggml_tensor * tensor, uint32_t i) {
      |              ^~~~~~~~~~~~~~~~~~~~~~
/home/swl/openvela/apps/examples/k7graph/vendor/ggml/src/ggml-impl.h:117:16: warning: 'int32_t ggml_get_op_params_i32(const ggml_tensor*, uint32_t)' defined but not used [-Wunused-function]
  117 | static int32_t ggml_get_op_params_i32(const struct ggml_tensor * tensor, uint32_t i) {
      |                ^~~~~~~~~~~~~~~~~~~~~~
/home/swl/openvela/apps/examples/k7graph/vendor/ggml/src/ggml-impl.h:111:13: warning: 'void ggml_set_op_params(ggml_tensor*, const void*, size_t)' defined but not used [-Wunused-function]
  111 | static void ggml_set_op_params(struct ggml_tensor * tensor, const void * params, size_t params_size) {
      |             ^~~~~~~~~~~~~~~~~~
[1517/1633] Building CXX object apps/examples/k7graph/CMakeFiles/apps_k7graph.dir/vendor/ggml/src/ggml-cpu/amx/mmq.cpp.o
In file included from /home/swl/openvela/apps/examples/k7graph/vendor/ggml/src/ggml-cpu/amx/amx.h:1,
                 from /home/swl/openvela/apps/examples/k7graph/vendor/ggml/src/ggml-cpu/amx/mmq.cpp:7:
/home/swl/openvela/apps/examples/k7graph/vendor/ggml/include/ggml-backend.h:336:119: warning: 'ggml_backend_graph_copy ggml_backend_graph_copy(ggml_backend_t, ggml_cgraph*)' hides constructor for 'struct ggml_backend_graph_copy' [-Wshadow]
  336 |     GGML_API struct ggml_backend_graph_copy ggml_backend_graph_copy(ggml_backend_t backend, struct ggml_cgraph * graph);
      |                                                                                                                       ^
In file included from /home/swl/openvela/apps/examples/k7graph/vendor/ggml/src/ggml-cpu/ggml-cpu-impl.h:6,
                 from /home/swl/openvela/apps/examples/k7graph/vendor/ggml/src/ggml-cpu/amx/amx.h:2:
/home/swl/openvela/apps/examples/k7graph/vendor/ggml/src/ggml-impl.h:258:15: warning: 'size_t ggml_hash_find_or_insert(ggml_hash_set*, ggml_tensor*)' defined but not used [-Wunused-function]
  258 | static size_t ggml_hash_find_or_insert(struct ggml_hash_set * hash_set, struct ggml_tensor * key) {
      |               ^~~~~~~~~~~~~~~~~~~~~~~~
/home/swl/openvela/apps/examples/k7graph/vendor/ggml/src/ggml-impl.h:237:15: warning: 'size_t ggml_hash_insert(ggml_hash_set*, ggml_tensor*)' defined but not used [-Wunused-function]
  237 | static size_t ggml_hash_insert(struct ggml_hash_set * hash_set, struct ggml_tensor * key) {
      |               ^~~~~~~~~~~~~~~~
/home/swl/openvela/apps/examples/k7graph/vendor/ggml/src/ggml-impl.h:232:13: warning: 'bool ggml_hash_contains(const ggml_hash_set*, ggml_tensor*)' defined but not used [-Wunused-function]
  232 | static bool ggml_hash_contains(const struct ggml_hash_set * hash_set, struct ggml_tensor * key) {
      |             ^~~~~~~~~~~~~~~~~~
/home/swl/openvela/apps/examples/k7graph/vendor/ggml/src/ggml-impl.h:163:15: warning: 'size_t ggml_bitset_size(size_t)' defined but not used [-Wunused-function]
  163 | static size_t ggml_bitset_size(size_t n) {
      |               ^~~~~~~~~~~~~~~~
/home/swl/openvela/apps/examples/k7graph/vendor/ggml/src/ggml-impl.h:132:13: warning: 'void ggml_set_op_params_f32(ggml_tensor*, uint32_t, float)' defined but not used [-Wunused-function]
  132 | static void ggml_set_op_params_f32(struct ggml_tensor * tensor, uint32_t i, float value) {
      |             ^~~~~~~~~~~~~~~~~~~~~~
/home/swl/openvela/apps/examples/k7graph/vendor/ggml/src/ggml-impl.h:127:13: warning: 'void ggml_set_op_params_i32(ggml_tensor*, uint32_t, int32_t)' defined but not used [-Wunused-function]
  127 | static void ggml_set_op_params_i32(struct ggml_tensor * tensor, uint32_t i, int32_t value) {
      |             ^~~~~~~~~~~~~~~~~~~~~~
/home/swl/openvela/apps/examples/k7graph/vendor/ggml/src/ggml-impl.h:122:14: warning: 'float ggml_get_op_params_f32(const ggml_tensor*, uint32_t)' defined but not used [-Wunused-function]
  122 | static float ggml_get_op_params_f32(const struct ggml_tensor * tensor, uint32_t i) {
      |              ^~~~~~~~~~~~~~~~~~~~~~
/home/swl/openvela/apps/examples/k7graph/vendor/ggml/src/ggml-impl.h:117:16: warning: 'int32_t ggml_get_op_params_i32(const ggml_tensor*, uint32_t)' defined but not used [-Wunused-function]
  117 | static int32_t ggml_get_op_params_i32(const struct ggml_tensor * tensor, uint32_t i) {
      |                ^~~~~~~~~~~~~~~~~~~~~~
/home/swl/openvela/apps/examples/k7graph/vendor/ggml/src/ggml-impl.h:111:13: warning: 'void ggml_set_op_params(ggml_tensor*, const void*, size_t)' defined but not used [-Wunused-function]
  111 | static void ggml_set_op_params(struct ggml_tensor * tensor, const void * params, size_t params_size) {
      |             ^~~~~~~~~~~~~~~~~~
[1518/1633] Building CXX object apps/examples/k7graph/CMakeFiles/apps_k7graph.dir/vendor/ggml/src/gguf.cpp.o
In file included from /home/swl/openvela/apps/examples/k7graph/vendor/ggml/src/gguf.cpp:2:
/home/swl/openvela/apps/examples/k7graph/vendor/ggml/include/ggml-backend.h:336:119: warning: 'ggml_backend_graph_copy ggml_backend_graph_copy(ggml_backend_t, ggml_cgraph*)' hides constructor for 'struct ggml_backend_graph_copy' [-Wshadow]
  336 |     GGML_API struct ggml_backend_graph_copy ggml_backend_graph_copy(ggml_backend_t backend, struct ggml_cgraph * graph);
      |                                                                                                                       ^
/home/swl/openvela/apps/examples/k7graph/vendor/ggml/src/gguf.cpp: In constructor 'gguf_kv::gguf_kv(const std::__1::string&, T)':
/home/swl/openvela/apps/examples/k7graph/vendor/ggml/src/gguf.cpp:130:33: warning: declaration of 'key' shadows a member of 'gguf_kv' [-Wshadow]
  130 |     gguf_kv(const std::string & key, const T value)
      |             ~~~~~~~~~~~~~~~~~~~~^~~
/home/swl/openvela/apps/examples/k7graph/vendor/ggml/src/gguf.cpp:121:17: note: shadowed declaration is here
  121 |     std::string key;
      |                 ^~~
/home/swl/openvela/apps/examples/k7graph/vendor/ggml/src/gguf.cpp: In constructor 'gguf_kv::gguf_kv(const std::__1::string&, const std::__1::vector<T>&)':
/home/swl/openvela/apps/examples/k7graph/vendor/ggml/src/gguf.cpp:138:33: warning: declaration of 'key' shadows a member of 'gguf_kv' [-Wshadow]
  138 |     gguf_kv(const std::string & key, const std::vector<T> & value)
      |             ~~~~~~~~~~~~~~~~~~~~^~~
/home/swl/openvela/apps/examples/k7graph/vendor/ggml/src/gguf.cpp:121:17: note: shadowed declaration is here
  121 |     std::string key;
      |                 ^~~
/home/swl/openvela/apps/examples/k7graph/vendor/ggml/src/gguf.cpp: In constructor 'gguf_kv::gguf_kv(const std::__1::string&, const std::__1::string&)':
/home/swl/openvela/apps/examples/k7graph/vendor/ggml/src/gguf.cpp:148:33: warning: declaration of 'key' shadows a member of 'gguf_kv' [-Wshadow]
  148 |     gguf_kv(const std::string & key, const std::string & value)
      |             ~~~~~~~~~~~~~~~~~~~~^~~
/home/swl/openvela/apps/examples/k7graph/vendor/ggml/src/gguf.cpp:121:17: note: shadowed declaration is here
  121 |     std::string key;
      |                 ^~~
/home/swl/openvela/apps/examples/k7graph/vendor/ggml/src/gguf.cpp: In constructor 'gguf_kv::gguf_kv(const std::__1::string&, const std::__1::string&)':
/home/swl/openvela/apps/examples/k7graph/vendor/ggml/src/gguf.cpp:148:33: warning: declaration of 'key' shadows a member of 'gguf_kv' [-Wshadow]
  148 |     gguf_kv(const std::string & key, const std::string & value)
      |             ~~~~~~~~~~~~~~~~~~~~^~~
/home/swl/openvela/apps/examples/k7graph/vendor/ggml/src/gguf.cpp:121:17: note: shadowed declaration is here
  121 |     std::string key;
      |                 ^~~
/home/swl/openvela/apps/examples/k7graph/vendor/ggml/src/gguf.cpp: In constructor 'gguf_kv::gguf_kv(const std::__1::string&, const std::__1::string&)':
/home/swl/openvela/apps/examples/k7graph/vendor/ggml/src/gguf.cpp:148:33: warning: declaration of 'key' shadows a member of 'gguf_kv' [-Wshadow]
  148 |     gguf_kv(const std::string & key, const std::string & value)
      |             ~~~~~~~~~~~~~~~~~~~~^~~
/home/swl/openvela/apps/examples/k7graph/vendor/ggml/src/gguf.cpp:121:17: note: shadowed declaration is here
  121 |     std::string key;
      |                 ^~~
/home/swl/openvela/apps/examples/k7graph/vendor/ggml/src/gguf.cpp: In constructor 'gguf_kv::gguf_kv(const std::__1::string&, const std::__1::vector<std::__1::basic_string<char> >&)':
/home/swl/openvela/apps/examples/k7graph/vendor/ggml/src/gguf.cpp:154:33: warning: declaration of 'key' shadows a member of 'gguf_kv' [-Wshadow]
  154 |     gguf_kv(const std::string & key, const std::vector<std::string> & value)
      |             ~~~~~~~~~~~~~~~~~~~~^~~
/home/swl/openvela/apps/examples/k7graph/vendor/ggml/src/gguf.cpp:121:17: note: shadowed declaration is here
  121 |     std::string key;
      |                 ^~~
/home/swl/openvela/apps/examples/k7graph/vendor/ggml/src/gguf.cpp: In constructor 'gguf_kv::gguf_kv(const std::__1::string&, const std::__1::vector<std::__1::basic_string<char> >&)':
/home/swl/openvela/apps/examples/k7graph/vendor/ggml/src/gguf.cpp:154:33: warning: declaration of 'key' shadows a member of 'gguf_kv' [-Wshadow]
  154 |     gguf_kv(const std::string & key, const std::vector<std::string> & value)
      |             ~~~~~~~~~~~~~~~~~~~~^~~
/home/swl/openvela/apps/examples/k7graph/vendor/ggml/src/gguf.cpp:121:17: note: shadowed declaration is here
  121 |     std::string key;
      |                 ^~~
/home/swl/openvela/apps/examples/k7graph/vendor/ggml/src/gguf.cpp: In constructor 'gguf_kv::gguf_kv(const std::__1::string&, const std::__1::vector<std::__1::basic_string<char> >&)':
/home/swl/openvela/apps/examples/k7graph/vendor/ggml/src/gguf.cpp:154:33: warning: declaration of 'key' shadows a member of 'gguf_kv' [-Wshadow]
  154 |     gguf_kv(const std::string & key, const std::vector<std::string> & value)
      |             ~~~~~~~~~~~~~~~~~~~~^~~
/home/swl/openvela/apps/examples/k7graph/vendor/ggml/src/gguf.cpp:121:17: note: shadowed declaration is here
  121 |     std::string key;
      |                 ^~~
/home/swl/openvela/apps/examples/k7graph/vendor/ggml/src/gguf.cpp: In constructor 'gguf_reader::gguf_reader(FILE*)':
/home/swl/openvela/apps/examples/k7graph/vendor/ggml/src/gguf.cpp:222:24: warning: declaration of 'file' shadows a member of 'gguf_reader' [-Wshadow]
  222 |     gguf_reader(FILE * file) : file(file) {}
      |                 ~~~~~~~^~~~
/home/swl/openvela/apps/examples/k7graph/vendor/ggml/src/gguf.cpp:220:12: note: shadowed declaration is here
  220 |     FILE * file;
      |            ^~~~
/home/swl/openvela/apps/examples/k7graph/vendor/ggml/src/gguf.cpp: In constructor 'gguf_reader::gguf_reader(FILE*)':
/home/swl/openvela/apps/examples/k7graph/vendor/ggml/src/gguf.cpp:222:24: warning: declaration of 'file' shadows a member of 'gguf_reader' [-Wshadow]
  222 |     gguf_reader(FILE * file) : file(file) {}
      |                 ~~~~~~~^~~~
/home/swl/openvela/apps/examples/k7graph/vendor/ggml/src/gguf.cpp:220:12: note: shadowed declaration is here
  220 |     FILE * file;
      |            ^~~~
/home/swl/openvela/apps/examples/k7graph/vendor/ggml/src/gguf.cpp: In constructor 'gguf_reader::gguf_reader(FILE*)':
/home/swl/openvela/apps/examples/k7graph/vendor/ggml/src/gguf.cpp:222:24: warning: declaration of 'file' shadows a member of 'gguf_reader' [-Wshadow]
  222 |     gguf_reader(FILE * file) : file(file) {}
      |                 ~~~~~~~^~~~
/home/swl/openvela/apps/examples/k7graph/vendor/ggml/src/gguf.cpp:220:12: note: shadowed declaration is here
  220 |     FILE * file;
      |            ^~~~
/home/swl/openvela/apps/examples/k7graph/vendor/ggml/src/gguf.cpp: In function 'gguf_context* gguf_init_from_file_impl(FILE*, gguf_init_params)':
/home/swl/openvela/apps/examples/k7graph/vendor/ggml/src/gguf.cpp:366:29: warning: format '%zu' expects argument of type 'size_t', but argument 5 has type 'long long unsigned int' [-Wformat=]
  366 |             fprintf(stderr, "%s: number of tensors is %" PRIi64 " but must be in [0, %zu]\n",
      |                             ^~~~~~~~~~~~~~~~~~~~~~~~~~~~~~~~~~~~~~~~~~~~~~~~~~~~~~~~~~~~~~~~
/home/swl/openvela/apps/examples/k7graph/vendor/ggml/src/gguf.cpp:377:29: warning: format '%zu' expects argument of type 'size_t', but argument 5 has type 'long long unsigned int' [-Wformat=]
  377 |             fprintf(stderr, "%s: number of key value pairs is %" PRIi64 " but must be in [0, %zu]\n",
      |                             ^~~~~~~~~~~~~~~~~~~~~~~~~~~~~~~~~~~~~~~~~~~~~~~~~~~~~~~~~~~~~~~~~~~~~~~~
/home/swl/openvela/apps/examples/k7graph/vendor/ggml/src/gguf.cpp: In constructor 'gguf_writer::gguf_writer(std::__1::vector<signed char>&)':
/home/swl/openvela/apps/examples/k7graph/vendor/ggml/src/gguf.cpp:1144:39: warning: declaration of 'buf' shadows a member of 'gguf_writer' [-Wshadow]
 1144 |     gguf_writer(std::vector<int8_t> & buf) : buf(buf) {}
      |                 ~~~~~~~~~~~~~~~~~~~~~~^~~
/home/swl/openvela/apps/examples/k7graph/vendor/ggml/src/gguf.cpp:1142:27: note: shadowed declaration is here
 1142 |     std::vector<int8_t> & buf;
      |                           ^~~
/home/swl/openvela/apps/examples/k7graph/vendor/ggml/src/gguf.cpp: In constructor 'gguf_writer::gguf_writer(std::__1::vector<signed char>&)':
/home/swl/openvela/apps/examples/k7graph/vendor/ggml/src/gguf.cpp:1144:39: warning: declaration of 'buf' shadows a member of 'gguf_writer' [-Wshadow]
 1144 |     gguf_writer(std::vector<int8_t> & buf) : buf(buf) {}
      |                 ~~~~~~~~~~~~~~~~~~~~~~^~~
/home/swl/openvela/apps/examples/k7graph/vendor/ggml/src/gguf.cpp:1142:27: note: shadowed declaration is here
 1142 |     std::vector<int8_t> & buf;
      |                           ^~~
/home/swl/openvela/apps/examples/k7graph/vendor/ggml/src/gguf.cpp: In constructor 'gguf_writer::gguf_writer(std::__1::vector<signed char>&)':
/home/swl/openvela/apps/examples/k7graph/vendor/ggml/src/gguf.cpp:1144:39: warning: declaration of 'buf' shadows a member of 'gguf_writer' [-Wshadow]
 1144 |     gguf_writer(std::vector<int8_t> & buf) : buf(buf) {}
      |                 ~~~~~~~~~~~~~~~~~~~~~~^~~
/home/swl/openvela/apps/examples/k7graph/vendor/ggml/src/gguf.cpp:1142:27: note: shadowed declaration is here
 1142 |     std::vector<int8_t> & buf;
      |                           ^~~
In file included from /home/swl/openvela/apps/examples/k7graph/vendor/ggml/src/gguf.cpp:3:
/home/swl/openvela/apps/examples/k7graph/vendor/ggml/src/ggml-impl.h: At global scope:
/home/swl/openvela/apps/examples/k7graph/vendor/ggml/src/ggml-impl.h:258:15: warning: 'size_t ggml_hash_find_or_insert(ggml_hash_set*, ggml_tensor*)' defined but not used [-Wunused-function]
  258 | static size_t ggml_hash_find_or_insert(struct ggml_hash_set * hash_set, struct ggml_tensor * key) {
      |               ^~~~~~~~~~~~~~~~~~~~~~~~
/home/swl/openvela/apps/examples/k7graph/vendor/ggml/src/ggml-impl.h:237:15: warning: 'size_t ggml_hash_insert(ggml_hash_set*, ggml_tensor*)' defined but not used [-Wunused-function]
  237 | static size_t ggml_hash_insert(struct ggml_hash_set * hash_set, struct ggml_tensor * key) {
      |               ^~~~~~~~~~~~~~~~
/home/swl/openvela/apps/examples/k7graph/vendor/ggml/src/ggml-impl.h:232:13: warning: 'bool ggml_hash_contains(const ggml_hash_set*, ggml_tensor*)' defined but not used [-Wunused-function]
  232 | static bool ggml_hash_contains(const struct ggml_hash_set * hash_set, struct ggml_tensor * key) {
      |             ^~~~~~~~~~~~~~~~~~
/home/swl/openvela/apps/examples/k7graph/vendor/ggml/src/ggml-impl.h:163:15: warning: 'size_t ggml_bitset_size(size_t)' defined but not used [-Wunused-function]
  163 | static size_t ggml_bitset_size(size_t n) {
      |               ^~~~~~~~~~~~~~~~
/home/swl/openvela/apps/examples/k7graph/vendor/ggml/src/ggml-impl.h:132:13: warning: 'void ggml_set_op_params_f32(ggml_tensor*, uint32_t, float)' defined but not used [-Wunused-function]
  132 | static void ggml_set_op_params_f32(struct ggml_tensor * tensor, uint32_t i, float value) {
      |             ^~~~~~~~~~~~~~~~~~~~~~
/home/swl/openvela/apps/examples/k7graph/vendor/ggml/src/ggml-impl.h:127:13: warning: 'void ggml_set_op_params_i32(ggml_tensor*, uint32_t, int32_t)' defined but not used [-Wunused-function]
  127 | static void ggml_set_op_params_i32(struct ggml_tensor * tensor, uint32_t i, int32_t value) {
      |             ^~~~~~~~~~~~~~~~~~~~~~
/home/swl/openvela/apps/examples/k7graph/vendor/ggml/src/ggml-impl.h:122:14: warning: 'float ggml_get_op_params_f32(const ggml_tensor*, uint32_t)' defined but not used [-Wunused-function]
  122 | static float ggml_get_op_params_f32(const struct ggml_tensor * tensor, uint32_t i) {
      |              ^~~~~~~~~~~~~~~~~~~~~~
/home/swl/openvela/apps/examples/k7graph/vendor/ggml/src/ggml-impl.h:117:16: warning: 'int32_t ggml_get_op_params_i32(const ggml_tensor*, uint32_t)' defined but not used [-Wunused-function]
  117 | static int32_t ggml_get_op_params_i32(const struct ggml_tensor * tensor, uint32_t i) {
      |                ^~~~~~~~~~~~~~~~~~~~~~
/home/swl/openvela/apps/examples/k7graph/vendor/ggml/src/ggml-impl.h:111:13: warning: 'void ggml_set_op_params(ggml_tensor*, const void*, size_t)' defined but not used [-Wunused-function]
  111 | static void ggml_set_op_params(struct ggml_tensor * tensor, const void * params, size_t params_size) {
      |             ^~~~~~~~~~~~~~~~~~
[1519/1633] Building C object apps/examples/k7host/CMakeFiles/apps_k7host.dir/k7host_main.c.o
[1520/1633] Building C object apps/examples/k7host/CMakeFiles/apps_k7host.dir/k7_jpeg.c.o
[1521/1633] Building C object apps/examples/k7host/CMakeFiles/apps_k7host.dir/k7_pipeline.c.o
[1522/1633] Building CXX object apps/examples/k7graph/CMakeFiles/apps_k7graph.dir/vendor/ggml/src/ggml-cpu/binary-ops.cpp.o
In file included from /home/swl/openvela/apps/examples/k7graph/vendor/ggml/src/ggml-backend-impl.h:5,
                 from /home/swl/openvela/apps/examples/k7graph/vendor/ggml/src/ggml-cpu/ggml-cpu-traits.h:2,
                 from /home/swl/openvela/apps/examples/k7graph/vendor/ggml/src/ggml-cpu/common.h:4,
                 from /home/swl/openvela/apps/examples/k7graph/vendor/ggml/src/ggml-cpu/binary-ops.h:3,
                 from /home/swl/openvela/apps/examples/k7graph/vendor/ggml/src/ggml-cpu/binary-ops.cpp:1:
/home/swl/openvela/apps/examples/k7graph/vendor/ggml/include/ggml-backend.h:336:119: warning: 'ggml_backend_graph_copy ggml_backend_graph_copy(ggml_backend_t, ggml_cgraph*)' hides constructor for 'struct ggml_backend_graph_copy' [-Wshadow]
  336 |     GGML_API struct ggml_backend_graph_copy ggml_backend_graph_copy(ggml_backend_t backend, struct ggml_cgraph * graph);
      |                                                                                                                       ^
In file included from /home/swl/openvela/apps/examples/k7graph/vendor/ggml/src/ggml-cpu/ggml-cpu-impl.h:6,
                 from /home/swl/openvela/apps/examples/k7graph/vendor/ggml/src/ggml-cpu/ggml-cpu-traits.h:3:
/home/swl/openvela/apps/examples/k7graph/vendor/ggml/src/ggml-impl.h:258:15: warning: 'size_t ggml_hash_find_or_insert(ggml_hash_set*, ggml_tensor*)' defined but not used [-Wunused-function]
  258 | static size_t ggml_hash_find_or_insert(struct ggml_hash_set * hash_set, struct ggml_tensor * key) {
      |               ^~~~~~~~~~~~~~~~~~~~~~~~
/home/swl/openvela/apps/examples/k7graph/vendor/ggml/src/ggml-impl.h:237:15: warning: 'size_t ggml_hash_insert(ggml_hash_set*, ggml_tensor*)' defined but not used [-Wunused-function]
  237 | static size_t ggml_hash_insert(struct ggml_hash_set * hash_set, struct ggml_tensor * key) {
      |               ^~~~~~~~~~~~~~~~
/home/swl/openvela/apps/examples/k7graph/vendor/ggml/src/ggml-impl.h:232:13: warning: 'bool ggml_hash_contains(const ggml_hash_set*, ggml_tensor*)' defined but not used [-Wunused-function]
  232 | static bool ggml_hash_contains(const struct ggml_hash_set * hash_set, struct ggml_tensor * key) {
      |             ^~~~~~~~~~~~~~~~~~
/home/swl/openvela/apps/examples/k7graph/vendor/ggml/src/ggml-impl.h:163:15: warning: 'size_t ggml_bitset_size(size_t)' defined but not used [-Wunused-function]
  163 | static size_t ggml_bitset_size(size_t n) {
      |               ^~~~~~~~~~~~~~~~
/home/swl/openvela/apps/examples/k7graph/vendor/ggml/src/ggml-impl.h:132:13: warning: 'void ggml_set_op_params_f32(ggml_tensor*, uint32_t, float)' defined but not used [-Wunused-function]
  132 | static void ggml_set_op_params_f32(struct ggml_tensor * tensor, uint32_t i, float value) {
      |             ^~~~~~~~~~~~~~~~~~~~~~
/home/swl/openvela/apps/examples/k7graph/vendor/ggml/src/ggml-impl.h:127:13: warning: 'void ggml_set_op_params_i32(ggml_tensor*, uint32_t, int32_t)' defined but not used [-Wunused-function]
  127 | static void ggml_set_op_params_i32(struct ggml_tensor * tensor, uint32_t i, int32_t value) {
      |             ^~~~~~~~~~~~~~~~~~~~~~
/home/swl/openvela/apps/examples/k7graph/vendor/ggml/src/ggml-impl.h:122:14: warning: 'float ggml_get_op_params_f32(const ggml_tensor*, uint32_t)' defined but not used [-Wunused-function]
  122 | static float ggml_get_op_params_f32(const struct ggml_tensor * tensor, uint32_t i) {
      |              ^~~~~~~~~~~~~~~~~~~~~~
/home/swl/openvela/apps/examples/k7graph/vendor/ggml/src/ggml-impl.h:117:16: warning: 'int32_t ggml_get_op_params_i32(const ggml_tensor*, uint32_t)' defined but not used [-Wunused-function]
  117 | static int32_t ggml_get_op_params_i32(const struct ggml_tensor * tensor, uint32_t i) {
      |                ^~~~~~~~~~~~~~~~~~~~~~
/home/swl/openvela/apps/examples/k7graph/vendor/ggml/src/ggml-impl.h:111:13: warning: 'void ggml_set_op_params(ggml_tensor*, const void*, size_t)' defined but not used [-Wunused-function]
  111 | static void ggml_set_op_params(struct ggml_tensor * tensor, const void * params, size_t params_size) {
      |             ^~~~~~~~~~~~~~~~~~
[1523/1633] Building CXX object apps/examples/k7graph/CMakeFiles/apps_k7graph.dir/candidate/ggml-backend-reg.cpp.o
In file included from /home/swl/openvela/apps/examples/k7graph/vendor/ggml/src/ggml-backend-impl.h:5,
                 from /home/swl/openvela/apps/examples/k7graph/candidate/ggml-backend-reg.cpp:1:
/home/swl/openvela/apps/examples/k7graph/vendor/ggml/include/ggml-backend.h:336:119: warning: 'ggml_backend_graph_copy ggml_backend_graph_copy(ggml_backend_t, ggml_cgraph*)' hides constructor for 'struct ggml_backend_graph_copy' [-Wshadow]
  336 |     GGML_API struct ggml_backend_graph_copy ggml_backend_graph_copy(ggml_backend_t backend, struct ggml_cgraph * graph);
      |                                                                                                                       ^
In file included from /home/swl/openvela/apps/examples/k7graph/candidate/ggml-backend-reg.cpp:3:
/home/swl/openvela/apps/examples/k7graph/vendor/ggml/src/ggml-impl.h:258:15: warning: 'size_t ggml_hash_find_or_insert(ggml_hash_set*, ggml_tensor*)' defined but not used [-Wunused-function]
  258 | static size_t ggml_hash_find_or_insert(struct ggml_hash_set * hash_set, struct ggml_tensor * key) {
      |               ^~~~~~~~~~~~~~~~~~~~~~~~
/home/swl/openvela/apps/examples/k7graph/vendor/ggml/src/ggml-impl.h:237:15: warning: 'size_t ggml_hash_insert(ggml_hash_set*, ggml_tensor*)' defined but not used [-Wunused-function]
  237 | static size_t ggml_hash_insert(struct ggml_hash_set * hash_set, struct ggml_tensor * key) {
      |               ^~~~~~~~~~~~~~~~
/home/swl/openvela/apps/examples/k7graph/vendor/ggml/src/ggml-impl.h:232:13: warning: 'bool ggml_hash_contains(const ggml_hash_set*, ggml_tensor*)' defined but not used [-Wunused-function]
  232 | static bool ggml_hash_contains(const struct ggml_hash_set * hash_set, struct ggml_tensor * key) {
      |             ^~~~~~~~~~~~~~~~~~
/home/swl/openvela/apps/examples/k7graph/vendor/ggml/src/ggml-impl.h:163:15: warning: 'size_t ggml_bitset_size(size_t)' defined but not used [-Wunused-function]
  163 | static size_t ggml_bitset_size(size_t n) {
      |               ^~~~~~~~~~~~~~~~
/home/swl/openvela/apps/examples/k7graph/vendor/ggml/src/ggml-impl.h:132:13: warning: 'void ggml_set_op_params_f32(ggml_tensor*, uint32_t, float)' defined but not used [-Wunused-function]
  132 | static void ggml_set_op_params_f32(struct ggml_tensor * tensor, uint32_t i, float value) {
      |             ^~~~~~~~~~~~~~~~~~~~~~
/home/swl/openvela/apps/examples/k7graph/vendor/ggml/src/ggml-impl.h:127:13: warning: 'void ggml_set_op_params_i32(ggml_tensor*, uint32_t, int32_t)' defined but not used [-Wunused-function]
  127 | static void ggml_set_op_params_i32(struct ggml_tensor * tensor, uint32_t i, int32_t value) {
      |             ^~~~~~~~~~~~~~~~~~~~~~
/home/swl/openvela/apps/examples/k7graph/vendor/ggml/src/ggml-impl.h:122:14: warning: 'float ggml_get_op_params_f32(const ggml_tensor*, uint32_t)' defined but not used [-Wunused-function]
  122 | static float ggml_get_op_params_f32(const struct ggml_tensor * tensor, uint32_t i) {
      |              ^~~~~~~~~~~~~~~~~~~~~~
/home/swl/openvela/apps/examples/k7graph/vendor/ggml/src/ggml-impl.h:117:16: warning: 'int32_t ggml_get_op_params_i32(const ggml_tensor*, uint32_t)' defined but not used [-Wunused-function]
  117 | static int32_t ggml_get_op_params_i32(const struct ggml_tensor * tensor, uint32_t i) {
      |                ^~~~~~~~~~~~~~~~~~~~~~
/home/swl/openvela/apps/examples/k7graph/vendor/ggml/src/ggml-impl.h:111:13: warning: 'void ggml_set_op_params(ggml_tensor*, const void*, size_t)' defined but not used [-Wunused-function]
  111 | static void ggml_set_op_params(struct ggml_tensor * tensor, const void * params, size_t params_size) {
      |             ^~~~~~~~~~~~~~~~~~
[1524/1633] Building C object apps/examples/k7host/CMakeFiles/apps_k7host.dir/k7_photo.c.o
[1525/1633] Building CXX object apps/examples/k7graph/CMakeFiles/apps_k7graph.dir/vendor/ggml/src/ggml-cpu/unary-ops.cpp.o
In file included from /home/swl/openvela/apps/examples/k7graph/vendor/ggml/src/ggml-backend-impl.h:5,
                 from /home/swl/openvela/apps/examples/k7graph/vendor/ggml/src/ggml-cpu/ggml-cpu-traits.h:2,
                 from /home/swl/openvela/apps/examples/k7graph/vendor/ggml/src/ggml-cpu/common.h:4,
                 from /home/swl/openvela/apps/examples/k7graph/vendor/ggml/src/ggml-cpu/unary-ops.h:3,
                 from /home/swl/openvela/apps/examples/k7graph/vendor/ggml/src/ggml-cpu/unary-ops.cpp:1:
/home/swl/openvela/apps/examples/k7graph/vendor/ggml/include/ggml-backend.h:336:119: warning: 'ggml_backend_graph_copy ggml_backend_graph_copy(ggml_backend_t, ggml_cgraph*)' hides constructor for 'struct ggml_backend_graph_copy' [-Wshadow]
  336 |     GGML_API struct ggml_backend_graph_copy ggml_backend_graph_copy(ggml_backend_t backend, struct ggml_cgraph * graph);
      |                                                                                                                       ^
In file included from /home/swl/openvela/apps/examples/k7graph/vendor/ggml/src/ggml-cpu/ggml-cpu-impl.h:6,
                 from /home/swl/openvela/apps/examples/k7graph/vendor/ggml/src/ggml-cpu/ggml-cpu-traits.h:3:
/home/swl/openvela/apps/examples/k7graph/vendor/ggml/src/ggml-impl.h:258:15: warning: 'size_t ggml_hash_find_or_insert(ggml_hash_set*, ggml_tensor*)' defined but not used [-Wunused-function]
  258 | static size_t ggml_hash_find_or_insert(struct ggml_hash_set * hash_set, struct ggml_tensor * key) {
      |               ^~~~~~~~~~~~~~~~~~~~~~~~
/home/swl/openvela/apps/examples/k7graph/vendor/ggml/src/ggml-impl.h:237:15: warning: 'size_t ggml_hash_insert(ggml_hash_set*, ggml_tensor*)' defined but not used [-Wunused-function]
  237 | static size_t ggml_hash_insert(struct ggml_hash_set * hash_set, struct ggml_tensor * key) {
      |               ^~~~~~~~~~~~~~~~
/home/swl/openvela/apps/examples/k7graph/vendor/ggml/src/ggml-impl.h:232:13: warning: 'bool ggml_hash_contains(const ggml_hash_set*, ggml_tensor*)' defined but not used [-Wunused-function]
  232 | static bool ggml_hash_contains(const struct ggml_hash_set * hash_set, struct ggml_tensor * key) {
      |             ^~~~~~~~~~~~~~~~~~
/home/swl/openvela/apps/examples/k7graph/vendor/ggml/src/ggml-impl.h:163:15: warning: 'size_t ggml_bitset_size(size_t)' defined but not used [-Wunused-function]
  163 | static size_t ggml_bitset_size(size_t n) {
      |               ^~~~~~~~~~~~~~~~
/home/swl/openvela/apps/examples/k7graph/vendor/ggml/src/ggml-impl.h:132:13: warning: 'void ggml_set_op_params_f32(ggml_tensor*, uint32_t, float)' defined but not used [-Wunused-function]
  132 | static void ggml_set_op_params_f32(struct ggml_tensor * tensor, uint32_t i, float value) {
      |             ^~~~~~~~~~~~~~~~~~~~~~
/home/swl/openvela/apps/examples/k7graph/vendor/ggml/src/ggml-impl.h:127:13: warning: 'void ggml_set_op_params_i32(ggml_tensor*, uint32_t, int32_t)' defined but not used [-Wunused-function]
  127 | static void ggml_set_op_params_i32(struct ggml_tensor * tensor, uint32_t i, int32_t value) {
      |             ^~~~~~~~~~~~~~~~~~~~~~
/home/swl/openvela/apps/examples/k7graph/vendor/ggml/src/ggml-impl.h:122:14: warning: 'float ggml_get_op_params_f32(const ggml_tensor*, uint32_t)' defined but not used [-Wunused-function]
  122 | static float ggml_get_op_params_f32(const struct ggml_tensor * tensor, uint32_t i) {
      |              ^~~~~~~~~~~~~~~~~~~~~~
/home/swl/openvela/apps/examples/k7graph/vendor/ggml/src/ggml-impl.h:117:16: warning: 'int32_t ggml_get_op_params_i32(const ggml_tensor*, uint32_t)' defined but not used [-Wunused-function]
  117 | static int32_t ggml_get_op_params_i32(const struct ggml_tensor * tensor, uint32_t i) {
      |                ^~~~~~~~~~~~~~~~~~~~~~
/home/swl/openvela/apps/examples/k7graph/vendor/ggml/src/ggml-impl.h:111:13: warning: 'void ggml_set_op_params(ggml_tensor*, const void*, size_t)' defined but not used [-Wunused-function]
  111 | static void ggml_set_op_params(struct ggml_tensor * tensor, const void * params, size_t params_size) {
      |             ^~~~~~~~~~~~~~~~~~
[1526/1633] Building C object apps/examples/k7host/CMakeFiles/apps_k7host.dir/fusion_core.c.o
[1527/1633] Building C object apps/examples/k7host/CMakeFiles/apps_k7host.dir/k7_preview.c.o
[1528/1633] Building C object apps/examples/k7host/CMakeFiles/apps_k7host.dir/k7_track.c.o
[1529/1633] Building C object apps/examples/k7host/CMakeFiles/apps_k7host.dir/k7_preview_queue.c.o
[1530/1633] Building C object apps/examples/k7host/CMakeFiles/apps_k7host.dir/dwc3_transport_core.c.o
[1531/1633] Building C object apps/examples/k7host/CMakeFiles/apps_k7host.dir/k7_video_frame.c.o
[1532/1633] Building C object apps/examples/k7host/CMakeFiles/apps_k7host.dir/k7_video_queue.c.o
[1533/1633] Building C object apps/examples/k7host/CMakeFiles/apps_k7host.dir/k7_link_probe.c.o
[1534/1633] Building C object apps/examples/k7load/CMakeFiles/apps_k7load.dir/k7load_main.c.o
[1535/1633] Building C object apps/examples/k7mem/CMakeFiles/apps_k7mem.dir/k7mem_main.c.o
[1536/1633] Building ASM object apps/examples/k7neon/CMakeFiles/apps_k7neon.dir/neon_hold.S.o
[1537/1633] Building C object apps/examples/k7npu/CMakeFiles/apps_k7npu.dir/k7npu_main.c.o
[1538/1633] Building C object apps/examples/k7neon/CMakeFiles/apps_k7neon.dir/k7neon_main.c.o
[1539/1633] Building C object apps/examples/k7npu/CMakeFiles/apps_k7npu.dir/k7npu_mmutest.c.o
[1540/1633] Building C object apps/examples/k7npu/CMakeFiles/apps_k7npu.dir/rk3576_npu_mmu.c.o
[1541/1633] Building C object apps/examples/k7npu/CMakeFiles/apps_k7npu.dir/rk3576_npu_window.c.o
[1542/1633] Building C object apps/examples/k7npu/CMakeFiles/apps_k7npu.dir/k7npu_rawtest.c.o
[1543/1633] Building C object apps/examples/k7npu/CMakeFiles/apps_k7npu.dir/k7npu_fixture_io.c.o
[1544/1633] Building C object apps/examples/k7radio/CMakeFiles/apps_k7radio.dir/skw_bus.c.o
[1545/1633] Building C object apps/examples/k7radio/CMakeFiles/apps_k7radio.dir/skw_dw.c.o
[1546/1633] Building C object apps/examples/k7radio/CMakeFiles/apps_k7radio.dir/skw_rk3576.c.o
[1547/1633] Building C object apps/examples/k7radio/CMakeFiles/apps_k7radio.dir/skw_packet.c.o
[1548/1633] Building C object apps/examples/k7radio/CMakeFiles/apps_k7radio.dir/skw_bt.c.o
[1549/1633] Building C object apps/examples/k7radio/CMakeFiles/apps_k7radio.dir/skw_wpa_transport.c.o
[1550/1633] Building C object apps/examples/k7radio/CMakeFiles/apps_k7radio.dir/prov_protocol.c.o
[1551/1633] Building C object apps/examples/k7host/CMakeFiles/apps_k7host.dir/k7_yunet.c.o
[1552/1633] Building C object apps/examples/k7radio/CMakeFiles/apps_k7radio.dir/skw_supplicant.c.o
[1553/1633] Building C object apps/examples/k7radio/CMakeFiles/apps_k7radio.dir/cJSON.c.o
[1554/1633] Building C object apps/examples/k7radio/CMakeFiles/apps_k7radio.dir/skw_supplicant_os.c.o
[1555/1633] Building C object apps/examples/k7radio/CMakeFiles/apps_k7radio.dir/hostap/rsn_supp/wpa_ie.c.o
[1556/1633] Building C object apps/examples/k7radio/CMakeFiles/apps_k7radio.dir/hostap/rsn_supp/pmksa_cache.c.o
[1557/1633] Building C object apps/examples/k7radio/CMakeFiles/apps_k7radio.dir/k7radio_main.c.o
[1558/1633] Building C object apps/examples/k7radio/CMakeFiles/apps_k7radio.dir/hostap/common/wpa_common.c.o
[1559/1633] Building C object apps/examples/k7radio/CMakeFiles/apps_k7radio.dir/hostap/rsn_supp/wpa.c.o
[1560/1633] Building C object apps/examples/k7radio/CMakeFiles/apps_k7radio.dir/hostap/utils/wpabuf.c.o
[1561/1633] Building C object apps/examples/k7radio/CMakeFiles/apps_k7radio.dir/hostap/utils/common.c.o
[1562/1633] Building C object apps/examples/k7radio/CMakeFiles/apps_k7radio.dir/hostap/utils/bitfield.c.o
[1563/1633] Building C object apps/examples/k7radio/CMakeFiles/apps_k7radio.dir/hostap/crypto/aes-internal.c.o
[1564/1633] Building C object apps/examples/k7radio/CMakeFiles/apps_k7radio.dir/hostap/common/ieee802_11_common.c.o
[1565/1633] Building C object apps/examples/k7radio/CMakeFiles/apps_k7radio.dir/hostap/crypto/aes-internal-enc.c.o
[1566/1633] Building C object apps/examples/k7radio/CMakeFiles/apps_k7radio.dir/hostap/crypto/aes-internal-dec.c.o
[1567/1633] Building C object apps/examples/k7radio/CMakeFiles/apps_k7radio.dir/hostap/crypto/aes-unwrap.c.o
[1568/1633] Building C object apps/examples/k7radio/CMakeFiles/apps_k7radio.dir/hostap/crypto/aes-wrap.c.o
[1569/1633] Building C object apps/examples/k7radio/CMakeFiles/apps_k7radio.dir/hostap/crypto/aes-omac1.c.o
[1570/1633] Building C object apps/examples/k7radio/CMakeFiles/apps_k7radio.dir/hostap/crypto/sha1.c.o
[1571/1633] Building C object apps/examples/k7radio/CMakeFiles/apps_k7radio.dir/hostap/crypto/sha1-prf.c.o
[1572/1633] Building C object apps/examples/k7radio/CMakeFiles/apps_k7radio.dir/hostap/crypto/sha1-pbkdf2.c.o
[1573/1633] Building C object apps/examples/k7radio/CMakeFiles/apps_k7radio.dir/hostap/crypto/sha1-internal.c.o
[1574/1633] Building C object apps/examples/k7radio/CMakeFiles/apps_k7radio.dir/hostap/crypto/sha256.c.o
[1575/1633] Building C object apps/examples/k7radio/CMakeFiles/apps_k7radio.dir/hostap/crypto/sha256-internal.c.o
[1576/1633] Building C object apps/examples/k7radio/CMakeFiles/apps_k7radio.dir/hostap/crypto/sha256-prf.c.o
[1577/1633] Building C object apps/examples/k7radio/CMakeFiles/apps_k7radio.dir/hostap/crypto/md5.c.o
[1578/1633] Building C object apps/examples/k7radio/CMakeFiles/apps_k7radio.dir/hostap/crypto/rc4.c.o
[1579/1633] Building C object apps/examples/k7radio/CMakeFiles/apps_k7radio.dir/hostap/crypto/md5-internal.c.o
[1580/1633] Building C object apps/examples/k7radio/CMakeFiles/apps_k7radio.dir/skw_random.c.o
[1581/1633] Building C object apps/examples/k7smp/CMakeFiles/apps_k7smp.dir/k7smp_main.c.o
[1582/1633] Building C object apps/examples/k7storage/CMakeFiles/apps_k7storage.dir/k7storage_main.c.o
[1583/1633] Building C object apps/external/android/CMakeFiles/android.dir/dummy.c.o
[1584/1633] Building C object apps/examples/k7usb/CMakeFiles/apps_k7usb.dir/k7usb_main.c.o
[1585/1633] Building C object apps/builtin/CMakeFiles/apps_builtin.dir/builtin_list.c.o
[1586/1633] Building C object apps/examples/k7radio/CMakeFiles/apps_k7radio.dir/skw_netdev.c.o
[1587/1633] Linking C static library apps/external/libjpeg-turbo/libturbojpeg-static.a
[1588/1633] Building ASM object CMakeFiles/nuttx.dir/arch/arm64/src/common/arm64_head.S.o
[1589/1633] Building C object CMakeFiles/nuttx.dir/empty.c.o
[1590/1633] Building CXX object CMakeFiles/nuttx.dir/empty.cxx.o
[1591/1633] Linking C static library binfmt/libbinfmt.a
[1592/1633] Linking C static library arch/libarch.a
[1593/1633] Linking C static library drivers/libdrivers.a
[1594/1633] Linking C static library fs/libfs.a
[1595/1633] Linking CXX static library libs/libxx/libcxxabi/liblibcxxabi.a
[1596/1633] Linking CXX static library libs/libxx/libcxx/liblibcxx.a
[1597/1633] Linking C static library mm/libmm.a
[1598/1633] Linking C static library net/libnet.a
[1599/1633] Linking C static library wireless/libwireless.a
[1600/1633] Linking C static library boards/libboard.a
[1601/1633] Linking C static library sched/libsched.a
[1602/1633] Linking C static library apps/system/nsh/libapps_nsh.a
[1603/1633] Linking C static library apps/system/nsh/libapps_sh.a
[1604/1633] Linking C static library apps/system/ping/libapps_ping.a
[1605/1633] Linking C static library apps/libapps.a
[1606/1633] Linking C static library apps/wireless/bluetooth/btsak/libapps_bt.a
[1607/1633] Linking C static library apps/examples/hello/libapps_hello.a
[1608/1633] Linking C static library apps/examples/gimbal/libapps_gimbal.a
[1609/1633] Linking C static library apps/examples/k7audio/libapps_k7audio.a
[1610/1633] Linking CXX static library apps/examples/k7arena/libapps_k7arena.a
[1611/1633] Linking C static library apps/examples/k7audiohw/libapps_k7audiohw.a
[1612/1633] Linking CXX static library apps/examples/k7cxx/libapps_k7cxx.a
[1613/1633] Linking CXX static library apps/examples/k7eh/libapps_k7eh.a
[1614/1633] Linking C static library apps/examples/k7emmc/libapps_k7emmc.a
[1615/1633] Linking C static library apps/examples/k7load/libapps_k7load.a
[1616/1633] Linking C static library apps/examples/k7mem/libapps_k7mem.a
[1617/1633] Linking C static library apps/examples/k7neon/libapps_k7neon.a
[1618/1633] Linking C static library apps/examples/k7npu/libapps_k7npu.a
[1619/1633] Linking CXX static library apps/examples/k7graph/libapps_k7graph.a
[1620/1633] Linking C static library apps/examples/k7smp/libapps_k7smp.a
[1621/1633] Linking C static library apps/examples/k7storage/libapps_k7storage.a
[1622/1633] Linking C static library apps/examples/k7usb/libapps_k7usb.a
[1623/1633] Linking C static library apps/examples/k7radio/libapps_k7radio.a
[1624/1633] Linking C static library libs/libc/libc.a
[1625/1633] Linking C static library apps/external/android/libandroid.a
[1626/1633] Linking C static library apps/builtin/libapps_builtin.a
[1627/1633] Building C object arch/arm64/src/common/CMakeFiles/STARTUP_OBJS.dir/crt0.c.o
[1628/1633] Building C object apps/examples/k7host/CMakeFiles/apps_k7host.dir/k7_pose.c.o
[1629/1633] Linking C static library apps/examples/k7host/libapps_k7host.a
[1630/1633] Linking CXX executable nuttx
Memory region         Used Size  Region Size  %age Used
            dram:       6360 KB       126 MB      4.93%
[1631/1633] Generating nuttx.bin
[1632/1633] Generating System.map
