In file included from [01m[K/dev/shm/velavision-sherpa-asr-20260911/sherpa/sherpa-onnx/csrc/provider-config.h:11[m[K,
                 from [01m[K/dev/shm/velavision-sherpa-asr-20260911/sherpa/sherpa-onnx/csrc/online-model-config.h:15[m[K,
                 from [01m[K/dev/shm/velavision-sherpa-asr-20260911/sherpa/sherpa-onnx/csrc/online-paraformer-model.h:12[m[K,
                 from [01m[K/home/swl/openvela/work/native-asr-recognizer/online-paraformer-model.cc:5[m[K:
[01m[K/dev/shm/velavision-sherpa-asr-20260911/sherpa/sherpa-onnx/csrc/macros.h:11:5:[m[K [01;31m[Kerror: [m[K"__OHOS__" is not defined, evaluates to 0 [[01;31m[K-Werror=undef[m[K]
   11 | #if [01;31m[K__OHOS__[m[K
      |     [01;31m[K^~~~~~~~[m[K
[01m[K/dev/shm/velavision-sherpa-asr-20260911/sherpa/sherpa-onnx/csrc/macros.h:22:5:[m[K [01;31m[Kerror: [m[K"__ANDROID_API__" is not defined, evaluates to 0 [[01;31m[K-Werror=undef[m[K]
   22 | #if [01;31m[K__ANDROID_API__[m[K >= 8
      |     [01;31m[K^~~~~~~~~~~~~~~[m[K
[01m[K/dev/shm/velavision-sherpa-asr-20260911/sherpa/sherpa-onnx/csrc/macros.h:34:7:[m[K [01;31m[Kerror: [m[K"SHERPA_ONNX_ENABLE_WASM" is not defined, evaluates to 0 [[01;31m[K-Werror=undef[m[K]
   34 | #elif [01;31m[KSHERPA_ONNX_ENABLE_WASM[m[K
      |       [01;31m[K^~~~~~~~~~~~~~~~~~~~~~~[m[K
[01m[K/home/swl/openvela/work/native-asr-recognizer/online-paraformer-model.cc:14:5:[m[K [01;31m[Kerror: [m[K"__ANDROID_API__" is not defined, evaluates to 0 [[01;31m[K-Werror=undef[m[K]
   14 | #if [01;31m[K__ANDROID_API__[m[K >= 9
      |     [01;31m[K^~~~~~~~~~~~~~~[m[K
[01m[K/home/swl/openvela/work/native-asr-recognizer/online-paraformer-model.cc:19:5:[m[K [01;31m[Kerror: [m[K"__OHOS__" is not defined, evaluates to 0 [[01;31m[K-Werror=undef[m[K]
   19 | #if [01;31m[K__OHOS__[m[K
      |     [01;31m[K^~~~~~~~[m[K
In file included from [01m[K/home/swl/openvela/work/native-asr-recognizer/online-paraformer-model.cc:23[m[K:
[01m[K/dev/shm/velavision-sherpa-asr-20260911/sherpa/sherpa-onnx/csrc/file-utils.h:12:5:[m[K [01;31m[Kerror: [m[K"__ANDROID_API__" is not defined, evaluates to 0 [[01;31m[K-Werror=undef[m[K]
   12 | #if [01;31m[K__ANDROID_API__[m[K >= 9
      |     [01;31m[K^~~~~~~~~~~~~~~[m[K
[01m[K/dev/shm/velavision-sherpa-asr-20260911/sherpa/sherpa-onnx/csrc/file-utils.h:17:5:[m[K [01;31m[Kerror: [m[K"__OHOS__" is not defined, evaluates to 0 [[01;31m[K-Werror=undef[m[K]
   17 | #if [01;31m[K__OHOS__[m[K
      |     [01;31m[K^~~~~~~~[m[K
[01m[K/dev/shm/velavision-sherpa-asr-20260911/sherpa/sherpa-onnx/csrc/file-utils.h:38:5:[m[K [01;31m[Kerror: [m[K"__ANDROID_API__" is not defined, evaluates to 0 [[01;31m[K-Werror=undef[m[K]
   38 | #if [01;31m[K__ANDROID_API__[m[K >= 9
      |     [01;31m[K^~~~~~~~~~~~~~~[m[K
[01m[K/dev/shm/velavision-sherpa-asr-20260911/sherpa/sherpa-onnx/csrc/file-utils.h:42:5:[m[K [01;31m[Kerror: [m[K"__OHOS__" is not defined, evaluates to 0 [[01;31m[K-Werror=undef[m[K]
   42 | #if [01;31m[K__OHOS__[m[K
      |     [01;31m[K^~~~~~~~[m[K
[01m[K/home/swl/openvela/work/native-asr-recognizer/online-paraformer-model.cc:145:5:[m[K [01;31m[Kerror: [m[K"__OHOS__" is not defined, evaluates to 0 [[01;31m[K-Werror=undef[m[K]
  145 | #if [01;31m[K__OHOS__[m[K
      |     [01;31m[K^~~~~~~~[m[K
[01m[K/home/swl/openvela/work/native-asr-recognizer/online-paraformer-model.cc:275:5:[m[K [01;31m[Kerror: [m[K"__ANDROID_API__" is not defined, evaluates to 0 [[01;31m[K-Werror=undef[m[K]
  275 | #if [01;31m[K__ANDROID_API__[m[K >= 9
      |     [01;31m[K^~~~~~~~~~~~~~~[m[K
[01m[K/home/swl/openvela/work/native-asr-recognizer/online-paraformer-model.cc:280:5:[m[K [01;31m[Kerror: [m[K"__OHOS__" is not defined, evaluates to 0 [[01;31m[K-Werror=undef[m[K]
  280 | #if [01;31m[K__OHOS__[m[K
      |     [01;31m[K^~~~~~~~[m[K
In file included from [01m[K/dev/shm/velavision-ort-session-20260911/ort/include/onnxruntime/core/session/onnxruntime_cxx_api.h:27[m[K,
                 from [01m[K/dev/shm/velavision-sherpa-asr-20260911/sherpa/sherpa-onnx/csrc/online-paraformer-model.h:11[m[K:
[01m[K/dev/shm/velavision-ort-session-20260911/ort/include/onnxruntime/core/session/onnxruntime_float16.h:[m[K In lambda function:
[01m[K/dev/shm/velavision-ort-session-20260911/ort/include/onnxruntime/core/session/onnxruntime_float16.h:493:16:[m[K [01;31m[Kerror: [m[Kdeclaration of '[01m[Kresult[m[K' shadows a previous local [[01;31m[K-Werror=shadow[m[K]
  493 |       uint16_t [01;31m[Kresult[m[K;
      |                [01;31m[K^~~~~~[m[K
[01m[K/dev/shm/velavision-ort-session-20260911/ort/include/onnxruntime/core/session/onnxruntime_float16.h:488:12:[m[K [01;36m[Knote: [m[Kshadowed declaration is here
  488 |   uint16_t [01;36m[Kresult[m[K;
      |            [01;36m[K^~~~~~[m[K
In file included from [01m[K/dev/shm/velavision-ort-session-20260911/ort/include/onnxruntime/core/session/onnxruntime_cxx_api.h:2372[m[K:
[01m[K/dev/shm/velavision-ort-session-20260911/ort/include/onnxruntime/core/session/onnxruntime_cxx_inline.h:[m[K In lambda function:
[01m[K/dev/shm/velavision-ort-session-20260911/ort/include/onnxruntime/core/session/onnxruntime_cxx_inline.h:1123:54:[m[K [01;31m[Kerror: [m[Kdeclaration of '[01m[Kout[m[K' shadows a previous local [[01;31m[K-Werror=shadow[m[K]
 1123 |   auto strings_deletor = [&deletor, num_keys]([01;31m[Kchar** out[m[K) { for(int64_t i = 0; i < num_keys; ++i) deletor(out[i]); };
      |                                               [01;31m[K~~~~~~~^~~[m[K
[01m[K/dev/shm/velavision-ort-session-20260911/ort/include/onnxruntime/core/session/onnxruntime_cxx_inline.h:1113:10:[m[K [01;36m[Knote: [m[Kshadowed declaration is here
 1113 |   char** [01;36m[Kout[m[K = nullptr;
      |          [01;36m[K^~~[m[K
[01m[K/dev/shm/velavision-ort-session-20260911/ort/include/onnxruntime/core/session/onnxruntime_cxx_inline.h:[m[K In lambda function:
[01m[K/dev/shm/velavision-ort-session-20260911/ort/include/onnxruntime/core/session/onnxruntime_cxx_inline.h:1892:35:[m[K [01;31m[Kerror: [m[Kdeclaration of '[01m[Kproviders[m[K' shadows a previous local [[01;31m[K-Werror=shadow[m[K]
 1892 |   auto release_fn = [&len]([01;31m[Kchar** providers[m[K) {
      |                            [01;31m[K~~~~~~~^~~~~~~~~[m[K
[01m[K/dev/shm/velavision-ort-session-20260911/ort/include/onnxruntime/core/session/onnxruntime_cxx_inline.h:1889:10:[m[K [01;36m[Knote: [m[Kshadowed declaration is here
 1889 |   char** [01;36m[Kproviders[m[K;
      |          [01;36m[K^~~~~~~~~[m[K
In file included from [01m[K/dev/shm/velavision-sherpa-asr-20260911/sherpa/sherpa-onnx/csrc/online-model-config.h:9[m[K:
[01m[K/dev/shm/velavision-sherpa-asr-20260911/sherpa/sherpa-onnx/csrc/online-nemo-ctc-model-config.h:[m[K In constructor '[01m[Ksherpa_onnx::OnlineNeMoCtcModelConfig::[01;32m[KOnlineNeMoCtcModelConfig[m[K(const std::__1::string&)[m[K':
[01m[K/dev/shm/velavision-sherpa-asr-20260911/sherpa/sherpa-onnx/csrc/online-nemo-ctc-model-config.h:18:56:[m[K [01;31m[Kerror: [m[Kdeclaration of '[01m[Kmodel[m[K' shadows a member of '[01m[Ksherpa_onnx::OnlineNeMoCtcModelConfig[m[K' [[01;31m[K-Werror=shadow[m[K]
   18 |   explicit OnlineNeMoCtcModelConfig([01;31m[Kconst std::string &model[m[K) : model(model) {}
      |                                     [01;31m[K~~~~~~~~~~~~~~~~~~~^~~~~[m[K
[01m[K/dev/shm/velavision-sherpa-asr-20260911/sherpa/sherpa-onnx/csrc/online-nemo-ctc-model-config.h:14:15:[m[K [01;36m[Knote: [m[Kshadowed declaration is here
   14 |   std::string [01;36m[Kmodel[m[K;
      |               [01;36m[K^~~~~[m[K
[01m[K/dev/shm/velavision-sherpa-asr-20260911/sherpa/sherpa-onnx/csrc/online-nemo-ctc-model-config.h:[m[K In constructor '[01m[Ksherpa_onnx::OnlineNeMoCtcModelConfig::[01;32m[KOnlineNeMoCtcModelConfig[m[K(const std::__1::string&)[m[K':
[01m[K/dev/shm/velavision-sherpa-asr-20260911/sherpa/sherpa-onnx/csrc/online-nemo-ctc-model-config.h:18:56:[m[K [01;31m[Kerror: [m[Kdeclaration of '[01m[Kmodel[m[K' shadows a member of '[01m[Ksherpa_onnx::OnlineNeMoCtcModelConfig[m[K' [[01;31m[K-Werror=shadow[m[K]
   18 |   explicit OnlineNeMoCtcModelConfig([01;31m[Kconst std::string &model[m[K) : model(model) {}
      |                                     [01;31m[K~~~~~~~~~~~~~~~~~~~^~~~~[m[K
[01m[K/dev/shm/velavision-sherpa-asr-20260911/sherpa/sherpa-onnx/csrc/online-nemo-ctc-model-config.h:14:15:[m[K [01;36m[Knote: [m[Kshadowed declaration is here
   14 |   std::string [01;36m[Kmodel[m[K;
      |               [01;36m[K^~~~~[m[K
[01m[K/dev/shm/velavision-sherpa-asr-20260911/sherpa/sherpa-onnx/csrc/online-nemo-ctc-model-config.h:[m[K In constructor '[01m[Ksherpa_onnx::OnlineNeMoCtcModelConfig::[01;32m[KOnlineNeMoCtcModelConfig[m[K(const std::__1::string&)[m[K':
[01m[K/dev/shm/velavision-sherpa-asr-20260911/sherpa/sherpa-onnx/csrc/online-nemo-ctc-model-config.h:18:56:[m[K [01;31m[Kerror: [m[Kdeclaration of '[01m[Kmodel[m[K' shadows a member of '[01m[Ksherpa_onnx::OnlineNeMoCtcModelConfig[m[K' [[01;31m[K-Werror=shadow[m[K]
   18 |   explicit OnlineNeMoCtcModelConfig([01;31m[Kconst std::string &model[m[K) : model(model) {}
      |                                     [01;31m[K~~~~~~~~~~~~~~~~~~~^~~~~[m[K
[01m[K/dev/shm/velavision-sherpa-asr-20260911/sherpa/sherpa-onnx/csrc/online-nemo-ctc-model-config.h:14:15:[m[K [01;36m[Knote: [m[Kshadowed declaration is here
   14 |   std::string [01;36m[Kmodel[m[K;
      |               [01;36m[K^~~~~[m[K
In file included from [01m[K/dev/shm/velavision-sherpa-asr-20260911/sherpa/sherpa-onnx/csrc/online-model-config.h:10[m[K:
[01m[K/dev/shm/velavision-sherpa-asr-20260911/sherpa/sherpa-onnx/csrc/online-paraformer-model-config.h:[m[K In constructor '[01m[Ksherpa_onnx::OnlineParaformerModelConfig::[01;32m[KOnlineParaformerModelConfig[m[K(const std::__1::string&, const std::__1::string&)[m[K':
[01m[K/dev/shm/velavision-sherpa-asr-20260911/sherpa/sherpa-onnx/csrc/online-paraformer-model-config.h:20:50:[m[K [01;31m[Kerror: [m[Kdeclaration of '[01m[Kdecoder[m[K' shadows a member of '[01m[Ksherpa_onnx::OnlineParaformerModelConfig[m[K' [[01;31m[K-Werror=shadow[m[K]
   20 |                               [01;31m[Kconst std::string &decoder[m[K)
      |                               [01;31m[K~~~~~~~~~~~~~~~~~~~^~~~~~~[m[K
[01m[K/dev/shm/velavision-sherpa-asr-20260911/sherpa/sherpa-onnx/csrc/online-paraformer-model-config.h:15:15:[m[K [01;36m[Knote: [m[Kshadowed declaration is here
   15 |   std::string [01;36m[Kdecoder[m[K;
      |               [01;36m[K^~~~~~~[m[K
[01m[K/dev/shm/velavision-sherpa-asr-20260911/sherpa/sherpa-onnx/csrc/online-paraformer-model-config.h:19:50:[m[K [01;31m[Kerror: [m[Kdeclaration of '[01m[Kencoder[m[K' shadows a member of '[01m[Ksherpa_onnx::OnlineParaformerModelConfig[m[K' [[01;31m[K-Werror=shadow[m[K]
   19 |   OnlineParaformerModelConfig([01;31m[Kconst std::string &encoder[m[K,
      |                               [01;31m[K~~~~~~~~~~~~~~~~~~~^~~~~~~[m[K
[01m[K/dev/shm/velavision-sherpa-asr-20260911/sherpa/sherpa-onnx/csrc/online-paraformer-model-config.h:14:15:[m[K [01;36m[Knote: [m[Kshadowed declaration is here
   14 |   std::string [01;36m[Kencoder[m[K;
      |               [01;36m[K^~~~~~~[m[K
[01m[K/dev/shm/velavision-sherpa-asr-20260911/sherpa/sherpa-onnx/csrc/online-paraformer-model-config.h:[m[K In constructor '[01m[Ksherpa_onnx::OnlineParaformerModelConfig::[01;32m[KOnlineParaformerModelConfig[m[K(const std::__1::string&, const std::__1::string&)[m[K':
[01m[K/dev/shm/velavision-sherpa-asr-20260911/sherpa/sherpa-onnx/csrc/online-paraformer-model-config.h:20:50:[m[K [01;31m[Kerror: [m[Kdeclaration of '[01m[Kdecoder[m[K' shadows a member of '[01m[Ksherpa_onnx::OnlineParaformerModelConfig[m[K' [[01;31m[K-Werror=shadow[m[K]
   20 |                               [01;31m[Kconst std::string &decoder[m[K)
      |                               [01;31m[K~~~~~~~~~~~~~~~~~~~^~~~~~~[m[K
[01m[K/dev/shm/velavision-sherpa-asr-20260911/sherpa/sherpa-onnx/csrc/online-paraformer-model-config.h:15:15:[m[K [01;36m[Knote: [m[Kshadowed declaration is here
   15 |   std::string [01;36m[Kdecoder[m[K;
      |               [01;36m[K^~~~~~~[m[K
[01m[K/dev/shm/velavision-sherpa-asr-20260911/sherpa/sherpa-onnx/csrc/online-paraformer-model-config.h:19:50:[m[K [01;31m[Kerror: [m[Kdeclaration of '[01m[Kencoder[m[K' shadows a member of '[01m[Ksherpa_onnx::OnlineParaformerModelConfig[m[K' [[01;31m[K-Werror=shadow[m[K]
   19 |   OnlineParaformerModelConfig([01;31m[Kconst std::string &encoder[m[K,
      |                               [01;31m[K~~~~~~~~~~~~~~~~~~~^~~~~~~[m[K
[01m[K/dev/shm/velavision-sherpa-asr-20260911/sherpa/sherpa-onnx/csrc/online-paraformer-model-config.h:14:15:[m[K [01;36m[Knote: [m[Kshadowed declaration is here
   14 |   std::string [01;36m[Kencoder[m[K;
      |               [01;36m[K^~~~~~~[m[K
[01m[K/dev/shm/velavision-sherpa-asr-20260911/sherpa/sherpa-onnx/csrc/online-paraformer-model-config.h:[m[K In constructor '[01m[Ksherpa_onnx::OnlineParaformerModelConfig::[01;32m[KOnlineParaformerModelConfig[m[K(const std::__1::string&, const std::__1::string&)[m[K':
[01m[K/dev/shm/velavision-sherpa-asr-20260911/sherpa/sherpa-onnx/csrc/online-paraformer-model-config.h:20:50:[m[K [01;31m[Kerror: [m[Kdeclaration of '[01m[Kdecoder[m[K' shadows a member of '[01m[Ksherpa_onnx::OnlineParaformerModelConfig[m[K' [[01;31m[K-Werror=shadow[m[K]
   20 |                               [01;31m[Kconst std::string &decoder[m[K)
      |                               [01;31m[K~~~~~~~~~~~~~~~~~~~^~~~~~~[m[K
[01m[K/dev/shm/velavision-sherpa-asr-20260911/sherpa/sherpa-onnx/csrc/online-paraformer-model-config.h:15:15:[m[K [01;36m[Knote: [m[Kshadowed declaration is here
   15 |   std::string [01;36m[Kdecoder[m[K;
      |               [01;36m[K^~~~~~~[m[K
[01m[K/dev/shm/velavision-sherpa-asr-20260911/sherpa/sherpa-onnx/csrc/online-paraformer-model-config.h:19:50:[m[K [01;31m[Kerror: [m[Kdeclaration of '[01m[Kencoder[m[K' shadows a member of '[01m[Ksherpa_onnx::OnlineParaformerModelConfig[m[K' [[01;31m[K-Werror=shadow[m[K]
   19 |   OnlineParaformerModelConfig([01;31m[Kconst std::string &encoder[m[K,
      |                               [01;31m[K~~~~~~~~~~~~~~~~~~~^~~~~~~[m[K
[01m[K/dev/shm/velavision-sherpa-asr-20260911/sherpa/sherpa-onnx/csrc/online-paraformer-model-config.h:14:15:[m[K [01;36m[Knote: [m[Kshadowed declaration is here
   14 |   std::string [01;36m[Kencoder[m[K;
      |               [01;36m[K^~~~~~~[m[K
In file included from [01m[K/dev/shm/velavision-sherpa-asr-20260911/sherpa/sherpa-onnx/csrc/online-model-config.h:11[m[K:
[01m[K/dev/shm/velavision-sherpa-asr-20260911/sherpa/sherpa-onnx/csrc/online-t-one-ctc-model-config.h:[m[K In constructor '[01m[Ksherpa_onnx::OnlineToneCtcModelConfig::[01;32m[KOnlineToneCtcModelConfig[m[K(const std::__1::string&)[m[K':
[01m[K/dev/shm/velavision-sherpa-asr-20260911/sherpa/sherpa-onnx/csrc/online-t-one-ctc-model-config.h:18:56:[m[K [01;31m[Kerror: [m[Kdeclaration of '[01m[Kmodel[m[K' shadows a member of '[01m[Ksherpa_onnx::OnlineToneCtcModelConfig[m[K' [[01;31m[K-Werror=shadow[m[K]
   18 |   explicit OnlineToneCtcModelConfig([01;31m[Kconst std::string &model[m[K) : model(model) {}
      |                                     [01;31m[K~~~~~~~~~~~~~~~~~~~^~~~~[m[K
[01m[K/dev/shm/velavision-sherpa-asr-20260911/sherpa/sherpa-onnx/csrc/online-t-one-ctc-model-config.h:14:15:[m[K [01;36m[Knote: [m[Kshadowed declaration is here
   14 |   std::string [01;36m[Kmodel[m[K;
      |               [01;36m[K^~~~~[m[K
[01m[K/dev/shm/velavision-sherpa-asr-20260911/sherpa/sherpa-onnx/csrc/online-t-one-ctc-model-config.h:[m[K In constructor '[01m[Ksherpa_onnx::OnlineToneCtcModelConfig::[01;32m[KOnlineToneCtcModelConfig[m[K(const std::__1::string&)[m[K':
[01m[K/dev/shm/velavision-sherpa-asr-20260911/sherpa/sherpa-onnx/csrc/online-t-one-ctc-model-config.h:18:56:[m[K [01;31m[Kerror: [m[Kdeclaration of '[01m[Kmodel[m[K' shadows a member of '[01m[Ksherpa_onnx::OnlineToneCtcModelConfig[m[K' [[01;31m[K-Werror=shadow[m[K]
   18 |   explicit OnlineToneCtcModelConfig([01;31m[Kconst std::string &model[m[K) : model(model) {}
      |                                     [01;31m[K~~~~~~~~~~~~~~~~~~~^~~~~[m[K
[01m[K/dev/shm/velavision-sherpa-asr-20260911/sherpa/sherpa-onnx/csrc/online-t-one-ctc-model-config.h:14:15:[m[K [01;36m[Knote: [m[Kshadowed declaration is here
   14 |   std::string [01;36m[Kmodel[m[K;
      |               [01;36m[K^~~~~[m[K
[01m[K/dev/shm/velavision-sherpa-asr-20260911/sherpa/sherpa-onnx/csrc/online-t-one-ctc-model-config.h:[m[K In constructor '[01m[Ksherpa_onnx::OnlineToneCtcModelConfig::[01;32m[KOnlineToneCtcModelConfig[m[K(const std::__1::string&)[m[K':
[01m[K/dev/shm/velavision-sherpa-asr-20260911/sherpa/sherpa-onnx/csrc/online-t-one-ctc-model-config.h:18:56:[m[K [01;31m[Kerror: [m[Kdeclaration of '[01m[Kmodel[m[K' shadows a member of '[01m[Ksherpa_onnx::OnlineToneCtcModelConfig[m[K' [[01;31m[K-Werror=shadow[m[K]
   18 |   explicit OnlineToneCtcModelConfig([01;31m[Kconst std::string &model[m[K) : model(model) {}
      |                                     [01;31m[K~~~~~~~~~~~~~~~~~~~^~~~~[m[K
[01m[K/dev/shm/velavision-sherpa-asr-20260911/sherpa/sherpa-onnx/csrc/online-t-one-ctc-model-config.h:14:15:[m[K [01;36m[Knote: [m[Kshadowed declaration is here
   14 |   std::string [01;36m[Kmodel[m[K;
      |               [01;36m[K^~~~~[m[K
In file included from [01m[K/dev/shm/velavision-sherpa-asr-20260911/sherpa/sherpa-onnx/csrc/online-model-config.h:12[m[K:
[01m[K/dev/shm/velavision-sherpa-asr-20260911/sherpa/sherpa-onnx/csrc/online-transducer-model-config.h:[m[K In constructor '[01m[Ksherpa_onnx::OnlineTransducerModelConfig::[01;32m[KOnlineTransducerModelConfig[m[K(const std::__1::string&, const std::__1::string&, const std::__1::string&)[m[K':
[01m[K/dev/shm/velavision-sherpa-asr-20260911/sherpa/sherpa-onnx/csrc/online-transducer-model-config.h:21:50:[m[K [01;31m[Kerror: [m[Kdeclaration of '[01m[Kjoiner[m[K' shadows a member of '[01m[Ksherpa_onnx::OnlineTransducerModelConfig[m[K' [[01;31m[K-Werror=shadow[m[K]
   21 |                               [01;31m[Kconst std::string &joiner[m[K)
      |                               [01;31m[K~~~~~~~~~~~~~~~~~~~^~~~~~[m[K
[01m[K/dev/shm/velavision-sherpa-asr-20260911/sherpa/sherpa-onnx/csrc/online-transducer-model-config.h:16:15:[m[K [01;36m[Knote: [m[Kshadowed declaration is here
   16 |   std::string [01;36m[Kjoiner[m[K;
      |               [01;36m[K^~~~~~[m[K
[01m[K/dev/shm/velavision-sherpa-asr-20260911/sherpa/sherpa-onnx/csrc/online-transducer-model-config.h:20:50:[m[K [01;31m[Kerror: [m[Kdeclaration of '[01m[Kdecoder[m[K' shadows a member of '[01m[Ksherpa_onnx::OnlineTransducerModelConfig[m[K' [[01;31m[K-Werror=shadow[m[K]
   20 |                               [01;31m[Kconst std::string &decoder[m[K,
      |                               [01;31m[K~~~~~~~~~~~~~~~~~~~^~~~~~~[m[K
[01m[K/dev/shm/velavision-sherpa-asr-20260911/sherpa/sherpa-onnx/csrc/online-transducer-model-config.h:15:15:[m[K [01;36m[Knote: [m[Kshadowed declaration is here
   15 |   std::string [01;36m[Kdecoder[m[K;
      |               [01;36m[K^~~~~~~[m[K
[01m[K/dev/shm/velavision-sherpa-asr-20260911/sherpa/sherpa-onnx/csrc/online-transducer-model-config.h:19:50:[m[K [01;31m[Kerror: [m[Kdeclaration of '[01m[Kencoder[m[K' shadows a member of '[01m[Ksherpa_onnx::OnlineTransducerModelConfig[m[K' [[01;31m[K-Werror=shadow[m[K]
   19 |   OnlineTransducerModelConfig([01;31m[Kconst std::string &encoder[m[K,
      |                               [01;31m[K~~~~~~~~~~~~~~~~~~~^~~~~~~[m[K
[01m[K/dev/shm/velavision-sherpa-asr-20260911/sherpa/sherpa-onnx/csrc/online-transducer-model-config.h:14:15:[m[K [01;36m[Knote: [m[Kshadowed declaration is here
   14 |   std::string [01;36m[Kencoder[m[K;
      |               [01;36m[K^~~~~~~[m[K
[01m[K/dev/shm/velavision-sherpa-asr-20260911/sherpa/sherpa-onnx/csrc/online-transducer-model-config.h:[m[K In constructor '[01m[Ksherpa_onnx::OnlineTransducerModelConfig::[01;32m[KOnlineTransducerModelConfig[m[K(const std::__1::string&, const std::__1::string&, const std::__1::string&)[m[K':
[01m[K/dev/shm/velavision-sherpa-asr-20260911/sherpa/sherpa-onnx/csrc/online-transducer-model-config.h:21:50:[m[K [01;31m[Kerror: [m[Kdeclaration of '[01m[Kjoiner[m[K' shadows a member of '[01m[Ksherpa_onnx::OnlineTransducerModelConfig[m[K' [[01;31m[K-Werror=shadow[m[K]
   21 |                               [01;31m[Kconst std::string &joiner[m[K)
      |                               [01;31m[K~~~~~~~~~~~~~~~~~~~^~~~~~[m[K
[01m[K/dev/shm/velavision-sherpa-asr-20260911/sherpa/sherpa-onnx/csrc/online-transducer-model-config.h:16:15:[m[K [01;36m[Knote: [m[Kshadowed declaration is here
   16 |   std::string [01;36m[Kjoiner[m[K;
      |               [01;36m[K^~~~~~[m[K
[01m[K/dev/shm/velavision-sherpa-asr-20260911/sherpa/sherpa-onnx/csrc/online-transducer-model-config.h:20:50:[m[K [01;31m[Kerror: [m[Kdeclaration of '[01m[Kdecoder[m[K' shadows a member of '[01m[Ksherpa_onnx::OnlineTransducerModelConfig[m[K' [[01;31m[K-Werror=shadow[m[K]
   20 |                               [01;31m[Kconst std::string &decoder[m[K,
      |                               [01;31m[K~~~~~~~~~~~~~~~~~~~^~~~~~~[m[K
[01m[K/dev/shm/velavision-sherpa-asr-20260911/sherpa/sherpa-onnx/csrc/online-transducer-model-config.h:15:15:[m[K [01;36m[Knote: [m[Kshadowed declaration is here
   15 |   std::string [01;36m[Kdecoder[m[K;
      |               [01;36m[K^~~~~~~[m[K
[01m[K/dev/shm/velavision-sherpa-asr-20260911/sherpa/sherpa-onnx/csrc/online-transducer-model-config.h:19:50:[m[K [01;31m[Kerror: [m[Kdeclaration of '[01m[Kencoder[m[K' shadows a member of '[01m[Ksherpa_onnx::OnlineTransducerModelConfig[m[K' [[01;31m[K-Werror=shadow[m[K]
   19 |   OnlineTransducerModelConfig([01;31m[Kconst std::string &encoder[m[K,
      |                               [01;31m[K~~~~~~~~~~~~~~~~~~~^~~~~~~[m[K
[01m[K/dev/shm/velavision-sherpa-asr-20260911/sherpa/sherpa-onnx/csrc/online-transducer-model-config.h:14:15:[m[K [01;36m[Knote: [m[Kshadowed declaration is here
   14 |   std::string [01;36m[Kencoder[m[K;
      |               [01;36m[K^~~~~~~[m[K
[01m[K/dev/shm/velavision-sherpa-asr-20260911/sherpa/sherpa-onnx/csrc/online-transducer-model-config.h:[m[K In constructor '[01m[Ksherpa_onnx::OnlineTransducerModelConfig::[01;32m[KOnlineTransducerModelConfig[m[K(const std::__1::string&, const std::__1::string&, const std::__1::string&)[m[K':
[01m[K/dev/shm/velavision-sherpa-asr-20260911/sherpa/sherpa-onnx/csrc/online-transducer-model-config.h:21:50:[m[K [01;31m[Kerror: [m[Kdeclaration of '[01m[Kjoiner[m[K' shadows a member of '[01m[Ksherpa_onnx::OnlineTransducerModelConfig[m[K' [[01;31m[K-Werror=shadow[m[K]
   21 |                               [01;31m[Kconst std::string &joiner[m[K)
      |                               [01;31m[K~~~~~~~~~~~~~~~~~~~^~~~~~[m[K
[01m[K/dev/shm/velavision-sherpa-asr-20260911/sherpa/sherpa-onnx/csrc/online-transducer-model-config.h:16:15:[m[K [01;36m[Knote: [m[Kshadowed declaration is here
   16 |   std::string [01;36m[Kjoiner[m[K;
      |               [01;36m[K^~~~~~[m[K
[01m[K/dev/shm/velavision-sherpa-asr-20260911/sherpa/sherpa-onnx/csrc/online-transducer-model-config.h:20:50:[m[K [01;31m[Kerror: [m[Kdeclaration of '[01m[Kdecoder[m[K' shadows a member of '[01m[Ksherpa_onnx::OnlineTransducerModelConfig[m[K' [[01;31m[K-Werror=shadow[m[K]
   20 |                               [01;31m[Kconst std::string &decoder[m[K,
      |                               [01;31m[K~~~~~~~~~~~~~~~~~~~^~~~~~~[m[K
[01m[K/dev/shm/velavision-sherpa-asr-20260911/sherpa/sherpa-onnx/csrc/online-transducer-model-config.h:15:15:[m[K [01;36m[Knote: [m[Kshadowed declaration is here
   15 |   std::string [01;36m[Kdecoder[m[K;
      |               [01;36m[K^~~~~~~[m[K
[01m[K/dev/shm/velavision-sherpa-asr-20260911/sherpa/sherpa-onnx/csrc/online-transducer-model-config.h:19:50:[m[K [01;31m[Kerror: [m[Kdeclaration of '[01m[Kencoder[m[K' shadows a member of '[01m[Ksherpa_onnx::OnlineTransducerModelConfig[m[K' [[01;31m[K-Werror=shadow[m[K]
   19 |   OnlineTransducerModelConfig([01;31m[Kconst std::string &encoder[m[K,
      |                               [01;31m[K~~~~~~~~~~~~~~~~~~~^~~~~~~[m[K
[01m[K/dev/shm/velavision-sherpa-asr-20260911/sherpa/sherpa-onnx/csrc/online-transducer-model-config.h:14:15:[m[K [01;36m[Knote: [m[Kshadowed declaration is here
   14 |   std::string [01;36m[Kencoder[m[K;
      |               [01;36m[K^~~~~~~[m[K
In file included from [01m[K/dev/shm/velavision-sherpa-asr-20260911/sherpa/sherpa-onnx/csrc/online-model-config.h:13[m[K:
[01m[K/dev/shm/velavision-sherpa-asr-20260911/sherpa/sherpa-onnx/csrc/online-wenet-ctc-model-config.h:[m[K In constructor '[01m[Ksherpa_onnx::OnlineWenetCtcModelConfig::[01;32m[KOnlineWenetCtcModelConfig[m[K(const std::__1::string&, int32_t, int32_t)[m[K':
[01m[K/dev/shm/velavision-sherpa-asr-20260911/sherpa/sherpa-onnx/csrc/online-wenet-ctc-model-config.h:25:37:[m[K [01;31m[Kerror: [m[Kdeclaration of '[01m[Knum_left_chunks[m[K' shadows a member of '[01m[Ksherpa_onnx::OnlineWenetCtcModelConfig[m[K' [[01;31m[K-Werror=shadow[m[K]
   25 |                             [01;31m[Kint32_t num_left_chunks[m[K)
      |                             [01;31m[K~~~~~~~~^~~~~~~~~~~~~~~[m[K
[01m[K/dev/shm/velavision-sherpa-asr-20260911/sherpa/sherpa-onnx/csrc/online-wenet-ctc-model-config.h:20:11:[m[K [01;36m[Knote: [m[Kshadowed declaration is here
   20 |   int32_t [01;36m[Knum_left_chunks[m[K = 4;
      |           [01;36m[K^~~~~~~~~~~~~~~[m[K
[01m[K/dev/shm/velavision-sherpa-asr-20260911/sherpa/sherpa-onnx/csrc/online-wenet-ctc-model-config.h:24:63:[m[K [01;31m[Kerror: [m[Kdeclaration of '[01m[Kchunk_size[m[K' shadows a member of '[01m[Ksherpa_onnx::OnlineWenetCtcModelConfig[m[K' [[01;31m[K-Werror=shadow[m[K]
   24 |   OnlineWenetCtcModelConfig(const std::string &model, [01;31m[Kint32_t chunk_size[m[K,
      |                                                       [01;31m[K~~~~~~~~^~~~~~~~~~[m[K
[01m[K/dev/shm/velavision-sherpa-asr-20260911/sherpa/sherpa-onnx/csrc/online-wenet-ctc-model-config.h:17:11:[m[K [01;36m[Knote: [m[Kshadowed declaration is here
   17 |   int32_t [01;36m[Kchunk_size[m[K = 16;
      |           [01;36m[K^~~~~~~~~~[m[K
[01m[K/dev/shm/velavision-sherpa-asr-20260911/sherpa/sherpa-onnx/csrc/online-wenet-ctc-model-config.h:24:48:[m[K [01;31m[Kerror: [m[Kdeclaration of '[01m[Kmodel[m[K' shadows a member of '[01m[Ksherpa_onnx::OnlineWenetCtcModelConfig[m[K' [[01;31m[K-Werror=shadow[m[K]
   24 |   OnlineWenetCtcModelConfig([01;31m[Kconst std::string &model[m[K, int32_t chunk_size,
      |                             [01;31m[K~~~~~~~~~~~~~~~~~~~^~~~~[m[K
[01m[K/dev/shm/velavision-sherpa-asr-20260911/sherpa/sherpa-onnx/csrc/online-wenet-ctc-model-config.h:14:15:[m[K [01;36m[Knote: [m[Kshadowed declaration is here
   14 |   std::string [01;36m[Kmodel[m[K;
      |               [01;36m[K^~~~~[m[K
[01m[K/dev/shm/velavision-sherpa-asr-20260911/sherpa/sherpa-onnx/csrc/online-wenet-ctc-model-config.h:[m[K In constructor '[01m[Ksherpa_onnx::OnlineWenetCtcModelConfig::[01;32m[KOnlineWenetCtcModelConfig[m[K(const std::__1::string&, int32_t, int32_t)[m[K':
[01m[K/dev/shm/velavision-sherpa-asr-20260911/sherpa/sherpa-onnx/csrc/online-wenet-ctc-model-config.h:25:37:[m[K [01;31m[Kerror: [m[Kdeclaration of '[01m[Knum_left_chunks[m[K' shadows a member of '[01m[Ksherpa_onnx::OnlineWenetCtcModelConfig[m[K' [[01;31m[K-Werror=shadow[m[K]
   25 |                             [01;31m[Kint32_t num_left_chunks[m[K)
      |                             [01;31m[K~~~~~~~~^~~~~~~~~~~~~~~[m[K
[01m[K/dev/shm/velavision-sherpa-asr-20260911/sherpa/sherpa-onnx/csrc/online-wenet-ctc-model-config.h:20:11:[m[K [01;36m[Knote: [m[Kshadowed declaration is here
   20 |   int32_t [01;36m[Knum_left_chunks[m[K = 4;
      |           [01;36m[K^~~~~~~~~~~~~~~[m[K
[01m[K/dev/shm/velavision-sherpa-asr-20260911/sherpa/sherpa-onnx/csrc/online-wenet-ctc-model-config.h:24:63:[m[K [01;31m[Kerror: [m[Kdeclaration of '[01m[Kchunk_size[m[K' shadows a member of '[01m[Ksherpa_onnx::OnlineWenetCtcModelConfig[m[K' [[01;31m[K-Werror=shadow[m[K]
   24 |   OnlineWenetCtcModelConfig(const std::string &model, [01;31m[Kint32_t chunk_size[m[K,
      |                                                       [01;31m[K~~~~~~~~^~~~~~~~~~[m[K
[01m[K/dev/shm/velavision-sherpa-asr-20260911/sherpa/sherpa-onnx/csrc/online-wenet-ctc-model-config.h:17:11:[m[K [01;36m[Knote: [m[Kshadowed declaration is here
   17 |   int32_t [01;36m[Kchunk_size[m[K = 16;
      |           [01;36m[K^~~~~~~~~~[m[K
[01m[K/dev/shm/velavision-sherpa-asr-20260911/sherpa/sherpa-onnx/csrc/online-wenet-ctc-model-config.h:24:48:[m[K [01;31m[Kerror: [m[Kdeclaration of '[01m[Kmodel[m[K' shadows a member of '[01m[Ksherpa_onnx::OnlineWenetCtcModelConfig[m[K' [[01;31m[K-Werror=shadow[m[K]
   24 |   OnlineWenetCtcModelConfig([01;31m[Kconst std::string &model[m[K, int32_t chunk_size,
      |                             [01;31m[K~~~~~~~~~~~~~~~~~~~^~~~~[m[K
[01m[K/dev/shm/velavision-sherpa-asr-20260911/sherpa/sherpa-onnx/csrc/online-wenet-ctc-model-config.h:14:15:[m[K [01;36m[Knote: [m[Kshadowed declaration is here
   14 |   std::string [01;36m[Kmodel[m[K;
      |               [01;36m[K^~~~~[m[K
[01m[K/dev/shm/velavision-sherpa-asr-20260911/sherpa/sherpa-onnx/csrc/online-wenet-ctc-model-config.h:[m[K In constructor '[01m[Ksherpa_onnx::OnlineWenetCtcModelConfig::[01;32m[KOnlineWenetCtcModelConfig[m[K(const std::__1::string&, int32_t, int32_t)[m[K':
[01m[K/dev/shm/velavision-sherpa-asr-20260911/sherpa/sherpa-onnx/csrc/online-wenet-ctc-model-config.h:25:37:[m[K [01;31m[Kerror: [m[Kdeclaration of '[01m[Knum_left_chunks[m[K' shadows a member of '[01m[Ksherpa_onnx::OnlineWenetCtcModelConfig[m[K' [[01;31m[K-Werror=shadow[m[K]
   25 |                             [01;31m[Kint32_t num_left_chunks[m[K)
      |                             [01;31m[K~~~~~~~~^~~~~~~~~~~~~~~[m[K
[01m[K/dev/shm/velavision-sherpa-asr-20260911/sherpa/sherpa-onnx/csrc/online-wenet-ctc-model-config.h:20:11:[m[K [01;36m[Knote: [m[Kshadowed declaration is here
   20 |   int32_t [01;36m[Knum_left_chunks[m[K = 4;
      |           [01;36m[K^~~~~~~~~~~~~~~[m[K
[01m[K/dev/shm/velavision-sherpa-asr-20260911/sherpa/sherpa-onnx/csrc/online-wenet-ctc-model-config.h:24:63:[m[K [01;31m[Kerror: [m[Kdeclaration of '[01m[Kchunk_size[m[K' shadows a member of '[01m[Ksherpa_onnx::OnlineWenetCtcModelConfig[m[K' [[01;31m[K-Werror=shadow[m[K]
   24 |   OnlineWenetCtcModelConfig(const std::string &model, [01;31m[Kint32_t chunk_size[m[K,
      |                                                       [01;31m[K~~~~~~~~^~~~~~~~~~[m[K
[01m[K/dev/shm/velavision-sherpa-asr-20260911/sherpa/sherpa-onnx/csrc/online-wenet-ctc-model-config.h:17:11:[m[K [01;36m[Knote: [m[Kshadowed declaration is here
   17 |   int32_t [01;36m[Kchunk_size[m[K = 16;
      |           [01;36m[K^~~~~~~~~~[m[K
[01m[K/dev/shm/velavision-sherpa-asr-20260911/sherpa/sherpa-onnx/csrc/online-wenet-ctc-model-config.h:24:48:[m[K [01;31m[Kerror: [m[Kdeclaration of '[01m[Kmodel[m[K' shadows a member of '[01m[Ksherpa_onnx::OnlineWenetCtcModelConfig[m[K' [[01;31m[K-Werror=shadow[m[K]
   24 |   OnlineWenetCtcModelConfig([01;31m[Kconst std::string &model[m[K, int32_t chunk_size,
      |                             [01;31m[K~~~~~~~~~~~~~~~~~~~^~~~~[m[K
[01m[K/dev/shm/velavision-sherpa-asr-20260911/sherpa/sherpa-onnx/csrc/online-wenet-ctc-model-config.h:14:15:[m[K [01;36m[Knote: [m[Kshadowed declaration is here
   14 |   std::string [01;36m[Kmodel[m[K;
      |               [01;36m[K^~~~~[m[K
In file included from [01m[K/dev/shm/velavision-sherpa-asr-20260911/sherpa/sherpa-onnx/csrc/online-model-config.h:14[m[K:
[01m[K/dev/shm/velavision-sherpa-asr-20260911/sherpa/sherpa-onnx/csrc/online-zipformer2-ctc-model-config.h:[m[K In constructor '[01m[Ksherpa_onnx::OnlineZipformer2CtcModelConfig::[01;32m[KOnlineZipformer2CtcModelConfig[m[K(const std::__1::string&)[m[K':
[01m[K/dev/shm/velavision-sherpa-asr-20260911/sherpa/sherpa-onnx/csrc/online-zipformer2-ctc-model-config.h:18:62:[m[K [01;31m[Kerror: [m[Kdeclaration of '[01m[Kmodel[m[K' shadows a member of '[01m[Ksherpa_onnx::OnlineZipformer2CtcModelConfig[m[K' [[01;31m[K-Werror=shadow[m[K]
   18 |   explicit OnlineZipformer2CtcModelConfig([01;31m[Kconst std::string &model[m[K)
      |                                           [01;31m[K~~~~~~~~~~~~~~~~~~~^~~~~[m[K
[01m[K/dev/shm/velavision-sherpa-asr-20260911/sherpa/sherpa-onnx/csrc/online-zipformer2-ctc-model-config.h:14:15:[m[K [01;36m[Knote: [m[Kshadowed declaration is here
   14 |   std::string [01;36m[Kmodel[m[K;
      |               [01;36m[K^~~~~[m[K
[01m[K/dev/shm/velavision-sherpa-asr-20260911/sherpa/sherpa-onnx/csrc/online-zipformer2-ctc-model-config.h:[m[K In constructor '[01m[Ksherpa_onnx::OnlineZipformer2CtcModelConfig::[01;32m[KOnlineZipformer2CtcModelConfig[m[K(const std::__1::string&)[m[K':
[01m[K/dev/shm/velavision-sherpa-asr-20260911/sherpa/sherpa-onnx/csrc/online-zipformer2-ctc-model-config.h:18:62:[m[K [01;31m[Kerror: [m[Kdeclaration of '[01m[Kmodel[m[K' shadows a member of '[01m[Ksherpa_onnx::OnlineZipformer2CtcModelConfig[m[K' [[01;31m[K-Werror=shadow[m[K]
   18 |   explicit OnlineZipformer2CtcModelConfig([01;31m[Kconst std::string &model[m[K)
      |                                           [01;31m[K~~~~~~~~~~~~~~~~~~~^~~~~[m[K
[01m[K/dev/shm/velavision-sherpa-asr-20260911/sherpa/sherpa-onnx/csrc/online-zipformer2-ctc-model-config.h:14:15:[m[K [01;36m[Knote: [m[Kshadowed declaration is here
   14 |   std::string [01;36m[Kmodel[m[K;
      |               [01;36m[K^~~~~[m[K
[01m[K/dev/shm/velavision-sherpa-asr-20260911/sherpa/sherpa-onnx/csrc/online-zipformer2-ctc-model-config.h:[m[K In constructor '[01m[Ksherpa_onnx::OnlineZipformer2CtcModelConfig::[01;32m[KOnlineZipformer2CtcModelConfig[m[K(const std::__1::string&)[m[K':
[01m[K/dev/shm/velavision-sherpa-asr-20260911/sherpa/sherpa-onnx/csrc/online-zipformer2-ctc-model-config.h:18:62:[m[K [01;31m[Kerror: [m[Kdeclaration of '[01m[Kmodel[m[K' shadows a member of '[01m[Ksherpa_onnx::OnlineZipformer2CtcModelConfig[m[K' [[01;31m[K-Werror=shadow[m[K]
   18 |   explicit OnlineZipformer2CtcModelConfig([01;31m[Kconst std::string &model[m[K)
      |                                           [01;31m[K~~~~~~~~~~~~~~~~~~~^~~~~[m[K
[01m[K/dev/shm/velavision-sherpa-asr-20260911/sherpa/sherpa-onnx/csrc/online-zipformer2-ctc-model-config.h:14:15:[m[K [01;36m[Knote: [m[Kshadowed declaration is here
   14 |   std::string [01;36m[Kmodel[m[K;
      |               [01;36m[K^~~~~[m[K
[01m[K/dev/shm/velavision-sherpa-asr-20260911/sherpa/sherpa-onnx/csrc/provider-config.h:[m[K In constructor '[01m[Ksherpa_onnx::CudaConfig::[01;32m[KCudaConfig[m[K(int32_t)[m[K':
[01m[K/dev/shm/velavision-sherpa-asr-20260911/sherpa/sherpa-onnx/csrc/provider-config.h:20:31:[m[K [01;31m[Kerror: [m[Kdeclaration of '[01m[Kcudnn_conv_algo_search[m[K' shadows a member of '[01m[Ksherpa_onnx::CudaConfig[m[K' [[01;31m[K-Werror=shadow[m[K]
   20 |   explicit CudaConfig([01;31m[Kint32_t cudnn_conv_algo_search[m[K)
      |                       [01;31m[K~~~~~~~~^~~~~~~~~~~~~~~~~~~~~~[m[K
[01m[K/dev/shm/velavision-sherpa-asr-20260911/sherpa/sherpa-onnx/csrc/provider-config.h:17:11:[m[K [01;36m[Knote: [m[Kshadowed declaration is here
   17 |   int32_t [01;36m[Kcudnn_conv_algo_search[m[K = OrtCudnnConvAlgoSearchHeuristic;
      |           [01;36m[K^~~~~~~~~~~~~~~~~~~~~~[m[K
[01m[K/dev/shm/velavision-sherpa-asr-20260911/sherpa/sherpa-onnx/csrc/provider-config.h:[m[K In constructor '[01m[Ksherpa_onnx::CudaConfig::[01;32m[KCudaConfig[m[K(int32_t)[m[K':
[01m[K/dev/shm/velavision-sherpa-asr-20260911/sherpa/sherpa-onnx/csrc/provider-config.h:20:31:[m[K [01;31m[Kerror: [m[Kdeclaration of '[01m[Kcudnn_conv_algo_search[m[K' shadows a member of '[01m[Ksherpa_onnx::CudaConfig[m[K' [[01;31m[K-Werror=shadow[m[K]
   20 |   explicit CudaConfig([01;31m[Kint32_t cudnn_conv_algo_search[m[K)
      |                       [01;31m[K~~~~~~~~^~~~~~~~~~~~~~~~~~~~~~[m[K
[01m[K/dev/shm/velavision-sherpa-asr-20260911/sherpa/sherpa-onnx/csrc/provider-config.h:17:11:[m[K [01;36m[Knote: [m[Kshadowed declaration is here
   17 |   int32_t [01;36m[Kcudnn_conv_algo_search[m[K = OrtCudnnConvAlgoSearchHeuristic;
      |           [01;36m[K^~~~~~~~~~~~~~~~~~~~~~[m[K
[01m[K/dev/shm/velavision-sherpa-asr-20260911/sherpa/sherpa-onnx/csrc/provider-config.h:[m[K In constructor '[01m[Ksherpa_onnx::CudaConfig::[01;32m[KCudaConfig[m[K(int32_t)[m[K':
[01m[K/dev/shm/velavision-sherpa-asr-20260911/sherpa/sherpa-onnx/csrc/provider-config.h:20:31:[m[K [01;31m[Kerror: [m[Kdeclaration of '[01m[Kcudnn_conv_algo_search[m[K' shadows a member of '[01m[Ksherpa_onnx::CudaConfig[m[K' [[01;31m[K-Werror=shadow[m[K]
   20 |   explicit CudaConfig([01;31m[Kint32_t cudnn_conv_algo_search[m[K)
      |                       [01;31m[K~~~~~~~~^~~~~~~~~~~~~~~~~~~~~~[m[K
[01m[K/dev/shm/velavision-sherpa-asr-20260911/sherpa/sherpa-onnx/csrc/provider-config.h:17:11:[m[K [01;36m[Knote: [m[Kshadowed declaration is here
   17 |   int32_t [01;36m[Kcudnn_conv_algo_search[m[K = OrtCudnnConvAlgoSearchHeuristic;
      |           [01;36m[K^~~~~~~~~~~~~~~~~~~~~~[m[K
[01m[K/dev/shm/velavision-sherpa-asr-20260911/sherpa/sherpa-onnx/csrc/provider-config.h:[m[K In constructor '[01m[Ksherpa_onnx::TensorrtConfig::[01;32m[KTensorrtConfig[m[K(int64_t, int32_t, int32_t, bool, bool, bool, bool, const std::__1::string&, const std::__1::string&, bool)[m[K':
[01m[K/dev/shm/velavision-sherpa-asr-20260911/sherpa/sherpa-onnx/csrc/provider-config.h:49:23:[m[K [01;31m[Kerror: [m[Kdeclaration of '[01m[Ktrt_dump_subgraphs[m[K' shadows a member of '[01m[Ksherpa_onnx::TensorrtConfig[m[K' [[01;31m[K-Werror=shadow[m[K]
   49 |                  [01;31m[Kbool trt_dump_subgraphs[m[K)
      |                  [01;31m[K~~~~~^~~~~~~~~~~~~~~~~~[m[K
[01m[K/dev/shm/velavision-sherpa-asr-20260911/sherpa/sherpa-onnx/csrc/provider-config.h:39:8:[m[K [01;36m[Knote: [m[Kshadowed declaration is here
   39 |   bool [01;36m[Ktrt_dump_subgraphs[m[K = false;
      |        [01;36m[K^~~~~~~~~~~~~~~~~~[m[K
[01m[K/dev/shm/velavision-sherpa-asr-20260911/sherpa/sherpa-onnx/csrc/provider-config.h:48:37:[m[K [01;31m[Kerror: [m[Kdeclaration of '[01m[Ktrt_timing_cache_path[m[K' shadows a member of '[01m[Ksherpa_onnx::TensorrtConfig[m[K' [[01;31m[K-Werror=shadow[m[K]
   48 |                  [01;31m[Kconst std::string &trt_timing_cache_path[m[K,
      |                  [01;31m[K~~~~~~~~~~~~~~~~~~~^~~~~~~~~~~~~~~~~~~~~[m[K
[01m[K/dev/shm/velavision-sherpa-asr-20260911/sherpa/sherpa-onnx/csrc/provider-config.h:38:15:[m[K [01;36m[Knote: [m[Kshadowed declaration is here
   38 |   std::string [01;36m[Ktrt_timing_cache_path[m[K = ".";
      |               [01;36m[K^~~~~~~~~~~~~~~~~~~~~[m[K
[01m[K/dev/shm/velavision-sherpa-asr-20260911/sherpa/sherpa-onnx/csrc/provider-config.h:47:37:[m[K [01;31m[Kerror: [m[Kdeclaration of '[01m[Ktrt_engine_cache_path[m[K' shadows a member of '[01m[Ksherpa_onnx::TensorrtConfig[m[K' [[01;31m[K-Werror=shadow[m[K]
   47 |                  [01;31m[Kconst std::string &trt_engine_cache_path[m[K,
      |                  [01;31m[K~~~~~~~~~~~~~~~~~~~^~~~~~~~~~~~~~~~~~~~~[m[K
[01m[K/dev/shm/velavision-sherpa-asr-20260911/sherpa/sherpa-onnx/csrc/provider-config.h:37:15:[m[K [01;36m[Knote: [m[Kshadowed declaration is here
   37 |   std::string [01;36m[Ktrt_engine_cache_path[m[K = ".";
      |               [01;36m[K^~~~~~~~~~~~~~~~~~~~~[m[K
[01m[K/dev/shm/velavision-sherpa-asr-20260911/sherpa/sherpa-onnx/csrc/provider-config.h:46:23:[m[K [01;31m[Kerror: [m[Kdeclaration of '[01m[Ktrt_timing_cache_enable[m[K' shadows a member of '[01m[Ksherpa_onnx::TensorrtConfig[m[K' [[01;31m[K-Werror=shadow[m[K]
   46 |                  [01;31m[Kbool trt_timing_cache_enable[m[K,
      |                  [01;31m[K~~~~~^~~~~~~~~~~~~~~~~~~~~~~[m[K
[01m[K/dev/shm/velavision-sherpa-asr-20260911/sherpa/sherpa-onnx/csrc/provider-config.h:36:8:[m[K [01;36m[Knote: [m[Kshadowed declaration is here
   36 |   bool [01;36m[Ktrt_timing_cache_enable[m[K = true;
      |        [01;36m[K^~~~~~~~~~~~~~~~~~~~~~~[m[K
[01m[K/dev/shm/velavision-sherpa-asr-20260911/sherpa/sherpa-onnx/csrc/provider-config.h:45:52:[m[K [01;31m[Kerror: [m[Kdeclaration of '[01m[Ktrt_engine_cache_enable[m[K' shadows a member of '[01m[Ksherpa_onnx::TensorrtConfig[m[K' [[01;31m[K-Werror=shadow[m[K]
   45 |                  bool trt_detailed_build_log, [01;31m[Kbool trt_engine_cache_enable[m[K,
      |                                               [01;31m[K~~~~~^~~~~~~~~~~~~~~~~~~~~~~[m[K
[01m[K/dev/shm/velavision-sherpa-asr-20260911/sherpa/sherpa-onnx/csrc/provider-config.h:35:8:[m[K [01;36m[Knote: [m[Kshadowed declaration is here
   35 |   bool [01;36m[Ktrt_engine_cache_enable[m[K = true;
      |        [01;36m[K^~~~~~~~~~~~~~~~~~~~~~~[m[K
[01m[K/dev/shm/velavision-sherpa-asr-20260911/sherpa/sherpa-onnx/csrc/provider-config.h:45:23:[m[K [01;31m[Kerror: [m[Kdeclaration of '[01m[Ktrt_detailed_build_log[m[K' shadows a member of '[01m[Ksherpa_onnx::TensorrtConfig[m[K' [[01;31m[K-Werror=shadow[m[K]
   45 |                  [01;31m[Kbool trt_detailed_build_log[m[K, bool trt_engine_cache_enable,
      |                  [01;31m[K~~~~~^~~~~~~~~~~~~~~~~~~~~~[m[K
[01m[K/dev/shm/velavision-sherpa-asr-20260911/sherpa/sherpa-onnx/csrc/provider-config.h:34:8:[m[K [01;36m[Knote: [m[Kshadowed declaration is here
   34 |   bool [01;36m[Ktrt_detailed_build_log[m[K = false;
      |        [01;36m[K^~~~~~~~~~~~~~~~~~~~~~[m[K
[01m[K/dev/shm/velavision-sherpa-asr-20260911/sherpa/sherpa-onnx/csrc/provider-config.h:44:54:[m[K [01;31m[Kerror: [m[Kdeclaration of '[01m[Ktrt_fp16_enable[m[K' shadows a member of '[01m[Ksherpa_onnx::TensorrtConfig[m[K' [[01;31m[K-Werror=shadow[m[K]
   44 |                  int32_t trt_min_subgraph_size, [01;31m[Kbool trt_fp16_enable[m[K,
      |                                                 [01;31m[K~~~~~^~~~~~~~~~~~~~~[m[K
[01m[K/dev/shm/velavision-sherpa-asr-20260911/sherpa/sherpa-onnx/csrc/provider-config.h:33:8:[m[K [01;36m[Knote: [m[Kshadowed declaration is here
   33 |   bool [01;36m[Ktrt_fp16_enable[m[K = true;
      |        [01;36m[K^~~~~~~~~~~~~~~[m[K
[01m[K/dev/shm/velavision-sherpa-asr-20260911/sherpa/sherpa-onnx/csrc/provider-config.h:44:26:[m[K [01;31m[Kerror: [m[Kdeclaration of '[01m[Ktrt_min_subgraph_size[m[K' shadows a member of '[01m[Ksherpa_onnx::TensorrtConfig[m[K' [[01;31m[K-Werror=shadow[m[K]
   44 |                  [01;31m[Kint32_t trt_min_subgraph_size[m[K, bool trt_fp16_enable,
      |                  [01;31m[K~~~~~~~~^~~~~~~~~~~~~~~~~~~~~[m[K
[01m[K/dev/shm/velavision-sherpa-asr-20260911/sherpa/sherpa-onnx/csrc/provider-config.h:32:11:[m[K [01;36m[Knote: [m[Kshadowed declaration is here
   32 |   int32_t [01;36m[Ktrt_min_subgraph_size[m[K = 5;
      |           [01;36m[K^~~~~~~~~~~~~~~~~~~~~[m[K
[01m[K/dev/shm/velavision-sherpa-asr-20260911/sherpa/sherpa-onnx/csrc/provider-config.h:43:26:[m[K [01;31m[Kerror: [m[Kdeclaration of '[01m[Ktrt_max_partition_iterations[m[K' shadows a member of '[01m[Ksherpa_onnx::TensorrtConfig[m[K' [[01;31m[K-Werror=shadow[m[K]
   43 |                  [01;31m[Kint32_t trt_max_partition_iterations[m[K,
      |                  [01;31m[K~~~~~~~~^~~~~~~~~~~~~~~~~~~~~~~~~~~~[m[K
[01m[K/dev/shm/velavision-sherpa-asr-20260911/sherpa/sherpa-onnx/csrc/provider-config.h:31:11:[m[K [01;36m[Knote: [m[Kshadowed declaration is here
   31 |   int32_t [01;36m[Ktrt_max_partition_iterations[m[K = 10;
      |           [01;36m[K^~~~~~~~~~~~~~~~~~~~~~~~~~~~[m[K
[01m[K/dev/shm/velavision-sherpa-asr-20260911/sherpa/sherpa-onnx/csrc/provider-config.h:42:26:[m[K [01;31m[Kerror: [m[Kdeclaration of '[01m[Ktrt_max_workspace_size[m[K' shadows a member of '[01m[Ksherpa_onnx::TensorrtConfig[m[K' [[01;31m[K-Werror=shadow[m[K]
   42 |   TensorrtConfig([01;31m[Kint64_t trt_max_workspace_size[m[K,
      |                  [01;31m[K~~~~~~~~^~~~~~~~~~~~~~~~~~~~~~[m[K
[01m[K/dev/shm/velavision-sherpa-asr-20260911/sherpa/sherpa-onnx/csrc/provider-config.h:30:11:[m[K [01;36m[Knote: [m[Kshadowed declaration is here
   30 |   int64_t [01;36m[Ktrt_max_workspace_size[m[K = 2147483647;
      |           [01;36m[K^~~~~~~~~~~~~~~~~~~~~~[m[K
[01m[K/dev/shm/velavision-sherpa-asr-20260911/sherpa/sherpa-onnx/csrc/provider-config.h:[m[K In constructor '[01m[Ksherpa_onnx::TensorrtConfig::[01;32m[KTensorrtConfig[m[K(int64_t, int32_t, int32_t, bool, bool, bool, bool, const std::__1::string&, const std::__1::string&, bool)[m[K':
[01m[K/dev/shm/velavision-sherpa-asr-20260911/sherpa/sherpa-onnx/csrc/provider-config.h:49:23:[m[K [01;31m[Kerror: [m[Kdeclaration of '[01m[Ktrt_dump_subgraphs[m[K' shadows a member of '[01m[Ksherpa_onnx::TensorrtConfig[m[K' [[01;31m[K-Werror=shadow[m[K]
   49 |                  [01;31m[Kbool trt_dump_subgraphs[m[K)
      |                  [01;31m[K~~~~~^~~~~~~~~~~~~~~~~~[m[K
[01m[K/dev/shm/velavision-sherpa-asr-20260911/sherpa/sherpa-onnx/csrc/provider-config.h:39:8:[m[K [01;36m[Knote: [m[Kshadowed declaration is here
   39 |   bool [01;36m[Ktrt_dump_subgraphs[m[K = false;
      |        [01;36m[K^~~~~~~~~~~~~~~~~~[m[K
[01m[K/dev/shm/velavision-sherpa-asr-20260911/sherpa/sherpa-onnx/csrc/provider-config.h:48:37:[m[K [01;31m[Kerror: [m[Kdeclaration of '[01m[Ktrt_timing_cache_path[m[K' shadows a member of '[01m[Ksherpa_onnx::TensorrtConfig[m[K' [[01;31m[K-Werror=shadow[m[K]
   48 |                  [01;31m[Kconst std::string &trt_timing_cache_path[m[K,
      |                  [01;31m[K~~~~~~~~~~~~~~~~~~~^~~~~~~~~~~~~~~~~~~~~[m[K
[01m[K/dev/shm/velavision-sherpa-asr-20260911/sherpa/sherpa-onnx/csrc/provider-config.h:38:15:[m[K [01;36m[Knote: [m[Kshadowed declaration is here
   38 |   std::string [01;36m[Ktrt_timing_cache_path[m[K = ".";
      |               [01;36m[K^~~~~~~~~~~~~~~~~~~~~[m[K
[01m[K/dev/shm/velavision-sherpa-asr-20260911/sherpa/sherpa-onnx/csrc/provider-config.h:47:37:[m[K [01;31m[Kerror: [m[Kdeclaration of '[01m[Ktrt_engine_cache_path[m[K' shadows a member of '[01m[Ksherpa_onnx::TensorrtConfig[m[K' [[01;31m[K-Werror=shadow[m[K]
   47 |                  [01;31m[Kconst std::string &trt_engine_cache_path[m[K,
      |                  [01;31m[K~~~~~~~~~~~~~~~~~~~^~~~~~~~~~~~~~~~~~~~~[m[K
[01m[K/dev/shm/velavision-sherpa-asr-20260911/sherpa/sherpa-onnx/csrc/provider-config.h:37:15:[m[K [01;36m[Knote: [m[Kshadowed declaration is here
   37 |   std::string [01;36m[Ktrt_engine_cache_path[m[K = ".";
      |               [01;36m[K^~~~~~~~~~~~~~~~~~~~~[m[K
[01m[K/dev/shm/velavision-sherpa-asr-20260911/sherpa/sherpa-onnx/csrc/provider-config.h:46:23:[m[K [01;31m[Kerror: [m[Kdeclaration of '[01m[Ktrt_timing_cache_enable[m[K' shadows a member of '[01m[Ksherpa_onnx::TensorrtConfig[m[K' [[01;31m[K-Werror=shadow[m[K]
   46 |                  [01;31m[Kbool trt_timing_cache_enable[m[K,
      |                  [01;31m[K~~~~~^~~~~~~~~~~~~~~~~~~~~~~[m[K
[01m[K/dev/shm/velavision-sherpa-asr-20260911/sherpa/sherpa-onnx/csrc/provider-config.h:36:8:[m[K [01;36m[Knote: [m[Kshadowed declaration is here
   36 |   bool [01;36m[Ktrt_timing_cache_enable[m[K = true;
      |        [01;36m[K^~~~~~~~~~~~~~~~~~~~~~~[m[K
[01m[K/dev/shm/velavision-sherpa-asr-20260911/sherpa/sherpa-onnx/csrc/provider-config.h:45:52:[m[K [01;31m[Kerror: [m[Kdeclaration of '[01m[Ktrt_engine_cache_enable[m[K' shadows a member of '[01m[Ksherpa_onnx::TensorrtConfig[m[K' [[01;31m[K-Werror=shadow[m[K]
   45 |                  bool trt_detailed_build_log, [01;31m[Kbool trt_engine_cache_enable[m[K,
      |                                               [01;31m[K~~~~~^~~~~~~~~~~~~~~~~~~~~~~[m[K
[01m[K/dev/shm/velavision-sherpa-asr-20260911/sherpa/sherpa-onnx/csrc/provider-config.h:35:8:[m[K [01;36m[Knote: [m[Kshadowed declaration is here
   35 |   bool [01;36m[Ktrt_engine_cache_enable[m[K = true;
      |        [01;36m[K^~~~~~~~~~~~~~~~~~~~~~~[m[K
[01m[K/dev/shm/velavision-sherpa-asr-20260911/sherpa/sherpa-onnx/csrc/provider-config.h:45:23:[m[K [01;31m[Kerror: [m[Kdeclaration of '[01m[Ktrt_detailed_build_log[m[K' shadows a member of '[01m[Ksherpa_onnx::TensorrtConfig[m[K' [[01;31m[K-Werror=shadow[m[K]
   45 |                  [01;31m[Kbool trt_detailed_build_log[m[K, bool trt_engine_cache_enable,
      |                  [01;31m[K~~~~~^~~~~~~~~~~~~~~~~~~~~~[m[K
[01m[K/dev/shm/velavision-sherpa-asr-20260911/sherpa/sherpa-onnx/csrc/provider-config.h:34:8:[m[K [01;36m[Knote: [m[Kshadowed declaration is here
   34 |   bool [01;36m[Ktrt_detailed_build_log[m[K = false;
      |        [01;36m[K^~~~~~~~~~~~~~~~~~~~~~[m[K
[01m[K/dev/shm/velavision-sherpa-asr-20260911/sherpa/sherpa-onnx/csrc/provider-config.h:44:54:[m[K [01;31m[Kerror: [m[Kdeclaration of '[01m[Ktrt_fp16_enable[m[K' shadows a member of '[01m[Ksherpa_onnx::TensorrtConfig[m[K' [[01;31m[K-Werror=shadow[m[K]
   44 |                  int32_t trt_min_subgraph_size, [01;31m[Kbool trt_fp16_enable[m[K,
      |                                                 [01;31m[K~~~~~^~~~~~~~~~~~~~~[m[K
[01m[K/dev/shm/velavision-sherpa-asr-20260911/sherpa/sherpa-onnx/csrc/provider-config.h:33:8:[m[K [01;36m[Knote: [m[Kshadowed declaration is here
   33 |   bool [01;36m[Ktrt_fp16_enable[m[K = true;
      |        [01;36m[K^~~~~~~~~~~~~~~[m[K
[01m[K/dev/shm/velavision-sherpa-asr-20260911/sherpa/sherpa-onnx/csrc/provider-config.h:44:26:[m[K [01;31m[Kerror: [m[Kdeclaration of '[01m[Ktrt_min_subgraph_size[m[K' shadows a member of '[01m[Ksherpa_onnx::TensorrtConfig[m[K' [[01;31m[K-Werror=shadow[m[K]
   44 |                  [01;31m[Kint32_t trt_min_subgraph_size[m[K, bool trt_fp16_enable,
      |                  [01;31m[K~~~~~~~~^~~~~~~~~~~~~~~~~~~~~[m[K
[01m[K/dev/shm/velavision-sherpa-asr-20260911/sherpa/sherpa-onnx/csrc/provider-config.h:32:11:[m[K [01;36m[Knote: [m[Kshadowed declaration is here
   32 |   int32_t [01;36m[Ktrt_min_subgraph_size[m[K = 5;
      |           [01;36m[K^~~~~~~~~~~~~~~~~~~~~[m[K
[01m[K/dev/shm/velavision-sherpa-asr-20260911/sherpa/sherpa-onnx/csrc/provider-config.h:43:26:[m[K [01;31m[Kerror: [m[Kdeclaration of '[01m[Ktrt_max_partition_iterations[m[K' shadows a member of '[01m[Ksherpa_onnx::TensorrtConfig[m[K' [[01;31m[K-Werror=shadow[m[K]
   43 |                  [01;31m[Kint32_t trt_max_partition_iterations[m[K,
      |                  [01;31m[K~~~~~~~~^~~~~~~~~~~~~~~~~~~~~~~~~~~~[m[K
[01m[K/dev/shm/velavision-sherpa-asr-20260911/sherpa/sherpa-onnx/csrc/provider-config.h:31:11:[m[K [01;36m[Knote: [m[Kshadowed declaration is here
   31 |   int32_t [01;36m[Ktrt_max_partition_iterations[m[K = 10;
      |           [01;36m[K^~~~~~~~~~~~~~~~~~~~~~~~~~~~[m[K
[01m[K/dev/shm/velavision-sherpa-asr-20260911/sherpa/sherpa-onnx/csrc/provider-config.h:42:26:[m[K [01;31m[Kerror: [m[Kdeclaration of '[01m[Ktrt_max_workspace_size[m[K' shadows a member of '[01m[Ksherpa_onnx::TensorrtConfig[m[K' [[01;31m[K-Werror=shadow[m[K]
   42 |   TensorrtConfig([01;31m[Kint64_t trt_max_workspace_size[m[K,
      |                  [01;31m[K~~~~~~~~^~~~~~~~~~~~~~~~~~~~~~[m[K
[01m[K/dev/shm/velavision-sherpa-asr-20260911/sherpa/sherpa-onnx/csrc/provider-config.h:30:11:[m[K [01;36m[Knote: [m[Kshadowed declaration is here
   30 |   int64_t [01;36m[Ktrt_max_workspace_size[m[K = 2147483647;
      |           [01;36m[K^~~~~~~~~~~~~~~~~~~~~~[m[K
[01m[K/dev/shm/velavision-sherpa-asr-20260911/sherpa/sherpa-onnx/csrc/provider-config.h:[m[K In constructor '[01m[Ksherpa_onnx::TensorrtConfig::[01;32m[KTensorrtConfig[m[K(int64_t, int32_t, int32_t, bool, bool, bool, bool, const std::__1::string&, const std::__1::string&, bool)[m[K':
[01m[K/dev/shm/velavision-sherpa-asr-20260911/sherpa/sherpa-onnx/csrc/provider-config.h:49:23:[m[K [01;31m[Kerror: [m[Kdeclaration of '[01m[Ktrt_dump_subgraphs[m[K' shadows a member of '[01m[Ksherpa_onnx::TensorrtConfig[m[K' [[01;31m[K-Werror=shadow[m[K]
   49 |                  [01;31m[Kbool trt_dump_subgraphs[m[K)
      |                  [01;31m[K~~~~~^~~~~~~~~~~~~~~~~~[m[K
[01m[K/dev/shm/velavision-sherpa-asr-20260911/sherpa/sherpa-onnx/csrc/provider-config.h:39:8:[m[K [01;36m[Knote: [m[Kshadowed declaration is here
   39 |   bool [01;36m[Ktrt_dump_subgraphs[m[K = false;
      |        [01;36m[K^~~~~~~~~~~~~~~~~~[m[K
[01m[K/dev/shm/velavision-sherpa-asr-20260911/sherpa/sherpa-onnx/csrc/provider-config.h:48:37:[m[K [01;31m[Kerror: [m[Kdeclaration of '[01m[Ktrt_timing_cache_path[m[K' shadows a member of '[01m[Ksherpa_onnx::TensorrtConfig[m[K' [[01;31m[K-Werror=shadow[m[K]
   48 |                  [01;31m[Kconst std::string &trt_timing_cache_path[m[K,
      |                  [01;31m[K~~~~~~~~~~~~~~~~~~~^~~~~~~~~~~~~~~~~~~~~[m[K
[01m[K/dev/shm/velavision-sherpa-asr-20260911/sherpa/sherpa-onnx/csrc/provider-config.h:38:15:[m[K [01;36m[Knote: [m[Kshadowed declaration is here
   38 |   std::string [01;36m[Ktrt_timing_cache_path[m[K = ".";
      |               [01;36m[K^~~~~~~~~~~~~~~~~~~~~[m[K
[01m[K/dev/shm/velavision-sherpa-asr-20260911/sherpa/sherpa-onnx/csrc/provider-config.h:47:37:[m[K [01;31m[Kerror: [m[Kdeclaration of '[01m[Ktrt_engine_cache_path[m[K' shadows a member of '[01m[Ksherpa_onnx::TensorrtConfig[m[K' [[01;31m[K-Werror=shadow[m[K]
   47 |                  [01;31m[Kconst std::string &trt_engine_cache_path[m[K,
      |                  [01;31m[K~~~~~~~~~~~~~~~~~~~^~~~~~~~~~~~~~~~~~~~~[m[K
[01m[K/dev/shm/velavision-sherpa-asr-20260911/sherpa/sherpa-onnx/csrc/provider-config.h:37:15:[m[K [01;36m[Knote: [m[Kshadowed declaration is here
   37 |   std::string [01;36m[Ktrt_engine_cache_path[m[K = ".";
      |               [01;36m[K^~~~~~~~~~~~~~~~~~~~~[m[K
[01m[K/dev/shm/velavision-sherpa-asr-20260911/sherpa/sherpa-onnx/csrc/provider-config.h:46:23:[m[K [01;31m[Kerror: [m[Kdeclaration of '[01m[Ktrt_timing_cache_enable[m[K' shadows a member of '[01m[Ksherpa_onnx::TensorrtConfig[m[K' [[01;31m[K-Werror=shadow[m[K]
   46 |                  [01;31m[Kbool trt_timing_cache_enable[m[K,
      |                  [01;31m[K~~~~~^~~~~~~~~~~~~~~~~~~~~~~[m[K
[01m[K/dev/shm/velavision-sherpa-asr-20260911/sherpa/sherpa-onnx/csrc/provider-config.h:36:8:[m[K [01;36m[Knote: [m[Kshadowed declaration is here
   36 |   bool [01;36m[Ktrt_timing_cache_enable[m[K = true;
      |        [01;36m[K^~~~~~~~~~~~~~~~~~~~~~~[m[K
[01m[K/dev/shm/velavision-sherpa-asr-20260911/sherpa/sherpa-onnx/csrc/provider-config.h:45:52:[m[K [01;31m[Kerror: [m[Kdeclaration of '[01m[Ktrt_engine_cache_enable[m[K' shadows a member of '[01m[Ksherpa_onnx::TensorrtConfig[m[K' [[01;31m[K-Werror=shadow[m[K]
   45 |                  bool trt_detailed_build_log, [01;31m[Kbool trt_engine_cache_enable[m[K,
      |                                               [01;31m[K~~~~~^~~~~~~~~~~~~~~~~~~~~~~[m[K
[01m[K/dev/shm/velavision-sherpa-asr-20260911/sherpa/sherpa-onnx/csrc/provider-config.h:35:8:[m[K [01;36m[Knote: [m[Kshadowed declaration is here
   35 |   bool [01;36m[Ktrt_engine_cache_enable[m[K = true;
      |        [01;36m[K^~~~~~~~~~~~~~~~~~~~~~~[m[K
[01m[K/dev/shm/velavision-sherpa-asr-20260911/sherpa/sherpa-onnx/csrc/provider-config.h:45:23:[m[K [01;31m[Kerror: [m[Kdeclaration of '[01m[Ktrt_detailed_build_log[m[K' shadows a member of '[01m[Ksherpa_onnx::TensorrtConfig[m[K' [[01;31m[K-Werror=shadow[m[K]
   45 |                  [01;31m[Kbool trt_detailed_build_log[m[K, bool trt_engine_cache_enable,
      |                  [01;31m[K~~~~~^~~~~~~~~~~~~~~~~~~~~~[m[K
[01m[K/dev/shm/velavision-sherpa-asr-20260911/sherpa/sherpa-onnx/csrc/provider-config.h:34:8:[m[K [01;36m[Knote: [m[Kshadowed declaration is here
   34 |   bool [01;36m[Ktrt_detailed_build_log[m[K = false;
      |        [01;36m[K^~~~~~~~~~~~~~~~~~~~~~[m[K
[01m[K/dev/shm/velavision-sherpa-asr-20260911/sherpa/sherpa-onnx/csrc/provider-config.h:44:54:[m[K [01;31m[Kerror: [m[Kdeclaration of '[01m[Ktrt_fp16_enable[m[K' shadows a member of '[01m[Ksherpa_onnx::TensorrtConfig[m[K' [[01;31m[K-Werror=shadow[m[K]
   44 |                  int32_t trt_min_subgraph_size, [01;31m[Kbool trt_fp16_enable[m[K,
      |                                                 [01;31m[K~~~~~^~~~~~~~~~~~~~~[m[K
[01m[K/dev/shm/velavision-sherpa-asr-20260911/sherpa/sherpa-onnx/csrc/provider-config.h:33:8:[m[K [01;36m[Knote: [m[Kshadowed declaration is here
   33 |   bool [01;36m[Ktrt_fp16_enable[m[K = true;
      |        [01;36m[K^~~~~~~~~~~~~~~[m[K
[01m[K/dev/shm/velavision-sherpa-asr-20260911/sherpa/sherpa-onnx/csrc/provider-config.h:44:26:[m[K [01;31m[Kerror: [m[Kdeclaration of '[01m[Ktrt_min_subgraph_size[m[K' shadows a member of '[01m[Ksherpa_onnx::TensorrtConfig[m[K' [[01;31m[K-Werror=shadow[m[K]
   44 |                  [01;31m[Kint32_t trt_min_subgraph_size[m[K, bool trt_fp16_enable,
      |                  [01;31m[K~~~~~~~~^~~~~~~~~~~~~~~~~~~~~[m[K
[01m[K/dev/shm/velavision-sherpa-asr-20260911/sherpa/sherpa-onnx/csrc/provider-config.h:32:11:[m[K [01;36m[Knote: [m[Kshadowed declaration is here
   32 |   int32_t [01;36m[Ktrt_min_subgraph_size[m[K = 5;
      |           [01;36m[K^~~~~~~~~~~~~~~~~~~~~[m[K
[01m[K/dev/shm/velavision-sherpa-asr-20260911/sherpa/sherpa-onnx/csrc/provider-config.h:43:26:[m[K [01;31m[Kerror: [m[Kdeclaration of '[01m[Ktrt_max_partition_iterations[m[K' shadows a member of '[01m[Ksherpa_onnx::TensorrtConfig[m[K' [[01;31m[K-Werror=shadow[m[K]
   43 |                  [01;31m[Kint32_t trt_max_partition_iterations[m[K,
      |                  [01;31m[K~~~~~~~~^~~~~~~~~~~~~~~~~~~~~~~~~~~~[m[K
[01m[K/dev/shm/velavision-sherpa-asr-20260911/sherpa/sherpa-onnx/csrc/provider-config.h:31:11:[m[K [01;36m[Knote: [m[Kshadowed declaration is here
   31 |   int32_t [01;36m[Ktrt_max_partition_iterations[m[K = 10;
      |           [01;36m[K^~~~~~~~~~~~~~~~~~~~~~~~~~~~[m[K
[01m[K/dev/shm/velavision-sherpa-asr-20260911/sherpa/sherpa-onnx/csrc/provider-config.h:42:26:[m[K [01;31m[Kerror: [m[Kdeclaration of '[01m[Ktrt_max_workspace_size[m[K' shadows a member of '[01m[Ksherpa_onnx::TensorrtConfig[m[K' [[01;31m[K-Werror=shadow[m[K]
   42 |   TensorrtConfig([01;31m[Kint64_t trt_max_workspace_size[m[K,
      |                  [01;31m[K~~~~~~~~^~~~~~~~~~~~~~~~~~~~~~[m[K
[01m[K/dev/shm/velavision-sherpa-asr-20260911/sherpa/sherpa-onnx/csrc/provider-config.h:30:11:[m[K [01;36m[Knote: [m[Kshadowed declaration is here
   30 |   int64_t [01;36m[Ktrt_max_workspace_size[m[K = 2147483647;
      |           [01;36m[K^~~~~~~~~~~~~~~~~~~~~~[m[K
[01m[K/dev/shm/velavision-sherpa-asr-20260911/sherpa/sherpa-onnx/csrc/provider-config.h:[m[K In constructor '[01m[Ksherpa_onnx::ProviderConfig::[01;32m[KProviderConfig[m[K(const std::__1::string&, int32_t)[m[K':
[01m[K/dev/shm/velavision-sherpa-asr-20260911/sherpa/sherpa-onnx/csrc/provider-config.h:75:55:[m[K [01;31m[Kerror: [m[Kdeclaration of '[01m[Kdevice[m[K' shadows a member of '[01m[Ksherpa_onnx::ProviderConfig[m[K' [[01;31m[K-Werror=shadow[m[K]
   75 |   ProviderConfig(const std::string &provider, [01;31m[Kint32_t device[m[K)
      |                                               [01;31m[K~~~~~~~~^~~~~~[m[K
[01m[K/dev/shm/velavision-sherpa-asr-20260911/sherpa/sherpa-onnx/csrc/provider-config.h:71:11:[m[K [01;36m[Knote: [m[Kshadowed declaration is here
   71 |   int32_t [01;36m[Kdevice[m[K = 0;
      |           [01;36m[K^~~~~~[m[K
[01m[K/dev/shm/velavision-sherpa-asr-20260911/sherpa/sherpa-onnx/csrc/provider-config.h:75:37:[m[K [01;31m[Kerror: [m[Kdeclaration of '[01m[Kprovider[m[K' shadows a member of '[01m[Ksherpa_onnx::ProviderConfig[m[K' [[01;31m[K-Werror=shadow[m[K]
   75 |   ProviderConfig([01;31m[Kconst std::string &provider[m[K, int32_t device)
      |                  [01;31m[K~~~~~~~~~~~~~~~~~~~^~~~~~~~[m[K
[01m[K/dev/shm/velavision-sherpa-asr-20260911/sherpa/sherpa-onnx/csrc/provider-config.h:70:15:[m[K [01;36m[Knote: [m[Kshadowed declaration is here
   70 |   std::string [01;36m[Kprovider[m[K = "cpu";
      |               [01;36m[K^~~~~~~~[m[K
[01m[K/dev/shm/velavision-sherpa-asr-20260911/sherpa/sherpa-onnx/csrc/provider-config.h:[m[K In constructor '[01m[Ksherpa_onnx::ProviderConfig::[01;32m[KProviderConfig[m[K(const std::__1::string&, int32_t)[m[K':
[01m[K/dev/shm/velavision-sherpa-asr-20260911/sherpa/sherpa-onnx/csrc/provider-config.h:75:55:[m[K [01;31m[Kerror: [m[Kdeclaration of '[01m[Kdevice[m[K' shadows a member of '[01m[Ksherpa_onnx::ProviderConfig[m[K' [[01;31m[K-Werror=shadow[m[K]
   75 |   ProviderConfig(const std::string &provider, [01;31m[Kint32_t device[m[K)
      |                                               [01;31m[K~~~~~~~~^~~~~~[m[K
[01m[K/dev/shm/velavision-sherpa-asr-20260911/sherpa/sherpa-onnx/csrc/provider-config.h:71:11:[m[K [01;36m[Knote: [m[Kshadowed declaration is here
   71 |   int32_t [01;36m[Kdevice[m[K = 0;
      |           [01;36m[K^~~~~~[m[K
[01m[K/dev/shm/velavision-sherpa-asr-20260911/sherpa/sherpa-onnx/csrc/provider-config.h:75:37:[m[K [01;31m[Kerror: [m[Kdeclaration of '[01m[Kprovider[m[K' shadows a member of '[01m[Ksherpa_onnx::ProviderConfig[m[K' [[01;31m[K-Werror=shadow[m[K]
   75 |   ProviderConfig([01;31m[Kconst std::string &provider[m[K, int32_t device)
      |                  [01;31m[K~~~~~~~~~~~~~~~~~~~^~~~~~~~[m[K
[01m[K/dev/shm/velavision-sherpa-asr-20260911/sherpa/sherpa-onnx/csrc/provider-config.h:70:15:[m[K [01;36m[Knote: [m[Kshadowed declaration is here
   70 |   std::string [01;36m[Kprovider[m[K = "cpu";
      |               [01;36m[K^~~~~~~~[m[K
[01m[K/dev/shm/velavision-sherpa-asr-20260911/sherpa/sherpa-onnx/csrc/provider-config.h:[m[K In constructor '[01m[Ksherpa_onnx::ProviderConfig::[01;32m[KProviderConfig[m[K(const std::__1::string&, int32_t)[m[K':
[01m[K/dev/shm/velavision-sherpa-asr-20260911/sherpa/sherpa-onnx/csrc/provider-config.h:75:55:[m[K [01;31m[Kerror: [m[Kdeclaration of '[01m[Kdevice[m[K' shadows a member of '[01m[Ksherpa_onnx::ProviderConfig[m[K' [[01;31m[K-Werror=shadow[m[K]
   75 |   ProviderConfig(const std::string &provider, [01;31m[Kint32_t device[m[K)
      |                                               [01;31m[K~~~~~~~~^~~~~~[m[K
[01m[K/dev/shm/velavision-sherpa-asr-20260911/sherpa/sherpa-onnx/csrc/provider-config.h:71:11:[m[K [01;36m[Knote: [m[Kshadowed declaration is here
   71 |   int32_t [01;36m[Kdevice[m[K = 0;
      |           [01;36m[K^~~~~~[m[K
[01m[K/dev/shm/velavision-sherpa-asr-20260911/sherpa/sherpa-onnx/csrc/provider-config.h:75:37:[m[K [01;31m[Kerror: [m[Kdeclaration of '[01m[Kprovider[m[K' shadows a member of '[01m[Ksherpa_onnx::ProviderConfig[m[K' [[01;31m[K-Werror=shadow[m[K]
   75 |   ProviderConfig([01;31m[Kconst std::string &provider[m[K, int32_t device)
      |                  [01;31m[K~~~~~~~~~~~~~~~~~~~^~~~~~~~[m[K
[01m[K/dev/shm/velavision-sherpa-asr-20260911/sherpa/sherpa-onnx/csrc/provider-config.h:70:15:[m[K [01;36m[Knote: [m[Kshadowed declaration is here
   70 |   std::string [01;36m[Kprovider[m[K = "cpu";
      |               [01;36m[K^~~~~~~~[m[K
[01m[K/dev/shm/velavision-sherpa-asr-20260911/sherpa/sherpa-onnx/csrc/provider-config.h:[m[K In constructor '[01m[Ksherpa_onnx::ProviderConfig::[01;32m[KProviderConfig[m[K(const sherpa_onnx::TensorrtConfig&, const sherpa_onnx::CudaConfig&, const std::__1::string&, int32_t)[m[K':
[01m[K/dev/shm/velavision-sherpa-asr-20260911/sherpa/sherpa-onnx/csrc/provider-config.h:79:26:[m[K [01;31m[Kerror: [m[Kdeclaration of '[01m[Kdevice[m[K' shadows a member of '[01m[Ksherpa_onnx::ProviderConfig[m[K' [[01;31m[K-Werror=shadow[m[K]
   79 |                  [01;31m[Kint32_t device[m[K)
      |                  [01;31m[K~~~~~~~~^~~~~~[m[K
[01m[K/dev/shm/velavision-sherpa-asr-20260911/sherpa/sherpa-onnx/csrc/provider-config.h:71:11:[m[K [01;36m[Knote: [m[Kshadowed declaration is here
   71 |   int32_t [01;36m[Kdevice[m[K = 0;
      |           [01;36m[K^~~~~~[m[K
[01m[K/dev/shm/velavision-sherpa-asr-20260911/sherpa/sherpa-onnx/csrc/provider-config.h:78:68:[m[K [01;31m[Kerror: [m[Kdeclaration of '[01m[Kprovider[m[K' shadows a member of '[01m[Ksherpa_onnx::ProviderConfig[m[K' [[01;31m[K-Werror=shadow[m[K]
   78 |                  const CudaConfig &cuda_config, [01;31m[Kconst std::string &provider[m[K,
      |                                                 [01;31m[K~~~~~~~~~~~~~~~~~~~^~~~~~~~[m[K
[01m[K/dev/shm/velavision-sherpa-asr-20260911/sherpa/sherpa-onnx/csrc/provider-config.h:70:15:[m[K [01;36m[Knote: [m[Kshadowed declaration is here
   70 |   std::string [01;36m[Kprovider[m[K = "cpu";
      |               [01;36m[K^~~~~~~~[m[K
[01m[K/dev/shm/velavision-sherpa-asr-20260911/sherpa/sherpa-onnx/csrc/provider-config.h:78:36:[m[K [01;31m[Kerror: [m[Kdeclaration of '[01m[Kcuda_config[m[K' shadows a member of '[01m[Ksherpa_onnx::ProviderConfig[m[K' [[01;31m[K-Werror=shadow[m[K]
   78 |                  [01;31m[Kconst CudaConfig &cuda_config[m[K, const std::string &provider,
      |                  [01;31m[K~~~~~~~~~~~~~~~~~~^~~~~~~~~~~[m[K
[01m[K/dev/shm/velavision-sherpa-asr-20260911/sherpa/sherpa-onnx/csrc/provider-config.h:69:14:[m[K [01;36m[Knote: [m[Kshadowed declaration is here
   69 |   CudaConfig [01;36m[Kcuda_config[m[K;
      |              [01;36m[K^~~~~~~~~~~[m[K
[01m[K/dev/shm/velavision-sherpa-asr-20260911/sherpa/sherpa-onnx/csrc/provider-config.h:77:40:[m[K [01;31m[Kerror: [m[Kdeclaration of '[01m[Ktrt_config[m[K' shadows a member of '[01m[Ksherpa_onnx::ProviderConfig[m[K' [[01;31m[K-Werror=shadow[m[K]
   77 |   ProviderConfig([01;31m[Kconst TensorrtConfig &trt_config[m[K,
      |                  [01;31m[K~~~~~~~~~~~~~~~~~~~~~~^~~~~~~~~~[m[K
[01m[K/dev/shm/velavision-sherpa-asr-20260911/sherpa/sherpa-onnx/csrc/provider-config.h:68:18:[m[K [01;36m[Knote: [m[Kshadowed declaration is here
   68 |   TensorrtConfig [01;36m[Ktrt_config[m[K;
      |                  [01;36m[K^~~~~~~~~~[m[K
[01m[K/dev/shm/velavision-sherpa-asr-20260911/sherpa/sherpa-onnx/csrc/provider-config.h:[m[K In constructor '[01m[Ksherpa_onnx::ProviderConfig::[01;32m[KProviderConfig[m[K(const sherpa_onnx::TensorrtConfig&, const sherpa_onnx::CudaConfig&, const std::__1::string&, int32_t)[m[K':
[01m[K/dev/shm/velavision-sherpa-asr-20260911/sherpa/sherpa-onnx/csrc/provider-config.h:79:26:[m[K [01;31m[Kerror: [m[Kdeclaration of '[01m[Kdevice[m[K' shadows a member of '[01m[Ksherpa_onnx::ProviderConfig[m[K' [[01;31m[K-Werror=shadow[m[K]
   79 |                  [01;31m[Kint32_t device[m[K)
      |                  [01;31m[K~~~~~~~~^~~~~~[m[K
[01m[K/dev/shm/velavision-sherpa-asr-20260911/sherpa/sherpa-onnx/csrc/provider-config.h:71:11:[m[K [01;36m[Knote: [m[Kshadowed declaration is here
   71 |   int32_t [01;36m[Kdevice[m[K = 0;
      |           [01;36m[K^~~~~~[m[K
[01m[K/dev/shm/velavision-sherpa-asr-20260911/sherpa/sherpa-onnx/csrc/provider-config.h:78:68:[m[K [01;31m[Kerror: [m[Kdeclaration of '[01m[Kprovider[m[K' shadows a member of '[01m[Ksherpa_onnx::ProviderConfig[m[K' [[01;31m[K-Werror=shadow[m[K]
   78 |                  const CudaConfig &cuda_config, [01;31m[Kconst std::string &provider[m[K,
      |                                                 [01;31m[K~~~~~~~~~~~~~~~~~~~^~~~~~~~[m[K
[01m[K/dev/shm/velavision-sherpa-asr-20260911/sherpa/sherpa-onnx/csrc/provider-config.h:70:15:[m[K [01;36m[Knote: [m[Kshadowed declaration is here
   70 |   std::string [01;36m[Kprovider[m[K = "cpu";
      |               [01;36m[K^~~~~~~~[m[K
[01m[K/dev/shm/velavision-sherpa-asr-20260911/sherpa/sherpa-onnx/csrc/provider-config.h:78:36:[m[K [01;31m[Kerror: [m[Kdeclaration of '[01m[Kcuda_config[m[K' shadows a member of '[01m[Ksherpa_onnx::ProviderConfig[m[K' [[01;31m[K-Werror=shadow[m[K]
   78 |                  [01;31m[Kconst CudaConfig &cuda_config[m[K, const std::string &provider,
      |                  [01;31m[K~~~~~~~~~~~~~~~~~~^~~~~~~~~~~[m[K
[01m[K/dev/shm/velavision-sherpa-asr-20260911/sherpa/sherpa-onnx/csrc/provider-config.h:69:14:[m[K [01;36m[Knote: [m[Kshadowed declaration is here
   69 |   CudaConfig [01;36m[Kcuda_config[m[K;
      |              [01;36m[K^~~~~~~~~~~[m[K
[01m[K/dev/shm/velavision-sherpa-asr-20260911/sherpa/sherpa-onnx/csrc/provider-config.h:77:40:[m[K [01;31m[Kerror: [m[Kdeclaration of '[01m[Ktrt_config[m[K' shadows a member of '[01m[Ksherpa_onnx::ProviderConfig[m[K' [[01;31m[K-Werror=shadow[m[K]
   77 |   ProviderConfig([01;31m[Kconst TensorrtConfig &trt_config[m[K,
      |                  [01;31m[K~~~~~~~~~~~~~~~~~~~~~~^~~~~~~~~~[m[K
[01m[K/dev/shm/velavision-sherpa-asr-20260911/sherpa/sherpa-onnx/csrc/provider-config.h:68:18:[m[K [01;36m[Knote: [m[Kshadowed declaration is here
   68 |   TensorrtConfig [01;36m[Ktrt_config[m[K;
      |                  [01;36m[K^~~~~~~~~~[m[K
[01m[K/dev/shm/velavision-sherpa-asr-20260911/sherpa/sherpa-onnx/csrc/provider-config.h:[m[K In constructor '[01m[Ksherpa_onnx::ProviderConfig::[01;32m[KProviderConfig[m[K(const sherpa_onnx::TensorrtConfig&, const sherpa_onnx::CudaConfig&, const std::__1::string&, int32_t)[m[K':
[01m[K/dev/shm/velavision-sherpa-asr-20260911/sherpa/sherpa-onnx/csrc/provider-config.h:79:26:[m[K [01;31m[Kerror: [m[Kdeclaration of '[01m[Kdevice[m[K' shadows a member of '[01m[Ksherpa_onnx::ProviderConfig[m[K' [[01;31m[K-Werror=shadow[m[K]
   79 |                  [01;31m[Kint32_t device[m[K)
      |                  [01;31m[K~~~~~~~~^~~~~~[m[K
[01m[K/dev/shm/velavision-sherpa-asr-20260911/sherpa/sherpa-onnx/csrc/provider-config.h:71:11:[m[K [01;36m[Knote: [m[Kshadowed declaration is here
   71 |   int32_t [01;36m[Kdevice[m[K = 0;
      |           [01;36m[K^~~~~~[m[K
[01m[K/dev/shm/velavision-sherpa-asr-20260911/sherpa/sherpa-onnx/csrc/provider-config.h:78:68:[m[K [01;31m[Kerror: [m[Kdeclaration of '[01m[Kprovider[m[K' shadows a member of '[01m[Ksherpa_onnx::ProviderConfig[m[K' [[01;31m[K-Werror=shadow[m[K]
   78 |                  const CudaConfig &cuda_config, [01;31m[Kconst std::string &provider[m[K,
      |                                                 [01;31m[K~~~~~~~~~~~~~~~~~~~^~~~~~~~[m[K
[01m[K/dev/shm/velavision-sherpa-asr-20260911/sherpa/sherpa-onnx/csrc/provider-config.h:70:15:[m[K [01;36m[Knote: [m[Kshadowed declaration is here
   70 |   std::string [01;36m[Kprovider[m[K = "cpu";
      |               [01;36m[K^~~~~~~~[m[K
[01m[K/dev/shm/velavision-sherpa-asr-20260911/sherpa/sherpa-onnx/csrc/provider-config.h:78:36:[m[K [01;31m[Kerror: [m[Kdeclaration of '[01m[Kcuda_config[m[K' shadows a member of '[01m[Ksherpa_onnx::ProviderConfig[m[K' [[01;31m[K-Werror=shadow[m[K]
   78 |                  [01;31m[Kconst CudaConfig &cuda_config[m[K, const std::string &provider,
      |                  [01;31m[K~~~~~~~~~~~~~~~~~~^~~~~~~~~~~[m[K
[01m[K/dev/shm/velavision-sherpa-asr-20260911/sherpa/sherpa-onnx/csrc/provider-config.h:69:14:[m[K [01;36m[Knote: [m[Kshadowed declaration is here
   69 |   CudaConfig [01;36m[Kcuda_config[m[K;
      |              [01;36m[K^~~~~~~~~~~[m[K
[01m[K/dev/shm/velavision-sherpa-asr-20260911/sherpa/sherpa-onnx/csrc/provider-config.h:77:40:[m[K [01;31m[Kerror: [m[Kdeclaration of '[01m[Ktrt_config[m[K' shadows a member of '[01m[Ksherpa_onnx::ProviderConfig[m[K' [[01;31m[K-Werror=shadow[m[K]
   77 |   ProviderConfig([01;31m[Kconst TensorrtConfig &trt_config[m[K,
      |                  [01;31m[K~~~~~~~~~~~~~~~~~~~~~~^~~~~~~~~~[m[K
[01m[K/dev/shm/velavision-sherpa-asr-20260911/sherpa/sherpa-onnx/csrc/provider-config.h:68:18:[m[K [01;36m[Knote: [m[Kshadowed declaration is here
   68 |   TensorrtConfig [01;36m[Ktrt_config[m[K;
      |                  [01;36m[K^~~~~~~~~~[m[K
[01m[K/dev/shm/velavision-sherpa-asr-20260911/sherpa/sherpa-onnx/csrc/online-model-config.h:[m[K In constructor '[01m[Ksherpa_onnx::OnlineModelConfig::[01;32m[KOnlineModelConfig[m[K(const sherpa_onnx::OnlineTransducerModelConfig&, const sherpa_onnx::OnlineParaformerModelConfig&, const sherpa_onnx::OnlineWenetCtcModelConfig&, const sherpa_onnx::OnlineZipformer2CtcModelConfig&, const sherpa_onnx::OnlineNeMoCtcModelConfig&, const sherpa_onnx::OnlineToneCtcModelConfig&, const sherpa_onnx::ProviderConfig&, const std::__1::string&, int32_t, int32_t, bool, const std::__1::string&, const std::__1::string&, const std::__1::string&)[m[K':
[01m[K/dev/shm/velavision-sherpa-asr-20260911/sherpa/sherpa-onnx/csrc/online-model-config.h:66:40:[m[K [01;31m[Kerror: [m[Kdeclaration of '[01m[Kbpe_vocab[m[K' shadows a member of '[01m[Ksherpa_onnx::OnlineModelConfig[m[K' [[01;31m[K-Werror=shadow[m[K]
   66 |                     [01;31m[Kconst std::string &bpe_vocab[m[K)
      |                     [01;31m[K~~~~~~~~~~~~~~~~~~~^~~~~~~~~[m[K
[01m[K/dev/shm/velavision-sherpa-asr-20260911/sherpa/sherpa-onnx/csrc/online-model-config.h:48:15:[m[K [01;36m[Knote: [m[Kshadowed declaration is here
   48 |   std::string [01;36m[Kbpe_vocab[m[K;
      |               [01;36m[K^~~~~~~~~[m[K
[01m[K/dev/shm/velavision-sherpa-asr-20260911/sherpa/sherpa-onnx/csrc/online-model-config.h:65:40:[m[K [01;31m[Kerror: [m[Kdeclaration of '[01m[Kmodeling_unit[m[K' shadows a member of '[01m[Ksherpa_onnx::OnlineModelConfig[m[K' [[01;31m[K-Werror=shadow[m[K]
   65 |                     [01;31m[Kconst std::string &modeling_unit[m[K,
      |                     [01;31m[K~~~~~~~~~~~~~~~~~~~^~~~~~~~~~~~~[m[K
[01m[K/dev/shm/velavision-sherpa-asr-20260911/sherpa/sherpa-onnx/csrc/online-model-config.h:47:15:[m[K [01;36m[Knote: [m[Kshadowed declaration is here
   47 |   std::string [01;36m[Kmodeling_unit[m[K = "cjkchar";
      |               [01;36m[K^~~~~~~~~~~~~[m[K
[01m[K/dev/shm/velavision-sherpa-asr-20260911/sherpa/sherpa-onnx/csrc/online-model-config.h:64:69:[m[K [01;31m[Kerror: [m[Kdeclaration of '[01m[Kmodel_type[m[K' shadows a member of '[01m[Ksherpa_onnx::OnlineModelConfig[m[K' [[01;31m[K-Werror=shadow[m[K]
   64 |                     int32_t warm_up, bool debug, [01;31m[Kconst std::string &model_type[m[K,
      |                                                  [01;31m[K~~~~~~~~~~~~~~~~~~~^~~~~~~~~~[m[K
[01m[K/dev/shm/velavision-sherpa-asr-20260911/sherpa/sherpa-onnx/csrc/online-model-config.h:41:15:[m[K [01;36m[Knote: [m[Kshadowed declaration is here
   41 |   std::string [01;36m[Kmodel_type[m[K;
      |               [01;36m[K^~~~~~~~~~[m[K
[01m[K/dev/shm/velavision-sherpa-asr-20260911/sherpa/sherpa-onnx/csrc/online-model-config.h:64:43:[m[K [01;31m[Kerror: [m[Kdeclaration of '[01m[Kdebug[m[K' shadows a member of '[01m[Ksherpa_onnx::OnlineModelConfig[m[K' [[01;31m[K-Werror=shadow[m[K]
   64 |                     int32_t warm_up, [01;31m[Kbool debug[m[K, const std::string &model_type,
      |                                      [01;31m[K~~~~~^~~~~[m[K
[01m[K/dev/shm/velavision-sherpa-asr-20260911/sherpa/sherpa-onnx/csrc/online-model-config.h:30:8:[m[K [01;36m[Knote: [m[Kshadowed declaration is here
   30 |   bool [01;36m[Kdebug[m[K = false;
      |        [01;36m[K^~~~~[m[K
[01m[K/dev/shm/velavision-sherpa-asr-20260911/sherpa/sherpa-onnx/csrc/online-model-config.h:64:29:[m[K [01;31m[Kerror: [m[Kdeclaration of '[01m[Kwarm_up[m[K' shadows a member of '[01m[Ksherpa_onnx::OnlineModelConfig[m[K' [[01;31m[K-Werror=shadow[m[K]
   64 |                     [01;31m[Kint32_t warm_up[m[K, bool debug, const std::string &model_type,
      |                     [01;31m[K~~~~~~~~^~~~~~~[m[K
[01m[K/dev/shm/velavision-sherpa-asr-20260911/sherpa/sherpa-onnx/csrc/online-model-config.h:29:11:[m[K [01;36m[Knote: [m[Kshadowed declaration is here
   29 |   int32_t [01;36m[Kwarm_up[m[K = 0;
      |           [01;36m[K^~~~~~~[m[K
[01m[K/dev/shm/velavision-sherpa-asr-20260911/sherpa/sherpa-onnx/csrc/online-model-config.h:63:56:[m[K [01;31m[Kerror: [m[Kdeclaration of '[01m[Knum_threads[m[K' shadows a member of '[01m[Ksherpa_onnx::OnlineModelConfig[m[K' [[01;31m[K-Werror=shadow[m[K]
   63 |                     const std::string &tokens, [01;31m[Kint32_t num_threads[m[K,
      |                                                [01;31m[K~~~~~~~~^~~~~~~~~~~[m[K
[01m[K/dev/shm/velavision-sherpa-asr-20260911/sherpa/sherpa-onnx/csrc/online-model-config.h:28:11:[m[K [01;36m[Knote: [m[Kshadowed declaration is here
   28 |   int32_t [01;36m[Knum_threads[m[K = 1;
      |           [01;36m[K^~~~~~~~~~~[m[K
[01m[K/dev/shm/velavision-sherpa-asr-20260911/sherpa/sherpa-onnx/csrc/online-model-config.h:63:40:[m[K [01;31m[Kerror: [m[Kdeclaration of '[01m[Ktokens[m[K' shadows a member of '[01m[Ksherpa_onnx::OnlineModelConfig[m[K' [[01;31m[K-Werror=shadow[m[K]
   63 |                     [01;31m[Kconst std::string &tokens[m[K, int32_t num_threads,
      |                     [01;31m[K~~~~~~~~~~~~~~~~~~~^~~~~~[m[K
[01m[K/dev/shm/velavision-sherpa-asr-20260911/sherpa/sherpa-onnx/csrc/online-model-config.h:27:15:[m[K [01;36m[Knote: [m[Kshadowed declaration is here
   27 |   std::string [01;36m[Ktokens[m[K;
      |               [01;36m[K^~~~~~[m[K
[01m[K/dev/shm/velavision-sherpa-asr-20260911/sherpa/sherpa-onnx/csrc/online-model-config.h:62:43:[m[K [01;31m[Kerror: [m[Kdeclaration of '[01m[Kprovider_config[m[K' shadows a member of '[01m[Ksherpa_onnx::OnlineModelConfig[m[K' [[01;31m[K-Werror=shadow[m[K]
   62 |                     [01;31m[Kconst ProviderConfig &provider_config[m[K,
      |                     [01;31m[K~~~~~~~~~~~~~~~~~~~~~~^~~~~~~~~~~~~~~[m[K
[01m[K/dev/shm/velavision-sherpa-asr-20260911/sherpa/sherpa-onnx/csrc/online-model-config.h:26:18:[m[K [01;36m[Knote: [m[Kshadowed declaration is here
   26 |   ProviderConfig [01;36m[Kprovider_config[m[K;
      |                  [01;36m[K^~~~~~~~~~~~~~~[m[K
[01m[K/dev/shm/velavision-sherpa-asr-20260911/sherpa/sherpa-onnx/csrc/online-model-config.h:61:53:[m[K [01;31m[Kerror: [m[Kdeclaration of '[01m[Kt_one_ctc[m[K' shadows a member of '[01m[Ksherpa_onnx::OnlineModelConfig[m[K' [[01;31m[K-Werror=shadow[m[K]
   61 |                     [01;31m[Kconst OnlineToneCtcModelConfig &t_one_ctc[m[K,
      |                     [01;31m[K~~~~~~~~~~~~~~~~~~~~~~~~~~~~~~~~^~~~~~~~~[m[K
[01m[K/dev/shm/velavision-sherpa-asr-20260911/sherpa/sherpa-onnx/csrc/online-model-config.h:25:28:[m[K [01;36m[Knote: [m[Kshadowed declaration is here
   25 |   OnlineToneCtcModelConfig [01;36m[Kt_one_ctc[m[K;
      |                            [01;36m[K^~~~~~~~~[m[K
[01m[K/dev/shm/velavision-sherpa-asr-20260911/sherpa/sherpa-onnx/csrc/online-model-config.h:60:53:[m[K [01;31m[Kerror: [m[Kdeclaration of '[01m[Knemo_ctc[m[K' shadows a member of '[01m[Ksherpa_onnx::OnlineModelConfig[m[K' [[01;31m[K-Werror=shadow[m[K]
   60 |                     [01;31m[Kconst OnlineNeMoCtcModelConfig &nemo_ctc[m[K,
      |                     [01;31m[K~~~~~~~~~~~~~~~~~~~~~~~~~~~~~~~~^~~~~~~~[m[K
[01m[K/dev/shm/velavision-sherpa-asr-20260911/sherpa/sherpa-onnx/csrc/online-model-config.h:24:28:[m[K [01;36m[Knote: [m[Kshadowed declaration is here
   24 |   OnlineNeMoCtcModelConfig [01;36m[Knemo_ctc[m[K;
      |                            [01;36m[K^~~~~~~~[m[K
[01m[K/dev/shm/velavision-sherpa-asr-20260911/sherpa/sherpa-onnx/csrc/online-model-config.h:59:59:[m[K [01;31m[Kerror: [m[Kdeclaration of '[01m[Kzipformer2_ctc[m[K' shadows a member of '[01m[Ksherpa_onnx::OnlineModelConfig[m[K' [[01;31m[K-Werror=shadow[m[K]
   59 |                     [01;31m[Kconst OnlineZipformer2CtcModelConfig &zipformer2_ctc[m[K,
      |                     [01;31m[K~~~~~~~~~~~~~~~~~~~~~~~~~~~~~~~~~~~~~~^~~~~~~~~~~~~~[m[K
[01m[K/dev/shm/velavision-sherpa-asr-20260911/sherpa/sherpa-onnx/csrc/online-model-config.h:23:34:[m[K [01;36m[Knote: [m[Kshadowed declaration is here
   23 |   OnlineZipformer2CtcModelConfig [01;36m[Kzipformer2_ctc[m[K;
      |                                  [01;36m[K^~~~~~~~~~~~~~[m[K
[01m[K/dev/shm/velavision-sherpa-asr-20260911/sherpa/sherpa-onnx/csrc/online-model-config.h:58:54:[m[K [01;31m[Kerror: [m[Kdeclaration of '[01m[Kwenet_ctc[m[K' shadows a member of '[01m[Ksherpa_onnx::OnlineModelConfig[m[K' [[01;31m[K-Werror=shadow[m[K]
   58 |                     [01;31m[Kconst OnlineWenetCtcModelConfig &wenet_ctc[m[K,
      |                     [01;31m[K~~~~~~~~~~~~~~~~~~~~~~~~~~~~~~~~~^~~~~~~~~[m[K
[01m[K/dev/shm/velavision-sherpa-asr-20260911/sherpa/sherpa-onnx/csrc/online-model-config.h:22:29:[m[K [01;36m[Knote: [m[Kshadowed declaration is here
   22 |   OnlineWenetCtcModelConfig [01;36m[Kwenet_ctc[m[K;
      |                             [01;36m[K^~~~~~~~~[m[K
[01m[K/dev/shm/velavision-sherpa-asr-20260911/sherpa/sherpa-onnx/csrc/online-model-config.h:57:56:[m[K [01;31m[Kerror: [m[Kdeclaration of '[01m[Kparaformer[m[K' shadows a member of '[01m[Ksherpa_onnx::OnlineModelConfig[m[K' [[01;31m[K-Werror=shadow[m[K]
   57 |                     [01;31m[Kconst OnlineParaformerModelConfig &paraformer[m[K,
      |                     [01;31m[K~~~~~~~~~~~~~~~~~~~~~~~~~~~~~~~~~~~^~~~~~~~~~[m[K
[01m[K/dev/shm/velavision-sherpa-asr-20260911/sherpa/sherpa-onnx/csrc/online-model-config.h:21:31:[m[K [01;36m[Knote: [m[Kshadowed declaration is here
   21 |   OnlineParaformerModelConfig [01;36m[Kparaformer[m[K;
      |                               [01;36m[K^~~~~~~~~~[m[K
[01m[K/dev/shm/velavision-sherpa-asr-20260911/sherpa/sherpa-onnx/csrc/online-model-config.h:56:56:[m[K [01;31m[Kerror: [m[Kdeclaration of '[01m[Ktransducer[m[K' shadows a member of '[01m[Ksherpa_onnx::OnlineModelConfig[m[K' [[01;31m[K-Werror=shadow[m[K]
   56 |   OnlineModelConfig([01;31m[Kconst OnlineTransducerModelConfig &transducer[m[K,
      |                     [01;31m[K~~~~~~~~~~~~~~~~~~~~~~~~~~~~~~~~~~~^~~~~~~~~~[m[K
[01m[K/dev/shm/velavision-sherpa-asr-20260911/sherpa/sherpa-onnx/csrc/online-model-config.h:20:31:[m[K [01;36m[Knote: [m[Kshadowed declaration is here
   20 |   OnlineTransducerModelConfig [01;36m[Ktransducer[m[K;
      |                               [01;36m[K^~~~~~~~~~[m[K
[01m[K/dev/shm/velavision-sherpa-asr-20260911/sherpa/sherpa-onnx/csrc/online-model-config.h:[m[K In constructor '[01m[Ksherpa_onnx::OnlineModelConfig::[01;32m[KOnlineModelConfig[m[K(const sherpa_onnx::OnlineTransducerModelConfig&, const sherpa_onnx::OnlineParaformerModelConfig&, const sherpa_onnx::OnlineWenetCtcModelConfig&, const sherpa_onnx::OnlineZipformer2CtcModelConfig&, const sherpa_onnx::OnlineNeMoCtcModelConfig&, const sherpa_onnx::OnlineToneCtcModelConfig&, const sherpa_onnx::ProviderConfig&, const std::__1::string&, int32_t, int32_t, bool, const std::__1::string&, const std::__1::string&, const std::__1::string&)[m[K':
[01m[K/dev/shm/velavision-sherpa-asr-20260911/sherpa/sherpa-onnx/csrc/online-model-config.h:66:40:[m[K [01;31m[Kerror: [m[Kdeclaration of '[01m[Kbpe_vocab[m[K' shadows a member of '[01m[Ksherpa_onnx::OnlineModelConfig[m[K' [[01;31m[K-Werror=shadow[m[K]
   66 |                     [01;31m[Kconst std::string &bpe_vocab[m[K)
      |                     [01;31m[K~~~~~~~~~~~~~~~~~~~^~~~~~~~~[m[K
[01m[K/dev/shm/velavision-sherpa-asr-20260911/sherpa/sherpa-onnx/csrc/online-model-config.h:48:15:[m[K [01;36m[Knote: [m[Kshadowed declaration is here
   48 |   std::string [01;36m[Kbpe_vocab[m[K;
      |               [01;36m[K^~~~~~~~~[m[K
[01m[K/dev/shm/velavision-sherpa-asr-20260911/sherpa/sherpa-onnx/csrc/online-model-config.h:65:40:[m[K [01;31m[Kerror: [m[Kdeclaration of '[01m[Kmodeling_unit[m[K' shadows a member of '[01m[Ksherpa_onnx::OnlineModelConfig[m[K' [[01;31m[K-Werror=shadow[m[K]
   65 |                     [01;31m[Kconst std::string &modeling_unit[m[K,
      |                     [01;31m[K~~~~~~~~~~~~~~~~~~~^~~~~~~~~~~~~[m[K
[01m[K/dev/shm/velavision-sherpa-asr-20260911/sherpa/sherpa-onnx/csrc/online-model-config.h:47:15:[m[K [01;36m[Knote: [m[Kshadowed declaration is here
   47 |   std::string [01;36m[Kmodeling_unit[m[K = "cjkchar";
      |               [01;36m[K^~~~~~~~~~~~~[m[K
[01m[K/dev/shm/velavision-sherpa-asr-20260911/sherpa/sherpa-onnx/csrc/online-model-config.h:64:69:[m[K [01;31m[Kerror: [m[Kdeclaration of '[01m[Kmodel_type[m[K' shadows a member of '[01m[Ksherpa_onnx::OnlineModelConfig[m[K' [[01;31m[K-Werror=shadow[m[K]
   64 |                     int32_t warm_up, bool debug, [01;31m[Kconst std::string &model_type[m[K,
      |                                                  [01;31m[K~~~~~~~~~~~~~~~~~~~^~~~~~~~~~[m[K
[01m[K/dev/shm/velavision-sherpa-asr-20260911/sherpa/sherpa-onnx/csrc/online-model-config.h:41:15:[m[K [01;36m[Knote: [m[Kshadowed declaration is here
   41 |   std::string [01;36m[Kmodel_type[m[K;
      |               [01;36m[K^~~~~~~~~~[m[K
[01m[K/dev/shm/velavision-sherpa-asr-20260911/sherpa/sherpa-onnx/csrc/online-model-config.h:64:43:[m[K [01;31m[Kerror: [m[Kdeclaration of '[01m[Kdebug[m[K' shadows a member of '[01m[Ksherpa_onnx::OnlineModelConfig[m[K' [[01;31m[K-Werror=shadow[m[K]
   64 |                     int32_t warm_up, [01;31m[Kbool debug[m[K, const std::string &model_type,
      |                                      [01;31m[K~~~~~^~~~~[m[K
[01m[K/dev/shm/velavision-sherpa-asr-20260911/sherpa/sherpa-onnx/csrc/online-model-config.h:30:8:[m[K [01;36m[Knote: [m[Kshadowed declaration is here
   30 |   bool [01;36m[Kdebug[m[K = false;
      |        [01;36m[K^~~~~[m[K
[01m[K/dev/shm/velavision-sherpa-asr-20260911/sherpa/sherpa-onnx/csrc/online-model-config.h:64:29:[m[K [01;31m[Kerror: [m[Kdeclaration of '[01m[Kwarm_up[m[K' shadows a member of '[01m[Ksherpa_onnx::OnlineModelConfig[m[K' [[01;31m[K-Werror=shadow[m[K]
   64 |                     [01;31m[Kint32_t warm_up[m[K, bool debug, const std::string &model_type,
      |                     [01;31m[K~~~~~~~~^~~~~~~[m[K
[01m[K/dev/shm/velavision-sherpa-asr-20260911/sherpa/sherpa-onnx/csrc/online-model-config.h:29:11:[m[K [01;36m[Knote: [m[Kshadowed declaration is here
   29 |   int32_t [01;36m[Kwarm_up[m[K = 0;
      |           [01;36m[K^~~~~~~[m[K
[01m[K/dev/shm/velavision-sherpa-asr-20260911/sherpa/sherpa-onnx/csrc/online-model-config.h:63:56:[m[K [01;31m[Kerror: [m[Kdeclaration of '[01m[Knum_threads[m[K' shadows a member of '[01m[Ksherpa_onnx::OnlineModelConfig[m[K' [[01;31m[K-Werror=shadow[m[K]
   63 |                     const std::string &tokens, [01;31m[Kint32_t num_threads[m[K,
      |                                                [01;31m[K~~~~~~~~^~~~~~~~~~~[m[K
[01m[K/dev/shm/velavision-sherpa-asr-20260911/sherpa/sherpa-onnx/csrc/online-model-config.h:28:11:[m[K [01;36m[Knote: [m[Kshadowed declaration is here
   28 |   int32_t [01;36m[Knum_threads[m[K = 1;
      |           [01;36m[K^~~~~~~~~~~[m[K
[01m[K/dev/shm/velavision-sherpa-asr-20260911/sherpa/sherpa-onnx/csrc/online-model-config.h:63:40:[m[K [01;31m[Kerror: [m[Kdeclaration of '[01m[Ktokens[m[K' shadows a member of '[01m[Ksherpa_onnx::OnlineModelConfig[m[K' [[01;31m[K-Werror=shadow[m[K]
   63 |                     [01;31m[Kconst std::string &tokens[m[K, int32_t num_threads,
      |                     [01;31m[K~~~~~~~~~~~~~~~~~~~^~~~~~[m[K
[01m[K/dev/shm/velavision-sherpa-asr-20260911/sherpa/sherpa-onnx/csrc/online-model-config.h:27:15:[m[K [01;36m[Knote: [m[Kshadowed declaration is here
   27 |   std::string [01;36m[Ktokens[m[K;
      |               [01;36m[K^~~~~~[m[K
[01m[K/dev/shm/velavision-sherpa-asr-20260911/sherpa/sherpa-onnx/csrc/online-model-config.h:62:43:[m[K [01;31m[Kerror: [m[Kdeclaration of '[01m[Kprovider_config[m[K' shadows a member of '[01m[Ksherpa_onnx::OnlineModelConfig[m[K' [[01;31m[K-Werror=shadow[m[K]
   62 |                     [01;31m[Kconst ProviderConfig &provider_config[m[K,
      |                     [01;31m[K~~~~~~~~~~~~~~~~~~~~~~^~~~~~~~~~~~~~~[m[K
[01m[K/dev/shm/velavision-sherpa-asr-20260911/sherpa/sherpa-onnx/csrc/online-model-config.h:26:18:[m[K [01;36m[Knote: [m[Kshadowed declaration is here
   26 |   ProviderConfig [01;36m[Kprovider_config[m[K;
      |                  [01;36m[K^~~~~~~~~~~~~~~[m[K
[01m[K/dev/shm/velavision-sherpa-asr-20260911/sherpa/sherpa-onnx/csrc/online-model-config.h:61:53:[m[K [01;31m[Kerror: [m[Kdeclaration of '[01m[Kt_one_ctc[m[K' shadows a member of '[01m[Ksherpa_onnx::OnlineModelConfig[m[K' [[01;31m[K-Werror=shadow[m[K]
   61 |                     [01;31m[Kconst OnlineToneCtcModelConfig &t_one_ctc[m[K,
      |                     [01;31m[K~~~~~~~~~~~~~~~~~~~~~~~~~~~~~~~~^~~~~~~~~[m[K
[01m[K/dev/shm/velavision-sherpa-asr-20260911/sherpa/sherpa-onnx/csrc/online-model-config.h:25:28:[m[K [01;36m[Knote: [m[Kshadowed declaration is here
   25 |   OnlineToneCtcModelConfig [01;36m[Kt_one_ctc[m[K;
      |                            [01;36m[K^~~~~~~~~[m[K
[01m[K/dev/shm/velavision-sherpa-asr-20260911/sherpa/sherpa-onnx/csrc/online-model-config.h:60:53:[m[K [01;31m[Kerror: [m[Kdeclaration of '[01m[Knemo_ctc[m[K' shadows a member of '[01m[Ksherpa_onnx::OnlineModelConfig[m[K' [[01;31m[K-Werror=shadow[m[K]
   60 |                     [01;31m[Kconst OnlineNeMoCtcModelConfig &nemo_ctc[m[K,
      |                     [01;31m[K~~~~~~~~~~~~~~~~~~~~~~~~~~~~~~~~^~~~~~~~[m[K
[01m[K/dev/shm/velavision-sherpa-asr-20260911/sherpa/sherpa-onnx/csrc/online-model-config.h:24:28:[m[K [01;36m[Knote: [m[Kshadowed declaration is here
   24 |   OnlineNeMoCtcModelConfig [01;36m[Knemo_ctc[m[K;
      |                            [01;36m[K^~~~~~~~[m[K
[01m[K/dev/shm/velavision-sherpa-asr-20260911/sherpa/sherpa-onnx/csrc/online-model-config.h:59:59:[m[K [01;31m[Kerror: [m[Kdeclaration of '[01m[Kzipformer2_ctc[m[K' shadows a member of '[01m[Ksherpa_onnx::OnlineModelConfig[m[K' [[01;31m[K-Werror=shadow[m[K]
   59 |                     [01;31m[Kconst OnlineZipformer2CtcModelConfig &zipformer2_ctc[m[K,
      |                     [01;31m[K~~~~~~~~~~~~~~~~~~~~~~~~~~~~~~~~~~~~~~^~~~~~~~~~~~~~[m[K
[01m[K/dev/shm/velavision-sherpa-asr-20260911/sherpa/sherpa-onnx/csrc/online-model-config.h:23:34:[m[K [01;36m[Knote: [m[Kshadowed declaration is here
   23 |   OnlineZipformer2CtcModelConfig [01;36m[Kzipformer2_ctc[m[K;
      |                                  [01;36m[K^~~~~~~~~~~~~~[m[K
[01m[K/dev/shm/velavision-sherpa-asr-20260911/sherpa/sherpa-onnx/csrc/online-model-config.h:58:54:[m[K [01;31m[Kerror: [m[Kdeclaration of '[01m[Kwenet_ctc[m[K' shadows a member of '[01m[Ksherpa_onnx::OnlineModelConfig[m[K' [[01;31m[K-Werror=shadow[m[K]
   58 |                     [01;31m[Kconst OnlineWenetCtcModelConfig &wenet_ctc[m[K,
      |                     [01;31m[K~~~~~~~~~~~~~~~~~~~~~~~~~~~~~~~~~^~~~~~~~~[m[K
[01m[K/dev/shm/velavision-sherpa-asr-20260911/sherpa/sherpa-onnx/csrc/online-model-config.h:22:29:[m[K [01;36m[Knote: [m[Kshadowed declaration is here
   22 |   OnlineWenetCtcModelConfig [01;36m[Kwenet_ctc[m[K;
      |                             [01;36m[K^~~~~~~~~[m[K
[01m[K/dev/shm/velavision-sherpa-asr-20260911/sherpa/sherpa-onnx/csrc/online-model-config.h:57:56:[m[K [01;31m[Kerror: [m[Kdeclaration of '[01m[Kparaformer[m[K' shadows a member of '[01m[Ksherpa_onnx::OnlineModelConfig[m[K' [[01;31m[K-Werror=shadow[m[K]
   57 |                     [01;31m[Kconst OnlineParaformerModelConfig &paraformer[m[K,
      |                     [01;31m[K~~~~~~~~~~~~~~~~~~~~~~~~~~~~~~~~~~~^~~~~~~~~~[m[K
[01m[K/dev/shm/velavision-sherpa-asr-20260911/sherpa/sherpa-onnx/csrc/online-model-config.h:21:31:[m[K [01;36m[Knote: [m[Kshadowed declaration is here
   21 |   OnlineParaformerModelConfig [01;36m[Kparaformer[m[K;
      |                               [01;36m[K^~~~~~~~~~[m[K
[01m[K/dev/shm/velavision-sherpa-asr-20260911/sherpa/sherpa-onnx/csrc/online-model-config.h:56:56:[m[K [01;31m[Kerror: [m[Kdeclaration of '[01m[Ktransducer[m[K' shadows a member of '[01m[Ksherpa_onnx::OnlineModelConfig[m[K' [[01;31m[K-Werror=shadow[m[K]
   56 |   OnlineModelConfig([01;31m[Kconst OnlineTransducerModelConfig &transducer[m[K,
      |                     [01;31m[K~~~~~~~~~~~~~~~~~~~~~~~~~~~~~~~~~~~^~~~~~~~~~[m[K
[01m[K/dev/shm/velavision-sherpa-asr-20260911/sherpa/sherpa-onnx/csrc/online-model-config.h:20:31:[m[K [01;36m[Knote: [m[Kshadowed declaration is here
   20 |   OnlineTransducerModelConfig [01;36m[Ktransducer[m[K;
      |                               [01;36m[K^~~~~~~~~~[m[K
[01m[K/dev/shm/velavision-sherpa-asr-20260911/sherpa/sherpa-onnx/csrc/online-model-config.h:[m[K In constructor '[01m[Ksherpa_onnx::OnlineModelConfig::[01;32m[KOnlineModelConfig[m[K(const sherpa_onnx::OnlineTransducerModelConfig&, const sherpa_onnx::OnlineParaformerModelConfig&, const sherpa_onnx::OnlineWenetCtcModelConfig&, const sherpa_onnx::OnlineZipformer2CtcModelConfig&, const sherpa_onnx::OnlineNeMoCtcModelConfig&, const sherpa_onnx::OnlineToneCtcModelConfig&, const sherpa_onnx::ProviderConfig&, const std::__1::string&, int32_t, int32_t, bool, const std::__1::string&, const std::__1::string&, const std::__1::string&)[m[K':
[01m[K/dev/shm/velavision-sherpa-asr-20260911/sherpa/sherpa-onnx/csrc/online-model-config.h:66:40:[m[K [01;31m[Kerror: [m[Kdeclaration of '[01m[Kbpe_vocab[m[K' shadows a member of '[01m[Ksherpa_onnx::OnlineModelConfig[m[K' [[01;31m[K-Werror=shadow[m[K]
   66 |                     [01;31m[Kconst std::string &bpe_vocab[m[K)
      |                     [01;31m[K~~~~~~~~~~~~~~~~~~~^~~~~~~~~[m[K
[01m[K/dev/shm/velavision-sherpa-asr-20260911/sherpa/sherpa-onnx/csrc/online-model-config.h:48:15:[m[K [01;36m[Knote: [m[Kshadowed declaration is here
   48 |   std::string [01;36m[Kbpe_vocab[m[K;
      |               [01;36m[K^~~~~~~~~[m[K
[01m[K/dev/shm/velavision-sherpa-asr-20260911/sherpa/sherpa-onnx/csrc/online-model-config.h:65:40:[m[K [01;31m[Kerror: [m[Kdeclaration of '[01m[Kmodeling_unit[m[K' shadows a member of '[01m[Ksherpa_onnx::OnlineModelConfig[m[K' [[01;31m[K-Werror=shadow[m[K]
   65 |                     [01;31m[Kconst std::string &modeling_unit[m[K,
      |                     [01;31m[K~~~~~~~~~~~~~~~~~~~^~~~~~~~~~~~~[m[K
[01m[K/dev/shm/velavision-sherpa-asr-20260911/sherpa/sherpa-onnx/csrc/online-model-config.h:47:15:[m[K [01;36m[Knote: [m[Kshadowed declaration is here
   47 |   std::string [01;36m[Kmodeling_unit[m[K = "cjkchar";
      |               [01;36m[K^~~~~~~~~~~~~[m[K
[01m[K/dev/shm/velavision-sherpa-asr-20260911/sherpa/sherpa-onnx/csrc/online-model-config.h:64:69:[m[K [01;31m[Kerror: [m[Kdeclaration of '[01m[Kmodel_type[m[K' shadows a member of '[01m[Ksherpa_onnx::OnlineModelConfig[m[K' [[01;31m[K-Werror=shadow[m[K]
   64 |                     int32_t warm_up, bool debug, [01;31m[Kconst std::string &model_type[m[K,
      |                                                  [01;31m[K~~~~~~~~~~~~~~~~~~~^~~~~~~~~~[m[K
[01m[K/dev/shm/velavision-sherpa-asr-20260911/sherpa/sherpa-onnx/csrc/online-model-config.h:41:15:[m[K [01;36m[Knote: [m[Kshadowed declaration is here
   41 |   std::string [01;36m[Kmodel_type[m[K;
      |               [01;36m[K^~~~~~~~~~[m[K
[01m[K/dev/shm/velavision-sherpa-asr-20260911/sherpa/sherpa-onnx/csrc/online-model-config.h:64:43:[m[K [01;31m[Kerror: [m[Kdeclaration of '[01m[Kdebug[m[K' shadows a member of '[01m[Ksherpa_onnx::OnlineModelConfig[m[K' [[01;31m[K-Werror=shadow[m[K]
   64 |                     int32_t warm_up, [01;31m[Kbool debug[m[K, const std::string &model_type,
      |                                      [01;31m[K~~~~~^~~~~[m[K
[01m[K/dev/shm/velavision-sherpa-asr-20260911/sherpa/sherpa-onnx/csrc/online-model-config.h:30:8:[m[K [01;36m[Knote: [m[Kshadowed declaration is here
   30 |   bool [01;36m[Kdebug[m[K = false;
      |        [01;36m[K^~~~~[m[K
[01m[K/dev/shm/velavision-sherpa-asr-20260911/sherpa/sherpa-onnx/csrc/online-model-config.h:64:29:[m[K [01;31m[Kerror: [m[Kdeclaration of '[01m[Kwarm_up[m[K' shadows a member of '[01m[Ksherpa_onnx::OnlineModelConfig[m[K' [[01;31m[K-Werror=shadow[m[K]
   64 |                     [01;31m[Kint32_t warm_up[m[K, bool debug, const std::string &model_type,
      |                     [01;31m[K~~~~~~~~^~~~~~~[m[K
[01m[K/dev/shm/velavision-sherpa-asr-20260911/sherpa/sherpa-onnx/csrc/online-model-config.h:29:11:[m[K [01;36m[Knote: [m[Kshadowed declaration is here
   29 |   int32_t [01;36m[Kwarm_up[m[K = 0;
      |           [01;36m[K^~~~~~~[m[K
[01m[K/dev/shm/velavision-sherpa-asr-20260911/sherpa/sherpa-onnx/csrc/online-model-config.h:63:56:[m[K [01;31m[Kerror: [m[Kdeclaration of '[01m[Knum_threads[m[K' shadows a member of '[01m[Ksherpa_onnx::OnlineModelConfig[m[K' [[01;31m[K-Werror=shadow[m[K]
   63 |                     const std::string &tokens, [01;31m[Kint32_t num_threads[m[K,
      |                                                [01;31m[K~~~~~~~~^~~~~~~~~~~[m[K
[01m[K/dev/shm/velavision-sherpa-asr-20260911/sherpa/sherpa-onnx/csrc/online-model-config.h:28:11:[m[K [01;36m[Knote: [m[Kshadowed declaration is here
   28 |   int32_t [01;36m[Knum_threads[m[K = 1;
      |           [01;36m[K^~~~~~~~~~~[m[K
[01m[K/dev/shm/velavision-sherpa-asr-20260911/sherpa/sherpa-onnx/csrc/online-model-config.h:63:40:[m[K [01;31m[Kerror: [m[Kdeclaration of '[01m[Ktokens[m[K' shadows a member of '[01m[Ksherpa_onnx::OnlineModelConfig[m[K' [[01;31m[K-Werror=shadow[m[K]
   63 |                     [01;31m[Kconst std::string &tokens[m[K, int32_t num_threads,
      |                     [01;31m[K~~~~~~~~~~~~~~~~~~~^~~~~~[m[K
[01m[K/dev/shm/velavision-sherpa-asr-20260911/sherpa/sherpa-onnx/csrc/online-model-config.h:27:15:[m[K [01;36m[Knote: [m[Kshadowed declaration is here
   27 |   std::string [01;36m[Ktokens[m[K;
      |               [01;36m[K^~~~~~[m[K
[01m[K/dev/shm/velavision-sherpa-asr-20260911/sherpa/sherpa-onnx/csrc/online-model-config.h:62:43:[m[K [01;31m[Kerror: [m[Kdeclaration of '[01m[Kprovider_config[m[K' shadows a member of '[01m[Ksherpa_onnx::OnlineModelConfig[m[K' [[01;31m[K-Werror=shadow[m[K]
   62 |                     [01;31m[Kconst ProviderConfig &provider_config[m[K,
      |                     [01;31m[K~~~~~~~~~~~~~~~~~~~~~~^~~~~~~~~~~~~~~[m[K
[01m[K/dev/shm/velavision-sherpa-asr-20260911/sherpa/sherpa-onnx/csrc/online-model-config.h:26:18:[m[K [01;36m[Knote: [m[Kshadowed declaration is here
   26 |   ProviderConfig [01;36m[Kprovider_config[m[K;
      |                  [01;36m[K^~~~~~~~~~~~~~~[m[K
[01m[K/dev/shm/velavision-sherpa-asr-20260911/sherpa/sherpa-onnx/csrc/online-model-config.h:61:53:[m[K [01;31m[Kerror: [m[Kdeclaration of '[01m[Kt_one_ctc[m[K' shadows a member of '[01m[Ksherpa_onnx::OnlineModelConfig[m[K' [[01;31m[K-Werror=shadow[m[K]
   61 |                     [01;31m[Kconst OnlineToneCtcModelConfig &t_one_ctc[m[K,
      |                     [01;31m[K~~~~~~~~~~~~~~~~~~~~~~~~~~~~~~~~^~~~~~~~~[m[K
[01m[K/dev/shm/velavision-sherpa-asr-20260911/sherpa/sherpa-onnx/csrc/online-model-config.h:25:28:[m[K [01;36m[Knote: [m[Kshadowed declaration is here
   25 |   OnlineToneCtcModelConfig [01;36m[Kt_one_ctc[m[K;
      |                            [01;36m[K^~~~~~~~~[m[K
[01m[K/dev/shm/velavision-sherpa-asr-20260911/sherpa/sherpa-onnx/csrc/online-model-config.h:60:53:[m[K [01;31m[Kerror: [m[Kdeclaration of '[01m[Knemo_ctc[m[K' shadows a member of '[01m[Ksherpa_onnx::OnlineModelConfig[m[K' [[01;31m[K-Werror=shadow[m[K]
   60 |                     [01;31m[Kconst OnlineNeMoCtcModelConfig &nemo_ctc[m[K,
      |                     [01;31m[K~~~~~~~~~~~~~~~~~~~~~~~~~~~~~~~~^~~~~~~~[m[K
[01m[K/dev/shm/velavision-sherpa-asr-20260911/sherpa/sherpa-onnx/csrc/online-model-config.h:24:28:[m[K [01;36m[Knote: [m[Kshadowed declaration is here
   24 |   OnlineNeMoCtcModelConfig [01;36m[Knemo_ctc[m[K;
      |                            [01;36m[K^~~~~~~~[m[K
[01m[K/dev/shm/velavision-sherpa-asr-20260911/sherpa/sherpa-onnx/csrc/online-model-config.h:59:59:[m[K [01;31m[Kerror: [m[Kdeclaration of '[01m[Kzipformer2_ctc[m[K' shadows a member of '[01m[Ksherpa_onnx::OnlineModelConfig[m[K' [[01;31m[K-Werror=shadow[m[K]
   59 |                     [01;31m[Kconst OnlineZipformer2CtcModelConfig &zipformer2_ctc[m[K,
      |                     [01;31m[K~~~~~~~~~~~~~~~~~~~~~~~~~~~~~~~~~~~~~~^~~~~~~~~~~~~~[m[K
[01m[K/dev/shm/velavision-sherpa-asr-20260911/sherpa/sherpa-onnx/csrc/online-model-config.h:23:34:[m[K [01;36m[Knote: [m[Kshadowed declaration is here
   23 |   OnlineZipformer2CtcModelConfig [01;36m[Kzipformer2_ctc[m[K;
      |                                  [01;36m[K^~~~~~~~~~~~~~[m[K
[01m[K/dev/shm/velavision-sherpa-asr-20260911/sherpa/sherpa-onnx/csrc/online-model-config.h:58:54:[m[K [01;31m[Kerror: [m[Kdeclaration of '[01m[Kwenet_ctc[m[K' shadows a member of '[01m[Ksherpa_onnx::OnlineModelConfig[m[K' [[01;31m[K-Werror=shadow[m[K]
   58 |                     [01;31m[Kconst OnlineWenetCtcModelConfig &wenet_ctc[m[K,
      |                     [01;31m[K~~~~~~~~~~~~~~~~~~~~~~~~~~~~~~~~~^~~~~~~~~[m[K
[01m[K/dev/shm/velavision-sherpa-asr-20260911/sherpa/sherpa-onnx/csrc/online-model-config.h:22:29:[m[K [01;36m[Knote: [m[Kshadowed declaration is here
   22 |   OnlineWenetCtcModelConfig [01;36m[Kwenet_ctc[m[K;
      |                             [01;36m[K^~~~~~~~~[m[K
[01m[K/dev/shm/velavision-sherpa-asr-20260911/sherpa/sherpa-onnx/csrc/online-model-config.h:57:56:[m[K [01;31m[Kerror: [m[Kdeclaration of '[01m[Kparaformer[m[K' shadows a member of '[01m[Ksherpa_onnx::OnlineModelConfig[m[K' [[01;31m[K-Werror=shadow[m[K]
   57 |                     [01;31m[Kconst OnlineParaformerModelConfig &paraformer[m[K,
      |                     [01;31m[K~~~~~~~~~~~~~~~~~~~~~~~~~~~~~~~~~~~^~~~~~~~~~[m[K
[01m[K/dev/shm/velavision-sherpa-asr-20260911/sherpa/sherpa-onnx/csrc/online-model-config.h:21:31:[m[K [01;36m[Knote: [m[Kshadowed declaration is here
   21 |   OnlineParaformerModelConfig [01;36m[Kparaformer[m[K;
      |                               [01;36m[K^~~~~~~~~~[m[K
[01m[K/dev/shm/velavision-sherpa-asr-20260911/sherpa/sherpa-onnx/csrc/online-model-config.h:56:56:[m[K [01;31m[Kerror: [m[Kdeclaration of '[01m[Ktransducer[m[K' shadows a member of '[01m[Ksherpa_onnx::OnlineModelConfig[m[K' [[01;31m[K-Werror=shadow[m[K]
   56 |   OnlineModelConfig([01;31m[Kconst OnlineTransducerModelConfig &transducer[m[K,
      |                     [01;31m[K~~~~~~~~~~~~~~~~~~~~~~~~~~~~~~~~~~~^~~~~~~~~~[m[K
[01m[K/dev/shm/velavision-sherpa-asr-20260911/sherpa/sherpa-onnx/csrc/online-model-config.h:20:31:[m[K [01;36m[Knote: [m[Kshadowed declaration is here
   20 |   OnlineTransducerModelConfig [01;36m[Ktransducer[m[K;
      |                               [01;36m[K^~~~~~~~~~[m[K
In file included from [01m[K/dev/shm/velavision-sherpa-asr-20260911/sherpa/sherpa-onnx/csrc/session.h:11[m[K,
                 from [01m[K/home/swl/openvela/work/native-asr-recognizer/online-paraformer-model.cc:26[m[K:
[01m[K/dev/shm/velavision-sherpa-asr-20260911/sherpa/sherpa-onnx/csrc/offline-lm-config.h:[m[K In constructor '[01m[Ksherpa_onnx::OfflineLMConfig::[01;32m[KOfflineLMConfig[m[K(const std::__1::string&, float, int32_t, const std::__1::string&, const std::__1::string&, float, int32_t)[m[K':
[01m[K/dev/shm/velavision-sherpa-asr-20260911/sherpa/sherpa-onnx/csrc/offline-lm-config.h:31:45:[m[K [01;31m[Kerror: [m[Kdeclaration of '[01m[Klodr_backoff_id[m[K' shadows a member of '[01m[Ksherpa_onnx::OfflineLMConfig[m[K' [[01;31m[K-Werror=shadow[m[K]
   31 |                   float lodr_scale, [01;31m[Kint32_t lodr_backoff_id[m[K)
      |                                     [01;31m[K~~~~~~~~^~~~~~~~~~~~~~~[m[K
[01m[K/dev/shm/velavision-sherpa-asr-20260911/sherpa/sherpa-onnx/csrc/offline-lm-config.h:25:11:[m[K [01;36m[Knote: [m[Kshadowed declaration is here
   25 |   int32_t [01;36m[Klodr_backoff_id[m[K = -1;  // -1 means not set
      |           [01;36m[K^~~~~~~~~~~~~~~[m[K
[01m[K/dev/shm/velavision-sherpa-asr-20260911/sherpa/sherpa-onnx/csrc/offline-lm-config.h:31:25:[m[K [01;31m[Kerror: [m[Kdeclaration of '[01m[Klodr_scale[m[K' shadows a member of '[01m[Ksherpa_onnx::OfflineLMConfig[m[K' [[01;31m[K-Werror=shadow[m[K]
   31 |                   [01;31m[Kfloat lodr_scale[m[K, int32_t lodr_backoff_id)
      |                   [01;31m[K~~~~~~^~~~~~~~~~[m[K
[01m[K/dev/shm/velavision-sherpa-asr-20260911/sherpa/sherpa-onnx/csrc/offline-lm-config.h:24:9:[m[K [01;36m[Knote: [m[Kshadowed declaration is here
   24 |   float [01;36m[Klodr_scale[m[K = 0.01;
      |         [01;36m[K^~~~~~~~~~[m[K
[01m[K/dev/shm/velavision-sherpa-asr-20260911/sherpa/sherpa-onnx/csrc/offline-lm-config.h:30:70:[m[K [01;31m[Kerror: [m[Kdeclaration of '[01m[Klodr_fst[m[K' shadows a member of '[01m[Ksherpa_onnx::OfflineLMConfig[m[K' [[01;31m[K-Werror=shadow[m[K]
   30 |                   const std::string &lm_provider, [01;31m[Kconst std::string &lodr_fst[m[K,
      |                                                   [01;31m[K~~~~~~~~~~~~~~~~~~~^~~~~~~~[m[K
[01m[K/dev/shm/velavision-sherpa-asr-20260911/sherpa/sherpa-onnx/csrc/offline-lm-config.h:23:15:[m[K [01;36m[Knote: [m[Kshadowed declaration is here
   23 |   std::string [01;36m[Klodr_fst[m[K;
      |               [01;36m[K^~~~~~~~[m[K
[01m[K/dev/shm/velavision-sherpa-asr-20260911/sherpa/sherpa-onnx/csrc/offline-lm-config.h:30:38:[m[K [01;31m[Kerror: [m[Kdeclaration of '[01m[Klm_provider[m[K' shadows a member of '[01m[Ksherpa_onnx::OfflineLMConfig[m[K' [[01;31m[K-Werror=shadow[m[K]
   30 |                   [01;31m[Kconst std::string &lm_provider[m[K, const std::string &lodr_fst,
      |                   [01;31m[K~~~~~~~~~~~~~~~~~~~^~~~~~~~~~~[m[K
[01m[K/dev/shm/velavision-sherpa-asr-20260911/sherpa/sherpa-onnx/csrc/offline-lm-config.h:20:15:[m[K [01;36m[Knote: [m[Kshadowed declaration is here
   20 |   std::string [01;36m[Klm_provider[m[K = "cpu";
      |               [01;36m[K^~~~~~~~~~~[m[K
[01m[K/dev/shm/velavision-sherpa-asr-20260911/sherpa/sherpa-onnx/csrc/offline-lm-config.h:29:66:[m[K [01;31m[Kerror: [m[Kdeclaration of '[01m[Klm_num_threads[m[K' shadows a member of '[01m[Ksherpa_onnx::OfflineLMConfig[m[K' [[01;31m[K-Werror=shadow[m[K]
   29 |   OfflineLMConfig(const std::string &model, float scale, [01;31m[Kint32_t lm_num_threads[m[K,
      |                                                          [01;31m[K~~~~~~~~^~~~~~~~~~~~~~[m[K
[01m[K/dev/shm/velavision-sherpa-asr-20260911/sherpa/sherpa-onnx/csrc/offline-lm-config.h:19:11:[m[K [01;36m[Knote: [m[Kshadowed declaration is here
   19 |   int32_t [01;36m[Klm_num_threads[m[K = 1;
      |           [01;36m[K^~~~~~~~~~~~~~[m[K
[01m[K/dev/shm/velavision-sherpa-asr-20260911/sherpa/sherpa-onnx/csrc/offline-lm-config.h:29:51:[m[K [01;31m[Kerror: [m[Kdeclaration of '[01m[Kscale[m[K' shadows a member of '[01m[Ksherpa_onnx::OfflineLMConfig[m[K' [[01;31m[K-Werror=shadow[m[K]
   29 |   OfflineLMConfig(const std::string &model, [01;31m[Kfloat scale[m[K, int32_t lm_num_threads,
      |                                             [01;31m[K~~~~~~^~~~~[m[K
[01m[K/dev/shm/velavision-sherpa-asr-20260911/sherpa/sherpa-onnx/csrc/offline-lm-config.h:18:9:[m[K [01;36m[Knote: [m[Kshadowed declaration is here
   18 |   float [01;36m[Kscale[m[K = 0.5;
      |         [01;36m[K^~~~~[m[K
[01m[K/dev/shm/velavision-sherpa-asr-20260911/sherpa/sherpa-onnx/csrc/offline-lm-config.h:29:38:[m[K [01;31m[Kerror: [m[Kdeclaration of '[01m[Kmodel[m[K' shadows a member of '[01m[Ksherpa_onnx::OfflineLMConfig[m[K' [[01;31m[K-Werror=shadow[m[K]
   29 |   OfflineLMConfig([01;31m[Kconst std::string &model[m[K, float scale, int32_t lm_num_threads,
      |                   [01;31m[K~~~~~~~~~~~~~~~~~~~^~~~~[m[K
[01m[K/dev/shm/velavision-sherpa-asr-20260911/sherpa/sherpa-onnx/csrc/offline-lm-config.h:15:15:[m[K [01;36m[Knote: [m[Kshadowed declaration is here
   15 |   std::string [01;36m[Kmodel[m[K;
      |               [01;36m[K^~~~~[m[K
[01m[K/dev/shm/velavision-sherpa-asr-20260911/sherpa/sherpa-onnx/csrc/offline-lm-config.h:[m[K In constructor '[01m[Ksherpa_onnx::OfflineLMConfig::[01;32m[KOfflineLMConfig[m[K(const std::__1::string&, float, int32_t, const std::__1::string&, const std::__1::string&, float, int32_t)[m[K':
[01m[K/dev/shm/velavision-sherpa-asr-20260911/sherpa/sherpa-onnx/csrc/offline-lm-config.h:31:45:[m[K [01;31m[Kerror: [m[Kdeclaration of '[01m[Klodr_backoff_id[m[K' shadows a member of '[01m[Ksherpa_onnx::OfflineLMConfig[m[K' [[01;31m[K-Werror=shadow[m[K]
   31 |                   float lodr_scale, [01;31m[Kint32_t lodr_backoff_id[m[K)
      |                                     [01;31m[K~~~~~~~~^~~~~~~~~~~~~~~[m[K
[01m[K/dev/shm/velavision-sherpa-asr-20260911/sherpa/sherpa-onnx/csrc/offline-lm-config.h:25:11:[m[K [01;36m[Knote: [m[Kshadowed declaration is here
   25 |   int32_t [01;36m[Klodr_backoff_id[m[K = -1;  // -1 means not set
      |           [01;36m[K^~~~~~~~~~~~~~~[m[K
[01m[K/dev/shm/velavision-sherpa-asr-20260911/sherpa/sherpa-onnx/csrc/offline-lm-config.h:31:25:[m[K [01;31m[Kerror: [m[Kdeclaration of '[01m[Klodr_scale[m[K' shadows a member of '[01m[Ksherpa_onnx::OfflineLMConfig[m[K' [[01;31m[K-Werror=shadow[m[K]
   31 |                   [01;31m[Kfloat lodr_scale[m[K, int32_t lodr_backoff_id)
      |                   [01;31m[K~~~~~~^~~~~~~~~~[m[K
[01m[K/dev/shm/velavision-sherpa-asr-20260911/sherpa/sherpa-onnx/csrc/offline-lm-config.h:24:9:[m[K [01;36m[Knote: [m[Kshadowed declaration is here
   24 |   float [01;36m[Klodr_scale[m[K = 0.01;
      |         [01;36m[K^~~~~~~~~~[m[K
[01m[K/dev/shm/velavision-sherpa-asr-20260911/sherpa/sherpa-onnx/csrc/offline-lm-config.h:30:70:[m[K [01;31m[Kerror: [m[Kdeclaration of '[01m[Klodr_fst[m[K' shadows a member of '[01m[Ksherpa_onnx::OfflineLMConfig[m[K' [[01;31m[K-Werror=shadow[m[K]
   30 |                   const std::string &lm_provider, [01;31m[Kconst std::string &lodr_fst[m[K,
      |                                                   [01;31m[K~~~~~~~~~~~~~~~~~~~^~~~~~~~[m[K
[01m[K/dev/shm/velavision-sherpa-asr-20260911/sherpa/sherpa-onnx/csrc/offline-lm-config.h:23:15:[m[K [01;36m[Knote: [m[Kshadowed declaration is here
   23 |   std::string [01;36m[Klodr_fst[m[K;
      |               [01;36m[K^~~~~~~~[m[K
[01m[K/dev/shm/velavision-sherpa-asr-20260911/sherpa/sherpa-onnx/csrc/offline-lm-config.h:30:38:[m[K [01;31m[Kerror: [m[Kdeclaration of '[01m[Klm_provider[m[K' shadows a member of '[01m[Ksherpa_onnx::OfflineLMConfig[m[K' [[01;31m[K-Werror=shadow[m[K]
   30 |                   [01;31m[Kconst std::string &lm_provider[m[K, const std::string &lodr_fst,
      |                   [01;31m[K~~~~~~~~~~~~~~~~~~~^~~~~~~~~~~[m[K
[01m[K/dev/shm/velavision-sherpa-asr-20260911/sherpa/sherpa-onnx/csrc/offline-lm-config.h:20:15:[m[K [01;36m[Knote: [m[Kshadowed declaration is here
   20 |   std::string [01;36m[Klm_provider[m[K = "cpu";
      |               [01;36m[K^~~~~~~~~~~[m[K
[01m[K/dev/shm/velavision-sherpa-asr-20260911/sherpa/sherpa-onnx/csrc/offline-lm-config.h:29:66:[m[K [01;31m[Kerror: [m[Kdeclaration of '[01m[Klm_num_threads[m[K' shadows a member of '[01m[Ksherpa_onnx::OfflineLMConfig[m[K' [[01;31m[K-Werror=shadow[m[K]
   29 |   OfflineLMConfig(const std::string &model, float scale, [01;31m[Kint32_t lm_num_threads[m[K,
      |                                                          [01;31m[K~~~~~~~~^~~~~~~~~~~~~~[m[K
[01m[K/dev/shm/velavision-sherpa-asr-20260911/sherpa/sherpa-onnx/csrc/offline-lm-config.h:19:11:[m[K [01;36m[Knote: [m[Kshadowed declaration is here
   19 |   int32_t [01;36m[Klm_num_threads[m[K = 1;
      |           [01;36m[K^~~~~~~~~~~~~~[m[K
[01m[K/dev/shm/velavision-sherpa-asr-20260911/sherpa/sherpa-onnx/csrc/offline-lm-config.h:29:51:[m[K [01;31m[Kerror: [m[Kdeclaration of '[01m[Kscale[m[K' shadows a member of '[01m[Ksherpa_onnx::OfflineLMConfig[m[K' [[01;31m[K-Werror=shadow[m[K]
   29 |   OfflineLMConfig(const std::string &model, [01;31m[Kfloat scale[m[K, int32_t lm_num_threads,
      |                                             [01;31m[K~~~~~~^~~~~[m[K
[01m[K/dev/shm/velavision-sherpa-asr-20260911/sherpa/sherpa-onnx/csrc/offline-lm-config.h:18:9:[m[K [01;36m[Knote: [m[Kshadowed declaration is here
   18 |   float [01;36m[Kscale[m[K = 0.5;
      |         [01;36m[K^~~~~[m[K
[01m[K/dev/shm/velavision-sherpa-asr-20260911/sherpa/sherpa-onnx/csrc/offline-lm-config.h:29:38:[m[K [01;31m[Kerror: [m[Kdeclaration of '[01m[Kmodel[m[K' shadows a member of '[01m[Ksherpa_onnx::OfflineLMConfig[m[K' [[01;31m[K-Werror=shadow[m[K]
   29 |   OfflineLMConfig([01;31m[Kconst std::string &model[m[K, float scale, int32_t lm_num_threads,
      |                   [01;31m[K~~~~~~~~~~~~~~~~~~~^~~~~[m[K
[01m[K/dev/shm/velavision-sherpa-asr-20260911/sherpa/sherpa-onnx/csrc/offline-lm-config.h:15:15:[m[K [01;36m[Knote: [m[Kshadowed declaration is here
   15 |   std::string [01;36m[Kmodel[m[K;
      |               [01;36m[K^~~~~[m[K
[01m[K/dev/shm/velavision-sherpa-asr-20260911/sherpa/sherpa-onnx/csrc/offline-lm-config.h:[m[K In constructor '[01m[Ksherpa_onnx::OfflineLMConfig::[01;32m[KOfflineLMConfig[m[K(const std::__1::string&, float, int32_t, const std::__1::string&, const std::__1::string&, float, int32_t)[m[K':
[01m[K/dev/shm/velavision-sherpa-asr-20260911/sherpa/sherpa-onnx/csrc/offline-lm-config.h:31:45:[m[K [01;31m[Kerror: [m[Kdeclaration of '[01m[Klodr_backoff_id[m[K' shadows a member of '[01m[Ksherpa_onnx::OfflineLMConfig[m[K' [[01;31m[K-Werror=shadow[m[K]
   31 |                   float lodr_scale, [01;31m[Kint32_t lodr_backoff_id[m[K)
      |                                     [01;31m[K~~~~~~~~^~~~~~~~~~~~~~~[m[K
[01m[K/dev/shm/velavision-sherpa-asr-20260911/sherpa/sherpa-onnx/csrc/offline-lm-config.h:25:11:[m[K [01;36m[Knote: [m[Kshadowed declaration is here
   25 |   int32_t [01;36m[Klodr_backoff_id[m[K = -1;  // -1 means not set
      |           [01;36m[K^~~~~~~~~~~~~~~[m[K
[01m[K/dev/shm/velavision-sherpa-asr-20260911/sherpa/sherpa-onnx/csrc/offline-lm-config.h:31:25:[m[K [01;31m[Kerror: [m[Kdeclaration of '[01m[Klodr_scale[m[K' shadows a member of '[01m[Ksherpa_onnx::OfflineLMConfig[m[K' [[01;31m[K-Werror=shadow[m[K]
   31 |                   [01;31m[Kfloat lodr_scale[m[K, int32_t lodr_backoff_id)
      |                   [01;31m[K~~~~~~^~~~~~~~~~[m[K
[01m[K/dev/shm/velavision-sherpa-asr-20260911/sherpa/sherpa-onnx/csrc/offline-lm-config.h:24:9:[m[K [01;36m[Knote: [m[Kshadowed declaration is here
   24 |   float [01;36m[Klodr_scale[m[K = 0.01;
      |         [01;36m[K^~~~~~~~~~[m[K
[01m[K/dev/shm/velavision-sherpa-asr-20260911/sherpa/sherpa-onnx/csrc/offline-lm-config.h:30:70:[m[K [01;31m[Kerror: [m[Kdeclaration of '[01m[Klodr_fst[m[K' shadows a member of '[01m[Ksherpa_onnx::OfflineLMConfig[m[K' [[01;31m[K-Werror=shadow[m[K]
   30 |                   const std::string &lm_provider, [01;31m[Kconst std::string &lodr_fst[m[K,
      |                                                   [01;31m[K~~~~~~~~~~~~~~~~~~~^~~~~~~~[m[K
[01m[K/dev/shm/velavision-sherpa-asr-20260911/sherpa/sherpa-onnx/csrc/offline-lm-config.h:23:15:[m[K [01;36m[Knote: [m[Kshadowed declaration is here
   23 |   std::string [01;36m[Klodr_fst[m[K;
      |               [01;36m[K^~~~~~~~[m[K
[01m[K/dev/shm/velavision-sherpa-asr-20260911/sherpa/sherpa-onnx/csrc/offline-lm-config.h:30:38:[m[K [01;31m[Kerror: [m[Kdeclaration of '[01m[Klm_provider[m[K' shadows a member of '[01m[Ksherpa_onnx::OfflineLMConfig[m[K' [[01;31m[K-Werror=shadow[m[K]
   30 |                   [01;31m[Kconst std::string &lm_provider[m[K, const std::string &lodr_fst,
      |                   [01;31m[K~~~~~~~~~~~~~~~~~~~^~~~~~~~~~~[m[K
[01m[K/dev/shm/velavision-sherpa-asr-20260911/sherpa/sherpa-onnx/csrc/offline-lm-config.h:20:15:[m[K [01;36m[Knote: [m[Kshadowed declaration is here
   20 |   std::string [01;36m[Klm_provider[m[K = "cpu";
      |               [01;36m[K^~~~~~~~~~~[m[K
[01m[K/dev/shm/velavision-sherpa-asr-20260911/sherpa/sherpa-onnx/csrc/offline-lm-config.h:29:66:[m[K [01;31m[Kerror: [m[Kdeclaration of '[01m[Klm_num_threads[m[K' shadows a member of '[01m[Ksherpa_onnx::OfflineLMConfig[m[K' [[01;31m[K-Werror=shadow[m[K]
   29 |   OfflineLMConfig(const std::string &model, float scale, [01;31m[Kint32_t lm_num_threads[m[K,
      |                                                          [01;31m[K~~~~~~~~^~~~~~~~~~~~~~[m[K
[01m[K/dev/shm/velavision-sherpa-asr-20260911/sherpa/sherpa-onnx/csrc/offline-lm-config.h:19:11:[m[K [01;36m[Knote: [m[Kshadowed declaration is here
   19 |   int32_t [01;36m[Klm_num_threads[m[K = 1;
      |           [01;36m[K^~~~~~~~~~~~~~[m[K
[01m[K/dev/shm/velavision-sherpa-asr-20260911/sherpa/sherpa-onnx/csrc/offline-lm-config.h:29:51:[m[K [01;31m[Kerror: [m[Kdeclaration of '[01m[Kscale[m[K' shadows a member of '[01m[Ksherpa_onnx::OfflineLMConfig[m[K' [[01;31m[K-Werror=shadow[m[K]
   29 |   OfflineLMConfig(const std::string &model, [01;31m[Kfloat scale[m[K, int32_t lm_num_threads,
      |                                             [01;31m[K~~~~~~^~~~~[m[K
[01m[K/dev/shm/velavision-sherpa-asr-20260911/sherpa/sherpa-onnx/csrc/offline-lm-config.h:18:9:[m[K [01;36m[Knote: [m[Kshadowed declaration is here
   18 |   float [01;36m[Kscale[m[K = 0.5;
      |         [01;36m[K^~~~~[m[K
[01m[K/dev/shm/velavision-sherpa-asr-20260911/sherpa/sherpa-onnx/csrc/offline-lm-config.h:29:38:[m[K [01;31m[Kerror: [m[Kdeclaration of '[01m[Kmodel[m[K' shadows a member of '[01m[Ksherpa_onnx::OfflineLMConfig[m[K' [[01;31m[K-Werror=shadow[m[K]
   29 |   OfflineLMConfig([01;31m[Kconst std::string &model[m[K, float scale, int32_t lm_num_threads,
      |                   [01;31m[K~~~~~~~~~~~~~~~~~~~^~~~~[m[K
[01m[K/dev/shm/velavision-sherpa-asr-20260911/sherpa/sherpa-onnx/csrc/offline-lm-config.h:15:15:[m[K [01;36m[Knote: [m[Kshadowed declaration is here
   15 |   std::string [01;36m[Kmodel[m[K;
      |               [01;36m[K^~~~~[m[K
In file included from [01m[K/dev/shm/velavision-sherpa-asr-20260911/sherpa/sherpa-onnx/csrc/session.h:12[m[K:
[01m[K/dev/shm/velavision-sherpa-asr-20260911/sherpa/sherpa-onnx/csrc/online-lm-config.h:[m[K In constructor '[01m[Ksherpa_onnx::OnlineLMConfig::[01;32m[KOnlineLMConfig[m[K(const std::__1::string&, float, int32_t, const std::__1::string&, bool, const std::__1::string&, float, int32_t)[m[K':
[01m[K/dev/shm/velavision-sherpa-asr-20260911/sherpa/sherpa-onnx/csrc/online-lm-config.h:32:26:[m[K [01;31m[Kerror: [m[Kdeclaration of '[01m[Klodr_backoff_id[m[K' shadows a member of '[01m[Ksherpa_onnx::OnlineLMConfig[m[K' [[01;31m[K-Werror=shadow[m[K]
   32 |                  [01;31m[Kint32_t lodr_backoff_id[m[K)
      |                  [01;31m[K~~~~~~~~^~~~~~~~~~~~~~~[m[K
[01m[K/dev/shm/velavision-sherpa-asr-20260911/sherpa/sherpa-onnx/csrc/online-lm-config.h:23:11:[m[K [01;36m[Knote: [m[Kshadowed declaration is here
   23 |   int32_t [01;36m[Klodr_backoff_id[m[K = -1;  // -1 means not set
      |           [01;36m[K^~~~~~~~~~~~~~~[m[K
[01m[K/dev/shm/velavision-sherpa-asr-20260911/sherpa/sherpa-onnx/csrc/online-lm-config.h:31:53:[m[K [01;31m[Kerror: [m[Kdeclaration of '[01m[Klodr_scale[m[K' shadows a member of '[01m[Ksherpa_onnx::OnlineLMConfig[m[K' [[01;31m[K-Werror=shadow[m[K]
   31 |                  const std::string &lodr_fst, [01;31m[Kfloat lodr_scale[m[K,
      |                                               [01;31m[K~~~~~~^~~~~~~~~~[m[K
[01m[K/dev/shm/velavision-sherpa-asr-20260911/sherpa/sherpa-onnx/csrc/online-lm-config.h:22:9:[m[K [01;36m[Knote: [m[Kshadowed declaration is here
   22 |   float [01;36m[Klodr_scale[m[K = 0.01;
      |         [01;36m[K^~~~~~~~~~[m[K
[01m[K/dev/shm/velavision-sherpa-asr-20260911/sherpa/sherpa-onnx/csrc/online-lm-config.h:31:37:[m[K [01;31m[Kerror: [m[Kdeclaration of '[01m[Klodr_fst[m[K' shadows a member of '[01m[Ksherpa_onnx::OnlineLMConfig[m[K' [[01;31m[K-Werror=shadow[m[K]
   31 |                  [01;31m[Kconst std::string &lodr_fst[m[K, float lodr_scale,
      |                  [01;31m[K~~~~~~~~~~~~~~~~~~~^~~~~~~~[m[K
[01m[K/dev/shm/velavision-sherpa-asr-20260911/sherpa/sherpa-onnx/csrc/online-lm-config.h:21:15:[m[K [01;36m[Knote: [m[Kshadowed declaration is here
   21 |   std::string [01;36m[Klodr_fst[m[K;
      |               [01;36m[K^~~~~~~~[m[K
[01m[K/dev/shm/velavision-sherpa-asr-20260911/sherpa/sherpa-onnx/csrc/online-lm-config.h:30:55:[m[K [01;31m[Kerror: [m[Kdeclaration of '[01m[Kshallow_fusion[m[K' shadows a member of '[01m[Ksherpa_onnx::OnlineLMConfig[m[K' [[01;31m[K-Werror=shadow[m[K]
   30 |                  const std::string &lm_provider, [01;31m[Kbool shallow_fusion[m[K,
      |                                                  [01;31m[K~~~~~^~~~~~~~~~~~~~[m[K
[01m[K/dev/shm/velavision-sherpa-asr-20260911/sherpa/sherpa-onnx/csrc/online-lm-config.h:25:8:[m[K [01;36m[Knote: [m[Kshadowed declaration is here
   25 |   bool [01;36m[Kshallow_fusion[m[K = true;
      |        [01;36m[K^~~~~~~~~~~~~~[m[K
[01m[K/dev/shm/velavision-sherpa-asr-20260911/sherpa/sherpa-onnx/csrc/online-lm-config.h:30:37:[m[K [01;31m[Kerror: [m[Kdeclaration of '[01m[Klm_provider[m[K' shadows a member of '[01m[Ksherpa_onnx::OnlineLMConfig[m[K' [[01;31m[K-Werror=shadow[m[K]
   30 |                  [01;31m[Kconst std::string &lm_provider[m[K, bool shallow_fusion,
      |                  [01;31m[K~~~~~~~~~~~~~~~~~~~^~~~~~~~~~~[m[K
[01m[K/dev/shm/velavision-sherpa-asr-20260911/sherpa/sherpa-onnx/csrc/online-lm-config.h:20:15:[m[K [01;36m[Knote: [m[Kshadowed declaration is here
   20 |   std::string [01;36m[Klm_provider[m[K = "cpu";
      |               [01;36m[K^~~~~~~~~~~[m[K
[01m[K/dev/shm/velavision-sherpa-asr-20260911/sherpa/sherpa-onnx/csrc/online-lm-config.h:29:65:[m[K [01;31m[Kerror: [m[Kdeclaration of '[01m[Klm_num_threads[m[K' shadows a member of '[01m[Ksherpa_onnx::OnlineLMConfig[m[K' [[01;31m[K-Werror=shadow[m[K]
   29 |   OnlineLMConfig(const std::string &model, float scale, [01;31m[Kint32_t lm_num_threads[m[K,
      |                                                         [01;31m[K~~~~~~~~^~~~~~~~~~~~~~[m[K
[01m[K/dev/shm/velavision-sherpa-asr-20260911/sherpa/sherpa-onnx/csrc/online-lm-config.h:19:11:[m[K [01;36m[Knote: [m[Kshadowed declaration is here
   19 |   int32_t [01;36m[Klm_num_threads[m[K = 1;
      |           [01;36m[K^~~~~~~~~~~~~~[m[K
[01m[K/dev/shm/velavision-sherpa-asr-20260911/sherpa/sherpa-onnx/csrc/online-lm-config.h:29:50:[m[K [01;31m[Kerror: [m[Kdeclaration of '[01m[Kscale[m[K' shadows a member of '[01m[Ksherpa_onnx::OnlineLMConfig[m[K' [[01;31m[K-Werror=shadow[m[K]
   29 |   OnlineLMConfig(const std::string &model, [01;31m[Kfloat scale[m[K, int32_t lm_num_threads,
      |                                            [01;31m[K~~~~~~^~~~~[m[K
[01m[K/dev/shm/velavision-sherpa-asr-20260911/sherpa/sherpa-onnx/csrc/online-lm-config.h:18:9:[m[K [01;36m[Knote: [m[Kshadowed declaration is here
   18 |   float [01;36m[Kscale[m[K = 0.5;
      |         [01;36m[K^~~~~[m[K
[01m[K/dev/shm/velavision-sherpa-asr-20260911/sherpa/sherpa-onnx/csrc/online-lm-config.h:29:37:[m[K [01;31m[Kerror: [m[Kdeclaration of '[01m[Kmodel[m[K' shadows a member of '[01m[Ksherpa_onnx::OnlineLMConfig[m[K' [[01;31m[K-Werror=shadow[m[K]
   29 |   OnlineLMConfig([01;31m[Kconst std::string &model[m[K, float scale, int32_t lm_num_threads,
      |                  [01;31m[K~~~~~~~~~~~~~~~~~~~^~~~~[m[K
[01m[K/dev/shm/velavision-sherpa-asr-20260911/sherpa/sherpa-onnx/csrc/online-lm-config.h:15:15:[m[K [01;36m[Knote: [m[Kshadowed declaration is here
   15 |   std::string [01;36m[Kmodel[m[K;
      |               [01;36m[K^~~~~[m[K
[01m[K/dev/shm/velavision-sherpa-asr-20260911/sherpa/sherpa-onnx/csrc/online-lm-config.h:25:8:[m[K [01;31m[Kerror: [m[K'[01m[Ksherpa_onnx::OnlineLMConfig::shallow_fusion[m[K' will be initialized after [[01;31m[K-Werror=reorder[m[K]
   25 |   bool [01;31m[Kshallow_fusion[m[K = true;
      |        [01;31m[K^~~~~~~~~~~~~~[m[K
[01m[K/dev/shm/velavision-sherpa-asr-20260911/sherpa/sherpa-onnx/csrc/online-lm-config.h:21:15:[m[K [01;31m[Kerror: [m[K  '[01m[Kstd::__1::string sherpa_onnx::OnlineLMConfig::lodr_fst[m[K' [[01;31m[K-Werror=reorder[m[K]
   21 |   std::string [01;31m[Klodr_fst[m[K;
      |               [01;31m[K^~~~~~~~[m[K
[01m[K/dev/shm/velavision-sherpa-asr-20260911/sherpa/sherpa-onnx/csrc/online-lm-config.h:29:3:[m[K [01;31m[Kerror: [m[K  when initialized here [[01;31m[K-Werror=reorder[m[K]
   29 |   [01;31m[KOnlineLMConfig[m[K(const std::string &model, float scale, int32_t lm_num_threads,
      |   [01;31m[K^~~~~~~~~~~~~~[m[K
[01m[K/dev/shm/velavision-sherpa-asr-20260911/sherpa/sherpa-onnx/csrc/online-lm-config.h:[m[K In constructor '[01m[Ksherpa_onnx::OnlineLMConfig::[01;32m[KOnlineLMConfig[m[K(const std::__1::string&, float, int32_t, const std::__1::string&, bool, const std::__1::string&, float, int32_t)[m[K':
[01m[K/dev/shm/velavision-sherpa-asr-20260911/sherpa/sherpa-onnx/csrc/online-lm-config.h:32:26:[m[K [01;31m[Kerror: [m[Kdeclaration of '[01m[Klodr_backoff_id[m[K' shadows a member of '[01m[Ksherpa_onnx::OnlineLMConfig[m[K' [[01;31m[K-Werror=shadow[m[K]
   32 |                  [01;31m[Kint32_t lodr_backoff_id[m[K)
      |                  [01;31m[K~~~~~~~~^~~~~~~~~~~~~~~[m[K
[01m[K/dev/shm/velavision-sherpa-asr-20260911/sherpa/sherpa-onnx/csrc/online-lm-config.h:23:11:[m[K [01;36m[Knote: [m[Kshadowed declaration is here
   23 |   int32_t [01;36m[Klodr_backoff_id[m[K = -1;  // -1 means not set
      |           [01;36m[K^~~~~~~~~~~~~~~[m[K
[01m[K/dev/shm/velavision-sherpa-asr-20260911/sherpa/sherpa-onnx/csrc/online-lm-config.h:31:53:[m[K [01;31m[Kerror: [m[Kdeclaration of '[01m[Klodr_scale[m[K' shadows a member of '[01m[Ksherpa_onnx::OnlineLMConfig[m[K' [[01;31m[K-Werror=shadow[m[K]
   31 |                  const std::string &lodr_fst, [01;31m[Kfloat lodr_scale[m[K,
      |                                               [01;31m[K~~~~~~^~~~~~~~~~[m[K
[01m[K/dev/shm/velavision-sherpa-asr-20260911/sherpa/sherpa-onnx/csrc/online-lm-config.h:22:9:[m[K [01;36m[Knote: [m[Kshadowed declaration is here
   22 |   float [01;36m[Klodr_scale[m[K = 0.01;
      |         [01;36m[K^~~~~~~~~~[m[K
[01m[K/dev/shm/velavision-sherpa-asr-20260911/sherpa/sherpa-onnx/csrc/online-lm-config.h:31:37:[m[K [01;31m[Kerror: [m[Kdeclaration of '[01m[Klodr_fst[m[K' shadows a member of '[01m[Ksherpa_onnx::OnlineLMConfig[m[K' [[01;31m[K-Werror=shadow[m[K]
   31 |                  [01;31m[Kconst std::string &lodr_fst[m[K, float lodr_scale,
      |                  [01;31m[K~~~~~~~~~~~~~~~~~~~^~~~~~~~[m[K
[01m[K/dev/shm/velavision-sherpa-asr-20260911/sherpa/sherpa-onnx/csrc/online-lm-config.h:21:15:[m[K [01;36m[Knote: [m[Kshadowed declaration is here
   21 |   std::string [01;36m[Klodr_fst[m[K;
      |               [01;36m[K^~~~~~~~[m[K
[01m[K/dev/shm/velavision-sherpa-asr-20260911/sherpa/sherpa-onnx/csrc/online-lm-config.h:30:55:[m[K [01;31m[Kerror: [m[Kdeclaration of '[01m[Kshallow_fusion[m[K' shadows a member of '[01m[Ksherpa_onnx::OnlineLMConfig[m[K' [[01;31m[K-Werror=shadow[m[K]
   30 |                  const std::string &lm_provider, [01;31m[Kbool shallow_fusion[m[K,
      |                                                  [01;31m[K~~~~~^~~~~~~~~~~~~~[m[K
[01m[K/dev/shm/velavision-sherpa-asr-20260911/sherpa/sherpa-onnx/csrc/online-lm-config.h:25:8:[m[K [01;36m[Knote: [m[Kshadowed declaration is here
   25 |   bool [01;36m[Kshallow_fusion[m[K = true;
      |        [01;36m[K^~~~~~~~~~~~~~[m[K
[01m[K/dev/shm/velavision-sherpa-asr-20260911/sherpa/sherpa-onnx/csrc/online-lm-config.h:30:37:[m[K [01;31m[Kerror: [m[Kdeclaration of '[01m[Klm_provider[m[K' shadows a member of '[01m[Ksherpa_onnx::OnlineLMConfig[m[K' [[01;31m[K-Werror=shadow[m[K]
   30 |                  [01;31m[Kconst std::string &lm_provider[m[K, bool shallow_fusion,
      |                  [01;31m[K~~~~~~~~~~~~~~~~~~~^~~~~~~~~~~[m[K
[01m[K/dev/shm/velavision-sherpa-asr-20260911/sherpa/sherpa-onnx/csrc/online-lm-config.h:20:15:[m[K [01;36m[Knote: [m[Kshadowed declaration is here
   20 |   std::string [01;36m[Klm_provider[m[K = "cpu";
      |               [01;36m[K^~~~~~~~~~~[m[K
[01m[K/dev/shm/velavision-sherpa-asr-20260911/sherpa/sherpa-onnx/csrc/online-lm-config.h:29:65:[m[K [01;31m[Kerror: [m[Kdeclaration of '[01m[Klm_num_threads[m[K' shadows a member of '[01m[Ksherpa_onnx::OnlineLMConfig[m[K' [[01;31m[K-Werror=shadow[m[K]
   29 |   OnlineLMConfig(const std::string &model, float scale, [01;31m[Kint32_t lm_num_threads[m[K,
      |                                                         [01;31m[K~~~~~~~~^~~~~~~~~~~~~~[m[K
[01m[K/dev/shm/velavision-sherpa-asr-20260911/sherpa/sherpa-onnx/csrc/online-lm-config.h:19:11:[m[K [01;36m[Knote: [m[Kshadowed declaration is here
   19 |   int32_t [01;36m[Klm_num_threads[m[K = 1;
      |           [01;36m[K^~~~~~~~~~~~~~[m[K
[01m[K/dev/shm/velavision-sherpa-asr-20260911/sherpa/sherpa-onnx/csrc/online-lm-config.h:29:50:[m[K [01;31m[Kerror: [m[Kdeclaration of '[01m[Kscale[m[K' shadows a member of '[01m[Ksherpa_onnx::OnlineLMConfig[m[K' [[01;31m[K-Werror=shadow[m[K]
   29 |   OnlineLMConfig(const std::string &model, [01;31m[Kfloat scale[m[K, int32_t lm_num_threads,
      |                                            [01;31m[K~~~~~~^~~~~[m[K
[01m[K/dev/shm/velavision-sherpa-asr-20260911/sherpa/sherpa-onnx/csrc/online-lm-config.h:18:9:[m[K [01;36m[Knote: [m[Kshadowed declaration is here
   18 |   float [01;36m[Kscale[m[K = 0.5;
      |         [01;36m[K^~~~~[m[K
[01m[K/dev/shm/velavision-sherpa-asr-20260911/sherpa/sherpa-onnx/csrc/online-lm-config.h:29:37:[m[K [01;31m[Kerror: [m[Kdeclaration of '[01m[Kmodel[m[K' shadows a member of '[01m[Ksherpa_onnx::OnlineLMConfig[m[K' [[01;31m[K-Werror=shadow[m[K]
   29 |   OnlineLMConfig([01;31m[Kconst std::string &model[m[K, float scale, int32_t lm_num_threads,
      |                  [01;31m[K~~~~~~~~~~~~~~~~~~~^~~~~[m[K
[01m[K/dev/shm/velavision-sherpa-asr-20260911/sherpa/sherpa-onnx/csrc/online-lm-config.h:15:15:[m[K [01;36m[Knote: [m[Kshadowed declaration is here
   15 |   std::string [01;36m[Kmodel[m[K;
      |               [01;36m[K^~~~~[m[K
[01m[K/dev/shm/velavision-sherpa-asr-20260911/sherpa/sherpa-onnx/csrc/online-lm-config.h:[m[K In constructor '[01m[Ksherpa_onnx::OnlineLMConfig::[01;32m[KOnlineLMConfig[m[K(const std::__1::string&, float, int32_t, const std::__1::string&, bool, const std::__1::string&, float, int32_t)[m[K':
[01m[K/dev/shm/velavision-sherpa-asr-20260911/sherpa/sherpa-onnx/csrc/online-lm-config.h:32:26:[m[K [01;31m[Kerror: [m[Kdeclaration of '[01m[Klodr_backoff_id[m[K' shadows a member of '[01m[Ksherpa_onnx::OnlineLMConfig[m[K' [[01;31m[K-Werror=shadow[m[K]
   32 |                  [01;31m[Kint32_t lodr_backoff_id[m[K)
      |                  [01;31m[K~~~~~~~~^~~~~~~~~~~~~~~[m[K
[01m[K/dev/shm/velavision-sherpa-asr-20260911/sherpa/sherpa-onnx/csrc/online-lm-config.h:23:11:[m[K [01;36m[Knote: [m[Kshadowed declaration is here
   23 |   int32_t [01;36m[Klodr_backoff_id[m[K = -1;  // -1 means not set
      |           [01;36m[K^~~~~~~~~~~~~~~[m[K
[01m[K/dev/shm/velavision-sherpa-asr-20260911/sherpa/sherpa-onnx/csrc/online-lm-config.h:31:53:[m[K [01;31m[Kerror: [m[Kdeclaration of '[01m[Klodr_scale[m[K' shadows a member of '[01m[Ksherpa_onnx::OnlineLMConfig[m[K' [[01;31m[K-Werror=shadow[m[K]
   31 |                  const std::string &lodr_fst, [01;31m[Kfloat lodr_scale[m[K,
      |                                               [01;31m[K~~~~~~^~~~~~~~~~[m[K
[01m[K/dev/shm/velavision-sherpa-asr-20260911/sherpa/sherpa-onnx/csrc/online-lm-config.h:22:9:[m[K [01;36m[Knote: [m[Kshadowed declaration is here
   22 |   float [01;36m[Klodr_scale[m[K = 0.01;
      |         [01;36m[K^~~~~~~~~~[m[K
[01m[K/dev/shm/velavision-sherpa-asr-20260911/sherpa/sherpa-onnx/csrc/online-lm-config.h:31:37:[m[K [01;31m[Kerror: [m[Kdeclaration of '[01m[Klodr_fst[m[K' shadows a member of '[01m[Ksherpa_onnx::OnlineLMConfig[m[K' [[01;31m[K-Werror=shadow[m[K]
   31 |                  [01;31m[Kconst std::string &lodr_fst[m[K, float lodr_scale,
      |                  [01;31m[K~~~~~~~~~~~~~~~~~~~^~~~~~~~[m[K
[01m[K/dev/shm/velavision-sherpa-asr-20260911/sherpa/sherpa-onnx/csrc/online-lm-config.h:21:15:[m[K [01;36m[Knote: [m[Kshadowed declaration is here
   21 |   std::string [01;36m[Klodr_fst[m[K;
      |               [01;36m[K^~~~~~~~[m[K
[01m[K/dev/shm/velavision-sherpa-asr-20260911/sherpa/sherpa-onnx/csrc/online-lm-config.h:30:55:[m[K [01;31m[Kerror: [m[Kdeclaration of '[01m[Kshallow_fusion[m[K' shadows a member of '[01m[Ksherpa_onnx::OnlineLMConfig[m[K' [[01;31m[K-Werror=shadow[m[K]
   30 |                  const std::string &lm_provider, [01;31m[Kbool shallow_fusion[m[K,
      |                                                  [01;31m[K~~~~~^~~~~~~~~~~~~~[m[K
[01m[K/dev/shm/velavision-sherpa-asr-20260911/sherpa/sherpa-onnx/csrc/online-lm-config.h:25:8:[m[K [01;36m[Knote: [m[Kshadowed declaration is here
   25 |   bool [01;36m[Kshallow_fusion[m[K = true;
      |        [01;36m[K^~~~~~~~~~~~~~[m[K
[01m[K/dev/shm/velavision-sherpa-asr-20260911/sherpa/sherpa-onnx/csrc/online-lm-config.h:30:37:[m[K [01;31m[Kerror: [m[Kdeclaration of '[01m[Klm_provider[m[K' shadows a member of '[01m[Ksherpa_onnx::OnlineLMConfig[m[K' [[01;31m[K-Werror=shadow[m[K]
   30 |                  [01;31m[Kconst std::string &lm_provider[m[K, bool shallow_fusion,
      |                  [01;31m[K~~~~~~~~~~~~~~~~~~~^~~~~~~~~~~[m[K
[01m[K/dev/shm/velavision-sherpa-asr-20260911/sherpa/sherpa-onnx/csrc/online-lm-config.h:20:15:[m[K [01;36m[Knote: [m[Kshadowed declaration is here
   20 |   std::string [01;36m[Klm_provider[m[K = "cpu";
      |               [01;36m[K^~~~~~~~~~~[m[K
[01m[K/dev/shm/velavision-sherpa-asr-20260911/sherpa/sherpa-onnx/csrc/online-lm-config.h:29:65:[m[K [01;31m[Kerror: [m[Kdeclaration of '[01m[Klm_num_threads[m[K' shadows a member of '[01m[Ksherpa_onnx::OnlineLMConfig[m[K' [[01;31m[K-Werror=shadow[m[K]
   29 |   OnlineLMConfig(const std::string &model, float scale, [01;31m[Kint32_t lm_num_threads[m[K,
      |                                                         [01;31m[K~~~~~~~~^~~~~~~~~~~~~~[m[K
[01m[K/dev/shm/velavision-sherpa-asr-20260911/sherpa/sherpa-onnx/csrc/online-lm-config.h:19:11:[m[K [01;36m[Knote: [m[Kshadowed declaration is here
   19 |   int32_t [01;36m[Klm_num_threads[m[K = 1;
      |           [01;36m[K^~~~~~~~~~~~~~[m[K
[01m[K/dev/shm/velavision-sherpa-asr-20260911/sherpa/sherpa-onnx/csrc/online-lm-config.h:29:50:[m[K [01;31m[Kerror: [m[Kdeclaration of '[01m[Kscale[m[K' shadows a member of '[01m[Ksherpa_onnx::OnlineLMConfig[m[K' [[01;31m[K-Werror=shadow[m[K]
   29 |   OnlineLMConfig(const std::string &model, [01;31m[Kfloat scale[m[K, int32_t lm_num_threads,
      |                                            [01;31m[K~~~~~~^~~~~[m[K
[01m[K/dev/shm/velavision-sherpa-asr-20260911/sherpa/sherpa-onnx/csrc/online-lm-config.h:18:9:[m[K [01;36m[Knote: [m[Kshadowed declaration is here
   18 |   float [01;36m[Kscale[m[K = 0.5;
      |         [01;36m[K^~~~~[m[K
[01m[K/dev/shm/velavision-sherpa-asr-20260911/sherpa/sherpa-onnx/csrc/online-lm-config.h:29:37:[m[K [01;31m[Kerror: [m[Kdeclaration of '[01m[Kmodel[m[K' shadows a member of '[01m[Ksherpa_onnx::OnlineLMConfig[m[K' [[01;31m[K-Werror=shadow[m[K]
   29 |   OnlineLMConfig([01;31m[Kconst std::string &model[m[K, float scale, int32_t lm_num_threads,
      |                  [01;31m[K~~~~~~~~~~~~~~~~~~~^~~~~[m[K
[01m[K/dev/shm/velavision-sherpa-asr-20260911/sherpa/sherpa-onnx/csrc/online-lm-config.h:15:15:[m[K [01;36m[Knote: [m[Kshadowed declaration is here
   15 |   std::string [01;36m[Kmodel[m[K;
      |               [01;36m[K^~~~~[m[K
/dev/shm/velavision-ort-session-20260911/ort/include/onnxruntime/core/session/onnxruntime_float16.h: In instantiation of '[01m[Kstatic uint16_t onnxruntime_float16::BFloat16Impl<Derived>::[01;32m[KToUint16Impl[m[K(float) [35m[K[with Derived = Ort::BFloat16_t; uint16_t = short unsigned int][m[K[m[K':
[01m[K/dev/shm/velavision-ort-session-20260911/ort/include/onnxruntime/core/session/onnxruntime_cxx_api.h:333:67:[m[K   required from here
[01m[K/dev/shm/velavision-ort-session-20260911/ort/include/onnxruntime/core/session/onnxruntime_float16.h:493:16:[m[K [01;31m[Kerror: [m[Kdeclaration of '[01m[Kresult[m[K' shadows a previous local [[01;31m[K-Werror=shadow[m[K]
  493 |       uint16_t [01;31m[Kresult[m[K;
      |                [01;31m[K^~~~~~[m[K
[01m[K/dev/shm/velavision-ort-session-20260911/ort/include/onnxruntime/core/session/onnxruntime_float16.h:488:12:[m[K [01;36m[Knote: [m[Kshadowed declaration is here
  488 |   uint16_t [01;36m[Kresult[m[K;
      |            [01;36m[K^~~~~~[m[K
cc1plus: all warnings being treated as errors
