{"result": "PASS", "source_files": 142, "changes": 9, "applied": true}
-- NuttX Host Tools
-- Configuring done
-- Generating done
-- Build files have been written to: /home/swl/openvela/cmake_out/velavision_integrated_20260909/bin_host
-- Configuring done
-- Generating done
-- Build files have been written to: /home/swl/openvela/cmake_out/velavision_integrated_20260909
[1/1350] cd /home/swl/openvela/cmake_out/velavision_integrated_20260909/libs/libc/misc && /home/swl/openvela/prebuilts/tools/cmake/bin/cmake -E touch /home/swl/openvela/nuttx/libs/libc/misc/lib_utsname.c
[2/1350] Generating bin output directories
[3/1350] cd /home/swl/openvela/nuttx && /home/swl/openvela/prebuilts/tools/cmake/bin/cmake -DKCONFIG_CONFIG=/home/swl/openvela/nuttx/boards/arm64/rk3576/kickpi_k7/configs/velavision_integrated_local/defconfig -DNUTTX_DIR=/home/swl/openvela/nuttx -DCMAKE_BINARY_DIR=/home/swl/openvela/cmake_out/velavision_integrated_20260909 -P /home/swl/openvela/nuttx/cmake/nuttx_generate_dts.cmake
[4/1350] Building C object apps/external/libjpeg-turbo/CMakeFiles/turbojpeg-static.dir/libjpeg-turbo/jaricom.c.o
[5/1350] Building C object apps/external/libjpeg-turbo/CMakeFiles/turbojpeg-static.dir/libjpeg-turbo/jcapistd.c.o
[6/1350] Building C object apps/external/libjpeg-turbo/CMakeFiles/turbojpeg-static.dir/libjpeg-turbo/jcapimin.c.o
[7/1350] Building C object apps/external/libjpeg-turbo/CMakeFiles/turbojpeg-static.dir/libjpeg-turbo/jccoefct.c.o
[8/1350] Building C object apps/external/libjpeg-turbo/CMakeFiles/turbojpeg-static.dir/libjpeg-turbo/jcicc.c.o
[9/1350] Building C object apps/external/libjpeg-turbo/CMakeFiles/turbojpeg-static.dir/libjpeg-turbo/jcdctmgr.c.o
[10/1350] Building C object apps/external/libjpeg-turbo/CMakeFiles/turbojpeg-static.dir/libjpeg-turbo/jcinit.c.o
[11/1350] Building C object apps/external/libjpeg-turbo/CMakeFiles/turbojpeg-static.dir/libjpeg-turbo/jcarith.c.o
[12/1350] Building C object apps/external/libjpeg-turbo/CMakeFiles/turbojpeg-static.dir/libjpeg-turbo/jcmainct.c.o
[13/1350] Building C object apps/external/libjpeg-turbo/CMakeFiles/turbojpeg-static.dir/libjpeg-turbo/jccolor.c.o
[14/1350] Building C object apps/external/libjpeg-turbo/CMakeFiles/turbojpeg-static.dir/libjpeg-turbo/jcomapi.c.o
[15/1350] Building C object apps/external/libjpeg-turbo/CMakeFiles/turbojpeg-static.dir/libjpeg-turbo/jcmarker.c.o
[16/1350] Building C object apps/external/libjpeg-turbo/CMakeFiles/turbojpeg-static.dir/libjpeg-turbo/jcmaster.c.o
[17/1350] Building C object apps/external/libjpeg-turbo/CMakeFiles/turbojpeg-static.dir/libjpeg-turbo/jcparam.c.o
[18/1350] Building C object apps/external/libjpeg-turbo/CMakeFiles/turbojpeg-static.dir/libjpeg-turbo/jcprepct.c.o
[19/1350] Building C object apps/external/libjpeg-turbo/CMakeFiles/turbojpeg-static.dir/libjpeg-turbo/jctrans.c.o
[20/1350] Building C object apps/external/libjpeg-turbo/CMakeFiles/turbojpeg-static.dir/libjpeg-turbo/jcphuff.c.o
[21/1350] Building C object apps/external/libjpeg-turbo/CMakeFiles/turbojpeg-static.dir/libjpeg-turbo/jdapimin.c.o
[22/1350] Building C object apps/external/libjpeg-turbo/CMakeFiles/turbojpeg-static.dir/libjpeg-turbo/jcsample.c.o
[23/1350] Building C object apps/external/libjpeg-turbo/CMakeFiles/turbojpeg-static.dir/libjpeg-turbo/jdatadst-tj.c.o
[24/1350] Building C object apps/external/libjpeg-turbo/CMakeFiles/turbojpeg-static.dir/libjpeg-turbo/jdatasrc-tj.c.o
[25/1350] Building C object apps/external/libjpeg-turbo/CMakeFiles/turbojpeg-static.dir/libjpeg-turbo/jdapistd.c.o
[26/1350] Building C object apps/external/libjpeg-turbo/CMakeFiles/turbojpeg-static.dir/libjpeg-turbo/jdatadst.c.o
[27/1350] Building C object apps/external/libjpeg-turbo/CMakeFiles/turbojpeg-static.dir/libjpeg-turbo/jdatasrc.c.o
[28/1350] Building C object apps/external/libjpeg-turbo/CMakeFiles/turbojpeg-static.dir/libjpeg-turbo/jddctmgr.c.o
[29/1350] Building C object apps/external/libjpeg-turbo/CMakeFiles/turbojpeg-static.dir/libjpeg-turbo/jdarith.c.o
[30/1350] Building C object apps/external/libjpeg-turbo/CMakeFiles/turbojpeg-static.dir/libjpeg-turbo/jdicc.c.o
[31/1350] Building C object apps/external/libjpeg-turbo/CMakeFiles/turbojpeg-static.dir/libjpeg-turbo/jdinput.c.o
[32/1350] Building C object apps/external/libjpeg-turbo/CMakeFiles/turbojpeg-static.dir/libjpeg-turbo/jdcoefct.c.o
[33/1350] Building C object apps/external/libjpeg-turbo/CMakeFiles/turbojpeg-static.dir/libjpeg-turbo/jdmainct.c.o
[34/1350] Building C object apps/external/libjpeg-turbo/CMakeFiles/turbojpeg-static.dir/libjpeg-turbo/jdhuff.c.o
[35/1350] Building C object apps/external/libjpeg-turbo/CMakeFiles/turbojpeg-static.dir/libjpeg-turbo/jdcolor.c.o
[36/1350] Building C object apps/external/libjpeg-turbo/CMakeFiles/turbojpeg-static.dir/libjpeg-turbo/jdmaster.c.o
[37/1350] Building C object apps/external/libjpeg-turbo/CMakeFiles/turbojpeg-static.dir/libjpeg-turbo/jdpostct.c.o
[38/1350] Building C object apps/external/libjpeg-turbo/CMakeFiles/turbojpeg-static.dir/libjpeg-turbo/jdmarker.c.o
[39/1350] Building C object apps/external/libjpeg-turbo/CMakeFiles/turbojpeg-static.dir/libjpeg-turbo/jdphuff.c.o
[40/1350] Building C object apps/external/libjpeg-turbo/CMakeFiles/turbojpeg-static.dir/libjpeg-turbo/jdsample.c.o
[41/1350] Building C object apps/external/libjpeg-turbo/CMakeFiles/turbojpeg-static.dir/libjpeg-turbo/jdtrans.c.o
[42/1350] Building C object apps/external/libjpeg-turbo/CMakeFiles/turbojpeg-static.dir/libjpeg-turbo/jfdctflt.c.o
[43/1350] Building C object apps/external/libjpeg-turbo/CMakeFiles/turbojpeg-static.dir/libjpeg-turbo/jerror.c.o
[44/1350] Building C object apps/external/libjpeg-turbo/CMakeFiles/turbojpeg-static.dir/libjpeg-turbo/jfdctfst.c.o
[45/1350] Building C object apps/external/libjpeg-turbo/CMakeFiles/turbojpeg-static.dir/libjpeg-turbo/jfdctint.c.o
[46/1350] Building C object apps/external/libjpeg-turbo/CMakeFiles/turbojpeg-static.dir/libjpeg-turbo/jdmerge.c.o
[47/1350] Building C object apps/external/libjpeg-turbo/CMakeFiles/turbojpeg-static.dir/libjpeg-turbo/jidctflt.c.o
[48/1350] Building C object apps/external/libjpeg-turbo/CMakeFiles/turbojpeg-static.dir/libjpeg-turbo/jidctfst.c.o
[49/1350] Building C object apps/external/libjpeg-turbo/CMakeFiles/turbojpeg-static.dir/libjpeg-turbo/jidctred.c.o
[50/1350] Building C object apps/external/libjpeg-turbo/CMakeFiles/turbojpeg-static.dir/libjpeg-turbo/jmemnobs.c.o
[51/1350] Building C object apps/external/libjpeg-turbo/CMakeFiles/turbojpeg-static.dir/libjpeg-turbo/jpegtran.c.o
[52/1350] Building C object apps/external/libjpeg-turbo/CMakeFiles/turbojpeg-static.dir/libjpeg-turbo/jmemmgr.c.o
[53/1350] Building C object apps/external/libjpeg-turbo/CMakeFiles/turbojpeg-static.dir/libjpeg-turbo/jquant1.c.o
[54/1350] Building ASM object arch/CMakeFiles/arch.dir/arm64/src/common/arm64_vector_table.S.o
[55/1350] Building C object apps/external/libjpeg-turbo/CMakeFiles/turbojpeg-static.dir/libjpeg-turbo/jutils.c.o
[56/1350] Building ASM object arch/CMakeFiles/arch.dir/arm64/src/common/arm64_fork_func.S.o
[57/1350] Building ASM object arch/CMakeFiles/arch.dir/arm64/src/common/arm64_vectors.S.o
[58/1350] Building C object apps/external/libjpeg-turbo/CMakeFiles/turbojpeg-static.dir/libjpeg-turbo/jsimd_none.c.o
[59/1350] Building C object apps/external/libjpeg-turbo/CMakeFiles/turbojpeg-static.dir/libjpeg-turbo/jquant2.c.o
[60/1350] Building C object arch/CMakeFiles/arch.dir/arm64/src/common/arm64_boot.c.o
[61/1350] Building C object arch/CMakeFiles/arch.dir/arm64/src/common/arm64_initialstate.c.o
[62/1350] Building C object arch/CMakeFiles/arch.dir/arm64/src/common/arm64_initialize.c.o
[63/1350] Building C object arch/CMakeFiles/arch.dir/arm64/src/common/arm64_nputs.c.o
[64/1350] Building C object apps/external/libjpeg-turbo/CMakeFiles/turbojpeg-static.dir/libjpeg-turbo/jidctint.c.o
[65/1350] Building C object arch/CMakeFiles/arch.dir/arm64/src/common/arm64_createstack.c.o
[66/1350] Building C object arch/CMakeFiles/arch.dir/arm64/src/common/arm64_releasestack.c.o
[67/1350] Building C object arch/CMakeFiles/arch.dir/arm64/src/common/arm64_stackframe.c.o
[68/1350] Building C object arch/CMakeFiles/arch.dir/arm64/src/common/arm64_usestack.c.o
[69/1350] Building C object arch/CMakeFiles/arch.dir/arm64/src/common/arm64_getintstack.c.o
[70/1350] Building C object arch/CMakeFiles/arch.dir/arm64/src/common/arm64_exit.c.o
[71/1350] Building C object arch/CMakeFiles/arch.dir/arm64/src/common/arm64_perf.c.o
[72/1350] Building C object arch/CMakeFiles/arch.dir/arm64/src/common/arm64_registerdump.c.o
[73/1350] Building C object arch/CMakeFiles/arch.dir/arm64/src/common/arm64_fork.c.o
[74/1350] Building C object arch/CMakeFiles/arch.dir/arm64/src/common/arm64_tcbinfo.c.o
[75/1350] Building C object arch/CMakeFiles/arch.dir/arm64/src/common/arm64_cpuidlestack.c.o
[76/1350] Building C object arch/CMakeFiles/arch.dir/arm64/src/common/arm64_schedulesigaction.c.o
[77/1350] Building C object arch/CMakeFiles/arch.dir/arm64/src/common/arm64_sigdeliver.c.o
[78/1350] Building C object arch/CMakeFiles/arch.dir/arm64/src/common/arm64_arch_timer.c.o
[79/1350] Building C object arch/CMakeFiles/arch.dir/arm64/src/common/arm64_doirq.c.o
[80/1350] Building C object arch/CMakeFiles/arch.dir/arm64/src/common/arm64_cache.c.o
[81/1350] Building C object arch/CMakeFiles/arch.dir/arm64/src/common/arm64_syscall.c.o
[82/1350] Building C object arch/CMakeFiles/arch.dir/arm64/src/common/arm64_allocateheap.c.o
[83/1350] Building ASM object arch/CMakeFiles/arch.dir/arm64/src/common/arm64_smccc.S.o
[84/1350] Building C object arch/CMakeFiles/arch.dir/arm64/src/common/arm64_idle.c.o
[85/1350] Building C object arch/CMakeFiles/arch.dir/arm64/src/common/arm64_fatal.c.o
[86/1350] Building C object arch/CMakeFiles/arch.dir/arm64/src/common/arm64_fpu.c.o
[87/1350] Building C object arch/CMakeFiles/arch.dir/arm64/src/common/arm64_gicv2.c.o
[88/1350] Building C object arch/CMakeFiles/arch.dir/arm64/src/common/arm64_cpu_psci.c.o
[89/1350] Building ASM object arch/CMakeFiles/arch.dir/arm64/src/common/arm64_fpu_func.S.o
[90/1350] Building C object arch/CMakeFiles/arch.dir/arm64/src/common/arm64_mmu.c.o
[91/1350] Building C object arch/CMakeFiles/arch.dir/arm64/src/common/arm64_hwdebug.c.o
[92/1350] Building ASM object arch/CMakeFiles/arch.dir/arm64/src/rk3576/rk3576_lowputc.S.o
[93/1350] Building C object arch/CMakeFiles/arch.dir/arm64/src/common/arm64_checkstack.c.o
[94/1350] Building C object arch/CMakeFiles/arch.dir/arm64/src/rk3576/rk3576_boot.c.o
[95/1350] Building C object arch/CMakeFiles/arch.dir/arm64/src/common/arm64_backtrace.c.o
[96/1350] Building C object arch/CMakeFiles/arch.dir/arm64/src/rk3576/rk3576_serial.c.o
[97/1350] Building C object binfmt/CMakeFiles/binfmt.dir/binfmt_globals.c.o
[98/1350] Building C object arch/CMakeFiles/arch.dir/arm64/src/rk3576/rk3576_uart6.c.o
[99/1350] Building C object binfmt/CMakeFiles/binfmt.dir/binfmt_initialize.c.o
[100/1350] Building C object binfmt/CMakeFiles/binfmt.dir/binfmt_register.c.o
[101/1350] Building C object arch/CMakeFiles/arch.dir/arm64/src/rk3576/rk3576_usbhost.c.o
[102/1350] Building C object binfmt/CMakeFiles/binfmt.dir/binfmt_unregister.c.o
[103/1350] Building C object binfmt/CMakeFiles/binfmt.dir/binfmt_loadmodule.c.o
[104/1350] Building C object binfmt/CMakeFiles/binfmt.dir/binfmt_unloadmodule.c.o
[105/1350] Building C object binfmt/CMakeFiles/binfmt.dir/binfmt_exec.c.o
[106/1350] Building C object binfmt/CMakeFiles/binfmt.dir/binfmt_copyargv.c.o
[107/1350] Building C object binfmt/CMakeFiles/binfmt.dir/binfmt_execmodule.c.o
[108/1350] Building C object binfmt/CMakeFiles/binfmt.dir/binfmt_copyactions.c.o
[109/1350] Building C object binfmt/CMakeFiles/binfmt.dir/binfmt_copyattr.c.o
[110/1350] Building C object binfmt/CMakeFiles/binfmt.dir/binfmt_dumpmodule.c.o
[111/1350] Building C object drivers/CMakeFiles/drivers.dir/misc/dev_null.c.o
[112/1350] Building C object binfmt/CMakeFiles/binfmt.dir/builtin.c.o
[113/1350] Building C object drivers/CMakeFiles/drivers.dir/misc/dev_zero.c.o
[114/1350] Building C object drivers/CMakeFiles/drivers.dir/loop/losetup.c.o
[115/1350] Building C object drivers/CMakeFiles/drivers.dir/misc/mkrd.c.o
[116/1350] Building C object drivers/CMakeFiles/drivers.dir/pipes/pipe.c.o
[117/1350] Building C object drivers/CMakeFiles/drivers.dir/misc/ramdisk.c.o
[118/1350] Building C object drivers/CMakeFiles/drivers.dir/pipes/fifo.c.o
[119/1350] Building C object drivers/CMakeFiles/drivers.dir/pipes/pipe_common.c.o
[120/1350] Building C object drivers/CMakeFiles/drivers.dir/syslog/syslog_initialize.c.o
[121/1350] Building C object drivers/CMakeFiles/drivers.dir/serial/serial_io.c.o
[122/1350] Building C object drivers/CMakeFiles/drivers.dir/serial/uart_16550.c.o
[123/1350] Building C object drivers/CMakeFiles/drivers.dir/syslog/setlogmask.c.o
[124/1350] Building C object drivers/CMakeFiles/drivers.dir/net/netdev_upperhalf.c.o
[125/1350] Building C object drivers/CMakeFiles/drivers.dir/syslog/vsyslog.c.o
[126/1350] Building C object drivers/CMakeFiles/drivers.dir/syslog/syslog_flush.c.o
[127/1350] Building C object drivers/CMakeFiles/drivers.dir/syslog/syslog_channel.c.o
[128/1350] Building C object drivers/CMakeFiles/drivers.dir/syslog/syslog_write.c.o
[129/1350] Building C object drivers/CMakeFiles/drivers.dir/usbhost/usbhost_registry.c.o
[130/1350] Building C object drivers/CMakeFiles/drivers.dir/syslog/ramlog.c.o
[131/1350] Building C object drivers/CMakeFiles/drivers.dir/timers/oneshot.c.o
[132/1350] Building C object drivers/CMakeFiles/drivers.dir/serial/serial.c.o
[133/1350] Building C object drivers/CMakeFiles/drivers.dir/usbhost/usbhost_registerclass.c.o
[134/1350] Building C object drivers/CMakeFiles/drivers.dir/timers/arch_alarm.c.o
[135/1350] Building C object drivers/CMakeFiles/drivers.dir/usbhost/usbhost_findclass.c.o
[136/1350] Building C object drivers/CMakeFiles/drivers.dir/usbhost/usbhost_waiter.c.o
[137/1350] Building C object drivers/CMakeFiles/drivers.dir/usbhost/usbhost_drivers.c.o
[138/1350] Building C object drivers/CMakeFiles/drivers.dir/usbhost/usbhost_enumerate.c.o
[139/1350] Building C object drivers/CMakeFiles/drivers.dir/usbhost/usbhost_devaddr.c.o
[140/1350] Building C object drivers/CMakeFiles/drivers.dir/usbhost/usbhost_xhci_rk3576_trace.c.o
[141/1350] Building C object drivers/CMakeFiles/drivers.dir/usbhost/usbhost_trace.c.o
[142/1350] Building C object drivers/CMakeFiles/drivers.dir/wireless/bluetooth/bt_driver.c.o
[143/1350] Building C object fs/CMakeFiles/fs.dir/fs_heap.c.o
[144/1350] Building C object drivers/CMakeFiles/drivers.dir/drivers_initialize.c.o
[145/1350] Building C object apps/external/libjpeg-turbo/CMakeFiles/turbojpeg-static.dir/libjpeg-turbo/jchuff.c.o
[146/1350] Building C object drivers/CMakeFiles/drivers.dir/usbhost/usbhost_hub.c.o
[147/1350] Building C object fs/CMakeFiles/fs.dir/fs_initialize.c.o
[148/1350] Building C object fs/CMakeFiles/fs.dir/driver/fs_unregisterdriver.c.o
[149/1350] Building C object fs/CMakeFiles/fs.dir/driver/fs_registerdriver.c.o
[150/1350] Building C object fs/CMakeFiles/fs.dir/driver/fs_registerpipedriver.c.o
[151/1350] Building C object fs/CMakeFiles/fs.dir/driver/fs_unregisterpipedriver.c.o
[152/1350] Building C object fs/CMakeFiles/fs.dir/driver/fs_registerblockdriver.c.o
[153/1350] Building C object fs/CMakeFiles/fs.dir/driver/fs_unregisterblockdriver.c.o
[154/1350] Building C object fs/CMakeFiles/fs.dir/driver/fs_openblockdriver.c.o
[155/1350] Building C object fs/CMakeFiles/fs.dir/driver/fs_closeblockdriver.c.o
[156/1350] Building C object fs/CMakeFiles/fs.dir/driver/fs_findblockdriver.c.o
[157/1350] Building C object fs/CMakeFiles/fs.dir/driver/fs_blockpartition.c.o
[158/1350] Building C object fs/CMakeFiles/fs.dir/driver/fs_findmtddriver.c.o
[159/1350] Building C object fs/CMakeFiles/fs.dir/driver/fs_closemtddriver.c.o
[160/1350] Building C object fs/CMakeFiles/fs.dir/inode/fs_foreachinode.c.o
[161/1350] Building C object fs/CMakeFiles/fs.dir/driver/fs_blockmerge.c.o
[162/1350] Building C object fs/CMakeFiles/fs.dir/inode/fs_inode.c.o
[163/1350] Building C object fs/CMakeFiles/fs.dir/inode/fs_inodeaddref.c.o
[164/1350] Building C object fs/CMakeFiles/fs.dir/inode/fs_inodebasename.c.o
[165/1350] Building C object fs/CMakeFiles/fs.dir/inode/fs_inodefind.c.o
[166/1350] Building C object fs/CMakeFiles/fs.dir/inode/fs_inodefree.c.o
[167/1350] Building C object fs/CMakeFiles/fs.dir/inode/fs_files.c.o
[168/1350] Building C object fs/CMakeFiles/fs.dir/inode/fs_inodegetpath.c.o
[169/1350] Building C object fs/CMakeFiles/fs.dir/inode/fs_inoderelease.c.o
[170/1350] Building C object fs/CMakeFiles/fs.dir/inode/fs_inoderemove.c.o
[171/1350] Building C object fs/CMakeFiles/fs.dir/inode/fs_inodereserve.c.o
[172/1350] Building C object fs/CMakeFiles/fs.dir/mmap/fs_mmap.c.o
[173/1350] Building C object fs/CMakeFiles/fs.dir/inode/fs_inodesearch.c.o
[174/1350] Building C object fs/CMakeFiles/fs.dir/mmap/fs_mmisc.c.o
[175/1350] Building C object fs/CMakeFiles/fs.dir/mmap/fs_munmap.c.o
[176/1350] Building C object fs/CMakeFiles/fs.dir/mmap/fs_msync.c.o
[177/1350] Building C object fs/CMakeFiles/fs.dir/mmap/fs_anonmap.c.o
[178/1350] Building C object fs/CMakeFiles/fs.dir/mount/fs_umount2.c.o
[179/1350] Building C object fs/CMakeFiles/fs.dir/mount/fs_mount.c.o
[180/1350] Building C object fs/CMakeFiles/fs.dir/mount/fs_gettype.c.o
[181/1350] Building C object fs/CMakeFiles/fs.dir/mount/fs_foreachmountpoint.c.o
[182/1350] Building C object fs/CMakeFiles/fs.dir/mqueue/mq_close.c.o
[183/1350] Building C object fs/CMakeFiles/fs.dir/mount/fs_procfs_mount.c.o
[184/1350] Building C object fs/CMakeFiles/fs.dir/mqueue/mq_unlink.c.o
[185/1350] Building C object fs/CMakeFiles/fs.dir/partition/fs_partition.c.o
[186/1350] Building C object fs/CMakeFiles/fs.dir/mqueue/mq_open.c.o
[187/1350] Building C object fs/CMakeFiles/fs.dir/procfs/fs_procfscpuinfo.c.o
[188/1350] Building C object fs/CMakeFiles/fs.dir/procfs/fs_procfscpuload.c.o
[189/1350] Building C object drivers/CMakeFiles/drivers.dir/usbhost/usbhost_xhci_rk3576.c.o
[190/1350] Building C object fs/CMakeFiles/fs.dir/procfs/fs_procfscritmon.c.o
[191/1350] Building C object fs/CMakeFiles/fs.dir/procfs/fs_procfsfdt.c.o
[192/1350] Building C object fs/CMakeFiles/fs.dir/procfs/fs_procfsiobinfo.c.o
[193/1350] Building C object fs/CMakeFiles/fs.dir/procfs/fs_procfs.c.o
[194/1350] Building C object fs/CMakeFiles/fs.dir/procfs/fs_procfstcbinfo.c.o
[195/1350] Building C object fs/CMakeFiles/fs.dir/procfs/fs_procfsuptime.c.o
[196/1350] Building C object fs/CMakeFiles/fs.dir/procfs/fs_procfsmeminfo.c.o
[197/1350] Building C object fs/CMakeFiles/fs.dir/procfs/fs_procfsutil.c.o
[198/1350] Building C object fs/CMakeFiles/fs.dir/procfs/fs_procfsversion.c.o
[199/1350] Building C object fs/CMakeFiles/fs.dir/socket/accept.c.o
[200/1350] Building C object fs/CMakeFiles/fs.dir/socket/socket.c.o
[201/1350] Building C object fs/CMakeFiles/fs.dir/socket/socketpair.c.o
[202/1350] Building C object fs/CMakeFiles/fs.dir/procfs/fs_procfsproc.c.o
[203/1350] Building C object fs/CMakeFiles/fs.dir/vfs/fs_dup.c.o
[204/1350] Building C object fs/CMakeFiles/fs.dir/vfs/fs_chstat.c.o
[205/1350] Building C object fs/CMakeFiles/fs.dir/vfs/fs_close.c.o
[206/1350] Building C object fs/CMakeFiles/fs.dir/vfs/fs_dup2.c.o
[207/1350] Building C object fs/CMakeFiles/fs.dir/vfs/fs_dup3.c.o
[208/1350] Building C object fs/CMakeFiles/fs.dir/vfs/fs_fcntl.c.o
[209/1350] Building C object fs/CMakeFiles/fs.dir/vfs/fs_fchstat.c.o
[210/1350] Building C object fs/CMakeFiles/fs.dir/vfs/fs_fstat.c.o
[211/1350] Building C object fs/CMakeFiles/fs.dir/vfs/fs_fstatfs.c.o
[212/1350] Building C object fs/CMakeFiles/fs.dir/vfs/fs_ioctl.c.o
[213/1350] Building C object fs/CMakeFiles/fs.dir/vfs/fs_lseek.c.o
[214/1350] Building C object fs/CMakeFiles/fs.dir/vfs/fs_mkdir.c.o
[215/1350] Building C object fs/CMakeFiles/fs.dir/vfs/fs_pread.c.o
[216/1350] Building C object fs/CMakeFiles/fs.dir/vfs/fs_open.c.o
[217/1350] Building C object fs/CMakeFiles/fs.dir/vfs/fs_pwrite.c.o
[218/1350] Building C object fs/CMakeFiles/fs.dir/vfs/fs_poll.c.o
[219/1350] Building C object fs/CMakeFiles/fs.dir/vfs/fs_read.c.o
[220/1350] Building C object fs/CMakeFiles/fs.dir/vfs/fs_rmdir.c.o
[221/1350] Building C object fs/CMakeFiles/fs.dir/vfs/fs_rename.c.o
[222/1350] Building C object fs/CMakeFiles/fs.dir/vfs/fs_select.c.o
[223/1350] Building C object fs/CMakeFiles/fs.dir/vfs/fs_stat.c.o
[224/1350] Building C object fs/CMakeFiles/fs.dir/vfs/fs_epoll.c.o
[225/1350] Building C object fs/CMakeFiles/fs.dir/vfs/fs_sendfile.c.o
[226/1350] Building C object fs/CMakeFiles/fs.dir/vfs/fs_statfs.c.o
[227/1350] Building C object fs/CMakeFiles/fs.dir/vfs/fs_unlink.c.o
[228/1350] Building C object fs/CMakeFiles/fs.dir/vfs/fs_uio.c.o
[229/1350] Building C object fs/CMakeFiles/fs.dir/vfs/fs_write.c.o
[230/1350] Building C object fs/CMakeFiles/fs.dir/vfs/fs_syncfs.c.o
[231/1350] Building C object fs/CMakeFiles/fs.dir/vfs/fs_fsync.c.o
[232/1350] Building C object fs/CMakeFiles/fs.dir/vfs/fs_dir.c.o
[233/1350] Building C object fs/CMakeFiles/fs.dir/vfs/fs_link.c.o
[234/1350] Building C object fs/CMakeFiles/fs.dir/vfs/fs_truncate.c.o
[235/1350] Building C object fs/CMakeFiles/fs.dir/vfs/fs_symlink.c.o
[236/1350] Building C object fs/CMakeFiles/fs.dir/vfs/fs_readlink.c.o
[237/1350] Building C object libs/libc/CMakeFiles/c.dir/assert/lib_stackchk.c.o
[238/1350] Building C object libs/libc/CMakeFiles/c.dir/builtin/lib_builtin_getname.c.o
[239/1350] Building C object libs/libc/CMakeFiles/c.dir/assert/lib_assert.c.o
[240/1350] Building C object libs/libc/CMakeFiles/c.dir/builtin/lib_builtin_isavail.c.o
[241/1350] Building C object libs/libc/CMakeFiles/c.dir/builtin/lib_builtin_forindex.c.o
[242/1350] Building C object libs/libc/CMakeFiles/c.dir/ctype/lib_isalpha.c.o
[243/1350] Building C object libs/libc/CMakeFiles/c.dir/ctype/lib_isalnum.c.o
[244/1350] Building C object libs/libc/CMakeFiles/c.dir/ctype/lib_isascii.c.o
[245/1350] Building C object libs/libc/CMakeFiles/c.dir/ctype/lib_isblank.c.o
[246/1350] Building C object libs/libc/CMakeFiles/c.dir/ctype/lib_iscntrl.c.o
[247/1350] Building C object libs/libc/CMakeFiles/c.dir/ctype/lib_isdigit.c.o
[248/1350] Building C object libs/libc/CMakeFiles/c.dir/ctype/lib_isgraph.c.o
[249/1350] Building C object libs/libc/CMakeFiles/c.dir/ctype/lib_islower.c.o
[250/1350] Building C object libs/libc/CMakeFiles/c.dir/ctype/lib_isprint.c.o
[251/1350] Building C object libs/libc/CMakeFiles/c.dir/ctype/lib_ispunct.c.o
[252/1350] Building C object libs/libc/CMakeFiles/c.dir/ctype/lib_isspace.c.o
[253/1350] Building C object libs/libc/CMakeFiles/c.dir/ctype/lib_tolower.c.o
[254/1350] Building C object libs/libc/CMakeFiles/c.dir/ctype/lib_ctype.c.o
[255/1350] Building C object libs/libc/CMakeFiles/c.dir/ctype/lib_isupper.c.o
[256/1350] Building C object libs/libc/CMakeFiles/c.dir/ctype/lib_isxdigit.c.o
[257/1350] Building C object libs/libc/CMakeFiles/c.dir/ctype/lib_toupper.c.o
[258/1350] Building C object libs/libc/CMakeFiles/c.dir/dirent/lib_ftw.c.o
[259/1350] Building C object libs/libc/CMakeFiles/c.dir/dirent/lib_alphasort.c.o
[260/1350] Building C object libs/libc/CMakeFiles/c.dir/dirent/lib_readdirr.c.o
[261/1350] Building C object libs/libc/CMakeFiles/c.dir/dirent/lib_telldir.c.o
[262/1350] Building C object libs/libc/CMakeFiles/c.dir/dirent/lib_scandir.c.o
[263/1350] Building C object libs/libc/CMakeFiles/c.dir/dirent/lib_opendir.c.o
[264/1350] Building C object libs/libc/CMakeFiles/c.dir/dirent/lib_fdopendir.c.o
[265/1350] Building C object libs/libc/CMakeFiles/c.dir/dirent/lib_nftw.c.o
[266/1350] Building C object libs/libc/CMakeFiles/c.dir/dirent/lib_closedir.c.o
[267/1350] Building C object libs/libc/CMakeFiles/c.dir/dirent/lib_readdir.c.o
[268/1350] Building C object libs/libc/CMakeFiles/c.dir/dirent/lib_rewinddir.c.o
[269/1350] Building C object libs/libc/CMakeFiles/c.dir/dirent/lib_dirfd.c.o
[270/1350] Building C object libs/libc/CMakeFiles/c.dir/dirent/lib_versionsort.c.o
[271/1350] Building C object libs/libc/CMakeFiles/c.dir/dlfcn/lib_dlfind_object.c.o
[272/1350] Building C object libs/libc/CMakeFiles/c.dir/dirent/lib_seekdir.c.o
[273/1350] Building C object libs/libc/CMakeFiles/c.dir/environ/env_getenvironptr.c.o
[274/1350] Building C object libs/libc/CMakeFiles/c.dir/environ/env_release.c.o
[275/1350] Building C object libs/libc/CMakeFiles/c.dir/environ/env_findvar.c.o
[276/1350] Building C object libs/libc/CMakeFiles/c.dir/environ/env_clearenv.c.o
[277/1350] Building C object libs/libc/CMakeFiles/c.dir/environ/env_removevar.c.o
[278/1350] Building C object libs/libc/CMakeFiles/c.dir/environ/env_dup.c.o
[279/1350] Building C object libs/libc/CMakeFiles/c.dir/environ/env_putenv.c.o
[280/1350] Building C object libs/libc/CMakeFiles/c.dir/fixedmath/lib_fixedmath.c.o
[281/1350] Building C object libs/libc/CMakeFiles/c.dir/environ/env_foreach.c.o
[282/1350] Building C object libs/libc/CMakeFiles/c.dir/errno/lib_errno.c.o
[283/1350] Building C object libs/libc/CMakeFiles/c.dir/environ/env_getenv.c.o
[284/1350] Building C object libs/libc/CMakeFiles/c.dir/environ/env_setenv.c.o
[285/1350] Building C object libs/libc/CMakeFiles/c.dir/fixedmath/lib_b16sin.c.o
[286/1350] Building C object libs/libc/CMakeFiles/c.dir/environ/env_unsetenv.c.o
[287/1350] Building C object libs/libc/CMakeFiles/c.dir/fixedmath/lib_b16cos.c.o
[288/1350] Building C object libs/libc/CMakeFiles/c.dir/fixedmath/lib_b16atan2.c.o
[289/1350] Building C object libs/libc/CMakeFiles/c.dir/fixedmath/lib_ubsqrt.c.o
[290/1350] Building C object libs/libc/CMakeFiles/c.dir/grp/lib_getgrgidr.c.o
[291/1350] Building C object libs/libc/CMakeFiles/c.dir/grp/lib_getgrnamr.c.o
[292/1350] Building C object libs/libc/CMakeFiles/c.dir/grp/lib_initgroups.c.o
[293/1350] Building C object libs/libc/CMakeFiles/c.dir/grp/lib_getgrgid.c.o
[294/1350] Building C object libs/libc/CMakeFiles/c.dir/grp/lib_getgrnam.c.o
[295/1350] Building C object libs/libc/CMakeFiles/c.dir/grp/lib_getgrbufr.c.o
[296/1350] Building C object libs/libc/CMakeFiles/c.dir/inttypes/lib_imaxdiv.c.o
[297/1350] Building C object libs/libc/CMakeFiles/c.dir/inttypes/lib_imaxabs.c.o
[298/1350] Building C object libs/libc/CMakeFiles/c.dir/grp/lib_getgrbuf.c.o
[299/1350] Building C object libs/libc/CMakeFiles/c.dir/inttypes/lib_strtoimax.c.o
[300/1350] Building C object libs/libc/CMakeFiles/c.dir/libgen/lib_basename.c.o
[301/1350] Building C object libs/libc/CMakeFiles/c.dir/inttypes/lib_strtoumax.c.o
[302/1350] Building C object libs/libc/CMakeFiles/c.dir/libgen/lib_dirname.c.o
[303/1350] Building C object libs/libc/CMakeFiles/c.dir/misc/lib_creat.c.o
[304/1350] Building C object libs/libc/CMakeFiles/c.dir/misc/lib_bitmap.c.o
[305/1350] Building C object libs/libc/CMakeFiles/c.dir/misc/lib_xorshift128.c.o
[306/1350] Building C object libs/libc/CMakeFiles/c.dir/misc/lib_mknod.c.o
[307/1350] Building C object libs/libc/CMakeFiles/c.dir/misc/lib_umask.c.o
[308/1350] Building C object libs/libc/CMakeFiles/c.dir/misc/lib_utsname.c.o
[309/1350] Building C object libs/libc/CMakeFiles/c.dir/misc/lib_circbuf.c.o
[310/1350] Building C object libs/libc/CMakeFiles/c.dir/misc/lib_getrandom.c.o
[311/1350] Building C object libs/libc/CMakeFiles/c.dir/misc/lib_tea_encrypt.c.o
[312/1350] Building C object libs/libc/CMakeFiles/c.dir/misc/lib_tea_decrypt.c.o
[313/1350] Building C object libs/libc/CMakeFiles/c.dir/misc/lib_impure.c.o
[314/1350] Building C object libs/libc/CMakeFiles/c.dir/misc/lib_cxx_initialize.c.o
[315/1350] Building C object libs/libc/CMakeFiles/c.dir/misc/lib_memfd.c.o
[316/1350] Building C object libs/libc/CMakeFiles/c.dir/misc/lib_fchmodat.c.o
[317/1350] Building C object libs/libc/CMakeFiles/c.dir/misc/lib_fstatat.c.o
[318/1350] Building C object libs/libc/CMakeFiles/c.dir/misc/lib_getfullpath.c.o
[319/1350] Building C object libs/libc/CMakeFiles/c.dir/misc/lib_openat.c.o
[320/1350] Building C object libs/libc/CMakeFiles/c.dir/misc/lib_mkdirat.c.o
[321/1350] Building C object libs/libc/CMakeFiles/c.dir/misc/lib_utimensat.c.o
[322/1350] Building C object libs/libc/CMakeFiles/c.dir/misc/lib_mallopt.c.o
[323/1350] Building C object libs/libc/CMakeFiles/c.dir/misc/lib_getnprocs.c.o
[324/1350] Building C object libs/libc/CMakeFiles/c.dir/misc/lib_ratelimit.c.o
[325/1350] Building C object libs/libc/CMakeFiles/c.dir/misc/lib_sem_mutex_noinline.c.o
[326/1350] Building C object libs/libc/CMakeFiles/c.dir/misc/lib_umul32.c.o
[327/1350] Building C object libs/libc/CMakeFiles/c.dir/misc/lib_umul64.c.o
[328/1350] Building C object libs/libc/CMakeFiles/c.dir/misc/lib_tempbuffer.c.o
[329/1350] Building C object libs/libc/CMakeFiles/c.dir/misc/lib_idr.c.o
[330/1350] Building C object libs/libc/CMakeFiles/c.dir/misc/lib_umul32x64.c.o
[331/1350] Building C object libs/libc/CMakeFiles/c.dir/misc/lib_uadd32x64.c.o
[332/1350] Building C object libs/libc/CMakeFiles/c.dir/misc/lib_uadd64.c.o
[333/1350] Building C object libs/libc/CMakeFiles/c.dir/misc/lib_usub64x32.c.o
[334/1350] Building C object libs/libc/CMakeFiles/c.dir/misc/lib_usub64.c.o
[335/1350] Building C object libs/libc/CMakeFiles/c.dir/misc/lib_dumpbuffer.c.o
[336/1350] Building C object libs/libc/CMakeFiles/c.dir/misc/lib_fnmatch.c.o
[337/1350] Building C object libs/libc/CMakeFiles/c.dir/misc/lib_crc64.c.o
[338/1350] Building C object libs/libc/CMakeFiles/c.dir/misc/lib_debug.c.o
[339/1350] Building C object libs/libc/CMakeFiles/c.dir/misc/lib_crc64emac.c.o
[340/1350] Building C object libs/libc/CMakeFiles/c.dir/misc/lib_dumpvbuffer.c.o
[341/1350] Building C object libs/libc/CMakeFiles/c.dir/misc/lib_crc32.c.o
[342/1350] Building C object libs/libc/CMakeFiles/c.dir/misc/lib_crc32h04c11db7.c.o
[343/1350] Building C object libs/libc/CMakeFiles/c.dir/misc/lib_crc32hf4acfb13.c.o
[344/1350] Building C object libs/libc/CMakeFiles/c.dir/misc/lib_crc16.c.o
[345/1350] Building C object libs/libc/CMakeFiles/c.dir/misc/lib_crc16h1021.c.o
[346/1350] Building C object libs/libc/CMakeFiles/c.dir/misc/lib_crc16ccitt.c.o
[347/1350] Building C object libs/libc/CMakeFiles/c.dir/misc/lib_crc16h8005.c.o
[348/1350] Building C object libs/libc/CMakeFiles/c.dir/misc/lib_crc8.c.o
[349/1350] Building C object libs/libc/CMakeFiles/c.dir/misc/lib_crc8ccitt.c.o
[350/1350] Building C object libs/libc/CMakeFiles/c.dir/misc/lib_crc8h1d.c.o
[351/1350] Building C object libs/libc/CMakeFiles/c.dir/misc/lib_crc8h2f.c.o
[352/1350] Building C object libs/libc/CMakeFiles/c.dir/misc/lib_crc8rohc.c.o
[353/1350] Building C object libs/libc/CMakeFiles/c.dir/misc/lib_crc8table.c.o
[354/1350] Building C object libs/libc/CMakeFiles/c.dir/misc/lib_ftok.c.o
[355/1350] Building C object libs/libc/CMakeFiles/c.dir/misc/lib_instrument.c.o
[356/1350] Building C object libs/libc/CMakeFiles/c.dir/misc/lib_backtrace.c.o
[357/1350] Building C object libs/libc/CMakeFiles/c.dir/misc/lib_err.c.o
[358/1350] Building C object libs/libc/CMakeFiles/c.dir/net/lib_addrconfig.c.o
[359/1350] Building C object libs/libc/CMakeFiles/c.dir/misc/lib_fdcheck.c.o
[360/1350] Building C object libs/libc/CMakeFiles/c.dir/net/lib_htons.c.o
[361/1350] Building C object libs/libc/CMakeFiles/c.dir/misc/lib_glob.c.o
[362/1350] Building C object libs/libc/CMakeFiles/c.dir/net/lib_htonl.c.o
[363/1350] Building C object libs/libc/CMakeFiles/c.dir/net/lib_base64.c.o
[364/1350] Building C object libs/libc/CMakeFiles/c.dir/net/lib_htonq.c.o
[365/1350] Building C object libs/libc/CMakeFiles/c.dir/net/lib_inetaton.c.o
[366/1350] Building C object libs/libc/CMakeFiles/c.dir/net/lib_inetaddr.c.o
[367/1350] Building C object libs/libc/CMakeFiles/c.dir/net/lib_inetntop.c.o
[368/1350] Building C object libs/libc/CMakeFiles/c.dir/net/lib_inetpton.c.o
[369/1350] Building C object libs/libc/CMakeFiles/c.dir/net/lib_accept.c.o
[370/1350] Building C object libs/libc/CMakeFiles/c.dir/net/lib_inetntoa.c.o
[371/1350] Building C object libs/libc/CMakeFiles/c.dir/net/lib_inetnetwork.c.o
[372/1350] Building C object libs/libc/CMakeFiles/c.dir/obstack/lib_obstack_alloc.c.o
[373/1350] Building C object libs/libc/CMakeFiles/c.dir/obstack/lib_obstack_copy.c.o
[374/1350] Building C object libs/libc/CMakeFiles/c.dir/obstack/lib_obstack_init.c.o
[375/1350] Building C object libs/libc/CMakeFiles/c.dir/net/lib_etherntoa.c.o
[376/1350] Building C object libs/libc/CMakeFiles/c.dir/net/lib_etheraton.c.o
[377/1350] Building C object libs/libc/CMakeFiles/c.dir/obstack/lib_obstack_blank.c.o
[378/1350] Building C object libs/libc/CMakeFiles/c.dir/obstack/lib_obstack_free.c.o
[379/1350] Building C object libs/libc/CMakeFiles/c.dir/obstack/lib_obstack_grow.c.o
[380/1350] Building C object libs/libc/CMakeFiles/c.dir/obstack/lib_obstack_finish.c.o
[381/1350] Building C object libs/libc/CMakeFiles/c.dir/obstack/lib_obstack_object_size.c.o
[382/1350] Building C object libs/libc/CMakeFiles/c.dir/obstack/lib_obstack_make_room.c.o
[383/1350] Building C object libs/libc/CMakeFiles/c.dir/obstack/lib_obstack_room.c.o
[384/1350] Building C object libs/libc/CMakeFiles/c.dir/obstack/lib_obstack_printf.c.o
[385/1350] Building C object libs/libc/CMakeFiles/c.dir/obstack/lib_obstack_vprintf.c.o
[386/1350] Building C object libs/libc/CMakeFiles/c.dir/obstack/lib_obstack_malloc.c.o
[387/1350] Building C object libs/libc/CMakeFiles/c.dir/pthread/pthread_attr_destroy.c.o
[388/1350] Building C object libs/libc/CMakeFiles/c.dir/pthread/pthread_attr_init.c.o
[389/1350] Building C object libs/libc/CMakeFiles/c.dir/pthread/pthread_attr_setschedpolicy.c.o
[390/1350] Building C object libs/libc/CMakeFiles/c.dir/misc/lib_lrucache.c.o
[391/1350] Building C object libs/libc/CMakeFiles/c.dir/pthread/pthread_attr_getschedpolicy.c.o
[392/1350] Building C object libs/libc/CMakeFiles/c.dir/pthread/pthread_attr_setdetachstate.c.o
[393/1350] Building C object libs/libc/CMakeFiles/c.dir/pthread/pthread_attr_getinheritsched.c.o
[394/1350] Building C object libs/libc/CMakeFiles/c.dir/pthread/pthread_attr_setinheritsched.c.o
[395/1350] Building C object libs/libc/CMakeFiles/c.dir/pthread/pthread_attr_getdetachstate.c.o
[396/1350] Building C object libs/libc/CMakeFiles/c.dir/pthread/pthread_attr_setstackaddr.c.o
[397/1350] Building C object libs/libc/CMakeFiles/c.dir/pthread/pthread_attr_getstackaddr.c.o
[398/1350] Building C object libs/libc/CMakeFiles/c.dir/pthread/pthread_attr_setstacksize.c.o
[399/1350] Building C object libs/libc/CMakeFiles/c.dir/pthread/pthread_attr_getstacksize.c.o
[400/1350] Building C object libs/libc/CMakeFiles/c.dir/pthread/pthread_attr_setstack.c.o
[401/1350] Building C object libs/libc/CMakeFiles/c.dir/pthread/pthread_attr_getstack.c.o
[402/1350] Building C object libs/libc/CMakeFiles/c.dir/pthread/pthread_attr_setschedparam.c.o
[403/1350] Building C object libs/libc/CMakeFiles/c.dir/pthread/pthread_attr_getschedparam.c.o
[404/1350] Building C object libs/libc/CMakeFiles/c.dir/pthread/pthread_attr_setscope.c.o
[405/1350] Building C object libs/libc/CMakeFiles/c.dir/pthread/pthread_attr_getscope.c.o
[406/1350] Building C object libs/libc/CMakeFiles/c.dir/pthread/pthread_attr_setguardsize.c.o
[407/1350] Building C object libs/libc/CMakeFiles/c.dir/pthread/pthread_attr_getguardsize.c.o
[408/1350] Building C object libs/libc/CMakeFiles/c.dir/pthread/pthread_barrierattr_init.c.o
[409/1350] Building C object libs/libc/CMakeFiles/c.dir/pthread/pthread_barrierattr_destroy.c.o
[410/1350] Building C object libs/libc/CMakeFiles/c.dir/pthread/pthread_barrierattr_getpshared.c.o
[411/1350] Building C object libs/libc/CMakeFiles/c.dir/pthread/pthread_barrierattr_setpshared.c.o
[412/1350] Building C object libs/libc/CMakeFiles/c.dir/pthread/pthread_barrierinit.c.o
[413/1350] Building C object libs/libc/CMakeFiles/c.dir/pthread/pthread_barrierdestroy.c.o
[414/1350] Building C object libs/libc/CMakeFiles/c.dir/pthread/pthread_condattr_init.c.o
[415/1350] Building C object libs/libc/CMakeFiles/c.dir/pthread/pthread_condattr_destroy.c.o
[416/1350] Building C object libs/libc/CMakeFiles/c.dir/pthread/pthread_condattr_getpshared.c.o
[417/1350] Building C object libs/libc/CMakeFiles/c.dir/pthread/pthread_barrierwait.c.o
[418/1350] Building C object libs/libc/CMakeFiles/c.dir/pthread/pthread_condattr_getclock.c.o
[419/1350] Building C object libs/libc/CMakeFiles/c.dir/pthread/pthread_condattr_setclock.c.o
[420/1350] Building C object libs/libc/CMakeFiles/c.dir/pthread/pthread_condattr_setpshared.c.o
[421/1350] Building C object libs/libc/CMakeFiles/c.dir/pthread/pthread_condinit.c.o
[422/1350] Building C object libs/libc/CMakeFiles/c.dir/pthread/pthread_condbroadcast.c.o
[423/1350] Building C object libs/libc/CMakeFiles/c.dir/pthread/pthread_conddestroy.c.o
[424/1350] Building C object libs/libc/CMakeFiles/c.dir/pthread/pthread_condtimedwait.c.o
[425/1350] Building C object libs/libc/CMakeFiles/c.dir/pthread/pthread_condclockwait.c.o
[426/1350] Building C object libs/libc/CMakeFiles/c.dir/pthread/pthread_condsignal.c.o
[427/1350] Building C object libs/libc/CMakeFiles/c.dir/pthread/pthread_create.c.o
[428/1350] Building C object libs/libc/CMakeFiles/c.dir/pthread/pthread_kill.c.o
[429/1350] Building C object libs/libc/CMakeFiles/c.dir/pthread/pthread_equal.c.o
[430/1350] Building C object libs/libc/CMakeFiles/c.dir/pthread/pthread_exit.c.o
[431/1350] Building C object libs/libc/CMakeFiles/c.dir/pthread/pthread_condwait.c.o
[432/1350] Building C object libs/libc/CMakeFiles/c.dir/pthread/pthread_setname_np.c.o
[433/1350] Building C object libs/libc/CMakeFiles/c.dir/pthread/pthread_getname_np.c.o
[434/1350] Building C object libs/libc/CMakeFiles/c.dir/pthread/pthread_get_stackaddr_np.c.o
[435/1350] Building C object libs/libc/CMakeFiles/c.dir/pthread/pthread_get_stacksize_np.c.o
[436/1350] Building C object libs/libc/CMakeFiles/c.dir/pthread/pthread_mutexattr_init.c.o
[437/1350] Building C object libs/libc/CMakeFiles/c.dir/pthread/pthread_mutexattr_destroy.c.o
[438/1350] Building C object libs/libc/CMakeFiles/c.dir/pthread/pthread_mutexattr_getpshared.c.o
[439/1350] Building C object libs/libc/CMakeFiles/c.dir/pthread/pthread_mutexattr_setpshared.c.o
[440/1350] Building C object libs/libc/CMakeFiles/c.dir/pthread/pthread_mutexattr_getprotocol.c.o
[441/1350] Building C object libs/libc/CMakeFiles/c.dir/pthread/pthread_mutexattr_setprotocol.c.o
[442/1350] Building C object libs/libc/CMakeFiles/c.dir/pthread/pthread_mutexattr_settype.c.o
[443/1350] Building C object libs/libc/CMakeFiles/c.dir/pthread/pthread_mutexattr_gettype.c.o
[444/1350] Building C object libs/libc/CMakeFiles/c.dir/pthread/pthread_mutexattr_setrobust.c.o
[445/1350] Building C object libs/libc/CMakeFiles/c.dir/pthread/pthread_mutexattr_getrobust.c.o
[446/1350] Building C object libs/libc/CMakeFiles/c.dir/pthread/pthread_mutexattr_getprioceiling.c.o
[447/1350] Building C object libs/libc/CMakeFiles/c.dir/pthread/pthread_mutexattr_setprioceiling.c.o
[448/1350] Building C object libs/libc/CMakeFiles/c.dir/pthread/pthread_mutex_getprioceiling.c.o
[449/1350] Building C object libs/libc/CMakeFiles/c.dir/pthread/pthread_mutex_destroy.c.o
[450/1350] Building C object libs/libc/CMakeFiles/c.dir/pthread/pthread_mutex_init.c.o
[451/1350] Building C object libs/libc/CMakeFiles/c.dir/pthread/pthread_mutex_lock.c.o
[452/1350] Building C object libs/libc/CMakeFiles/c.dir/pthread/pthread_mutex_setprioceiling.c.o
[453/1350] Building C object libs/libc/CMakeFiles/c.dir/pthread/pthread_mutex.c.o
[454/1350] Building C object libs/libc/CMakeFiles/c.dir/pthread/pthread_mutex_timedlock.c.o
[455/1350] Building C object libs/libc/CMakeFiles/c.dir/pthread/pthread_mutex_trylock.c.o
[456/1350] Building C object libs/libc/CMakeFiles/c.dir/pthread/pthread_yield.c.o
[457/1350] Building C object libs/libc/CMakeFiles/c.dir/pthread/pthread_mutex_unlock.c.o
[458/1350] Building C object libs/libc/CMakeFiles/c.dir/pthread/pthread_once.c.o
[459/1350] Building C object libs/libc/CMakeFiles/c.dir/pthread/pthread_atfork.c.o
[460/1350] Building C object libs/libc/CMakeFiles/c.dir/pthread/pthread_rwlockattr_init.c.o
[461/1350] Building C object libs/libc/CMakeFiles/c.dir/pthread/pthread_rwlockattr_destroy.c.o
[462/1350] Building C object libs/libc/CMakeFiles/c.dir/pthread/pthread_rwlockattr_getpshared.c.o
[463/1350] Building C object libs/libc/CMakeFiles/c.dir/pthread/pthread_rwlockattr_setpshared.c.o
[464/1350] Building C object libs/libc/CMakeFiles/c.dir/pthread/pthread_rwlock.c.o
[465/1350] Building C object libs/libc/CMakeFiles/c.dir/pthread/pthread_setcancelstate.c.o
[466/1350] Building C object libs/libc/CMakeFiles/c.dir/pthread/pthread_rwlock_rdlock.c.o
[467/1350] Building C object libs/libc/CMakeFiles/c.dir/pthread/pthread_rwlock_wrlock.c.o
[468/1350] Building C object libs/libc/CMakeFiles/c.dir/pthread/pthread_testcancel.c.o
[469/1350] Building C object libs/libc/CMakeFiles/c.dir/pthread/pthread_setcanceltype.c.o
[470/1350] Building C object libs/libc/CMakeFiles/c.dir/pthread/pthread_getcpuclockid.c.o
[471/1350] Building C object libs/libc/CMakeFiles/c.dir/pthread/pthread_self.c.o
[472/1350] Building C object libs/libc/CMakeFiles/c.dir/pthread/pthread_gettid_np.c.o
[473/1350] Building C object libs/libc/CMakeFiles/c.dir/pwd/lib_getpwnam.c.o
[474/1350] Building C object libs/libc/CMakeFiles/c.dir/pthread/pthread_concurrency.c.o
[475/1350] Building C object libs/libc/CMakeFiles/c.dir/pwd/lib_getpwuid.c.o
[476/1350] Building C object libs/libc/CMakeFiles/c.dir/pwd/lib_getpwnamr.c.o
[477/1350] Building C object libs/libc/CMakeFiles/c.dir/pthread/pthread_mutex_inconsistent.c.o
[478/1350] Building C object libs/libc/CMakeFiles/c.dir/pthread/pthread_mutex_consistent.c.o
[479/1350] Building C object libs/libc/CMakeFiles/c.dir/pwd/lib_getpwuidr.c.o
[480/1350] Building C object libs/libc/CMakeFiles/c.dir/queue/queue.c.o
[481/1350] Building C object libs/libc/CMakeFiles/c.dir/pwd/lib_getpwbufr.c.o
[482/1350] Building C object libs/libc/CMakeFiles/c.dir/pwd/lib_getpwent.c.o
[483/1350] Building C object libs/libc/CMakeFiles/c.dir/pwd/lib_getspnam.c.o
[484/1350] Building C object libs/libc/CMakeFiles/c.dir/sched/sched_getprioritymax.c.o
[485/1350] Building C object libs/libc/CMakeFiles/c.dir/pwd/lib_getpwbuf.c.o
[486/1350] Building C object libs/libc/CMakeFiles/c.dir/sched/sched_getprioritymin.c.o
[487/1350] Building C object libs/libc/CMakeFiles/c.dir/sched/task_testcancel.c.o
[488/1350] Building C object libs/libc/CMakeFiles/c.dir/sched/task_cancelpt.c.o
[489/1350] Building C object libs/libc/CMakeFiles/c.dir/sched/clock_getcpuclockid.c.o
[490/1350] Building C object libs/libc/CMakeFiles/c.dir/sched/sched_backtrace.c.o
[491/1350] Building C object libs/libc/CMakeFiles/c.dir/sched/task_setcanceltype.c.o
[492/1350] Building C object libs/libc/CMakeFiles/c.dir/sched/task_setcancelstate.c.o
[493/1350] Building C object libs/libc/CMakeFiles/c.dir/sched/task_getpid.c.o
[494/1350] Building C object libs/libc/CMakeFiles/c.dir/search/hash_func.c.o
[495/1350] Building C object libs/libc/CMakeFiles/c.dir/sched/sched_dumpstack.c.o
[496/1350] Building C object libs/libc/CMakeFiles/c.dir/sched/task_startup.c.o
[497/1350] Building C object libs/libc/CMakeFiles/c.dir/search/hcreate.c.o
[498/1350] Building C object libs/libc/CMakeFiles/c.dir/search/hcreate_r.c.o
[499/1350] Building C object libs/libc/CMakeFiles/c.dir/semaphore/sem_init.c.o
[500/1350] Building C object libs/libc/CMakeFiles/c.dir/semaphore/sem_setprotocol.c.o
[501/1350] Building C object libs/libc/CMakeFiles/c.dir/semaphore/sem_getprotocol.c.o
[502/1350] Building C object libs/libc/CMakeFiles/c.dir/semaphore/sem_getvalue.c.o
[503/1350] Building C object libs/libc/CMakeFiles/c.dir/semaphore/sem_destroy.c.o
[504/1350] Building C object libs/libc/CMakeFiles/c.dir/semaphore/sem_wait.c.o
[505/1350] Building C object libs/libc/CMakeFiles/c.dir/semaphore/sem_trywait.c.o
[506/1350] Building C object libs/libc/CMakeFiles/c.dir/semaphore/sem_timedwait.c.o
[507/1350] Building C object libs/libc/CMakeFiles/c.dir/semaphore/sem_clockwait.c.o
[508/1350] Building C object libs/libc/CMakeFiles/c.dir/semaphore/sem_post.c.o
[509/1350] Building C object libs/libc/CMakeFiles/c.dir/signal/sig_andset.c.o
[510/1350] Building C object libs/libc/CMakeFiles/c.dir/signal/sig_altstack.c.o
[511/1350] Building C object libs/libc/CMakeFiles/c.dir/signal/sig_addset.c.o
[512/1350] Building C object libs/libc/CMakeFiles/c.dir/signal/sig_delset.c.o
[513/1350] Building C object libs/libc/CMakeFiles/c.dir/signal/sig_hold.c.o
[514/1350] Building C object libs/libc/CMakeFiles/c.dir/signal/sig_fillset.c.o
[515/1350] Building C object libs/libc/CMakeFiles/c.dir/signal/sig_emptyset.c.o
[516/1350] Building C object libs/libc/CMakeFiles/c.dir/signal/sig_isemptyset.c.o
[517/1350] Building C object libs/libc/CMakeFiles/c.dir/signal/sig_ismember.c.o
[518/1350] Building C object libs/libc/CMakeFiles/c.dir/signal/sig_killpg.c.o
[519/1350] Building C object libs/libc/CMakeFiles/c.dir/signal/sig_longjmp.c.o
[520/1350] Building C object libs/libc/CMakeFiles/c.dir/signal/sig_orset.c.o
[521/1350] Building C object libs/libc/CMakeFiles/c.dir/signal/sig_relse.c.o
[522/1350] Building C object libs/libc/CMakeFiles/c.dir/signal/sig_nandset.c.o
[523/1350] Building C object libs/libc/CMakeFiles/c.dir/signal/sig_pause.c.o
[524/1350] Building C object libs/libc/CMakeFiles/c.dir/signal/sig_raise.c.o
[525/1350] Building C object libs/libc/CMakeFiles/c.dir/signal/sig_psignal.c.o
[526/1350] Building C object libs/libc/CMakeFiles/c.dir/signal/sig_ignore.c.o
[527/1350] Building C object libs/libc/CMakeFiles/c.dir/signal/sig_xorset.c.o
[528/1350] Building C object libs/libc/CMakeFiles/c.dir/signal/sig_wait.c.o
[529/1350] Building C object libs/libc/CMakeFiles/c.dir/signal/sig_interrupt.c.o
[530/1350] Building C object libs/libc/CMakeFiles/c.dir/signal/sig_set.c.o
[531/1350] Building C object libs/libc/CMakeFiles/c.dir/signal/sig_signal.c.o
[532/1350] Building C object libs/libc/CMakeFiles/c.dir/spawn/lib_psfa_addaction.c.o
[533/1350] Building C object libs/libc/CMakeFiles/c.dir/spawn/lib_psfa_addclose.c.o
[534/1350] Building C object libs/libc/CMakeFiles/c.dir/spawn/lib_psfa_adddup2.c.o
[535/1350] Building C object libs/libc/CMakeFiles/c.dir/spawn/lib_psfa_init.c.o
[536/1350] Building C object libs/libc/CMakeFiles/c.dir/spawn/lib_psa_getflags.c.o
[537/1350] Building C object libs/libc/CMakeFiles/c.dir/spawn/lib_psfa_addopen.c.o
[538/1350] Building C object libs/libc/CMakeFiles/c.dir/spawn/lib_psfa_destroy.c.o
[539/1350] Building C object libs/libc/CMakeFiles/c.dir/spawn/lib_psa_getschedparam.c.o
[540/1350] Building C object libs/libc/CMakeFiles/c.dir/spawn/lib_psa_getschedpolicy.c.o
[541/1350] Building C object libs/libc/CMakeFiles/c.dir/spawn/lib_psa_setschedparam.c.o
[542/1350] Building C object libs/libc/CMakeFiles/c.dir/spawn/lib_psa_setflags.c.o
[543/1350] Building C object libs/libc/CMakeFiles/c.dir/spawn/lib_psa_setschedpolicy.c.o
[544/1350] Building C object libs/libc/CMakeFiles/c.dir/spawn/lib_psa_init.c.o
[545/1350] Building C object libs/libc/CMakeFiles/c.dir/spawn/lib_psa_getsigmask.c.o
[546/1350] Building C object libs/libc/CMakeFiles/c.dir/spawn/lib_psa_setsigmask.c.o
[547/1350] Building C object libs/libc/CMakeFiles/c.dir/spawn/lib_psa_getstacksize.c.o
[548/1350] Building C object libs/libc/CMakeFiles/c.dir/spawn/lib_psa_setstacksize.c.o
[549/1350] Building C object libs/libc/CMakeFiles/c.dir/spawn/lib_psa_getpriority.c.o
[550/1350] Building C object libs/libc/CMakeFiles/c.dir/spawn/lib_psa_setpriority.c.o
[551/1350] Building C object libs/libc/CMakeFiles/c.dir/spawn/lib_psa_getstackaddr.c.o
[552/1350] Building C object libs/libc/CMakeFiles/c.dir/spawn/lib_psa_setstackaddr.c.o
[553/1350] Building C object libs/libc/CMakeFiles/c.dir/spawn/lib_psa_destroy.c.o
[554/1350] Building C object libs/libc/CMakeFiles/c.dir/stdio/lib_fileno.c.o
[555/1350] Building C object libs/libc/CMakeFiles/c.dir/spawn/lib_psfa_dump.c.o
[556/1350] Building C object libs/libc/CMakeFiles/c.dir/spawn/lib_psa_dump.c.o
[557/1350] Building C object libs/libc/CMakeFiles/c.dir/stdio/lib_sprintf.c.o
[558/1350] Building C object libs/libc/CMakeFiles/c.dir/stdio/lib_asprintf.c.o
[559/1350] Building C object libs/libc/CMakeFiles/c.dir/stdio/lib_printf.c.o
[560/1350] Building C object libs/libc/CMakeFiles/c.dir/stdio/lib_snprintf.c.o
[561/1350] Building C object libs/libc/CMakeFiles/c.dir/stdio/lib_vsprintf.c.o
[562/1350] Building C object libs/libc/CMakeFiles/c.dir/stdio/lib_vsnprintf.c.o
[563/1350] Building C object libs/libc/CMakeFiles/c.dir/stdio/lib_dprintf.c.o
[564/1350] Building C object libs/libc/CMakeFiles/c.dir/stdio/lib_vdprintf.c.o
[565/1350] Building C object libs/libc/CMakeFiles/c.dir/stdio/lib_vasprintf.c.o
[566/1350] Building C object libs/libc/CMakeFiles/c.dir/stdio/lib_vprintf.c.o
[567/1350] Building C object libs/libc/CMakeFiles/c.dir/stdio/lib_perror.c.o
[568/1350] Building C object libs/libc/CMakeFiles/c.dir/stdio/lib_putchar.c.o
[569/1350] Building C object libs/libc/CMakeFiles/c.dir/stdio/lib_getchar.c.o
[570/1350] Building C object libs/libc/CMakeFiles/c.dir/stdio/lib_puts.c.o
[571/1350] Building C object libs/libc/CMakeFiles/c.dir/stdio/lib_gets_s.c.o
[572/1350] Building C object libs/libc/CMakeFiles/c.dir/stdio/lib_gets.c.o
[573/1350] Building C object libs/libc/CMakeFiles/c.dir/stdio/lib_sscanf.c.o
[574/1350] Building C object libs/libc/CMakeFiles/c.dir/stdio/lib_libdgets.c.o
[575/1350] Building C object libs/libc/CMakeFiles/c.dir/stdio/lib_vsscanf.c.o
[576/1350] Building C object libs/libc/CMakeFiles/c.dir/stdio/lib_remove.c.o
[577/1350] Building C object libs/libc/CMakeFiles/c.dir/stdio/lib_tempnam.c.o
[578/1350] Building C object libs/libc/CMakeFiles/c.dir/stdio/lib_tmpnam.c.o
[579/1350] Building C object libs/libc/CMakeFiles/c.dir/stdio/lib_renameat.c.o
[580/1350] Building C object libs/libc/CMakeFiles/c.dir/stdio/lib_putwchar.c.o
[581/1350] Building C object libs/libc/CMakeFiles/c.dir/stdio/lib_freopen.c.o
[582/1350] Building C object libs/libc/CMakeFiles/c.dir/stdio/lib_fread.c.o
[583/1350] Building C object libs/libc/CMakeFiles/c.dir/stdio/lib_fopen.c.o
[584/1350] Building C object libs/libc/CMakeFiles/c.dir/stdio/lib_fseek.c.o
[585/1350] Building C object libs/libc/CMakeFiles/c.dir/stdio/lib_fclose.c.o
[586/1350] Building C object libs/libc/CMakeFiles/c.dir/stdio/lib_ftell.c.o
[587/1350] Building C object libs/libc/CMakeFiles/c.dir/stdio/lib_libfread_unlocked.c.o
[588/1350] Building C object libs/libc/CMakeFiles/c.dir/stdio/lib_fseeko.c.o
[589/1350] Building C object libs/libc/CMakeFiles/c.dir/stdio/lib_getdelim.c.o
[590/1350] Building C object libs/libc/CMakeFiles/c.dir/stdio/lib_fsetpos.c.o
[591/1350] Building C object libs/libc/CMakeFiles/c.dir/stdio/lib_ftello.c.o
[592/1350] Building C object libs/libc/CMakeFiles/c.dir/stdio/lib_fgetpos.c.o
[593/1350] Building C object libs/libc/CMakeFiles/c.dir/stdio/lib_getc.c.o
[594/1350] Building C object libs/libc/CMakeFiles/c.dir/stdio/lib_fgetc.c.o
[595/1350] Building C object libs/libc/CMakeFiles/c.dir/stdio/lib_fgets.c.o
[596/1350] Building C object libs/libc/CMakeFiles/c.dir/stdio/lib_fwrite.c.o
[597/1350] Building C object libs/libc/CMakeFiles/c.dir/stdio/lib_fflush.c.o
[598/1350] Building C object libs/libc/CMakeFiles/c.dir/stdio/lib_libfgets.c.o
[599/1350] Building C object libs/libc/CMakeFiles/c.dir/stdio/lib_libfwrite.c.o
[600/1350] Building C object libs/libc/CMakeFiles/c.dir/stdio/lib_libfflush.c.o
[601/1350] Building C object libs/libc/CMakeFiles/c.dir/stdio/lib_libflushall.c.o
[602/1350] Building C object libs/libc/CMakeFiles/c.dir/stdio/lib_wrflush_unlocked.c.o
[603/1350] Building C object libs/libc/CMakeFiles/c.dir/stdio/lib_rdflush_unlocked.c.o
[604/1350] Building C object libs/libc/CMakeFiles/c.dir/stdio/lib_putc.c.o
[605/1350] Building C object libs/libc/CMakeFiles/c.dir/stdio/lib_fputc.c.o
[606/1350] Building C object libs/libc/CMakeFiles/c.dir/stdio/lib_ungetc.c.o
[607/1350] Building C object libs/libc/CMakeFiles/c.dir/stdio/lib_fprintf.c.o
[608/1350] Building C object libs/libc/CMakeFiles/c.dir/stdio/lib_feof.c.o
[609/1350] Building C object libs/libc/CMakeFiles/c.dir/stdio/lib_vfprintf.c.o
[610/1350] Building C object libs/libc/CMakeFiles/c.dir/stdio/lib_ferror.c.o
[611/1350] Building C object libs/libc/CMakeFiles/c.dir/stdio/lib_fputs.c.o
[612/1350] Building C object libs/libc/CMakeFiles/c.dir/stdio/lib_clearerr.c.o
[613/1350] Building C object libs/libc/CMakeFiles/c.dir/stdio/lib_rewind.c.o
[614/1350] Building C object libs/libc/CMakeFiles/c.dir/stdio/lib_vscanf.c.o
[615/1350] Building C object libs/libc/CMakeFiles/c.dir/stdio/lib_scanf.c.o
[616/1350] Building C object libs/libc/CMakeFiles/c.dir/stdio/lib_fscanf.c.o
[617/1350] Building C object libs/libc/CMakeFiles/c.dir/stdio/lib_vfscanf.c.o
[618/1350] Building C object libs/libc/CMakeFiles/c.dir/stdio/lib_setbuf.c.o
[619/1350] Building C object libs/libc/CMakeFiles/c.dir/stdio/lib_tmpfile.c.o
[620/1350] Building C object libs/libc/CMakeFiles/c.dir/stdio/lib_setvbuf.c.o
[621/1350] Building C object libs/libc/CMakeFiles/c.dir/stdio/lib_libgetstreams.c.o
[622/1350] Building C object libs/libc/CMakeFiles/c.dir/stdio/lib_setbuffer.c.o
[623/1350] Building C object libs/libc/CMakeFiles/c.dir/stdio/lib_libfilelock.c.o
[624/1350] Building C object libs/libc/CMakeFiles/c.dir/stdio/lib_fputwc.c.o
[625/1350] Building C object libs/libc/CMakeFiles/c.dir/stdio/lib_putwc.c.o
[626/1350] Building C object libs/libc/CMakeFiles/c.dir/stdio/lib_fputws.c.o
[627/1350] Building C object libs/libc/CMakeFiles/c.dir/stdio/lib_fopencookie.c.o
[628/1350] Building C object libs/libc/CMakeFiles/c.dir/stdio/lib_getwc.c.o
[629/1350] Building C object libs/libc/CMakeFiles/c.dir/stdio/lib_fgetwc.c.o
[630/1350] Building C object libs/libc/CMakeFiles/c.dir/stdio/lib_fmemopen.c.o
[631/1350] Building C object libs/libc/CMakeFiles/c.dir/stdlib/lib_abs.c.o
[632/1350] Building C object libs/libc/CMakeFiles/c.dir/stdio/lib_open_memstream.c.o
[633/1350] Building C object libs/libc/CMakeFiles/c.dir/stdio/lib_ungetwc.c.o
[634/1350] Building C object libs/libc/CMakeFiles/c.dir/stdlib/lib_atof.c.o
[635/1350] Building C object libs/libc/CMakeFiles/c.dir/stdlib/lib_atoi.c.o
[636/1350] Building C object libs/libc/CMakeFiles/c.dir/stdlib/lib_atol.c.o
[637/1350] Building C object libs/libc/CMakeFiles/c.dir/stdlib/lib_atoll.c.o
[638/1350] Building C object libs/libc/CMakeFiles/c.dir/stdlib/lib_abort.c.o
[639/1350] Building C object libs/libc/CMakeFiles/c.dir/stdlib/lib_div.c.o
[640/1350] Building C object libs/libc/CMakeFiles/c.dir/stdlib/lib_getprogname.c.o
[641/1350] Building C object libs/libc/CMakeFiles/c.dir/stdlib/lib_ldiv.c.o
[642/1350] Building C object libs/libc/CMakeFiles/c.dir/stdlib/lib_lldiv.c.o
[643/1350] Building C object libs/libc/CMakeFiles/c.dir/stdlib/lib_labs.c.o
[644/1350] Building C object libs/libc/CMakeFiles/c.dir/stdlib/lib_itoa.c.o
[645/1350] Building C object libs/libc/CMakeFiles/c.dir/stdlib/lib_llabs.c.o
[646/1350] Building C object libs/libc/CMakeFiles/c.dir/stdlib/lib_bsearch.c.o
[647/1350] Building C object libs/libc/CMakeFiles/c.dir/stdlib/lib_exit.c.o
[648/1350] Building C object libs/libc/CMakeFiles/c.dir/stdlib/lib_rand.c.o
[649/1350] Building C object libs/libc/CMakeFiles/c.dir/stdlib/lib_realpath.c.o
[650/1350] Building C object libs/libc/CMakeFiles/c.dir/stdlib/lib_reallocarray.c.o
[651/1350] Building C object libs/libc/CMakeFiles/c.dir/stdlib/lib_rand48.c.o
[652/1350] Building C object libs/libc/CMakeFiles/c.dir/stdlib/lib_strtol.c.o
[653/1350] Building C object libs/libc/CMakeFiles/c.dir/stdlib/lib_qsort.c.o
[654/1350] Building C object libs/libc/CMakeFiles/c.dir/stdlib/lib_srand.c.o
[655/1350] Building C object libs/libc/CMakeFiles/c.dir/stdlib/lib_strtoll.c.o
[656/1350] Building C object libs/libc/CMakeFiles/c.dir/stdlib/lib_strtoul.c.o
[657/1350] Building C object libs/libc/CMakeFiles/c.dir/stdlib/lib_strtoull.c.o
[658/1350] Building C object libs/libc/CMakeFiles/c.dir/stdlib/lib_checkbase.c.o
[659/1350] Building C object libs/libc/CMakeFiles/c.dir/stdlib/lib_mkstemp.c.o
[660/1350] Building C object libs/libc/CMakeFiles/c.dir/stdlib/lib_aligned_alloc.c.o
[661/1350] Building C object libs/libc/CMakeFiles/c.dir/stdlib/lib_mkdtemp.c.o
[662/1350] Building C object libs/libc/CMakeFiles/c.dir/stdlib/lib_mktemp.c.o
[663/1350] Building C object libs/libc/CMakeFiles/c.dir/stdlib/lib_posix_memalign.c.o
[664/1350] Building C object libs/libc/CMakeFiles/c.dir/stdlib/lib_valloc.c.o
[665/1350] Building C object libs/libc/CMakeFiles/c.dir/stdlib/lib_mblen.c.o
[666/1350] Building C object libs/libc/CMakeFiles/c.dir/stdlib/lib_mbtowc.c.o
[667/1350] Building C object libs/libc/CMakeFiles/c.dir/stdlib/lib_wctomb.c.o
[668/1350] Building C object libs/libc/CMakeFiles/c.dir/stdlib/lib_strtold.c.o
[669/1350] Building C object libs/libc/CMakeFiles/c.dir/stdlib/lib_mbstowcs.c.o
[670/1350] Building C object libs/libc/CMakeFiles/c.dir/stdlib/lib_wcstombs.c.o
[671/1350] Building C object libs/libc/CMakeFiles/c.dir/stdlib/lib_arc4random.c.o
[672/1350] Building C object libs/libc/CMakeFiles/c.dir/stream/lib_meminstream.c.o
[673/1350] Building C object libs/libc/CMakeFiles/c.dir/stream/lib_memoutstream.c.o
[674/1350] Building C object libs/libc/CMakeFiles/c.dir/stdlib/lib_atexit.c.o
[675/1350] Building C object libs/libc/CMakeFiles/c.dir/stream/lib_memsistream.c.o
[676/1350] Building C object libs/libc/CMakeFiles/c.dir/stream/lib_memsostream.c.o
[677/1350] Building C object libs/libc/CMakeFiles/c.dir/stream/lib_lowoutstream.c.o
[678/1350] Building C object libs/libc/CMakeFiles/c.dir/stream/lib_rawoutstream.c.o
[679/1350] Building C object libs/libc/CMakeFiles/c.dir/stream/lib_rawinstream.c.o
[680/1350] Building C object libs/libc/CMakeFiles/c.dir/stream/lib_rawsistream.c.o
[681/1350] Building C object libs/libc/CMakeFiles/c.dir/stream/lib_rawsostream.c.o
[682/1350] Building C object libs/libc/CMakeFiles/c.dir/stream/lib_nullinstream.c.o
[683/1350] Building C object libs/libc/CMakeFiles/c.dir/stream/lib_zeroinstream.c.o
[684/1350] Building C object libs/libc/CMakeFiles/c.dir/stream/lib_nulloutstream.c.o
[685/1350] Building C object libs/libc/CMakeFiles/c.dir/stream/lib_mtdoutstream.c.o
[686/1350] Building C object libs/libc/CMakeFiles/c.dir/stream/lib_libnoflush.c.o
[687/1350] Building C object libs/libc/CMakeFiles/c.dir/stream/lib_mtdsostream.c.o
[688/1350] Building C object libs/libc/CMakeFiles/c.dir/stream/lib_libsnoflush.c.o
[689/1350] Building C object libs/libc/CMakeFiles/c.dir/stream/lib_syslogstream.c.o
[690/1350] Building C object libs/libc/CMakeFiles/c.dir/stream/lib_bufferedoutstream.c.o
[691/1350] Building C object libs/libc/CMakeFiles/c.dir/stream/lib_hexdumpstream.c.o
[692/1350] Building C object libs/libc/CMakeFiles/c.dir/stream/lib_filesistream.c.o
[693/1350] Building C object libs/libc/CMakeFiles/c.dir/stream/lib_base64outstream.c.o
[694/1350] Building C object libs/libc/CMakeFiles/c.dir/stream/lib_fileoutstream.c.o
[695/1350] Building C object libs/libc/CMakeFiles/c.dir/stream/lib_ultoa_invert.c.o
[696/1350] Building C object libs/libc/CMakeFiles/c.dir/stream/lib_libbsprintf.c.o
[697/1350] Building C object libs/libc/CMakeFiles/c.dir/stream/lib_libosprintf.c.o
[698/1350] Building C object libs/libc/CMakeFiles/c.dir/stream/lib_syslograwstream.c.o
[699/1350] Building C object libs/libc/CMakeFiles/c.dir/stream/lib_dtoa_data.c.o
[700/1350] Building C object libs/libc/CMakeFiles/c.dir/stream/lib_dtoa_engine.c.o
[701/1350] Building C object libs/libc/CMakeFiles/c.dir/stream/lib_stdinstream.c.o
[702/1350] Building C object libs/libc/CMakeFiles/c.dir/stream/lib_stdoutstream.c.o
[703/1350] Building C object libs/libc/CMakeFiles/c.dir/stream/lib_stdsistream.c.o
[704/1350] Building C object libs/libc/CMakeFiles/c.dir/stream/lib_stdsostream.c.o
[705/1350] Building C object libs/libc/CMakeFiles/c.dir/string/lib_bzero.c.o
[706/1350] Building C object libs/libc/CMakeFiles/c.dir/string/lib_memmem.c.o
[707/1350] Building C object libs/libc/CMakeFiles/c.dir/stream/lib_libvscanf.c.o
[708/1350] Building C object libs/libc/CMakeFiles/c.dir/string/lib_isbasedigit.c.o
[709/1350] Building C object libs/libc/CMakeFiles/c.dir/string/lib_popcount.c.o
[710/1350] Building C object libs/libc/CMakeFiles/c.dir/stream/lib_blkoutstream.c.o
[711/1350] Building C object libs/libc/CMakeFiles/c.dir/string/lib_popcountl.c.o
[712/1350] Building C object libs/libc/CMakeFiles/c.dir/string/lib_popcountll.c.o
[713/1350] Building C object libs/libc/CMakeFiles/c.dir/stream/lib_libvsprintf.c.o
[714/1350] Building C object libs/libc/CMakeFiles/c.dir/string/lib_skipspace.c.o
[715/1350] Building C object libs/libc/CMakeFiles/c.dir/string/lib_strcspn.c.o
[716/1350] Building C object libs/libc/CMakeFiles/c.dir/string/lib_strcasecmp.c.o
[717/1350] Building C object libs/libc/CMakeFiles/c.dir/string/lib_strerror.c.o
[718/1350] Building C object libs/libc/CMakeFiles/c.dir/string/lib_strncasecmp.c.o
[719/1350] Building C object libs/libc/CMakeFiles/c.dir/string/lib_strdup.c.o
[720/1350] Building C object libs/libc/CMakeFiles/c.dir/string/lib_strcasestr.c.o
[721/1350] Building C object libs/libc/CMakeFiles/c.dir/string/lib_strncat.c.o
[722/1350] Building C object libs/libc/CMakeFiles/c.dir/string/lib_strpbrk.c.o
[723/1350] Building C object libs/libc/CMakeFiles/c.dir/string/lib_strspn.c.o
[724/1350] Building C object libs/libc/CMakeFiles/c.dir/string/lib_strndup.c.o
[725/1350] Building C object libs/libc/CMakeFiles/c.dir/string/lib_strstr.c.o
[726/1350] Building C object libs/libc/CMakeFiles/c.dir/string/lib_strtokr.c.o
[727/1350] Building C object libs/libc/CMakeFiles/c.dir/string/lib_strerrorr.c.o
[728/1350] Building C object libs/libc/CMakeFiles/c.dir/string/lib_strsep.c.o
[729/1350] Building C object libs/libc/CMakeFiles/c.dir/string/lib_explicit_bzero.c.o
[730/1350] Building C object libs/libc/CMakeFiles/c.dir/string/lib_strtok.c.o
[731/1350] Building C object libs/libc/CMakeFiles/c.dir/string/lib_index.c.o
[732/1350] Building C object libs/libc/CMakeFiles/c.dir/string/lib_strsignal.c.o
[733/1350] Building C object libs/libc/CMakeFiles/c.dir/string/lib_rindex.c.o
[734/1350] Building C object libs/libc/CMakeFiles/c.dir/string/lib_timingsafe_bcmp.c.o
[735/1350] Building C object libs/libc/CMakeFiles/c.dir/string/lib_strverscmp.c.o
[736/1350] Building C object libs/libc/CMakeFiles/c.dir/string/lib_mempcpy.c.o
[737/1350] Building C object libs/libc/CMakeFiles/c.dir/string/lib_rawmemchr.c.o
[738/1350] Building C object libs/libc/CMakeFiles/c.dir/string/lib_memmove.c.o
[739/1350] Building C object libs/libc/CMakeFiles/c.dir/string/lib_strlcat.c.o
[740/1350] Building C object libs/libc/CMakeFiles/c.dir/string/lib_strlcpy.c.o
[741/1350] Building C object libs/libc/CMakeFiles/c.dir/string/lib_strnlen.c.o
[742/1350] Building C object libs/libc/CMakeFiles/c.dir/string/lib_bsdmemcpy.c.o
[743/1350] Building C object libs/libc/CMakeFiles/c.dir/string/lib_bsdmemccpy.c.o
[744/1350] Building C object libs/libc/CMakeFiles/c.dir/string/lib_bsdmemcmp.c.o
[745/1350] Building C object libs/libc/CMakeFiles/c.dir/string/lib_bsdmemrchr.c.o
[746/1350] Building C object libs/libc/CMakeFiles/c.dir/string/lib_bsdstpncpy.c.o
[747/1350] Building C object libs/libc/CMakeFiles/c.dir/string/lib_bsdmemset.c.o
[748/1350] Building C object libs/libc/CMakeFiles/c.dir/string/lib_bsdstrcmp.c.o
[749/1350] Building C object libs/libc/CMakeFiles/c.dir/string/lib_bsdstrchr.c.o
[750/1350] Building C object libs/libc/CMakeFiles/c.dir/string/lib_bsdstpcpy.c.o
[751/1350] Building C object libs/libc/CMakeFiles/c.dir/string/lib_bsdstrlen.c.o
[752/1350] Building C object libs/libc/CMakeFiles/c.dir/string/lib_bsdstrncpy.c.o
[753/1350] Building C object libs/libc/CMakeFiles/c.dir/string/lib_bsdmemchr.c.o
[754/1350] Building C object libs/libc/CMakeFiles/c.dir/string/lib_bsdstrchrnul.c.o
[755/1350] Building C object libs/libc/CMakeFiles/c.dir/string/lib_bsdstrcat.c.o
[756/1350] Building C object libs/libc/CMakeFiles/c.dir/string/lib_bsdstrcpy.c.o
[757/1350] Building C object libs/libc/CMakeFiles/c.dir/symtab/symtab_sortbyname.c.o
[758/1350] Building C object libs/libc/CMakeFiles/c.dir/string/lib_bsdstrncmp.c.o
[759/1350] Building C object libs/libc/CMakeFiles/c.dir/string/lib_bsdstrrchr.c.o
[760/1350] Building C object libs/libc/CMakeFiles/c.dir/symtab/symtab_findbyvalue.c.o
[761/1350] Building C object libs/libc/CMakeFiles/c.dir/symtab/symtab_findbyname.c.o
[762/1350] Building C object libs/libc/CMakeFiles/c.dir/termios/lib_cfmakeraw.c.o
[763/1350] Building C object libs/libc/CMakeFiles/c.dir/termios/lib_cfspeed.c.o
[764/1350] Building C object libs/libc/CMakeFiles/c.dir/termios/lib_tcflush.c.o
[765/1350] Building C object libs/libc/CMakeFiles/c.dir/syslog/lib_setlogmask.c.o
[766/1350] Building C object libs/libc/CMakeFiles/c.dir/termios/lib_tcdrain.c.o
[767/1350] Building C object libs/libc/CMakeFiles/c.dir/syslog/lib_syslog.c.o
[768/1350] Building C object libs/libc/CMakeFiles/c.dir/termios/lib_tcflow.c.o
[769/1350] Building C object libs/libc/CMakeFiles/c.dir/termios/lib_isatty.c.o
[770/1350] Building C object libs/libc/CMakeFiles/c.dir/termios/lib_tcgetattr.c.o
[771/1350] Building C object libs/libc/CMakeFiles/c.dir/termios/lib_tcsetattr.c.o
[772/1350] Building C object libs/libc/CMakeFiles/c.dir/termios/lib_tcsendbreak.c.o
[773/1350] Building C object libs/libc/CMakeFiles/c.dir/termios/lib_ttynamer.c.o
[774/1350] Building C object libs/libc/CMakeFiles/c.dir/time/lib_daysbeforemonth.c.o
[775/1350] Building C object libs/libc/CMakeFiles/c.dir/termios/lib_ttyname.c.o
[776/1350] Building C object libs/libc/CMakeFiles/c.dir/time/lib_gettimeofday.c.o
[777/1350] Building C object libs/libc/CMakeFiles/c.dir/time/lib_calendar2utc.c.o
[778/1350] Building C object libs/libc/CMakeFiles/c.dir/time/lib_time.c.o
[779/1350] Building C object libs/libc/CMakeFiles/c.dir/time/lib_settimeofday.c.o
[780/1350] Building C object libs/libc/CMakeFiles/c.dir/time/lib_isleapyear.c.o
[781/1350] Building C object libs/libc/CMakeFiles/c.dir/time/lib_timespec_get.c.o
[782/1350] Building C object libs/libc/CMakeFiles/c.dir/time/lib_nanosleep.c.o
[783/1350] Building C object libs/libc/CMakeFiles/c.dir/time/lib_strftime.c.o
[784/1350] Building C object libs/libc/CMakeFiles/c.dir/time/lib_difftime.c.o
[785/1350] Building C object libs/libc/CMakeFiles/c.dir/time/lib_ctime.c.o
[786/1350] Building C object libs/libc/CMakeFiles/c.dir/time/lib_ctimer.c.o
[787/1350] Building C object libs/libc/CMakeFiles/c.dir/time/lib_dayofweek.c.o
[788/1350] Building C object libs/libc/CMakeFiles/c.dir/time/lib_gethrtime.c.o
[789/1350] Building C object libs/libc/CMakeFiles/c.dir/time/lib_asctimer.c.o
[790/1350] Building C object libs/libc/CMakeFiles/c.dir/time/lib_asctime.c.o
[791/1350] Building C object libs/libc/CMakeFiles/c.dir/tls/tls_getinfo.c.o
[792/1350] Building C object libs/libc/CMakeFiles/c.dir/time/lib_gmtime.c.o
[793/1350] Building C object libs/libc/CMakeFiles/c.dir/time/lib_gmtimer.c.o
[794/1350] Building C object libs/libc/CMakeFiles/c.dir/uio/lib_preadv.c.o
[795/1350] Building C object libs/libc/CMakeFiles/c.dir/time/lib_timegm.c.o
[796/1350] Building C object libs/libc/CMakeFiles/c.dir/uio/lib_pwritev.c.o
[797/1350] Building C object libs/libc/CMakeFiles/c.dir/unistd/lib_daemon.c.o
[798/1350] Building C object libs/libc/CMakeFiles/c.dir/unistd/lib_swab.c.o
[799/1350] Building C object libs/libc/CMakeFiles/c.dir/unistd/lib_access.c.o
[800/1350] Building C object libs/libc/CMakeFiles/c.dir/unistd/lib_pathconf.c.o
[801/1350] Building C object libs/libc/CMakeFiles/c.dir/unistd/lib_sysconf.c.o
[802/1350] Building C object libs/libc/CMakeFiles/c.dir/unistd/lib_getcwd.c.o
[803/1350] Building C object libs/libc/CMakeFiles/c.dir/unistd/lib_getentropy.c.o
[804/1350] Building C object libs/libc/CMakeFiles/c.dir/unistd/lib_getopt_long.c.o
[805/1350] Building C object libs/libc/CMakeFiles/c.dir/unistd/lib_getopt.c.o
[806/1350] Building C object libs/libc/CMakeFiles/c.dir/unistd/lib_getopt_longonly.c.o
[807/1350] Building C object libs/libc/CMakeFiles/c.dir/unistd/lib_getoptvars.c.o
[808/1350] Building C object libs/libc/CMakeFiles/c.dir/unistd/lib_getopt_common.c.o
[809/1350] Building C object libs/libc/CMakeFiles/c.dir/unistd/lib_getoptargp.c.o
[810/1350] Building C object libs/libc/CMakeFiles/c.dir/unistd/lib_times.c.o
[811/1350] Building C object libs/libc/CMakeFiles/c.dir/unistd/lib_getopterrp.c.o
[812/1350] Building C object libs/libc/CMakeFiles/c.dir/unistd/lib_getoptindp.c.o
[813/1350] Building C object libs/libc/CMakeFiles/c.dir/unistd/lib_getoptoptp.c.o
[814/1350] Building C object libs/libc/CMakeFiles/c.dir/unistd/lib_fstatvfs.c.o
[815/1350] Building C object libs/libc/CMakeFiles/c.dir/unistd/lib_alarm.c.o
[816/1350] Building C object libs/libc/CMakeFiles/c.dir/unistd/lib_statvfs.c.o
[817/1350] Building C object libs/libc/CMakeFiles/c.dir/unistd/lib_getrusage.c.o
[818/1350] Building C object libs/libc/CMakeFiles/c.dir/unistd/lib_sleep.c.o
[819/1350] Building C object libs/libc/CMakeFiles/c.dir/unistd/lib_utime.c.o
[820/1350] Building C object libs/libc/CMakeFiles/c.dir/unistd/lib_nice.c.o
[821/1350] Building C object libs/libc/CMakeFiles/c.dir/unistd/lib_setreuid.c.o
[822/1350] Building C object libs/libc/CMakeFiles/c.dir/unistd/lib_setregid.c.o
[823/1350] Building C object libs/libc/CMakeFiles/c.dir/unistd/lib_setrlimit.c.o
[824/1350] Building C object libs/libc/CMakeFiles/c.dir/unistd/lib_futimes.c.o
[825/1350] Building C object libs/libc/CMakeFiles/c.dir/unistd/lib_utimes.c.o
[826/1350] Building C object libs/libc/CMakeFiles/c.dir/unistd/lib_getrlimit.c.o
[827/1350] Building C object libs/libc/CMakeFiles/c.dir/unistd/lib_getpriority.c.o
[828/1350] Building C object libs/libc/CMakeFiles/c.dir/unistd/lib_setpriority.c.o
[829/1350] Building C object libs/libc/CMakeFiles/c.dir/unistd/lib_lutimes.c.o
[830/1350] Building C object libs/libc/CMakeFiles/c.dir/unistd/lib_gethostname.c.o
[831/1350] Building C object libs/libc/CMakeFiles/c.dir/unistd/lib_linkat.c.o
[832/1350] Building C object libs/libc/CMakeFiles/c.dir/unistd/lib_readlinkat.c.o
[833/1350] Building C object libs/libc/CMakeFiles/c.dir/unistd/lib_sethostname.c.o
[834/1350] Building C object libs/libc/CMakeFiles/c.dir/unistd/lib_fchownat.c.o
[835/1350] Building C object libs/libc/CMakeFiles/c.dir/unistd/lib_symlinkat.c.o
[836/1350] Building C object libs/libc/CMakeFiles/c.dir/unistd/lib_usleep.c.o
[837/1350] Building C object libs/libc/CMakeFiles/c.dir/unistd/lib_getpgrp.c.o
[838/1350] Building C object libs/libc/CMakeFiles/c.dir/unistd/lib_getpgid.c.o
[839/1350] Building C object libs/libc/CMakeFiles/c.dir/unistd/lib_unlinkat.c.o
[840/1350] Building C object libs/libc/CMakeFiles/c.dir/unistd/lib_lockf.c.o
[841/1350] Building C object libs/libc/CMakeFiles/c.dir/unistd/lib_flock.c.o
[842/1350] Building C object libs/libc/CMakeFiles/c.dir/unistd/lib_ulimit.c.o
[843/1350] Building C object libs/libc/CMakeFiles/c.dir/unistd/lib_confstr.c.o
[844/1350] Building C object libs/libc/CMakeFiles/c.dir/unistd/lib_setuid.c.o
[845/1350] Building C object libs/libc/CMakeFiles/c.dir/unistd/lib_setgid.c.o
[846/1350] Building C object libs/libc/CMakeFiles/c.dir/unistd/lib_getuid.c.o
[847/1350] Building C object libs/libc/CMakeFiles/c.dir/unistd/lib_getpass.c.o
[848/1350] Building C object libs/libc/CMakeFiles/c.dir/unistd/lib_getgid.c.o
[849/1350] Building C object libs/libc/CMakeFiles/c.dir/unistd/lib_seteuid.c.o
[850/1350] Building C object libs/libc/CMakeFiles/c.dir/unistd/lib_setegid.c.o
[851/1350] Building C object libs/libc/CMakeFiles/c.dir/unistd/lib_geteuid.c.o
[852/1350] Building C object libs/libc/CMakeFiles/c.dir/unistd/lib_getegid.c.o
[853/1350] Building C object libs/libc/CMakeFiles/c.dir/unistd/lib_chdir.c.o
[854/1350] Building C object libs/libc/CMakeFiles/c.dir/unistd/lib_fchdir.c.o
[855/1350] Building C object libs/libc/CMakeFiles/c.dir/unistd/lib_truncate.c.o
[856/1350] Building C object libs/libc/CMakeFiles/c.dir/uuid/lib_uuid_compare.c.o
[857/1350] Building C object libs/libc/CMakeFiles/c.dir/unistd/lib_restoredir.c.o
[858/1350] Building C object libs/libc/CMakeFiles/c.dir/unistd/lib_posix_fallocate.c.o
[859/1350] Building C object libs/libc/CMakeFiles/c.dir/uuid/lib_uuid_create.c.o
[860/1350] Building C object libs/libc/CMakeFiles/c.dir/unistd/lib_fork.c.o
[861/1350] Building C object libs/libc/CMakeFiles/c.dir/uuid/lib_uuid_create_nil.c.o
[862/1350] Building C object libs/libc/CMakeFiles/c.dir/uuid/lib_uuid_equal.c.o
[863/1350] Building C object libs/libc/CMakeFiles/c.dir/uuid/lib_uuid_hash.c.o
[864/1350] Building C object libs/libc/CMakeFiles/c.dir/uuid/lib_uuid_is_nil.c.o
[865/1350] Building C object libs/libc/CMakeFiles/c.dir/uuid/lib_uuid_from_string.c.o
[866/1350] Building C object libs/libc/CMakeFiles/c.dir/uuid/lib_uuid_stream.c.o
[867/1350] Building C object libs/libc/CMakeFiles/c.dir/wchar/lib_wcscmp.c.o
[868/1350] Building C object libs/libc/CMakeFiles/c.dir/uuid/lib_uuid_to_string.c.o
[869/1350] Building C object libs/libc/CMakeFiles/c.dir/wchar/lib_wcslen.c.o
[870/1350] Building C object libs/libc/CMakeFiles/c.dir/wchar/lib_wmemchr.c.o
[871/1350] Building C object libs/libc/CMakeFiles/c.dir/wchar/lib_wmemcmp.c.o
[872/1350] Building C object libs/libc/CMakeFiles/c.dir/wchar/lib_wmemcpy.c.o
[873/1350] Building C object libs/libc/CMakeFiles/c.dir/wchar/lib_wmemmove.c.o
[874/1350] Building C object libs/libc/CMakeFiles/c.dir/wchar/lib_wmemset.c.o
[875/1350] Building C object libs/libc/CMakeFiles/c.dir/wchar/lib_btowc.c.o
[876/1350] Building C object libs/libc/CMakeFiles/c.dir/wchar/lib_wctob.c.o
[877/1350] Building C object libs/libc/CMakeFiles/c.dir/wchar/lib_wcslcpy.c.o
[878/1350] Building C object libs/libc/CMakeFiles/c.dir/wchar/lib_mbrtowc.c.o
[879/1350] Building C object libs/libc/CMakeFiles/c.dir/wchar/lib_wcsxfrm.c.o
[880/1350] Building C object libs/libc/CMakeFiles/c.dir/wchar/lib_wcsftime.c.o
[881/1350] Building C object libs/libc/CMakeFiles/c.dir/wchar/lib_wcrtomb.c.o
[882/1350] Building C object libs/libc/CMakeFiles/c.dir/wchar/lib_wcscoll.c.o
[883/1350] Building C object libs/libc/CMakeFiles/c.dir/wchar/lib_wcstol.c.o
[884/1350] Building C object libs/libc/CMakeFiles/c.dir/wchar/lib_wcstoll.c.o
[885/1350] Building C object libs/libc/CMakeFiles/c.dir/wchar/lib_wcstoul.c.o
[886/1350] Building C object libs/libc/CMakeFiles/c.dir/wchar/lib_wcstoull.c.o
[887/1350] Building C object libs/libc/CMakeFiles/c.dir/wchar/lib_wcstold.c.o
[888/1350] Building C object libs/libc/CMakeFiles/c.dir/wchar/lib_wcstod.c.o
[889/1350] Building C object libs/libc/CMakeFiles/c.dir/wchar/lib_wcstof.c.o
[890/1350] Building C object libs/libc/CMakeFiles/c.dir/wchar/lib_swprintf.c.o
[891/1350] Building C object libs/libc/CMakeFiles/c.dir/wchar/lib_mbsnrtowcs.c.o
[892/1350] Building C object libs/libc/CMakeFiles/c.dir/wchar/lib_mbsinit.c.o
[893/1350] Building C object libs/libc/CMakeFiles/c.dir/wchar/lib_wcsnrtombs.c.o
[894/1350] Building C object libs/libc/CMakeFiles/c.dir/wchar/lib_mbsrtowcs.c.o
[895/1350] Building C object libs/libc/CMakeFiles/c.dir/wchar/lib_mbrlen.c.o
[896/1350] Building C object libs/libc/CMakeFiles/c.dir/wchar/lib_wcsrtombs.c.o
[897/1350] Building C object libs/libc/CMakeFiles/c.dir/wchar/lib_wcscat.c.o
[898/1350] Building C object libs/libc/CMakeFiles/c.dir/wchar/lib_wcscpy.c.o
[899/1350] Building C object libs/libc/CMakeFiles/c.dir/wchar/lib_wcsncat.c.o
[900/1350] Building C object libs/libc/CMakeFiles/c.dir/wchar/lib_wcslcat.c.o
[901/1350] Building C object libs/libc/CMakeFiles/c.dir/wchar/lib_wcsrchr.c.o
[902/1350] Building C object libs/libc/CMakeFiles/c.dir/wchar/lib_wcschr.c.o
[903/1350] Building C object libs/libc/CMakeFiles/c.dir/wchar/lib_wcsncmp.c.o
[904/1350] Building C object libs/libc/CMakeFiles/c.dir/wchar/lib_wcsncpy.c.o
[905/1350] Building C object libs/libc/CMakeFiles/c.dir/wchar/lib_wcspbrk.c.o
[906/1350] Building C object libs/libc/CMakeFiles/c.dir/wchar/lib_wcscspn.c.o
[907/1350] Building C object libs/libc/CMakeFiles/c.dir/wchar/lib_wcsspn.c.o
[908/1350] Building C object libs/libc/CMakeFiles/c.dir/wchar/lib_wcswcs.c.o
[909/1350] Building C object libs/libc/CMakeFiles/c.dir/wchar/lib_wcsstr.c.o
[910/1350] Building C object libs/libc/CMakeFiles/c.dir/wchar/lib_wcstok.c.o
[911/1350] Building C object libs/libc/CMakeFiles/c.dir/wctype/lib_wctype.c.o
[912/1350] Building C object libs/libc/CMakeFiles/c.dir/wchar/lib_wcswidth.c.o
[913/1350] Building C object libs/libc/CMakeFiles/c.dir/wchar/lib_wcwidth.c.o
[914/1350] Building C object libs/libc/CMakeFiles/c.dir/wctype/lib_towlower.c.o
[915/1350] Building C object libs/libc/CMakeFiles/c.dir/wctype/lib_towupper.c.o
[916/1350] Building C object libs/libc/CMakeFiles/c.dir/wctype/lib_iswctype.c.o
[917/1350] Building C object mm/CMakeFiles/mm.dir/iob/iob_add_queue.c.o
[918/1350] Building C object mm/CMakeFiles/mm.dir/iob/iob_alloc_qentry.c.o
[919/1350] Building C object mm/CMakeFiles/mm.dir/iob/iob_concat.c.o
[920/1350] Building C object mm/CMakeFiles/mm.dir/iob/iob_clone.c.o
[921/1350] Building C object mm/CMakeFiles/mm.dir/iob/iob_alloc.c.o
[922/1350] Building C object mm/CMakeFiles/mm.dir/iob/iob_copyin.c.o
[923/1350] Building C object mm/CMakeFiles/mm.dir/iob/iob_copyout.c.o
[924/1350] Building C object mm/CMakeFiles/mm.dir/iob/iob_contig.c.o
[925/1350] Building C object mm/CMakeFiles/mm.dir/iob/iob_free.c.o
[926/1350] Building C object mm/CMakeFiles/mm.dir/iob/iob_free_chain.c.o
[927/1350] Building C object mm/CMakeFiles/mm.dir/iob/iob_free_qentry.c.o
[928/1350] Building C object mm/CMakeFiles/mm.dir/iob/iob_free_queue.c.o
[929/1350] Building C object mm/CMakeFiles/mm.dir/iob/iob_initialize.c.o
[930/1350] Building C object mm/CMakeFiles/mm.dir/iob/iob_pack.c.o
[931/1350] Building C object mm/CMakeFiles/mm.dir/iob/iob_peek_queue.c.o
[932/1350] Building C object mm/CMakeFiles/mm.dir/iob/iob_remove_queue.c.o
[933/1350] Building C object mm/CMakeFiles/mm.dir/iob/iob_statistics.c.o
[934/1350] Building C object mm/CMakeFiles/mm.dir/iob/iob_trimhead.c.o
[935/1350] Building C object mm/CMakeFiles/mm.dir/iob/iob_trimhead_queue.c.o
[936/1350] Building C object mm/CMakeFiles/mm.dir/iob/iob_navail.c.o
[937/1350] Building C object mm/CMakeFiles/mm.dir/iob/iob_free_queue_qentry.c.o
[938/1350] Building C object mm/CMakeFiles/mm.dir/iob/iob_trimtail.c.o
[939/1350] Building C object mm/CMakeFiles/mm.dir/iob/iob_tailroom.c.o
[940/1350] Building C object mm/CMakeFiles/mm.dir/iob/iob_get_queue_info.c.o
[941/1350] Building C object mm/CMakeFiles/mm.dir/iob/iob_reserve.c.o
[942/1350] Building C object mm/CMakeFiles/mm.dir/iob/iob_count.c.o
[943/1350] Building C object mm/CMakeFiles/mm.dir/kasan/hook.c.o
[944/1350] Building C object mm/CMakeFiles/mm.dir/iob/iob_update_pktlen.c.o
[945/1350] Building C object mm/CMakeFiles/mm.dir/iob/iob_dump.c.o
[946/1350] Building C object mm/CMakeFiles/mm.dir/mempool/mempool_procfs.c.o
[947/1350] Building C object mm/CMakeFiles/mm.dir/mm_heap/mm_malloc_size.c.o
[948/1350] Building C object mm/CMakeFiles/mm.dir/mm_heap/mm_initialize.c.o
[949/1350] Building C object mm/CMakeFiles/mm.dir/map/mm_map.c.o
[950/1350] Building C object mm/CMakeFiles/mm.dir/mempool/mempool.c.o
[951/1350] Building C object mm/CMakeFiles/mm.dir/mm_heap/mm_brkaddr.c.o
[952/1350] Building C object mm/CMakeFiles/mm.dir/mm_heap/mm_shrinkchunk.c.o
[953/1350] Building C object mm/CMakeFiles/mm.dir/mm_heap/mm_calloc.c.o
[954/1350] Building C object mm/CMakeFiles/mm.dir/mempool/mempool_multiple.c.o
[955/1350] Building C object mm/CMakeFiles/mm.dir/mm_heap/mm_extend.c.o
[956/1350] Building C object mm/CMakeFiles/mm.dir/mm_heap/mm_mallinfo.c.o
[957/1350] Building C object mm/CMakeFiles/mm.dir/mm_heap/mm_free.c.o
[958/1350] Building C object mm/CMakeFiles/mm.dir/mm_heap/mm_foreach.c.o
[959/1350] Building C object mm/CMakeFiles/mm.dir/mm_heap/mm_malloc.c.o
[960/1350] Building C object mm/CMakeFiles/mm.dir/mm_heap/mm_zalloc.c.o
[961/1350] Building C object mm/CMakeFiles/mm.dir/mm_heap/mm_memalign.c.o
[962/1350] Building C object mm/CMakeFiles/mm.dir/umm_heap/umm_globals.c.o
[963/1350] Building C object mm/CMakeFiles/mm.dir/mm_heap/mm_heapmember.c.o
[964/1350] Building C object mm/CMakeFiles/mm.dir/mm_heap/mm_realloc.c.o
[965/1350] Building C object mm/CMakeFiles/mm.dir/umm_heap/umm_initialize.c.o
[966/1350] Building C object mm/CMakeFiles/mm.dir/umm_heap/umm_addregion.c.o
[967/1350] Building C object mm/CMakeFiles/mm.dir/mm_heap/mm_memdump.c.o
[968/1350] Building C object mm/CMakeFiles/mm.dir/umm_heap/umm_malloc_size.c.o
[969/1350] Building C object mm/CMakeFiles/mm.dir/umm_heap/umm_brkaddr.c.o
[970/1350] Building C object mm/CMakeFiles/mm.dir/umm_heap/umm_calloc.c.o
[971/1350] Building C object mm/CMakeFiles/mm.dir/umm_heap/umm_extend.c.o
[972/1350] Building C object mm/CMakeFiles/mm.dir/umm_heap/umm_free.c.o
[973/1350] Building C object mm/CMakeFiles/mm.dir/umm_heap/umm_mallinfo.c.o
[974/1350] Building C object mm/CMakeFiles/mm.dir/umm_heap/umm_malloc.c.o
[975/1350] Building C object mm/CMakeFiles/mm.dir/umm_heap/umm_memalign.c.o
[976/1350] Building C object mm/CMakeFiles/mm.dir/umm_heap/umm_realloc.c.o
[977/1350] Building C object mm/CMakeFiles/mm.dir/umm_heap/umm_zalloc.c.o
[978/1350] Building C object mm/CMakeFiles/mm.dir/umm_heap/umm_heapmember.c.o
[979/1350] Building C object mm/CMakeFiles/mm.dir/umm_heap/umm_memdump.c.o
[980/1350] Building C object net/CMakeFiles/net.dir/bluetooth/bluetooth_initialize.c.o
[981/1350] Building C object net/CMakeFiles/net.dir/bluetooth/bluetooth_sockif.c.o
[982/1350] Building C object net/CMakeFiles/net.dir/bluetooth/bluetooth_conn.c.o
[983/1350] Building C object net/CMakeFiles/net.dir/bluetooth/bluetooth_container.c.o
[984/1350] Building C object net/CMakeFiles/net.dir/bluetooth/bluetooth_input.c.o
[985/1350] Building C object net/CMakeFiles/net.dir/bluetooth/bluetooth_recvmsg.c.o
[986/1350] Building C object net/CMakeFiles/net.dir/bluetooth/bluetooth_sendmsg.c.o
[987/1350] Building C object net/CMakeFiles/net.dir/bluetooth/bluetooth_poll.c.o
[988/1350] Building C object net/CMakeFiles/net.dir/bluetooth/bluetooth_finddev.c.o
[989/1350] Building C object net/CMakeFiles/net.dir/bluetooth/bluetooth_callback.c.o
[990/1350] Building C object net/CMakeFiles/net.dir/devif/devif_send.c.o
[991/1350] Building C object net/CMakeFiles/net.dir/devif/devif_loopback.c.o
[992/1350] Building C object net/CMakeFiles/net.dir/devif/devif_callback.c.o
[993/1350] Building C object net/CMakeFiles/net.dir/devif/devif_iobsend.c.o
[994/1350] Building C object net/CMakeFiles/net.dir/devif/devif_filesend.c.o
[995/1350] Building C object net/CMakeFiles/net.dir/inet/inet_txdrain.c.o
[996/1350] Building C object net/CMakeFiles/net.dir/devif/devif_poll.c.o
[997/1350] Building C object net/CMakeFiles/net.dir/netdev/netdev_txnotify.c.o
[998/1350] Building C object net/CMakeFiles/net.dir/netdev/netdev_register.c.o
[999/1350] Building C object net/CMakeFiles/net.dir/netdev/netdev_findbyaddr.c.o
[1000/1350] Building C object net/CMakeFiles/net.dir/netdev/netdev_findbyname.c.o
[1001/1350] Building C object net/CMakeFiles/net.dir/netdev/netdev_ioctl.c.o
[1002/1350] Building C object net/CMakeFiles/net.dir/netdev/netdev_findbyindex.c.o
[1003/1350] Building C object net/CMakeFiles/net.dir/netdev/netdev_ifconf.c.o
[1004/1350] Building C object net/CMakeFiles/net.dir/netdev/netdev_count.c.o
[1005/1350] Building C object net/CMakeFiles/net.dir/netdev/netdev_foreach.c.o
[1006/1350] Building C object net/CMakeFiles/net.dir/netdev/netdev_unregister.c.o
[1007/1350] Building C object net/CMakeFiles/net.dir/netdev/netdev_lladdrsize.c.o
[1008/1350] Building C object net/CMakeFiles/net.dir/netdev/netdev_carrier.c.o
[1009/1350] Building C object net/CMakeFiles/net.dir/netdev/netdev_default.c.o
[1010/1350] Building C object net/CMakeFiles/net.dir/netdev/netdev_verify.c.o
[1011/1350] Building C object net/CMakeFiles/net.dir/netdev/netdev_input.c.o
[1012/1350] Building C object net/CMakeFiles/net.dir/netdev/netdev_iob.c.o
[1013/1350] Building C object net/CMakeFiles/net.dir/netdev/netdev_checksum.c.o
[1014/1350] Building C object net/CMakeFiles/net.dir/socket/accept.c.o
[1015/1350] Building C object net/CMakeFiles/net.dir/procfs/netdev_statistics.c.o
[1016/1350] Building C object net/CMakeFiles/net.dir/socket/bind.c.o
[1017/1350] Building C object net/CMakeFiles/net.dir/procfs/net_procfs.c.o
[1018/1350] Building C object net/CMakeFiles/net.dir/socket/getsockname.c.o
[1019/1350] Building C object net/CMakeFiles/net.dir/socket/connect.c.o
[1020/1350] Building C object net/CMakeFiles/net.dir/socket/getpeername.c.o
[1021/1350] Building C object net/CMakeFiles/net.dir/socket/listen.c.o
[1022/1350] Building C object net/CMakeFiles/net.dir/socket/recv.c.o
[1023/1350] Building C object net/CMakeFiles/net.dir/socket/recvfrom.c.o
[1024/1350] Building C object net/CMakeFiles/net.dir/socket/send.c.o
[1025/1350] Building C object net/CMakeFiles/net.dir/socket/sendto.c.o
[1026/1350] Building C object net/CMakeFiles/net.dir/socket/socket.c.o
[1027/1350] Building C object net/CMakeFiles/net.dir/socket/socketpair.c.o
[1028/1350] Building C object net/CMakeFiles/net.dir/socket/net_close.c.o
[1029/1350] Building C object net/CMakeFiles/net.dir/socket/sendmsg.c.o
[1030/1350] Building C object net/CMakeFiles/net.dir/socket/shutdown.c.o
[1031/1350] Building C object net/CMakeFiles/net.dir/socket/recvmsg.c.o
[1032/1350] Building C object net/CMakeFiles/net.dir/socket/net_poll.c.o
[1033/1350] Building C object net/CMakeFiles/net.dir/socket/net_dup2.c.o
[1034/1350] Building C object net/CMakeFiles/net.dir/socket/net_mmap.c.o
[1035/1350] Building C object net/CMakeFiles/net.dir/socket/net_sockif.c.o
[1036/1350] Building C object net/CMakeFiles/net.dir/utils/net_dsec2tick.c.o
[1037/1350] Building C object net/CMakeFiles/net.dir/socket/net_fstat.c.o
[1038/1350] Building C object net/CMakeFiles/net.dir/utils/net_dsec2timeval.c.o
[1039/1350] Building C object net/CMakeFiles/net.dir/utils/net_timeval2dsec.c.o
[1040/1350] Building C object net/CMakeFiles/net.dir/utils/net_ipchksum.c.o
[1041/1350] Building C object net/CMakeFiles/net.dir/utils/net_incr32.c.o
[1042/1350] Building C object net/CMakeFiles/net.dir/utils/net_chksum.c.o
[1043/1350] Building C object net/CMakeFiles/net.dir/utils/net_iob_concat.c.o
[1044/1350] Building C object net/CMakeFiles/net.dir/utils/net_mask2pref.c.o
[1045/1350] Building C object net/CMakeFiles/net.dir/utils/net_cmsg.c.o
[1046/1350] Building C object sched/CMakeFiles/sched.dir/clock/clock.c.o
[1047/1350] Building C object net/CMakeFiles/net.dir/net_initialize.c.o
[1048/1350] Building C object net/CMakeFiles/net.dir/utils/net_snoop.c.o
[1049/1350] Building C object net/CMakeFiles/net.dir/utils/net_lock.c.o
[1050/1350] Building C object sched/CMakeFiles/sched.dir/clock/clock_getres.c.o
[1051/1350] Building C object sched/CMakeFiles/sched.dir/clock/clock_initialize.c.o
[1052/1350] Building C object sched/CMakeFiles/sched.dir/clock/clock_notifier.c.o
[1053/1350] Building C object sched/CMakeFiles/sched.dir/clock/clock_settime.c.o
[1054/1350] Building C object sched/CMakeFiles/sched.dir/clock/clock_gettime.c.o
[1055/1350] Building C object sched/CMakeFiles/sched.dir/clock/clock_systime_ticks.c.o
[1056/1350] Building C object sched/CMakeFiles/sched.dir/clock/clock_realtime2absticks.c.o
[1057/1350] Building C object sched/CMakeFiles/sched.dir/clock/clock_systime_timespec.c.o
[1058/1350] Building C object sched/CMakeFiles/sched.dir/clock/clock_perf.c.o
[1059/1350] Building C object sched/CMakeFiles/sched.dir/group/group_join.c.o
[1060/1350] Building C object sched/CMakeFiles/sched.dir/group/group_setupidlefiles.c.o
[1061/1350] Building C object sched/CMakeFiles/sched.dir/group/group_create.c.o
[1062/1350] Building C object sched/CMakeFiles/sched.dir/group/group_setuptaskfiles.c.o
[1063/1350] Building C object sched/CMakeFiles/sched.dir/group/group_leave.c.o
[1064/1350] Building C object sched/CMakeFiles/sched.dir/group/group_foreachchild.c.o
[1065/1350] Building C object sched/CMakeFiles/sched.dir/instrument/instrument.c.o
[1066/1350] Building C object sched/CMakeFiles/sched.dir/group/group_killchildren.c.o
[1067/1350] Building C object sched/CMakeFiles/sched.dir/init/nx_bringup.c.o
[1068/1350] Building C object sched/CMakeFiles/sched.dir/group/group_signal.c.o
[1069/1350] Building C object sched/CMakeFiles/sched.dir/irq/irq_initialize.c.o
[1070/1350] Building C object sched/CMakeFiles/sched.dir/init/nx_start.c.o
[1071/1350] Building C object sched/CMakeFiles/sched.dir/irq/irq_attach.c.o
[1072/1350] Building C object sched/CMakeFiles/sched.dir/irq/irq_dispatch.c.o
[1073/1350] Building C object sched/CMakeFiles/sched.dir/irq/irq_unexpectedisr.c.o
[1074/1350] Building C object sched/CMakeFiles/sched.dir/irq/irq_attach_thread.c.o
[1075/1350] Building C object sched/CMakeFiles/sched.dir/irq/irq_csection.c.o
[1076/1350] Building C object sched/CMakeFiles/sched.dir/irq/irq_attach_wqueue.c.o
[1077/1350] Building C object sched/CMakeFiles/sched.dir/irq/irq_spinlock.c.o
[1078/1350] Building C object sched/CMakeFiles/sched.dir/mqueue/mq_initialize.c.o
[1079/1350] Building C object sched/CMakeFiles/sched.dir/mqueue/mq_recover.c.o
[1080/1350] Building C object sched/CMakeFiles/sched.dir/misc/panic_notifier.c.o
[1081/1350] Building C object sched/CMakeFiles/sched.dir/mqueue/mq_waitirq.c.o
[1082/1350] Building C object sched/CMakeFiles/sched.dir/misc/reboot_notifier.c.o
[1083/1350] Building C object sched/CMakeFiles/sched.dir/misc/assert.c.o
[1084/1350] Building C object sched/CMakeFiles/sched.dir/mqueue/mq_msgqalloc.c.o
[1085/1350] Building C object sched/CMakeFiles/sched.dir/mqueue/mq_msgfree.c.o
[1086/1350] Building C object sched/CMakeFiles/sched.dir/mqueue/mq_send.c.o
[1087/1350] Building C object sched/CMakeFiles/sched.dir/mqueue/mq_receive.c.o
[1088/1350] Building C object sched/CMakeFiles/sched.dir/mqueue/mq_sndinternal.c.o
[1089/1350] Building C object sched/CMakeFiles/sched.dir/mqueue/mq_rcvinternal.c.o
[1090/1350] Building C object sched/CMakeFiles/sched.dir/mqueue/mq_getattr.c.o
[1091/1350] Building C object sched/CMakeFiles/sched.dir/mqueue/mq_setattr.c.o
[1092/1350] Building C object sched/CMakeFiles/sched.dir/mqueue/mq_msgqfree.c.o
[1093/1350] Building C object sched/CMakeFiles/sched.dir/mqueue/mq_notify.c.o
[1094/1350] Building C object sched/CMakeFiles/sched.dir/mqueue/msgget.c.o
[1095/1350] Building C object sched/CMakeFiles/sched.dir/mqueue/msgctl.c.o
[1096/1350] Building C object sched/CMakeFiles/sched.dir/mqueue/msginternal.c.o
[1097/1350] Building C object sched/CMakeFiles/sched.dir/pthread/pthread_exit.c.o
[1098/1350] Building C object sched/CMakeFiles/sched.dir/mqueue/msgrcv.c.o
[1099/1350] Building C object sched/CMakeFiles/sched.dir/mqueue/msgsnd.c.o
[1100/1350] Building C object sched/CMakeFiles/sched.dir/pthread/pthread_create.c.o
[1101/1350] Building C object sched/CMakeFiles/sched.dir/pthread/pthread_join.c.o
[1102/1350] Building C object sched/CMakeFiles/sched.dir/pthread/pthread_getschedparam.c.o
[1103/1350] Building C object sched/CMakeFiles/sched.dir/pthread/pthread_setschedparam.c.o
[1104/1350] Building C object sched/CMakeFiles/sched.dir/pthread/pthread_sigmask.c.o
[1105/1350] Building C object sched/CMakeFiles/sched.dir/pthread/pthread_cancel.c.o
[1106/1350] Building C object sched/CMakeFiles/sched.dir/pthread/pthread_detach.c.o
[1107/1350] Building C object sched/CMakeFiles/sched.dir/pthread/pthread_setschedprio.c.o
[1108/1350] Building C object sched/CMakeFiles/sched.dir/pthread/pthread_release.c.o
[1109/1350] Building C object sched/CMakeFiles/sched.dir/sched/sched_getfiles.c.o
[1110/1350] Building C object sched/CMakeFiles/sched.dir/sched/sched_profil.c.o
[1111/1350] Building C object sched/CMakeFiles/sched.dir/pthread/pthread_findjoininfo.c.o
[1112/1350] Building C object sched/CMakeFiles/sched.dir/pthread/pthread_completejoin.c.o
[1113/1350] Building C object sched/CMakeFiles/sched.dir/sched/sched_removereadytorun.c.o
[1114/1350] Building C object sched/CMakeFiles/sched.dir/sched/sched_addreadytorun.c.o
[1115/1350] Building C object sched/CMakeFiles/sched.dir/sched/sched_addblocked.c.o
[1116/1350] Building C object sched/CMakeFiles/sched.dir/sched/sched_removeblocked.c.o
[1117/1350] Building C object sched/CMakeFiles/sched.dir/sched/sched_verifytcb.c.o
[1118/1350] Building C object sched/CMakeFiles/sched.dir/sched/sched_gettcb.c.o
[1119/1350] Building C object sched/CMakeFiles/sched.dir/sched/sched_setparam.c.o
[1120/1350] Building C object sched/CMakeFiles/sched.dir/sched/sched_releasetcb.c.o
[1121/1350] Building C object sched/CMakeFiles/sched.dir/sched/sched_getparam.c.o
[1122/1350] Building C object sched/CMakeFiles/sched.dir/sched/sched_setpriority.c.o
[1123/1350] Building C object sched/CMakeFiles/sched.dir/sched/sched_setscheduler.c.o
[1124/1350] Building C object sched/CMakeFiles/sched.dir/sched/sched_getscheduler.c.o
[1125/1350] Building C object sched/CMakeFiles/sched.dir/sched/sched_yield.c.o
[1126/1350] Building C object sched/CMakeFiles/sched.dir/sched/sched_rrgetinterval.c.o
[1127/1350] Building C object sched/CMakeFiles/sched.dir/sched/sched_lock.c.o
[1128/1350] Building C object sched/CMakeFiles/sched.dir/sched/sched_foreach.c.o
[1129/1350] Building C object sched/CMakeFiles/sched.dir/sched/sched_unlock.c.o
[1130/1350] Building C object sched/CMakeFiles/sched.dir/sched/sched_lockcount.c.o
[1131/1350] Building C object sched/CMakeFiles/sched.dir/sched/sched_idletask.c.o
[1132/1350] Building C object sched/CMakeFiles/sched.dir/sched/sched_self.c.o
[1133/1350] Building C object sched/CMakeFiles/sched.dir/sched/sched_getcpu.c.o
[1134/1350] Building C object sched/CMakeFiles/sched.dir/sched/sched_get_stackinfo.c.o
[1135/1350] Building C object sched/CMakeFiles/sched.dir/sched/sched_get_tls.c.o
[1136/1350] Building C object sched/CMakeFiles/sched.dir/sched/sched_sysinfo.c.o
[1137/1350] Building C object sched/CMakeFiles/sched.dir/sched/sched_get_stateinfo.c.o
[1138/1350] Building C object sched/CMakeFiles/sched.dir/sched/sched_switchcontext.c.o
[1139/1350] Building C object sched/CMakeFiles/sched.dir/sched/sched_reprioritizertr.c.o
[1140/1350] Building C object sched/CMakeFiles/sched.dir/sched/sched_mergepending.c.o
[1141/1350] Building C object sched/CMakeFiles/sched.dir/sched/sched_roundrobin.c.o
[1142/1350] Building C object sched/CMakeFiles/sched.dir/sched/sched_waitpid.c.o
[1143/1350] Building C object sched/CMakeFiles/sched.dir/sched/sched_processtimer.c.o
[1144/1350] Building C object sched/CMakeFiles/sched.dir/sched/sched_backtrace.c.o
[1145/1350] Building C object sched/CMakeFiles/sched.dir/semaphore/sem_destroy.c.o
[1146/1350] Building C object sched/CMakeFiles/sched.dir/semaphore/sem_wait.c.o
[1147/1350] Building C object sched/CMakeFiles/sched.dir/semaphore/sem_trywait.c.o
[1148/1350] Building C object sched/CMakeFiles/sched.dir/semaphore/sem_timeout.c.o
[1149/1350] Building C object sched/CMakeFiles/sched.dir/semaphore/sem_tickwait.c.o
[1150/1350] Building C object sched/CMakeFiles/sched.dir/semaphore/sem_clockwait.c.o
[1151/1350] Building C object sched/CMakeFiles/sched.dir/semaphore/sem_post.c.o
[1152/1350] Building C object sched/CMakeFiles/sched.dir/semaphore/sem_recover.c.o
[1153/1350] Building C object sched/CMakeFiles/sched.dir/semaphore/sem_reset.c.o
[1154/1350] Building C object sched/CMakeFiles/sched.dir/semaphore/sem_waitirq.c.o
[1155/1350] Building C object sched/CMakeFiles/sched.dir/signal/sig_allocpendingsigaction.c.o
[1156/1350] Building C object sched/CMakeFiles/sched.dir/signal/sig_cleanup.c.o
[1157/1350] Building C object sched/CMakeFiles/sched.dir/signal/sig_action.c.o
[1158/1350] Building C object sched/CMakeFiles/sched.dir/signal/sig_findaction.c.o
[1159/1350] Building C object sched/CMakeFiles/sched.dir/signal/sig_deliver.c.o
[1160/1350] Building C object sched/CMakeFiles/sched.dir/signal/sig_initialize.c.o
[1161/1350] Building C object sched/CMakeFiles/sched.dir/signal/sig_pending.c.o
[1162/1350] Building C object sched/CMakeFiles/sched.dir/semaphore/sem_rw.c.o
[1163/1350] Building C object sched/CMakeFiles/sched.dir/signal/sig_releasependingsigaction.c.o
[1164/1350] Building C object sched/CMakeFiles/sched.dir/signal/sig_releasependingsignal.c.o
[1165/1350] Building C object sched/CMakeFiles/sched.dir/signal/sig_removependingsignal.c.o
[1166/1350] Building C object sched/CMakeFiles/sched.dir/signal/sig_unmaskpendingsignal.c.o
[1167/1350] Building C object sched/CMakeFiles/sched.dir/signal/sig_lowest.c.o
[1168/1350] Building C object sched/CMakeFiles/sched.dir/signal/sig_kill.c.o
[1169/1350] Building C object sched/CMakeFiles/sched.dir/signal/sig_nanosleep.c.o
[1170/1350] Building C object sched/CMakeFiles/sched.dir/signal/sig_pause.c.o
[1171/1350] Building C object sched/CMakeFiles/sched.dir/signal/sig_notification.c.o
[1172/1350] Building C object sched/CMakeFiles/sched.dir/signal/sig_dispatch.c.o
[1173/1350] Building C object sched/CMakeFiles/sched.dir/signal/sig_ppoll.c.o
[1174/1350] Building C object sched/CMakeFiles/sched.dir/signal/sig_procmask.c.o
[1175/1350] Building C object sched/CMakeFiles/sched.dir/signal/sig_sleep.c.o
[1176/1350] Building C object sched/CMakeFiles/sched.dir/signal/sig_pselect.c.o
[1177/1350] Building C object sched/CMakeFiles/sched.dir/signal/sig_queue.c.o
[1178/1350] Building C object sched/CMakeFiles/sched.dir/signal/sig_suspend.c.o
[1179/1350] Building C object sched/CMakeFiles/sched.dir/signal/sig_usleep.c.o
[1180/1350] Building C object sched/CMakeFiles/sched.dir/signal/sig_waitinfo.c.o
[1181/1350] Building C object sched/CMakeFiles/sched.dir/signal/sig_tgkill.c.o
[1182/1350] Building C object sched/CMakeFiles/sched.dir/task/task_argvstr.c.o
[1183/1350] Building C object sched/CMakeFiles/sched.dir/task/task_create.c.o
[1184/1350] Building C object sched/CMakeFiles/sched.dir/signal/sig_timedwait.c.o
[1185/1350] Building C object sched/CMakeFiles/sched.dir/task/task_activate.c.o
[1186/1350] Building C object sched/CMakeFiles/sched.dir/task/task_init.c.o
[1187/1350] Building C object sched/CMakeFiles/sched.dir/task/task_start.c.o
[1188/1350] Building C object sched/CMakeFiles/sched.dir/task/task_delete.c.o
[1189/1350] Building C object sched/CMakeFiles/sched.dir/task/task_exit.c.o
[1190/1350] Building C object sched/CMakeFiles/sched.dir/task/task_setup.c.o
[1191/1350] Building C object sched/CMakeFiles/sched.dir/task/task_prctl.c.o
[1192/1350] Building C object sched/CMakeFiles/sched.dir/task/task_exithook.c.o
[1193/1350] Building C object sched/CMakeFiles/sched.dir/task/task_recover.c.o
[1194/1350] Building C object sched/CMakeFiles/sched.dir/task/task_cancelpt.c.o
[1195/1350] Building C object sched/CMakeFiles/sched.dir/task/task_restart.c.o
[1196/1350] Building C object sched/CMakeFiles/sched.dir/task/task_spawnparms.c.o
[1197/1350] Building C object sched/CMakeFiles/sched.dir/task/task_terminate.c.o
[1198/1350] Building C object sched/CMakeFiles/sched.dir/task/task_join.c.o
[1199/1350] Building C object sched/CMakeFiles/sched.dir/task/exit.c.o
[1200/1350] Building C object sched/CMakeFiles/sched.dir/task/task_spawn.c.o
[1201/1350] Building C object sched/CMakeFiles/sched.dir/task/task_fork.c.o
[1202/1350] Building C object sched/CMakeFiles/sched.dir/timer/timer_initialize.c.o
[1203/1350] Building C object sched/CMakeFiles/sched.dir/timer/timer_delete.c.o
[1204/1350] Building C object sched/CMakeFiles/sched.dir/timer/timer_getoverrun.c.o
[1205/1350] Building C object sched/CMakeFiles/sched.dir/timer/timer_create.c.o
[1206/1350] Building C object sched/CMakeFiles/sched.dir/timer/timer_getitimer.c.o
[1207/1350] Building C object sched/CMakeFiles/sched.dir/timer/timer_gettime.c.o
[1208/1350] Building C object sched/CMakeFiles/sched.dir/timer/timer_release.c.o
[1209/1350] Building C object sched/CMakeFiles/sched.dir/timer/timer_settime.c.o
[1210/1350] Building C object sched/CMakeFiles/sched.dir/tls/task_initinfo.c.o
[1211/1350] Building C object sched/CMakeFiles/sched.dir/timer/timer_setitimer.c.o
[1212/1350] Building C object sched/CMakeFiles/sched.dir/tls/tls_initinfo.c.o
[1213/1350] Building C object sched/CMakeFiles/sched.dir/tls/task_uninitinfo.c.o
[1214/1350] Building C object sched/CMakeFiles/sched.dir/wdog/wd_initialize.c.o
[1215/1350] Building C object sched/CMakeFiles/sched.dir/tls/tls_dupinfo.c.o
[1216/1350] Building C object sched/CMakeFiles/sched.dir/wdog/wd_cancel.c.o
[1217/1350] Building C object sched/CMakeFiles/sched.dir/wdog/wd_start.c.o
[1218/1350] Building C object sched/CMakeFiles/sched.dir/wdog/wd_gettime.c.o
[1219/1350] Building C object sched/CMakeFiles/sched.dir/wqueue/kwork_queue.c.o
[1220/1350] Building C object sched/CMakeFiles/sched.dir/wqueue/kwork_cancel.c.o
[1221/1350] Building C object wireless/CMakeFiles/wireless.dir/bluetooth/bt_queue.c.o
[1222/1350] Building C object wireless/CMakeFiles/wireless.dir/bluetooth/bt_buf.c.o
[1223/1350] Building C object wireless/CMakeFiles/wireless.dir/bluetooth/bt_netdev.c.o
[1224/1350] Building C object sched/CMakeFiles/sched.dir/wqueue/kwork_thread.c.o
[1225/1350] Building C object wireless/CMakeFiles/wireless.dir/bluetooth/bt_keys.c.o
[1226/1350] Building C object wireless/CMakeFiles/wireless.dir/bluetooth/bt_conn.c.o
[1227/1350] Building C object wireless/CMakeFiles/wireless.dir/bluetooth/bt_att.c.o
[1228/1350] Building C object wireless/CMakeFiles/wireless.dir/bluetooth/bt_ioctl.c.o
[1229/1350] Building C object wireless/CMakeFiles/wireless.dir/bluetooth/bt_gatt.c.o
[1230/1350] Building C object wireless/CMakeFiles/wireless.dir/bluetooth/bt_hcicore.c.o
[1231/1350] Building C object boards/CMakeFiles/board.dir/__/dummy.c.o
[1232/1350] Building C object wireless/CMakeFiles/wireless.dir/bluetooth/bt_uuid.c.o
[1233/1350] Building C object wireless/CMakeFiles/wireless.dir/bluetooth/bt_l2cap.c.o
[1234/1350] Building C object apps/CMakeFiles/apps.dir/dummy.c.o
[1235/1350] Building C object wireless/CMakeFiles/wireless.dir/bluetooth/bt_services.c.o
[1236/1350] Building C object boards/CMakeFiles/board.dir/arm64/rk3576/kickpi_k7/src/kickpi_k7_appinit.c.o
[1237/1350] Building C object boards/CMakeFiles/board.dir/arm64/rk3576/kickpi_k7/src/kickpi_k7_boardinit.c.o
[1238/1350] Building C object boards/CMakeFiles/board.dir/boardctl.c.o
[1239/1350] Building C object wireless/CMakeFiles/wireless.dir/bluetooth/bt_smp.c.o
[1240/1350] Building C object apps/CMakeFiles/apps.dir/netutils/netlib/netlib_ipv4addrconv.c.o
[1241/1350] Building C object apps/CMakeFiles/apps.dir/netutils/netlib/netlib_ethaddrconv.c.o
[1242/1350] Building C object apps/CMakeFiles/apps.dir/netutils/netlib/netlib_parsehttpurl.c.o
[1243/1350] Building C object apps/CMakeFiles/apps.dir/netutils/netlib/netlib_setifstatus.c.o
[1244/1350] Building C object apps/CMakeFiles/apps.dir/netutils/netlib/netlib_getifstatus.c.o
[1245/1350] Building C object apps/CMakeFiles/apps.dir/netutils/netlib/netlib_setmtu.c.o
[1246/1350] Building C object apps/CMakeFiles/apps.dir/netutils/netlib/netlib_getiobinfo.c.o
[1247/1350] Building C object apps/CMakeFiles/apps.dir/nshlib/nsh_init.c.o
[1248/1350] Building C object apps/CMakeFiles/apps.dir/netutils/netlib/netlib_checkhttpconnectivity.c.o
[1249/1350] Building C object apps/CMakeFiles/apps.dir/nshlib/nsh_console.c.o
[1250/1350] Building C object apps/CMakeFiles/apps.dir/nshlib/nsh_script.c.o
[1251/1350] Building C object apps/CMakeFiles/apps.dir/nshlib/nsh_system.c.o
[1252/1350] Building C object apps/CMakeFiles/apps.dir/nshlib/nsh_command.c.o
[1253/1350] Building C object apps/CMakeFiles/apps.dir/nshlib/nsh_mmcmds.c.o
[1254/1350] Building C object apps/CMakeFiles/apps.dir/nshlib/nsh_ddcmd.c.o
[1255/1350] Building C object apps/CMakeFiles/apps.dir/nshlib/nsh_timcmds.c.o
[1256/1350] Building C object apps/CMakeFiles/apps.dir/nshlib/nsh_proccmds.c.o
[1257/1350] Building C object apps/CMakeFiles/apps.dir/nshlib/nsh_parse.c.o
[1258/1350] Building C object apps/CMakeFiles/apps.dir/nshlib/nsh_prompt.c.o
[1259/1350] Building C object apps/CMakeFiles/apps.dir/nshlib/nsh_envcmds.c.o
[1260/1350] Building C object apps/CMakeFiles/apps.dir/nshlib/nsh_fscmds.c.o
[1261/1350] Building C object apps/CMakeFiles/apps.dir/nshlib/nsh_syscmds.c.o
[1262/1350] Building C object apps/CMakeFiles/apps.dir/nshlib/nsh_session.c.o
[1263/1350] Building C object apps/CMakeFiles/apps.dir/nshlib/nsh_dbgcmds.c.o
[1264/1350] Building C object apps/CMakeFiles/apps.dir/nshlib/nsh_fileapps.c.o
[1265/1350] Building C object apps/CMakeFiles/apps.dir/nshlib/nsh_fsutils.c.o
[1266/1350] Building C object apps/CMakeFiles/apps.dir/nshlib/nsh_consolemain.c.o
[1267/1350] Building C object apps/CMakeFiles/apps.dir/nshlib/nsh_netcmds.c.o
[1268/1350] Building C object apps/CMakeFiles/apps.dir/nshlib/nsh_mntcmds.c.o
[1269/1350] Building C object apps/CMakeFiles/apps.dir/nshlib/nsh_printf.c.o
[1270/1350] Building C object apps/CMakeFiles/apps.dir/system/readline/readline.c.o
[1271/1350] Building C object apps/CMakeFiles/apps.dir/system/readline/readline_stream.c.o
[1272/1350] Building C object apps/CMakeFiles/apps.dir/nshlib/nsh_wait.c.o
[1273/1350] Building C object apps/CMakeFiles/apps.dir/nshlib/nsh_test.c.o
[1274/1350] Building C object apps/CMakeFiles/apps.dir/system/readline/readline_fd.c.o
[1275/1350] Building C object apps/CMakeFiles/apps.dir/nshlib/nsh_alias.c.o
[1276/1350] Building C object apps/CMakeFiles/apps.dir/system/system/system.c.o
[1277/1350] Building C object apps/CMakeFiles/apps.dir/system/readline/readline_common.c.o
[1278/1350] Building C object apps/CMakeFiles/apps.dir/wireless/bluetooth/btsak/btsak_advertise.c.o
[1279/1350] Building C object apps/CMakeFiles/apps.dir/wireless/bluetooth/btsak/btsak_features.c.o
[1280/1350] Building C object apps/CMakeFiles/apps.dir/wireless/bluetooth/btsak/btsak_info.c.o
[1281/1350] Building C object apps/system/nsh/CMakeFiles/apps_sh.dir/sh_main.c.o
[1282/1350] Building C object apps/system/nsh/CMakeFiles/apps_nsh.dir/nsh_main.c.o
[1283/1350] Building C object apps/CMakeFiles/apps.dir/wireless/bluetooth/btsak/btsak_gatt.c.o
[1284/1350] Building C object apps/CMakeFiles/apps.dir/wireless/bluetooth/btsak/btsak_security.c.o
[1285/1350] Building C object apps/CMakeFiles/apps.dir/wireless/bluetooth/btsak/btsak_scan.c.o
[1286/1350] Building C object apps/examples/hello/CMakeFiles/apps_hello.dir/hello_main.c.o
[1287/1350] Building C object apps/examples/gimbal/CMakeFiles/apps_gimbal.dir/gimbal_main.c.o
[1288/1350] Building C object apps/examples/gimbal/CMakeFiles/apps_gimbal.dir/gimbal_link.c.o
[1289/1350] Building C object apps/examples/k7host/CMakeFiles/apps_k7host.dir/k7_jpeg.c.o
[1290/1350] Building C object apps/wireless/bluetooth/btsak/CMakeFiles/apps_bt.dir/btsak_main.c.o
[1291/1350] Building C object apps/examples/k7host/CMakeFiles/apps_k7host.dir/fusion_core.c.o
[1292/1350] Building C object apps/examples/k7host/CMakeFiles/apps_k7host.dir/k7_pipeline.c.o
[1293/1350] Building C object apps/examples/k7host/CMakeFiles/apps_k7host.dir/k7_photo.c.o
[1294/1350] Building C object apps/examples/k7host/CMakeFiles/apps_k7host.dir/k7_track.c.o
[1295/1350] Building C object apps/examples/k7host/CMakeFiles/apps_k7host.dir/k7_preview.c.o
[1296/1350] Building C object apps/examples/k7host/CMakeFiles/apps_k7host.dir/k7_preview_queue.c.o
[1297/1350] Building C object apps/examples/k7host/CMakeFiles/apps_k7host.dir/dwc3_transport_core.c.o
[1298/1350] Building C object apps/examples/k7host/CMakeFiles/apps_k7host.dir/k7_video_frame.c.o
[1299/1350] Building C object apps/examples/k7host/CMakeFiles/apps_k7host.dir/k7_video_queue.c.o
[1300/1350] Building C object apps/examples/k7npu/CMakeFiles/apps_k7npu.dir/k7npu_main.c.o
[1301/1350] Building C object apps/examples/k7host/CMakeFiles/apps_k7host.dir/k7_link_probe.c.o
[1302/1350] Building C object apps/examples/k7npu/CMakeFiles/apps_k7npu.dir/k7npu_mmutest.c.o
[1303/1350] Building C object apps/examples/k7host/CMakeFiles/apps_k7host.dir/k7host_main.c.o
[1304/1350] Building C object apps/examples/k7npu/CMakeFiles/apps_k7npu.dir/rk3576_npu_mmu.c.o
[1305/1350] Building C object apps/examples/k7npu/CMakeFiles/apps_k7npu.dir/rk3576_npu_window.c.o
[1306/1350] Building C object apps/examples/k7npu/CMakeFiles/apps_k7npu.dir/k7npu_fixture_io.c.o
[1307/1350] Building C object apps/examples/k7npu/CMakeFiles/apps_k7npu.dir/k7npu_rawtest.c.o
[1308/1350] Building C object apps/examples/k7radio/CMakeFiles/apps_k7radio.dir/skw_bus.c.o
[1309/1350] Building C object apps/examples/k7radio/CMakeFiles/apps_k7radio.dir/skw_packet.c.o
[1310/1350] Building C object apps/examples/k7radio/CMakeFiles/apps_k7radio.dir/skw_dw.c.o
[1311/1350] Building C object apps/examples/k7radio/CMakeFiles/apps_k7radio.dir/skw_rk3576.c.o
[1312/1350] Building C object apps/examples/k7radio/CMakeFiles/apps_k7radio.dir/skw_wpa_transport.c.o
[1313/1350] Building C object apps/examples/k7radio/CMakeFiles/apps_k7radio.dir/prov_protocol.c.o
[1314/1350] Building C object apps/examples/k7radio/CMakeFiles/apps_k7radio.dir/skw_bt.c.o
[1315/1350] Building C object apps/external/android/CMakeFiles/android.dir/dummy.c.o
[1316/1350] Building C object apps/examples/k7usb/CMakeFiles/apps_k7usb.dir/k7usb_main.c.o
[1317/1350] Building C object apps/builtin/CMakeFiles/apps_builtin.dir/builtin_list.c.o
[1318/1350] Building ASM object CMakeFiles/nuttx.dir/arch/arm64/src/common/arm64_head.S.o
[1319/1350] Building C object CMakeFiles/nuttx.dir/empty.c.o
[1320/1350] Linking C static library apps/external/libjpeg-turbo/libturbojpeg-static.a
[1321/1350] Linking C static library binfmt/libbinfmt.a
[1322/1350] Linking C static library arch/libarch.a
[1323/1350] Linking C static library drivers/libdrivers.a
[1324/1350] Linking C static library fs/libfs.a
[1325/1350] Building C object apps/examples/k7radio/CMakeFiles/apps_k7radio.dir/cJSON.c.o
[1326/1350] Linking C static library mm/libmm.a
[1327/1350] Linking C static library net/libnet.a
[1328/1350] Linking C static library wireless/libwireless.a
[1329/1350] Linking C static library boards/libboard.a
[1330/1350] Linking C static library apps/libapps.a
[1331/1350] Linking C static library apps/system/nsh/libapps_nsh.a
[1332/1350] Linking C static library apps/system/nsh/libapps_sh.a
[1333/1350] Linking C static library apps/wireless/bluetooth/btsak/libapps_bt.a
[1334/1350] Linking C static library apps/examples/gimbal/libapps_gimbal.a
[1335/1350] Linking C static library apps/examples/hello/libapps_hello.a
[1336/1350] Linking C static library apps/examples/k7npu/libapps_k7npu.a
[1337/1350] Linking C static library apps/examples/k7usb/libapps_k7usb.a
[1338/1350] Linking C static library sched/libsched.a
[1339/1350] Linking C static library apps/external/android/libandroid.a
[1340/1350] Linking C static library apps/builtin/libapps_builtin.a
[1341/1350] Building C object arch/arm64/src/common/CMakeFiles/STARTUP_OBJS.dir/crt0.c.o
[1342/1350] Building C object apps/examples/k7radio/CMakeFiles/apps_k7radio.dir/k7radio_main.c.o
[1343/1350] Linking C static library apps/examples/k7radio/libapps_k7radio.a
[1344/1350] Linking C static library libs/libc/libc.a
[1345/1350] Building C object apps/examples/k7host/CMakeFiles/apps_k7host.dir/k7_yunet.c.o
[1346/1350] Building C object apps/examples/k7host/CMakeFiles/apps_k7host.dir/k7_pose.c.o
[1347/1350] Linking C static library apps/examples/k7host/libapps_k7host.a
[1348/1350] Linking C executable nuttx
Memory region         Used Size  Region Size  %age Used
            dram:       4800 KB       126 MB      3.72%
[1349/1350] Generating nuttx.bin
[1350/1350] Generating System.map
