{"result": "PASS", "source_files": 452, "changes": 19, "applied": true}
-- Found Python3: /usr/bin/python3.10 (found version "3.10.12") found components: Interpreter 
-- Initializing NuttX
Loaded configuration '/home/swl/openvela/cmake_out/velavision_emmc_readonly_20260910/.config.compressed'
Minimal configuration saved to '/home/swl/openvela/cmake_out/velavision_emmc_readonly_20260910/defconfig.tmp'
  Select HOST_LINUX=y
--   CMake:  3.23.0
--   Ninja:  1.12.1
--   Board:  kickpi_k7
--   Config: velavision_emmc_readonly_local
--   Appdir: /home/swl/openvela/apps
-- The C compiler identification is GNU 11.4.0
-- Detecting C compiler ABI info
-- Detecting C compiler ABI info - done
-- Check for working C compiler: /home/swl/openvela/prebuilts/tools/linux/x86_64/cc - skipped
-- Detecting C compile features
-- Detecting C compile features - done
-- NuttX Host Tools
-- Configuring done
-- Generating done
-- Build files have been written to: /home/swl/openvela/cmake_out/velavision_emmc_readonly_20260910/bin_host
-- The C compiler identification is GNU 13.4.0
-- The CXX compiler identification is GNU 13.4.0
-- The ASM compiler identification is GNU
-- Found assembler: /home/swl/openvela/prebuilts/gcc/linux-x86_64/aarch64-none-elf/bin/aarch64-none-elf-gcc
-- Detecting C compiler ABI info
-- Detecting C compiler ABI info - done
-- Check for working C compiler: /home/swl/openvela/prebuilts/gcc/linux-x86_64/aarch64-none-elf/bin/aarch64-none-elf-gcc - skipped
-- Detecting C compile features
-- Detecting C compile features - done
-- Detecting CXX compiler ABI info
-- Detecting CXX compiler ABI info - done
-- Check for working CXX compiler: /home/swl/openvela/prebuilts/gcc/linux-x86_64/aarch64-none-elf/bin/aarch64-none-elf-g++ - skipped
-- Detecting CXX compile features
-- Detecting CXX compile features - done
-- Configuring done
-- Generating done
-- Build files have been written to: /home/swl/openvela/cmake_out/velavision_emmc_readonly_20260910
[1/1491] cd /home/swl/openvela/cmake_out/velavision_emmc_readonly_20260910/libs/libc/misc && /home/swl/openvela/prebuilts/tools/cmake/bin/cmake -E touch /home/swl/openvela/nuttx/libs/libc/misc/lib_utsname.c
[2/1491] Generating bin output directories
[3/1491] Generating dramboot.ld.tmp
[4/1491] cd /home/swl/openvela/nuttx && /home/swl/openvela/prebuilts/tools/cmake/bin/cmake -DKCONFIG_CONFIG=/home/swl/openvela/nuttx/boards/arm64/rk3576/kickpi_k7/configs/velavision_emmc_readonly_local/defconfig -DNUTTX_DIR=/home/swl/openvela/nuttx -DCMAKE_BINARY_DIR=/home/swl/openvela/cmake_out/velavision_emmc_readonly_20260910 -P /home/swl/openvela/nuttx/cmake/nuttx_generate_dts.cmake
[5/1491] Building C object apps/external/libjpeg-turbo/CMakeFiles/turbojpeg-static.dir/libjpeg-turbo/jaricom.c.o
[6/1491] Building C object apps/external/libjpeg-turbo/CMakeFiles/turbojpeg-static.dir/libjpeg-turbo/jcapistd.c.o
[7/1491] Building C object apps/external/libjpeg-turbo/CMakeFiles/turbojpeg-static.dir/libjpeg-turbo/jcapimin.c.o
[8/1491] Building C object apps/external/libjpeg-turbo/CMakeFiles/turbojpeg-static.dir/libjpeg-turbo/jccoefct.c.o
[9/1491] Building C object apps/external/libjpeg-turbo/CMakeFiles/turbojpeg-static.dir/libjpeg-turbo/jcicc.c.o
[10/1491] Building C object apps/external/libjpeg-turbo/CMakeFiles/turbojpeg-static.dir/libjpeg-turbo/jcdctmgr.c.o
[11/1491] Building C object apps/external/libjpeg-turbo/CMakeFiles/turbojpeg-static.dir/libjpeg-turbo/jcinit.c.o
[12/1491] Building C object apps/external/libjpeg-turbo/CMakeFiles/turbojpeg-static.dir/libjpeg-turbo/jcarith.c.o
[13/1491] Building C object apps/external/libjpeg-turbo/CMakeFiles/turbojpeg-static.dir/libjpeg-turbo/jcmainct.c.o
[14/1491] Building C object apps/external/libjpeg-turbo/CMakeFiles/turbojpeg-static.dir/libjpeg-turbo/jccolor.c.o
[15/1491] Building C object apps/external/libjpeg-turbo/CMakeFiles/turbojpeg-static.dir/libjpeg-turbo/jcomapi.c.o
[16/1491] Building C object apps/external/libjpeg-turbo/CMakeFiles/turbojpeg-static.dir/libjpeg-turbo/jcmarker.c.o
[17/1491] Building C object apps/external/libjpeg-turbo/CMakeFiles/turbojpeg-static.dir/libjpeg-turbo/jcmaster.c.o
[18/1491] Building C object apps/external/libjpeg-turbo/CMakeFiles/turbojpeg-static.dir/libjpeg-turbo/jcparam.c.o
[19/1491] Building C object apps/external/libjpeg-turbo/CMakeFiles/turbojpeg-static.dir/libjpeg-turbo/jcprepct.c.o
[20/1491] Building C object apps/external/libjpeg-turbo/CMakeFiles/turbojpeg-static.dir/libjpeg-turbo/jcphuff.c.o
[21/1491] Building C object apps/external/libjpeg-turbo/CMakeFiles/turbojpeg-static.dir/libjpeg-turbo/jctrans.c.o
[22/1491] Building C object apps/external/libjpeg-turbo/CMakeFiles/turbojpeg-static.dir/libjpeg-turbo/jcsample.c.o
[23/1491] Building C object apps/external/libjpeg-turbo/CMakeFiles/turbojpeg-static.dir/libjpeg-turbo/jdapimin.c.o
[24/1491] Building C object apps/external/libjpeg-turbo/CMakeFiles/turbojpeg-static.dir/libjpeg-turbo/jdatasrc-tj.c.o
[25/1491] Building C object apps/external/libjpeg-turbo/CMakeFiles/turbojpeg-static.dir/libjpeg-turbo/jdatadst-tj.c.o
[26/1491] Building C object apps/external/libjpeg-turbo/CMakeFiles/turbojpeg-static.dir/libjpeg-turbo/jdapistd.c.o
[27/1491] Building C object apps/external/libjpeg-turbo/CMakeFiles/turbojpeg-static.dir/libjpeg-turbo/jdatadst.c.o
[28/1491] Building C object apps/external/libjpeg-turbo/CMakeFiles/turbojpeg-static.dir/libjpeg-turbo/jdatasrc.c.o
[29/1491] Building C object apps/external/libjpeg-turbo/CMakeFiles/turbojpeg-static.dir/libjpeg-turbo/jddctmgr.c.o
[30/1491] Building C object apps/external/libjpeg-turbo/CMakeFiles/turbojpeg-static.dir/libjpeg-turbo/jdarith.c.o
[31/1491] Building C object apps/external/libjpeg-turbo/CMakeFiles/turbojpeg-static.dir/libjpeg-turbo/jdicc.c.o
[32/1491] Building C object apps/external/libjpeg-turbo/CMakeFiles/turbojpeg-static.dir/libjpeg-turbo/jdinput.c.o
[33/1491] Building C object apps/external/libjpeg-turbo/CMakeFiles/turbojpeg-static.dir/libjpeg-turbo/jdcoefct.c.o
[34/1491] Building C object apps/external/libjpeg-turbo/CMakeFiles/turbojpeg-static.dir/libjpeg-turbo/jdmainct.c.o
[35/1491] Building C object apps/external/libjpeg-turbo/CMakeFiles/turbojpeg-static.dir/libjpeg-turbo/jdhuff.c.o
[36/1491] Building C object apps/external/libjpeg-turbo/CMakeFiles/turbojpeg-static.dir/libjpeg-turbo/jdcolor.c.o
[37/1491] Building C object apps/external/libjpeg-turbo/CMakeFiles/turbojpeg-static.dir/libjpeg-turbo/jdmaster.c.o
[38/1491] Building C object apps/external/libjpeg-turbo/CMakeFiles/turbojpeg-static.dir/libjpeg-turbo/jdpostct.c.o
[39/1491] Building C object apps/external/libjpeg-turbo/CMakeFiles/turbojpeg-static.dir/libjpeg-turbo/jdphuff.c.o
[40/1491] Building C object apps/external/libjpeg-turbo/CMakeFiles/turbojpeg-static.dir/libjpeg-turbo/jdmarker.c.o
[41/1491] Building C object apps/external/libjpeg-turbo/CMakeFiles/turbojpeg-static.dir/libjpeg-turbo/jdtrans.c.o
[42/1491] Building C object apps/external/libjpeg-turbo/CMakeFiles/turbojpeg-static.dir/libjpeg-turbo/jdsample.c.o
[43/1491] Building C object apps/external/libjpeg-turbo/CMakeFiles/turbojpeg-static.dir/libjpeg-turbo/jfdctflt.c.o
[44/1491] Building C object apps/external/libjpeg-turbo/CMakeFiles/turbojpeg-static.dir/libjpeg-turbo/jerror.c.o
[45/1491] Building C object apps/external/libjpeg-turbo/CMakeFiles/turbojpeg-static.dir/libjpeg-turbo/jfdctfst.c.o
[46/1491] Building C object apps/external/libjpeg-turbo/CMakeFiles/turbojpeg-static.dir/libjpeg-turbo/jfdctint.c.o
[47/1491] Building C object apps/external/libjpeg-turbo/CMakeFiles/turbojpeg-static.dir/libjpeg-turbo/jdmerge.c.o
[48/1491] Building C object apps/external/libjpeg-turbo/CMakeFiles/turbojpeg-static.dir/libjpeg-turbo/jidctflt.c.o
[49/1491] Building C object apps/external/libjpeg-turbo/CMakeFiles/turbojpeg-static.dir/libjpeg-turbo/jidctfst.c.o
[50/1491] Building C object apps/external/libjpeg-turbo/CMakeFiles/turbojpeg-static.dir/libjpeg-turbo/jidctred.c.o
[51/1491] Building C object apps/external/libjpeg-turbo/CMakeFiles/turbojpeg-static.dir/libjpeg-turbo/jmemnobs.c.o
[52/1491] Building C object apps/external/libjpeg-turbo/CMakeFiles/turbojpeg-static.dir/libjpeg-turbo/jpegtran.c.o
[53/1491] Building C object apps/external/libjpeg-turbo/CMakeFiles/turbojpeg-static.dir/libjpeg-turbo/jmemmgr.c.o
[54/1491] Building C object apps/external/libjpeg-turbo/CMakeFiles/turbojpeg-static.dir/libjpeg-turbo/jquant1.c.o
[55/1491] Building C object apps/external/libjpeg-turbo/CMakeFiles/turbojpeg-static.dir/libjpeg-turbo/jutils.c.o
[56/1491] Building ASM object arch/CMakeFiles/arch.dir/arm64/src/common/arm64_vectors.S.o
[57/1491] Building ASM object arch/CMakeFiles/arch.dir/arm64/src/common/arm64_vector_table.S.o
[58/1491] Building C object apps/external/libjpeg-turbo/CMakeFiles/turbojpeg-static.dir/libjpeg-turbo/jsimd_none.c.o
[59/1491] Building ASM object arch/CMakeFiles/arch.dir/arm64/src/common/arm64_fork_func.S.o
[60/1491] Building C object apps/external/libjpeg-turbo/CMakeFiles/turbojpeg-static.dir/libjpeg-turbo/jquant2.c.o
[61/1491] Building C object arch/CMakeFiles/arch.dir/arm64/src/common/arm64_initialize.c.o
[62/1491] Building C object arch/CMakeFiles/arch.dir/arm64/src/common/arm64_boot.c.o
[63/1491] Building C object arch/CMakeFiles/arch.dir/arm64/src/common/arm64_initialstate.c.o
[64/1491] Building C object arch/CMakeFiles/arch.dir/arm64/src/common/arm64_nputs.c.o
[65/1491] Building C object apps/external/libjpeg-turbo/CMakeFiles/turbojpeg-static.dir/libjpeg-turbo/jidctint.c.o
[66/1491] Building C object arch/CMakeFiles/arch.dir/arm64/src/common/arm64_createstack.c.o
[67/1491] Building C object arch/CMakeFiles/arch.dir/arm64/src/common/arm64_releasestack.c.o
[68/1491] Building C object arch/CMakeFiles/arch.dir/arm64/src/common/arm64_stackframe.c.o
[69/1491] Building C object arch/CMakeFiles/arch.dir/arm64/src/common/arm64_usestack.c.o
[70/1491] Building C object arch/CMakeFiles/arch.dir/arm64/src/common/arm64_exit.c.o
[71/1491] Building C object arch/CMakeFiles/arch.dir/arm64/src/common/arm64_getintstack.c.o
[72/1491] Building C object arch/CMakeFiles/arch.dir/arm64/src/common/arm64_perf.c.o
[73/1491] Building C object arch/CMakeFiles/arch.dir/arm64/src/common/arm64_fork.c.o
[74/1491] Building C object arch/CMakeFiles/arch.dir/arm64/src/common/arm64_registerdump.c.o
[75/1491] Building C object arch/CMakeFiles/arch.dir/arm64/src/common/arm64_tcbinfo.c.o
[76/1491] Building C object arch/CMakeFiles/arch.dir/arm64/src/common/arm64_cpuidlestack.c.o
[77/1491] Building C object arch/CMakeFiles/arch.dir/arm64/src/common/arm64_schedulesigaction.c.o
[78/1491] Building C object arch/CMakeFiles/arch.dir/arm64/src/common/arm64_sigdeliver.c.o
[79/1491] Building C object arch/CMakeFiles/arch.dir/arm64/src/common/arm64_arch_timer.c.o
[80/1491] Building C object arch/CMakeFiles/arch.dir/arm64/src/common/arm64_doirq.c.o
[81/1491] Building C object arch/CMakeFiles/arch.dir/arm64/src/common/arm64_cache.c.o
[82/1491] Building C object arch/CMakeFiles/arch.dir/arm64/src/common/arm64_syscall.c.o
[83/1491] Building C object arch/CMakeFiles/arch.dir/arm64/src/common/arm64_allocateheap.c.o
[84/1491] Building C object arch/CMakeFiles/arch.dir/arm64/src/common/arm64_fatal.c.o
[85/1491] Building C object arch/CMakeFiles/arch.dir/arm64/src/common/arm64_idle.c.o
[86/1491] Building ASM object arch/CMakeFiles/arch.dir/arm64/src/common/arm64_smccc.S.o
[87/1491] Building C object arch/CMakeFiles/arch.dir/arm64/src/common/arm64_gicv2.c.o
[88/1491] Building C object arch/CMakeFiles/arch.dir/arm64/src/common/arm64_fpu.c.o
[89/1491] Building C object arch/CMakeFiles/arch.dir/arm64/src/common/arm64_cpu_psci.c.o
[90/1491] Building ASM object arch/CMakeFiles/arch.dir/arm64/src/common/arm64_fpu_func.S.o
[91/1491] Building C object arch/CMakeFiles/arch.dir/arm64/src/common/arm64_hwdebug.c.o
[92/1491] Building C object arch/CMakeFiles/arch.dir/arm64/src/common/arm64_mmu.c.o
[93/1491] Building ASM object arch/CMakeFiles/arch.dir/arm64/src/rk3576/rk3576_lowputc.S.o
[94/1491] Building C object arch/CMakeFiles/arch.dir/arm64/src/common/arm64_checkstack.c.o
[95/1491] Building C object arch/CMakeFiles/arch.dir/arm64/src/rk3576/rk3576_boot.c.o
[96/1491] Building C object arch/CMakeFiles/arch.dir/arm64/src/common/arm64_backtrace.c.o
[97/1491] Building C object arch/CMakeFiles/arch.dir/arm64/src/rk3576/rk3576_serial.c.o
[98/1491] Building C object binfmt/CMakeFiles/binfmt.dir/binfmt_globals.c.o
[99/1491] Building C object arch/CMakeFiles/arch.dir/arm64/src/rk3576/rk3576_uart6.c.o
[100/1491] Building C object binfmt/CMakeFiles/binfmt.dir/binfmt_initialize.c.o
[101/1491] Building C object arch/CMakeFiles/arch.dir/arm64/src/rk3576/rk3576_model_arena.c.o
[102/1491] Building C object arch/CMakeFiles/arch.dir/arm64/src/rk3576/rk3576_usbhost.c.o
[103/1491] Building C object binfmt/CMakeFiles/binfmt.dir/binfmt_register.c.o
[104/1491] Building C object binfmt/CMakeFiles/binfmt.dir/binfmt_unregister.c.o
[105/1491] Building C object binfmt/CMakeFiles/binfmt.dir/binfmt_loadmodule.c.o
[106/1491] Building C object binfmt/CMakeFiles/binfmt.dir/binfmt_unloadmodule.c.o
[107/1491] Building C object binfmt/CMakeFiles/binfmt.dir/binfmt_copyargv.c.o
[108/1491] Building C object binfmt/CMakeFiles/binfmt.dir/binfmt_copyactions.c.o
[109/1491] Building C object binfmt/CMakeFiles/binfmt.dir/binfmt_exec.c.o
[110/1491] Building C object binfmt/CMakeFiles/binfmt.dir/binfmt_execmodule.c.o
[111/1491] Building C object binfmt/CMakeFiles/binfmt.dir/binfmt_copyattr.c.o
[112/1491] Building C object binfmt/CMakeFiles/binfmt.dir/binfmt_dumpmodule.c.o
[113/1491] Building C object binfmt/CMakeFiles/binfmt.dir/builtin.c.o
[114/1491] Building C object drivers/CMakeFiles/drivers.dir/misc/dev_null.c.o
[115/1491] Building C object drivers/CMakeFiles/drivers.dir/misc/dev_zero.c.o
[116/1491] Building C object drivers/CMakeFiles/drivers.dir/loop/losetup.c.o
[117/1491] Building C object drivers/CMakeFiles/drivers.dir/misc/mkrd.c.o
[118/1491] Building C object drivers/CMakeFiles/drivers.dir/pipes/pipe.c.o
[119/1491] Building C object drivers/CMakeFiles/drivers.dir/misc/ramdisk.c.o
[120/1491] Building C object drivers/CMakeFiles/drivers.dir/pipes/fifo.c.o
[121/1491] Building C object drivers/CMakeFiles/drivers.dir/pipes/pipe_common.c.o
[122/1491] Building C object drivers/CMakeFiles/drivers.dir/syslog/syslog_initialize.c.o
[123/1491] Building C object drivers/CMakeFiles/drivers.dir/serial/serial_io.c.o
[124/1491] Building C object drivers/CMakeFiles/drivers.dir/serial/uart_16550.c.o
[125/1491] Building C object drivers/CMakeFiles/drivers.dir/syslog/setlogmask.c.o
[126/1491] Building C object drivers/CMakeFiles/drivers.dir/syslog/vsyslog.c.o
[127/1491] Building C object drivers/CMakeFiles/drivers.dir/net/netdev_upperhalf.c.o
[128/1491] Building C object drivers/CMakeFiles/drivers.dir/syslog/syslog_channel.c.o
[129/1491] Building C object drivers/CMakeFiles/drivers.dir/syslog/syslog_flush.c.o
[130/1491] Building C object drivers/CMakeFiles/drivers.dir/syslog/syslog_write.c.o
[131/1491] Building C object drivers/CMakeFiles/drivers.dir/usbhost/usbhost_registry.c.o
[132/1491] Building C object drivers/CMakeFiles/drivers.dir/syslog/ramlog.c.o
[133/1491] Building C object drivers/CMakeFiles/drivers.dir/timers/oneshot.c.o
[134/1491] Building C object drivers/CMakeFiles/drivers.dir/serial/serial.c.o
[135/1491] Building C object drivers/CMakeFiles/drivers.dir/timers/arch_alarm.c.o
[136/1491] Building C object drivers/CMakeFiles/drivers.dir/usbhost/usbhost_registerclass.c.o
[137/1491] Building C object drivers/CMakeFiles/drivers.dir/usbhost/usbhost_findclass.c.o
[138/1491] Building C object drivers/CMakeFiles/drivers.dir/usbhost/usbhost_drivers.c.o
[139/1491] Building C object drivers/CMakeFiles/drivers.dir/usbhost/usbhost_waiter.c.o
[140/1491] Building C object drivers/CMakeFiles/drivers.dir/usbhost/usbhost_enumerate.c.o
[141/1491] Building C object drivers/CMakeFiles/drivers.dir/usbhost/usbhost_devaddr.c.o
[142/1491] Building C object drivers/CMakeFiles/drivers.dir/usbhost/usbhost_xhci_rk3576_trace.c.o
[143/1491] Building C object drivers/CMakeFiles/drivers.dir/usbhost/usbhost_trace.c.o
[144/1491] Building C object drivers/CMakeFiles/drivers.dir/wireless/bluetooth/bt_driver.c.o
[145/1491] Building C object apps/external/libjpeg-turbo/CMakeFiles/turbojpeg-static.dir/libjpeg-turbo/jchuff.c.o
[146/1491] Building C object drivers/CMakeFiles/drivers.dir/drivers_initialize.c.o
[147/1491] Building C object fs/CMakeFiles/fs.dir/fs_heap.c.o
[148/1491] Building C object fs/CMakeFiles/fs.dir/fs_initialize.c.o
[149/1491] Building C object drivers/CMakeFiles/drivers.dir/usbhost/usbhost_hub.c.o
[150/1491] Building C object fs/CMakeFiles/fs.dir/driver/fs_registerdriver.c.o
[151/1491] Building C object fs/CMakeFiles/fs.dir/driver/fs_unregisterdriver.c.o
[152/1491] Building C object fs/CMakeFiles/fs.dir/driver/fs_registerpipedriver.c.o
[153/1491] Building C object fs/CMakeFiles/fs.dir/driver/fs_unregisterpipedriver.c.o
[154/1491] Building C object fs/CMakeFiles/fs.dir/driver/fs_registerblockdriver.c.o
[155/1491] Building C object fs/CMakeFiles/fs.dir/driver/fs_unregisterblockdriver.c.o
[156/1491] Building C object fs/CMakeFiles/fs.dir/driver/fs_openblockdriver.c.o
[157/1491] Building C object fs/CMakeFiles/fs.dir/driver/fs_findblockdriver.c.o
[158/1491] Building C object fs/CMakeFiles/fs.dir/driver/fs_closeblockdriver.c.o
[159/1491] Building C object fs/CMakeFiles/fs.dir/driver/fs_findmtddriver.c.o
[160/1491] Building C object fs/CMakeFiles/fs.dir/driver/fs_blockpartition.c.o
[161/1491] Building C object fs/CMakeFiles/fs.dir/driver/fs_closemtddriver.c.o
[162/1491] Building C object fs/CMakeFiles/fs.dir/driver/fs_blockmerge.c.o
[163/1491] Building C object fs/CMakeFiles/fs.dir/inode/fs_foreachinode.c.o
[164/1491] Building C object fs/CMakeFiles/fs.dir/inode/fs_inode.c.o
[165/1491] Building C object fs/CMakeFiles/fs.dir/inode/fs_inodeaddref.c.o
[166/1491] Building C object fs/CMakeFiles/fs.dir/inode/fs_inodebasename.c.o
[167/1491] Building C object fs/CMakeFiles/fs.dir/inode/fs_inodefind.c.o
[168/1491] Building C object fs/CMakeFiles/fs.dir/inode/fs_inodefree.c.o
[169/1491] Building C object fs/CMakeFiles/fs.dir/inode/fs_inodegetpath.c.o
[170/1491] Building C object fs/CMakeFiles/fs.dir/inode/fs_files.c.o
[171/1491] Building C object fs/CMakeFiles/fs.dir/inode/fs_inoderelease.c.o
[172/1491] Building C object fs/CMakeFiles/fs.dir/inode/fs_inoderemove.c.o
[173/1491] Building C object fs/CMakeFiles/fs.dir/inode/fs_inodereserve.c.o
[174/1491] Building C object fs/CMakeFiles/fs.dir/mmap/fs_mmap.c.o
[175/1491] Building C object fs/CMakeFiles/fs.dir/mmap/fs_mmisc.c.o
[176/1491] Building C object fs/CMakeFiles/fs.dir/inode/fs_inodesearch.c.o
[177/1491] Building C object fs/CMakeFiles/fs.dir/mmap/fs_munmap.c.o
[178/1491] Building C object fs/CMakeFiles/fs.dir/mmap/fs_msync.c.o
[179/1491] Building C object fs/CMakeFiles/fs.dir/mmap/fs_anonmap.c.o
[180/1491] Building C object fs/CMakeFiles/fs.dir/mount/fs_umount2.c.o
[181/1491] Building C object fs/CMakeFiles/fs.dir/mount/fs_mount.c.o
[182/1491] Building C object fs/CMakeFiles/fs.dir/mount/fs_foreachmountpoint.c.o
[183/1491] Building C object fs/CMakeFiles/fs.dir/mount/fs_gettype.c.o
[184/1491] Building C object fs/CMakeFiles/fs.dir/mqueue/mq_close.c.o
[185/1491] Building C object fs/CMakeFiles/fs.dir/mount/fs_procfs_mount.c.o
[186/1491] Building C object fs/CMakeFiles/fs.dir/mqueue/mq_unlink.c.o
[187/1491] Building C object fs/CMakeFiles/fs.dir/partition/fs_partition.c.o
[188/1491] Building C object fs/CMakeFiles/fs.dir/mqueue/mq_open.c.o
[189/1491] Building C object fs/CMakeFiles/fs.dir/procfs/fs_procfscpuinfo.c.o
[190/1491] Building C object fs/CMakeFiles/fs.dir/procfs/fs_procfscpuload.c.o
[191/1491] Building C object fs/CMakeFiles/fs.dir/procfs/fs_procfscritmon.c.o
[192/1491] Building C object drivers/CMakeFiles/drivers.dir/usbhost/usbhost_xhci_rk3576.c.o
[193/1491] Building C object fs/CMakeFiles/fs.dir/procfs/fs_procfsfdt.c.o
[194/1491] Building C object fs/CMakeFiles/fs.dir/procfs/fs_procfsiobinfo.c.o
[195/1491] Building C object fs/CMakeFiles/fs.dir/procfs/fs_procfs.c.o
[196/1491] Building C object fs/CMakeFiles/fs.dir/procfs/fs_procfstcbinfo.c.o
[197/1491] Building C object fs/CMakeFiles/fs.dir/procfs/fs_procfsuptime.c.o
[198/1491] Building C object fs/CMakeFiles/fs.dir/procfs/fs_procfsmeminfo.c.o
[199/1491] Building C object fs/CMakeFiles/fs.dir/procfs/fs_procfsutil.c.o
[200/1491] Building C object fs/CMakeFiles/fs.dir/socket/accept.c.o
[201/1491] Building C object fs/CMakeFiles/fs.dir/procfs/fs_procfsversion.c.o
[202/1491] Building C object fs/CMakeFiles/fs.dir/socket/socket.c.o
[203/1491] Building C object fs/CMakeFiles/fs.dir/socket/socketpair.c.o
[204/1491] Building C object fs/CMakeFiles/fs.dir/procfs/fs_procfsproc.c.o
[205/1491] Building C object fs/CMakeFiles/fs.dir/vfs/fs_chstat.c.o
[206/1491] Building C object fs/CMakeFiles/fs.dir/vfs/fs_close.c.o
[207/1491] Building C object fs/CMakeFiles/fs.dir/vfs/fs_dup.c.o
[208/1491] Building C object fs/CMakeFiles/fs.dir/vfs/fs_dup3.c.o
[209/1491] Building C object fs/CMakeFiles/fs.dir/vfs/fs_dup2.c.o
[210/1491] Building C object fs/CMakeFiles/fs.dir/vfs/fs_fcntl.c.o
[211/1491] Building C object fs/CMakeFiles/fs.dir/vfs/fs_fchstat.c.o
[212/1491] Building C object fs/CMakeFiles/fs.dir/vfs/fs_fstat.c.o
[213/1491] Building C object fs/CMakeFiles/fs.dir/vfs/fs_fstatfs.c.o
[214/1491] Building C object fs/CMakeFiles/fs.dir/vfs/fs_ioctl.c.o
[215/1491] Building C object fs/CMakeFiles/fs.dir/vfs/fs_lseek.c.o
[216/1491] Building C object fs/CMakeFiles/fs.dir/vfs/fs_mkdir.c.o
[217/1491] Building C object fs/CMakeFiles/fs.dir/vfs/fs_pread.c.o
[218/1491] Building C object fs/CMakeFiles/fs.dir/vfs/fs_open.c.o
[219/1491] Building C object fs/CMakeFiles/fs.dir/vfs/fs_pwrite.c.o
[220/1491] Building C object fs/CMakeFiles/fs.dir/vfs/fs_poll.c.o
[221/1491] Building C object fs/CMakeFiles/fs.dir/vfs/fs_read.c.o
[222/1491] Building C object fs/CMakeFiles/fs.dir/vfs/fs_rmdir.c.o
[223/1491] Building C object fs/CMakeFiles/fs.dir/vfs/fs_rename.c.o
[224/1491] Building C object fs/CMakeFiles/fs.dir/vfs/fs_select.c.o
[225/1491] Building C object fs/CMakeFiles/fs.dir/vfs/fs_epoll.c.o
[226/1491] Building C object fs/CMakeFiles/fs.dir/vfs/fs_stat.c.o
[227/1491] Building C object fs/CMakeFiles/fs.dir/vfs/fs_sendfile.c.o
[228/1491] Building C object fs/CMakeFiles/fs.dir/vfs/fs_statfs.c.o
[229/1491] Building C object fs/CMakeFiles/fs.dir/vfs/fs_uio.c.o
[230/1491] Building C object fs/CMakeFiles/fs.dir/vfs/fs_unlink.c.o
[231/1491] Building C object fs/CMakeFiles/fs.dir/vfs/fs_syncfs.c.o
[232/1491] Building C object fs/CMakeFiles/fs.dir/vfs/fs_write.c.o
[233/1491] Building C object fs/CMakeFiles/fs.dir/vfs/fs_fsync.c.o
[234/1491] Building C object fs/CMakeFiles/fs.dir/vfs/fs_dir.c.o
[235/1491] Building C object fs/CMakeFiles/fs.dir/vfs/fs_truncate.c.o
[236/1491] Building C object fs/CMakeFiles/fs.dir/vfs/fs_link.c.o
[237/1491] Building C object fs/CMakeFiles/fs.dir/vfs/fs_readlink.c.o
[238/1491] Building C object fs/CMakeFiles/fs.dir/vfs/fs_symlink.c.o
[239/1491] Building C object libs/libc/CMakeFiles/c.dir/assert/lib_assert.c.o
[240/1491] Building C object libs/libc/CMakeFiles/c.dir/assert/lib_stackchk.c.o
[241/1491] Building C object libs/libc/CMakeFiles/c.dir/builtin/lib_builtin_getname.c.o
[242/1491] Building C object libs/libc/CMakeFiles/c.dir/builtin/lib_builtin_isavail.c.o
[243/1491] Building C object libs/libc/CMakeFiles/c.dir/builtin/lib_builtin_forindex.c.o
[244/1491] Building C object libs/libc/CMakeFiles/c.dir/ctype/lib_isalnum.c.o
[245/1491] Building C object libs/libc/CMakeFiles/c.dir/ctype/lib_isascii.c.o
[246/1491] Building C object libs/libc/CMakeFiles/c.dir/ctype/lib_isalpha.c.o
[247/1491] Building C object libs/libc/CMakeFiles/c.dir/ctype/lib_isblank.c.o
[248/1491] Building C object libs/libc/CMakeFiles/c.dir/ctype/lib_iscntrl.c.o
[249/1491] Building C object libs/libc/CMakeFiles/c.dir/ctype/lib_isdigit.c.o
[250/1491] Building C object libs/libc/CMakeFiles/c.dir/ctype/lib_isgraph.c.o
[251/1491] Building C object libs/libc/CMakeFiles/c.dir/ctype/lib_islower.c.o
[252/1491] Building C object libs/libc/CMakeFiles/c.dir/ctype/lib_isprint.c.o
[253/1491] Building C object libs/libc/CMakeFiles/c.dir/ctype/lib_ispunct.c.o
[254/1491] Building C object libs/libc/CMakeFiles/c.dir/ctype/lib_isspace.c.o
[255/1491] Building C object libs/libc/CMakeFiles/c.dir/ctype/lib_isupper.c.o
[256/1491] Building C object libs/libc/CMakeFiles/c.dir/ctype/lib_isxdigit.c.o
[257/1491] Building C object libs/libc/CMakeFiles/c.dir/ctype/lib_tolower.c.o
[258/1491] Building C object libs/libc/CMakeFiles/c.dir/ctype/lib_toupper.c.o
[259/1491] Building C object libs/libc/CMakeFiles/c.dir/ctype/lib_ctype.c.o
[260/1491] Building C object libs/libc/CMakeFiles/c.dir/dirent/lib_alphasort.c.o
[261/1491] Building C object libs/libc/CMakeFiles/c.dir/dirent/lib_readdirr.c.o
[262/1491] Building C object libs/libc/CMakeFiles/c.dir/dirent/lib_ftw.c.o
[263/1491] Building C object libs/libc/CMakeFiles/c.dir/dirent/lib_telldir.c.o
[264/1491] Building C object libs/libc/CMakeFiles/c.dir/dirent/lib_scandir.c.o
[265/1491] Building C object libs/libc/CMakeFiles/c.dir/dirent/lib_opendir.c.o
[266/1491] Building C object libs/libc/CMakeFiles/c.dir/dirent/lib_fdopendir.c.o
[267/1491] Building C object libs/libc/CMakeFiles/c.dir/dirent/lib_closedir.c.o
[268/1491] Building C object libs/libc/CMakeFiles/c.dir/dirent/lib_nftw.c.o
[269/1491] Building C object libs/libc/CMakeFiles/c.dir/dirent/lib_readdir.c.o
[270/1491] Building C object libs/libc/CMakeFiles/c.dir/dirent/lib_dirfd.c.o
[271/1491] Building C object libs/libc/CMakeFiles/c.dir/dirent/lib_rewinddir.c.o
[272/1491] Building C object libs/libc/CMakeFiles/c.dir/dlfcn/lib_dlfind_object.c.o
[273/1491] Building C object libs/libc/CMakeFiles/c.dir/dirent/lib_versionsort.c.o
[274/1491] Building C object libs/libc/CMakeFiles/c.dir/dirent/lib_seekdir.c.o
[275/1491] Building C object libs/libc/CMakeFiles/c.dir/environ/env_getenvironptr.c.o
[276/1491] Building C object libs/libc/CMakeFiles/c.dir/environ/env_release.c.o
[277/1491] Building C object libs/libc/CMakeFiles/c.dir/environ/env_removevar.c.o
[278/1491] Building C object libs/libc/CMakeFiles/c.dir/environ/env_findvar.c.o
[279/1491] Building C object libs/libc/CMakeFiles/c.dir/environ/env_clearenv.c.o
[280/1491] Building C object libs/libc/CMakeFiles/c.dir/environ/env_dup.c.o
[281/1491] Building C object libs/libc/CMakeFiles/c.dir/environ/env_putenv.c.o
[282/1491] Building C object libs/libc/CMakeFiles/c.dir/fixedmath/lib_fixedmath.c.o
[283/1491] Building C object libs/libc/CMakeFiles/c.dir/errno/lib_errno.c.o
[284/1491] Building C object libs/libc/CMakeFiles/c.dir/environ/env_foreach.c.o
[285/1491] Building C object libs/libc/CMakeFiles/c.dir/environ/env_getenv.c.o
[286/1491] Building C object libs/libc/CMakeFiles/c.dir/environ/env_unsetenv.c.o
[287/1491] Building C object libs/libc/CMakeFiles/c.dir/environ/env_setenv.c.o
[288/1491] Building C object libs/libc/CMakeFiles/c.dir/fixedmath/lib_b16sin.c.o
[289/1491] Building C object libs/libc/CMakeFiles/c.dir/fixedmath/lib_b16cos.c.o
[290/1491] Building C object libs/libc/CMakeFiles/c.dir/fixedmath/lib_b16atan2.c.o
[291/1491] Building C object libs/libc/CMakeFiles/c.dir/fixedmath/lib_ubsqrt.c.o
[292/1491] Building C object libs/libc/CMakeFiles/c.dir/grp/lib_getgrgidr.c.o
[293/1491] Building C object libs/libc/CMakeFiles/c.dir/grp/lib_initgroups.c.o
[294/1491] Building C object libs/libc/CMakeFiles/c.dir/grp/lib_getgrnamr.c.o
[295/1491] Building C object libs/libc/CMakeFiles/c.dir/grp/lib_getgrgid.c.o
[296/1491] Building C object libs/libc/CMakeFiles/c.dir/grp/lib_getgrnam.c.o
[297/1491] Building C object libs/libc/CMakeFiles/c.dir/grp/lib_getgrbufr.c.o
[298/1491] Building C object libs/libc/CMakeFiles/c.dir/inttypes/lib_imaxabs.c.o
[299/1491] Building C object libs/libc/CMakeFiles/c.dir/inttypes/lib_imaxdiv.c.o
[300/1491] Building C object libs/libc/CMakeFiles/c.dir/grp/lib_getgrbuf.c.o
[301/1491] Building ASM object libs/libc/CMakeFiles/c.dir/machine/arm64/arch_setjmp.S.o
[302/1491] Building C object libs/libc/CMakeFiles/c.dir/inttypes/lib_strtoimax.c.o
[303/1491] Building C object libs/libc/CMakeFiles/c.dir/libgen/lib_basename.c.o
[304/1491] Building C object libs/libc/CMakeFiles/c.dir/libgen/lib_dirname.c.o
[305/1491] Building C object libs/libc/CMakeFiles/c.dir/inttypes/lib_strtoumax.c.o
[306/1491] Building C object libs/libc/CMakeFiles/c.dir/misc/lib_creat.c.o
[307/1491] Building C object libs/libc/CMakeFiles/c.dir/misc/lib_bitmap.c.o
[308/1491] Building C object libs/libc/CMakeFiles/c.dir/misc/lib_umask.c.o
[309/1491] Building C object libs/libc/CMakeFiles/c.dir/misc/lib_mknod.c.o
[310/1491] Building C object libs/libc/CMakeFiles/c.dir/misc/lib_utsname.c.o
[311/1491] Building C object libs/libc/CMakeFiles/c.dir/misc/lib_xorshift128.c.o
[312/1491] Building C object libs/libc/CMakeFiles/c.dir/misc/lib_getrandom.c.o
[313/1491] Building C object libs/libc/CMakeFiles/c.dir/misc/lib_tea_encrypt.c.o
[314/1491] Building C object libs/libc/CMakeFiles/c.dir/misc/lib_circbuf.c.o
[315/1491] Building C object libs/libc/CMakeFiles/c.dir/misc/lib_tea_decrypt.c.o
[316/1491] Building C object libs/libc/CMakeFiles/c.dir/misc/lib_impure.c.o
[317/1491] Building C object libs/libc/CMakeFiles/c.dir/misc/lib_cxx_initialize.c.o
[318/1491] Building C object libs/libc/CMakeFiles/c.dir/misc/lib_fstatat.c.o
[319/1491] Building C object libs/libc/CMakeFiles/c.dir/misc/lib_memfd.c.o
[320/1491] Building C object libs/libc/CMakeFiles/c.dir/misc/lib_fchmodat.c.o
[321/1491] Building C object libs/libc/CMakeFiles/c.dir/misc/lib_getfullpath.c.o
[322/1491] Building C object libs/libc/CMakeFiles/c.dir/misc/lib_openat.c.o
[323/1491] Building C object libs/libc/CMakeFiles/c.dir/misc/lib_mallopt.c.o
[324/1491] Building C object libs/libc/CMakeFiles/c.dir/misc/lib_utimensat.c.o
[325/1491] Building C object libs/libc/CMakeFiles/c.dir/misc/lib_mkdirat.c.o
[326/1491] Building C object libs/libc/CMakeFiles/c.dir/misc/lib_getnprocs.c.o
[327/1491] Building C object libs/libc/CMakeFiles/c.dir/misc/lib_ratelimit.c.o
[328/1491] Building C object libs/libc/CMakeFiles/c.dir/misc/lib_sem_mutex_noinline.c.o
[329/1491] Building C object libs/libc/CMakeFiles/c.dir/misc/lib_umul32.c.o
[330/1491] Building C object libs/libc/CMakeFiles/c.dir/misc/lib_umul64.c.o
[331/1491] Building C object libs/libc/CMakeFiles/c.dir/misc/lib_tempbuffer.c.o
[332/1491] Building C object libs/libc/CMakeFiles/c.dir/misc/lib_umul32x64.c.o
[333/1491] Building C object libs/libc/CMakeFiles/c.dir/misc/lib_uadd32x64.c.o
[334/1491] Building C object libs/libc/CMakeFiles/c.dir/misc/lib_idr.c.o
[335/1491] Building C object libs/libc/CMakeFiles/c.dir/misc/lib_uadd64.c.o
[336/1491] Building C object libs/libc/CMakeFiles/c.dir/misc/lib_usub64x32.c.o
[337/1491] Building C object libs/libc/CMakeFiles/c.dir/misc/lib_usub64.c.o
[338/1491] Building C object libs/libc/CMakeFiles/c.dir/misc/lib_fnmatch.c.o
[339/1491] Building C object libs/libc/CMakeFiles/c.dir/misc/lib_dumpbuffer.c.o
[340/1491] Building C object libs/libc/CMakeFiles/c.dir/misc/lib_crc64.c.o
[341/1491] Building C object libs/libc/CMakeFiles/c.dir/misc/lib_dumpvbuffer.c.o
[342/1491] Building C object libs/libc/CMakeFiles/c.dir/misc/lib_debug.c.o
[343/1491] Building C object libs/libc/CMakeFiles/c.dir/misc/lib_crc32.c.o
[344/1491] Building C object libs/libc/CMakeFiles/c.dir/misc/lib_crc64emac.c.o
[345/1491] Building C object libs/libc/CMakeFiles/c.dir/misc/lib_crc32h04c11db7.c.o
[346/1491] Building C object libs/libc/CMakeFiles/c.dir/misc/lib_crc32hf4acfb13.c.o
[347/1491] Building C object libs/libc/CMakeFiles/c.dir/misc/lib_crc16.c.o
[348/1491] Building C object libs/libc/CMakeFiles/c.dir/misc/lib_crc16ccitt.c.o
[349/1491] Building C object libs/libc/CMakeFiles/c.dir/misc/lib_crc16h8005.c.o
[350/1491] Building C object libs/libc/CMakeFiles/c.dir/misc/lib_crc16h1021.c.o
[351/1491] Building C object libs/libc/CMakeFiles/c.dir/misc/lib_crc8.c.o
[352/1491] Building C object libs/libc/CMakeFiles/c.dir/misc/lib_crc8ccitt.c.o
[353/1491] Building C object libs/libc/CMakeFiles/c.dir/misc/lib_crc8h1d.c.o
[354/1491] Building C object libs/libc/CMakeFiles/c.dir/misc/lib_crc8h2f.c.o
[355/1491] Building C object libs/libc/CMakeFiles/c.dir/misc/lib_crc8rohc.c.o
[356/1491] Building C object libs/libc/CMakeFiles/c.dir/misc/lib_crc8table.c.o
[357/1491] Building C object libs/libc/CMakeFiles/c.dir/misc/lib_ftok.c.o
[358/1491] Building C object libs/libc/CMakeFiles/c.dir/misc/lib_instrument.c.o
[359/1491] Building C object libs/libc/CMakeFiles/c.dir/misc/lib_err.c.o
[360/1491] Building C object libs/libc/CMakeFiles/c.dir/misc/lib_backtrace.c.o
[361/1491] Building C object libs/libc/CMakeFiles/c.dir/net/lib_addrconfig.c.o
[362/1491] Building C object libs/libc/CMakeFiles/c.dir/misc/lib_fdcheck.c.o
[363/1491] Building C object libs/libc/CMakeFiles/c.dir/net/lib_htons.c.o
[364/1491] Building C object libs/libc/CMakeFiles/c.dir/misc/lib_glob.c.o
[365/1491] Building C object libs/libc/CMakeFiles/c.dir/net/lib_htonl.c.o
[366/1491] Building C object libs/libc/CMakeFiles/c.dir/net/lib_base64.c.o
[367/1491] Building C object libs/libc/CMakeFiles/c.dir/net/lib_htonq.c.o
[368/1491] Building C object libs/libc/CMakeFiles/c.dir/net/lib_inetaton.c.o
[369/1491] Building C object libs/libc/CMakeFiles/c.dir/net/lib_inetaddr.c.o
[370/1491] Building C object libs/libc/CMakeFiles/c.dir/net/lib_inetntop.c.o
[371/1491] Building C object libs/libc/CMakeFiles/c.dir/net/lib_inetpton.c.o
[372/1491] Building C object libs/libc/CMakeFiles/c.dir/net/lib_inetntoa.c.o
[373/1491] Building C object libs/libc/CMakeFiles/c.dir/net/lib_accept.c.o
[374/1491] Building C object libs/libc/CMakeFiles/c.dir/net/lib_inetnetwork.c.o
[375/1491] Building C object libs/libc/CMakeFiles/c.dir/net/lib_etherntoa.c.o
[376/1491] Building C object libs/libc/CMakeFiles/c.dir/net/lib_freeifaddrs.c.o
[377/1491] Building C object libs/libc/CMakeFiles/c.dir/net/lib_etheraton.c.o
[378/1491] Building C object libs/libc/CMakeFiles/c.dir/net/lib_getifaddrs.c.o
[379/1491] Building C object libs/libc/CMakeFiles/c.dir/net/lib_indextoname.c.o
[380/1491] Building C object libs/libc/CMakeFiles/c.dir/net/lib_nameindex.c.o
[381/1491] Building C object libs/libc/CMakeFiles/c.dir/net/lib_nametoindex.c.o
[382/1491] Building C object libs/libc/CMakeFiles/c.dir/net/lib_freenameindex.c.o
[383/1491] Building C object libs/libc/CMakeFiles/c.dir/obstack/lib_obstack_alloc.c.o
[384/1491] Building C object libs/libc/CMakeFiles/c.dir/obstack/lib_obstack_init.c.o
[385/1491] Building C object libs/libc/CMakeFiles/c.dir/obstack/lib_obstack_copy.c.o
[386/1491] Building C object libs/libc/CMakeFiles/c.dir/obstack/lib_obstack_blank.c.o
[387/1491] Building C object libs/libc/CMakeFiles/c.dir/obstack/lib_obstack_free.c.o
[388/1491] Building C object libs/libc/CMakeFiles/c.dir/obstack/lib_obstack_grow.c.o
[389/1491] Building C object libs/libc/CMakeFiles/c.dir/obstack/lib_obstack_object_size.c.o
[390/1491] Building C object libs/libc/CMakeFiles/c.dir/obstack/lib_obstack_finish.c.o
[391/1491] Building C object libs/libc/CMakeFiles/c.dir/obstack/lib_obstack_make_room.c.o
[392/1491] Building C object libs/libc/CMakeFiles/c.dir/obstack/lib_obstack_room.c.o
[393/1491] Building C object libs/libc/CMakeFiles/c.dir/misc/lib_lrucache.c.o
[394/1491] Building C object libs/libc/CMakeFiles/c.dir/obstack/lib_obstack_printf.c.o
[395/1491] Building C object libs/libc/CMakeFiles/c.dir/obstack/lib_obstack_vprintf.c.o
[396/1491] Building C object libs/libc/CMakeFiles/c.dir/obstack/lib_obstack_malloc.c.o
[397/1491] Building C object libs/libc/CMakeFiles/c.dir/pthread/pthread_attr_init.c.o
[398/1491] Building C object libs/libc/CMakeFiles/c.dir/pthread/pthread_attr_destroy.c.o
[399/1491] Building C object libs/libc/CMakeFiles/c.dir/pthread/pthread_attr_setschedpolicy.c.o
[400/1491] Building C object libs/libc/CMakeFiles/c.dir/pthread/pthread_attr_getschedpolicy.c.o
[401/1491] Building C object libs/libc/CMakeFiles/c.dir/pthread/pthread_attr_setinheritsched.c.o
[402/1491] Building C object libs/libc/CMakeFiles/c.dir/pthread/pthread_attr_setdetachstate.c.o
[403/1491] Building C object libs/libc/CMakeFiles/c.dir/pthread/pthread_attr_getinheritsched.c.o
[404/1491] Building C object libs/libc/CMakeFiles/c.dir/pthread/pthread_attr_getdetachstate.c.o
[405/1491] Building C object libs/libc/CMakeFiles/c.dir/pthread/pthread_attr_setstackaddr.c.o
[406/1491] Building C object libs/libc/CMakeFiles/c.dir/pthread/pthread_attr_getstackaddr.c.o
[407/1491] Building C object libs/libc/CMakeFiles/c.dir/pthread/pthread_attr_setstacksize.c.o
[408/1491] Building C object libs/libc/CMakeFiles/c.dir/pthread/pthread_attr_getstacksize.c.o
[409/1491] Building C object libs/libc/CMakeFiles/c.dir/pthread/pthread_attr_setstack.c.o
[410/1491] Building C object libs/libc/CMakeFiles/c.dir/pthread/pthread_attr_getstack.c.o
[411/1491] Building C object libs/libc/CMakeFiles/c.dir/pthread/pthread_attr_setschedparam.c.o
[412/1491] Building C object libs/libc/CMakeFiles/c.dir/pthread/pthread_attr_getschedparam.c.o
[413/1491] Building C object libs/libc/CMakeFiles/c.dir/pthread/pthread_attr_setscope.c.o
[414/1491] Building C object libs/libc/CMakeFiles/c.dir/pthread/pthread_attr_getscope.c.o
[415/1491] Building C object libs/libc/CMakeFiles/c.dir/pthread/pthread_attr_setguardsize.c.o
[416/1491] Building C object libs/libc/CMakeFiles/c.dir/pthread/pthread_attr_getguardsize.c.o
[417/1491] Building C object libs/libc/CMakeFiles/c.dir/pthread/pthread_barrierattr_destroy.c.o
[418/1491] Building C object libs/libc/CMakeFiles/c.dir/pthread/pthread_barrierattr_init.c.o
[419/1491] Building C object libs/libc/CMakeFiles/c.dir/pthread/pthread_barrierattr_getpshared.c.o
[420/1491] Building C object libs/libc/CMakeFiles/c.dir/pthread/pthread_barrierattr_setpshared.c.o
[421/1491] Building C object libs/libc/CMakeFiles/c.dir/pthread/pthread_barrierdestroy.c.o
[422/1491] Building C object libs/libc/CMakeFiles/c.dir/pthread/pthread_barrierinit.c.o
[423/1491] Building C object libs/libc/CMakeFiles/c.dir/pthread/pthread_condattr_init.c.o
[424/1491] Building C object libs/libc/CMakeFiles/c.dir/pthread/pthread_barrierwait.c.o
[425/1491] Building C object libs/libc/CMakeFiles/c.dir/pthread/pthread_condattr_destroy.c.o
[426/1491] Building C object libs/libc/CMakeFiles/c.dir/pthread/pthread_condattr_getpshared.c.o
[427/1491] Building C object libs/libc/CMakeFiles/c.dir/pthread/pthread_condattr_setclock.c.o
[428/1491] Building C object libs/libc/CMakeFiles/c.dir/pthread/pthread_condattr_setpshared.c.o
[429/1491] Building C object libs/libc/CMakeFiles/c.dir/pthread/pthread_condattr_getclock.c.o
[430/1491] Building C object libs/libc/CMakeFiles/c.dir/pthread/pthread_condbroadcast.c.o
[431/1491] Building C object libs/libc/CMakeFiles/c.dir/pthread/pthread_condinit.c.o
[432/1491] Building C object libs/libc/CMakeFiles/c.dir/pthread/pthread_condclockwait.c.o
[433/1491] Building C object libs/libc/CMakeFiles/c.dir/pthread/pthread_condtimedwait.c.o
[434/1491] Building C object libs/libc/CMakeFiles/c.dir/pthread/pthread_conddestroy.c.o
[435/1491] Building C object libs/libc/CMakeFiles/c.dir/pthread/pthread_condsignal.c.o
[436/1491] Building C object libs/libc/CMakeFiles/c.dir/pthread/pthread_create.c.o
[437/1491] Building C object libs/libc/CMakeFiles/c.dir/pthread/pthread_equal.c.o
[438/1491] Building C object libs/libc/CMakeFiles/c.dir/pthread/pthread_kill.c.o
[439/1491] Building C object libs/libc/CMakeFiles/c.dir/pthread/pthread_exit.c.o
[440/1491] Building C object libs/libc/CMakeFiles/c.dir/pthread/pthread_setname_np.c.o
[441/1491] Building C object libs/libc/CMakeFiles/c.dir/pthread/pthread_condwait.c.o
[442/1491] Building C object libs/libc/CMakeFiles/c.dir/pthread/pthread_getname_np.c.o
[443/1491] Building C object libs/libc/CMakeFiles/c.dir/pthread/pthread_get_stackaddr_np.c.o
[444/1491] Building C object libs/libc/CMakeFiles/c.dir/pthread/pthread_get_stacksize_np.c.o
[445/1491] Building C object libs/libc/CMakeFiles/c.dir/pthread/pthread_mutexattr_destroy.c.o
[446/1491] Building C object libs/libc/CMakeFiles/c.dir/pthread/pthread_mutexattr_init.c.o
[447/1491] Building C object libs/libc/CMakeFiles/c.dir/pthread/pthread_mutexattr_getpshared.c.o
[448/1491] Building C object libs/libc/CMakeFiles/c.dir/pthread/pthread_mutexattr_setpshared.c.o
[449/1491] Building C object libs/libc/CMakeFiles/c.dir/pthread/pthread_mutexattr_getprotocol.c.o
[450/1491] Building C object libs/libc/CMakeFiles/c.dir/pthread/pthread_mutexattr_setprotocol.c.o
[451/1491] Building C object libs/libc/CMakeFiles/c.dir/pthread/pthread_mutexattr_settype.c.o
[452/1491] Building C object libs/libc/CMakeFiles/c.dir/pthread/pthread_mutexattr_gettype.c.o
[453/1491] Building C object libs/libc/CMakeFiles/c.dir/pthread/pthread_mutexattr_setrobust.c.o
[454/1491] Building C object libs/libc/CMakeFiles/c.dir/pthread/pthread_mutexattr_getrobust.c.o
[455/1491] Building C object libs/libc/CMakeFiles/c.dir/pthread/pthread_mutexattr_setprioceiling.c.o
[456/1491] Building C object libs/libc/CMakeFiles/c.dir/pthread/pthread_mutexattr_getprioceiling.c.o
[457/1491] Building C object libs/libc/CMakeFiles/c.dir/pthread/pthread_mutex_destroy.c.o
[458/1491] Building C object libs/libc/CMakeFiles/c.dir/pthread/pthread_mutex_getprioceiling.c.o
[459/1491] Building C object libs/libc/CMakeFiles/c.dir/pthread/pthread_mutex_init.c.o
[460/1491] Building C object libs/libc/CMakeFiles/c.dir/pthread/pthread_mutex_lock.c.o
[461/1491] Building C object libs/libc/CMakeFiles/c.dir/pthread/pthread_mutex_setprioceiling.c.o
[462/1491] Building C object libs/libc/CMakeFiles/c.dir/pthread/pthread_mutex_timedlock.c.o
[463/1491] Building C object libs/libc/CMakeFiles/c.dir/pthread/pthread_mutex.c.o
[464/1491] Building C object libs/libc/CMakeFiles/c.dir/pthread/pthread_mutex_trylock.c.o
[465/1491] Building C object libs/libc/CMakeFiles/c.dir/pthread/pthread_yield.c.o
[466/1491] Building C object libs/libc/CMakeFiles/c.dir/pthread/pthread_once.c.o
[467/1491] Building C object libs/libc/CMakeFiles/c.dir/pthread/pthread_mutex_unlock.c.o
[468/1491] Building C object libs/libc/CMakeFiles/c.dir/pthread/pthread_atfork.c.o
[469/1491] Building C object libs/libc/CMakeFiles/c.dir/pthread/pthread_rwlockattr_init.c.o
[470/1491] Building C object libs/libc/CMakeFiles/c.dir/pthread/pthread_rwlockattr_destroy.c.o
[471/1491] Building C object libs/libc/CMakeFiles/c.dir/pthread/pthread_rwlockattr_getpshared.c.o
[472/1491] Building C object libs/libc/CMakeFiles/c.dir/pthread/pthread_rwlockattr_setpshared.c.o
[473/1491] Building C object libs/libc/CMakeFiles/c.dir/pthread/pthread_rwlock.c.o
[474/1491] Building C object libs/libc/CMakeFiles/c.dir/pthread/pthread_setcancelstate.c.o
[475/1491] Building C object libs/libc/CMakeFiles/c.dir/pthread/pthread_rwlock_rdlock.c.o
[476/1491] Building C object libs/libc/CMakeFiles/c.dir/pthread/pthread_rwlock_wrlock.c.o
[477/1491] Building C object libs/libc/CMakeFiles/c.dir/pthread/pthread_setcanceltype.c.o
[478/1491] Building C object libs/libc/CMakeFiles/c.dir/pthread/pthread_testcancel.c.o
[479/1491] Building C object libs/libc/CMakeFiles/c.dir/pthread/pthread_getcpuclockid.c.o
[480/1491] Building C object libs/libc/CMakeFiles/c.dir/pthread/pthread_gettid_np.c.o
[481/1491] Building C object libs/libc/CMakeFiles/c.dir/pthread/pthread_self.c.o
[482/1491] Building C object libs/libc/CMakeFiles/c.dir/pthread/pthread_concurrency.c.o
[483/1491] Building C object libs/libc/CMakeFiles/c.dir/pwd/lib_getpwnam.c.o
[484/1491] Building C object libs/libc/CMakeFiles/c.dir/pwd/lib_getpwnamr.c.o
[485/1491] Building C object libs/libc/CMakeFiles/c.dir/pwd/lib_getpwuid.c.o
[486/1491] Building C object libs/libc/CMakeFiles/c.dir/pwd/lib_getpwuidr.c.o
[487/1491] Building C object libs/libc/CMakeFiles/c.dir/pthread/pthread_mutex_inconsistent.c.o
[488/1491] Building C object libs/libc/CMakeFiles/c.dir/pthread/pthread_mutex_consistent.c.o
[489/1491] Building C object libs/libc/CMakeFiles/c.dir/queue/queue.c.o
[490/1491] Building C object libs/libc/CMakeFiles/c.dir/pwd/lib_getpwbufr.c.o
[491/1491] Building C object libs/libc/CMakeFiles/c.dir/pwd/lib_getpwent.c.o
[492/1491] Building C object libs/libc/CMakeFiles/c.dir/pwd/lib_getpwbuf.c.o
[493/1491] Building C object libs/libc/CMakeFiles/c.dir/pwd/lib_getspnam.c.o
[494/1491] Building C object libs/libc/CMakeFiles/c.dir/sched/sched_getprioritymin.c.o
[495/1491] Building C object libs/libc/CMakeFiles/c.dir/sched/sched_getprioritymax.c.o
[496/1491] Building C object libs/libc/CMakeFiles/c.dir/sched/task_cancelpt.c.o
[497/1491] Building C object libs/libc/CMakeFiles/c.dir/sched/clock_getcpuclockid.c.o
[498/1491] Building C object libs/libc/CMakeFiles/c.dir/sched/task_testcancel.c.o
[499/1491] Building C object libs/libc/CMakeFiles/c.dir/sched/task_setcancelstate.c.o
[500/1491] Building C object libs/libc/CMakeFiles/c.dir/sched/sched_backtrace.c.o
[501/1491] Building C object libs/libc/CMakeFiles/c.dir/sched/task_setcanceltype.c.o
[502/1491] Building C object libs/libc/CMakeFiles/c.dir/sched/task_getpid.c.o
[503/1491] Building C object libs/libc/CMakeFiles/c.dir/search/hash_func.c.o
[504/1491] Building C object libs/libc/CMakeFiles/c.dir/sched/sched_dumpstack.c.o
[505/1491] Building C object libs/libc/CMakeFiles/c.dir/sched/task_startup.c.o
[506/1491] Building C object libs/libc/CMakeFiles/c.dir/search/hcreate.c.o
[507/1491] Building C object libs/libc/CMakeFiles/c.dir/search/hcreate_r.c.o
[508/1491] Building C object libs/libc/CMakeFiles/c.dir/semaphore/sem_init.c.o
[509/1491] Building C object libs/libc/CMakeFiles/c.dir/semaphore/sem_setprotocol.c.o
[510/1491] Building C object libs/libc/CMakeFiles/c.dir/semaphore/sem_getprotocol.c.o
[511/1491] Building C object libs/libc/CMakeFiles/c.dir/semaphore/sem_getvalue.c.o
[512/1491] Building C object libs/libc/CMakeFiles/c.dir/semaphore/sem_destroy.c.o
[513/1491] Building C object libs/libc/CMakeFiles/c.dir/semaphore/sem_wait.c.o
[514/1491] Building C object libs/libc/CMakeFiles/c.dir/semaphore/sem_timedwait.c.o
[515/1491] Building C object libs/libc/CMakeFiles/c.dir/semaphore/sem_trywait.c.o
[516/1491] Building C object libs/libc/CMakeFiles/c.dir/semaphore/sem_clockwait.c.o
[517/1491] Building C object libs/libc/CMakeFiles/c.dir/semaphore/sem_post.c.o
[518/1491] Building C object libs/libc/CMakeFiles/c.dir/signal/sig_andset.c.o
[519/1491] Building C object libs/libc/CMakeFiles/c.dir/signal/sig_addset.c.o
[520/1491] Building C object libs/libc/CMakeFiles/c.dir/signal/sig_altstack.c.o
[521/1491] Building C object libs/libc/CMakeFiles/c.dir/signal/sig_delset.c.o
[522/1491] Building C object libs/libc/CMakeFiles/c.dir/signal/sig_hold.c.o
[523/1491] Building C object libs/libc/CMakeFiles/c.dir/signal/sig_emptyset.c.o
[524/1491] Building C object libs/libc/CMakeFiles/c.dir/signal/sig_fillset.c.o
[525/1491] Building C object libs/libc/CMakeFiles/c.dir/signal/sig_isemptyset.c.o
[526/1491] Building C object libs/libc/CMakeFiles/c.dir/signal/sig_ismember.c.o
[527/1491] Building C object libs/libc/CMakeFiles/c.dir/signal/sig_longjmp.c.o
[528/1491] Building C object libs/libc/CMakeFiles/c.dir/signal/sig_killpg.c.o
[529/1491] Building C object libs/libc/CMakeFiles/c.dir/signal/sig_orset.c.o
[530/1491] Building C object libs/libc/CMakeFiles/c.dir/signal/sig_nandset.c.o
[531/1491] Building C object libs/libc/CMakeFiles/c.dir/signal/sig_relse.c.o
[532/1491] Building C object libs/libc/CMakeFiles/c.dir/signal/sig_pause.c.o
[533/1491] Building C object libs/libc/CMakeFiles/c.dir/signal/sig_psignal.c.o
[534/1491] Building C object libs/libc/CMakeFiles/c.dir/signal/sig_raise.c.o
[535/1491] Building C object libs/libc/CMakeFiles/c.dir/signal/sig_wait.c.o
[536/1491] Building C object libs/libc/CMakeFiles/c.dir/signal/sig_ignore.c.o
[537/1491] Building C object libs/libc/CMakeFiles/c.dir/signal/sig_xorset.c.o
[538/1491] Building C object libs/libc/CMakeFiles/c.dir/signal/sig_interrupt.c.o
[539/1491] Building C object libs/libc/CMakeFiles/c.dir/signal/sig_set.c.o
[540/1491] Building C object libs/libc/CMakeFiles/c.dir/signal/sig_signal.c.o
[541/1491] Building C object libs/libc/CMakeFiles/c.dir/spawn/lib_psfa_addaction.c.o
[542/1491] Building C object libs/libc/CMakeFiles/c.dir/spawn/lib_psfa_addclose.c.o
[543/1491] Building C object libs/libc/CMakeFiles/c.dir/spawn/lib_psfa_init.c.o
[544/1491] Building C object libs/libc/CMakeFiles/c.dir/spawn/lib_psfa_addopen.c.o
[545/1491] Building C object libs/libc/CMakeFiles/c.dir/spawn/lib_psa_getflags.c.o
[546/1491] Building C object libs/libc/CMakeFiles/c.dir/spawn/lib_psfa_destroy.c.o
[547/1491] Building C object libs/libc/CMakeFiles/c.dir/spawn/lib_psfa_adddup2.c.o
[548/1491] Building C object libs/libc/CMakeFiles/c.dir/spawn/lib_psa_getschedparam.c.o
[549/1491] Building C object libs/libc/CMakeFiles/c.dir/spawn/lib_psa_getschedpolicy.c.o
[550/1491] Building C object libs/libc/CMakeFiles/c.dir/spawn/lib_psa_setflags.c.o
[551/1491] Building C object libs/libc/CMakeFiles/c.dir/spawn/lib_psa_setschedparam.c.o
[552/1491] Building C object libs/libc/CMakeFiles/c.dir/spawn/lib_psa_setschedpolicy.c.o
[553/1491] Building C object libs/libc/CMakeFiles/c.dir/spawn/lib_psa_getsigmask.c.o
[554/1491] Building C object libs/libc/CMakeFiles/c.dir/spawn/lib_psa_init.c.o
[555/1491] Building C object libs/libc/CMakeFiles/c.dir/spawn/lib_psa_setsigmask.c.o
[556/1491] Building C object libs/libc/CMakeFiles/c.dir/spawn/lib_psa_getstacksize.c.o
[557/1491] Building C object libs/libc/CMakeFiles/c.dir/spawn/lib_psa_setstacksize.c.o
[558/1491] Building C object libs/libc/CMakeFiles/c.dir/spawn/lib_psa_getpriority.c.o
[559/1491] Building C object libs/libc/CMakeFiles/c.dir/spawn/lib_psa_setpriority.c.o
[560/1491] Building C object libs/libc/CMakeFiles/c.dir/spawn/lib_psa_getstackaddr.c.o
[561/1491] Building C object libs/libc/CMakeFiles/c.dir/spawn/lib_psa_setstackaddr.c.o
[562/1491] Building C object libs/libc/CMakeFiles/c.dir/spawn/lib_psa_destroy.c.o
[563/1491] Building C object libs/libc/CMakeFiles/c.dir/stdio/lib_fileno.c.o
[564/1491] Building C object libs/libc/CMakeFiles/c.dir/spawn/lib_psfa_dump.c.o
[565/1491] Building C object libs/libc/CMakeFiles/c.dir/spawn/lib_psa_dump.c.o
[566/1491] Building C object libs/libc/CMakeFiles/c.dir/stdio/lib_sprintf.c.o
[567/1491] Building C object libs/libc/CMakeFiles/c.dir/stdio/lib_asprintf.c.o
[568/1491] Building C object libs/libc/CMakeFiles/c.dir/stdio/lib_printf.c.o
[569/1491] Building C object libs/libc/CMakeFiles/c.dir/stdio/lib_snprintf.c.o
[570/1491] Building C object libs/libc/CMakeFiles/c.dir/stdio/lib_vsprintf.c.o
[571/1491] Building C object libs/libc/CMakeFiles/c.dir/stdio/lib_vsnprintf.c.o
[572/1491] Building C object libs/libc/CMakeFiles/c.dir/stdio/lib_dprintf.c.o
[573/1491] Building C object libs/libc/CMakeFiles/c.dir/stdio/lib_vdprintf.c.o
[574/1491] Building C object libs/libc/CMakeFiles/c.dir/stdio/lib_vasprintf.c.o
[575/1491] Building C object libs/libc/CMakeFiles/c.dir/stdio/lib_vprintf.c.o
[576/1491] Building C object libs/libc/CMakeFiles/c.dir/stdio/lib_perror.c.o
[577/1491] Building C object libs/libc/CMakeFiles/c.dir/stdio/lib_putchar.c.o
[578/1491] Building C object libs/libc/CMakeFiles/c.dir/stdio/lib_getchar.c.o
[579/1491] Building C object libs/libc/CMakeFiles/c.dir/stdio/lib_puts.c.o
[580/1491] Building C object libs/libc/CMakeFiles/c.dir/stdio/lib_gets_s.c.o
[581/1491] Building C object libs/libc/CMakeFiles/c.dir/stdio/lib_sscanf.c.o
[582/1491] Building C object libs/libc/CMakeFiles/c.dir/stdio/lib_gets.c.o
[583/1491] Building C object libs/libc/CMakeFiles/c.dir/stdio/lib_vsscanf.c.o
[584/1491] Building C object libs/libc/CMakeFiles/c.dir/stdio/lib_libdgets.c.o
[585/1491] Building C object libs/libc/CMakeFiles/c.dir/stdio/lib_tempnam.c.o
[586/1491] Building C object libs/libc/CMakeFiles/c.dir/stdio/lib_remove.c.o
[587/1491] Building C object libs/libc/CMakeFiles/c.dir/stdio/lib_tmpnam.c.o
[588/1491] Building C object libs/libc/CMakeFiles/c.dir/stdio/lib_renameat.c.o
[589/1491] Building C object libs/libc/CMakeFiles/c.dir/stdio/lib_putwchar.c.o
[590/1491] Building C object libs/libc/CMakeFiles/c.dir/stdio/lib_freopen.c.o
[591/1491] Building C object libs/libc/CMakeFiles/c.dir/stdio/lib_fread.c.o
[592/1491] Building C object libs/libc/CMakeFiles/c.dir/stdio/lib_fseek.c.o
[593/1491] Building C object libs/libc/CMakeFiles/c.dir/stdio/lib_fopen.c.o
[594/1491] Building C object libs/libc/CMakeFiles/c.dir/stdio/lib_fclose.c.o
[595/1491] Building C object libs/libc/CMakeFiles/c.dir/stdio/lib_libfread_unlocked.c.o
[596/1491] Building C object libs/libc/CMakeFiles/c.dir/stdio/lib_ftell.c.o
[597/1491] Building C object libs/libc/CMakeFiles/c.dir/stdio/lib_fseeko.c.o
[598/1491] Building C object libs/libc/CMakeFiles/c.dir/stdio/lib_fgetpos.c.o
[599/1491] Building C object libs/libc/CMakeFiles/c.dir/stdio/lib_ftello.c.o
[600/1491] Building C object libs/libc/CMakeFiles/c.dir/stdio/lib_fsetpos.c.o
[601/1491] Building C object libs/libc/CMakeFiles/c.dir/stdio/lib_getdelim.c.o
[602/1491] Building C object libs/libc/CMakeFiles/c.dir/stdio/lib_getc.c.o
[603/1491] Building C object libs/libc/CMakeFiles/c.dir/stdio/lib_fgetc.c.o
[604/1491] Building C object libs/libc/CMakeFiles/c.dir/stdio/lib_fgets.c.o
[605/1491] Building C object libs/libc/CMakeFiles/c.dir/stdio/lib_fwrite.c.o
[606/1491] Building C object libs/libc/CMakeFiles/c.dir/stdio/lib_fflush.c.o
[607/1491] Building C object libs/libc/CMakeFiles/c.dir/stdio/lib_libfgets.c.o
[608/1491] Building C object libs/libc/CMakeFiles/c.dir/stdio/lib_libfwrite.c.o
[609/1491] Building C object libs/libc/CMakeFiles/c.dir/stdio/lib_libflushall.c.o
[610/1491] Building C object libs/libc/CMakeFiles/c.dir/stdio/lib_wrflush_unlocked.c.o
[611/1491] Building C object libs/libc/CMakeFiles/c.dir/stdio/lib_rdflush_unlocked.c.o
[612/1491] Building C object libs/libc/CMakeFiles/c.dir/stdio/lib_libfflush.c.o
[613/1491] Building C object libs/libc/CMakeFiles/c.dir/stdio/lib_putc.c.o
[614/1491] Building C object libs/libc/CMakeFiles/c.dir/stdio/lib_fputc.c.o
[615/1491] Building C object libs/libc/CMakeFiles/c.dir/stdio/lib_fprintf.c.o
[616/1491] Building C object libs/libc/CMakeFiles/c.dir/stdio/lib_ungetc.c.o
[617/1491] Building C object libs/libc/CMakeFiles/c.dir/stdio/lib_vfprintf.c.o
[618/1491] Building C object libs/libc/CMakeFiles/c.dir/stdio/lib_feof.c.o
[619/1491] Building C object libs/libc/CMakeFiles/c.dir/stdio/lib_ferror.c.o
[620/1491] Building C object libs/libc/CMakeFiles/c.dir/stdio/lib_fputs.c.o
[621/1491] Building C object libs/libc/CMakeFiles/c.dir/stdio/lib_clearerr.c.o
[622/1491] Building C object libs/libc/CMakeFiles/c.dir/stdio/lib_scanf.c.o
[623/1491] Building C object libs/libc/CMakeFiles/c.dir/stdio/lib_vscanf.c.o
[624/1491] Building C object libs/libc/CMakeFiles/c.dir/stdio/lib_rewind.c.o
[625/1491] Building C object libs/libc/CMakeFiles/c.dir/stdio/lib_fscanf.c.o
[626/1491] Building C object libs/libc/CMakeFiles/c.dir/stdio/lib_vfscanf.c.o
[627/1491] Building C object libs/libc/CMakeFiles/c.dir/stdio/lib_setbuf.c.o
[628/1491] Building C object libs/libc/CMakeFiles/c.dir/stdio/lib_tmpfile.c.o
[629/1491] Building C object libs/libc/CMakeFiles/c.dir/stdio/lib_libgetstreams.c.o
[630/1491] Building C object libs/libc/CMakeFiles/c.dir/stdio/lib_setvbuf.c.o
[631/1491] Building C object libs/libc/CMakeFiles/c.dir/stdio/lib_setbuffer.c.o
[632/1491] Building C object libs/libc/CMakeFiles/c.dir/stdio/lib_fputwc.c.o
[633/1491] Building C object libs/libc/CMakeFiles/c.dir/stdio/lib_libfilelock.c.o
[634/1491] Building C object libs/libc/CMakeFiles/c.dir/stdio/lib_putwc.c.o
[635/1491] Building C object libs/libc/CMakeFiles/c.dir/stdio/lib_fputws.c.o
[636/1491] Building C object libs/libc/CMakeFiles/c.dir/stdio/lib_fopencookie.c.o
[637/1491] Building C object libs/libc/CMakeFiles/c.dir/stdio/lib_fgetwc.c.o
[638/1491] Building C object libs/libc/CMakeFiles/c.dir/stdio/lib_getwc.c.o
[639/1491] Building C object libs/libc/CMakeFiles/c.dir/stdio/lib_fmemopen.c.o
[640/1491] Building C object libs/libc/CMakeFiles/c.dir/stdlib/lib_abs.c.o
[641/1491] Building C object libs/libc/CMakeFiles/c.dir/stdio/lib_ungetwc.c.o
[642/1491] Building C object libs/libc/CMakeFiles/c.dir/stdio/lib_open_memstream.c.o
[643/1491] Building C object libs/libc/CMakeFiles/c.dir/stdlib/lib_atof.c.o
[644/1491] Building C object libs/libc/CMakeFiles/c.dir/stdlib/lib_atoi.c.o
[645/1491] Building C object libs/libc/CMakeFiles/c.dir/stdlib/lib_atoll.c.o
[646/1491] Building C object libs/libc/CMakeFiles/c.dir/stdlib/lib_atol.c.o
[647/1491] Building C object libs/libc/CMakeFiles/c.dir/stdlib/lib_abort.c.o
[648/1491] Building C object libs/libc/CMakeFiles/c.dir/stdlib/lib_div.c.o
[649/1491] Building C object libs/libc/CMakeFiles/c.dir/stdlib/lib_ldiv.c.o
[650/1491] Building C object libs/libc/CMakeFiles/c.dir/stdlib/lib_getprogname.c.o
[651/1491] Building C object libs/libc/CMakeFiles/c.dir/stdlib/lib_lldiv.c.o
[652/1491] Building C object libs/libc/CMakeFiles/c.dir/stdlib/lib_labs.c.o
[653/1491] Building C object libs/libc/CMakeFiles/c.dir/stdlib/lib_itoa.c.o
[654/1491] Building C object libs/libc/CMakeFiles/c.dir/stdlib/lib_llabs.c.o
[655/1491] Building C object libs/libc/CMakeFiles/c.dir/stdlib/lib_bsearch.c.o
[656/1491] Building C object libs/libc/CMakeFiles/c.dir/stdlib/lib_exit.c.o
[657/1491] Building C object libs/libc/CMakeFiles/c.dir/stdlib/lib_rand.c.o
[658/1491] Building C object libs/libc/CMakeFiles/c.dir/stdlib/lib_realpath.c.o
[659/1491] Building C object libs/libc/CMakeFiles/c.dir/stdlib/lib_reallocarray.c.o
[660/1491] Building C object libs/libc/CMakeFiles/c.dir/stdlib/lib_rand48.c.o
[661/1491] Building C object libs/libc/CMakeFiles/c.dir/stdlib/lib_srand.c.o
[662/1491] Building C object libs/libc/CMakeFiles/c.dir/stdlib/lib_strtol.c.o
[663/1491] Building C object libs/libc/CMakeFiles/c.dir/stdlib/lib_qsort.c.o
[664/1491] Building C object libs/libc/CMakeFiles/c.dir/stdlib/lib_strtoll.c.o
[665/1491] Building C object libs/libc/CMakeFiles/c.dir/stdlib/lib_strtoul.c.o
[666/1491] Building C object libs/libc/CMakeFiles/c.dir/stdlib/lib_strtoull.c.o
[667/1491] Building C object libs/libc/CMakeFiles/c.dir/stdlib/lib_checkbase.c.o
[668/1491] Building C object libs/libc/CMakeFiles/c.dir/stdlib/lib_mkstemp.c.o
[669/1491] Building C object libs/libc/CMakeFiles/c.dir/stdlib/lib_mkdtemp.c.o
[670/1491] Building C object libs/libc/CMakeFiles/c.dir/stdlib/lib_aligned_alloc.c.o
[671/1491] Building C object libs/libc/CMakeFiles/c.dir/stdlib/lib_mktemp.c.o
[672/1491] Building C object libs/libc/CMakeFiles/c.dir/stdlib/lib_posix_memalign.c.o
[673/1491] Building C object libs/libc/CMakeFiles/c.dir/stdlib/lib_valloc.c.o
[674/1491] Building C object libs/libc/CMakeFiles/c.dir/stdlib/lib_mblen.c.o
[675/1491] Building C object libs/libc/CMakeFiles/c.dir/stdlib/lib_mbtowc.c.o
[676/1491] Building C object libs/libc/CMakeFiles/c.dir/stdlib/lib_wctomb.c.o
[677/1491] Building C object libs/libc/CMakeFiles/c.dir/stdlib/lib_mbstowcs.c.o
[678/1491] Building C object libs/libc/CMakeFiles/c.dir/stdlib/lib_strtold.c.o
[679/1491] Building C object libs/libc/CMakeFiles/c.dir/stdlib/lib_wcstombs.c.o
[680/1491] Building C object libs/libc/CMakeFiles/c.dir/stdlib/lib_arc4random.c.o
[681/1491] Building C object libs/libc/CMakeFiles/c.dir/stream/lib_memoutstream.c.o
[682/1491] Building C object libs/libc/CMakeFiles/c.dir/stream/lib_meminstream.c.o
[683/1491] Building C object libs/libc/CMakeFiles/c.dir/stdlib/lib_atexit.c.o
[684/1491] Building C object libs/libc/CMakeFiles/c.dir/stream/lib_memsistream.c.o
[685/1491] Building C object libs/libc/CMakeFiles/c.dir/stream/lib_memsostream.c.o
[686/1491] Building C object libs/libc/CMakeFiles/c.dir/stream/lib_lowoutstream.c.o
[687/1491] Building C object libs/libc/CMakeFiles/c.dir/stream/lib_rawinstream.c.o
[688/1491] Building C object libs/libc/CMakeFiles/c.dir/stream/lib_rawoutstream.c.o
[689/1491] Building C object libs/libc/CMakeFiles/c.dir/stream/lib_rawsistream.c.o
[690/1491] Building C object libs/libc/CMakeFiles/c.dir/stream/lib_zeroinstream.c.o
[691/1491] Building C object libs/libc/CMakeFiles/c.dir/stream/lib_rawsostream.c.o
[692/1491] Building C object libs/libc/CMakeFiles/c.dir/stream/lib_nullinstream.c.o
[693/1491] Building C object libs/libc/CMakeFiles/c.dir/stream/lib_nulloutstream.c.o
[694/1491] Building C object libs/libc/CMakeFiles/c.dir/stream/lib_mtdoutstream.c.o
[695/1491] Building C object libs/libc/CMakeFiles/c.dir/stream/lib_mtdsostream.c.o
[696/1491] Building C object libs/libc/CMakeFiles/c.dir/stream/lib_libnoflush.c.o
[697/1491] Building C object libs/libc/CMakeFiles/c.dir/stream/lib_libsnoflush.c.o
[698/1491] Building C object libs/libc/CMakeFiles/c.dir/stream/lib_syslogstream.c.o
[699/1491] Building C object libs/libc/CMakeFiles/c.dir/stream/lib_bufferedoutstream.c.o
[700/1491] Building C object libs/libc/CMakeFiles/c.dir/stream/lib_hexdumpstream.c.o
[701/1491] Building C object libs/libc/CMakeFiles/c.dir/stream/lib_base64outstream.c.o
[702/1491] Building C object libs/libc/CMakeFiles/c.dir/stream/lib_filesistream.c.o
[703/1491] Building C object libs/libc/CMakeFiles/c.dir/stream/lib_fileoutstream.c.o
[704/1491] Building C object libs/libc/CMakeFiles/c.dir/stream/lib_ultoa_invert.c.o
[705/1491] Building C object libs/libc/CMakeFiles/c.dir/stream/lib_libosprintf.c.o
[706/1491] Building C object libs/libc/CMakeFiles/c.dir/stream/lib_syslograwstream.c.o
[707/1491] Building C object libs/libc/CMakeFiles/c.dir/stream/lib_libbsprintf.c.o
[708/1491] Building C object libs/libc/CMakeFiles/c.dir/stream/lib_dtoa_data.c.o
[709/1491] Building C object libs/libc/CMakeFiles/c.dir/stream/lib_dtoa_engine.c.o
[710/1491] Building C object libs/libc/CMakeFiles/c.dir/stream/lib_stdinstream.c.o
[711/1491] Building C object libs/libc/CMakeFiles/c.dir/stream/lib_stdoutstream.c.o
[712/1491] Building C object libs/libc/CMakeFiles/c.dir/stream/lib_stdsistream.c.o
[713/1491] Building C object libs/libc/CMakeFiles/c.dir/stream/lib_stdsostream.c.o
[714/1491] Building C object libs/libc/CMakeFiles/c.dir/string/lib_ffs.c.o
[715/1491] Building C object libs/libc/CMakeFiles/c.dir/string/lib_bzero.c.o
[716/1491] Building C object libs/libc/CMakeFiles/c.dir/string/lib_ffsll.c.o
[717/1491] Building C object libs/libc/CMakeFiles/c.dir/string/lib_ffsl.c.o
[718/1491] Building C object libs/libc/CMakeFiles/c.dir/string/lib_fls.c.o
[719/1491] Building C object libs/libc/CMakeFiles/c.dir/stream/lib_libvscanf.c.o
[720/1491] Building C object libs/libc/CMakeFiles/c.dir/string/lib_flsll.c.o
[721/1491] Building C object libs/libc/CMakeFiles/c.dir/string/lib_flsl.c.o
[722/1491] Building C object libs/libc/CMakeFiles/c.dir/stream/lib_blkoutstream.c.o
[723/1491] Building C object libs/libc/CMakeFiles/c.dir/stream/lib_libvsprintf.c.o
[724/1491] Building C object libs/libc/CMakeFiles/c.dir/string/lib_memmem.c.o
[725/1491] Building C object libs/libc/CMakeFiles/c.dir/string/lib_popcountl.c.o
[726/1491] Building C object libs/libc/CMakeFiles/c.dir/string/lib_popcount.c.o
[727/1491] Building C object libs/libc/CMakeFiles/c.dir/string/lib_isbasedigit.c.o
[728/1491] Building C object libs/libc/CMakeFiles/c.dir/string/lib_popcountll.c.o
[729/1491] Building C object libs/libc/CMakeFiles/c.dir/string/lib_strcspn.c.o
[730/1491] Building C object libs/libc/CMakeFiles/c.dir/string/lib_skipspace.c.o
[731/1491] Building C object libs/libc/CMakeFiles/c.dir/string/lib_strerror.c.o
[732/1491] Building C object libs/libc/CMakeFiles/c.dir/string/lib_strcasecmp.c.o
[733/1491] Building C object libs/libc/CMakeFiles/c.dir/string/lib_strdup.c.o
[734/1491] Building C object libs/libc/CMakeFiles/c.dir/string/lib_strncasecmp.c.o
[735/1491] Building C object libs/libc/CMakeFiles/c.dir/string/lib_strcasestr.c.o
[736/1491] Building C object libs/libc/CMakeFiles/c.dir/string/lib_strncat.c.o
[737/1491] Building C object libs/libc/CMakeFiles/c.dir/string/lib_strpbrk.c.o
[738/1491] Building C object libs/libc/CMakeFiles/c.dir/string/lib_strndup.c.o
[739/1491] Building C object libs/libc/CMakeFiles/c.dir/string/lib_strspn.c.o
[740/1491] Building C object libs/libc/CMakeFiles/c.dir/string/lib_strstr.c.o
[741/1491] Building C object libs/libc/CMakeFiles/c.dir/string/lib_strsep.c.o
[742/1491] Building C object libs/libc/CMakeFiles/c.dir/string/lib_strtokr.c.o
[743/1491] Building C object libs/libc/CMakeFiles/c.dir/string/lib_strerrorr.c.o
[744/1491] Building C object libs/libc/CMakeFiles/c.dir/string/lib_explicit_bzero.c.o
[745/1491] Building C object libs/libc/CMakeFiles/c.dir/string/lib_strtok.c.o
[746/1491] Building C object libs/libc/CMakeFiles/c.dir/string/lib_rindex.c.o
[747/1491] Building C object libs/libc/CMakeFiles/c.dir/string/lib_index.c.o
[748/1491] Building C object libs/libc/CMakeFiles/c.dir/string/lib_timingsafe_bcmp.c.o
[749/1491] Building C object libs/libc/CMakeFiles/c.dir/string/lib_strsignal.c.o
[750/1491] Building C object libs/libc/CMakeFiles/c.dir/string/lib_strverscmp.c.o
[751/1491] Building C object libs/libc/CMakeFiles/c.dir/string/lib_mempcpy.c.o
[752/1491] Building C object libs/libc/CMakeFiles/c.dir/string/lib_rawmemchr.c.o
[753/1491] Building C object libs/libc/CMakeFiles/c.dir/string/lib_memmove.c.o
[754/1491] Building C object libs/libc/CMakeFiles/c.dir/string/lib_strlcpy.c.o
[755/1491] Building C object libs/libc/CMakeFiles/c.dir/string/lib_strlcat.c.o
[756/1491] Building C object libs/libc/CMakeFiles/c.dir/string/lib_strnlen.c.o
[757/1491] Building C object libs/libc/CMakeFiles/c.dir/string/lib_bsdmemcpy.c.o
[758/1491] Building C object libs/libc/CMakeFiles/c.dir/string/lib_bsdmemccpy.c.o
[759/1491] Building C object libs/libc/CMakeFiles/c.dir/string/lib_bsdmemcmp.c.o
[760/1491] Building C object libs/libc/CMakeFiles/c.dir/string/lib_bsdmemrchr.c.o
[761/1491] Building C object libs/libc/CMakeFiles/c.dir/string/lib_bsdmemset.c.o
[762/1491] Building C object libs/libc/CMakeFiles/c.dir/string/lib_bsdstpncpy.c.o
[763/1491] Building C object libs/libc/CMakeFiles/c.dir/string/lib_bsdstrcmp.c.o
[764/1491] Building C object libs/libc/CMakeFiles/c.dir/string/lib_bsdstrchr.c.o
[765/1491] Building C object libs/libc/CMakeFiles/c.dir/string/lib_bsdstrlen.c.o
[766/1491] Building C object libs/libc/CMakeFiles/c.dir/string/lib_bsdstrncpy.c.o
[767/1491] Building C object libs/libc/CMakeFiles/c.dir/string/lib_bsdmemchr.c.o
[768/1491] Building C object libs/libc/CMakeFiles/c.dir/string/lib_bsdstpcpy.c.o
[769/1491] Building C object libs/libc/CMakeFiles/c.dir/string/lib_bsdstrchrnul.c.o
[770/1491] Building C object libs/libc/CMakeFiles/c.dir/string/lib_bsdstrcat.c.o
[771/1491] Building C object libs/libc/CMakeFiles/c.dir/string/lib_bsdstrcpy.c.o
[772/1491] Building C object libs/libc/CMakeFiles/c.dir/string/lib_bsdstrrchr.c.o
[773/1491] Building C object libs/libc/CMakeFiles/c.dir/symtab/symtab_sortbyname.c.o
[774/1491] Building C object libs/libc/CMakeFiles/c.dir/string/lib_bsdstrncmp.c.o
[775/1491] Building C object libs/libc/CMakeFiles/c.dir/symtab/symtab_findbyname.c.o
[776/1491] Building C object libs/libc/CMakeFiles/c.dir/symtab/symtab_findbyvalue.c.o
[777/1491] Building C object libs/libc/CMakeFiles/c.dir/syslog/lib_setlogmask.c.o
[778/1491] Building C object libs/libc/CMakeFiles/c.dir/termios/lib_cfspeed.c.o
[779/1491] Building C object libs/libc/CMakeFiles/c.dir/termios/lib_cfmakeraw.c.o
[780/1491] Building C object libs/libc/CMakeFiles/c.dir/termios/lib_tcflush.c.o
[781/1491] Building C object libs/libc/CMakeFiles/c.dir/syslog/lib_syslog.c.o
[782/1491] Building C object libs/libc/CMakeFiles/c.dir/termios/lib_tcflow.c.o
[783/1491] Building C object libs/libc/CMakeFiles/c.dir/termios/lib_tcdrain.c.o
[784/1491] Building C object libs/libc/CMakeFiles/c.dir/termios/lib_tcgetattr.c.o
[785/1491] Building C object libs/libc/CMakeFiles/c.dir/termios/lib_isatty.c.o
[786/1491] Building C object libs/libc/CMakeFiles/c.dir/termios/lib_tcsetattr.c.o
[787/1491] Building C object libs/libc/CMakeFiles/c.dir/termios/lib_tcsendbreak.c.o
[788/1491] Building C object libs/libc/CMakeFiles/c.dir/termios/lib_ttynamer.c.o
[789/1491] Building C object libs/libc/CMakeFiles/c.dir/termios/lib_ttyname.c.o
[790/1491] Building C object libs/libc/CMakeFiles/c.dir/time/lib_calendar2utc.c.o
[791/1491] Building C object libs/libc/CMakeFiles/c.dir/time/lib_daysbeforemonth.c.o
[792/1491] Building C object libs/libc/CMakeFiles/c.dir/time/lib_gettimeofday.c.o
[793/1491] Building C object libs/libc/CMakeFiles/c.dir/time/lib_time.c.o
[794/1491] Building C object libs/libc/CMakeFiles/c.dir/time/lib_timespec_get.c.o
[795/1491] Building C object libs/libc/CMakeFiles/c.dir/time/lib_isleapyear.c.o
[796/1491] Building C object libs/libc/CMakeFiles/c.dir/time/lib_settimeofday.c.o
[797/1491] Building C object libs/libc/CMakeFiles/c.dir/time/lib_strftime.c.o
[798/1491] Building C object libs/libc/CMakeFiles/c.dir/time/lib_nanosleep.c.o
[799/1491] Building C object libs/libc/CMakeFiles/c.dir/time/lib_difftime.c.o
[800/1491] Building C object libs/libc/CMakeFiles/c.dir/time/lib_dayofweek.c.o
[801/1491] Building C object libs/libc/CMakeFiles/c.dir/time/lib_ctime.c.o
[802/1491] Building C object libs/libc/CMakeFiles/c.dir/time/lib_ctimer.c.o
[803/1491] Building C object libs/libc/CMakeFiles/c.dir/time/lib_gethrtime.c.o
[804/1491] Building C object libs/libc/CMakeFiles/c.dir/time/lib_asctimer.c.o
[805/1491] Building C object libs/libc/CMakeFiles/c.dir/time/lib_asctime.c.o
[806/1491] Building C object libs/libc/CMakeFiles/c.dir/tls/tls_getinfo.c.o
[807/1491] Building C object libs/libc/CMakeFiles/c.dir/time/lib_gmtime.c.o
[808/1491] Building C object libs/libc/CMakeFiles/c.dir/uio/lib_pwritev.c.o
[809/1491] Building C object libs/libc/CMakeFiles/c.dir/uio/lib_preadv.c.o
[810/1491] Building C object libs/libc/CMakeFiles/c.dir/time/lib_timegm.c.o
[811/1491] Building C object libs/libc/CMakeFiles/c.dir/time/lib_gmtimer.c.o
[812/1491] Building C object libs/libc/CMakeFiles/c.dir/unistd/lib_access.c.o
[813/1491] Building C object libs/libc/CMakeFiles/c.dir/unistd/lib_swab.c.o
[814/1491] Building C object libs/libc/CMakeFiles/c.dir/unistd/lib_pathconf.c.o
[815/1491] Building C object libs/libc/CMakeFiles/c.dir/unistd/lib_daemon.c.o
[816/1491] Building C object libs/libc/CMakeFiles/c.dir/unistd/lib_sysconf.c.o
[817/1491] Building C object libs/libc/CMakeFiles/c.dir/unistd/lib_getcwd.c.o
[818/1491] Building C object libs/libc/CMakeFiles/c.dir/unistd/lib_getentropy.c.o
[819/1491] Building C object libs/libc/CMakeFiles/c.dir/unistd/lib_getopt.c.o
[820/1491] Building C object libs/libc/CMakeFiles/c.dir/unistd/lib_getopt_long.c.o
[821/1491] Building C object libs/libc/CMakeFiles/c.dir/unistd/lib_getopt_longonly.c.o
[822/1491] Building C object libs/libc/CMakeFiles/c.dir/unistd/lib_getoptvars.c.o
[823/1491] Building C object libs/libc/CMakeFiles/c.dir/unistd/lib_getopt_common.c.o
[824/1491] Building C object libs/libc/CMakeFiles/c.dir/unistd/lib_getoptargp.c.o
[825/1491] Building C object libs/libc/CMakeFiles/c.dir/unistd/lib_times.c.o
[826/1491] Building C object libs/libc/CMakeFiles/c.dir/unistd/lib_getopterrp.c.o
[827/1491] Building C object libs/libc/CMakeFiles/c.dir/unistd/lib_getoptindp.c.o
[828/1491] Building C object libs/libc/CMakeFiles/c.dir/unistd/lib_getoptoptp.c.o
[829/1491] Building C object libs/libc/CMakeFiles/c.dir/unistd/lib_alarm.c.o
[830/1491] Building C object libs/libc/CMakeFiles/c.dir/unistd/lib_statvfs.c.o
[831/1491] Building C object libs/libc/CMakeFiles/c.dir/unistd/lib_fstatvfs.c.o
[832/1491] Building C object libs/libc/CMakeFiles/c.dir/unistd/lib_nice.c.o
[833/1491] Building C object libs/libc/CMakeFiles/c.dir/unistd/lib_sleep.c.o
[834/1491] Building C object libs/libc/CMakeFiles/c.dir/unistd/lib_setreuid.c.o
[835/1491] Building C object libs/libc/CMakeFiles/c.dir/unistd/lib_getrusage.c.o
[836/1491] Building C object libs/libc/CMakeFiles/c.dir/unistd/lib_utime.c.o
[837/1491] Building C object libs/libc/CMakeFiles/c.dir/unistd/lib_setregid.c.o
[838/1491] Building C object libs/libc/CMakeFiles/c.dir/unistd/lib_setrlimit.c.o
[839/1491] Building C object libs/libc/CMakeFiles/c.dir/unistd/lib_futimes.c.o
[840/1491] Building C object libs/libc/CMakeFiles/c.dir/unistd/lib_getpriority.c.o
[841/1491] Building C object libs/libc/CMakeFiles/c.dir/unistd/lib_utimes.c.o
[842/1491] Building C object libs/libc/CMakeFiles/c.dir/unistd/lib_getrlimit.c.o
[843/1491] Building C object libs/libc/CMakeFiles/c.dir/unistd/lib_setpriority.c.o
[844/1491] Building C object libs/libc/CMakeFiles/c.dir/unistd/lib_lutimes.c.o
[845/1491] Building C object libs/libc/CMakeFiles/c.dir/unistd/lib_gethostname.c.o
[846/1491] Building C object libs/libc/CMakeFiles/c.dir/unistd/lib_sethostname.c.o
[847/1491] Building C object libs/libc/CMakeFiles/c.dir/unistd/lib_fchownat.c.o
[848/1491] Building C object libs/libc/CMakeFiles/c.dir/unistd/lib_symlinkat.c.o
[849/1491] Building C object libs/libc/CMakeFiles/c.dir/unistd/lib_readlinkat.c.o
[850/1491] Building C object libs/libc/CMakeFiles/c.dir/unistd/lib_linkat.c.o
[851/1491] Building C object libs/libc/CMakeFiles/c.dir/unistd/lib_unlinkat.c.o
[852/1491] Building C object libs/libc/CMakeFiles/c.dir/unistd/lib_usleep.c.o
[853/1491] Building C object libs/libc/CMakeFiles/c.dir/unistd/lib_getpgrp.c.o
[854/1491] Building C object libs/libc/CMakeFiles/c.dir/unistd/lib_getpgid.c.o
[855/1491] Building C object libs/libc/CMakeFiles/c.dir/unistd/lib_lockf.c.o
[856/1491] Building C object libs/libc/CMakeFiles/c.dir/unistd/lib_flock.c.o
[857/1491] Building C object libs/libc/CMakeFiles/c.dir/unistd/lib_ulimit.c.o
[858/1491] Building C object libs/libc/CMakeFiles/c.dir/unistd/lib_confstr.c.o
[859/1491] Building C object libs/libc/CMakeFiles/c.dir/unistd/lib_setuid.c.o
[860/1491] Building C object libs/libc/CMakeFiles/c.dir/unistd/lib_getuid.c.o
[861/1491] Building C object libs/libc/CMakeFiles/c.dir/unistd/lib_setgid.c.o
[862/1491] Building C object libs/libc/CMakeFiles/c.dir/unistd/lib_getpass.c.o
[863/1491] Building C object libs/libc/CMakeFiles/c.dir/unistd/lib_getgid.c.o
[864/1491] Building C object libs/libc/CMakeFiles/c.dir/unistd/lib_geteuid.c.o
[865/1491] Building C object libs/libc/CMakeFiles/c.dir/unistd/lib_seteuid.c.o
[866/1491] Building C object libs/libc/CMakeFiles/c.dir/unistd/lib_setegid.c.o
[867/1491] Building C object libs/libc/CMakeFiles/c.dir/unistd/lib_getegid.c.o
[868/1491] Building C object libs/libc/CMakeFiles/c.dir/unistd/lib_chdir.c.o
[869/1491] Building C object libs/libc/CMakeFiles/c.dir/unistd/lib_fchdir.c.o
[870/1491] Building C object libs/libc/CMakeFiles/c.dir/uuid/lib_uuid_compare.c.o
[871/1491] Building C object libs/libc/CMakeFiles/c.dir/unistd/lib_restoredir.c.o
[872/1491] Building C object libs/libc/CMakeFiles/c.dir/unistd/lib_truncate.c.o
[873/1491] Building C object libs/libc/CMakeFiles/c.dir/uuid/lib_uuid_create.c.o
[874/1491] Building C object libs/libc/CMakeFiles/c.dir/unistd/lib_posix_fallocate.c.o
[875/1491] Building C object libs/libc/CMakeFiles/c.dir/unistd/lib_fork.c.o
[876/1491] Building C object libs/libc/CMakeFiles/c.dir/uuid/lib_uuid_create_nil.c.o
[877/1491] Building C object libs/libc/CMakeFiles/c.dir/uuid/lib_uuid_hash.c.o
[878/1491] Building C object libs/libc/CMakeFiles/c.dir/uuid/lib_uuid_equal.c.o
[879/1491] Building C object libs/libc/CMakeFiles/c.dir/uuid/lib_uuid_is_nil.c.o
[880/1491] Building C object libs/libc/CMakeFiles/c.dir/uuid/lib_uuid_from_string.c.o
[881/1491] Building C object libs/libc/CMakeFiles/c.dir/uuid/lib_uuid_stream.c.o
[882/1491] Building C object libs/libc/CMakeFiles/c.dir/uuid/lib_uuid_to_string.c.o
[883/1491] Building C object libs/libc/CMakeFiles/c.dir/wchar/lib_wmemchr.c.o
[884/1491] Building C object libs/libc/CMakeFiles/c.dir/wchar/lib_wcscmp.c.o
[885/1491] Building C object libs/libc/CMakeFiles/c.dir/wchar/lib_wcslen.c.o
[886/1491] Building C object libs/libc/CMakeFiles/c.dir/wchar/lib_wmemcmp.c.o
[887/1491] Building C object libs/libc/CMakeFiles/c.dir/wchar/lib_wmemcpy.c.o
[888/1491] Building C object libs/libc/CMakeFiles/c.dir/wchar/lib_wmemmove.c.o
[889/1491] Building C object libs/libc/CMakeFiles/c.dir/wchar/lib_wmemset.c.o
[890/1491] Building C object libs/libc/CMakeFiles/c.dir/wchar/lib_btowc.c.o
[891/1491] Building C object libs/libc/CMakeFiles/c.dir/wchar/lib_mbrtowc.c.o
[892/1491] Building C object libs/libc/CMakeFiles/c.dir/wchar/lib_wctob.c.o
[893/1491] Building C object libs/libc/CMakeFiles/c.dir/wchar/lib_wcslcpy.c.o
[894/1491] Building C object libs/libc/CMakeFiles/c.dir/wchar/lib_wcsxfrm.c.o
[895/1491] Building C object libs/libc/CMakeFiles/c.dir/wchar/lib_wcrtomb.c.o
[896/1491] Building C object libs/libc/CMakeFiles/c.dir/wchar/lib_wcsftime.c.o
[897/1491] Building C object libs/libc/CMakeFiles/c.dir/wchar/lib_wcscoll.c.o
[898/1491] Building C object libs/libc/CMakeFiles/c.dir/wchar/lib_wcstol.c.o
[899/1491] Building C object libs/libc/CMakeFiles/c.dir/wchar/lib_wcstoll.c.o
[900/1491] Building C object libs/libc/CMakeFiles/c.dir/wchar/lib_wcstoul.c.o
[901/1491] Building C object libs/libc/CMakeFiles/c.dir/wchar/lib_wcstold.c.o
[902/1491] Building C object libs/libc/CMakeFiles/c.dir/wchar/lib_wcstoull.c.o
[903/1491] Building C object libs/libc/CMakeFiles/c.dir/wchar/lib_wcstof.c.o
[904/1491] Building C object libs/libc/CMakeFiles/c.dir/wchar/lib_wcstod.c.o
[905/1491] Building C object libs/libc/CMakeFiles/c.dir/wchar/lib_swprintf.c.o
[906/1491] Building C object libs/libc/CMakeFiles/c.dir/wchar/lib_mbsinit.c.o
[907/1491] Building C object libs/libc/CMakeFiles/c.dir/wchar/lib_wcsnrtombs.c.o
[908/1491] Building C object libs/libc/CMakeFiles/c.dir/wchar/lib_mbsnrtowcs.c.o
[909/1491] Building C object libs/libc/CMakeFiles/c.dir/wchar/lib_mbrlen.c.o
[910/1491] Building C object libs/libc/CMakeFiles/c.dir/wchar/lib_mbsrtowcs.c.o
[911/1491] Building C object libs/libc/CMakeFiles/c.dir/wchar/lib_wcsrtombs.c.o
[912/1491] Building C object libs/libc/CMakeFiles/c.dir/wchar/lib_wcscpy.c.o
[913/1491] Building C object libs/libc/CMakeFiles/c.dir/wchar/lib_wcscat.c.o
[914/1491] Building C object libs/libc/CMakeFiles/c.dir/wchar/lib_wcslcat.c.o
[915/1491] Building C object libs/libc/CMakeFiles/c.dir/wchar/lib_wcsncat.c.o
[916/1491] Building C object libs/libc/CMakeFiles/c.dir/wchar/lib_wcsrchr.c.o
[917/1491] Building C object libs/libc/CMakeFiles/c.dir/wchar/lib_wcschr.c.o
[918/1491] Building C object libs/libc/CMakeFiles/c.dir/wchar/lib_wcsncpy.c.o
[919/1491] Building C object libs/libc/CMakeFiles/c.dir/wchar/lib_wcspbrk.c.o
[920/1491] Building C object libs/libc/CMakeFiles/c.dir/wchar/lib_wcsncmp.c.o
[921/1491] Building C object libs/libc/CMakeFiles/c.dir/wchar/lib_wcscspn.c.o
[922/1491] Building C object libs/libc/CMakeFiles/c.dir/wchar/lib_wcsspn.c.o
[923/1491] Building C object libs/libc/CMakeFiles/c.dir/wchar/lib_wcsstr.c.o
[924/1491] Building C object libs/libc/CMakeFiles/c.dir/wchar/lib_wcswcs.c.o
[925/1491] Building C object libs/libc/CMakeFiles/c.dir/wchar/lib_wcstok.c.o
[926/1491] Building C object libs/libc/CMakeFiles/c.dir/wctype/lib_wctype.c.o
[927/1491] Building C object libs/libc/CMakeFiles/c.dir/wchar/lib_wcswidth.c.o
[928/1491] Building C object libs/libc/CMakeFiles/c.dir/wchar/lib_wcwidth.c.o
[929/1491] Building C object libs/libc/CMakeFiles/c.dir/wctype/lib_towlower.c.o
[930/1491] Building C object libs/libc/CMakeFiles/c.dir/wctype/lib_towupper.c.o
[931/1491] Building C object libs/libc/CMakeFiles/c.dir/wctype/lib_iswctype.c.o
[932/1491] Building C object mm/CMakeFiles/mm.dir/iob/iob_add_queue.c.o
[933/1491] Building C object mm/CMakeFiles/mm.dir/iob/iob_concat.c.o
[934/1491] Building C object mm/CMakeFiles/mm.dir/iob/iob_alloc_qentry.c.o
[935/1491] Building C object mm/CMakeFiles/mm.dir/iob/iob_alloc.c.o
[936/1491] Building C object mm/CMakeFiles/mm.dir/iob/iob_clone.c.o
[937/1491] Building C object mm/CMakeFiles/mm.dir/iob/iob_copyin.c.o
[938/1491] Building C object mm/CMakeFiles/mm.dir/iob/iob_copyout.c.o
[939/1491] Building C object mm/CMakeFiles/mm.dir/iob/iob_contig.c.o
[940/1491] Building C object mm/CMakeFiles/mm.dir/iob/iob_free.c.o
[941/1491] Building C object mm/CMakeFiles/mm.dir/iob/iob_free_chain.c.o
[942/1491] Building C object mm/CMakeFiles/mm.dir/iob/iob_free_qentry.c.o
[943/1491] Building C object mm/CMakeFiles/mm.dir/iob/iob_free_queue.c.o
[944/1491] Building C object mm/CMakeFiles/mm.dir/iob/iob_initialize.c.o
[945/1491] Building C object mm/CMakeFiles/mm.dir/iob/iob_peek_queue.c.o
[946/1491] Building C object mm/CMakeFiles/mm.dir/iob/iob_remove_queue.c.o
[947/1491] Building C object mm/CMakeFiles/mm.dir/iob/iob_pack.c.o
[948/1491] Building C object mm/CMakeFiles/mm.dir/iob/iob_statistics.c.o
[949/1491] Building C object mm/CMakeFiles/mm.dir/iob/iob_trimhead.c.o
[950/1491] Building C object mm/CMakeFiles/mm.dir/iob/iob_trimhead_queue.c.o
[951/1491] Building C object mm/CMakeFiles/mm.dir/iob/iob_trimtail.c.o
[952/1491] Building C object mm/CMakeFiles/mm.dir/iob/iob_navail.c.o
[953/1491] Building C object mm/CMakeFiles/mm.dir/iob/iob_free_queue_qentry.c.o
[954/1491] Building C object mm/CMakeFiles/mm.dir/iob/iob_tailroom.c.o
[955/1491] Building C object mm/CMakeFiles/mm.dir/iob/iob_get_queue_info.c.o
[956/1491] Building C object mm/CMakeFiles/mm.dir/iob/iob_reserve.c.o
[957/1491] Building C object mm/CMakeFiles/mm.dir/kasan/hook.c.o
[958/1491] Building C object mm/CMakeFiles/mm.dir/iob/iob_count.c.o
[959/1491] Building C object mm/CMakeFiles/mm.dir/iob/iob_update_pktlen.c.o
[960/1491] Building C object mm/CMakeFiles/mm.dir/iob/iob_dump.c.o
[961/1491] Building C object mm/CMakeFiles/mm.dir/mempool/mempool_procfs.c.o
[962/1491] Building C object mm/CMakeFiles/mm.dir/mm_heap/mm_malloc_size.c.o
[963/1491] Building C object mm/CMakeFiles/mm.dir/mm_heap/mm_initialize.c.o
[964/1491] Building C object mm/CMakeFiles/mm.dir/map/mm_map.c.o
[965/1491] Building C object mm/CMakeFiles/mm.dir/mempool/mempool.c.o
[966/1491] Building C object mm/CMakeFiles/mm.dir/mm_heap/mm_shrinkchunk.c.o
[967/1491] Building C object mm/CMakeFiles/mm.dir/mm_heap/mm_calloc.c.o
[968/1491] Building C object mm/CMakeFiles/mm.dir/mm_heap/mm_brkaddr.c.o
[969/1491] Building C object mm/CMakeFiles/mm.dir/mempool/mempool_multiple.c.o
[970/1491] Building C object mm/CMakeFiles/mm.dir/mm_heap/mm_extend.c.o
[971/1491] Building C object mm/CMakeFiles/mm.dir/mm_heap/mm_mallinfo.c.o
[972/1491] Building C object mm/CMakeFiles/mm.dir/mm_heap/mm_free.c.o
[973/1491] Building C object mm/CMakeFiles/mm.dir/mm_heap/mm_foreach.c.o
[974/1491] Building C object mm/CMakeFiles/mm.dir/mm_heap/mm_malloc.c.o
[975/1491] Building C object mm/CMakeFiles/mm.dir/mm_heap/mm_zalloc.c.o
[976/1491] Building C object mm/CMakeFiles/mm.dir/mm_heap/mm_memalign.c.o
[977/1491] Building C object mm/CMakeFiles/mm.dir/mm_heap/mm_heapmember.c.o
[978/1491] Building C object mm/CMakeFiles/mm.dir/umm_heap/umm_globals.c.o
[979/1491] Building C object mm/CMakeFiles/mm.dir/mm_heap/mm_realloc.c.o
[980/1491] Building C object mm/CMakeFiles/mm.dir/umm_heap/umm_initialize.c.o
[981/1491] Building C object mm/CMakeFiles/mm.dir/umm_heap/umm_addregion.c.o
[982/1491] Building C object mm/CMakeFiles/mm.dir/umm_heap/umm_malloc_size.c.o
[983/1491] Building C object mm/CMakeFiles/mm.dir/mm_heap/mm_memdump.c.o
[984/1491] Building C object mm/CMakeFiles/mm.dir/umm_heap/umm_brkaddr.c.o
[985/1491] Building C object mm/CMakeFiles/mm.dir/umm_heap/umm_calloc.c.o
[986/1491] Building C object mm/CMakeFiles/mm.dir/umm_heap/umm_extend.c.o
[987/1491] Building C object mm/CMakeFiles/mm.dir/umm_heap/umm_free.c.o
[988/1491] Building C object mm/CMakeFiles/mm.dir/umm_heap/umm_mallinfo.c.o
[989/1491] Building C object mm/CMakeFiles/mm.dir/umm_heap/umm_malloc.c.o
[990/1491] Building C object mm/CMakeFiles/mm.dir/umm_heap/umm_memalign.c.o
[991/1491] Building C object mm/CMakeFiles/mm.dir/umm_heap/umm_realloc.c.o
[992/1491] Building C object mm/CMakeFiles/mm.dir/umm_heap/umm_zalloc.c.o
[993/1491] Building C object mm/CMakeFiles/mm.dir/umm_heap/umm_heapmember.c.o
[994/1491] Building C object mm/CMakeFiles/mm.dir/umm_heap/umm_memdump.c.o
[995/1491] Building C object net/CMakeFiles/net.dir/arp/arp_input.c.o
[996/1491] Building C object net/CMakeFiles/net.dir/arp/arp_out.c.o
[997/1491] Building C object net/CMakeFiles/net.dir/arp/arp_format.c.o
[998/1491] Building C object net/CMakeFiles/net.dir/arp/arp_poll.c.o
[999/1491] Building C object net/CMakeFiles/net.dir/arp/arp_table.c.o
[1000/1491] Building C object net/CMakeFiles/net.dir/bluetooth/bluetooth_initialize.c.o
[1001/1491] Building C object net/CMakeFiles/net.dir/arp/arp_notify.c.o
[1002/1491] Building C object net/CMakeFiles/net.dir/arp/arp_send.c.o
[1003/1491] Building C object net/CMakeFiles/net.dir/bluetooth/bluetooth_container.c.o
[1004/1491] Building C object net/CMakeFiles/net.dir/bluetooth/bluetooth_sockif.c.o
[1005/1491] Building C object net/CMakeFiles/net.dir/bluetooth/bluetooth_conn.c.o
[1006/1491] Building C object net/CMakeFiles/net.dir/bluetooth/bluetooth_input.c.o
[1007/1491] Building C object net/CMakeFiles/net.dir/bluetooth/bluetooth_poll.c.o
[1008/1491] Building C object net/CMakeFiles/net.dir/bluetooth/bluetooth_callback.c.o
[1009/1491] Building C object net/CMakeFiles/net.dir/bluetooth/bluetooth_sendmsg.c.o
[1010/1491] Building C object net/CMakeFiles/net.dir/bluetooth/bluetooth_finddev.c.o
[1011/1491] Building C object net/CMakeFiles/net.dir/bluetooth/bluetooth_recvmsg.c.o
[1012/1491] Building C object net/CMakeFiles/net.dir/devif/devif_send.c.o
[1013/1491] Building C object net/CMakeFiles/net.dir/devif/devif_callback.c.o
[1014/1491] Building C object net/CMakeFiles/net.dir/devif/devif_loopback.c.o
[1015/1491] Building C object net/CMakeFiles/net.dir/devif/devif_iobsend.c.o
[1016/1491] Building C object net/CMakeFiles/net.dir/devif/ipv4_input.c.o
[1017/1491] Building C object net/CMakeFiles/net.dir/devif/devif_filesend.c.o
[1018/1491] Building C object net/CMakeFiles/net.dir/icmp/icmp_reply.c.o
[1019/1491] Building C object net/CMakeFiles/net.dir/icmp/icmp_poll.c.o
[1020/1491] Building C object net/CMakeFiles/net.dir/icmp/icmp_sockif.c.o
[1021/1491] Building C object net/CMakeFiles/net.dir/devif/devif_poll.c.o
[1022/1491] Building C object net/CMakeFiles/net.dir/icmp/icmp_input.c.o
[1023/1491] Building C object net/CMakeFiles/net.dir/icmp/icmp_conn.c.o
[1024/1491] Building C object net/CMakeFiles/net.dir/inet/inet_txdrain.c.o
[1025/1491] Building C object net/CMakeFiles/net.dir/icmp/icmp_sendmsg.c.o
[1026/1491] Building C object net/CMakeFiles/net.dir/icmp/icmp_ioctl.c.o
[1027/1491] Building C object net/CMakeFiles/net.dir/icmp/icmp_recvmsg.c.o
[1028/1491] Building C object net/CMakeFiles/net.dir/icmp/icmp_netpoll.c.o
[1029/1491] Building C object net/CMakeFiles/net.dir/inet/inet_globals.c.o
[1030/1491] Building C object net/CMakeFiles/net.dir/inet/ipv4_getsockopt.c.o
[1031/1491] Building C object net/CMakeFiles/net.dir/inet/ipv4_setsockopt.c.o
[1032/1491] Building C object net/CMakeFiles/net.dir/inet/ipv4_getpeername.c.o
[1033/1491] Building C object net/CMakeFiles/net.dir/inet/ipv4_getsockname.c.o
[1034/1491] Building C object net/CMakeFiles/net.dir/inet/ipv4_build_header.c.o
[1035/1491] Building C object net/CMakeFiles/net.dir/inet/inet_sockif.c.o
[1036/1491] Building C object net/CMakeFiles/net.dir/netdev/netdev_txnotify.c.o
[1037/1491] Building C object net/CMakeFiles/net.dir/netdev/netdev_findbyname.c.o
[1038/1491] Building C object net/CMakeFiles/net.dir/netdev/netdev_findbyaddr.c.o
[1039/1491] Building C object net/CMakeFiles/net.dir/netdev/netdev_register.c.o
[1040/1491] Building C object net/CMakeFiles/net.dir/netdev/netdev_count.c.o
[1041/1491] Building C object net/CMakeFiles/net.dir/netdev/netdev_ifconf.c.o
[1042/1491] Building C object net/CMakeFiles/net.dir/netdev/netdev_findbyindex.c.o
[1043/1491] Building C object net/CMakeFiles/net.dir/netdev/netdev_foreach.c.o
[1044/1491] Building C object net/CMakeFiles/net.dir/netdev/netdev_ioctl.c.o
[1045/1491] Building C object net/CMakeFiles/net.dir/netdev/netdev_unregister.c.o
[1046/1491] Building C object net/CMakeFiles/net.dir/netdev/netdev_default.c.o
[1047/1491] Building C object net/CMakeFiles/net.dir/netdev/netdev_lladdrsize.c.o
[1048/1491] Building C object net/CMakeFiles/net.dir/netdev/netdev_verify.c.o
[1049/1491] Building C object net/CMakeFiles/net.dir/netdev/netdev_carrier.c.o
[1050/1491] Building C object net/CMakeFiles/net.dir/netdev/netdev_input.c.o
[1051/1491] Building C object net/CMakeFiles/net.dir/netdev/netdev_checksum.c.o
[1052/1491] Building C object net/CMakeFiles/net.dir/netdev/netdev_iob.c.o
[1053/1491] Building C object net/CMakeFiles/net.dir/procfs/netdev_statistics.c.o
[1054/1491] Building C object net/CMakeFiles/net.dir/procfs/net_statistics.c.o
[1055/1491] Building C object net/CMakeFiles/net.dir/procfs/net_procfs.c.o
[1056/1491] Building C object net/CMakeFiles/net.dir/procfs/net_tcp.c.o
[1057/1491] Building C object net/CMakeFiles/net.dir/socket/accept.c.o
[1058/1491] Building C object net/CMakeFiles/net.dir/procfs/net_udp.c.o
[1059/1491] Building C object net/CMakeFiles/net.dir/socket/bind.c.o
[1060/1491] Building C object net/CMakeFiles/net.dir/socket/connect.c.o
[1061/1491] Building C object net/CMakeFiles/net.dir/socket/getsockname.c.o
[1062/1491] Building C object net/CMakeFiles/net.dir/socket/getpeername.c.o
[1063/1491] Building C object net/CMakeFiles/net.dir/socket/recv.c.o
[1064/1491] Building C object net/CMakeFiles/net.dir/socket/listen.c.o
[1065/1491] Building C object net/CMakeFiles/net.dir/socket/recvfrom.c.o
[1066/1491] Building C object net/CMakeFiles/net.dir/socket/send.c.o
[1067/1491] Building C object net/CMakeFiles/net.dir/socket/sendto.c.o
[1068/1491] Building C object net/CMakeFiles/net.dir/socket/socket.c.o
[1069/1491] Building C object net/CMakeFiles/net.dir/socket/socketpair.c.o
[1070/1491] Building C object net/CMakeFiles/net.dir/socket/net_close.c.o
[1071/1491] Building C object net/CMakeFiles/net.dir/socket/recvmsg.c.o
[1072/1491] Building C object net/CMakeFiles/net.dir/socket/sendmsg.c.o
[1073/1491] Building C object net/CMakeFiles/net.dir/socket/shutdown.c.o
[1074/1491] Building C object net/CMakeFiles/net.dir/socket/net_poll.c.o
[1075/1491] Building C object net/CMakeFiles/net.dir/socket/net_mmap.c.o
[1076/1491] Building C object net/CMakeFiles/net.dir/socket/net_sockif.c.o
[1077/1491] Building C object net/CMakeFiles/net.dir/socket/net_dup2.c.o
[1078/1491] Building C object net/CMakeFiles/net.dir/socket/net_fstat.c.o
[1079/1491] Building C object net/CMakeFiles/net.dir/socket/net_timeo.c.o
[1080/1491] Building C object net/CMakeFiles/net.dir/socket/setsockopt.c.o
[1081/1491] Building C object net/CMakeFiles/net.dir/socket/getsockopt.c.o
[1082/1491] Building C object net/CMakeFiles/net.dir/tcp/tcp_accept.c.o
[1083/1491] Building C object net/CMakeFiles/net.dir/tcp/tcp_connect.c.o
[1084/1491] Building C object net/CMakeFiles/net.dir/tcp/tcp_seqno.c.o
[1085/1491] Building C object net/CMakeFiles/net.dir/tcp/tcp_recvfrom.c.o
[1086/1491] Building C object net/CMakeFiles/net.dir/tcp/tcp_devpoll.c.o
[1087/1491] Building C object net/CMakeFiles/net.dir/tcp/tcp_finddev.c.o
[1088/1491] Building C object net/CMakeFiles/net.dir/tcp/tcp_send_unbuffered.c.o
[1089/1491] Building C object net/CMakeFiles/net.dir/tcp/tcp_send.c.o
[1090/1491] Building C object net/CMakeFiles/net.dir/tcp/tcp_appsend.c.o
[1091/1491] Building C object net/CMakeFiles/net.dir/tcp/tcp_timer.c.o
[1092/1491] Building C object net/CMakeFiles/net.dir/tcp/tcp_listen.c.o
[1093/1491] Building C object net/CMakeFiles/net.dir/tcp/tcp_conn.c.o
[1094/1491] Building C object net/CMakeFiles/net.dir/tcp/tcp_backlog.c.o
[1095/1491] Building C object net/CMakeFiles/net.dir/tcp/tcp_input.c.o
[1096/1491] Building C object net/CMakeFiles/net.dir/tcp/tcp_callback.c.o
[1097/1491] Building C object net/CMakeFiles/net.dir/tcp/tcp_monitor.c.o
[1098/1491] Building C object net/CMakeFiles/net.dir/tcp/tcp_ipselect.c.o
[1099/1491] Building C object net/CMakeFiles/net.dir/tcp/tcp_recvwindow.c.o
[1100/1491] Building C object net/CMakeFiles/net.dir/tcp/tcp_close.c.o
[1101/1491] Building C object net/CMakeFiles/net.dir/tcp/tcp_dump.c.o
[1102/1491] Building C object net/CMakeFiles/net.dir/tcp/tcp_ioctl.c.o
[1103/1491] Building C object net/CMakeFiles/net.dir/tcp/tcp_shutdown.c.o
[1104/1491] Building C object net/CMakeFiles/net.dir/tcp/tcp_netpoll.c.o
[1105/1491] Building C object net/CMakeFiles/net.dir/udp/udp_sendto_unbuffered.c.o
[1106/1491] Building C object net/CMakeFiles/net.dir/udp/udp_recvfrom.c.o
[1107/1491] Building C object net/CMakeFiles/net.dir/udp/udp_devpoll.c.o
[1108/1491] Building C object net/CMakeFiles/net.dir/udp/udp_send.c.o
[1109/1491] Building C object net/CMakeFiles/net.dir/udp/udp_input.c.o
[1110/1491] Building C object net/CMakeFiles/net.dir/udp/udp_finddev.c.o
[1111/1491] Building C object net/CMakeFiles/net.dir/udp/udp_close.c.o
[1112/1491] Building C object net/CMakeFiles/net.dir/udp/udp_conn.c.o
[1113/1491] Building C object net/CMakeFiles/net.dir/udp/udp_ipselect.c.o
[1114/1491] Building C object net/CMakeFiles/net.dir/utils/net_dsec2tick.c.o
[1115/1491] Building C object net/CMakeFiles/net.dir/udp/udp_callback.c.o
[1116/1491] Building C object net/CMakeFiles/net.dir/utils/net_dsec2timeval.c.o
[1117/1491] Building C object net/CMakeFiles/net.dir/utils/net_timeval2dsec.c.o
[1118/1491] Building C object net/CMakeFiles/net.dir/udp/udp_ioctl.c.o
[1119/1491] Building C object net/CMakeFiles/net.dir/udp/udp_netpoll.c.o
[1120/1491] Building C object net/CMakeFiles/net.dir/utils/net_incr32.c.o
[1121/1491] Building C object net/CMakeFiles/net.dir/utils/net_ipchksum.c.o
[1122/1491] Building C object net/CMakeFiles/net.dir/utils/net_chksum.c.o
[1123/1491] Building C object net/CMakeFiles/net.dir/utils/net_iob_concat.c.o
[1124/1491] Building C object net/CMakeFiles/net.dir/utils/net_cmsg.c.o
[1125/1491] Building C object net/CMakeFiles/net.dir/utils/net_snoop.c.o
[1126/1491] Building C object net/CMakeFiles/net.dir/utils/net_tcpchksum.c.o
[1127/1491] Building C object net/CMakeFiles/net.dir/utils/net_mask2pref.c.o
[1128/1491] Building C object net/CMakeFiles/net.dir/utils/net_udpchksum.c.o
[1129/1491] Building C object sched/CMakeFiles/sched.dir/clock/clock.c.o
[1130/1491] Building C object net/CMakeFiles/net.dir/utils/net_lock.c.o
[1131/1491] Building C object net/CMakeFiles/net.dir/utils/net_icmpchksum.c.o
[1132/1491] Building C object net/CMakeFiles/net.dir/net_initialize.c.o
[1133/1491] Building C object sched/CMakeFiles/sched.dir/clock/clock_initialize.c.o
[1134/1491] Building C object sched/CMakeFiles/sched.dir/clock/clock_notifier.c.o
[1135/1491] Building C object sched/CMakeFiles/sched.dir/clock/clock_getres.c.o
[1136/1491] Building C object sched/CMakeFiles/sched.dir/clock/clock_gettime.c.o
[1137/1491] Building C object sched/CMakeFiles/sched.dir/clock/clock_systime_ticks.c.o
[1138/1491] Building C object sched/CMakeFiles/sched.dir/clock/clock_settime.c.o
[1139/1491] Building C object sched/CMakeFiles/sched.dir/clock/clock_realtime2absticks.c.o
[1140/1491] Building C object sched/CMakeFiles/sched.dir/clock/clock_perf.c.o
[1141/1491] Building C object sched/CMakeFiles/sched.dir/clock/clock_systime_timespec.c.o
[1142/1491] Building C object sched/CMakeFiles/sched.dir/group/group_setupidlefiles.c.o
[1143/1491] Building C object sched/CMakeFiles/sched.dir/group/group_join.c.o
[1144/1491] Building C object sched/CMakeFiles/sched.dir/group/group_create.c.o
[1145/1491] Building C object sched/CMakeFiles/sched.dir/group/group_foreachchild.c.o
[1146/1491] Building C object sched/CMakeFiles/sched.dir/group/group_setuptaskfiles.c.o
[1147/1491] Building C object sched/CMakeFiles/sched.dir/group/group_leave.c.o
[1148/1491] Building C object sched/CMakeFiles/sched.dir/instrument/instrument.c.o
[1149/1491] Building C object sched/CMakeFiles/sched.dir/group/group_killchildren.c.o
[1150/1491] Building C object sched/CMakeFiles/sched.dir/group/group_signal.c.o
[1151/1491] Building C object sched/CMakeFiles/sched.dir/irq/irq_initialize.c.o
[1152/1491] Building C object sched/CMakeFiles/sched.dir/init/nx_bringup.c.o
[1153/1491] Building C object sched/CMakeFiles/sched.dir/init/nx_start.c.o
[1154/1491] Building C object sched/CMakeFiles/sched.dir/irq/irq_attach.c.o
[1155/1491] Building C object sched/CMakeFiles/sched.dir/irq/irq_dispatch.c.o
[1156/1491] Building C object sched/CMakeFiles/sched.dir/irq/irq_csection.c.o
[1157/1491] Building C object sched/CMakeFiles/sched.dir/irq/irq_attach_thread.c.o
[1158/1491] Building C object sched/CMakeFiles/sched.dir/irq/irq_unexpectedisr.c.o
[1159/1491] Building C object sched/CMakeFiles/sched.dir/irq/irq_spinlock.c.o
[1160/1491] Building C object sched/CMakeFiles/sched.dir/irq/irq_attach_wqueue.c.o
[1161/1491] Building C object sched/CMakeFiles/sched.dir/mqueue/mq_initialize.c.o
[1162/1491] Building C object sched/CMakeFiles/sched.dir/mqueue/mq_waitirq.c.o
[1163/1491] Building C object sched/CMakeFiles/sched.dir/mqueue/mq_recover.c.o
[1164/1491] Building C object sched/CMakeFiles/sched.dir/misc/assert.c.o
[1165/1491] Building C object sched/CMakeFiles/sched.dir/misc/panic_notifier.c.o
[1166/1491] Building C object sched/CMakeFiles/sched.dir/misc/reboot_notifier.c.o
[1167/1491] Building C object sched/CMakeFiles/sched.dir/mqueue/mq_sndinternal.c.o
[1168/1491] Building C object sched/CMakeFiles/sched.dir/mqueue/mq_msgfree.c.o
[1169/1491] Building C object sched/CMakeFiles/sched.dir/mqueue/mq_receive.c.o
[1170/1491] Building C object sched/CMakeFiles/sched.dir/mqueue/mq_msgqalloc.c.o
[1171/1491] Building C object sched/CMakeFiles/sched.dir/mqueue/mq_send.c.o
[1172/1491] Building C object sched/CMakeFiles/sched.dir/mqueue/mq_rcvinternal.c.o
[1173/1491] Building C object sched/CMakeFiles/sched.dir/mqueue/mq_setattr.c.o
[1174/1491] Building C object sched/CMakeFiles/sched.dir/mqueue/mq_getattr.c.o
[1175/1491] Building C object sched/CMakeFiles/sched.dir/mqueue/mq_msgqfree.c.o
[1176/1491] Building C object sched/CMakeFiles/sched.dir/mqueue/msgget.c.o
[1177/1491] Building C object sched/CMakeFiles/sched.dir/mqueue/msgctl.c.o
[1178/1491] Building C object sched/CMakeFiles/sched.dir/mqueue/mq_notify.c.o
[1179/1491] Building C object sched/CMakeFiles/sched.dir/mqueue/msginternal.c.o
[1180/1491] Building C object sched/CMakeFiles/sched.dir/pthread/pthread_exit.c.o
[1181/1491] Building C object sched/CMakeFiles/sched.dir/mqueue/msgrcv.c.o
[1182/1491] Building C object sched/CMakeFiles/sched.dir/mqueue/msgsnd.c.o
[1183/1491] Building C object sched/CMakeFiles/sched.dir/pthread/pthread_create.c.o
[1184/1491] Building C object sched/CMakeFiles/sched.dir/pthread/pthread_join.c.o
[1185/1491] Building C object sched/CMakeFiles/sched.dir/pthread/pthread_getschedparam.c.o
[1186/1491] Building C object sched/CMakeFiles/sched.dir/pthread/pthread_setschedparam.c.o
[1187/1491] Building C object sched/CMakeFiles/sched.dir/pthread/pthread_sigmask.c.o
[1188/1491] Building C object sched/CMakeFiles/sched.dir/pthread/pthread_detach.c.o
[1189/1491] Building C object sched/CMakeFiles/sched.dir/pthread/pthread_cancel.c.o
[1190/1491] Building C object sched/CMakeFiles/sched.dir/pthread/pthread_release.c.o
[1191/1491] Building C object sched/CMakeFiles/sched.dir/pthread/pthread_setschedprio.c.o
[1192/1491] Building C object sched/CMakeFiles/sched.dir/sched/sched_getfiles.c.o
[1193/1491] Building C object sched/CMakeFiles/sched.dir/sched/sched_profil.c.o
[1194/1491] Building C object sched/CMakeFiles/sched.dir/pthread/pthread_completejoin.c.o
[1195/1491] Building C object sched/CMakeFiles/sched.dir/pthread/pthread_findjoininfo.c.o
[1196/1491] Building C object sched/CMakeFiles/sched.dir/sched/sched_addreadytorun.c.o
[1197/1491] Building C object sched/CMakeFiles/sched.dir/sched/sched_removereadytorun.c.o
[1198/1491] Building C object sched/CMakeFiles/sched.dir/sched/sched_removeblocked.c.o
[1199/1491] Building C object sched/CMakeFiles/sched.dir/sched/sched_addblocked.c.o
[1200/1491] Building C object sched/CMakeFiles/sched.dir/sched/sched_verifytcb.c.o
[1201/1491] Building C object sched/CMakeFiles/sched.dir/sched/sched_gettcb.c.o
[1202/1491] Building C object sched/CMakeFiles/sched.dir/sched/sched_releasetcb.c.o
[1203/1491] Building C object sched/CMakeFiles/sched.dir/sched/sched_setparam.c.o
[1204/1491] Building C object sched/CMakeFiles/sched.dir/sched/sched_setpriority.c.o
[1205/1491] Building C object sched/CMakeFiles/sched.dir/sched/sched_getparam.c.o
[1206/1491] Building C object sched/CMakeFiles/sched.dir/sched/sched_setscheduler.c.o
[1207/1491] Building C object sched/CMakeFiles/sched.dir/sched/sched_getscheduler.c.o
[1208/1491] Building C object sched/CMakeFiles/sched.dir/sched/sched_yield.c.o
[1209/1491] Building C object sched/CMakeFiles/sched.dir/sched/sched_rrgetinterval.c.o
[1210/1491] Building C object sched/CMakeFiles/sched.dir/sched/sched_foreach.c.o
[1211/1491] Building C object sched/CMakeFiles/sched.dir/sched/sched_lock.c.o
[1212/1491] Building C object sched/CMakeFiles/sched.dir/sched/sched_lockcount.c.o
[1213/1491] Building C object sched/CMakeFiles/sched.dir/sched/sched_unlock.c.o
[1214/1491] Building C object sched/CMakeFiles/sched.dir/sched/sched_self.c.o
[1215/1491] Building C object sched/CMakeFiles/sched.dir/sched/sched_idletask.c.o
[1216/1491] Building C object sched/CMakeFiles/sched.dir/sched/sched_getcpu.c.o
[1217/1491] Building C object sched/CMakeFiles/sched.dir/sched/sched_get_stackinfo.c.o
[1218/1491] Building C object sched/CMakeFiles/sched.dir/sched/sched_get_tls.c.o
[1219/1491] Building C object sched/CMakeFiles/sched.dir/sched/sched_sysinfo.c.o
[1220/1491] Building C object sched/CMakeFiles/sched.dir/sched/sched_switchcontext.c.o
[1221/1491] Building C object sched/CMakeFiles/sched.dir/sched/sched_get_stateinfo.c.o
[1222/1491] Building C object sched/CMakeFiles/sched.dir/sched/sched_reprioritizertr.c.o
[1223/1491] Building C object sched/CMakeFiles/sched.dir/sched/sched_mergepending.c.o
[1224/1491] Building C object sched/CMakeFiles/sched.dir/sched/sched_roundrobin.c.o
[1225/1491] Building C object sched/CMakeFiles/sched.dir/sched/sched_waitpid.c.o
[1226/1491] Building C object sched/CMakeFiles/sched.dir/semaphore/sem_destroy.c.o
[1227/1491] Building C object sched/CMakeFiles/sched.dir/sched/sched_backtrace.c.o
[1228/1491] Building C object sched/CMakeFiles/sched.dir/sched/sched_processtimer.c.o
[1229/1491] Building C object sched/CMakeFiles/sched.dir/semaphore/sem_wait.c.o
[1230/1491] Building C object sched/CMakeFiles/sched.dir/semaphore/sem_trywait.c.o
[1231/1491] Building C object sched/CMakeFiles/sched.dir/semaphore/sem_timeout.c.o
[1232/1491] Building C object sched/CMakeFiles/sched.dir/semaphore/sem_clockwait.c.o
[1233/1491] Building C object sched/CMakeFiles/sched.dir/semaphore/sem_tickwait.c.o
[1234/1491] Building C object sched/CMakeFiles/sched.dir/semaphore/sem_post.c.o
[1235/1491] Building C object sched/CMakeFiles/sched.dir/semaphore/sem_recover.c.o
[1236/1491] Building C object sched/CMakeFiles/sched.dir/semaphore/sem_reset.c.o
[1237/1491] Building C object sched/CMakeFiles/sched.dir/semaphore/sem_waitirq.c.o
[1238/1491] Building C object sched/CMakeFiles/sched.dir/signal/sig_allocpendingsigaction.c.o
[1239/1491] Building C object sched/CMakeFiles/sched.dir/signal/sig_cleanup.c.o
[1240/1491] Building C object sched/CMakeFiles/sched.dir/signal/sig_action.c.o
[1241/1491] Building C object sched/CMakeFiles/sched.dir/signal/sig_deliver.c.o
[1242/1491] Building C object sched/CMakeFiles/sched.dir/signal/sig_findaction.c.o
[1243/1491] Building C object sched/CMakeFiles/sched.dir/signal/sig_initialize.c.o
[1244/1491] Building C object sched/CMakeFiles/sched.dir/signal/sig_releasependingsigaction.c.o
[1245/1491] Building C object sched/CMakeFiles/sched.dir/semaphore/sem_rw.c.o
[1246/1491] Building C object sched/CMakeFiles/sched.dir/signal/sig_releasependingsignal.c.o
[1247/1491] Building C object sched/CMakeFiles/sched.dir/signal/sig_removependingsignal.c.o
[1248/1491] Building C object sched/CMakeFiles/sched.dir/signal/sig_pending.c.o
[1249/1491] Building C object sched/CMakeFiles/sched.dir/signal/sig_unmaskpendingsignal.c.o
[1250/1491] Building C object sched/CMakeFiles/sched.dir/signal/sig_kill.c.o
[1251/1491] Building C object sched/CMakeFiles/sched.dir/signal/sig_nanosleep.c.o
[1252/1491] Building C object sched/CMakeFiles/sched.dir/signal/sig_lowest.c.o
[1253/1491] Building C object sched/CMakeFiles/sched.dir/signal/sig_pause.c.o
[1254/1491] Building C object sched/CMakeFiles/sched.dir/signal/sig_notification.c.o
[1255/1491] Building C object sched/CMakeFiles/sched.dir/signal/sig_dispatch.c.o
[1256/1491] Building C object sched/CMakeFiles/sched.dir/signal/sig_ppoll.c.o
[1257/1491] Building C object sched/CMakeFiles/sched.dir/signal/sig_pselect.c.o
[1258/1491] Building C object sched/CMakeFiles/sched.dir/signal/sig_procmask.c.o
[1259/1491] Building C object sched/CMakeFiles/sched.dir/signal/sig_sleep.c.o
[1260/1491] Building C object sched/CMakeFiles/sched.dir/signal/sig_queue.c.o
[1261/1491] Building C object sched/CMakeFiles/sched.dir/signal/sig_suspend.c.o
[1262/1491] Building C object sched/CMakeFiles/sched.dir/signal/sig_usleep.c.o
[1263/1491] Building C object sched/CMakeFiles/sched.dir/signal/sig_waitinfo.c.o
[1264/1491] Building C object sched/CMakeFiles/sched.dir/signal/sig_tgkill.c.o
[1265/1491] Building C object sched/CMakeFiles/sched.dir/task/task_argvstr.c.o
[1266/1491] Building C object sched/CMakeFiles/sched.dir/signal/sig_timedwait.c.o
[1267/1491] Building C object sched/CMakeFiles/sched.dir/task/task_create.c.o
[1268/1491] Building C object sched/CMakeFiles/sched.dir/task/task_init.c.o
[1269/1491] Building C object sched/CMakeFiles/sched.dir/task/task_activate.c.o
[1270/1491] Building C object sched/CMakeFiles/sched.dir/task/task_start.c.o
[1271/1491] Building C object sched/CMakeFiles/sched.dir/task/task_delete.c.o
[1272/1491] Building C object sched/CMakeFiles/sched.dir/task/task_exit.c.o
[1273/1491] Building C object sched/CMakeFiles/sched.dir/task/task_setup.c.o
[1274/1491] Building C object sched/CMakeFiles/sched.dir/task/task_exithook.c.o
[1275/1491] Building C object sched/CMakeFiles/sched.dir/task/task_prctl.c.o
[1276/1491] Building C object sched/CMakeFiles/sched.dir/task/task_recover.c.o
[1277/1491] Building C object sched/CMakeFiles/sched.dir/task/task_restart.c.o
[1278/1491] Building C object sched/CMakeFiles/sched.dir/task/task_cancelpt.c.o
[1279/1491] Building C object sched/CMakeFiles/sched.dir/task/task_spawnparms.c.o
[1280/1491] Building C object sched/CMakeFiles/sched.dir/task/task_terminate.c.o
[1281/1491] Building C object sched/CMakeFiles/sched.dir/task/task_join.c.o
[1282/1491] Building C object sched/CMakeFiles/sched.dir/task/exit.c.o
[1283/1491] Building C object sched/CMakeFiles/sched.dir/task/task_fork.c.o
[1284/1491] Building C object sched/CMakeFiles/sched.dir/task/task_spawn.c.o
[1285/1491] Building C object sched/CMakeFiles/sched.dir/timer/timer_initialize.c.o
[1286/1491] Building C object sched/CMakeFiles/sched.dir/timer/timer_delete.c.o
[1287/1491] Building C object sched/CMakeFiles/sched.dir/timer/timer_getoverrun.c.o
[1288/1491] Building C object sched/CMakeFiles/sched.dir/timer/timer_create.c.o
[1289/1491] Building C object sched/CMakeFiles/sched.dir/timer/timer_getitimer.c.o
[1290/1491] Building C object sched/CMakeFiles/sched.dir/timer/timer_gettime.c.o
[1291/1491] Building C object sched/CMakeFiles/sched.dir/timer/timer_setitimer.c.o
[1292/1491] Building C object sched/CMakeFiles/sched.dir/tls/task_initinfo.c.o
[1293/1491] Building C object sched/CMakeFiles/sched.dir/timer/timer_settime.c.o
[1294/1491] Building C object sched/CMakeFiles/sched.dir/timer/timer_release.c.o
[1295/1491] Building C object sched/CMakeFiles/sched.dir/tls/task_uninitinfo.c.o
[1296/1491] Building C object sched/CMakeFiles/sched.dir/tls/tls_initinfo.c.o
[1297/1491] Building C object sched/CMakeFiles/sched.dir/wdog/wd_initialize.c.o
[1298/1491] Building C object sched/CMakeFiles/sched.dir/wdog/wd_gettime.c.o
[1299/1491] Building C object sched/CMakeFiles/sched.dir/tls/tls_dupinfo.c.o
[1300/1491] Building C object sched/CMakeFiles/sched.dir/wdog/wd_cancel.c.o
[1301/1491] Building C object sched/CMakeFiles/sched.dir/wdog/wd_start.c.o
[1302/1491] Building C object sched/CMakeFiles/sched.dir/wqueue/kwork_queue.c.o
[1303/1491] Building C object sched/CMakeFiles/sched.dir/wqueue/kwork_cancel.c.o
[1304/1491] Building C object wireless/CMakeFiles/wireless.dir/bluetooth/bt_queue.c.o
[1305/1491] Building C object wireless/CMakeFiles/wireless.dir/bluetooth/bt_netdev.c.o
[1306/1491] Building C object wireless/CMakeFiles/wireless.dir/bluetooth/bt_buf.c.o
[1307/1491] Building C object sched/CMakeFiles/sched.dir/wqueue/kwork_thread.c.o
[1308/1491] Building C object wireless/CMakeFiles/wireless.dir/bluetooth/bt_conn.c.o
[1309/1491] Building C object wireless/CMakeFiles/wireless.dir/bluetooth/bt_keys.c.o
[1310/1491] Building C object wireless/CMakeFiles/wireless.dir/bluetooth/bt_ioctl.c.o
[1311/1491] Building C object wireless/CMakeFiles/wireless.dir/bluetooth/bt_uuid.c.o
[1312/1491] Building C object wireless/CMakeFiles/wireless.dir/bluetooth/bt_l2cap.c.o
[1313/1491] Building C object wireless/CMakeFiles/wireless.dir/dummy.c.o
[1314/1491] Building C object wireless/CMakeFiles/wireless.dir/bluetooth/bt_att.c.o
[1315/1491] Building C object wireless/CMakeFiles/wireless.dir/bluetooth/bt_gatt.c.o
[1316/1491] Building C object boards/CMakeFiles/board.dir/__/dummy.c.o
[1317/1491] Building C object wireless/CMakeFiles/wireless.dir/bluetooth/bt_hcicore.c.o
[1318/1491] Building C object wireless/CMakeFiles/wireless.dir/bluetooth/bt_services.c.o
[1319/1491] Building C object boards/CMakeFiles/board.dir/arm64/rk3576/kickpi_k7/src/kickpi_k7_boardinit.c.o
[1320/1491] Building C object boards/CMakeFiles/board.dir/arm64/rk3576/kickpi_k7/src/kickpi_k7_appinit.c.o
[1321/1491] Building C object apps/CMakeFiles/apps.dir/dummy.c.o
[1322/1491] Building C object boards/CMakeFiles/board.dir/boardctl.c.o
[1323/1491] Building C object wireless/CMakeFiles/wireless.dir/bluetooth/bt_smp.c.o
[1324/1491] Building C object apps/CMakeFiles/apps.dir/netutils/netlib/netlib_ipv4addrconv.c.o
[1325/1491] Building C object apps/CMakeFiles/apps.dir/netutils/netlib/netlib_ethaddrconv.c.o
[1326/1491] Building C object apps/CMakeFiles/apps.dir/netutils/netlib/netlib_parsehttpurl.c.o
[1327/1491] Building C object apps/CMakeFiles/apps.dir/netutils/netlib/netlib_setifstatus.c.o
[1328/1491] Building C object apps/CMakeFiles/apps.dir/netutils/netlib/netlib_getifstatus.c.o
[1329/1491] Building C object apps/CMakeFiles/apps.dir/netutils/dhcpc/dhcpc.c.o
[1330/1491] Building C object apps/CMakeFiles/apps.dir/netutils/netlib/netlib_setipv4addr.c.o
[1331/1491] Building C object apps/CMakeFiles/apps.dir/netutils/netlib/netlib_getipv4addr.c.o
[1332/1491] Building C object apps/CMakeFiles/apps.dir/netutils/netlib/netlib_setdripv4addr.c.o
[1333/1491] Building C object apps/CMakeFiles/apps.dir/netutils/netlib/netlib_setipv4netmask.c.o
[1334/1491] Building C object apps/CMakeFiles/apps.dir/netutils/netlib/netlib_getdripv4addr.c.o
[1335/1491] Building C object apps/CMakeFiles/apps.dir/netutils/netlib/netlib_getipv4netmask.c.o
[1336/1491] Building C object apps/CMakeFiles/apps.dir/netutils/netlib/netlib_getarp.c.o
[1337/1491] Building C object apps/CMakeFiles/apps.dir/netutils/netlib/netlib_ipv4adaptor.c.o
[1338/1491] Building C object apps/CMakeFiles/apps.dir/netutils/netlib/netlib_setarp.c.o
[1339/1491] Building C object apps/CMakeFiles/apps.dir/netutils/netlib/netlib_delarp.c.o
[1340/1491] Building C object apps/CMakeFiles/apps.dir/netutils/netlib/netlib_obtainipv4addr.c.o
[1341/1491] Building C object apps/CMakeFiles/apps.dir/netutils/netlib/netlib_server.c.o
[1342/1491] Building C object apps/CMakeFiles/apps.dir/netutils/netlib/netlib_setmacaddr.c.o
[1343/1491] Building C object apps/CMakeFiles/apps.dir/netutils/netlib/netlib_listenon.c.o
[1344/1491] Building C object apps/CMakeFiles/apps.dir/netutils/netlib/netlib_getmacaddr.c.o
[1345/1491] Building C object apps/CMakeFiles/apps.dir/netutils/netlib/netlib_setmtu.c.o
[1346/1491] Building C object apps/CMakeFiles/apps.dir/netutils/netlib/netlib_getiobinfo.c.o
[1347/1491] Building C object apps/CMakeFiles/apps.dir/netutils/netlib/netlib_checkipconnectivity.c.o
[1348/1491] Building C object apps/CMakeFiles/apps.dir/netutils/netlib/netlib_checkifconnectivity.c.o
[1349/1491] Building C object apps/CMakeFiles/apps.dir/netutils/netlib/netlib_checkhttpconnectivity.c.o
[1350/1491] Building C object apps/CMakeFiles/apps.dir/nshlib/nsh_init.c.o
[1351/1491] Building C object apps/CMakeFiles/apps.dir/netutils/ping/icmp_ping.c.o
[1352/1491] Building C object apps/CMakeFiles/apps.dir/nshlib/nsh_system.c.o
[1353/1491] Building C object apps/CMakeFiles/apps.dir/nshlib/nsh_script.c.o
[1354/1491] Building C object apps/CMakeFiles/apps.dir/nshlib/nsh_console.c.o
[1355/1491] Building C object apps/CMakeFiles/apps.dir/nshlib/nsh_command.c.o
[1356/1491] Building C object apps/CMakeFiles/apps.dir/nshlib/nsh_mmcmds.c.o
[1357/1491] Building C object apps/CMakeFiles/apps.dir/nshlib/nsh_ddcmd.c.o
[1358/1491] Building C object apps/CMakeFiles/apps.dir/nshlib/nsh_timcmds.c.o
[1359/1491] Building C object apps/CMakeFiles/apps.dir/nshlib/nsh_proccmds.c.o
[1360/1491] Building C object apps/CMakeFiles/apps.dir/nshlib/nsh_parse.c.o
[1361/1491] Building C object apps/CMakeFiles/apps.dir/nshlib/nsh_prompt.c.o
[1362/1491] Building C object apps/CMakeFiles/apps.dir/nshlib/nsh_fscmds.c.o
[1363/1491] Building C object apps/CMakeFiles/apps.dir/nshlib/nsh_envcmds.c.o
[1364/1491] Building C object apps/CMakeFiles/apps.dir/nshlib/nsh_session.c.o
[1365/1491] Building C object apps/CMakeFiles/apps.dir/nshlib/nsh_dbgcmds.c.o
[1366/1491] Building C object apps/CMakeFiles/apps.dir/nshlib/nsh_syscmds.c.o
[1367/1491] Building C object apps/CMakeFiles/apps.dir/nshlib/nsh_fsutils.c.o
[1368/1491] Building C object apps/CMakeFiles/apps.dir/nshlib/nsh_consolemain.c.o
[1369/1491] Building C object apps/CMakeFiles/apps.dir/nshlib/nsh_fileapps.c.o
[1370/1491] Building C object apps/CMakeFiles/apps.dir/nshlib/nsh_printf.c.o
[1371/1491] Building C object apps/CMakeFiles/apps.dir/nshlib/nsh_mntcmds.c.o
[1372/1491] Building C object apps/CMakeFiles/apps.dir/system/readline/readline.c.o
[1373/1491] Building C object apps/CMakeFiles/apps.dir/nshlib/nsh_wait.c.o
[1374/1491] Building C object apps/CMakeFiles/apps.dir/nshlib/nsh_test.c.o
[1375/1491] Building C object apps/CMakeFiles/apps.dir/nshlib/nsh_netcmds.c.o
[1376/1491] Building C object apps/CMakeFiles/apps.dir/system/readline/readline_fd.c.o
[1377/1491] Building C object apps/CMakeFiles/apps.dir/nshlib/nsh_alias.c.o
[1378/1491] Building C object apps/CMakeFiles/apps.dir/system/readline/readline_stream.c.o
[1379/1491] Building C object apps/CMakeFiles/apps.dir/system/system/system.c.o
[1380/1491] Building C object apps/CMakeFiles/apps.dir/wireless/bluetooth/btsak/btsak_advertise.c.o
[1381/1491] Building C object apps/CMakeFiles/apps.dir/system/readline/readline_common.c.o
[1382/1491] Building C object apps/CMakeFiles/apps.dir/wireless/bluetooth/btsak/btsak_features.c.o
[1383/1491] Building C object apps/CMakeFiles/apps.dir/wireless/bluetooth/btsak/btsak_info.c.o
[1384/1491] Building C object apps/system/nsh/CMakeFiles/apps_sh.dir/sh_main.c.o
[1385/1491] Building C object apps/system/nsh/CMakeFiles/apps_nsh.dir/nsh_main.c.o
[1386/1491] Building C object apps/CMakeFiles/apps.dir/wireless/bluetooth/btsak/btsak_security.c.o
[1387/1491] Building C object apps/CMakeFiles/apps.dir/wireless/bluetooth/btsak/btsak_scan.c.o
[1388/1491] Building C object apps/CMakeFiles/apps.dir/wireless/bluetooth/btsak/btsak_gatt.c.o
[1389/1491] Building C object apps/system/ping/CMakeFiles/apps_ping.dir/ping.c.o
[1390/1491] Building C object apps/examples/hello/CMakeFiles/apps_hello.dir/hello_main.c.o
[1391/1491] Building C object apps/examples/gimbal/CMakeFiles/apps_gimbal.dir/gimbal_main.c.o
[1392/1491] Building C object apps/examples/k7emmc/CMakeFiles/apps_k7emmc.dir/sdhci_read.c.o
[1393/1491] Building C object apps/examples/gimbal/CMakeFiles/apps_gimbal.dir/gimbal_link.c.o
[1394/1491] Building C object apps/examples/k7emmc/CMakeFiles/apps_k7emmc.dir/sdhci_command.c.o
[1395/1491] Building C object apps/wireless/bluetooth/btsak/CMakeFiles/apps_bt.dir/btsak_main.c.o
[1396/1491] Building C object apps/examples/k7emmc/CMakeFiles/apps_k7emmc.dir/k7emmc_main.c.o
[1397/1491] Building C object apps/examples/k7emmc/CMakeFiles/apps_k7emmc.dir/emmc_init.c.o
[1398/1491] Building C object apps/examples/k7emmc/CMakeFiles/apps_k7emmc.dir/sdhci_control.c.o
[1399/1491] Building C object apps/examples/k7host/CMakeFiles/apps_k7host.dir/k7_jpeg.c.o
[1400/1491] Building C object apps/examples/k7host/CMakeFiles/apps_k7host.dir/fusion_core.c.o
[1401/1491] Building C object apps/examples/k7host/CMakeFiles/apps_k7host.dir/k7_pipeline.c.o
[1402/1491] Building C object apps/examples/k7host/CMakeFiles/apps_k7host.dir/k7_photo.c.o
[1403/1491] Building C object apps/examples/k7host/CMakeFiles/apps_k7host.dir/k7_track.c.o
[1404/1491] Building C object apps/examples/k7host/CMakeFiles/apps_k7host.dir/k7_preview.c.o
[1405/1491] Building C object apps/examples/k7host/CMakeFiles/apps_k7host.dir/k7_preview_queue.c.o
[1406/1491] Building C object apps/examples/k7host/CMakeFiles/apps_k7host.dir/dwc3_transport_core.c.o
[1407/1491] Building C object apps/examples/k7host/CMakeFiles/apps_k7host.dir/k7_video_frame.c.o
[1408/1491] Building C object apps/examples/k7host/CMakeFiles/apps_k7host.dir/k7_video_queue.c.o
[1409/1491] Building C object apps/examples/k7mem/CMakeFiles/apps_k7mem.dir/k7mem_main.c.o
[1410/1491] Building C object apps/examples/k7npu/CMakeFiles/apps_k7npu.dir/k7npu_main.c.o
[1411/1491] Building C object apps/examples/k7host/CMakeFiles/apps_k7host.dir/k7_link_probe.c.o
[1412/1491] Building C object apps/examples/k7npu/CMakeFiles/apps_k7npu.dir/k7npu_mmutest.c.o
[1413/1491] Building C object apps/examples/k7npu/CMakeFiles/apps_k7npu.dir/rk3576_npu_window.c.o
[1414/1491] Building C object apps/examples/k7npu/CMakeFiles/apps_k7npu.dir/rk3576_npu_mmu.c.o
[1415/1491] Building C object apps/examples/k7npu/CMakeFiles/apps_k7npu.dir/k7npu_rawtest.c.o
[1416/1491] Building C object apps/examples/k7host/CMakeFiles/apps_k7host.dir/k7host_main.c.o
[1417/1491] Building C object apps/examples/k7npu/CMakeFiles/apps_k7npu.dir/k7npu_fixture_io.c.o
[1418/1491] Building C object apps/examples/k7radio/CMakeFiles/apps_k7radio.dir/skw_bus.c.o
[1419/1491] Building C object apps/examples/k7radio/CMakeFiles/apps_k7radio.dir/skw_dw.c.o
[1420/1491] Building C object apps/examples/k7radio/CMakeFiles/apps_k7radio.dir/skw_rk3576.c.o
[1421/1491] Building C object apps/examples/k7radio/CMakeFiles/apps_k7radio.dir/skw_packet.c.o
[1422/1491] Building C object apps/examples/k7radio/CMakeFiles/apps_k7radio.dir/skw_wpa_transport.c.o
[1423/1491] Building C object apps/examples/k7radio/CMakeFiles/apps_k7radio.dir/prov_protocol.c.o
[1424/1491] Building C object apps/examples/k7radio/CMakeFiles/apps_k7radio.dir/skw_bt.c.o
[1425/1491] Building C object apps/examples/k7radio/CMakeFiles/apps_k7radio.dir/skw_supplicant_os.c.o
[1426/1491] Building C object apps/examples/k7radio/CMakeFiles/apps_k7radio.dir/skw_supplicant.c.o
[1427/1491] Building C object apps/examples/k7radio/CMakeFiles/apps_k7radio.dir/hostap/rsn_supp/wpa_ie.c.o
[1428/1491] Building C object apps/examples/k7radio/CMakeFiles/apps_k7radio.dir/hostap/rsn_supp/pmksa_cache.c.o
[1429/1491] Building C object apps/examples/k7radio/CMakeFiles/apps_k7radio.dir/cJSON.c.o
[1430/1491] Building C object apps/examples/k7radio/CMakeFiles/apps_k7radio.dir/hostap/common/wpa_common.c.o
[1431/1491] Building C object apps/examples/k7radio/CMakeFiles/apps_k7radio.dir/hostap/utils/common.c.o
[1432/1491] Building C object apps/examples/k7radio/CMakeFiles/apps_k7radio.dir/hostap/rsn_supp/wpa.c.o
[1433/1491] Building C object apps/examples/k7radio/CMakeFiles/apps_k7radio.dir/hostap/common/ieee802_11_common.c.o
[1434/1491] Building C object apps/examples/k7radio/CMakeFiles/apps_k7radio.dir/hostap/utils/bitfield.c.o
[1435/1491] Building C object apps/examples/k7radio/CMakeFiles/apps_k7radio.dir/hostap/utils/wpabuf.c.o
[1436/1491] Building C object apps/examples/k7radio/CMakeFiles/apps_k7radio.dir/hostap/crypto/aes-internal.c.o
[1437/1491] Building C object apps/examples/k7radio/CMakeFiles/apps_k7radio.dir/hostap/crypto/aes-internal-enc.c.o
[1438/1491] Building C object apps/examples/k7radio/CMakeFiles/apps_k7radio.dir/hostap/crypto/aes-internal-dec.c.o
[1439/1491] Building C object apps/examples/k7radio/CMakeFiles/apps_k7radio.dir/hostap/crypto/aes-unwrap.c.o
[1440/1491] Building C object apps/examples/k7radio/CMakeFiles/apps_k7radio.dir/hostap/crypto/aes-wrap.c.o
[1441/1491] Building C object apps/examples/k7radio/CMakeFiles/apps_k7radio.dir/hostap/crypto/aes-omac1.c.o
[1442/1491] Building C object apps/examples/k7radio/CMakeFiles/apps_k7radio.dir/k7radio_main.c.o
[1443/1491] Building C object apps/examples/k7radio/CMakeFiles/apps_k7radio.dir/hostap/crypto/sha1.c.o
[1444/1491] Building C object apps/examples/k7host/CMakeFiles/apps_k7host.dir/k7_yunet.c.o
[1445/1491] Building C object apps/examples/k7radio/CMakeFiles/apps_k7radio.dir/hostap/crypto/sha1-prf.c.o
[1446/1491] Building C object apps/examples/k7radio/CMakeFiles/apps_k7radio.dir/hostap/crypto/sha1-pbkdf2.c.o
[1447/1491] Building C object apps/examples/k7radio/CMakeFiles/apps_k7radio.dir/hostap/crypto/sha256.c.o
[1448/1491] Building C object apps/examples/k7radio/CMakeFiles/apps_k7radio.dir/hostap/crypto/sha1-internal.c.o
[1449/1491] Building C object apps/examples/k7radio/CMakeFiles/apps_k7radio.dir/hostap/crypto/sha256-prf.c.o
[1450/1491] Building C object apps/examples/k7radio/CMakeFiles/apps_k7radio.dir/hostap/crypto/sha256-internal.c.o
[1451/1491] Building C object apps/examples/k7radio/CMakeFiles/apps_k7radio.dir/hostap/crypto/md5.c.o
[1452/1491] Building C object apps/examples/k7radio/CMakeFiles/apps_k7radio.dir/hostap/crypto/md5-internal.c.o
[1453/1491] Building C object apps/examples/k7radio/CMakeFiles/apps_k7radio.dir/hostap/crypto/rc4.c.o
[1454/1491] Building C object apps/examples/k7radio/CMakeFiles/apps_k7radio.dir/skw_random.c.o
[1455/1491] Building C object apps/external/android/CMakeFiles/android.dir/dummy.c.o
[1456/1491] Building C object apps/examples/k7usb/CMakeFiles/apps_k7usb.dir/k7usb_main.c.o
[1457/1491] Building ASM object CMakeFiles/nuttx.dir/arch/arm64/src/common/arm64_head.S.o
[1458/1491] Building C object apps/builtin/CMakeFiles/apps_builtin.dir/builtin_list.c.o
[1459/1491] Building C object CMakeFiles/nuttx.dir/empty.c.o
[1460/1491] Linking C static library binfmt/libbinfmt.a
[1461/1491] Linking C static library apps/external/libjpeg-turbo/libturbojpeg-static.a
[1462/1491] Linking C static library arch/libarch.a
[1463/1491] Building C object apps/examples/k7radio/CMakeFiles/apps_k7radio.dir/skw_netdev.c.o
[1464/1491] Linking C static library drivers/libdrivers.a
[1465/1491] Linking C static library mm/libmm.a
[1466/1491] Linking C static library fs/libfs.a
[1467/1491] Linking C static library boards/libboard.a
[1468/1491] Linking C static library wireless/libwireless.a
[1469/1491] Linking C static library apps/system/nsh/libapps_nsh.a
[1470/1491] Linking C static library apps/system/nsh/libapps_sh.a
[1471/1491] Linking C static library apps/system/ping/libapps_ping.a
[1472/1491] Linking C static library apps/wireless/bluetooth/btsak/libapps_bt.a
[1473/1491] Linking C static library apps/examples/gimbal/libapps_gimbal.a
[1474/1491] Linking C static library apps/examples/hello/libapps_hello.a
[1475/1491] Linking C static library apps/examples/k7emmc/libapps_k7emmc.a
[1476/1491] Linking C static library apps/examples/k7mem/libapps_k7mem.a
[1477/1491] Linking C static library apps/examples/k7npu/libapps_k7npu.a
[1478/1491] Linking C static library apps/libapps.a
[1479/1491] Linking C static library apps/examples/k7usb/libapps_k7usb.a
[1480/1491] Linking C static library apps/external/android/libandroid.a
[1481/1491] Linking C static library apps/examples/k7radio/libapps_k7radio.a
[1482/1491] Linking C static library apps/builtin/libapps_builtin.a
[1483/1491] Building C object arch/arm64/src/common/CMakeFiles/STARTUP_OBJS.dir/crt0.c.o
[1484/1491] Linking C static library net/libnet.a
[1485/1491] Linking C static library sched/libsched.a
[1486/1491] Linking C static library libs/libc/libc.a
[1487/1491] Building C object apps/examples/k7host/CMakeFiles/apps_k7host.dir/k7_pose.c.o
[1488/1491] Linking C static library apps/examples/k7host/libapps_k7host.a
[1489/1491] Linking C executable nuttx
Memory region         Used Size  Region Size  %age Used
            dram:       5132 KB       126 MB      3.98%
[1490/1491] Generating System.map
[1491/1491] Generating nuttx.bin
