[0/2] Re-checking globbed directories...
[1/749] Building CXX object _deps/abseil_cpp-build/absl/base/CMakeFiles/absl_raw_logging_internal.dir/internal/raw_logging.cc.obj
[2/749] Building CXX object _deps/abseil_cpp-build/absl/base/CMakeFiles/absl_log_severity.dir/log_severity.cc.obj
[3/749] Linking CXX static library _deps/abseil_cpp-build/absl/base/libabsl_log_severity.a
[4/749] Linking CXX static library _deps/abseil_cpp-build/absl/base/libabsl_raw_logging_internal.a
[5/749] Building CXX object _deps/abseil_cpp-build/absl/base/CMakeFiles/absl_spinlock_wait.dir/internal/spinlock_wait.cc.obj
[6/749] Linking CXX static library _deps/abseil_cpp-build/absl/base/libabsl_spinlock_wait.a
[7/749] Building CXX object _deps/abseil_cpp-build/absl/base/CMakeFiles/absl_base.dir/internal/cycleclock.cc.obj
[8/749] Building CXX object _deps/abseil_cpp-build/absl/base/CMakeFiles/absl_base.dir/internal/spinlock.cc.obj
[9/749] Building CXX object _deps/abseil_cpp-build/absl/base/CMakeFiles/absl_base.dir/internal/sysinfo.cc.obj
[10/749] Building CXX object _deps/abseil_cpp-build/absl/base/CMakeFiles/absl_base.dir/internal/unscaledcycleclock.cc.obj
[11/749] Building CXX object _deps/abseil_cpp-build/absl/base/CMakeFiles/absl_base.dir/internal/thread_identity.cc.obj
[12/749] Linking CXX static library _deps/abseil_cpp-build/absl/base/libabsl_base.a
[13/749] Building CXX object _deps/abseil_cpp-build/absl/base/CMakeFiles/absl_throw_delegate.dir/internal/throw_delegate.cc.obj
[14/749] Linking CXX static library _deps/abseil_cpp-build/absl/base/libabsl_throw_delegate.a
[15/749] Building CXX object _deps/abseil_cpp-build/absl/numeric/CMakeFiles/absl_int128.dir/int128.cc.obj
[16/749] Building CXX object _deps/abseil_cpp-build/absl/strings/CMakeFiles/absl_string_view.dir/string_view.cc.obj
[17/749] Building CXX object _deps/abseil_cpp-build/absl/strings/CMakeFiles/absl_strings_internal.dir/internal/utf8.cc.obj
[18/749] Building CXX object _deps/abseil_cpp-build/absl/strings/CMakeFiles/absl_strings_internal.dir/internal/ostringstream.cc.obj
[19/749] Building CXX object _deps/abseil_cpp-build/absl/strings/CMakeFiles/absl_strings_internal.dir/internal/escaping.cc.obj
[20/749] Linking CXX static library _deps/abseil_cpp-build/absl/numeric/libabsl_int128.a
[21/749] Linking CXX static library _deps/abseil_cpp-build/absl/strings/libabsl_string_view.a
[22/749] Building CXX object _deps/abseil_cpp-build/absl/crc/CMakeFiles/absl_crc_cpu_detect.dir/internal/cpu_detect.cc.obj
[23/749] Building CXX object _deps/abseil_cpp-build/absl/strings/CMakeFiles/absl_strings.dir/ascii.cc.obj
[24/749] Building CXX object _deps/abseil_cpp-build/absl/strings/CMakeFiles/absl_strings.dir/charconv.cc.obj
[25/749] Building CXX object _deps/abseil_cpp-build/absl/strings/CMakeFiles/absl_strings.dir/escaping.cc.obj
[26/749] Building CXX object _deps/abseil_cpp-build/absl/strings/CMakeFiles/absl_strings.dir/internal/charconv_bigint.cc.obj
[27/749] Building CXX object _deps/abseil_cpp-build/absl/strings/CMakeFiles/absl_strings.dir/internal/charconv_parse.cc.obj
[28/749] Building CXX object _deps/abseil_cpp-build/absl/strings/CMakeFiles/absl_strings.dir/internal/damerau_levenshtein_distance.cc.obj
[29/749] Building CXX object _deps/abseil_cpp-build/absl/strings/CMakeFiles/absl_strings.dir/internal/memutil.cc.obj
[30/749] Building CXX object _deps/abseil_cpp-build/absl/strings/CMakeFiles/absl_strings.dir/internal/stringify_sink.cc.obj
[31/749] Building CXX object _deps/abseil_cpp-build/absl/strings/CMakeFiles/absl_strings.dir/match.cc.obj
[32/749] Building CXX object _deps/abseil_cpp-build/absl/strings/CMakeFiles/absl_strings.dir/numbers.cc.obj
[33/749] Building CXX object _deps/abseil_cpp-build/absl/strings/CMakeFiles/absl_strings.dir/str_cat.cc.obj
[34/749] Building CXX object _deps/abseil_cpp-build/absl/strings/CMakeFiles/absl_strings.dir/str_replace.cc.obj
[35/749] Building CXX object _deps/abseil_cpp-build/absl/strings/CMakeFiles/absl_strings.dir/str_split.cc.obj
[36/749] Linking CXX static library _deps/abseil_cpp-build/absl/strings/libabsl_strings_internal.a
[37/749] Building CXX object _deps/abseil_cpp-build/absl/strings/CMakeFiles/absl_strings.dir/substitute.cc.obj
[38/749] Building CXX object _deps/abseil_cpp-build/absl/time/CMakeFiles/absl_civil_time.dir/internal/cctz/src/civil_time_detail.cc.obj
[39/749] Building CXX object _deps/abseil_cpp-build/absl/time/CMakeFiles/absl_time_zone.dir/internal/cctz/src/time_zone_fixed.cc.obj
[40/749] Building CXX object _deps/abseil_cpp-build/absl/time/CMakeFiles/absl_time_zone.dir/internal/cctz/src/time_zone_if.cc.obj
[41/749] Building CXX object _deps/abseil_cpp-build/absl/time/CMakeFiles/absl_time_zone.dir/internal/cctz/src/time_zone_format.cc.obj
[42/749] Building CXX object _deps/abseil_cpp-build/absl/time/CMakeFiles/absl_time_zone.dir/internal/cctz/src/time_zone_impl.cc.obj
[43/749] Building CXX object _deps/abseil_cpp-build/absl/time/CMakeFiles/absl_time_zone.dir/internal/cctz/src/time_zone_libc.cc.obj
[44/749] Building CXX object _deps/abseil_cpp-build/absl/time/CMakeFiles/absl_time_zone.dir/internal/cctz/src/time_zone_info.cc.obj
[45/749] Building CXX object _deps/abseil_cpp-build/absl/time/CMakeFiles/absl_time_zone.dir/internal/cctz/src/time_zone_posix.cc.obj
[46/749] Building CXX object _deps/abseil_cpp-build/absl/time/CMakeFiles/absl_time_zone.dir/internal/cctz/src/time_zone_lookup.cc.obj
[47/749] Building CXX object _deps/abseil_cpp-build/absl/time/CMakeFiles/absl_time_zone.dir/internal/cctz/src/zone_info_source.cc.obj
[48/749] Linking CXX static library _deps/abseil_cpp-build/absl/crc/libabsl_crc_cpu_detect.a
[49/749] Building CXX object _deps/abseil_cpp-build/absl/base/CMakeFiles/absl_malloc_internal.dir/internal/low_level_alloc.cc.obj
[50/749] Building CXX object _deps/abseil_cpp-build/absl/crc/CMakeFiles/absl_crc_internal.dir/internal/crc_x86_arm_combined.cc.obj
[51/749] Building CXX object _deps/abseil_cpp-build/absl/debugging/CMakeFiles/absl_debugging_internal.dir/internal/address_is_readable.cc.obj
[52/749] Building CXX object _deps/abseil_cpp-build/absl/debugging/CMakeFiles/absl_debugging_internal.dir/internal/elf_mem_image.cc.obj
[53/749] Building CXX object _deps/abseil_cpp-build/absl/crc/CMakeFiles/absl_crc_internal.dir/internal/crc.cc.obj
[54/749] Building CXX object _deps/abseil_cpp-build/absl/debugging/CMakeFiles/absl_debugging_internal.dir/internal/vdso_support.cc.obj
[55/749] Linking CXX static library _deps/abseil_cpp-build/absl/strings/libabsl_strings.a
[56/749] Building CXX object _deps/abseil_cpp-build/absl/debugging/CMakeFiles/absl_demangle_internal.dir/internal/demangle.cc.obj
[57/749] Building CXX object _deps/abseil_cpp-build/absl/strings/CMakeFiles/absl_str_format_internal.dir/internal/str_format/arg.cc.obj
[58/749] Building CXX object _deps/abseil_cpp-build/absl/strings/CMakeFiles/absl_str_format_internal.dir/internal/str_format/bind.cc.obj
[59/749] Building CXX object _deps/abseil_cpp-build/absl/strings/CMakeFiles/absl_str_format_internal.dir/internal/str_format/extension.cc.obj
[60/749] Building CXX object _deps/abseil_cpp-build/absl/strings/CMakeFiles/absl_str_format_internal.dir/internal/str_format/output.cc.obj
[61/749] Building CXX object _deps/abseil_cpp-build/absl/strings/CMakeFiles/absl_str_format_internal.dir/internal/str_format/float_conversion.cc.obj
[62/749] Building CXX object _deps/abseil_cpp-build/absl/strings/CMakeFiles/absl_str_format_internal.dir/internal/str_format/parser.cc.obj
[63/749] Building CXX object _deps/abseil_cpp-build/absl/time/CMakeFiles/absl_time.dir/civil_time.cc.obj
[64/749] Building CXX object _deps/abseil_cpp-build/absl/time/CMakeFiles/absl_time.dir/clock.cc.obj
[65/749] Building CXX object _deps/abseil_cpp-build/absl/time/CMakeFiles/absl_time.dir/duration.cc.obj
[66/749] Building CXX object _deps/abseil_cpp-build/absl/time/CMakeFiles/absl_time.dir/format.cc.obj
[67/749] Linking CXX static library _deps/abseil_cpp-build/absl/time/libabsl_civil_time.a
[68/749] Linking CXX static library _deps/abseil_cpp-build/absl/time/libabsl_time_zone.a
[69/749] Linking CXX static library _deps/abseil_cpp-build/absl/base/libabsl_malloc_internal.a
[70/749] Linking CXX static library _deps/abseil_cpp-build/absl/crc/libabsl_crc_internal.a
[71/749] Building CXX object _deps/abseil_cpp-build/absl/time/CMakeFiles/absl_time.dir/time.cc.obj
[72/749] Building CXX object _deps/abseil_cpp-build/absl/crc/CMakeFiles/absl_crc32c.dir/crc32c.cc.obj
[73/749] Building CXX object _deps/abseil_cpp-build/absl/crc/CMakeFiles/absl_crc32c.dir/internal/crc_memcpy_fallback.cc.obj
[74/749] Building CXX object _deps/abseil_cpp-build/absl/crc/CMakeFiles/absl_crc32c.dir/internal/crc_memcpy_x86_arm_combined.cc.obj
[75/749] Building CXX object _deps/abseil_cpp-build/absl/debugging/CMakeFiles/absl_stacktrace.dir/stacktrace.cc.obj
[76/749] Building CXX object _deps/abseil_cpp-build/absl/debugging/CMakeFiles/absl_symbolize.dir/symbolize.cc.obj
[77/749] Linking CXX static library _deps/abseil_cpp-build/absl/debugging/libabsl_debugging_internal.a
[78/749] Linking CXX static library _deps/abseil_cpp-build/absl/debugging/libabsl_demangle_internal.a
[79/749] Linking CXX static library _deps/abseil_cpp-build/absl/strings/libabsl_str_format_internal.a
[80/749] Building CXX object _deps/abseil_cpp-build/absl/synchronization/CMakeFiles/absl_graphcycles_internal.dir/internal/graphcycles.cc.obj
[81/749] Building CXX object _deps/abseil_cpp-build/absl/crc/CMakeFiles/absl_crc32c.dir/internal/crc_non_temporal_memcpy.cc.obj
[82/749] Linking CXX static library _deps/abseil_cpp-build/absl/time/libabsl_time.a
[83/749] Running gen_proto.py on onnx/onnx.in.proto
Processing /dev/shm/velavision-ort-session-20260911/sources/onnx/onnx/onnx.in.proto
Writing /dev/shm/velavision-ort-session-20260911/build/_deps/onnx-build/onnx/onnx-ml.proto
Writing /dev/shm/velavision-ort-session-20260911/build/_deps/onnx-build/onnx/onnx-ml.proto3
generating /dev/shm/velavision-ort-session-20260911/build/_deps/onnx-build/onnx/onnx_pb.py
[84/749] Linking CXX static library _deps/abseil_cpp-build/absl/crc/libabsl_crc32c.a
[85/749] Building CXX object _deps/abseil_cpp-build/absl/synchronization/CMakeFiles/absl_kernel_timeout_internal.dir/internal/kernel_timeout.cc.obj
[86/749] Linking CXX static library _deps/abseil_cpp-build/absl/debugging/libabsl_stacktrace.a
[87/749] Linking CXX static library _deps/abseil_cpp-build/absl/debugging/libabsl_symbolize.a
[88/749] Building CXX object _deps/abseil_cpp-build/absl/profiling/CMakeFiles/absl_exponential_biased.dir/internal/exponential_biased.cc.obj
[89/749] Linking CXX static library _deps/abseil_cpp-build/absl/synchronization/libabsl_graphcycles_internal.a
[90/749] Linking CXX static library _deps/abseil_cpp-build/absl/synchronization/libabsl_kernel_timeout_internal.a
[91/749] Building CXX object _deps/abseil_cpp-build/absl/crc/CMakeFiles/absl_crc_cord_state.dir/internal/crc_cord_state.cc.obj
[92/749] Building CXX object _deps/abseil_cpp-build/absl/synchronization/CMakeFiles/absl_synchronization.dir/barrier.cc.obj
[93/749] Building CXX object _deps/abseil_cpp-build/absl/synchronization/CMakeFiles/absl_synchronization.dir/blocking_counter.cc.obj
[94/749] Building CXX object _deps/abseil_cpp-build/absl/synchronization/CMakeFiles/absl_synchronization.dir/internal/create_thread_identity.cc.obj
[95/749] Building CXX object _deps/abseil_cpp-build/absl/synchronization/CMakeFiles/absl_synchronization.dir/internal/per_thread_sem.cc.obj
[96/749] Building CXX object _deps/abseil_cpp-build/absl/synchronization/CMakeFiles/absl_synchronization.dir/internal/futex_waiter.cc.obj
[97/749] Building CXX object _deps/abseil_cpp-build/absl/synchronization/CMakeFiles/absl_synchronization.dir/internal/sem_waiter.cc.obj
[98/749] Building CXX object _deps/abseil_cpp-build/absl/synchronization/CMakeFiles/absl_synchronization.dir/internal/pthread_waiter.cc.obj
[99/749] Building CXX object _deps/abseil_cpp-build/absl/synchronization/CMakeFiles/absl_synchronization.dir/internal/stdcpp_waiter.cc.obj
[100/749] Building CXX object _deps/abseil_cpp-build/absl/synchronization/CMakeFiles/absl_synchronization.dir/internal/win32_waiter.cc.obj
[101/749] Building CXX object _deps/abseil_cpp-build/absl/synchronization/CMakeFiles/absl_synchronization.dir/internal/waiter_base.cc.obj
[102/749] Building CXX object _deps/abseil_cpp-build/absl/synchronization/CMakeFiles/absl_synchronization.dir/notification.cc.obj
[103/749] Running C++ protocol buffer compiler on /dev/shm/velavision-ort-session-20260911/build/_deps/onnx-build/onnx/onnx-ml.proto
[104/749] Linking CXX static library _deps/abseil_cpp-build/absl/crc/libabsl_crc_cord_state.a
[105/749] Building CXX object _deps/abseil_cpp-build/absl/flags/CMakeFiles/absl_flags_commandlineflag_internal.dir/internal/commandlineflag.cc.obj
[106/749] Building CXX object _deps/abseil_cpp-build/absl/synchronization/CMakeFiles/absl_synchronization.dir/mutex.cc.obj
[107/749] Building CXX object _deps/abseil_cpp-build/absl/hash/CMakeFiles/absl_city.dir/internal/city.cc.obj
[108/749] Linking CXX static library _deps/abseil_cpp-build/absl/profiling/libabsl_exponential_biased.a
[109/749] Building CXX object _deps/abseil_cpp-build/absl/hash/CMakeFiles/absl_low_level_hash.dir/internal/low_level_hash.cc.obj
[110/749] Building CXX object _deps/abseil_cpp-build/absl/strings/CMakeFiles/absl_cord_internal.dir/internal/cord_internal.cc.obj
[111/749] Building CXX object _deps/abseil_cpp-build/absl/strings/CMakeFiles/absl_cord_internal.dir/internal/cord_rep_btree_navigator.cc.obj
[112/749] Building CXX object _deps/abseil_cpp-build/absl/strings/CMakeFiles/absl_cord_internal.dir/internal/cord_rep_btree.cc.obj
[113/749] Building CXX object _deps/abseil_cpp-build/absl/strings/CMakeFiles/absl_cord_internal.dir/internal/cord_rep_btree_reader.cc.obj
[114/749] Building CXX object _deps/abseil_cpp-build/absl/strings/CMakeFiles/absl_cord_internal.dir/internal/cord_rep_consume.cc.obj
[115/749] Building CXX object _deps/abseil_cpp-build/absl/strings/CMakeFiles/absl_cord_internal.dir/internal/cord_rep_crc.cc.obj
[116/749] Building CXX object _deps/abseil_cpp-build/absl/strings/CMakeFiles/absl_cordz_functions.dir/internal/cordz_functions.cc.obj
[117/749] Linking CXX static library _deps/abseil_cpp-build/absl/synchronization/libabsl_synchronization.a
[118/749] Building CXX object _deps/abseil_cpp-build/absl/strings/CMakeFiles/absl_cordz_handle.dir/internal/cordz_handle.cc.obj
[119/749] Building CXX object _deps/abseil_cpp-build/absl/types/CMakeFiles/absl_bad_optional_access.dir/bad_optional_access.cc.obj
[120/749] Running gen_proto.py on onnx/onnx-operators.in.proto
Processing /dev/shm/velavision-ort-session-20260911/sources/onnx/onnx/onnx-operators.in.proto
Writing /dev/shm/velavision-ort-session-20260911/build/_deps/onnx-build/onnx/onnx-operators-ml.proto
Writing /dev/shm/velavision-ort-session-20260911/build/_deps/onnx-build/onnx/onnx-operators-ml.proto3
generating /dev/shm/velavision-ort-session-20260911/build/_deps/onnx-build/onnx/onnx_operators_pb.py
[121/749] Running gen_proto.py on onnx/onnx-data.in.proto
Processing /dev/shm/velavision-ort-session-20260911/sources/onnx/onnx/onnx-data.in.proto
Writing /dev/shm/velavision-ort-session-20260911/build/_deps/onnx-build/onnx/onnx-data.proto
Writing /dev/shm/velavision-ort-session-20260911/build/_deps/onnx-build/onnx/onnx-data.proto3
generating /dev/shm/velavision-ort-session-20260911/build/_deps/onnx-build/onnx/onnx_data_pb.py
[122/749] Building CXX object _deps/abseil_cpp-build/absl/types/CMakeFiles/absl_bad_variant_access.dir/bad_variant_access.cc.obj
[123/749] Building CXX object _deps/abseil_cpp-build/absl/container/CMakeFiles/absl_hashtablez_sampler.dir/internal/hashtablez_sampler_force_weak_definition.cc.obj
[124/749] Building CXX object _deps/abseil_cpp-build/absl/container/CMakeFiles/absl_hashtablez_sampler.dir/internal/hashtablez_sampler.cc.obj
[125/749] Linking CXX static library _deps/abseil_cpp-build/absl/flags/libabsl_flags_commandlineflag_internal.a
[126/749] Building CXX object _deps/abseil_cpp-build/absl/flags/CMakeFiles/absl_flags_commandlineflag.dir/commandlineflag.cc.obj
[127/749] Building CXX object _deps/abseil_cpp-build/absl/flags/CMakeFiles/absl_flags_program_name.dir/internal/program_name.cc.obj
[128/749] Linking CXX static library _deps/abseil_cpp-build/absl/hash/libabsl_city.a
[129/749] Linking CXX static library _deps/abseil_cpp-build/absl/hash/libabsl_low_level_hash.a
[130/749] Linking CXX static library _deps/abseil_cpp-build/absl/strings/libabsl_cord_internal.a
[131/749] Linking CXX static library _deps/abseil_cpp-build/absl/strings/libabsl_cordz_functions.a
[132/749] Linking CXX static library _deps/abseil_cpp-build/absl/strings/libabsl_cordz_handle.a
[133/749] Building CXX object _deps/abseil_cpp-build/absl/hash/CMakeFiles/absl_hash.dir/internal/hash.cc.obj
[134/749] Linking CXX static library _deps/abseil_cpp-build/absl/types/libabsl_bad_optional_access.a
[135/749] Linking CXX static library _deps/abseil_cpp-build/absl/types/libabsl_bad_variant_access.a
[136/749] Building CXX object _deps/abseil_cpp-build/absl/strings/CMakeFiles/absl_cordz_info.dir/internal/cordz_info.cc.obj
[137/749] Building CXX object _deps/protobuf-build/CMakeFiles/libprotobuf-lite.dir/src/google/protobuf/any_lite.cc.obj
[138/749] Building CXX object _deps/protobuf-build/CMakeFiles/libprotobuf-lite.dir/src/google/protobuf/arena.cc.obj
[139/749] Building CXX object _deps/protobuf-build/CMakeFiles/libprotobuf-lite.dir/src/google/protobuf/arenaz_sampler.cc.obj
[140/749] Building CXX object _deps/protobuf-build/CMakeFiles/libprotobuf-lite.dir/src/google/protobuf/arenastring.cc.obj
[141/749] Building CXX object _deps/protobuf-build/CMakeFiles/libprotobuf-lite.dir/src/google/protobuf/generated_enum_util.cc.obj
[142/749] Building CXX object _deps/protobuf-build/CMakeFiles/libprotobuf-lite.dir/src/google/protobuf/extension_set.cc.obj
[143/749] Building CXX object _deps/protobuf-build/CMakeFiles/libprotobuf-lite.dir/src/google/protobuf/generated_message_util.cc.obj
[144/749] Building CXX object _deps/protobuf-build/CMakeFiles/libprotobuf-lite.dir/src/google/protobuf/generated_message_tctable_lite.cc.obj
[145/749] Building CXX object _deps/protobuf-build/CMakeFiles/libprotobuf-lite.dir/src/google/protobuf/implicit_weak_message.cc.obj
[146/749] Building CXX object _deps/protobuf-build/CMakeFiles/libprotobuf-lite.dir/src/google/protobuf/inlined_string_field.cc.obj
[147/749] Building CXX object _deps/protobuf-build/CMakeFiles/libprotobuf-lite.dir/src/google/protobuf/io/io_win32.cc.obj
[148/749] Building CXX object _deps/protobuf-build/CMakeFiles/libprotobuf-lite.dir/src/google/protobuf/io/coded_stream.cc.obj
[149/749] Building CXX object _deps/protobuf-build/CMakeFiles/libprotobuf-lite.dir/src/google/protobuf/io/strtod.cc.obj
[150/749] Building CXX object _deps/protobuf-build/CMakeFiles/libprotobuf-lite.dir/src/google/protobuf/io/zero_copy_stream.cc.obj
[151/749] Building CXX object _deps/protobuf-build/CMakeFiles/libprotobuf-lite.dir/src/google/protobuf/io/zero_copy_stream_impl.cc.obj
[152/749] Building CXX object _deps/protobuf-build/CMakeFiles/libprotobuf-lite.dir/src/google/protobuf/io/zero_copy_stream_impl_lite.cc.obj
[153/749] Building CXX object _deps/protobuf-build/CMakeFiles/libprotobuf-lite.dir/src/google/protobuf/map.cc.obj
[154/749] Building CXX object _deps/protobuf-build/CMakeFiles/libprotobuf-lite.dir/src/google/protobuf/message_lite.cc.obj
[155/749] Building CXX object _deps/protobuf-build/CMakeFiles/libprotobuf-lite.dir/src/google/protobuf/parse_context.cc.obj
[156/749] Building CXX object _deps/protobuf-build/CMakeFiles/libprotobuf-lite.dir/src/google/protobuf/repeated_ptr_field.cc.obj
[157/749] Building CXX object _deps/protobuf-build/CMakeFiles/libprotobuf-lite.dir/src/google/protobuf/stubs/bytestream.cc.obj
[158/749] Building CXX object _deps/protobuf-build/CMakeFiles/libprotobuf-lite.dir/src/google/protobuf/repeated_field.cc.obj
[159/749] Building CXX object _deps/protobuf-build/CMakeFiles/libprotobuf-lite.dir/src/google/protobuf/stubs/common.cc.obj
[160/749] Building CXX object _deps/protobuf-build/CMakeFiles/libprotobuf-lite.dir/src/google/protobuf/stubs/int128.cc.obj
[161/749] Building CXX object _deps/protobuf-build/CMakeFiles/libprotobuf-lite.dir/src/google/protobuf/stubs/status.cc.obj
[162/749] Building CXX object _deps/protobuf-build/CMakeFiles/libprotobuf-lite.dir/src/google/protobuf/stubs/statusor.cc.obj
[163/749] Building CXX object _deps/protobuf-build/CMakeFiles/libprotobuf-lite.dir/src/google/protobuf/stubs/stringpiece.cc.obj
[164/749] Building CXX object _deps/protobuf-build/CMakeFiles/libprotobuf-lite.dir/src/google/protobuf/stubs/stringprintf.cc.obj
[165/749] Building CXX object _deps/protobuf-build/CMakeFiles/libprotobuf-lite.dir/src/google/protobuf/stubs/structurally_valid.cc.obj
[166/749] Building CXX object _deps/protobuf-build/CMakeFiles/libprotobuf-lite.dir/src/google/protobuf/stubs/time.cc.obj
[167/749] Building CXX object _deps/protobuf-build/CMakeFiles/libprotobuf-lite.dir/src/google/protobuf/stubs/strutil.cc.obj
[168/749] Running C++ protocol buffer compiler on /dev/shm/velavision-ort-session-20260911/build/_deps/onnx-build/onnx/onnx-operators-ml.proto
[169/749] Running C++ protocol buffer compiler on /dev/shm/velavision-ort-session-20260911/build/_deps/onnx-build/onnx/onnx-data.proto
[170/749] Linking CXX static library _deps/abseil_cpp-build/absl/container/libabsl_hashtablez_sampler.a
[171/749] Building CXX object _deps/protobuf-build/CMakeFiles/libprotobuf-lite.dir/src/google/protobuf/wire_format_lite.cc.obj
[172/749] Linking CXX static library _deps/abseil_cpp-build/absl/flags/libabsl_flags_program_name.a
[173/749] Building CXX object _deps/abseil_cpp-build/absl/container/CMakeFiles/absl_raw_hash_set.dir/internal/raw_hash_set.cc.obj
[174/749] Building CXX object _deps/abseil_cpp-build/absl/flags/CMakeFiles/absl_flags_config.dir/usage_config.cc.obj
[175/749] Linking CXX static library _deps/abseil_cpp-build/absl/flags/libabsl_flags_commandlineflag.a
[176/749] Building CXX object _deps/abseil_cpp-build/absl/flags/CMakeFiles/absl_flags_marshalling.dir/marshalling.cc.obj
[177/749] Linking CXX static library _deps/abseil_cpp-build/absl/hash/libabsl_hash.a
[178/749] Linking CXX static library _deps/abseil_cpp-build/absl/strings/libabsl_cordz_info.a
[179/749] Building CXX object _deps/abseil_cpp-build/absl/flags/CMakeFiles/absl_flags_private_handle_accessor.dir/internal/private_handle_accessor.cc.obj
[180/749] Building CXX object _deps/abseil_cpp-build/absl/strings/CMakeFiles/absl_cord.dir/cord_analysis.cc.obj
[181/749] Building CXX object _deps/abseil_cpp-build/absl/strings/CMakeFiles/absl_cord.dir/cord_buffer.cc.obj
[182/749] Linking CXX static library _deps/protobuf-build/libprotobuf-lite.a
[183/749] Building CXX object _deps/abseil_cpp-build/absl/strings/CMakeFiles/absl_cord.dir/cord.cc.obj
[184/749] Building CXX object _deps/onnx-build/CMakeFiles/onnx_proto.dir/onnx/onnx-operators-ml.pb.cc.obj
In file included from /dev/shm/velavision-ort-session-20260911/sources/protobuf/src/google/protobuf/parse_context.h:47,
                 from /dev/shm/velavision-ort-session-20260911/sources/protobuf/src/google/protobuf/extension_set.h:53,
                 from /dev/shm/velavision-ort-session-20260911/build/_deps/onnx-build/onnx/onnx-operators-ml.pb.h:30,
                 from /dev/shm/velavision-ort-session-20260911/build/_deps/onnx-build/onnx/onnx-operators-ml.pb.cc:4:
/dev/shm/velavision-ort-session-20260911/sources/protobuf/src/google/protobuf/inlined_string_field.h:430:5: warning: "GOOGLE_PROTOBUF_INTERNAL_DONATE_STEAL_INLINE" is not defined, evaluates to 0 [-Wundef]
  430 | #if GOOGLE_PROTOBUF_INTERNAL_DONATE_STEAL_INLINE
      |     ^~~~~~~~~~~~~~~~~~~~~~~~~~~~~~~~~~~~~~~~~~~~
In file included from /dev/shm/velavision-ort-session-20260911/sources/protobuf/src/google/protobuf/arena.h:52,
                 from /dev/shm/velavision-ort-session-20260911/build/_deps/onnx-build/onnx/onnx-operators-ml.pb.h:24:
/dev/shm/velavision-ort-session-20260911/sources/protobuf/src/google/protobuf/arena_impl.h: In constructor 'google::protobuf::internal::SerialArena::Block::Block(google::protobuf::internal::SerialArena::Block*, size_t)':
/dev/shm/velavision-ort-session-20260911/sources/protobuf/src/google/protobuf/arena_impl.h:384:31: warning: declaration of 'size' shadows a member of 'google::protobuf::internal::SerialArena::Block' [-Wshadow]
  384 |     Block(Block* next, size_t size) : next(next), size(size), start(nullptr) {}
      |                        ~~~~~~~^~~~
/dev/shm/velavision-ort-session-20260911/sources/protobuf/src/google/protobuf/arena_impl.h:392:18: note: shadowed declaration is here
  392 |     const size_t size;
      |                  ^~~~
/dev/shm/velavision-ort-session-20260911/sources/protobuf/src/google/protobuf/arena_impl.h:384:18: warning: declaration of 'next' shadows a member of 'google::protobuf::internal::SerialArena::Block' [-Wshadow]
  384 |     Block(Block* next, size_t size) : next(next), size(size), start(nullptr) {}
      |           ~~~~~~~^~~~
/dev/shm/velavision-ort-session-20260911/sources/protobuf/src/google/protobuf/arena_impl.h:391:18: note: shadowed declaration is here
  391 |     Block* const next;
      |                  ^~~~
/dev/shm/velavision-ort-session-20260911/sources/protobuf/src/google/protobuf/arena_impl.h: In constructor 'google::protobuf::internal::SerialArena::Block::Block(google::protobuf::internal::SerialArena::Block*, size_t)':
/dev/shm/velavision-ort-session-20260911/sources/protobuf/src/google/protobuf/arena_impl.h:384:31: warning: declaration of 'size' shadows a member of 'google::protobuf::internal::SerialArena::Block' [-Wshadow]
  384 |     Block(Block* next, size_t size) : next(next), size(size), start(nullptr) {}
      |                        ~~~~~~~^~~~
/dev/shm/velavision-ort-session-20260911/sources/protobuf/src/google/protobuf/arena_impl.h:392:18: note: shadowed declaration is here
  392 |     const size_t size;
      |                  ^~~~
/dev/shm/velavision-ort-session-20260911/sources/protobuf/src/google/protobuf/arena_impl.h:384:18: warning: declaration of 'next' shadows a member of 'google::protobuf::internal::SerialArena::Block' [-Wshadow]
  384 |     Block(Block* next, size_t size) : next(next), size(size), start(nullptr) {}
      |           ~~~~~~~^~~~
/dev/shm/velavision-ort-session-20260911/sources/protobuf/src/google/protobuf/arena_impl.h:391:18: note: shadowed declaration is here
  391 |     Block* const next;
      |                  ^~~~
/dev/shm/velavision-ort-session-20260911/sources/protobuf/src/google/protobuf/arena_impl.h: In constructor 'google::protobuf::internal::SerialArena::Block::Block(google::protobuf::internal::SerialArena::Block*, size_t)':
/dev/shm/velavision-ort-session-20260911/sources/protobuf/src/google/protobuf/arena_impl.h:384:31: warning: declaration of 'size' shadows a member of 'google::protobuf::internal::SerialArena::Block' [-Wshadow]
  384 |     Block(Block* next, size_t size) : next(next), size(size), start(nullptr) {}
      |                        ~~~~~~~^~~~
/dev/shm/velavision-ort-session-20260911/sources/protobuf/src/google/protobuf/arena_impl.h:392:18: note: shadowed declaration is here
  392 |     const size_t size;
      |                  ^~~~
/dev/shm/velavision-ort-session-20260911/sources/protobuf/src/google/protobuf/arena_impl.h:384:18: warning: declaration of 'next' shadows a member of 'google::protobuf::internal::SerialArena::Block' [-Wshadow]
  384 |     Block(Block* next, size_t size) : next(next), size(size), start(nullptr) {}
      |           ~~~~~~~^~~~
/dev/shm/velavision-ort-session-20260911/sources/protobuf/src/google/protobuf/arena_impl.h:391:18: note: shadowed declaration is here
  391 |     Block* const next;
      |                  ^~~~
[185/749] Building CXX object _deps/onnx-build/CMakeFiles/onnx_proto.dir/onnx/onnx-data.pb.cc.obj
In file included from /dev/shm/velavision-ort-session-20260911/sources/protobuf/src/google/protobuf/parse_context.h:47,
                 from /dev/shm/velavision-ort-session-20260911/sources/protobuf/src/google/protobuf/extension_set.h:53,
                 from /dev/shm/velavision-ort-session-20260911/build/_deps/onnx-build/onnx/onnx-data.pb.h:30,
                 from /dev/shm/velavision-ort-session-20260911/build/_deps/onnx-build/onnx/onnx-data.pb.cc:4:
/dev/shm/velavision-ort-session-20260911/sources/protobuf/src/google/protobuf/inlined_string_field.h:430:5: warning: "GOOGLE_PROTOBUF_INTERNAL_DONATE_STEAL_INLINE" is not defined, evaluates to 0 [-Wundef]
  430 | #if GOOGLE_PROTOBUF_INTERNAL_DONATE_STEAL_INLINE
      |     ^~~~~~~~~~~~~~~~~~~~~~~~~~~~~~~~~~~~~~~~~~~~
In file included from /dev/shm/velavision-ort-session-20260911/sources/protobuf/src/google/protobuf/arena.h:52,
                 from /dev/shm/velavision-ort-session-20260911/build/_deps/onnx-build/onnx/onnx-data.pb.h:24:
/dev/shm/velavision-ort-session-20260911/sources/protobuf/src/google/protobuf/arena_impl.h: In constructor 'google::protobuf::internal::SerialArena::Block::Block(google::protobuf::internal::SerialArena::Block*, size_t)':
/dev/shm/velavision-ort-session-20260911/sources/protobuf/src/google/protobuf/arena_impl.h:384:31: warning: declaration of 'size' shadows a member of 'google::protobuf::internal::SerialArena::Block' [-Wshadow]
  384 |     Block(Block* next, size_t size) : next(next), size(size), start(nullptr) {}
      |                        ~~~~~~~^~~~
/dev/shm/velavision-ort-session-20260911/sources/protobuf/src/google/protobuf/arena_impl.h:392:18: note: shadowed declaration is here
  392 |     const size_t size;
      |                  ^~~~
/dev/shm/velavision-ort-session-20260911/sources/protobuf/src/google/protobuf/arena_impl.h:384:18: warning: declaration of 'next' shadows a member of 'google::protobuf::internal::SerialArena::Block' [-Wshadow]
  384 |     Block(Block* next, size_t size) : next(next), size(size), start(nullptr) {}
      |           ~~~~~~~^~~~
/dev/shm/velavision-ort-session-20260911/sources/protobuf/src/google/protobuf/arena_impl.h:391:18: note: shadowed declaration is here
  391 |     Block* const next;
      |                  ^~~~
/dev/shm/velavision-ort-session-20260911/sources/protobuf/src/google/protobuf/arena_impl.h: In constructor 'google::protobuf::internal::SerialArena::Block::Block(google::protobuf::internal::SerialArena::Block*, size_t)':
/dev/shm/velavision-ort-session-20260911/sources/protobuf/src/google/protobuf/arena_impl.h:384:31: warning: declaration of 'size' shadows a member of 'google::protobuf::internal::SerialArena::Block' [-Wshadow]
  384 |     Block(Block* next, size_t size) : next(next), size(size), start(nullptr) {}
      |                        ~~~~~~~^~~~
/dev/shm/velavision-ort-session-20260911/sources/protobuf/src/google/protobuf/arena_impl.h:392:18: note: shadowed declaration is here
  392 |     const size_t size;
      |                  ^~~~
/dev/shm/velavision-ort-session-20260911/sources/protobuf/src/google/protobuf/arena_impl.h:384:18: warning: declaration of 'next' shadows a member of 'google::protobuf::internal::SerialArena::Block' [-Wshadow]
  384 |     Block(Block* next, size_t size) : next(next), size(size), start(nullptr) {}
      |           ~~~~~~~^~~~
/dev/shm/velavision-ort-session-20260911/sources/protobuf/src/google/protobuf/arena_impl.h:391:18: note: shadowed declaration is here
  391 |     Block* const next;
      |                  ^~~~
/dev/shm/velavision-ort-session-20260911/sources/protobuf/src/google/protobuf/arena_impl.h: In constructor 'google::protobuf::internal::SerialArena::Block::Block(google::protobuf::internal::SerialArena::Block*, size_t)':
/dev/shm/velavision-ort-session-20260911/sources/protobuf/src/google/protobuf/arena_impl.h:384:31: warning: declaration of 'size' shadows a member of 'google::protobuf::internal::SerialArena::Block' [-Wshadow]
  384 |     Block(Block* next, size_t size) : next(next), size(size), start(nullptr) {}
      |                        ~~~~~~~^~~~
/dev/shm/velavision-ort-session-20260911/sources/protobuf/src/google/protobuf/arena_impl.h:392:18: note: shadowed declaration is here
  392 |     const size_t size;
      |                  ^~~~
/dev/shm/velavision-ort-session-20260911/sources/protobuf/src/google/protobuf/arena_impl.h:384:18: warning: declaration of 'next' shadows a member of 'google::protobuf::internal::SerialArena::Block' [-Wshadow]
  384 |     Block(Block* next, size_t size) : next(next), size(size), start(nullptr) {}
      |           ~~~~~~~^~~~
/dev/shm/velavision-ort-session-20260911/sources/protobuf/src/google/protobuf/arena_impl.h:391:18: note: shadowed declaration is here
  391 |     Block* const next;
      |                  ^~~~
[186/749] Linking CXX static library _deps/abseil_cpp-build/absl/container/libabsl_raw_hash_set.a
[187/749] Linking CXX static library _deps/abseil_cpp-build/absl/flags/libabsl_flags_config.a
[188/749] Linking CXX static library _deps/abseil_cpp-build/absl/flags/libabsl_flags_marshalling.a
[189/749] Linking CXX static library _deps/abseil_cpp-build/absl/flags/libabsl_flags_private_handle_accessor.a
[190/749] Building CXX object _deps/onnx-build/CMakeFiles/onnx_proto.dir/onnx/onnx-ml.pb.cc.obj
In file included from /dev/shm/velavision-ort-session-20260911/sources/protobuf/src/google/protobuf/parse_context.h:47,
                 from /dev/shm/velavision-ort-session-20260911/sources/protobuf/src/google/protobuf/extension_set.h:53,
                 from /dev/shm/velavision-ort-session-20260911/build/_deps/onnx-build/onnx/onnx-ml.pb.h:30,
                 from /dev/shm/velavision-ort-session-20260911/build/_deps/onnx-build/onnx/onnx-ml.pb.cc:4:
/dev/shm/velavision-ort-session-20260911/sources/protobuf/src/google/protobuf/inlined_string_field.h:430:5: warning: "GOOGLE_PROTOBUF_INTERNAL_DONATE_STEAL_INLINE" is not defined, evaluates to 0 [-Wundef]
  430 | #if GOOGLE_PROTOBUF_INTERNAL_DONATE_STEAL_INLINE
      |     ^~~~~~~~~~~~~~~~~~~~~~~~~~~~~~~~~~~~~~~~~~~~
In file included from /dev/shm/velavision-ort-session-20260911/sources/protobuf/src/google/protobuf/arena.h:52,
                 from /dev/shm/velavision-ort-session-20260911/build/_deps/onnx-build/onnx/onnx-ml.pb.h:24:
/dev/shm/velavision-ort-session-20260911/sources/protobuf/src/google/protobuf/arena_impl.h: In constructor 'google::protobuf::internal::SerialArena::Block::Block(google::protobuf::internal::SerialArena::Block*, size_t)':
/dev/shm/velavision-ort-session-20260911/sources/protobuf/src/google/protobuf/arena_impl.h:384:31: warning: declaration of 'size' shadows a member of 'google::protobuf::internal::SerialArena::Block' [-Wshadow]
  384 |     Block(Block* next, size_t size) : next(next), size(size), start(nullptr) {}
      |                        ~~~~~~~^~~~
/dev/shm/velavision-ort-session-20260911/sources/protobuf/src/google/protobuf/arena_impl.h:392:18: note: shadowed declaration is here
  392 |     const size_t size;
      |                  ^~~~
/dev/shm/velavision-ort-session-20260911/sources/protobuf/src/google/protobuf/arena_impl.h:384:18: warning: declaration of 'next' shadows a member of 'google::protobuf::internal::SerialArena::Block' [-Wshadow]
  384 |     Block(Block* next, size_t size) : next(next), size(size), start(nullptr) {}
      |           ~~~~~~~^~~~
/dev/shm/velavision-ort-session-20260911/sources/protobuf/src/google/protobuf/arena_impl.h:391:18: note: shadowed declaration is here
  391 |     Block* const next;
      |                  ^~~~
/dev/shm/velavision-ort-session-20260911/sources/protobuf/src/google/protobuf/arena_impl.h: In constructor 'google::protobuf::internal::SerialArena::Block::Block(google::protobuf::internal::SerialArena::Block*, size_t)':
/dev/shm/velavision-ort-session-20260911/sources/protobuf/src/google/protobuf/arena_impl.h:384:31: warning: declaration of 'size' shadows a member of 'google::protobuf::internal::SerialArena::Block' [-Wshadow]
  384 |     Block(Block* next, size_t size) : next(next), size(size), start(nullptr) {}
      |                        ~~~~~~~^~~~
/dev/shm/velavision-ort-session-20260911/sources/protobuf/src/google/protobuf/arena_impl.h:392:18: note: shadowed declaration is here
  392 |     const size_t size;
      |                  ^~~~
/dev/shm/velavision-ort-session-20260911/sources/protobuf/src/google/protobuf/arena_impl.h:384:18: warning: declaration of 'next' shadows a member of 'google::protobuf::internal::SerialArena::Block' [-Wshadow]
  384 |     Block(Block* next, size_t size) : next(next), size(size), start(nullptr) {}
      |           ~~~~~~~^~~~
/dev/shm/velavision-ort-session-20260911/sources/protobuf/src/google/protobuf/arena_impl.h:391:18: note: shadowed declaration is here
  391 |     Block* const next;
      |                  ^~~~
/dev/shm/velavision-ort-session-20260911/sources/protobuf/src/google/protobuf/arena_impl.h: In constructor 'google::protobuf::internal::SerialArena::Block::Block(google::protobuf::internal::SerialArena::Block*, size_t)':
/dev/shm/velavision-ort-session-20260911/sources/protobuf/src/google/protobuf/arena_impl.h:384:31: warning: declaration of 'size' shadows a member of 'google::protobuf::internal::SerialArena::Block' [-Wshadow]
  384 |     Block(Block* next, size_t size) : next(next), size(size), start(nullptr) {}
      |                        ~~~~~~~^~~~
/dev/shm/velavision-ort-session-20260911/sources/protobuf/src/google/protobuf/arena_impl.h:392:18: note: shadowed declaration is here
  392 |     const size_t size;
      |                  ^~~~
/dev/shm/velavision-ort-session-20260911/sources/protobuf/src/google/protobuf/arena_impl.h:384:18: warning: declaration of 'next' shadows a member of 'google::protobuf::internal::SerialArena::Block' [-Wshadow]
  384 |     Block(Block* next, size_t size) : next(next), size(size), start(nullptr) {}
      |           ~~~~~~~^~~~
/dev/shm/velavision-ort-session-20260911/sources/protobuf/src/google/protobuf/arena_impl.h:391:18: note: shadowed declaration is here
  391 |     Block* const next;
      |                  ^~~~
[191/749] Building CXX object _deps/abseil_cpp-build/absl/flags/CMakeFiles/absl_flags_internal.dir/internal/flag.cc.obj
[192/749] Linking CXX static library _deps/abseil_cpp-build/absl/strings/libabsl_cord.a
[193/749] Building CXX object _deps/abseil_cpp-build/absl/flags/CMakeFiles/absl_flags_reflection.dir/reflection.cc.obj
[194/749] Building CXX object _deps/flatbuffers-build/CMakeFiles/flatbuffers.dir/src/idl_gen_text.cpp.obj
[195/749] Building CXX object _deps/flatbuffers-build/CMakeFiles/flatbuffers.dir/src/reflection.cpp.obj
[196/749] Building CXX object _deps/flatbuffers-build/CMakeFiles/flatbuffers.dir/src/util.cpp.obj
[197/749] Linking CXX static library _deps/onnx-build/libonnx_proto.a
[198/749] Building CXX object _deps/flatbuffers-build/CMakeFiles/flatbuffers.dir/src/idl_parser.cpp.obj
[199/749] Building CXX object _deps/onnx-build/CMakeFiles/onnx.dir/onnx/common/assertions.cc.obj
[200/749] Building CXX object _deps/onnx-build/CMakeFiles/onnx.dir/onnx/checker.cc.obj
In file included from /dev/shm/velavision-ort-session-20260911/sources/protobuf/src/google/protobuf/parse_context.h:47,
                 from /dev/shm/velavision-ort-session-20260911/sources/protobuf/src/google/protobuf/extension_set.h:53,
                 from /dev/shm/velavision-ort-session-20260911/build/_deps/onnx-build/onnx/onnx-ml.pb.h:30,
                 from /dev/shm/velavision-ort-session-20260911/sources/onnx/onnx/onnx_pb.h:65,
                 from /dev/shm/velavision-ort-session-20260911/sources/onnx/onnx/onnx-operators_pb.h:7,
                 from /dev/shm/velavision-ort-session-20260911/sources/onnx/onnx/defs/attr_proto_util.h:12,
                 from /dev/shm/velavision-ort-session-20260911/sources/onnx/onnx/defs/function.h:13,
                 from /dev/shm/velavision-ort-session-20260911/sources/onnx/onnx/checker.h:13,
                 from /dev/shm/velavision-ort-session-20260911/sources/onnx/onnx/checker.cc:5:
/dev/shm/velavision-ort-session-20260911/sources/protobuf/src/google/protobuf/inlined_string_field.h:430:5: warning: "GOOGLE_PROTOBUF_INTERNAL_DONATE_STEAL_INLINE" is not defined, evaluates to 0 [-Wundef]
  430 | #if GOOGLE_PROTOBUF_INTERNAL_DONATE_STEAL_INLINE
      |     ^~~~~~~~~~~~~~~~~~~~~~~~~~~~~~~~~~~~~~~~~~~~
In file included from /dev/shm/velavision-ort-session-20260911/sources/protobuf/src/google/protobuf/arena.h:52,
                 from /dev/shm/velavision-ort-session-20260911/build/_deps/onnx-build/onnx/onnx-ml.pb.h:24:
/dev/shm/velavision-ort-session-20260911/sources/protobuf/src/google/protobuf/arena_impl.h: In constructor 'google::protobuf::internal::SerialArena::Block::Block(google::protobuf::internal::SerialArena::Block*, size_t)':
/dev/shm/velavision-ort-session-20260911/sources/protobuf/src/google/protobuf/arena_impl.h:384:31: warning: declaration of 'size' shadows a member of 'google::protobuf::internal::SerialArena::Block' [-Wshadow]
  384 |     Block(Block* next, size_t size) : next(next), size(size), start(nullptr) {}
      |                        ~~~~~~~^~~~
/dev/shm/velavision-ort-session-20260911/sources/protobuf/src/google/protobuf/arena_impl.h:392:18: note: shadowed declaration is here
  392 |     const size_t size;
      |                  ^~~~
/dev/shm/velavision-ort-session-20260911/sources/protobuf/src/google/protobuf/arena_impl.h:384:18: warning: declaration of 'next' shadows a member of 'google::protobuf::internal::SerialArena::Block' [-Wshadow]
  384 |     Block(Block* next, size_t size) : next(next), size(size), start(nullptr) {}
      |           ~~~~~~~^~~~
/dev/shm/velavision-ort-session-20260911/sources/protobuf/src/google/protobuf/arena_impl.h:391:18: note: shadowed declaration is here
  391 |     Block* const next;
      |                  ^~~~
/dev/shm/velavision-ort-session-20260911/sources/protobuf/src/google/protobuf/arena_impl.h: In constructor 'google::protobuf::internal::SerialArena::Block::Block(google::protobuf::internal::SerialArena::Block*, size_t)':
/dev/shm/velavision-ort-session-20260911/sources/protobuf/src/google/protobuf/arena_impl.h:384:31: warning: declaration of 'size' shadows a member of 'google::protobuf::internal::SerialArena::Block' [-Wshadow]
  384 |     Block(Block* next, size_t size) : next(next), size(size), start(nullptr) {}
      |                        ~~~~~~~^~~~
/dev/shm/velavision-ort-session-20260911/sources/protobuf/src/google/protobuf/arena_impl.h:392:18: note: shadowed declaration is here
  392 |     const size_t size;
      |                  ^~~~
/dev/shm/velavision-ort-session-20260911/sources/protobuf/src/google/protobuf/arena_impl.h:384:18: warning: declaration of 'next' shadows a member of 'google::protobuf::internal::SerialArena::Block' [-Wshadow]
  384 |     Block(Block* next, size_t size) : next(next), size(size), start(nullptr) {}
      |           ~~~~~~~^~~~
/dev/shm/velavision-ort-session-20260911/sources/protobuf/src/google/protobuf/arena_impl.h:391:18: note: shadowed declaration is here
  391 |     Block* const next;
      |                  ^~~~
/dev/shm/velavision-ort-session-20260911/sources/protobuf/src/google/protobuf/arena_impl.h: In constructor 'google::protobuf::internal::SerialArena::Block::Block(google::protobuf::internal::SerialArena::Block*, size_t)':
/dev/shm/velavision-ort-session-20260911/sources/protobuf/src/google/protobuf/arena_impl.h:384:31: warning: declaration of 'size' shadows a member of 'google::protobuf::internal::SerialArena::Block' [-Wshadow]
  384 |     Block(Block* next, size_t size) : next(next), size(size), start(nullptr) {}
      |                        ~~~~~~~^~~~
/dev/shm/velavision-ort-session-20260911/sources/protobuf/src/google/protobuf/arena_impl.h:392:18: note: shadowed declaration is here
  392 |     const size_t size;
      |                  ^~~~
/dev/shm/velavision-ort-session-20260911/sources/protobuf/src/google/protobuf/arena_impl.h:384:18: warning: declaration of 'next' shadows a member of 'google::protobuf::internal::SerialArena::Block' [-Wshadow]
  384 |     Block(Block* next, size_t size) : next(next), size(size), start(nullptr) {}
      |           ~~~~~~~^~~~
/dev/shm/velavision-ort-session-20260911/sources/protobuf/src/google/protobuf/arena_impl.h:391:18: note: shadowed declaration is here
  391 |     Block* const next;
      |                  ^~~~
/dev/shm/velavision-ort-session-20260911/sources/onnx/onnx/defs/function.h: In constructor 'onnx::FunctionBodyHelper::NodeDef::NodeDef(std::__1::vector<std::__1::basic_string<char> >, std::__1::string, std::__1::vector<std::__1::basic_string<char> >, std::__1::vector<onnx::FunctionBodyHelper::AttributeProtoWrapper>, std::__1::string)':
/dev/shm/velavision-ort-session-20260911/sources/onnx/onnx/defs/function.h:51:21: warning: declaration of 'domain' shadows a member of 'onnx::FunctionBodyHelper::NodeDef' [-Wshadow]
   51 |         std::string domain = "")
      |         ~~~~~~~~~~~~^~~~~~~~~~~
/dev/shm/velavision-ort-session-20260911/sources/onnx/onnx/defs/function.h:62:17: note: shadowed declaration is here
   62 |     std::string domain;
      |                 ^~~~~~
/dev/shm/velavision-ort-session-20260911/sources/onnx/onnx/defs/function.h:50:44: warning: declaration of 'attributes' shadows a member of 'onnx::FunctionBodyHelper::NodeDef' [-Wshadow]
   50 |         std::vector<AttributeProtoWrapper> attributes = {},
      |         ~~~~~~~~~~~~~~~~~~~~~~~~~~~~~~~~~~~^~~~~~~~~~~~~~~
/dev/shm/velavision-ort-session-20260911/sources/onnx/onnx/defs/function.h:61:40: note: shadowed declaration is here
   61 |     std::vector<AttributeProtoWrapper> attributes;
      |                                        ^~~~~~~~~~
/dev/shm/velavision-ort-session-20260911/sources/onnx/onnx/defs/function.h:49:34: warning: declaration of 'inputs' shadows a member of 'onnx::FunctionBodyHelper::NodeDef' [-Wshadow]
   49 |         std::vector<std::string> inputs,
      |         ~~~~~~~~~~~~~~~~~~~~~~~~~^~~~~~
/dev/shm/velavision-ort-session-20260911/sources/onnx/onnx/defs/function.h:60:30: note: shadowed declaration is here
   60 |     std::vector<std::string> inputs;
      |                              ^~~~~~
/dev/shm/velavision-ort-session-20260911/sources/onnx/onnx/defs/function.h:48:21: warning: declaration of 'op_type' shadows a member of 'onnx::FunctionBodyHelper::NodeDef' [-Wshadow]
   48 |         std::string op_type,
      |         ~~~~~~~~~~~~^~~~~~~
/dev/shm/velavision-ort-session-20260911/sources/onnx/onnx/defs/function.h:59:17: note: shadowed declaration is here
   59 |     std::string op_type;
      |                 ^~~~~~~
/dev/shm/velavision-ort-session-20260911/sources/onnx/onnx/defs/function.h:47:34: warning: declaration of 'outputs' shadows a member of 'onnx::FunctionBodyHelper::NodeDef' [-Wshadow]
   47 |         std::vector<std::string> outputs,
      |         ~~~~~~~~~~~~~~~~~~~~~~~~~^~~~~~~
/dev/shm/velavision-ort-session-20260911/sources/onnx/onnx/defs/function.h:58:30: note: shadowed declaration is here
   58 |     std::vector<std::string> outputs;
      |                              ^~~~~~~
/dev/shm/velavision-ort-session-20260911/sources/onnx/onnx/defs/function.h: In constructor 'onnx::FunctionBodyHelper::NodeDef::NodeDef(std::__1::vector<std::__1::basic_string<char> >, std::__1::string, std::__1::vector<std::__1::basic_string<char> >, std::__1::vector<onnx::FunctionBodyHelper::AttributeProtoWrapper>, std::__1::string)':
/dev/shm/velavision-ort-session-20260911/sources/onnx/onnx/defs/function.h:51:21: warning: declaration of 'domain' shadows a member of 'onnx::FunctionBodyHelper::NodeDef' [-Wshadow]
   51 |         std::string domain = "")
      |         ~~~~~~~~~~~~^~~~~~~~~~~
/dev/shm/velavision-ort-session-20260911/sources/onnx/onnx/defs/function.h:62:17: note: shadowed declaration is here
   62 |     std::string domain;
      |                 ^~~~~~
/dev/shm/velavision-ort-session-20260911/sources/onnx/onnx/defs/function.h:50:44: warning: declaration of 'attributes' shadows a member of 'onnx::FunctionBodyHelper::NodeDef' [-Wshadow]
   50 |         std::vector<AttributeProtoWrapper> attributes = {},
      |         ~~~~~~~~~~~~~~~~~~~~~~~~~~~~~~~~~~~^~~~~~~~~~~~~~~
/dev/shm/velavision-ort-session-20260911/sources/onnx/onnx/defs/function.h:61:40: note: shadowed declaration is here
   61 |     std::vector<AttributeProtoWrapper> attributes;
      |                                        ^~~~~~~~~~
/dev/shm/velavision-ort-session-20260911/sources/onnx/onnx/defs/function.h:49:34: warning: declaration of 'inputs' shadows a member of 'onnx::FunctionBodyHelper::NodeDef' [-Wshadow]
   49 |         std::vector<std::string> inputs,
      |         ~~~~~~~~~~~~~~~~~~~~~~~~~^~~~~~
/dev/shm/velavision-ort-session-20260911/sources/onnx/onnx/defs/function.h:60:30: note: shadowed declaration is here
   60 |     std::vector<std::string> inputs;
      |                              ^~~~~~
/dev/shm/velavision-ort-session-20260911/sources/onnx/onnx/defs/function.h:48:21: warning: declaration of 'op_type' shadows a member of 'onnx::FunctionBodyHelper::NodeDef' [-Wshadow]
   48 |         std::string op_type,
      |         ~~~~~~~~~~~~^~~~~~~
/dev/shm/velavision-ort-session-20260911/sources/onnx/onnx/defs/function.h:59:17: note: shadowed declaration is here
   59 |     std::string op_type;
      |                 ^~~~~~~
/dev/shm/velavision-ort-session-20260911/sources/onnx/onnx/defs/function.h:47:34: warning: declaration of 'outputs' shadows a member of 'onnx::FunctionBodyHelper::NodeDef' [-Wshadow]
   47 |         std::vector<std::string> outputs,
      |         ~~~~~~~~~~~~~~~~~~~~~~~~~^~~~~~~
/dev/shm/velavision-ort-session-20260911/sources/onnx/onnx/defs/function.h:58:30: note: shadowed declaration is here
   58 |     std::vector<std::string> outputs;
      |                              ^~~~~~~
/dev/shm/velavision-ort-session-20260911/sources/onnx/onnx/defs/function.h: In constructor 'onnx::FunctionBodyHelper::NodeDef::NodeDef(std::__1::vector<std::__1::basic_string<char> >, std::__1::string, std::__1::vector<std::__1::basic_string<char> >, std::__1::vector<onnx::FunctionBodyHelper::AttributeProtoWrapper>, std::__1::string)':
/dev/shm/velavision-ort-session-20260911/sources/onnx/onnx/defs/function.h:51:21: warning: declaration of 'domain' shadows a member of 'onnx::FunctionBodyHelper::NodeDef' [-Wshadow]
   51 |         std::string domain = "")
      |         ~~~~~~~~~~~~^~~~~~~~~~~
/dev/shm/velavision-ort-session-20260911/sources/onnx/onnx/defs/function.h:62:17: note: shadowed declaration is here
   62 |     std::string domain;
      |                 ^~~~~~
/dev/shm/velavision-ort-session-20260911/sources/onnx/onnx/defs/function.h:50:44: warning: declaration of 'attributes' shadows a member of 'onnx::FunctionBodyHelper::NodeDef' [-Wshadow]
   50 |         std::vector<AttributeProtoWrapper> attributes = {},
      |         ~~~~~~~~~~~~~~~~~~~~~~~~~~~~~~~~~~~^~~~~~~~~~~~~~~
/dev/shm/velavision-ort-session-20260911/sources/onnx/onnx/defs/function.h:61:40: note: shadowed declaration is here
   61 |     std::vector<AttributeProtoWrapper> attributes;
      |                                        ^~~~~~~~~~
/dev/shm/velavision-ort-session-20260911/sources/onnx/onnx/defs/function.h:49:34: warning: declaration of 'inputs' shadows a member of 'onnx::FunctionBodyHelper::NodeDef' [-Wshadow]
   49 |         std::vector<std::string> inputs,
      |         ~~~~~~~~~~~~~~~~~~~~~~~~~^~~~~~
/dev/shm/velavision-ort-session-20260911/sources/onnx/onnx/defs/function.h:60:30: note: shadowed declaration is here
   60 |     std::vector<std::string> inputs;
      |                              ^~~~~~
/dev/shm/velavision-ort-session-20260911/sources/onnx/onnx/defs/function.h:48:21: warning: declaration of 'op_type' shadows a member of 'onnx::FunctionBodyHelper::NodeDef' [-Wshadow]
   48 |         std::string op_type,
      |         ~~~~~~~~~~~~^~~~~~~
/dev/shm/velavision-ort-session-20260911/sources/onnx/onnx/defs/function.h:59:17: note: shadowed declaration is here
   59 |     std::string op_type;
      |                 ^~~~~~~
/dev/shm/velavision-ort-session-20260911/sources/onnx/onnx/defs/function.h:47:34: warning: declaration of 'outputs' shadows a member of 'onnx::FunctionBodyHelper::NodeDef' [-Wshadow]
   47 |         std::vector<std::string> outputs,
      |         ~~~~~~~~~~~~~~~~~~~~~~~~~^~~~~~~
/dev/shm/velavision-ort-session-20260911/sources/onnx/onnx/defs/function.h:58:30: note: shadowed declaration is here
   58 |     std::vector<std::string> outputs;
      |                              ^~~~~~~
[201/749] Building CXX object _deps/onnx-build/CMakeFiles/onnx.dir/onnx/common/ir_pb_converter.cc.obj
In file included from /dev/shm/velavision-ort-session-20260911/sources/protobuf/src/google/protobuf/parse_context.h:47,
                 from /dev/shm/velavision-ort-session-20260911/sources/protobuf/src/google/protobuf/extension_set.h:53,
                 from /dev/shm/velavision-ort-session-20260911/build/_deps/onnx-build/onnx/onnx-ml.pb.h:30,
                 from /dev/shm/velavision-ort-session-20260911/sources/onnx/onnx/onnx_pb.h:65,
                 from /dev/shm/velavision-ort-session-20260911/sources/onnx/onnx/common/tensor.h:20,
                 from /dev/shm/velavision-ort-session-20260911/sources/onnx/onnx/common/ir.h:33,
                 from /dev/shm/velavision-ort-session-20260911/sources/onnx/onnx/common/ir_pb_converter.h:15,
                 from /dev/shm/velavision-ort-session-20260911/sources/onnx/onnx/common/ir_pb_converter.cc:10:
/dev/shm/velavision-ort-session-20260911/sources/protobuf/src/google/protobuf/inlined_string_field.h:430:5: warning: "GOOGLE_PROTOBUF_INTERNAL_DONATE_STEAL_INLINE" is not defined, evaluates to 0 [-Wundef]
  430 | #if GOOGLE_PROTOBUF_INTERNAL_DONATE_STEAL_INLINE
      |     ^~~~~~~~~~~~~~~~~~~~~~~~~~~~~~~~~~~~~~~~~~~~
In file included from /dev/shm/velavision-ort-session-20260911/sources/onnx/onnx/common/ir.h:31:
/dev/shm/velavision-ort-session-20260911/sources/onnx/onnx/common/graph_node_list.h: In constructor 'onnx::generic_graph_node_list_iterator<T>::generic_graph_node_list_iterator(T*, size_t)':
/dev/shm/velavision-ort-session-20260911/sources/onnx/onnx/common/graph_node_list.h:54:51: warning: declaration of 'd' shadows a member of 'onnx::generic_graph_node_list_iterator<T>' [-Wshadow]
   54 |   generic_graph_node_list_iterator(T* cur, size_t d) : cur(cur), d(d) {}
      |                                            ~~~~~~~^
/dev/shm/velavision-ort-session-20260911/sources/onnx/onnx/common/graph_node_list.h:100:10: note: shadowed declaration is here
  100 |   size_t d; // direction 0 is forward 1 is reverse, see next_in_graph
      |          ^
/dev/shm/velavision-ort-session-20260911/sources/onnx/onnx/common/graph_node_list.h:54:39: warning: declaration of 'cur' shadows a member of 'onnx::generic_graph_node_list_iterator<T>' [-Wshadow]
   54 |   generic_graph_node_list_iterator(T* cur, size_t d) : cur(cur), d(d) {}
      |                                    ~~~^~~
/dev/shm/velavision-ort-session-20260911/sources/onnx/onnx/common/graph_node_list.h:99:6: note: shadowed declaration is here
   99 |   T* cur;
      |      ^~~
/dev/shm/velavision-ort-session-20260911/sources/onnx/onnx/common/graph_node_list.h: In constructor 'onnx::generic_graph_node_list<T>::generic_graph_node_list(T*, size_t)':
/dev/shm/velavision-ort-session-20260911/sources/onnx/onnx/common/graph_node_list.h:137:43: warning: declaration of 'd' shadows a member of 'onnx::generic_graph_node_list<T>' [-Wshadow]
  137 |   generic_graph_node_list(T* head, size_t d) : head(head), d(d) {}
      |                                    ~~~~~~~^
/dev/shm/velavision-ort-session-20260911/sources/onnx/onnx/common/graph_node_list.h:141:10: note: shadowed declaration is here
  141 |   size_t d;
      |          ^
/dev/shm/velavision-ort-session-20260911/sources/onnx/onnx/common/graph_node_list.h:137:30: warning: declaration of 'head' shadows a member of 'onnx::generic_graph_node_list<T>' [-Wshadow]
  137 |   generic_graph_node_list(T* head, size_t d) : head(head), d(d) {}
      |                           ~~~^~~~
/dev/shm/velavision-ort-session-20260911/sources/onnx/onnx/common/graph_node_list.h:140:6: note: shadowed declaration is here
  140 |   T* head;
      |      ^~~~
In file included from /dev/shm/velavision-ort-session-20260911/sources/onnx/onnx/common/ir.h:32:
/dev/shm/velavision-ort-session-20260911/sources/onnx/onnx/common/interned_strings.h: In constructor 'onnx::Symbol::Symbol(onnx::BuiltinSymbol)':
/dev/shm/velavision-ort-session-20260911/sources/onnx/onnx/common/interned_strings.h:199:37: warning: declaration of 'value' shadows a member of 'onnx::Symbol' [-Wshadow]
  199 |   /*implicit*/ Symbol(BuiltinSymbol value) : value(value) {}
      |                       ~~~~~~~~~~~~~~^~~~~
/dev/shm/velavision-ort-session-20260911/sources/onnx/onnx/common/interned_strings.h:209:12: note: shadowed declaration is here
  209 |   uint32_t value;
      |            ^~~~~
/dev/shm/velavision-ort-session-20260911/sources/onnx/onnx/common/interned_strings.h: In constructor 'onnx::Symbol::Symbol(onnx::BuiltinSymbol)':
/dev/shm/velavision-ort-session-20260911/sources/onnx/onnx/common/interned_strings.h:199:37: warning: declaration of 'value' shadows a member of 'onnx::Symbol' [-Wshadow]
  199 |   /*implicit*/ Symbol(BuiltinSymbol value) : value(value) {}
      |                       ~~~~~~~~~~~~~~^~~~~
/dev/shm/velavision-ort-session-20260911/sources/onnx/onnx/common/interned_strings.h:209:12: note: shadowed declaration is here
  209 |   uint32_t value;
      |            ^~~~~
/dev/shm/velavision-ort-session-20260911/sources/onnx/onnx/common/interned_strings.h: In constructor 'onnx::Symbol::Symbol(onnx::BuiltinSymbol)':
/dev/shm/velavision-ort-session-20260911/sources/onnx/onnx/common/interned_strings.h:199:37: warning: declaration of 'value' shadows a member of 'onnx::Symbol' [-Wshadow]
  199 |   /*implicit*/ Symbol(BuiltinSymbol value) : value(value) {}
      |                       ~~~~~~~~~~~~~~^~~~~
/dev/shm/velavision-ort-session-20260911/sources/onnx/onnx/common/interned_strings.h:209:12: note: shadowed declaration is here
  209 |   uint32_t value;
      |            ^~~~~
/dev/shm/velavision-ort-session-20260911/sources/onnx/onnx/common/interned_strings.h: In constructor 'onnx::Symbol::Symbol(uint32_t)':
/dev/shm/velavision-ort-session-20260911/sources/onnx/onnx/common/interned_strings.h:201:28: warning: declaration of 'value' shadows a member of 'onnx::Symbol' [-Wshadow]
  201 |   explicit Symbol(uint32_t value) : value(value) {}
      |                   ~~~~~~~~~^~~~~
/dev/shm/velavision-ort-session-20260911/sources/onnx/onnx/common/interned_strings.h:209:12: note: shadowed declaration is here
  209 |   uint32_t value;
      |            ^~~~~
/dev/shm/velavision-ort-session-20260911/sources/onnx/onnx/common/interned_strings.h: In constructor 'onnx::Symbol::Symbol(uint32_t)':
/dev/shm/velavision-ort-session-20260911/sources/onnx/onnx/common/interned_strings.h:201:28: warning: declaration of 'value' shadows a member of 'onnx::Symbol' [-Wshadow]
  201 |   explicit Symbol(uint32_t value) : value(value) {}
      |                   ~~~~~~~~~^~~~~
/dev/shm/velavision-ort-session-20260911/sources/onnx/onnx/common/interned_strings.h:209:12: note: shadowed declaration is here
  209 |   uint32_t value;
      |            ^~~~~
/dev/shm/velavision-ort-session-20260911/sources/onnx/onnx/common/interned_strings.h: In constructor 'onnx::Symbol::Symbol(uint32_t)':
/dev/shm/velavision-ort-session-20260911/sources/onnx/onnx/common/interned_strings.h:201:28: warning: declaration of 'value' shadows a member of 'onnx::Symbol' [-Wshadow]
  201 |   explicit Symbol(uint32_t value) : value(value) {}
      |                   ~~~~~~~~~^~~~~
/dev/shm/velavision-ort-session-20260911/sources/onnx/onnx/common/interned_strings.h:209:12: note: shadowed declaration is here
  209 |   uint32_t value;
      |            ^~~~~
In file included from /dev/shm/velavision-ort-session-20260911/sources/protobuf/src/google/protobuf/arena.h:52,
                 from /dev/shm/velavision-ort-session-20260911/build/_deps/onnx-build/onnx/onnx-ml.pb.h:24:
/dev/shm/velavision-ort-session-20260911/sources/protobuf/src/google/protobuf/arena_impl.h: In constructor 'google::protobuf::internal::SerialArena::Block::Block(google::protobuf::internal::SerialArena::Block*, size_t)':
/dev/shm/velavision-ort-session-20260911/sources/protobuf/src/google/protobuf/arena_impl.h:384:31: warning: declaration of 'size' shadows a member of 'google::protobuf::internal::SerialArena::Block' [-Wshadow]
  384 |     Block(Block* next, size_t size) : next(next), size(size), start(nullptr) {}
      |                        ~~~~~~~^~~~
/dev/shm/velavision-ort-session-20260911/sources/protobuf/src/google/protobuf/arena_impl.h:392:18: note: shadowed declaration is here
  392 |     const size_t size;
      |                  ^~~~
/dev/shm/velavision-ort-session-20260911/sources/protobuf/src/google/protobuf/arena_impl.h:384:18: warning: declaration of 'next' shadows a member of 'google::protobuf::internal::SerialArena::Block' [-Wshadow]
  384 |     Block(Block* next, size_t size) : next(next), size(size), start(nullptr) {}
      |           ~~~~~~~^~~~
/dev/shm/velavision-ort-session-20260911/sources/protobuf/src/google/protobuf/arena_impl.h:391:18: note: shadowed declaration is here
  391 |     Block* const next;
      |                  ^~~~
/dev/shm/velavision-ort-session-20260911/sources/protobuf/src/google/protobuf/arena_impl.h: In constructor 'google::protobuf::internal::SerialArena::Block::Block(google::protobuf::internal::SerialArena::Block*, size_t)':
/dev/shm/velavision-ort-session-20260911/sources/protobuf/src/google/protobuf/arena_impl.h:384:31: warning: declaration of 'size' shadows a member of 'google::protobuf::internal::SerialArena::Block' [-Wshadow]
  384 |     Block(Block* next, size_t size) : next(next), size(size), start(nullptr) {}
      |                        ~~~~~~~^~~~
/dev/shm/velavision-ort-session-20260911/sources/protobuf/src/google/protobuf/arena_impl.h:392:18: note: shadowed declaration is here
  392 |     const size_t size;
      |                  ^~~~
/dev/shm/velavision-ort-session-20260911/sources/protobuf/src/google/protobuf/arena_impl.h:384:18: warning: declaration of 'next' shadows a member of 'google::protobuf::internal::SerialArena::Block' [-Wshadow]
  384 |     Block(Block* next, size_t size) : next(next), size(size), start(nullptr) {}
      |           ~~~~~~~^~~~
/dev/shm/velavision-ort-session-20260911/sources/protobuf/src/google/protobuf/arena_impl.h:391:18: note: shadowed declaration is here
  391 |     Block* const next;
      |                  ^~~~
/dev/shm/velavision-ort-session-20260911/sources/protobuf/src/google/protobuf/arena_impl.h: In constructor 'google::protobuf::internal::SerialArena::Block::Block(google::protobuf::internal::SerialArena::Block*, size_t)':
/dev/shm/velavision-ort-session-20260911/sources/protobuf/src/google/protobuf/arena_impl.h:384:31: warning: declaration of 'size' shadows a member of 'google::protobuf::internal::SerialArena::Block' [-Wshadow]
  384 |     Block(Block* next, size_t size) : next(next), size(size), start(nullptr) {}
      |                        ~~~~~~~^~~~
/dev/shm/velavision-ort-session-20260911/sources/protobuf/src/google/protobuf/arena_impl.h:392:18: note: shadowed declaration is here
  392 |     const size_t size;
      |                  ^~~~
/dev/shm/velavision-ort-session-20260911/sources/protobuf/src/google/protobuf/arena_impl.h:384:18: warning: declaration of 'next' shadows a member of 'google::protobuf::internal::SerialArena::Block' [-Wshadow]
  384 |     Block(Block* next, size_t size) : next(next), size(size), start(nullptr) {}
      |           ~~~~~~~^~~~
/dev/shm/velavision-ort-session-20260911/sources/protobuf/src/google/protobuf/arena_impl.h:391:18: note: shadowed declaration is here
  391 |     Block* const next;
      |                  ^~~~
/dev/shm/velavision-ort-session-20260911/sources/onnx/onnx/common/ir.h: In constructor 'onnx::Dimension::Dimension(std::__1::string)':
/dev/shm/velavision-ort-session-20260911/sources/onnx/onnx/common/ir.h:78:25: warning: declaration of 'param' shadows a member of 'onnx::Dimension' [-Wshadow]
   78 |   Dimension(std::string param) : is_unknown(false), is_int(false), dim(-1), param(std::move(param)) {} // NOLINT
      |             ~~~~~~~~~~~~^~~~~
/dev/shm/velavision-ort-session-20260911/sources/onnx/onnx/common/ir.h:84:15: note: shadowed declaration is here
   84 |   std::string param;
      |               ^~~~~
/dev/shm/velavision-ort-session-20260911/sources/onnx/onnx/common/ir.h: In constructor 'onnx::Dimension::Dimension(std::__1::string)':
/dev/shm/velavision-ort-session-20260911/sources/onnx/onnx/common/ir.h:78:25: warning: declaration of 'param' shadows a member of 'onnx::Dimension' [-Wshadow]
   78 |   Dimension(std::string param) : is_unknown(false), is_int(false), dim(-1), param(std::move(param)) {} // NOLINT
      |             ~~~~~~~~~~~~^~~~~
/dev/shm/velavision-ort-session-20260911/sources/onnx/onnx/common/ir.h:84:15: note: shadowed declaration is here
   84 |   std::string param;
      |               ^~~~~
/dev/shm/velavision-ort-session-20260911/sources/onnx/onnx/common/ir.h: In constructor 'onnx::Dimension::Dimension(std::__1::string)':
/dev/shm/velavision-ort-session-20260911/sources/onnx/onnx/common/ir.h:78:25: warning: declaration of 'param' shadows a member of 'onnx::Dimension' [-Wshadow]
   78 |   Dimension(std::string param) : is_unknown(false), is_int(false), dim(-1), param(std::move(param)) {} // NOLINT
      |             ~~~~~~~~~~~~^~~~~
/dev/shm/velavision-ort-session-20260911/sources/onnx/onnx/common/ir.h:84:15: note: shadowed declaration is here
   84 |   std::string param;
      |               ^~~~~
/dev/shm/velavision-ort-session-20260911/sources/onnx/onnx/common/ir.h: In constructor 'onnx::Dimension::Dimension(int64_t)':
/dev/shm/velavision-ort-session-20260911/sources/onnx/onnx/common/ir.h:79:21: warning: declaration of 'dim' shadows a member of 'onnx::Dimension' [-Wshadow]
   79 |   Dimension(int64_t dim) : is_unknown(false), is_int(true), dim(dim) {} // NOLINT
      |             ~~~~~~~~^~~
/dev/shm/velavision-ort-session-20260911/sources/onnx/onnx/common/ir.h:83:11: note: shadowed declaration is here
   83 |   int64_t dim;
      |           ^~~
/dev/shm/velavision-ort-session-20260911/sources/onnx/onnx/common/ir.h: In constructor 'onnx::Dimension::Dimension(int64_t)':
/dev/shm/velavision-ort-session-20260911/sources/onnx/onnx/common/ir.h:79:21: warning: declaration of 'dim' shadows a member of 'onnx::Dimension' [-Wshadow]
   79 |   Dimension(int64_t dim) : is_unknown(false), is_int(true), dim(dim) {} // NOLINT
      |             ~~~~~~~~^~~
/dev/shm/velavision-ort-session-20260911/sources/onnx/onnx/common/ir.h:83:11: note: shadowed declaration is here
   83 |   int64_t dim;
      |           ^~~
/dev/shm/velavision-ort-session-20260911/sources/onnx/onnx/common/ir.h: In constructor 'onnx::Dimension::Dimension(int64_t)':
/dev/shm/velavision-ort-session-20260911/sources/onnx/onnx/common/ir.h:79:21: warning: declaration of 'dim' shadows a member of 'onnx::Dimension' [-Wshadow]
   79 |   Dimension(int64_t dim) : is_unknown(false), is_int(true), dim(dim) {} // NOLINT
      |             ~~~~~~~~^~~
/dev/shm/velavision-ort-session-20260911/sources/onnx/onnx/common/ir.h:83:11: note: shadowed declaration is here
   83 |   int64_t dim;
      |           ^~~
/dev/shm/velavision-ort-session-20260911/sources/onnx/onnx/common/ir.h: In constructor 'onnx::AttributeValue::AttributeValue(onnx::Symbol)':
/dev/shm/velavision-ort-session-20260911/sources/onnx/onnx/common/ir.h:111:34: warning: declaration of 'name' shadows a member of 'onnx::AttributeValue' [-Wshadow]
  111 |   explicit AttributeValue(Symbol name) : name(name) {}
      |                           ~~~~~~~^~~~
/dev/shm/velavision-ort-session-20260911/sources/onnx/onnx/common/ir.h:113:10: note: shadowed declaration is here
  113 |   Symbol name;
      |          ^~~~
/dev/shm/velavision-ort-session-20260911/sources/onnx/onnx/common/ir.h: In constructor 'onnx::AttributeValue::AttributeValue(onnx::Symbol)':
/dev/shm/velavision-ort-session-20260911/sources/onnx/onnx/common/ir.h:111:34: warning: declaration of 'name' shadows a member of 'onnx::AttributeValue' [-Wshadow]
  111 |   explicit AttributeValue(Symbol name) : name(name) {}
      |                           ~~~~~~~^~~~
/dev/shm/velavision-ort-session-20260911/sources/onnx/onnx/common/ir.h:113:10: note: shadowed declaration is here
  113 |   Symbol name;
      |          ^~~~
/dev/shm/velavision-ort-session-20260911/sources/onnx/onnx/common/ir.h: In constructor 'onnx::AttributeValue::AttributeValue(onnx::Symbol)':
/dev/shm/velavision-ort-session-20260911/sources/onnx/onnx/common/ir.h:111:34: warning: declaration of 'name' shadows a member of 'onnx::AttributeValue' [-Wshadow]
  111 |   explicit AttributeValue(Symbol name) : name(name) {}
      |                           ~~~~~~~^~~~
/dev/shm/velavision-ort-session-20260911/sources/onnx/onnx/common/ir.h:113:10: note: shadowed declaration is here
  113 |   Symbol name;
      |          ^~~~
/dev/shm/velavision-ort-session-20260911/sources/onnx/onnx/common/ir.h: In constructor 'onnx::ScalarAttributeValue<T, Kind>::ScalarAttributeValue(onnx::Symbol, ConstructorType)':
/dev/shm/velavision-ort-session-20260911/sources/onnx/onnx/common/ir.h:123:53: warning: declaration of 'value_' shadows a member of 'onnx::ScalarAttributeValue<T, Kind>' [-Wshadow]
  123 |   ScalarAttributeValue(Symbol name, ConstructorType value_) : AttributeValue(name), value_(value_) {}
      |                                     ~~~~~~~~~~~~~~~~^~~~~~
/dev/shm/velavision-ort-session-20260911/sources/onnx/onnx/common/ir.h:135:13: note: shadowed declaration is here
  135 |   ValueType value_;
      |             ^~~~~~
/dev/shm/velavision-ort-session-20260911/sources/onnx/onnx/common/ir.h:123:31: warning: declaration of 'name' shadows a member of 'onnx::ScalarAttributeValue<T, Kind>' [-Wshadow]
  123 |   ScalarAttributeValue(Symbol name, ConstructorType value_) : AttributeValue(name), value_(value_) {}
      |                        ~~~~~~~^~~~
/dev/shm/velavision-ort-session-20260911/sources/onnx/onnx/common/ir.h:113:10: note: shadowed declaration is here
  113 |   Symbol name;
      |          ^~~~
/dev/shm/velavision-ort-session-20260911/sources/onnx/onnx/common/ir.h: In constructor 'onnx::VectorAttributeValue<T, Kind>::VectorAttributeValue(onnx::Symbol, ConstructorType)':
/dev/shm/velavision-ort-session-20260911/sources/onnx/onnx/common/ir.h:142:53: warning: declaration of 'value_' shadows a member of 'onnx::VectorAttributeValue<T, Kind>' [-Wshadow]
  142 |   VectorAttributeValue(Symbol name, ConstructorType value_) : AttributeValue(name), value_(std::move(value_)) {}
      |                                     ~~~~~~~~~~~~~~~~^~~~~~
/dev/shm/velavision-ort-session-20260911/sources/onnx/onnx/common/ir.h:155:13: note: shadowed declaration is here
  155 |   ValueType value_;
      |             ^~~~~~
/dev/shm/velavision-ort-session-20260911/sources/onnx/onnx/common/ir.h:142:31: warning: declaration of 'name' shadows a member of 'onnx::VectorAttributeValue<T, Kind>' [-Wshadow]
  142 |   VectorAttributeValue(Symbol name, ConstructorType value_) : AttributeValue(name), value_(std::move(value_)) {}
      |                        ~~~~~~~^~~~
/dev/shm/velavision-ort-session-20260911/sources/onnx/onnx/common/ir.h:113:10: note: shadowed declaration is here
  113 |   Symbol name;
      |          ^~~~
/dev/shm/velavision-ort-session-20260911/sources/onnx/onnx/common/ir.h: In constructor 'onnx::Use::Use(onnx::Node*, size_t)':
/dev/shm/velavision-ort-session-20260911/sources/onnx/onnx/common/ir.h:279:26: warning: declaration of 'offset' shadows a member of 'onnx::Use' [-Wshadow]
  279 |   Use(Node* user, size_t offset) : user(user), offset(offset) {}
      |                   ~~~~~~~^~~~~~
/dev/shm/velavision-ort-session-20260911/sources/onnx/onnx/common/ir.h:281:10: note: shadowed declaration is here
  281 |   size_t offset;
      |          ^~~~~~
/dev/shm/velavision-ort-session-20260911/sources/onnx/onnx/common/ir.h:279:13: warning: declaration of 'user' shadows a member of 'onnx::Use' [-Wshadow]
  279 |   Use(Node* user, size_t offset) : user(user), offset(offset) {}
      |       ~~~~~~^~~~
/dev/shm/velavision-ort-session-20260911/sources/onnx/onnx/common/ir.h:280:9: note: shadowed declaration is here
  280 |   Node* user;
      |         ^~~~
/dev/shm/velavision-ort-session-20260911/sources/onnx/onnx/common/ir.h: In constructor 'onnx::Use::Use(onnx::Node*, size_t)':
/dev/shm/velavision-ort-session-20260911/sources/onnx/onnx/common/ir.h:279:26: warning: declaration of 'offset' shadows a member of 'onnx::Use' [-Wshadow]
  279 |   Use(Node* user, size_t offset) : user(user), offset(offset) {}
      |                   ~~~~~~~^~~~~~
/dev/shm/velavision-ort-session-20260911/sources/onnx/onnx/common/ir.h:281:10: note: shadowed declaration is here
  281 |   size_t offset;
      |          ^~~~~~
/dev/shm/velavision-ort-session-20260911/sources/onnx/onnx/common/ir.h:279:13: warning: declaration of 'user' shadows a member of 'onnx::Use' [-Wshadow]
  279 |   Use(Node* user, size_t offset) : user(user), offset(offset) {}
      |       ~~~~~~^~~~
/dev/shm/velavision-ort-session-20260911/sources/onnx/onnx/common/ir.h:280:9: note: shadowed declaration is here
  280 |   Node* user;
      |         ^~~~
/dev/shm/velavision-ort-session-20260911/sources/onnx/onnx/common/ir.h: In constructor 'onnx::Use::Use(onnx::Node*, size_t)':
/dev/shm/velavision-ort-session-20260911/sources/onnx/onnx/common/ir.h:279:26: warning: declaration of 'offset' shadows a member of 'onnx::Use' [-Wshadow]
  279 |   Use(Node* user, size_t offset) : user(user), offset(offset) {}
      |                   ~~~~~~~^~~~~~
/dev/shm/velavision-ort-session-20260911/sources/onnx/onnx/common/ir.h:281:10: note: shadowed declaration is here
  281 |   size_t offset;
      |          ^~~~~~
/dev/shm/velavision-ort-session-20260911/sources/onnx/onnx/common/ir.h:279:13: warning: declaration of 'user' shadows a member of 'onnx::Use' [-Wshadow]
  279 |   Use(Node* user, size_t offset) : user(user), offset(offset) {}
      |       ~~~~~~^~~~
/dev/shm/velavision-ort-session-20260911/sources/onnx/onnx/common/ir.h:280:9: note: shadowed declaration is here
  280 |   Node* user;
      |         ^~~~
/dev/shm/velavision-ort-session-20260911/sources/onnx/onnx/common/ir.h: In constructor 'onnx::Value::Value(onnx::Node*, size_t)':
/dev/shm/velavision-ort-session-20260911/sources/onnx/onnx/common/ir.h:1245:41: warning: declaration of 'offset_' shadows a member of 'onnx::Value' [-Wshadow]
 1245 | inline Value::Value(Node* node_, size_t offset_)
      |                                  ~~~~~~~^~~~~~~
/dev/shm/velavision-ort-session-20260911/sources/onnx/onnx/common/ir.h:306:10: note: shadowed declaration is here
  306 |   size_t offset_;
      |          ^~~~~~~
/dev/shm/velavision-ort-session-20260911/sources/onnx/onnx/common/ir.h:1245:27: warning: declaration of 'node_' shadows a member of 'onnx::Value' [-Wshadow]
 1245 | inline Value::Value(Node* node_, size_t offset_)
      |                     ~~~~~~^~~~~
/dev/shm/velavision-ort-session-20260911/sources/onnx/onnx/common/ir.h:305:9: note: shadowed declaration is here
  305 |   Node* node_;
      |         ^~~~~
/dev/shm/velavision-ort-session-20260911/sources/onnx/onnx/common/ir.h: In constructor 'onnx::Value::Value(onnx::Node*, size_t)':
/dev/shm/velavision-ort-session-20260911/sources/onnx/onnx/common/ir.h:1245:41: warning: declaration of 'offset_' shadows a member of 'onnx::Value' [-Wshadow]
 1245 | inline Value::Value(Node* node_, size_t offset_)
      |                                  ~~~~~~~^~~~~~~
/dev/shm/velavision-ort-session-20260911/sources/onnx/onnx/common/ir.h:306:10: note: shadowed declaration is here
  306 |   size_t offset_;
      |          ^~~~~~~
/dev/shm/velavision-ort-session-20260911/sources/onnx/onnx/common/ir.h:1245:27: warning: declaration of 'node_' shadows a member of 'onnx::Value' [-Wshadow]
 1245 | inline Value::Value(Node* node_, size_t offset_)
      |                     ~~~~~~^~~~~
/dev/shm/velavision-ort-session-20260911/sources/onnx/onnx/common/ir.h:305:9: note: shadowed declaration is here
  305 |   Node* node_;
      |         ^~~~~
/dev/shm/velavision-ort-session-20260911/sources/onnx/onnx/common/ir.h: In constructor 'onnx::Value::Value(onnx::Node*, size_t)':
/dev/shm/velavision-ort-session-20260911/sources/onnx/onnx/common/ir.h:1245:41: warning: declaration of 'offset_' shadows a member of 'onnx::Value' [-Wshadow]
 1245 | inline Value::Value(Node* node_, size_t offset_)
      |                                  ~~~~~~~^~~~~~~
/dev/shm/velavision-ort-session-20260911/sources/onnx/onnx/common/ir.h:306:10: note: shadowed declaration is here
  306 |   size_t offset_;
      |          ^~~~~~~
/dev/shm/velavision-ort-session-20260911/sources/onnx/onnx/common/ir.h:1245:27: warning: declaration of 'node_' shadows a member of 'onnx::Value' [-Wshadow]
 1245 | inline Value::Value(Node* node_, size_t offset_)
      |                     ~~~~~~^~~~~
/dev/shm/velavision-ort-session-20260911/sources/onnx/onnx/common/ir.h:305:9: note: shadowed declaration is here
  305 |   Node* node_;
      |         ^~~~~
/dev/shm/velavision-ort-session-20260911/sources/onnx/onnx/common/ir.h: In constructor 'onnx::Node::Node(onnx::Graph*, onnx::NodeKind)':
/dev/shm/velavision-ort-session-20260911/sources/onnx/onnx/common/ir.h:1337:43: warning: declaration of 'kind_' shadows a member of 'onnx::Node' [-Wshadow]
 1337 | inline Node::Node(Graph* graph_, NodeKind kind_)
      |                                  ~~~~~~~~~^~~~~
/dev/shm/velavision-ort-session-20260911/sources/onnx/onnx/common/ir.h:426:18: note: shadowed declaration is here
  426 |   const NodeKind kind_;
      |                  ^~~~~
/dev/shm/velavision-ort-session-20260911/sources/onnx/onnx/common/ir.h:1337:26: warning: declaration of 'graph_' shadows a member of 'onnx::Node' [-Wshadow]
 1337 | inline Node::Node(Graph* graph_, NodeKind kind_)
      |                   ~~~~~~~^~~~~~
/dev/shm/velavision-ort-session-20260911/sources/onnx/onnx/common/ir.h:429:10: note: shadowed declaration is here
  429 |   Graph* graph_;
      |          ^~~~~~
/dev/shm/velavision-ort-session-20260911/sources/onnx/onnx/common/ir.h: In constructor 'onnx::Node::Node(onnx::Graph*, onnx::NodeKind)':
/dev/shm/velavision-ort-session-20260911/sources/onnx/onnx/common/ir.h:1337:43: warning: declaration of 'kind_' shadows a member of 'onnx::Node' [-Wshadow]
 1337 | inline Node::Node(Graph* graph_, NodeKind kind_)
      |                                  ~~~~~~~~~^~~~~
/dev/shm/velavision-ort-session-20260911/sources/onnx/onnx/common/ir.h:426:18: note: shadowed declaration is here
  426 |   const NodeKind kind_;
      |                  ^~~~~
/dev/shm/velavision-ort-session-20260911/sources/onnx/onnx/common/ir.h:1337:26: warning: declaration of 'graph_' shadows a member of 'onnx::Node' [-Wshadow]
 1337 | inline Node::Node(Graph* graph_, NodeKind kind_)
      |                   ~~~~~~~^~~~~~
/dev/shm/velavision-ort-session-20260911/sources/onnx/onnx/common/ir.h:429:10: note: shadowed declaration is here
  429 |   Graph* graph_;
      |          ^~~~~~
/dev/shm/velavision-ort-session-20260911/sources/onnx/onnx/common/ir.h: In constructor 'onnx::Node::Node(onnx::Graph*, onnx::NodeKind)':
/dev/shm/velavision-ort-session-20260911/sources/onnx/onnx/common/ir.h:1337:43: warning: declaration of 'kind_' shadows a member of 'onnx::Node' [-Wshadow]
 1337 | inline Node::Node(Graph* graph_, NodeKind kind_)
      |                                  ~~~~~~~~~^~~~~
/dev/shm/velavision-ort-session-20260911/sources/onnx/onnx/common/ir.h:426:18: note: shadowed declaration is here
  426 |   const NodeKind kind_;
      |                  ^~~~~
/dev/shm/velavision-ort-session-20260911/sources/onnx/onnx/common/ir.h:1337:26: warning: declaration of 'graph_' shadows a member of 'onnx::Node' [-Wshadow]
 1337 | inline Node::Node(Graph* graph_, NodeKind kind_)
      |                   ~~~~~~~^~~~~~
/dev/shm/velavision-ort-session-20260911/sources/onnx/onnx/common/ir.h:429:10: note: shadowed declaration is here
  429 |   Graph* graph_;
      |          ^~~~~~
[202/749] Building CXX object _deps/onnx-build/CMakeFiles/onnx.dir/onnx/common/model_helpers.cc.obj
In file included from /dev/shm/velavision-ort-session-20260911/sources/protobuf/src/google/protobuf/parse_context.h:47,
                 from /dev/shm/velavision-ort-session-20260911/sources/protobuf/src/google/protobuf/extension_set.h:53,
                 from /dev/shm/velavision-ort-session-20260911/build/_deps/onnx-build/onnx/onnx-ml.pb.h:30,
                 from /dev/shm/velavision-ort-session-20260911/sources/onnx/onnx/onnx_pb.h:65,
                 from /dev/shm/velavision-ort-session-20260911/sources/onnx/onnx/onnx-operators_pb.h:7,
                 from /dev/shm/velavision-ort-session-20260911/sources/onnx/onnx/common/model_helpers.h:11,
                 from /dev/shm/velavision-ort-session-20260911/sources/onnx/onnx/common/model_helpers.cc:5:
/dev/shm/velavision-ort-session-20260911/sources/protobuf/src/google/protobuf/inlined_string_field.h:430:5: warning: "GOOGLE_PROTOBUF_INTERNAL_DONATE_STEAL_INLINE" is not defined, evaluates to 0 [-Wundef]
  430 | #if GOOGLE_PROTOBUF_INTERNAL_DONATE_STEAL_INLINE
      |     ^~~~~~~~~~~~~~~~~~~~~~~~~~~~~~~~~~~~~~~~~~~~
In file included from /dev/shm/velavision-ort-session-20260911/sources/protobuf/src/google/protobuf/arena.h:52,
                 from /dev/shm/velavision-ort-session-20260911/build/_deps/onnx-build/onnx/onnx-ml.pb.h:24:
/dev/shm/velavision-ort-session-20260911/sources/protobuf/src/google/protobuf/arena_impl.h: In constructor 'google::protobuf::internal::SerialArena::Block::Block(google::protobuf::internal::SerialArena::Block*, size_t)':
/dev/shm/velavision-ort-session-20260911/sources/protobuf/src/google/protobuf/arena_impl.h:384:31: warning: declaration of 'size' shadows a member of 'google::protobuf::internal::SerialArena::Block' [-Wshadow]
  384 |     Block(Block* next, size_t size) : next(next), size(size), start(nullptr) {}
      |                        ~~~~~~~^~~~
/dev/shm/velavision-ort-session-20260911/sources/protobuf/src/google/protobuf/arena_impl.h:392:18: note: shadowed declaration is here
  392 |     const size_t size;
      |                  ^~~~
/dev/shm/velavision-ort-session-20260911/sources/protobuf/src/google/protobuf/arena_impl.h:384:18: warning: declaration of 'next' shadows a member of 'google::protobuf::internal::SerialArena::Block' [-Wshadow]
  384 |     Block(Block* next, size_t size) : next(next), size(size), start(nullptr) {}
      |           ~~~~~~~^~~~
/dev/shm/velavision-ort-session-20260911/sources/protobuf/src/google/protobuf/arena_impl.h:391:18: note: shadowed declaration is here
  391 |     Block* const next;
      |                  ^~~~
/dev/shm/velavision-ort-session-20260911/sources/protobuf/src/google/protobuf/arena_impl.h: In constructor 'google::protobuf::internal::SerialArena::Block::Block(google::protobuf::internal::SerialArena::Block*, size_t)':
/dev/shm/velavision-ort-session-20260911/sources/protobuf/src/google/protobuf/arena_impl.h:384:31: warning: declaration of 'size' shadows a member of 'google::protobuf::internal::SerialArena::Block' [-Wshadow]
  384 |     Block(Block* next, size_t size) : next(next), size(size), start(nullptr) {}
      |                        ~~~~~~~^~~~
/dev/shm/velavision-ort-session-20260911/sources/protobuf/src/google/protobuf/arena_impl.h:392:18: note: shadowed declaration is here
  392 |     const size_t size;
      |                  ^~~~
/dev/shm/velavision-ort-session-20260911/sources/protobuf/src/google/protobuf/arena_impl.h:384:18: warning: declaration of 'next' shadows a member of 'google::protobuf::internal::SerialArena::Block' [-Wshadow]
  384 |     Block(Block* next, size_t size) : next(next), size(size), start(nullptr) {}
      |           ~~~~~~~^~~~
/dev/shm/velavision-ort-session-20260911/sources/protobuf/src/google/protobuf/arena_impl.h:391:18: note: shadowed declaration is here
  391 |     Block* const next;
      |                  ^~~~
/dev/shm/velavision-ort-session-20260911/sources/protobuf/src/google/protobuf/arena_impl.h: In constructor 'google::protobuf::internal::SerialArena::Block::Block(google::protobuf::internal::SerialArena::Block*, size_t)':
/dev/shm/velavision-ort-session-20260911/sources/protobuf/src/google/protobuf/arena_impl.h:384:31: warning: declaration of 'size' shadows a member of 'google::protobuf::internal::SerialArena::Block' [-Wshadow]
  384 |     Block(Block* next, size_t size) : next(next), size(size), start(nullptr) {}
      |                        ~~~~~~~^~~~
/dev/shm/velavision-ort-session-20260911/sources/protobuf/src/google/protobuf/arena_impl.h:392:18: note: shadowed declaration is here
  392 |     const size_t size;
      |                  ^~~~
/dev/shm/velavision-ort-session-20260911/sources/protobuf/src/google/protobuf/arena_impl.h:384:18: warning: declaration of 'next' shadows a member of 'google::protobuf::internal::SerialArena::Block' [-Wshadow]
  384 |     Block(Block* next, size_t size) : next(next), size(size), start(nullptr) {}
      |           ~~~~~~~^~~~
/dev/shm/velavision-ort-session-20260911/sources/protobuf/src/google/protobuf/arena_impl.h:391:18: note: shadowed declaration is here
  391 |     Block* const next;
      |                  ^~~~
In file included from /dev/shm/velavision-ort-session-20260911/sources/onnx/onnx/checker.h:13,
                 from /dev/shm/velavision-ort-session-20260911/sources/onnx/onnx/common/model_helpers.cc:7:
/dev/shm/velavision-ort-session-20260911/sources/onnx/onnx/defs/function.h: In constructor 'onnx::FunctionBodyHelper::NodeDef::NodeDef(std::__1::vector<std::__1::basic_string<char> >, std::__1::string, std::__1::vector<std::__1::basic_string<char> >, std::__1::vector<onnx::FunctionBodyHelper::AttributeProtoWrapper>, std::__1::string)':
/dev/shm/velavision-ort-session-20260911/sources/onnx/onnx/defs/function.h:51:21: warning: declaration of 'domain' shadows a member of 'onnx::FunctionBodyHelper::NodeDef' [-Wshadow]
   51 |         std::string domain = "")
      |         ~~~~~~~~~~~~^~~~~~~~~~~
/dev/shm/velavision-ort-session-20260911/sources/onnx/onnx/defs/function.h:62:17: note: shadowed declaration is here
   62 |     std::string domain;
      |                 ^~~~~~
/dev/shm/velavision-ort-session-20260911/sources/onnx/onnx/defs/function.h:50:44: warning: declaration of 'attributes' shadows a member of 'onnx::FunctionBodyHelper::NodeDef' [-Wshadow]
   50 |         std::vector<AttributeProtoWrapper> attributes = {},
      |         ~~~~~~~~~~~~~~~~~~~~~~~~~~~~~~~~~~~^~~~~~~~~~~~~~~
/dev/shm/velavision-ort-session-20260911/sources/onnx/onnx/defs/function.h:61:40: note: shadowed declaration is here
   61 |     std::vector<AttributeProtoWrapper> attributes;
      |                                        ^~~~~~~~~~
/dev/shm/velavision-ort-session-20260911/sources/onnx/onnx/defs/function.h:49:34: warning: declaration of 'inputs' shadows a member of 'onnx::FunctionBodyHelper::NodeDef' [-Wshadow]
   49 |         std::vector<std::string> inputs,
      |         ~~~~~~~~~~~~~~~~~~~~~~~~~^~~~~~
/dev/shm/velavision-ort-session-20260911/sources/onnx/onnx/defs/function.h:60:30: note: shadowed declaration is here
   60 |     std::vector<std::string> inputs;
      |                              ^~~~~~
/dev/shm/velavision-ort-session-20260911/sources/onnx/onnx/defs/function.h:48:21: warning: declaration of 'op_type' shadows a member of 'onnx::FunctionBodyHelper::NodeDef' [-Wshadow]
   48 |         std::string op_type,
      |         ~~~~~~~~~~~~^~~~~~~
/dev/shm/velavision-ort-session-20260911/sources/onnx/onnx/defs/function.h:59:17: note: shadowed declaration is here
   59 |     std::string op_type;
      |                 ^~~~~~~
/dev/shm/velavision-ort-session-20260911/sources/onnx/onnx/defs/function.h:47:34: warning: declaration of 'outputs' shadows a member of 'onnx::FunctionBodyHelper::NodeDef' [-Wshadow]
   47 |         std::vector<std::string> outputs,
      |         ~~~~~~~~~~~~~~~~~~~~~~~~~^~~~~~~
/dev/shm/velavision-ort-session-20260911/sources/onnx/onnx/defs/function.h:58:30: note: shadowed declaration is here
   58 |     std::vector<std::string> outputs;
      |                              ^~~~~~~
/dev/shm/velavision-ort-session-20260911/sources/onnx/onnx/defs/function.h: In constructor 'onnx::FunctionBodyHelper::NodeDef::NodeDef(std::__1::vector<std::__1::basic_string<char> >, std::__1::string, std::__1::vector<std::__1::basic_string<char> >, std::__1::vector<onnx::FunctionBodyHelper::AttributeProtoWrapper>, std::__1::string)':
/dev/shm/velavision-ort-session-20260911/sources/onnx/onnx/defs/function.h:51:21: warning: declaration of 'domain' shadows a member of 'onnx::FunctionBodyHelper::NodeDef' [-Wshadow]
   51 |         std::string domain = "")
      |         ~~~~~~~~~~~~^~~~~~~~~~~
/dev/shm/velavision-ort-session-20260911/sources/onnx/onnx/defs/function.h:62:17: note: shadowed declaration is here
   62 |     std::string domain;
      |                 ^~~~~~
/dev/shm/velavision-ort-session-20260911/sources/onnx/onnx/defs/function.h:50:44: warning: declaration of 'attributes' shadows a member of 'onnx::FunctionBodyHelper::NodeDef' [-Wshadow]
   50 |         std::vector<AttributeProtoWrapper> attributes = {},
      |         ~~~~~~~~~~~~~~~~~~~~~~~~~~~~~~~~~~~^~~~~~~~~~~~~~~
/dev/shm/velavision-ort-session-20260911/sources/onnx/onnx/defs/function.h:61:40: note: shadowed declaration is here
   61 |     std::vector<AttributeProtoWrapper> attributes;
      |                                        ^~~~~~~~~~
/dev/shm/velavision-ort-session-20260911/sources/onnx/onnx/defs/function.h:49:34: warning: declaration of 'inputs' shadows a member of 'onnx::FunctionBodyHelper::NodeDef' [-Wshadow]
   49 |         std::vector<std::string> inputs,
      |         ~~~~~~~~~~~~~~~~~~~~~~~~~^~~~~~
/dev/shm/velavision-ort-session-20260911/sources/onnx/onnx/defs/function.h:60:30: note: shadowed declaration is here
   60 |     std::vector<std::string> inputs;
      |                              ^~~~~~
/dev/shm/velavision-ort-session-20260911/sources/onnx/onnx/defs/function.h:48:21: warning: declaration of 'op_type' shadows a member of 'onnx::FunctionBodyHelper::NodeDef' [-Wshadow]
   48 |         std::string op_type,
      |         ~~~~~~~~~~~~^~~~~~~
/dev/shm/velavision-ort-session-20260911/sources/onnx/onnx/defs/function.h:59:17: note: shadowed declaration is here
   59 |     std::string op_type;
      |                 ^~~~~~~
/dev/shm/velavision-ort-session-20260911/sources/onnx/onnx/defs/function.h:47:34: warning: declaration of 'outputs' shadows a member of 'onnx::FunctionBodyHelper::NodeDef' [-Wshadow]
   47 |         std::vector<std::string> outputs,
      |         ~~~~~~~~~~~~~~~~~~~~~~~~~^~~~~~~
/dev/shm/velavision-ort-session-20260911/sources/onnx/onnx/defs/function.h:58:30: note: shadowed declaration is here
   58 |     std::vector<std::string> outputs;
      |                              ^~~~~~~
/dev/shm/velavision-ort-session-20260911/sources/onnx/onnx/defs/function.h: In constructor 'onnx::FunctionBodyHelper::NodeDef::NodeDef(std::__1::vector<std::__1::basic_string<char> >, std::__1::string, std::__1::vector<std::__1::basic_string<char> >, std::__1::vector<onnx::FunctionBodyHelper::AttributeProtoWrapper>, std::__1::string)':
/dev/shm/velavision-ort-session-20260911/sources/onnx/onnx/defs/function.h:51:21: warning: declaration of 'domain' shadows a member of 'onnx::FunctionBodyHelper::NodeDef' [-Wshadow]
   51 |         std::string domain = "")
      |         ~~~~~~~~~~~~^~~~~~~~~~~
/dev/shm/velavision-ort-session-20260911/sources/onnx/onnx/defs/function.h:62:17: note: shadowed declaration is here
   62 |     std::string domain;
      |                 ^~~~~~
/dev/shm/velavision-ort-session-20260911/sources/onnx/onnx/defs/function.h:50:44: warning: declaration of 'attributes' shadows a member of 'onnx::FunctionBodyHelper::NodeDef' [-Wshadow]
   50 |         std::vector<AttributeProtoWrapper> attributes = {},
      |         ~~~~~~~~~~~~~~~~~~~~~~~~~~~~~~~~~~~^~~~~~~~~~~~~~~
/dev/shm/velavision-ort-session-20260911/sources/onnx/onnx/defs/function.h:61:40: note: shadowed declaration is here
   61 |     std::vector<AttributeProtoWrapper> attributes;
      |                                        ^~~~~~~~~~
/dev/shm/velavision-ort-session-20260911/sources/onnx/onnx/defs/function.h:49:34: warning: declaration of 'inputs' shadows a member of 'onnx::FunctionBodyHelper::NodeDef' [-Wshadow]
   49 |         std::vector<std::string> inputs,
      |         ~~~~~~~~~~~~~~~~~~~~~~~~~^~~~~~
/dev/shm/velavision-ort-session-20260911/sources/onnx/onnx/defs/function.h:60:30: note: shadowed declaration is here
   60 |     std::vector<std::string> inputs;
      |                              ^~~~~~
/dev/shm/velavision-ort-session-20260911/sources/onnx/onnx/defs/function.h:48:21: warning: declaration of 'op_type' shadows a member of 'onnx::FunctionBodyHelper::NodeDef' [-Wshadow]
   48 |         std::string op_type,
      |         ~~~~~~~~~~~~^~~~~~~
/dev/shm/velavision-ort-session-20260911/sources/onnx/onnx/defs/function.h:59:17: note: shadowed declaration is here
   59 |     std::string op_type;
      |                 ^~~~~~~
/dev/shm/velavision-ort-session-20260911/sources/onnx/onnx/defs/function.h:47:34: warning: declaration of 'outputs' shadows a member of 'onnx::FunctionBodyHelper::NodeDef' [-Wshadow]
   47 |         std::vector<std::string> outputs,
      |         ~~~~~~~~~~~~~~~~~~~~~~~~~^~~~~~~
/dev/shm/velavision-ort-session-20260911/sources/onnx/onnx/defs/function.h:58:30: note: shadowed declaration is here
   58 |     std::vector<std::string> outputs;
      |                              ^~~~~~~
[203/749] Building CXX object _deps/onnx-build/CMakeFiles/onnx.dir/onnx/common/path.cc.obj
[204/749] Building CXX object _deps/onnx-build/CMakeFiles/onnx.dir/onnx/common/status.cc.obj
[205/749] Building CXX object _deps/onnx-build/CMakeFiles/onnx.dir/onnx/defs/attr_proto_util.cc.obj
In file included from /dev/shm/velavision-ort-session-20260911/sources/protobuf/src/google/protobuf/parse_context.h:47,
                 from /dev/shm/velavision-ort-session-20260911/sources/protobuf/src/google/protobuf/extension_set.h:53,
                 from /dev/shm/velavision-ort-session-20260911/build/_deps/onnx-build/onnx/onnx-ml.pb.h:30,
                 from /dev/shm/velavision-ort-session-20260911/sources/onnx/onnx/onnx_pb.h:65,
                 from /dev/shm/velavision-ort-session-20260911/sources/onnx/onnx/onnx-operators_pb.h:7,
                 from /dev/shm/velavision-ort-session-20260911/sources/onnx/onnx/defs/attr_proto_util.h:12,
                 from /dev/shm/velavision-ort-session-20260911/sources/onnx/onnx/defs/attr_proto_util.cc:7:
/dev/shm/velavision-ort-session-20260911/sources/protobuf/src/google/protobuf/inlined_string_field.h:430:5: warning: "GOOGLE_PROTOBUF_INTERNAL_DONATE_STEAL_INLINE" is not defined, evaluates to 0 [-Wundef]
  430 | #if GOOGLE_PROTOBUF_INTERNAL_DONATE_STEAL_INLINE
      |     ^~~~~~~~~~~~~~~~~~~~~~~~~~~~~~~~~~~~~~~~~~~~
In file included from /dev/shm/velavision-ort-session-20260911/sources/protobuf/src/google/protobuf/arena.h:52,
                 from /dev/shm/velavision-ort-session-20260911/build/_deps/onnx-build/onnx/onnx-ml.pb.h:24:
/dev/shm/velavision-ort-session-20260911/sources/protobuf/src/google/protobuf/arena_impl.h: In constructor 'google::protobuf::internal::SerialArena::Block::Block(google::protobuf::internal::SerialArena::Block*, size_t)':
/dev/shm/velavision-ort-session-20260911/sources/protobuf/src/google/protobuf/arena_impl.h:384:31: warning: declaration of 'size' shadows a member of 'google::protobuf::internal::SerialArena::Block' [-Wshadow]
  384 |     Block(Block* next, size_t size) : next(next), size(size), start(nullptr) {}
      |                        ~~~~~~~^~~~
/dev/shm/velavision-ort-session-20260911/sources/protobuf/src/google/protobuf/arena_impl.h:392:18: note: shadowed declaration is here
  392 |     const size_t size;
      |                  ^~~~
/dev/shm/velavision-ort-session-20260911/sources/protobuf/src/google/protobuf/arena_impl.h:384:18: warning: declaration of 'next' shadows a member of 'google::protobuf::internal::SerialArena::Block' [-Wshadow]
  384 |     Block(Block* next, size_t size) : next(next), size(size), start(nullptr) {}
      |           ~~~~~~~^~~~
/dev/shm/velavision-ort-session-20260911/sources/protobuf/src/google/protobuf/arena_impl.h:391:18: note: shadowed declaration is here
  391 |     Block* const next;
      |                  ^~~~
/dev/shm/velavision-ort-session-20260911/sources/protobuf/src/google/protobuf/arena_impl.h: In constructor 'google::protobuf::internal::SerialArena::Block::Block(google::protobuf::internal::SerialArena::Block*, size_t)':
/dev/shm/velavision-ort-session-20260911/sources/protobuf/src/google/protobuf/arena_impl.h:384:31: warning: declaration of 'size' shadows a member of 'google::protobuf::internal::SerialArena::Block' [-Wshadow]
  384 |     Block(Block* next, size_t size) : next(next), size(size), start(nullptr) {}
      |                        ~~~~~~~^~~~
/dev/shm/velavision-ort-session-20260911/sources/protobuf/src/google/protobuf/arena_impl.h:392:18: note: shadowed declaration is here
  392 |     const size_t size;
      |                  ^~~~
/dev/shm/velavision-ort-session-20260911/sources/protobuf/src/google/protobuf/arena_impl.h:384:18: warning: declaration of 'next' shadows a member of 'google::protobuf::internal::SerialArena::Block' [-Wshadow]
  384 |     Block(Block* next, size_t size) : next(next), size(size), start(nullptr) {}
      |           ~~~~~~~^~~~
/dev/shm/velavision-ort-session-20260911/sources/protobuf/src/google/protobuf/arena_impl.h:391:18: note: shadowed declaration is here
  391 |     Block* const next;
      |                  ^~~~
/dev/shm/velavision-ort-session-20260911/sources/protobuf/src/google/protobuf/arena_impl.h: In constructor 'google::protobuf::internal::SerialArena::Block::Block(google::protobuf::internal::SerialArena::Block*, size_t)':
/dev/shm/velavision-ort-session-20260911/sources/protobuf/src/google/protobuf/arena_impl.h:384:31: warning: declaration of 'size' shadows a member of 'google::protobuf::internal::SerialArena::Block' [-Wshadow]
  384 |     Block(Block* next, size_t size) : next(next), size(size), start(nullptr) {}
      |                        ~~~~~~~^~~~
/dev/shm/velavision-ort-session-20260911/sources/protobuf/src/google/protobuf/arena_impl.h:392:18: note: shadowed declaration is here
  392 |     const size_t size;
      |                  ^~~~
/dev/shm/velavision-ort-session-20260911/sources/protobuf/src/google/protobuf/arena_impl.h:384:18: warning: declaration of 'next' shadows a member of 'google::protobuf::internal::SerialArena::Block' [-Wshadow]
  384 |     Block(Block* next, size_t size) : next(next), size(size), start(nullptr) {}
      |           ~~~~~~~^~~~
/dev/shm/velavision-ort-session-20260911/sources/protobuf/src/google/protobuf/arena_impl.h:391:18: note: shadowed declaration is here
  391 |     Block* const next;
      |                  ^~~~
[206/749] Building CXX object _deps/onnx-build/CMakeFiles/onnx.dir/onnx/defs/controlflow/defs.cc.obj
In file included from /dev/shm/velavision-ort-session-20260911/sources/protobuf/src/google/protobuf/parse_context.h:47,
                 from /dev/shm/velavision-ort-session-20260911/sources/protobuf/src/google/protobuf/extension_set.h:53,
                 from /dev/shm/velavision-ort-session-20260911/build/_deps/onnx-build/onnx/onnx-ml.pb.h:30,
                 from /dev/shm/velavision-ort-session-20260911/sources/onnx/onnx/onnx_pb.h:65,
                 from /dev/shm/velavision-ort-session-20260911/sources/onnx/onnx/defs/data_type_utils.h:14,
                 from /dev/shm/velavision-ort-session-20260911/sources/onnx/onnx/defs/shape_inference.h:13,
                 from /dev/shm/velavision-ort-session-20260911/sources/onnx/onnx/defs/schema.h:26,
                 from /dev/shm/velavision-ort-session-20260911/sources/onnx/onnx/defs/controlflow/utils.h:9,
                 from /dev/shm/velavision-ort-session-20260911/sources/onnx/onnx/defs/controlflow/defs.cc:9:
/dev/shm/velavision-ort-session-20260911/sources/protobuf/src/google/protobuf/inlined_string_field.h:430:5: warning: "GOOGLE_PROTOBUF_INTERNAL_DONATE_STEAL_INLINE" is not defined, evaluates to 0 [-Wundef]
  430 | #if GOOGLE_PROTOBUF_INTERNAL_DONATE_STEAL_INLINE
      |     ^~~~~~~~~~~~~~~~~~~~~~~~~~~~~~~~~~~~~~~~~~~~
In file included from /dev/shm/velavision-ort-session-20260911/sources/protobuf/src/google/protobuf/arena.h:52,
                 from /dev/shm/velavision-ort-session-20260911/build/_deps/onnx-build/onnx/onnx-ml.pb.h:24:
/dev/shm/velavision-ort-session-20260911/sources/protobuf/src/google/protobuf/arena_impl.h: In constructor 'google::protobuf::internal::SerialArena::Block::Block(google::protobuf::internal::SerialArena::Block*, size_t)':
/dev/shm/velavision-ort-session-20260911/sources/protobuf/src/google/protobuf/arena_impl.h:384:31: warning: declaration of 'size' shadows a member of 'google::protobuf::internal::SerialArena::Block' [-Wshadow]
  384 |     Block(Block* next, size_t size) : next(next), size(size), start(nullptr) {}
      |                        ~~~~~~~^~~~
/dev/shm/velavision-ort-session-20260911/sources/protobuf/src/google/protobuf/arena_impl.h:392:18: note: shadowed declaration is here
  392 |     const size_t size;
      |                  ^~~~
/dev/shm/velavision-ort-session-20260911/sources/protobuf/src/google/protobuf/arena_impl.h:384:18: warning: declaration of 'next' shadows a member of 'google::protobuf::internal::SerialArena::Block' [-Wshadow]
  384 |     Block(Block* next, size_t size) : next(next), size(size), start(nullptr) {}
      |           ~~~~~~~^~~~
/dev/shm/velavision-ort-session-20260911/sources/protobuf/src/google/protobuf/arena_impl.h:391:18: note: shadowed declaration is here
  391 |     Block* const next;
      |                  ^~~~
/dev/shm/velavision-ort-session-20260911/sources/protobuf/src/google/protobuf/arena_impl.h: In constructor 'google::protobuf::internal::SerialArena::Block::Block(google::protobuf::internal::SerialArena::Block*, size_t)':
/dev/shm/velavision-ort-session-20260911/sources/protobuf/src/google/protobuf/arena_impl.h:384:31: warning: declaration of 'size' shadows a member of 'google::protobuf::internal::SerialArena::Block' [-Wshadow]
  384 |     Block(Block* next, size_t size) : next(next), size(size), start(nullptr) {}
      |                        ~~~~~~~^~~~
/dev/shm/velavision-ort-session-20260911/sources/protobuf/src/google/protobuf/arena_impl.h:392:18: note: shadowed declaration is here
  392 |     const size_t size;
      |                  ^~~~
/dev/shm/velavision-ort-session-20260911/sources/protobuf/src/google/protobuf/arena_impl.h:384:18: warning: declaration of 'next' shadows a member of 'google::protobuf::internal::SerialArena::Block' [-Wshadow]
  384 |     Block(Block* next, size_t size) : next(next), size(size), start(nullptr) {}
      |           ~~~~~~~^~~~
/dev/shm/velavision-ort-session-20260911/sources/protobuf/src/google/protobuf/arena_impl.h:391:18: note: shadowed declaration is here
  391 |     Block* const next;
      |                  ^~~~
/dev/shm/velavision-ort-session-20260911/sources/protobuf/src/google/protobuf/arena_impl.h: In constructor 'google::protobuf::internal::SerialArena::Block::Block(google::protobuf::internal::SerialArena::Block*, size_t)':
/dev/shm/velavision-ort-session-20260911/sources/protobuf/src/google/protobuf/arena_impl.h:384:31: warning: declaration of 'size' shadows a member of 'google::protobuf::internal::SerialArena::Block' [-Wshadow]
  384 |     Block(Block* next, size_t size) : next(next), size(size), start(nullptr) {}
      |                        ~~~~~~~^~~~
/dev/shm/velavision-ort-session-20260911/sources/protobuf/src/google/protobuf/arena_impl.h:392:18: note: shadowed declaration is here
  392 |     const size_t size;
      |                  ^~~~
/dev/shm/velavision-ort-session-20260911/sources/protobuf/src/google/protobuf/arena_impl.h:384:18: warning: declaration of 'next' shadows a member of 'google::protobuf::internal::SerialArena::Block' [-Wshadow]
  384 |     Block(Block* next, size_t size) : next(next), size(size), start(nullptr) {}
      |           ~~~~~~~^~~~
/dev/shm/velavision-ort-session-20260911/sources/protobuf/src/google/protobuf/arena_impl.h:391:18: note: shadowed declaration is here
  391 |     Block* const next;
      |                  ^~~~
[207/749] Building CXX object _deps/onnx-build/CMakeFiles/onnx.dir/onnx/defs/controlflow/old.cc.obj
In file included from /dev/shm/velavision-ort-session-20260911/sources/protobuf/src/google/protobuf/parse_context.h:47,
                 from /dev/shm/velavision-ort-session-20260911/sources/protobuf/src/google/protobuf/extension_set.h:53,
                 from /dev/shm/velavision-ort-session-20260911/build/_deps/onnx-build/onnx/onnx-ml.pb.h:30,
                 from /dev/shm/velavision-ort-session-20260911/sources/onnx/onnx/onnx_pb.h:65,
                 from /dev/shm/velavision-ort-session-20260911/sources/onnx/onnx/defs/data_type_utils.h:14,
                 from /dev/shm/velavision-ort-session-20260911/sources/onnx/onnx/defs/shape_inference.h:13,
                 from /dev/shm/velavision-ort-session-20260911/sources/onnx/onnx/defs/schema.h:26,
                 from /dev/shm/velavision-ort-session-20260911/sources/onnx/onnx/defs/controlflow/utils.h:9,
                 from /dev/shm/velavision-ort-session-20260911/sources/onnx/onnx/defs/controlflow/old.cc:7:
/dev/shm/velavision-ort-session-20260911/sources/protobuf/src/google/protobuf/inlined_string_field.h:430:5: warning: "GOOGLE_PROTOBUF_INTERNAL_DONATE_STEAL_INLINE" is not defined, evaluates to 0 [-Wundef]
  430 | #if GOOGLE_PROTOBUF_INTERNAL_DONATE_STEAL_INLINE
      |     ^~~~~~~~~~~~~~~~~~~~~~~~~~~~~~~~~~~~~~~~~~~~
In file included from /dev/shm/velavision-ort-session-20260911/sources/protobuf/src/google/protobuf/arena.h:52,
                 from /dev/shm/velavision-ort-session-20260911/build/_deps/onnx-build/onnx/onnx-ml.pb.h:24:
/dev/shm/velavision-ort-session-20260911/sources/protobuf/src/google/protobuf/arena_impl.h: In constructor 'google::protobuf::internal::SerialArena::Block::Block(google::protobuf::internal::SerialArena::Block*, size_t)':
/dev/shm/velavision-ort-session-20260911/sources/protobuf/src/google/protobuf/arena_impl.h:384:31: warning: declaration of 'size' shadows a member of 'google::protobuf::internal::SerialArena::Block' [-Wshadow]
  384 |     Block(Block* next, size_t size) : next(next), size(size), start(nullptr) {}
      |                        ~~~~~~~^~~~
/dev/shm/velavision-ort-session-20260911/sources/protobuf/src/google/protobuf/arena_impl.h:392:18: note: shadowed declaration is here
  392 |     const size_t size;
      |                  ^~~~
/dev/shm/velavision-ort-session-20260911/sources/protobuf/src/google/protobuf/arena_impl.h:384:18: warning: declaration of 'next' shadows a member of 'google::protobuf::internal::SerialArena::Block' [-Wshadow]
  384 |     Block(Block* next, size_t size) : next(next), size(size), start(nullptr) {}
      |           ~~~~~~~^~~~
/dev/shm/velavision-ort-session-20260911/sources/protobuf/src/google/protobuf/arena_impl.h:391:18: note: shadowed declaration is here
  391 |     Block* const next;
      |                  ^~~~
/dev/shm/velavision-ort-session-20260911/sources/protobuf/src/google/protobuf/arena_impl.h: In constructor 'google::protobuf::internal::SerialArena::Block::Block(google::protobuf::internal::SerialArena::Block*, size_t)':
/dev/shm/velavision-ort-session-20260911/sources/protobuf/src/google/protobuf/arena_impl.h:384:31: warning: declaration of 'size' shadows a member of 'google::protobuf::internal::SerialArena::Block' [-Wshadow]
  384 |     Block(Block* next, size_t size) : next(next), size(size), start(nullptr) {}
      |                        ~~~~~~~^~~~
/dev/shm/velavision-ort-session-20260911/sources/protobuf/src/google/protobuf/arena_impl.h:392:18: note: shadowed declaration is here
  392 |     const size_t size;
      |                  ^~~~
/dev/shm/velavision-ort-session-20260911/sources/protobuf/src/google/protobuf/arena_impl.h:384:18: warning: declaration of 'next' shadows a member of 'google::protobuf::internal::SerialArena::Block' [-Wshadow]
  384 |     Block(Block* next, size_t size) : next(next), size(size), start(nullptr) {}
      |           ~~~~~~~^~~~
/dev/shm/velavision-ort-session-20260911/sources/protobuf/src/google/protobuf/arena_impl.h:391:18: note: shadowed declaration is here
  391 |     Block* const next;
      |                  ^~~~
/dev/shm/velavision-ort-session-20260911/sources/protobuf/src/google/protobuf/arena_impl.h: In constructor 'google::protobuf::internal::SerialArena::Block::Block(google::protobuf::internal::SerialArena::Block*, size_t)':
/dev/shm/velavision-ort-session-20260911/sources/protobuf/src/google/protobuf/arena_impl.h:384:31: warning: declaration of 'size' shadows a member of 'google::protobuf::internal::SerialArena::Block' [-Wshadow]
  384 |     Block(Block* next, size_t size) : next(next), size(size), start(nullptr) {}
      |                        ~~~~~~~^~~~
/dev/shm/velavision-ort-session-20260911/sources/protobuf/src/google/protobuf/arena_impl.h:392:18: note: shadowed declaration is here
  392 |     const size_t size;
      |                  ^~~~
/dev/shm/velavision-ort-session-20260911/sources/protobuf/src/google/protobuf/arena_impl.h:384:18: warning: declaration of 'next' shadows a member of 'google::protobuf::internal::SerialArena::Block' [-Wshadow]
  384 |     Block(Block* next, size_t size) : next(next), size(size), start(nullptr) {}
      |           ~~~~~~~^~~~
/dev/shm/velavision-ort-session-20260911/sources/protobuf/src/google/protobuf/arena_impl.h:391:18: note: shadowed declaration is here
  391 |     Block* const next;
      |                  ^~~~
[208/749] Building CXX object _deps/onnx-build/CMakeFiles/onnx.dir/onnx/defs/controlflow/utils.cc.obj
In file included from /dev/shm/velavision-ort-session-20260911/sources/protobuf/src/google/protobuf/parse_context.h:47,
                 from /dev/shm/velavision-ort-session-20260911/sources/protobuf/src/google/protobuf/extension_set.h:53,
                 from /dev/shm/velavision-ort-session-20260911/build/_deps/onnx-build/onnx/onnx-ml.pb.h:30,
                 from /dev/shm/velavision-ort-session-20260911/sources/onnx/onnx/onnx_pb.h:65,
                 from /dev/shm/velavision-ort-session-20260911/sources/onnx/onnx/defs/data_type_utils.h:14,
                 from /dev/shm/velavision-ort-session-20260911/sources/onnx/onnx/defs/shape_inference.h:13,
                 from /dev/shm/velavision-ort-session-20260911/sources/onnx/onnx/defs/schema.h:26,
                 from /dev/shm/velavision-ort-session-20260911/sources/onnx/onnx/defs/controlflow/utils.h:9,
                 from /dev/shm/velavision-ort-session-20260911/sources/onnx/onnx/defs/controlflow/utils.cc:5:
/dev/shm/velavision-ort-session-20260911/sources/protobuf/src/google/protobuf/inlined_string_field.h:430:5: warning: "GOOGLE_PROTOBUF_INTERNAL_DONATE_STEAL_INLINE" is not defined, evaluates to 0 [-Wundef]
  430 | #if GOOGLE_PROTOBUF_INTERNAL_DONATE_STEAL_INLINE
      |     ^~~~~~~~~~~~~~~~~~~~~~~~~~~~~~~~~~~~~~~~~~~~
In file included from /dev/shm/velavision-ort-session-20260911/sources/protobuf/src/google/protobuf/arena.h:52,
                 from /dev/shm/velavision-ort-session-20260911/build/_deps/onnx-build/onnx/onnx-ml.pb.h:24:
/dev/shm/velavision-ort-session-20260911/sources/protobuf/src/google/protobuf/arena_impl.h: In constructor 'google::protobuf::internal::SerialArena::Block::Block(google::protobuf::internal::SerialArena::Block*, size_t)':
/dev/shm/velavision-ort-session-20260911/sources/protobuf/src/google/protobuf/arena_impl.h:384:31: warning: declaration of 'size' shadows a member of 'google::protobuf::internal::SerialArena::Block' [-Wshadow]
  384 |     Block(Block* next, size_t size) : next(next), size(size), start(nullptr) {}
      |                        ~~~~~~~^~~~
/dev/shm/velavision-ort-session-20260911/sources/protobuf/src/google/protobuf/arena_impl.h:392:18: note: shadowed declaration is here
  392 |     const size_t size;
      |                  ^~~~
/dev/shm/velavision-ort-session-20260911/sources/protobuf/src/google/protobuf/arena_impl.h:384:18: warning: declaration of 'next' shadows a member of 'google::protobuf::internal::SerialArena::Block' [-Wshadow]
  384 |     Block(Block* next, size_t size) : next(next), size(size), start(nullptr) {}
      |           ~~~~~~~^~~~
/dev/shm/velavision-ort-session-20260911/sources/protobuf/src/google/protobuf/arena_impl.h:391:18: note: shadowed declaration is here
  391 |     Block* const next;
      |                  ^~~~
/dev/shm/velavision-ort-session-20260911/sources/protobuf/src/google/protobuf/arena_impl.h: In constructor 'google::protobuf::internal::SerialArena::Block::Block(google::protobuf::internal::SerialArena::Block*, size_t)':
/dev/shm/velavision-ort-session-20260911/sources/protobuf/src/google/protobuf/arena_impl.h:384:31: warning: declaration of 'size' shadows a member of 'google::protobuf::internal::SerialArena::Block' [-Wshadow]
  384 |     Block(Block* next, size_t size) : next(next), size(size), start(nullptr) {}
      |                        ~~~~~~~^~~~
/dev/shm/velavision-ort-session-20260911/sources/protobuf/src/google/protobuf/arena_impl.h:392:18: note: shadowed declaration is here
  392 |     const size_t size;
      |                  ^~~~
/dev/shm/velavision-ort-session-20260911/sources/protobuf/src/google/protobuf/arena_impl.h:384:18: warning: declaration of 'next' shadows a member of 'google::protobuf::internal::SerialArena::Block' [-Wshadow]
  384 |     Block(Block* next, size_t size) : next(next), size(size), start(nullptr) {}
      |           ~~~~~~~^~~~
/dev/shm/velavision-ort-session-20260911/sources/protobuf/src/google/protobuf/arena_impl.h:391:18: note: shadowed declaration is here
  391 |     Block* const next;
      |                  ^~~~
/dev/shm/velavision-ort-session-20260911/sources/protobuf/src/google/protobuf/arena_impl.h: In constructor 'google::protobuf::internal::SerialArena::Block::Block(google::protobuf::internal::SerialArena::Block*, size_t)':
/dev/shm/velavision-ort-session-20260911/sources/protobuf/src/google/protobuf/arena_impl.h:384:31: warning: declaration of 'size' shadows a member of 'google::protobuf::internal::SerialArena::Block' [-Wshadow]
  384 |     Block(Block* next, size_t size) : next(next), size(size), start(nullptr) {}
      |                        ~~~~~~~^~~~
/dev/shm/velavision-ort-session-20260911/sources/protobuf/src/google/protobuf/arena_impl.h:392:18: note: shadowed declaration is here
  392 |     const size_t size;
      |                  ^~~~
/dev/shm/velavision-ort-session-20260911/sources/protobuf/src/google/protobuf/arena_impl.h:384:18: warning: declaration of 'next' shadows a member of 'google::protobuf::internal::SerialArena::Block' [-Wshadow]
  384 |     Block(Block* next, size_t size) : next(next), size(size), start(nullptr) {}
      |           ~~~~~~~^~~~
/dev/shm/velavision-ort-session-20260911/sources/protobuf/src/google/protobuf/arena_impl.h:391:18: note: shadowed declaration is here
  391 |     Block* const next;
      |                  ^~~~
[209/749] Building CXX object _deps/onnx-build/CMakeFiles/onnx.dir/onnx/defs/data_type_utils.cc.obj
In file included from /dev/shm/velavision-ort-session-20260911/sources/protobuf/src/google/protobuf/parse_context.h:47,
                 from /dev/shm/velavision-ort-session-20260911/sources/protobuf/src/google/protobuf/extension_set.h:53,
                 from /dev/shm/velavision-ort-session-20260911/build/_deps/onnx-build/onnx/onnx-ml.pb.h:30,
                 from /dev/shm/velavision-ort-session-20260911/sources/onnx/onnx/onnx_pb.h:65,
                 from /dev/shm/velavision-ort-session-20260911/sources/onnx/onnx/defs/data_type_utils.h:14,
                 from /dev/shm/velavision-ort-session-20260911/sources/onnx/onnx/defs/data_type_utils.cc:5:
/dev/shm/velavision-ort-session-20260911/sources/protobuf/src/google/protobuf/inlined_string_field.h:430:5: warning: "GOOGLE_PROTOBUF_INTERNAL_DONATE_STEAL_INLINE" is not defined, evaluates to 0 [-Wundef]
  430 | #if GOOGLE_PROTOBUF_INTERNAL_DONATE_STEAL_INLINE
      |     ^~~~~~~~~~~~~~~~~~~~~~~~~~~~~~~~~~~~~~~~~~~~
In file included from /dev/shm/velavision-ort-session-20260911/sources/protobuf/src/google/protobuf/arena.h:52,
                 from /dev/shm/velavision-ort-session-20260911/build/_deps/onnx-build/onnx/onnx-ml.pb.h:24:
/dev/shm/velavision-ort-session-20260911/sources/protobuf/src/google/protobuf/arena_impl.h: In constructor 'google::protobuf::internal::SerialArena::Block::Block(google::protobuf::internal::SerialArena::Block*, size_t)':
/dev/shm/velavision-ort-session-20260911/sources/protobuf/src/google/protobuf/arena_impl.h:384:31: warning: declaration of 'size' shadows a member of 'google::protobuf::internal::SerialArena::Block' [-Wshadow]
  384 |     Block(Block* next, size_t size) : next(next), size(size), start(nullptr) {}
      |                        ~~~~~~~^~~~
/dev/shm/velavision-ort-session-20260911/sources/protobuf/src/google/protobuf/arena_impl.h:392:18: note: shadowed declaration is here
  392 |     const size_t size;
      |                  ^~~~
/dev/shm/velavision-ort-session-20260911/sources/protobuf/src/google/protobuf/arena_impl.h:384:18: warning: declaration of 'next' shadows a member of 'google::protobuf::internal::SerialArena::Block' [-Wshadow]
  384 |     Block(Block* next, size_t size) : next(next), size(size), start(nullptr) {}
      |           ~~~~~~~^~~~
/dev/shm/velavision-ort-session-20260911/sources/protobuf/src/google/protobuf/arena_impl.h:391:18: note: shadowed declaration is here
  391 |     Block* const next;
      |                  ^~~~
/dev/shm/velavision-ort-session-20260911/sources/protobuf/src/google/protobuf/arena_impl.h: In constructor 'google::protobuf::internal::SerialArena::Block::Block(google::protobuf::internal::SerialArena::Block*, size_t)':
/dev/shm/velavision-ort-session-20260911/sources/protobuf/src/google/protobuf/arena_impl.h:384:31: warning: declaration of 'size' shadows a member of 'google::protobuf::internal::SerialArena::Block' [-Wshadow]
  384 |     Block(Block* next, size_t size) : next(next), size(size), start(nullptr) {}
      |                        ~~~~~~~^~~~
/dev/shm/velavision-ort-session-20260911/sources/protobuf/src/google/protobuf/arena_impl.h:392:18: note: shadowed declaration is here
  392 |     const size_t size;
      |                  ^~~~
/dev/shm/velavision-ort-session-20260911/sources/protobuf/src/google/protobuf/arena_impl.h:384:18: warning: declaration of 'next' shadows a member of 'google::protobuf::internal::SerialArena::Block' [-Wshadow]
  384 |     Block(Block* next, size_t size) : next(next), size(size), start(nullptr) {}
      |           ~~~~~~~^~~~
/dev/shm/velavision-ort-session-20260911/sources/protobuf/src/google/protobuf/arena_impl.h:391:18: note: shadowed declaration is here
  391 |     Block* const next;
      |                  ^~~~
/dev/shm/velavision-ort-session-20260911/sources/protobuf/src/google/protobuf/arena_impl.h: In constructor 'google::protobuf::internal::SerialArena::Block::Block(google::protobuf::internal::SerialArena::Block*, size_t)':
/dev/shm/velavision-ort-session-20260911/sources/protobuf/src/google/protobuf/arena_impl.h:384:31: warning: declaration of 'size' shadows a member of 'google::protobuf::internal::SerialArena::Block' [-Wshadow]
  384 |     Block(Block* next, size_t size) : next(next), size(size), start(nullptr) {}
      |                        ~~~~~~~^~~~
/dev/shm/velavision-ort-session-20260911/sources/protobuf/src/google/protobuf/arena_impl.h:392:18: note: shadowed declaration is here
  392 |     const size_t size;
      |                  ^~~~
/dev/shm/velavision-ort-session-20260911/sources/protobuf/src/google/protobuf/arena_impl.h:384:18: warning: declaration of 'next' shadows a member of 'google::protobuf::internal::SerialArena::Block' [-Wshadow]
  384 |     Block(Block* next, size_t size) : next(next), size(size), start(nullptr) {}
      |           ~~~~~~~^~~~
/dev/shm/velavision-ort-session-20260911/sources/protobuf/src/google/protobuf/arena_impl.h:391:18: note: shadowed declaration is here
  391 |     Block* const next;
      |                  ^~~~
[210/749] Building CXX object _deps/onnx-build/CMakeFiles/onnx.dir/onnx/defs/function.cc.obj
In file included from /dev/shm/velavision-ort-session-20260911/sources/protobuf/src/google/protobuf/parse_context.h:47,
                 from /dev/shm/velavision-ort-session-20260911/sources/protobuf/src/google/protobuf/extension_set.h:53,
                 from /dev/shm/velavision-ort-session-20260911/build/_deps/onnx-build/onnx/onnx-ml.pb.h:30,
                 from /dev/shm/velavision-ort-session-20260911/sources/onnx/onnx/onnx_pb.h:65,
                 from /dev/shm/velavision-ort-session-20260911/sources/onnx/onnx/onnx-operators_pb.h:7,
                 from /dev/shm/velavision-ort-session-20260911/sources/onnx/onnx/defs/attr_proto_util.h:12,
                 from /dev/shm/velavision-ort-session-20260911/sources/onnx/onnx/defs/function.h:13,
                 from /dev/shm/velavision-ort-session-20260911/sources/onnx/onnx/defs/function.cc:5:
/dev/shm/velavision-ort-session-20260911/sources/protobuf/src/google/protobuf/inlined_string_field.h:430:5: warning: "GOOGLE_PROTOBUF_INTERNAL_DONATE_STEAL_INLINE" is not defined, evaluates to 0 [-Wundef]
  430 | #if GOOGLE_PROTOBUF_INTERNAL_DONATE_STEAL_INLINE
      |     ^~~~~~~~~~~~~~~~~~~~~~~~~~~~~~~~~~~~~~~~~~~~
In file included from /dev/shm/velavision-ort-session-20260911/sources/protobuf/src/google/protobuf/arena.h:52,
                 from /dev/shm/velavision-ort-session-20260911/build/_deps/onnx-build/onnx/onnx-ml.pb.h:24:
/dev/shm/velavision-ort-session-20260911/sources/protobuf/src/google/protobuf/arena_impl.h: In constructor 'google::protobuf::internal::SerialArena::Block::Block(google::protobuf::internal::SerialArena::Block*, size_t)':
/dev/shm/velavision-ort-session-20260911/sources/protobuf/src/google/protobuf/arena_impl.h:384:31: warning: declaration of 'size' shadows a member of 'google::protobuf::internal::SerialArena::Block' [-Wshadow]
  384 |     Block(Block* next, size_t size) : next(next), size(size), start(nullptr) {}
      |                        ~~~~~~~^~~~
/dev/shm/velavision-ort-session-20260911/sources/protobuf/src/google/protobuf/arena_impl.h:392:18: note: shadowed declaration is here
  392 |     const size_t size;
      |                  ^~~~
/dev/shm/velavision-ort-session-20260911/sources/protobuf/src/google/protobuf/arena_impl.h:384:18: warning: declaration of 'next' shadows a member of 'google::protobuf::internal::SerialArena::Block' [-Wshadow]
  384 |     Block(Block* next, size_t size) : next(next), size(size), start(nullptr) {}
      |           ~~~~~~~^~~~
/dev/shm/velavision-ort-session-20260911/sources/protobuf/src/google/protobuf/arena_impl.h:391:18: note: shadowed declaration is here
  391 |     Block* const next;
      |                  ^~~~
/dev/shm/velavision-ort-session-20260911/sources/protobuf/src/google/protobuf/arena_impl.h: In constructor 'google::protobuf::internal::SerialArena::Block::Block(google::protobuf::internal::SerialArena::Block*, size_t)':
/dev/shm/velavision-ort-session-20260911/sources/protobuf/src/google/protobuf/arena_impl.h:384:31: warning: declaration of 'size' shadows a member of 'google::protobuf::internal::SerialArena::Block' [-Wshadow]
  384 |     Block(Block* next, size_t size) : next(next), size(size), start(nullptr) {}
      |                        ~~~~~~~^~~~
/dev/shm/velavision-ort-session-20260911/sources/protobuf/src/google/protobuf/arena_impl.h:392:18: note: shadowed declaration is here
  392 |     const size_t size;
      |                  ^~~~
/dev/shm/velavision-ort-session-20260911/sources/protobuf/src/google/protobuf/arena_impl.h:384:18: warning: declaration of 'next' shadows a member of 'google::protobuf::internal::SerialArena::Block' [-Wshadow]
  384 |     Block(Block* next, size_t size) : next(next), size(size), start(nullptr) {}
      |           ~~~~~~~^~~~
/dev/shm/velavision-ort-session-20260911/sources/protobuf/src/google/protobuf/arena_impl.h:391:18: note: shadowed declaration is here
  391 |     Block* const next;
      |                  ^~~~
/dev/shm/velavision-ort-session-20260911/sources/protobuf/src/google/protobuf/arena_impl.h: In constructor 'google::protobuf::internal::SerialArena::Block::Block(google::protobuf::internal::SerialArena::Block*, size_t)':
/dev/shm/velavision-ort-session-20260911/sources/protobuf/src/google/protobuf/arena_impl.h:384:31: warning: declaration of 'size' shadows a member of 'google::protobuf::internal::SerialArena::Block' [-Wshadow]
  384 |     Block(Block* next, size_t size) : next(next), size(size), start(nullptr) {}
      |                        ~~~~~~~^~~~
/dev/shm/velavision-ort-session-20260911/sources/protobuf/src/google/protobuf/arena_impl.h:392:18: note: shadowed declaration is here
  392 |     const size_t size;
      |                  ^~~~
/dev/shm/velavision-ort-session-20260911/sources/protobuf/src/google/protobuf/arena_impl.h:384:18: warning: declaration of 'next' shadows a member of 'google::protobuf::internal::SerialArena::Block' [-Wshadow]
  384 |     Block(Block* next, size_t size) : next(next), size(size), start(nullptr) {}
      |           ~~~~~~~^~~~
/dev/shm/velavision-ort-session-20260911/sources/protobuf/src/google/protobuf/arena_impl.h:391:18: note: shadowed declaration is here
  391 |     Block* const next;
      |                  ^~~~
/dev/shm/velavision-ort-session-20260911/sources/onnx/onnx/defs/function.h: In constructor 'onnx::FunctionBodyHelper::NodeDef::NodeDef(std::__1::vector<std::__1::basic_string<char> >, std::__1::string, std::__1::vector<std::__1::basic_string<char> >, std::__1::vector<onnx::FunctionBodyHelper::AttributeProtoWrapper>, std::__1::string)':
/dev/shm/velavision-ort-session-20260911/sources/onnx/onnx/defs/function.h:51:21: warning: declaration of 'domain' shadows a member of 'onnx::FunctionBodyHelper::NodeDef' [-Wshadow]
   51 |         std::string domain = "")
      |         ~~~~~~~~~~~~^~~~~~~~~~~
/dev/shm/velavision-ort-session-20260911/sources/onnx/onnx/defs/function.h:62:17: note: shadowed declaration is here
   62 |     std::string domain;
      |                 ^~~~~~
/dev/shm/velavision-ort-session-20260911/sources/onnx/onnx/defs/function.h:50:44: warning: declaration of 'attributes' shadows a member of 'onnx::FunctionBodyHelper::NodeDef' [-Wshadow]
   50 |         std::vector<AttributeProtoWrapper> attributes = {},
      |         ~~~~~~~~~~~~~~~~~~~~~~~~~~~~~~~~~~~^~~~~~~~~~~~~~~
/dev/shm/velavision-ort-session-20260911/sources/onnx/onnx/defs/function.h:61:40: note: shadowed declaration is here
   61 |     std::vector<AttributeProtoWrapper> attributes;
      |                                        ^~~~~~~~~~
/dev/shm/velavision-ort-session-20260911/sources/onnx/onnx/defs/function.h:49:34: warning: declaration of 'inputs' shadows a member of 'onnx::FunctionBodyHelper::NodeDef' [-Wshadow]
   49 |         std::vector<std::string> inputs,
      |         ~~~~~~~~~~~~~~~~~~~~~~~~~^~~~~~
/dev/shm/velavision-ort-session-20260911/sources/onnx/onnx/defs/function.h:60:30: note: shadowed declaration is here
   60 |     std::vector<std::string> inputs;
      |                              ^~~~~~
/dev/shm/velavision-ort-session-20260911/sources/onnx/onnx/defs/function.h:48:21: warning: declaration of 'op_type' shadows a member of 'onnx::FunctionBodyHelper::NodeDef' [-Wshadow]
   48 |         std::string op_type,
      |         ~~~~~~~~~~~~^~~~~~~
/dev/shm/velavision-ort-session-20260911/sources/onnx/onnx/defs/function.h:59:17: note: shadowed declaration is here
   59 |     std::string op_type;
      |                 ^~~~~~~
/dev/shm/velavision-ort-session-20260911/sources/onnx/onnx/defs/function.h:47:34: warning: declaration of 'outputs' shadows a member of 'onnx::FunctionBodyHelper::NodeDef' [-Wshadow]
   47 |         std::vector<std::string> outputs,
      |         ~~~~~~~~~~~~~~~~~~~~~~~~~^~~~~~~
/dev/shm/velavision-ort-session-20260911/sources/onnx/onnx/defs/function.h:58:30: note: shadowed declaration is here
   58 |     std::vector<std::string> outputs;
      |                              ^~~~~~~
/dev/shm/velavision-ort-session-20260911/sources/onnx/onnx/defs/function.h: In constructor 'onnx::FunctionBodyHelper::NodeDef::NodeDef(std::__1::vector<std::__1::basic_string<char> >, std::__1::string, std::__1::vector<std::__1::basic_string<char> >, std::__1::vector<onnx::FunctionBodyHelper::AttributeProtoWrapper>, std::__1::string)':
/dev/shm/velavision-ort-session-20260911/sources/onnx/onnx/defs/function.h:51:21: warning: declaration of 'domain' shadows a member of 'onnx::FunctionBodyHelper::NodeDef' [-Wshadow]
   51 |         std::string domain = "")
      |         ~~~~~~~~~~~~^~~~~~~~~~~
/dev/shm/velavision-ort-session-20260911/sources/onnx/onnx/defs/function.h:62:17: note: shadowed declaration is here
   62 |     std::string domain;
      |                 ^~~~~~
/dev/shm/velavision-ort-session-20260911/sources/onnx/onnx/defs/function.h:50:44: warning: declaration of 'attributes' shadows a member of 'onnx::FunctionBodyHelper::NodeDef' [-Wshadow]
   50 |         std::vector<AttributeProtoWrapper> attributes = {},
      |         ~~~~~~~~~~~~~~~~~~~~~~~~~~~~~~~~~~~^~~~~~~~~~~~~~~
/dev/shm/velavision-ort-session-20260911/sources/onnx/onnx/defs/function.h:61:40: note: shadowed declaration is here
   61 |     std::vector<AttributeProtoWrapper> attributes;
      |                                        ^~~~~~~~~~
/dev/shm/velavision-ort-session-20260911/sources/onnx/onnx/defs/function.h:49:34: warning: declaration of 'inputs' shadows a member of 'onnx::FunctionBodyHelper::NodeDef' [-Wshadow]
   49 |         std::vector<std::string> inputs,
      |         ~~~~~~~~~~~~~~~~~~~~~~~~~^~~~~~
/dev/shm/velavision-ort-session-20260911/sources/onnx/onnx/defs/function.h:60:30: note: shadowed declaration is here
   60 |     std::vector<std::string> inputs;
      |                              ^~~~~~
/dev/shm/velavision-ort-session-20260911/sources/onnx/onnx/defs/function.h:48:21: warning: declaration of 'op_type' shadows a member of 'onnx::FunctionBodyHelper::NodeDef' [-Wshadow]
   48 |         std::string op_type,
      |         ~~~~~~~~~~~~^~~~~~~
/dev/shm/velavision-ort-session-20260911/sources/onnx/onnx/defs/function.h:59:17: note: shadowed declaration is here
   59 |     std::string op_type;
      |                 ^~~~~~~
/dev/shm/velavision-ort-session-20260911/sources/onnx/onnx/defs/function.h:47:34: warning: declaration of 'outputs' shadows a member of 'onnx::FunctionBodyHelper::NodeDef' [-Wshadow]
   47 |         std::vector<std::string> outputs,
      |         ~~~~~~~~~~~~~~~~~~~~~~~~~^~~~~~~
/dev/shm/velavision-ort-session-20260911/sources/onnx/onnx/defs/function.h:58:30: note: shadowed declaration is here
   58 |     std::vector<std::string> outputs;
      |                              ^~~~~~~
/dev/shm/velavision-ort-session-20260911/sources/onnx/onnx/defs/function.h: In constructor 'onnx::FunctionBodyHelper::NodeDef::NodeDef(std::__1::vector<std::__1::basic_string<char> >, std::__1::string, std::__1::vector<std::__1::basic_string<char> >, std::__1::vector<onnx::FunctionBodyHelper::AttributeProtoWrapper>, std::__1::string)':
/dev/shm/velavision-ort-session-20260911/sources/onnx/onnx/defs/function.h:51:21: warning: declaration of 'domain' shadows a member of 'onnx::FunctionBodyHelper::NodeDef' [-Wshadow]
   51 |         std::string domain = "")
      |         ~~~~~~~~~~~~^~~~~~~~~~~
/dev/shm/velavision-ort-session-20260911/sources/onnx/onnx/defs/function.h:62:17: note: shadowed declaration is here
   62 |     std::string domain;
      |                 ^~~~~~
/dev/shm/velavision-ort-session-20260911/sources/onnx/onnx/defs/function.h:50:44: warning: declaration of 'attributes' shadows a member of 'onnx::FunctionBodyHelper::NodeDef' [-Wshadow]
   50 |         std::vector<AttributeProtoWrapper> attributes = {},
      |         ~~~~~~~~~~~~~~~~~~~~~~~~~~~~~~~~~~~^~~~~~~~~~~~~~~
/dev/shm/velavision-ort-session-20260911/sources/onnx/onnx/defs/function.h:61:40: note: shadowed declaration is here
   61 |     std::vector<AttributeProtoWrapper> attributes;
      |                                        ^~~~~~~~~~
/dev/shm/velavision-ort-session-20260911/sources/onnx/onnx/defs/function.h:49:34: warning: declaration of 'inputs' shadows a member of 'onnx::FunctionBodyHelper::NodeDef' [-Wshadow]
   49 |         std::vector<std::string> inputs,
      |         ~~~~~~~~~~~~~~~~~~~~~~~~~^~~~~~
/dev/shm/velavision-ort-session-20260911/sources/onnx/onnx/defs/function.h:60:30: note: shadowed declaration is here
   60 |     std::vector<std::string> inputs;
      |                              ^~~~~~
/dev/shm/velavision-ort-session-20260911/sources/onnx/onnx/defs/function.h:48:21: warning: declaration of 'op_type' shadows a member of 'onnx::FunctionBodyHelper::NodeDef' [-Wshadow]
   48 |         std::string op_type,
      |         ~~~~~~~~~~~~^~~~~~~
/dev/shm/velavision-ort-session-20260911/sources/onnx/onnx/defs/function.h:59:17: note: shadowed declaration is here
   59 |     std::string op_type;
      |                 ^~~~~~~
/dev/shm/velavision-ort-session-20260911/sources/onnx/onnx/defs/function.h:47:34: warning: declaration of 'outputs' shadows a member of 'onnx::FunctionBodyHelper::NodeDef' [-Wshadow]
   47 |         std::vector<std::string> outputs,
      |         ~~~~~~~~~~~~~~~~~~~~~~~~~^~~~~~~
/dev/shm/velavision-ort-session-20260911/sources/onnx/onnx/defs/function.h:58:30: note: shadowed declaration is here
   58 |     std::vector<std::string> outputs;
      |                              ^~~~~~~
/dev/shm/velavision-ort-session-20260911/sources/onnx/onnx/defs/function.cc: In static member function 'static std::__1::vector<onnx::NodeProto> onnx::FunctionBodyHelper::BuildNodes(const std::__1::vector<NodeDef>&)':
/dev/shm/velavision-ort-session-20260911/sources/onnx/onnx/defs/function.cc:127:22: warning: declaration of 'i' shadows a previous local [-Wshadow]
  127 |     for (const auto& i : node.inputs) {
      |                      ^
/dev/shm/velavision-ort-session-20260911/sources/onnx/onnx/defs/function.cc:121:15: note: shadowed declaration is here
  121 |   for (size_t i = 0; i < node_defs.size(); i++) {
      |               ^
[211/749] Building CXX object _deps/onnx-build/CMakeFiles/onnx.dir/onnx/defs/generator/defs.cc.obj
In file included from /dev/shm/velavision-ort-session-20260911/sources/protobuf/src/google/protobuf/parse_context.h:47,
                 from /dev/shm/velavision-ort-session-20260911/sources/protobuf/src/google/protobuf/extension_set.h:53,
                 from /dev/shm/velavision-ort-session-20260911/build/_deps/onnx-build/onnx/onnx-ml.pb.h:30,
                 from /dev/shm/velavision-ort-session-20260911/sources/onnx/onnx/onnx_pb.h:65,
                 from /dev/shm/velavision-ort-session-20260911/sources/onnx/onnx/onnx-operators_pb.h:7,
                 from /dev/shm/velavision-ort-session-20260911/sources/onnx/onnx/defs/attr_proto_util.h:12,
                 from /dev/shm/velavision-ort-session-20260911/sources/onnx/onnx/defs/function.h:13,
                 from /dev/shm/velavision-ort-session-20260911/sources/onnx/onnx/defs/generator/defs.cc:8:
/dev/shm/velavision-ort-session-20260911/sources/protobuf/src/google/protobuf/inlined_string_field.h:430:5: warning: "GOOGLE_PROTOBUF_INTERNAL_DONATE_STEAL_INLINE" is not defined, evaluates to 0 [-Wundef]
  430 | #if GOOGLE_PROTOBUF_INTERNAL_DONATE_STEAL_INLINE
      |     ^~~~~~~~~~~~~~~~~~~~~~~~~~~~~~~~~~~~~~~~~~~~
In file included from /dev/shm/velavision-ort-session-20260911/sources/protobuf/src/google/protobuf/arena.h:52,
                 from /dev/shm/velavision-ort-session-20260911/build/_deps/onnx-build/onnx/onnx-ml.pb.h:24:
/dev/shm/velavision-ort-session-20260911/sources/protobuf/src/google/protobuf/arena_impl.h: In constructor 'google::protobuf::internal::SerialArena::Block::Block(google::protobuf::internal::SerialArena::Block*, size_t)':
/dev/shm/velavision-ort-session-20260911/sources/protobuf/src/google/protobuf/arena_impl.h:384:31: warning: declaration of 'size' shadows a member of 'google::protobuf::internal::SerialArena::Block' [-Wshadow]
  384 |     Block(Block* next, size_t size) : next(next), size(size), start(nullptr) {}
      |                        ~~~~~~~^~~~
/dev/shm/velavision-ort-session-20260911/sources/protobuf/src/google/protobuf/arena_impl.h:392:18: note: shadowed declaration is here
  392 |     const size_t size;
      |                  ^~~~
/dev/shm/velavision-ort-session-20260911/sources/protobuf/src/google/protobuf/arena_impl.h:384:18: warning: declaration of 'next' shadows a member of 'google::protobuf::internal::SerialArena::Block' [-Wshadow]
  384 |     Block(Block* next, size_t size) : next(next), size(size), start(nullptr) {}
      |           ~~~~~~~^~~~
/dev/shm/velavision-ort-session-20260911/sources/protobuf/src/google/protobuf/arena_impl.h:391:18: note: shadowed declaration is here
  391 |     Block* const next;
      |                  ^~~~
/dev/shm/velavision-ort-session-20260911/sources/protobuf/src/google/protobuf/arena_impl.h: In constructor 'google::protobuf::internal::SerialArena::Block::Block(google::protobuf::internal::SerialArena::Block*, size_t)':
/dev/shm/velavision-ort-session-20260911/sources/protobuf/src/google/protobuf/arena_impl.h:384:31: warning: declaration of 'size' shadows a member of 'google::protobuf::internal::SerialArena::Block' [-Wshadow]
  384 |     Block(Block* next, size_t size) : next(next), size(size), start(nullptr) {}
      |                        ~~~~~~~^~~~
/dev/shm/velavision-ort-session-20260911/sources/protobuf/src/google/protobuf/arena_impl.h:392:18: note: shadowed declaration is here
  392 |     const size_t size;
      |                  ^~~~
/dev/shm/velavision-ort-session-20260911/sources/protobuf/src/google/protobuf/arena_impl.h:384:18: warning: declaration of 'next' shadows a member of 'google::protobuf::internal::SerialArena::Block' [-Wshadow]
  384 |     Block(Block* next, size_t size) : next(next), size(size), start(nullptr) {}
      |           ~~~~~~~^~~~
/dev/shm/velavision-ort-session-20260911/sources/protobuf/src/google/protobuf/arena_impl.h:391:18: note: shadowed declaration is here
  391 |     Block* const next;
      |                  ^~~~
/dev/shm/velavision-ort-session-20260911/sources/protobuf/src/google/protobuf/arena_impl.h: In constructor 'google::protobuf::internal::SerialArena::Block::Block(google::protobuf::internal::SerialArena::Block*, size_t)':
/dev/shm/velavision-ort-session-20260911/sources/protobuf/src/google/protobuf/arena_impl.h:384:31: warning: declaration of 'size' shadows a member of 'google::protobuf::internal::SerialArena::Block' [-Wshadow]
  384 |     Block(Block* next, size_t size) : next(next), size(size), start(nullptr) {}
      |                        ~~~~~~~^~~~
/dev/shm/velavision-ort-session-20260911/sources/protobuf/src/google/protobuf/arena_impl.h:392:18: note: shadowed declaration is here
  392 |     const size_t size;
      |                  ^~~~
/dev/shm/velavision-ort-session-20260911/sources/protobuf/src/google/protobuf/arena_impl.h:384:18: warning: declaration of 'next' shadows a member of 'google::protobuf::internal::SerialArena::Block' [-Wshadow]
  384 |     Block(Block* next, size_t size) : next(next), size(size), start(nullptr) {}
      |           ~~~~~~~^~~~
/dev/shm/velavision-ort-session-20260911/sources/protobuf/src/google/protobuf/arena_impl.h:391:18: note: shadowed declaration is here
  391 |     Block* const next;
      |                  ^~~~
/dev/shm/velavision-ort-session-20260911/sources/onnx/onnx/defs/function.h: In constructor 'onnx::FunctionBodyHelper::NodeDef::NodeDef(std::__1::vector<std::__1::basic_string<char> >, std::__1::string, std::__1::vector<std::__1::basic_string<char> >, std::__1::vector<onnx::FunctionBodyHelper::AttributeProtoWrapper>, std::__1::string)':
/dev/shm/velavision-ort-session-20260911/sources/onnx/onnx/defs/function.h:51:21: warning: declaration of 'domain' shadows a member of 'onnx::FunctionBodyHelper::NodeDef' [-Wshadow]
   51 |         std::string domain = "")
      |         ~~~~~~~~~~~~^~~~~~~~~~~
/dev/shm/velavision-ort-session-20260911/sources/onnx/onnx/defs/function.h:62:17: note: shadowed declaration is here
   62 |     std::string domain;
      |                 ^~~~~~
/dev/shm/velavision-ort-session-20260911/sources/onnx/onnx/defs/function.h:50:44: warning: declaration of 'attributes' shadows a member of 'onnx::FunctionBodyHelper::NodeDef' [-Wshadow]
   50 |         std::vector<AttributeProtoWrapper> attributes = {},
      |         ~~~~~~~~~~~~~~~~~~~~~~~~~~~~~~~~~~~^~~~~~~~~~~~~~~
/dev/shm/velavision-ort-session-20260911/sources/onnx/onnx/defs/function.h:61:40: note: shadowed declaration is here
   61 |     std::vector<AttributeProtoWrapper> attributes;
      |                                        ^~~~~~~~~~
/dev/shm/velavision-ort-session-20260911/sources/onnx/onnx/defs/function.h:49:34: warning: declaration of 'inputs' shadows a member of 'onnx::FunctionBodyHelper::NodeDef' [-Wshadow]
   49 |         std::vector<std::string> inputs,
      |         ~~~~~~~~~~~~~~~~~~~~~~~~~^~~~~~
/dev/shm/velavision-ort-session-20260911/sources/onnx/onnx/defs/function.h:60:30: note: shadowed declaration is here
   60 |     std::vector<std::string> inputs;
      |                              ^~~~~~
/dev/shm/velavision-ort-session-20260911/sources/onnx/onnx/defs/function.h:48:21: warning: declaration of 'op_type' shadows a member of 'onnx::FunctionBodyHelper::NodeDef' [-Wshadow]
   48 |         std::string op_type,
      |         ~~~~~~~~~~~~^~~~~~~
/dev/shm/velavision-ort-session-20260911/sources/onnx/onnx/defs/function.h:59:17: note: shadowed declaration is here
   59 |     std::string op_type;
      |                 ^~~~~~~
/dev/shm/velavision-ort-session-20260911/sources/onnx/onnx/defs/function.h:47:34: warning: declaration of 'outputs' shadows a member of 'onnx::FunctionBodyHelper::NodeDef' [-Wshadow]
   47 |         std::vector<std::string> outputs,
      |         ~~~~~~~~~~~~~~~~~~~~~~~~~^~~~~~~
/dev/shm/velavision-ort-session-20260911/sources/onnx/onnx/defs/function.h:58:30: note: shadowed declaration is here
   58 |     std::vector<std::string> outputs;
      |                              ^~~~~~~
/dev/shm/velavision-ort-session-20260911/sources/onnx/onnx/defs/function.h: In constructor 'onnx::FunctionBodyHelper::NodeDef::NodeDef(std::__1::vector<std::__1::basic_string<char> >, std::__1::string, std::__1::vector<std::__1::basic_string<char> >, std::__1::vector<onnx::FunctionBodyHelper::AttributeProtoWrapper>, std::__1::string)':
/dev/shm/velavision-ort-session-20260911/sources/onnx/onnx/defs/function.h:51:21: warning: declaration of 'domain' shadows a member of 'onnx::FunctionBodyHelper::NodeDef' [-Wshadow]
   51 |         std::string domain = "")
      |         ~~~~~~~~~~~~^~~~~~~~~~~
/dev/shm/velavision-ort-session-20260911/sources/onnx/onnx/defs/function.h:62:17: note: shadowed declaration is here
   62 |     std::string domain;
      |                 ^~~~~~
/dev/shm/velavision-ort-session-20260911/sources/onnx/onnx/defs/function.h:50:44: warning: declaration of 'attributes' shadows a member of 'onnx::FunctionBodyHelper::NodeDef' [-Wshadow]
   50 |         std::vector<AttributeProtoWrapper> attributes = {},
      |         ~~~~~~~~~~~~~~~~~~~~~~~~~~~~~~~~~~~^~~~~~~~~~~~~~~
/dev/shm/velavision-ort-session-20260911/sources/onnx/onnx/defs/function.h:61:40: note: shadowed declaration is here
   61 |     std::vector<AttributeProtoWrapper> attributes;
      |                                        ^~~~~~~~~~
/dev/shm/velavision-ort-session-20260911/sources/onnx/onnx/defs/function.h:49:34: warning: declaration of 'inputs' shadows a member of 'onnx::FunctionBodyHelper::NodeDef' [-Wshadow]
   49 |         std::vector<std::string> inputs,
      |         ~~~~~~~~~~~~~~~~~~~~~~~~~^~~~~~
/dev/shm/velavision-ort-session-20260911/sources/onnx/onnx/defs/function.h:60:30: note: shadowed declaration is here
   60 |     std::vector<std::string> inputs;
      |                              ^~~~~~
/dev/shm/velavision-ort-session-20260911/sources/onnx/onnx/defs/function.h:48:21: warning: declaration of 'op_type' shadows a member of 'onnx::FunctionBodyHelper::NodeDef' [-Wshadow]
   48 |         std::string op_type,
      |         ~~~~~~~~~~~~^~~~~~~
/dev/shm/velavision-ort-session-20260911/sources/onnx/onnx/defs/function.h:59:17: note: shadowed declaration is here
   59 |     std::string op_type;
      |                 ^~~~~~~
/dev/shm/velavision-ort-session-20260911/sources/onnx/onnx/defs/function.h:47:34: warning: declaration of 'outputs' shadows a member of 'onnx::FunctionBodyHelper::NodeDef' [-Wshadow]
   47 |         std::vector<std::string> outputs,
      |         ~~~~~~~~~~~~~~~~~~~~~~~~~^~~~~~~
/dev/shm/velavision-ort-session-20260911/sources/onnx/onnx/defs/function.h:58:30: note: shadowed declaration is here
   58 |     std::vector<std::string> outputs;
      |                              ^~~~~~~
/dev/shm/velavision-ort-session-20260911/sources/onnx/onnx/defs/function.h: In constructor 'onnx::FunctionBodyHelper::NodeDef::NodeDef(std::__1::vector<std::__1::basic_string<char> >, std::__1::string, std::__1::vector<std::__1::basic_string<char> >, std::__1::vector<onnx::FunctionBodyHelper::AttributeProtoWrapper>, std::__1::string)':
/dev/shm/velavision-ort-session-20260911/sources/onnx/onnx/defs/function.h:51:21: warning: declaration of 'domain' shadows a member of 'onnx::FunctionBodyHelper::NodeDef' [-Wshadow]
   51 |         std::string domain = "")
      |         ~~~~~~~~~~~~^~~~~~~~~~~
/dev/shm/velavision-ort-session-20260911/sources/onnx/onnx/defs/function.h:62:17: note: shadowed declaration is here
   62 |     std::string domain;
      |                 ^~~~~~
/dev/shm/velavision-ort-session-20260911/sources/onnx/onnx/defs/function.h:50:44: warning: declaration of 'attributes' shadows a member of 'onnx::FunctionBodyHelper::NodeDef' [-Wshadow]
   50 |         std::vector<AttributeProtoWrapper> attributes = {},
      |         ~~~~~~~~~~~~~~~~~~~~~~~~~~~~~~~~~~~^~~~~~~~~~~~~~~
/dev/shm/velavision-ort-session-20260911/sources/onnx/onnx/defs/function.h:61:40: note: shadowed declaration is here
   61 |     std::vector<AttributeProtoWrapper> attributes;
      |                                        ^~~~~~~~~~
/dev/shm/velavision-ort-session-20260911/sources/onnx/onnx/defs/function.h:49:34: warning: declaration of 'inputs' shadows a member of 'onnx::FunctionBodyHelper::NodeDef' [-Wshadow]
   49 |         std::vector<std::string> inputs,
      |         ~~~~~~~~~~~~~~~~~~~~~~~~~^~~~~~
/dev/shm/velavision-ort-session-20260911/sources/onnx/onnx/defs/function.h:60:30: note: shadowed declaration is here
   60 |     std::vector<std::string> inputs;
      |                              ^~~~~~
/dev/shm/velavision-ort-session-20260911/sources/onnx/onnx/defs/function.h:48:21: warning: declaration of 'op_type' shadows a member of 'onnx::FunctionBodyHelper::NodeDef' [-Wshadow]
   48 |         std::string op_type,
      |         ~~~~~~~~~~~~^~~~~~~
/dev/shm/velavision-ort-session-20260911/sources/onnx/onnx/defs/function.h:59:17: note: shadowed declaration is here
   59 |     std::string op_type;
      |                 ^~~~~~~
/dev/shm/velavision-ort-session-20260911/sources/onnx/onnx/defs/function.h:47:34: warning: declaration of 'outputs' shadows a member of 'onnx::FunctionBodyHelper::NodeDef' [-Wshadow]
   47 |         std::vector<std::string> outputs,
      |         ~~~~~~~~~~~~~~~~~~~~~~~~~^~~~~~~
/dev/shm/velavision-ort-session-20260911/sources/onnx/onnx/defs/function.h:58:30: note: shadowed declaration is here
   58 |     std::vector<std::string> outputs;
      |                              ^~~~~~~
[212/749] Building CXX object _deps/onnx-build/CMakeFiles/onnx.dir/onnx/defs/generator/old.cc.obj
In file included from /dev/shm/velavision-ort-session-20260911/sources/protobuf/src/google/protobuf/parse_context.h:47,
                 from /dev/shm/velavision-ort-session-20260911/sources/protobuf/src/google/protobuf/extension_set.h:53,
                 from /dev/shm/velavision-ort-session-20260911/build/_deps/onnx-build/onnx/onnx-ml.pb.h:30,
                 from /dev/shm/velavision-ort-session-20260911/sources/onnx/onnx/onnx_pb.h:65,
                 from /dev/shm/velavision-ort-session-20260911/sources/onnx/onnx/defs/data_type_utils.h:14,
                 from /dev/shm/velavision-ort-session-20260911/sources/onnx/onnx/defs/shape_inference.h:13,
                 from /dev/shm/velavision-ort-session-20260911/sources/onnx/onnx/defs/schema.h:26,
                 from /dev/shm/velavision-ort-session-20260911/sources/onnx/onnx/defs/generator/utils.h:7,
                 from /dev/shm/velavision-ort-session-20260911/sources/onnx/onnx/defs/generator/old.cc:8:
/dev/shm/velavision-ort-session-20260911/sources/protobuf/src/google/protobuf/inlined_string_field.h:430:5: warning: "GOOGLE_PROTOBUF_INTERNAL_DONATE_STEAL_INLINE" is not defined, evaluates to 0 [-Wundef]
  430 | #if GOOGLE_PROTOBUF_INTERNAL_DONATE_STEAL_INLINE
      |     ^~~~~~~~~~~~~~~~~~~~~~~~~~~~~~~~~~~~~~~~~~~~
In file included from /dev/shm/velavision-ort-session-20260911/sources/protobuf/src/google/protobuf/arena.h:52,
                 from /dev/shm/velavision-ort-session-20260911/build/_deps/onnx-build/onnx/onnx-ml.pb.h:24:
/dev/shm/velavision-ort-session-20260911/sources/protobuf/src/google/protobuf/arena_impl.h: In constructor 'google::protobuf::internal::SerialArena::Block::Block(google::protobuf::internal::SerialArena::Block*, size_t)':
/dev/shm/velavision-ort-session-20260911/sources/protobuf/src/google/protobuf/arena_impl.h:384:31: warning: declaration of 'size' shadows a member of 'google::protobuf::internal::SerialArena::Block' [-Wshadow]
  384 |     Block(Block* next, size_t size) : next(next), size(size), start(nullptr) {}
      |                        ~~~~~~~^~~~
/dev/shm/velavision-ort-session-20260911/sources/protobuf/src/google/protobuf/arena_impl.h:392:18: note: shadowed declaration is here
  392 |     const size_t size;
      |                  ^~~~
/dev/shm/velavision-ort-session-20260911/sources/protobuf/src/google/protobuf/arena_impl.h:384:18: warning: declaration of 'next' shadows a member of 'google::protobuf::internal::SerialArena::Block' [-Wshadow]
  384 |     Block(Block* next, size_t size) : next(next), size(size), start(nullptr) {}
      |           ~~~~~~~^~~~
/dev/shm/velavision-ort-session-20260911/sources/protobuf/src/google/protobuf/arena_impl.h:391:18: note: shadowed declaration is here
  391 |     Block* const next;
      |                  ^~~~
/dev/shm/velavision-ort-session-20260911/sources/protobuf/src/google/protobuf/arena_impl.h: In constructor 'google::protobuf::internal::SerialArena::Block::Block(google::protobuf::internal::SerialArena::Block*, size_t)':
/dev/shm/velavision-ort-session-20260911/sources/protobuf/src/google/protobuf/arena_impl.h:384:31: warning: declaration of 'size' shadows a member of 'google::protobuf::internal::SerialArena::Block' [-Wshadow]
  384 |     Block(Block* next, size_t size) : next(next), size(size), start(nullptr) {}
      |                        ~~~~~~~^~~~
/dev/shm/velavision-ort-session-20260911/sources/protobuf/src/google/protobuf/arena_impl.h:392:18: note: shadowed declaration is here
  392 |     const size_t size;
      |                  ^~~~
/dev/shm/velavision-ort-session-20260911/sources/protobuf/src/google/protobuf/arena_impl.h:384:18: warning: declaration of 'next' shadows a member of 'google::protobuf::internal::SerialArena::Block' [-Wshadow]
  384 |     Block(Block* next, size_t size) : next(next), size(size), start(nullptr) {}
      |           ~~~~~~~^~~~
/dev/shm/velavision-ort-session-20260911/sources/protobuf/src/google/protobuf/arena_impl.h:391:18: note: shadowed declaration is here
  391 |     Block* const next;
      |                  ^~~~
/dev/shm/velavision-ort-session-20260911/sources/protobuf/src/google/protobuf/arena_impl.h: In constructor 'google::protobuf::internal::SerialArena::Block::Block(google::protobuf::internal::SerialArena::Block*, size_t)':
/dev/shm/velavision-ort-session-20260911/sources/protobuf/src/google/protobuf/arena_impl.h:384:31: warning: declaration of 'size' shadows a member of 'google::protobuf::internal::SerialArena::Block' [-Wshadow]
  384 |     Block(Block* next, size_t size) : next(next), size(size), start(nullptr) {}
      |                        ~~~~~~~^~~~
/dev/shm/velavision-ort-session-20260911/sources/protobuf/src/google/protobuf/arena_impl.h:392:18: note: shadowed declaration is here
  392 |     const size_t size;
      |                  ^~~~
/dev/shm/velavision-ort-session-20260911/sources/protobuf/src/google/protobuf/arena_impl.h:384:18: warning: declaration of 'next' shadows a member of 'google::protobuf::internal::SerialArena::Block' [-Wshadow]
  384 |     Block(Block* next, size_t size) : next(next), size(size), start(nullptr) {}
      |           ~~~~~~~^~~~
/dev/shm/velavision-ort-session-20260911/sources/protobuf/src/google/protobuf/arena_impl.h:391:18: note: shadowed declaration is here
  391 |     Block* const next;
      |                  ^~~~
[213/749] Building CXX object _deps/onnx-build/CMakeFiles/onnx.dir/onnx/defs/generator/utils.cc.obj
In file included from /dev/shm/velavision-ort-session-20260911/sources/protobuf/src/google/protobuf/parse_context.h:47,
                 from /dev/shm/velavision-ort-session-20260911/sources/protobuf/src/google/protobuf/extension_set.h:53,
                 from /dev/shm/velavision-ort-session-20260911/build/_deps/onnx-build/onnx/onnx-ml.pb.h:30,
                 from /dev/shm/velavision-ort-session-20260911/sources/onnx/onnx/onnx_pb.h:65,
                 from /dev/shm/velavision-ort-session-20260911/sources/onnx/onnx/defs/data_type_utils.h:14,
                 from /dev/shm/velavision-ort-session-20260911/sources/onnx/onnx/defs/shape_inference.h:13,
                 from /dev/shm/velavision-ort-session-20260911/sources/onnx/onnx/defs/schema.h:26,
                 from /dev/shm/velavision-ort-session-20260911/sources/onnx/onnx/defs/generator/utils.h:7,
                 from /dev/shm/velavision-ort-session-20260911/sources/onnx/onnx/defs/generator/utils.cc:5:
/dev/shm/velavision-ort-session-20260911/sources/protobuf/src/google/protobuf/inlined_string_field.h:430:5: warning: "GOOGLE_PROTOBUF_INTERNAL_DONATE_STEAL_INLINE" is not defined, evaluates to 0 [-Wundef]
  430 | #if GOOGLE_PROTOBUF_INTERNAL_DONATE_STEAL_INLINE
      |     ^~~~~~~~~~~~~~~~~~~~~~~~~~~~~~~~~~~~~~~~~~~~
In file included from /dev/shm/velavision-ort-session-20260911/sources/protobuf/src/google/protobuf/arena.h:52,
                 from /dev/shm/velavision-ort-session-20260911/build/_deps/onnx-build/onnx/onnx-ml.pb.h:24:
/dev/shm/velavision-ort-session-20260911/sources/protobuf/src/google/protobuf/arena_impl.h: In constructor 'google::protobuf::internal::SerialArena::Block::Block(google::protobuf::internal::SerialArena::Block*, size_t)':
/dev/shm/velavision-ort-session-20260911/sources/protobuf/src/google/protobuf/arena_impl.h:384:31: warning: declaration of 'size' shadows a member of 'google::protobuf::internal::SerialArena::Block' [-Wshadow]
  384 |     Block(Block* next, size_t size) : next(next), size(size), start(nullptr) {}
      |                        ~~~~~~~^~~~
/dev/shm/velavision-ort-session-20260911/sources/protobuf/src/google/protobuf/arena_impl.h:392:18: note: shadowed declaration is here
  392 |     const size_t size;
      |                  ^~~~
/dev/shm/velavision-ort-session-20260911/sources/protobuf/src/google/protobuf/arena_impl.h:384:18: warning: declaration of 'next' shadows a member of 'google::protobuf::internal::SerialArena::Block' [-Wshadow]
  384 |     Block(Block* next, size_t size) : next(next), size(size), start(nullptr) {}
      |           ~~~~~~~^~~~
/dev/shm/velavision-ort-session-20260911/sources/protobuf/src/google/protobuf/arena_impl.h:391:18: note: shadowed declaration is here
  391 |     Block* const next;
      |                  ^~~~
/dev/shm/velavision-ort-session-20260911/sources/protobuf/src/google/protobuf/arena_impl.h: In constructor 'google::protobuf::internal::SerialArena::Block::Block(google::protobuf::internal::SerialArena::Block*, size_t)':
/dev/shm/velavision-ort-session-20260911/sources/protobuf/src/google/protobuf/arena_impl.h:384:31: warning: declaration of 'size' shadows a member of 'google::protobuf::internal::SerialArena::Block' [-Wshadow]
  384 |     Block(Block* next, size_t size) : next(next), size(size), start(nullptr) {}
      |                        ~~~~~~~^~~~
/dev/shm/velavision-ort-session-20260911/sources/protobuf/src/google/protobuf/arena_impl.h:392:18: note: shadowed declaration is here
  392 |     const size_t size;
      |                  ^~~~
/dev/shm/velavision-ort-session-20260911/sources/protobuf/src/google/protobuf/arena_impl.h:384:18: warning: declaration of 'next' shadows a member of 'google::protobuf::internal::SerialArena::Block' [-Wshadow]
  384 |     Block(Block* next, size_t size) : next(next), size(size), start(nullptr) {}
      |           ~~~~~~~^~~~
/dev/shm/velavision-ort-session-20260911/sources/protobuf/src/google/protobuf/arena_impl.h:391:18: note: shadowed declaration is here
  391 |     Block* const next;
      |                  ^~~~
/dev/shm/velavision-ort-session-20260911/sources/protobuf/src/google/protobuf/arena_impl.h: In constructor 'google::protobuf::internal::SerialArena::Block::Block(google::protobuf::internal::SerialArena::Block*, size_t)':
/dev/shm/velavision-ort-session-20260911/sources/protobuf/src/google/protobuf/arena_impl.h:384:31: warning: declaration of 'size' shadows a member of 'google::protobuf::internal::SerialArena::Block' [-Wshadow]
  384 |     Block(Block* next, size_t size) : next(next), size(size), start(nullptr) {}
      |                        ~~~~~~~^~~~
/dev/shm/velavision-ort-session-20260911/sources/protobuf/src/google/protobuf/arena_impl.h:392:18: note: shadowed declaration is here
  392 |     const size_t size;
      |                  ^~~~
/dev/shm/velavision-ort-session-20260911/sources/protobuf/src/google/protobuf/arena_impl.h:384:18: warning: declaration of 'next' shadows a member of 'google::protobuf::internal::SerialArena::Block' [-Wshadow]
  384 |     Block(Block* next, size_t size) : next(next), size(size), start(nullptr) {}
      |           ~~~~~~~^~~~
/dev/shm/velavision-ort-session-20260911/sources/protobuf/src/google/protobuf/arena_impl.h:391:18: note: shadowed declaration is here
  391 |     Block* const next;
      |                  ^~~~
[214/749] Building CXX object _deps/onnx-build/CMakeFiles/onnx.dir/onnx/common/interned_strings.cc.obj
In file included from /dev/shm/velavision-ort-session-20260911/sources/onnx/onnx/common/interned_strings.cc:10:
/dev/shm/velavision-ort-session-20260911/sources/onnx/onnx/common/interned_strings.h: In constructor 'onnx::Symbol::Symbol(onnx::BuiltinSymbol)':
/dev/shm/velavision-ort-session-20260911/sources/onnx/onnx/common/interned_strings.h:199:37: warning: declaration of 'value' shadows a member of 'onnx::Symbol' [-Wshadow]
  199 |   /*implicit*/ Symbol(BuiltinSymbol value) : value(value) {}
      |                       ~~~~~~~~~~~~~~^~~~~
/dev/shm/velavision-ort-session-20260911/sources/onnx/onnx/common/interned_strings.h:209:12: note: shadowed declaration is here
  209 |   uint32_t value;
      |            ^~~~~
/dev/shm/velavision-ort-session-20260911/sources/onnx/onnx/common/interned_strings.h: In constructor 'onnx::Symbol::Symbol(onnx::BuiltinSymbol)':
/dev/shm/velavision-ort-session-20260911/sources/onnx/onnx/common/interned_strings.h:199:37: warning: declaration of 'value' shadows a member of 'onnx::Symbol' [-Wshadow]
  199 |   /*implicit*/ Symbol(BuiltinSymbol value) : value(value) {}
      |                       ~~~~~~~~~~~~~~^~~~~
/dev/shm/velavision-ort-session-20260911/sources/onnx/onnx/common/interned_strings.h:209:12: note: shadowed declaration is here
  209 |   uint32_t value;
      |            ^~~~~
/dev/shm/velavision-ort-session-20260911/sources/onnx/onnx/common/interned_strings.h: In constructor 'onnx::Symbol::Symbol(onnx::BuiltinSymbol)':
/dev/shm/velavision-ort-session-20260911/sources/onnx/onnx/common/interned_strings.h:199:37: warning: declaration of 'value' shadows a member of 'onnx::Symbol' [-Wshadow]
  199 |   /*implicit*/ Symbol(BuiltinSymbol value) : value(value) {}
      |                       ~~~~~~~~~~~~~~^~~~~
/dev/shm/velavision-ort-session-20260911/sources/onnx/onnx/common/interned_strings.h:209:12: note: shadowed declaration is here
  209 |   uint32_t value;
      |            ^~~~~
/dev/shm/velavision-ort-session-20260911/sources/onnx/onnx/common/interned_strings.h: In constructor 'onnx::Symbol::Symbol(uint32_t)':
/dev/shm/velavision-ort-session-20260911/sources/onnx/onnx/common/interned_strings.h:201:28: warning: declaration of 'value' shadows a member of 'onnx::Symbol' [-Wshadow]
  201 |   explicit Symbol(uint32_t value) : value(value) {}
      |                   ~~~~~~~~~^~~~~
/dev/shm/velavision-ort-session-20260911/sources/onnx/onnx/common/interned_strings.h:209:12: note: shadowed declaration is here
  209 |   uint32_t value;
      |            ^~~~~
/dev/shm/velavision-ort-session-20260911/sources/onnx/onnx/common/interned_strings.h: In constructor 'onnx::Symbol::Symbol(uint32_t)':
/dev/shm/velavision-ort-session-20260911/sources/onnx/onnx/common/interned_strings.h:201:28: warning: declaration of 'value' shadows a member of 'onnx::Symbol' [-Wshadow]
  201 |   explicit Symbol(uint32_t value) : value(value) {}
      |                   ~~~~~~~~~^~~~~
/dev/shm/velavision-ort-session-20260911/sources/onnx/onnx/common/interned_strings.h:209:12: note: shadowed declaration is here
  209 |   uint32_t value;
      |            ^~~~~
/dev/shm/velavision-ort-session-20260911/sources/onnx/onnx/common/interned_strings.h: In constructor 'onnx::Symbol::Symbol(uint32_t)':
/dev/shm/velavision-ort-session-20260911/sources/onnx/onnx/common/interned_strings.h:201:28: warning: declaration of 'value' shadows a member of 'onnx::Symbol' [-Wshadow]
  201 |   explicit Symbol(uint32_t value) : value(value) {}
      |                   ~~~~~~~~~^~~~~
/dev/shm/velavision-ort-session-20260911/sources/onnx/onnx/common/interned_strings.h:209:12: note: shadowed declaration is here
  209 |   uint32_t value;
      |            ^~~~~
/dev/shm/velavision-ort-session-20260911/sources/onnx/onnx/common/interned_strings.cc: In constructor 'onnx::InternedStrings::InternedStrings()':
/dev/shm/velavision-ort-session-20260911/sources/onnx/onnx/common/interned_strings.cc:24:3: note: variable tracking size limit exceeded with '-fvar-tracking-assignments', retrying without
   24 |   InternedStrings() : next_sym(kLastSymbol) {
      |   ^~~~~~~~~~~~~~~
[215/749] Building CXX object _deps/onnx-build/CMakeFiles/onnx.dir/onnx/defs/image/defs.cc.obj
In file included from /dev/shm/velavision-ort-session-20260911/sources/protobuf/src/google/protobuf/parse_context.h:47,
                 from /dev/shm/velavision-ort-session-20260911/sources/protobuf/src/google/protobuf/extension_set.h:53,
                 from /dev/shm/velavision-ort-session-20260911/build/_deps/onnx-build/onnx/onnx-ml.pb.h:30,
                 from /dev/shm/velavision-ort-session-20260911/sources/onnx/onnx/onnx_pb.h:65,
                 from /dev/shm/velavision-ort-session-20260911/sources/onnx/onnx/defs/data_type_utils.h:14,
                 from /dev/shm/velavision-ort-session-20260911/sources/onnx/onnx/defs/image/defs.cc:7:
/dev/shm/velavision-ort-session-20260911/sources/protobuf/src/google/protobuf/inlined_string_field.h:430:5: warning: "GOOGLE_PROTOBUF_INTERNAL_DONATE_STEAL_INLINE" is not defined, evaluates to 0 [-Wundef]
  430 | #if GOOGLE_PROTOBUF_INTERNAL_DONATE_STEAL_INLINE
      |     ^~~~~~~~~~~~~~~~~~~~~~~~~~~~~~~~~~~~~~~~~~~~
In file included from /dev/shm/velavision-ort-session-20260911/sources/protobuf/src/google/protobuf/arena.h:52,
                 from /dev/shm/velavision-ort-session-20260911/build/_deps/onnx-build/onnx/onnx-ml.pb.h:24:
/dev/shm/velavision-ort-session-20260911/sources/protobuf/src/google/protobuf/arena_impl.h: In constructor 'google::protobuf::internal::SerialArena::Block::Block(google::protobuf::internal::SerialArena::Block*, size_t)':
/dev/shm/velavision-ort-session-20260911/sources/protobuf/src/google/protobuf/arena_impl.h:384:31: warning: declaration of 'size' shadows a member of 'google::protobuf::internal::SerialArena::Block' [-Wshadow]
  384 |     Block(Block* next, size_t size) : next(next), size(size), start(nullptr) {}
      |                        ~~~~~~~^~~~
/dev/shm/velavision-ort-session-20260911/sources/protobuf/src/google/protobuf/arena_impl.h:392:18: note: shadowed declaration is here
  392 |     const size_t size;
      |                  ^~~~
/dev/shm/velavision-ort-session-20260911/sources/protobuf/src/google/protobuf/arena_impl.h:384:18: warning: declaration of 'next' shadows a member of 'google::protobuf::internal::SerialArena::Block' [-Wshadow]
  384 |     Block(Block* next, size_t size) : next(next), size(size), start(nullptr) {}
      |           ~~~~~~~^~~~
/dev/shm/velavision-ort-session-20260911/sources/protobuf/src/google/protobuf/arena_impl.h:391:18: note: shadowed declaration is here
  391 |     Block* const next;
      |                  ^~~~
/dev/shm/velavision-ort-session-20260911/sources/protobuf/src/google/protobuf/arena_impl.h: In constructor 'google::protobuf::internal::SerialArena::Block::Block(google::protobuf::internal::SerialArena::Block*, size_t)':
/dev/shm/velavision-ort-session-20260911/sources/protobuf/src/google/protobuf/arena_impl.h:384:31: warning: declaration of 'size' shadows a member of 'google::protobuf::internal::SerialArena::Block' [-Wshadow]
  384 |     Block(Block* next, size_t size) : next(next), size(size), start(nullptr) {}
      |                        ~~~~~~~^~~~
/dev/shm/velavision-ort-session-20260911/sources/protobuf/src/google/protobuf/arena_impl.h:392:18: note: shadowed declaration is here
  392 |     const size_t size;
      |                  ^~~~
/dev/shm/velavision-ort-session-20260911/sources/protobuf/src/google/protobuf/arena_impl.h:384:18: warning: declaration of 'next' shadows a member of 'google::protobuf::internal::SerialArena::Block' [-Wshadow]
  384 |     Block(Block* next, size_t size) : next(next), size(size), start(nullptr) {}
      |           ~~~~~~~^~~~
/dev/shm/velavision-ort-session-20260911/sources/protobuf/src/google/protobuf/arena_impl.h:391:18: note: shadowed declaration is here
  391 |     Block* const next;
      |                  ^~~~
/dev/shm/velavision-ort-session-20260911/sources/protobuf/src/google/protobuf/arena_impl.h: In constructor 'google::protobuf::internal::SerialArena::Block::Block(google::protobuf::internal::SerialArena::Block*, size_t)':
/dev/shm/velavision-ort-session-20260911/sources/protobuf/src/google/protobuf/arena_impl.h:384:31: warning: declaration of 'size' shadows a member of 'google::protobuf::internal::SerialArena::Block' [-Wshadow]
  384 |     Block(Block* next, size_t size) : next(next), size(size), start(nullptr) {}
      |                        ~~~~~~~^~~~
/dev/shm/velavision-ort-session-20260911/sources/protobuf/src/google/protobuf/arena_impl.h:392:18: note: shadowed declaration is here
  392 |     const size_t size;
      |                  ^~~~
/dev/shm/velavision-ort-session-20260911/sources/protobuf/src/google/protobuf/arena_impl.h:384:18: warning: declaration of 'next' shadows a member of 'google::protobuf::internal::SerialArena::Block' [-Wshadow]
  384 |     Block(Block* next, size_t size) : next(next), size(size), start(nullptr) {}
      |           ~~~~~~~^~~~
/dev/shm/velavision-ort-session-20260911/sources/protobuf/src/google/protobuf/arena_impl.h:391:18: note: shadowed declaration is here
  391 |     Block* const next;
      |                  ^~~~
[216/749] Building CXX object _deps/onnx-build/CMakeFiles/onnx.dir/onnx/defs/logical/defs.cc.obj
In file included from /dev/shm/velavision-ort-session-20260911/sources/protobuf/src/google/protobuf/parse_context.h:47,
                 from /dev/shm/velavision-ort-session-20260911/sources/protobuf/src/google/protobuf/extension_set.h:53,
                 from /dev/shm/velavision-ort-session-20260911/build/_deps/onnx-build/onnx/onnx-ml.pb.h:30,
                 from /dev/shm/velavision-ort-session-20260911/sources/onnx/onnx/onnx_pb.h:65,
                 from /dev/shm/velavision-ort-session-20260911/sources/onnx/onnx/onnx-operators_pb.h:7,
                 from /dev/shm/velavision-ort-session-20260911/sources/onnx/onnx/defs/attr_proto_util.h:12,
                 from /dev/shm/velavision-ort-session-20260911/sources/onnx/onnx/defs/function.h:13,
                 from /dev/shm/velavision-ort-session-20260911/sources/onnx/onnx/defs/logical/defs.cc:5:
/dev/shm/velavision-ort-session-20260911/sources/protobuf/src/google/protobuf/inlined_string_field.h:430:5: warning: "GOOGLE_PROTOBUF_INTERNAL_DONATE_STEAL_INLINE" is not defined, evaluates to 0 [-Wundef]
  430 | #if GOOGLE_PROTOBUF_INTERNAL_DONATE_STEAL_INLINE
      |     ^~~~~~~~~~~~~~~~~~~~~~~~~~~~~~~~~~~~~~~~~~~~
In file included from /dev/shm/velavision-ort-session-20260911/sources/protobuf/src/google/protobuf/arena.h:52,
                 from /dev/shm/velavision-ort-session-20260911/build/_deps/onnx-build/onnx/onnx-ml.pb.h:24:
/dev/shm/velavision-ort-session-20260911/sources/protobuf/src/google/protobuf/arena_impl.h: In constructor 'google::protobuf::internal::SerialArena::Block::Block(google::protobuf::internal::SerialArena::Block*, size_t)':
/dev/shm/velavision-ort-session-20260911/sources/protobuf/src/google/protobuf/arena_impl.h:384:31: warning: declaration of 'size' shadows a member of 'google::protobuf::internal::SerialArena::Block' [-Wshadow]
  384 |     Block(Block* next, size_t size) : next(next), size(size), start(nullptr) {}
      |                        ~~~~~~~^~~~
/dev/shm/velavision-ort-session-20260911/sources/protobuf/src/google/protobuf/arena_impl.h:392:18: note: shadowed declaration is here
  392 |     const size_t size;
      |                  ^~~~
/dev/shm/velavision-ort-session-20260911/sources/protobuf/src/google/protobuf/arena_impl.h:384:18: warning: declaration of 'next' shadows a member of 'google::protobuf::internal::SerialArena::Block' [-Wshadow]
  384 |     Block(Block* next, size_t size) : next(next), size(size), start(nullptr) {}
      |           ~~~~~~~^~~~
/dev/shm/velavision-ort-session-20260911/sources/protobuf/src/google/protobuf/arena_impl.h:391:18: note: shadowed declaration is here
  391 |     Block* const next;
      |                  ^~~~
/dev/shm/velavision-ort-session-20260911/sources/protobuf/src/google/protobuf/arena_impl.h: In constructor 'google::protobuf::internal::SerialArena::Block::Block(google::protobuf::internal::SerialArena::Block*, size_t)':
/dev/shm/velavision-ort-session-20260911/sources/protobuf/src/google/protobuf/arena_impl.h:384:31: warning: declaration of 'size' shadows a member of 'google::protobuf::internal::SerialArena::Block' [-Wshadow]
  384 |     Block(Block* next, size_t size) : next(next), size(size), start(nullptr) {}
      |                        ~~~~~~~^~~~
/dev/shm/velavision-ort-session-20260911/sources/protobuf/src/google/protobuf/arena_impl.h:392:18: note: shadowed declaration is here
  392 |     const size_t size;
      |                  ^~~~
/dev/shm/velavision-ort-session-20260911/sources/protobuf/src/google/protobuf/arena_impl.h:384:18: warning: declaration of 'next' shadows a member of 'google::protobuf::internal::SerialArena::Block' [-Wshadow]
  384 |     Block(Block* next, size_t size) : next(next), size(size), start(nullptr) {}
      |           ~~~~~~~^~~~
/dev/shm/velavision-ort-session-20260911/sources/protobuf/src/google/protobuf/arena_impl.h:391:18: note: shadowed declaration is here
  391 |     Block* const next;
      |                  ^~~~
/dev/shm/velavision-ort-session-20260911/sources/protobuf/src/google/protobuf/arena_impl.h: In constructor 'google::protobuf::internal::SerialArena::Block::Block(google::protobuf::internal::SerialArena::Block*, size_t)':
/dev/shm/velavision-ort-session-20260911/sources/protobuf/src/google/protobuf/arena_impl.h:384:31: warning: declaration of 'size' shadows a member of 'google::protobuf::internal::SerialArena::Block' [-Wshadow]
  384 |     Block(Block* next, size_t size) : next(next), size(size), start(nullptr) {}
      |                        ~~~~~~~^~~~
/dev/shm/velavision-ort-session-20260911/sources/protobuf/src/google/protobuf/arena_impl.h:392:18: note: shadowed declaration is here
  392 |     const size_t size;
      |                  ^~~~
/dev/shm/velavision-ort-session-20260911/sources/protobuf/src/google/protobuf/arena_impl.h:384:18: warning: declaration of 'next' shadows a member of 'google::protobuf::internal::SerialArena::Block' [-Wshadow]
  384 |     Block(Block* next, size_t size) : next(next), size(size), start(nullptr) {}
      |           ~~~~~~~^~~~
/dev/shm/velavision-ort-session-20260911/sources/protobuf/src/google/protobuf/arena_impl.h:391:18: note: shadowed declaration is here
  391 |     Block* const next;
      |                  ^~~~
/dev/shm/velavision-ort-session-20260911/sources/onnx/onnx/defs/function.h: In constructor 'onnx::FunctionBodyHelper::NodeDef::NodeDef(std::__1::vector<std::__1::basic_string<char> >, std::__1::string, std::__1::vector<std::__1::basic_string<char> >, std::__1::vector<onnx::FunctionBodyHelper::AttributeProtoWrapper>, std::__1::string)':
/dev/shm/velavision-ort-session-20260911/sources/onnx/onnx/defs/function.h:51:21: warning: declaration of 'domain' shadows a member of 'onnx::FunctionBodyHelper::NodeDef' [-Wshadow]
   51 |         std::string domain = "")
      |         ~~~~~~~~~~~~^~~~~~~~~~~
/dev/shm/velavision-ort-session-20260911/sources/onnx/onnx/defs/function.h:62:17: note: shadowed declaration is here
   62 |     std::string domain;
      |                 ^~~~~~
/dev/shm/velavision-ort-session-20260911/sources/onnx/onnx/defs/function.h:50:44: warning: declaration of 'attributes' shadows a member of 'onnx::FunctionBodyHelper::NodeDef' [-Wshadow]
   50 |         std::vector<AttributeProtoWrapper> attributes = {},
      |         ~~~~~~~~~~~~~~~~~~~~~~~~~~~~~~~~~~~^~~~~~~~~~~~~~~
/dev/shm/velavision-ort-session-20260911/sources/onnx/onnx/defs/function.h:61:40: note: shadowed declaration is here
   61 |     std::vector<AttributeProtoWrapper> attributes;
      |                                        ^~~~~~~~~~
/dev/shm/velavision-ort-session-20260911/sources/onnx/onnx/defs/function.h:49:34: warning: declaration of 'inputs' shadows a member of 'onnx::FunctionBodyHelper::NodeDef' [-Wshadow]
   49 |         std::vector<std::string> inputs,
      |         ~~~~~~~~~~~~~~~~~~~~~~~~~^~~~~~
/dev/shm/velavision-ort-session-20260911/sources/onnx/onnx/defs/function.h:60:30: note: shadowed declaration is here
   60 |     std::vector<std::string> inputs;
      |                              ^~~~~~
/dev/shm/velavision-ort-session-20260911/sources/onnx/onnx/defs/function.h:48:21: warning: declaration of 'op_type' shadows a member of 'onnx::FunctionBodyHelper::NodeDef' [-Wshadow]
   48 |         std::string op_type,
      |         ~~~~~~~~~~~~^~~~~~~
/dev/shm/velavision-ort-session-20260911/sources/onnx/onnx/defs/function.h:59:17: note: shadowed declaration is here
   59 |     std::string op_type;
      |                 ^~~~~~~
/dev/shm/velavision-ort-session-20260911/sources/onnx/onnx/defs/function.h:47:34: warning: declaration of 'outputs' shadows a member of 'onnx::FunctionBodyHelper::NodeDef' [-Wshadow]
   47 |         std::vector<std::string> outputs,
      |         ~~~~~~~~~~~~~~~~~~~~~~~~~^~~~~~~
/dev/shm/velavision-ort-session-20260911/sources/onnx/onnx/defs/function.h:58:30: note: shadowed declaration is here
   58 |     std::vector<std::string> outputs;
      |                              ^~~~~~~
/dev/shm/velavision-ort-session-20260911/sources/onnx/onnx/defs/function.h: In constructor 'onnx::FunctionBodyHelper::NodeDef::NodeDef(std::__1::vector<std::__1::basic_string<char> >, std::__1::string, std::__1::vector<std::__1::basic_string<char> >, std::__1::vector<onnx::FunctionBodyHelper::AttributeProtoWrapper>, std::__1::string)':
/dev/shm/velavision-ort-session-20260911/sources/onnx/onnx/defs/function.h:51:21: warning: declaration of 'domain' shadows a member of 'onnx::FunctionBodyHelper::NodeDef' [-Wshadow]
   51 |         std::string domain = "")
      |         ~~~~~~~~~~~~^~~~~~~~~~~
/dev/shm/velavision-ort-session-20260911/sources/onnx/onnx/defs/function.h:62:17: note: shadowed declaration is here
   62 |     std::string domain;
      |                 ^~~~~~
/dev/shm/velavision-ort-session-20260911/sources/onnx/onnx/defs/function.h:50:44: warning: declaration of 'attributes' shadows a member of 'onnx::FunctionBodyHelper::NodeDef' [-Wshadow]
   50 |         std::vector<AttributeProtoWrapper> attributes = {},
      |         ~~~~~~~~~~~~~~~~~~~~~~~~~~~~~~~~~~~^~~~~~~~~~~~~~~
/dev/shm/velavision-ort-session-20260911/sources/onnx/onnx/defs/function.h:61:40: note: shadowed declaration is here
   61 |     std::vector<AttributeProtoWrapper> attributes;
      |                                        ^~~~~~~~~~
/dev/shm/velavision-ort-session-20260911/sources/onnx/onnx/defs/function.h:49:34: warning: declaration of 'inputs' shadows a member of 'onnx::FunctionBodyHelper::NodeDef' [-Wshadow]
   49 |         std::vector<std::string> inputs,
      |         ~~~~~~~~~~~~~~~~~~~~~~~~~^~~~~~
/dev/shm/velavision-ort-session-20260911/sources/onnx/onnx/defs/function.h:60:30: note: shadowed declaration is here
   60 |     std::vector<std::string> inputs;
      |                              ^~~~~~
/dev/shm/velavision-ort-session-20260911/sources/onnx/onnx/defs/function.h:48:21: warning: declaration of 'op_type' shadows a member of 'onnx::FunctionBodyHelper::NodeDef' [-Wshadow]
   48 |         std::string op_type,
      |         ~~~~~~~~~~~~^~~~~~~
/dev/shm/velavision-ort-session-20260911/sources/onnx/onnx/defs/function.h:59:17: note: shadowed declaration is here
   59 |     std::string op_type;
      |                 ^~~~~~~
/dev/shm/velavision-ort-session-20260911/sources/onnx/onnx/defs/function.h:47:34: warning: declaration of 'outputs' shadows a member of 'onnx::FunctionBodyHelper::NodeDef' [-Wshadow]
   47 |         std::vector<std::string> outputs,
      |         ~~~~~~~~~~~~~~~~~~~~~~~~~^~~~~~~
/dev/shm/velavision-ort-session-20260911/sources/onnx/onnx/defs/function.h:58:30: note: shadowed declaration is here
   58 |     std::vector<std::string> outputs;
      |                              ^~~~~~~
/dev/shm/velavision-ort-session-20260911/sources/onnx/onnx/defs/function.h: In constructor 'onnx::FunctionBodyHelper::NodeDef::NodeDef(std::__1::vector<std::__1::basic_string<char> >, std::__1::string, std::__1::vector<std::__1::basic_string<char> >, std::__1::vector<onnx::FunctionBodyHelper::AttributeProtoWrapper>, std::__1::string)':
/dev/shm/velavision-ort-session-20260911/sources/onnx/onnx/defs/function.h:51:21: warning: declaration of 'domain' shadows a member of 'onnx::FunctionBodyHelper::NodeDef' [-Wshadow]
   51 |         std::string domain = "")
      |         ~~~~~~~~~~~~^~~~~~~~~~~
/dev/shm/velavision-ort-session-20260911/sources/onnx/onnx/defs/function.h:62:17: note: shadowed declaration is here
   62 |     std::string domain;
      |                 ^~~~~~
/dev/shm/velavision-ort-session-20260911/sources/onnx/onnx/defs/function.h:50:44: warning: declaration of 'attributes' shadows a member of 'onnx::FunctionBodyHelper::NodeDef' [-Wshadow]
   50 |         std::vector<AttributeProtoWrapper> attributes = {},
      |         ~~~~~~~~~~~~~~~~~~~~~~~~~~~~~~~~~~~^~~~~~~~~~~~~~~
/dev/shm/velavision-ort-session-20260911/sources/onnx/onnx/defs/function.h:61:40: note: shadowed declaration is here
   61 |     std::vector<AttributeProtoWrapper> attributes;
      |                                        ^~~~~~~~~~
/dev/shm/velavision-ort-session-20260911/sources/onnx/onnx/defs/function.h:49:34: warning: declaration of 'inputs' shadows a member of 'onnx::FunctionBodyHelper::NodeDef' [-Wshadow]
   49 |         std::vector<std::string> inputs,
      |         ~~~~~~~~~~~~~~~~~~~~~~~~~^~~~~~
/dev/shm/velavision-ort-session-20260911/sources/onnx/onnx/defs/function.h:60:30: note: shadowed declaration is here
   60 |     std::vector<std::string> inputs;
      |                              ^~~~~~
/dev/shm/velavision-ort-session-20260911/sources/onnx/onnx/defs/function.h:48:21: warning: declaration of 'op_type' shadows a member of 'onnx::FunctionBodyHelper::NodeDef' [-Wshadow]
   48 |         std::string op_type,
      |         ~~~~~~~~~~~~^~~~~~~
/dev/shm/velavision-ort-session-20260911/sources/onnx/onnx/defs/function.h:59:17: note: shadowed declaration is here
   59 |     std::string op_type;
      |                 ^~~~~~~
/dev/shm/velavision-ort-session-20260911/sources/onnx/onnx/defs/function.h:47:34: warning: declaration of 'outputs' shadows a member of 'onnx::FunctionBodyHelper::NodeDef' [-Wshadow]
   47 |         std::vector<std::string> outputs,
      |         ~~~~~~~~~~~~~~~~~~~~~~~~~^~~~~~~
/dev/shm/velavision-ort-session-20260911/sources/onnx/onnx/defs/function.h:58:30: note: shadowed declaration is here
   58 |     std::vector<std::string> outputs;
      |                              ^~~~~~~
/dev/shm/velavision-ort-session-20260911/sources/onnx/onnx/defs/logical/defs.cc: In function 'std::__1::function<void(onnx::OpSchema&)> onnx::BinaryLogicDocGenerator(const char*)':
/dev/shm/velavision-ort-session-20260911/sources/onnx/onnx/defs/logical/defs.cc:19:68: warning: unused parameter 'name' [-Wunused-parameter]
   19 | std::function<void(OpSchema&)> BinaryLogicDocGenerator(const char* name) {
      |                                                        ~~~~~~~~~~~~^~~~
/dev/shm/velavision-ort-session-20260911/sources/onnx/onnx/defs/logical/defs.cc: In function 'std::__1::function<void(onnx::OpSchema&)> onnx::BinaryBitwiseDocGenerator(const char*)':
/dev/shm/velavision-ort-session-20260911/sources/onnx/onnx/defs/logical/defs.cc:247:70: warning: unused parameter 'name' [-Wunused-parameter]
  247 | std::function<void(OpSchema&)> BinaryBitwiseDocGenerator(const char* name) {
      |                                                          ~~~~~~~~~~~~^~~~
/dev/shm/velavision-ort-session-20260911/sources/onnx/onnx/defs/logical/defs.cc: At global scope:
/dev/shm/velavision-ort-session-20260911/sources/onnx/onnx/defs/logical/defs.cc:141:20: warning: 'onnx::BitShift_ver11_doc' defined but not used [-Wunused-variable]
  141 | static const char* BitShift_ver11_doc = R"DOC(
      |                    ^~~~~~~~~~~~~~~~~~
[217/749] Building CXX object _deps/onnx-build/CMakeFiles/onnx.dir/onnx/defs/logical/old.cc.obj
In file included from /dev/shm/velavision-ort-session-20260911/sources/protobuf/src/google/protobuf/parse_context.h:47,
                 from /dev/shm/velavision-ort-session-20260911/sources/protobuf/src/google/protobuf/extension_set.h:53,
                 from /dev/shm/velavision-ort-session-20260911/build/_deps/onnx-build/onnx/onnx-ml.pb.h:30,
                 from /dev/shm/velavision-ort-session-20260911/sources/onnx/onnx/onnx_pb.h:65,
                 from /dev/shm/velavision-ort-session-20260911/sources/onnx/onnx/defs/data_type_utils.h:14,
                 from /dev/shm/velavision-ort-session-20260911/sources/onnx/onnx/defs/shape_inference.h:13,
                 from /dev/shm/velavision-ort-session-20260911/sources/onnx/onnx/defs/schema.h:26,
                 from /dev/shm/velavision-ort-session-20260911/sources/onnx/onnx/defs/logical/old.cc:5:
/dev/shm/velavision-ort-session-20260911/sources/protobuf/src/google/protobuf/inlined_string_field.h:430:5: warning: "GOOGLE_PROTOBUF_INTERNAL_DONATE_STEAL_INLINE" is not defined, evaluates to 0 [-Wundef]
  430 | #if GOOGLE_PROTOBUF_INTERNAL_DONATE_STEAL_INLINE
      |     ^~~~~~~~~~~~~~~~~~~~~~~~~~~~~~~~~~~~~~~~~~~~
In file included from /dev/shm/velavision-ort-session-20260911/sources/protobuf/src/google/protobuf/arena.h:52,
                 from /dev/shm/velavision-ort-session-20260911/build/_deps/onnx-build/onnx/onnx-ml.pb.h:24:
/dev/shm/velavision-ort-session-20260911/sources/protobuf/src/google/protobuf/arena_impl.h: In constructor 'google::protobuf::internal::SerialArena::Block::Block(google::protobuf::internal::SerialArena::Block*, size_t)':
/dev/shm/velavision-ort-session-20260911/sources/protobuf/src/google/protobuf/arena_impl.h:384:31: warning: declaration of 'size' shadows a member of 'google::protobuf::internal::SerialArena::Block' [-Wshadow]
  384 |     Block(Block* next, size_t size) : next(next), size(size), start(nullptr) {}
      |                        ~~~~~~~^~~~
/dev/shm/velavision-ort-session-20260911/sources/protobuf/src/google/protobuf/arena_impl.h:392:18: note: shadowed declaration is here
  392 |     const size_t size;
      |                  ^~~~
/dev/shm/velavision-ort-session-20260911/sources/protobuf/src/google/protobuf/arena_impl.h:384:18: warning: declaration of 'next' shadows a member of 'google::protobuf::internal::SerialArena::Block' [-Wshadow]
  384 |     Block(Block* next, size_t size) : next(next), size(size), start(nullptr) {}
      |           ~~~~~~~^~~~
/dev/shm/velavision-ort-session-20260911/sources/protobuf/src/google/protobuf/arena_impl.h:391:18: note: shadowed declaration is here
  391 |     Block* const next;
      |                  ^~~~
/dev/shm/velavision-ort-session-20260911/sources/protobuf/src/google/protobuf/arena_impl.h: In constructor 'google::protobuf::internal::SerialArena::Block::Block(google::protobuf::internal::SerialArena::Block*, size_t)':
/dev/shm/velavision-ort-session-20260911/sources/protobuf/src/google/protobuf/arena_impl.h:384:31: warning: declaration of 'size' shadows a member of 'google::protobuf::internal::SerialArena::Block' [-Wshadow]
  384 |     Block(Block* next, size_t size) : next(next), size(size), start(nullptr) {}
      |                        ~~~~~~~^~~~
/dev/shm/velavision-ort-session-20260911/sources/protobuf/src/google/protobuf/arena_impl.h:392:18: note: shadowed declaration is here
  392 |     const size_t size;
      |                  ^~~~
/dev/shm/velavision-ort-session-20260911/sources/protobuf/src/google/protobuf/arena_impl.h:384:18: warning: declaration of 'next' shadows a member of 'google::protobuf::internal::SerialArena::Block' [-Wshadow]
  384 |     Block(Block* next, size_t size) : next(next), size(size), start(nullptr) {}
      |           ~~~~~~~^~~~
/dev/shm/velavision-ort-session-20260911/sources/protobuf/src/google/protobuf/arena_impl.h:391:18: note: shadowed declaration is here
  391 |     Block* const next;
      |                  ^~~~
/dev/shm/velavision-ort-session-20260911/sources/protobuf/src/google/protobuf/arena_impl.h: In constructor 'google::protobuf::internal::SerialArena::Block::Block(google::protobuf::internal::SerialArena::Block*, size_t)':
/dev/shm/velavision-ort-session-20260911/sources/protobuf/src/google/protobuf/arena_impl.h:384:31: warning: declaration of 'size' shadows a member of 'google::protobuf::internal::SerialArena::Block' [-Wshadow]
  384 |     Block(Block* next, size_t size) : next(next), size(size), start(nullptr) {}
      |                        ~~~~~~~^~~~
/dev/shm/velavision-ort-session-20260911/sources/protobuf/src/google/protobuf/arena_impl.h:392:18: note: shadowed declaration is here
  392 |     const size_t size;
      |                  ^~~~
/dev/shm/velavision-ort-session-20260911/sources/protobuf/src/google/protobuf/arena_impl.h:384:18: warning: declaration of 'next' shadows a member of 'google::protobuf::internal::SerialArena::Block' [-Wshadow]
  384 |     Block(Block* next, size_t size) : next(next), size(size), start(nullptr) {}
      |           ~~~~~~~^~~~
/dev/shm/velavision-ort-session-20260911/sources/protobuf/src/google/protobuf/arena_impl.h:391:18: note: shadowed declaration is here
  391 |     Block* const next;
      |                  ^~~~
/dev/shm/velavision-ort-session-20260911/sources/onnx/onnx/defs/logical/old.cc: In function 'std::__1::function<void(onnx::OpSchema&)> onnx::BinaryLogicDocGenerator_opset12(const char*)':
/dev/shm/velavision-ort-session-20260911/sources/onnx/onnx/defs/logical/old.cc:11:76: warning: unused parameter 'name' [-Wunused-parameter]
   11 | std::function<void(OpSchema&)> BinaryLogicDocGenerator_opset12(const char* name) {
      |                                                                ~~~~~~~~~~~~^~~~
/dev/shm/velavision-ort-session-20260911/sources/onnx/onnx/defs/logical/old.cc: In function 'std::__1::function<void(onnx::OpSchema&)> onnx::BinaryLogicDocGenerator_opset1(const char*)':
/dev/shm/velavision-ort-session-20260911/sources/onnx/onnx/defs/logical/old.cc:84:75: warning: unused parameter 'name' [-Wunused-parameter]
   84 | std::function<void(OpSchema&)> BinaryLogicDocGenerator_opset1(const char* name) {
      |                                                               ~~~~~~~~~~~~^~~~
/dev/shm/velavision-ort-session-20260911/sources/onnx/onnx/defs/logical/old.cc: In function 'std::__1::function<void(onnx::OpSchema&)> onnx::BinaryLogicDocGenerator_opset7(const char*)':
/dev/shm/velavision-ort-session-20260911/sources/onnx/onnx/defs/logical/old.cc:106:75: warning: unused parameter 'name' [-Wunused-parameter]
  106 | std::function<void(OpSchema&)> BinaryLogicDocGenerator_opset7(const char* name) {
      |                                                               ~~~~~~~~~~~~^~~~
[218/749] Building CXX object _deps/onnx-build/CMakeFiles/onnx.dir/onnx/defs/math/defs.cc.obj
In file included from /dev/shm/velavision-ort-session-20260911/sources/protobuf/src/google/protobuf/parse_context.h:47,
                 from /dev/shm/velavision-ort-session-20260911/sources/protobuf/src/google/protobuf/extension_set.h:53,
                 from /dev/shm/velavision-ort-session-20260911/build/_deps/onnx-build/onnx/onnx-ml.pb.h:30,
                 from /dev/shm/velavision-ort-session-20260911/sources/onnx/onnx/onnx_pb.h:65,
                 from /dev/shm/velavision-ort-session-20260911/sources/onnx/onnx/defs/data_type_utils.h:14,
                 from /dev/shm/velavision-ort-session-20260911/sources/onnx/onnx/defs/math/defs.cc:9:
/dev/shm/velavision-ort-session-20260911/sources/protobuf/src/google/protobuf/inlined_string_field.h:430:5: warning: "GOOGLE_PROTOBUF_INTERNAL_DONATE_STEAL_INLINE" is not defined, evaluates to 0 [-Wundef]
  430 | #if GOOGLE_PROTOBUF_INTERNAL_DONATE_STEAL_INLINE
      |     ^~~~~~~~~~~~~~~~~~~~~~~~~~~~~~~~~~~~~~~~~~~~
In file included from /dev/shm/velavision-ort-session-20260911/sources/protobuf/src/google/protobuf/arena.h:52,
                 from /dev/shm/velavision-ort-session-20260911/build/_deps/onnx-build/onnx/onnx-ml.pb.h:24:
/dev/shm/velavision-ort-session-20260911/sources/protobuf/src/google/protobuf/arena_impl.h: In constructor 'google::protobuf::internal::SerialArena::Block::Block(google::protobuf::internal::SerialArena::Block*, size_t)':
/dev/shm/velavision-ort-session-20260911/sources/protobuf/src/google/protobuf/arena_impl.h:384:31: warning: declaration of 'size' shadows a member of 'google::protobuf::internal::SerialArena::Block' [-Wshadow]
  384 |     Block(Block* next, size_t size) : next(next), size(size), start(nullptr) {}
      |                        ~~~~~~~^~~~
/dev/shm/velavision-ort-session-20260911/sources/protobuf/src/google/protobuf/arena_impl.h:392:18: note: shadowed declaration is here
  392 |     const size_t size;
      |                  ^~~~
/dev/shm/velavision-ort-session-20260911/sources/protobuf/src/google/protobuf/arena_impl.h:384:18: warning: declaration of 'next' shadows a member of 'google::protobuf::internal::SerialArena::Block' [-Wshadow]
  384 |     Block(Block* next, size_t size) : next(next), size(size), start(nullptr) {}
      |           ~~~~~~~^~~~
/dev/shm/velavision-ort-session-20260911/sources/protobuf/src/google/protobuf/arena_impl.h:391:18: note: shadowed declaration is here
  391 |     Block* const next;
      |                  ^~~~
/dev/shm/velavision-ort-session-20260911/sources/protobuf/src/google/protobuf/arena_impl.h: In constructor 'google::protobuf::internal::SerialArena::Block::Block(google::protobuf::internal::SerialArena::Block*, size_t)':
/dev/shm/velavision-ort-session-20260911/sources/protobuf/src/google/protobuf/arena_impl.h:384:31: warning: declaration of 'size' shadows a member of 'google::protobuf::internal::SerialArena::Block' [-Wshadow]
  384 |     Block(Block* next, size_t size) : next(next), size(size), start(nullptr) {}
      |                        ~~~~~~~^~~~
/dev/shm/velavision-ort-session-20260911/sources/protobuf/src/google/protobuf/arena_impl.h:392:18: note: shadowed declaration is here
  392 |     const size_t size;
      |                  ^~~~
/dev/shm/velavision-ort-session-20260911/sources/protobuf/src/google/protobuf/arena_impl.h:384:18: warning: declaration of 'next' shadows a member of 'google::protobuf::internal::SerialArena::Block' [-Wshadow]
  384 |     Block(Block* next, size_t size) : next(next), size(size), start(nullptr) {}
      |           ~~~~~~~^~~~
/dev/shm/velavision-ort-session-20260911/sources/protobuf/src/google/protobuf/arena_impl.h:391:18: note: shadowed declaration is here
  391 |     Block* const next;
      |                  ^~~~
/dev/shm/velavision-ort-session-20260911/sources/protobuf/src/google/protobuf/arena_impl.h: In constructor 'google::protobuf::internal::SerialArena::Block::Block(google::protobuf::internal::SerialArena::Block*, size_t)':
/dev/shm/velavision-ort-session-20260911/sources/protobuf/src/google/protobuf/arena_impl.h:384:31: warning: declaration of 'size' shadows a member of 'google::protobuf::internal::SerialArena::Block' [-Wshadow]
  384 |     Block(Block* next, size_t size) : next(next), size(size), start(nullptr) {}
      |                        ~~~~~~~^~~~
/dev/shm/velavision-ort-session-20260911/sources/protobuf/src/google/protobuf/arena_impl.h:392:18: note: shadowed declaration is here
  392 |     const size_t size;
      |                  ^~~~
/dev/shm/velavision-ort-session-20260911/sources/protobuf/src/google/protobuf/arena_impl.h:384:18: warning: declaration of 'next' shadows a member of 'google::protobuf::internal::SerialArena::Block' [-Wshadow]
  384 |     Block(Block* next, size_t size) : next(next), size(size), start(nullptr) {}
      |           ~~~~~~~^~~~
/dev/shm/velavision-ort-session-20260911/sources/protobuf/src/google/protobuf/arena_impl.h:391:18: note: shadowed declaration is here
  391 |     Block* const next;
      |                  ^~~~
In file included from /dev/shm/velavision-ort-session-20260911/sources/onnx/onnx/defs/math/defs.cc:10:
/dev/shm/velavision-ort-session-20260911/sources/onnx/onnx/defs/function.h: In constructor 'onnx::FunctionBodyHelper::NodeDef::NodeDef(std::__1::vector<std::__1::basic_string<char> >, std::__1::string, std::__1::vector<std::__1::basic_string<char> >, std::__1::vector<onnx::FunctionBodyHelper::AttributeProtoWrapper>, std::__1::string)':
/dev/shm/velavision-ort-session-20260911/sources/onnx/onnx/defs/function.h:51:21: warning: declaration of 'domain' shadows a member of 'onnx::FunctionBodyHelper::NodeDef' [-Wshadow]
   51 |         std::string domain = "")
      |         ~~~~~~~~~~~~^~~~~~~~~~~
/dev/shm/velavision-ort-session-20260911/sources/onnx/onnx/defs/function.h:62:17: note: shadowed declaration is here
   62 |     std::string domain;
      |                 ^~~~~~
/dev/shm/velavision-ort-session-20260911/sources/onnx/onnx/defs/function.h:50:44: warning: declaration of 'attributes' shadows a member of 'onnx::FunctionBodyHelper::NodeDef' [-Wshadow]
   50 |         std::vector<AttributeProtoWrapper> attributes = {},
      |         ~~~~~~~~~~~~~~~~~~~~~~~~~~~~~~~~~~~^~~~~~~~~~~~~~~
/dev/shm/velavision-ort-session-20260911/sources/onnx/onnx/defs/function.h:61:40: note: shadowed declaration is here
   61 |     std::vector<AttributeProtoWrapper> attributes;
      |                                        ^~~~~~~~~~
/dev/shm/velavision-ort-session-20260911/sources/onnx/onnx/defs/function.h:49:34: warning: declaration of 'inputs' shadows a member of 'onnx::FunctionBodyHelper::NodeDef' [-Wshadow]
   49 |         std::vector<std::string> inputs,
      |         ~~~~~~~~~~~~~~~~~~~~~~~~~^~~~~~
/dev/shm/velavision-ort-session-20260911/sources/onnx/onnx/defs/function.h:60:30: note: shadowed declaration is here
   60 |     std::vector<std::string> inputs;
      |                              ^~~~~~
/dev/shm/velavision-ort-session-20260911/sources/onnx/onnx/defs/function.h:48:21: warning: declaration of 'op_type' shadows a member of 'onnx::FunctionBodyHelper::NodeDef' [-Wshadow]
   48 |         std::string op_type,
      |         ~~~~~~~~~~~~^~~~~~~
/dev/shm/velavision-ort-session-20260911/sources/onnx/onnx/defs/function.h:59:17: note: shadowed declaration is here
   59 |     std::string op_type;
      |                 ^~~~~~~
/dev/shm/velavision-ort-session-20260911/sources/onnx/onnx/defs/function.h:47:34: warning: declaration of 'outputs' shadows a member of 'onnx::FunctionBodyHelper::NodeDef' [-Wshadow]
   47 |         std::vector<std::string> outputs,
      |         ~~~~~~~~~~~~~~~~~~~~~~~~~^~~~~~~
/dev/shm/velavision-ort-session-20260911/sources/onnx/onnx/defs/function.h:58:30: note: shadowed declaration is here
   58 |     std::vector<std::string> outputs;
      |                              ^~~~~~~
/dev/shm/velavision-ort-session-20260911/sources/onnx/onnx/defs/function.h: In constructor 'onnx::FunctionBodyHelper::NodeDef::NodeDef(std::__1::vector<std::__1::basic_string<char> >, std::__1::string, std::__1::vector<std::__1::basic_string<char> >, std::__1::vector<onnx::FunctionBodyHelper::AttributeProtoWrapper>, std::__1::string)':
/dev/shm/velavision-ort-session-20260911/sources/onnx/onnx/defs/function.h:51:21: warning: declaration of 'domain' shadows a member of 'onnx::FunctionBodyHelper::NodeDef' [-Wshadow]
   51 |         std::string domain = "")
      |         ~~~~~~~~~~~~^~~~~~~~~~~
/dev/shm/velavision-ort-session-20260911/sources/onnx/onnx/defs/function.h:62:17: note: shadowed declaration is here
   62 |     std::string domain;
      |                 ^~~~~~
/dev/shm/velavision-ort-session-20260911/sources/onnx/onnx/defs/function.h:50:44: warning: declaration of 'attributes' shadows a member of 'onnx::FunctionBodyHelper::NodeDef' [-Wshadow]
   50 |         std::vector<AttributeProtoWrapper> attributes = {},
      |         ~~~~~~~~~~~~~~~~~~~~~~~~~~~~~~~~~~~^~~~~~~~~~~~~~~
/dev/shm/velavision-ort-session-20260911/sources/onnx/onnx/defs/function.h:61:40: note: shadowed declaration is here
   61 |     std::vector<AttributeProtoWrapper> attributes;
      |                                        ^~~~~~~~~~
/dev/shm/velavision-ort-session-20260911/sources/onnx/onnx/defs/function.h:49:34: warning: declaration of 'inputs' shadows a member of 'onnx::FunctionBodyHelper::NodeDef' [-Wshadow]
   49 |         std::vector<std::string> inputs,
      |         ~~~~~~~~~~~~~~~~~~~~~~~~~^~~~~~
/dev/shm/velavision-ort-session-20260911/sources/onnx/onnx/defs/function.h:60:30: note: shadowed declaration is here
   60 |     std::vector<std::string> inputs;
      |                              ^~~~~~
/dev/shm/velavision-ort-session-20260911/sources/onnx/onnx/defs/function.h:48:21: warning: declaration of 'op_type' shadows a member of 'onnx::FunctionBodyHelper::NodeDef' [-Wshadow]
   48 |         std::string op_type,
      |         ~~~~~~~~~~~~^~~~~~~
/dev/shm/velavision-ort-session-20260911/sources/onnx/onnx/defs/function.h:59:17: note: shadowed declaration is here
   59 |     std::string op_type;
      |                 ^~~~~~~
/dev/shm/velavision-ort-session-20260911/sources/onnx/onnx/defs/function.h:47:34: warning: declaration of 'outputs' shadows a member of 'onnx::FunctionBodyHelper::NodeDef' [-Wshadow]
   47 |         std::vector<std::string> outputs,
      |         ~~~~~~~~~~~~~~~~~~~~~~~~~^~~~~~~
/dev/shm/velavision-ort-session-20260911/sources/onnx/onnx/defs/function.h:58:30: note: shadowed declaration is here
   58 |     std::vector<std::string> outputs;
      |                              ^~~~~~~
/dev/shm/velavision-ort-session-20260911/sources/onnx/onnx/defs/function.h: In constructor 'onnx::FunctionBodyHelper::NodeDef::NodeDef(std::__1::vector<std::__1::basic_string<char> >, std::__1::string, std::__1::vector<std::__1::basic_string<char> >, std::__1::vector<onnx::FunctionBodyHelper::AttributeProtoWrapper>, std::__1::string)':
/dev/shm/velavision-ort-session-20260911/sources/onnx/onnx/defs/function.h:51:21: warning: declaration of 'domain' shadows a member of 'onnx::FunctionBodyHelper::NodeDef' [-Wshadow]
   51 |         std::string domain = "")
      |         ~~~~~~~~~~~~^~~~~~~~~~~
/dev/shm/velavision-ort-session-20260911/sources/onnx/onnx/defs/function.h:62:17: note: shadowed declaration is here
   62 |     std::string domain;
      |                 ^~~~~~
/dev/shm/velavision-ort-session-20260911/sources/onnx/onnx/defs/function.h:50:44: warning: declaration of 'attributes' shadows a member of 'onnx::FunctionBodyHelper::NodeDef' [-Wshadow]
   50 |         std::vector<AttributeProtoWrapper> attributes = {},
      |         ~~~~~~~~~~~~~~~~~~~~~~~~~~~~~~~~~~~^~~~~~~~~~~~~~~
/dev/shm/velavision-ort-session-20260911/sources/onnx/onnx/defs/function.h:61:40: note: shadowed declaration is here
   61 |     std::vector<AttributeProtoWrapper> attributes;
      |                                        ^~~~~~~~~~
/dev/shm/velavision-ort-session-20260911/sources/onnx/onnx/defs/function.h:49:34: warning: declaration of 'inputs' shadows a member of 'onnx::FunctionBodyHelper::NodeDef' [-Wshadow]
   49 |         std::vector<std::string> inputs,
      |         ~~~~~~~~~~~~~~~~~~~~~~~~~^~~~~~
/dev/shm/velavision-ort-session-20260911/sources/onnx/onnx/defs/function.h:60:30: note: shadowed declaration is here
   60 |     std::vector<std::string> inputs;
      |                              ^~~~~~
/dev/shm/velavision-ort-session-20260911/sources/onnx/onnx/defs/function.h:48:21: warning: declaration of 'op_type' shadows a member of 'onnx::FunctionBodyHelper::NodeDef' [-Wshadow]
   48 |         std::string op_type,
      |         ~~~~~~~~~~~~^~~~~~~
/dev/shm/velavision-ort-session-20260911/sources/onnx/onnx/defs/function.h:59:17: note: shadowed declaration is here
   59 |     std::string op_type;
      |                 ^~~~~~~
/dev/shm/velavision-ort-session-20260911/sources/onnx/onnx/defs/function.h:47:34: warning: declaration of 'outputs' shadows a member of 'onnx::FunctionBodyHelper::NodeDef' [-Wshadow]
   47 |         std::vector<std::string> outputs,
      |         ~~~~~~~~~~~~~~~~~~~~~~~~~^~~~~~~
/dev/shm/velavision-ort-session-20260911/sources/onnx/onnx/defs/function.h:58:30: note: shadowed declaration is here
   58 |     std::vector<std::string> outputs;
      |                              ^~~~~~~
/dev/shm/velavision-ort-session-20260911/sources/onnx/onnx/defs/math/defs.cc: In function 'std::__1::function<void(onnx::OpSchema&)> onnx::MathDocGenerator(const char*)':
/dev/shm/velavision-ort-session-20260911/sources/onnx/onnx/defs/math/defs.cc:55:61: warning: unused parameter 'name' [-Wunused-parameter]
   55 | std::function<void(OpSchema&)> MathDocGenerator(const char* name) {
      |                                                 ~~~~~~~~~~~~^~~~
/dev/shm/velavision-ort-session-20260911/sources/onnx/onnx/defs/math/defs.cc: In function 'std::__1::function<void(onnx::OpSchema&)> onnx::SoftmaxFamilyDocGenerator(const char*, const char*, const char*)':
/dev/shm/velavision-ort-session-20260911/sources/onnx/onnx/defs/math/defs.cc:1074:39: warning: unused parameter 'name' [-Wunused-parameter]
 1074 | SoftmaxFamilyDocGenerator(const char* name, const char* description, const char* equation) {
      |                           ~~~~~~~~~~~~^~~~
/dev/shm/velavision-ort-session-20260911/sources/onnx/onnx/defs/math/defs.cc:1074:57: warning: unused parameter 'description' [-Wunused-parameter]
 1074 | SoftmaxFamilyDocGenerator(const char* name, const char* description, const char* equation) {
      |                                             ~~~~~~~~~~~~^~~~~~~~~~~
/dev/shm/velavision-ort-session-20260911/sources/onnx/onnx/defs/math/defs.cc:1074:82: warning: unused parameter 'equation' [-Wunused-parameter]
 1074 | SoftmaxFamilyDocGenerator(const char* name, const char* description, const char* equation) {
      |                                                                      ~~~~~~~~~~~~^~~~~~~~
/dev/shm/velavision-ort-session-20260911/sources/onnx/onnx/defs/math/defs.cc: At global scope:
/dev/shm/velavision-ort-session-20260911/sources/onnx/onnx/defs/math/defs.cc:1301:20: warning: 'onnx::Gemm_ver13_doc' defined but not used [-Wunused-variable]
 1301 | static const char* Gemm_ver13_doc = R"DOC(General Matrix multiplication:
      |                    ^~~~~~~~~~~~~~
/dev/shm/velavision-ort-session-20260911/sources/onnx/onnx/defs/math/defs.cc:780:20: warning: 'onnx::PRelu_ver16_doc' defined but not used [-Wunused-variable]
  780 | static const char* PRelu_ver16_doc = R"DOC(
      |                    ^~~~~~~~~~~~~~~
/dev/shm/velavision-ort-session-20260911/sources/onnx/onnx/defs/math/defs.cc:725:20: warning: 'onnx::Pow_ver15_doc' defined but not used [-Wunused-variable]
  725 | static const char* Pow_ver15_doc = R"DOC(
      |                    ^~~~~~~~~~~~~
[219/749] Building CXX object _deps/onnx-build/CMakeFiles/onnx.dir/onnx/defs/math/old.cc.obj
In file included from /dev/shm/velavision-ort-session-20260911/sources/protobuf/src/google/protobuf/parse_context.h:47,
                 from /dev/shm/velavision-ort-session-20260911/sources/protobuf/src/google/protobuf/extension_set.h:53,
                 from /dev/shm/velavision-ort-session-20260911/build/_deps/onnx-build/onnx/onnx-ml.pb.h:30,
                 from /dev/shm/velavision-ort-session-20260911/sources/onnx/onnx/onnx_pb.h:65,
                 from /dev/shm/velavision-ort-session-20260911/sources/onnx/onnx/onnx-operators_pb.h:7,
                 from /dev/shm/velavision-ort-session-20260911/sources/onnx/onnx/defs/attr_proto_util.h:12,
                 from /dev/shm/velavision-ort-session-20260911/sources/onnx/onnx/defs/function.h:13,
                 from /dev/shm/velavision-ort-session-20260911/sources/onnx/onnx/defs/math/old.cc:7:
/dev/shm/velavision-ort-session-20260911/sources/protobuf/src/google/protobuf/inlined_string_field.h:430:5: warning: "GOOGLE_PROTOBUF_INTERNAL_DONATE_STEAL_INLINE" is not defined, evaluates to 0 [-Wundef]
  430 | #if GOOGLE_PROTOBUF_INTERNAL_DONATE_STEAL_INLINE
      |     ^~~~~~~~~~~~~~~~~~~~~~~~~~~~~~~~~~~~~~~~~~~~
In file included from /dev/shm/velavision-ort-session-20260911/sources/protobuf/src/google/protobuf/arena.h:52,
                 from /dev/shm/velavision-ort-session-20260911/build/_deps/onnx-build/onnx/onnx-ml.pb.h:24:
/dev/shm/velavision-ort-session-20260911/sources/protobuf/src/google/protobuf/arena_impl.h: In constructor 'google::protobuf::internal::SerialArena::Block::Block(google::protobuf::internal::SerialArena::Block*, size_t)':
/dev/shm/velavision-ort-session-20260911/sources/protobuf/src/google/protobuf/arena_impl.h:384:31: warning: declaration of 'size' shadows a member of 'google::protobuf::internal::SerialArena::Block' [-Wshadow]
  384 |     Block(Block* next, size_t size) : next(next), size(size), start(nullptr) {}
      |                        ~~~~~~~^~~~
/dev/shm/velavision-ort-session-20260911/sources/protobuf/src/google/protobuf/arena_impl.h:392:18: note: shadowed declaration is here
  392 |     const size_t size;
      |                  ^~~~
/dev/shm/velavision-ort-session-20260911/sources/protobuf/src/google/protobuf/arena_impl.h:384:18: warning: declaration of 'next' shadows a member of 'google::protobuf::internal::SerialArena::Block' [-Wshadow]
  384 |     Block(Block* next, size_t size) : next(next), size(size), start(nullptr) {}
      |           ~~~~~~~^~~~
/dev/shm/velavision-ort-session-20260911/sources/protobuf/src/google/protobuf/arena_impl.h:391:18: note: shadowed declaration is here
  391 |     Block* const next;
      |                  ^~~~
/dev/shm/velavision-ort-session-20260911/sources/protobuf/src/google/protobuf/arena_impl.h: In constructor 'google::protobuf::internal::SerialArena::Block::Block(google::protobuf::internal::SerialArena::Block*, size_t)':
/dev/shm/velavision-ort-session-20260911/sources/protobuf/src/google/protobuf/arena_impl.h:384:31: warning: declaration of 'size' shadows a member of 'google::protobuf::internal::SerialArena::Block' [-Wshadow]
  384 |     Block(Block* next, size_t size) : next(next), size(size), start(nullptr) {}
      |                        ~~~~~~~^~~~
/dev/shm/velavision-ort-session-20260911/sources/protobuf/src/google/protobuf/arena_impl.h:392:18: note: shadowed declaration is here
  392 |     const size_t size;
      |                  ^~~~
/dev/shm/velavision-ort-session-20260911/sources/protobuf/src/google/protobuf/arena_impl.h:384:18: warning: declaration of 'next' shadows a member of 'google::protobuf::internal::SerialArena::Block' [-Wshadow]
  384 |     Block(Block* next, size_t size) : next(next), size(size), start(nullptr) {}
      |           ~~~~~~~^~~~
/dev/shm/velavision-ort-session-20260911/sources/protobuf/src/google/protobuf/arena_impl.h:391:18: note: shadowed declaration is here
  391 |     Block* const next;
      |                  ^~~~
/dev/shm/velavision-ort-session-20260911/sources/protobuf/src/google/protobuf/arena_impl.h: In constructor 'google::protobuf::internal::SerialArena::Block::Block(google::protobuf::internal::SerialArena::Block*, size_t)':
/dev/shm/velavision-ort-session-20260911/sources/protobuf/src/google/protobuf/arena_impl.h:384:31: warning: declaration of 'size' shadows a member of 'google::protobuf::internal::SerialArena::Block' [-Wshadow]
  384 |     Block(Block* next, size_t size) : next(next), size(size), start(nullptr) {}
      |                        ~~~~~~~^~~~
/dev/shm/velavision-ort-session-20260911/sources/protobuf/src/google/protobuf/arena_impl.h:392:18: note: shadowed declaration is here
  392 |     const size_t size;
      |                  ^~~~
/dev/shm/velavision-ort-session-20260911/sources/protobuf/src/google/protobuf/arena_impl.h:384:18: warning: declaration of 'next' shadows a member of 'google::protobuf::internal::SerialArena::Block' [-Wshadow]
  384 |     Block(Block* next, size_t size) : next(next), size(size), start(nullptr) {}
      |           ~~~~~~~^~~~
/dev/shm/velavision-ort-session-20260911/sources/protobuf/src/google/protobuf/arena_impl.h:391:18: note: shadowed declaration is here
  391 |     Block* const next;
      |                  ^~~~
/dev/shm/velavision-ort-session-20260911/sources/onnx/onnx/defs/function.h: In constructor 'onnx::FunctionBodyHelper::NodeDef::NodeDef(std::__1::vector<std::__1::basic_string<char> >, std::__1::string, std::__1::vector<std::__1::basic_string<char> >, std::__1::vector<onnx::FunctionBodyHelper::AttributeProtoWrapper>, std::__1::string)':
/dev/shm/velavision-ort-session-20260911/sources/onnx/onnx/defs/function.h:51:21: warning: declaration of 'domain' shadows a member of 'onnx::FunctionBodyHelper::NodeDef' [-Wshadow]
   51 |         std::string domain = "")
      |         ~~~~~~~~~~~~^~~~~~~~~~~
/dev/shm/velavision-ort-session-20260911/sources/onnx/onnx/defs/function.h:62:17: note: shadowed declaration is here
   62 |     std::string domain;
      |                 ^~~~~~
/dev/shm/velavision-ort-session-20260911/sources/onnx/onnx/defs/function.h:50:44: warning: declaration of 'attributes' shadows a member of 'onnx::FunctionBodyHelper::NodeDef' [-Wshadow]
   50 |         std::vector<AttributeProtoWrapper> attributes = {},
      |         ~~~~~~~~~~~~~~~~~~~~~~~~~~~~~~~~~~~^~~~~~~~~~~~~~~
/dev/shm/velavision-ort-session-20260911/sources/onnx/onnx/defs/function.h:61:40: note: shadowed declaration is here
   61 |     std::vector<AttributeProtoWrapper> attributes;
      |                                        ^~~~~~~~~~
/dev/shm/velavision-ort-session-20260911/sources/onnx/onnx/defs/function.h:49:34: warning: declaration of 'inputs' shadows a member of 'onnx::FunctionBodyHelper::NodeDef' [-Wshadow]
   49 |         std::vector<std::string> inputs,
      |         ~~~~~~~~~~~~~~~~~~~~~~~~~^~~~~~
/dev/shm/velavision-ort-session-20260911/sources/onnx/onnx/defs/function.h:60:30: note: shadowed declaration is here
   60 |     std::vector<std::string> inputs;
      |                              ^~~~~~
/dev/shm/velavision-ort-session-20260911/sources/onnx/onnx/defs/function.h:48:21: warning: declaration of 'op_type' shadows a member of 'onnx::FunctionBodyHelper::NodeDef' [-Wshadow]
   48 |         std::string op_type,
      |         ~~~~~~~~~~~~^~~~~~~
/dev/shm/velavision-ort-session-20260911/sources/onnx/onnx/defs/function.h:59:17: note: shadowed declaration is here
   59 |     std::string op_type;
      |                 ^~~~~~~
/dev/shm/velavision-ort-session-20260911/sources/onnx/onnx/defs/function.h:47:34: warning: declaration of 'outputs' shadows a member of 'onnx::FunctionBodyHelper::NodeDef' [-Wshadow]
   47 |         std::vector<std::string> outputs,
      |         ~~~~~~~~~~~~~~~~~~~~~~~~~^~~~~~~
/dev/shm/velavision-ort-session-20260911/sources/onnx/onnx/defs/function.h:58:30: note: shadowed declaration is here
   58 |     std::vector<std::string> outputs;
      |                              ^~~~~~~
/dev/shm/velavision-ort-session-20260911/sources/onnx/onnx/defs/function.h: In constructor 'onnx::FunctionBodyHelper::NodeDef::NodeDef(std::__1::vector<std::__1::basic_string<char> >, std::__1::string, std::__1::vector<std::__1::basic_string<char> >, std::__1::vector<onnx::FunctionBodyHelper::AttributeProtoWrapper>, std::__1::string)':
/dev/shm/velavision-ort-session-20260911/sources/onnx/onnx/defs/function.h:51:21: warning: declaration of 'domain' shadows a member of 'onnx::FunctionBodyHelper::NodeDef' [-Wshadow]
   51 |         std::string domain = "")
      |         ~~~~~~~~~~~~^~~~~~~~~~~
/dev/shm/velavision-ort-session-20260911/sources/onnx/onnx/defs/function.h:62:17: note: shadowed declaration is here
   62 |     std::string domain;
      |                 ^~~~~~
/dev/shm/velavision-ort-session-20260911/sources/onnx/onnx/defs/function.h:50:44: warning: declaration of 'attributes' shadows a member of 'onnx::FunctionBodyHelper::NodeDef' [-Wshadow]
   50 |         std::vector<AttributeProtoWrapper> attributes = {},
      |         ~~~~~~~~~~~~~~~~~~~~~~~~~~~~~~~~~~~^~~~~~~~~~~~~~~
/dev/shm/velavision-ort-session-20260911/sources/onnx/onnx/defs/function.h:61:40: note: shadowed declaration is here
   61 |     std::vector<AttributeProtoWrapper> attributes;
      |                                        ^~~~~~~~~~
/dev/shm/velavision-ort-session-20260911/sources/onnx/onnx/defs/function.h:49:34: warning: declaration of 'inputs' shadows a member of 'onnx::FunctionBodyHelper::NodeDef' [-Wshadow]
   49 |         std::vector<std::string> inputs,
      |         ~~~~~~~~~~~~~~~~~~~~~~~~~^~~~~~
/dev/shm/velavision-ort-session-20260911/sources/onnx/onnx/defs/function.h:60:30: note: shadowed declaration is here
   60 |     std::vector<std::string> inputs;
      |                              ^~~~~~
/dev/shm/velavision-ort-session-20260911/sources/onnx/onnx/defs/function.h:48:21: warning: declaration of 'op_type' shadows a member of 'onnx::FunctionBodyHelper::NodeDef' [-Wshadow]
   48 |         std::string op_type,
      |         ~~~~~~~~~~~~^~~~~~~
/dev/shm/velavision-ort-session-20260911/sources/onnx/onnx/defs/function.h:59:17: note: shadowed declaration is here
   59 |     std::string op_type;
      |                 ^~~~~~~
/dev/shm/velavision-ort-session-20260911/sources/onnx/onnx/defs/function.h:47:34: warning: declaration of 'outputs' shadows a member of 'onnx::FunctionBodyHelper::NodeDef' [-Wshadow]
   47 |         std::vector<std::string> outputs,
      |         ~~~~~~~~~~~~~~~~~~~~~~~~~^~~~~~~
/dev/shm/velavision-ort-session-20260911/sources/onnx/onnx/defs/function.h:58:30: note: shadowed declaration is here
   58 |     std::vector<std::string> outputs;
      |                              ^~~~~~~
/dev/shm/velavision-ort-session-20260911/sources/onnx/onnx/defs/function.h: In constructor 'onnx::FunctionBodyHelper::NodeDef::NodeDef(std::__1::vector<std::__1::basic_string<char> >, std::__1::string, std::__1::vector<std::__1::basic_string<char> >, std::__1::vector<onnx::FunctionBodyHelper::AttributeProtoWrapper>, std::__1::string)':
/dev/shm/velavision-ort-session-20260911/sources/onnx/onnx/defs/function.h:51:21: warning: declaration of 'domain' shadows a member of 'onnx::FunctionBodyHelper::NodeDef' [-Wshadow]
   51 |         std::string domain = "")
      |         ~~~~~~~~~~~~^~~~~~~~~~~
/dev/shm/velavision-ort-session-20260911/sources/onnx/onnx/defs/function.h:62:17: note: shadowed declaration is here
   62 |     std::string domain;
      |                 ^~~~~~
/dev/shm/velavision-ort-session-20260911/sources/onnx/onnx/defs/function.h:50:44: warning: declaration of 'attributes' shadows a member of 'onnx::FunctionBodyHelper::NodeDef' [-Wshadow]
   50 |         std::vector<AttributeProtoWrapper> attributes = {},
      |         ~~~~~~~~~~~~~~~~~~~~~~~~~~~~~~~~~~~^~~~~~~~~~~~~~~
/dev/shm/velavision-ort-session-20260911/sources/onnx/onnx/defs/function.h:61:40: note: shadowed declaration is here
   61 |     std::vector<AttributeProtoWrapper> attributes;
      |                                        ^~~~~~~~~~
/dev/shm/velavision-ort-session-20260911/sources/onnx/onnx/defs/function.h:49:34: warning: declaration of 'inputs' shadows a member of 'onnx::FunctionBodyHelper::NodeDef' [-Wshadow]
   49 |         std::vector<std::string> inputs,
      |         ~~~~~~~~~~~~~~~~~~~~~~~~~^~~~~~
/dev/shm/velavision-ort-session-20260911/sources/onnx/onnx/defs/function.h:60:30: note: shadowed declaration is here
   60 |     std::vector<std::string> inputs;
      |                              ^~~~~~
/dev/shm/velavision-ort-session-20260911/sources/onnx/onnx/defs/function.h:48:21: warning: declaration of 'op_type' shadows a member of 'onnx::FunctionBodyHelper::NodeDef' [-Wshadow]
   48 |         std::string op_type,
      |         ~~~~~~~~~~~~^~~~~~~
/dev/shm/velavision-ort-session-20260911/sources/onnx/onnx/defs/function.h:59:17: note: shadowed declaration is here
   59 |     std::string op_type;
      |                 ^~~~~~~
/dev/shm/velavision-ort-session-20260911/sources/onnx/onnx/defs/function.h:47:34: warning: declaration of 'outputs' shadows a member of 'onnx::FunctionBodyHelper::NodeDef' [-Wshadow]
   47 |         std::vector<std::string> outputs,
      |         ~~~~~~~~~~~~~~~~~~~~~~~~~^~~~~~~
/dev/shm/velavision-ort-session-20260911/sources/onnx/onnx/defs/function.h:58:30: note: shadowed declaration is here
   58 |     std::vector<std::string> outputs;
      |                              ^~~~~~~
/dev/shm/velavision-ort-session-20260911/sources/onnx/onnx/defs/math/old.cc: In function 'std::__1::function<void(onnx::OpSchema&)> onnx::MathDocGenerator_opset13(const char*)':
/dev/shm/velavision-ort-session-20260911/sources/onnx/onnx/defs/math/old.cc:14:69: warning: unused parameter 'name' [-Wunused-parameter]
   14 | std::function<void(OpSchema&)> MathDocGenerator_opset13(const char* name) {
      |                                                         ~~~~~~~~~~~~^~~~
/dev/shm/velavision-ort-session-20260911/sources/onnx/onnx/defs/math/old.cc: In function 'std::__1::function<void(onnx::OpSchema&)> onnx::MathDocGenerator_opset_7(const char*)':
/dev/shm/velavision-ort-session-20260911/sources/onnx/onnx/defs/math/old.cc:59:69: warning: unused parameter 'name' [-Wunused-parameter]
   59 | std::function<void(OpSchema&)> MathDocGenerator_opset_7(const char* name) {
      |                                                         ~~~~~~~~~~~~^~~~
/dev/shm/velavision-ort-session-20260911/sources/onnx/onnx/defs/math/old.cc: In function 'std::__1::function<void(onnx::OpSchema&)> onnx::SoftmaxFamilyDocGenerator_opset_11(const char*, const char*)':
/dev/shm/velavision-ort-session-20260911/sources/onnx/onnx/defs/math/old.cc:96:79: warning: unused parameter 'name' [-Wunused-parameter]
   96 | std::function<void(OpSchema&)> SoftmaxFamilyDocGenerator_opset_11(const char* name, const char* description) {
      |                                                                   ~~~~~~~~~~~~^~~~
/dev/shm/velavision-ort-session-20260911/sources/onnx/onnx/defs/math/old.cc:96:97: warning: unused parameter 'description' [-Wunused-parameter]
   96 | std::function<void(OpSchema&)> SoftmaxFamilyDocGenerator_opset_11(const char* name, const char* description) {
      |                                                                                     ~~~~~~~~~~~~^~~~~~~~~~~
/dev/shm/velavision-ort-session-20260911/sources/onnx/onnx/defs/math/old.cc: In function 'std::__1::function<void(onnx::OpSchema&)> onnx::SoftmaxFamilyDocGenerator_opset1(const char*, const char*)':
/dev/shm/velavision-ort-session-20260911/sources/onnx/onnx/defs/math/old.cc:1498:77: warning: unused parameter 'name' [-Wunused-parameter]
 1498 | std::function<void(OpSchema&)> SoftmaxFamilyDocGenerator_opset1(const char* name, const char* description) {
      |                                                                 ~~~~~~~~~~~~^~~~
/dev/shm/velavision-ort-session-20260911/sources/onnx/onnx/defs/math/old.cc:1498:95: warning: unused parameter 'description' [-Wunused-parameter]
 1498 | std::function<void(OpSchema&)> SoftmaxFamilyDocGenerator_opset1(const char* name, const char* description) {
      |                                                                                   ~~~~~~~~~~~~^~~~~~~~~~~
/dev/shm/velavision-ort-session-20260911/sources/onnx/onnx/defs/math/old.cc: In function 'std::__1::function<void(onnx::OpSchema&)> onnx::MathDocGenerator_old(const char*)':
/dev/shm/velavision-ort-session-20260911/sources/onnx/onnx/defs/math/old.cc:1585:65: warning: unused parameter 'name' [-Wunused-parameter]
 1585 | std::function<void(OpSchema&)> MathDocGenerator_old(const char* name) {
      |                                                     ~~~~~~~~~~~~^~~~
/dev/shm/velavision-ort-session-20260911/sources/onnx/onnx/defs/math/old.cc: In function 'std::__1::function<void(onnx::OpSchema&)> onnx::MathDocGenerator_old_opset6(const char*)':
/dev/shm/velavision-ort-session-20260911/sources/onnx/onnx/defs/math/old.cc:1617:72: warning: unused parameter 'name' [-Wunused-parameter]
 1617 | std::function<void(OpSchema&)> MathDocGenerator_old_opset6(const char* name) {
      |                                                            ~~~~~~~~~~~~^~~~
/dev/shm/velavision-ort-session-20260911/sources/onnx/onnx/defs/math/old.cc: At global scope:
/dev/shm/velavision-ort-session-20260911/sources/onnx/onnx/defs/math/old.cc:2923:20: warning: 'onnx::PRelu_ver9_doc' defined but not used [-Wunused-variable]
 2923 | static const char* PRelu_ver9_doc = R"DOC(
      |                    ^~~~~~~~~~~~~~
/dev/shm/velavision-ort-session-20260911/sources/onnx/onnx/defs/math/old.cc:2402:20: warning: 'onnx::Gemm_ver9_doc' defined but not used [-Wunused-variable]
 2402 | static const char* Gemm_ver9_doc = R"DOC(General Matrix multiplication:
      |                    ^~~~~~~~~~~~~
/dev/shm/velavision-ort-session-20260911/sources/onnx/onnx/defs/math/old.cc:2336:20: warning: 'onnx::Gemm_ver7_doc' defined but not used [-Wunused-variable]
 2336 | static const char* Gemm_ver7_doc = R"DOC(General Matrix multiplication:
      |                    ^~~~~~~~~~~~~
/dev/shm/velavision-ort-session-20260911/sources/onnx/onnx/defs/math/old.cc:2069:20: warning: 'onnx::PRelu_ver7_doc' defined but not used [-Wunused-variable]
 2069 | static const char* PRelu_ver7_doc = R"DOC(
      |                    ^~~~~~~~~~~~~~
/dev/shm/velavision-ort-session-20260911/sources/onnx/onnx/defs/math/old.cc:654:20: warning: 'onnx::Gemm_ver11_doc' defined but not used [-Wunused-variable]
  654 | static const char* Gemm_ver11_doc = R"DOC(General Matrix multiplication:
      |                    ^~~~~~~~~~~~~~
/dev/shm/velavision-ort-session-20260911/sources/onnx/onnx/defs/math/old.cc:498:20: warning: 'onnx::Pow_ver12_doc' defined but not used [-Wunused-variable]
  498 | static const char* Pow_ver12_doc = R"DOC(
      |                    ^~~~~~~~~~~~~
/dev/shm/velavision-ort-session-20260911/sources/onnx/onnx/defs/math/old.cc:444:20: warning: 'onnx::Pow_ver13_doc' defined but not used [-Wunused-variable]
  444 | static const char* Pow_ver13_doc = R"DOC(
      |                    ^~~~~~~~~~~~~
[220/749] Building CXX object _deps/onnx-build/CMakeFiles/onnx.dir/onnx/defs/nn/defs.cc.obj
In file included from /dev/shm/velavision-ort-session-20260911/sources/protobuf/src/google/protobuf/parse_context.h:47,
                 from /dev/shm/velavision-ort-session-20260911/sources/protobuf/src/google/protobuf/extension_set.h:53,
                 from /dev/shm/velavision-ort-session-20260911/build/_deps/onnx-build/onnx/onnx-ml.pb.h:30,
                 from /dev/shm/velavision-ort-session-20260911/sources/onnx/onnx/onnx_pb.h:65,
                 from /dev/shm/velavision-ort-session-20260911/sources/onnx/onnx/onnx-operators_pb.h:7,
                 from /dev/shm/velavision-ort-session-20260911/sources/onnx/onnx/defs/attr_proto_util.h:12,
                 from /dev/shm/velavision-ort-session-20260911/sources/onnx/onnx/defs/function.h:13,
                 from /dev/shm/velavision-ort-session-20260911/sources/onnx/onnx/defs/nn/defs.cc:9:
/dev/shm/velavision-ort-session-20260911/sources/protobuf/src/google/protobuf/inlined_string_field.h:430:5: warning: "GOOGLE_PROTOBUF_INTERNAL_DONATE_STEAL_INLINE" is not defined, evaluates to 0 [-Wundef]
  430 | #if GOOGLE_PROTOBUF_INTERNAL_DONATE_STEAL_INLINE
      |     ^~~~~~~~~~~~~~~~~~~~~~~~~~~~~~~~~~~~~~~~~~~~
In file included from /dev/shm/velavision-ort-session-20260911/sources/protobuf/src/google/protobuf/arena.h:52,
                 from /dev/shm/velavision-ort-session-20260911/build/_deps/onnx-build/onnx/onnx-ml.pb.h:24:
/dev/shm/velavision-ort-session-20260911/sources/protobuf/src/google/protobuf/arena_impl.h: In constructor 'google::protobuf::internal::SerialArena::Block::Block(google::protobuf::internal::SerialArena::Block*, size_t)':
/dev/shm/velavision-ort-session-20260911/sources/protobuf/src/google/protobuf/arena_impl.h:384:31: warning: declaration of 'size' shadows a member of 'google::protobuf::internal::SerialArena::Block' [-Wshadow]
  384 |     Block(Block* next, size_t size) : next(next), size(size), start(nullptr) {}
      |                        ~~~~~~~^~~~
/dev/shm/velavision-ort-session-20260911/sources/protobuf/src/google/protobuf/arena_impl.h:392:18: note: shadowed declaration is here
  392 |     const size_t size;
      |                  ^~~~
/dev/shm/velavision-ort-session-20260911/sources/protobuf/src/google/protobuf/arena_impl.h:384:18: warning: declaration of 'next' shadows a member of 'google::protobuf::internal::SerialArena::Block' [-Wshadow]
  384 |     Block(Block* next, size_t size) : next(next), size(size), start(nullptr) {}
      |           ~~~~~~~^~~~
/dev/shm/velavision-ort-session-20260911/sources/protobuf/src/google/protobuf/arena_impl.h:391:18: note: shadowed declaration is here
  391 |     Block* const next;
      |                  ^~~~
/dev/shm/velavision-ort-session-20260911/sources/protobuf/src/google/protobuf/arena_impl.h: In constructor 'google::protobuf::internal::SerialArena::Block::Block(google::protobuf::internal::SerialArena::Block*, size_t)':
/dev/shm/velavision-ort-session-20260911/sources/protobuf/src/google/protobuf/arena_impl.h:384:31: warning: declaration of 'size' shadows a member of 'google::protobuf::internal::SerialArena::Block' [-Wshadow]
  384 |     Block(Block* next, size_t size) : next(next), size(size), start(nullptr) {}
      |                        ~~~~~~~^~~~
/dev/shm/velavision-ort-session-20260911/sources/protobuf/src/google/protobuf/arena_impl.h:392:18: note: shadowed declaration is here
  392 |     const size_t size;
      |                  ^~~~
/dev/shm/velavision-ort-session-20260911/sources/protobuf/src/google/protobuf/arena_impl.h:384:18: warning: declaration of 'next' shadows a member of 'google::protobuf::internal::SerialArena::Block' [-Wshadow]
  384 |     Block(Block* next, size_t size) : next(next), size(size), start(nullptr) {}
      |           ~~~~~~~^~~~
/dev/shm/velavision-ort-session-20260911/sources/protobuf/src/google/protobuf/arena_impl.h:391:18: note: shadowed declaration is here
  391 |     Block* const next;
      |                  ^~~~
/dev/shm/velavision-ort-session-20260911/sources/protobuf/src/google/protobuf/arena_impl.h: In constructor 'google::protobuf::internal::SerialArena::Block::Block(google::protobuf::internal::SerialArena::Block*, size_t)':
/dev/shm/velavision-ort-session-20260911/sources/protobuf/src/google/protobuf/arena_impl.h:384:31: warning: declaration of 'size' shadows a member of 'google::protobuf::internal::SerialArena::Block' [-Wshadow]
  384 |     Block(Block* next, size_t size) : next(next), size(size), start(nullptr) {}
      |                        ~~~~~~~^~~~
/dev/shm/velavision-ort-session-20260911/sources/protobuf/src/google/protobuf/arena_impl.h:392:18: note: shadowed declaration is here
  392 |     const size_t size;
      |                  ^~~~
/dev/shm/velavision-ort-session-20260911/sources/protobuf/src/google/protobuf/arena_impl.h:384:18: warning: declaration of 'next' shadows a member of 'google::protobuf::internal::SerialArena::Block' [-Wshadow]
  384 |     Block(Block* next, size_t size) : next(next), size(size), start(nullptr) {}
      |           ~~~~~~~^~~~
/dev/shm/velavision-ort-session-20260911/sources/protobuf/src/google/protobuf/arena_impl.h:391:18: note: shadowed declaration is here
  391 |     Block* const next;
      |                  ^~~~
/dev/shm/velavision-ort-session-20260911/sources/onnx/onnx/defs/function.h: In constructor 'onnx::FunctionBodyHelper::NodeDef::NodeDef(std::__1::vector<std::__1::basic_string<char> >, std::__1::string, std::__1::vector<std::__1::basic_string<char> >, std::__1::vector<onnx::FunctionBodyHelper::AttributeProtoWrapper>, std::__1::string)':
/dev/shm/velavision-ort-session-20260911/sources/onnx/onnx/defs/function.h:51:21: warning: declaration of 'domain' shadows a member of 'onnx::FunctionBodyHelper::NodeDef' [-Wshadow]
   51 |         std::string domain = "")
      |         ~~~~~~~~~~~~^~~~~~~~~~~
/dev/shm/velavision-ort-session-20260911/sources/onnx/onnx/defs/function.h:62:17: note: shadowed declaration is here
   62 |     std::string domain;
      |                 ^~~~~~
/dev/shm/velavision-ort-session-20260911/sources/onnx/onnx/defs/function.h:50:44: warning: declaration of 'attributes' shadows a member of 'onnx::FunctionBodyHelper::NodeDef' [-Wshadow]
   50 |         std::vector<AttributeProtoWrapper> attributes = {},
      |         ~~~~~~~~~~~~~~~~~~~~~~~~~~~~~~~~~~~^~~~~~~~~~~~~~~
/dev/shm/velavision-ort-session-20260911/sources/onnx/onnx/defs/function.h:61:40: note: shadowed declaration is here
   61 |     std::vector<AttributeProtoWrapper> attributes;
      |                                        ^~~~~~~~~~
/dev/shm/velavision-ort-session-20260911/sources/onnx/onnx/defs/function.h:49:34: warning: declaration of 'inputs' shadows a member of 'onnx::FunctionBodyHelper::NodeDef' [-Wshadow]
   49 |         std::vector<std::string> inputs,
      |         ~~~~~~~~~~~~~~~~~~~~~~~~~^~~~~~
/dev/shm/velavision-ort-session-20260911/sources/onnx/onnx/defs/function.h:60:30: note: shadowed declaration is here
   60 |     std::vector<std::string> inputs;
      |                              ^~~~~~
/dev/shm/velavision-ort-session-20260911/sources/onnx/onnx/defs/function.h:48:21: warning: declaration of 'op_type' shadows a member of 'onnx::FunctionBodyHelper::NodeDef' [-Wshadow]
   48 |         std::string op_type,
      |         ~~~~~~~~~~~~^~~~~~~
/dev/shm/velavision-ort-session-20260911/sources/onnx/onnx/defs/function.h:59:17: note: shadowed declaration is here
   59 |     std::string op_type;
      |                 ^~~~~~~
/dev/shm/velavision-ort-session-20260911/sources/onnx/onnx/defs/function.h:47:34: warning: declaration of 'outputs' shadows a member of 'onnx::FunctionBodyHelper::NodeDef' [-Wshadow]
   47 |         std::vector<std::string> outputs,
      |         ~~~~~~~~~~~~~~~~~~~~~~~~~^~~~~~~
/dev/shm/velavision-ort-session-20260911/sources/onnx/onnx/defs/function.h:58:30: note: shadowed declaration is here
   58 |     std::vector<std::string> outputs;
      |                              ^~~~~~~
/dev/shm/velavision-ort-session-20260911/sources/onnx/onnx/defs/function.h: In constructor 'onnx::FunctionBodyHelper::NodeDef::NodeDef(std::__1::vector<std::__1::basic_string<char> >, std::__1::string, std::__1::vector<std::__1::basic_string<char> >, std::__1::vector<onnx::FunctionBodyHelper::AttributeProtoWrapper>, std::__1::string)':
/dev/shm/velavision-ort-session-20260911/sources/onnx/onnx/defs/function.h:51:21: warning: declaration of 'domain' shadows a member of 'onnx::FunctionBodyHelper::NodeDef' [-Wshadow]
   51 |         std::string domain = "")
      |         ~~~~~~~~~~~~^~~~~~~~~~~
/dev/shm/velavision-ort-session-20260911/sources/onnx/onnx/defs/function.h:62:17: note: shadowed declaration is here
   62 |     std::string domain;
      |                 ^~~~~~
/dev/shm/velavision-ort-session-20260911/sources/onnx/onnx/defs/function.h:50:44: warning: declaration of 'attributes' shadows a member of 'onnx::FunctionBodyHelper::NodeDef' [-Wshadow]
   50 |         std::vector<AttributeProtoWrapper> attributes = {},
      |         ~~~~~~~~~~~~~~~~~~~~~~~~~~~~~~~~~~~^~~~~~~~~~~~~~~
/dev/shm/velavision-ort-session-20260911/sources/onnx/onnx/defs/function.h:61:40: note: shadowed declaration is here
   61 |     std::vector<AttributeProtoWrapper> attributes;
      |                                        ^~~~~~~~~~
/dev/shm/velavision-ort-session-20260911/sources/onnx/onnx/defs/function.h:49:34: warning: declaration of 'inputs' shadows a member of 'onnx::FunctionBodyHelper::NodeDef' [-Wshadow]
   49 |         std::vector<std::string> inputs,
      |         ~~~~~~~~~~~~~~~~~~~~~~~~~^~~~~~
/dev/shm/velavision-ort-session-20260911/sources/onnx/onnx/defs/function.h:60:30: note: shadowed declaration is here
   60 |     std::vector<std::string> inputs;
      |                              ^~~~~~
/dev/shm/velavision-ort-session-20260911/sources/onnx/onnx/defs/function.h:48:21: warning: declaration of 'op_type' shadows a member of 'onnx::FunctionBodyHelper::NodeDef' [-Wshadow]
   48 |         std::string op_type,
      |         ~~~~~~~~~~~~^~~~~~~
/dev/shm/velavision-ort-session-20260911/sources/onnx/onnx/defs/function.h:59:17: note: shadowed declaration is here
   59 |     std::string op_type;
      |                 ^~~~~~~
/dev/shm/velavision-ort-session-20260911/sources/onnx/onnx/defs/function.h:47:34: warning: declaration of 'outputs' shadows a member of 'onnx::FunctionBodyHelper::NodeDef' [-Wshadow]
   47 |         std::vector<std::string> outputs,
      |         ~~~~~~~~~~~~~~~~~~~~~~~~~^~~~~~~
/dev/shm/velavision-ort-session-20260911/sources/onnx/onnx/defs/function.h:58:30: note: shadowed declaration is here
   58 |     std::vector<std::string> outputs;
      |                              ^~~~~~~
/dev/shm/velavision-ort-session-20260911/sources/onnx/onnx/defs/function.h: In constructor 'onnx::FunctionBodyHelper::NodeDef::NodeDef(std::__1::vector<std::__1::basic_string<char> >, std::__1::string, std::__1::vector<std::__1::basic_string<char> >, std::__1::vector<onnx::FunctionBodyHelper::AttributeProtoWrapper>, std::__1::string)':
/dev/shm/velavision-ort-session-20260911/sources/onnx/onnx/defs/function.h:51:21: warning: declaration of 'domain' shadows a member of 'onnx::FunctionBodyHelper::NodeDef' [-Wshadow]
   51 |         std::string domain = "")
      |         ~~~~~~~~~~~~^~~~~~~~~~~
/dev/shm/velavision-ort-session-20260911/sources/onnx/onnx/defs/function.h:62:17: note: shadowed declaration is here
   62 |     std::string domain;
      |                 ^~~~~~
/dev/shm/velavision-ort-session-20260911/sources/onnx/onnx/defs/function.h:50:44: warning: declaration of 'attributes' shadows a member of 'onnx::FunctionBodyHelper::NodeDef' [-Wshadow]
   50 |         std::vector<AttributeProtoWrapper> attributes = {},
      |         ~~~~~~~~~~~~~~~~~~~~~~~~~~~~~~~~~~~^~~~~~~~~~~~~~~
/dev/shm/velavision-ort-session-20260911/sources/onnx/onnx/defs/function.h:61:40: note: shadowed declaration is here
   61 |     std::vector<AttributeProtoWrapper> attributes;
      |                                        ^~~~~~~~~~
/dev/shm/velavision-ort-session-20260911/sources/onnx/onnx/defs/function.h:49:34: warning: declaration of 'inputs' shadows a member of 'onnx::FunctionBodyHelper::NodeDef' [-Wshadow]
   49 |         std::vector<std::string> inputs,
      |         ~~~~~~~~~~~~~~~~~~~~~~~~~^~~~~~
/dev/shm/velavision-ort-session-20260911/sources/onnx/onnx/defs/function.h:60:30: note: shadowed declaration is here
   60 |     std::vector<std::string> inputs;
      |                              ^~~~~~
/dev/shm/velavision-ort-session-20260911/sources/onnx/onnx/defs/function.h:48:21: warning: declaration of 'op_type' shadows a member of 'onnx::FunctionBodyHelper::NodeDef' [-Wshadow]
   48 |         std::string op_type,
      |         ~~~~~~~~~~~~^~~~~~~
/dev/shm/velavision-ort-session-20260911/sources/onnx/onnx/defs/function.h:59:17: note: shadowed declaration is here
   59 |     std::string op_type;
      |                 ^~~~~~~
/dev/shm/velavision-ort-session-20260911/sources/onnx/onnx/defs/function.h:47:34: warning: declaration of 'outputs' shadows a member of 'onnx::FunctionBodyHelper::NodeDef' [-Wshadow]
   47 |         std::vector<std::string> outputs,
      |         ~~~~~~~~~~~~~~~~~~~~~~~~~^~~~~~~
/dev/shm/velavision-ort-session-20260911/sources/onnx/onnx/defs/function.h:58:30: note: shadowed declaration is here
   58 |     std::vector<std::string> outputs;
      |                              ^~~~~~~
/dev/shm/velavision-ort-session-20260911/sources/onnx/onnx/defs/nn/defs.cc: In function 'std::__1::function<void(onnx::OpSchema&)> onnx::PoolOpSchemaGenerator(const char*, const char*, const char*, bool, bool)':
/dev/shm/velavision-ort-session-20260911/sources/onnx/onnx/defs/nn/defs.cc:203:17: warning: unused parameter 'name' [-Wunused-parameter]
  203 |     const char* name,
      |     ~~~~~~~~~~~~^~~~
/dev/shm/velavision-ort-session-20260911/sources/onnx/onnx/defs/nn/defs.cc:204:17: warning: unused parameter 'opName' [-Wunused-parameter]
  204 |     const char* opName,
      |     ~~~~~~~~~~~~^~~~~~
/dev/shm/velavision-ort-session-20260911/sources/onnx/onnx/defs/nn/defs.cc:205:17: warning: unused parameter 'additionalDescription' [-Wunused-parameter]
  205 |     const char* additionalDescription,
      |     ~~~~~~~~~~~~^~~~~~~~~~~~~~~~~~~~~
/dev/shm/velavision-ort-session-20260911/sources/onnx/onnx/defs/nn/defs.cc: In function 'std::__1::function<void(onnx::OpSchema&)> onnx::LpPoolOpSchemaGenerator(const char*)':
/dev/shm/velavision-ort-session-20260911/sources/onnx/onnx/defs/nn/defs.cc:553:68: warning: unused parameter 'name' [-Wunused-parameter]
  553 | std::function<void(OpSchema&)> LpPoolOpSchemaGenerator(const char* name) {
      |                                                        ~~~~~~~~~~~~^~~~
/dev/shm/velavision-ort-session-20260911/sources/onnx/onnx/defs/nn/defs.cc: In function 'std::__1::function<void(onnx::OpSchema&)> onnx::RoiPoolOpSchemaGenerator(const char*)':
/dev/shm/velavision-ort-session-20260911/sources/onnx/onnx/defs/nn/defs.cc:682:69: warning: unused parameter 'name' [-Wunused-parameter]
  682 | std::function<void(OpSchema&)> RoiPoolOpSchemaGenerator(const char* name) {
      |                                                         ~~~~~~~~~~~~^~~~
/dev/shm/velavision-ort-session-20260911/sources/onnx/onnx/defs/nn/defs.cc: In function 'std::__1::function<void(onnx::OpSchema&)> onnx::ConvOpSchemaGenerator(const char*)':
/dev/shm/velavision-ort-session-20260911/sources/onnx/onnx/defs/nn/defs.cc:740:66: warning: unused parameter 'filter_desc' [-Wunused-parameter]
  740 | std::function<void(OpSchema&)> ConvOpSchemaGenerator(const char* filter_desc) {
      |                                                      ~~~~~~~~~~~~^~~~~~~~~~~
/dev/shm/velavision-ort-session-20260911/sources/onnx/onnx/defs/nn/defs.cc: In function 'std::__1::function<void(onnx::OpSchema&)> onnx::ConvTransposeOpSchemaGenerator(const char*)':
/dev/shm/velavision-ort-session-20260911/sources/onnx/onnx/defs/nn/defs.cc:1256:75: warning: unused parameter 'filter_desc' [-Wunused-parameter]
 1256 | std::function<void(OpSchema&)> ConvTransposeOpSchemaGenerator(const char* filter_desc) {
      |                                                               ~~~~~~~~~~~~^~~~~~~~~~~
/dev/shm/velavision-ort-session-20260911/sources/onnx/onnx/defs/nn/defs.cc: In function 'std::__1::function<void(onnx::OpSchema&)> onnx::GlobalPoolingOpSchemaGenerator(const char*, const char*)':
/dev/shm/velavision-ort-session-20260911/sources/onnx/onnx/defs/nn/defs.cc:1505:75: warning: unused parameter 'op_type' [-Wunused-parameter]
 1505 | std::function<void(OpSchema&)> GlobalPoolingOpSchemaGenerator(const char* op_type, const char* op) {
      |                                                               ~~~~~~~~~~~~^~~~~~~
/dev/shm/velavision-ort-session-20260911/sources/onnx/onnx/defs/nn/defs.cc:1505:96: warning: unused parameter 'op' [-Wunused-parameter]
 1505 | std::function<void(OpSchema&)> GlobalPoolingOpSchemaGenerator(const char* op_type, const char* op) {
      |                                                                                    ~~~~~~~~~~~~^~
/dev/shm/velavision-ort-session-20260911/sources/onnx/onnx/defs/nn/defs.cc: In function 'std::__1::function<void(onnx::OpSchema&)> onnx::GlobalLpPoolingOpSchemaGenerator(const char*, const char*)':
/dev/shm/velavision-ort-session-20260911/sources/onnx/onnx/defs/nn/defs.cc:1555:77: warning: unused parameter 'op_type' [-Wunused-parameter]
 1555 | std::function<void(OpSchema&)> GlobalLpPoolingOpSchemaGenerator(const char* op_type, const char* op) {
      |                                                                 ~~~~~~~~~~~~^~~~~~~
/dev/shm/velavision-ort-session-20260911/sources/onnx/onnx/defs/nn/defs.cc:1555:98: warning: unused parameter 'op' [-Wunused-parameter]
 1555 | std::function<void(OpSchema&)> GlobalLpPoolingOpSchemaGenerator(const char* op_type, const char* op) {
      |                                                                                      ~~~~~~~~~~~~^~
/dev/shm/velavision-ort-session-20260911/sources/onnx/onnx/defs/nn/defs.cc: In lambda function:
/dev/shm/velavision-ort-session-20260911/sources/onnx/onnx/defs/nn/defs.cc:2546:10: warning: declaration of 'tp' shadows a previous local [-Wshadow]
 2546 |     auto tp = ONNX_NAMESPACE::ToTensor(std::vector<int64_t>{val});
      |          ^~
/dev/shm/velavision-ort-session-20260911/sources/onnx/onnx/defs/nn/defs.cc:2529:9: note: shadowed declaration is here
 2529 |   auto* tp = ctx.getInputType(0);
      |         ^~
/dev/shm/velavision-ort-session-20260911/sources/onnx/onnx/defs/nn/defs.cc: At global scope:
/dev/shm/velavision-ort-session-20260911/sources/onnx/onnx/defs/nn/defs.cc:1875:20: warning: 'onnx::Dropout_ver13_doc' defined but not used [-Wunused-variable]
 1875 | static const char* Dropout_ver13_doc = R"DOC(
      |                    ^~~~~~~~~~~~~~~~~
[221/749] Building CXX object _deps/onnx-build/CMakeFiles/onnx.dir/onnx/defs/object_detection/defs.cc.obj
In file included from /dev/shm/velavision-ort-session-20260911/sources/protobuf/src/google/protobuf/parse_context.h:47,
                 from /dev/shm/velavision-ort-session-20260911/sources/protobuf/src/google/protobuf/extension_set.h:53,
                 from /dev/shm/velavision-ort-session-20260911/build/_deps/onnx-build/onnx/onnx-ml.pb.h:30,
                 from /dev/shm/velavision-ort-session-20260911/sources/onnx/onnx/onnx_pb.h:65,
                 from /dev/shm/velavision-ort-session-20260911/sources/onnx/onnx/defs/data_type_utils.h:14,
                 from /dev/shm/velavision-ort-session-20260911/sources/onnx/onnx/defs/shape_inference.h:13,
                 from /dev/shm/velavision-ort-session-20260911/sources/onnx/onnx/defs/schema.h:26,
                 from /dev/shm/velavision-ort-session-20260911/sources/onnx/onnx/defs/object_detection/defs.cc:5:
/dev/shm/velavision-ort-session-20260911/sources/protobuf/src/google/protobuf/inlined_string_field.h:430:5: warning: "GOOGLE_PROTOBUF_INTERNAL_DONATE_STEAL_INLINE" is not defined, evaluates to 0 [-Wundef]
  430 | #if GOOGLE_PROTOBUF_INTERNAL_DONATE_STEAL_INLINE
      |     ^~~~~~~~~~~~~~~~~~~~~~~~~~~~~~~~~~~~~~~~~~~~
In file included from /dev/shm/velavision-ort-session-20260911/sources/protobuf/src/google/protobuf/arena.h:52,
                 from /dev/shm/velavision-ort-session-20260911/build/_deps/onnx-build/onnx/onnx-ml.pb.h:24:
/dev/shm/velavision-ort-session-20260911/sources/protobuf/src/google/protobuf/arena_impl.h: In constructor 'google::protobuf::internal::SerialArena::Block::Block(google::protobuf::internal::SerialArena::Block*, size_t)':
/dev/shm/velavision-ort-session-20260911/sources/protobuf/src/google/protobuf/arena_impl.h:384:31: warning: declaration of 'size' shadows a member of 'google::protobuf::internal::SerialArena::Block' [-Wshadow]
  384 |     Block(Block* next, size_t size) : next(next), size(size), start(nullptr) {}
      |                        ~~~~~~~^~~~
/dev/shm/velavision-ort-session-20260911/sources/protobuf/src/google/protobuf/arena_impl.h:392:18: note: shadowed declaration is here
  392 |     const size_t size;
      |                  ^~~~
/dev/shm/velavision-ort-session-20260911/sources/protobuf/src/google/protobuf/arena_impl.h:384:18: warning: declaration of 'next' shadows a member of 'google::protobuf::internal::SerialArena::Block' [-Wshadow]
  384 |     Block(Block* next, size_t size) : next(next), size(size), start(nullptr) {}
      |           ~~~~~~~^~~~
/dev/shm/velavision-ort-session-20260911/sources/protobuf/src/google/protobuf/arena_impl.h:391:18: note: shadowed declaration is here
  391 |     Block* const next;
      |                  ^~~~
/dev/shm/velavision-ort-session-20260911/sources/protobuf/src/google/protobuf/arena_impl.h: In constructor 'google::protobuf::internal::SerialArena::Block::Block(google::protobuf::internal::SerialArena::Block*, size_t)':
/dev/shm/velavision-ort-session-20260911/sources/protobuf/src/google/protobuf/arena_impl.h:384:31: warning: declaration of 'size' shadows a member of 'google::protobuf::internal::SerialArena::Block' [-Wshadow]
  384 |     Block(Block* next, size_t size) : next(next), size(size), start(nullptr) {}
      |                        ~~~~~~~^~~~
/dev/shm/velavision-ort-session-20260911/sources/protobuf/src/google/protobuf/arena_impl.h:392:18: note: shadowed declaration is here
  392 |     const size_t size;
      |                  ^~~~
/dev/shm/velavision-ort-session-20260911/sources/protobuf/src/google/protobuf/arena_impl.h:384:18: warning: declaration of 'next' shadows a member of 'google::protobuf::internal::SerialArena::Block' [-Wshadow]
  384 |     Block(Block* next, size_t size) : next(next), size(size), start(nullptr) {}
      |           ~~~~~~~^~~~
/dev/shm/velavision-ort-session-20260911/sources/protobuf/src/google/protobuf/arena_impl.h:391:18: note: shadowed declaration is here
  391 |     Block* const next;
      |                  ^~~~
/dev/shm/velavision-ort-session-20260911/sources/protobuf/src/google/protobuf/arena_impl.h: In constructor 'google::protobuf::internal::SerialArena::Block::Block(google::protobuf::internal::SerialArena::Block*, size_t)':
/dev/shm/velavision-ort-session-20260911/sources/protobuf/src/google/protobuf/arena_impl.h:384:31: warning: declaration of 'size' shadows a member of 'google::protobuf::internal::SerialArena::Block' [-Wshadow]
  384 |     Block(Block* next, size_t size) : next(next), size(size), start(nullptr) {}
      |                        ~~~~~~~^~~~
/dev/shm/velavision-ort-session-20260911/sources/protobuf/src/google/protobuf/arena_impl.h:392:18: note: shadowed declaration is here
  392 |     const size_t size;
      |                  ^~~~
/dev/shm/velavision-ort-session-20260911/sources/protobuf/src/google/protobuf/arena_impl.h:384:18: warning: declaration of 'next' shadows a member of 'google::protobuf::internal::SerialArena::Block' [-Wshadow]
  384 |     Block(Block* next, size_t size) : next(next), size(size), start(nullptr) {}
      |           ~~~~~~~^~~~
/dev/shm/velavision-ort-session-20260911/sources/protobuf/src/google/protobuf/arena_impl.h:391:18: note: shadowed declaration is here
  391 |     Block* const next;
      |                  ^~~~
[222/749] Building CXX object _deps/onnx-build/CMakeFiles/onnx.dir/onnx/defs/nn/old.cc.obj
In file included from /dev/shm/velavision-ort-session-20260911/sources/protobuf/src/google/protobuf/parse_context.h:47,
                 from /dev/shm/velavision-ort-session-20260911/sources/protobuf/src/google/protobuf/extension_set.h:53,
                 from /dev/shm/velavision-ort-session-20260911/build/_deps/onnx-build/onnx/onnx-ml.pb.h:30,
                 from /dev/shm/velavision-ort-session-20260911/sources/onnx/onnx/onnx_pb.h:65,
                 from /dev/shm/velavision-ort-session-20260911/sources/onnx/onnx/onnx-operators_pb.h:7,
                 from /dev/shm/velavision-ort-session-20260911/sources/onnx/onnx/defs/attr_proto_util.h:12,
                 from /dev/shm/velavision-ort-session-20260911/sources/onnx/onnx/defs/function.h:13,
                 from /dev/shm/velavision-ort-session-20260911/sources/onnx/onnx/defs/nn/old.cc:7:
/dev/shm/velavision-ort-session-20260911/sources/protobuf/src/google/protobuf/inlined_string_field.h:430:5: warning: "GOOGLE_PROTOBUF_INTERNAL_DONATE_STEAL_INLINE" is not defined, evaluates to 0 [-Wundef]
  430 | #if GOOGLE_PROTOBUF_INTERNAL_DONATE_STEAL_INLINE
      |     ^~~~~~~~~~~~~~~~~~~~~~~~~~~~~~~~~~~~~~~~~~~~
In file included from /dev/shm/velavision-ort-session-20260911/sources/protobuf/src/google/protobuf/arena.h:52,
                 from /dev/shm/velavision-ort-session-20260911/build/_deps/onnx-build/onnx/onnx-ml.pb.h:24:
/dev/shm/velavision-ort-session-20260911/sources/protobuf/src/google/protobuf/arena_impl.h: In constructor 'google::protobuf::internal::SerialArena::Block::Block(google::protobuf::internal::SerialArena::Block*, size_t)':
/dev/shm/velavision-ort-session-20260911/sources/protobuf/src/google/protobuf/arena_impl.h:384:31: warning: declaration of 'size' shadows a member of 'google::protobuf::internal::SerialArena::Block' [-Wshadow]
  384 |     Block(Block* next, size_t size) : next(next), size(size), start(nullptr) {}
      |                        ~~~~~~~^~~~
/dev/shm/velavision-ort-session-20260911/sources/protobuf/src/google/protobuf/arena_impl.h:392:18: note: shadowed declaration is here
  392 |     const size_t size;
      |                  ^~~~
/dev/shm/velavision-ort-session-20260911/sources/protobuf/src/google/protobuf/arena_impl.h:384:18: warning: declaration of 'next' shadows a member of 'google::protobuf::internal::SerialArena::Block' [-Wshadow]
  384 |     Block(Block* next, size_t size) : next(next), size(size), start(nullptr) {}
      |           ~~~~~~~^~~~
/dev/shm/velavision-ort-session-20260911/sources/protobuf/src/google/protobuf/arena_impl.h:391:18: note: shadowed declaration is here
  391 |     Block* const next;
      |                  ^~~~
/dev/shm/velavision-ort-session-20260911/sources/protobuf/src/google/protobuf/arena_impl.h: In constructor 'google::protobuf::internal::SerialArena::Block::Block(google::protobuf::internal::SerialArena::Block*, size_t)':
/dev/shm/velavision-ort-session-20260911/sources/protobuf/src/google/protobuf/arena_impl.h:384:31: warning: declaration of 'size' shadows a member of 'google::protobuf::internal::SerialArena::Block' [-Wshadow]
  384 |     Block(Block* next, size_t size) : next(next), size(size), start(nullptr) {}
      |                        ~~~~~~~^~~~
/dev/shm/velavision-ort-session-20260911/sources/protobuf/src/google/protobuf/arena_impl.h:392:18: note: shadowed declaration is here
  392 |     const size_t size;
      |                  ^~~~
/dev/shm/velavision-ort-session-20260911/sources/protobuf/src/google/protobuf/arena_impl.h:384:18: warning: declaration of 'next' shadows a member of 'google::protobuf::internal::SerialArena::Block' [-Wshadow]
  384 |     Block(Block* next, size_t size) : next(next), size(size), start(nullptr) {}
      |           ~~~~~~~^~~~
/dev/shm/velavision-ort-session-20260911/sources/protobuf/src/google/protobuf/arena_impl.h:391:18: note: shadowed declaration is here
  391 |     Block* const next;
      |                  ^~~~
/dev/shm/velavision-ort-session-20260911/sources/protobuf/src/google/protobuf/arena_impl.h: In constructor 'google::protobuf::internal::SerialArena::Block::Block(google::protobuf::internal::SerialArena::Block*, size_t)':
/dev/shm/velavision-ort-session-20260911/sources/protobuf/src/google/protobuf/arena_impl.h:384:31: warning: declaration of 'size' shadows a member of 'google::protobuf::internal::SerialArena::Block' [-Wshadow]
  384 |     Block(Block* next, size_t size) : next(next), size(size), start(nullptr) {}
      |                        ~~~~~~~^~~~
/dev/shm/velavision-ort-session-20260911/sources/protobuf/src/google/protobuf/arena_impl.h:392:18: note: shadowed declaration is here
  392 |     const size_t size;
      |                  ^~~~
/dev/shm/velavision-ort-session-20260911/sources/protobuf/src/google/protobuf/arena_impl.h:384:18: warning: declaration of 'next' shadows a member of 'google::protobuf::internal::SerialArena::Block' [-Wshadow]
  384 |     Block(Block* next, size_t size) : next(next), size(size), start(nullptr) {}
      |           ~~~~~~~^~~~
/dev/shm/velavision-ort-session-20260911/sources/protobuf/src/google/protobuf/arena_impl.h:391:18: note: shadowed declaration is here
  391 |     Block* const next;
      |                  ^~~~
/dev/shm/velavision-ort-session-20260911/sources/onnx/onnx/defs/function.h: In constructor 'onnx::FunctionBodyHelper::NodeDef::NodeDef(std::__1::vector<std::__1::basic_string<char> >, std::__1::string, std::__1::vector<std::__1::basic_string<char> >, std::__1::vector<onnx::FunctionBodyHelper::AttributeProtoWrapper>, std::__1::string)':
/dev/shm/velavision-ort-session-20260911/sources/onnx/onnx/defs/function.h:51:21: warning: declaration of 'domain' shadows a member of 'onnx::FunctionBodyHelper::NodeDef' [-Wshadow]
   51 |         std::string domain = "")
      |         ~~~~~~~~~~~~^~~~~~~~~~~
/dev/shm/velavision-ort-session-20260911/sources/onnx/onnx/defs/function.h:62:17: note: shadowed declaration is here
   62 |     std::string domain;
      |                 ^~~~~~
/dev/shm/velavision-ort-session-20260911/sources/onnx/onnx/defs/function.h:50:44: warning: declaration of 'attributes' shadows a member of 'onnx::FunctionBodyHelper::NodeDef' [-Wshadow]
   50 |         std::vector<AttributeProtoWrapper> attributes = {},
      |         ~~~~~~~~~~~~~~~~~~~~~~~~~~~~~~~~~~~^~~~~~~~~~~~~~~
/dev/shm/velavision-ort-session-20260911/sources/onnx/onnx/defs/function.h:61:40: note: shadowed declaration is here
   61 |     std::vector<AttributeProtoWrapper> attributes;
      |                                        ^~~~~~~~~~
/dev/shm/velavision-ort-session-20260911/sources/onnx/onnx/defs/function.h:49:34: warning: declaration of 'inputs' shadows a member of 'onnx::FunctionBodyHelper::NodeDef' [-Wshadow]
   49 |         std::vector<std::string> inputs,
      |         ~~~~~~~~~~~~~~~~~~~~~~~~~^~~~~~
/dev/shm/velavision-ort-session-20260911/sources/onnx/onnx/defs/function.h:60:30: note: shadowed declaration is here
   60 |     std::vector<std::string> inputs;
      |                              ^~~~~~
/dev/shm/velavision-ort-session-20260911/sources/onnx/onnx/defs/function.h:48:21: warning: declaration of 'op_type' shadows a member of 'onnx::FunctionBodyHelper::NodeDef' [-Wshadow]
   48 |         std::string op_type,
      |         ~~~~~~~~~~~~^~~~~~~
/dev/shm/velavision-ort-session-20260911/sources/onnx/onnx/defs/function.h:59:17: note: shadowed declaration is here
   59 |     std::string op_type;
      |                 ^~~~~~~
/dev/shm/velavision-ort-session-20260911/sources/onnx/onnx/defs/function.h:47:34: warning: declaration of 'outputs' shadows a member of 'onnx::FunctionBodyHelper::NodeDef' [-Wshadow]
   47 |         std::vector<std::string> outputs,
      |         ~~~~~~~~~~~~~~~~~~~~~~~~~^~~~~~~
/dev/shm/velavision-ort-session-20260911/sources/onnx/onnx/defs/function.h:58:30: note: shadowed declaration is here
   58 |     std::vector<std::string> outputs;
      |                              ^~~~~~~
/dev/shm/velavision-ort-session-20260911/sources/onnx/onnx/defs/function.h: In constructor 'onnx::FunctionBodyHelper::NodeDef::NodeDef(std::__1::vector<std::__1::basic_string<char> >, std::__1::string, std::__1::vector<std::__1::basic_string<char> >, std::__1::vector<onnx::FunctionBodyHelper::AttributeProtoWrapper>, std::__1::string)':
/dev/shm/velavision-ort-session-20260911/sources/onnx/onnx/defs/function.h:51:21: warning: declaration of 'domain' shadows a member of 'onnx::FunctionBodyHelper::NodeDef' [-Wshadow]
   51 |         std::string domain = "")
      |         ~~~~~~~~~~~~^~~~~~~~~~~
/dev/shm/velavision-ort-session-20260911/sources/onnx/onnx/defs/function.h:62:17: note: shadowed declaration is here
   62 |     std::string domain;
      |                 ^~~~~~
/dev/shm/velavision-ort-session-20260911/sources/onnx/onnx/defs/function.h:50:44: warning: declaration of 'attributes' shadows a member of 'onnx::FunctionBodyHelper::NodeDef' [-Wshadow]
   50 |         std::vector<AttributeProtoWrapper> attributes = {},
      |         ~~~~~~~~~~~~~~~~~~~~~~~~~~~~~~~~~~~^~~~~~~~~~~~~~~
/dev/shm/velavision-ort-session-20260911/sources/onnx/onnx/defs/function.h:61:40: note: shadowed declaration is here
   61 |     std::vector<AttributeProtoWrapper> attributes;
      |                                        ^~~~~~~~~~
/dev/shm/velavision-ort-session-20260911/sources/onnx/onnx/defs/function.h:49:34: warning: declaration of 'inputs' shadows a member of 'onnx::FunctionBodyHelper::NodeDef' [-Wshadow]
   49 |         std::vector<std::string> inputs,
      |         ~~~~~~~~~~~~~~~~~~~~~~~~~^~~~~~
/dev/shm/velavision-ort-session-20260911/sources/onnx/onnx/defs/function.h:60:30: note: shadowed declaration is here
   60 |     std::vector<std::string> inputs;
      |                              ^~~~~~
/dev/shm/velavision-ort-session-20260911/sources/onnx/onnx/defs/function.h:48:21: warning: declaration of 'op_type' shadows a member of 'onnx::FunctionBodyHelper::NodeDef' [-Wshadow]
   48 |         std::string op_type,
      |         ~~~~~~~~~~~~^~~~~~~
/dev/shm/velavision-ort-session-20260911/sources/onnx/onnx/defs/function.h:59:17: note: shadowed declaration is here
   59 |     std::string op_type;
      |                 ^~~~~~~
/dev/shm/velavision-ort-session-20260911/sources/onnx/onnx/defs/function.h:47:34: warning: declaration of 'outputs' shadows a member of 'onnx::FunctionBodyHelper::NodeDef' [-Wshadow]
   47 |         std::vector<std::string> outputs,
      |         ~~~~~~~~~~~~~~~~~~~~~~~~~^~~~~~~
/dev/shm/velavision-ort-session-20260911/sources/onnx/onnx/defs/function.h:58:30: note: shadowed declaration is here
   58 |     std::vector<std::string> outputs;
      |                              ^~~~~~~
/dev/shm/velavision-ort-session-20260911/sources/onnx/onnx/defs/function.h: In constructor 'onnx::FunctionBodyHelper::NodeDef::NodeDef(std::__1::vector<std::__1::basic_string<char> >, std::__1::string, std::__1::vector<std::__1::basic_string<char> >, std::__1::vector<onnx::FunctionBodyHelper::AttributeProtoWrapper>, std::__1::string)':
/dev/shm/velavision-ort-session-20260911/sources/onnx/onnx/defs/function.h:51:21: warning: declaration of 'domain' shadows a member of 'onnx::FunctionBodyHelper::NodeDef' [-Wshadow]
   51 |         std::string domain = "")
      |         ~~~~~~~~~~~~^~~~~~~~~~~
/dev/shm/velavision-ort-session-20260911/sources/onnx/onnx/defs/function.h:62:17: note: shadowed declaration is here
   62 |     std::string domain;
      |                 ^~~~~~
/dev/shm/velavision-ort-session-20260911/sources/onnx/onnx/defs/function.h:50:44: warning: declaration of 'attributes' shadows a member of 'onnx::FunctionBodyHelper::NodeDef' [-Wshadow]
   50 |         std::vector<AttributeProtoWrapper> attributes = {},
      |         ~~~~~~~~~~~~~~~~~~~~~~~~~~~~~~~~~~~^~~~~~~~~~~~~~~
/dev/shm/velavision-ort-session-20260911/sources/onnx/onnx/defs/function.h:61:40: note: shadowed declaration is here
   61 |     std::vector<AttributeProtoWrapper> attributes;
      |                                        ^~~~~~~~~~
/dev/shm/velavision-ort-session-20260911/sources/onnx/onnx/defs/function.h:49:34: warning: declaration of 'inputs' shadows a member of 'onnx::FunctionBodyHelper::NodeDef' [-Wshadow]
   49 |         std::vector<std::string> inputs,
      |         ~~~~~~~~~~~~~~~~~~~~~~~~~^~~~~~
/dev/shm/velavision-ort-session-20260911/sources/onnx/onnx/defs/function.h:60:30: note: shadowed declaration is here
   60 |     std::vector<std::string> inputs;
      |                              ^~~~~~
/dev/shm/velavision-ort-session-20260911/sources/onnx/onnx/defs/function.h:48:21: warning: declaration of 'op_type' shadows a member of 'onnx::FunctionBodyHelper::NodeDef' [-Wshadow]
   48 |         std::string op_type,
      |         ~~~~~~~~~~~~^~~~~~~
/dev/shm/velavision-ort-session-20260911/sources/onnx/onnx/defs/function.h:59:17: note: shadowed declaration is here
   59 |     std::string op_type;
      |                 ^~~~~~~
/dev/shm/velavision-ort-session-20260911/sources/onnx/onnx/defs/function.h:47:34: warning: declaration of 'outputs' shadows a member of 'onnx::FunctionBodyHelper::NodeDef' [-Wshadow]
   47 |         std::vector<std::string> outputs,
      |         ~~~~~~~~~~~~~~~~~~~~~~~~~^~~~~~~
/dev/shm/velavision-ort-session-20260911/sources/onnx/onnx/defs/function.h:58:30: note: shadowed declaration is here
   58 |     std::vector<std::string> outputs;
      |                              ^~~~~~~
/dev/shm/velavision-ort-session-20260911/sources/onnx/onnx/defs/nn/old.cc: In function 'std::__1::function<void(onnx::OpSchema&)> onnx::PoolOpSchemaGenerator_9(const char*, const char*, const char*)':
/dev/shm/velavision-ort-session-20260911/sources/onnx/onnx/defs/nn/old.cc:407:37: warning: unused parameter 'name' [-Wunused-parameter]
  407 | PoolOpSchemaGenerator_9(const char* name, const char* opName, const char* additionalDescription) {
      |                         ~~~~~~~~~~~~^~~~
/dev/shm/velavision-ort-session-20260911/sources/onnx/onnx/defs/nn/old.cc:407:55: warning: unused parameter 'opName' [-Wunused-parameter]
  407 | PoolOpSchemaGenerator_9(const char* name, const char* opName, const char* additionalDescription) {
      |                                           ~~~~~~~~~~~~^~~~~~
/dev/shm/velavision-ort-session-20260911/sources/onnx/onnx/defs/nn/old.cc:407:75: warning: unused parameter 'additionalDescription' [-Wunused-parameter]
  407 | PoolOpSchemaGenerator_9(const char* name, const char* opName, const char* additionalDescription) {
      |                                                               ~~~~~~~~~~~~^~~~~~~~~~~~~~~~~~~~~
/dev/shm/velavision-ort-session-20260911/sources/onnx/onnx/defs/nn/old.cc: In function 'std::__1::function<void(onnx::OpSchema&)> onnx::PoolOpSchemaGenerator_10(const char*, const char*, const char*, bool, int)':
/dev/shm/velavision-ort-session-20260911/sources/onnx/onnx/defs/nn/old.cc:484:17: warning: unused parameter 'name' [-Wunused-parameter]
  484 |     const char* name,
      |     ~~~~~~~~~~~~^~~~
/dev/shm/velavision-ort-session-20260911/sources/onnx/onnx/defs/nn/old.cc:485:17: warning: unused parameter 'opName' [-Wunused-parameter]
  485 |     const char* opName,
      |     ~~~~~~~~~~~~^~~~~~
/dev/shm/velavision-ort-session-20260911/sources/onnx/onnx/defs/nn/old.cc:486:17: warning: unused parameter 'additionalDescription' [-Wunused-parameter]
  486 |     const char* additionalDescription,
      |     ~~~~~~~~~~~~^~~~~~~~~~~~~~~~~~~~~
/dev/shm/velavision-ort-session-20260911/sources/onnx/onnx/defs/nn/old.cc: In function 'std::__1::function<void(onnx::OpSchema&)> onnx::PoolOpSchemaGenerator_11(const char*, const char*, const char*, bool, bool)':
/dev/shm/velavision-ort-session-20260911/sources/onnx/onnx/defs/nn/old.cc:595:17: warning: unused parameter 'name' [-Wunused-parameter]
  595 |     const char* name,
      |     ~~~~~~~~~~~~^~~~
/dev/shm/velavision-ort-session-20260911/sources/onnx/onnx/defs/nn/old.cc:596:17: warning: unused parameter 'opName' [-Wunused-parameter]
  596 |     const char* opName,
      |     ~~~~~~~~~~~~^~~~~~
/dev/shm/velavision-ort-session-20260911/sources/onnx/onnx/defs/nn/old.cc:597:17: warning: unused parameter 'additionalDescription' [-Wunused-parameter]
  597 |     const char* additionalDescription,
      |     ~~~~~~~~~~~~^~~~~~~~~~~~~~~~~~~~~
/dev/shm/velavision-ort-session-20260911/sources/onnx/onnx/defs/nn/old.cc: In function 'std::__1::function<void(onnx::OpSchema&)> onnx::LpPoolOpSchemaGenerator_10(const char*)':
/dev/shm/velavision-ort-session-20260911/sources/onnx/onnx/defs/nn/old.cc:1078:71: warning: unused parameter 'name' [-Wunused-parameter]
 1078 | std::function<void(OpSchema&)> LpPoolOpSchemaGenerator_10(const char* name) {
      |                                                           ~~~~~~~~~~~~^~~~
/dev/shm/velavision-ort-session-20260911/sources/onnx/onnx/defs/nn/old.cc: In function 'std::__1::function<void(onnx::OpSchema&)> onnx::LpPoolOpSchemaGenerator_11(const char*)':
/dev/shm/velavision-ort-session-20260911/sources/onnx/onnx/defs/nn/old.cc:1132:71: warning: unused parameter 'name' [-Wunused-parameter]
 1132 | std::function<void(OpSchema&)> LpPoolOpSchemaGenerator_11(const char* name) {
      |                                                           ~~~~~~~~~~~~^~~~
/dev/shm/velavision-ort-session-20260911/sources/onnx/onnx/defs/nn/old.cc: In function 'std::__1::function<void(onnx::OpSchema&)> onnx::ConvOpSchemaGenerator_10(const char*)':
/dev/shm/velavision-ort-session-20260911/sources/onnx/onnx/defs/nn/old.cc:1193:69: warning: unused parameter 'filter_desc' [-Wunused-parameter]
 1193 | std::function<void(OpSchema&)> ConvOpSchemaGenerator_10(const char* filter_desc) {
      |                                                         ~~~~~~~~~~~~^~~~~~~~~~~
/dev/shm/velavision-ort-session-20260911/sources/onnx/onnx/defs/nn/old.cc: In function 'std::__1::function<void(onnx::OpSchema&)> onnx::ConvTransposeOpSchemaGenerator_10(const char*)':
/dev/shm/velavision-ort-session-20260911/sources/onnx/onnx/defs/nn/old.cc:1407:78: warning: unused parameter 'filter_desc' [-Wunused-parameter]
 1407 | std::function<void(OpSchema&)> ConvTransposeOpSchemaGenerator_10(const char* filter_desc) {
      |                                                                  ~~~~~~~~~~~~^~~~~~~~~~~
/dev/shm/velavision-ort-session-20260911/sources/onnx/onnx/defs/nn/old.cc: At global scope:
/dev/shm/velavision-ort-session-20260911/sources/onnx/onnx/defs/nn/old.cc:2274:20: warning: 'onnx::BatchNormalization_ver7_doc' defined but not used [-Wunused-variable]
 2274 | static const char* BatchNormalization_ver7_doc = R"DOC(
      |                    ^~~~~~~~~~~~~~~~~~~~~~~~~~~
/dev/shm/velavision-ort-session-20260911/sources/onnx/onnx/defs/nn/old.cc:2038:20: warning: 'onnx::Dropout_ver10_doc' defined but not used [-Wunused-variable]
 2038 | static const char* Dropout_ver10_doc = R"DOC(
      |                    ^~~~~~~~~~~~~~~~~
/dev/shm/velavision-ort-session-20260911/sources/onnx/onnx/defs/nn/old.cc:2015:20: warning: 'onnx::Dropout_ver7_doc' defined but not used [-Wunused-variable]
 2015 | static const char* Dropout_ver7_doc = R"DOC(
      |                    ^~~~~~~~~~~~~~~~
/dev/shm/velavision-ort-session-20260911/sources/onnx/onnx/defs/nn/old.cc:12:20: warning: 'onnx::Dropout_ver12_doc' defined but not used [-Wunused-variable]
   12 | static const char* Dropout_ver12_doc = R"DOC(
      |                    ^~~~~~~~~~~~~~~~~
[223/749] Building CXX object _deps/onnx-build/CMakeFiles/onnx.dir/onnx/defs/object_detection/old.cc.obj
In file included from /dev/shm/velavision-ort-session-20260911/sources/protobuf/src/google/protobuf/parse_context.h:47,
                 from /dev/shm/velavision-ort-session-20260911/sources/protobuf/src/google/protobuf/extension_set.h:53,
                 from /dev/shm/velavision-ort-session-20260911/build/_deps/onnx-build/onnx/onnx-ml.pb.h:30,
                 from /dev/shm/velavision-ort-session-20260911/sources/onnx/onnx/onnx_pb.h:65,
                 from /dev/shm/velavision-ort-session-20260911/sources/onnx/onnx/defs/data_type_utils.h:14,
                 from /dev/shm/velavision-ort-session-20260911/sources/onnx/onnx/defs/shape_inference.h:13,
                 from /dev/shm/velavision-ort-session-20260911/sources/onnx/onnx/defs/schema.h:26,
                 from /dev/shm/velavision-ort-session-20260911/sources/onnx/onnx/defs/object_detection/old.cc:5:
/dev/shm/velavision-ort-session-20260911/sources/protobuf/src/google/protobuf/inlined_string_field.h:430:5: warning: "GOOGLE_PROTOBUF_INTERNAL_DONATE_STEAL_INLINE" is not defined, evaluates to 0 [-Wundef]
  430 | #if GOOGLE_PROTOBUF_INTERNAL_DONATE_STEAL_INLINE
      |     ^~~~~~~~~~~~~~~~~~~~~~~~~~~~~~~~~~~~~~~~~~~~
In file included from /dev/shm/velavision-ort-session-20260911/sources/protobuf/src/google/protobuf/arena.h:52,
                 from /dev/shm/velavision-ort-session-20260911/build/_deps/onnx-build/onnx/onnx-ml.pb.h:24:
/dev/shm/velavision-ort-session-20260911/sources/protobuf/src/google/protobuf/arena_impl.h: In constructor 'google::protobuf::internal::SerialArena::Block::Block(google::protobuf::internal::SerialArena::Block*, size_t)':
/dev/shm/velavision-ort-session-20260911/sources/protobuf/src/google/protobuf/arena_impl.h:384:31: warning: declaration of 'size' shadows a member of 'google::protobuf::internal::SerialArena::Block' [-Wshadow]
  384 |     Block(Block* next, size_t size) : next(next), size(size), start(nullptr) {}
      |                        ~~~~~~~^~~~
/dev/shm/velavision-ort-session-20260911/sources/protobuf/src/google/protobuf/arena_impl.h:392:18: note: shadowed declaration is here
  392 |     const size_t size;
      |                  ^~~~
/dev/shm/velavision-ort-session-20260911/sources/protobuf/src/google/protobuf/arena_impl.h:384:18: warning: declaration of 'next' shadows a member of 'google::protobuf::internal::SerialArena::Block' [-Wshadow]
  384 |     Block(Block* next, size_t size) : next(next), size(size), start(nullptr) {}
      |           ~~~~~~~^~~~
/dev/shm/velavision-ort-session-20260911/sources/protobuf/src/google/protobuf/arena_impl.h:391:18: note: shadowed declaration is here
  391 |     Block* const next;
      |                  ^~~~
/dev/shm/velavision-ort-session-20260911/sources/protobuf/src/google/protobuf/arena_impl.h: In constructor 'google::protobuf::internal::SerialArena::Block::Block(google::protobuf::internal::SerialArena::Block*, size_t)':
/dev/shm/velavision-ort-session-20260911/sources/protobuf/src/google/protobuf/arena_impl.h:384:31: warning: declaration of 'size' shadows a member of 'google::protobuf::internal::SerialArena::Block' [-Wshadow]
  384 |     Block(Block* next, size_t size) : next(next), size(size), start(nullptr) {}
      |                        ~~~~~~~^~~~
/dev/shm/velavision-ort-session-20260911/sources/protobuf/src/google/protobuf/arena_impl.h:392:18: note: shadowed declaration is here
  392 |     const size_t size;
      |                  ^~~~
/dev/shm/velavision-ort-session-20260911/sources/protobuf/src/google/protobuf/arena_impl.h:384:18: warning: declaration of 'next' shadows a member of 'google::protobuf::internal::SerialArena::Block' [-Wshadow]
  384 |     Block(Block* next, size_t size) : next(next), size(size), start(nullptr) {}
      |           ~~~~~~~^~~~
/dev/shm/velavision-ort-session-20260911/sources/protobuf/src/google/protobuf/arena_impl.h:391:18: note: shadowed declaration is here
  391 |     Block* const next;
      |                  ^~~~
/dev/shm/velavision-ort-session-20260911/sources/protobuf/src/google/protobuf/arena_impl.h: In constructor 'google::protobuf::internal::SerialArena::Block::Block(google::protobuf::internal::SerialArena::Block*, size_t)':
/dev/shm/velavision-ort-session-20260911/sources/protobuf/src/google/protobuf/arena_impl.h:384:31: warning: declaration of 'size' shadows a member of 'google::protobuf::internal::SerialArena::Block' [-Wshadow]
  384 |     Block(Block* next, size_t size) : next(next), size(size), start(nullptr) {}
      |                        ~~~~~~~^~~~
/dev/shm/velavision-ort-session-20260911/sources/protobuf/src/google/protobuf/arena_impl.h:392:18: note: shadowed declaration is here
  392 |     const size_t size;
      |                  ^~~~
/dev/shm/velavision-ort-session-20260911/sources/protobuf/src/google/protobuf/arena_impl.h:384:18: warning: declaration of 'next' shadows a member of 'google::protobuf::internal::SerialArena::Block' [-Wshadow]
  384 |     Block(Block* next, size_t size) : next(next), size(size), start(nullptr) {}
      |           ~~~~~~~^~~~
/dev/shm/velavision-ort-session-20260911/sources/protobuf/src/google/protobuf/arena_impl.h:391:18: note: shadowed declaration is here
  391 |     Block* const next;
      |                  ^~~~
[224/749] Building CXX object _deps/onnx-build/CMakeFiles/onnx.dir/onnx/defs/optional/defs.cc.obj
In file included from /dev/shm/velavision-ort-session-20260911/sources/protobuf/src/google/protobuf/parse_context.h:47,
                 from /dev/shm/velavision-ort-session-20260911/sources/protobuf/src/google/protobuf/extension_set.h:53,
                 from /dev/shm/velavision-ort-session-20260911/build/_deps/onnx-build/onnx/onnx-ml.pb.h:30,
                 from /dev/shm/velavision-ort-session-20260911/sources/onnx/onnx/onnx_pb.h:65,
                 from /dev/shm/velavision-ort-session-20260911/sources/onnx/onnx/onnx-operators_pb.h:7,
                 from /dev/shm/velavision-ort-session-20260911/sources/onnx/onnx/defs/attr_proto_util.h:12,
                 from /dev/shm/velavision-ort-session-20260911/sources/onnx/onnx/defs/function.h:13,
                 from /dev/shm/velavision-ort-session-20260911/sources/onnx/onnx/defs/optional/defs.cc:8:
/dev/shm/velavision-ort-session-20260911/sources/protobuf/src/google/protobuf/inlined_string_field.h:430:5: warning: "GOOGLE_PROTOBUF_INTERNAL_DONATE_STEAL_INLINE" is not defined, evaluates to 0 [-Wundef]
  430 | #if GOOGLE_PROTOBUF_INTERNAL_DONATE_STEAL_INLINE
      |     ^~~~~~~~~~~~~~~~~~~~~~~~~~~~~~~~~~~~~~~~~~~~
In file included from /dev/shm/velavision-ort-session-20260911/sources/protobuf/src/google/protobuf/arena.h:52,
                 from /dev/shm/velavision-ort-session-20260911/build/_deps/onnx-build/onnx/onnx-ml.pb.h:24:
/dev/shm/velavision-ort-session-20260911/sources/protobuf/src/google/protobuf/arena_impl.h: In constructor 'google::protobuf::internal::SerialArena::Block::Block(google::protobuf::internal::SerialArena::Block*, size_t)':
/dev/shm/velavision-ort-session-20260911/sources/protobuf/src/google/protobuf/arena_impl.h:384:31: warning: declaration of 'size' shadows a member of 'google::protobuf::internal::SerialArena::Block' [-Wshadow]
  384 |     Block(Block* next, size_t size) : next(next), size(size), start(nullptr) {}
      |                        ~~~~~~~^~~~
/dev/shm/velavision-ort-session-20260911/sources/protobuf/src/google/protobuf/arena_impl.h:392:18: note: shadowed declaration is here
  392 |     const size_t size;
      |                  ^~~~
/dev/shm/velavision-ort-session-20260911/sources/protobuf/src/google/protobuf/arena_impl.h:384:18: warning: declaration of 'next' shadows a member of 'google::protobuf::internal::SerialArena::Block' [-Wshadow]
  384 |     Block(Block* next, size_t size) : next(next), size(size), start(nullptr) {}
      |           ~~~~~~~^~~~
/dev/shm/velavision-ort-session-20260911/sources/protobuf/src/google/protobuf/arena_impl.h:391:18: note: shadowed declaration is here
  391 |     Block* const next;
      |                  ^~~~
/dev/shm/velavision-ort-session-20260911/sources/protobuf/src/google/protobuf/arena_impl.h: In constructor 'google::protobuf::internal::SerialArena::Block::Block(google::protobuf::internal::SerialArena::Block*, size_t)':
/dev/shm/velavision-ort-session-20260911/sources/protobuf/src/google/protobuf/arena_impl.h:384:31: warning: declaration of 'size' shadows a member of 'google::protobuf::internal::SerialArena::Block' [-Wshadow]
  384 |     Block(Block* next, size_t size) : next(next), size(size), start(nullptr) {}
      |                        ~~~~~~~^~~~
/dev/shm/velavision-ort-session-20260911/sources/protobuf/src/google/protobuf/arena_impl.h:392:18: note: shadowed declaration is here
  392 |     const size_t size;
      |                  ^~~~
/dev/shm/velavision-ort-session-20260911/sources/protobuf/src/google/protobuf/arena_impl.h:384:18: warning: declaration of 'next' shadows a member of 'google::protobuf::internal::SerialArena::Block' [-Wshadow]
  384 |     Block(Block* next, size_t size) : next(next), size(size), start(nullptr) {}
      |           ~~~~~~~^~~~
/dev/shm/velavision-ort-session-20260911/sources/protobuf/src/google/protobuf/arena_impl.h:391:18: note: shadowed declaration is here
  391 |     Block* const next;
      |                  ^~~~
/dev/shm/velavision-ort-session-20260911/sources/protobuf/src/google/protobuf/arena_impl.h: In constructor 'google::protobuf::internal::SerialArena::Block::Block(google::protobuf::internal::SerialArena::Block*, size_t)':
/dev/shm/velavision-ort-session-20260911/sources/protobuf/src/google/protobuf/arena_impl.h:384:31: warning: declaration of 'size' shadows a member of 'google::protobuf::internal::SerialArena::Block' [-Wshadow]
  384 |     Block(Block* next, size_t size) : next(next), size(size), start(nullptr) {}
      |                        ~~~~~~~^~~~
/dev/shm/velavision-ort-session-20260911/sources/protobuf/src/google/protobuf/arena_impl.h:392:18: note: shadowed declaration is here
  392 |     const size_t size;
      |                  ^~~~
/dev/shm/velavision-ort-session-20260911/sources/protobuf/src/google/protobuf/arena_impl.h:384:18: warning: declaration of 'next' shadows a member of 'google::protobuf::internal::SerialArena::Block' [-Wshadow]
  384 |     Block(Block* next, size_t size) : next(next), size(size), start(nullptr) {}
      |           ~~~~~~~^~~~
/dev/shm/velavision-ort-session-20260911/sources/protobuf/src/google/protobuf/arena_impl.h:391:18: note: shadowed declaration is here
  391 |     Block* const next;
      |                  ^~~~
/dev/shm/velavision-ort-session-20260911/sources/onnx/onnx/defs/function.h: In constructor 'onnx::FunctionBodyHelper::NodeDef::NodeDef(std::__1::vector<std::__1::basic_string<char> >, std::__1::string, std::__1::vector<std::__1::basic_string<char> >, std::__1::vector<onnx::FunctionBodyHelper::AttributeProtoWrapper>, std::__1::string)':
/dev/shm/velavision-ort-session-20260911/sources/onnx/onnx/defs/function.h:51:21: warning: declaration of 'domain' shadows a member of 'onnx::FunctionBodyHelper::NodeDef' [-Wshadow]
   51 |         std::string domain = "")
      |         ~~~~~~~~~~~~^~~~~~~~~~~
/dev/shm/velavision-ort-session-20260911/sources/onnx/onnx/defs/function.h:62:17: note: shadowed declaration is here
   62 |     std::string domain;
      |                 ^~~~~~
/dev/shm/velavision-ort-session-20260911/sources/onnx/onnx/defs/function.h:50:44: warning: declaration of 'attributes' shadows a member of 'onnx::FunctionBodyHelper::NodeDef' [-Wshadow]
   50 |         std::vector<AttributeProtoWrapper> attributes = {},
      |         ~~~~~~~~~~~~~~~~~~~~~~~~~~~~~~~~~~~^~~~~~~~~~~~~~~
/dev/shm/velavision-ort-session-20260911/sources/onnx/onnx/defs/function.h:61:40: note: shadowed declaration is here
   61 |     std::vector<AttributeProtoWrapper> attributes;
      |                                        ^~~~~~~~~~
/dev/shm/velavision-ort-session-20260911/sources/onnx/onnx/defs/function.h:49:34: warning: declaration of 'inputs' shadows a member of 'onnx::FunctionBodyHelper::NodeDef' [-Wshadow]
   49 |         std::vector<std::string> inputs,
      |         ~~~~~~~~~~~~~~~~~~~~~~~~~^~~~~~
/dev/shm/velavision-ort-session-20260911/sources/onnx/onnx/defs/function.h:60:30: note: shadowed declaration is here
   60 |     std::vector<std::string> inputs;
      |                              ^~~~~~
/dev/shm/velavision-ort-session-20260911/sources/onnx/onnx/defs/function.h:48:21: warning: declaration of 'op_type' shadows a member of 'onnx::FunctionBodyHelper::NodeDef' [-Wshadow]
   48 |         std::string op_type,
      |         ~~~~~~~~~~~~^~~~~~~
/dev/shm/velavision-ort-session-20260911/sources/onnx/onnx/defs/function.h:59:17: note: shadowed declaration is here
   59 |     std::string op_type;
      |                 ^~~~~~~
/dev/shm/velavision-ort-session-20260911/sources/onnx/onnx/defs/function.h:47:34: warning: declaration of 'outputs' shadows a member of 'onnx::FunctionBodyHelper::NodeDef' [-Wshadow]
   47 |         std::vector<std::string> outputs,
      |         ~~~~~~~~~~~~~~~~~~~~~~~~~^~~~~~~
/dev/shm/velavision-ort-session-20260911/sources/onnx/onnx/defs/function.h:58:30: note: shadowed declaration is here
   58 |     std::vector<std::string> outputs;
      |                              ^~~~~~~
/dev/shm/velavision-ort-session-20260911/sources/onnx/onnx/defs/function.h: In constructor 'onnx::FunctionBodyHelper::NodeDef::NodeDef(std::__1::vector<std::__1::basic_string<char> >, std::__1::string, std::__1::vector<std::__1::basic_string<char> >, std::__1::vector<onnx::FunctionBodyHelper::AttributeProtoWrapper>, std::__1::string)':
/dev/shm/velavision-ort-session-20260911/sources/onnx/onnx/defs/function.h:51:21: warning: declaration of 'domain' shadows a member of 'onnx::FunctionBodyHelper::NodeDef' [-Wshadow]
   51 |         std::string domain = "")
      |         ~~~~~~~~~~~~^~~~~~~~~~~
/dev/shm/velavision-ort-session-20260911/sources/onnx/onnx/defs/function.h:62:17: note: shadowed declaration is here
   62 |     std::string domain;
      |                 ^~~~~~
/dev/shm/velavision-ort-session-20260911/sources/onnx/onnx/defs/function.h:50:44: warning: declaration of 'attributes' shadows a member of 'onnx::FunctionBodyHelper::NodeDef' [-Wshadow]
   50 |         std::vector<AttributeProtoWrapper> attributes = {},
      |         ~~~~~~~~~~~~~~~~~~~~~~~~~~~~~~~~~~~^~~~~~~~~~~~~~~
/dev/shm/velavision-ort-session-20260911/sources/onnx/onnx/defs/function.h:61:40: note: shadowed declaration is here
   61 |     std::vector<AttributeProtoWrapper> attributes;
      |                                        ^~~~~~~~~~
/dev/shm/velavision-ort-session-20260911/sources/onnx/onnx/defs/function.h:49:34: warning: declaration of 'inputs' shadows a member of 'onnx::FunctionBodyHelper::NodeDef' [-Wshadow]
   49 |         std::vector<std::string> inputs,
      |         ~~~~~~~~~~~~~~~~~~~~~~~~~^~~~~~
/dev/shm/velavision-ort-session-20260911/sources/onnx/onnx/defs/function.h:60:30: note: shadowed declaration is here
   60 |     std::vector<std::string> inputs;
      |                              ^~~~~~
/dev/shm/velavision-ort-session-20260911/sources/onnx/onnx/defs/function.h:48:21: warning: declaration of 'op_type' shadows a member of 'onnx::FunctionBodyHelper::NodeDef' [-Wshadow]
   48 |         std::string op_type,
      |         ~~~~~~~~~~~~^~~~~~~
/dev/shm/velavision-ort-session-20260911/sources/onnx/onnx/defs/function.h:59:17: note: shadowed declaration is here
   59 |     std::string op_type;
      |                 ^~~~~~~
/dev/shm/velavision-ort-session-20260911/sources/onnx/onnx/defs/function.h:47:34: warning: declaration of 'outputs' shadows a member of 'onnx::FunctionBodyHelper::NodeDef' [-Wshadow]
   47 |         std::vector<std::string> outputs,
      |         ~~~~~~~~~~~~~~~~~~~~~~~~~^~~~~~~
/dev/shm/velavision-ort-session-20260911/sources/onnx/onnx/defs/function.h:58:30: note: shadowed declaration is here
   58 |     std::vector<std::string> outputs;
      |                              ^~~~~~~
/dev/shm/velavision-ort-session-20260911/sources/onnx/onnx/defs/function.h: In constructor 'onnx::FunctionBodyHelper::NodeDef::NodeDef(std::__1::vector<std::__1::basic_string<char> >, std::__1::string, std::__1::vector<std::__1::basic_string<char> >, std::__1::vector<onnx::FunctionBodyHelper::AttributeProtoWrapper>, std::__1::string)':
/dev/shm/velavision-ort-session-20260911/sources/onnx/onnx/defs/function.h:51:21: warning: declaration of 'domain' shadows a member of 'onnx::FunctionBodyHelper::NodeDef' [-Wshadow]
   51 |         std::string domain = "")
      |         ~~~~~~~~~~~~^~~~~~~~~~~
/dev/shm/velavision-ort-session-20260911/sources/onnx/onnx/defs/function.h:62:17: note: shadowed declaration is here
   62 |     std::string domain;
      |                 ^~~~~~
/dev/shm/velavision-ort-session-20260911/sources/onnx/onnx/defs/function.h:50:44: warning: declaration of 'attributes' shadows a member of 'onnx::FunctionBodyHelper::NodeDef' [-Wshadow]
   50 |         std::vector<AttributeProtoWrapper> attributes = {},
      |         ~~~~~~~~~~~~~~~~~~~~~~~~~~~~~~~~~~~^~~~~~~~~~~~~~~
/dev/shm/velavision-ort-session-20260911/sources/onnx/onnx/defs/function.h:61:40: note: shadowed declaration is here
   61 |     std::vector<AttributeProtoWrapper> attributes;
      |                                        ^~~~~~~~~~
/dev/shm/velavision-ort-session-20260911/sources/onnx/onnx/defs/function.h:49:34: warning: declaration of 'inputs' shadows a member of 'onnx::FunctionBodyHelper::NodeDef' [-Wshadow]
   49 |         std::vector<std::string> inputs,
      |         ~~~~~~~~~~~~~~~~~~~~~~~~~^~~~~~
/dev/shm/velavision-ort-session-20260911/sources/onnx/onnx/defs/function.h:60:30: note: shadowed declaration is here
   60 |     std::vector<std::string> inputs;
      |                              ^~~~~~
/dev/shm/velavision-ort-session-20260911/sources/onnx/onnx/defs/function.h:48:21: warning: declaration of 'op_type' shadows a member of 'onnx::FunctionBodyHelper::NodeDef' [-Wshadow]
   48 |         std::string op_type,
      |         ~~~~~~~~~~~~^~~~~~~
/dev/shm/velavision-ort-session-20260911/sources/onnx/onnx/defs/function.h:59:17: note: shadowed declaration is here
   59 |     std::string op_type;
      |                 ^~~~~~~
/dev/shm/velavision-ort-session-20260911/sources/onnx/onnx/defs/function.h:47:34: warning: declaration of 'outputs' shadows a member of 'onnx::FunctionBodyHelper::NodeDef' [-Wshadow]
   47 |         std::vector<std::string> outputs,
      |         ~~~~~~~~~~~~~~~~~~~~~~~~~^~~~~~~
/dev/shm/velavision-ort-session-20260911/sources/onnx/onnx/defs/function.h:58:30: note: shadowed declaration is here
   58 |     std::vector<std::string> outputs;
      |                              ^~~~~~~
[225/749] Building CXX object _deps/onnx-build/CMakeFiles/onnx.dir/onnx/defs/optional/old.cc.obj
In file included from /dev/shm/velavision-ort-session-20260911/sources/protobuf/src/google/protobuf/parse_context.h:47,
                 from /dev/shm/velavision-ort-session-20260911/sources/protobuf/src/google/protobuf/extension_set.h:53,
                 from /dev/shm/velavision-ort-session-20260911/build/_deps/onnx-build/onnx/onnx-ml.pb.h:30,
                 from /dev/shm/velavision-ort-session-20260911/sources/onnx/onnx/onnx_pb.h:65,
                 from /dev/shm/velavision-ort-session-20260911/sources/onnx/onnx/onnx-operators_pb.h:7,
                 from /dev/shm/velavision-ort-session-20260911/sources/onnx/onnx/defs/attr_proto_util.h:12,
                 from /dev/shm/velavision-ort-session-20260911/sources/onnx/onnx/defs/function.h:13,
                 from /dev/shm/velavision-ort-session-20260911/sources/onnx/onnx/defs/optional/old.cc:8:
/dev/shm/velavision-ort-session-20260911/sources/protobuf/src/google/protobuf/inlined_string_field.h:430:5: warning: "GOOGLE_PROTOBUF_INTERNAL_DONATE_STEAL_INLINE" is not defined, evaluates to 0 [-Wundef]
  430 | #if GOOGLE_PROTOBUF_INTERNAL_DONATE_STEAL_INLINE
      |     ^~~~~~~~~~~~~~~~~~~~~~~~~~~~~~~~~~~~~~~~~~~~
In file included from /dev/shm/velavision-ort-session-20260911/sources/protobuf/src/google/protobuf/arena.h:52,
                 from /dev/shm/velavision-ort-session-20260911/build/_deps/onnx-build/onnx/onnx-ml.pb.h:24:
/dev/shm/velavision-ort-session-20260911/sources/protobuf/src/google/protobuf/arena_impl.h: In constructor 'google::protobuf::internal::SerialArena::Block::Block(google::protobuf::internal::SerialArena::Block*, size_t)':
/dev/shm/velavision-ort-session-20260911/sources/protobuf/src/google/protobuf/arena_impl.h:384:31: warning: declaration of 'size' shadows a member of 'google::protobuf::internal::SerialArena::Block' [-Wshadow]
  384 |     Block(Block* next, size_t size) : next(next), size(size), start(nullptr) {}
      |                        ~~~~~~~^~~~
/dev/shm/velavision-ort-session-20260911/sources/protobuf/src/google/protobuf/arena_impl.h:392:18: note: shadowed declaration is here
  392 |     const size_t size;
      |                  ^~~~
/dev/shm/velavision-ort-session-20260911/sources/protobuf/src/google/protobuf/arena_impl.h:384:18: warning: declaration of 'next' shadows a member of 'google::protobuf::internal::SerialArena::Block' [-Wshadow]
  384 |     Block(Block* next, size_t size) : next(next), size(size), start(nullptr) {}
      |           ~~~~~~~^~~~
/dev/shm/velavision-ort-session-20260911/sources/protobuf/src/google/protobuf/arena_impl.h:391:18: note: shadowed declaration is here
  391 |     Block* const next;
      |                  ^~~~
/dev/shm/velavision-ort-session-20260911/sources/protobuf/src/google/protobuf/arena_impl.h: In constructor 'google::protobuf::internal::SerialArena::Block::Block(google::protobuf::internal::SerialArena::Block*, size_t)':
/dev/shm/velavision-ort-session-20260911/sources/protobuf/src/google/protobuf/arena_impl.h:384:31: warning: declaration of 'size' shadows a member of 'google::protobuf::internal::SerialArena::Block' [-Wshadow]
  384 |     Block(Block* next, size_t size) : next(next), size(size), start(nullptr) {}
      |                        ~~~~~~~^~~~
/dev/shm/velavision-ort-session-20260911/sources/protobuf/src/google/protobuf/arena_impl.h:392:18: note: shadowed declaration is here
  392 |     const size_t size;
      |                  ^~~~
/dev/shm/velavision-ort-session-20260911/sources/protobuf/src/google/protobuf/arena_impl.h:384:18: warning: declaration of 'next' shadows a member of 'google::protobuf::internal::SerialArena::Block' [-Wshadow]
  384 |     Block(Block* next, size_t size) : next(next), size(size), start(nullptr) {}
      |           ~~~~~~~^~~~
/dev/shm/velavision-ort-session-20260911/sources/protobuf/src/google/protobuf/arena_impl.h:391:18: note: shadowed declaration is here
  391 |     Block* const next;
      |                  ^~~~
/dev/shm/velavision-ort-session-20260911/sources/protobuf/src/google/protobuf/arena_impl.h: In constructor 'google::protobuf::internal::SerialArena::Block::Block(google::protobuf::internal::SerialArena::Block*, size_t)':
/dev/shm/velavision-ort-session-20260911/sources/protobuf/src/google/protobuf/arena_impl.h:384:31: warning: declaration of 'size' shadows a member of 'google::protobuf::internal::SerialArena::Block' [-Wshadow]
  384 |     Block(Block* next, size_t size) : next(next), size(size), start(nullptr) {}
      |                        ~~~~~~~^~~~
/dev/shm/velavision-ort-session-20260911/sources/protobuf/src/google/protobuf/arena_impl.h:392:18: note: shadowed declaration is here
  392 |     const size_t size;
      |                  ^~~~
/dev/shm/velavision-ort-session-20260911/sources/protobuf/src/google/protobuf/arena_impl.h:384:18: warning: declaration of 'next' shadows a member of 'google::protobuf::internal::SerialArena::Block' [-Wshadow]
  384 |     Block(Block* next, size_t size) : next(next), size(size), start(nullptr) {}
      |           ~~~~~~~^~~~
/dev/shm/velavision-ort-session-20260911/sources/protobuf/src/google/protobuf/arena_impl.h:391:18: note: shadowed declaration is here
  391 |     Block* const next;
      |                  ^~~~
/dev/shm/velavision-ort-session-20260911/sources/onnx/onnx/defs/function.h: In constructor 'onnx::FunctionBodyHelper::NodeDef::NodeDef(std::__1::vector<std::__1::basic_string<char> >, std::__1::string, std::__1::vector<std::__1::basic_string<char> >, std::__1::vector<onnx::FunctionBodyHelper::AttributeProtoWrapper>, std::__1::string)':
/dev/shm/velavision-ort-session-20260911/sources/onnx/onnx/defs/function.h:51:21: warning: declaration of 'domain' shadows a member of 'onnx::FunctionBodyHelper::NodeDef' [-Wshadow]
   51 |         std::string domain = "")
      |         ~~~~~~~~~~~~^~~~~~~~~~~
/dev/shm/velavision-ort-session-20260911/sources/onnx/onnx/defs/function.h:62:17: note: shadowed declaration is here
   62 |     std::string domain;
      |                 ^~~~~~
/dev/shm/velavision-ort-session-20260911/sources/onnx/onnx/defs/function.h:50:44: warning: declaration of 'attributes' shadows a member of 'onnx::FunctionBodyHelper::NodeDef' [-Wshadow]
   50 |         std::vector<AttributeProtoWrapper> attributes = {},
      |         ~~~~~~~~~~~~~~~~~~~~~~~~~~~~~~~~~~~^~~~~~~~~~~~~~~
/dev/shm/velavision-ort-session-20260911/sources/onnx/onnx/defs/function.h:61:40: note: shadowed declaration is here
   61 |     std::vector<AttributeProtoWrapper> attributes;
      |                                        ^~~~~~~~~~
/dev/shm/velavision-ort-session-20260911/sources/onnx/onnx/defs/function.h:49:34: warning: declaration of 'inputs' shadows a member of 'onnx::FunctionBodyHelper::NodeDef' [-Wshadow]
   49 |         std::vector<std::string> inputs,
      |         ~~~~~~~~~~~~~~~~~~~~~~~~~^~~~~~
/dev/shm/velavision-ort-session-20260911/sources/onnx/onnx/defs/function.h:60:30: note: shadowed declaration is here
   60 |     std::vector<std::string> inputs;
      |                              ^~~~~~
/dev/shm/velavision-ort-session-20260911/sources/onnx/onnx/defs/function.h:48:21: warning: declaration of 'op_type' shadows a member of 'onnx::FunctionBodyHelper::NodeDef' [-Wshadow]
   48 |         std::string op_type,
      |         ~~~~~~~~~~~~^~~~~~~
/dev/shm/velavision-ort-session-20260911/sources/onnx/onnx/defs/function.h:59:17: note: shadowed declaration is here
   59 |     std::string op_type;
      |                 ^~~~~~~
/dev/shm/velavision-ort-session-20260911/sources/onnx/onnx/defs/function.h:47:34: warning: declaration of 'outputs' shadows a member of 'onnx::FunctionBodyHelper::NodeDef' [-Wshadow]
   47 |         std::vector<std::string> outputs,
      |         ~~~~~~~~~~~~~~~~~~~~~~~~~^~~~~~~
/dev/shm/velavision-ort-session-20260911/sources/onnx/onnx/defs/function.h:58:30: note: shadowed declaration is here
   58 |     std::vector<std::string> outputs;
      |                              ^~~~~~~
/dev/shm/velavision-ort-session-20260911/sources/onnx/onnx/defs/function.h: In constructor 'onnx::FunctionBodyHelper::NodeDef::NodeDef(std::__1::vector<std::__1::basic_string<char> >, std::__1::string, std::__1::vector<std::__1::basic_string<char> >, std::__1::vector<onnx::FunctionBodyHelper::AttributeProtoWrapper>, std::__1::string)':
/dev/shm/velavision-ort-session-20260911/sources/onnx/onnx/defs/function.h:51:21: warning: declaration of 'domain' shadows a member of 'onnx::FunctionBodyHelper::NodeDef' [-Wshadow]
   51 |         std::string domain = "")
      |         ~~~~~~~~~~~~^~~~~~~~~~~
/dev/shm/velavision-ort-session-20260911/sources/onnx/onnx/defs/function.h:62:17: note: shadowed declaration is here
   62 |     std::string domain;
      |                 ^~~~~~
/dev/shm/velavision-ort-session-20260911/sources/onnx/onnx/defs/function.h:50:44: warning: declaration of 'attributes' shadows a member of 'onnx::FunctionBodyHelper::NodeDef' [-Wshadow]
   50 |         std::vector<AttributeProtoWrapper> attributes = {},
      |         ~~~~~~~~~~~~~~~~~~~~~~~~~~~~~~~~~~~^~~~~~~~~~~~~~~
/dev/shm/velavision-ort-session-20260911/sources/onnx/onnx/defs/function.h:61:40: note: shadowed declaration is here
   61 |     std::vector<AttributeProtoWrapper> attributes;
      |                                        ^~~~~~~~~~
/dev/shm/velavision-ort-session-20260911/sources/onnx/onnx/defs/function.h:49:34: warning: declaration of 'inputs' shadows a member of 'onnx::FunctionBodyHelper::NodeDef' [-Wshadow]
   49 |         std::vector<std::string> inputs,
      |         ~~~~~~~~~~~~~~~~~~~~~~~~~^~~~~~
/dev/shm/velavision-ort-session-20260911/sources/onnx/onnx/defs/function.h:60:30: note: shadowed declaration is here
   60 |     std::vector<std::string> inputs;
      |                              ^~~~~~
/dev/shm/velavision-ort-session-20260911/sources/onnx/onnx/defs/function.h:48:21: warning: declaration of 'op_type' shadows a member of 'onnx::FunctionBodyHelper::NodeDef' [-Wshadow]
   48 |         std::string op_type,
      |         ~~~~~~~~~~~~^~~~~~~
/dev/shm/velavision-ort-session-20260911/sources/onnx/onnx/defs/function.h:59:17: note: shadowed declaration is here
   59 |     std::string op_type;
      |                 ^~~~~~~
/dev/shm/velavision-ort-session-20260911/sources/onnx/onnx/defs/function.h:47:34: warning: declaration of 'outputs' shadows a member of 'onnx::FunctionBodyHelper::NodeDef' [-Wshadow]
   47 |         std::vector<std::string> outputs,
      |         ~~~~~~~~~~~~~~~~~~~~~~~~~^~~~~~~
/dev/shm/velavision-ort-session-20260911/sources/onnx/onnx/defs/function.h:58:30: note: shadowed declaration is here
   58 |     std::vector<std::string> outputs;
      |                              ^~~~~~~
/dev/shm/velavision-ort-session-20260911/sources/onnx/onnx/defs/function.h: In constructor 'onnx::FunctionBodyHelper::NodeDef::NodeDef(std::__1::vector<std::__1::basic_string<char> >, std::__1::string, std::__1::vector<std::__1::basic_string<char> >, std::__1::vector<onnx::FunctionBodyHelper::AttributeProtoWrapper>, std::__1::string)':
/dev/shm/velavision-ort-session-20260911/sources/onnx/onnx/defs/function.h:51:21: warning: declaration of 'domain' shadows a member of 'onnx::FunctionBodyHelper::NodeDef' [-Wshadow]
   51 |         std::string domain = "")
      |         ~~~~~~~~~~~~^~~~~~~~~~~
/dev/shm/velavision-ort-session-20260911/sources/onnx/onnx/defs/function.h:62:17: note: shadowed declaration is here
   62 |     std::string domain;
      |                 ^~~~~~
/dev/shm/velavision-ort-session-20260911/sources/onnx/onnx/defs/function.h:50:44: warning: declaration of 'attributes' shadows a member of 'onnx::FunctionBodyHelper::NodeDef' [-Wshadow]
   50 |         std::vector<AttributeProtoWrapper> attributes = {},
      |         ~~~~~~~~~~~~~~~~~~~~~~~~~~~~~~~~~~~^~~~~~~~~~~~~~~
/dev/shm/velavision-ort-session-20260911/sources/onnx/onnx/defs/function.h:61:40: note: shadowed declaration is here
   61 |     std::vector<AttributeProtoWrapper> attributes;
      |                                        ^~~~~~~~~~
/dev/shm/velavision-ort-session-20260911/sources/onnx/onnx/defs/function.h:49:34: warning: declaration of 'inputs' shadows a member of 'onnx::FunctionBodyHelper::NodeDef' [-Wshadow]
   49 |         std::vector<std::string> inputs,
      |         ~~~~~~~~~~~~~~~~~~~~~~~~~^~~~~~
/dev/shm/velavision-ort-session-20260911/sources/onnx/onnx/defs/function.h:60:30: note: shadowed declaration is here
   60 |     std::vector<std::string> inputs;
      |                              ^~~~~~
/dev/shm/velavision-ort-session-20260911/sources/onnx/onnx/defs/function.h:48:21: warning: declaration of 'op_type' shadows a member of 'onnx::FunctionBodyHelper::NodeDef' [-Wshadow]
   48 |         std::string op_type,
      |         ~~~~~~~~~~~~^~~~~~~
/dev/shm/velavision-ort-session-20260911/sources/onnx/onnx/defs/function.h:59:17: note: shadowed declaration is here
   59 |     std::string op_type;
      |                 ^~~~~~~
/dev/shm/velavision-ort-session-20260911/sources/onnx/onnx/defs/function.h:47:34: warning: declaration of 'outputs' shadows a member of 'onnx::FunctionBodyHelper::NodeDef' [-Wshadow]
   47 |         std::vector<std::string> outputs,
      |         ~~~~~~~~~~~~~~~~~~~~~~~~~^~~~~~~
/dev/shm/velavision-ort-session-20260911/sources/onnx/onnx/defs/function.h:58:30: note: shadowed declaration is here
   58 |     std::vector<std::string> outputs;
      |                              ^~~~~~~
[226/749] Building CXX object _deps/onnx-build/CMakeFiles/onnx.dir/onnx/defs/parser.cc.obj
In file included from /dev/shm/velavision-ort-session-20260911/sources/protobuf/src/google/protobuf/parse_context.h:47,
                 from /dev/shm/velavision-ort-session-20260911/sources/protobuf/src/google/protobuf/extension_set.h:53,
                 from /dev/shm/velavision-ort-session-20260911/build/_deps/onnx-build/onnx/onnx-ml.pb.h:30,
                 from /dev/shm/velavision-ort-session-20260911/sources/onnx/onnx/onnx_pb.h:65,
                 from /dev/shm/velavision-ort-session-20260911/sources/onnx/onnx/defs/parser.h:18,
                 from /dev/shm/velavision-ort-session-20260911/sources/onnx/onnx/defs/parser.cc:8:
/dev/shm/velavision-ort-session-20260911/sources/protobuf/src/google/protobuf/inlined_string_field.h:430:5: warning: "GOOGLE_PROTOBUF_INTERNAL_DONATE_STEAL_INLINE" is not defined, evaluates to 0 [-Wundef]
  430 | #if GOOGLE_PROTOBUF_INTERNAL_DONATE_STEAL_INLINE
      |     ^~~~~~~~~~~~~~~~~~~~~~~~~~~~~~~~~~~~~~~~~~~~
In file included from /dev/shm/velavision-ort-session-20260911/sources/protobuf/src/google/protobuf/arena.h:52,
                 from /dev/shm/velavision-ort-session-20260911/build/_deps/onnx-build/onnx/onnx-ml.pb.h:24:
/dev/shm/velavision-ort-session-20260911/sources/protobuf/src/google/protobuf/arena_impl.h: In constructor 'google::protobuf::internal::SerialArena::Block::Block(google::protobuf::internal::SerialArena::Block*, size_t)':
/dev/shm/velavision-ort-session-20260911/sources/protobuf/src/google/protobuf/arena_impl.h:384:31: warning: declaration of 'size' shadows a member of 'google::protobuf::internal::SerialArena::Block' [-Wshadow]
  384 |     Block(Block* next, size_t size) : next(next), size(size), start(nullptr) {}
      |                        ~~~~~~~^~~~
/dev/shm/velavision-ort-session-20260911/sources/protobuf/src/google/protobuf/arena_impl.h:392:18: note: shadowed declaration is here
  392 |     const size_t size;
      |                  ^~~~
/dev/shm/velavision-ort-session-20260911/sources/protobuf/src/google/protobuf/arena_impl.h:384:18: warning: declaration of 'next' shadows a member of 'google::protobuf::internal::SerialArena::Block' [-Wshadow]
  384 |     Block(Block* next, size_t size) : next(next), size(size), start(nullptr) {}
      |           ~~~~~~~^~~~
/dev/shm/velavision-ort-session-20260911/sources/protobuf/src/google/protobuf/arena_impl.h:391:18: note: shadowed declaration is here
  391 |     Block* const next;
      |                  ^~~~
/dev/shm/velavision-ort-session-20260911/sources/protobuf/src/google/protobuf/arena_impl.h: In constructor 'google::protobuf::internal::SerialArena::Block::Block(google::protobuf::internal::SerialArena::Block*, size_t)':
/dev/shm/velavision-ort-session-20260911/sources/protobuf/src/google/protobuf/arena_impl.h:384:31: warning: declaration of 'size' shadows a member of 'google::protobuf::internal::SerialArena::Block' [-Wshadow]
  384 |     Block(Block* next, size_t size) : next(next), size(size), start(nullptr) {}
      |                        ~~~~~~~^~~~
/dev/shm/velavision-ort-session-20260911/sources/protobuf/src/google/protobuf/arena_impl.h:392:18: note: shadowed declaration is here
  392 |     const size_t size;
      |                  ^~~~
/dev/shm/velavision-ort-session-20260911/sources/protobuf/src/google/protobuf/arena_impl.h:384:18: warning: declaration of 'next' shadows a member of 'google::protobuf::internal::SerialArena::Block' [-Wshadow]
  384 |     Block(Block* next, size_t size) : next(next), size(size), start(nullptr) {}
      |           ~~~~~~~^~~~
/dev/shm/velavision-ort-session-20260911/sources/protobuf/src/google/protobuf/arena_impl.h:391:18: note: shadowed declaration is here
  391 |     Block* const next;
      |                  ^~~~
/dev/shm/velavision-ort-session-20260911/sources/protobuf/src/google/protobuf/arena_impl.h: In constructor 'google::protobuf::internal::SerialArena::Block::Block(google::protobuf::internal::SerialArena::Block*, size_t)':
/dev/shm/velavision-ort-session-20260911/sources/protobuf/src/google/protobuf/arena_impl.h:384:31: warning: declaration of 'size' shadows a member of 'google::protobuf::internal::SerialArena::Block' [-Wshadow]
  384 |     Block(Block* next, size_t size) : next(next), size(size), start(nullptr) {}
      |                        ~~~~~~~^~~~
/dev/shm/velavision-ort-session-20260911/sources/protobuf/src/google/protobuf/arena_impl.h:392:18: note: shadowed declaration is here
  392 |     const size_t size;
      |                  ^~~~
/dev/shm/velavision-ort-session-20260911/sources/protobuf/src/google/protobuf/arena_impl.h:384:18: warning: declaration of 'next' shadows a member of 'google::protobuf::internal::SerialArena::Block' [-Wshadow]
  384 |     Block(Block* next, size_t size) : next(next), size(size), start(nullptr) {}
      |           ~~~~~~~^~~~
/dev/shm/velavision-ort-session-20260911/sources/protobuf/src/google/protobuf/arena_impl.h:391:18: note: shadowed declaration is here
  391 |     Block* const next;
      |                  ^~~~
[227/749] Building CXX object _deps/onnx-build/CMakeFiles/onnx.dir/onnx/defs/printer.cc.obj
In file included from /dev/shm/velavision-ort-session-20260911/sources/protobuf/src/google/protobuf/parse_context.h:47,
                 from /dev/shm/velavision-ort-session-20260911/sources/protobuf/src/google/protobuf/extension_set.h:53,
                 from /dev/shm/velavision-ort-session-20260911/build/_deps/onnx-build/onnx/onnx-ml.pb.h:30,
                 from /dev/shm/velavision-ort-session-20260911/sources/onnx/onnx/onnx_pb.h:65,
                 from /dev/shm/velavision-ort-session-20260911/sources/onnx/onnx/defs/parser.h:18,
                 from /dev/shm/velavision-ort-session-20260911/sources/onnx/onnx/defs/printer.h:10,
                 from /dev/shm/velavision-ort-session-20260911/sources/onnx/onnx/defs/printer.cc:5:
/dev/shm/velavision-ort-session-20260911/sources/protobuf/src/google/protobuf/inlined_string_field.h:430:5: warning: "GOOGLE_PROTOBUF_INTERNAL_DONATE_STEAL_INLINE" is not defined, evaluates to 0 [-Wundef]
  430 | #if GOOGLE_PROTOBUF_INTERNAL_DONATE_STEAL_INLINE
      |     ^~~~~~~~~~~~~~~~~~~~~~~~~~~~~~~~~~~~~~~~~~~~
In file included from /dev/shm/velavision-ort-session-20260911/sources/protobuf/src/google/protobuf/arena.h:52,
                 from /dev/shm/velavision-ort-session-20260911/build/_deps/onnx-build/onnx/onnx-ml.pb.h:24:
/dev/shm/velavision-ort-session-20260911/sources/protobuf/src/google/protobuf/arena_impl.h: In constructor 'google::protobuf::internal::SerialArena::Block::Block(google::protobuf::internal::SerialArena::Block*, size_t)':
/dev/shm/velavision-ort-session-20260911/sources/protobuf/src/google/protobuf/arena_impl.h:384:31: warning: declaration of 'size' shadows a member of 'google::protobuf::internal::SerialArena::Block' [-Wshadow]
  384 |     Block(Block* next, size_t size) : next(next), size(size), start(nullptr) {}
      |                        ~~~~~~~^~~~
/dev/shm/velavision-ort-session-20260911/sources/protobuf/src/google/protobuf/arena_impl.h:392:18: note: shadowed declaration is here
  392 |     const size_t size;
      |                  ^~~~
/dev/shm/velavision-ort-session-20260911/sources/protobuf/src/google/protobuf/arena_impl.h:384:18: warning: declaration of 'next' shadows a member of 'google::protobuf::internal::SerialArena::Block' [-Wshadow]
  384 |     Block(Block* next, size_t size) : next(next), size(size), start(nullptr) {}
      |           ~~~~~~~^~~~
/dev/shm/velavision-ort-session-20260911/sources/protobuf/src/google/protobuf/arena_impl.h:391:18: note: shadowed declaration is here
  391 |     Block* const next;
      |                  ^~~~
/dev/shm/velavision-ort-session-20260911/sources/protobuf/src/google/protobuf/arena_impl.h: In constructor 'google::protobuf::internal::SerialArena::Block::Block(google::protobuf::internal::SerialArena::Block*, size_t)':
/dev/shm/velavision-ort-session-20260911/sources/protobuf/src/google/protobuf/arena_impl.h:384:31: warning: declaration of 'size' shadows a member of 'google::protobuf::internal::SerialArena::Block' [-Wshadow]
  384 |     Block(Block* next, size_t size) : next(next), size(size), start(nullptr) {}
      |                        ~~~~~~~^~~~
/dev/shm/velavision-ort-session-20260911/sources/protobuf/src/google/protobuf/arena_impl.h:392:18: note: shadowed declaration is here
  392 |     const size_t size;
      |                  ^~~~
/dev/shm/velavision-ort-session-20260911/sources/protobuf/src/google/protobuf/arena_impl.h:384:18: warning: declaration of 'next' shadows a member of 'google::protobuf::internal::SerialArena::Block' [-Wshadow]
  384 |     Block(Block* next, size_t size) : next(next), size(size), start(nullptr) {}
      |           ~~~~~~~^~~~
/dev/shm/velavision-ort-session-20260911/sources/protobuf/src/google/protobuf/arena_impl.h:391:18: note: shadowed declaration is here
  391 |     Block* const next;
      |                  ^~~~
/dev/shm/velavision-ort-session-20260911/sources/protobuf/src/google/protobuf/arena_impl.h: In constructor 'google::protobuf::internal::SerialArena::Block::Block(google::protobuf::internal::SerialArena::Block*, size_t)':
/dev/shm/velavision-ort-session-20260911/sources/protobuf/src/google/protobuf/arena_impl.h:384:31: warning: declaration of 'size' shadows a member of 'google::protobuf::internal::SerialArena::Block' [-Wshadow]
  384 |     Block(Block* next, size_t size) : next(next), size(size), start(nullptr) {}
      |                        ~~~~~~~^~~~
/dev/shm/velavision-ort-session-20260911/sources/protobuf/src/google/protobuf/arena_impl.h:392:18: note: shadowed declaration is here
  392 |     const size_t size;
      |                  ^~~~
/dev/shm/velavision-ort-session-20260911/sources/protobuf/src/google/protobuf/arena_impl.h:384:18: warning: declaration of 'next' shadows a member of 'google::protobuf::internal::SerialArena::Block' [-Wshadow]
  384 |     Block(Block* next, size_t size) : next(next), size(size), start(nullptr) {}
      |           ~~~~~~~^~~~
/dev/shm/velavision-ort-session-20260911/sources/protobuf/src/google/protobuf/arena_impl.h:391:18: note: shadowed declaration is here
  391 |     Block* const next;
      |                  ^~~~
[228/749] Building CXX object _deps/onnx-build/CMakeFiles/onnx.dir/onnx/defs/quantization/defs.cc.obj
In file included from /dev/shm/velavision-ort-session-20260911/sources/protobuf/src/google/protobuf/parse_context.h:47,
                 from /dev/shm/velavision-ort-session-20260911/sources/protobuf/src/google/protobuf/extension_set.h:53,
                 from /dev/shm/velavision-ort-session-20260911/build/_deps/onnx-build/onnx/onnx-ml.pb.h:30,
                 from /dev/shm/velavision-ort-session-20260911/sources/onnx/onnx/onnx_pb.h:65,
                 from /dev/shm/velavision-ort-session-20260911/sources/onnx/onnx/onnx-operators_pb.h:7,
                 from /dev/shm/velavision-ort-session-20260911/sources/onnx/onnx/defs/attr_proto_util.h:12,
                 from /dev/shm/velavision-ort-session-20260911/sources/onnx/onnx/defs/function.h:13,
                 from /dev/shm/velavision-ort-session-20260911/sources/onnx/onnx/defs/quantization/defs.cc:5:
/dev/shm/velavision-ort-session-20260911/sources/protobuf/src/google/protobuf/inlined_string_field.h:430:5: warning: "GOOGLE_PROTOBUF_INTERNAL_DONATE_STEAL_INLINE" is not defined, evaluates to 0 [-Wundef]
  430 | #if GOOGLE_PROTOBUF_INTERNAL_DONATE_STEAL_INLINE
      |     ^~~~~~~~~~~~~~~~~~~~~~~~~~~~~~~~~~~~~~~~~~~~
In file included from /dev/shm/velavision-ort-session-20260911/sources/protobuf/src/google/protobuf/arena.h:52,
                 from /dev/shm/velavision-ort-session-20260911/build/_deps/onnx-build/onnx/onnx-ml.pb.h:24:
/dev/shm/velavision-ort-session-20260911/sources/protobuf/src/google/protobuf/arena_impl.h: In constructor 'google::protobuf::internal::SerialArena::Block::Block(google::protobuf::internal::SerialArena::Block*, size_t)':
/dev/shm/velavision-ort-session-20260911/sources/protobuf/src/google/protobuf/arena_impl.h:384:31: warning: declaration of 'size' shadows a member of 'google::protobuf::internal::SerialArena::Block' [-Wshadow]
  384 |     Block(Block* next, size_t size) : next(next), size(size), start(nullptr) {}
      |                        ~~~~~~~^~~~
/dev/shm/velavision-ort-session-20260911/sources/protobuf/src/google/protobuf/arena_impl.h:392:18: note: shadowed declaration is here
  392 |     const size_t size;
      |                  ^~~~
/dev/shm/velavision-ort-session-20260911/sources/protobuf/src/google/protobuf/arena_impl.h:384:18: warning: declaration of 'next' shadows a member of 'google::protobuf::internal::SerialArena::Block' [-Wshadow]
  384 |     Block(Block* next, size_t size) : next(next), size(size), start(nullptr) {}
      |           ~~~~~~~^~~~
/dev/shm/velavision-ort-session-20260911/sources/protobuf/src/google/protobuf/arena_impl.h:391:18: note: shadowed declaration is here
  391 |     Block* const next;
      |                  ^~~~
/dev/shm/velavision-ort-session-20260911/sources/protobuf/src/google/protobuf/arena_impl.h: In constructor 'google::protobuf::internal::SerialArena::Block::Block(google::protobuf::internal::SerialArena::Block*, size_t)':
/dev/shm/velavision-ort-session-20260911/sources/protobuf/src/google/protobuf/arena_impl.h:384:31: warning: declaration of 'size' shadows a member of 'google::protobuf::internal::SerialArena::Block' [-Wshadow]
  384 |     Block(Block* next, size_t size) : next(next), size(size), start(nullptr) {}
      |                        ~~~~~~~^~~~
/dev/shm/velavision-ort-session-20260911/sources/protobuf/src/google/protobuf/arena_impl.h:392:18: note: shadowed declaration is here
  392 |     const size_t size;
      |                  ^~~~
/dev/shm/velavision-ort-session-20260911/sources/protobuf/src/google/protobuf/arena_impl.h:384:18: warning: declaration of 'next' shadows a member of 'google::protobuf::internal::SerialArena::Block' [-Wshadow]
  384 |     Block(Block* next, size_t size) : next(next), size(size), start(nullptr) {}
      |           ~~~~~~~^~~~
/dev/shm/velavision-ort-session-20260911/sources/protobuf/src/google/protobuf/arena_impl.h:391:18: note: shadowed declaration is here
  391 |     Block* const next;
      |                  ^~~~
/dev/shm/velavision-ort-session-20260911/sources/protobuf/src/google/protobuf/arena_impl.h: In constructor 'google::protobuf::internal::SerialArena::Block::Block(google::protobuf::internal::SerialArena::Block*, size_t)':
/dev/shm/velavision-ort-session-20260911/sources/protobuf/src/google/protobuf/arena_impl.h:384:31: warning: declaration of 'size' shadows a member of 'google::protobuf::internal::SerialArena::Block' [-Wshadow]
  384 |     Block(Block* next, size_t size) : next(next), size(size), start(nullptr) {}
      |                        ~~~~~~~^~~~
/dev/shm/velavision-ort-session-20260911/sources/protobuf/src/google/protobuf/arena_impl.h:392:18: note: shadowed declaration is here
  392 |     const size_t size;
      |                  ^~~~
/dev/shm/velavision-ort-session-20260911/sources/protobuf/src/google/protobuf/arena_impl.h:384:18: warning: declaration of 'next' shadows a member of 'google::protobuf::internal::SerialArena::Block' [-Wshadow]
  384 |     Block(Block* next, size_t size) : next(next), size(size), start(nullptr) {}
      |           ~~~~~~~^~~~
/dev/shm/velavision-ort-session-20260911/sources/protobuf/src/google/protobuf/arena_impl.h:391:18: note: shadowed declaration is here
  391 |     Block* const next;
      |                  ^~~~
/dev/shm/velavision-ort-session-20260911/sources/onnx/onnx/defs/function.h: In constructor 'onnx::FunctionBodyHelper::NodeDef::NodeDef(std::__1::vector<std::__1::basic_string<char> >, std::__1::string, std::__1::vector<std::__1::basic_string<char> >, std::__1::vector<onnx::FunctionBodyHelper::AttributeProtoWrapper>, std::__1::string)':
/dev/shm/velavision-ort-session-20260911/sources/onnx/onnx/defs/function.h:51:21: warning: declaration of 'domain' shadows a member of 'onnx::FunctionBodyHelper::NodeDef' [-Wshadow]
   51 |         std::string domain = "")
      |         ~~~~~~~~~~~~^~~~~~~~~~~
/dev/shm/velavision-ort-session-20260911/sources/onnx/onnx/defs/function.h:62:17: note: shadowed declaration is here
   62 |     std::string domain;
      |                 ^~~~~~
/dev/shm/velavision-ort-session-20260911/sources/onnx/onnx/defs/function.h:50:44: warning: declaration of 'attributes' shadows a member of 'onnx::FunctionBodyHelper::NodeDef' [-Wshadow]
   50 |         std::vector<AttributeProtoWrapper> attributes = {},
      |         ~~~~~~~~~~~~~~~~~~~~~~~~~~~~~~~~~~~^~~~~~~~~~~~~~~
/dev/shm/velavision-ort-session-20260911/sources/onnx/onnx/defs/function.h:61:40: note: shadowed declaration is here
   61 |     std::vector<AttributeProtoWrapper> attributes;
      |                                        ^~~~~~~~~~
/dev/shm/velavision-ort-session-20260911/sources/onnx/onnx/defs/function.h:49:34: warning: declaration of 'inputs' shadows a member of 'onnx::FunctionBodyHelper::NodeDef' [-Wshadow]
   49 |         std::vector<std::string> inputs,
      |         ~~~~~~~~~~~~~~~~~~~~~~~~~^~~~~~
/dev/shm/velavision-ort-session-20260911/sources/onnx/onnx/defs/function.h:60:30: note: shadowed declaration is here
   60 |     std::vector<std::string> inputs;
      |                              ^~~~~~
/dev/shm/velavision-ort-session-20260911/sources/onnx/onnx/defs/function.h:48:21: warning: declaration of 'op_type' shadows a member of 'onnx::FunctionBodyHelper::NodeDef' [-Wshadow]
   48 |         std::string op_type,
      |         ~~~~~~~~~~~~^~~~~~~
/dev/shm/velavision-ort-session-20260911/sources/onnx/onnx/defs/function.h:59:17: note: shadowed declaration is here
   59 |     std::string op_type;
      |                 ^~~~~~~
/dev/shm/velavision-ort-session-20260911/sources/onnx/onnx/defs/function.h:47:34: warning: declaration of 'outputs' shadows a member of 'onnx::FunctionBodyHelper::NodeDef' [-Wshadow]
   47 |         std::vector<std::string> outputs,
      |         ~~~~~~~~~~~~~~~~~~~~~~~~~^~~~~~~
/dev/shm/velavision-ort-session-20260911/sources/onnx/onnx/defs/function.h:58:30: note: shadowed declaration is here
   58 |     std::vector<std::string> outputs;
      |                              ^~~~~~~
/dev/shm/velavision-ort-session-20260911/sources/onnx/onnx/defs/function.h: In constructor 'onnx::FunctionBodyHelper::NodeDef::NodeDef(std::__1::vector<std::__1::basic_string<char> >, std::__1::string, std::__1::vector<std::__1::basic_string<char> >, std::__1::vector<onnx::FunctionBodyHelper::AttributeProtoWrapper>, std::__1::string)':
/dev/shm/velavision-ort-session-20260911/sources/onnx/onnx/defs/function.h:51:21: warning: declaration of 'domain' shadows a member of 'onnx::FunctionBodyHelper::NodeDef' [-Wshadow]
   51 |         std::string domain = "")
      |         ~~~~~~~~~~~~^~~~~~~~~~~
/dev/shm/velavision-ort-session-20260911/sources/onnx/onnx/defs/function.h:62:17: note: shadowed declaration is here
   62 |     std::string domain;
      |                 ^~~~~~
/dev/shm/velavision-ort-session-20260911/sources/onnx/onnx/defs/function.h:50:44: warning: declaration of 'attributes' shadows a member of 'onnx::FunctionBodyHelper::NodeDef' [-Wshadow]
   50 |         std::vector<AttributeProtoWrapper> attributes = {},
      |         ~~~~~~~~~~~~~~~~~~~~~~~~~~~~~~~~~~~^~~~~~~~~~~~~~~
/dev/shm/velavision-ort-session-20260911/sources/onnx/onnx/defs/function.h:61:40: note: shadowed declaration is here
   61 |     std::vector<AttributeProtoWrapper> attributes;
      |                                        ^~~~~~~~~~
/dev/shm/velavision-ort-session-20260911/sources/onnx/onnx/defs/function.h:49:34: warning: declaration of 'inputs' shadows a member of 'onnx::FunctionBodyHelper::NodeDef' [-Wshadow]
   49 |         std::vector<std::string> inputs,
      |         ~~~~~~~~~~~~~~~~~~~~~~~~~^~~~~~
/dev/shm/velavision-ort-session-20260911/sources/onnx/onnx/defs/function.h:60:30: note: shadowed declaration is here
   60 |     std::vector<std::string> inputs;
      |                              ^~~~~~
/dev/shm/velavision-ort-session-20260911/sources/onnx/onnx/defs/function.h:48:21: warning: declaration of 'op_type' shadows a member of 'onnx::FunctionBodyHelper::NodeDef' [-Wshadow]
   48 |         std::string op_type,
      |         ~~~~~~~~~~~~^~~~~~~
/dev/shm/velavision-ort-session-20260911/sources/onnx/onnx/defs/function.h:59:17: note: shadowed declaration is here
   59 |     std::string op_type;
      |                 ^~~~~~~
/dev/shm/velavision-ort-session-20260911/sources/onnx/onnx/defs/function.h:47:34: warning: declaration of 'outputs' shadows a member of 'onnx::FunctionBodyHelper::NodeDef' [-Wshadow]
   47 |         std::vector<std::string> outputs,
      |         ~~~~~~~~~~~~~~~~~~~~~~~~~^~~~~~~
/dev/shm/velavision-ort-session-20260911/sources/onnx/onnx/defs/function.h:58:30: note: shadowed declaration is here
   58 |     std::vector<std::string> outputs;
      |                              ^~~~~~~
/dev/shm/velavision-ort-session-20260911/sources/onnx/onnx/defs/function.h: In constructor 'onnx::FunctionBodyHelper::NodeDef::NodeDef(std::__1::vector<std::__1::basic_string<char> >, std::__1::string, std::__1::vector<std::__1::basic_string<char> >, std::__1::vector<onnx::FunctionBodyHelper::AttributeProtoWrapper>, std::__1::string)':
/dev/shm/velavision-ort-session-20260911/sources/onnx/onnx/defs/function.h:51:21: warning: declaration of 'domain' shadows a member of 'onnx::FunctionBodyHelper::NodeDef' [-Wshadow]
   51 |         std::string domain = "")
      |         ~~~~~~~~~~~~^~~~~~~~~~~
/dev/shm/velavision-ort-session-20260911/sources/onnx/onnx/defs/function.h:62:17: note: shadowed declaration is here
   62 |     std::string domain;
      |                 ^~~~~~
/dev/shm/velavision-ort-session-20260911/sources/onnx/onnx/defs/function.h:50:44: warning: declaration of 'attributes' shadows a member of 'onnx::FunctionBodyHelper::NodeDef' [-Wshadow]
   50 |         std::vector<AttributeProtoWrapper> attributes = {},
      |         ~~~~~~~~~~~~~~~~~~~~~~~~~~~~~~~~~~~^~~~~~~~~~~~~~~
/dev/shm/velavision-ort-session-20260911/sources/onnx/onnx/defs/function.h:61:40: note: shadowed declaration is here
   61 |     std::vector<AttributeProtoWrapper> attributes;
      |                                        ^~~~~~~~~~
/dev/shm/velavision-ort-session-20260911/sources/onnx/onnx/defs/function.h:49:34: warning: declaration of 'inputs' shadows a member of 'onnx::FunctionBodyHelper::NodeDef' [-Wshadow]
   49 |         std::vector<std::string> inputs,
      |         ~~~~~~~~~~~~~~~~~~~~~~~~~^~~~~~
/dev/shm/velavision-ort-session-20260911/sources/onnx/onnx/defs/function.h:60:30: note: shadowed declaration is here
   60 |     std::vector<std::string> inputs;
      |                              ^~~~~~
/dev/shm/velavision-ort-session-20260911/sources/onnx/onnx/defs/function.h:48:21: warning: declaration of 'op_type' shadows a member of 'onnx::FunctionBodyHelper::NodeDef' [-Wshadow]
   48 |         std::string op_type,
      |         ~~~~~~~~~~~~^~~~~~~
/dev/shm/velavision-ort-session-20260911/sources/onnx/onnx/defs/function.h:59:17: note: shadowed declaration is here
   59 |     std::string op_type;
      |                 ^~~~~~~
/dev/shm/velavision-ort-session-20260911/sources/onnx/onnx/defs/function.h:47:34: warning: declaration of 'outputs' shadows a member of 'onnx::FunctionBodyHelper::NodeDef' [-Wshadow]
   47 |         std::vector<std::string> outputs,
      |         ~~~~~~~~~~~~~~~~~~~~~~~~~^~~~~~~
/dev/shm/velavision-ort-session-20260911/sources/onnx/onnx/defs/function.h:58:30: note: shadowed declaration is here
   58 |     std::vector<std::string> outputs;
      |                              ^~~~~~~
[229/749] Building CXX object _deps/onnx-build/CMakeFiles/onnx.dir/onnx/defs/quantization/old.cc.obj
In file included from /dev/shm/velavision-ort-session-20260911/sources/protobuf/src/google/protobuf/parse_context.h:47,
                 from /dev/shm/velavision-ort-session-20260911/sources/protobuf/src/google/protobuf/extension_set.h:53,
                 from /dev/shm/velavision-ort-session-20260911/build/_deps/onnx-build/onnx/onnx-ml.pb.h:30,
                 from /dev/shm/velavision-ort-session-20260911/sources/onnx/onnx/onnx_pb.h:65,
                 from /dev/shm/velavision-ort-session-20260911/sources/onnx/onnx/onnx-operators_pb.h:7,
                 from /dev/shm/velavision-ort-session-20260911/sources/onnx/onnx/defs/attr_proto_util.h:12,
                 from /dev/shm/velavision-ort-session-20260911/sources/onnx/onnx/defs/function.h:13,
                 from /dev/shm/velavision-ort-session-20260911/sources/onnx/onnx/defs/quantization/old.cc:5:
/dev/shm/velavision-ort-session-20260911/sources/protobuf/src/google/protobuf/inlined_string_field.h:430:5: warning: "GOOGLE_PROTOBUF_INTERNAL_DONATE_STEAL_INLINE" is not defined, evaluates to 0 [-Wundef]
  430 | #if GOOGLE_PROTOBUF_INTERNAL_DONATE_STEAL_INLINE
      |     ^~~~~~~~~~~~~~~~~~~~~~~~~~~~~~~~~~~~~~~~~~~~
In file included from /dev/shm/velavision-ort-session-20260911/sources/protobuf/src/google/protobuf/arena.h:52,
                 from /dev/shm/velavision-ort-session-20260911/build/_deps/onnx-build/onnx/onnx-ml.pb.h:24:
/dev/shm/velavision-ort-session-20260911/sources/protobuf/src/google/protobuf/arena_impl.h: In constructor 'google::protobuf::internal::SerialArena::Block::Block(google::protobuf::internal::SerialArena::Block*, size_t)':
/dev/shm/velavision-ort-session-20260911/sources/protobuf/src/google/protobuf/arena_impl.h:384:31: warning: declaration of 'size' shadows a member of 'google::protobuf::internal::SerialArena::Block' [-Wshadow]
  384 |     Block(Block* next, size_t size) : next(next), size(size), start(nullptr) {}
      |                        ~~~~~~~^~~~
/dev/shm/velavision-ort-session-20260911/sources/protobuf/src/google/protobuf/arena_impl.h:392:18: note: shadowed declaration is here
  392 |     const size_t size;
      |                  ^~~~
/dev/shm/velavision-ort-session-20260911/sources/protobuf/src/google/protobuf/arena_impl.h:384:18: warning: declaration of 'next' shadows a member of 'google::protobuf::internal::SerialArena::Block' [-Wshadow]
  384 |     Block(Block* next, size_t size) : next(next), size(size), start(nullptr) {}
      |           ~~~~~~~^~~~
/dev/shm/velavision-ort-session-20260911/sources/protobuf/src/google/protobuf/arena_impl.h:391:18: note: shadowed declaration is here
  391 |     Block* const next;
      |                  ^~~~
/dev/shm/velavision-ort-session-20260911/sources/protobuf/src/google/protobuf/arena_impl.h: In constructor 'google::protobuf::internal::SerialArena::Block::Block(google::protobuf::internal::SerialArena::Block*, size_t)':
/dev/shm/velavision-ort-session-20260911/sources/protobuf/src/google/protobuf/arena_impl.h:384:31: warning: declaration of 'size' shadows a member of 'google::protobuf::internal::SerialArena::Block' [-Wshadow]
  384 |     Block(Block* next, size_t size) : next(next), size(size), start(nullptr) {}
      |                        ~~~~~~~^~~~
/dev/shm/velavision-ort-session-20260911/sources/protobuf/src/google/protobuf/arena_impl.h:392:18: note: shadowed declaration is here
  392 |     const size_t size;
      |                  ^~~~
/dev/shm/velavision-ort-session-20260911/sources/protobuf/src/google/protobuf/arena_impl.h:384:18: warning: declaration of 'next' shadows a member of 'google::protobuf::internal::SerialArena::Block' [-Wshadow]
  384 |     Block(Block* next, size_t size) : next(next), size(size), start(nullptr) {}
      |           ~~~~~~~^~~~
/dev/shm/velavision-ort-session-20260911/sources/protobuf/src/google/protobuf/arena_impl.h:391:18: note: shadowed declaration is here
  391 |     Block* const next;
      |                  ^~~~
/dev/shm/velavision-ort-session-20260911/sources/protobuf/src/google/protobuf/arena_impl.h: In constructor 'google::protobuf::internal::SerialArena::Block::Block(google::protobuf::internal::SerialArena::Block*, size_t)':
/dev/shm/velavision-ort-session-20260911/sources/protobuf/src/google/protobuf/arena_impl.h:384:31: warning: declaration of 'size' shadows a member of 'google::protobuf::internal::SerialArena::Block' [-Wshadow]
  384 |     Block(Block* next, size_t size) : next(next), size(size), start(nullptr) {}
      |                        ~~~~~~~^~~~
/dev/shm/velavision-ort-session-20260911/sources/protobuf/src/google/protobuf/arena_impl.h:392:18: note: shadowed declaration is here
  392 |     const size_t size;
      |                  ^~~~
/dev/shm/velavision-ort-session-20260911/sources/protobuf/src/google/protobuf/arena_impl.h:384:18: warning: declaration of 'next' shadows a member of 'google::protobuf::internal::SerialArena::Block' [-Wshadow]
  384 |     Block(Block* next, size_t size) : next(next), size(size), start(nullptr) {}
      |           ~~~~~~~^~~~
/dev/shm/velavision-ort-session-20260911/sources/protobuf/src/google/protobuf/arena_impl.h:391:18: note: shadowed declaration is here
  391 |     Block* const next;
      |                  ^~~~
/dev/shm/velavision-ort-session-20260911/sources/onnx/onnx/defs/function.h: In constructor 'onnx::FunctionBodyHelper::NodeDef::NodeDef(std::__1::vector<std::__1::basic_string<char> >, std::__1::string, std::__1::vector<std::__1::basic_string<char> >, std::__1::vector<onnx::FunctionBodyHelper::AttributeProtoWrapper>, std::__1::string)':
/dev/shm/velavision-ort-session-20260911/sources/onnx/onnx/defs/function.h:51:21: warning: declaration of 'domain' shadows a member of 'onnx::FunctionBodyHelper::NodeDef' [-Wshadow]
   51 |         std::string domain = "")
      |         ~~~~~~~~~~~~^~~~~~~~~~~
/dev/shm/velavision-ort-session-20260911/sources/onnx/onnx/defs/function.h:62:17: note: shadowed declaration is here
   62 |     std::string domain;
      |                 ^~~~~~
/dev/shm/velavision-ort-session-20260911/sources/onnx/onnx/defs/function.h:50:44: warning: declaration of 'attributes' shadows a member of 'onnx::FunctionBodyHelper::NodeDef' [-Wshadow]
   50 |         std::vector<AttributeProtoWrapper> attributes = {},
      |         ~~~~~~~~~~~~~~~~~~~~~~~~~~~~~~~~~~~^~~~~~~~~~~~~~~
/dev/shm/velavision-ort-session-20260911/sources/onnx/onnx/defs/function.h:61:40: note: shadowed declaration is here
   61 |     std::vector<AttributeProtoWrapper> attributes;
      |                                        ^~~~~~~~~~
/dev/shm/velavision-ort-session-20260911/sources/onnx/onnx/defs/function.h:49:34: warning: declaration of 'inputs' shadows a member of 'onnx::FunctionBodyHelper::NodeDef' [-Wshadow]
   49 |         std::vector<std::string> inputs,
      |         ~~~~~~~~~~~~~~~~~~~~~~~~~^~~~~~
/dev/shm/velavision-ort-session-20260911/sources/onnx/onnx/defs/function.h:60:30: note: shadowed declaration is here
   60 |     std::vector<std::string> inputs;
      |                              ^~~~~~
/dev/shm/velavision-ort-session-20260911/sources/onnx/onnx/defs/function.h:48:21: warning: declaration of 'op_type' shadows a member of 'onnx::FunctionBodyHelper::NodeDef' [-Wshadow]
   48 |         std::string op_type,
      |         ~~~~~~~~~~~~^~~~~~~
/dev/shm/velavision-ort-session-20260911/sources/onnx/onnx/defs/function.h:59:17: note: shadowed declaration is here
   59 |     std::string op_type;
      |                 ^~~~~~~
/dev/shm/velavision-ort-session-20260911/sources/onnx/onnx/defs/function.h:47:34: warning: declaration of 'outputs' shadows a member of 'onnx::FunctionBodyHelper::NodeDef' [-Wshadow]
   47 |         std::vector<std::string> outputs,
      |         ~~~~~~~~~~~~~~~~~~~~~~~~~^~~~~~~
/dev/shm/velavision-ort-session-20260911/sources/onnx/onnx/defs/function.h:58:30: note: shadowed declaration is here
   58 |     std::vector<std::string> outputs;
      |                              ^~~~~~~
/dev/shm/velavision-ort-session-20260911/sources/onnx/onnx/defs/function.h: In constructor 'onnx::FunctionBodyHelper::NodeDef::NodeDef(std::__1::vector<std::__1::basic_string<char> >, std::__1::string, std::__1::vector<std::__1::basic_string<char> >, std::__1::vector<onnx::FunctionBodyHelper::AttributeProtoWrapper>, std::__1::string)':
/dev/shm/velavision-ort-session-20260911/sources/onnx/onnx/defs/function.h:51:21: warning: declaration of 'domain' shadows a member of 'onnx::FunctionBodyHelper::NodeDef' [-Wshadow]
   51 |         std::string domain = "")
      |         ~~~~~~~~~~~~^~~~~~~~~~~
/dev/shm/velavision-ort-session-20260911/sources/onnx/onnx/defs/function.h:62:17: note: shadowed declaration is here
   62 |     std::string domain;
      |                 ^~~~~~
/dev/shm/velavision-ort-session-20260911/sources/onnx/onnx/defs/function.h:50:44: warning: declaration of 'attributes' shadows a member of 'onnx::FunctionBodyHelper::NodeDef' [-Wshadow]
   50 |         std::vector<AttributeProtoWrapper> attributes = {},
      |         ~~~~~~~~~~~~~~~~~~~~~~~~~~~~~~~~~~~^~~~~~~~~~~~~~~
/dev/shm/velavision-ort-session-20260911/sources/onnx/onnx/defs/function.h:61:40: note: shadowed declaration is here
   61 |     std::vector<AttributeProtoWrapper> attributes;
      |                                        ^~~~~~~~~~
/dev/shm/velavision-ort-session-20260911/sources/onnx/onnx/defs/function.h:49:34: warning: declaration of 'inputs' shadows a member of 'onnx::FunctionBodyHelper::NodeDef' [-Wshadow]
   49 |         std::vector<std::string> inputs,
      |         ~~~~~~~~~~~~~~~~~~~~~~~~~^~~~~~
/dev/shm/velavision-ort-session-20260911/sources/onnx/onnx/defs/function.h:60:30: note: shadowed declaration is here
   60 |     std::vector<std::string> inputs;
      |                              ^~~~~~
/dev/shm/velavision-ort-session-20260911/sources/onnx/onnx/defs/function.h:48:21: warning: declaration of 'op_type' shadows a member of 'onnx::FunctionBodyHelper::NodeDef' [-Wshadow]
   48 |         std::string op_type,
      |         ~~~~~~~~~~~~^~~~~~~
/dev/shm/velavision-ort-session-20260911/sources/onnx/onnx/defs/function.h:59:17: note: shadowed declaration is here
   59 |     std::string op_type;
      |                 ^~~~~~~
/dev/shm/velavision-ort-session-20260911/sources/onnx/onnx/defs/function.h:47:34: warning: declaration of 'outputs' shadows a member of 'onnx::FunctionBodyHelper::NodeDef' [-Wshadow]
   47 |         std::vector<std::string> outputs,
      |         ~~~~~~~~~~~~~~~~~~~~~~~~~^~~~~~~
/dev/shm/velavision-ort-session-20260911/sources/onnx/onnx/defs/function.h:58:30: note: shadowed declaration is here
   58 |     std::vector<std::string> outputs;
      |                              ^~~~~~~
/dev/shm/velavision-ort-session-20260911/sources/onnx/onnx/defs/function.h: In constructor 'onnx::FunctionBodyHelper::NodeDef::NodeDef(std::__1::vector<std::__1::basic_string<char> >, std::__1::string, std::__1::vector<std::__1::basic_string<char> >, std::__1::vector<onnx::FunctionBodyHelper::AttributeProtoWrapper>, std::__1::string)':
/dev/shm/velavision-ort-session-20260911/sources/onnx/onnx/defs/function.h:51:21: warning: declaration of 'domain' shadows a member of 'onnx::FunctionBodyHelper::NodeDef' [-Wshadow]
   51 |         std::string domain = "")
      |         ~~~~~~~~~~~~^~~~~~~~~~~
/dev/shm/velavision-ort-session-20260911/sources/onnx/onnx/defs/function.h:62:17: note: shadowed declaration is here
   62 |     std::string domain;
      |                 ^~~~~~
/dev/shm/velavision-ort-session-20260911/sources/onnx/onnx/defs/function.h:50:44: warning: declaration of 'attributes' shadows a member of 'onnx::FunctionBodyHelper::NodeDef' [-Wshadow]
   50 |         std::vector<AttributeProtoWrapper> attributes = {},
      |         ~~~~~~~~~~~~~~~~~~~~~~~~~~~~~~~~~~~^~~~~~~~~~~~~~~
/dev/shm/velavision-ort-session-20260911/sources/onnx/onnx/defs/function.h:61:40: note: shadowed declaration is here
   61 |     std::vector<AttributeProtoWrapper> attributes;
      |                                        ^~~~~~~~~~
/dev/shm/velavision-ort-session-20260911/sources/onnx/onnx/defs/function.h:49:34: warning: declaration of 'inputs' shadows a member of 'onnx::FunctionBodyHelper::NodeDef' [-Wshadow]
   49 |         std::vector<std::string> inputs,
      |         ~~~~~~~~~~~~~~~~~~~~~~~~~^~~~~~
/dev/shm/velavision-ort-session-20260911/sources/onnx/onnx/defs/function.h:60:30: note: shadowed declaration is here
   60 |     std::vector<std::string> inputs;
      |                              ^~~~~~
/dev/shm/velavision-ort-session-20260911/sources/onnx/onnx/defs/function.h:48:21: warning: declaration of 'op_type' shadows a member of 'onnx::FunctionBodyHelper::NodeDef' [-Wshadow]
   48 |         std::string op_type,
      |         ~~~~~~~~~~~~^~~~~~~
/dev/shm/velavision-ort-session-20260911/sources/onnx/onnx/defs/function.h:59:17: note: shadowed declaration is here
   59 |     std::string op_type;
      |                 ^~~~~~~
/dev/shm/velavision-ort-session-20260911/sources/onnx/onnx/defs/function.h:47:34: warning: declaration of 'outputs' shadows a member of 'onnx::FunctionBodyHelper::NodeDef' [-Wshadow]
   47 |         std::vector<std::string> outputs,
      |         ~~~~~~~~~~~~~~~~~~~~~~~~~^~~~~~~
/dev/shm/velavision-ort-session-20260911/sources/onnx/onnx/defs/function.h:58:30: note: shadowed declaration is here
   58 |     std::vector<std::string> outputs;
      |                              ^~~~~~~
[230/749] Building CXX object _deps/onnx-build/CMakeFiles/onnx.dir/onnx/defs/reduction/defs.cc.obj
In file included from /dev/shm/velavision-ort-session-20260911/sources/protobuf/src/google/protobuf/parse_context.h:47,
                 from /dev/shm/velavision-ort-session-20260911/sources/protobuf/src/google/protobuf/extension_set.h:53,
                 from /dev/shm/velavision-ort-session-20260911/build/_deps/onnx-build/onnx/onnx-ml.pb.h:30,
                 from /dev/shm/velavision-ort-session-20260911/sources/onnx/onnx/onnx_pb.h:65,
                 from /dev/shm/velavision-ort-session-20260911/sources/onnx/onnx/onnx-operators_pb.h:7,
                 from /dev/shm/velavision-ort-session-20260911/sources/onnx/onnx/defs/attr_proto_util.h:12,
                 from /dev/shm/velavision-ort-session-20260911/sources/onnx/onnx/defs/function.h:13,
                 from /dev/shm/velavision-ort-session-20260911/sources/onnx/onnx/defs/reduction/defs.cc:8:
/dev/shm/velavision-ort-session-20260911/sources/protobuf/src/google/protobuf/inlined_string_field.h:430:5: warning: "GOOGLE_PROTOBUF_INTERNAL_DONATE_STEAL_INLINE" is not defined, evaluates to 0 [-Wundef]
  430 | #if GOOGLE_PROTOBUF_INTERNAL_DONATE_STEAL_INLINE
      |     ^~~~~~~~~~~~~~~~~~~~~~~~~~~~~~~~~~~~~~~~~~~~
In file included from /dev/shm/velavision-ort-session-20260911/sources/protobuf/src/google/protobuf/arena.h:52,
                 from /dev/shm/velavision-ort-session-20260911/build/_deps/onnx-build/onnx/onnx-ml.pb.h:24:
/dev/shm/velavision-ort-session-20260911/sources/protobuf/src/google/protobuf/arena_impl.h: In constructor 'google::protobuf::internal::SerialArena::Block::Block(google::protobuf::internal::SerialArena::Block*, size_t)':
/dev/shm/velavision-ort-session-20260911/sources/protobuf/src/google/protobuf/arena_impl.h:384:31: warning: declaration of 'size' shadows a member of 'google::protobuf::internal::SerialArena::Block' [-Wshadow]
  384 |     Block(Block* next, size_t size) : next(next), size(size), start(nullptr) {}
      |                        ~~~~~~~^~~~
/dev/shm/velavision-ort-session-20260911/sources/protobuf/src/google/protobuf/arena_impl.h:392:18: note: shadowed declaration is here
  392 |     const size_t size;
      |                  ^~~~
/dev/shm/velavision-ort-session-20260911/sources/protobuf/src/google/protobuf/arena_impl.h:384:18: warning: declaration of 'next' shadows a member of 'google::protobuf::internal::SerialArena::Block' [-Wshadow]
  384 |     Block(Block* next, size_t size) : next(next), size(size), start(nullptr) {}
      |           ~~~~~~~^~~~
/dev/shm/velavision-ort-session-20260911/sources/protobuf/src/google/protobuf/arena_impl.h:391:18: note: shadowed declaration is here
  391 |     Block* const next;
      |                  ^~~~
/dev/shm/velavision-ort-session-20260911/sources/protobuf/src/google/protobuf/arena_impl.h: In constructor 'google::protobuf::internal::SerialArena::Block::Block(google::protobuf::internal::SerialArena::Block*, size_t)':
/dev/shm/velavision-ort-session-20260911/sources/protobuf/src/google/protobuf/arena_impl.h:384:31: warning: declaration of 'size' shadows a member of 'google::protobuf::internal::SerialArena::Block' [-Wshadow]
  384 |     Block(Block* next, size_t size) : next(next), size(size), start(nullptr) {}
      |                        ~~~~~~~^~~~
/dev/shm/velavision-ort-session-20260911/sources/protobuf/src/google/protobuf/arena_impl.h:392:18: note: shadowed declaration is here
  392 |     const size_t size;
      |                  ^~~~
/dev/shm/velavision-ort-session-20260911/sources/protobuf/src/google/protobuf/arena_impl.h:384:18: warning: declaration of 'next' shadows a member of 'google::protobuf::internal::SerialArena::Block' [-Wshadow]
  384 |     Block(Block* next, size_t size) : next(next), size(size), start(nullptr) {}
      |           ~~~~~~~^~~~
/dev/shm/velavision-ort-session-20260911/sources/protobuf/src/google/protobuf/arena_impl.h:391:18: note: shadowed declaration is here
  391 |     Block* const next;
      |                  ^~~~
/dev/shm/velavision-ort-session-20260911/sources/protobuf/src/google/protobuf/arena_impl.h: In constructor 'google::protobuf::internal::SerialArena::Block::Block(google::protobuf::internal::SerialArena::Block*, size_t)':
/dev/shm/velavision-ort-session-20260911/sources/protobuf/src/google/protobuf/arena_impl.h:384:31: warning: declaration of 'size' shadows a member of 'google::protobuf::internal::SerialArena::Block' [-Wshadow]
  384 |     Block(Block* next, size_t size) : next(next), size(size), start(nullptr) {}
      |                        ~~~~~~~^~~~
/dev/shm/velavision-ort-session-20260911/sources/protobuf/src/google/protobuf/arena_impl.h:392:18: note: shadowed declaration is here
  392 |     const size_t size;
      |                  ^~~~
/dev/shm/velavision-ort-session-20260911/sources/protobuf/src/google/protobuf/arena_impl.h:384:18: warning: declaration of 'next' shadows a member of 'google::protobuf::internal::SerialArena::Block' [-Wshadow]
  384 |     Block(Block* next, size_t size) : next(next), size(size), start(nullptr) {}
      |           ~~~~~~~^~~~
/dev/shm/velavision-ort-session-20260911/sources/protobuf/src/google/protobuf/arena_impl.h:391:18: note: shadowed declaration is here
  391 |     Block* const next;
      |                  ^~~~
/dev/shm/velavision-ort-session-20260911/sources/onnx/onnx/defs/function.h: In constructor 'onnx::FunctionBodyHelper::NodeDef::NodeDef(std::__1::vector<std::__1::basic_string<char> >, std::__1::string, std::__1::vector<std::__1::basic_string<char> >, std::__1::vector<onnx::FunctionBodyHelper::AttributeProtoWrapper>, std::__1::string)':
/dev/shm/velavision-ort-session-20260911/sources/onnx/onnx/defs/function.h:51:21: warning: declaration of 'domain' shadows a member of 'onnx::FunctionBodyHelper::NodeDef' [-Wshadow]
   51 |         std::string domain = "")
      |         ~~~~~~~~~~~~^~~~~~~~~~~
/dev/shm/velavision-ort-session-20260911/sources/onnx/onnx/defs/function.h:62:17: note: shadowed declaration is here
   62 |     std::string domain;
      |                 ^~~~~~
/dev/shm/velavision-ort-session-20260911/sources/onnx/onnx/defs/function.h:50:44: warning: declaration of 'attributes' shadows a member of 'onnx::FunctionBodyHelper::NodeDef' [-Wshadow]
   50 |         std::vector<AttributeProtoWrapper> attributes = {},
      |         ~~~~~~~~~~~~~~~~~~~~~~~~~~~~~~~~~~~^~~~~~~~~~~~~~~
/dev/shm/velavision-ort-session-20260911/sources/onnx/onnx/defs/function.h:61:40: note: shadowed declaration is here
   61 |     std::vector<AttributeProtoWrapper> attributes;
      |                                        ^~~~~~~~~~
/dev/shm/velavision-ort-session-20260911/sources/onnx/onnx/defs/function.h:49:34: warning: declaration of 'inputs' shadows a member of 'onnx::FunctionBodyHelper::NodeDef' [-Wshadow]
   49 |         std::vector<std::string> inputs,
      |         ~~~~~~~~~~~~~~~~~~~~~~~~~^~~~~~
/dev/shm/velavision-ort-session-20260911/sources/onnx/onnx/defs/function.h:60:30: note: shadowed declaration is here
   60 |     std::vector<std::string> inputs;
      |                              ^~~~~~
/dev/shm/velavision-ort-session-20260911/sources/onnx/onnx/defs/function.h:48:21: warning: declaration of 'op_type' shadows a member of 'onnx::FunctionBodyHelper::NodeDef' [-Wshadow]
   48 |         std::string op_type,
      |         ~~~~~~~~~~~~^~~~~~~
/dev/shm/velavision-ort-session-20260911/sources/onnx/onnx/defs/function.h:59:17: note: shadowed declaration is here
   59 |     std::string op_type;
      |                 ^~~~~~~
/dev/shm/velavision-ort-session-20260911/sources/onnx/onnx/defs/function.h:47:34: warning: declaration of 'outputs' shadows a member of 'onnx::FunctionBodyHelper::NodeDef' [-Wshadow]
   47 |         std::vector<std::string> outputs,
      |         ~~~~~~~~~~~~~~~~~~~~~~~~~^~~~~~~
/dev/shm/velavision-ort-session-20260911/sources/onnx/onnx/defs/function.h:58:30: note: shadowed declaration is here
   58 |     std::vector<std::string> outputs;
      |                              ^~~~~~~
/dev/shm/velavision-ort-session-20260911/sources/onnx/onnx/defs/function.h: In constructor 'onnx::FunctionBodyHelper::NodeDef::NodeDef(std::__1::vector<std::__1::basic_string<char> >, std::__1::string, std::__1::vector<std::__1::basic_string<char> >, std::__1::vector<onnx::FunctionBodyHelper::AttributeProtoWrapper>, std::__1::string)':
/dev/shm/velavision-ort-session-20260911/sources/onnx/onnx/defs/function.h:51:21: warning: declaration of 'domain' shadows a member of 'onnx::FunctionBodyHelper::NodeDef' [-Wshadow]
   51 |         std::string domain = "")
      |         ~~~~~~~~~~~~^~~~~~~~~~~
/dev/shm/velavision-ort-session-20260911/sources/onnx/onnx/defs/function.h:62:17: note: shadowed declaration is here
   62 |     std::string domain;
      |                 ^~~~~~
/dev/shm/velavision-ort-session-20260911/sources/onnx/onnx/defs/function.h:50:44: warning: declaration of 'attributes' shadows a member of 'onnx::FunctionBodyHelper::NodeDef' [-Wshadow]
   50 |         std::vector<AttributeProtoWrapper> attributes = {},
      |         ~~~~~~~~~~~~~~~~~~~~~~~~~~~~~~~~~~~^~~~~~~~~~~~~~~
/dev/shm/velavision-ort-session-20260911/sources/onnx/onnx/defs/function.h:61:40: note: shadowed declaration is here
   61 |     std::vector<AttributeProtoWrapper> attributes;
      |                                        ^~~~~~~~~~
/dev/shm/velavision-ort-session-20260911/sources/onnx/onnx/defs/function.h:49:34: warning: declaration of 'inputs' shadows a member of 'onnx::FunctionBodyHelper::NodeDef' [-Wshadow]
   49 |         std::vector<std::string> inputs,
      |         ~~~~~~~~~~~~~~~~~~~~~~~~~^~~~~~
/dev/shm/velavision-ort-session-20260911/sources/onnx/onnx/defs/function.h:60:30: note: shadowed declaration is here
   60 |     std::vector<std::string> inputs;
      |                              ^~~~~~
/dev/shm/velavision-ort-session-20260911/sources/onnx/onnx/defs/function.h:48:21: warning: declaration of 'op_type' shadows a member of 'onnx::FunctionBodyHelper::NodeDef' [-Wshadow]
   48 |         std::string op_type,
      |         ~~~~~~~~~~~~^~~~~~~
/dev/shm/velavision-ort-session-20260911/sources/onnx/onnx/defs/function.h:59:17: note: shadowed declaration is here
   59 |     std::string op_type;
      |                 ^~~~~~~
/dev/shm/velavision-ort-session-20260911/sources/onnx/onnx/defs/function.h:47:34: warning: declaration of 'outputs' shadows a member of 'onnx::FunctionBodyHelper::NodeDef' [-Wshadow]
   47 |         std::vector<std::string> outputs,
      |         ~~~~~~~~~~~~~~~~~~~~~~~~~^~~~~~~
/dev/shm/velavision-ort-session-20260911/sources/onnx/onnx/defs/function.h:58:30: note: shadowed declaration is here
   58 |     std::vector<std::string> outputs;
      |                              ^~~~~~~
/dev/shm/velavision-ort-session-20260911/sources/onnx/onnx/defs/function.h: In constructor 'onnx::FunctionBodyHelper::NodeDef::NodeDef(std::__1::vector<std::__1::basic_string<char> >, std::__1::string, std::__1::vector<std::__1::basic_string<char> >, std::__1::vector<onnx::FunctionBodyHelper::AttributeProtoWrapper>, std::__1::string)':
/dev/shm/velavision-ort-session-20260911/sources/onnx/onnx/defs/function.h:51:21: warning: declaration of 'domain' shadows a member of 'onnx::FunctionBodyHelper::NodeDef' [-Wshadow]
   51 |         std::string domain = "")
      |         ~~~~~~~~~~~~^~~~~~~~~~~
/dev/shm/velavision-ort-session-20260911/sources/onnx/onnx/defs/function.h:62:17: note: shadowed declaration is here
   62 |     std::string domain;
      |                 ^~~~~~
/dev/shm/velavision-ort-session-20260911/sources/onnx/onnx/defs/function.h:50:44: warning: declaration of 'attributes' shadows a member of 'onnx::FunctionBodyHelper::NodeDef' [-Wshadow]
   50 |         std::vector<AttributeProtoWrapper> attributes = {},
      |         ~~~~~~~~~~~~~~~~~~~~~~~~~~~~~~~~~~~^~~~~~~~~~~~~~~
/dev/shm/velavision-ort-session-20260911/sources/onnx/onnx/defs/function.h:61:40: note: shadowed declaration is here
   61 |     std::vector<AttributeProtoWrapper> attributes;
      |                                        ^~~~~~~~~~
/dev/shm/velavision-ort-session-20260911/sources/onnx/onnx/defs/function.h:49:34: warning: declaration of 'inputs' shadows a member of 'onnx::FunctionBodyHelper::NodeDef' [-Wshadow]
   49 |         std::vector<std::string> inputs,
      |         ~~~~~~~~~~~~~~~~~~~~~~~~~^~~~~~
/dev/shm/velavision-ort-session-20260911/sources/onnx/onnx/defs/function.h:60:30: note: shadowed declaration is here
   60 |     std::vector<std::string> inputs;
      |                              ^~~~~~
/dev/shm/velavision-ort-session-20260911/sources/onnx/onnx/defs/function.h:48:21: warning: declaration of 'op_type' shadows a member of 'onnx::FunctionBodyHelper::NodeDef' [-Wshadow]
   48 |         std::string op_type,
      |         ~~~~~~~~~~~~^~~~~~~
/dev/shm/velavision-ort-session-20260911/sources/onnx/onnx/defs/function.h:59:17: note: shadowed declaration is here
   59 |     std::string op_type;
      |                 ^~~~~~~
/dev/shm/velavision-ort-session-20260911/sources/onnx/onnx/defs/function.h:47:34: warning: declaration of 'outputs' shadows a member of 'onnx::FunctionBodyHelper::NodeDef' [-Wshadow]
   47 |         std::vector<std::string> outputs,
      |         ~~~~~~~~~~~~~~~~~~~~~~~~~^~~~~~~
/dev/shm/velavision-ort-session-20260911/sources/onnx/onnx/defs/function.h:58:30: note: shadowed declaration is here
   58 |     std::vector<std::string> outputs;
      |                              ^~~~~~~
/dev/shm/velavision-ort-session-20260911/sources/onnx/onnx/defs/reduction/defs.cc: In function 'std::__1::function<void(onnx::OpSchema&)> onnx::ArgReduceDocGenerator(const char*)':
/dev/shm/velavision-ort-session-20260911/sources/onnx/onnx/defs/reduction/defs.cc:97:66: warning: unused parameter 'name' [-Wunused-parameter]
   97 | std::function<void(OpSchema&)> ArgReduceDocGenerator(const char* name) {
      |                                                      ~~~~~~~~~~~~^~~~
[231/749] Building CXX object _deps/onnx-build/CMakeFiles/onnx.dir/onnx/defs/reduction/utils.cc.obj
In file included from /dev/shm/velavision-ort-session-20260911/sources/protobuf/src/google/protobuf/parse_context.h:47,
                 from /dev/shm/velavision-ort-session-20260911/sources/protobuf/src/google/protobuf/extension_set.h:53,
                 from /dev/shm/velavision-ort-session-20260911/build/_deps/onnx-build/onnx/onnx-ml.pb.h:30,
                 from /dev/shm/velavision-ort-session-20260911/sources/onnx/onnx/onnx_pb.h:65,
                 from /dev/shm/velavision-ort-session-20260911/sources/onnx/onnx/defs/data_type_utils.h:14,
                 from /dev/shm/velavision-ort-session-20260911/sources/onnx/onnx/defs/shape_inference.h:13,
                 from /dev/shm/velavision-ort-session-20260911/sources/onnx/onnx/defs/schema.h:26,
                 from /dev/shm/velavision-ort-session-20260911/sources/onnx/onnx/defs/reduction/utils.h:9,
                 from /dev/shm/velavision-ort-session-20260911/sources/onnx/onnx/defs/reduction/utils.cc:5:
/dev/shm/velavision-ort-session-20260911/sources/protobuf/src/google/protobuf/inlined_string_field.h:430:5: warning: "GOOGLE_PROTOBUF_INTERNAL_DONATE_STEAL_INLINE" is not defined, evaluates to 0 [-Wundef]
  430 | #if GOOGLE_PROTOBUF_INTERNAL_DONATE_STEAL_INLINE
      |     ^~~~~~~~~~~~~~~~~~~~~~~~~~~~~~~~~~~~~~~~~~~~
In file included from /dev/shm/velavision-ort-session-20260911/sources/protobuf/src/google/protobuf/arena.h:52,
                 from /dev/shm/velavision-ort-session-20260911/build/_deps/onnx-build/onnx/onnx-ml.pb.h:24:
/dev/shm/velavision-ort-session-20260911/sources/protobuf/src/google/protobuf/arena_impl.h: In constructor 'google::protobuf::internal::SerialArena::Block::Block(google::protobuf::internal::SerialArena::Block*, size_t)':
/dev/shm/velavision-ort-session-20260911/sources/protobuf/src/google/protobuf/arena_impl.h:384:31: warning: declaration of 'size' shadows a member of 'google::protobuf::internal::SerialArena::Block' [-Wshadow]
  384 |     Block(Block* next, size_t size) : next(next), size(size), start(nullptr) {}
      |                        ~~~~~~~^~~~
/dev/shm/velavision-ort-session-20260911/sources/protobuf/src/google/protobuf/arena_impl.h:392:18: note: shadowed declaration is here
  392 |     const size_t size;
      |                  ^~~~
/dev/shm/velavision-ort-session-20260911/sources/protobuf/src/google/protobuf/arena_impl.h:384:18: warning: declaration of 'next' shadows a member of 'google::protobuf::internal::SerialArena::Block' [-Wshadow]
  384 |     Block(Block* next, size_t size) : next(next), size(size), start(nullptr) {}
      |           ~~~~~~~^~~~
/dev/shm/velavision-ort-session-20260911/sources/protobuf/src/google/protobuf/arena_impl.h:391:18: note: shadowed declaration is here
  391 |     Block* const next;
      |                  ^~~~
/dev/shm/velavision-ort-session-20260911/sources/protobuf/src/google/protobuf/arena_impl.h: In constructor 'google::protobuf::internal::SerialArena::Block::Block(google::protobuf::internal::SerialArena::Block*, size_t)':
/dev/shm/velavision-ort-session-20260911/sources/protobuf/src/google/protobuf/arena_impl.h:384:31: warning: declaration of 'size' shadows a member of 'google::protobuf::internal::SerialArena::Block' [-Wshadow]
  384 |     Block(Block* next, size_t size) : next(next), size(size), start(nullptr) {}
      |                        ~~~~~~~^~~~
/dev/shm/velavision-ort-session-20260911/sources/protobuf/src/google/protobuf/arena_impl.h:392:18: note: shadowed declaration is here
  392 |     const size_t size;
      |                  ^~~~
/dev/shm/velavision-ort-session-20260911/sources/protobuf/src/google/protobuf/arena_impl.h:384:18: warning: declaration of 'next' shadows a member of 'google::protobuf::internal::SerialArena::Block' [-Wshadow]
  384 |     Block(Block* next, size_t size) : next(next), size(size), start(nullptr) {}
      |           ~~~~~~~^~~~
/dev/shm/velavision-ort-session-20260911/sources/protobuf/src/google/protobuf/arena_impl.h:391:18: note: shadowed declaration is here
  391 |     Block* const next;
      |                  ^~~~
/dev/shm/velavision-ort-session-20260911/sources/protobuf/src/google/protobuf/arena_impl.h: In constructor 'google::protobuf::internal::SerialArena::Block::Block(google::protobuf::internal::SerialArena::Block*, size_t)':
/dev/shm/velavision-ort-session-20260911/sources/protobuf/src/google/protobuf/arena_impl.h:384:31: warning: declaration of 'size' shadows a member of 'google::protobuf::internal::SerialArena::Block' [-Wshadow]
  384 |     Block(Block* next, size_t size) : next(next), size(size), start(nullptr) {}
      |                        ~~~~~~~^~~~
/dev/shm/velavision-ort-session-20260911/sources/protobuf/src/google/protobuf/arena_impl.h:392:18: note: shadowed declaration is here
  392 |     const size_t size;
      |                  ^~~~
/dev/shm/velavision-ort-session-20260911/sources/protobuf/src/google/protobuf/arena_impl.h:384:18: warning: declaration of 'next' shadows a member of 'google::protobuf::internal::SerialArena::Block' [-Wshadow]
  384 |     Block(Block* next, size_t size) : next(next), size(size), start(nullptr) {}
      |           ~~~~~~~^~~~
/dev/shm/velavision-ort-session-20260911/sources/protobuf/src/google/protobuf/arena_impl.h:391:18: note: shadowed declaration is here
  391 |     Block* const next;
      |                  ^~~~
[232/749] Building CXX object _deps/onnx-build/CMakeFiles/onnx.dir/onnx/defs/reduction/old.cc.obj
In file included from /dev/shm/velavision-ort-session-20260911/sources/protobuf/src/google/protobuf/parse_context.h:47,
                 from /dev/shm/velavision-ort-session-20260911/sources/protobuf/src/google/protobuf/extension_set.h:53,
                 from /dev/shm/velavision-ort-session-20260911/build/_deps/onnx-build/onnx/onnx-ml.pb.h:30,
                 from /dev/shm/velavision-ort-session-20260911/sources/onnx/onnx/onnx_pb.h:65,
                 from /dev/shm/velavision-ort-session-20260911/sources/onnx/onnx/defs/data_type_utils.h:14,
                 from /dev/shm/velavision-ort-session-20260911/sources/onnx/onnx/defs/shape_inference.h:13,
                 from /dev/shm/velavision-ort-session-20260911/sources/onnx/onnx/defs/schema.h:26,
                 from /dev/shm/velavision-ort-session-20260911/sources/onnx/onnx/defs/reduction/utils.h:9,
                 from /dev/shm/velavision-ort-session-20260911/sources/onnx/onnx/defs/reduction/old.cc:8:
/dev/shm/velavision-ort-session-20260911/sources/protobuf/src/google/protobuf/inlined_string_field.h:430:5: warning: "GOOGLE_PROTOBUF_INTERNAL_DONATE_STEAL_INLINE" is not defined, evaluates to 0 [-Wundef]
  430 | #if GOOGLE_PROTOBUF_INTERNAL_DONATE_STEAL_INLINE
      |     ^~~~~~~~~~~~~~~~~~~~~~~~~~~~~~~~~~~~~~~~~~~~
In file included from /dev/shm/velavision-ort-session-20260911/sources/protobuf/src/google/protobuf/arena.h:52,
                 from /dev/shm/velavision-ort-session-20260911/build/_deps/onnx-build/onnx/onnx-ml.pb.h:24:
/dev/shm/velavision-ort-session-20260911/sources/protobuf/src/google/protobuf/arena_impl.h: In constructor 'google::protobuf::internal::SerialArena::Block::Block(google::protobuf::internal::SerialArena::Block*, size_t)':
/dev/shm/velavision-ort-session-20260911/sources/protobuf/src/google/protobuf/arena_impl.h:384:31: warning: declaration of 'size' shadows a member of 'google::protobuf::internal::SerialArena::Block' [-Wshadow]
  384 |     Block(Block* next, size_t size) : next(next), size(size), start(nullptr) {}
      |                        ~~~~~~~^~~~
/dev/shm/velavision-ort-session-20260911/sources/protobuf/src/google/protobuf/arena_impl.h:392:18: note: shadowed declaration is here
  392 |     const size_t size;
      |                  ^~~~
/dev/shm/velavision-ort-session-20260911/sources/protobuf/src/google/protobuf/arena_impl.h:384:18: warning: declaration of 'next' shadows a member of 'google::protobuf::internal::SerialArena::Block' [-Wshadow]
  384 |     Block(Block* next, size_t size) : next(next), size(size), start(nullptr) {}
      |           ~~~~~~~^~~~
/dev/shm/velavision-ort-session-20260911/sources/protobuf/src/google/protobuf/arena_impl.h:391:18: note: shadowed declaration is here
  391 |     Block* const next;
      |                  ^~~~
/dev/shm/velavision-ort-session-20260911/sources/protobuf/src/google/protobuf/arena_impl.h: In constructor 'google::protobuf::internal::SerialArena::Block::Block(google::protobuf::internal::SerialArena::Block*, size_t)':
/dev/shm/velavision-ort-session-20260911/sources/protobuf/src/google/protobuf/arena_impl.h:384:31: warning: declaration of 'size' shadows a member of 'google::protobuf::internal::SerialArena::Block' [-Wshadow]
  384 |     Block(Block* next, size_t size) : next(next), size(size), start(nullptr) {}
      |                        ~~~~~~~^~~~
/dev/shm/velavision-ort-session-20260911/sources/protobuf/src/google/protobuf/arena_impl.h:392:18: note: shadowed declaration is here
  392 |     const size_t size;
      |                  ^~~~
/dev/shm/velavision-ort-session-20260911/sources/protobuf/src/google/protobuf/arena_impl.h:384:18: warning: declaration of 'next' shadows a member of 'google::protobuf::internal::SerialArena::Block' [-Wshadow]
  384 |     Block(Block* next, size_t size) : next(next), size(size), start(nullptr) {}
      |           ~~~~~~~^~~~
/dev/shm/velavision-ort-session-20260911/sources/protobuf/src/google/protobuf/arena_impl.h:391:18: note: shadowed declaration is here
  391 |     Block* const next;
      |                  ^~~~
/dev/shm/velavision-ort-session-20260911/sources/protobuf/src/google/protobuf/arena_impl.h: In constructor 'google::protobuf::internal::SerialArena::Block::Block(google::protobuf::internal::SerialArena::Block*, size_t)':
/dev/shm/velavision-ort-session-20260911/sources/protobuf/src/google/protobuf/arena_impl.h:384:31: warning: declaration of 'size' shadows a member of 'google::protobuf::internal::SerialArena::Block' [-Wshadow]
  384 |     Block(Block* next, size_t size) : next(next), size(size), start(nullptr) {}
      |                        ~~~~~~~^~~~
/dev/shm/velavision-ort-session-20260911/sources/protobuf/src/google/protobuf/arena_impl.h:392:18: note: shadowed declaration is here
  392 |     const size_t size;
      |                  ^~~~
/dev/shm/velavision-ort-session-20260911/sources/protobuf/src/google/protobuf/arena_impl.h:384:18: warning: declaration of 'next' shadows a member of 'google::protobuf::internal::SerialArena::Block' [-Wshadow]
  384 |     Block(Block* next, size_t size) : next(next), size(size), start(nullptr) {}
      |           ~~~~~~~^~~~
/dev/shm/velavision-ort-session-20260911/sources/protobuf/src/google/protobuf/arena_impl.h:391:18: note: shadowed declaration is here
  391 |     Block* const next;
      |                  ^~~~
/dev/shm/velavision-ort-session-20260911/sources/onnx/onnx/defs/reduction/old.cc: In function 'std::__1::function<void(onnx::OpSchema&)> onnx::ReduceDocGenerator_opset12(const char*, bool)':
/dev/shm/velavision-ort-session-20260911/sources/onnx/onnx/defs/reduction/old.cc:25:71: warning: unused parameter 'name' [-Wunused-parameter]
   25 | std::function<void(OpSchema&)> ReduceDocGenerator_opset12(const char* name, bool supports_8bit_datatypes = false) {
      |                                                           ~~~~~~~~~~~~^~~~
/dev/shm/velavision-ort-session-20260911/sources/onnx/onnx/defs/reduction/old.cc: In function 'std::__1::function<void(onnx::OpSchema&)> onnx::ArgReduceDocGenerator_opset12(const char*)':
/dev/shm/velavision-ort-session-20260911/sources/onnx/onnx/defs/reduction/old.cc:118:74: warning: unused parameter 'name' [-Wunused-parameter]
  118 | std::function<void(OpSchema&)> ArgReduceDocGenerator_opset12(const char* name) {
      |                                                              ~~~~~~~~~~~~^~~~
/dev/shm/velavision-ort-session-20260911/sources/onnx/onnx/defs/reduction/old.cc: In function 'std::__1::function<void(onnx::OpSchema&)> onnx::ReduceDocGenerator_opset1(const char*, const char*, int)':
/dev/shm/velavision-ort-session-20260911/sources/onnx/onnx/defs/reduction/old.cc:197:70: warning: unused parameter 'name' [-Wunused-parameter]
  197 | std::function<void(OpSchema&)> ReduceDocGenerator_opset1(const char* name, const char* empty_value, int opset = 1) {
      |                                                          ~~~~~~~~~~~~^~~~
/dev/shm/velavision-ort-session-20260911/sources/onnx/onnx/defs/reduction/old.cc: In function 'std::__1::function<void(onnx::OpSchema&)> onnx::ArgReduceDocGenerator_opset1(const char*)':
/dev/shm/velavision-ort-session-20260911/sources/onnx/onnx/defs/reduction/old.cc:297:73: warning: unused parameter 'name' [-Wunused-parameter]
  297 | std::function<void(OpSchema&)> ArgReduceDocGenerator_opset1(const char* name) {
      |                                                             ~~~~~~~~~~~~^~~~
[233/749] Building CXX object _deps/onnx-build/CMakeFiles/onnx.dir/onnx/defs/rnn/defs.cc.obj
In file included from /dev/shm/velavision-ort-session-20260911/sources/protobuf/src/google/protobuf/parse_context.h:47,
                 from /dev/shm/velavision-ort-session-20260911/sources/protobuf/src/google/protobuf/extension_set.h:53,
                 from /dev/shm/velavision-ort-session-20260911/build/_deps/onnx-build/onnx/onnx-ml.pb.h:30,
                 from /dev/shm/velavision-ort-session-20260911/sources/onnx/onnx/onnx_pb.h:65,
                 from /dev/shm/velavision-ort-session-20260911/sources/onnx/onnx/defs/data_type_utils.h:14,
                 from /dev/shm/velavision-ort-session-20260911/sources/onnx/onnx/defs/shape_inference.h:13,
                 from /dev/shm/velavision-ort-session-20260911/sources/onnx/onnx/defs/schema.h:26,
                 from /dev/shm/velavision-ort-session-20260911/sources/onnx/onnx/defs/rnn/defs.cc:5:
/dev/shm/velavision-ort-session-20260911/sources/protobuf/src/google/protobuf/inlined_string_field.h:430:5: warning: "GOOGLE_PROTOBUF_INTERNAL_DONATE_STEAL_INLINE" is not defined, evaluates to 0 [-Wundef]
  430 | #if GOOGLE_PROTOBUF_INTERNAL_DONATE_STEAL_INLINE
      |     ^~~~~~~~~~~~~~~~~~~~~~~~~~~~~~~~~~~~~~~~~~~~
In file included from /dev/shm/velavision-ort-session-20260911/sources/protobuf/src/google/protobuf/arena.h:52,
                 from /dev/shm/velavision-ort-session-20260911/build/_deps/onnx-build/onnx/onnx-ml.pb.h:24:
/dev/shm/velavision-ort-session-20260911/sources/protobuf/src/google/protobuf/arena_impl.h: In constructor 'google::protobuf::internal::SerialArena::Block::Block(google::protobuf::internal::SerialArena::Block*, size_t)':
/dev/shm/velavision-ort-session-20260911/sources/protobuf/src/google/protobuf/arena_impl.h:384:31: warning: declaration of 'size' shadows a member of 'google::protobuf::internal::SerialArena::Block' [-Wshadow]
  384 |     Block(Block* next, size_t size) : next(next), size(size), start(nullptr) {}
      |                        ~~~~~~~^~~~
/dev/shm/velavision-ort-session-20260911/sources/protobuf/src/google/protobuf/arena_impl.h:392:18: note: shadowed declaration is here
  392 |     const size_t size;
      |                  ^~~~
/dev/shm/velavision-ort-session-20260911/sources/protobuf/src/google/protobuf/arena_impl.h:384:18: warning: declaration of 'next' shadows a member of 'google::protobuf::internal::SerialArena::Block' [-Wshadow]
  384 |     Block(Block* next, size_t size) : next(next), size(size), start(nullptr) {}
      |           ~~~~~~~^~~~
/dev/shm/velavision-ort-session-20260911/sources/protobuf/src/google/protobuf/arena_impl.h:391:18: note: shadowed declaration is here
  391 |     Block* const next;
      |                  ^~~~
/dev/shm/velavision-ort-session-20260911/sources/protobuf/src/google/protobuf/arena_impl.h: In constructor 'google::protobuf::internal::SerialArena::Block::Block(google::protobuf::internal::SerialArena::Block*, size_t)':
/dev/shm/velavision-ort-session-20260911/sources/protobuf/src/google/protobuf/arena_impl.h:384:31: warning: declaration of 'size' shadows a member of 'google::protobuf::internal::SerialArena::Block' [-Wshadow]
  384 |     Block(Block* next, size_t size) : next(next), size(size), start(nullptr) {}
      |                        ~~~~~~~^~~~
/dev/shm/velavision-ort-session-20260911/sources/protobuf/src/google/protobuf/arena_impl.h:392:18: note: shadowed declaration is here
  392 |     const size_t size;
      |                  ^~~~
/dev/shm/velavision-ort-session-20260911/sources/protobuf/src/google/protobuf/arena_impl.h:384:18: warning: declaration of 'next' shadows a member of 'google::protobuf::internal::SerialArena::Block' [-Wshadow]
  384 |     Block(Block* next, size_t size) : next(next), size(size), start(nullptr) {}
      |           ~~~~~~~^~~~
/dev/shm/velavision-ort-session-20260911/sources/protobuf/src/google/protobuf/arena_impl.h:391:18: note: shadowed declaration is here
  391 |     Block* const next;
      |                  ^~~~
/dev/shm/velavision-ort-session-20260911/sources/protobuf/src/google/protobuf/arena_impl.h: In constructor 'google::protobuf::internal::SerialArena::Block::Block(google::protobuf::internal::SerialArena::Block*, size_t)':
/dev/shm/velavision-ort-session-20260911/sources/protobuf/src/google/protobuf/arena_impl.h:384:31: warning: declaration of 'size' shadows a member of 'google::protobuf::internal::SerialArena::Block' [-Wshadow]
  384 |     Block(Block* next, size_t size) : next(next), size(size), start(nullptr) {}
      |                        ~~~~~~~^~~~
/dev/shm/velavision-ort-session-20260911/sources/protobuf/src/google/protobuf/arena_impl.h:392:18: note: shadowed declaration is here
  392 |     const size_t size;
      |                  ^~~~
/dev/shm/velavision-ort-session-20260911/sources/protobuf/src/google/protobuf/arena_impl.h:384:18: warning: declaration of 'next' shadows a member of 'google::protobuf::internal::SerialArena::Block' [-Wshadow]
  384 |     Block(Block* next, size_t size) : next(next), size(size), start(nullptr) {}
      |           ~~~~~~~^~~~
/dev/shm/velavision-ort-session-20260911/sources/protobuf/src/google/protobuf/arena_impl.h:391:18: note: shadowed declaration is here
  391 |     Block* const next;
      |                  ^~~~
/dev/shm/velavision-ort-session-20260911/sources/onnx/onnx/defs/rnn/defs.cc: At global scope:
/dev/shm/velavision-ort-session-20260911/sources/onnx/onnx/defs/rnn/defs.cc:374:20: warning: 'onnx::LSTM_ver14_doc' defined but not used [-Wunused-variable]
  374 | static const char* LSTM_ver14_doc = R"DOC(
      |                    ^~~~~~~~~~~~~~
/dev/shm/velavision-ort-session-20260911/sources/onnx/onnx/defs/rnn/defs.cc:269:20: warning: 'onnx::GRU_ver14_doc' defined but not used [-Wunused-variable]
  269 | static const char* GRU_ver14_doc = R"DOC(
      |                    ^~~~~~~~~~~~~
/dev/shm/velavision-ort-session-20260911/sources/onnx/onnx/defs/rnn/defs.cc:179:20: warning: 'onnx::RNN_ver14_doc' defined but not used [-Wunused-variable]
  179 | static const char* RNN_ver14_doc = R"DOC(
      |                    ^~~~~~~~~~~~~
[234/749] Building CXX object _deps/onnx-build/CMakeFiles/onnx.dir/onnx/defs/rnn/old.cc.obj
In file included from /dev/shm/velavision-ort-session-20260911/sources/protobuf/src/google/protobuf/parse_context.h:47,
                 from /dev/shm/velavision-ort-session-20260911/sources/protobuf/src/google/protobuf/extension_set.h:53,
                 from /dev/shm/velavision-ort-session-20260911/build/_deps/onnx-build/onnx/onnx-ml.pb.h:30,
                 from /dev/shm/velavision-ort-session-20260911/sources/onnx/onnx/onnx_pb.h:65,
                 from /dev/shm/velavision-ort-session-20260911/sources/onnx/onnx/defs/data_type_utils.h:14,
                 from /dev/shm/velavision-ort-session-20260911/sources/onnx/onnx/defs/shape_inference.h:13,
                 from /dev/shm/velavision-ort-session-20260911/sources/onnx/onnx/defs/schema.h:26,
                 from /dev/shm/velavision-ort-session-20260911/sources/onnx/onnx/defs/rnn/old.cc:5:
/dev/shm/velavision-ort-session-20260911/sources/protobuf/src/google/protobuf/inlined_string_field.h:430:5: warning: "GOOGLE_PROTOBUF_INTERNAL_DONATE_STEAL_INLINE" is not defined, evaluates to 0 [-Wundef]
  430 | #if GOOGLE_PROTOBUF_INTERNAL_DONATE_STEAL_INLINE
      |     ^~~~~~~~~~~~~~~~~~~~~~~~~~~~~~~~~~~~~~~~~~~~
In file included from /dev/shm/velavision-ort-session-20260911/sources/protobuf/src/google/protobuf/arena.h:52,
                 from /dev/shm/velavision-ort-session-20260911/build/_deps/onnx-build/onnx/onnx-ml.pb.h:24:
/dev/shm/velavision-ort-session-20260911/sources/protobuf/src/google/protobuf/arena_impl.h: In constructor 'google::protobuf::internal::SerialArena::Block::Block(google::protobuf::internal::SerialArena::Block*, size_t)':
/dev/shm/velavision-ort-session-20260911/sources/protobuf/src/google/protobuf/arena_impl.h:384:31: warning: declaration of 'size' shadows a member of 'google::protobuf::internal::SerialArena::Block' [-Wshadow]
  384 |     Block(Block* next, size_t size) : next(next), size(size), start(nullptr) {}
      |                        ~~~~~~~^~~~
/dev/shm/velavision-ort-session-20260911/sources/protobuf/src/google/protobuf/arena_impl.h:392:18: note: shadowed declaration is here
  392 |     const size_t size;
      |                  ^~~~
/dev/shm/velavision-ort-session-20260911/sources/protobuf/src/google/protobuf/arena_impl.h:384:18: warning: declaration of 'next' shadows a member of 'google::protobuf::internal::SerialArena::Block' [-Wshadow]
  384 |     Block(Block* next, size_t size) : next(next), size(size), start(nullptr) {}
      |           ~~~~~~~^~~~
/dev/shm/velavision-ort-session-20260911/sources/protobuf/src/google/protobuf/arena_impl.h:391:18: note: shadowed declaration is here
  391 |     Block* const next;
      |                  ^~~~
/dev/shm/velavision-ort-session-20260911/sources/protobuf/src/google/protobuf/arena_impl.h: In constructor 'google::protobuf::internal::SerialArena::Block::Block(google::protobuf::internal::SerialArena::Block*, size_t)':
/dev/shm/velavision-ort-session-20260911/sources/protobuf/src/google/protobuf/arena_impl.h:384:31: warning: declaration of 'size' shadows a member of 'google::protobuf::internal::SerialArena::Block' [-Wshadow]
  384 |     Block(Block* next, size_t size) : next(next), size(size), start(nullptr) {}
      |                        ~~~~~~~^~~~
/dev/shm/velavision-ort-session-20260911/sources/protobuf/src/google/protobuf/arena_impl.h:392:18: note: shadowed declaration is here
  392 |     const size_t size;
      |                  ^~~~
/dev/shm/velavision-ort-session-20260911/sources/protobuf/src/google/protobuf/arena_impl.h:384:18: warning: declaration of 'next' shadows a member of 'google::protobuf::internal::SerialArena::Block' [-Wshadow]
  384 |     Block(Block* next, size_t size) : next(next), size(size), start(nullptr) {}
      |           ~~~~~~~^~~~
/dev/shm/velavision-ort-session-20260911/sources/protobuf/src/google/protobuf/arena_impl.h:391:18: note: shadowed declaration is here
  391 |     Block* const next;
      |                  ^~~~
/dev/shm/velavision-ort-session-20260911/sources/protobuf/src/google/protobuf/arena_impl.h: In constructor 'google::protobuf::internal::SerialArena::Block::Block(google::protobuf::internal::SerialArena::Block*, size_t)':
/dev/shm/velavision-ort-session-20260911/sources/protobuf/src/google/protobuf/arena_impl.h:384:31: warning: declaration of 'size' shadows a member of 'google::protobuf::internal::SerialArena::Block' [-Wshadow]
  384 |     Block(Block* next, size_t size) : next(next), size(size), start(nullptr) {}
      |                        ~~~~~~~^~~~
/dev/shm/velavision-ort-session-20260911/sources/protobuf/src/google/protobuf/arena_impl.h:392:18: note: shadowed declaration is here
  392 |     const size_t size;
      |                  ^~~~
/dev/shm/velavision-ort-session-20260911/sources/protobuf/src/google/protobuf/arena_impl.h:384:18: warning: declaration of 'next' shadows a member of 'google::protobuf::internal::SerialArena::Block' [-Wshadow]
  384 |     Block(Block* next, size_t size) : next(next), size(size), start(nullptr) {}
      |           ~~~~~~~^~~~
/dev/shm/velavision-ort-session-20260911/sources/protobuf/src/google/protobuf/arena_impl.h:391:18: note: shadowed declaration is here
  391 |     Block* const next;
      |                  ^~~~
[235/749] Building CXX object _deps/onnx-build/CMakeFiles/onnx.dir/onnx/defs/sequence/defs.cc.obj
In file included from /dev/shm/velavision-ort-session-20260911/sources/protobuf/src/google/protobuf/parse_context.h:47,
                 from /dev/shm/velavision-ort-session-20260911/sources/protobuf/src/google/protobuf/extension_set.h:53,
                 from /dev/shm/velavision-ort-session-20260911/build/_deps/onnx-build/onnx/onnx-ml.pb.h:30,
                 from /dev/shm/velavision-ort-session-20260911/sources/onnx/onnx/onnx_pb.h:65,
                 from /dev/shm/velavision-ort-session-20260911/sources/onnx/onnx/onnx-operators_pb.h:7,
                 from /dev/shm/velavision-ort-session-20260911/sources/onnx/onnx/defs/attr_proto_util.h:12,
                 from /dev/shm/velavision-ort-session-20260911/sources/onnx/onnx/defs/function.h:13,
                 from /dev/shm/velavision-ort-session-20260911/sources/onnx/onnx/defs/sequence/defs.cc:8:
/dev/shm/velavision-ort-session-20260911/sources/protobuf/src/google/protobuf/inlined_string_field.h:430:5: warning: "GOOGLE_PROTOBUF_INTERNAL_DONATE_STEAL_INLINE" is not defined, evaluates to 0 [-Wundef]
  430 | #if GOOGLE_PROTOBUF_INTERNAL_DONATE_STEAL_INLINE
      |     ^~~~~~~~~~~~~~~~~~~~~~~~~~~~~~~~~~~~~~~~~~~~
In file included from /dev/shm/velavision-ort-session-20260911/sources/protobuf/src/google/protobuf/arena.h:52,
                 from /dev/shm/velavision-ort-session-20260911/build/_deps/onnx-build/onnx/onnx-ml.pb.h:24:
/dev/shm/velavision-ort-session-20260911/sources/protobuf/src/google/protobuf/arena_impl.h: In constructor 'google::protobuf::internal::SerialArena::Block::Block(google::protobuf::internal::SerialArena::Block*, size_t)':
/dev/shm/velavision-ort-session-20260911/sources/protobuf/src/google/protobuf/arena_impl.h:384:31: warning: declaration of 'size' shadows a member of 'google::protobuf::internal::SerialArena::Block' [-Wshadow]
  384 |     Block(Block* next, size_t size) : next(next), size(size), start(nullptr) {}
      |                        ~~~~~~~^~~~
/dev/shm/velavision-ort-session-20260911/sources/protobuf/src/google/protobuf/arena_impl.h:392:18: note: shadowed declaration is here
  392 |     const size_t size;
      |                  ^~~~
/dev/shm/velavision-ort-session-20260911/sources/protobuf/src/google/protobuf/arena_impl.h:384:18: warning: declaration of 'next' shadows a member of 'google::protobuf::internal::SerialArena::Block' [-Wshadow]
  384 |     Block(Block* next, size_t size) : next(next), size(size), start(nullptr) {}
      |           ~~~~~~~^~~~
/dev/shm/velavision-ort-session-20260911/sources/protobuf/src/google/protobuf/arena_impl.h:391:18: note: shadowed declaration is here
  391 |     Block* const next;
      |                  ^~~~
/dev/shm/velavision-ort-session-20260911/sources/protobuf/src/google/protobuf/arena_impl.h: In constructor 'google::protobuf::internal::SerialArena::Block::Block(google::protobuf::internal::SerialArena::Block*, size_t)':
/dev/shm/velavision-ort-session-20260911/sources/protobuf/src/google/protobuf/arena_impl.h:384:31: warning: declaration of 'size' shadows a member of 'google::protobuf::internal::SerialArena::Block' [-Wshadow]
  384 |     Block(Block* next, size_t size) : next(next), size(size), start(nullptr) {}
      |                        ~~~~~~~^~~~
/dev/shm/velavision-ort-session-20260911/sources/protobuf/src/google/protobuf/arena_impl.h:392:18: note: shadowed declaration is here
  392 |     const size_t size;
      |                  ^~~~
/dev/shm/velavision-ort-session-20260911/sources/protobuf/src/google/protobuf/arena_impl.h:384:18: warning: declaration of 'next' shadows a member of 'google::protobuf::internal::SerialArena::Block' [-Wshadow]
  384 |     Block(Block* next, size_t size) : next(next), size(size), start(nullptr) {}
      |           ~~~~~~~^~~~
/dev/shm/velavision-ort-session-20260911/sources/protobuf/src/google/protobuf/arena_impl.h:391:18: note: shadowed declaration is here
  391 |     Block* const next;
      |                  ^~~~
/dev/shm/velavision-ort-session-20260911/sources/protobuf/src/google/protobuf/arena_impl.h: In constructor 'google::protobuf::internal::SerialArena::Block::Block(google::protobuf::internal::SerialArena::Block*, size_t)':
/dev/shm/velavision-ort-session-20260911/sources/protobuf/src/google/protobuf/arena_impl.h:384:31: warning: declaration of 'size' shadows a member of 'google::protobuf::internal::SerialArena::Block' [-Wshadow]
  384 |     Block(Block* next, size_t size) : next(next), size(size), start(nullptr) {}
      |                        ~~~~~~~^~~~
/dev/shm/velavision-ort-session-20260911/sources/protobuf/src/google/protobuf/arena_impl.h:392:18: note: shadowed declaration is here
  392 |     const size_t size;
      |                  ^~~~
/dev/shm/velavision-ort-session-20260911/sources/protobuf/src/google/protobuf/arena_impl.h:384:18: warning: declaration of 'next' shadows a member of 'google::protobuf::internal::SerialArena::Block' [-Wshadow]
  384 |     Block(Block* next, size_t size) : next(next), size(size), start(nullptr) {}
      |           ~~~~~~~^~~~
/dev/shm/velavision-ort-session-20260911/sources/protobuf/src/google/protobuf/arena_impl.h:391:18: note: shadowed declaration is here
  391 |     Block* const next;
      |                  ^~~~
/dev/shm/velavision-ort-session-20260911/sources/onnx/onnx/defs/function.h: In constructor 'onnx::FunctionBodyHelper::NodeDef::NodeDef(std::__1::vector<std::__1::basic_string<char> >, std::__1::string, std::__1::vector<std::__1::basic_string<char> >, std::__1::vector<onnx::FunctionBodyHelper::AttributeProtoWrapper>, std::__1::string)':
/dev/shm/velavision-ort-session-20260911/sources/onnx/onnx/defs/function.h:51:21: warning: declaration of 'domain' shadows a member of 'onnx::FunctionBodyHelper::NodeDef' [-Wshadow]
   51 |         std::string domain = "")
      |         ~~~~~~~~~~~~^~~~~~~~~~~
/dev/shm/velavision-ort-session-20260911/sources/onnx/onnx/defs/function.h:62:17: note: shadowed declaration is here
   62 |     std::string domain;
      |                 ^~~~~~
/dev/shm/velavision-ort-session-20260911/sources/onnx/onnx/defs/function.h:50:44: warning: declaration of 'attributes' shadows a member of 'onnx::FunctionBodyHelper::NodeDef' [-Wshadow]
   50 |         std::vector<AttributeProtoWrapper> attributes = {},
      |         ~~~~~~~~~~~~~~~~~~~~~~~~~~~~~~~~~~~^~~~~~~~~~~~~~~
/dev/shm/velavision-ort-session-20260911/sources/onnx/onnx/defs/function.h:61:40: note: shadowed declaration is here
   61 |     std::vector<AttributeProtoWrapper> attributes;
      |                                        ^~~~~~~~~~
/dev/shm/velavision-ort-session-20260911/sources/onnx/onnx/defs/function.h:49:34: warning: declaration of 'inputs' shadows a member of 'onnx::FunctionBodyHelper::NodeDef' [-Wshadow]
   49 |         std::vector<std::string> inputs,
      |         ~~~~~~~~~~~~~~~~~~~~~~~~~^~~~~~
/dev/shm/velavision-ort-session-20260911/sources/onnx/onnx/defs/function.h:60:30: note: shadowed declaration is here
   60 |     std::vector<std::string> inputs;
      |                              ^~~~~~
/dev/shm/velavision-ort-session-20260911/sources/onnx/onnx/defs/function.h:48:21: warning: declaration of 'op_type' shadows a member of 'onnx::FunctionBodyHelper::NodeDef' [-Wshadow]
   48 |         std::string op_type,
      |         ~~~~~~~~~~~~^~~~~~~
/dev/shm/velavision-ort-session-20260911/sources/onnx/onnx/defs/function.h:59:17: note: shadowed declaration is here
   59 |     std::string op_type;
      |                 ^~~~~~~
/dev/shm/velavision-ort-session-20260911/sources/onnx/onnx/defs/function.h:47:34: warning: declaration of 'outputs' shadows a member of 'onnx::FunctionBodyHelper::NodeDef' [-Wshadow]
   47 |         std::vector<std::string> outputs,
      |         ~~~~~~~~~~~~~~~~~~~~~~~~~^~~~~~~
/dev/shm/velavision-ort-session-20260911/sources/onnx/onnx/defs/function.h:58:30: note: shadowed declaration is here
   58 |     std::vector<std::string> outputs;
      |                              ^~~~~~~
/dev/shm/velavision-ort-session-20260911/sources/onnx/onnx/defs/function.h: In constructor 'onnx::FunctionBodyHelper::NodeDef::NodeDef(std::__1::vector<std::__1::basic_string<char> >, std::__1::string, std::__1::vector<std::__1::basic_string<char> >, std::__1::vector<onnx::FunctionBodyHelper::AttributeProtoWrapper>, std::__1::string)':
/dev/shm/velavision-ort-session-20260911/sources/onnx/onnx/defs/function.h:51:21: warning: declaration of 'domain' shadows a member of 'onnx::FunctionBodyHelper::NodeDef' [-Wshadow]
   51 |         std::string domain = "")
      |         ~~~~~~~~~~~~^~~~~~~~~~~
/dev/shm/velavision-ort-session-20260911/sources/onnx/onnx/defs/function.h:62:17: note: shadowed declaration is here
   62 |     std::string domain;
      |                 ^~~~~~
/dev/shm/velavision-ort-session-20260911/sources/onnx/onnx/defs/function.h:50:44: warning: declaration of 'attributes' shadows a member of 'onnx::FunctionBodyHelper::NodeDef' [-Wshadow]
   50 |         std::vector<AttributeProtoWrapper> attributes = {},
      |         ~~~~~~~~~~~~~~~~~~~~~~~~~~~~~~~~~~~^~~~~~~~~~~~~~~
/dev/shm/velavision-ort-session-20260911/sources/onnx/onnx/defs/function.h:61:40: note: shadowed declaration is here
   61 |     std::vector<AttributeProtoWrapper> attributes;
      |                                        ^~~~~~~~~~
/dev/shm/velavision-ort-session-20260911/sources/onnx/onnx/defs/function.h:49:34: warning: declaration of 'inputs' shadows a member of 'onnx::FunctionBodyHelper::NodeDef' [-Wshadow]
   49 |         std::vector<std::string> inputs,
      |         ~~~~~~~~~~~~~~~~~~~~~~~~~^~~~~~
/dev/shm/velavision-ort-session-20260911/sources/onnx/onnx/defs/function.h:60:30: note: shadowed declaration is here
   60 |     std::vector<std::string> inputs;
      |                              ^~~~~~
/dev/shm/velavision-ort-session-20260911/sources/onnx/onnx/defs/function.h:48:21: warning: declaration of 'op_type' shadows a member of 'onnx::FunctionBodyHelper::NodeDef' [-Wshadow]
   48 |         std::string op_type,
      |         ~~~~~~~~~~~~^~~~~~~
/dev/shm/velavision-ort-session-20260911/sources/onnx/onnx/defs/function.h:59:17: note: shadowed declaration is here
   59 |     std::string op_type;
      |                 ^~~~~~~
/dev/shm/velavision-ort-session-20260911/sources/onnx/onnx/defs/function.h:47:34: warning: declaration of 'outputs' shadows a member of 'onnx::FunctionBodyHelper::NodeDef' [-Wshadow]
   47 |         std::vector<std::string> outputs,
      |         ~~~~~~~~~~~~~~~~~~~~~~~~~^~~~~~~
/dev/shm/velavision-ort-session-20260911/sources/onnx/onnx/defs/function.h:58:30: note: shadowed declaration is here
   58 |     std::vector<std::string> outputs;
      |                              ^~~~~~~
/dev/shm/velavision-ort-session-20260911/sources/onnx/onnx/defs/function.h: In constructor 'onnx::FunctionBodyHelper::NodeDef::NodeDef(std::__1::vector<std::__1::basic_string<char> >, std::__1::string, std::__1::vector<std::__1::basic_string<char> >, std::__1::vector<onnx::FunctionBodyHelper::AttributeProtoWrapper>, std::__1::string)':
/dev/shm/velavision-ort-session-20260911/sources/onnx/onnx/defs/function.h:51:21: warning: declaration of 'domain' shadows a member of 'onnx::FunctionBodyHelper::NodeDef' [-Wshadow]
   51 |         std::string domain = "")
      |         ~~~~~~~~~~~~^~~~~~~~~~~
/dev/shm/velavision-ort-session-20260911/sources/onnx/onnx/defs/function.h:62:17: note: shadowed declaration is here
   62 |     std::string domain;
      |                 ^~~~~~
/dev/shm/velavision-ort-session-20260911/sources/onnx/onnx/defs/function.h:50:44: warning: declaration of 'attributes' shadows a member of 'onnx::FunctionBodyHelper::NodeDef' [-Wshadow]
   50 |         std::vector<AttributeProtoWrapper> attributes = {},
      |         ~~~~~~~~~~~~~~~~~~~~~~~~~~~~~~~~~~~^~~~~~~~~~~~~~~
/dev/shm/velavision-ort-session-20260911/sources/onnx/onnx/defs/function.h:61:40: note: shadowed declaration is here
   61 |     std::vector<AttributeProtoWrapper> attributes;
      |                                        ^~~~~~~~~~
/dev/shm/velavision-ort-session-20260911/sources/onnx/onnx/defs/function.h:49:34: warning: declaration of 'inputs' shadows a member of 'onnx::FunctionBodyHelper::NodeDef' [-Wshadow]
   49 |         std::vector<std::string> inputs,
      |         ~~~~~~~~~~~~~~~~~~~~~~~~~^~~~~~
/dev/shm/velavision-ort-session-20260911/sources/onnx/onnx/defs/function.h:60:30: note: shadowed declaration is here
   60 |     std::vector<std::string> inputs;
      |                              ^~~~~~
/dev/shm/velavision-ort-session-20260911/sources/onnx/onnx/defs/function.h:48:21: warning: declaration of 'op_type' shadows a member of 'onnx::FunctionBodyHelper::NodeDef' [-Wshadow]
   48 |         std::string op_type,
      |         ~~~~~~~~~~~~^~~~~~~
/dev/shm/velavision-ort-session-20260911/sources/onnx/onnx/defs/function.h:59:17: note: shadowed declaration is here
   59 |     std::string op_type;
      |                 ^~~~~~~
/dev/shm/velavision-ort-session-20260911/sources/onnx/onnx/defs/function.h:47:34: warning: declaration of 'outputs' shadows a member of 'onnx::FunctionBodyHelper::NodeDef' [-Wshadow]
   47 |         std::vector<std::string> outputs,
      |         ~~~~~~~~~~~~~~~~~~~~~~~~~^~~~~~~
/dev/shm/velavision-ort-session-20260911/sources/onnx/onnx/defs/function.h:58:30: note: shadowed declaration is here
   58 |     std::vector<std::string> outputs;
      |                              ^~~~~~~
[236/749] Building CXX object _deps/onnx-build/CMakeFiles/onnx.dir/onnx/defs/shape_inference.cc.obj
In file included from /dev/shm/velavision-ort-session-20260911/sources/protobuf/src/google/protobuf/parse_context.h:47,
                 from /dev/shm/velavision-ort-session-20260911/sources/protobuf/src/google/protobuf/extension_set.h:53,
                 from /dev/shm/velavision-ort-session-20260911/build/_deps/onnx-build/onnx/onnx-ml.pb.h:30,
                 from /dev/shm/velavision-ort-session-20260911/sources/onnx/onnx/onnx_pb.h:65,
                 from /dev/shm/velavision-ort-session-20260911/sources/onnx/onnx/defs/data_type_utils.h:14,
                 from /dev/shm/velavision-ort-session-20260911/sources/onnx/onnx/defs/shape_inference.h:13,
                 from /dev/shm/velavision-ort-session-20260911/sources/onnx/onnx/defs/shape_inference.cc:5:
/dev/shm/velavision-ort-session-20260911/sources/protobuf/src/google/protobuf/inlined_string_field.h:430:5: warning: "GOOGLE_PROTOBUF_INTERNAL_DONATE_STEAL_INLINE" is not defined, evaluates to 0 [-Wundef]
  430 | #if GOOGLE_PROTOBUF_INTERNAL_DONATE_STEAL_INLINE
      |     ^~~~~~~~~~~~~~~~~~~~~~~~~~~~~~~~~~~~~~~~~~~~
In file included from /dev/shm/velavision-ort-session-20260911/sources/protobuf/src/google/protobuf/arena.h:52,
                 from /dev/shm/velavision-ort-session-20260911/build/_deps/onnx-build/onnx/onnx-ml.pb.h:24:
/dev/shm/velavision-ort-session-20260911/sources/protobuf/src/google/protobuf/arena_impl.h: In constructor 'google::protobuf::internal::SerialArena::Block::Block(google::protobuf::internal::SerialArena::Block*, size_t)':
/dev/shm/velavision-ort-session-20260911/sources/protobuf/src/google/protobuf/arena_impl.h:384:31: warning: declaration of 'size' shadows a member of 'google::protobuf::internal::SerialArena::Block' [-Wshadow]
  384 |     Block(Block* next, size_t size) : next(next), size(size), start(nullptr) {}
      |                        ~~~~~~~^~~~
/dev/shm/velavision-ort-session-20260911/sources/protobuf/src/google/protobuf/arena_impl.h:392:18: note: shadowed declaration is here
  392 |     const size_t size;
      |                  ^~~~
/dev/shm/velavision-ort-session-20260911/sources/protobuf/src/google/protobuf/arena_impl.h:384:18: warning: declaration of 'next' shadows a member of 'google::protobuf::internal::SerialArena::Block' [-Wshadow]
  384 |     Block(Block* next, size_t size) : next(next), size(size), start(nullptr) {}
      |           ~~~~~~~^~~~
/dev/shm/velavision-ort-session-20260911/sources/protobuf/src/google/protobuf/arena_impl.h:391:18: note: shadowed declaration is here
  391 |     Block* const next;
      |                  ^~~~
/dev/shm/velavision-ort-session-20260911/sources/protobuf/src/google/protobuf/arena_impl.h: In constructor 'google::protobuf::internal::SerialArena::Block::Block(google::protobuf::internal::SerialArena::Block*, size_t)':
/dev/shm/velavision-ort-session-20260911/sources/protobuf/src/google/protobuf/arena_impl.h:384:31: warning: declaration of 'size' shadows a member of 'google::protobuf::internal::SerialArena::Block' [-Wshadow]
  384 |     Block(Block* next, size_t size) : next(next), size(size), start(nullptr) {}
      |                        ~~~~~~~^~~~
/dev/shm/velavision-ort-session-20260911/sources/protobuf/src/google/protobuf/arena_impl.h:392:18: note: shadowed declaration is here
  392 |     const size_t size;
      |                  ^~~~
/dev/shm/velavision-ort-session-20260911/sources/protobuf/src/google/protobuf/arena_impl.h:384:18: warning: declaration of 'next' shadows a member of 'google::protobuf::internal::SerialArena::Block' [-Wshadow]
  384 |     Block(Block* next, size_t size) : next(next), size(size), start(nullptr) {}
      |           ~~~~~~~^~~~
/dev/shm/velavision-ort-session-20260911/sources/protobuf/src/google/protobuf/arena_impl.h:391:18: note: shadowed declaration is here
  391 |     Block* const next;
      |                  ^~~~
/dev/shm/velavision-ort-session-20260911/sources/protobuf/src/google/protobuf/arena_impl.h: In constructor 'google::protobuf::internal::SerialArena::Block::Block(google::protobuf::internal::SerialArena::Block*, size_t)':
/dev/shm/velavision-ort-session-20260911/sources/protobuf/src/google/protobuf/arena_impl.h:384:31: warning: declaration of 'size' shadows a member of 'google::protobuf::internal::SerialArena::Block' [-Wshadow]
  384 |     Block(Block* next, size_t size) : next(next), size(size), start(nullptr) {}
      |                        ~~~~~~~^~~~
/dev/shm/velavision-ort-session-20260911/sources/protobuf/src/google/protobuf/arena_impl.h:392:18: note: shadowed declaration is here
  392 |     const size_t size;
      |                  ^~~~
/dev/shm/velavision-ort-session-20260911/sources/protobuf/src/google/protobuf/arena_impl.h:384:18: warning: declaration of 'next' shadows a member of 'google::protobuf::internal::SerialArena::Block' [-Wshadow]
  384 |     Block(Block* next, size_t size) : next(next), size(size), start(nullptr) {}
      |           ~~~~~~~^~~~
/dev/shm/velavision-ort-session-20260911/sources/protobuf/src/google/protobuf/arena_impl.h:391:18: note: shadowed declaration is here
  391 |     Block* const next;
      |                  ^~~~
[237/749] Building CXX object _deps/onnx-build/CMakeFiles/onnx.dir/onnx/defs/schema.cc.obj
In file included from /dev/shm/velavision-ort-session-20260911/sources/protobuf/src/google/protobuf/parse_context.h:47,
                 from /dev/shm/velavision-ort-session-20260911/sources/protobuf/src/google/protobuf/extension_set.h:53,
                 from /dev/shm/velavision-ort-session-20260911/build/_deps/onnx-build/onnx/onnx-ml.pb.h:30,
                 from /dev/shm/velavision-ort-session-20260911/sources/onnx/onnx/onnx_pb.h:65,
                 from /dev/shm/velavision-ort-session-20260911/sources/onnx/onnx/defs/data_type_utils.h:14,
                 from /dev/shm/velavision-ort-session-20260911/sources/onnx/onnx/defs/shape_inference.h:13,
                 from /dev/shm/velavision-ort-session-20260911/sources/onnx/onnx/defs/schema.h:26,
                 from /dev/shm/velavision-ort-session-20260911/sources/onnx/onnx/defs/schema.cc:5:
/dev/shm/velavision-ort-session-20260911/sources/protobuf/src/google/protobuf/inlined_string_field.h:430:5: warning: "GOOGLE_PROTOBUF_INTERNAL_DONATE_STEAL_INLINE" is not defined, evaluates to 0 [-Wundef]
  430 | #if GOOGLE_PROTOBUF_INTERNAL_DONATE_STEAL_INLINE
      |     ^~~~~~~~~~~~~~~~~~~~~~~~~~~~~~~~~~~~~~~~~~~~
In file included from /dev/shm/velavision-ort-session-20260911/sources/protobuf/src/google/protobuf/arena.h:52,
                 from /dev/shm/velavision-ort-session-20260911/build/_deps/onnx-build/onnx/onnx-ml.pb.h:24:
/dev/shm/velavision-ort-session-20260911/sources/protobuf/src/google/protobuf/arena_impl.h: In constructor 'google::protobuf::internal::SerialArena::Block::Block(google::protobuf::internal::SerialArena::Block*, size_t)':
/dev/shm/velavision-ort-session-20260911/sources/protobuf/src/google/protobuf/arena_impl.h:384:31: warning: declaration of 'size' shadows a member of 'google::protobuf::internal::SerialArena::Block' [-Wshadow]
  384 |     Block(Block* next, size_t size) : next(next), size(size), start(nullptr) {}
      |                        ~~~~~~~^~~~
/dev/shm/velavision-ort-session-20260911/sources/protobuf/src/google/protobuf/arena_impl.h:392:18: note: shadowed declaration is here
  392 |     const size_t size;
      |                  ^~~~
/dev/shm/velavision-ort-session-20260911/sources/protobuf/src/google/protobuf/arena_impl.h:384:18: warning: declaration of 'next' shadows a member of 'google::protobuf::internal::SerialArena::Block' [-Wshadow]
  384 |     Block(Block* next, size_t size) : next(next), size(size), start(nullptr) {}
      |           ~~~~~~~^~~~
/dev/shm/velavision-ort-session-20260911/sources/protobuf/src/google/protobuf/arena_impl.h:391:18: note: shadowed declaration is here
  391 |     Block* const next;
      |                  ^~~~
/dev/shm/velavision-ort-session-20260911/sources/protobuf/src/google/protobuf/arena_impl.h: In constructor 'google::protobuf::internal::SerialArena::Block::Block(google::protobuf::internal::SerialArena::Block*, size_t)':
/dev/shm/velavision-ort-session-20260911/sources/protobuf/src/google/protobuf/arena_impl.h:384:31: warning: declaration of 'size' shadows a member of 'google::protobuf::internal::SerialArena::Block' [-Wshadow]
  384 |     Block(Block* next, size_t size) : next(next), size(size), start(nullptr) {}
      |                        ~~~~~~~^~~~
/dev/shm/velavision-ort-session-20260911/sources/protobuf/src/google/protobuf/arena_impl.h:392:18: note: shadowed declaration is here
  392 |     const size_t size;
      |                  ^~~~
/dev/shm/velavision-ort-session-20260911/sources/protobuf/src/google/protobuf/arena_impl.h:384:18: warning: declaration of 'next' shadows a member of 'google::protobuf::internal::SerialArena::Block' [-Wshadow]
  384 |     Block(Block* next, size_t size) : next(next), size(size), start(nullptr) {}
      |           ~~~~~~~^~~~
/dev/shm/velavision-ort-session-20260911/sources/protobuf/src/google/protobuf/arena_impl.h:391:18: note: shadowed declaration is here
  391 |     Block* const next;
      |                  ^~~~
/dev/shm/velavision-ort-session-20260911/sources/protobuf/src/google/protobuf/arena_impl.h: In constructor 'google::protobuf::internal::SerialArena::Block::Block(google::protobuf::internal::SerialArena::Block*, size_t)':
/dev/shm/velavision-ort-session-20260911/sources/protobuf/src/google/protobuf/arena_impl.h:384:31: warning: declaration of 'size' shadows a member of 'google::protobuf::internal::SerialArena::Block' [-Wshadow]
  384 |     Block(Block* next, size_t size) : next(next), size(size), start(nullptr) {}
      |                        ~~~~~~~^~~~
/dev/shm/velavision-ort-session-20260911/sources/protobuf/src/google/protobuf/arena_impl.h:392:18: note: shadowed declaration is here
  392 |     const size_t size;
      |                  ^~~~
/dev/shm/velavision-ort-session-20260911/sources/protobuf/src/google/protobuf/arena_impl.h:384:18: warning: declaration of 'next' shadows a member of 'google::protobuf::internal::SerialArena::Block' [-Wshadow]
  384 |     Block(Block* next, size_t size) : next(next), size(size), start(nullptr) {}
      |           ~~~~~~~^~~~
/dev/shm/velavision-ort-session-20260911/sources/protobuf/src/google/protobuf/arena_impl.h:391:18: note: shadowed declaration is here
  391 |     Block* const next;
      |                  ^~~~
In file included from /dev/shm/velavision-ort-session-20260911/sources/onnx/onnx/checker.h:13,
                 from /dev/shm/velavision-ort-session-20260911/sources/onnx/onnx/defs/schema.cc:11:
/dev/shm/velavision-ort-session-20260911/sources/onnx/onnx/defs/function.h: In constructor 'onnx::FunctionBodyHelper::NodeDef::NodeDef(std::__1::vector<std::__1::basic_string<char> >, std::__1::string, std::__1::vector<std::__1::basic_string<char> >, std::__1::vector<onnx::FunctionBodyHelper::AttributeProtoWrapper>, std::__1::string)':
/dev/shm/velavision-ort-session-20260911/sources/onnx/onnx/defs/function.h:51:21: warning: declaration of 'domain' shadows a member of 'onnx::FunctionBodyHelper::NodeDef' [-Wshadow]
   51 |         std::string domain = "")
      |         ~~~~~~~~~~~~^~~~~~~~~~~
/dev/shm/velavision-ort-session-20260911/sources/onnx/onnx/defs/function.h:62:17: note: shadowed declaration is here
   62 |     std::string domain;
      |                 ^~~~~~
/dev/shm/velavision-ort-session-20260911/sources/onnx/onnx/defs/function.h:50:44: warning: declaration of 'attributes' shadows a member of 'onnx::FunctionBodyHelper::NodeDef' [-Wshadow]
   50 |         std::vector<AttributeProtoWrapper> attributes = {},
      |         ~~~~~~~~~~~~~~~~~~~~~~~~~~~~~~~~~~~^~~~~~~~~~~~~~~
/dev/shm/velavision-ort-session-20260911/sources/onnx/onnx/defs/function.h:61:40: note: shadowed declaration is here
   61 |     std::vector<AttributeProtoWrapper> attributes;
      |                                        ^~~~~~~~~~
/dev/shm/velavision-ort-session-20260911/sources/onnx/onnx/defs/function.h:49:34: warning: declaration of 'inputs' shadows a member of 'onnx::FunctionBodyHelper::NodeDef' [-Wshadow]
   49 |         std::vector<std::string> inputs,
      |         ~~~~~~~~~~~~~~~~~~~~~~~~~^~~~~~
/dev/shm/velavision-ort-session-20260911/sources/onnx/onnx/defs/function.h:60:30: note: shadowed declaration is here
   60 |     std::vector<std::string> inputs;
      |                              ^~~~~~
/dev/shm/velavision-ort-session-20260911/sources/onnx/onnx/defs/function.h:48:21: warning: declaration of 'op_type' shadows a member of 'onnx::FunctionBodyHelper::NodeDef' [-Wshadow]
   48 |         std::string op_type,
      |         ~~~~~~~~~~~~^~~~~~~
/dev/shm/velavision-ort-session-20260911/sources/onnx/onnx/defs/function.h:59:17: note: shadowed declaration is here
   59 |     std::string op_type;
      |                 ^~~~~~~
/dev/shm/velavision-ort-session-20260911/sources/onnx/onnx/defs/function.h:47:34: warning: declaration of 'outputs' shadows a member of 'onnx::FunctionBodyHelper::NodeDef' [-Wshadow]
   47 |         std::vector<std::string> outputs,
      |         ~~~~~~~~~~~~~~~~~~~~~~~~~^~~~~~~
/dev/shm/velavision-ort-session-20260911/sources/onnx/onnx/defs/function.h:58:30: note: shadowed declaration is here
   58 |     std::vector<std::string> outputs;
      |                              ^~~~~~~
/dev/shm/velavision-ort-session-20260911/sources/onnx/onnx/defs/function.h: In constructor 'onnx::FunctionBodyHelper::NodeDef::NodeDef(std::__1::vector<std::__1::basic_string<char> >, std::__1::string, std::__1::vector<std::__1::basic_string<char> >, std::__1::vector<onnx::FunctionBodyHelper::AttributeProtoWrapper>, std::__1::string)':
/dev/shm/velavision-ort-session-20260911/sources/onnx/onnx/defs/function.h:51:21: warning: declaration of 'domain' shadows a member of 'onnx::FunctionBodyHelper::NodeDef' [-Wshadow]
   51 |         std::string domain = "")
      |         ~~~~~~~~~~~~^~~~~~~~~~~
/dev/shm/velavision-ort-session-20260911/sources/onnx/onnx/defs/function.h:62:17: note: shadowed declaration is here
   62 |     std::string domain;
      |                 ^~~~~~
/dev/shm/velavision-ort-session-20260911/sources/onnx/onnx/defs/function.h:50:44: warning: declaration of 'attributes' shadows a member of 'onnx::FunctionBodyHelper::NodeDef' [-Wshadow]
   50 |         std::vector<AttributeProtoWrapper> attributes = {},
      |         ~~~~~~~~~~~~~~~~~~~~~~~~~~~~~~~~~~~^~~~~~~~~~~~~~~
/dev/shm/velavision-ort-session-20260911/sources/onnx/onnx/defs/function.h:61:40: note: shadowed declaration is here
   61 |     std::vector<AttributeProtoWrapper> attributes;
      |                                        ^~~~~~~~~~
/dev/shm/velavision-ort-session-20260911/sources/onnx/onnx/defs/function.h:49:34: warning: declaration of 'inputs' shadows a member of 'onnx::FunctionBodyHelper::NodeDef' [-Wshadow]
   49 |         std::vector<std::string> inputs,
      |         ~~~~~~~~~~~~~~~~~~~~~~~~~^~~~~~
/dev/shm/velavision-ort-session-20260911/sources/onnx/onnx/defs/function.h:60:30: note: shadowed declaration is here
   60 |     std::vector<std::string> inputs;
      |                              ^~~~~~
/dev/shm/velavision-ort-session-20260911/sources/onnx/onnx/defs/function.h:48:21: warning: declaration of 'op_type' shadows a member of 'onnx::FunctionBodyHelper::NodeDef' [-Wshadow]
   48 |         std::string op_type,
      |         ~~~~~~~~~~~~^~~~~~~
/dev/shm/velavision-ort-session-20260911/sources/onnx/onnx/defs/function.h:59:17: note: shadowed declaration is here
   59 |     std::string op_type;
      |                 ^~~~~~~
/dev/shm/velavision-ort-session-20260911/sources/onnx/onnx/defs/function.h:47:34: warning: declaration of 'outputs' shadows a member of 'onnx::FunctionBodyHelper::NodeDef' [-Wshadow]
   47 |         std::vector<std::string> outputs,
      |         ~~~~~~~~~~~~~~~~~~~~~~~~~^~~~~~~
/dev/shm/velavision-ort-session-20260911/sources/onnx/onnx/defs/function.h:58:30: note: shadowed declaration is here
   58 |     std::vector<std::string> outputs;
      |                              ^~~~~~~
/dev/shm/velavision-ort-session-20260911/sources/onnx/onnx/defs/function.h: In constructor 'onnx::FunctionBodyHelper::NodeDef::NodeDef(std::__1::vector<std::__1::basic_string<char> >, std::__1::string, std::__1::vector<std::__1::basic_string<char> >, std::__1::vector<onnx::FunctionBodyHelper::AttributeProtoWrapper>, std::__1::string)':
/dev/shm/velavision-ort-session-20260911/sources/onnx/onnx/defs/function.h:51:21: warning: declaration of 'domain' shadows a member of 'onnx::FunctionBodyHelper::NodeDef' [-Wshadow]
   51 |         std::string domain = "")
      |         ~~~~~~~~~~~~^~~~~~~~~~~
/dev/shm/velavision-ort-session-20260911/sources/onnx/onnx/defs/function.h:62:17: note: shadowed declaration is here
   62 |     std::string domain;
      |                 ^~~~~~
/dev/shm/velavision-ort-session-20260911/sources/onnx/onnx/defs/function.h:50:44: warning: declaration of 'attributes' shadows a member of 'onnx::FunctionBodyHelper::NodeDef' [-Wshadow]
   50 |         std::vector<AttributeProtoWrapper> attributes = {},
      |         ~~~~~~~~~~~~~~~~~~~~~~~~~~~~~~~~~~~^~~~~~~~~~~~~~~
/dev/shm/velavision-ort-session-20260911/sources/onnx/onnx/defs/function.h:61:40: note: shadowed declaration is here
   61 |     std::vector<AttributeProtoWrapper> attributes;
      |                                        ^~~~~~~~~~
/dev/shm/velavision-ort-session-20260911/sources/onnx/onnx/defs/function.h:49:34: warning: declaration of 'inputs' shadows a member of 'onnx::FunctionBodyHelper::NodeDef' [-Wshadow]
   49 |         std::vector<std::string> inputs,
      |         ~~~~~~~~~~~~~~~~~~~~~~~~~^~~~~~
/dev/shm/velavision-ort-session-20260911/sources/onnx/onnx/defs/function.h:60:30: note: shadowed declaration is here
   60 |     std::vector<std::string> inputs;
      |                              ^~~~~~
/dev/shm/velavision-ort-session-20260911/sources/onnx/onnx/defs/function.h:48:21: warning: declaration of 'op_type' shadows a member of 'onnx::FunctionBodyHelper::NodeDef' [-Wshadow]
   48 |         std::string op_type,
      |         ~~~~~~~~~~~~^~~~~~~
/dev/shm/velavision-ort-session-20260911/sources/onnx/onnx/defs/function.h:59:17: note: shadowed declaration is here
   59 |     std::string op_type;
      |                 ^~~~~~~
/dev/shm/velavision-ort-session-20260911/sources/onnx/onnx/defs/function.h:47:34: warning: declaration of 'outputs' shadows a member of 'onnx::FunctionBodyHelper::NodeDef' [-Wshadow]
   47 |         std::vector<std::string> outputs,
      |         ~~~~~~~~~~~~~~~~~~~~~~~~~^~~~~~~
/dev/shm/velavision-ort-session-20260911/sources/onnx/onnx/defs/function.h:58:30: note: shadowed declaration is here
   58 |     std::vector<std::string> outputs;
      |                              ^~~~~~~
/dev/shm/velavision-ort-session-20260911/sources/onnx/onnx/defs/schema.cc: In member function 'onnx::OpSchema& onnx::OpSchema::Input(int, std::__1::string, const std::__1::string&, std::__1::string, FormalParameterOption, bool, int, DifferentiationCategory)':
/dev/shm/velavision-ort-session-20260911/sources/onnx/onnx/defs/schema.cc:559:24: warning: unused parameter 'description' [-Wunused-parameter]
  559 |     const std::string& description,
      |     ~~~~~~~~~~~~~~~~~~~^~~~~~~~~~~
/dev/shm/velavision-ort-session-20260911/sources/onnx/onnx/defs/schema.cc: In member function 'onnx::OpSchema& onnx::OpSchema::Input(int, const char*, const char*, const char*, FormalParameterOption, bool, int, DifferentiationCategory)':
/dev/shm/velavision-ort-session-20260911/sources/onnx/onnx/defs/schema.cc:584:17: warning: unused parameter 'description' [-Wunused-parameter]
  584 |     const char* description,
      |     ~~~~~~~~~~~~^~~~~~~~~~~
/dev/shm/velavision-ort-session-20260911/sources/onnx/onnx/defs/schema.cc: In member function 'onnx::OpSchema& onnx::OpSchema::Output(int, std::__1::string, const std::__1::string&, std::__1::string, FormalParameterOption, bool, int, DifferentiationCategory)':
/dev/shm/velavision-ort-session-20260911/sources/onnx/onnx/defs/schema.cc:616:24: warning: unused parameter 'description' [-Wunused-parameter]
  616 |     const std::string& description,
      |     ~~~~~~~~~~~~~~~~~~~^~~~~~~~~~~
/dev/shm/velavision-ort-session-20260911/sources/onnx/onnx/defs/schema.cc: In member function 'onnx::OpSchema& onnx::OpSchema::Output(int, const char*, const char*, const char*, FormalParameterOption, bool, int, DifferentiationCategory)':
/dev/shm/velavision-ort-session-20260911/sources/onnx/onnx/defs/schema.cc:641:17: warning: unused parameter 'description' [-Wunused-parameter]
  641 |     const char* description,
      |     ~~~~~~~~~~~~^~~~~~~~~~~
[238/749] Building CXX object _deps/onnx-build/CMakeFiles/onnx.dir/onnx/defs/tensor/defs.cc.obj
In file included from /dev/shm/velavision-ort-session-20260911/sources/protobuf/src/google/protobuf/parse_context.h:47,
                 from /dev/shm/velavision-ort-session-20260911/sources/protobuf/src/google/protobuf/extension_set.h:53,
                 from /dev/shm/velavision-ort-session-20260911/build/_deps/onnx-build/onnx/onnx-ml.pb.h:30,
                 from /dev/shm/velavision-ort-session-20260911/sources/onnx/onnx/onnx_pb.h:65,
                 from /dev/shm/velavision-ort-session-20260911/sources/onnx/onnx/defs/data_type_utils.h:14,
                 from /dev/shm/velavision-ort-session-20260911/sources/onnx/onnx/defs/shape_inference.h:13,
                 from /dev/shm/velavision-ort-session-20260911/sources/onnx/onnx/defs/data_propagators.h:9,
                 from /dev/shm/velavision-ort-session-20260911/sources/onnx/onnx/defs/tensor/defs.cc:9:
/dev/shm/velavision-ort-session-20260911/sources/protobuf/src/google/protobuf/inlined_string_field.h:430:5: warning: "GOOGLE_PROTOBUF_INTERNAL_DONATE_STEAL_INLINE" is not defined, evaluates to 0 [-Wundef]
  430 | #if GOOGLE_PROTOBUF_INTERNAL_DONATE_STEAL_INLINE
      |     ^~~~~~~~~~~~~~~~~~~~~~~~~~~~~~~~~~~~~~~~~~~~
In file included from /dev/shm/velavision-ort-session-20260911/sources/protobuf/src/google/protobuf/arena.h:52,
                 from /dev/shm/velavision-ort-session-20260911/build/_deps/onnx-build/onnx/onnx-ml.pb.h:24:
/dev/shm/velavision-ort-session-20260911/sources/protobuf/src/google/protobuf/arena_impl.h: In constructor 'google::protobuf::internal::SerialArena::Block::Block(google::protobuf::internal::SerialArena::Block*, size_t)':
/dev/shm/velavision-ort-session-20260911/sources/protobuf/src/google/protobuf/arena_impl.h:384:31: warning: declaration of 'size' shadows a member of 'google::protobuf::internal::SerialArena::Block' [-Wshadow]
  384 |     Block(Block* next, size_t size) : next(next), size(size), start(nullptr) {}
      |                        ~~~~~~~^~~~
/dev/shm/velavision-ort-session-20260911/sources/protobuf/src/google/protobuf/arena_impl.h:392:18: note: shadowed declaration is here
  392 |     const size_t size;
      |                  ^~~~
/dev/shm/velavision-ort-session-20260911/sources/protobuf/src/google/protobuf/arena_impl.h:384:18: warning: declaration of 'next' shadows a member of 'google::protobuf::internal::SerialArena::Block' [-Wshadow]
  384 |     Block(Block* next, size_t size) : next(next), size(size), start(nullptr) {}
      |           ~~~~~~~^~~~
/dev/shm/velavision-ort-session-20260911/sources/protobuf/src/google/protobuf/arena_impl.h:391:18: note: shadowed declaration is here
  391 |     Block* const next;
      |                  ^~~~
/dev/shm/velavision-ort-session-20260911/sources/protobuf/src/google/protobuf/arena_impl.h: In constructor 'google::protobuf::internal::SerialArena::Block::Block(google::protobuf::internal::SerialArena::Block*, size_t)':
/dev/shm/velavision-ort-session-20260911/sources/protobuf/src/google/protobuf/arena_impl.h:384:31: warning: declaration of 'size' shadows a member of 'google::protobuf::internal::SerialArena::Block' [-Wshadow]
  384 |     Block(Block* next, size_t size) : next(next), size(size), start(nullptr) {}
      |                        ~~~~~~~^~~~
/dev/shm/velavision-ort-session-20260911/sources/protobuf/src/google/protobuf/arena_impl.h:392:18: note: shadowed declaration is here
  392 |     const size_t size;
      |                  ^~~~
/dev/shm/velavision-ort-session-20260911/sources/protobuf/src/google/protobuf/arena_impl.h:384:18: warning: declaration of 'next' shadows a member of 'google::protobuf::internal::SerialArena::Block' [-Wshadow]
  384 |     Block(Block* next, size_t size) : next(next), size(size), start(nullptr) {}
      |           ~~~~~~~^~~~
/dev/shm/velavision-ort-session-20260911/sources/protobuf/src/google/protobuf/arena_impl.h:391:18: note: shadowed declaration is here
  391 |     Block* const next;
      |                  ^~~~
/dev/shm/velavision-ort-session-20260911/sources/protobuf/src/google/protobuf/arena_impl.h: In constructor 'google::protobuf::internal::SerialArena::Block::Block(google::protobuf::internal::SerialArena::Block*, size_t)':
/dev/shm/velavision-ort-session-20260911/sources/protobuf/src/google/protobuf/arena_impl.h:384:31: warning: declaration of 'size' shadows a member of 'google::protobuf::internal::SerialArena::Block' [-Wshadow]
  384 |     Block(Block* next, size_t size) : next(next), size(size), start(nullptr) {}
      |                        ~~~~~~~^~~~
/dev/shm/velavision-ort-session-20260911/sources/protobuf/src/google/protobuf/arena_impl.h:392:18: note: shadowed declaration is here
  392 |     const size_t size;
      |                  ^~~~
/dev/shm/velavision-ort-session-20260911/sources/protobuf/src/google/protobuf/arena_impl.h:384:18: warning: declaration of 'next' shadows a member of 'google::protobuf::internal::SerialArena::Block' [-Wshadow]
  384 |     Block(Block* next, size_t size) : next(next), size(size), start(nullptr) {}
      |           ~~~~~~~^~~~
/dev/shm/velavision-ort-session-20260911/sources/protobuf/src/google/protobuf/arena_impl.h:391:18: note: shadowed declaration is here
  391 |     Block* const next;
      |                  ^~~~
In file included from /dev/shm/velavision-ort-session-20260911/sources/onnx/onnx/defs/tensor/defs.cc:10:
/dev/shm/velavision-ort-session-20260911/sources/onnx/onnx/defs/function.h: In constructor 'onnx::FunctionBodyHelper::NodeDef::NodeDef(std::__1::vector<std::__1::basic_string<char> >, std::__1::string, std::__1::vector<std::__1::basic_string<char> >, std::__1::vector<onnx::FunctionBodyHelper::AttributeProtoWrapper>, std::__1::string)':
/dev/shm/velavision-ort-session-20260911/sources/onnx/onnx/defs/function.h:51:21: warning: declaration of 'domain' shadows a member of 'onnx::FunctionBodyHelper::NodeDef' [-Wshadow]
   51 |         std::string domain = "")
      |         ~~~~~~~~~~~~^~~~~~~~~~~
/dev/shm/velavision-ort-session-20260911/sources/onnx/onnx/defs/function.h:62:17: note: shadowed declaration is here
   62 |     std::string domain;
      |                 ^~~~~~
/dev/shm/velavision-ort-session-20260911/sources/onnx/onnx/defs/function.h:50:44: warning: declaration of 'attributes' shadows a member of 'onnx::FunctionBodyHelper::NodeDef' [-Wshadow]
   50 |         std::vector<AttributeProtoWrapper> attributes = {},
      |         ~~~~~~~~~~~~~~~~~~~~~~~~~~~~~~~~~~~^~~~~~~~~~~~~~~
/dev/shm/velavision-ort-session-20260911/sources/onnx/onnx/defs/function.h:61:40: note: shadowed declaration is here
   61 |     std::vector<AttributeProtoWrapper> attributes;
      |                                        ^~~~~~~~~~
/dev/shm/velavision-ort-session-20260911/sources/onnx/onnx/defs/function.h:49:34: warning: declaration of 'inputs' shadows a member of 'onnx::FunctionBodyHelper::NodeDef' [-Wshadow]
   49 |         std::vector<std::string> inputs,
      |         ~~~~~~~~~~~~~~~~~~~~~~~~~^~~~~~
/dev/shm/velavision-ort-session-20260911/sources/onnx/onnx/defs/function.h:60:30: note: shadowed declaration is here
   60 |     std::vector<std::string> inputs;
      |                              ^~~~~~
/dev/shm/velavision-ort-session-20260911/sources/onnx/onnx/defs/function.h:48:21: warning: declaration of 'op_type' shadows a member of 'onnx::FunctionBodyHelper::NodeDef' [-Wshadow]
   48 |         std::string op_type,
      |         ~~~~~~~~~~~~^~~~~~~
/dev/shm/velavision-ort-session-20260911/sources/onnx/onnx/defs/function.h:59:17: note: shadowed declaration is here
   59 |     std::string op_type;
      |                 ^~~~~~~
/dev/shm/velavision-ort-session-20260911/sources/onnx/onnx/defs/function.h:47:34: warning: declaration of 'outputs' shadows a member of 'onnx::FunctionBodyHelper::NodeDef' [-Wshadow]
   47 |         std::vector<std::string> outputs,
      |         ~~~~~~~~~~~~~~~~~~~~~~~~~^~~~~~~
/dev/shm/velavision-ort-session-20260911/sources/onnx/onnx/defs/function.h:58:30: note: shadowed declaration is here
   58 |     std::vector<std::string> outputs;
      |                              ^~~~~~~
/dev/shm/velavision-ort-session-20260911/sources/onnx/onnx/defs/function.h: In constructor 'onnx::FunctionBodyHelper::NodeDef::NodeDef(std::__1::vector<std::__1::basic_string<char> >, std::__1::string, std::__1::vector<std::__1::basic_string<char> >, std::__1::vector<onnx::FunctionBodyHelper::AttributeProtoWrapper>, std::__1::string)':
/dev/shm/velavision-ort-session-20260911/sources/onnx/onnx/defs/function.h:51:21: warning: declaration of 'domain' shadows a member of 'onnx::FunctionBodyHelper::NodeDef' [-Wshadow]
   51 |         std::string domain = "")
      |         ~~~~~~~~~~~~^~~~~~~~~~~
/dev/shm/velavision-ort-session-20260911/sources/onnx/onnx/defs/function.h:62:17: note: shadowed declaration is here
   62 |     std::string domain;
      |                 ^~~~~~
/dev/shm/velavision-ort-session-20260911/sources/onnx/onnx/defs/function.h:50:44: warning: declaration of 'attributes' shadows a member of 'onnx::FunctionBodyHelper::NodeDef' [-Wshadow]
   50 |         std::vector<AttributeProtoWrapper> attributes = {},
      |         ~~~~~~~~~~~~~~~~~~~~~~~~~~~~~~~~~~~^~~~~~~~~~~~~~~
/dev/shm/velavision-ort-session-20260911/sources/onnx/onnx/defs/function.h:61:40: note: shadowed declaration is here
   61 |     std::vector<AttributeProtoWrapper> attributes;
      |                                        ^~~~~~~~~~
/dev/shm/velavision-ort-session-20260911/sources/onnx/onnx/defs/function.h:49:34: warning: declaration of 'inputs' shadows a member of 'onnx::FunctionBodyHelper::NodeDef' [-Wshadow]
   49 |         std::vector<std::string> inputs,
      |         ~~~~~~~~~~~~~~~~~~~~~~~~~^~~~~~
/dev/shm/velavision-ort-session-20260911/sources/onnx/onnx/defs/function.h:60:30: note: shadowed declaration is here
   60 |     std::vector<std::string> inputs;
      |                              ^~~~~~
/dev/shm/velavision-ort-session-20260911/sources/onnx/onnx/defs/function.h:48:21: warning: declaration of 'op_type' shadows a member of 'onnx::FunctionBodyHelper::NodeDef' [-Wshadow]
   48 |         std::string op_type,
      |         ~~~~~~~~~~~~^~~~~~~
/dev/shm/velavision-ort-session-20260911/sources/onnx/onnx/defs/function.h:59:17: note: shadowed declaration is here
   59 |     std::string op_type;
      |                 ^~~~~~~
/dev/shm/velavision-ort-session-20260911/sources/onnx/onnx/defs/function.h:47:34: warning: declaration of 'outputs' shadows a member of 'onnx::FunctionBodyHelper::NodeDef' [-Wshadow]
   47 |         std::vector<std::string> outputs,
      |         ~~~~~~~~~~~~~~~~~~~~~~~~~^~~~~~~
/dev/shm/velavision-ort-session-20260911/sources/onnx/onnx/defs/function.h:58:30: note: shadowed declaration is here
   58 |     std::vector<std::string> outputs;
      |                              ^~~~~~~
/dev/shm/velavision-ort-session-20260911/sources/onnx/onnx/defs/function.h: In constructor 'onnx::FunctionBodyHelper::NodeDef::NodeDef(std::__1::vector<std::__1::basic_string<char> >, std::__1::string, std::__1::vector<std::__1::basic_string<char> >, std::__1::vector<onnx::FunctionBodyHelper::AttributeProtoWrapper>, std::__1::string)':
/dev/shm/velavision-ort-session-20260911/sources/onnx/onnx/defs/function.h:51:21: warning: declaration of 'domain' shadows a member of 'onnx::FunctionBodyHelper::NodeDef' [-Wshadow]
   51 |         std::string domain = "")
      |         ~~~~~~~~~~~~^~~~~~~~~~~
/dev/shm/velavision-ort-session-20260911/sources/onnx/onnx/defs/function.h:62:17: note: shadowed declaration is here
   62 |     std::string domain;
      |                 ^~~~~~
/dev/shm/velavision-ort-session-20260911/sources/onnx/onnx/defs/function.h:50:44: warning: declaration of 'attributes' shadows a member of 'onnx::FunctionBodyHelper::NodeDef' [-Wshadow]
   50 |         std::vector<AttributeProtoWrapper> attributes = {},
      |         ~~~~~~~~~~~~~~~~~~~~~~~~~~~~~~~~~~~^~~~~~~~~~~~~~~
/dev/shm/velavision-ort-session-20260911/sources/onnx/onnx/defs/function.h:61:40: note: shadowed declaration is here
   61 |     std::vector<AttributeProtoWrapper> attributes;
      |                                        ^~~~~~~~~~
/dev/shm/velavision-ort-session-20260911/sources/onnx/onnx/defs/function.h:49:34: warning: declaration of 'inputs' shadows a member of 'onnx::FunctionBodyHelper::NodeDef' [-Wshadow]
   49 |         std::vector<std::string> inputs,
      |         ~~~~~~~~~~~~~~~~~~~~~~~~~^~~~~~
/dev/shm/velavision-ort-session-20260911/sources/onnx/onnx/defs/function.h:60:30: note: shadowed declaration is here
   60 |     std::vector<std::string> inputs;
      |                              ^~~~~~
/dev/shm/velavision-ort-session-20260911/sources/onnx/onnx/defs/function.h:48:21: warning: declaration of 'op_type' shadows a member of 'onnx::FunctionBodyHelper::NodeDef' [-Wshadow]
   48 |         std::string op_type,
      |         ~~~~~~~~~~~~^~~~~~~
/dev/shm/velavision-ort-session-20260911/sources/onnx/onnx/defs/function.h:59:17: note: shadowed declaration is here
   59 |     std::string op_type;
      |                 ^~~~~~~
/dev/shm/velavision-ort-session-20260911/sources/onnx/onnx/defs/function.h:47:34: warning: declaration of 'outputs' shadows a member of 'onnx::FunctionBodyHelper::NodeDef' [-Wshadow]
   47 |         std::vector<std::string> outputs,
      |         ~~~~~~~~~~~~~~~~~~~~~~~~~^~~~~~~
/dev/shm/velavision-ort-session-20260911/sources/onnx/onnx/defs/function.h:58:30: note: shadowed declaration is here
   58 |     std::vector<std::string> outputs;
      |                              ^~~~~~~
/dev/shm/velavision-ort-session-20260911/sources/onnx/onnx/defs/tensor/defs.cc: At global scope:
/dev/shm/velavision-ort-session-20260911/sources/onnx/onnx/defs/tensor/defs.cc:3046:20: warning: 'onnx::Where_ver16_doc' defined but not used [-Wunused-variable]
 3046 | static const char* Where_ver16_doc = R"DOC(
      |                    ^~~~~~~~~~~~~~~
[239/749] Building CXX object _deps/onnx-build/CMakeFiles/onnx.dir/onnx/defs/tensor/utils.cc.obj
In file included from /dev/shm/velavision-ort-session-20260911/sources/protobuf/src/google/protobuf/parse_context.h:47,
                 from /dev/shm/velavision-ort-session-20260911/sources/protobuf/src/google/protobuf/extension_set.h:53,
                 from /dev/shm/velavision-ort-session-20260911/build/_deps/onnx-build/onnx/onnx-ml.pb.h:30,
                 from /dev/shm/velavision-ort-session-20260911/sources/onnx/onnx/onnx_pb.h:65,
                 from /dev/shm/velavision-ort-session-20260911/sources/onnx/onnx/defs/data_type_utils.h:14,
                 from /dev/shm/velavision-ort-session-20260911/sources/onnx/onnx/defs/shape_inference.h:13,
                 from /dev/shm/velavision-ort-session-20260911/sources/onnx/onnx/defs/schema.h:26,
                 from /dev/shm/velavision-ort-session-20260911/sources/onnx/onnx/defs/tensor/utils.h:10,
                 from /dev/shm/velavision-ort-session-20260911/sources/onnx/onnx/defs/tensor/utils.cc:5:
/dev/shm/velavision-ort-session-20260911/sources/protobuf/src/google/protobuf/inlined_string_field.h:430:5: warning: "GOOGLE_PROTOBUF_INTERNAL_DONATE_STEAL_INLINE" is not defined, evaluates to 0 [-Wundef]
  430 | #if GOOGLE_PROTOBUF_INTERNAL_DONATE_STEAL_INLINE
      |     ^~~~~~~~~~~~~~~~~~~~~~~~~~~~~~~~~~~~~~~~~~~~
In file included from /dev/shm/velavision-ort-session-20260911/sources/protobuf/src/google/protobuf/arena.h:52,
                 from /dev/shm/velavision-ort-session-20260911/build/_deps/onnx-build/onnx/onnx-ml.pb.h:24:
/dev/shm/velavision-ort-session-20260911/sources/protobuf/src/google/protobuf/arena_impl.h: In constructor 'google::protobuf::internal::SerialArena::Block::Block(google::protobuf::internal::SerialArena::Block*, size_t)':
/dev/shm/velavision-ort-session-20260911/sources/protobuf/src/google/protobuf/arena_impl.h:384:31: warning: declaration of 'size' shadows a member of 'google::protobuf::internal::SerialArena::Block' [-Wshadow]
  384 |     Block(Block* next, size_t size) : next(next), size(size), start(nullptr) {}
      |                        ~~~~~~~^~~~
/dev/shm/velavision-ort-session-20260911/sources/protobuf/src/google/protobuf/arena_impl.h:392:18: note: shadowed declaration is here
  392 |     const size_t size;
      |                  ^~~~
/dev/shm/velavision-ort-session-20260911/sources/protobuf/src/google/protobuf/arena_impl.h:384:18: warning: declaration of 'next' shadows a member of 'google::protobuf::internal::SerialArena::Block' [-Wshadow]
  384 |     Block(Block* next, size_t size) : next(next), size(size), start(nullptr) {}
      |           ~~~~~~~^~~~
/dev/shm/velavision-ort-session-20260911/sources/protobuf/src/google/protobuf/arena_impl.h:391:18: note: shadowed declaration is here
  391 |     Block* const next;
      |                  ^~~~
/dev/shm/velavision-ort-session-20260911/sources/protobuf/src/google/protobuf/arena_impl.h: In constructor 'google::protobuf::internal::SerialArena::Block::Block(google::protobuf::internal::SerialArena::Block*, size_t)':
/dev/shm/velavision-ort-session-20260911/sources/protobuf/src/google/protobuf/arena_impl.h:384:31: warning: declaration of 'size' shadows a member of 'google::protobuf::internal::SerialArena::Block' [-Wshadow]
  384 |     Block(Block* next, size_t size) : next(next), size(size), start(nullptr) {}
      |                        ~~~~~~~^~~~
/dev/shm/velavision-ort-session-20260911/sources/protobuf/src/google/protobuf/arena_impl.h:392:18: note: shadowed declaration is here
  392 |     const size_t size;
      |                  ^~~~
/dev/shm/velavision-ort-session-20260911/sources/protobuf/src/google/protobuf/arena_impl.h:384:18: warning: declaration of 'next' shadows a member of 'google::protobuf::internal::SerialArena::Block' [-Wshadow]
  384 |     Block(Block* next, size_t size) : next(next), size(size), start(nullptr) {}
      |           ~~~~~~~^~~~
/dev/shm/velavision-ort-session-20260911/sources/protobuf/src/google/protobuf/arena_impl.h:391:18: note: shadowed declaration is here
  391 |     Block* const next;
      |                  ^~~~
/dev/shm/velavision-ort-session-20260911/sources/protobuf/src/google/protobuf/arena_impl.h: In constructor 'google::protobuf::internal::SerialArena::Block::Block(google::protobuf::internal::SerialArena::Block*, size_t)':
/dev/shm/velavision-ort-session-20260911/sources/protobuf/src/google/protobuf/arena_impl.h:384:31: warning: declaration of 'size' shadows a member of 'google::protobuf::internal::SerialArena::Block' [-Wshadow]
  384 |     Block(Block* next, size_t size) : next(next), size(size), start(nullptr) {}
      |                        ~~~~~~~^~~~
/dev/shm/velavision-ort-session-20260911/sources/protobuf/src/google/protobuf/arena_impl.h:392:18: note: shadowed declaration is here
  392 |     const size_t size;
      |                  ^~~~
/dev/shm/velavision-ort-session-20260911/sources/protobuf/src/google/protobuf/arena_impl.h:384:18: warning: declaration of 'next' shadows a member of 'google::protobuf::internal::SerialArena::Block' [-Wshadow]
  384 |     Block(Block* next, size_t size) : next(next), size(size), start(nullptr) {}
      |           ~~~~~~~^~~~
/dev/shm/velavision-ort-session-20260911/sources/protobuf/src/google/protobuf/arena_impl.h:391:18: note: shadowed declaration is here
  391 |     Block* const next;
      |                  ^~~~
[240/749] Building CXX object _deps/onnx-build/CMakeFiles/onnx.dir/onnx/defs/tensor/old.cc.obj
In file included from /dev/shm/velavision-ort-session-20260911/sources/protobuf/src/google/protobuf/parse_context.h:47,
                 from /dev/shm/velavision-ort-session-20260911/sources/protobuf/src/google/protobuf/extension_set.h:53,
                 from /dev/shm/velavision-ort-session-20260911/build/_deps/onnx-build/onnx/onnx-ml.pb.h:30,
                 from /dev/shm/velavision-ort-session-20260911/sources/onnx/onnx/onnx_pb.h:65,
                 from /dev/shm/velavision-ort-session-20260911/sources/onnx/onnx/defs/data_type_utils.h:14,
                 from /dev/shm/velavision-ort-session-20260911/sources/onnx/onnx/defs/shape_inference.h:13,
                 from /dev/shm/velavision-ort-session-20260911/sources/onnx/onnx/defs/data_propagators.h:9,
                 from /dev/shm/velavision-ort-session-20260911/sources/onnx/onnx/defs/tensor/old.cc:9:
/dev/shm/velavision-ort-session-20260911/sources/protobuf/src/google/protobuf/inlined_string_field.h:430:5: warning: "GOOGLE_PROTOBUF_INTERNAL_DONATE_STEAL_INLINE" is not defined, evaluates to 0 [-Wundef]
  430 | #if GOOGLE_PROTOBUF_INTERNAL_DONATE_STEAL_INLINE
      |     ^~~~~~~~~~~~~~~~~~~~~~~~~~~~~~~~~~~~~~~~~~~~
In file included from /dev/shm/velavision-ort-session-20260911/sources/protobuf/src/google/protobuf/arena.h:52,
                 from /dev/shm/velavision-ort-session-20260911/build/_deps/onnx-build/onnx/onnx-ml.pb.h:24:
/dev/shm/velavision-ort-session-20260911/sources/protobuf/src/google/protobuf/arena_impl.h: In constructor 'google::protobuf::internal::SerialArena::Block::Block(google::protobuf::internal::SerialArena::Block*, size_t)':
/dev/shm/velavision-ort-session-20260911/sources/protobuf/src/google/protobuf/arena_impl.h:384:31: warning: declaration of 'size' shadows a member of 'google::protobuf::internal::SerialArena::Block' [-Wshadow]
  384 |     Block(Block* next, size_t size) : next(next), size(size), start(nullptr) {}
      |                        ~~~~~~~^~~~
/dev/shm/velavision-ort-session-20260911/sources/protobuf/src/google/protobuf/arena_impl.h:392:18: note: shadowed declaration is here
  392 |     const size_t size;
      |                  ^~~~
/dev/shm/velavision-ort-session-20260911/sources/protobuf/src/google/protobuf/arena_impl.h:384:18: warning: declaration of 'next' shadows a member of 'google::protobuf::internal::SerialArena::Block' [-Wshadow]
  384 |     Block(Block* next, size_t size) : next(next), size(size), start(nullptr) {}
      |           ~~~~~~~^~~~
/dev/shm/velavision-ort-session-20260911/sources/protobuf/src/google/protobuf/arena_impl.h:391:18: note: shadowed declaration is here
  391 |     Block* const next;
      |                  ^~~~
/dev/shm/velavision-ort-session-20260911/sources/protobuf/src/google/protobuf/arena_impl.h: In constructor 'google::protobuf::internal::SerialArena::Block::Block(google::protobuf::internal::SerialArena::Block*, size_t)':
/dev/shm/velavision-ort-session-20260911/sources/protobuf/src/google/protobuf/arena_impl.h:384:31: warning: declaration of 'size' shadows a member of 'google::protobuf::internal::SerialArena::Block' [-Wshadow]
  384 |     Block(Block* next, size_t size) : next(next), size(size), start(nullptr) {}
      |                        ~~~~~~~^~~~
/dev/shm/velavision-ort-session-20260911/sources/protobuf/src/google/protobuf/arena_impl.h:392:18: note: shadowed declaration is here
  392 |     const size_t size;
      |                  ^~~~
/dev/shm/velavision-ort-session-20260911/sources/protobuf/src/google/protobuf/arena_impl.h:384:18: warning: declaration of 'next' shadows a member of 'google::protobuf::internal::SerialArena::Block' [-Wshadow]
  384 |     Block(Block* next, size_t size) : next(next), size(size), start(nullptr) {}
      |           ~~~~~~~^~~~
/dev/shm/velavision-ort-session-20260911/sources/protobuf/src/google/protobuf/arena_impl.h:391:18: note: shadowed declaration is here
  391 |     Block* const next;
      |                  ^~~~
/dev/shm/velavision-ort-session-20260911/sources/protobuf/src/google/protobuf/arena_impl.h: In constructor 'google::protobuf::internal::SerialArena::Block::Block(google::protobuf::internal::SerialArena::Block*, size_t)':
/dev/shm/velavision-ort-session-20260911/sources/protobuf/src/google/protobuf/arena_impl.h:384:31: warning: declaration of 'size' shadows a member of 'google::protobuf::internal::SerialArena::Block' [-Wshadow]
  384 |     Block(Block* next, size_t size) : next(next), size(size), start(nullptr) {}
      |                        ~~~~~~~^~~~
/dev/shm/velavision-ort-session-20260911/sources/protobuf/src/google/protobuf/arena_impl.h:392:18: note: shadowed declaration is here
  392 |     const size_t size;
      |                  ^~~~
/dev/shm/velavision-ort-session-20260911/sources/protobuf/src/google/protobuf/arena_impl.h:384:18: warning: declaration of 'next' shadows a member of 'google::protobuf::internal::SerialArena::Block' [-Wshadow]
  384 |     Block(Block* next, size_t size) : next(next), size(size), start(nullptr) {}
      |           ~~~~~~~^~~~
/dev/shm/velavision-ort-session-20260911/sources/protobuf/src/google/protobuf/arena_impl.h:391:18: note: shadowed declaration is here
  391 |     Block* const next;
      |                  ^~~~
In file included from /dev/shm/velavision-ort-session-20260911/sources/onnx/onnx/defs/tensor/old.cc:10:
/dev/shm/velavision-ort-session-20260911/sources/onnx/onnx/defs/function.h: In constructor 'onnx::FunctionBodyHelper::NodeDef::NodeDef(std::__1::vector<std::__1::basic_string<char> >, std::__1::string, std::__1::vector<std::__1::basic_string<char> >, std::__1::vector<onnx::FunctionBodyHelper::AttributeProtoWrapper>, std::__1::string)':
/dev/shm/velavision-ort-session-20260911/sources/onnx/onnx/defs/function.h:51:21: warning: declaration of 'domain' shadows a member of 'onnx::FunctionBodyHelper::NodeDef' [-Wshadow]
   51 |         std::string domain = "")
      |         ~~~~~~~~~~~~^~~~~~~~~~~
/dev/shm/velavision-ort-session-20260911/sources/onnx/onnx/defs/function.h:62:17: note: shadowed declaration is here
   62 |     std::string domain;
      |                 ^~~~~~
/dev/shm/velavision-ort-session-20260911/sources/onnx/onnx/defs/function.h:50:44: warning: declaration of 'attributes' shadows a member of 'onnx::FunctionBodyHelper::NodeDef' [-Wshadow]
   50 |         std::vector<AttributeProtoWrapper> attributes = {},
      |         ~~~~~~~~~~~~~~~~~~~~~~~~~~~~~~~~~~~^~~~~~~~~~~~~~~
/dev/shm/velavision-ort-session-20260911/sources/onnx/onnx/defs/function.h:61:40: note: shadowed declaration is here
   61 |     std::vector<AttributeProtoWrapper> attributes;
      |                                        ^~~~~~~~~~
/dev/shm/velavision-ort-session-20260911/sources/onnx/onnx/defs/function.h:49:34: warning: declaration of 'inputs' shadows a member of 'onnx::FunctionBodyHelper::NodeDef' [-Wshadow]
   49 |         std::vector<std::string> inputs,
      |         ~~~~~~~~~~~~~~~~~~~~~~~~~^~~~~~
/dev/shm/velavision-ort-session-20260911/sources/onnx/onnx/defs/function.h:60:30: note: shadowed declaration is here
   60 |     std::vector<std::string> inputs;
      |                              ^~~~~~
/dev/shm/velavision-ort-session-20260911/sources/onnx/onnx/defs/function.h:48:21: warning: declaration of 'op_type' shadows a member of 'onnx::FunctionBodyHelper::NodeDef' [-Wshadow]
   48 |         std::string op_type,
      |         ~~~~~~~~~~~~^~~~~~~
/dev/shm/velavision-ort-session-20260911/sources/onnx/onnx/defs/function.h:59:17: note: shadowed declaration is here
   59 |     std::string op_type;
      |                 ^~~~~~~
/dev/shm/velavision-ort-session-20260911/sources/onnx/onnx/defs/function.h:47:34: warning: declaration of 'outputs' shadows a member of 'onnx::FunctionBodyHelper::NodeDef' [-Wshadow]
   47 |         std::vector<std::string> outputs,
      |         ~~~~~~~~~~~~~~~~~~~~~~~~~^~~~~~~
/dev/shm/velavision-ort-session-20260911/sources/onnx/onnx/defs/function.h:58:30: note: shadowed declaration is here
   58 |     std::vector<std::string> outputs;
      |                              ^~~~~~~
/dev/shm/velavision-ort-session-20260911/sources/onnx/onnx/defs/function.h: In constructor 'onnx::FunctionBodyHelper::NodeDef::NodeDef(std::__1::vector<std::__1::basic_string<char> >, std::__1::string, std::__1::vector<std::__1::basic_string<char> >, std::__1::vector<onnx::FunctionBodyHelper::AttributeProtoWrapper>, std::__1::string)':
/dev/shm/velavision-ort-session-20260911/sources/onnx/onnx/defs/function.h:51:21: warning: declaration of 'domain' shadows a member of 'onnx::FunctionBodyHelper::NodeDef' [-Wshadow]
   51 |         std::string domain = "")
      |         ~~~~~~~~~~~~^~~~~~~~~~~
/dev/shm/velavision-ort-session-20260911/sources/onnx/onnx/defs/function.h:62:17: note: shadowed declaration is here
   62 |     std::string domain;
      |                 ^~~~~~
/dev/shm/velavision-ort-session-20260911/sources/onnx/onnx/defs/function.h:50:44: warning: declaration of 'attributes' shadows a member of 'onnx::FunctionBodyHelper::NodeDef' [-Wshadow]
   50 |         std::vector<AttributeProtoWrapper> attributes = {},
      |         ~~~~~~~~~~~~~~~~~~~~~~~~~~~~~~~~~~~^~~~~~~~~~~~~~~
/dev/shm/velavision-ort-session-20260911/sources/onnx/onnx/defs/function.h:61:40: note: shadowed declaration is here
   61 |     std::vector<AttributeProtoWrapper> attributes;
      |                                        ^~~~~~~~~~
/dev/shm/velavision-ort-session-20260911/sources/onnx/onnx/defs/function.h:49:34: warning: declaration of 'inputs' shadows a member of 'onnx::FunctionBodyHelper::NodeDef' [-Wshadow]
   49 |         std::vector<std::string> inputs,
      |         ~~~~~~~~~~~~~~~~~~~~~~~~~^~~~~~
/dev/shm/velavision-ort-session-20260911/sources/onnx/onnx/defs/function.h:60:30: note: shadowed declaration is here
   60 |     std::vector<std::string> inputs;
      |                              ^~~~~~
/dev/shm/velavision-ort-session-20260911/sources/onnx/onnx/defs/function.h:48:21: warning: declaration of 'op_type' shadows a member of 'onnx::FunctionBodyHelper::NodeDef' [-Wshadow]
   48 |         std::string op_type,
      |         ~~~~~~~~~~~~^~~~~~~
/dev/shm/velavision-ort-session-20260911/sources/onnx/onnx/defs/function.h:59:17: note: shadowed declaration is here
   59 |     std::string op_type;
      |                 ^~~~~~~
/dev/shm/velavision-ort-session-20260911/sources/onnx/onnx/defs/function.h:47:34: warning: declaration of 'outputs' shadows a member of 'onnx::FunctionBodyHelper::NodeDef' [-Wshadow]
   47 |         std::vector<std::string> outputs,
      |         ~~~~~~~~~~~~~~~~~~~~~~~~~^~~~~~~
/dev/shm/velavision-ort-session-20260911/sources/onnx/onnx/defs/function.h:58:30: note: shadowed declaration is here
   58 |     std::vector<std::string> outputs;
      |                              ^~~~~~~
/dev/shm/velavision-ort-session-20260911/sources/onnx/onnx/defs/function.h: In constructor 'onnx::FunctionBodyHelper::NodeDef::NodeDef(std::__1::vector<std::__1::basic_string<char> >, std::__1::string, std::__1::vector<std::__1::basic_string<char> >, std::__1::vector<onnx::FunctionBodyHelper::AttributeProtoWrapper>, std::__1::string)':
/dev/shm/velavision-ort-session-20260911/sources/onnx/onnx/defs/function.h:51:21: warning: declaration of 'domain' shadows a member of 'onnx::FunctionBodyHelper::NodeDef' [-Wshadow]
   51 |         std::string domain = "")
      |         ~~~~~~~~~~~~^~~~~~~~~~~
/dev/shm/velavision-ort-session-20260911/sources/onnx/onnx/defs/function.h:62:17: note: shadowed declaration is here
   62 |     std::string domain;
      |                 ^~~~~~
/dev/shm/velavision-ort-session-20260911/sources/onnx/onnx/defs/function.h:50:44: warning: declaration of 'attributes' shadows a member of 'onnx::FunctionBodyHelper::NodeDef' [-Wshadow]
   50 |         std::vector<AttributeProtoWrapper> attributes = {},
      |         ~~~~~~~~~~~~~~~~~~~~~~~~~~~~~~~~~~~^~~~~~~~~~~~~~~
/dev/shm/velavision-ort-session-20260911/sources/onnx/onnx/defs/function.h:61:40: note: shadowed declaration is here
   61 |     std::vector<AttributeProtoWrapper> attributes;
      |                                        ^~~~~~~~~~
/dev/shm/velavision-ort-session-20260911/sources/onnx/onnx/defs/function.h:49:34: warning: declaration of 'inputs' shadows a member of 'onnx::FunctionBodyHelper::NodeDef' [-Wshadow]
   49 |         std::vector<std::string> inputs,
      |         ~~~~~~~~~~~~~~~~~~~~~~~~~^~~~~~
/dev/shm/velavision-ort-session-20260911/sources/onnx/onnx/defs/function.h:60:30: note: shadowed declaration is here
   60 |     std::vector<std::string> inputs;
      |                              ^~~~~~
/dev/shm/velavision-ort-session-20260911/sources/onnx/onnx/defs/function.h:48:21: warning: declaration of 'op_type' shadows a member of 'onnx::FunctionBodyHelper::NodeDef' [-Wshadow]
   48 |         std::string op_type,
      |         ~~~~~~~~~~~~^~~~~~~
/dev/shm/velavision-ort-session-20260911/sources/onnx/onnx/defs/function.h:59:17: note: shadowed declaration is here
   59 |     std::string op_type;
      |                 ^~~~~~~
/dev/shm/velavision-ort-session-20260911/sources/onnx/onnx/defs/function.h:47:34: warning: declaration of 'outputs' shadows a member of 'onnx::FunctionBodyHelper::NodeDef' [-Wshadow]
   47 |         std::vector<std::string> outputs,
      |         ~~~~~~~~~~~~~~~~~~~~~~~~~^~~~~~~
/dev/shm/velavision-ort-session-20260911/sources/onnx/onnx/defs/function.h:58:30: note: shadowed declaration is here
   58 |     std::vector<std::string> outputs;
      |                              ^~~~~~~
[241/749] Building CXX object _deps/onnx-build/CMakeFiles/onnx.dir/onnx/defs/tensor_proto_util.cc.obj
In file included from /dev/shm/velavision-ort-session-20260911/sources/protobuf/src/google/protobuf/parse_context.h:47,
                 from /dev/shm/velavision-ort-session-20260911/sources/protobuf/src/google/protobuf/extension_set.h:53,
                 from /dev/shm/velavision-ort-session-20260911/build/_deps/onnx-build/onnx/onnx-ml.pb.h:30,
                 from /dev/shm/velavision-ort-session-20260911/sources/onnx/onnx/onnx_pb.h:65,
                 from /dev/shm/velavision-ort-session-20260911/sources/onnx/onnx/onnx-operators_pb.h:7,
                 from /dev/shm/velavision-ort-session-20260911/sources/onnx/onnx/defs/tensor_proto_util.h:9,
                 from /dev/shm/velavision-ort-session-20260911/sources/onnx/onnx/defs/tensor_proto_util.cc:5:
/dev/shm/velavision-ort-session-20260911/sources/protobuf/src/google/protobuf/inlined_string_field.h:430:5: warning: "GOOGLE_PROTOBUF_INTERNAL_DONATE_STEAL_INLINE" is not defined, evaluates to 0 [-Wundef]
  430 | #if GOOGLE_PROTOBUF_INTERNAL_DONATE_STEAL_INLINE
      |     ^~~~~~~~~~~~~~~~~~~~~~~~~~~~~~~~~~~~~~~~~~~~
In file included from /dev/shm/velavision-ort-session-20260911/sources/protobuf/src/google/protobuf/arena.h:52,
                 from /dev/shm/velavision-ort-session-20260911/build/_deps/onnx-build/onnx/onnx-ml.pb.h:24:
/dev/shm/velavision-ort-session-20260911/sources/protobuf/src/google/protobuf/arena_impl.h: In constructor 'google::protobuf::internal::SerialArena::Block::Block(google::protobuf::internal::SerialArena::Block*, size_t)':
/dev/shm/velavision-ort-session-20260911/sources/protobuf/src/google/protobuf/arena_impl.h:384:31: warning: declaration of 'size' shadows a member of 'google::protobuf::internal::SerialArena::Block' [-Wshadow]
  384 |     Block(Block* next, size_t size) : next(next), size(size), start(nullptr) {}
      |                        ~~~~~~~^~~~
/dev/shm/velavision-ort-session-20260911/sources/protobuf/src/google/protobuf/arena_impl.h:392:18: note: shadowed declaration is here
  392 |     const size_t size;
      |                  ^~~~
/dev/shm/velavision-ort-session-20260911/sources/protobuf/src/google/protobuf/arena_impl.h:384:18: warning: declaration of 'next' shadows a member of 'google::protobuf::internal::SerialArena::Block' [-Wshadow]
  384 |     Block(Block* next, size_t size) : next(next), size(size), start(nullptr) {}
      |           ~~~~~~~^~~~
/dev/shm/velavision-ort-session-20260911/sources/protobuf/src/google/protobuf/arena_impl.h:391:18: note: shadowed declaration is here
  391 |     Block* const next;
      |                  ^~~~
/dev/shm/velavision-ort-session-20260911/sources/protobuf/src/google/protobuf/arena_impl.h: In constructor 'google::protobuf::internal::SerialArena::Block::Block(google::protobuf::internal::SerialArena::Block*, size_t)':
/dev/shm/velavision-ort-session-20260911/sources/protobuf/src/google/protobuf/arena_impl.h:384:31: warning: declaration of 'size' shadows a member of 'google::protobuf::internal::SerialArena::Block' [-Wshadow]
  384 |     Block(Block* next, size_t size) : next(next), size(size), start(nullptr) {}
      |                        ~~~~~~~^~~~
/dev/shm/velavision-ort-session-20260911/sources/protobuf/src/google/protobuf/arena_impl.h:392:18: note: shadowed declaration is here
  392 |     const size_t size;
      |                  ^~~~
/dev/shm/velavision-ort-session-20260911/sources/protobuf/src/google/protobuf/arena_impl.h:384:18: warning: declaration of 'next' shadows a member of 'google::protobuf::internal::SerialArena::Block' [-Wshadow]
  384 |     Block(Block* next, size_t size) : next(next), size(size), start(nullptr) {}
      |           ~~~~~~~^~~~
/dev/shm/velavision-ort-session-20260911/sources/protobuf/src/google/protobuf/arena_impl.h:391:18: note: shadowed declaration is here
  391 |     Block* const next;
      |                  ^~~~
/dev/shm/velavision-ort-session-20260911/sources/protobuf/src/google/protobuf/arena_impl.h: In constructor 'google::protobuf::internal::SerialArena::Block::Block(google::protobuf::internal::SerialArena::Block*, size_t)':
/dev/shm/velavision-ort-session-20260911/sources/protobuf/src/google/protobuf/arena_impl.h:384:31: warning: declaration of 'size' shadows a member of 'google::protobuf::internal::SerialArena::Block' [-Wshadow]
  384 |     Block(Block* next, size_t size) : next(next), size(size), start(nullptr) {}
      |                        ~~~~~~~^~~~
/dev/shm/velavision-ort-session-20260911/sources/protobuf/src/google/protobuf/arena_impl.h:392:18: note: shadowed declaration is here
  392 |     const size_t size;
      |                  ^~~~
/dev/shm/velavision-ort-session-20260911/sources/protobuf/src/google/protobuf/arena_impl.h:384:18: warning: declaration of 'next' shadows a member of 'google::protobuf::internal::SerialArena::Block' [-Wshadow]
  384 |     Block(Block* next, size_t size) : next(next), size(size), start(nullptr) {}
      |           ~~~~~~~^~~~
/dev/shm/velavision-ort-session-20260911/sources/protobuf/src/google/protobuf/arena_impl.h:391:18: note: shadowed declaration is here
  391 |     Block* const next;
      |                  ^~~~
[242/749] Building CXX object _deps/onnx-build/CMakeFiles/onnx.dir/onnx/defs/tensor_util.cc.obj
In file included from /dev/shm/velavision-ort-session-20260911/sources/protobuf/src/google/protobuf/parse_context.h:47,
                 from /dev/shm/velavision-ort-session-20260911/sources/protobuf/src/google/protobuf/extension_set.h:53,
                 from /dev/shm/velavision-ort-session-20260911/build/_deps/onnx-build/onnx/onnx-ml.pb.h:30,
                 from /dev/shm/velavision-ort-session-20260911/sources/onnx/onnx/onnx_pb.h:65,
                 from /dev/shm/velavision-ort-session-20260911/sources/onnx/onnx/common/tensor.h:20,
                 from /dev/shm/velavision-ort-session-20260911/sources/onnx/onnx/common/ir.h:33,
                 from /dev/shm/velavision-ort-session-20260911/sources/onnx/onnx/defs/tensor_util.h:9,
                 from /dev/shm/velavision-ort-session-20260911/sources/onnx/onnx/defs/tensor_util.cc:5:
/dev/shm/velavision-ort-session-20260911/sources/protobuf/src/google/protobuf/inlined_string_field.h:430:5: warning: "GOOGLE_PROTOBUF_INTERNAL_DONATE_STEAL_INLINE" is not defined, evaluates to 0 [-Wundef]
  430 | #if GOOGLE_PROTOBUF_INTERNAL_DONATE_STEAL_INLINE
      |     ^~~~~~~~~~~~~~~~~~~~~~~~~~~~~~~~~~~~~~~~~~~~
In file included from /dev/shm/velavision-ort-session-20260911/sources/onnx/onnx/common/ir.h:31:
/dev/shm/velavision-ort-session-20260911/sources/onnx/onnx/common/graph_node_list.h: In constructor 'onnx::generic_graph_node_list_iterator<T>::generic_graph_node_list_iterator(T*, size_t)':
/dev/shm/velavision-ort-session-20260911/sources/onnx/onnx/common/graph_node_list.h:54:51: warning: declaration of 'd' shadows a member of 'onnx::generic_graph_node_list_iterator<T>' [-Wshadow]
   54 |   generic_graph_node_list_iterator(T* cur, size_t d) : cur(cur), d(d) {}
      |                                            ~~~~~~~^
/dev/shm/velavision-ort-session-20260911/sources/onnx/onnx/common/graph_node_list.h:100:10: note: shadowed declaration is here
  100 |   size_t d; // direction 0 is forward 1 is reverse, see next_in_graph
      |          ^
/dev/shm/velavision-ort-session-20260911/sources/onnx/onnx/common/graph_node_list.h:54:39: warning: declaration of 'cur' shadows a member of 'onnx::generic_graph_node_list_iterator<T>' [-Wshadow]
   54 |   generic_graph_node_list_iterator(T* cur, size_t d) : cur(cur), d(d) {}
      |                                    ~~~^~~
/dev/shm/velavision-ort-session-20260911/sources/onnx/onnx/common/graph_node_list.h:99:6: note: shadowed declaration is here
   99 |   T* cur;
      |      ^~~
/dev/shm/velavision-ort-session-20260911/sources/onnx/onnx/common/graph_node_list.h: In constructor 'onnx::generic_graph_node_list<T>::generic_graph_node_list(T*, size_t)':
/dev/shm/velavision-ort-session-20260911/sources/onnx/onnx/common/graph_node_list.h:137:43: warning: declaration of 'd' shadows a member of 'onnx::generic_graph_node_list<T>' [-Wshadow]
  137 |   generic_graph_node_list(T* head, size_t d) : head(head), d(d) {}
      |                                    ~~~~~~~^
/dev/shm/velavision-ort-session-20260911/sources/onnx/onnx/common/graph_node_list.h:141:10: note: shadowed declaration is here
  141 |   size_t d;
      |          ^
/dev/shm/velavision-ort-session-20260911/sources/onnx/onnx/common/graph_node_list.h:137:30: warning: declaration of 'head' shadows a member of 'onnx::generic_graph_node_list<T>' [-Wshadow]
  137 |   generic_graph_node_list(T* head, size_t d) : head(head), d(d) {}
      |                           ~~~^~~~
/dev/shm/velavision-ort-session-20260911/sources/onnx/onnx/common/graph_node_list.h:140:6: note: shadowed declaration is here
  140 |   T* head;
      |      ^~~~
In file included from /dev/shm/velavision-ort-session-20260911/sources/onnx/onnx/common/ir.h:32:
/dev/shm/velavision-ort-session-20260911/sources/onnx/onnx/common/interned_strings.h: In constructor 'onnx::Symbol::Symbol(onnx::BuiltinSymbol)':
/dev/shm/velavision-ort-session-20260911/sources/onnx/onnx/common/interned_strings.h:199:37: warning: declaration of 'value' shadows a member of 'onnx::Symbol' [-Wshadow]
  199 |   /*implicit*/ Symbol(BuiltinSymbol value) : value(value) {}
      |                       ~~~~~~~~~~~~~~^~~~~
/dev/shm/velavision-ort-session-20260911/sources/onnx/onnx/common/interned_strings.h:209:12: note: shadowed declaration is here
  209 |   uint32_t value;
      |            ^~~~~
/dev/shm/velavision-ort-session-20260911/sources/onnx/onnx/common/interned_strings.h: In constructor 'onnx::Symbol::Symbol(onnx::BuiltinSymbol)':
/dev/shm/velavision-ort-session-20260911/sources/onnx/onnx/common/interned_strings.h:199:37: warning: declaration of 'value' shadows a member of 'onnx::Symbol' [-Wshadow]
  199 |   /*implicit*/ Symbol(BuiltinSymbol value) : value(value) {}
      |                       ~~~~~~~~~~~~~~^~~~~
/dev/shm/velavision-ort-session-20260911/sources/onnx/onnx/common/interned_strings.h:209:12: note: shadowed declaration is here
  209 |   uint32_t value;
      |            ^~~~~
/dev/shm/velavision-ort-session-20260911/sources/onnx/onnx/common/interned_strings.h: In constructor 'onnx::Symbol::Symbol(onnx::BuiltinSymbol)':
/dev/shm/velavision-ort-session-20260911/sources/onnx/onnx/common/interned_strings.h:199:37: warning: declaration of 'value' shadows a member of 'onnx::Symbol' [-Wshadow]
  199 |   /*implicit*/ Symbol(BuiltinSymbol value) : value(value) {}
      |                       ~~~~~~~~~~~~~~^~~~~
/dev/shm/velavision-ort-session-20260911/sources/onnx/onnx/common/interned_strings.h:209:12: note: shadowed declaration is here
  209 |   uint32_t value;
      |            ^~~~~
/dev/shm/velavision-ort-session-20260911/sources/onnx/onnx/common/interned_strings.h: In constructor 'onnx::Symbol::Symbol(uint32_t)':
/dev/shm/velavision-ort-session-20260911/sources/onnx/onnx/common/interned_strings.h:201:28: warning: declaration of 'value' shadows a member of 'onnx::Symbol' [-Wshadow]
  201 |   explicit Symbol(uint32_t value) : value(value) {}
      |                   ~~~~~~~~~^~~~~
/dev/shm/velavision-ort-session-20260911/sources/onnx/onnx/common/interned_strings.h:209:12: note: shadowed declaration is here
  209 |   uint32_t value;
      |            ^~~~~
/dev/shm/velavision-ort-session-20260911/sources/onnx/onnx/common/interned_strings.h: In constructor 'onnx::Symbol::Symbol(uint32_t)':
/dev/shm/velavision-ort-session-20260911/sources/onnx/onnx/common/interned_strings.h:201:28: warning: declaration of 'value' shadows a member of 'onnx::Symbol' [-Wshadow]
  201 |   explicit Symbol(uint32_t value) : value(value) {}
      |                   ~~~~~~~~~^~~~~
/dev/shm/velavision-ort-session-20260911/sources/onnx/onnx/common/interned_strings.h:209:12: note: shadowed declaration is here
  209 |   uint32_t value;
      |            ^~~~~
/dev/shm/velavision-ort-session-20260911/sources/onnx/onnx/common/interned_strings.h: In constructor 'onnx::Symbol::Symbol(uint32_t)':
/dev/shm/velavision-ort-session-20260911/sources/onnx/onnx/common/interned_strings.h:201:28: warning: declaration of 'value' shadows a member of 'onnx::Symbol' [-Wshadow]
  201 |   explicit Symbol(uint32_t value) : value(value) {}
      |                   ~~~~~~~~~^~~~~
/dev/shm/velavision-ort-session-20260911/sources/onnx/onnx/common/interned_strings.h:209:12: note: shadowed declaration is here
  209 |   uint32_t value;
      |            ^~~~~
In file included from /dev/shm/velavision-ort-session-20260911/sources/protobuf/src/google/protobuf/arena.h:52,
                 from /dev/shm/velavision-ort-session-20260911/build/_deps/onnx-build/onnx/onnx-ml.pb.h:24:
/dev/shm/velavision-ort-session-20260911/sources/protobuf/src/google/protobuf/arena_impl.h: In constructor 'google::protobuf::internal::SerialArena::Block::Block(google::protobuf::internal::SerialArena::Block*, size_t)':
/dev/shm/velavision-ort-session-20260911/sources/protobuf/src/google/protobuf/arena_impl.h:384:31: warning: declaration of 'size' shadows a member of 'google::protobuf::internal::SerialArena::Block' [-Wshadow]
  384 |     Block(Block* next, size_t size) : next(next), size(size), start(nullptr) {}
      |                        ~~~~~~~^~~~
/dev/shm/velavision-ort-session-20260911/sources/protobuf/src/google/protobuf/arena_impl.h:392:18: note: shadowed declaration is here
  392 |     const size_t size;
      |                  ^~~~
/dev/shm/velavision-ort-session-20260911/sources/protobuf/src/google/protobuf/arena_impl.h:384:18: warning: declaration of 'next' shadows a member of 'google::protobuf::internal::SerialArena::Block' [-Wshadow]
  384 |     Block(Block* next, size_t size) : next(next), size(size), start(nullptr) {}
      |           ~~~~~~~^~~~
/dev/shm/velavision-ort-session-20260911/sources/protobuf/src/google/protobuf/arena_impl.h:391:18: note: shadowed declaration is here
  391 |     Block* const next;
      |                  ^~~~
/dev/shm/velavision-ort-session-20260911/sources/protobuf/src/google/protobuf/arena_impl.h: In constructor 'google::protobuf::internal::SerialArena::Block::Block(google::protobuf::internal::SerialArena::Block*, size_t)':
/dev/shm/velavision-ort-session-20260911/sources/protobuf/src/google/protobuf/arena_impl.h:384:31: warning: declaration of 'size' shadows a member of 'google::protobuf::internal::SerialArena::Block' [-Wshadow]
  384 |     Block(Block* next, size_t size) : next(next), size(size), start(nullptr) {}
      |                        ~~~~~~~^~~~
/dev/shm/velavision-ort-session-20260911/sources/protobuf/src/google/protobuf/arena_impl.h:392:18: note: shadowed declaration is here
  392 |     const size_t size;
      |                  ^~~~
/dev/shm/velavision-ort-session-20260911/sources/protobuf/src/google/protobuf/arena_impl.h:384:18: warning: declaration of 'next' shadows a member of 'google::protobuf::internal::SerialArena::Block' [-Wshadow]
  384 |     Block(Block* next, size_t size) : next(next), size(size), start(nullptr) {}
      |           ~~~~~~~^~~~
/dev/shm/velavision-ort-session-20260911/sources/protobuf/src/google/protobuf/arena_impl.h:391:18: note: shadowed declaration is here
  391 |     Block* const next;
      |                  ^~~~
/dev/shm/velavision-ort-session-20260911/sources/protobuf/src/google/protobuf/arena_impl.h: In constructor 'google::protobuf::internal::SerialArena::Block::Block(google::protobuf::internal::SerialArena::Block*, size_t)':
/dev/shm/velavision-ort-session-20260911/sources/protobuf/src/google/protobuf/arena_impl.h:384:31: warning: declaration of 'size' shadows a member of 'google::protobuf::internal::SerialArena::Block' [-Wshadow]
  384 |     Block(Block* next, size_t size) : next(next), size(size), start(nullptr) {}
      |                        ~~~~~~~^~~~
/dev/shm/velavision-ort-session-20260911/sources/protobuf/src/google/protobuf/arena_impl.h:392:18: note: shadowed declaration is here
  392 |     const size_t size;
      |                  ^~~~
/dev/shm/velavision-ort-session-20260911/sources/protobuf/src/google/protobuf/arena_impl.h:384:18: warning: declaration of 'next' shadows a member of 'google::protobuf::internal::SerialArena::Block' [-Wshadow]
  384 |     Block(Block* next, size_t size) : next(next), size(size), start(nullptr) {}
      |           ~~~~~~~^~~~
/dev/shm/velavision-ort-session-20260911/sources/protobuf/src/google/protobuf/arena_impl.h:391:18: note: shadowed declaration is here
  391 |     Block* const next;
      |                  ^~~~
/dev/shm/velavision-ort-session-20260911/sources/onnx/onnx/common/ir.h: In constructor 'onnx::Dimension::Dimension(std::__1::string)':
/dev/shm/velavision-ort-session-20260911/sources/onnx/onnx/common/ir.h:78:25: warning: declaration of 'param' shadows a member of 'onnx::Dimension' [-Wshadow]
   78 |   Dimension(std::string param) : is_unknown(false), is_int(false), dim(-1), param(std::move(param)) {} // NOLINT
      |             ~~~~~~~~~~~~^~~~~
/dev/shm/velavision-ort-session-20260911/sources/onnx/onnx/common/ir.h:84:15: note: shadowed declaration is here
   84 |   std::string param;
      |               ^~~~~
/dev/shm/velavision-ort-session-20260911/sources/onnx/onnx/common/ir.h: In constructor 'onnx::Dimension::Dimension(std::__1::string)':
/dev/shm/velavision-ort-session-20260911/sources/onnx/onnx/common/ir.h:78:25: warning: declaration of 'param' shadows a member of 'onnx::Dimension' [-Wshadow]
   78 |   Dimension(std::string param) : is_unknown(false), is_int(false), dim(-1), param(std::move(param)) {} // NOLINT
      |             ~~~~~~~~~~~~^~~~~
/dev/shm/velavision-ort-session-20260911/sources/onnx/onnx/common/ir.h:84:15: note: shadowed declaration is here
   84 |   std::string param;
      |               ^~~~~
/dev/shm/velavision-ort-session-20260911/sources/onnx/onnx/common/ir.h: In constructor 'onnx::Dimension::Dimension(std::__1::string)':
/dev/shm/velavision-ort-session-20260911/sources/onnx/onnx/common/ir.h:78:25: warning: declaration of 'param' shadows a member of 'onnx::Dimension' [-Wshadow]
   78 |   Dimension(std::string param) : is_unknown(false), is_int(false), dim(-1), param(std::move(param)) {} // NOLINT
      |             ~~~~~~~~~~~~^~~~~
/dev/shm/velavision-ort-session-20260911/sources/onnx/onnx/common/ir.h:84:15: note: shadowed declaration is here
   84 |   std::string param;
      |               ^~~~~
/dev/shm/velavision-ort-session-20260911/sources/onnx/onnx/common/ir.h: In constructor 'onnx::Dimension::Dimension(int64_t)':
/dev/shm/velavision-ort-session-20260911/sources/onnx/onnx/common/ir.h:79:21: warning: declaration of 'dim' shadows a member of 'onnx::Dimension' [-Wshadow]
   79 |   Dimension(int64_t dim) : is_unknown(false), is_int(true), dim(dim) {} // NOLINT
      |             ~~~~~~~~^~~
/dev/shm/velavision-ort-session-20260911/sources/onnx/onnx/common/ir.h:83:11: note: shadowed declaration is here
   83 |   int64_t dim;
      |           ^~~
/dev/shm/velavision-ort-session-20260911/sources/onnx/onnx/common/ir.h: In constructor 'onnx::Dimension::Dimension(int64_t)':
/dev/shm/velavision-ort-session-20260911/sources/onnx/onnx/common/ir.h:79:21: warning: declaration of 'dim' shadows a member of 'onnx::Dimension' [-Wshadow]
   79 |   Dimension(int64_t dim) : is_unknown(false), is_int(true), dim(dim) {} // NOLINT
      |             ~~~~~~~~^~~
/dev/shm/velavision-ort-session-20260911/sources/onnx/onnx/common/ir.h:83:11: note: shadowed declaration is here
   83 |   int64_t dim;
      |           ^~~
/dev/shm/velavision-ort-session-20260911/sources/onnx/onnx/common/ir.h: In constructor 'onnx::Dimension::Dimension(int64_t)':
/dev/shm/velavision-ort-session-20260911/sources/onnx/onnx/common/ir.h:79:21: warning: declaration of 'dim' shadows a member of 'onnx::Dimension' [-Wshadow]
   79 |   Dimension(int64_t dim) : is_unknown(false), is_int(true), dim(dim) {} // NOLINT
      |             ~~~~~~~~^~~
/dev/shm/velavision-ort-session-20260911/sources/onnx/onnx/common/ir.h:83:11: note: shadowed declaration is here
   83 |   int64_t dim;
      |           ^~~
/dev/shm/velavision-ort-session-20260911/sources/onnx/onnx/common/ir.h: In constructor 'onnx::AttributeValue::AttributeValue(onnx::Symbol)':
/dev/shm/velavision-ort-session-20260911/sources/onnx/onnx/common/ir.h:111:34: warning: declaration of 'name' shadows a member of 'onnx::AttributeValue' [-Wshadow]
  111 |   explicit AttributeValue(Symbol name) : name(name) {}
      |                           ~~~~~~~^~~~
/dev/shm/velavision-ort-session-20260911/sources/onnx/onnx/common/ir.h:113:10: note: shadowed declaration is here
  113 |   Symbol name;
      |          ^~~~
/dev/shm/velavision-ort-session-20260911/sources/onnx/onnx/common/ir.h: In constructor 'onnx::AttributeValue::AttributeValue(onnx::Symbol)':
/dev/shm/velavision-ort-session-20260911/sources/onnx/onnx/common/ir.h:111:34: warning: declaration of 'name' shadows a member of 'onnx::AttributeValue' [-Wshadow]
  111 |   explicit AttributeValue(Symbol name) : name(name) {}
      |                           ~~~~~~~^~~~
/dev/shm/velavision-ort-session-20260911/sources/onnx/onnx/common/ir.h:113:10: note: shadowed declaration is here
  113 |   Symbol name;
      |          ^~~~
/dev/shm/velavision-ort-session-20260911/sources/onnx/onnx/common/ir.h: In constructor 'onnx::AttributeValue::AttributeValue(onnx::Symbol)':
/dev/shm/velavision-ort-session-20260911/sources/onnx/onnx/common/ir.h:111:34: warning: declaration of 'name' shadows a member of 'onnx::AttributeValue' [-Wshadow]
  111 |   explicit AttributeValue(Symbol name) : name(name) {}
      |                           ~~~~~~~^~~~
/dev/shm/velavision-ort-session-20260911/sources/onnx/onnx/common/ir.h:113:10: note: shadowed declaration is here
  113 |   Symbol name;
      |          ^~~~
/dev/shm/velavision-ort-session-20260911/sources/onnx/onnx/common/ir.h: In constructor 'onnx::ScalarAttributeValue<T, Kind>::ScalarAttributeValue(onnx::Symbol, ConstructorType)':
/dev/shm/velavision-ort-session-20260911/sources/onnx/onnx/common/ir.h:123:53: warning: declaration of 'value_' shadows a member of 'onnx::ScalarAttributeValue<T, Kind>' [-Wshadow]
  123 |   ScalarAttributeValue(Symbol name, ConstructorType value_) : AttributeValue(name), value_(value_) {}
      |                                     ~~~~~~~~~~~~~~~~^~~~~~
/dev/shm/velavision-ort-session-20260911/sources/onnx/onnx/common/ir.h:135:13: note: shadowed declaration is here
  135 |   ValueType value_;
      |             ^~~~~~
/dev/shm/velavision-ort-session-20260911/sources/onnx/onnx/common/ir.h:123:31: warning: declaration of 'name' shadows a member of 'onnx::ScalarAttributeValue<T, Kind>' [-Wshadow]
  123 |   ScalarAttributeValue(Symbol name, ConstructorType value_) : AttributeValue(name), value_(value_) {}
      |                        ~~~~~~~^~~~
/dev/shm/velavision-ort-session-20260911/sources/onnx/onnx/common/ir.h:113:10: note: shadowed declaration is here
  113 |   Symbol name;
      |          ^~~~
/dev/shm/velavision-ort-session-20260911/sources/onnx/onnx/common/ir.h: In constructor 'onnx::VectorAttributeValue<T, Kind>::VectorAttributeValue(onnx::Symbol, ConstructorType)':
/dev/shm/velavision-ort-session-20260911/sources/onnx/onnx/common/ir.h:142:53: warning: declaration of 'value_' shadows a member of 'onnx::VectorAttributeValue<T, Kind>' [-Wshadow]
  142 |   VectorAttributeValue(Symbol name, ConstructorType value_) : AttributeValue(name), value_(std::move(value_)) {}
      |                                     ~~~~~~~~~~~~~~~~^~~~~~
/dev/shm/velavision-ort-session-20260911/sources/onnx/onnx/common/ir.h:155:13: note: shadowed declaration is here
  155 |   ValueType value_;
      |             ^~~~~~
/dev/shm/velavision-ort-session-20260911/sources/onnx/onnx/common/ir.h:142:31: warning: declaration of 'name' shadows a member of 'onnx::VectorAttributeValue<T, Kind>' [-Wshadow]
  142 |   VectorAttributeValue(Symbol name, ConstructorType value_) : AttributeValue(name), value_(std::move(value_)) {}
      |                        ~~~~~~~^~~~
/dev/shm/velavision-ort-session-20260911/sources/onnx/onnx/common/ir.h:113:10: note: shadowed declaration is here
  113 |   Symbol name;
      |          ^~~~
/dev/shm/velavision-ort-session-20260911/sources/onnx/onnx/common/ir.h: In constructor 'onnx::Use::Use(onnx::Node*, size_t)':
/dev/shm/velavision-ort-session-20260911/sources/onnx/onnx/common/ir.h:279:26: warning: declaration of 'offset' shadows a member of 'onnx::Use' [-Wshadow]
  279 |   Use(Node* user, size_t offset) : user(user), offset(offset) {}
      |                   ~~~~~~~^~~~~~
/dev/shm/velavision-ort-session-20260911/sources/onnx/onnx/common/ir.h:281:10: note: shadowed declaration is here
  281 |   size_t offset;
      |          ^~~~~~
/dev/shm/velavision-ort-session-20260911/sources/onnx/onnx/common/ir.h:279:13: warning: declaration of 'user' shadows a member of 'onnx::Use' [-Wshadow]
  279 |   Use(Node* user, size_t offset) : user(user), offset(offset) {}
      |       ~~~~~~^~~~
/dev/shm/velavision-ort-session-20260911/sources/onnx/onnx/common/ir.h:280:9: note: shadowed declaration is here
  280 |   Node* user;
      |         ^~~~
/dev/shm/velavision-ort-session-20260911/sources/onnx/onnx/common/ir.h: In constructor 'onnx::Use::Use(onnx::Node*, size_t)':
/dev/shm/velavision-ort-session-20260911/sources/onnx/onnx/common/ir.h:279:26: warning: declaration of 'offset' shadows a member of 'onnx::Use' [-Wshadow]
  279 |   Use(Node* user, size_t offset) : user(user), offset(offset) {}
      |                   ~~~~~~~^~~~~~
/dev/shm/velavision-ort-session-20260911/sources/onnx/onnx/common/ir.h:281:10: note: shadowed declaration is here
  281 |   size_t offset;
      |          ^~~~~~
/dev/shm/velavision-ort-session-20260911/sources/onnx/onnx/common/ir.h:279:13: warning: declaration of 'user' shadows a member of 'onnx::Use' [-Wshadow]
  279 |   Use(Node* user, size_t offset) : user(user), offset(offset) {}
      |       ~~~~~~^~~~
/dev/shm/velavision-ort-session-20260911/sources/onnx/onnx/common/ir.h:280:9: note: shadowed declaration is here
  280 |   Node* user;
      |         ^~~~
/dev/shm/velavision-ort-session-20260911/sources/onnx/onnx/common/ir.h: In constructor 'onnx::Use::Use(onnx::Node*, size_t)':
/dev/shm/velavision-ort-session-20260911/sources/onnx/onnx/common/ir.h:279:26: warning: declaration of 'offset' shadows a member of 'onnx::Use' [-Wshadow]
  279 |   Use(Node* user, size_t offset) : user(user), offset(offset) {}
      |                   ~~~~~~~^~~~~~
/dev/shm/velavision-ort-session-20260911/sources/onnx/onnx/common/ir.h:281:10: note: shadowed declaration is here
  281 |   size_t offset;
      |          ^~~~~~
/dev/shm/velavision-ort-session-20260911/sources/onnx/onnx/common/ir.h:279:13: warning: declaration of 'user' shadows a member of 'onnx::Use' [-Wshadow]
  279 |   Use(Node* user, size_t offset) : user(user), offset(offset) {}
      |       ~~~~~~^~~~
/dev/shm/velavision-ort-session-20260911/sources/onnx/onnx/common/ir.h:280:9: note: shadowed declaration is here
  280 |   Node* user;
      |         ^~~~
/dev/shm/velavision-ort-session-20260911/sources/onnx/onnx/common/ir.h: In constructor 'onnx::Value::Value(onnx::Node*, size_t)':
/dev/shm/velavision-ort-session-20260911/sources/onnx/onnx/common/ir.h:1245:41: warning: declaration of 'offset_' shadows a member of 'onnx::Value' [-Wshadow]
 1245 | inline Value::Value(Node* node_, size_t offset_)
      |                                  ~~~~~~~^~~~~~~
/dev/shm/velavision-ort-session-20260911/sources/onnx/onnx/common/ir.h:306:10: note: shadowed declaration is here
  306 |   size_t offset_;
      |          ^~~~~~~
/dev/shm/velavision-ort-session-20260911/sources/onnx/onnx/common/ir.h:1245:27: warning: declaration of 'node_' shadows a member of 'onnx::Value' [-Wshadow]
 1245 | inline Value::Value(Node* node_, size_t offset_)
      |                     ~~~~~~^~~~~
/dev/shm/velavision-ort-session-20260911/sources/onnx/onnx/common/ir.h:305:9: note: shadowed declaration is here
  305 |   Node* node_;
      |         ^~~~~
/dev/shm/velavision-ort-session-20260911/sources/onnx/onnx/common/ir.h: In constructor 'onnx::Value::Value(onnx::Node*, size_t)':
/dev/shm/velavision-ort-session-20260911/sources/onnx/onnx/common/ir.h:1245:41: warning: declaration of 'offset_' shadows a member of 'onnx::Value' [-Wshadow]
 1245 | inline Value::Value(Node* node_, size_t offset_)
      |                                  ~~~~~~~^~~~~~~
/dev/shm/velavision-ort-session-20260911/sources/onnx/onnx/common/ir.h:306:10: note: shadowed declaration is here
  306 |   size_t offset_;
      |          ^~~~~~~
/dev/shm/velavision-ort-session-20260911/sources/onnx/onnx/common/ir.h:1245:27: warning: declaration of 'node_' shadows a member of 'onnx::Value' [-Wshadow]
 1245 | inline Value::Value(Node* node_, size_t offset_)
      |                     ~~~~~~^~~~~
/dev/shm/velavision-ort-session-20260911/sources/onnx/onnx/common/ir.h:305:9: note: shadowed declaration is here
  305 |   Node* node_;
      |         ^~~~~
/dev/shm/velavision-ort-session-20260911/sources/onnx/onnx/common/ir.h: In constructor 'onnx::Value::Value(onnx::Node*, size_t)':
/dev/shm/velavision-ort-session-20260911/sources/onnx/onnx/common/ir.h:1245:41: warning: declaration of 'offset_' shadows a member of 'onnx::Value' [-Wshadow]
 1245 | inline Value::Value(Node* node_, size_t offset_)
      |                                  ~~~~~~~^~~~~~~
/dev/shm/velavision-ort-session-20260911/sources/onnx/onnx/common/ir.h:306:10: note: shadowed declaration is here
  306 |   size_t offset_;
      |          ^~~~~~~
/dev/shm/velavision-ort-session-20260911/sources/onnx/onnx/common/ir.h:1245:27: warning: declaration of 'node_' shadows a member of 'onnx::Value' [-Wshadow]
 1245 | inline Value::Value(Node* node_, size_t offset_)
      |                     ~~~~~~^~~~~
/dev/shm/velavision-ort-session-20260911/sources/onnx/onnx/common/ir.h:305:9: note: shadowed declaration is here
  305 |   Node* node_;
      |         ^~~~~
/dev/shm/velavision-ort-session-20260911/sources/onnx/onnx/common/ir.h: In constructor 'onnx::Node::Node(onnx::Graph*, onnx::NodeKind)':
/dev/shm/velavision-ort-session-20260911/sources/onnx/onnx/common/ir.h:1337:43: warning: declaration of 'kind_' shadows a member of 'onnx::Node' [-Wshadow]
 1337 | inline Node::Node(Graph* graph_, NodeKind kind_)
      |                                  ~~~~~~~~~^~~~~
/dev/shm/velavision-ort-session-20260911/sources/onnx/onnx/common/ir.h:426:18: note: shadowed declaration is here
  426 |   const NodeKind kind_;
      |                  ^~~~~
/dev/shm/velavision-ort-session-20260911/sources/onnx/onnx/common/ir.h:1337:26: warning: declaration of 'graph_' shadows a member of 'onnx::Node' [-Wshadow]
 1337 | inline Node::Node(Graph* graph_, NodeKind kind_)
      |                   ~~~~~~~^~~~~~
/dev/shm/velavision-ort-session-20260911/sources/onnx/onnx/common/ir.h:429:10: note: shadowed declaration is here
  429 |   Graph* graph_;
      |          ^~~~~~
/dev/shm/velavision-ort-session-20260911/sources/onnx/onnx/common/ir.h: In constructor 'onnx::Node::Node(onnx::Graph*, onnx::NodeKind)':
/dev/shm/velavision-ort-session-20260911/sources/onnx/onnx/common/ir.h:1337:43: warning: declaration of 'kind_' shadows a member of 'onnx::Node' [-Wshadow]
 1337 | inline Node::Node(Graph* graph_, NodeKind kind_)
      |                                  ~~~~~~~~~^~~~~
/dev/shm/velavision-ort-session-20260911/sources/onnx/onnx/common/ir.h:426:18: note: shadowed declaration is here
  426 |   const NodeKind kind_;
      |                  ^~~~~
/dev/shm/velavision-ort-session-20260911/sources/onnx/onnx/common/ir.h:1337:26: warning: declaration of 'graph_' shadows a member of 'onnx::Node' [-Wshadow]
 1337 | inline Node::Node(Graph* graph_, NodeKind kind_)
      |                   ~~~~~~~^~~~~~
/dev/shm/velavision-ort-session-20260911/sources/onnx/onnx/common/ir.h:429:10: note: shadowed declaration is here
  429 |   Graph* graph_;
      |          ^~~~~~
/dev/shm/velavision-ort-session-20260911/sources/onnx/onnx/common/ir.h: In constructor 'onnx::Node::Node(onnx::Graph*, onnx::NodeKind)':
/dev/shm/velavision-ort-session-20260911/sources/onnx/onnx/common/ir.h:1337:43: warning: declaration of 'kind_' shadows a member of 'onnx::Node' [-Wshadow]
 1337 | inline Node::Node(Graph* graph_, NodeKind kind_)
      |                                  ~~~~~~~~~^~~~~
/dev/shm/velavision-ort-session-20260911/sources/onnx/onnx/common/ir.h:426:18: note: shadowed declaration is here
  426 |   const NodeKind kind_;
      |                  ^~~~~
/dev/shm/velavision-ort-session-20260911/sources/onnx/onnx/common/ir.h:1337:26: warning: declaration of 'graph_' shadows a member of 'onnx::Node' [-Wshadow]
 1337 | inline Node::Node(Graph* graph_, NodeKind kind_)
      |                   ~~~~~~~^~~~~~
/dev/shm/velavision-ort-session-20260911/sources/onnx/onnx/common/ir.h:429:10: note: shadowed declaration is here
  429 |   Graph* graph_;
      |          ^~~~~~
[243/749] Building CXX object _deps/onnx-build/CMakeFiles/onnx.dir/onnx/defs/text/defs.cc.obj
In file included from /dev/shm/velavision-ort-session-20260911/sources/protobuf/src/google/protobuf/parse_context.h:47,
                 from /dev/shm/velavision-ort-session-20260911/sources/protobuf/src/google/protobuf/extension_set.h:53,
                 from /dev/shm/velavision-ort-session-20260911/build/_deps/onnx-build/onnx/onnx-ml.pb.h:30,
                 from /dev/shm/velavision-ort-session-20260911/sources/onnx/onnx/onnx_pb.h:65,
                 from /dev/shm/velavision-ort-session-20260911/sources/onnx/onnx/defs/data_type_utils.h:14,
                 from /dev/shm/velavision-ort-session-20260911/sources/onnx/onnx/defs/shape_inference.h:13,
                 from /dev/shm/velavision-ort-session-20260911/sources/onnx/onnx/defs/schema.h:26,
                 from /dev/shm/velavision-ort-session-20260911/sources/onnx/onnx/defs/text/defs.cc:5:
/dev/shm/velavision-ort-session-20260911/sources/protobuf/src/google/protobuf/inlined_string_field.h:430:5: warning: "GOOGLE_PROTOBUF_INTERNAL_DONATE_STEAL_INLINE" is not defined, evaluates to 0 [-Wundef]
  430 | #if GOOGLE_PROTOBUF_INTERNAL_DONATE_STEAL_INLINE
      |     ^~~~~~~~~~~~~~~~~~~~~~~~~~~~~~~~~~~~~~~~~~~~
In file included from /dev/shm/velavision-ort-session-20260911/sources/protobuf/src/google/protobuf/arena.h:52,
                 from /dev/shm/velavision-ort-session-20260911/build/_deps/onnx-build/onnx/onnx-ml.pb.h:24:
/dev/shm/velavision-ort-session-20260911/sources/protobuf/src/google/protobuf/arena_impl.h: In constructor 'google::protobuf::internal::SerialArena::Block::Block(google::protobuf::internal::SerialArena::Block*, size_t)':
/dev/shm/velavision-ort-session-20260911/sources/protobuf/src/google/protobuf/arena_impl.h:384:31: warning: declaration of 'size' shadows a member of 'google::protobuf::internal::SerialArena::Block' [-Wshadow]
  384 |     Block(Block* next, size_t size) : next(next), size(size), start(nullptr) {}
      |                        ~~~~~~~^~~~
/dev/shm/velavision-ort-session-20260911/sources/protobuf/src/google/protobuf/arena_impl.h:392:18: note: shadowed declaration is here
  392 |     const size_t size;
      |                  ^~~~
/dev/shm/velavision-ort-session-20260911/sources/protobuf/src/google/protobuf/arena_impl.h:384:18: warning: declaration of 'next' shadows a member of 'google::protobuf::internal::SerialArena::Block' [-Wshadow]
  384 |     Block(Block* next, size_t size) : next(next), size(size), start(nullptr) {}
      |           ~~~~~~~^~~~
/dev/shm/velavision-ort-session-20260911/sources/protobuf/src/google/protobuf/arena_impl.h:391:18: note: shadowed declaration is here
  391 |     Block* const next;
      |                  ^~~~
/dev/shm/velavision-ort-session-20260911/sources/protobuf/src/google/protobuf/arena_impl.h: In constructor 'google::protobuf::internal::SerialArena::Block::Block(google::protobuf::internal::SerialArena::Block*, size_t)':
/dev/shm/velavision-ort-session-20260911/sources/protobuf/src/google/protobuf/arena_impl.h:384:31: warning: declaration of 'size' shadows a member of 'google::protobuf::internal::SerialArena::Block' [-Wshadow]
  384 |     Block(Block* next, size_t size) : next(next), size(size), start(nullptr) {}
      |                        ~~~~~~~^~~~
/dev/shm/velavision-ort-session-20260911/sources/protobuf/src/google/protobuf/arena_impl.h:392:18: note: shadowed declaration is here
  392 |     const size_t size;
      |                  ^~~~
/dev/shm/velavision-ort-session-20260911/sources/protobuf/src/google/protobuf/arena_impl.h:384:18: warning: declaration of 'next' shadows a member of 'google::protobuf::internal::SerialArena::Block' [-Wshadow]
  384 |     Block(Block* next, size_t size) : next(next), size(size), start(nullptr) {}
      |           ~~~~~~~^~~~
/dev/shm/velavision-ort-session-20260911/sources/protobuf/src/google/protobuf/arena_impl.h:391:18: note: shadowed declaration is here
  391 |     Block* const next;
      |                  ^~~~
/dev/shm/velavision-ort-session-20260911/sources/protobuf/src/google/protobuf/arena_impl.h: In constructor 'google::protobuf::internal::SerialArena::Block::Block(google::protobuf::internal::SerialArena::Block*, size_t)':
/dev/shm/velavision-ort-session-20260911/sources/protobuf/src/google/protobuf/arena_impl.h:384:31: warning: declaration of 'size' shadows a member of 'google::protobuf::internal::SerialArena::Block' [-Wshadow]
  384 |     Block(Block* next, size_t size) : next(next), size(size), start(nullptr) {}
      |                        ~~~~~~~^~~~
/dev/shm/velavision-ort-session-20260911/sources/protobuf/src/google/protobuf/arena_impl.h:392:18: note: shadowed declaration is here
  392 |     const size_t size;
      |                  ^~~~
/dev/shm/velavision-ort-session-20260911/sources/protobuf/src/google/protobuf/arena_impl.h:384:18: warning: declaration of 'next' shadows a member of 'google::protobuf::internal::SerialArena::Block' [-Wshadow]
  384 |     Block(Block* next, size_t size) : next(next), size(size), start(nullptr) {}
      |           ~~~~~~~^~~~
/dev/shm/velavision-ort-session-20260911/sources/protobuf/src/google/protobuf/arena_impl.h:391:18: note: shadowed declaration is here
  391 |     Block* const next;
      |                  ^~~~
[244/749] Building CXX object _deps/onnx-build/CMakeFiles/onnx.dir/onnx/defs/traditionalml/defs.cc.obj
In file included from /dev/shm/velavision-ort-session-20260911/sources/protobuf/src/google/protobuf/parse_context.h:47,
                 from /dev/shm/velavision-ort-session-20260911/sources/protobuf/src/google/protobuf/extension_set.h:53,
                 from /dev/shm/velavision-ort-session-20260911/build/_deps/onnx-build/onnx/onnx-ml.pb.h:30,
                 from /dev/shm/velavision-ort-session-20260911/sources/onnx/onnx/onnx_pb.h:65,
                 from /dev/shm/velavision-ort-session-20260911/sources/onnx/onnx/defs/data_type_utils.h:14,
                 from /dev/shm/velavision-ort-session-20260911/sources/onnx/onnx/defs/shape_inference.h:13,
                 from /dev/shm/velavision-ort-session-20260911/sources/onnx/onnx/defs/schema.h:26,
                 from /dev/shm/velavision-ort-session-20260911/sources/onnx/onnx/defs/traditionalml/defs.cc:5:
/dev/shm/velavision-ort-session-20260911/sources/protobuf/src/google/protobuf/inlined_string_field.h:430:5: warning: "GOOGLE_PROTOBUF_INTERNAL_DONATE_STEAL_INLINE" is not defined, evaluates to 0 [-Wundef]
  430 | #if GOOGLE_PROTOBUF_INTERNAL_DONATE_STEAL_INLINE
      |     ^~~~~~~~~~~~~~~~~~~~~~~~~~~~~~~~~~~~~~~~~~~~
In file included from /dev/shm/velavision-ort-session-20260911/sources/protobuf/src/google/protobuf/arena.h:52,
                 from /dev/shm/velavision-ort-session-20260911/build/_deps/onnx-build/onnx/onnx-ml.pb.h:24:
/dev/shm/velavision-ort-session-20260911/sources/protobuf/src/google/protobuf/arena_impl.h: In constructor 'google::protobuf::internal::SerialArena::Block::Block(google::protobuf::internal::SerialArena::Block*, size_t)':
/dev/shm/velavision-ort-session-20260911/sources/protobuf/src/google/protobuf/arena_impl.h:384:31: warning: declaration of 'size' shadows a member of 'google::protobuf::internal::SerialArena::Block' [-Wshadow]
  384 |     Block(Block* next, size_t size) : next(next), size(size), start(nullptr) {}
      |                        ~~~~~~~^~~~
/dev/shm/velavision-ort-session-20260911/sources/protobuf/src/google/protobuf/arena_impl.h:392:18: note: shadowed declaration is here
  392 |     const size_t size;
      |                  ^~~~
/dev/shm/velavision-ort-session-20260911/sources/protobuf/src/google/protobuf/arena_impl.h:384:18: warning: declaration of 'next' shadows a member of 'google::protobuf::internal::SerialArena::Block' [-Wshadow]
  384 |     Block(Block* next, size_t size) : next(next), size(size), start(nullptr) {}
      |           ~~~~~~~^~~~
/dev/shm/velavision-ort-session-20260911/sources/protobuf/src/google/protobuf/arena_impl.h:391:18: note: shadowed declaration is here
  391 |     Block* const next;
      |                  ^~~~
/dev/shm/velavision-ort-session-20260911/sources/protobuf/src/google/protobuf/arena_impl.h: In constructor 'google::protobuf::internal::SerialArena::Block::Block(google::protobuf::internal::SerialArena::Block*, size_t)':
/dev/shm/velavision-ort-session-20260911/sources/protobuf/src/google/protobuf/arena_impl.h:384:31: warning: declaration of 'size' shadows a member of 'google::protobuf::internal::SerialArena::Block' [-Wshadow]
  384 |     Block(Block* next, size_t size) : next(next), size(size), start(nullptr) {}
      |                        ~~~~~~~^~~~
/dev/shm/velavision-ort-session-20260911/sources/protobuf/src/google/protobuf/arena_impl.h:392:18: note: shadowed declaration is here
  392 |     const size_t size;
      |                  ^~~~
/dev/shm/velavision-ort-session-20260911/sources/protobuf/src/google/protobuf/arena_impl.h:384:18: warning: declaration of 'next' shadows a member of 'google::protobuf::internal::SerialArena::Block' [-Wshadow]
  384 |     Block(Block* next, size_t size) : next(next), size(size), start(nullptr) {}
      |           ~~~~~~~^~~~
/dev/shm/velavision-ort-session-20260911/sources/protobuf/src/google/protobuf/arena_impl.h:391:18: note: shadowed declaration is here
  391 |     Block* const next;
      |                  ^~~~
/dev/shm/velavision-ort-session-20260911/sources/protobuf/src/google/protobuf/arena_impl.h: In constructor 'google::protobuf::internal::SerialArena::Block::Block(google::protobuf::internal::SerialArena::Block*, size_t)':
/dev/shm/velavision-ort-session-20260911/sources/protobuf/src/google/protobuf/arena_impl.h:384:31: warning: declaration of 'size' shadows a member of 'google::protobuf::internal::SerialArena::Block' [-Wshadow]
  384 |     Block(Block* next, size_t size) : next(next), size(size), start(nullptr) {}
      |                        ~~~~~~~^~~~
/dev/shm/velavision-ort-session-20260911/sources/protobuf/src/google/protobuf/arena_impl.h:392:18: note: shadowed declaration is here
  392 |     const size_t size;
      |                  ^~~~
/dev/shm/velavision-ort-session-20260911/sources/protobuf/src/google/protobuf/arena_impl.h:384:18: warning: declaration of 'next' shadows a member of 'google::protobuf::internal::SerialArena::Block' [-Wshadow]
  384 |     Block(Block* next, size_t size) : next(next), size(size), start(nullptr) {}
      |           ~~~~~~~^~~~
/dev/shm/velavision-ort-session-20260911/sources/protobuf/src/google/protobuf/arena_impl.h:391:18: note: shadowed declaration is here
  391 |     Block* const next;
      |                  ^~~~
[245/749] Building CXX object _deps/onnx-build/CMakeFiles/onnx.dir/onnx/defs/traditionalml/old.cc.obj
In file included from /dev/shm/velavision-ort-session-20260911/sources/protobuf/src/google/protobuf/parse_context.h:47,
                 from /dev/shm/velavision-ort-session-20260911/sources/protobuf/src/google/protobuf/extension_set.h:53,
                 from /dev/shm/velavision-ort-session-20260911/build/_deps/onnx-build/onnx/onnx-ml.pb.h:30,
                 from /dev/shm/velavision-ort-session-20260911/sources/onnx/onnx/onnx_pb.h:65,
                 from /dev/shm/velavision-ort-session-20260911/sources/onnx/onnx/defs/data_type_utils.h:14,
                 from /dev/shm/velavision-ort-session-20260911/sources/onnx/onnx/defs/shape_inference.h:13,
                 from /dev/shm/velavision-ort-session-20260911/sources/onnx/onnx/defs/schema.h:26,
                 from /dev/shm/velavision-ort-session-20260911/sources/onnx/onnx/defs/traditionalml/old.cc:5:
/dev/shm/velavision-ort-session-20260911/sources/protobuf/src/google/protobuf/inlined_string_field.h:430:5: warning: "GOOGLE_PROTOBUF_INTERNAL_DONATE_STEAL_INLINE" is not defined, evaluates to 0 [-Wundef]
  430 | #if GOOGLE_PROTOBUF_INTERNAL_DONATE_STEAL_INLINE
      |     ^~~~~~~~~~~~~~~~~~~~~~~~~~~~~~~~~~~~~~~~~~~~
In file included from /dev/shm/velavision-ort-session-20260911/sources/protobuf/src/google/protobuf/arena.h:52,
                 from /dev/shm/velavision-ort-session-20260911/build/_deps/onnx-build/onnx/onnx-ml.pb.h:24:
/dev/shm/velavision-ort-session-20260911/sources/protobuf/src/google/protobuf/arena_impl.h: In constructor 'google::protobuf::internal::SerialArena::Block::Block(google::protobuf::internal::SerialArena::Block*, size_t)':
/dev/shm/velavision-ort-session-20260911/sources/protobuf/src/google/protobuf/arena_impl.h:384:31: warning: declaration of 'size' shadows a member of 'google::protobuf::internal::SerialArena::Block' [-Wshadow]
  384 |     Block(Block* next, size_t size) : next(next), size(size), start(nullptr) {}
      |                        ~~~~~~~^~~~
/dev/shm/velavision-ort-session-20260911/sources/protobuf/src/google/protobuf/arena_impl.h:392:18: note: shadowed declaration is here
  392 |     const size_t size;
      |                  ^~~~
/dev/shm/velavision-ort-session-20260911/sources/protobuf/src/google/protobuf/arena_impl.h:384:18: warning: declaration of 'next' shadows a member of 'google::protobuf::internal::SerialArena::Block' [-Wshadow]
  384 |     Block(Block* next, size_t size) : next(next), size(size), start(nullptr) {}
      |           ~~~~~~~^~~~
/dev/shm/velavision-ort-session-20260911/sources/protobuf/src/google/protobuf/arena_impl.h:391:18: note: shadowed declaration is here
  391 |     Block* const next;
      |                  ^~~~
/dev/shm/velavision-ort-session-20260911/sources/protobuf/src/google/protobuf/arena_impl.h: In constructor 'google::protobuf::internal::SerialArena::Block::Block(google::protobuf::internal::SerialArena::Block*, size_t)':
/dev/shm/velavision-ort-session-20260911/sources/protobuf/src/google/protobuf/arena_impl.h:384:31: warning: declaration of 'size' shadows a member of 'google::protobuf::internal::SerialArena::Block' [-Wshadow]
  384 |     Block(Block* next, size_t size) : next(next), size(size), start(nullptr) {}
      |                        ~~~~~~~^~~~
/dev/shm/velavision-ort-session-20260911/sources/protobuf/src/google/protobuf/arena_impl.h:392:18: note: shadowed declaration is here
  392 |     const size_t size;
      |                  ^~~~
/dev/shm/velavision-ort-session-20260911/sources/protobuf/src/google/protobuf/arena_impl.h:384:18: warning: declaration of 'next' shadows a member of 'google::protobuf::internal::SerialArena::Block' [-Wshadow]
  384 |     Block(Block* next, size_t size) : next(next), size(size), start(nullptr) {}
      |           ~~~~~~~^~~~
/dev/shm/velavision-ort-session-20260911/sources/protobuf/src/google/protobuf/arena_impl.h:391:18: note: shadowed declaration is here
  391 |     Block* const next;
      |                  ^~~~
/dev/shm/velavision-ort-session-20260911/sources/protobuf/src/google/protobuf/arena_impl.h: In constructor 'google::protobuf::internal::SerialArena::Block::Block(google::protobuf::internal::SerialArena::Block*, size_t)':
/dev/shm/velavision-ort-session-20260911/sources/protobuf/src/google/protobuf/arena_impl.h:384:31: warning: declaration of 'size' shadows a member of 'google::protobuf::internal::SerialArena::Block' [-Wshadow]
  384 |     Block(Block* next, size_t size) : next(next), size(size), start(nullptr) {}
      |                        ~~~~~~~^~~~
/dev/shm/velavision-ort-session-20260911/sources/protobuf/src/google/protobuf/arena_impl.h:392:18: note: shadowed declaration is here
  392 |     const size_t size;
      |                  ^~~~
/dev/shm/velavision-ort-session-20260911/sources/protobuf/src/google/protobuf/arena_impl.h:384:18: warning: declaration of 'next' shadows a member of 'google::protobuf::internal::SerialArena::Block' [-Wshadow]
  384 |     Block(Block* next, size_t size) : next(next), size(size), start(nullptr) {}
      |           ~~~~~~~^~~~
/dev/shm/velavision-ort-session-20260911/sources/protobuf/src/google/protobuf/arena_impl.h:391:18: note: shadowed declaration is here
  391 |     Block* const next;
      |                  ^~~~
[246/749] Building CXX object _deps/onnx-build/CMakeFiles/onnx.dir/onnx/defs/training/defs.cc.obj
In file included from /dev/shm/velavision-ort-session-20260911/sources/protobuf/src/google/protobuf/parse_context.h:47,
                 from /dev/shm/velavision-ort-session-20260911/sources/protobuf/src/google/protobuf/extension_set.h:53,
                 from /dev/shm/velavision-ort-session-20260911/build/_deps/onnx-build/onnx/onnx-ml.pb.h:30,
                 from /dev/shm/velavision-ort-session-20260911/sources/onnx/onnx/onnx_pb.h:65,
                 from /dev/shm/velavision-ort-session-20260911/sources/onnx/onnx/onnx-operators_pb.h:7,
                 from /dev/shm/velavision-ort-session-20260911/sources/onnx/onnx/defs/attr_proto_util.h:12,
                 from /dev/shm/velavision-ort-session-20260911/sources/onnx/onnx/defs/function.h:13,
                 from /dev/shm/velavision-ort-session-20260911/sources/onnx/onnx/defs/training/defs.cc:8:
/dev/shm/velavision-ort-session-20260911/sources/protobuf/src/google/protobuf/inlined_string_field.h:430:5: warning: "GOOGLE_PROTOBUF_INTERNAL_DONATE_STEAL_INLINE" is not defined, evaluates to 0 [-Wundef]
  430 | #if GOOGLE_PROTOBUF_INTERNAL_DONATE_STEAL_INLINE
      |     ^~~~~~~~~~~~~~~~~~~~~~~~~~~~~~~~~~~~~~~~~~~~
In file included from /dev/shm/velavision-ort-session-20260911/sources/protobuf/src/google/protobuf/arena.h:52,
                 from /dev/shm/velavision-ort-session-20260911/build/_deps/onnx-build/onnx/onnx-ml.pb.h:24:
/dev/shm/velavision-ort-session-20260911/sources/protobuf/src/google/protobuf/arena_impl.h: In constructor 'google::protobuf::internal::SerialArena::Block::Block(google::protobuf::internal::SerialArena::Block*, size_t)':
/dev/shm/velavision-ort-session-20260911/sources/protobuf/src/google/protobuf/arena_impl.h:384:31: warning: declaration of 'size' shadows a member of 'google::protobuf::internal::SerialArena::Block' [-Wshadow]
  384 |     Block(Block* next, size_t size) : next(next), size(size), start(nullptr) {}
      |                        ~~~~~~~^~~~
/dev/shm/velavision-ort-session-20260911/sources/protobuf/src/google/protobuf/arena_impl.h:392:18: note: shadowed declaration is here
  392 |     const size_t size;
      |                  ^~~~
/dev/shm/velavision-ort-session-20260911/sources/protobuf/src/google/protobuf/arena_impl.h:384:18: warning: declaration of 'next' shadows a member of 'google::protobuf::internal::SerialArena::Block' [-Wshadow]
  384 |     Block(Block* next, size_t size) : next(next), size(size), start(nullptr) {}
      |           ~~~~~~~^~~~
/dev/shm/velavision-ort-session-20260911/sources/protobuf/src/google/protobuf/arena_impl.h:391:18: note: shadowed declaration is here
  391 |     Block* const next;
      |                  ^~~~
/dev/shm/velavision-ort-session-20260911/sources/protobuf/src/google/protobuf/arena_impl.h: In constructor 'google::protobuf::internal::SerialArena::Block::Block(google::protobuf::internal::SerialArena::Block*, size_t)':
/dev/shm/velavision-ort-session-20260911/sources/protobuf/src/google/protobuf/arena_impl.h:384:31: warning: declaration of 'size' shadows a member of 'google::protobuf::internal::SerialArena::Block' [-Wshadow]
  384 |     Block(Block* next, size_t size) : next(next), size(size), start(nullptr) {}
      |                        ~~~~~~~^~~~
/dev/shm/velavision-ort-session-20260911/sources/protobuf/src/google/protobuf/arena_impl.h:392:18: note: shadowed declaration is here
  392 |     const size_t size;
      |                  ^~~~
/dev/shm/velavision-ort-session-20260911/sources/protobuf/src/google/protobuf/arena_impl.h:384:18: warning: declaration of 'next' shadows a member of 'google::protobuf::internal::SerialArena::Block' [-Wshadow]
  384 |     Block(Block* next, size_t size) : next(next), size(size), start(nullptr) {}
      |           ~~~~~~~^~~~
/dev/shm/velavision-ort-session-20260911/sources/protobuf/src/google/protobuf/arena_impl.h:391:18: note: shadowed declaration is here
  391 |     Block* const next;
      |                  ^~~~
/dev/shm/velavision-ort-session-20260911/sources/protobuf/src/google/protobuf/arena_impl.h: In constructor 'google::protobuf::internal::SerialArena::Block::Block(google::protobuf::internal::SerialArena::Block*, size_t)':
/dev/shm/velavision-ort-session-20260911/sources/protobuf/src/google/protobuf/arena_impl.h:384:31: warning: declaration of 'size' shadows a member of 'google::protobuf::internal::SerialArena::Block' [-Wshadow]
  384 |     Block(Block* next, size_t size) : next(next), size(size), start(nullptr) {}
      |                        ~~~~~~~^~~~
/dev/shm/velavision-ort-session-20260911/sources/protobuf/src/google/protobuf/arena_impl.h:392:18: note: shadowed declaration is here
  392 |     const size_t size;
      |                  ^~~~
/dev/shm/velavision-ort-session-20260911/sources/protobuf/src/google/protobuf/arena_impl.h:384:18: warning: declaration of 'next' shadows a member of 'google::protobuf::internal::SerialArena::Block' [-Wshadow]
  384 |     Block(Block* next, size_t size) : next(next), size(size), start(nullptr) {}
      |           ~~~~~~~^~~~
/dev/shm/velavision-ort-session-20260911/sources/protobuf/src/google/protobuf/arena_impl.h:391:18: note: shadowed declaration is here
  391 |     Block* const next;
      |                  ^~~~
/dev/shm/velavision-ort-session-20260911/sources/onnx/onnx/defs/function.h: In constructor 'onnx::FunctionBodyHelper::NodeDef::NodeDef(std::__1::vector<std::__1::basic_string<char> >, std::__1::string, std::__1::vector<std::__1::basic_string<char> >, std::__1::vector<onnx::FunctionBodyHelper::AttributeProtoWrapper>, std::__1::string)':
/dev/shm/velavision-ort-session-20260911/sources/onnx/onnx/defs/function.h:51:21: warning: declaration of 'domain' shadows a member of 'onnx::FunctionBodyHelper::NodeDef' [-Wshadow]
   51 |         std::string domain = "")
      |         ~~~~~~~~~~~~^~~~~~~~~~~
/dev/shm/velavision-ort-session-20260911/sources/onnx/onnx/defs/function.h:62:17: note: shadowed declaration is here
   62 |     std::string domain;
      |                 ^~~~~~
/dev/shm/velavision-ort-session-20260911/sources/onnx/onnx/defs/function.h:50:44: warning: declaration of 'attributes' shadows a member of 'onnx::FunctionBodyHelper::NodeDef' [-Wshadow]
   50 |         std::vector<AttributeProtoWrapper> attributes = {},
      |         ~~~~~~~~~~~~~~~~~~~~~~~~~~~~~~~~~~~^~~~~~~~~~~~~~~
/dev/shm/velavision-ort-session-20260911/sources/onnx/onnx/defs/function.h:61:40: note: shadowed declaration is here
   61 |     std::vector<AttributeProtoWrapper> attributes;
      |                                        ^~~~~~~~~~
/dev/shm/velavision-ort-session-20260911/sources/onnx/onnx/defs/function.h:49:34: warning: declaration of 'inputs' shadows a member of 'onnx::FunctionBodyHelper::NodeDef' [-Wshadow]
   49 |         std::vector<std::string> inputs,
      |         ~~~~~~~~~~~~~~~~~~~~~~~~~^~~~~~
/dev/shm/velavision-ort-session-20260911/sources/onnx/onnx/defs/function.h:60:30: note: shadowed declaration is here
   60 |     std::vector<std::string> inputs;
      |                              ^~~~~~
/dev/shm/velavision-ort-session-20260911/sources/onnx/onnx/defs/function.h:48:21: warning: declaration of 'op_type' shadows a member of 'onnx::FunctionBodyHelper::NodeDef' [-Wshadow]
   48 |         std::string op_type,
      |         ~~~~~~~~~~~~^~~~~~~
/dev/shm/velavision-ort-session-20260911/sources/onnx/onnx/defs/function.h:59:17: note: shadowed declaration is here
   59 |     std::string op_type;
      |                 ^~~~~~~
/dev/shm/velavision-ort-session-20260911/sources/onnx/onnx/defs/function.h:47:34: warning: declaration of 'outputs' shadows a member of 'onnx::FunctionBodyHelper::NodeDef' [-Wshadow]
   47 |         std::vector<std::string> outputs,
      |         ~~~~~~~~~~~~~~~~~~~~~~~~~^~~~~~~
/dev/shm/velavision-ort-session-20260911/sources/onnx/onnx/defs/function.h:58:30: note: shadowed declaration is here
   58 |     std::vector<std::string> outputs;
      |                              ^~~~~~~
/dev/shm/velavision-ort-session-20260911/sources/onnx/onnx/defs/function.h: In constructor 'onnx::FunctionBodyHelper::NodeDef::NodeDef(std::__1::vector<std::__1::basic_string<char> >, std::__1::string, std::__1::vector<std::__1::basic_string<char> >, std::__1::vector<onnx::FunctionBodyHelper::AttributeProtoWrapper>, std::__1::string)':
/dev/shm/velavision-ort-session-20260911/sources/onnx/onnx/defs/function.h:51:21: warning: declaration of 'domain' shadows a member of 'onnx::FunctionBodyHelper::NodeDef' [-Wshadow]
   51 |         std::string domain = "")
      |         ~~~~~~~~~~~~^~~~~~~~~~~
/dev/shm/velavision-ort-session-20260911/sources/onnx/onnx/defs/function.h:62:17: note: shadowed declaration is here
   62 |     std::string domain;
      |                 ^~~~~~
/dev/shm/velavision-ort-session-20260911/sources/onnx/onnx/defs/function.h:50:44: warning: declaration of 'attributes' shadows a member of 'onnx::FunctionBodyHelper::NodeDef' [-Wshadow]
   50 |         std::vector<AttributeProtoWrapper> attributes = {},
      |         ~~~~~~~~~~~~~~~~~~~~~~~~~~~~~~~~~~~^~~~~~~~~~~~~~~
/dev/shm/velavision-ort-session-20260911/sources/onnx/onnx/defs/function.h:61:40: note: shadowed declaration is here
   61 |     std::vector<AttributeProtoWrapper> attributes;
      |                                        ^~~~~~~~~~
/dev/shm/velavision-ort-session-20260911/sources/onnx/onnx/defs/function.h:49:34: warning: declaration of 'inputs' shadows a member of 'onnx::FunctionBodyHelper::NodeDef' [-Wshadow]
   49 |         std::vector<std::string> inputs,
      |         ~~~~~~~~~~~~~~~~~~~~~~~~~^~~~~~
/dev/shm/velavision-ort-session-20260911/sources/onnx/onnx/defs/function.h:60:30: note: shadowed declaration is here
   60 |     std::vector<std::string> inputs;
      |                              ^~~~~~
/dev/shm/velavision-ort-session-20260911/sources/onnx/onnx/defs/function.h:48:21: warning: declaration of 'op_type' shadows a member of 'onnx::FunctionBodyHelper::NodeDef' [-Wshadow]
   48 |         std::string op_type,
      |         ~~~~~~~~~~~~^~~~~~~
/dev/shm/velavision-ort-session-20260911/sources/onnx/onnx/defs/function.h:59:17: note: shadowed declaration is here
   59 |     std::string op_type;
      |                 ^~~~~~~
/dev/shm/velavision-ort-session-20260911/sources/onnx/onnx/defs/function.h:47:34: warning: declaration of 'outputs' shadows a member of 'onnx::FunctionBodyHelper::NodeDef' [-Wshadow]
   47 |         std::vector<std::string> outputs,
      |         ~~~~~~~~~~~~~~~~~~~~~~~~~^~~~~~~
/dev/shm/velavision-ort-session-20260911/sources/onnx/onnx/defs/function.h:58:30: note: shadowed declaration is here
   58 |     std::vector<std::string> outputs;
      |                              ^~~~~~~
/dev/shm/velavision-ort-session-20260911/sources/onnx/onnx/defs/function.h: In constructor 'onnx::FunctionBodyHelper::NodeDef::NodeDef(std::__1::vector<std::__1::basic_string<char> >, std::__1::string, std::__1::vector<std::__1::basic_string<char> >, std::__1::vector<onnx::FunctionBodyHelper::AttributeProtoWrapper>, std::__1::string)':
/dev/shm/velavision-ort-session-20260911/sources/onnx/onnx/defs/function.h:51:21: warning: declaration of 'domain' shadows a member of 'onnx::FunctionBodyHelper::NodeDef' [-Wshadow]
   51 |         std::string domain = "")
      |         ~~~~~~~~~~~~^~~~~~~~~~~
/dev/shm/velavision-ort-session-20260911/sources/onnx/onnx/defs/function.h:62:17: note: shadowed declaration is here
   62 |     std::string domain;
      |                 ^~~~~~
/dev/shm/velavision-ort-session-20260911/sources/onnx/onnx/defs/function.h:50:44: warning: declaration of 'attributes' shadows a member of 'onnx::FunctionBodyHelper::NodeDef' [-Wshadow]
   50 |         std::vector<AttributeProtoWrapper> attributes = {},
      |         ~~~~~~~~~~~~~~~~~~~~~~~~~~~~~~~~~~~^~~~~~~~~~~~~~~
/dev/shm/velavision-ort-session-20260911/sources/onnx/onnx/defs/function.h:61:40: note: shadowed declaration is here
   61 |     std::vector<AttributeProtoWrapper> attributes;
      |                                        ^~~~~~~~~~
/dev/shm/velavision-ort-session-20260911/sources/onnx/onnx/defs/function.h:49:34: warning: declaration of 'inputs' shadows a member of 'onnx::FunctionBodyHelper::NodeDef' [-Wshadow]
   49 |         std::vector<std::string> inputs,
      |         ~~~~~~~~~~~~~~~~~~~~~~~~~^~~~~~
/dev/shm/velavision-ort-session-20260911/sources/onnx/onnx/defs/function.h:60:30: note: shadowed declaration is here
   60 |     std::vector<std::string> inputs;
      |                              ^~~~~~
/dev/shm/velavision-ort-session-20260911/sources/onnx/onnx/defs/function.h:48:21: warning: declaration of 'op_type' shadows a member of 'onnx::FunctionBodyHelper::NodeDef' [-Wshadow]
   48 |         std::string op_type,
      |         ~~~~~~~~~~~~^~~~~~~
/dev/shm/velavision-ort-session-20260911/sources/onnx/onnx/defs/function.h:59:17: note: shadowed declaration is here
   59 |     std::string op_type;
      |                 ^~~~~~~
/dev/shm/velavision-ort-session-20260911/sources/onnx/onnx/defs/function.h:47:34: warning: declaration of 'outputs' shadows a member of 'onnx::FunctionBodyHelper::NodeDef' [-Wshadow]
   47 |         std::vector<std::string> outputs,
      |         ~~~~~~~~~~~~~~~~~~~~~~~~~^~~~~~~
/dev/shm/velavision-ort-session-20260911/sources/onnx/onnx/defs/function.h:58:30: note: shadowed declaration is here
   58 |     std::vector<std::string> outputs;
      |                              ^~~~~~~
[247/749] Building CXX object _deps/onnx-build/CMakeFiles/onnx.dir/onnx/inliner/inliner.cc.obj
In file included from /dev/shm/velavision-ort-session-20260911/sources/protobuf/src/google/protobuf/parse_context.h:47,
                 from /dev/shm/velavision-ort-session-20260911/sources/protobuf/src/google/protobuf/extension_set.h:53,
                 from /dev/shm/velavision-ort-session-20260911/build/_deps/onnx-build/onnx/onnx-ml.pb.h:30,
                 from /dev/shm/velavision-ort-session-20260911/sources/onnx/onnx/onnx_pb.h:65,
                 from /dev/shm/velavision-ort-session-20260911/sources/onnx/onnx/inliner/inliner.h:12,
                 from /dev/shm/velavision-ort-session-20260911/sources/onnx/onnx/inliner/inliner.cc:7:
/dev/shm/velavision-ort-session-20260911/sources/protobuf/src/google/protobuf/inlined_string_field.h:430:5: warning: "GOOGLE_PROTOBUF_INTERNAL_DONATE_STEAL_INLINE" is not defined, evaluates to 0 [-Wundef]
  430 | #if GOOGLE_PROTOBUF_INTERNAL_DONATE_STEAL_INLINE
      |     ^~~~~~~~~~~~~~~~~~~~~~~~~~~~~~~~~~~~~~~~~~~~
In file included from /dev/shm/velavision-ort-session-20260911/sources/protobuf/src/google/protobuf/arena.h:52,
                 from /dev/shm/velavision-ort-session-20260911/build/_deps/onnx-build/onnx/onnx-ml.pb.h:24:
/dev/shm/velavision-ort-session-20260911/sources/protobuf/src/google/protobuf/arena_impl.h: In constructor 'google::protobuf::internal::SerialArena::Block::Block(google::protobuf::internal::SerialArena::Block*, size_t)':
/dev/shm/velavision-ort-session-20260911/sources/protobuf/src/google/protobuf/arena_impl.h:384:31: warning: declaration of 'size' shadows a member of 'google::protobuf::internal::SerialArena::Block' [-Wshadow]
  384 |     Block(Block* next, size_t size) : next(next), size(size), start(nullptr) {}
      |                        ~~~~~~~^~~~
/dev/shm/velavision-ort-session-20260911/sources/protobuf/src/google/protobuf/arena_impl.h:392:18: note: shadowed declaration is here
  392 |     const size_t size;
      |                  ^~~~
/dev/shm/velavision-ort-session-20260911/sources/protobuf/src/google/protobuf/arena_impl.h:384:18: warning: declaration of 'next' shadows a member of 'google::protobuf::internal::SerialArena::Block' [-Wshadow]
  384 |     Block(Block* next, size_t size) : next(next), size(size), start(nullptr) {}
      |           ~~~~~~~^~~~
/dev/shm/velavision-ort-session-20260911/sources/protobuf/src/google/protobuf/arena_impl.h:391:18: note: shadowed declaration is here
  391 |     Block* const next;
      |                  ^~~~
/dev/shm/velavision-ort-session-20260911/sources/protobuf/src/google/protobuf/arena_impl.h: In constructor 'google::protobuf::internal::SerialArena::Block::Block(google::protobuf::internal::SerialArena::Block*, size_t)':
/dev/shm/velavision-ort-session-20260911/sources/protobuf/src/google/protobuf/arena_impl.h:384:31: warning: declaration of 'size' shadows a member of 'google::protobuf::internal::SerialArena::Block' [-Wshadow]
  384 |     Block(Block* next, size_t size) : next(next), size(size), start(nullptr) {}
      |                        ~~~~~~~^~~~
/dev/shm/velavision-ort-session-20260911/sources/protobuf/src/google/protobuf/arena_impl.h:392:18: note: shadowed declaration is here
  392 |     const size_t size;
      |                  ^~~~
/dev/shm/velavision-ort-session-20260911/sources/protobuf/src/google/protobuf/arena_impl.h:384:18: warning: declaration of 'next' shadows a member of 'google::protobuf::internal::SerialArena::Block' [-Wshadow]
  384 |     Block(Block* next, size_t size) : next(next), size(size), start(nullptr) {}
      |           ~~~~~~~^~~~
/dev/shm/velavision-ort-session-20260911/sources/protobuf/src/google/protobuf/arena_impl.h:391:18: note: shadowed declaration is here
  391 |     Block* const next;
      |                  ^~~~
/dev/shm/velavision-ort-session-20260911/sources/protobuf/src/google/protobuf/arena_impl.h: In constructor 'google::protobuf::internal::SerialArena::Block::Block(google::protobuf::internal::SerialArena::Block*, size_t)':
/dev/shm/velavision-ort-session-20260911/sources/protobuf/src/google/protobuf/arena_impl.h:384:31: warning: declaration of 'size' shadows a member of 'google::protobuf::internal::SerialArena::Block' [-Wshadow]
  384 |     Block(Block* next, size_t size) : next(next), size(size), start(nullptr) {}
      |                        ~~~~~~~^~~~
/dev/shm/velavision-ort-session-20260911/sources/protobuf/src/google/protobuf/arena_impl.h:392:18: note: shadowed declaration is here
  392 |     const size_t size;
      |                  ^~~~
/dev/shm/velavision-ort-session-20260911/sources/protobuf/src/google/protobuf/arena_impl.h:384:18: warning: declaration of 'next' shadows a member of 'google::protobuf::internal::SerialArena::Block' [-Wshadow]
  384 |     Block(Block* next, size_t size) : next(next), size(size), start(nullptr) {}
      |           ~~~~~~~^~~~
/dev/shm/velavision-ort-session-20260911/sources/protobuf/src/google/protobuf/arena_impl.h:391:18: note: shadowed declaration is here
  391 |     Block* const next;
      |                  ^~~~
In file included from /dev/shm/velavision-ort-session-20260911/sources/onnx/onnx/inliner/inliner.cc:18:
/dev/shm/velavision-ort-session-20260911/sources/onnx/onnx/common/interned_strings.h: In constructor 'onnx::Symbol::Symbol(onnx::BuiltinSymbol)':
/dev/shm/velavision-ort-session-20260911/sources/onnx/onnx/common/interned_strings.h:199:37: warning: declaration of 'value' shadows a member of 'onnx::Symbol' [-Wshadow]
  199 |   /*implicit*/ Symbol(BuiltinSymbol value) : value(value) {}
      |                       ~~~~~~~~~~~~~~^~~~~
/dev/shm/velavision-ort-session-20260911/sources/onnx/onnx/common/interned_strings.h:209:12: note: shadowed declaration is here
  209 |   uint32_t value;
      |            ^~~~~
/dev/shm/velavision-ort-session-20260911/sources/onnx/onnx/common/interned_strings.h: In constructor 'onnx::Symbol::Symbol(onnx::BuiltinSymbol)':
/dev/shm/velavision-ort-session-20260911/sources/onnx/onnx/common/interned_strings.h:199:37: warning: declaration of 'value' shadows a member of 'onnx::Symbol' [-Wshadow]
  199 |   /*implicit*/ Symbol(BuiltinSymbol value) : value(value) {}
      |                       ~~~~~~~~~~~~~~^~~~~
/dev/shm/velavision-ort-session-20260911/sources/onnx/onnx/common/interned_strings.h:209:12: note: shadowed declaration is here
  209 |   uint32_t value;
      |            ^~~~~
/dev/shm/velavision-ort-session-20260911/sources/onnx/onnx/common/interned_strings.h: In constructor 'onnx::Symbol::Symbol(onnx::BuiltinSymbol)':
/dev/shm/velavision-ort-session-20260911/sources/onnx/onnx/common/interned_strings.h:199:37: warning: declaration of 'value' shadows a member of 'onnx::Symbol' [-Wshadow]
  199 |   /*implicit*/ Symbol(BuiltinSymbol value) : value(value) {}
      |                       ~~~~~~~~~~~~~~^~~~~
/dev/shm/velavision-ort-session-20260911/sources/onnx/onnx/common/interned_strings.h:209:12: note: shadowed declaration is here
  209 |   uint32_t value;
      |            ^~~~~
/dev/shm/velavision-ort-session-20260911/sources/onnx/onnx/common/interned_strings.h: In constructor 'onnx::Symbol::Symbol(uint32_t)':
/dev/shm/velavision-ort-session-20260911/sources/onnx/onnx/common/interned_strings.h:201:28: warning: declaration of 'value' shadows a member of 'onnx::Symbol' [-Wshadow]
  201 |   explicit Symbol(uint32_t value) : value(value) {}
      |                   ~~~~~~~~~^~~~~
/dev/shm/velavision-ort-session-20260911/sources/onnx/onnx/common/interned_strings.h:209:12: note: shadowed declaration is here
  209 |   uint32_t value;
      |            ^~~~~
/dev/shm/velavision-ort-session-20260911/sources/onnx/onnx/common/interned_strings.h: In constructor 'onnx::Symbol::Symbol(uint32_t)':
/dev/shm/velavision-ort-session-20260911/sources/onnx/onnx/common/interned_strings.h:201:28: warning: declaration of 'value' shadows a member of 'onnx::Symbol' [-Wshadow]
  201 |   explicit Symbol(uint32_t value) : value(value) {}
      |                   ~~~~~~~~~^~~~~
/dev/shm/velavision-ort-session-20260911/sources/onnx/onnx/common/interned_strings.h:209:12: note: shadowed declaration is here
  209 |   uint32_t value;
      |            ^~~~~
/dev/shm/velavision-ort-session-20260911/sources/onnx/onnx/common/interned_strings.h: In constructor 'onnx::Symbol::Symbol(uint32_t)':
/dev/shm/velavision-ort-session-20260911/sources/onnx/onnx/common/interned_strings.h:201:28: warning: declaration of 'value' shadows a member of 'onnx::Symbol' [-Wshadow]
  201 |   explicit Symbol(uint32_t value) : value(value) {}
      |                   ~~~~~~~~~^~~~~
/dev/shm/velavision-ort-session-20260911/sources/onnx/onnx/common/interned_strings.h:209:12: note: shadowed declaration is here
  209 |   uint32_t value;
      |            ^~~~~
In file included from /dev/shm/velavision-ort-session-20260911/sources/onnx/onnx/shape_inference/implementation.h:15,
                 from /dev/shm/velavision-ort-session-20260911/sources/onnx/onnx/inliner/inliner.cc:21:
/dev/shm/velavision-ort-session-20260911/sources/onnx/onnx/defs/function.h: In constructor 'onnx::FunctionBodyHelper::NodeDef::NodeDef(std::__1::vector<std::__1::basic_string<char> >, std::__1::string, std::__1::vector<std::__1::basic_string<char> >, std::__1::vector<onnx::FunctionBodyHelper::AttributeProtoWrapper>, std::__1::string)':
/dev/shm/velavision-ort-session-20260911/sources/onnx/onnx/defs/function.h:51:21: warning: declaration of 'domain' shadows a member of 'onnx::FunctionBodyHelper::NodeDef' [-Wshadow]
   51 |         std::string domain = "")
      |         ~~~~~~~~~~~~^~~~~~~~~~~
/dev/shm/velavision-ort-session-20260911/sources/onnx/onnx/defs/function.h:62:17: note: shadowed declaration is here
   62 |     std::string domain;
      |                 ^~~~~~
/dev/shm/velavision-ort-session-20260911/sources/onnx/onnx/defs/function.h:50:44: warning: declaration of 'attributes' shadows a member of 'onnx::FunctionBodyHelper::NodeDef' [-Wshadow]
   50 |         std::vector<AttributeProtoWrapper> attributes = {},
      |         ~~~~~~~~~~~~~~~~~~~~~~~~~~~~~~~~~~~^~~~~~~~~~~~~~~
/dev/shm/velavision-ort-session-20260911/sources/onnx/onnx/defs/function.h:61:40: note: shadowed declaration is here
   61 |     std::vector<AttributeProtoWrapper> attributes;
      |                                        ^~~~~~~~~~
/dev/shm/velavision-ort-session-20260911/sources/onnx/onnx/defs/function.h:49:34: warning: declaration of 'inputs' shadows a member of 'onnx::FunctionBodyHelper::NodeDef' [-Wshadow]
   49 |         std::vector<std::string> inputs,
      |         ~~~~~~~~~~~~~~~~~~~~~~~~~^~~~~~
/dev/shm/velavision-ort-session-20260911/sources/onnx/onnx/defs/function.h:60:30: note: shadowed declaration is here
   60 |     std::vector<std::string> inputs;
      |                              ^~~~~~
/dev/shm/velavision-ort-session-20260911/sources/onnx/onnx/defs/function.h:48:21: warning: declaration of 'op_type' shadows a member of 'onnx::FunctionBodyHelper::NodeDef' [-Wshadow]
   48 |         std::string op_type,
      |         ~~~~~~~~~~~~^~~~~~~
/dev/shm/velavision-ort-session-20260911/sources/onnx/onnx/defs/function.h:59:17: note: shadowed declaration is here
   59 |     std::string op_type;
      |                 ^~~~~~~
/dev/shm/velavision-ort-session-20260911/sources/onnx/onnx/defs/function.h:47:34: warning: declaration of 'outputs' shadows a member of 'onnx::FunctionBodyHelper::NodeDef' [-Wshadow]
   47 |         std::vector<std::string> outputs,
      |         ~~~~~~~~~~~~~~~~~~~~~~~~~^~~~~~~
/dev/shm/velavision-ort-session-20260911/sources/onnx/onnx/defs/function.h:58:30: note: shadowed declaration is here
   58 |     std::vector<std::string> outputs;
      |                              ^~~~~~~
/dev/shm/velavision-ort-session-20260911/sources/onnx/onnx/defs/function.h: In constructor 'onnx::FunctionBodyHelper::NodeDef::NodeDef(std::__1::vector<std::__1::basic_string<char> >, std::__1::string, std::__1::vector<std::__1::basic_string<char> >, std::__1::vector<onnx::FunctionBodyHelper::AttributeProtoWrapper>, std::__1::string)':
/dev/shm/velavision-ort-session-20260911/sources/onnx/onnx/defs/function.h:51:21: warning: declaration of 'domain' shadows a member of 'onnx::FunctionBodyHelper::NodeDef' [-Wshadow]
   51 |         std::string domain = "")
      |         ~~~~~~~~~~~~^~~~~~~~~~~
/dev/shm/velavision-ort-session-20260911/sources/onnx/onnx/defs/function.h:62:17: note: shadowed declaration is here
   62 |     std::string domain;
      |                 ^~~~~~
/dev/shm/velavision-ort-session-20260911/sources/onnx/onnx/defs/function.h:50:44: warning: declaration of 'attributes' shadows a member of 'onnx::FunctionBodyHelper::NodeDef' [-Wshadow]
   50 |         std::vector<AttributeProtoWrapper> attributes = {},
      |         ~~~~~~~~~~~~~~~~~~~~~~~~~~~~~~~~~~~^~~~~~~~~~~~~~~
/dev/shm/velavision-ort-session-20260911/sources/onnx/onnx/defs/function.h:61:40: note: shadowed declaration is here
   61 |     std::vector<AttributeProtoWrapper> attributes;
      |                                        ^~~~~~~~~~
/dev/shm/velavision-ort-session-20260911/sources/onnx/onnx/defs/function.h:49:34: warning: declaration of 'inputs' shadows a member of 'onnx::FunctionBodyHelper::NodeDef' [-Wshadow]
   49 |         std::vector<std::string> inputs,
      |         ~~~~~~~~~~~~~~~~~~~~~~~~~^~~~~~
/dev/shm/velavision-ort-session-20260911/sources/onnx/onnx/defs/function.h:60:30: note: shadowed declaration is here
   60 |     std::vector<std::string> inputs;
      |                              ^~~~~~
/dev/shm/velavision-ort-session-20260911/sources/onnx/onnx/defs/function.h:48:21: warning: declaration of 'op_type' shadows a member of 'onnx::FunctionBodyHelper::NodeDef' [-Wshadow]
   48 |         std::string op_type,
      |         ~~~~~~~~~~~~^~~~~~~
/dev/shm/velavision-ort-session-20260911/sources/onnx/onnx/defs/function.h:59:17: note: shadowed declaration is here
   59 |     std::string op_type;
      |                 ^~~~~~~
/dev/shm/velavision-ort-session-20260911/sources/onnx/onnx/defs/function.h:47:34: warning: declaration of 'outputs' shadows a member of 'onnx::FunctionBodyHelper::NodeDef' [-Wshadow]
   47 |         std::vector<std::string> outputs,
      |         ~~~~~~~~~~~~~~~~~~~~~~~~~^~~~~~~
/dev/shm/velavision-ort-session-20260911/sources/onnx/onnx/defs/function.h:58:30: note: shadowed declaration is here
   58 |     std::vector<std::string> outputs;
      |                              ^~~~~~~
/dev/shm/velavision-ort-session-20260911/sources/onnx/onnx/defs/function.h: In constructor 'onnx::FunctionBodyHelper::NodeDef::NodeDef(std::__1::vector<std::__1::basic_string<char> >, std::__1::string, std::__1::vector<std::__1::basic_string<char> >, std::__1::vector<onnx::FunctionBodyHelper::AttributeProtoWrapper>, std::__1::string)':
/dev/shm/velavision-ort-session-20260911/sources/onnx/onnx/defs/function.h:51:21: warning: declaration of 'domain' shadows a member of 'onnx::FunctionBodyHelper::NodeDef' [-Wshadow]
   51 |         std::string domain = "")
      |         ~~~~~~~~~~~~^~~~~~~~~~~
/dev/shm/velavision-ort-session-20260911/sources/onnx/onnx/defs/function.h:62:17: note: shadowed declaration is here
   62 |     std::string domain;
      |                 ^~~~~~
/dev/shm/velavision-ort-session-20260911/sources/onnx/onnx/defs/function.h:50:44: warning: declaration of 'attributes' shadows a member of 'onnx::FunctionBodyHelper::NodeDef' [-Wshadow]
   50 |         std::vector<AttributeProtoWrapper> attributes = {},
      |         ~~~~~~~~~~~~~~~~~~~~~~~~~~~~~~~~~~~^~~~~~~~~~~~~~~
/dev/shm/velavision-ort-session-20260911/sources/onnx/onnx/defs/function.h:61:40: note: shadowed declaration is here
   61 |     std::vector<AttributeProtoWrapper> attributes;
      |                                        ^~~~~~~~~~
/dev/shm/velavision-ort-session-20260911/sources/onnx/onnx/defs/function.h:49:34: warning: declaration of 'inputs' shadows a member of 'onnx::FunctionBodyHelper::NodeDef' [-Wshadow]
   49 |         std::vector<std::string> inputs,
      |         ~~~~~~~~~~~~~~~~~~~~~~~~~^~~~~~
/dev/shm/velavision-ort-session-20260911/sources/onnx/onnx/defs/function.h:60:30: note: shadowed declaration is here
   60 |     std::vector<std::string> inputs;
      |                              ^~~~~~
/dev/shm/velavision-ort-session-20260911/sources/onnx/onnx/defs/function.h:48:21: warning: declaration of 'op_type' shadows a member of 'onnx::FunctionBodyHelper::NodeDef' [-Wshadow]
   48 |         std::string op_type,
      |         ~~~~~~~~~~~~^~~~~~~
/dev/shm/velavision-ort-session-20260911/sources/onnx/onnx/defs/function.h:59:17: note: shadowed declaration is here
   59 |     std::string op_type;
      |                 ^~~~~~~
/dev/shm/velavision-ort-session-20260911/sources/onnx/onnx/defs/function.h:47:34: warning: declaration of 'outputs' shadows a member of 'onnx::FunctionBodyHelper::NodeDef' [-Wshadow]
   47 |         std::vector<std::string> outputs,
      |         ~~~~~~~~~~~~~~~~~~~~~~~~~^~~~~~~
/dev/shm/velavision-ort-session-20260911/sources/onnx/onnx/defs/function.h:58:30: note: shadowed declaration is here
   58 |     std::vector<std::string> outputs;
      |                              ^~~~~~~
In file included from /dev/shm/velavision-ort-session-20260911/sources/onnx/onnx/common/ir.h:31,
                 from /dev/shm/velavision-ort-session-20260911/sources/onnx/onnx/version_converter/BaseConverter.h:20,
                 from /dev/shm/velavision-ort-session-20260911/sources/onnx/onnx/version_converter/convert.h:19,
                 from /dev/shm/velavision-ort-session-20260911/sources/onnx/onnx/inliner/inliner.cc:22:
/dev/shm/velavision-ort-session-20260911/sources/onnx/onnx/common/graph_node_list.h: In constructor 'onnx::generic_graph_node_list_iterator<T>::generic_graph_node_list_iterator(T*, size_t)':
/dev/shm/velavision-ort-session-20260911/sources/onnx/onnx/common/graph_node_list.h:54:51: warning: declaration of 'd' shadows a member of 'onnx::generic_graph_node_list_iterator<T>' [-Wshadow]
   54 |   generic_graph_node_list_iterator(T* cur, size_t d) : cur(cur), d(d) {}
      |                                            ~~~~~~~^
/dev/shm/velavision-ort-session-20260911/sources/onnx/onnx/common/graph_node_list.h:100:10: note: shadowed declaration is here
  100 |   size_t d; // direction 0 is forward 1 is reverse, see next_in_graph
      |          ^
/dev/shm/velavision-ort-session-20260911/sources/onnx/onnx/common/graph_node_list.h:54:39: warning: declaration of 'cur' shadows a member of 'onnx::generic_graph_node_list_iterator<T>' [-Wshadow]
   54 |   generic_graph_node_list_iterator(T* cur, size_t d) : cur(cur), d(d) {}
      |                                    ~~~^~~
/dev/shm/velavision-ort-session-20260911/sources/onnx/onnx/common/graph_node_list.h:99:6: note: shadowed declaration is here
   99 |   T* cur;
      |      ^~~
/dev/shm/velavision-ort-session-20260911/sources/onnx/onnx/common/graph_node_list.h: In constructor 'onnx::generic_graph_node_list<T>::generic_graph_node_list(T*, size_t)':
/dev/shm/velavision-ort-session-20260911/sources/onnx/onnx/common/graph_node_list.h:137:43: warning: declaration of 'd' shadows a member of 'onnx::generic_graph_node_list<T>' [-Wshadow]
  137 |   generic_graph_node_list(T* head, size_t d) : head(head), d(d) {}
      |                                    ~~~~~~~^
/dev/shm/velavision-ort-session-20260911/sources/onnx/onnx/common/graph_node_list.h:141:10: note: shadowed declaration is here
  141 |   size_t d;
      |          ^
/dev/shm/velavision-ort-session-20260911/sources/onnx/onnx/common/graph_node_list.h:137:30: warning: declaration of 'head' shadows a member of 'onnx::generic_graph_node_list<T>' [-Wshadow]
  137 |   generic_graph_node_list(T* head, size_t d) : head(head), d(d) {}
      |                           ~~~^~~~
/dev/shm/velavision-ort-session-20260911/sources/onnx/onnx/common/graph_node_list.h:140:6: note: shadowed declaration is here
  140 |   T* head;
      |      ^~~~
/dev/shm/velavision-ort-session-20260911/sources/onnx/onnx/common/ir.h: In constructor 'onnx::Dimension::Dimension(std::__1::string)':
/dev/shm/velavision-ort-session-20260911/sources/onnx/onnx/common/ir.h:78:25: warning: declaration of 'param' shadows a member of 'onnx::Dimension' [-Wshadow]
   78 |   Dimension(std::string param) : is_unknown(false), is_int(false), dim(-1), param(std::move(param)) {} // NOLINT
      |             ~~~~~~~~~~~~^~~~~
/dev/shm/velavision-ort-session-20260911/sources/onnx/onnx/common/ir.h:84:15: note: shadowed declaration is here
   84 |   std::string param;
      |               ^~~~~
/dev/shm/velavision-ort-session-20260911/sources/onnx/onnx/common/ir.h: In constructor 'onnx::Dimension::Dimension(std::__1::string)':
/dev/shm/velavision-ort-session-20260911/sources/onnx/onnx/common/ir.h:78:25: warning: declaration of 'param' shadows a member of 'onnx::Dimension' [-Wshadow]
   78 |   Dimension(std::string param) : is_unknown(false), is_int(false), dim(-1), param(std::move(param)) {} // NOLINT
      |             ~~~~~~~~~~~~^~~~~
/dev/shm/velavision-ort-session-20260911/sources/onnx/onnx/common/ir.h:84:15: note: shadowed declaration is here
   84 |   std::string param;
      |               ^~~~~
/dev/shm/velavision-ort-session-20260911/sources/onnx/onnx/common/ir.h: In constructor 'onnx::Dimension::Dimension(std::__1::string)':
/dev/shm/velavision-ort-session-20260911/sources/onnx/onnx/common/ir.h:78:25: warning: declaration of 'param' shadows a member of 'onnx::Dimension' [-Wshadow]
   78 |   Dimension(std::string param) : is_unknown(false), is_int(false), dim(-1), param(std::move(param)) {} // NOLINT
      |             ~~~~~~~~~~~~^~~~~
/dev/shm/velavision-ort-session-20260911/sources/onnx/onnx/common/ir.h:84:15: note: shadowed declaration is here
   84 |   std::string param;
      |               ^~~~~
/dev/shm/velavision-ort-session-20260911/sources/onnx/onnx/common/ir.h: In constructor 'onnx::Dimension::Dimension(int64_t)':
/dev/shm/velavision-ort-session-20260911/sources/onnx/onnx/common/ir.h:79:21: warning: declaration of 'dim' shadows a member of 'onnx::Dimension' [-Wshadow]
   79 |   Dimension(int64_t dim) : is_unknown(false), is_int(true), dim(dim) {} // NOLINT
      |             ~~~~~~~~^~~
/dev/shm/velavision-ort-session-20260911/sources/onnx/onnx/common/ir.h:83:11: note: shadowed declaration is here
   83 |   int64_t dim;
      |           ^~~
/dev/shm/velavision-ort-session-20260911/sources/onnx/onnx/common/ir.h: In constructor 'onnx::Dimension::Dimension(int64_t)':
/dev/shm/velavision-ort-session-20260911/sources/onnx/onnx/common/ir.h:79:21: warning: declaration of 'dim' shadows a member of 'onnx::Dimension' [-Wshadow]
   79 |   Dimension(int64_t dim) : is_unknown(false), is_int(true), dim(dim) {} // NOLINT
      |             ~~~~~~~~^~~
/dev/shm/velavision-ort-session-20260911/sources/onnx/onnx/common/ir.h:83:11: note: shadowed declaration is here
   83 |   int64_t dim;
      |           ^~~
/dev/shm/velavision-ort-session-20260911/sources/onnx/onnx/common/ir.h: In constructor 'onnx::Dimension::Dimension(int64_t)':
/dev/shm/velavision-ort-session-20260911/sources/onnx/onnx/common/ir.h:79:21: warning: declaration of 'dim' shadows a member of 'onnx::Dimension' [-Wshadow]
   79 |   Dimension(int64_t dim) : is_unknown(false), is_int(true), dim(dim) {} // NOLINT
      |             ~~~~~~~~^~~
/dev/shm/velavision-ort-session-20260911/sources/onnx/onnx/common/ir.h:83:11: note: shadowed declaration is here
   83 |   int64_t dim;
      |           ^~~
/dev/shm/velavision-ort-session-20260911/sources/onnx/onnx/common/ir.h: In constructor 'onnx::AttributeValue::AttributeValue(onnx::Symbol)':
/dev/shm/velavision-ort-session-20260911/sources/onnx/onnx/common/ir.h:111:34: warning: declaration of 'name' shadows a member of 'onnx::AttributeValue' [-Wshadow]
  111 |   explicit AttributeValue(Symbol name) : name(name) {}
      |                           ~~~~~~~^~~~
/dev/shm/velavision-ort-session-20260911/sources/onnx/onnx/common/ir.h:113:10: note: shadowed declaration is here
  113 |   Symbol name;
      |          ^~~~
/dev/shm/velavision-ort-session-20260911/sources/onnx/onnx/common/ir.h: In constructor 'onnx::AttributeValue::AttributeValue(onnx::Symbol)':
/dev/shm/velavision-ort-session-20260911/sources/onnx/onnx/common/ir.h:111:34: warning: declaration of 'name' shadows a member of 'onnx::AttributeValue' [-Wshadow]
  111 |   explicit AttributeValue(Symbol name) : name(name) {}
      |                           ~~~~~~~^~~~
/dev/shm/velavision-ort-session-20260911/sources/onnx/onnx/common/ir.h:113:10: note: shadowed declaration is here
  113 |   Symbol name;
      |          ^~~~
/dev/shm/velavision-ort-session-20260911/sources/onnx/onnx/common/ir.h: In constructor 'onnx::AttributeValue::AttributeValue(onnx::Symbol)':
/dev/shm/velavision-ort-session-20260911/sources/onnx/onnx/common/ir.h:111:34: warning: declaration of 'name' shadows a member of 'onnx::AttributeValue' [-Wshadow]
  111 |   explicit AttributeValue(Symbol name) : name(name) {}
      |                           ~~~~~~~^~~~
/dev/shm/velavision-ort-session-20260911/sources/onnx/onnx/common/ir.h:113:10: note: shadowed declaration is here
  113 |   Symbol name;
      |          ^~~~
/dev/shm/velavision-ort-session-20260911/sources/onnx/onnx/common/ir.h: In constructor 'onnx::ScalarAttributeValue<T, Kind>::ScalarAttributeValue(onnx::Symbol, ConstructorType)':
/dev/shm/velavision-ort-session-20260911/sources/onnx/onnx/common/ir.h:123:53: warning: declaration of 'value_' shadows a member of 'onnx::ScalarAttributeValue<T, Kind>' [-Wshadow]
  123 |   ScalarAttributeValue(Symbol name, ConstructorType value_) : AttributeValue(name), value_(value_) {}
      |                                     ~~~~~~~~~~~~~~~~^~~~~~
/dev/shm/velavision-ort-session-20260911/sources/onnx/onnx/common/ir.h:135:13: note: shadowed declaration is here
  135 |   ValueType value_;
      |             ^~~~~~
/dev/shm/velavision-ort-session-20260911/sources/onnx/onnx/common/ir.h:123:31: warning: declaration of 'name' shadows a member of 'onnx::ScalarAttributeValue<T, Kind>' [-Wshadow]
  123 |   ScalarAttributeValue(Symbol name, ConstructorType value_) : AttributeValue(name), value_(value_) {}
      |                        ~~~~~~~^~~~
/dev/shm/velavision-ort-session-20260911/sources/onnx/onnx/common/ir.h:113:10: note: shadowed declaration is here
  113 |   Symbol name;
      |          ^~~~
/dev/shm/velavision-ort-session-20260911/sources/onnx/onnx/common/ir.h: In constructor 'onnx::VectorAttributeValue<T, Kind>::VectorAttributeValue(onnx::Symbol, ConstructorType)':
/dev/shm/velavision-ort-session-20260911/sources/onnx/onnx/common/ir.h:142:53: warning: declaration of 'value_' shadows a member of 'onnx::VectorAttributeValue<T, Kind>' [-Wshadow]
  142 |   VectorAttributeValue(Symbol name, ConstructorType value_) : AttributeValue(name), value_(std::move(value_)) {}
      |                                     ~~~~~~~~~~~~~~~~^~~~~~
/dev/shm/velavision-ort-session-20260911/sources/onnx/onnx/common/ir.h:155:13: note: shadowed declaration is here
  155 |   ValueType value_;
      |             ^~~~~~
/dev/shm/velavision-ort-session-20260911/sources/onnx/onnx/common/ir.h:142:31: warning: declaration of 'name' shadows a member of 'onnx::VectorAttributeValue<T, Kind>' [-Wshadow]
  142 |   VectorAttributeValue(Symbol name, ConstructorType value_) : AttributeValue(name), value_(std::move(value_)) {}
      |                        ~~~~~~~^~~~
/dev/shm/velavision-ort-session-20260911/sources/onnx/onnx/common/ir.h:113:10: note: shadowed declaration is here
  113 |   Symbol name;
      |          ^~~~
/dev/shm/velavision-ort-session-20260911/sources/onnx/onnx/common/ir.h: In constructor 'onnx::Use::Use(onnx::Node*, size_t)':
/dev/shm/velavision-ort-session-20260911/sources/onnx/onnx/common/ir.h:279:26: warning: declaration of 'offset' shadows a member of 'onnx::Use' [-Wshadow]
  279 |   Use(Node* user, size_t offset) : user(user), offset(offset) {}
      |                   ~~~~~~~^~~~~~
/dev/shm/velavision-ort-session-20260911/sources/onnx/onnx/common/ir.h:281:10: note: shadowed declaration is here
  281 |   size_t offset;
      |          ^~~~~~
/dev/shm/velavision-ort-session-20260911/sources/onnx/onnx/common/ir.h:279:13: warning: declaration of 'user' shadows a member of 'onnx::Use' [-Wshadow]
  279 |   Use(Node* user, size_t offset) : user(user), offset(offset) {}
      |       ~~~~~~^~~~
/dev/shm/velavision-ort-session-20260911/sources/onnx/onnx/common/ir.h:280:9: note: shadowed declaration is here
  280 |   Node* user;
      |         ^~~~
/dev/shm/velavision-ort-session-20260911/sources/onnx/onnx/common/ir.h: In constructor 'onnx::Use::Use(onnx::Node*, size_t)':
/dev/shm/velavision-ort-session-20260911/sources/onnx/onnx/common/ir.h:279:26: warning: declaration of 'offset' shadows a member of 'onnx::Use' [-Wshadow]
  279 |   Use(Node* user, size_t offset) : user(user), offset(offset) {}
      |                   ~~~~~~~^~~~~~
/dev/shm/velavision-ort-session-20260911/sources/onnx/onnx/common/ir.h:281:10: note: shadowed declaration is here
  281 |   size_t offset;
      |          ^~~~~~
/dev/shm/velavision-ort-session-20260911/sources/onnx/onnx/common/ir.h:279:13: warning: declaration of 'user' shadows a member of 'onnx::Use' [-Wshadow]
  279 |   Use(Node* user, size_t offset) : user(user), offset(offset) {}
      |       ~~~~~~^~~~
/dev/shm/velavision-ort-session-20260911/sources/onnx/onnx/common/ir.h:280:9: note: shadowed declaration is here
  280 |   Node* user;
      |         ^~~~
/dev/shm/velavision-ort-session-20260911/sources/onnx/onnx/common/ir.h: In constructor 'onnx::Use::Use(onnx::Node*, size_t)':
/dev/shm/velavision-ort-session-20260911/sources/onnx/onnx/common/ir.h:279:26: warning: declaration of 'offset' shadows a member of 'onnx::Use' [-Wshadow]
  279 |   Use(Node* user, size_t offset) : user(user), offset(offset) {}
      |                   ~~~~~~~^~~~~~
/dev/shm/velavision-ort-session-20260911/sources/onnx/onnx/common/ir.h:281:10: note: shadowed declaration is here
  281 |   size_t offset;
      |          ^~~~~~
/dev/shm/velavision-ort-session-20260911/sources/onnx/onnx/common/ir.h:279:13: warning: declaration of 'user' shadows a member of 'onnx::Use' [-Wshadow]
  279 |   Use(Node* user, size_t offset) : user(user), offset(offset) {}
      |       ~~~~~~^~~~
/dev/shm/velavision-ort-session-20260911/sources/onnx/onnx/common/ir.h:280:9: note: shadowed declaration is here
  280 |   Node* user;
      |         ^~~~
/dev/shm/velavision-ort-session-20260911/sources/onnx/onnx/common/ir.h: In constructor 'onnx::Value::Value(onnx::Node*, size_t)':
/dev/shm/velavision-ort-session-20260911/sources/onnx/onnx/common/ir.h:1245:41: warning: declaration of 'offset_' shadows a member of 'onnx::Value' [-Wshadow]
 1245 | inline Value::Value(Node* node_, size_t offset_)
      |                                  ~~~~~~~^~~~~~~
/dev/shm/velavision-ort-session-20260911/sources/onnx/onnx/common/ir.h:306:10: note: shadowed declaration is here
  306 |   size_t offset_;
      |          ^~~~~~~
/dev/shm/velavision-ort-session-20260911/sources/onnx/onnx/common/ir.h:1245:27: warning: declaration of 'node_' shadows a member of 'onnx::Value' [-Wshadow]
 1245 | inline Value::Value(Node* node_, size_t offset_)
      |                     ~~~~~~^~~~~
/dev/shm/velavision-ort-session-20260911/sources/onnx/onnx/common/ir.h:305:9: note: shadowed declaration is here
  305 |   Node* node_;
      |         ^~~~~
/dev/shm/velavision-ort-session-20260911/sources/onnx/onnx/common/ir.h: In constructor 'onnx::Value::Value(onnx::Node*, size_t)':
/dev/shm/velavision-ort-session-20260911/sources/onnx/onnx/common/ir.h:1245:41: warning: declaration of 'offset_' shadows a member of 'onnx::Value' [-Wshadow]
 1245 | inline Value::Value(Node* node_, size_t offset_)
      |                                  ~~~~~~~^~~~~~~
/dev/shm/velavision-ort-session-20260911/sources/onnx/onnx/common/ir.h:306:10: note: shadowed declaration is here
  306 |   size_t offset_;
      |          ^~~~~~~
/dev/shm/velavision-ort-session-20260911/sources/onnx/onnx/common/ir.h:1245:27: warning: declaration of 'node_' shadows a member of 'onnx::Value' [-Wshadow]
 1245 | inline Value::Value(Node* node_, size_t offset_)
      |                     ~~~~~~^~~~~
/dev/shm/velavision-ort-session-20260911/sources/onnx/onnx/common/ir.h:305:9: note: shadowed declaration is here
  305 |   Node* node_;
      |         ^~~~~
/dev/shm/velavision-ort-session-20260911/sources/onnx/onnx/common/ir.h: In constructor 'onnx::Value::Value(onnx::Node*, size_t)':
/dev/shm/velavision-ort-session-20260911/sources/onnx/onnx/common/ir.h:1245:41: warning: declaration of 'offset_' shadows a member of 'onnx::Value' [-Wshadow]
 1245 | inline Value::Value(Node* node_, size_t offset_)
      |                                  ~~~~~~~^~~~~~~
/dev/shm/velavision-ort-session-20260911/sources/onnx/onnx/common/ir.h:306:10: note: shadowed declaration is here
  306 |   size_t offset_;
      |          ^~~~~~~
/dev/shm/velavision-ort-session-20260911/sources/onnx/onnx/common/ir.h:1245:27: warning: declaration of 'node_' shadows a member of 'onnx::Value' [-Wshadow]
 1245 | inline Value::Value(Node* node_, size_t offset_)
      |                     ~~~~~~^~~~~
/dev/shm/velavision-ort-session-20260911/sources/onnx/onnx/common/ir.h:305:9: note: shadowed declaration is here
  305 |   Node* node_;
      |         ^~~~~
/dev/shm/velavision-ort-session-20260911/sources/onnx/onnx/common/ir.h: In constructor 'onnx::Node::Node(onnx::Graph*, onnx::NodeKind)':
/dev/shm/velavision-ort-session-20260911/sources/onnx/onnx/common/ir.h:1337:43: warning: declaration of 'kind_' shadows a member of 'onnx::Node' [-Wshadow]
 1337 | inline Node::Node(Graph* graph_, NodeKind kind_)
      |                                  ~~~~~~~~~^~~~~
/dev/shm/velavision-ort-session-20260911/sources/onnx/onnx/common/ir.h:426:18: note: shadowed declaration is here
  426 |   const NodeKind kind_;
      |                  ^~~~~
/dev/shm/velavision-ort-session-20260911/sources/onnx/onnx/common/ir.h:1337:26: warning: declaration of 'graph_' shadows a member of 'onnx::Node' [-Wshadow]
 1337 | inline Node::Node(Graph* graph_, NodeKind kind_)
      |                   ~~~~~~~^~~~~~
/dev/shm/velavision-ort-session-20260911/sources/onnx/onnx/common/ir.h:429:10: note: shadowed declaration is here
  429 |   Graph* graph_;
      |          ^~~~~~
/dev/shm/velavision-ort-session-20260911/sources/onnx/onnx/common/ir.h: In constructor 'onnx::Node::Node(onnx::Graph*, onnx::NodeKind)':
/dev/shm/velavision-ort-session-20260911/sources/onnx/onnx/common/ir.h:1337:43: warning: declaration of 'kind_' shadows a member of 'onnx::Node' [-Wshadow]
 1337 | inline Node::Node(Graph* graph_, NodeKind kind_)
      |                                  ~~~~~~~~~^~~~~
/dev/shm/velavision-ort-session-20260911/sources/onnx/onnx/common/ir.h:426:18: note: shadowed declaration is here
  426 |   const NodeKind kind_;
      |                  ^~~~~
/dev/shm/velavision-ort-session-20260911/sources/onnx/onnx/common/ir.h:1337:26: warning: declaration of 'graph_' shadows a member of 'onnx::Node' [-Wshadow]
 1337 | inline Node::Node(Graph* graph_, NodeKind kind_)
      |                   ~~~~~~~^~~~~~
/dev/shm/velavision-ort-session-20260911/sources/onnx/onnx/common/ir.h:429:10: note: shadowed declaration is here
  429 |   Graph* graph_;
      |          ^~~~~~
/dev/shm/velavision-ort-session-20260911/sources/onnx/onnx/common/ir.h: In constructor 'onnx::Node::Node(onnx::Graph*, onnx::NodeKind)':
/dev/shm/velavision-ort-session-20260911/sources/onnx/onnx/common/ir.h:1337:43: warning: declaration of 'kind_' shadows a member of 'onnx::Node' [-Wshadow]
 1337 | inline Node::Node(Graph* graph_, NodeKind kind_)
      |                                  ~~~~~~~~~^~~~~
/dev/shm/velavision-ort-session-20260911/sources/onnx/onnx/common/ir.h:426:18: note: shadowed declaration is here
  426 |   const NodeKind kind_;
      |                  ^~~~~
/dev/shm/velavision-ort-session-20260911/sources/onnx/onnx/common/ir.h:1337:26: warning: declaration of 'graph_' shadows a member of 'onnx::Node' [-Wshadow]
 1337 | inline Node::Node(Graph* graph_, NodeKind kind_)
      |                   ~~~~~~~^~~~~~
/dev/shm/velavision-ort-session-20260911/sources/onnx/onnx/common/ir.h:429:10: note: shadowed declaration is here
  429 |   Graph* graph_;
      |          ^~~~~~
In file included from /dev/shm/velavision-ort-session-20260911/sources/onnx/onnx/version_converter/convert.h:22:
/dev/shm/velavision-ort-session-20260911/sources/onnx/onnx/version_converter/adapters/axis_attribute_to_input.h: In constructor 'onnx::version_conversion::AxisAttributeToInput::AxisAttributeToInput(const std::__1::string&, const onnx::OpSetID&, const onnx::OpSetID&, size_t, int64_t)':
/dev/shm/velavision-ort-session-20260911/sources/onnx/onnx/version_converter/adapters/axis_attribute_to_input.h:25:15: warning: declaration of 'default_axis' shadows a member of 'onnx::version_conversion::AxisAttributeToInput' [-Wshadow]
   25 |       int64_t default_axis)
      |       ~~~~~~~~^~~~~~~~~~~~
/dev/shm/velavision-ort-session-20260911/sources/onnx/onnx/version_converter/adapters/axis_attribute_to_input.h:42:11: note: shadowed declaration is here
   42 |   int64_t default_axis;
      |           ^~~~~~~~~~~~
/dev/shm/velavision-ort-session-20260911/sources/onnx/onnx/version_converter/adapters/axis_attribute_to_input.h:24:14: warning: declaration of 'axis_index' shadows a member of 'onnx::version_conversion::AxisAttributeToInput' [-Wshadow]
   24 |       size_t axis_index,
      |       ~~~~~~~^~~~~~~~~~
/dev/shm/velavision-ort-session-20260911/sources/onnx/onnx/version_converter/adapters/axis_attribute_to_input.h:41:10: note: shadowed declaration is here
   41 |   size_t axis_index;
      |          ^~~~~~~~~~
/dev/shm/velavision-ort-session-20260911/sources/onnx/onnx/version_converter/adapters/axis_attribute_to_input.h: In constructor 'onnx::version_conversion::AxisAttributeToInput::AxisAttributeToInput(const std::__1::string&, const onnx::OpSetID&, const onnx::OpSetID&, size_t, int64_t)':
/dev/shm/velavision-ort-session-20260911/sources/onnx/onnx/version_converter/adapters/axis_attribute_to_input.h:25:15: warning: declaration of 'default_axis' shadows a member of 'onnx::version_conversion::AxisAttributeToInput' [-Wshadow]
   25 |       int64_t default_axis)
      |       ~~~~~~~~^~~~~~~~~~~~
/dev/shm/velavision-ort-session-20260911/sources/onnx/onnx/version_converter/adapters/axis_attribute_to_input.h:42:11: note: shadowed declaration is here
   42 |   int64_t default_axis;
      |           ^~~~~~~~~~~~
/dev/shm/velavision-ort-session-20260911/sources/onnx/onnx/version_converter/adapters/axis_attribute_to_input.h:24:14: warning: declaration of 'axis_index' shadows a member of 'onnx::version_conversion::AxisAttributeToInput' [-Wshadow]
   24 |       size_t axis_index,
      |       ~~~~~~~^~~~~~~~~~
/dev/shm/velavision-ort-session-20260911/sources/onnx/onnx/version_converter/adapters/axis_attribute_to_input.h:41:10: note: shadowed declaration is here
   41 |   size_t axis_index;
      |          ^~~~~~~~~~
/dev/shm/velavision-ort-session-20260911/sources/onnx/onnx/version_converter/adapters/axis_attribute_to_input.h: In constructor 'onnx::version_conversion::AxisAttributeToInput::AxisAttributeToInput(const std::__1::string&, const onnx::OpSetID&, const onnx::OpSetID&, size_t, int64_t)':
/dev/shm/velavision-ort-session-20260911/sources/onnx/onnx/version_converter/adapters/axis_attribute_to_input.h:25:15: warning: declaration of 'default_axis' shadows a member of 'onnx::version_conversion::AxisAttributeToInput' [-Wshadow]
   25 |       int64_t default_axis)
      |       ~~~~~~~~^~~~~~~~~~~~
/dev/shm/velavision-ort-session-20260911/sources/onnx/onnx/version_converter/adapters/axis_attribute_to_input.h:42:11: note: shadowed declaration is here
   42 |   int64_t default_axis;
      |           ^~~~~~~~~~~~
/dev/shm/velavision-ort-session-20260911/sources/onnx/onnx/version_converter/adapters/axis_attribute_to_input.h:24:14: warning: declaration of 'axis_index' shadows a member of 'onnx::version_conversion::AxisAttributeToInput' [-Wshadow]
   24 |       size_t axis_index,
      |       ~~~~~~~^~~~~~~~~~
/dev/shm/velavision-ort-session-20260911/sources/onnx/onnx/version_converter/adapters/axis_attribute_to_input.h:41:10: note: shadowed declaration is here
   41 |   size_t axis_index;
      |          ^~~~~~~~~~
/dev/shm/velavision-ort-session-20260911/sources/onnx/onnx/version_converter/adapters/axis_attribute_to_input.h: In member function 'void onnx::version_conversion::AxisAttributeToInput::AttrToInput(std::__1::shared_ptr<onnx::Graph>, onnx::Node*, int64_t, size_t) const':
/dev/shm/velavision-ort-session-20260911/sources/onnx/onnx/version_converter/adapters/axis_attribute_to_input.h:44:83: warning: declaration of 'axis_index' shadows a member of 'onnx::version_conversion::AxisAttributeToInput' [-Wshadow]
   44 |   void AttrToInput(std::shared_ptr<Graph> graph, Node* node, int64_t axis, size_t axis_index) const {
      |                                                                            ~~~~~~~^~~~~~~~~~
/dev/shm/velavision-ort-session-20260911/sources/onnx/onnx/version_converter/adapters/axis_attribute_to_input.h:41:10: note: shadowed declaration is here
   41 |   size_t axis_index;
      |          ^~~~~~~~~~
In file included from /dev/shm/velavision-ort-session-20260911/sources/onnx/onnx/version_converter/convert.h:23:
/dev/shm/velavision-ort-session-20260911/sources/onnx/onnx/version_converter/adapters/axis_input_to_attribute.h: In constructor 'onnx::version_conversion::AxisInputToAttribute::AxisInputToAttribute(const std::__1::string&, const onnx::OpSetID&, const onnx::OpSetID&, size_t, int64_t)':
/dev/shm/velavision-ort-session-20260911/sources/onnx/onnx/version_converter/adapters/axis_input_to_attribute.h:25:15: warning: declaration of 'default_axis' shadows a member of 'onnx::version_conversion::AxisInputToAttribute' [-Wshadow]
   25 |       int64_t default_axis)
      |       ~~~~~~~~^~~~~~~~~~~~
/dev/shm/velavision-ort-session-20260911/sources/onnx/onnx/version_converter/adapters/axis_input_to_attribute.h:53:11: note: shadowed declaration is here
   53 |   int64_t default_axis;
      |           ^~~~~~~~~~~~
/dev/shm/velavision-ort-session-20260911/sources/onnx/onnx/version_converter/adapters/axis_input_to_attribute.h:24:14: warning: declaration of 'axis_index' shadows a member of 'onnx::version_conversion::AxisInputToAttribute' [-Wshadow]
   24 |       size_t axis_index,
      |       ~~~~~~~^~~~~~~~~~
/dev/shm/velavision-ort-session-20260911/sources/onnx/onnx/version_converter/adapters/axis_input_to_attribute.h:52:10: note: shadowed declaration is here
   52 |   size_t axis_index;
      |          ^~~~~~~~~~
/dev/shm/velavision-ort-session-20260911/sources/onnx/onnx/version_converter/adapters/axis_input_to_attribute.h: In constructor 'onnx::version_conversion::AxisInputToAttribute::AxisInputToAttribute(const std::__1::string&, const onnx::OpSetID&, const onnx::OpSetID&, size_t, int64_t)':
/dev/shm/velavision-ort-session-20260911/sources/onnx/onnx/version_converter/adapters/axis_input_to_attribute.h:25:15: warning: declaration of 'default_axis' shadows a member of 'onnx::version_conversion::AxisInputToAttribute' [-Wshadow]
   25 |       int64_t default_axis)
      |       ~~~~~~~~^~~~~~~~~~~~
/dev/shm/velavision-ort-session-20260911/sources/onnx/onnx/version_converter/adapters/axis_input_to_attribute.h:53:11: note: shadowed declaration is here
   53 |   int64_t default_axis;
      |           ^~~~~~~~~~~~
/dev/shm/velavision-ort-session-20260911/sources/onnx/onnx/version_converter/adapters/axis_input_to_attribute.h:24:14: warning: declaration of 'axis_index' shadows a member of 'onnx::version_conversion::AxisInputToAttribute' [-Wshadow]
   24 |       size_t axis_index,
      |       ~~~~~~~^~~~~~~~~~
/dev/shm/velavision-ort-session-20260911/sources/onnx/onnx/version_converter/adapters/axis_input_to_attribute.h:52:10: note: shadowed declaration is here
   52 |   size_t axis_index;
      |          ^~~~~~~~~~
/dev/shm/velavision-ort-session-20260911/sources/onnx/onnx/version_converter/adapters/axis_input_to_attribute.h: In constructor 'onnx::version_conversion::AxisInputToAttribute::AxisInputToAttribute(const std::__1::string&, const onnx::OpSetID&, const onnx::OpSetID&, size_t, int64_t)':
/dev/shm/velavision-ort-session-20260911/sources/onnx/onnx/version_converter/adapters/axis_input_to_attribute.h:25:15: warning: declaration of 'default_axis' shadows a member of 'onnx::version_conversion::AxisInputToAttribute' [-Wshadow]
   25 |       int64_t default_axis)
      |       ~~~~~~~~^~~~~~~~~~~~
/dev/shm/velavision-ort-session-20260911/sources/onnx/onnx/version_converter/adapters/axis_input_to_attribute.h:53:11: note: shadowed declaration is here
   53 |   int64_t default_axis;
      |           ^~~~~~~~~~~~
/dev/shm/velavision-ort-session-20260911/sources/onnx/onnx/version_converter/adapters/axis_input_to_attribute.h:24:14: warning: declaration of 'axis_index' shadows a member of 'onnx::version_conversion::AxisInputToAttribute' [-Wshadow]
   24 |       size_t axis_index,
      |       ~~~~~~~^~~~~~~~~~
/dev/shm/velavision-ort-session-20260911/sources/onnx/onnx/version_converter/adapters/axis_input_to_attribute.h:52:10: note: shadowed declaration is here
   52 |   size_t axis_index;
      |          ^~~~~~~~~~
[248/749] Building CXX object _deps/onnx-build/CMakeFiles/onnx.dir/onnx/shape_inference/implementation.cc.obj
In file included from /dev/shm/velavision-ort-session-20260911/sources/protobuf/src/google/protobuf/parse_context.h:47,
                 from /dev/shm/velavision-ort-session-20260911/sources/protobuf/src/google/protobuf/extension_set.h:53,
                 from /dev/shm/velavision-ort-session-20260911/build/_deps/onnx-build/onnx/onnx-ml.pb.h:30,
                 from /dev/shm/velavision-ort-session-20260911/sources/onnx/onnx/onnx_pb.h:65,
                 from /dev/shm/velavision-ort-session-20260911/sources/onnx/onnx/onnx-operators_pb.h:7,
                 from /dev/shm/velavision-ort-session-20260911/sources/onnx/onnx/defs/attr_proto_util.h:12,
                 from /dev/shm/velavision-ort-session-20260911/sources/onnx/onnx/defs/function.h:13,
                 from /dev/shm/velavision-ort-session-20260911/sources/onnx/onnx/shape_inference/implementation.h:15,
                 from /dev/shm/velavision-ort-session-20260911/sources/onnx/onnx/shape_inference/implementation.cc:5:
/dev/shm/velavision-ort-session-20260911/sources/protobuf/src/google/protobuf/inlined_string_field.h:430:5: warning: "GOOGLE_PROTOBUF_INTERNAL_DONATE_STEAL_INLINE" is not defined, evaluates to 0 [-Wundef]
  430 | #if GOOGLE_PROTOBUF_INTERNAL_DONATE_STEAL_INLINE
      |     ^~~~~~~~~~~~~~~~~~~~~~~~~~~~~~~~~~~~~~~~~~~~
In file included from /dev/shm/velavision-ort-session-20260911/sources/protobuf/src/google/protobuf/arena.h:52,
                 from /dev/shm/velavision-ort-session-20260911/build/_deps/onnx-build/onnx/onnx-ml.pb.h:24:
/dev/shm/velavision-ort-session-20260911/sources/protobuf/src/google/protobuf/arena_impl.h: In constructor 'google::protobuf::internal::SerialArena::Block::Block(google::protobuf::internal::SerialArena::Block*, size_t)':
/dev/shm/velavision-ort-session-20260911/sources/protobuf/src/google/protobuf/arena_impl.h:384:31: warning: declaration of 'size' shadows a member of 'google::protobuf::internal::SerialArena::Block' [-Wshadow]
  384 |     Block(Block* next, size_t size) : next(next), size(size), start(nullptr) {}
      |                        ~~~~~~~^~~~
/dev/shm/velavision-ort-session-20260911/sources/protobuf/src/google/protobuf/arena_impl.h:392:18: note: shadowed declaration is here
  392 |     const size_t size;
      |                  ^~~~
/dev/shm/velavision-ort-session-20260911/sources/protobuf/src/google/protobuf/arena_impl.h:384:18: warning: declaration of 'next' shadows a member of 'google::protobuf::internal::SerialArena::Block' [-Wshadow]
  384 |     Block(Block* next, size_t size) : next(next), size(size), start(nullptr) {}
      |           ~~~~~~~^~~~
/dev/shm/velavision-ort-session-20260911/sources/protobuf/src/google/protobuf/arena_impl.h:391:18: note: shadowed declaration is here
  391 |     Block* const next;
      |                  ^~~~
/dev/shm/velavision-ort-session-20260911/sources/protobuf/src/google/protobuf/arena_impl.h: In constructor 'google::protobuf::internal::SerialArena::Block::Block(google::protobuf::internal::SerialArena::Block*, size_t)':
/dev/shm/velavision-ort-session-20260911/sources/protobuf/src/google/protobuf/arena_impl.h:384:31: warning: declaration of 'size' shadows a member of 'google::protobuf::internal::SerialArena::Block' [-Wshadow]
  384 |     Block(Block* next, size_t size) : next(next), size(size), start(nullptr) {}
      |                        ~~~~~~~^~~~
/dev/shm/velavision-ort-session-20260911/sources/protobuf/src/google/protobuf/arena_impl.h:392:18: note: shadowed declaration is here
  392 |     const size_t size;
      |                  ^~~~
/dev/shm/velavision-ort-session-20260911/sources/protobuf/src/google/protobuf/arena_impl.h:384:18: warning: declaration of 'next' shadows a member of 'google::protobuf::internal::SerialArena::Block' [-Wshadow]
  384 |     Block(Block* next, size_t size) : next(next), size(size), start(nullptr) {}
      |           ~~~~~~~^~~~
/dev/shm/velavision-ort-session-20260911/sources/protobuf/src/google/protobuf/arena_impl.h:391:18: note: shadowed declaration is here
  391 |     Block* const next;
      |                  ^~~~
/dev/shm/velavision-ort-session-20260911/sources/protobuf/src/google/protobuf/arena_impl.h: In constructor 'google::protobuf::internal::SerialArena::Block::Block(google::protobuf::internal::SerialArena::Block*, size_t)':
/dev/shm/velavision-ort-session-20260911/sources/protobuf/src/google/protobuf/arena_impl.h:384:31: warning: declaration of 'size' shadows a member of 'google::protobuf::internal::SerialArena::Block' [-Wshadow]
  384 |     Block(Block* next, size_t size) : next(next), size(size), start(nullptr) {}
      |                        ~~~~~~~^~~~
/dev/shm/velavision-ort-session-20260911/sources/protobuf/src/google/protobuf/arena_impl.h:392:18: note: shadowed declaration is here
  392 |     const size_t size;
      |                  ^~~~
/dev/shm/velavision-ort-session-20260911/sources/protobuf/src/google/protobuf/arena_impl.h:384:18: warning: declaration of 'next' shadows a member of 'google::protobuf::internal::SerialArena::Block' [-Wshadow]
  384 |     Block(Block* next, size_t size) : next(next), size(size), start(nullptr) {}
      |           ~~~~~~~^~~~
/dev/shm/velavision-ort-session-20260911/sources/protobuf/src/google/protobuf/arena_impl.h:391:18: note: shadowed declaration is here
  391 |     Block* const next;
      |                  ^~~~
/dev/shm/velavision-ort-session-20260911/sources/onnx/onnx/defs/function.h: In constructor 'onnx::FunctionBodyHelper::NodeDef::NodeDef(std::__1::vector<std::__1::basic_string<char> >, std::__1::string, std::__1::vector<std::__1::basic_string<char> >, std::__1::vector<onnx::FunctionBodyHelper::AttributeProtoWrapper>, std::__1::string)':
/dev/shm/velavision-ort-session-20260911/sources/onnx/onnx/defs/function.h:51:21: warning: declaration of 'domain' shadows a member of 'onnx::FunctionBodyHelper::NodeDef' [-Wshadow]
   51 |         std::string domain = "")
      |         ~~~~~~~~~~~~^~~~~~~~~~~
/dev/shm/velavision-ort-session-20260911/sources/onnx/onnx/defs/function.h:62:17: note: shadowed declaration is here
   62 |     std::string domain;
      |                 ^~~~~~
/dev/shm/velavision-ort-session-20260911/sources/onnx/onnx/defs/function.h:50:44: warning: declaration of 'attributes' shadows a member of 'onnx::FunctionBodyHelper::NodeDef' [-Wshadow]
   50 |         std::vector<AttributeProtoWrapper> attributes = {},
      |         ~~~~~~~~~~~~~~~~~~~~~~~~~~~~~~~~~~~^~~~~~~~~~~~~~~
/dev/shm/velavision-ort-session-20260911/sources/onnx/onnx/defs/function.h:61:40: note: shadowed declaration is here
   61 |     std::vector<AttributeProtoWrapper> attributes;
      |                                        ^~~~~~~~~~
/dev/shm/velavision-ort-session-20260911/sources/onnx/onnx/defs/function.h:49:34: warning: declaration of 'inputs' shadows a member of 'onnx::FunctionBodyHelper::NodeDef' [-Wshadow]
   49 |         std::vector<std::string> inputs,
      |         ~~~~~~~~~~~~~~~~~~~~~~~~~^~~~~~
/dev/shm/velavision-ort-session-20260911/sources/onnx/onnx/defs/function.h:60:30: note: shadowed declaration is here
   60 |     std::vector<std::string> inputs;
      |                              ^~~~~~
/dev/shm/velavision-ort-session-20260911/sources/onnx/onnx/defs/function.h:48:21: warning: declaration of 'op_type' shadows a member of 'onnx::FunctionBodyHelper::NodeDef' [-Wshadow]
   48 |         std::string op_type,
      |         ~~~~~~~~~~~~^~~~~~~
/dev/shm/velavision-ort-session-20260911/sources/onnx/onnx/defs/function.h:59:17: note: shadowed declaration is here
   59 |     std::string op_type;
      |                 ^~~~~~~
/dev/shm/velavision-ort-session-20260911/sources/onnx/onnx/defs/function.h:47:34: warning: declaration of 'outputs' shadows a member of 'onnx::FunctionBodyHelper::NodeDef' [-Wshadow]
   47 |         std::vector<std::string> outputs,
      |         ~~~~~~~~~~~~~~~~~~~~~~~~~^~~~~~~
/dev/shm/velavision-ort-session-20260911/sources/onnx/onnx/defs/function.h:58:30: note: shadowed declaration is here
   58 |     std::vector<std::string> outputs;
      |                              ^~~~~~~
/dev/shm/velavision-ort-session-20260911/sources/onnx/onnx/defs/function.h: In constructor 'onnx::FunctionBodyHelper::NodeDef::NodeDef(std::__1::vector<std::__1::basic_string<char> >, std::__1::string, std::__1::vector<std::__1::basic_string<char> >, std::__1::vector<onnx::FunctionBodyHelper::AttributeProtoWrapper>, std::__1::string)':
/dev/shm/velavision-ort-session-20260911/sources/onnx/onnx/defs/function.h:51:21: warning: declaration of 'domain' shadows a member of 'onnx::FunctionBodyHelper::NodeDef' [-Wshadow]
   51 |         std::string domain = "")
      |         ~~~~~~~~~~~~^~~~~~~~~~~
/dev/shm/velavision-ort-session-20260911/sources/onnx/onnx/defs/function.h:62:17: note: shadowed declaration is here
   62 |     std::string domain;
      |                 ^~~~~~
/dev/shm/velavision-ort-session-20260911/sources/onnx/onnx/defs/function.h:50:44: warning: declaration of 'attributes' shadows a member of 'onnx::FunctionBodyHelper::NodeDef' [-Wshadow]
   50 |         std::vector<AttributeProtoWrapper> attributes = {},
      |         ~~~~~~~~~~~~~~~~~~~~~~~~~~~~~~~~~~~^~~~~~~~~~~~~~~
/dev/shm/velavision-ort-session-20260911/sources/onnx/onnx/defs/function.h:61:40: note: shadowed declaration is here
   61 |     std::vector<AttributeProtoWrapper> attributes;
      |                                        ^~~~~~~~~~
/dev/shm/velavision-ort-session-20260911/sources/onnx/onnx/defs/function.h:49:34: warning: declaration of 'inputs' shadows a member of 'onnx::FunctionBodyHelper::NodeDef' [-Wshadow]
   49 |         std::vector<std::string> inputs,
      |         ~~~~~~~~~~~~~~~~~~~~~~~~~^~~~~~
/dev/shm/velavision-ort-session-20260911/sources/onnx/onnx/defs/function.h:60:30: note: shadowed declaration is here
   60 |     std::vector<std::string> inputs;
      |                              ^~~~~~
/dev/shm/velavision-ort-session-20260911/sources/onnx/onnx/defs/function.h:48:21: warning: declaration of 'op_type' shadows a member of 'onnx::FunctionBodyHelper::NodeDef' [-Wshadow]
   48 |         std::string op_type,
      |         ~~~~~~~~~~~~^~~~~~~
/dev/shm/velavision-ort-session-20260911/sources/onnx/onnx/defs/function.h:59:17: note: shadowed declaration is here
   59 |     std::string op_type;
      |                 ^~~~~~~
/dev/shm/velavision-ort-session-20260911/sources/onnx/onnx/defs/function.h:47:34: warning: declaration of 'outputs' shadows a member of 'onnx::FunctionBodyHelper::NodeDef' [-Wshadow]
   47 |         std::vector<std::string> outputs,
      |         ~~~~~~~~~~~~~~~~~~~~~~~~~^~~~~~~
/dev/shm/velavision-ort-session-20260911/sources/onnx/onnx/defs/function.h:58:30: note: shadowed declaration is here
   58 |     std::vector<std::string> outputs;
      |                              ^~~~~~~
/dev/shm/velavision-ort-session-20260911/sources/onnx/onnx/defs/function.h: In constructor 'onnx::FunctionBodyHelper::NodeDef::NodeDef(std::__1::vector<std::__1::basic_string<char> >, std::__1::string, std::__1::vector<std::__1::basic_string<char> >, std::__1::vector<onnx::FunctionBodyHelper::AttributeProtoWrapper>, std::__1::string)':
/dev/shm/velavision-ort-session-20260911/sources/onnx/onnx/defs/function.h:51:21: warning: declaration of 'domain' shadows a member of 'onnx::FunctionBodyHelper::NodeDef' [-Wshadow]
   51 |         std::string domain = "")
      |         ~~~~~~~~~~~~^~~~~~~~~~~
/dev/shm/velavision-ort-session-20260911/sources/onnx/onnx/defs/function.h:62:17: note: shadowed declaration is here
   62 |     std::string domain;
      |                 ^~~~~~
/dev/shm/velavision-ort-session-20260911/sources/onnx/onnx/defs/function.h:50:44: warning: declaration of 'attributes' shadows a member of 'onnx::FunctionBodyHelper::NodeDef' [-Wshadow]
   50 |         std::vector<AttributeProtoWrapper> attributes = {},
      |         ~~~~~~~~~~~~~~~~~~~~~~~~~~~~~~~~~~~^~~~~~~~~~~~~~~
/dev/shm/velavision-ort-session-20260911/sources/onnx/onnx/defs/function.h:61:40: note: shadowed declaration is here
   61 |     std::vector<AttributeProtoWrapper> attributes;
      |                                        ^~~~~~~~~~
/dev/shm/velavision-ort-session-20260911/sources/onnx/onnx/defs/function.h:49:34: warning: declaration of 'inputs' shadows a member of 'onnx::FunctionBodyHelper::NodeDef' [-Wshadow]
   49 |         std::vector<std::string> inputs,
      |         ~~~~~~~~~~~~~~~~~~~~~~~~~^~~~~~
/dev/shm/velavision-ort-session-20260911/sources/onnx/onnx/defs/function.h:60:30: note: shadowed declaration is here
   60 |     std::vector<std::string> inputs;
      |                              ^~~~~~
/dev/shm/velavision-ort-session-20260911/sources/onnx/onnx/defs/function.h:48:21: warning: declaration of 'op_type' shadows a member of 'onnx::FunctionBodyHelper::NodeDef' [-Wshadow]
   48 |         std::string op_type,
      |         ~~~~~~~~~~~~^~~~~~~
/dev/shm/velavision-ort-session-20260911/sources/onnx/onnx/defs/function.h:59:17: note: shadowed declaration is here
   59 |     std::string op_type;
      |                 ^~~~~~~
/dev/shm/velavision-ort-session-20260911/sources/onnx/onnx/defs/function.h:47:34: warning: declaration of 'outputs' shadows a member of 'onnx::FunctionBodyHelper::NodeDef' [-Wshadow]
   47 |         std::vector<std::string> outputs,
      |         ~~~~~~~~~~~~~~~~~~~~~~~~~^~~~~~~
/dev/shm/velavision-ort-session-20260911/sources/onnx/onnx/defs/function.h:58:30: note: shadowed declaration is here
   58 |     std::vector<std::string> outputs;
      |                              ^~~~~~~
[249/749] Building CXX object _deps/onnx-build/CMakeFiles/onnx.dir/onnx/version_converter/helper.cc.obj
In file included from /dev/shm/velavision-ort-session-20260911/sources/protobuf/src/google/protobuf/parse_context.h:47,
                 from /dev/shm/velavision-ort-session-20260911/sources/protobuf/src/google/protobuf/extension_set.h:53,
                 from /dev/shm/velavision-ort-session-20260911/build/_deps/onnx-build/onnx/onnx-ml.pb.h:30,
                 from /dev/shm/velavision-ort-session-20260911/sources/onnx/onnx/onnx_pb.h:65,
                 from /dev/shm/velavision-ort-session-20260911/sources/onnx/onnx/common/tensor.h:20,
                 from /dev/shm/velavision-ort-session-20260911/sources/onnx/onnx/common/ir.h:33,
                 from /dev/shm/velavision-ort-session-20260911/sources/onnx/onnx/version_converter/helper.h:11,
                 from /dev/shm/velavision-ort-session-20260911/sources/onnx/onnx/version_converter/helper.cc:7:
/dev/shm/velavision-ort-session-20260911/sources/protobuf/src/google/protobuf/inlined_string_field.h:430:5: warning: "GOOGLE_PROTOBUF_INTERNAL_DONATE_STEAL_INLINE" is not defined, evaluates to 0 [-Wundef]
  430 | #if GOOGLE_PROTOBUF_INTERNAL_DONATE_STEAL_INLINE
      |     ^~~~~~~~~~~~~~~~~~~~~~~~~~~~~~~~~~~~~~~~~~~~
In file included from /dev/shm/velavision-ort-session-20260911/sources/onnx/onnx/common/ir.h:31:
/dev/shm/velavision-ort-session-20260911/sources/onnx/onnx/common/graph_node_list.h: In constructor 'onnx::generic_graph_node_list_iterator<T>::generic_graph_node_list_iterator(T*, size_t)':
/dev/shm/velavision-ort-session-20260911/sources/onnx/onnx/common/graph_node_list.h:54:51: warning: declaration of 'd' shadows a member of 'onnx::generic_graph_node_list_iterator<T>' [-Wshadow]
   54 |   generic_graph_node_list_iterator(T* cur, size_t d) : cur(cur), d(d) {}
      |                                            ~~~~~~~^
/dev/shm/velavision-ort-session-20260911/sources/onnx/onnx/common/graph_node_list.h:100:10: note: shadowed declaration is here
  100 |   size_t d; // direction 0 is forward 1 is reverse, see next_in_graph
      |          ^
/dev/shm/velavision-ort-session-20260911/sources/onnx/onnx/common/graph_node_list.h:54:39: warning: declaration of 'cur' shadows a member of 'onnx::generic_graph_node_list_iterator<T>' [-Wshadow]
   54 |   generic_graph_node_list_iterator(T* cur, size_t d) : cur(cur), d(d) {}
      |                                    ~~~^~~
/dev/shm/velavision-ort-session-20260911/sources/onnx/onnx/common/graph_node_list.h:99:6: note: shadowed declaration is here
   99 |   T* cur;
      |      ^~~
/dev/shm/velavision-ort-session-20260911/sources/onnx/onnx/common/graph_node_list.h: In constructor 'onnx::generic_graph_node_list<T>::generic_graph_node_list(T*, size_t)':
/dev/shm/velavision-ort-session-20260911/sources/onnx/onnx/common/graph_node_list.h:137:43: warning: declaration of 'd' shadows a member of 'onnx::generic_graph_node_list<T>' [-Wshadow]
  137 |   generic_graph_node_list(T* head, size_t d) : head(head), d(d) {}
      |                                    ~~~~~~~^
/dev/shm/velavision-ort-session-20260911/sources/onnx/onnx/common/graph_node_list.h:141:10: note: shadowed declaration is here
  141 |   size_t d;
      |          ^
/dev/shm/velavision-ort-session-20260911/sources/onnx/onnx/common/graph_node_list.h:137:30: warning: declaration of 'head' shadows a member of 'onnx::generic_graph_node_list<T>' [-Wshadow]
  137 |   generic_graph_node_list(T* head, size_t d) : head(head), d(d) {}
      |                           ~~~^~~~
/dev/shm/velavision-ort-session-20260911/sources/onnx/onnx/common/graph_node_list.h:140:6: note: shadowed declaration is here
  140 |   T* head;
      |      ^~~~
In file included from /dev/shm/velavision-ort-session-20260911/sources/onnx/onnx/common/ir.h:32:
/dev/shm/velavision-ort-session-20260911/sources/onnx/onnx/common/interned_strings.h: In constructor 'onnx::Symbol::Symbol(onnx::BuiltinSymbol)':
/dev/shm/velavision-ort-session-20260911/sources/onnx/onnx/common/interned_strings.h:199:37: warning: declaration of 'value' shadows a member of 'onnx::Symbol' [-Wshadow]
  199 |   /*implicit*/ Symbol(BuiltinSymbol value) : value(value) {}
      |                       ~~~~~~~~~~~~~~^~~~~
/dev/shm/velavision-ort-session-20260911/sources/onnx/onnx/common/interned_strings.h:209:12: note: shadowed declaration is here
  209 |   uint32_t value;
      |            ^~~~~
/dev/shm/velavision-ort-session-20260911/sources/onnx/onnx/common/interned_strings.h: In constructor 'onnx::Symbol::Symbol(onnx::BuiltinSymbol)':
/dev/shm/velavision-ort-session-20260911/sources/onnx/onnx/common/interned_strings.h:199:37: warning: declaration of 'value' shadows a member of 'onnx::Symbol' [-Wshadow]
  199 |   /*implicit*/ Symbol(BuiltinSymbol value) : value(value) {}
      |                       ~~~~~~~~~~~~~~^~~~~
/dev/shm/velavision-ort-session-20260911/sources/onnx/onnx/common/interned_strings.h:209:12: note: shadowed declaration is here
  209 |   uint32_t value;
      |            ^~~~~
/dev/shm/velavision-ort-session-20260911/sources/onnx/onnx/common/interned_strings.h: In constructor 'onnx::Symbol::Symbol(onnx::BuiltinSymbol)':
/dev/shm/velavision-ort-session-20260911/sources/onnx/onnx/common/interned_strings.h:199:37: warning: declaration of 'value' shadows a member of 'onnx::Symbol' [-Wshadow]
  199 |   /*implicit*/ Symbol(BuiltinSymbol value) : value(value) {}
      |                       ~~~~~~~~~~~~~~^~~~~
/dev/shm/velavision-ort-session-20260911/sources/onnx/onnx/common/interned_strings.h:209:12: note: shadowed declaration is here
  209 |   uint32_t value;
      |            ^~~~~
/dev/shm/velavision-ort-session-20260911/sources/onnx/onnx/common/interned_strings.h: In constructor 'onnx::Symbol::Symbol(uint32_t)':
/dev/shm/velavision-ort-session-20260911/sources/onnx/onnx/common/interned_strings.h:201:28: warning: declaration of 'value' shadows a member of 'onnx::Symbol' [-Wshadow]
  201 |   explicit Symbol(uint32_t value) : value(value) {}
      |                   ~~~~~~~~~^~~~~
/dev/shm/velavision-ort-session-20260911/sources/onnx/onnx/common/interned_strings.h:209:12: note: shadowed declaration is here
  209 |   uint32_t value;
      |            ^~~~~
/dev/shm/velavision-ort-session-20260911/sources/onnx/onnx/common/interned_strings.h: In constructor 'onnx::Symbol::Symbol(uint32_t)':
/dev/shm/velavision-ort-session-20260911/sources/onnx/onnx/common/interned_strings.h:201:28: warning: declaration of 'value' shadows a member of 'onnx::Symbol' [-Wshadow]
  201 |   explicit Symbol(uint32_t value) : value(value) {}
      |                   ~~~~~~~~~^~~~~
/dev/shm/velavision-ort-session-20260911/sources/onnx/onnx/common/interned_strings.h:209:12: note: shadowed declaration is here
  209 |   uint32_t value;
      |            ^~~~~
/dev/shm/velavision-ort-session-20260911/sources/onnx/onnx/common/interned_strings.h: In constructor 'onnx::Symbol::Symbol(uint32_t)':
/dev/shm/velavision-ort-session-20260911/sources/onnx/onnx/common/interned_strings.h:201:28: warning: declaration of 'value' shadows a member of 'onnx::Symbol' [-Wshadow]
  201 |   explicit Symbol(uint32_t value) : value(value) {}
      |                   ~~~~~~~~~^~~~~
/dev/shm/velavision-ort-session-20260911/sources/onnx/onnx/common/interned_strings.h:209:12: note: shadowed declaration is here
  209 |   uint32_t value;
      |            ^~~~~
In file included from /dev/shm/velavision-ort-session-20260911/sources/protobuf/src/google/protobuf/arena.h:52,
                 from /dev/shm/velavision-ort-session-20260911/build/_deps/onnx-build/onnx/onnx-ml.pb.h:24:
/dev/shm/velavision-ort-session-20260911/sources/protobuf/src/google/protobuf/arena_impl.h: In constructor 'google::protobuf::internal::SerialArena::Block::Block(google::protobuf::internal::SerialArena::Block*, size_t)':
/dev/shm/velavision-ort-session-20260911/sources/protobuf/src/google/protobuf/arena_impl.h:384:31: warning: declaration of 'size' shadows a member of 'google::protobuf::internal::SerialArena::Block' [-Wshadow]
  384 |     Block(Block* next, size_t size) : next(next), size(size), start(nullptr) {}
      |                        ~~~~~~~^~~~
/dev/shm/velavision-ort-session-20260911/sources/protobuf/src/google/protobuf/arena_impl.h:392:18: note: shadowed declaration is here
  392 |     const size_t size;
      |                  ^~~~
/dev/shm/velavision-ort-session-20260911/sources/protobuf/src/google/protobuf/arena_impl.h:384:18: warning: declaration of 'next' shadows a member of 'google::protobuf::internal::SerialArena::Block' [-Wshadow]
  384 |     Block(Block* next, size_t size) : next(next), size(size), start(nullptr) {}
      |           ~~~~~~~^~~~
/dev/shm/velavision-ort-session-20260911/sources/protobuf/src/google/protobuf/arena_impl.h:391:18: note: shadowed declaration is here
  391 |     Block* const next;
      |                  ^~~~
/dev/shm/velavision-ort-session-20260911/sources/protobuf/src/google/protobuf/arena_impl.h: In constructor 'google::protobuf::internal::SerialArena::Block::Block(google::protobuf::internal::SerialArena::Block*, size_t)':
/dev/shm/velavision-ort-session-20260911/sources/protobuf/src/google/protobuf/arena_impl.h:384:31: warning: declaration of 'size' shadows a member of 'google::protobuf::internal::SerialArena::Block' [-Wshadow]
  384 |     Block(Block* next, size_t size) : next(next), size(size), start(nullptr) {}
      |                        ~~~~~~~^~~~
/dev/shm/velavision-ort-session-20260911/sources/protobuf/src/google/protobuf/arena_impl.h:392:18: note: shadowed declaration is here
  392 |     const size_t size;
      |                  ^~~~
/dev/shm/velavision-ort-session-20260911/sources/protobuf/src/google/protobuf/arena_impl.h:384:18: warning: declaration of 'next' shadows a member of 'google::protobuf::internal::SerialArena::Block' [-Wshadow]
  384 |     Block(Block* next, size_t size) : next(next), size(size), start(nullptr) {}
      |           ~~~~~~~^~~~
/dev/shm/velavision-ort-session-20260911/sources/protobuf/src/google/protobuf/arena_impl.h:391:18: note: shadowed declaration is here
  391 |     Block* const next;
      |                  ^~~~
/dev/shm/velavision-ort-session-20260911/sources/protobuf/src/google/protobuf/arena_impl.h: In constructor 'google::protobuf::internal::SerialArena::Block::Block(google::protobuf::internal::SerialArena::Block*, size_t)':
/dev/shm/velavision-ort-session-20260911/sources/protobuf/src/google/protobuf/arena_impl.h:384:31: warning: declaration of 'size' shadows a member of 'google::protobuf::internal::SerialArena::Block' [-Wshadow]
  384 |     Block(Block* next, size_t size) : next(next), size(size), start(nullptr) {}
      |                        ~~~~~~~^~~~
/dev/shm/velavision-ort-session-20260911/sources/protobuf/src/google/protobuf/arena_impl.h:392:18: note: shadowed declaration is here
  392 |     const size_t size;
      |                  ^~~~
/dev/shm/velavision-ort-session-20260911/sources/protobuf/src/google/protobuf/arena_impl.h:384:18: warning: declaration of 'next' shadows a member of 'google::protobuf::internal::SerialArena::Block' [-Wshadow]
  384 |     Block(Block* next, size_t size) : next(next), size(size), start(nullptr) {}
      |           ~~~~~~~^~~~
/dev/shm/velavision-ort-session-20260911/sources/protobuf/src/google/protobuf/arena_impl.h:391:18: note: shadowed declaration is here
  391 |     Block* const next;
      |                  ^~~~
/dev/shm/velavision-ort-session-20260911/sources/onnx/onnx/common/ir.h: In constructor 'onnx::Dimension::Dimension(std::__1::string)':
/dev/shm/velavision-ort-session-20260911/sources/onnx/onnx/common/ir.h:78:25: warning: declaration of 'param' shadows a member of 'onnx::Dimension' [-Wshadow]
   78 |   Dimension(std::string param) : is_unknown(false), is_int(false), dim(-1), param(std::move(param)) {} // NOLINT
      |             ~~~~~~~~~~~~^~~~~
/dev/shm/velavision-ort-session-20260911/sources/onnx/onnx/common/ir.h:84:15: note: shadowed declaration is here
   84 |   std::string param;
      |               ^~~~~
/dev/shm/velavision-ort-session-20260911/sources/onnx/onnx/common/ir.h: In constructor 'onnx::Dimension::Dimension(std::__1::string)':
/dev/shm/velavision-ort-session-20260911/sources/onnx/onnx/common/ir.h:78:25: warning: declaration of 'param' shadows a member of 'onnx::Dimension' [-Wshadow]
   78 |   Dimension(std::string param) : is_unknown(false), is_int(false), dim(-1), param(std::move(param)) {} // NOLINT
      |             ~~~~~~~~~~~~^~~~~
/dev/shm/velavision-ort-session-20260911/sources/onnx/onnx/common/ir.h:84:15: note: shadowed declaration is here
   84 |   std::string param;
      |               ^~~~~
/dev/shm/velavision-ort-session-20260911/sources/onnx/onnx/common/ir.h: In constructor 'onnx::Dimension::Dimension(std::__1::string)':
/dev/shm/velavision-ort-session-20260911/sources/onnx/onnx/common/ir.h:78:25: warning: declaration of 'param' shadows a member of 'onnx::Dimension' [-Wshadow]
   78 |   Dimension(std::string param) : is_unknown(false), is_int(false), dim(-1), param(std::move(param)) {} // NOLINT
      |             ~~~~~~~~~~~~^~~~~
/dev/shm/velavision-ort-session-20260911/sources/onnx/onnx/common/ir.h:84:15: note: shadowed declaration is here
   84 |   std::string param;
      |               ^~~~~
/dev/shm/velavision-ort-session-20260911/sources/onnx/onnx/common/ir.h: In constructor 'onnx::Dimension::Dimension(int64_t)':
/dev/shm/velavision-ort-session-20260911/sources/onnx/onnx/common/ir.h:79:21: warning: declaration of 'dim' shadows a member of 'onnx::Dimension' [-Wshadow]
   79 |   Dimension(int64_t dim) : is_unknown(false), is_int(true), dim(dim) {} // NOLINT
      |             ~~~~~~~~^~~
/dev/shm/velavision-ort-session-20260911/sources/onnx/onnx/common/ir.h:83:11: note: shadowed declaration is here
   83 |   int64_t dim;
      |           ^~~
/dev/shm/velavision-ort-session-20260911/sources/onnx/onnx/common/ir.h: In constructor 'onnx::Dimension::Dimension(int64_t)':
/dev/shm/velavision-ort-session-20260911/sources/onnx/onnx/common/ir.h:79:21: warning: declaration of 'dim' shadows a member of 'onnx::Dimension' [-Wshadow]
   79 |   Dimension(int64_t dim) : is_unknown(false), is_int(true), dim(dim) {} // NOLINT
      |             ~~~~~~~~^~~
/dev/shm/velavision-ort-session-20260911/sources/onnx/onnx/common/ir.h:83:11: note: shadowed declaration is here
   83 |   int64_t dim;
      |           ^~~
/dev/shm/velavision-ort-session-20260911/sources/onnx/onnx/common/ir.h: In constructor 'onnx::Dimension::Dimension(int64_t)':
/dev/shm/velavision-ort-session-20260911/sources/onnx/onnx/common/ir.h:79:21: warning: declaration of 'dim' shadows a member of 'onnx::Dimension' [-Wshadow]
   79 |   Dimension(int64_t dim) : is_unknown(false), is_int(true), dim(dim) {} // NOLINT
      |             ~~~~~~~~^~~
/dev/shm/velavision-ort-session-20260911/sources/onnx/onnx/common/ir.h:83:11: note: shadowed declaration is here
   83 |   int64_t dim;
      |           ^~~
/dev/shm/velavision-ort-session-20260911/sources/onnx/onnx/common/ir.h: In constructor 'onnx::AttributeValue::AttributeValue(onnx::Symbol)':
/dev/shm/velavision-ort-session-20260911/sources/onnx/onnx/common/ir.h:111:34: warning: declaration of 'name' shadows a member of 'onnx::AttributeValue' [-Wshadow]
  111 |   explicit AttributeValue(Symbol name) : name(name) {}
      |                           ~~~~~~~^~~~
/dev/shm/velavision-ort-session-20260911/sources/onnx/onnx/common/ir.h:113:10: note: shadowed declaration is here
  113 |   Symbol name;
      |          ^~~~
/dev/shm/velavision-ort-session-20260911/sources/onnx/onnx/common/ir.h: In constructor 'onnx::AttributeValue::AttributeValue(onnx::Symbol)':
/dev/shm/velavision-ort-session-20260911/sources/onnx/onnx/common/ir.h:111:34: warning: declaration of 'name' shadows a member of 'onnx::AttributeValue' [-Wshadow]
  111 |   explicit AttributeValue(Symbol name) : name(name) {}
      |                           ~~~~~~~^~~~
/dev/shm/velavision-ort-session-20260911/sources/onnx/onnx/common/ir.h:113:10: note: shadowed declaration is here
  113 |   Symbol name;
      |          ^~~~
/dev/shm/velavision-ort-session-20260911/sources/onnx/onnx/common/ir.h: In constructor 'onnx::AttributeValue::AttributeValue(onnx::Symbol)':
/dev/shm/velavision-ort-session-20260911/sources/onnx/onnx/common/ir.h:111:34: warning: declaration of 'name' shadows a member of 'onnx::AttributeValue' [-Wshadow]
  111 |   explicit AttributeValue(Symbol name) : name(name) {}
      |                           ~~~~~~~^~~~
/dev/shm/velavision-ort-session-20260911/sources/onnx/onnx/common/ir.h:113:10: note: shadowed declaration is here
  113 |   Symbol name;
      |          ^~~~
/dev/shm/velavision-ort-session-20260911/sources/onnx/onnx/common/ir.h: In constructor 'onnx::ScalarAttributeValue<T, Kind>::ScalarAttributeValue(onnx::Symbol, ConstructorType)':
/dev/shm/velavision-ort-session-20260911/sources/onnx/onnx/common/ir.h:123:53: warning: declaration of 'value_' shadows a member of 'onnx::ScalarAttributeValue<T, Kind>' [-Wshadow]
  123 |   ScalarAttributeValue(Symbol name, ConstructorType value_) : AttributeValue(name), value_(value_) {}
      |                                     ~~~~~~~~~~~~~~~~^~~~~~
/dev/shm/velavision-ort-session-20260911/sources/onnx/onnx/common/ir.h:135:13: note: shadowed declaration is here
  135 |   ValueType value_;
      |             ^~~~~~
/dev/shm/velavision-ort-session-20260911/sources/onnx/onnx/common/ir.h:123:31: warning: declaration of 'name' shadows a member of 'onnx::ScalarAttributeValue<T, Kind>' [-Wshadow]
  123 |   ScalarAttributeValue(Symbol name, ConstructorType value_) : AttributeValue(name), value_(value_) {}
      |                        ~~~~~~~^~~~
/dev/shm/velavision-ort-session-20260911/sources/onnx/onnx/common/ir.h:113:10: note: shadowed declaration is here
  113 |   Symbol name;
      |          ^~~~
/dev/shm/velavision-ort-session-20260911/sources/onnx/onnx/common/ir.h: In constructor 'onnx::VectorAttributeValue<T, Kind>::VectorAttributeValue(onnx::Symbol, ConstructorType)':
/dev/shm/velavision-ort-session-20260911/sources/onnx/onnx/common/ir.h:142:53: warning: declaration of 'value_' shadows a member of 'onnx::VectorAttributeValue<T, Kind>' [-Wshadow]
  142 |   VectorAttributeValue(Symbol name, ConstructorType value_) : AttributeValue(name), value_(std::move(value_)) {}
      |                                     ~~~~~~~~~~~~~~~~^~~~~~
/dev/shm/velavision-ort-session-20260911/sources/onnx/onnx/common/ir.h:155:13: note: shadowed declaration is here
  155 |   ValueType value_;
      |             ^~~~~~
/dev/shm/velavision-ort-session-20260911/sources/onnx/onnx/common/ir.h:142:31: warning: declaration of 'name' shadows a member of 'onnx::VectorAttributeValue<T, Kind>' [-Wshadow]
  142 |   VectorAttributeValue(Symbol name, ConstructorType value_) : AttributeValue(name), value_(std::move(value_)) {}
      |                        ~~~~~~~^~~~
/dev/shm/velavision-ort-session-20260911/sources/onnx/onnx/common/ir.h:113:10: note: shadowed declaration is here
  113 |   Symbol name;
      |          ^~~~
/dev/shm/velavision-ort-session-20260911/sources/onnx/onnx/common/ir.h: In constructor 'onnx::Use::Use(onnx::Node*, size_t)':
/dev/shm/velavision-ort-session-20260911/sources/onnx/onnx/common/ir.h:279:26: warning: declaration of 'offset' shadows a member of 'onnx::Use' [-Wshadow]
  279 |   Use(Node* user, size_t offset) : user(user), offset(offset) {}
      |                   ~~~~~~~^~~~~~
/dev/shm/velavision-ort-session-20260911/sources/onnx/onnx/common/ir.h:281:10: note: shadowed declaration is here
  281 |   size_t offset;
      |          ^~~~~~
/dev/shm/velavision-ort-session-20260911/sources/onnx/onnx/common/ir.h:279:13: warning: declaration of 'user' shadows a member of 'onnx::Use' [-Wshadow]
  279 |   Use(Node* user, size_t offset) : user(user), offset(offset) {}
      |       ~~~~~~^~~~
/dev/shm/velavision-ort-session-20260911/sources/onnx/onnx/common/ir.h:280:9: note: shadowed declaration is here
  280 |   Node* user;
      |         ^~~~
/dev/shm/velavision-ort-session-20260911/sources/onnx/onnx/common/ir.h: In constructor 'onnx::Use::Use(onnx::Node*, size_t)':
/dev/shm/velavision-ort-session-20260911/sources/onnx/onnx/common/ir.h:279:26: warning: declaration of 'offset' shadows a member of 'onnx::Use' [-Wshadow]
  279 |   Use(Node* user, size_t offset) : user(user), offset(offset) {}
      |                   ~~~~~~~^~~~~~
/dev/shm/velavision-ort-session-20260911/sources/onnx/onnx/common/ir.h:281:10: note: shadowed declaration is here
  281 |   size_t offset;
      |          ^~~~~~
/dev/shm/velavision-ort-session-20260911/sources/onnx/onnx/common/ir.h:279:13: warning: declaration of 'user' shadows a member of 'onnx::Use' [-Wshadow]
  279 |   Use(Node* user, size_t offset) : user(user), offset(offset) {}
      |       ~~~~~~^~~~
/dev/shm/velavision-ort-session-20260911/sources/onnx/onnx/common/ir.h:280:9: note: shadowed declaration is here
  280 |   Node* user;
      |         ^~~~
/dev/shm/velavision-ort-session-20260911/sources/onnx/onnx/common/ir.h: In constructor 'onnx::Use::Use(onnx::Node*, size_t)':
/dev/shm/velavision-ort-session-20260911/sources/onnx/onnx/common/ir.h:279:26: warning: declaration of 'offset' shadows a member of 'onnx::Use' [-Wshadow]
  279 |   Use(Node* user, size_t offset) : user(user), offset(offset) {}
      |                   ~~~~~~~^~~~~~
/dev/shm/velavision-ort-session-20260911/sources/onnx/onnx/common/ir.h:281:10: note: shadowed declaration is here
  281 |   size_t offset;
      |          ^~~~~~
/dev/shm/velavision-ort-session-20260911/sources/onnx/onnx/common/ir.h:279:13: warning: declaration of 'user' shadows a member of 'onnx::Use' [-Wshadow]
  279 |   Use(Node* user, size_t offset) : user(user), offset(offset) {}
      |       ~~~~~~^~~~
/dev/shm/velavision-ort-session-20260911/sources/onnx/onnx/common/ir.h:280:9: note: shadowed declaration is here
  280 |   Node* user;
      |         ^~~~
/dev/shm/velavision-ort-session-20260911/sources/onnx/onnx/common/ir.h: In constructor 'onnx::Value::Value(onnx::Node*, size_t)':
/dev/shm/velavision-ort-session-20260911/sources/onnx/onnx/common/ir.h:1245:41: warning: declaration of 'offset_' shadows a member of 'onnx::Value' [-Wshadow]
 1245 | inline Value::Value(Node* node_, size_t offset_)
      |                                  ~~~~~~~^~~~~~~
/dev/shm/velavision-ort-session-20260911/sources/onnx/onnx/common/ir.h:306:10: note: shadowed declaration is here
  306 |   size_t offset_;
      |          ^~~~~~~
/dev/shm/velavision-ort-session-20260911/sources/onnx/onnx/common/ir.h:1245:27: warning: declaration of 'node_' shadows a member of 'onnx::Value' [-Wshadow]
 1245 | inline Value::Value(Node* node_, size_t offset_)
      |                     ~~~~~~^~~~~
/dev/shm/velavision-ort-session-20260911/sources/onnx/onnx/common/ir.h:305:9: note: shadowed declaration is here
  305 |   Node* node_;
      |         ^~~~~
/dev/shm/velavision-ort-session-20260911/sources/onnx/onnx/common/ir.h: In constructor 'onnx::Value::Value(onnx::Node*, size_t)':
/dev/shm/velavision-ort-session-20260911/sources/onnx/onnx/common/ir.h:1245:41: warning: declaration of 'offset_' shadows a member of 'onnx::Value' [-Wshadow]
 1245 | inline Value::Value(Node* node_, size_t offset_)
      |                                  ~~~~~~~^~~~~~~
/dev/shm/velavision-ort-session-20260911/sources/onnx/onnx/common/ir.h:306:10: note: shadowed declaration is here
  306 |   size_t offset_;
      |          ^~~~~~~
/dev/shm/velavision-ort-session-20260911/sources/onnx/onnx/common/ir.h:1245:27: warning: declaration of 'node_' shadows a member of 'onnx::Value' [-Wshadow]
 1245 | inline Value::Value(Node* node_, size_t offset_)
      |                     ~~~~~~^~~~~
/dev/shm/velavision-ort-session-20260911/sources/onnx/onnx/common/ir.h:305:9: note: shadowed declaration is here
  305 |   Node* node_;
      |         ^~~~~
/dev/shm/velavision-ort-session-20260911/sources/onnx/onnx/common/ir.h: In constructor 'onnx::Value::Value(onnx::Node*, size_t)':
/dev/shm/velavision-ort-session-20260911/sources/onnx/onnx/common/ir.h:1245:41: warning: declaration of 'offset_' shadows a member of 'onnx::Value' [-Wshadow]
 1245 | inline Value::Value(Node* node_, size_t offset_)
      |                                  ~~~~~~~^~~~~~~
/dev/shm/velavision-ort-session-20260911/sources/onnx/onnx/common/ir.h:306:10: note: shadowed declaration is here
  306 |   size_t offset_;
      |          ^~~~~~~
/dev/shm/velavision-ort-session-20260911/sources/onnx/onnx/common/ir.h:1245:27: warning: declaration of 'node_' shadows a member of 'onnx::Value' [-Wshadow]
 1245 | inline Value::Value(Node* node_, size_t offset_)
      |                     ~~~~~~^~~~~
/dev/shm/velavision-ort-session-20260911/sources/onnx/onnx/common/ir.h:305:9: note: shadowed declaration is here
  305 |   Node* node_;
      |         ^~~~~
/dev/shm/velavision-ort-session-20260911/sources/onnx/onnx/common/ir.h: In constructor 'onnx::Node::Node(onnx::Graph*, onnx::NodeKind)':
/dev/shm/velavision-ort-session-20260911/sources/onnx/onnx/common/ir.h:1337:43: warning: declaration of 'kind_' shadows a member of 'onnx::Node' [-Wshadow]
 1337 | inline Node::Node(Graph* graph_, NodeKind kind_)
      |                                  ~~~~~~~~~^~~~~
/dev/shm/velavision-ort-session-20260911/sources/onnx/onnx/common/ir.h:426:18: note: shadowed declaration is here
  426 |   const NodeKind kind_;
      |                  ^~~~~
/dev/shm/velavision-ort-session-20260911/sources/onnx/onnx/common/ir.h:1337:26: warning: declaration of 'graph_' shadows a member of 'onnx::Node' [-Wshadow]
 1337 | inline Node::Node(Graph* graph_, NodeKind kind_)
      |                   ~~~~~~~^~~~~~
/dev/shm/velavision-ort-session-20260911/sources/onnx/onnx/common/ir.h:429:10: note: shadowed declaration is here
  429 |   Graph* graph_;
      |          ^~~~~~
/dev/shm/velavision-ort-session-20260911/sources/onnx/onnx/common/ir.h: In constructor 'onnx::Node::Node(onnx::Graph*, onnx::NodeKind)':
/dev/shm/velavision-ort-session-20260911/sources/onnx/onnx/common/ir.h:1337:43: warning: declaration of 'kind_' shadows a member of 'onnx::Node' [-Wshadow]
 1337 | inline Node::Node(Graph* graph_, NodeKind kind_)
      |                                  ~~~~~~~~~^~~~~
/dev/shm/velavision-ort-session-20260911/sources/onnx/onnx/common/ir.h:426:18: note: shadowed declaration is here
  426 |   const NodeKind kind_;
      |                  ^~~~~
/dev/shm/velavision-ort-session-20260911/sources/onnx/onnx/common/ir.h:1337:26: warning: declaration of 'graph_' shadows a member of 'onnx::Node' [-Wshadow]
 1337 | inline Node::Node(Graph* graph_, NodeKind kind_)
      |                   ~~~~~~~^~~~~~
/dev/shm/velavision-ort-session-20260911/sources/onnx/onnx/common/ir.h:429:10: note: shadowed declaration is here
  429 |   Graph* graph_;
      |          ^~~~~~
/dev/shm/velavision-ort-session-20260911/sources/onnx/onnx/common/ir.h: In constructor 'onnx::Node::Node(onnx::Graph*, onnx::NodeKind)':
/dev/shm/velavision-ort-session-20260911/sources/onnx/onnx/common/ir.h:1337:43: warning: declaration of 'kind_' shadows a member of 'onnx::Node' [-Wshadow]
 1337 | inline Node::Node(Graph* graph_, NodeKind kind_)
      |                                  ~~~~~~~~~^~~~~
/dev/shm/velavision-ort-session-20260911/sources/onnx/onnx/common/ir.h:426:18: note: shadowed declaration is here
  426 |   const NodeKind kind_;
      |                  ^~~~~
/dev/shm/velavision-ort-session-20260911/sources/onnx/onnx/common/ir.h:1337:26: warning: declaration of 'graph_' shadows a member of 'onnx::Node' [-Wshadow]
 1337 | inline Node::Node(Graph* graph_, NodeKind kind_)
      |                   ~~~~~~~^~~~~~
/dev/shm/velavision-ort-session-20260911/sources/onnx/onnx/common/ir.h:429:10: note: shadowed declaration is here
  429 |   Graph* graph_;
      |          ^~~~~~
[250/749] Building CXX object CMakeFiles/onnxruntime_flatbuffers.dir/dev/shm/velavision-ort-session-20260911/ort/onnxruntime/core/flatbuffers/flatbuffers_utils.cc.obj
FAILED: CMakeFiles/onnxruntime_flatbuffers.dir/dev/shm/velavision-ort-session-20260911/ort/onnxruntime/core/flatbuffers/flatbuffers_utils.cc.obj 
/home/swl/openvela/prebuilts/gcc/linux-x86_64/aarch64-none-elf/bin/aarch64-none-elf-g++ -DEIGEN_MPL2_ONLY -DEIGEN_USE_THREADS -DNSYNC_ATOMIC_CPP11 -DONNX_ML=1 -DONNX_NAMESPACE=onnx -DONNX_USE_LITE_PROTO=1 -DORT_ENABLE_STREAM -DORT_K7_NUTTX -DORT_NO_RTTI -DPLATFORM_POSIX -DREDUCED_OPS_BUILD -D__ONNX_NO_DOC_STRINGS -I/dev/shm/velavision-ort-session-20260911/sources/utf8_range -I/dev/shm/velavision-ort-session-20260911/ort/include/onnxruntime -I/dev/shm/velavision-ort-session-20260911/ort/include/onnxruntime/core/session -I/dev/shm/velavision-ort-session-20260911/sources/google_nsync/public -I/dev/shm/velavision-ort-session-20260911/build -I/dev/shm/velavision-ort-session-20260911/ort/onnxruntime -I/dev/shm/velavision-ort-session-20260911/sources/abseil_cpp -I/dev/shm/velavision-ort-session-20260911/sources/onnx -I/dev/shm/velavision-ort-session-20260911/build/_deps/onnx-build -I/dev/shm/velavision-ort-session-20260911/sources/protobuf/src -I/dev/shm/velavision-ort-session-20260911/sources/flatbuffers/include -I/dev/shm/velavision-ort-session-20260911/sources/microsoft_gsl/include -D__NuttX__ -I/home/swl/openvela/apps/include -I/dev/shm/velavision_audio_sound_20260910/apps/include -I/home/swl/openvela/apps/examples/voicelink/include -I/home/swl/openvela/apps/examples/voicelink/src -I/home/swl/openvela/apps/examples/voicelink/../k7radio -I/dev/shm/velavision_audio_sound_20260910/include/libcxx -I/dev/shm/velavision_audio_sound_20260910/include/libcxx_config -I/home/swl/openvela/nuttx/libs/libxx/libcxx/libcxx/test/support -I/home/swl/openvela/nuttx/libs/libxx/libcxx/libcxx/src -I/dev/shm/velavision_audio_sound_20260910/include/libcxxabi -I/home/swl/openvela/apps/frameworks/security/include -isystem /home/swl/openvela/nuttx/include -isystem /dev/shm/velavision_audio_sound_20260910/include -march=armv8-a -mcpu=cortex-a53 -Os -fno-strict-aliasing -fno-omit-frame-pointer -D_LDBL_EQ_DBL -fno-common -Wall -Wshadow -Wundef -Wno-attributes -Wno-unknown-pragmas -nostdinc++ -Wno-psabi -std=gnu++17 -ffunction-sections -fdata-sections -g3 -Wno-alloc-size-larger-than -Wno-stringop-overflow -fdiagnostics-color=always -fmacro-prefix-map=/home/swl/openvela/nuttx= -fmacro-prefix-map=/home/swl/openvela/apps= -fmacro-prefix-map=/home/swl/openvela/nuttx/boards/arm64/rk3576/kickpi_k7= -fmacro-prefix-map=/home/swl/openvela/nuttx/arch/arm64/src/rk3576= -DCONFIG_ALLOW_MIT_COMPONENTS=1 -ffunction-sections -fdata-sections -Wno-error=attributes -Wno-restrict  -Os -DNDEBUG -fPIC -fno-rtti -Wall -Wextra -Wno-deprecated-copy -Wno-nonnull-compare -Werror -MD -MT CMakeFiles/onnxruntime_flatbuffers.dir/dev/shm/velavision-ort-session-20260911/ort/onnxruntime/core/flatbuffers/flatbuffers_utils.cc.obj -MF CMakeFiles/onnxruntime_flatbuffers.dir/dev/shm/velavision-ort-session-20260911/ort/onnxruntime/core/flatbuffers/flatbuffers_utils.cc.obj.d -o CMakeFiles/onnxruntime_flatbuffers.dir/dev/shm/velavision-ort-session-20260911/ort/onnxruntime/core/flatbuffers/flatbuffers_utils.cc.obj -c /dev/shm/velavision-ort-session-20260911/ort/onnxruntime/core/flatbuffers/flatbuffers_utils.cc
In file included from /dev/shm/velavision-ort-session-20260911/ort/onnxruntime/core/flatbuffers/flatbuffers_utils.h:10,
                 from /dev/shm/velavision-ort-session-20260911/ort/onnxruntime/core/flatbuffers/flatbuffers_utils.cc:4:
/dev/shm/velavision-ort-session-20260911/ort/include/onnxruntime/core/common/common.h:88:6: error: "_MSC_VER" is not defined, evaluates to 0 [-Werror=undef]
   88 | #if (_MSC_VER && !defined(__PRETTY_FUNCTION__))
      |      ^~~~~~~~
In file included from /dev/shm/velavision-ort-session-20260911/sources/protobuf/src/google/protobuf/parse_context.h:47,
                 from /dev/shm/velavision-ort-session-20260911/sources/protobuf/src/google/protobuf/extension_set.h:53,
                 from /dev/shm/velavision-ort-session-20260911/build/_deps/onnx-build/onnx/onnx-ml.pb.h:30,
                 from /dev/shm/velavision-ort-session-20260911/sources/onnx/onnx/onnx_pb.h:65,
                 from /dev/shm/velavision-ort-session-20260911/sources/onnx/onnx/defs/data_type_utils.h:14,
                 from /dev/shm/velavision-ort-session-20260911/sources/onnx/onnx/defs/shape_inference.h:13,
                 from /dev/shm/velavision-ort-session-20260911/sources/onnx/onnx/defs/schema.h:26,
                 from /dev/shm/velavision-ort-session-20260911/ort/onnxruntime/core/graph/onnx_protobuf.h:22,
                 from /dev/shm/velavision-ort-session-20260911/ort/onnxruntime/core/flatbuffers/flatbuffers_utils.cc:10:
/dev/shm/velavision-ort-session-20260911/sources/protobuf/src/google/protobuf/inlined_string_field.h:430:5: error: "GOOGLE_PROTOBUF_INTERNAL_DONATE_STEAL_INLINE" is not defined, evaluates to 0 [-Werror=undef]
  430 | #if GOOGLE_PROTOBUF_INTERNAL_DONATE_STEAL_INLINE
      |     ^~~~~~~~~~~~~~~~~~~~~~~~~~~~~~~~~~~~~~~~~~~~
In file included from /dev/shm/velavision-ort-session-20260911/ort/include/onnxruntime/core/common/common.h:35:
/dev/shm/velavision-ort-session-20260911/ort/include/onnxruntime/core/common/code_location.h: In constructor 'onnxruntime::CodeLocation::CodeLocation(const char*, int, const char*, const std::__1::vector<std::__1::basic_string<char> >&)':
/dev/shm/velavision-ort-session-20260911/ort/include/onnxruntime/core/common/code_location.h:30:105: error: declaration of 'stacktrace' shadows a member of 'onnxruntime::CodeLocation' [-Werror=shadow]
   30 |   CodeLocation(const char* file_path, const int line, const char* func, const std::vector<std::string>& stacktrace)
      |                                                                         ~~~~~~~~~~~~~~~~~~~~~~~~~~~~~~~~^~~~~~~~~~
/dev/shm/velavision-ort-session-20260911/ort/include/onnxruntime/core/common/code_location.h:55:34: note: shadowed declaration is here
   55 |   const std::vector<std::string> stacktrace;
      |                                  ^~~~~~~~~~
/dev/shm/velavision-ort-session-20260911/ort/include/onnxruntime/core/common/code_location.h: In constructor 'onnxruntime::CodeLocation::CodeLocation(const char*, int, const char*, const std::__1::vector<std::__1::basic_string<char> >&)':
/dev/shm/velavision-ort-session-20260911/ort/include/onnxruntime/core/common/code_location.h:30:105: error: declaration of 'stacktrace' shadows a member of 'onnxruntime::CodeLocation' [-Werror=shadow]
   30 |   CodeLocation(const char* file_path, const int line, const char* func, const std::vector<std::string>& stacktrace)
      |                                                                         ~~~~~~~~~~~~~~~~~~~~~~~~~~~~~~~~^~~~~~~~~~
/dev/shm/velavision-ort-session-20260911/ort/include/onnxruntime/core/common/code_location.h:55:34: note: shadowed declaration is here
   55 |   const std::vector<std::string> stacktrace;
      |                                  ^~~~~~~~~~
/dev/shm/velavision-ort-session-20260911/ort/include/onnxruntime/core/common/code_location.h: In constructor 'onnxruntime::CodeLocation::CodeLocation(const char*, int, const char*, const std::__1::vector<std::__1::basic_string<char> >&)':
/dev/shm/velavision-ort-session-20260911/ort/include/onnxruntime/core/common/code_location.h:30:105: error: declaration of 'stacktrace' shadows a member of 'onnxruntime::CodeLocation' [-Werror=shadow]
   30 |   CodeLocation(const char* file_path, const int line, const char* func, const std::vector<std::string>& stacktrace)
      |                                                                         ~~~~~~~~~~~~~~~~~~~~~~~~~~~~~~~~^~~~~~~~~~
/dev/shm/velavision-ort-session-20260911/ort/include/onnxruntime/core/common/code_location.h:55:34: note: shadowed declaration is here
   55 |   const std::vector<std::string> stacktrace;
      |                                  ^~~~~~~~~~
In file included from /dev/shm/velavision-ort-session-20260911/sources/protobuf/src/google/protobuf/arena.h:52,
                 from /dev/shm/velavision-ort-session-20260911/build/_deps/onnx-build/onnx/onnx-ml.pb.h:24:
/dev/shm/velavision-ort-session-20260911/sources/protobuf/src/google/protobuf/arena_impl.h: In constructor 'google::protobuf::internal::SerialArena::Block::Block(google::protobuf::internal::SerialArena::Block*, size_t)':
/dev/shm/velavision-ort-session-20260911/sources/protobuf/src/google/protobuf/arena_impl.h:384:31: error: declaration of 'size' shadows a member of 'google::protobuf::internal::SerialArena::Block' [-Werror=shadow]
  384 |     Block(Block* next, size_t size) : next(next), size(size), start(nullptr) {}
      |                        ~~~~~~~^~~~
/dev/shm/velavision-ort-session-20260911/sources/protobuf/src/google/protobuf/arena_impl.h:392:18: note: shadowed declaration is here
  392 |     const size_t size;
      |                  ^~~~
/dev/shm/velavision-ort-session-20260911/sources/protobuf/src/google/protobuf/arena_impl.h:384:18: error: declaration of 'next' shadows a member of 'google::protobuf::internal::SerialArena::Block' [-Werror=shadow]
  384 |     Block(Block* next, size_t size) : next(next), size(size), start(nullptr) {}
      |           ~~~~~~~^~~~
/dev/shm/velavision-ort-session-20260911/sources/protobuf/src/google/protobuf/arena_impl.h:391:18: note: shadowed declaration is here
  391 |     Block* const next;
      |                  ^~~~
/dev/shm/velavision-ort-session-20260911/sources/protobuf/src/google/protobuf/arena_impl.h: In constructor 'google::protobuf::internal::SerialArena::Block::Block(google::protobuf::internal::SerialArena::Block*, size_t)':
/dev/shm/velavision-ort-session-20260911/sources/protobuf/src/google/protobuf/arena_impl.h:384:31: error: declaration of 'size' shadows a member of 'google::protobuf::internal::SerialArena::Block' [-Werror=shadow]
  384 |     Block(Block* next, size_t size) : next(next), size(size), start(nullptr) {}
      |                        ~~~~~~~^~~~
/dev/shm/velavision-ort-session-20260911/sources/protobuf/src/google/protobuf/arena_impl.h:392:18: note: shadowed declaration is here
  392 |     const size_t size;
      |                  ^~~~
/dev/shm/velavision-ort-session-20260911/sources/protobuf/src/google/protobuf/arena_impl.h:384:18: error: declaration of 'next' shadows a member of 'google::protobuf::internal::SerialArena::Block' [-Werror=shadow]
  384 |     Block(Block* next, size_t size) : next(next), size(size), start(nullptr) {}
      |           ~~~~~~~^~~~
/dev/shm/velavision-ort-session-20260911/sources/protobuf/src/google/protobuf/arena_impl.h:391:18: note: shadowed declaration is here
  391 |     Block* const next;
      |                  ^~~~
/dev/shm/velavision-ort-session-20260911/sources/protobuf/src/google/protobuf/arena_impl.h: In constructor 'google::protobuf::internal::SerialArena::Block::Block(google::protobuf::internal::SerialArena::Block*, size_t)':
/dev/shm/velavision-ort-session-20260911/sources/protobuf/src/google/protobuf/arena_impl.h:384:31: error: declaration of 'size' shadows a member of 'google::protobuf::internal::SerialArena::Block' [-Werror=shadow]
  384 |     Block(Block* next, size_t size) : next(next), size(size), start(nullptr) {}
      |                        ~~~~~~~^~~~
/dev/shm/velavision-ort-session-20260911/sources/protobuf/src/google/protobuf/arena_impl.h:392:18: note: shadowed declaration is here
  392 |     const size_t size;
      |                  ^~~~
/dev/shm/velavision-ort-session-20260911/sources/protobuf/src/google/protobuf/arena_impl.h:384:18: error: declaration of 'next' shadows a member of 'google::protobuf::internal::SerialArena::Block' [-Werror=shadow]
  384 |     Block(Block* next, size_t size) : next(next), size(size), start(nullptr) {}
      |           ~~~~~~~^~~~
/dev/shm/velavision-ort-session-20260911/sources/protobuf/src/google/protobuf/arena_impl.h:391:18: note: shadowed declaration is here
  391 |     Block* const next;
      |                  ^~~~
cc1plus: all warnings being treated as errors
[251/749] Building CXX object _deps/onnx-build/CMakeFiles/onnx.dir/onnx/version_converter/convert.cc.obj
In file included from /dev/shm/velavision-ort-session-20260911/sources/protobuf/src/google/protobuf/parse_context.h:47,
                 from /dev/shm/velavision-ort-session-20260911/sources/protobuf/src/google/protobuf/extension_set.h:53,
                 from /dev/shm/velavision-ort-session-20260911/build/_deps/onnx-build/onnx/onnx-ml.pb.h:30,
                 from /dev/shm/velavision-ort-session-20260911/sources/onnx/onnx/onnx_pb.h:65,
                 from /dev/shm/velavision-ort-session-20260911/sources/onnx/onnx/common/tensor.h:20,
                 from /dev/shm/velavision-ort-session-20260911/sources/onnx/onnx/common/ir.h:33,
                 from /dev/shm/velavision-ort-session-20260911/sources/onnx/onnx/version_converter/BaseConverter.h:20,
                 from /dev/shm/velavision-ort-session-20260911/sources/onnx/onnx/version_converter/convert.h:19,
                 from /dev/shm/velavision-ort-session-20260911/sources/onnx/onnx/version_converter/convert.cc:7:
/dev/shm/velavision-ort-session-20260911/sources/protobuf/src/google/protobuf/inlined_string_field.h:430:5: warning: "GOOGLE_PROTOBUF_INTERNAL_DONATE_STEAL_INLINE" is not defined, evaluates to 0 [-Wundef]
  430 | #if GOOGLE_PROTOBUF_INTERNAL_DONATE_STEAL_INLINE
      |     ^~~~~~~~~~~~~~~~~~~~~~~~~~~~~~~~~~~~~~~~~~~~
In file included from /dev/shm/velavision-ort-session-20260911/sources/onnx/onnx/common/ir.h:31:
/dev/shm/velavision-ort-session-20260911/sources/onnx/onnx/common/graph_node_list.h: In constructor 'onnx::generic_graph_node_list_iterator<T>::generic_graph_node_list_iterator(T*, size_t)':
/dev/shm/velavision-ort-session-20260911/sources/onnx/onnx/common/graph_node_list.h:54:51: warning: declaration of 'd' shadows a member of 'onnx::generic_graph_node_list_iterator<T>' [-Wshadow]
   54 |   generic_graph_node_list_iterator(T* cur, size_t d) : cur(cur), d(d) {}
      |                                            ~~~~~~~^
/dev/shm/velavision-ort-session-20260911/sources/onnx/onnx/common/graph_node_list.h:100:10: note: shadowed declaration is here
  100 |   size_t d; // direction 0 is forward 1 is reverse, see next_in_graph
      |          ^
/dev/shm/velavision-ort-session-20260911/sources/onnx/onnx/common/graph_node_list.h:54:39: warning: declaration of 'cur' shadows a member of 'onnx::generic_graph_node_list_iterator<T>' [-Wshadow]
   54 |   generic_graph_node_list_iterator(T* cur, size_t d) : cur(cur), d(d) {}
      |                                    ~~~^~~
/dev/shm/velavision-ort-session-20260911/sources/onnx/onnx/common/graph_node_list.h:99:6: note: shadowed declaration is here
   99 |   T* cur;
      |      ^~~
/dev/shm/velavision-ort-session-20260911/sources/onnx/onnx/common/graph_node_list.h: In constructor 'onnx::generic_graph_node_list<T>::generic_graph_node_list(T*, size_t)':
/dev/shm/velavision-ort-session-20260911/sources/onnx/onnx/common/graph_node_list.h:137:43: warning: declaration of 'd' shadows a member of 'onnx::generic_graph_node_list<T>' [-Wshadow]
  137 |   generic_graph_node_list(T* head, size_t d) : head(head), d(d) {}
      |                                    ~~~~~~~^
/dev/shm/velavision-ort-session-20260911/sources/onnx/onnx/common/graph_node_list.h:141:10: note: shadowed declaration is here
  141 |   size_t d;
      |          ^
/dev/shm/velavision-ort-session-20260911/sources/onnx/onnx/common/graph_node_list.h:137:30: warning: declaration of 'head' shadows a member of 'onnx::generic_graph_node_list<T>' [-Wshadow]
  137 |   generic_graph_node_list(T* head, size_t d) : head(head), d(d) {}
      |                           ~~~^~~~
/dev/shm/velavision-ort-session-20260911/sources/onnx/onnx/common/graph_node_list.h:140:6: note: shadowed declaration is here
  140 |   T* head;
      |      ^~~~
In file included from /dev/shm/velavision-ort-session-20260911/sources/onnx/onnx/common/ir.h:32:
/dev/shm/velavision-ort-session-20260911/sources/onnx/onnx/common/interned_strings.h: In constructor 'onnx::Symbol::Symbol(onnx::BuiltinSymbol)':
/dev/shm/velavision-ort-session-20260911/sources/onnx/onnx/common/interned_strings.h:199:37: warning: declaration of 'value' shadows a member of 'onnx::Symbol' [-Wshadow]
  199 |   /*implicit*/ Symbol(BuiltinSymbol value) : value(value) {}
      |                       ~~~~~~~~~~~~~~^~~~~
/dev/shm/velavision-ort-session-20260911/sources/onnx/onnx/common/interned_strings.h:209:12: note: shadowed declaration is here
  209 |   uint32_t value;
      |            ^~~~~
/dev/shm/velavision-ort-session-20260911/sources/onnx/onnx/common/interned_strings.h: In constructor 'onnx::Symbol::Symbol(onnx::BuiltinSymbol)':
/dev/shm/velavision-ort-session-20260911/sources/onnx/onnx/common/interned_strings.h:199:37: warning: declaration of 'value' shadows a member of 'onnx::Symbol' [-Wshadow]
  199 |   /*implicit*/ Symbol(BuiltinSymbol value) : value(value) {}
      |                       ~~~~~~~~~~~~~~^~~~~
/dev/shm/velavision-ort-session-20260911/sources/onnx/onnx/common/interned_strings.h:209:12: note: shadowed declaration is here
  209 |   uint32_t value;
      |            ^~~~~
/dev/shm/velavision-ort-session-20260911/sources/onnx/onnx/common/interned_strings.h: In constructor 'onnx::Symbol::Symbol(onnx::BuiltinSymbol)':
/dev/shm/velavision-ort-session-20260911/sources/onnx/onnx/common/interned_strings.h:199:37: warning: declaration of 'value' shadows a member of 'onnx::Symbol' [-Wshadow]
  199 |   /*implicit*/ Symbol(BuiltinSymbol value) : value(value) {}
      |                       ~~~~~~~~~~~~~~^~~~~
/dev/shm/velavision-ort-session-20260911/sources/onnx/onnx/common/interned_strings.h:209:12: note: shadowed declaration is here
  209 |   uint32_t value;
      |            ^~~~~
/dev/shm/velavision-ort-session-20260911/sources/onnx/onnx/common/interned_strings.h: In constructor 'onnx::Symbol::Symbol(uint32_t)':
/dev/shm/velavision-ort-session-20260911/sources/onnx/onnx/common/interned_strings.h:201:28: warning: declaration of 'value' shadows a member of 'onnx::Symbol' [-Wshadow]
  201 |   explicit Symbol(uint32_t value) : value(value) {}
      |                   ~~~~~~~~~^~~~~
/dev/shm/velavision-ort-session-20260911/sources/onnx/onnx/common/interned_strings.h:209:12: note: shadowed declaration is here
  209 |   uint32_t value;
      |            ^~~~~
/dev/shm/velavision-ort-session-20260911/sources/onnx/onnx/common/interned_strings.h: In constructor 'onnx::Symbol::Symbol(uint32_t)':
/dev/shm/velavision-ort-session-20260911/sources/onnx/onnx/common/interned_strings.h:201:28: warning: declaration of 'value' shadows a member of 'onnx::Symbol' [-Wshadow]
  201 |   explicit Symbol(uint32_t value) : value(value) {}
      |                   ~~~~~~~~~^~~~~
/dev/shm/velavision-ort-session-20260911/sources/onnx/onnx/common/interned_strings.h:209:12: note: shadowed declaration is here
  209 |   uint32_t value;
      |            ^~~~~
/dev/shm/velavision-ort-session-20260911/sources/onnx/onnx/common/interned_strings.h: In constructor 'onnx::Symbol::Symbol(uint32_t)':
/dev/shm/velavision-ort-session-20260911/sources/onnx/onnx/common/interned_strings.h:201:28: warning: declaration of 'value' shadows a member of 'onnx::Symbol' [-Wshadow]
  201 |   explicit Symbol(uint32_t value) : value(value) {}
      |                   ~~~~~~~~~^~~~~
/dev/shm/velavision-ort-session-20260911/sources/onnx/onnx/common/interned_strings.h:209:12: note: shadowed declaration is here
  209 |   uint32_t value;
      |            ^~~~~
In file included from /dev/shm/velavision-ort-session-20260911/sources/protobuf/src/google/protobuf/arena.h:52,
                 from /dev/shm/velavision-ort-session-20260911/build/_deps/onnx-build/onnx/onnx-ml.pb.h:24:
/dev/shm/velavision-ort-session-20260911/sources/protobuf/src/google/protobuf/arena_impl.h: In constructor 'google::protobuf::internal::SerialArena::Block::Block(google::protobuf::internal::SerialArena::Block*, size_t)':
/dev/shm/velavision-ort-session-20260911/sources/protobuf/src/google/protobuf/arena_impl.h:384:31: warning: declaration of 'size' shadows a member of 'google::protobuf::internal::SerialArena::Block' [-Wshadow]
  384 |     Block(Block* next, size_t size) : next(next), size(size), start(nullptr) {}
      |                        ~~~~~~~^~~~
/dev/shm/velavision-ort-session-20260911/sources/protobuf/src/google/protobuf/arena_impl.h:392:18: note: shadowed declaration is here
  392 |     const size_t size;
      |                  ^~~~
/dev/shm/velavision-ort-session-20260911/sources/protobuf/src/google/protobuf/arena_impl.h:384:18: warning: declaration of 'next' shadows a member of 'google::protobuf::internal::SerialArena::Block' [-Wshadow]
  384 |     Block(Block* next, size_t size) : next(next), size(size), start(nullptr) {}
      |           ~~~~~~~^~~~
/dev/shm/velavision-ort-session-20260911/sources/protobuf/src/google/protobuf/arena_impl.h:391:18: note: shadowed declaration is here
  391 |     Block* const next;
      |                  ^~~~
/dev/shm/velavision-ort-session-20260911/sources/protobuf/src/google/protobuf/arena_impl.h: In constructor 'google::protobuf::internal::SerialArena::Block::Block(google::protobuf::internal::SerialArena::Block*, size_t)':
/dev/shm/velavision-ort-session-20260911/sources/protobuf/src/google/protobuf/arena_impl.h:384:31: warning: declaration of 'size' shadows a member of 'google::protobuf::internal::SerialArena::Block' [-Wshadow]
  384 |     Block(Block* next, size_t size) : next(next), size(size), start(nullptr) {}
      |                        ~~~~~~~^~~~
/dev/shm/velavision-ort-session-20260911/sources/protobuf/src/google/protobuf/arena_impl.h:392:18: note: shadowed declaration is here
  392 |     const size_t size;
      |                  ^~~~
/dev/shm/velavision-ort-session-20260911/sources/protobuf/src/google/protobuf/arena_impl.h:384:18: warning: declaration of 'next' shadows a member of 'google::protobuf::internal::SerialArena::Block' [-Wshadow]
  384 |     Block(Block* next, size_t size) : next(next), size(size), start(nullptr) {}
      |           ~~~~~~~^~~~
/dev/shm/velavision-ort-session-20260911/sources/protobuf/src/google/protobuf/arena_impl.h:391:18: note: shadowed declaration is here
  391 |     Block* const next;
      |                  ^~~~
/dev/shm/velavision-ort-session-20260911/sources/protobuf/src/google/protobuf/arena_impl.h: In constructor 'google::protobuf::internal::SerialArena::Block::Block(google::protobuf::internal::SerialArena::Block*, size_t)':
/dev/shm/velavision-ort-session-20260911/sources/protobuf/src/google/protobuf/arena_impl.h:384:31: warning: declaration of 'size' shadows a member of 'google::protobuf::internal::SerialArena::Block' [-Wshadow]
  384 |     Block(Block* next, size_t size) : next(next), size(size), start(nullptr) {}
      |                        ~~~~~~~^~~~
/dev/shm/velavision-ort-session-20260911/sources/protobuf/src/google/protobuf/arena_impl.h:392:18: note: shadowed declaration is here
  392 |     const size_t size;
      |                  ^~~~
/dev/shm/velavision-ort-session-20260911/sources/protobuf/src/google/protobuf/arena_impl.h:384:18: warning: declaration of 'next' shadows a member of 'google::protobuf::internal::SerialArena::Block' [-Wshadow]
  384 |     Block(Block* next, size_t size) : next(next), size(size), start(nullptr) {}
      |           ~~~~~~~^~~~
/dev/shm/velavision-ort-session-20260911/sources/protobuf/src/google/protobuf/arena_impl.h:391:18: note: shadowed declaration is here
  391 |     Block* const next;
      |                  ^~~~
/dev/shm/velavision-ort-session-20260911/sources/onnx/onnx/common/ir.h: In constructor 'onnx::Dimension::Dimension(std::__1::string)':
/dev/shm/velavision-ort-session-20260911/sources/onnx/onnx/common/ir.h:78:25: warning: declaration of 'param' shadows a member of 'onnx::Dimension' [-Wshadow]
   78 |   Dimension(std::string param) : is_unknown(false), is_int(false), dim(-1), param(std::move(param)) {} // NOLINT
      |             ~~~~~~~~~~~~^~~~~
/dev/shm/velavision-ort-session-20260911/sources/onnx/onnx/common/ir.h:84:15: note: shadowed declaration is here
   84 |   std::string param;
      |               ^~~~~
/dev/shm/velavision-ort-session-20260911/sources/onnx/onnx/common/ir.h: In constructor 'onnx::Dimension::Dimension(std::__1::string)':
/dev/shm/velavision-ort-session-20260911/sources/onnx/onnx/common/ir.h:78:25: warning: declaration of 'param' shadows a member of 'onnx::Dimension' [-Wshadow]
   78 |   Dimension(std::string param) : is_unknown(false), is_int(false), dim(-1), param(std::move(param)) {} // NOLINT
      |             ~~~~~~~~~~~~^~~~~
/dev/shm/velavision-ort-session-20260911/sources/onnx/onnx/common/ir.h:84:15: note: shadowed declaration is here
   84 |   std::string param;
      |               ^~~~~
/dev/shm/velavision-ort-session-20260911/sources/onnx/onnx/common/ir.h: In constructor 'onnx::Dimension::Dimension(std::__1::string)':
/dev/shm/velavision-ort-session-20260911/sources/onnx/onnx/common/ir.h:78:25: warning: declaration of 'param' shadows a member of 'onnx::Dimension' [-Wshadow]
   78 |   Dimension(std::string param) : is_unknown(false), is_int(false), dim(-1), param(std::move(param)) {} // NOLINT
      |             ~~~~~~~~~~~~^~~~~
/dev/shm/velavision-ort-session-20260911/sources/onnx/onnx/common/ir.h:84:15: note: shadowed declaration is here
   84 |   std::string param;
      |               ^~~~~
/dev/shm/velavision-ort-session-20260911/sources/onnx/onnx/common/ir.h: In constructor 'onnx::Dimension::Dimension(int64_t)':
/dev/shm/velavision-ort-session-20260911/sources/onnx/onnx/common/ir.h:79:21: warning: declaration of 'dim' shadows a member of 'onnx::Dimension' [-Wshadow]
   79 |   Dimension(int64_t dim) : is_unknown(false), is_int(true), dim(dim) {} // NOLINT
      |             ~~~~~~~~^~~
/dev/shm/velavision-ort-session-20260911/sources/onnx/onnx/common/ir.h:83:11: note: shadowed declaration is here
   83 |   int64_t dim;
      |           ^~~
/dev/shm/velavision-ort-session-20260911/sources/onnx/onnx/common/ir.h: In constructor 'onnx::Dimension::Dimension(int64_t)':
/dev/shm/velavision-ort-session-20260911/sources/onnx/onnx/common/ir.h:79:21: warning: declaration of 'dim' shadows a member of 'onnx::Dimension' [-Wshadow]
   79 |   Dimension(int64_t dim) : is_unknown(false), is_int(true), dim(dim) {} // NOLINT
      |             ~~~~~~~~^~~
/dev/shm/velavision-ort-session-20260911/sources/onnx/onnx/common/ir.h:83:11: note: shadowed declaration is here
   83 |   int64_t dim;
      |           ^~~
/dev/shm/velavision-ort-session-20260911/sources/onnx/onnx/common/ir.h: In constructor 'onnx::Dimension::Dimension(int64_t)':
/dev/shm/velavision-ort-session-20260911/sources/onnx/onnx/common/ir.h:79:21: warning: declaration of 'dim' shadows a member of 'onnx::Dimension' [-Wshadow]
   79 |   Dimension(int64_t dim) : is_unknown(false), is_int(true), dim(dim) {} // NOLINT
      |             ~~~~~~~~^~~
/dev/shm/velavision-ort-session-20260911/sources/onnx/onnx/common/ir.h:83:11: note: shadowed declaration is here
   83 |   int64_t dim;
      |           ^~~
/dev/shm/velavision-ort-session-20260911/sources/onnx/onnx/common/ir.h: In constructor 'onnx::AttributeValue::AttributeValue(onnx::Symbol)':
/dev/shm/velavision-ort-session-20260911/sources/onnx/onnx/common/ir.h:111:34: warning: declaration of 'name' shadows a member of 'onnx::AttributeValue' [-Wshadow]
  111 |   explicit AttributeValue(Symbol name) : name(name) {}
      |                           ~~~~~~~^~~~
/dev/shm/velavision-ort-session-20260911/sources/onnx/onnx/common/ir.h:113:10: note: shadowed declaration is here
  113 |   Symbol name;
      |          ^~~~
/dev/shm/velavision-ort-session-20260911/sources/onnx/onnx/common/ir.h: In constructor 'onnx::AttributeValue::AttributeValue(onnx::Symbol)':
/dev/shm/velavision-ort-session-20260911/sources/onnx/onnx/common/ir.h:111:34: warning: declaration of 'name' shadows a member of 'onnx::AttributeValue' [-Wshadow]
  111 |   explicit AttributeValue(Symbol name) : name(name) {}
      |                           ~~~~~~~^~~~
/dev/shm/velavision-ort-session-20260911/sources/onnx/onnx/common/ir.h:113:10: note: shadowed declaration is here
  113 |   Symbol name;
      |          ^~~~
/dev/shm/velavision-ort-session-20260911/sources/onnx/onnx/common/ir.h: In constructor 'onnx::AttributeValue::AttributeValue(onnx::Symbol)':
/dev/shm/velavision-ort-session-20260911/sources/onnx/onnx/common/ir.h:111:34: warning: declaration of 'name' shadows a member of 'onnx::AttributeValue' [-Wshadow]
  111 |   explicit AttributeValue(Symbol name) : name(name) {}
      |                           ~~~~~~~^~~~
/dev/shm/velavision-ort-session-20260911/sources/onnx/onnx/common/ir.h:113:10: note: shadowed declaration is here
  113 |   Symbol name;
      |          ^~~~
/dev/shm/velavision-ort-session-20260911/sources/onnx/onnx/common/ir.h: In constructor 'onnx::ScalarAttributeValue<T, Kind>::ScalarAttributeValue(onnx::Symbol, ConstructorType)':
/dev/shm/velavision-ort-session-20260911/sources/onnx/onnx/common/ir.h:123:53: warning: declaration of 'value_' shadows a member of 'onnx::ScalarAttributeValue<T, Kind>' [-Wshadow]
  123 |   ScalarAttributeValue(Symbol name, ConstructorType value_) : AttributeValue(name), value_(value_) {}
      |                                     ~~~~~~~~~~~~~~~~^~~~~~
/dev/shm/velavision-ort-session-20260911/sources/onnx/onnx/common/ir.h:135:13: note: shadowed declaration is here
  135 |   ValueType value_;
      |             ^~~~~~
/dev/shm/velavision-ort-session-20260911/sources/onnx/onnx/common/ir.h:123:31: warning: declaration of 'name' shadows a member of 'onnx::ScalarAttributeValue<T, Kind>' [-Wshadow]
  123 |   ScalarAttributeValue(Symbol name, ConstructorType value_) : AttributeValue(name), value_(value_) {}
      |                        ~~~~~~~^~~~
/dev/shm/velavision-ort-session-20260911/sources/onnx/onnx/common/ir.h:113:10: note: shadowed declaration is here
  113 |   Symbol name;
      |          ^~~~
/dev/shm/velavision-ort-session-20260911/sources/onnx/onnx/common/ir.h: In constructor 'onnx::VectorAttributeValue<T, Kind>::VectorAttributeValue(onnx::Symbol, ConstructorType)':
/dev/shm/velavision-ort-session-20260911/sources/onnx/onnx/common/ir.h:142:53: warning: declaration of 'value_' shadows a member of 'onnx::VectorAttributeValue<T, Kind>' [-Wshadow]
  142 |   VectorAttributeValue(Symbol name, ConstructorType value_) : AttributeValue(name), value_(std::move(value_)) {}
      |                                     ~~~~~~~~~~~~~~~~^~~~~~
/dev/shm/velavision-ort-session-20260911/sources/onnx/onnx/common/ir.h:155:13: note: shadowed declaration is here
  155 |   ValueType value_;
      |             ^~~~~~
/dev/shm/velavision-ort-session-20260911/sources/onnx/onnx/common/ir.h:142:31: warning: declaration of 'name' shadows a member of 'onnx::VectorAttributeValue<T, Kind>' [-Wshadow]
  142 |   VectorAttributeValue(Symbol name, ConstructorType value_) : AttributeValue(name), value_(std::move(value_)) {}
      |                        ~~~~~~~^~~~
/dev/shm/velavision-ort-session-20260911/sources/onnx/onnx/common/ir.h:113:10: note: shadowed declaration is here
  113 |   Symbol name;
      |          ^~~~
/dev/shm/velavision-ort-session-20260911/sources/onnx/onnx/common/ir.h: In constructor 'onnx::Use::Use(onnx::Node*, size_t)':
/dev/shm/velavision-ort-session-20260911/sources/onnx/onnx/common/ir.h:279:26: warning: declaration of 'offset' shadows a member of 'onnx::Use' [-Wshadow]
  279 |   Use(Node* user, size_t offset) : user(user), offset(offset) {}
      |                   ~~~~~~~^~~~~~
/dev/shm/velavision-ort-session-20260911/sources/onnx/onnx/common/ir.h:281:10: note: shadowed declaration is here
  281 |   size_t offset;
      |          ^~~~~~
/dev/shm/velavision-ort-session-20260911/sources/onnx/onnx/common/ir.h:279:13: warning: declaration of 'user' shadows a member of 'onnx::Use' [-Wshadow]
  279 |   Use(Node* user, size_t offset) : user(user), offset(offset) {}
      |       ~~~~~~^~~~
/dev/shm/velavision-ort-session-20260911/sources/onnx/onnx/common/ir.h:280:9: note: shadowed declaration is here
  280 |   Node* user;
      |         ^~~~
/dev/shm/velavision-ort-session-20260911/sources/onnx/onnx/common/ir.h: In constructor 'onnx::Use::Use(onnx::Node*, size_t)':
/dev/shm/velavision-ort-session-20260911/sources/onnx/onnx/common/ir.h:279:26: warning: declaration of 'offset' shadows a member of 'onnx::Use' [-Wshadow]
  279 |   Use(Node* user, size_t offset) : user(user), offset(offset) {}
      |                   ~~~~~~~^~~~~~
/dev/shm/velavision-ort-session-20260911/sources/onnx/onnx/common/ir.h:281:10: note: shadowed declaration is here
  281 |   size_t offset;
      |          ^~~~~~
/dev/shm/velavision-ort-session-20260911/sources/onnx/onnx/common/ir.h:279:13: warning: declaration of 'user' shadows a member of 'onnx::Use' [-Wshadow]
  279 |   Use(Node* user, size_t offset) : user(user), offset(offset) {}
      |       ~~~~~~^~~~
/dev/shm/velavision-ort-session-20260911/sources/onnx/onnx/common/ir.h:280:9: note: shadowed declaration is here
  280 |   Node* user;
      |         ^~~~
/dev/shm/velavision-ort-session-20260911/sources/onnx/onnx/common/ir.h: In constructor 'onnx::Use::Use(onnx::Node*, size_t)':
/dev/shm/velavision-ort-session-20260911/sources/onnx/onnx/common/ir.h:279:26: warning: declaration of 'offset' shadows a member of 'onnx::Use' [-Wshadow]
  279 |   Use(Node* user, size_t offset) : user(user), offset(offset) {}
      |                   ~~~~~~~^~~~~~
/dev/shm/velavision-ort-session-20260911/sources/onnx/onnx/common/ir.h:281:10: note: shadowed declaration is here
  281 |   size_t offset;
      |          ^~~~~~
/dev/shm/velavision-ort-session-20260911/sources/onnx/onnx/common/ir.h:279:13: warning: declaration of 'user' shadows a member of 'onnx::Use' [-Wshadow]
  279 |   Use(Node* user, size_t offset) : user(user), offset(offset) {}
      |       ~~~~~~^~~~
/dev/shm/velavision-ort-session-20260911/sources/onnx/onnx/common/ir.h:280:9: note: shadowed declaration is here
  280 |   Node* user;
      |         ^~~~
/dev/shm/velavision-ort-session-20260911/sources/onnx/onnx/common/ir.h: In constructor 'onnx::Value::Value(onnx::Node*, size_t)':
/dev/shm/velavision-ort-session-20260911/sources/onnx/onnx/common/ir.h:1245:41: warning: declaration of 'offset_' shadows a member of 'onnx::Value' [-Wshadow]
 1245 | inline Value::Value(Node* node_, size_t offset_)
      |                                  ~~~~~~~^~~~~~~
/dev/shm/velavision-ort-session-20260911/sources/onnx/onnx/common/ir.h:306:10: note: shadowed declaration is here
  306 |   size_t offset_;
      |          ^~~~~~~
/dev/shm/velavision-ort-session-20260911/sources/onnx/onnx/common/ir.h:1245:27: warning: declaration of 'node_' shadows a member of 'onnx::Value' [-Wshadow]
 1245 | inline Value::Value(Node* node_, size_t offset_)
      |                     ~~~~~~^~~~~
/dev/shm/velavision-ort-session-20260911/sources/onnx/onnx/common/ir.h:305:9: note: shadowed declaration is here
  305 |   Node* node_;
      |         ^~~~~
/dev/shm/velavision-ort-session-20260911/sources/onnx/onnx/common/ir.h: In constructor 'onnx::Value::Value(onnx::Node*, size_t)':
/dev/shm/velavision-ort-session-20260911/sources/onnx/onnx/common/ir.h:1245:41: warning: declaration of 'offset_' shadows a member of 'onnx::Value' [-Wshadow]
 1245 | inline Value::Value(Node* node_, size_t offset_)
      |                                  ~~~~~~~^~~~~~~
/dev/shm/velavision-ort-session-20260911/sources/onnx/onnx/common/ir.h:306:10: note: shadowed declaration is here
  306 |   size_t offset_;
      |          ^~~~~~~
/dev/shm/velavision-ort-session-20260911/sources/onnx/onnx/common/ir.h:1245:27: warning: declaration of 'node_' shadows a member of 'onnx::Value' [-Wshadow]
 1245 | inline Value::Value(Node* node_, size_t offset_)
      |                     ~~~~~~^~~~~
/dev/shm/velavision-ort-session-20260911/sources/onnx/onnx/common/ir.h:305:9: note: shadowed declaration is here
  305 |   Node* node_;
      |         ^~~~~
/dev/shm/velavision-ort-session-20260911/sources/onnx/onnx/common/ir.h: In constructor 'onnx::Value::Value(onnx::Node*, size_t)':
/dev/shm/velavision-ort-session-20260911/sources/onnx/onnx/common/ir.h:1245:41: warning: declaration of 'offset_' shadows a member of 'onnx::Value' [-Wshadow]
 1245 | inline Value::Value(Node* node_, size_t offset_)
      |                                  ~~~~~~~^~~~~~~
/dev/shm/velavision-ort-session-20260911/sources/onnx/onnx/common/ir.h:306:10: note: shadowed declaration is here
  306 |   size_t offset_;
      |          ^~~~~~~
/dev/shm/velavision-ort-session-20260911/sources/onnx/onnx/common/ir.h:1245:27: warning: declaration of 'node_' shadows a member of 'onnx::Value' [-Wshadow]
 1245 | inline Value::Value(Node* node_, size_t offset_)
      |                     ~~~~~~^~~~~
/dev/shm/velavision-ort-session-20260911/sources/onnx/onnx/common/ir.h:305:9: note: shadowed declaration is here
  305 |   Node* node_;
      |         ^~~~~
/dev/shm/velavision-ort-session-20260911/sources/onnx/onnx/common/ir.h: In constructor 'onnx::Node::Node(onnx::Graph*, onnx::NodeKind)':
/dev/shm/velavision-ort-session-20260911/sources/onnx/onnx/common/ir.h:1337:43: warning: declaration of 'kind_' shadows a member of 'onnx::Node' [-Wshadow]
 1337 | inline Node::Node(Graph* graph_, NodeKind kind_)
      |                                  ~~~~~~~~~^~~~~
/dev/shm/velavision-ort-session-20260911/sources/onnx/onnx/common/ir.h:426:18: note: shadowed declaration is here
  426 |   const NodeKind kind_;
      |                  ^~~~~
/dev/shm/velavision-ort-session-20260911/sources/onnx/onnx/common/ir.h:1337:26: warning: declaration of 'graph_' shadows a member of 'onnx::Node' [-Wshadow]
 1337 | inline Node::Node(Graph* graph_, NodeKind kind_)
      |                   ~~~~~~~^~~~~~
/dev/shm/velavision-ort-session-20260911/sources/onnx/onnx/common/ir.h:429:10: note: shadowed declaration is here
  429 |   Graph* graph_;
      |          ^~~~~~
/dev/shm/velavision-ort-session-20260911/sources/onnx/onnx/common/ir.h: In constructor 'onnx::Node::Node(onnx::Graph*, onnx::NodeKind)':
/dev/shm/velavision-ort-session-20260911/sources/onnx/onnx/common/ir.h:1337:43: warning: declaration of 'kind_' shadows a member of 'onnx::Node' [-Wshadow]
 1337 | inline Node::Node(Graph* graph_, NodeKind kind_)
      |                                  ~~~~~~~~~^~~~~
/dev/shm/velavision-ort-session-20260911/sources/onnx/onnx/common/ir.h:426:18: note: shadowed declaration is here
  426 |   const NodeKind kind_;
      |                  ^~~~~
/dev/shm/velavision-ort-session-20260911/sources/onnx/onnx/common/ir.h:1337:26: warning: declaration of 'graph_' shadows a member of 'onnx::Node' [-Wshadow]
 1337 | inline Node::Node(Graph* graph_, NodeKind kind_)
      |                   ~~~~~~~^~~~~~
/dev/shm/velavision-ort-session-20260911/sources/onnx/onnx/common/ir.h:429:10: note: shadowed declaration is here
  429 |   Graph* graph_;
      |          ^~~~~~
/dev/shm/velavision-ort-session-20260911/sources/onnx/onnx/common/ir.h: In constructor 'onnx::Node::Node(onnx::Graph*, onnx::NodeKind)':
/dev/shm/velavision-ort-session-20260911/sources/onnx/onnx/common/ir.h:1337:43: warning: declaration of 'kind_' shadows a member of 'onnx::Node' [-Wshadow]
 1337 | inline Node::Node(Graph* graph_, NodeKind kind_)
      |                                  ~~~~~~~~~^~~~~
/dev/shm/velavision-ort-session-20260911/sources/onnx/onnx/common/ir.h:426:18: note: shadowed declaration is here
  426 |   const NodeKind kind_;
      |                  ^~~~~
/dev/shm/velavision-ort-session-20260911/sources/onnx/onnx/common/ir.h:1337:26: warning: declaration of 'graph_' shadows a member of 'onnx::Node' [-Wshadow]
 1337 | inline Node::Node(Graph* graph_, NodeKind kind_)
      |                   ~~~~~~~^~~~~~
/dev/shm/velavision-ort-session-20260911/sources/onnx/onnx/common/ir.h:429:10: note: shadowed declaration is here
  429 |   Graph* graph_;
      |          ^~~~~~
In file included from /dev/shm/velavision-ort-session-20260911/sources/onnx/onnx/version_converter/convert.h:22:
/dev/shm/velavision-ort-session-20260911/sources/onnx/onnx/version_converter/adapters/axis_attribute_to_input.h: In constructor 'onnx::version_conversion::AxisAttributeToInput::AxisAttributeToInput(const std::__1::string&, const onnx::OpSetID&, const onnx::OpSetID&, size_t, int64_t)':
/dev/shm/velavision-ort-session-20260911/sources/onnx/onnx/version_converter/adapters/axis_attribute_to_input.h:25:15: warning: declaration of 'default_axis' shadows a member of 'onnx::version_conversion::AxisAttributeToInput' [-Wshadow]
   25 |       int64_t default_axis)
      |       ~~~~~~~~^~~~~~~~~~~~
/dev/shm/velavision-ort-session-20260911/sources/onnx/onnx/version_converter/adapters/axis_attribute_to_input.h:42:11: note: shadowed declaration is here
   42 |   int64_t default_axis;
      |           ^~~~~~~~~~~~
/dev/shm/velavision-ort-session-20260911/sources/onnx/onnx/version_converter/adapters/axis_attribute_to_input.h:24:14: warning: declaration of 'axis_index' shadows a member of 'onnx::version_conversion::AxisAttributeToInput' [-Wshadow]
   24 |       size_t axis_index,
      |       ~~~~~~~^~~~~~~~~~
/dev/shm/velavision-ort-session-20260911/sources/onnx/onnx/version_converter/adapters/axis_attribute_to_input.h:41:10: note: shadowed declaration is here
   41 |   size_t axis_index;
      |          ^~~~~~~~~~
/dev/shm/velavision-ort-session-20260911/sources/onnx/onnx/version_converter/adapters/axis_attribute_to_input.h: In constructor 'onnx::version_conversion::AxisAttributeToInput::AxisAttributeToInput(const std::__1::string&, const onnx::OpSetID&, const onnx::OpSetID&, size_t, int64_t)':
/dev/shm/velavision-ort-session-20260911/sources/onnx/onnx/version_converter/adapters/axis_attribute_to_input.h:25:15: warning: declaration of 'default_axis' shadows a member of 'onnx::version_conversion::AxisAttributeToInput' [-Wshadow]
   25 |       int64_t default_axis)
      |       ~~~~~~~~^~~~~~~~~~~~
/dev/shm/velavision-ort-session-20260911/sources/onnx/onnx/version_converter/adapters/axis_attribute_to_input.h:42:11: note: shadowed declaration is here
   42 |   int64_t default_axis;
      |           ^~~~~~~~~~~~
/dev/shm/velavision-ort-session-20260911/sources/onnx/onnx/version_converter/adapters/axis_attribute_to_input.h:24:14: warning: declaration of 'axis_index' shadows a member of 'onnx::version_conversion::AxisAttributeToInput' [-Wshadow]
   24 |       size_t axis_index,
      |       ~~~~~~~^~~~~~~~~~
/dev/shm/velavision-ort-session-20260911/sources/onnx/onnx/version_converter/adapters/axis_attribute_to_input.h:41:10: note: shadowed declaration is here
   41 |   size_t axis_index;
      |          ^~~~~~~~~~
/dev/shm/velavision-ort-session-20260911/sources/onnx/onnx/version_converter/adapters/axis_attribute_to_input.h: In constructor 'onnx::version_conversion::AxisAttributeToInput::AxisAttributeToInput(const std::__1::string&, const onnx::OpSetID&, const onnx::OpSetID&, size_t, int64_t)':
/dev/shm/velavision-ort-session-20260911/sources/onnx/onnx/version_converter/adapters/axis_attribute_to_input.h:25:15: warning: declaration of 'default_axis' shadows a member of 'onnx::version_conversion::AxisAttributeToInput' [-Wshadow]
   25 |       int64_t default_axis)
      |       ~~~~~~~~^~~~~~~~~~~~
/dev/shm/velavision-ort-session-20260911/sources/onnx/onnx/version_converter/adapters/axis_attribute_to_input.h:42:11: note: shadowed declaration is here
   42 |   int64_t default_axis;
      |           ^~~~~~~~~~~~
/dev/shm/velavision-ort-session-20260911/sources/onnx/onnx/version_converter/adapters/axis_attribute_to_input.h:24:14: warning: declaration of 'axis_index' shadows a member of 'onnx::version_conversion::AxisAttributeToInput' [-Wshadow]
   24 |       size_t axis_index,
      |       ~~~~~~~^~~~~~~~~~
/dev/shm/velavision-ort-session-20260911/sources/onnx/onnx/version_converter/adapters/axis_attribute_to_input.h:41:10: note: shadowed declaration is here
   41 |   size_t axis_index;
      |          ^~~~~~~~~~
/dev/shm/velavision-ort-session-20260911/sources/onnx/onnx/version_converter/adapters/axis_attribute_to_input.h: In member function 'void onnx::version_conversion::AxisAttributeToInput::AttrToInput(std::__1::shared_ptr<onnx::Graph>, onnx::Node*, int64_t, size_t) const':
/dev/shm/velavision-ort-session-20260911/sources/onnx/onnx/version_converter/adapters/axis_attribute_to_input.h:44:83: warning: declaration of 'axis_index' shadows a member of 'onnx::version_conversion::AxisAttributeToInput' [-Wshadow]
   44 |   void AttrToInput(std::shared_ptr<Graph> graph, Node* node, int64_t axis, size_t axis_index) const {
      |                                                                            ~~~~~~~^~~~~~~~~~
/dev/shm/velavision-ort-session-20260911/sources/onnx/onnx/version_converter/adapters/axis_attribute_to_input.h:41:10: note: shadowed declaration is here
   41 |   size_t axis_index;
      |          ^~~~~~~~~~
In file included from /dev/shm/velavision-ort-session-20260911/sources/onnx/onnx/version_converter/convert.h:23:
/dev/shm/velavision-ort-session-20260911/sources/onnx/onnx/version_converter/adapters/axis_input_to_attribute.h: In constructor 'onnx::version_conversion::AxisInputToAttribute::AxisInputToAttribute(const std::__1::string&, const onnx::OpSetID&, const onnx::OpSetID&, size_t, int64_t)':
/dev/shm/velavision-ort-session-20260911/sources/onnx/onnx/version_converter/adapters/axis_input_to_attribute.h:25:15: warning: declaration of 'default_axis' shadows a member of 'onnx::version_conversion::AxisInputToAttribute' [-Wshadow]
   25 |       int64_t default_axis)
      |       ~~~~~~~~^~~~~~~~~~~~
/dev/shm/velavision-ort-session-20260911/sources/onnx/onnx/version_converter/adapters/axis_input_to_attribute.h:53:11: note: shadowed declaration is here
   53 |   int64_t default_axis;
      |           ^~~~~~~~~~~~
/dev/shm/velavision-ort-session-20260911/sources/onnx/onnx/version_converter/adapters/axis_input_to_attribute.h:24:14: warning: declaration of 'axis_index' shadows a member of 'onnx::version_conversion::AxisInputToAttribute' [-Wshadow]
   24 |       size_t axis_index,
      |       ~~~~~~~^~~~~~~~~~
/dev/shm/velavision-ort-session-20260911/sources/onnx/onnx/version_converter/adapters/axis_input_to_attribute.h:52:10: note: shadowed declaration is here
   52 |   size_t axis_index;
      |          ^~~~~~~~~~
/dev/shm/velavision-ort-session-20260911/sources/onnx/onnx/version_converter/adapters/axis_input_to_attribute.h: In constructor 'onnx::version_conversion::AxisInputToAttribute::AxisInputToAttribute(const std::__1::string&, const onnx::OpSetID&, const onnx::OpSetID&, size_t, int64_t)':
/dev/shm/velavision-ort-session-20260911/sources/onnx/onnx/version_converter/adapters/axis_input_to_attribute.h:25:15: warning: declaration of 'default_axis' shadows a member of 'onnx::version_conversion::AxisInputToAttribute' [-Wshadow]
   25 |       int64_t default_axis)
      |       ~~~~~~~~^~~~~~~~~~~~
/dev/shm/velavision-ort-session-20260911/sources/onnx/onnx/version_converter/adapters/axis_input_to_attribute.h:53:11: note: shadowed declaration is here
   53 |   int64_t default_axis;
      |           ^~~~~~~~~~~~
/dev/shm/velavision-ort-session-20260911/sources/onnx/onnx/version_converter/adapters/axis_input_to_attribute.h:24:14: warning: declaration of 'axis_index' shadows a member of 'onnx::version_conversion::AxisInputToAttribute' [-Wshadow]
   24 |       size_t axis_index,
      |       ~~~~~~~^~~~~~~~~~
/dev/shm/velavision-ort-session-20260911/sources/onnx/onnx/version_converter/adapters/axis_input_to_attribute.h:52:10: note: shadowed declaration is here
   52 |   size_t axis_index;
      |          ^~~~~~~~~~
/dev/shm/velavision-ort-session-20260911/sources/onnx/onnx/version_converter/adapters/axis_input_to_attribute.h: In constructor 'onnx::version_conversion::AxisInputToAttribute::AxisInputToAttribute(const std::__1::string&, const onnx::OpSetID&, const onnx::OpSetID&, size_t, int64_t)':
/dev/shm/velavision-ort-session-20260911/sources/onnx/onnx/version_converter/adapters/axis_input_to_attribute.h:25:15: warning: declaration of 'default_axis' shadows a member of 'onnx::version_conversion::AxisInputToAttribute' [-Wshadow]
   25 |       int64_t default_axis)
      |       ~~~~~~~~^~~~~~~~~~~~
/dev/shm/velavision-ort-session-20260911/sources/onnx/onnx/version_converter/adapters/axis_input_to_attribute.h:53:11: note: shadowed declaration is here
   53 |   int64_t default_axis;
      |           ^~~~~~~~~~~~
/dev/shm/velavision-ort-session-20260911/sources/onnx/onnx/version_converter/adapters/axis_input_to_attribute.h:24:14: warning: declaration of 'axis_index' shadows a member of 'onnx::version_conversion::AxisInputToAttribute' [-Wshadow]
   24 |       size_t axis_index,
      |       ~~~~~~~^~~~~~~~~~
/dev/shm/velavision-ort-session-20260911/sources/onnx/onnx/version_converter/adapters/axis_input_to_attribute.h:52:10: note: shadowed declaration is here
   52 |   size_t axis_index;
      |          ^~~~~~~~~~
ninja: build stopped: subcommand failed.
