k7sound dump
SOUND_PCM frames=48000 rate=16000 channels=2 bits=32
PCM 000000 00083300 fff81400 00080800 fff86100 0007c500 fff89900 00078b00 fff7b200
PCM 000008 00087d00 fff77800 00089900 fff76100 0008c800 fff56f00 000ab600 fff56b00
PCM 000010 000aa700 fff6ba00 00097600 fff5ea00 000a562100 000a0500 fff6a300 00097600 fff75400 0008c400 fff6fe00
PCMfff6de00
PCM 000030 00094200 fff71d00 00091b00 fff68600 0009b50500 fff5f800 000a0600 fff6a200 00098900 fff64300
PCM 000048 00000a8700 fff52600 000b0900 fff4a700 000b9900 fff4f300 000b1700 ff0b6200 fff4f000 000b2700 fff35c00 000cdd00 fff39800
PCM 000068 000caf00 fff4c500 000b8600 fff34700 000cd500 fff51e00 000b1900 fff4c600
PCM 000070 000b7600 fff39d00 000c6400 fff25100 000dec00 fff2b900 000d6500 fff1a100
PCM 000078 000ea600 ffef6c00 0010fd00 fff0f400 000f2800 fff26900 000de500 fff25300
PCM 000080 000dda00 fff33800 000d0100 fff21e00 000e6b00 ffef9600 0010a900 ffedc100
PCM 000088 0012de00 ffef4600 00112000 ffefd600 00108300 ffeefc00 00116800 ffed0f00
PCM 000090 00131a00 ffedea00 00124b00 ffef5900 0010cb00 fff05d00 000ff100 ffeeb500
PCM 000098 00113500 fff02500 00105800 ffef0600 00111e00 ffee9d00 00118c00 ffef6100
PCM 0000a0 0010fe00 fff01600 00103d00 ffef1b00 0010ef00 fff0eb00 000f3100 fff05700
PCM 0000a8 00104800 fff05500 00104f00 ffeef800 00112100 ffebe600 00148b00 ffeca500
PCM 0000b0 0013a100 ffecf400 00135600 ffecb300 0013e700 ffeccc00 00132c00 ffee1500
PCM 0000b8 00127200 ffef4400 0010be00 ffeff500 0010a200 fff00100 00108100 fff0e400
PCM 0000c0 000f8600 fff0df00 000f4900 ffed6200 00129900 ffeba600 00148b00 ffed1a00
PCM 0000c8 0012d400 fff07e00 000fee00 fff4e900 000b8600 ffefe300 00103700 ffebe600
PCM 0000d0 00142e00 ffe7f900 00183c00 ffe7b300 00183b00 ffecad00 0013870e0 0012ee00 fff19300 000e9c00 fff0d500 000f6200 fff0dd00 000fd400 fff0a200
PCM 0000e8 000fd100 fff36600 000cc100 ffed0b00 0012e300 ffeacc00 00158d00 ffea7700
PCM 0000f0 0015ad00 ffebac00 0000 ffe4c000 001be200 ffe45e00 001cfd00 ffe90200 0017f300 ffeb5000
PCM 000108 0015ab00 ffebf900 00143a00 ffe8b000 00181f00 ffe68700 00198c00 ffe66c00
PCM 000110 00198800 ffe6d900 001a0600 ffe62c00 001a9f00 ffe0f000 001f2600 ffe27a00
PCM 000118 001d0f00 ffe3a000 001c3400 ffe2b600 001d5e00 ffe15700 001f7c00 ffe6a300
PCM 000120 00195600 ffe6a900 001a1b00 ffe92700 00178b00 ffe5ee00 001a9600 ffdfc200
PCM 000128 0021c900 ffe1e400 001efc00 ffe14d00 001df400 ffe71200 00190c00 ffecc500
PCM 000130 00137d00 ffec4CM 000138 001c8d00 ffe24400 001d5c00 ffdfb500 0020cc00 ffd9d800 48 0020f100 ffdcd500 00231500 ffd6db00 00295200 ffd0b100 002faf000 ffd31f00 002d7e00 ffd0d300 002fe100 ffc6b300 00385200 ffbe9f0b5d00 00359100 ffc78c00
PCM 000160 0038ac00 ffd08400 0030b200 f00 ffd2f500 002d6200 ffcf5e00 002f3f00 ffd4b800 002a7800 ffd3d40ffd70300 00296b00 ffcdb500 0033ea00 ffcd9c00
PCM 000180 00335d00251300 ffd4ca00 002a0300 ffdaba00
PCM 000188 00261600 ffdd2600 001fc600 ffe8c600 00164100 ffe4af00 001a9200 ffe1d800
PCM 000190 001b4400 ffe1d300 00200400 ffe36100 001d1700 ffe6ba00 00194000 ffeb4800
PCM 000198 00157c00 ffddd700 00228700 ffcecc00 0031de000
PCM 0001a0 00225200 ffe15b00 0021ff00 ffef1e00 0011c100 fffff39500 000d2800 fff00300 00113e00 fff6f000
PCM 0001b0 000c0100001d500 00049300 fffbf000 00024200 fffac600 fff88600
PCM 0001b8 00071f00 fff2a400 000d6400 ffdc5500 00224d00 ffde5500 00226700 ffdfdf00
PCM 0001c0 00214400 ffd6c200 002bd800 ffd04700 00311900 ffccc700 0034e700 ffcb7200
PCM 0001c8 0035b400 ffc14300 003db400 ffaeba00 0050c800 ffa16a00 005df200 ff8fe700
PCM 0001d0 006e9800 ff86bd00 007c4d00 ff842a00 007ccf00 ff999100 00674500 ff88dd00
PCM 0001d8 00748500 ff857000 007a9600 ff8be300 00751000 ffa2ea00 0060b800 ff944800
PCM 0001e0 006ed600 ff88f200 0077b600 ff87c800 00768c00 ff8a2d00 00786600 ffa25200
PCM 0001e8 00624200 ffaafb00 00563d00 ff896100 007c3a00 ff923c00 006ab100 ff902a00
PCM 0001f0 006d0b00 ff9f7000 005c3300 ffaf9000 00528e00 ff9b4d00 00657300 ff927400
PCM 0001f8 00670600 ffa73400 005b6400 ffa4d400 00620800 ff9b7000 00654b00 ff920300
PCM 000200 006eed00 ff946000 006fed00 ff9b9200 0067a400 ff979600 00667c00 ff77a500
PCM 000208 008f1e00 ff7d5300 00851f00 ff812d00 007ea200 ff847800 007c2800 ff81b500
PCM 000210 0082ac00 ff621a00 009e8900 ff6e7400 0098a000 ff602e00 00a27100 ff514800
PCM 000218 00acce00 ff4bf100 00b42a00 ff2e6e00 00d02d00 ff261200 00d94a00 ff2a9800
PCM 000220 00d89200 ff340700 00cee100 ff474100 00bba500 ff56cf00 00ad5700 ff477600
PCM 000228 00ba9700 ff46e200 00ba8c00 ff473000 00bdaf00 ff426700 00bfb600 ff3dc300
PCM 000230 00c39500 ff441300 00bc1a00 ff42de00 00be9100 ff460500 00bd2b00 ff3e7000
PCM 000238 00c7c900 ff544800 00af6a00 ff4cf100 00b63100 ff465100 00bca600 ff2fe300
PCM 000240 00d1e300 feffc900 0103f500 fef03e00 01135600 ff100e00 00f2b900 ff053000
PCM 000248 00fd5500 ff052700 00f83900 ff159600 00e9dd00 ff11c800 00ede600 ff1f4100
PCM 000250 00e3b900 ff1eef00 00e45000 ff1e050 ff31a800 00d02f00 ff307700 00d35200 ff41a600
PCM 000260 00c04700 ff40c900 00bd6200 ff30f700 00cf7800 ff21e100 00e28c00 ff21cd01fa600 00e72700 ff0d5600 00f32500 fef35900 01121000 fed5c700
PC00 fedb6000
PCM 000278 0125b100 fed79100 012ed100 feb22e00 014f0400 feac2900 01575e00 febc8400
PCM 000280 0146b500 feb78f00 014c9700 feb41300 014ebd00 fe941500 016f6000 fe9a0800
PCM 000288 0167cd00 fe9be500 016a1700 fea5c900 015d1600 fea85a00 015b8000 fed94a00
PCM 000290 01297c00 fee40e00 01243700 feee3a00 0112c800 fef1b300 0112c500 feefb300
PCM 000298 01155300 fee3c500 0120f600 fecdb100 01357000 fec8a900 01404d00 feb7c400
PCM 0002a0 0150c400 fed63f00 0130d300 fee52100 0122b900 fed5b100 01335b00 feb6d400
PCM 0002a8 014d4e00 feb3be00 014ee700 fe98c500 0167cc00 fe870f00 017ade00 fe9f5e00
PCM 0002b0 0162b100 fea1dc00 0165db00 fea29900 0160af00 febeaf00 01453200 fec86900
PCM 0002b8 01390500 fec2df00 013c1300 fec8e000 013e4dc600 feb42d00 014c2e00 fec63800 013db800 fee5a700 011fb100 feedbf200 ff264c00 00d99800 ff170100 00e9e400 ff113a00
PCM 0002e0 0
PCM 000300 00ee3100 ff05ab00 00fd7f00 ff0e3700 00f14500 ff0d80 00f17700 ff03f800
PCM 000310 00fd9500 ff05c500 0101db00 ff1e800 00c11700 ff488100 00bb3e00 ff3a7400 00c68000 ff34ee00
PCM 000328 00ca6200 ff442b00 00bd2200 ff400a00 00bfe200 ff3e3b00 00c58900 ff15de00
PCM 000330 00ef3500 fefe2700 01031100 ff0d3800 00f21100 ff1ee000 00e12400 ff313e00
PCM 000338 00cfb900 ff3f7e00 00c01000 ff535200 00af1000 ff6d4b00 0094f300 ff657200
PCM 000340 009d2500 ff636700 0098f900 ff605300 009e3c00 ff5d1d00 00a60e00 ff4fff00
PCM 000348 00b40700 ff512f00 00aac200 ff473600 00ba6d00 ff5b2900 00a6c300 ff592200
PCM 000350 00a54f00 ff63d900 009b1d00 ff67a500 00999500 ff7cc500 00824600 ff6ced00
PCM 000358 00900600 ff53dd00 00a85c00 ff6e6200 008e8400 ff7deb00 0085be00 ffa1c100
PCM 000360 005dfd00 ffb15300 004a3300 ffb52900 004bc300 ffa1e800 005aff00 ffaf0100
PCM 000368 0053fe00 ffa1db00 005d9d00 ff7f5100 007e8a00 ff7d1b00 00818500 ff706400
PCM 000370 008f8d00 ff6e6000 008eaf00 ff76c200 008bc600 ff6f5100 008f8800 ff619400
PCM 000378 00a31600 ff5d3300 00a39700 ff6f3000 008fc700 ff8af000 00741500 ff8a8700
PCM 000380 00795c00 ff887d00 0075c700 ff61f460e00
PCM 000388 00b78b00 ff498a00 00b55c00 ff4a8300 00b31500 ff71e900 008e7a00 ff62ba00
PCM 000390 009e0900 ff536e00 00a99600 ff491400 00b8bb00 ff4c1e00 00b31200 ff623900
PCM 000398 009ddd00 ff561b00 00ab1700 ff3f1700 00c18c00 ff3d4200 00c22200 ff3c4700
PCM 0003a0 00c3a300 ff44b400 00bd7500 ff4d4300 00b6fb00 ff6dd500 00965400 ff5ed400
PCM 0003a8 00a01f00 ff5d8700 00a38100 ff620f00 009dcc00 ff63d300 009cd800 ff569200
PCM 0003b0 00a85200 ff74bc00 008bad00 ff615800 009e8300 ff5ef800 009f7f00 ff85db00
PCM 0003b8 00789f00 ff766100 0088e800 ff691600 0097ac00 ff6ded00 00906a00 ff865e00
PCM 0003c0 007d9400 ff699800 0095e900 ff793b00 0087b000 ff89a300 0075b600 ff8eb300
PCM 0003c8 00733700 ffad1e00 00554a00 ffada700 00544500 ff9d4a00 00621500 ffb1ca00
PCM 0003d0 004f4a00 ff8b4000 0076ec00 ff829600 007c5600 ff8ca800 0075fa00 ff71f800
PCM 0003d8 0091e800 ff7b7800 00869400 ff98fd00 0069f000 ff70cd00 00924400 ff7c9800
PCM 0003e0 00856300 ff6e6e0d600 00649200 ff88c900
PCM 0003e8 007c2800 ff8fa200 0074b500 ff806d00 0080c500 ff76c300 00865400 ff687200
PCM 0003f0 0099c000 ff5e4800 00a12800 ff6f6f00 008fb200 ff884200 00790100 ffc6c100
PCM 0003f8 00369000 ffd3e400 002e1500 ffbdf200 00447500 ffb09c00 004cd400 ffa9ad00
PCM 000400 00548400 ffc72e00 003cbf00 ffc41600 003b9400 ffb40700 004f8700 ffa82400
PCM 000408 0057c300 ffa8d700 00592800 ffbc1400 00437a00 ffe7a900 00173c00 00052300
PCM 000410 fff67c00 ffed1000 000e1d00 ffccde00 002f7f00 ffca7e00 003a2e00 ffc60700
PCM 000418 003bd100 ffc5ca00 003d7300 ffc4bb00 003db600 ffb7a500 004b4b00 ffcb3600
PCM 000420 0038a900 ffeda300 00133a00 00263600 ffd9d100 00131d00 ffe74700 fffe0b00
PCM 000428 00038900 ffe9f500 00127600 fff02100 0010d300 fff77e00 0006c600 ffcf3600
PCM 000430 002eb500 ffd0e300 002cd800 ffd70b00 0024ed00 ffde8b00 00216000 ffd42f00
PCM 000438 002d6b00 ffd80800 0020 ffc5bf00
PCM 000440 003ba900 ffd6e100 002ca600 ffe07f00 0021d ffbcbd00 00432100 ffe7d600 0016e200 00067800
PCM 000450 fff9c7fd00 00332300 ffd48600 002d9e00 ffdf8400
PCM 000460 00209200 ff00 ffe74200 001b3800 fff7be00
PCM 000468 000c6900 ffe3e400 001bfa00 ffde1a00 00230a00 ffdc1300 00246300 ffe82400
PCM 000470 00700 0000e400 0004f100 ffed6300 0012b900 ffc0af00 00414e00 ffc59a00 ffd7db00
PCM 000480 0028c900 ffece600 0013d300 fff42100 000b105a00 fff14200 000a1100 ffe97a00 00191500 ffe3a600
PCM 000490 500
PCM 0004a0 00116e00 ffc71a00 00393b00 ffb5f400 004b9600 ffc32500 003e0200 ffca5600
PCM 0004a8 00344f00 ffae4200 00518800 ffa2d900 00597900 ffb02f00 004bca00 ff984300
PCM 0004b0 006a2200 ffb15100 004f1000 ffb9b200 00454c00 ff9e6c00 00640700 ffa54200
PCM 0004b8 005aa600 ffa21600 005d2000 ff9ff700 005fc000 ffa1bf00 005e9c00 ff824300
PCM 0004c0 9900 00a6f900 ff49ba00 00b5fb00 ff55d900 00a8a200 ff650000
PCM f478600 00b77200 ff40d900 00bda600 ff3da500 00c2f700 ff2fc100
P226500 00dcb100 ff157e00 00ed2e00 ff19f400
PCM 0004e8 00e69600 f00 ff025000
PCM 0004f0 00fb4700 ff0a3600 00f7df00 ff1b9d00 00e6bb00 ff1c5400 00e3be00 ff20c00000 ff17d100
PCM 000500 00eeef00 ff17a600 00ea8800 ff2ca200 00d6 ff373e00 00ccfb00 ff4eb100 00b88a00 ff406700
PCM 000510 00c58800 ff3f4300 00c4de00 ff3c7900 00c81900 ff4fbb00 00b0fc00 ff44d200
PCM 000518 00baa900 ff376000 00cd2500 ff2c1700 00d57c00 ff38b400 00c9ab00 ff3f0300
PCM 000520 00c10000 ff493f00 00b75c00 ff495400 00b75000 ff552600 00ace200 ff711800
PCM 000528 00939600 ff687200 009aff00 ff63b500 009d9400 ff6fbe00 00904f00 ff73ec00
PCM 000530 008da300 ff8b2e00 00760300 ff74a800 008ba400 ff6b7100 00934e00 ff641200
PCM 000538 00a11600 ff698f00 00990700 ff680300 00980100 ff5d7400 00a36f00 ff5b2c00
PCM 000540 00a53c00 ff5c1500 00a55600 ff77dc00 00872c00 ff689200 00964900 ff5fc900
PCM 000548 00a16500 ff5c2000 00a63f00 ff7a9a00 00854100 ff810600 007e2400 ff89f800
PCM 000550 00767900 ff8fd500 0070f900 ffa80600 0055f100 ffabce00 00551000 ff935c00
PCM 000558 006e0500 ff87ff00 00775f00 ff878900 00748a00 ff812100 007db800 ff93a700
PCM 000560 006e2e00 ffa07e00 005dc100 ffacf900 0056a300 ffa24700 005f2c00 ff964800
PCM 000568 0069f500 ff93f900 006c4000 ff873600 0079ea00 ffa7a700 0055fe00 ffae7400
PCM 000570 0050d800 ff8f3f00 006f6800 ff787400 00853a00 ffa5e900 005f8400 ffae5a00
PCM 000578 00568200 ffaa7a00 00598d00 ffab4f00 0050ed00 ffb6f100 004a7700 ffab5b00
PCM 000580 00549000 ffaa4000 0055de00 ff9a9e00 00614700 ff7fd400 007b1600 ff86e800
PCM 000588 0079c200 ff98b500 00668200 ff87a500 00777200 ff71c900 008fdf00 ff88c300
PCM 000590 0079f500 ff8fe000 006f4d00 ff9dea00 0062e900 ff9f0800 00608500 ff927700
PCM 000598 006ca900 ffb0d800 00501400 ffd4f600 002c7400 ffbe0100 0043fc00 ff9f4f00
PCM 0005a0 00600300 ff9cfb00 00618a00 ff7eeb00 007f6a00 ff686700 00970e00 ff703e00
PCM 0005a8 008e0a00 ff60e500 00a0cf00 ff682d00 00954e00 ff96e800 006aa300 ff82e200
PCM 0005b0 0079bf00 ff89bb00 00755600 ff6f9200 00945300 ff64df00 009a6d00 ff5f7e00
PCM 0005b8 00a4ca00 ff727100 008c1d00 ff8f5200 006ff800 ff827700 007b0100 ff668a00
PCM 0005c0 009daf00 ff44e100 00b9d300 ff3a1200 00c85800 ff58b400 00a8b600 ff745c00
PCM 0005c8 00897900 ff638000 00989000 ff683900 00968b00 ff8c2200 0073f400 ff8e8600
PCM 0005d0 0072cb00 ffadd100 004fe900 ffb0e600 004dc400 ff9f7100 00619400 ff90d700
PCM 0005d8 006d9000 ff997800 0063a600 ff95dd00 006e4900 ff880f00 007a2700 ff8a5e00
PCM 0005e0 00767900 ff9ae300 00648a00 ff8cde00 00739400 ff8ed900 0070b600 ff95ad00
PCM 0005e8 00693100 ff84ce00 007aee00 ff863200 007b4800 ff90fd00 006cfd00 ffa4cf00
PCM 0005f0 005b6b00 ffbceb00 003f9b00 ffcc2b00 00324e00 ffcf1f00 002f1100 ffb68e00
PCM 0005f8 004ab600 ffab0600 00598400 ffb15700 0053e600 ffa16000 005e1400 ff9eed00
PCM 000600 00625d00 ffc86d00 00368900 ffa59d00 00597400 ff94b600 006bff00 ffc4ae00
PCM 000608 003ab700 ffd77100 0029e200 ffc6fe00 00373d00 ffb13900 00522900 ffb54c00
PCM 000610 004beb00 ffd58500 00264800 ffd48800 00287200 ffd1f100 002e3200 ffb17c00
PCM 000618 00502100 ffb65f00 004c4b00 ffb76d00 004c9300 ffad80 0058c700 ffbbfc00 00410700 ffd8c800 00278600 ffd60800
PCM 000af7e00 004d4900 ffcdaf00 002e9b00 ffd9d400 00270300 ffec8b00
PC00 ffd94d00 0021ea00 ffe64300
PCM 000640 00179f00 fff6e100 0004e800 00202200 ffdcaa00 fffbad00 00047c00 ffff7300
PCM 000648 0002e600 00066000 fff96100 000e7600 fff28c00 00235b00 ffdcb800 001a3c00
PCM 000650 ffe41d00 00125200 ffee5500 fff71000 00053700 ffdc0400 0024d400 ffe05f00
PCM 000658 001f3100 ffd9ec00 00261e00 ffd90f00 0025ee00 ffe5c100 0018bc00 fff44400
PCM 000660 000e9f00 ffed1600 00155600 ffe0aa00 00224e00 ffe3ef00 0017d900 ffd4af00
PCM 000668 002e4400 ffd02100 002fc400 ffe30f00 001c8c00 fffaeb00 0004ff00 fff1d000
PCM 000670 000bfb00 fff93d00 0008d300 00009400 fffd8700 fff02300 000e6c00 ffdacd00
PCM 000678 00239c00 fff85200 000c0300 00063500 fffafd00 00053400 fff8da00 ffd57400
PCM 000680 00285800 ffe84700 00183100 0011ca00 fff17500 00069700 fffb8400 000ff800
PCM 000688 ffed3600 0020dd00 ffdfa900 001c7e00 ffe2d600 0020ce00 ffdf2000 002e2400
PCM 000690 ffd17c00 002eae00 ffce8e00 0033ba00 ffca4e00 0047d500 ffb73600 004dc600
PCM 000698 ffafce00 004b3800 ffb4ca00 00279000 ffd61000 00288a00 ffd8ad00 0020e100
PCM 0006a0 ffdf7d00 0018c700 ffe67100 0018b500 ffe5a900 0016e200 ffe7b600 000f3d00
PCM 0006a8 fff29900 fff93a00 00017900 ffe7f000 0017c400 ffe44200 001da100 ffda2300
PCM 0006b0 0028ba00 ffe5bc00 001d7e00 0012fa00 ffea8400 000d7300 fff28600 00145100
PCM 0006b8 ffec8500 000d4300 fff18f00 00299b00 ffd3ab00 001d0a00 ffe20100 00044f00
PCM 0006c0 fffb8200 00077c00 fff32f00 0002b700 fffdc500 fff2d300 000c6f00 fff39a00
PCM 0006c8 00085800 fff1ec00 000b6b00 fff82d00 00060000 ffee7400 00110600 fff4be00
PCM 0006d0 000acf00 0014d600 ffe80200 000a7c00 fff3fc00 00225100 ffda4900 0026d200
PCM 0006d8 ffd68400 00286100 ffd2f300 0012ac00 ffebea00 00036e00 fffeeb00 000b6500
PCM 0006e0 fff36700 00216800 ffde1000 001d0f00 ffdf9b00 00158e00 ffe82800 001cbc00
PCM 0006e8 ffe19100 00114b00 ffecb500 00122300 ffec7200 000ccd00 fff25f00 00144b00
PCM 0006f0 ffebde00 00100400 ffefe900 00129d00 ffecab00 fffd8a00 fffeec00 ffcc4500
PCM 0006f8 0035ff00 ffd09d00 002e7400 ffcaf900 00313000 ffe91300 00192a00 fffa9e00
PCM 000700 ffffc700 ffff1c00 fffd1300 fff2fb00 000d8600 fffdb800 00013c00 00037900
PCM 000708 fffac500 fff0bc00 000c2d00 fff60700 000b1100 0009c000 fff4f600 ffff5300
PCM 000710 fffd1a00 ffdc1000 0024d900 ffd25c00 0029a700 ffec7200 00146200 ffd64300
PCM 000718 002b5100 ffb92a00 0045f200 ffa07900 005faf00 ff933800 006c3f00 ff9bb800
PCM 000720 00660100 ff90b200 006c7100 ff82f100 007b9d00 ff805c00 00834b00 ff71ab00
PCM 000728 008c2400 ff76f700 008cda00 ff9dea00 0062af00 ffa32100 00569a00 ff7bf700
PCM 000730 0083e900 ff80d100 0081ca00 ff8afa00 00785500 ff9aa800 0063bb00 ff9a7f00
PCM 000738 00643000 ff975100 0065e900 ffa8f400 00576e00 ffc88d00 0038af00 ffc1be00
PCM 000740 003fcc00 ff99c500 00677500 ffa10b00 0063b900 ffa2a900 005e6e00 ffae3a00
PCM 000748 004ffc00 ffc1b500 0040fc00 ffc1ed00 003e2500 ffaa4500 00559d00 ffb3cf00
PCM 000750 0047cd00 ffc61b00 003c6200 ffa49700 005b0900 ff95a900 006d2000 ff813900
PCM 000758 007ffa00 ff722d00 008c7900 ff500300 00b36100 ff64a300 009f0800 ff6bf100
PCM 000760 0094f200 ff650400 009f2c00 ff54bc00 00ad4a00 ff54db00 00ae5500 ff4e5f00
PCM 000768 00b06700 ff3de400 00c62e00 ff378f00 00cb3f00 ff373700 00cb3800 ff577f00
PCM 000770 00aaf000 ff5ceb00 00a4ed00 ff478300 00b85c00 ff397800 00c36100 ff35e900
PCM 000778 00cbba00 ff267300 00d95000 ff2f6c00 00cf1700 ff232e00 00dd5500 ff141a00
PCM 000780 00f18100 ff1fde00 00e3fd00 ff39ef00 00c99800 ff22fc00 00dd9100 ff1ecb00
PCM 000788 00e04100 ff236b00 00dc6f00 ff221500 00e0a700 ff1e5e00 00e5a100 ff02bd00
PCM 000790 00fc7e00 feff2d00 01082600 fef42000 010f8b00 ff4c800 010cdc00 feeecc00
PCM 0007a0 0116ab00 ff0b2200 00f79d00 eeaef00 011d5c00 feff0000 01049300 ff05fd00 00fa9a00 fef7d900
P0116f900 fee08600 01261900 fed8ed00 012c2e00 feef2200
PCM 0007c52b00 01127e00 fefb6a00
PCM 0007c8 01090300 ff00f200 01038a00 fff02a600 0103c800 fee12a00 01257100 fee00300 01259600 fee6ef00
0 fefb5f00 01093400 ff13a400 00ee0400 ff073800 00fb5100 ff1dcc00 00e7a200 ff033100 01040200 ff16ef00
PCM 0007f0 00ed9d00 ff1560 ff1bce00 00e9e600 ff20ce00 00e00300 ff449b00
PCM 000800 00bcee 00ae2900 ff5e6c00
PCM 000808 00a31d00 ff499800 00b66100 ff2a3d00 00d20c00 ff2b9200 00d4a800 ff7e00 00f32400 ff33e700 00d32e00 ff4ffd00 00b2f800 ff50d800
PCM 0c47f00 ff28c100 00d82500 ff20e000
PCM 000820 00df5900 ff36fb00700 ff7c5500 0083d700 ff7f7c00 007c5c00 ff8ac300 007a4800 ff80bf0 008b5700 ff8cab00 00742d00 ff823400 007df700 ff71a700
PCM 00000694500 ff96d800 0068ac00 ff7de600
PCM 000848 0084a100 ff8c6e00 00725e00 ff826400 0081f200 ff701800 0091f300 ff79e600
PCM 000850 0088b900 ff666800 00966b00 ff64b700 009c2000 ff5a6b00 00a78200 ff765300
PCM 000858 00881e00 ff897400 0073f700 ffa95e00 00547400 ffcbe500 0035da00 ffe17400
PCM 000860 0019eb00 ffcaf500 00337200 ffcb4b00 00333000 ffc79800 00312d00 ffc4bd00
PCM 000868 00364f00 ffcd8a00 002fcd00 ffb1f900 00492d00 ffb6b900 0042e300 ffae6400
PCM 000870 00514a00 ffaa3d00 00509e00 ffb8eb00 0046b800 ffc3aa00 003e1c00 ffd66000
PCM 000878 0026b000 ffd5d000 0029a600 ffcd3d00 00323700 ffae6200 004abe00 ffb7d400
PCM 000880 00444000 ffc0e700 0040e600 ffc2df00 003ea500 ffd29700 00297400 ffdce600
PCM 000888 00212c00 ffd55d00 002a0e00 ffd38600 00294200 ffe7a200 00193e00 ffefc500
PCM 000890 000e0400 ffe5e200 00184200 ffd7e500 0029e900 ffb7f800 00470400 ffbec300
PCM 000898 00413c00 ffc21000 00364f00 ffc24400 003d0c00 ffcddb00 00301c00 ffd73d00
PCM 0008a0 0028be00 ffd49d00 002bcd00 ffdb5f00 00233d00 ffcd8a00 0034bc00 ffc91500
PCM 0008a8 0033d200 ffd8b900 0024ed00 ffd27700 002d2a00 ffd4b400 002c0d00 ffd36400
PCM 0008b0 002d8c00 ffc4df00 003d4800 ffbbc000 00424000 ffcc4200 0031f200 ffd0d800
PCM 0008b8 002a6800 ffd13300 002ace00 ffe9f800 0015f400 fff7bd00 00087700 fff79100
PCM 0008c0 000a5d00 ffcdb100 00371f00 ffd7f900 00265b00 ffe4b500 001b2700 ffdb7200
PCM 0008c8 00260200 ffec7900 00139900 fff16700 00126000 ffdd9300 0024a800 ffe4ee00
PCM 0008d0 00184600 ffd65c00 00299100 ffcdc200 0031c000 fff2ae00 000ea600 ffeebb00
PCM 0008d8 000f8100 fffbce00 00014f00 0003fa00 fff9ae00 fffb8d00 00028200 ffe0c700
PCM 0008e0 001c8600 ffdc1600 001f9d00 ffef8300 0013fb00 000b8100 fff4e300 000a0200
PCM 0008e8 fff5b400 fff0f800 000a2100 ffeb8900 0015fa00 0006cf00 fff7fa00 fff4ab00
PCM 0008f0 000bb100 ffe64300 ffed7500 000f6900 ffdc2900
PCM 0008f8 00221d00 ffcd2e00 08 ffe30000 ffff3200 fffc2d00 0017df00 ffe74f00 0029d800 ffd6740000 ffeef600 00145500 ffe9da00 0010d100 ffed5900 003acb00
PCM 00b00 005f0a00 ffa14400 003be400
PCM 000920 ffc1d200 0046fa00 ffb68300 003f8400 ffbd6e00 0028b100 ffd62100 0026f800
PCM 000928 ffda5700 000ca900 fff44700 000feb00 ffef5600 00116200 ffe9a200 00172900
PCM 000930 ffe9c100 ffee9200 000e7000 000c4f00 fff1e000 00220600 ffdc6100 002b1800
PCM 000938 ffd20300 003f5c00 ffbf3300 003eed00 ffc06700 00432e00 ffb91800 002fd800
PCM 000940 ffce0c00 00164400 ffeadc00 0032f400 ffcd9f00 0034ec00 ffccbe00 001cc400
PCM 000948 ffe5c600 0001e400 fffcda00 ffe16c00 001e1500 fff24d00 000db600 00105c00
PCM 000950 ffeefc00 00070f00 fff5a700 00012800 fffb6000 fffdb900 ffffed00 00084f00
PCM 000958 fff79c00 fffc8600 00047f00 fff2ae00 000efe00 ffe9ce00 000fa000 fff15200
PCM 000960 00095100 ffed9000 0015b500 ffe59900 0017cd00 ffdc7e00 0023d400 ffce8d00
PCM 000968 0032c000 ffe5d600 001bbb00 ffd67d00 0028d100 ffd3ae00 002cb700 fffbb200
PCM 000970 00065f00 0012aa00 ffeee300 001a9700 ffe3c100 00158c00 ffe78300 0015c400
PCM 000978 ffe66c00 00169400 ffe7c000 0010ad00 ffe97700 000c7700 ffef0700 fff6c600
PCM 000980 0006da00 ffe66300 00180000 ffda0600 0024b500 ffec5a00 0012d100 ffdf0a00
PCM 000988 001cef00 ffe2d500 001f4f00 ffe1fe00 001ac500 ffd09800 00302900 ffe08300
PCM 000990 00202c00 ffdd8600 00268a00 fff72900 0006c600 fffa9e00 0004fe00 fff25000
PCM 000998 00138800 ffda4f00 00284500 ffc92a00 00351200 ffc26300 003c7000 ffd28a00
PCM 0009a0 002ce700 ffdaf500 0022b500 ffc5c000 003d1a00 ffbfce00 00415b00 ffb33900
PCM 0009a8 004c3700 ffb27600 00506f00 ff822600 007f5a00 ff710c00 008f5d00 ff8e3600
PCM 0009b0 0071de00 ff977b00 006c1900 ff99ae00 0065d600 ff994000 00632200 ff8ac900
PCM 0009b8 00734a00 ff8de000 006fe600 ff8dc900 0070a400 ff6a2f00 0098b700 ff6e3600
PCM 0009c0 00916a00 ff896200 00797e00 ff827700 00810300 ff792600 0086ac00 ff72ab00
PCM 0009c8 008d8f00 ff7177000 0083c000 ff74fa00 008c7100 ff76c500
PCM 0009d0 00875a00 ff944M 0009e0 00bf4800 ff663b00 009cda00 ff614f00 00a20100 ff41ad00 02ec00 ff321300
PCM 0009e8 00d26600 ff129800 00f2b800 ff01be00 01007b00 ff06cb00 00fcb300 fefe7800
PCM 0009f0 01025900 ff1fcf00 00de8800 ff1c8b00 00e73a00 ff057b00 00fe8600 fef05000
PCM 0009f8 01146e00 ff126b00 00f32c00 ff2fa900 00d46600 ff3a9200 00c99200 ff250800
PCM 000a00 00dc3500 ff0b7300 00f5a500 ff03ce00 00fdc600 ff00e100 00ffee00 fef1ea00
PCM 000a08 01110700 feef2100 01138600 ff0fbe00 00f22c00 ff367700 00cd3700 ff289300
PCM 000a10 00dded00 ff0ab300 00f5ff00 ff112300 00f34500 ff239b00 00de3900 ff0cde00
PCM 000a18 00f5e100 ff05aa00 00fdbe00 ff1d7900 00e75600 ff1cfa00 00e20f00 ff2a1e00
PCM 000a20 00d68d00 ff41a300 00bee000 ff542f00 00b32d00 ff328700 00d22f00 ff0bc400
PCM 000a28 00f79e00 ff112d00 00f37a00 ff227e00 00e03f00 ff2b6800 00d64f00 ff21f600
PCM 000a30 00e6f400 ff1cef00 00e7af00 ff1b1e00 00e6d600 ff2d3600 00cfb700 ff518800
PCM 000a38 00b4b600 ff4d3500 00b74b00 ff45ad00 00bba400 ff499000 00b6f400 ff4e4600
PCM 000a40 00b49400 ff539600 00ade500 ff438b00 00be5200 ff1cdb00 00e5af00 ff1f4f00
PCM 000a48 00e4cb00 ff126d00 00ed8500 ff0dbd00 00f2ef00 ff0ab400 00f65700 feefa000
PCM 000a50 01110c00 fef99b00 010c1a00 ff05b900 00fc7400 ff192000 00eabd00 ff1b3a00
PCM 000a58 00e6f900 ff2e2900 00d76d00 ff2ebd00 00d63e00 ff355d00 00d15500 ff461800
PCM 000a60 00bedc00 ff2d9600 00d36c00 ff3a9000 00cbb900 ff395600 00c92000 ff33a500
PCM 000a68 00d27200 ff46be00 00b89200 ff470300 00baae00 ff52c600 00aef400 ff589400
PCM 000a70 00ab7c00 ff58a100 00a84900 ff42db00 00c21a00 ff396d00 00c82e00 ff1e9d00
PCM 000a78 00df0100 ff15fa00 00ea6b00 ff24bd00 00dec700 ff248000 00e47500 ff204400
PCM 000a80 00e3ea00 ff31dc00 00cfcf00 ff2e9b00 00d39700 ff23d700 00dc6100 ff0fe300
PCM 000a88 00f5f000 ff0f4800 00f1a900 ff294100 00d98500 ff409d00 00c2cc00 ff3ffd00
PCM 000a90 00c57800 ff34aa00 00cc9800 ff20a900 00e4b300 ff2b1500 00db5800 ff2b2800
PCM 000a98 00dbde00 ff488900 00bbfa00 ff309100 00d09c00 ff2f7d00 00d04400 ff355000
PCM 000aa0 00d0de00 ff1c3300 00e3d800 ff177100 00ec2e00 ff2b7900 00d83200 ff393c00
PCM 000aa8 00c99900 ff257700 00d8d400 ff344800 00cc4700 ff3ade00 00cb5000 ff1bc900
PCM 000ab0 00e3aa00 ff1c6d00 00e42a00 ff1e5600 00e57100 ff17f800 00eb2f00 ff2cfc00
PCM 000ab8 00d2f700 ff20d000 00e26600 ff422400 00bf8f00 ff3ec300 00c8e400 ff38a000
PCM 000ac0 00caae00 ff475500 00bbba00 ff2ba300 00d79100 ff3b7400 00ca2e00 ff4dc000
PCM 000ac8 00b68100 ff4d2d00 00b37800 ff634c00 00a0cf00 ff6edd00 00948700 ff58e400
PCM 000ad0 00a7fa00 ff579200 00ab4e00 ff49b200 00baf400 ff57e200 00a87400 ff6cbf00
PCM 000ad8 0093e200 ff702f00 00901700 ff4dd900 00b37d00 ff4cc800 00b2c700 ff69e900
PCM 000ae0 009b1300 ff7d0b00 00844a00 ff91df00 006d9400 ff988300 00691500 ff7a3800
PCM 000ae8 00862e00 ff76e500 0089a400 ff667400 0099aa00 ff732500 00920100 ff656000
PCM 000af0 00981200 ff73e800 008d4400 ff74f500 008c3800 ff603c00 00a08e00 ff7a4d00
PCM 000af8 00856700 ffa22c00 005bda00 ffa4e000 005d0300 ff8a2a00 00742e00 ff8dbd00
PCM 000b00 006e8800 ffa3f500 005c5600 ffc89800 0038a100 ffea1c00 00168e00 fff28700
PCM 000b08 000b9d00 fffea500 fffa9200 00022f00 fff9a200 ffec0100 00159900 fff7a500
PCM 000b10 00069300 ffd80e00 00298600 ffc35000 003c6800 ff7e0300 00861f00 ff7fc400
PCM 000b18 00831c00 ff8a3700 00731b00 ff92a200 006d6300 ff999300 00654100 ff978500
PCM 000b20 0069da00 ff99fd00 0065b200 ffa43700 005b9100 ffb82c00 004bfb00 ffb42100
PCM 000b28 004dbc00 ffd3e300 002ffc00 ffd81a00 00269300 ffbca600 00435d00 ffb31a00
PCM 000b30 004c6500 ffad2b00 00571300 ff966100 006ba200 ffa6ef00 0059e300 ffb36800
PCM 000b38 0048ad00 ffb2f400 004c8600 ffaeae00 00526b00 ffab9500 0054dd00 ffb84200
PCM 000b40 00471100 ffd5e300 00284a00 ffce5600 002e3b00 ffb75b00 0046de00 ffc18800
PCM 000b48 003c7400 ffbd1000 003fd600 ffb8f000 0048e700 ffbcb500 00412800 ffd04e00
PCM 000b50 002f3d00 ffdfba00 0022de00 ffc62500 0035e700 ffb4a600 004a1900 fffdb7f00 00229700 ffdef000
PCM 000b60 0021ad00 ffc8e000 0037da0000 ffc2eb00 003f4000 ffb62300
PCM 000b68 004b8500 ffad6800 0054 001a1700 ffee9700 000f5900 ffeb4200 00147d00 fffcbc00 0002b500 fa7200 00054300 fff96300 fffd8700
PCM 000b80 00015200 fffb0300 0007d800 fff1f600 00098800 fffbfd00 ffffa200 0012c000
PCM 000b88 ffea0f00 00115200 fff0b400 00076e00 fff63000 ffee3c00 00111600 ffe32a00
PCM 000b90 001d0f00 fffac700 00018800 ffe40000 0016e500 ffec5300 00101000 ffce1a00
PCM 000b98 0032de00 ffb5a600 0049d200 ffcda200 00309300 ffe61000 00193300 fff70300
PCM 000ba0 00073300 001a4600 ffe22e00 00320b00 ffcbf500 000b6200 fff21d00 ffea2300
PCM 000ba8 0013c300 fff49300 000b2900 fff57e00 000c3000 fff39900 0005f900 fff79800
PCM 000bb0 00044c00 ffe29400 001a3500 fff71200 0005d900 fff84600 00089700 fff51e00
PCM 000bb8 000dd400 0014b300 ffe8b900 001ba100 ffe20b00 002b2800 ffd36300 002c3500
PCM 000bc0 ffd3b600 fffc1300 00024d00 ffe30f00 001b8f00 ffe57500 0011e900 ffe84000
PCM 000bc8 0013d100 ffe15700 001d2300 ffce4d00 002d6a00 ffad9900 004fae00 ffaf3600
PCM 000bd0 004ec100 ffa72b00 00554400 ffae1000 00507f00 ffac3200 00505500 ffa36a00
PCM 000bd8 005c0900 ffa04a00 005f8c00 ffbdd500 00450000 ffc3bd00 003c9700 ffb8b400
PCM 000be0 0041ef00 ffaa8300 004f4100 ffbdc200 003fa500 fff07900 000b2700 ffe80000
PCM 000be8 0013b400 ffe8fe00 0018f200 ffd8b000 0024e600 ffd05100 002c9e00 ffb4f000
PCM 000bf0 004cfe00 ffb3e900 004c7400 ffd3fb00 002d8100 ffe30500 001c2b00 ffec7e00
PCM 000bf8 00123e00 fff5fb00 0009ce00 fff5c700 000 fff6f800 00066600 ffd7fb00
PC ffdfeb00 001ebd00 ffd14b00 002c8200 ffd84300
PCM 000c08 00277600 ffce9c00 00322d00 ffc04c00 003f2000 ffd85700 00239700 ffe23f00
PCM 000c10 001b5300 ffe19800 0018ae00 ffd7ed00 0025b200 ffcabf00 0037df00 ffc96a00
PCM 000c18 0034c500 ffcb3b00 00363200 ffcf2c00 002d0b00 ffcea500 00302f00 ffd63f00
PCM 000c20 0028d100 ffb79100 0044ac00 ffa2b900 0054d300 ffa33f00 00567b00 ffab6b00
PCM 000c28 0052f700 ffa89700 00571100 ff999900 0068d500 ffaf9100 004df200 ffb59500
PCM 000c30 0044fd00 ffb19c00 004ca900 ff9b8700 00686100 ff8ebe00 006f9600 ffa48600
PCM 000c38 005c3d00 ffaffe00 00523c00 ff9e3f00 00601800 ffa1aa00 005de800 ffc93d00
PCM 000c40 0035ce00 ffc6b600 003a8d00 ffa2fe00 005dda00 ffa37200 005f4000 ffa03600
PCM 000c48 0061b600 ff873e00 007a4800 ff6c2f00 00937200 ff78ec00 00842e00 ff805a00
PCM 000c50 0083e500 ff752700 008b4b00 ff7d2000 00852f00 ff83f400 007ea200 ffa11500
PCM 000c58 00624500 ffb87000 004cd100 ff97bc00 0068fa00 ff884700 00771700 ff856c00
PCM 000c60 007c0a00 ff6c4d00 0096b000 ff5b4300 00a00300 ff4e9600 00b2c100 ff55f200
PCM 000c68 00a7ac00 ff5dc100 00a52900 ff4a4500 00b48500 ff611e00 00a3ac00 ff5bc700
PCM 000c70 00a5ce00 ff449800 00bbba00 ff486b00 00ba5f00 ff371c00 00cb7700 ff2d00 ff291e00 00da7d00 ff10ee00 00ee7a00 ff49e000
PCM 000c90 00b0d00 00acdd00 ff603c00 009b0f00 ff5a3600
PCM 000c98 00a53700 ff599700 00a4c300 ff3c1900 00c8d500 ff3d3c00 00c29000 ff468300
PC0ca0 00bb1400 ff481100 00b57900 ff520b00 00b2e800 ff428200 00c3dff47e100 00b67e00 ff347900 00cc3a00 ff431c00
PCM 000cb0 00c05800 ff3b2500 00c9d000 ff33c000 00ccba00 ff40d300 00bf9c00 ff4fa000
PCM 000cb8 00b17e00 ff6ade00 00939e00 ff741b00 008e0f00 ff59d900 00a3a300 ff606f00
PCM 000cc0 00a7ac00 ff552f00 00aaf100 ff43ad00 00bc1a00 ff424800 00beab00 ff514700
PCM 000cc8 00aef400 ff605500 009c4200 ff55c600 00a8ec00 ff5a2d00 00a4c800 ff626e00
PCM 000cd0 009c0200 ff5bf300 00a1ba00 ff581000 00aa3e00 ff558500 00a99100 ff6c8d00
PCM 000cd8 00931200 ff7a8100 00871400 ff770500 00896800 ff6ee000 00933900 ff551e00
PCM 000ce0 00aa7d00 ff621a00 009b2300 ff782600 0087ee00 ff713200 008dca00 ff668400
PCM 000ce8 009e2400 ff701000 00907100 ff68c600 0096d300 ff6fba00 0092cff725300 00902700 ff816c00 007f1200 ff7e0400 00844400 ff885500
34800 00889100 ff93d800
PCM 000d10 006e0600 ff9fce00 005f6000 ff842700 007ce000 ff701000 008def00 ff99e900
PCM 000d18 0063a100 ffa18500 005c1a00 ff7aad00 00872100 ff63f300 009d4900 ff6e8000
PCM 000d20 00962d00 ff875000 00774b00 ff9b0e00 0067b900 ffad7e00 004e5300 ff91bd00
PCM 000d28 00683300 ff817400 007de900 ff638b00 00957e00 ff55ca00 00a78700 ff523200
PCM 000d30 00ad4200 ff418e00 00befd00 ff436e00 00babd00 00bfc700 ff50f100 00afcf00 ff4e6300 00b55700 ff5e5a00 009e2e00 ff650c00
PCM 000d40 009d3800 ff6f4b00 008d6f00 ff6d1100 008eb500 ff760800 008a3800 ff66b100
PCM 000d48 00975100 ff7f7100 007f9d00 ff6e7f00 00915c00 ff5afc00 00a77e00 ff713600
PCM 000d50 00904500 ff87fb00 007e2900 ff9a8200 0066bd00 ff8e4100 006bbd00 ff9bb000
PCM 000d58 00677900 ff9c9400 00625100 ffa06a00 005c0700 ff95da00 006bb400 ff99e800
PCM 000d60 0064bd00 ffa2d500 00605600 ff982100 00654900 ffa8cb00 0058b100 ff9d6000
PCM 000d68 0061b500 ffa70000 0055ab00 ff9f2400 0059e900 ffa19400 005dc300 ff9a8e00
PCM 000d70 0062ef00 ff8eab00 006d6e00 ff925100 00720c00 ffa68900 00551700 ffae3700
PCM 000d78 004d4e00 ffbbb100 00426000 ffdc7000 00244200 ffe6fd00 0019c600 fff6ad00
PCM 000d80 00070e00 fff5ed00 00074400 ffd86a00 0020f500 ffd56000 0028eb00 ffa95a00
PCM 000d88 00524100 ffbbcf00 0045a200 ffb46400 0048cf00 ffb4e300 00499d00 ffbeda00
PCM 000d90 0040eb00 ffcd8f00 00353900 ffe0bb00 00218800 ffd65a00 0029af00 ffe2100 ffff9f00
PCM 000da0 fffbab00 0010b700 ffeef900 fffb0900 00044e00 fff26600 000b0d00 ffde2400
PCM 000da8 00208300 000b3100 f900 ffd55500 ffffd300 0000ed00 ffd49800
PCM 000db0 0029a000 ffc0 0009f000 fff90c00 00070c00 ffee9a00
PCM 000dc0 00128600 ffe75bd500 fff21900 0015e700
PCM 000dc8 ffe74300 ffffdf00 fffdbd00 f 0028cd00 ffd6fc00 0023ce00 ffd41f00 002f1c00 ffe75f00 001a4600  00141a00 fffc0c00
PCM 000de8 ffff3d00 00047900 fffb4b00 fff37c00 000a3800 ffee5200 000d5200 fff19600
PCM 000df0 000c8800 fff7b600 00054a00 fff09900 000ca000 000f4f00 ffef7c00 0019c700
PCM  fff99200 fffb0300 00020c00 ffeff300
PCM 000e08 000dd800 ffe7a1 fff6ca00 001d3f00
PCM 000e10 ffdf1e00 0027f300 ffd6d300 00334800 ffcd5d00 00399600 ffc33500 003d5700
PCM 000e18 ffbfe000 002e9500 ffcb2e00 00296300 ffd29700 0025e400 ffd56700 00575c00
PCM 000e20 ffa56100 00523d00 ffac0c00 003f4700 ffbe6f00 00189c00 ffe23a00 0025d400
PCM 000e28 ffdac900 004a9300 ffb45800 003e9d00 ffbe5d00 0029ad00 ffd6ad00 002b7d00
PCM 000e30 ffd01f00 002eb500 ffcd5b00 00343800 ffc90200 00404c00 ffbc6e00 003f7a00
PCM 000e38 ffbbc600 00312300 ffcb8600 0031b700 ffcbca00 001ad200 ffe35a000b9c00 fff40300 0015ac00 ffe49000 003cd900
PCM 000e48 ffc5c30003f0300 ffbdff00 00204e00 ffdc0000 000c9e00 fff02800 00082000
P fff5b900 00272b00 ffd72600 0031ab00 ffcc2500 001f8800 ffddf800 00 ffbfc300 00430e00
PCM 000e60 ffbd7900 00542e00 ffa6eb00 0068 00425200 ffba1100 002db900 ffd18200 00232b00 ffdae700 001fda00
PCM 000e70 ffdbcf00 002e0b00 ffce8d00 0021bc00 ffdb2000 0020bb00 ffdc4800 00412800
PCM 000e78 ffbeef00 0044c300 ffb97000 00424700 ffb9de00 00243700 ffdde400 05300 00117200 ffebe300 001aae00 ffe4e800 0019b700
PCM 000e88 ffe81e00 0012cb00 ffeb0e00 00073c00 fff8af00 0009e900 ffef9c00 0000e500
PCM 000e90 fffcb500 fffff200 00031700 ffe44000 001ca300 ffe40c00 001a4000 fff34600
PCM 000e98 000ff700 ffef3a00 000dd700 ffdefd00 001f6900 ffdd8b00 0022f000 ffd7c300
PCM 000ea0 00272400 ffdf8a00 001fa000 ffcf5600 002fa100 ffd91d00 00288600 ffdecb00
PCM 000ea8 001e9c00 ffe8c900 00155a00 fff18100 000c1800 fffa0300 0004f800 000aff00
PCM 000eb0 fff46600 ffeb0000 0014e200 ffe0f300 001dbb00 ffd08f00 0031b000 ffc89100
PCM 000eb8 00395600 ffd5fb00 00275300 ffcb3100 00364300 ffc12700 0041e500 ffc31600
PCM 000ec0 003e2000 ffcf7100 00347100 ffd27100 002d5100 ffc5ee00 00396200 ffcf8000
PCM 000ec8 002b3300 ffdc9e00 00206000 ffbc9e00 0046e400 ffd6a500 002b8b00 ffc44500
PCM 000ed0 003d9d00 ffc09b00 00430100 ffaf1800 00568b00 ffa75900 005b9700 ff841c00
PCM 000ed8 007bb900 ffa1d000 00602700 ff972a00 00691500 ffa3f800 005d3300 ffa86e00
PCM 000ee0 00575500 ffaa0300 00593c00 ffb6fe00 0047b400 ff9c2200 00655f00 ff8bfb00
PCM 000ee8 00786600 ff8b5000 00750400 ff8ee000 00709700 ff8a2100 0076e800 ff7d0e00
PCM 000ef0 00847f00 ff619400 009f7500 ff6b8200 00da8200 ff237a00 00de6400 ff27de00 00dadc00 ff2a4300
PCMff24b500 00da4900 ff478b00 00bb9800 ff474300
PCM 000f20 00be3e00 ff339f00 00cb5100 ff2d2500 00d4ad00 ff45a900 00c05400 ff454400
PCM 000f28 00c31600 ff2aef00 00d80400 ff280d00 00d97800 ff2bbf00 00d85700 ff2ade00
PCM 000f30 00d84800 ff420700 00c1fc00 ff409400 00c2ff00 ff47d600 00b55a00 ff403a00
PCM 000f38 00c1ce00 ff0f43600 ff254300 00d8dd00 ff1ec100 00e15200 ff16d800 00e8d700 ff2ea600
PCM 000f48 00d35f00 ff3ff400 ff773500
PCM 000f50 008a1800 ff99c200 00672400 ffa24f00 000 00856000 ff725800 008ce500 ff744100 008b0100 ff8c8500
PCM 000f68 0071a500 ff973400 00686d00 ff92ad00 00691300 ff7dd800 007f53bee00 ff9e3c00
PCM 000f78 0068e700 ff8ca700 0073af00 ff88de00 0088fc00 ff82b500 00802c00 ff811400 007ff800 ff877a00 007e5000 ff875100
PCM 000f88 0079b800 ff8c9600 00710c00 ffb40300 004ac000 ffbc0200 0045d200 ffd7a500
PCM 000f90 00236d00 ffc6bb00 003f9f00 ffc2fe00 003d8200 ffd96d00 0024f600 ffd72400
PCM 000f98 00278200 ffcbc000 00349d00 ffbdbc00 00487800 ff9a3300 00687200 ff86a400
PCM 000fa0 007e4f00 ff73a000 008bf800 ff532100 00af5f00 ff6ef800 0093c000 ff77d500
PCM 000fa8 008a1f00 ff80f800 0080e100 ff6df300 0090c800 ff880400 007a5500 ff8bd500
PCM 000fb0 00783b00 ff92e000 006faf00 ff62bc00 009a6a00 ff739200 008ee700 ff944700
PCM 000fb8 006eb300 ffa52200 005bec00 ffb77200 004b9a00 ffb97600 00484b00 ffb5e900
PCM 000fc0 004cee00 ff9ad500 00655500 ffaa25 00537e00 ffbdec00 003f9500 ffc5fdf3f00 001c0900 ffc80d00 0038e400 ffabaa00 0054d000 ffb44500
PCM 000fd8 004aa900 ffcb3b00 0035d500 ffeb8800 0016f600 000ee400 ffedb400 0000f300
PCM 000fe0 fffd7600 ffeb0b00 0015e200 ffd94b00 00256f00 ffc7a700 00386a00 ffee2200
PCM 000fe8 00135200 ffe46600 001da100 fff03f00 000f5200 0009c300 fff5c400 fffdc100
PCM 000ff0 00010600 fff7e900 00063100 ffebd600 0015fc00 ffdf0000 00235a00 ffd62900
PCM 000ff8 00286d00 ffdd4d00 0022a800 ffda8c00 0026b600 ffe62d00 001bae00 ffcf2c00
PCM 001000 0030e400 ffbfa700 00409900 ffdd1e00 00225600 ffc98c00 0036e600 ffd31a00
PCM 00100ffcdb500 002d3c00 ffc86500
PCM 001010 0036d500 ffd0f300 002e8d00 ffdac000 0026da00 ffde3e00 001f9700 fffe0800
PCM 001018 0005a300 00207e00 ffde1300 0032c400 ffcb8a00 0018d800 ffe7a600 00131b00
PCM 001020 fff12900 00108000 fff03200 0025fb00 ffd95e00 002b0a00 ffd63800 0030e700
PCM 001028 ffcdf500 00358d00 ffcb1200 00366200 ffc85600 0028e900 ffd24600 0024a100
PCM 001030 ffdad500 000b8100 fff10e00 00082900 fff78a00 fffc4300 fffff300 fff8b200
PCM 001038 00032200 ffeaa700 000fe200 000bb200 fff42d00 001c1400 ffe4bf00 001b9800
PCM 001040 ffe26400 fff58b00 000dde00 ffe8d500 00161a00 0001fe00 fffa2900 000f7900
PCM 001048 fff0f700 00048c00 fffb7700 00045500 fff96c00 ffee6a00 0012ea00 0001c400
PCM 001050 fffdf500 0010a700 fff0d600 00106500 fff4b100 001e1a00 ffe3df00 0014d800
PCM 001058 ffe7bd00 0020bc00 ffda6300 00537c00 ffa7ee00 0060de00 ff9e3e00 004fe000
PCM 001060 ffadd100 0050e700 ffa78100 00529900 ffaa1000 00611300 ff9e4a00 00622200
PCM 001068 ff9a9600 005a1700 ffa42f00 00638c00 ff9d4f00 00613700 ff9d2c00 0034ab00
PCM 001070 ffca5400 0026c100 ffd4b000 004b2e00 ffb27c00 004b0700 ffb2ad00 00719100
PCM 001078 ff8a5d00 00785d00 ff83af00 00692000 ff911100 00667600 ff978e00 00757c00
PCM 001080 ff85ee00 0077f200 ff85fe00 00783200 ff830a00 007ea400 ff79ad00 00875000
PCM 001088 ff75b900 0070c200 ff8c5200 0073d200 ff8b6200 00887100 ff751f00 00902100
PCM 001090 ff6d1800 0082c300 ff77b900 006f5900 ff8c9600 004fde00 ffa063fe00 ff97d600 0068bf00 ff93d30975400
PCM 0010b8 ff621600 0099d400 ff628900 00ae5800 ff4c950000865400 ff735d00 006dbe00 ff932100 00878c00 ff760500 0089d800
00 ff6fe900 00894e00 ff753500 0092ec00
PCM 0010d0 ff6d1400 0097M 0010d8 ff697f00 00948e00 ff69f400 008e9300 ff686a00 00879600 f2b100 007c8b00 ff7fee00 0054f000
PCM 0010f0 ffa62100 002b8300 f 00645800 ff98b400 005bb400 ffa20500 003e0200 ffc0c800 001daa000 001c8d00
PCM 001110 ffe08100 00322a00 ffcc8400 00296900 ffd6d200 0010be00 ffec6800 00072500
00 fffd7200 00009300 0001f300 fffd9200 00090500 fff95100 0002e60ffe93700 0015f900 ffd83600 00294b00 fffe2f00
PCM 001128 0004120001138 0013c900 fff7ce00 00058800 fffa7500 0005ec00 ffead700 00119a00 ffec8900
PCM 001140 00127c00 ffe51800 001aad00 fff0b200 000ca200 000fbb00 fff06600 fff3b100
PCM 001148 000d5e00 fff24000 000a5100 ffee4400 00103a00 ffff0300 fffd6f00 fff3ea00
PCM 001150 000bb500 ffcf5c00 002c8c00 ff01158 0039c200 ffb29d00 00521000 ffb42d00 00506c00 ffbf9200 004300 ff8dfc00
PCM 001168 0073e500 ff8b5f00 00780900 ff8eba00 0075054d500 ff969a00 006c4a00 ff7f5b00 00807900 ff5c7e00
PCM 001178 00a66100 ff4a2f00 00bb3900 ff4e9300 00b03400 ff59db00 00a9e100 1000
PCM 001180 00a37100 ff432800 00be4400 ff4eae00 00b16800 ff00 009a3700 ff69a500
PCM 001198 00939700 ff7b1500 00822300 ff6b02a00
PCM 0011a8 00a0e600 ff58ca00 00a85b00 ff5ceb00 00a2c200 f00 ff7e9b00
PCM 0011b8 0081ce00 ff7f8d00 00819000 ff6e5800 00941c0 00812300 ff895700 0078cc00 ff79b800 0082ea00 ff8fdc00 007434845100 007c0400 ff801800 0080d500 ff5d0900
PCM 0011d0 00a11700 1d8 00842700 ff880e00 00793900 ff963900 006b4800 ff836c00 007f5100 ff701300
PCM 0011e0 008dd600 ff7e8000 007dad00 ff8cf400 0073da00 ffbc1200 003edc00 ffb61000
PCM 0011e8 00483100 ffaa0600 00528600 ffaf4900 004fc800 ff953f00 00691d00 ffa43c00
PCM 0011f0 005a9f00 ffbb5000 0043fc00 ffd19900 002f1c00 ffcbda00 00322400 ffc32800
PCM 0011f8 00392000 ffbe3b00 0043bb00 ffcd4800 002e5400 ffca1800 00386900 ffb5f600
PCM 001200 004c1400 ffa99400 00580500 ffb0eb00 00512400 ffc53d00 003cff00 ffbe7c00
PCM 001208 0041ee00 ffca5700 00372300 ffb5bf00 004a9b00 ffa63500 00581100 ff977200
PCM 001210 006ecd00 ff8ece00 00767600 ffa51e00 005c8100 ffbcf400 0045c600 ffb90100
PCM 001218 00483600 ffc3c400 003e1f00 ffa87100 005cc200 ffa00b00 0061d000 ffa4b200
PCM 001220 0059fa00 ff9ba100 00656f00 ffb70200 004bf700 ffc37700 0041ba00 ffc7b600
PCM 001228 0036b700 ffb67400 004ce800 ff9c9c00 006af000 ff8d9200 00743400 ffb3fd00
PCM 001230 004dbe00 ffaffc00 0051a800 ffa64200 005ab500 ff98e800 00655600 ffa02e00
PCM 001238 0060fb00 ffa5fc00 00571900 ffa30500 005a3a00 ffb51000 0048a700 ffc4d100
PCM24c100 0004ec00 fffba900 ffee7700
PCM 001278 000f5300 ffe02400 0bb00 fffd4700 000d9700 ffed8b00 000a9b00
PCM 001280 fff68f00 0011a300 fff04400 fffc5600 00033c00 ffef8a00 000dfe00 00040500
PCM 001288 fff91800 0009f900 fff61400 00128e00 ffe9c500 000ecd00 ffef6d00 00055b00
PCM 001290 fffa4900 000b7900 fff0eb00 0002c30 fffbc500 000bcd00 fff16800 001f9200
PCM 001298 ffe02400 000c6f00 ffefbf00 0010b100 ffec6c00 00247e00 ffdeb000 000b3800
PCM 0012a0 fff3ec00 ffe60e00 00199200 ffeab500 0012d000 ffda0500 0024df00 ffe4a600
PCM 0012a8 001c9100 ffe18000 001cd900 ffe1e000 001c5300 ffe1f900 001b8e00 ffd33d00
PCM 0012b0 002cce00 ffd4db00 002ce600 ffdcd400 00233600 00019300 fffd3000 000e2500
PCM 0012b8 ffef2c00 00019500 fffbe100 ffe66500 0016c300 ffd21b00 002e3400 ffe6a900
PCM 0012c0 00195800 ffeec300 0010cb00 ffd35100 00294600 ffd33300 002b2e00 ffd88400
PC00efa00 fff2d400 000ab500 00026000 fffbb200 00039600 fffabd00 fff82e00
PCM 0012d8 00037f00 fffda400 00037000 ffff2a00 fffb0e00 00007800 fffa2a00 fff8d300
PCM 0012e0 00061100 00022000 ffff1700 ffe8aa00 00168e00 fff62e00 0009ec00 00038100
PCM 0012e8 fff8dc00 00128b00 ffebde00 002a5900 ffd64d00 000c4200 fff10100 fff59100
PCM 0012f0 0006f200 fff4f200 000b6f00 00100900 ffee3f00 00330000 ffcc2c00 0025f300
PCM 0012f8 ffd9dc00 000a6d00 fff3ff00 00196500 ffe5a400 003fed00 ffc3b500 00399d00
PCM 001300 ffc49700 002b8a00 ffccf700 002fc200 ffca7300 00393000 ffc2ec00 0031f600
PCM 001308 ffc95000 0054cf00 ffa79a00 005c8900 ff9c0500 00669b00 ff91af00 00760d00
PCM 001310 ff870200 008b0a00 ff71a400 006ab700 ff8e9500 00638100 ff9a0300 00671100
PCM 001318 ff92eb00 00646900 ff967c00 00508c00 ffadf100 00453c00 ffbab700 00385300
PCM 001320 ffc52e00 00484700 ffb75c0ee900 0076d800 ff85f500 0066ce00
PCM 001330 ff93dc00 00503c00 facf00 005a1900 ffa05800 0072be00 ff8a3000 00747700
PCM 001340 f50 ffd81500 001f5b00 ffdefe00 00129a00 fff1a000 000f3400 ffed940d1300 ffcd3d00 0039a300
PCM 001368 ffc1f000 00321c00 ffcb4e00 00222700 ffe10000 000e4600 ffeed000 00153800
PCM 001370 ffe8a500 00214200 ffd98200 00271800 ffd5a700 002bbb00 ffd05a00 00306e00
PCM 001378 ffcd1000 00325c00 ffcb3e00 00405e00 ffbf1000 003f8400 ffc07400 001b2600
PCM 001380 ffe66c00 fffe6600 0003a900 0013dd00 ffed6f00 00164100 ffe97000 00141b00
PCM 001388 ffeb6000 fffc1300 fffed400 ffea4500 001a1600 ffe83400 00149100 fff6f700
PCM 001390 00065500 ffff4a00 fffd2000 ffea9400 00126200 ffe51300 001da300 fff63e00
PCM 001398 000d1a00 fff0a400 000d7200 ffd84300 00297500 ffbcf500 003f2a00 ffc91f00
PCM 0013a0 00388e00 ffd73f00 0024bb00 ffd07900 0034e100 ffd4ba00 00314300 ffb47100
PCM 0013a8 004b1900 ffc7af00 003ae300 ffbbf000 00417700 ffc6ed00 00398800 ffaba200
PCM 0013b0 0054e100 ffb9c900 00452700 ffcba700 0034d400 ffb72000 004aeb00 ffdbec00
PCM 0013b8 00211c00 ffd07e00 002a7300 ff8ee200 00720300 ff9d9e00 00656700 ff86f400
PCM 0013c0 007bbc00 ff792b00 00869600 ff732f00 008cc700 ff727c00 00930c00 ff840400
PCM 0013c8 007de200 ff88a800 00790100 ff6b0100 00985100 ff6c5300 00953300 ff6e9c00
PCM 0013d0 008c4d00 ff68e600 00996b00 ff73d600 0090be00 ff6fe900 00931700 ff63d100
PCM 0013d8 009c8900 ff7c4b00 00846a00 ff787700 0089b200 ff6c1f00 00944000 ff5a8600
PCM 0013e0 00a94b00 ff664200 00998200 ff5a1600 00a6df00 ff61af00 009e8300 ff558900
PCM 0013e8 00ac3900 ff4ccc00 00b1ff00 ff5ec200 00a3c300 ff592000 00a95600 ff647500
PCM 0013f0 009b8900 ff5f6e00 00a13100 ff741f00 008af700 ff4d7a00 00b34c00 ff559700
PCM 0013f8 00ac7e00 ff4e9600 00b5da00 ff4e8800 00b06d00 ff460900 00b4ae00 ff388b00
PCM 001400  00bc9f00 ff3c9700
PCM 001408 00c2f900 ff2e8e00 00d27600 ff41370c54000 ff3c2600 00c49f00 ff383d00 00c78e00 ff1a5500
PCM 001418 00eb2800 ff145400 00ec2c00 ff204300 00e23300 ff248c00 00dd2700 ff190200
PCM 001420 00e9c000 ff1fe900 00e1d500 ff2a2d00 00d4eb00 ff34a300 00cd8200 ff35f700
PCM 001428 00cbad00 ff2f0e00 00d4c600 ff23ba00 00de9d00 ff26a500 00db8200 ff19ef00
PCM 001430 00e85b00 ff2c5c00 00d66a00 ff2d3d00 00d45200 ff251700 00dcef00 ff258600
PCM 001438 00dc9300 ff479500 00bc0e00 ff63a900 009e2c00 ff611000 009f8000 ff70a400
PCM 001440 008cc500 ff5f5d00 009c4900 ff5ddc00 00a35c00 ff6c8e00 0095c500 ff4ee900
PCM 001448 00b3ca00 ff51eb00 00ad1a00 ff5a2800 00a7c200 ff4adc00 00b4ef00 ff4f3000
PCM 001450 00b65c00 ff48d800 00ba0800 ff390700 00c9c200 ff2ca200 00d46700 ff347300
PCM 001458 00cd5500 ff4d6500 00b4e400 ff467c00 00b9be00 ff619f00 00a32800 ff372500
PCM 001460 00c82100 ff184f00 00eb3200 ff140e00 00ed9400 ff229a00 00df4c00 ff46bd00
PCM 001468 00b97d00 ff421000 00be9700 ff374b00 00cd6100 ff3c7e00 00c55b00 ff447100
PCM 001470 00bd3900 ff3ba500 00c48100 ff3ef400 00c23700 ff3d1900 00c23a00 ff460b00
PCM 001478 00bc2300 ff40de00 00be3500 ff61f000 00a07100 ff610600 009e0a00 ff658800
PCM 001480 009b8000 ff74d600 00896f00 ff70bb00 00913200 ff71fe00 008cc900 ff760500
PCM 001488 008ba100 ff6f8d00 0090d100 ff6e6200 0096fe00 ff4c7800 00b30700 ff2ce900
PCM 001490 00d38d00 ff457d00 00bebb00 ff532000 00af0a00 ff577e00 00a80100 ff6dea00
PCM 001498 00926a00 ff595100 00a9b700 ff6c9c00 00968600 ff5e7600 009fef00 ff2a2400
PCM 0014a0 00db4600 ff2b7100 00d79600 ff414d00 00c18900 ff326a00 00ce8000 ff208e00
PCM 0014a8 00e1ef00 ff3e5100 00c39000 ff5ee900 00a35800 ff590f00 00a79c00 ff67ff00
PCM 0014b0 009d9000 ff5bdb00 00a6d800 ff4af200 00b6e900 ff4f8300 00afe000 ff610000
PCM 0014b8 009da000 ff691a00 0098e200 ff784500 008f0d00 ff0d27b00 ff466500 00ba8700 ff52e600
PCM 0014c8 00aae500 ff7be2006f00 ff734000 008b3900 ff81e000 007e7900 ff947e00 0069a700 ff980d00
PCM 0014d8 00672b00 ffa92a000 ffd71100
PCM 0014e0 0028af00 ffc6c600 00359800 ffc62400 0038c18b00
PCM 0014f0 0040df00 ffbdf700 00400500 ffaf3000 004e0d00 a36400 00586700 ffa22d00 005abf00 ff8a0600 006f4c00 ff84b900
PC 00531700 ffae6d00 0052ea00 ffc1ee00
PCM 001508 003baf00 ffaa5c0 ffba8500 00420200 ffbe3b00 003cb400 ffbf7f00
PCM 001518 00400d00 004cca00 ffb31400 0046a400 ffce3e00
PCM 001520 00365200 ffc3100 ffb49600 004b2a00 ffc17b00
PCM 001528 003a9c00 ffcdaf00 00300c00 ffd22500 002cff00 ffe3b800 001b0100 ffd60000
PCM 001530 fc4ff00
PCM 001538 0039b900 ffcb4800 0030f100 ffb6ba00 00491100 00448300 ffb55700
PCM 001548 00483c00 ffc89400 0035c100 ffbba111b00 001a5000 ffe54f00 0019c400 fff33a00 00076700 fff2d900
PCM 001558 000a5400 ffe71600 0014bf08700 000c6600 fff9c800
PCM 001560 0001c900 0002a800 fffa5700 00479d00 ffbe3100 0042cb00 ffde3d00
PCM 001578 0023b000 ffb11500221300 ffd45000 002a9d00 fff7a700
PCM 001588 00080500 000a8800 0ec00 000a4500 0001ce00
PCM 001598 ffffc300 0020da00 ffdf0800 00500 ffdded00 0028d200 ffdaa300 000afb00
PCM 0015a0 fff02b00 0007ea00 fff5cd00 0005e100 fffa0800 00053200 fff9a200 fffd6500
PCM 0015a8 00004500 fff90700 00012c00 000d7a00 fff3a200 000fb800 fff0aa00 00138900
PCM 0015b0 ffec6900 0014ad00 ffeaeb00 ffe8a700 00161300 ffde5400 00223b00 fff11900
PCM 0015b8 00100800 ffe42300 00169200 fff01900 000fdd00 fff5d100 00066700 fff6cb00
PCM 0015c0 00058900 ffe7d300 00197700 ffd50400 00297800 ffc54000 00370c00 ffe23c00
PCM 0015c8 001b3c00 ffe9cd00 0014fe00 fffacd00 00039000 fff7f800 00077900 ffef5400
PCM 0015d0 000f7f00 fff3a200 0008ed00 0009c400 fff68f00 fff10400 000cfd00 ffeda800
PCM 0015d8 00119f00 ffe8d900 0015cc00 00055e00 fffa0600 0004d600 fff73000 00066c00
PCM 0015e0 fffad400 0000f100 fffb2300 ffeeeb00 00132d00 ffe6c800 001a9800 ffdc4800
PCM 0015e8 00245200 ffcddd00 00339800 ffdd4d00 0026d100 ffd33800 0030d600 ffcc6000
PCM 0015f0 00359500 ffd72500 00281100 ffd10100 002dc700 ffca0900 0031ee00 ffa9e400
PCM 0015f8 00553f00 ffb12600 0051c900 ffbc5800 0040d100 ffc78900 0039d700 ffb90200
PCM 001600 00478100 ff860c00 00779000 ff8ba500 007a5200 ff91ea00 006cb400 ff949300
PCM 001608 006b8400 ffb68e00 00488200 ffb20200 004b5500 ffc89200 00391800 ffdc6f00
PCM 001610 0023bb00 ffce7c00 00328100 ffe3fc00 00186400 ffd74a00 002cef00 ffc94700
PCM 001618 0036b300 ffdb4d00 00262500 ffe9a800 00170400 ffd7e700 00299e00 ffa8a200
PCM 001620 0057f800 ff947200 006a4900 ff9c6900 0063f500 ff950c00 00690800 ff889200
PCM 001628 00799200 ff9cea00 00613700 ffae0e00 0053cc00 ffb4a000 00488700 ffc27200
PCM 001630 003c4600 ffc75000 003bde00 ffc34800 003cfe00 ffd69900 0027f100 ffd79700
PCM 001638 00289400 ffbad200 00448000 ffbb8a00 00457f00 ffaa500 00344d00 ffbe1200
PCM 001640 00435000 ffb55700 004cc400 fe00 ffd06a00 002a4e00 ffaefb00 004e4500 ff98f600 00674500 ff9c260 ffaad400 0055ae00 ffb26200 004bde00 ffb5fe00 00517d00 ffd75200
PCM 001660 0020e600 ffcd8400 0032f600 ffa8b900 00594900 ff854400 007c9c00 ff88d300
PCM 001668 00777b00 ff933600 006c9300 ff94e800 006ed300 ffac4400 0052e900 ffbeb000
PCM 001670 00411500 ffcdc000 00309100 ffc02300 003ced00 ffb86b00 00449600 ff9fd700
PCM 001678 005df500 ff8f9b00 006eea00 ff921400 006f4600 ff9cfc00 00678100 ff8db100
PCM 001680 00701500 ff939900 0069e800 ff9de200 00654100 ff9c4f00 00646600 ff9ea200
PCM 001688 00655800 ffc45200 0037f200 ffc0c500 003fa100 ffd54500 00291e00 ffd0d600
PCM 001690 002dc000 ffbdb700 003ece00 ffc1cb00 00402b00 ffb0a700 004c4c00 ffa7fd00
PCM 001698 0058eb00 ff99ae00 00639200 ffa60100 005fee00 ff980100 0066fc00 ff986b00
PCM 0016a0 006c8100 ffb7c500 0048b200 ffc25d00 003de400 ffc68100 0036fb00 ffb41400
PCM 0016a8 0047a500 ffac3900 00551b00 ffa6d800 0055d200 ffc30b00 003e5a00 ffb52d00
PCM 0016b0 0043cd00 ffb0d900 004fc800 ffc53800 00390600 ffcc7300 0031cc00 ffe60400
PCM 0016b8 001ad300 ffd12900 002ba400 ffdbb700 00287d00 ffdd0a00 00292a00 ffc5a700
PCM 0016c0 003cdb00 ffbf0900 00462900 ffafe300 0050c500 ffad9a00 004fc400 ff851900
PCM 0016c8 007e3800 ffa35300 005c2e00 ffc4ac00 003ee500 ffcb9400 00362d00 ffb09a00
PCM 0016d0 00510500 ffa36900 00627800 ffb0ee00 004d3a00 ffc43400 003d6600 ffd2f200
PCM 0016d8 002bc800 ffd6de00 0026d400 ffe55f00 001afb00 ffe48e00 001a2700 ffcd4400
PCM 0016e0 0032ae00 ffd4fa00 0028e500 ffe29800 0022e300 ffd3c000 002e2100 ffcabe00
PCM 0016e8 0034ac00 ffab0500 00582a00 ffac1800 00553d00 ffc7f000 00364f00 ffc04800
PCM 0016f0 0040d700 ffcf9000 002dc100 ffb48a00 0049b500 ffb71b00 00497100 ffaafb00
PCM 0016f8 0056a400 ffb4cc00 004c5f00 ffba2300 00429100 ffc61f00 00396c00 ffd94000
PCM 001700 0028ff00 ffc57a00 003ded00 ffba6e00 0047e600 ffb6a400 004ce600 ff9bcc00
PCM 001708 0062b100 ffbffe00 00431100 ffd5e000 002ac200 ffc66700 00370400 ffb28900
PCM 001710 004da300 ffbd4900 00422800 ffa31d00 005f9c00 ff976b00 0069f700 ff953000
PCM 001718 006d6600 ff9baa00 00617700 ff80bd00 0070079ce00 ff96a900 00697100 ffbe6300 0041b000 ffc67300 00393900 ffc30c00
PCM 001728 003df200 ffc13b00 003f5300 ffbf5d00 0040de00 ffd36b00 002c7400 ffd42000
PCM 001730 00301b00 ffd22c00 002dc69300 ffb48700 004e5b00 ffb59500002b1700 ffca9300 00374c00 ffb71a00 0047f900 ffb0ef00 0056f300 ffaebf00 004ee000 ffa8ba00 0057ea00 ffa9c000 00587c00 ff92c700
P300 007f2900 ff990200
PCM 001760 004f6600 ffbfc200 00441f00 ffbc300 ffd79100 002bfe00 ffbe7900 003cca00 ffc4e800 003bcb00 ffdc6b00
PCM 001788 00210b00 ffe31600 001a7f00 ffec7e00 00110d00 fffcc700 0001f200 fff39000
PCM 001790 00089100 0017da00 ffebda00 001a5600 ffe31400 00021c00 fff6f700 ffec8f00
PCM 001798 00131700 fffa8300 00002b00 fff34b00 00083200 ffdc5100 00204f00 ffe7b400
PCM 0017a0 0016da00 ffd92800 0026a400 ffd84700 00276400 ffcc9700 002f8c00 ffd36600
PCM 0017a8 002ab300 ffe7ff00 00124b00 fff7ee00 00082100 fff17f00 000e0d00 fff35800
PCM 0017b0 000b0e00 000b5c00 fff17100 00048000 fff21a00 0000e000 ffff2600 00038800
PCM 0017b8 fffc6a00 fff94f00 0004b200 fffea400 ffff9100 ffec9e00 00118d00 ffeaad00
PCM 0017c0 000f6500 ffe90f00 00152f00 fff4eb00 00089d00 0006a900 fff95200 fffa3100
PCM 0017c8 00054600 ffeb5b00 0015d200 ffeb9000 00161d00 ffe35e00 001c8f00 fffb4f00
PCM 0017d0 00025300 fff0dc00 000e3b00 ffe52600 00184900 0007c500 fff71f00 0013ff00
PCM 0017d8 ffeb5400 001da100 ffdddc00 003fd700 ffbfc500 00485b00 ffb17a00 002d8b00
PCM 0017e0 ffd4e000 002b4300 ffM 0017e8 ffe6e600 00294a00 ffd3ab00 003efa00 ffbfd300 0022c100 ffde2d00 0012b300
PCM 0017f0 ffed2800 001c6c00 ffdf9f00 00392d00 ffc0cf00 00252100 ffd93d00 000d8500
PCM 0017f8 fff02200 00199800 ffe83400 003bea00 ffc61500 00448d00 ffb54200 003eb600
PCM 001800 ffc10500 0031fb00 ffce8500 00255a00 ffd70300 00229300 ffde9c00 00250900
PCM 001808 ffd61b0ffccf900 004b8c00
PCM 001818 ffed00 ffe27a00 000ae400 fff11100 0017b400 ffe67b00 000e2900
PCM 00 00232300 ffd94500 002c1700
PCM 001838 ffd48200 0034db00 ffcb 00055400 fff1d800 0037aa00 ffc70f00 001c9500
PCM 001850 ffe17200 00031e00 fff75100 fff27100 000bf600 ffeba800 000eb600 000a130500 00133600 ffe8b100 0028d900 ffd41200 002cd700 ffd59b00 00284100
PCM 001860 ffd48200 002b5100 ffd2ce00 0008de00 fff49700 fffac500 0004c900 00084500
PCM 001868 fff00200 0023e300 ffd80000 00138b00 ffeb2600 0014c100 ffe7be00 0030f000
PCM 001870 ffce2b00 002dfd00 ffcfc400 001a8b00 ffe5be00 00059100 fffb2700 ffe87f00
PCM 001878 00109c00 ffd0df00 002d5200 ffe28000 001d7600 ffeefe00 000e5800 fff12b00
PCM 001880 000fa300 ffeced00 0012a200 fff13d00 000f0b00 ffefae00 00129300 ffe16200
PCM 001888 001e9700 ffd46100 00272c00 fff1ae00 000d9100 fff13c00 000b8500 fffb3d00
PCM 001890 00027200 ffe93200 0013a300 ffcb0300 00375e00 ffba0900 0047ba00 ffbe1500
PCM 001898 00436700 fffe2800 0002f000 000afe00 fff32600 fffed000 fffce800 00009300
PCM 0018a0 fffbb200 fff36600 000d6300 00027e00 fffdf500 fff3f600 000b1e00 fff70c00
PCM 0018a8 0006d000 fffb6600 00061b00 ffe75800 001aef00 ffd30c00 002d1800 ffc60300
PCM 0018b0 00387f00 ffccbb00 00311d00 ffb9b400 004571800 ffa6cb00 0054f100 ffcdf800
PCM 0018c0 002fd000 ffc43000 00fce2500 0032a500 ffcb9c00 00342700 ffd29c00
PCM 0018d8 002ca500fa68e00 0057d600 ff8f5700 0072d400 ff772700
PCM 0018e8 008bea00 ff6bd400 00949900 ff6e3600
PCM 0018f8 008db500 ff82f700 007b17900 00a52b00 ff542900
PCM 001900 00aa1b00 ff787a00 00865600 ff6f4e3800 00b10a00 ff5a8700 00a4c900 ff612600 009f4700 ff808e00
PPCM 001918 008b8b00 ff791200 008c9a00 ff726500 008f8d00 ff6be80075f600 008bd400 ff6d7400 0093ee00 ff76d400 008c0e00 ff70a400
PCM 001928 008f2900 ff62f000 009d3700 ff60cc00 009e2500 ff771000 00 ff67ca00
PCM 001930 0096c800 ff80b300 00809700 ffadc900 0052e700 ff9ff100 005de700 ff97b500
PCM 001938 0066c600 ff98e200 0065e300 ff9aac00 0064bb00 ff77d500 0087a100 ff72c400
PCM 001940 00887400 ff870300 00735c00 ff8c1d00 00744f00 ff9b3300 00667f00 ff8f1800
PCM 001948 00703c00 ff956700 0067a800 ffab9000 00565a00 ff96f200 00688300 ff9e8c00
PCM 001950 0060af00 ff8a6d00 00750c00 ff7dc200 0080c800 ff7aee00 00847400 ff75a900
PCM 001958 008cfe00 ff763300 0089b600 ff6eb600 0092bb00 ff73dc00 008d5f00 ff852800
PCM 001960 00791900 ff842300 00744000 ff88d100 00772800 ffad6200 00566e00 ffb4f300
PCM 001968 004a5000 ff99ce00 0065fa00 ffac9b00 0050cb00 ffd01900 002eaf00 ffd13b00
PCM 001970 002d1c00 ffbd6a00 00412d00 ffb5ad00 004aa300 ff9f4e00 0060d300 ffa4a500
PCM 001978 005e2f00 ffac5200 005ffc98600 00372700 ffceb800 00315300 ffbc1400
PCM 001988 00421e00 ffb1e900 004bb900 ffb05300 004cc200 ffc2eb00 0039fe00 ffed2800
PCM 001990 00110d00 fffa6a00 0000d900 fffed300 ffffe700 ffecf600 000cdb00 ffe8c100
PCM 001998 00135f00 ffec4e00 00147100 ffdeeb00 001f5200 fff7d700 00041700 0004ef00
PCM 0019a0 fff75a00 fff37900 000b0400 fff4c300 000b5700 0005b300 fffc1400 000e6800
PCM 0019a8 ffef6000 00132400 ffec2300 fff64300 000b2b00 ffcdc300 00324900 ffc2f300
PCM 0019b0 003a4100 ffc18c00 00408d00 ffcb0700 0033e400 ffb9c900 00466a00 ffc08f00
PCM 0019b8 003bb700 ffc4990 ffdd5700 00234400 fffb5100
PCM 0019c8 00016100 fff6ba00 0006e019d8 fff70200 0009c300 fff94b00 fffc8000 00012b00 00001c00 00029c00 00165300
PCM 0019e0 ffe7a600 00296500 ffd5d600 003ad400 ffc4bc00 0024c800 ffd7f300 0031ee0 ffee7f00 002d0e00 ffd30900 0010d000
PCM 0019f0 fff0f300 001ef100 ffdf5f00 00351e00 ffc8a700 0009c500 fff0ed00 ffec4300
PCM 0019f8 000fd800 0003bb00 fffb8400 ffff3d00 0001db00 00150000 ffeb6400 000f8d00
PCM 001a00 ffec1e00 00219a00 ffdc3900 00369600 ffc78600 0034f600 ffc88200 00355200
PCM 001a08 ffccea00 00001800 ffffd000 ffe29b00 001fc900 ffd64900 00275600 ffe3a500
PCM 001a10 001a5500 fff42700 000ac900 fff53b00 0002cd00 fff33100 000e0a00 001f4b00
PCM 001a18 ffdeb000 00181d00 ffe8aa00 fffca100 0001c400 00125b00 ffe6ad00 000dca00
PCM 001a20 fff46600 fff44e00 00093800 001c7c00 ffde7d00 00276d00 ffd56000 001e8b00
PCM 001a28 ffdfce00 00334600 ffc9ab00 00272c00 ffd42200 00226000 ffd93c00 0016b600
PCM 001a30 ffe65000 001b7600 ffe1a900 00035500 fffb5e00 ffe59600 00182c00 fffacb00
PCM 001a38 0002c900 0015b800 ffe77400 00206500 ffde9700 00096800 fff33800 00054600
PCM 001a40 fff82000 0022cc00 ffdbe600 00246200 ffd42500 00289e00 ffd40000 001a0f00900 fff0eb00 00257400 ffd98200 00365900
PCM 001a50 ffc57200 004f800 003a1700 ffc69700 00323500 ffcdd300 00304c00
PCM 001a58 ff1a60 ffc22c00 00566f00 ffa8b500 006b8300 ff8fcb00 00615700 ff99f76800 00499100
PCM 001a70 ffb18f00 00516200 ffaa4c00 007eb700 f00 0072ea00 ff8b8f00 00759b00 ff89ba00 006ed100 ff8b3e00 006e6a00
PCM 001a88 ff8c2d00 007b5700 ff7f6800 008db300 ff72a400 00972f00 ff62d400 00802c00
PCM 001a90 ff7c5f00 007c0900 ff81a200 009b8d00 ff5f0300 00a48900 ff579500 00985000
PCM 001a98 ff649b00 007c8b00 ff834600 00755000 ff849600 00924400 ff695b00 00b3d900
PCM 001aa0 ff463d00 00977600 ff645500 00973100 ff616300 007d2d00 8300 ff701400 0091f800 ff688c00 0096ee00
PCM 001ab0 ff65f300 00 001ab8 ff59bc00 00942300 ff6b0700 008c6e00 ff6f7b00 00826000 ff7e6b00 006e1700
PCM 001ac0 ff8e2b00 00628a00 ff964a00 007f0800 ff7e1300 0073fe00 ff8b7c00 00763f00
PCM 001ac8 ff889f00 0066eb00 ff98f100 006af500 ff8ee000 0074d200 ff875700 00790f00
PCM 001ad0 ff82a600 0061c800 ff9cf200 00539400 ffa83000 004ae800 ffb2b300 00611d00
PCM 001ad8 ff9cb000 0073ae00 ff896800 006c0300 ff8feb00 00540400 ffa9e700 006a7100
PCM 001ae0 ff984300 0084f100 ff7ec900 0076cd00 ff886800 0071bf00 ff8a5c00 007f7a00
PCM 001ae8 ff7a0400 00781900 ff822100 00751200 ff879d00 006a8200 ff984800 00820d00
PCM 001af0 ff7c5600 0058b100 ffa07400 005bba00 ff9fbe00 00539b00 ffa9f000 0051b900
PCM 001af8 ffa7c800 005f6000 ffa10000 00359600 ffca1400 0022a000 ffdd6a00 002c2500
PCM 001b00 ffcec500 00221a00 ffde6e00 0015f000 ffe7a500 00212b00 ffe12a00 002fc900
PCM 001b08 ffcbc100 0040a9050c00 fffa5b00
PCM 001b10 0003de00 000e4800 ffef1300 00106f00 fff03800 00231100 ffdce600 0014e600
PCM 001b18 ffe8bf00 00127f00 ffedf600 001f3a00 ffdbb100 0015e500 ffe87c00 00090c00
PCM 001b20 fff54f00 00087300 fff4bc00 00225800 ffdfa200 00284200 ffd58000 00273000
PCM 001b28 ffda6000 000b2a00 fff32f00 fff74e00 0002a600 ffdcfc00 00238200 ffd60800
PCM 001b30 0028f000 ffc9b300 00382400 ffc85a00 0037d100 ffba4b0000 ffe3a400 001ac500 ffe4e400 001b4700 ffe51900
PCM 001b40 0019dc00 ffeba200 00108000 ffdb3300 0023b100 ffc8a700 00379600 fff41200
PCM 001b48 0007c900 fffe8e00 ffff0100 ffe9ba00 00169e00 fff9bf00 00066c00 ffdd3c00
PCM 001b50 00234f00 ffd5b100 002c1500 ffcce900 00324d00 ffc5f600 0039cc00 ffc1da00
PCM 001b58 003cbb0000 ffb9e100
PCM 001b70 00423d00 ffa41300 005b9200 ff857000 007d5100 ff647600 009c1300 ff505d00
PCM 001b78 00ad8f00 ff5c7900 00a48b00 ff57af00 00a72100 ff60d000 009e4d00 ff5b2500
PCM 001b80 00ac0800 ff5e7c00 00a5e900 ff5aec00 00a88100 ff47de00 00b7e300 ff5b9c00
PCM 001b88 00a72700 ff400 ff42dd00 00c1d300 ff512100 00b39d00 ff569d00
PCM 001b90 00aa6f00 ff51d800 00b0fb00 ff308800 00d02b00 ff212500 00e4a700 ff356000
PCM 001b98 00cd8d00 ff405300 00bea700 ff562d00 00ae1000 ff676800 009b6500 ff5d3600
PCM 001ba0 00a35900 ff6b3200 00967f00 ff716000 008dc400 ff759c00 008bde00 ff885300
PCM 001ba8 007af900 ff91e300 00720800 ff8acf00 00733600 ffa20700 005d7400 ffb13100
PCM 001bb0 004b8000 ff9ac900 00640c00 ff9b6100 0062af00 ff929600 006a8600 ff7ef400
PCM 001bb8 007f3c00 ff739100 008d9800 ff702100 00913b00 ff738400 008c8500 ff75a500
PCM 001bc0 008bbd00 ff82f000 007c8700 ff888200 00736800 ff99d200 00655100 ffb32500
PCM 001bc8 00513500 ffb8e700 00444a00 ff973300 00691e00 ff73d200 008cf500 ff5c3d00
PCM 001bd0 00a60 005f6400 ff96ec00
PCM 001bd8 00647100 ff943f00 006a5800 ff9c70607000 ff8eba00 00730b00 ff7ea100
PCM 001be0 0081b700 ff81c000 007ecb00 ff857a00 0078cd00 ff84b000 007cc200 ff9a1700
PCM 001be8 00647300 ff98c700 00649a00 ffa42d00 0055ed00 ffaa1c00 0053e700 ff9b4800
PCM 001bf0 00652800 ff8d6500 006db100 ff8e2f00 0070db00 ffa85700 0058f900 ffb14200
PCM 001bf8 004b4500 ffacf200 0052f600 ffac3b00 00548100 ff908600 00711100 ff6e8500
PCM 001c00 008f5b00 ff7d4800 00841900 ff7c8e00 0081ac00 ff82fc00 007b5200 ff8f0100
PCM 001c08 00729600 ff7b6200 00863200 ff826500 007d1700 ff72b200 008edb00 ff66b000
PCM 001c10 0099d000 ff816500 007d9600 ff934600 006e8800 ff999400 00675a00 ff9dad00
PCM 001c18 005fa400 ffa3f200 005f3c00 ffa38100 005bb000 ffaf6f00 004e1a00 ffa9ad00
PCM 001c20 0055b200 ffa64b00 005b6200 ff9dc200 0062ae00 ffb13a00 004ea300 ffc0f100
PCM 001c28 00414400 ffa66100 0058e900 ff922a00 006b7700 ff8d9000 0072290001c30 00653e00 ffa09e00 005d630003cad00 ffca5d00 0035a400 ffc21000
PCM 001c48 003e9d00 ffc59f0
PCM 001c50 002efd00 ffbcc100 0044ca00 ffcc6600 00315c00 ffda3d0e01200 00220800 ffe50200 001a2700 fff8b000 00099200 ffe31d00
PCM 001c68 001cd400 ffe58800 0017bc00 ffef9b00 000ef300 0003c800 fffb6600 ffefb900
PCM 001c70 000f8d00 00047500 fff9d600 00085900 fff78400 0003ed00 fffb6b00 00006200
PCM 001c78 00004700 fffc3b00 0005be00 00101100 ffee6b00 00067700 fffb0800 ffe38500
PCM 001c80 001a4800 ffeb1700 00104d00 ffe12000 001f8c00 ffdbf600 0024af00 ffdaf600
PCM 001c88 0021be000 fffbb700 0019b100
PCM 001c90 ffe4b100 0022c500 ffd9d600 fffac800 fffcf200 fff48a00 0007a700 b00 00032500 fffb5e00 fffa7000 0001f700 ffff6700 fff95f00 0004a71ca8 ffd94d00 00255300 ffdbc900 0010c800 ffec0b00 ffe31800 001aff00 ffda0900
PCM 001cb0 00263700 ffe2b600 00194f00 ffeff600 000e2b00 ffea2a00 00142c00 ffed9c00
PCM 001cb8 000fa500 fff0d100 000e9600 ffef9600 000e5500 ffe5d700 001acb00 ffeb7800
PCM 001cc0 00143200 000b6500 fff1fa00 001fe500 ffdb9100 0034ef00 ffc8f500 0030ea00
PCM 001cc8 ffcced00 003c7800 ffc0d300 00325700 ffcafa00 002cf000 ffd07900 00205a00
PCM 001cd0 ffe14800 00026400 fffc5900 fffc0600 00030100 0012b100 ffec9100 000dd900
PCM 001cd8 fff01000 fffa2a00 0002fc00 000e6400 fff09e00 00054300 fff82900 000fa900
PCM 001ce0 fff0c400 001bfd00 ffe37d00 00077b00 fff6e900 ffee1700 00104b00 fff52400
PCM 001ce8 00097d00 fff5cb00 0007c000 fff98000 00067200 fff78800 00039000 ffee9700
PCM 001cf0 000e9400 ffe1ab00 001b6a00 00026900 fffc2400 fff76a00 00095200 00022c00
PCM 001cf8 fff92b00 00242300 ffd77000 00180200 ffe48800 0014ec00 ffe53500 000d4500
PCM 001d00 ffee8200 00037600 fff6e300 00095000 fff16100 fff8d900 00025e00 fff9e400
PCM 001d08 00018500 00053000 fff73900 00145500 ffe7e300 002dc400 ffcda300 00262b00
PC00492700 ffb3f500 003b4e00 ffc4a900 002caf00 ffd05300 003f3400
PCM 001d20 ffbf3100 002d3500 ffcf1500 00126e00 ffe60900 0028ad00 ffd45d00 0028a800
PCM 001d28 ffd41f00 002f8500 ffcd5100 00328000 ffc97800 00190d00 ffe13f00 002c4c00
PCM 001d30 ffd79000 001af500 ffe01f00 002c2900 ffd03800 000a5200 fff37c00 00128000
PCM 001d38 ffedbd00 00127800 ffeaf300 00057700 fff79300 00050e00 fffCM 001d48 ffe17400 00049600 fff86000 ffe0e500 00201000 ffe76500 001a4e00 fff5f700
PCM 001d50 00070400 fff30a00 00068d00 ffec3b00 0012fb00 ffff8f00 fffcdb00 0016ab00
PCM 001d58 ffe53d00 000ae300 fff62f00 000e7f00 fff16b00 00087200 fff20000 fffd3700
PCM 001d60 0003f800 ffe17c00 00199f00 ffd87100 00251100 ffc57c00 00393a00 ffb53600
PCM 001d68 00467300 ffca6500 00323000 ffd01000 002ad300 ffdfb100 001dca00 ffe5e4026bf00 ffe09600 001d1200 ffecde00 00105a00 ffe00f00
PCM 001d78 0024e700 ffd52200 00293400 ffba8300 00465900 ffb72f00 00461200 ffc42800
PCM 001d80 0038e900 ffdb0200 00241700 fff67700 0006a000 fff99b00 00068700 fffa8500
PCM 001d88 0004d200 fff7b600 00056900 ffeee400 000c8000 fff79b00 000a3200 ffdd9d00
PCM 001d90 00221700 ffd8fa00 0024f600 ffc76c00 003b3f00 ffcac200 0034a000 ffd48300
PCM 001d98 002ba800 ffb5ae00 004ac700 ffa62800 005c3600 ff7ef100 007d2f00 ff6dd300
PCM 00192900 00526000 ff826400
PCM 001da8 007acb00 ff7f6000 00808600 ff817e00 007c8400 ff94c500 0068e500 ff9d6500
PCM 001db0 0061cf00 ff9dc200 00607100 ff9a9500 005ffc00 ff947e00 006d7700 ff8a3d00
PCM 001db8 00730b00 ff952d00 006b5200 ff916c00 006d6c00 ff845c00 007bdf00 ff837c00
PCM 001dc0 007be700 ff6d5800 0091ac00 ff76c000 008a6700 ff7a6600 0082c100 ff690300
PCM 001dc8 0093ed00 ff72bf00 008df600 ff8ad000 0074f000 ff844400 00796300 ff91f800
PCM 001dd0 006c5900 ff783600 008986M 001df0 00b71800 ff3bec00 00c6e800 ff3bfd00 00c17c00 ff4bff00 00b4ad00 ff61ae00
PCM 001df8 009ec100 ff6afa00 00940800 ff588300 00a80700 ff3c8400 00c45b00 ff40f00
PCM 001e00 00be1e00 ff2cee00 00d3ce00 ff245700 00db3400 ff255c00 00d9a100 ff22a100
PCM 001e08 00dc4300 ff0c5200 00f4af00 fc00 ff23ff00 00d71500 ff32c500
PCM 001e10 00cdc900 ff39e300 00c6f900 ff443b00 00be0900 ff590a00 00a6dd00 ff37fd00
PCM 001e18 00ca5600 ff489900 00b71500 ff543000 00a9f300 ff56ab00 00ab4800 ff489900
PCM 001e20 00bebe00 ff46d600 00b97500 ff4dc000 00b0a700 ff464100 00ba5e00 ff385400
PCM 001e28 00c7b900 ff4c6e00 00b0bf00 ff51a900 00adf900 ff50f200 00b46e00 ff540200
PCM 001e30 00abe 00878000 ff77c500
PCM 001e40 00851900 ff70ad00 008c9300 ff70c8 ff6bd800 00959900 ff8b3f00
PCM 001e58 0075e300 ff77f000 0085f000666d00 ff789f00
PCM 001e68 00849200 ff708c00 00927000 ff5c1b06900 ff92ab00
PCM 001e78 00696500 ff87a000 00790300 ff7e5d00 00M 001e80 004b8a00 ffa52900 0059b200 ff9ef900 00637b00 ff989a00 0cb900 00731c00 ffa91200 005b7900 ff941900 006a0a00 ff7da300
PCM0 ff723d00
PCM 001e98 008f8900 ff712100 008e4900 ff834600 007f3 007e5900 ff742800
PCM 001ea8 008bed00 ff81b000 007d8f00 ff856101eb0 0070e500 ff9da100 00608600 ffa1b900 00624000 ffa61e00 005617e00 ffb80a00 0047c100 ff9ba700 00640100 ff990200
PCM 001ec0 0463000 ffc2ed00
PCM 001ed0 003e7400 ffd72000 0024bf00 ffe18600 0027a700 ffd21300 002a9600 ffc2b400 003cd100 ffce1000 002de400 ffd72900
PCM 001ee0 00268800 ffe68b00 001aee00 fff8b200 00098c00 ffedf800 000ceb00 ffe27f00
PCM 001ee8 0016a600 ffd97100 0023b800 ffe4f100 001afa00 ffff1800 00004c00 ffefd300
PCM 001ef0 000cff00 ffefff00 000eae00 fff11600 00093800 ffe6e900 0014ef00 ffdf5500
PCM 001ef8 001fb300 ffea2b00 0011af00 000e3a00 fff13a00 000b1600 fff01200 fff47600
PCM 001f00 00066100 ffdf6700 001d8e00 fffc6700 ffff2b00 fff36b00 000c8100 fffaa800
PCM 001f08 fffca000 00005c00 fff81500 00051b00 fffa7d00 00085300 fff4c700 0004c400
PCM 001f10 fff8cb00 ffffff00 fffd7700 ffebdd00 0013ff00 ffe76e00 00130e00 ffd11400
PCM 001f18 002a3d00 ffe76b00 00140f00 fff5c700 00083b00 000bb400 fff25b00 00010a00
PCM 001f20 fffedc00 fff45b00 00068e00 ffec9200 0010cb00 ffedf300 0010d900 ffed2f00
PCM 001f28 0010fe00 fff2f000 0009fd00 fff99f00 00061a00 0003d600 fff6ac00 00140300
PCM 001f30 ffe99b00 000e3800 fff02f00 00096300 fff60c00 fffe5000 fffc2300 ffe96000
PCM 001f38 00135500 ffee4800 000f0d00 fff36f00 000ae800 fffb2600 0000d500 0018bf00
PCM 001f40 ffe3f100 0023c500 ffdab500 0016a800 ffe69d00 00165900 ffe8c700 00005400
PCM 001f48 fff96a00 fffafd00 ffffab00 0018e100 ffe36c00 00433200 ffb87200 005c5a00
PCM 001f50 ffa14e00 005a7b00 ffa38f00 00365600 ffc6c500 001b0100 ffdd7300 00156500
PCM 001f58 ffea6400 0028dc00 ffd30a00 001eaf00 ffdc9a00 00167100 ffe74800 00304e00
PCM 001f60 ffcf8600 0033d200 ffccba00 00099200 fff41e00 fffd0b00 00011700 0005f700
PCM 001f68 fff8cb00 0022c100 ffdd0c00 00275500
PCM 001f70 ffd68200 00219c00 ffd83e00 0018f300 ffea00 ffb54400 0057b400
PCM 001f80 ffa52900 0070f400 ff8e6d00 0077M 001f88 ff936800 0068e500 ff96b600 00464500 ffba0d00 00413500 ffba1a00 004de100
PCM 001f90 ffb08800 005af900 ffa24400 00740700 ff8c6200 00623b00 ff9d5b00 0045f200
PCM 001f98 ffb72100 0034a300 ffc62800 004b9400 ffb23000 00e200 ffb2cc00 006e8f00
PCM 001fa0 ff8e3f00 006ab400 ff918000 00679c00 ff914500 0064a100 ff95a000 005d8c00
PCM 001fa8 ff9a7500 00600e00 ff9e2300 00558a00 ffa88700 00608c00 ff9e0d00 0065de00
PCM 001fb0 ff932c00 00736c00 ff8 0031a900 ffcacd00 00394700 ffc71e00 005a5400 ff9eaa00 0049b2002d00 ffce7f00 0044b800 ffb7a800 005cbe00 ff9f5900 00464500
PCM 00 004c8f00 ffb1bb00 0057bf00
PCM 001fd8 ffa87d00 0042de00 ffb5e400 003a7b00 ffc17400 0016f100 ffe57900 000b0500
PCM 001fe0 fff31400 00183700 ffe25700 000fde00 ffea6200 0032d300 ffcb3000 0043ec00
PCM 001fe8 ffbc2f00 003a8e00 ffc71f00 00167b00 ffe55400 0006da00 fffa1500 0002bc00
PCM 001ff0 fffd9500 0007c300 fff6d300 0015c300 ffe6cb00 fffb2a00 00064500 000e2600
PCM 001ff8 ffef9b00 00218e00 ffd7b300 000c9e00 fff0f400 00205100 ffdfe100 001b9b00
PCM 002000 ffe2f300 002a6f00 ffd3f000 fffa4700 0003b200 00040e00 fffa3e00 000fb000
PCM 002008 ffeeae00 00104d00 ffeeab00 fffed500 0002b200 001b1100 ffe4b300 002c2200
PCM 002010 ffd43700 00139e00 ffeb5500 00052200 fffc5c00 ffebb000 00111a00 ffe6e800
PCM 002018 00170700 fff8e400 00061600 fff21900 000da500 fffcfa00 ffff7d00 00078300
PCM 002020 fff9e300 ffe2b300 001c4700 ffcffe00 00331200 ffc7ef00 00385400 ffdf7100
PCM 002028 001ba300 ffdb4000 0023f400 ffd51000 0027ac00 fff7c100 00084900 fffb5300
PCM 002030 00055300 ffda9100 0025ca00 ffc98200 00364500 ffd7ce00 00247800 ffe62500
PCM 002038 0014e900 ffe99900 0017f500 ffca5100 00312600 ffa7e400 00577500 ff960500
PCM 002040 00685900 ff8af200 00726b00 ff8eca00 006d8700 ff8b0800 006e1900 ff944b00
PCM 002048 006acc00 ffa45600 00552500 ff9a4700 00661800 ff945500 00685800 ffb22500
PCM 002050 00481b00 ffae9300 004de200 ff94a900 00698500 ff780400 00844900 ff88df00
PCM 002058 0072d500 ff962700 0067b500 ff95b200 006d1100 ff841500 00790400 ff640600
PCM 002060 00983e00 ff673300 00977d00 ff470d00 00b77500 ff3cfc00 00c46800 ff3dc600
PCM 002068 00c31f00 ff43ea00 00c10d00 ff3c1900 00c34600 ff4f1500 00adc000 ff5f1a00
PCM 002070 009ed500 ff5af600 00a43f00 ff531a00 00ac8a00 ff342c00 00c70d00 ff1b5000
PCM 002078 00dfc1ff1c6200 00e3f600 ff1da000 00e1f
PCM 002098 00bc1400 ff68b500 00973900 ff764f00 0089da00 ff6364 009ba300 ff3bf300
PCM 0020a0 00c20500 ff31e400 00d1b700 ff432300 00bcec00 ff5a7c00 00a83c00 ff47fa00
PCM 0020a8 00bade00 ff44b700 00c37a00 ff373600 00c5ba00 ff37f200 00c77a00 ff601300
PCM 0020b0 009edb00 ff66b500 00966800 ff578d00 00a59800 ff407400 00bdcf00 ff3aff00
PCM 0020b8 00c27400 ff409d00 00bfd800 ff463200 00b8e600 ff493700 00b60d00 ff473600
PCM 0020c0 00b3ed00 ff49b700 00b4e200 ff46b400 00ba4000 ff422600 00be5100 ff5b0900
PCM 0020c8 00a64100 ff6a6000 00950000 ff775f00 0086c200 ff6ad500 0096ec00 ff75f900
PCM 0020d0 0087aa00 ff801300 007c1600 ff8cf700 00705800 ff710900 0086b800 ff61dd00
PCM 0020d8 009a2a00 ff5fca00 009ec100 ff80dd00 00786200 ff7a7600 0086d000 ff5fc200
PCM 0020e0 009e2600 ff426100 00bdbc00 ff3a0600 00c2ed00 ff460000 00b9e600 ff5ec900
PCM 0020e8 00a0f100 ff5cea00 00a44000 ff5b1900 00a22c00 ff564100 00a66a00 ff5f5e00
PCM 0020f0 00a10a00 ff666600 0099f800 ff6d5a00 00931300 ff80b200 007c0900 ff7afc00
PCM 0020f8 00868000 ff710900 008eb300 ff5d7600 00a10100 ff71a400 008f2f00 ff754c00
PCM 002100 008d3f00 ff721f00 008d1300 ff562c00 00a90100 ff559500 00a9b800 ff759700
PCM 002108 008ac400 ff836400 007d2b00 ff95dc00 00677600 ffa3ba00 005c1f00 ffa38000
PCM 002110 00608d00 ff8a5900 00772200 ff851e00 00798700 ff848700 007f1600 ffa0ed00
PCM 002118 005ac900 ff993d00 00668800 ff7e8600 007d6f00 ff75bf00 0088dd00 ff685700
PCM 002120 00982100 ff7ff100 00813c00 ff9264741f00 0088c200 ffaca000 00543300 ffbd9300 00429a00 ffa93100
PC0 ff888500 00768600 ff7f2800 007fc500 ff9b8000
PCM 002148 005f24b100
PCM 002150 004a9900 ffc25a00 003c1e00 ffb20700 00500d00 f00 ffc0ab00 003dfc00 ffcf1700 002c9400 ffb29500
PCM 002168 004a3100 ffa82000 0056b000 ffbfc300 003ea400 ffd2c600 00293000 ffcd6700
PCM 002170 002f6600 ffcfec00 00315f00 ffb75600 00480e00 ffd6b300 00280e00 ffd94b00
PCM 002178 00253c00 ffe4d500 0017bc00 fff62900 0003df00 ffea1700 000d5900 ffdfb200
PCM 002180 001d5100 ffeea200 000d5400 fff0dc00 000c5900 ffe5db00 001c7d00 ffd9bc00
PCM 002188 0026a800 ffe3a300 001b0d00 ffdf4300 00218d00 ffd93d00 00251900 ffd9a000
PCM 002190 00225d00 fff9c700 0005f200 fff5c600 0007ab00 ffe60b00 001b9200 ffec5400
PCM 002198 0011cd00 fff8da00 00041a00 fff07d00 000f4500 fff6b100 00078900 ffe6c600
PCM 0021a0 00146600 ffdcec00 001fa300 ffee4e00 00106200 000c0300 fff19d00 0013f400
PCM 0021a8 ffe98c00 002ebe00 ffcce800 001ff200 ffddec00 000d4200 fff0d800 00046500
PCM 0021b0 fffb4500 fffc5400 00040500 0007ad00 fff8a300 000ffc00 ffed7100 fffc8b00
PCM 0021b8 00025d00 00010000 fffcde00 00249d00 ffdb5300 00374800 ffc5ec00 0041a400
PCM 0021c0 ffbc1500 002c1e00 ffcd3400 0028ec00 ffd42300 0008c200 fff45000 00060000
PCM 0021c8 fff6b600 000cee00 fff80000 00066400 fff43d00 ffe4ec00 001cca00 fff5ac00
PCM 0021d0 0007c400 00147c00 ffe4e700 000bde00 fff2c900 00019100 fffb0e00 ffec7400
PCM 0021d8 00109700 ffef0a00 000cbe00 0007aa00 fff5a900 000a3c00 fff37c00 0005b400
PCM 0021e0 fff77d00 0007b100 fff4ba00 00151e00 ffea0700 00158300 ffe85000 0013a700
PCM 0021e8 ffe6dc00 0002e900 fff72900 000bb200 fff3e000 000d8c00 fff18c00 00072700
PCM 0021f0 fff4d900 ffdfaa00 ffd5ff00 00253300 ffe8ba00 0000b800
PCM 002210 ffda3400 00314a00 ffcf3000 00392900 ffc28900 00375200
PCM 002220 ffc62000 00543100 ffa67500 00501a00 ffa75c000447e00 ffb9ec00 0037df00 ffc0ba00 002ed000
PCM 002230 ffcfb80082b00 ffe1c500 00074700 fff6e500 000fd300 ffecc500 00200500
PCM 002240 ffdccb00 001e8000 ffde5d 000df400 fff2e400 ffff7000
PCM 002248 00000500 00155d00 ffeb4300 00250800 ffd78400 00276e00 ffd2a200 00275e00
PCM 002250 ffd66100 002de900 ffd17600 001c5f00 ffdf4b00 00282000 ffd44c00 003ba700
PCM 002258 ffbe2000 002c4e00 ffd19c00 00487100 ffb4f100 005dee00 ffa0eb00 0069e800
PCM 002260 ff91df00 0063ee00 ff941700 005ea400 ff9dd400 00399f00 ffc04b00 0019fd00
PCM 002268 ffe7f000 00132500 ffe89c00 00113700 fff10600 000e3800 fff08000 fffca300
PCM 002270 0004b400 00096b00 fff38400 fff6f100 00076b00 ffe57e00 00191900 fffdae00
PCM 002278 fffad300 00002300 fffd9000 ffea5600 0015a400 ffff4600 fffdf400 ffe9f300
PCM 002280 0014c100 ffeb5500 0013ad00 ffe3a200 00159f00 ffd58600 00246500 ffcaf800
PCM 002288 002f8100 ffd3e400 002e1100 ffe5d500 00195600 fff06200 00096b00 ffded400
PCM 002290 00224b00 ffdd0b00 001eed00 ffde2d00 001dad00 ffcd3100 0034b200 ffbc2500
PCM 002298 0041ec00 ffd50600 00278b00 ffde8200 001cec00 ffefa600 00114500 ffffd800
PCM 0022a0 00021300 ffe26e00 001caf00 ffdd9800 00246b00 ffd68300 00282300 ffc23000
PCM 0022a8 0035e400 ffcd9100 0031e200 ffc68d00 00368100 ffc7ae00 00375300 ffcb4800
PCM 0022b0 00321c00 ffc2a000 00418300 ff88ba00 0076a700 ff779900 00859400 ff9b6100
PCM 0022b8 0063d100 ff9fa800 00615f00 ffa0db00 005dc100 ffc34600 003ad200 ffd99300
PCM 0022c0 0026b600 ffef3500 000f5200 fff0c000 000eb800 ffe27e00 001be000 ffd3ac00
PCM1a900 005dfc00 ffa0f200
PCM 0022d0 005e3000 ff83ca00 007d0900 ff653900 009b5600 ff736500 008d8100 ff693900
PCM 0022d8 00965d00a84700 ff606b00 009d1900 ff547600 00ac5c00 ff57fd00
PCM 0022e0 079c100 ff713900 00923300 ff5b4a00
PCM 0022f0 00a98500 ff4879007000 00d39100 ff3c4000
PCM 0022f8 00c53f00 ff336700 00cfad00 ff35da00 00cb5400 ff369000 00cb7600be8700 ff55ac00 00ab4f00 ff575e00 00a72500 ff4d7600 00b56300 ff67f200
PCM 002308 009b6f00 ff579d00 00a95e00 ff3dd100 00c3d100 ff2fe200 00cee600 ff38b700
PCM 002310 00ca1a00 ff339300 00d07c00 ff1ff700 00dfdc00 ff582b00 00aaa500 ff6f7a00
PCM 002318 00946f00 ff74ca00 008b8100 ff69de00 01700 ff53ef00 00add300 ff3ac3000bd8c00 ff33d600
PCM 002330 00c8b900 ff149000 00eefd00 ff2ad800 00d1af00 ff2b2500 00d39e00 ff315200
PCM 002338 00d1e600 ff545000 00adc400 ff4aaa00 00b4c800 ff298000 00dc5900 ff355300
PCM 002340 00cb9d00 ff31b700 00d31a00 ff283400 00d9aa00 ff3b7b00 00c63500 ff2e3600
PCM 002348 00cf3d00 ff234200 00daa100 ff2bb600 00d78e00 ff48b000 00b70000 ff4a3c00
PCM 002350 00b0e100 ff612f00 009bfd00 ff7b2c00 00840a00 ff79bb00 008c2800 ff63ef00
PCM 002358 009c4900 ff63a400 009cc300 ff73e400 00929600 ff8cae00 00723c00 ff669000
PCM 002360 009b9800 ff749800 0089cc00 ff6d1e00 00927a00 ff805c00 007d0900 ff79d700
PCM 002368 00851400 ff4ef700 00b49900 ff428c00 00c13800 ff39db00 00c93500 ff4b6400
PCM 002370 00b49800 ff71f100 0088f900 ff6ba200 0090d300 ff6b7c00 00963200 ff6c4400
PCM 002378 008f3400 ff6b6d00 00940500 ff60c600 009fa200 ff60be00 00a29c00 ff721100
PCM 002380 0091f000 ff4e5c00 00b36600 ff621200 009eda00 ff762b00 008ae500 ff539100
PCM 002388 00ade200 ff5ca000 00a57500 ff5cef00 00a52900 ff4ab900 00b3c700 ff4cd1008200 ff887700 00793100 ff7a3a00 0086fe00 ff7afe00 008a3d00 ff7c7b00
PCM 0023a0 00894600 ff690c00 00994900 ff42ef00 00bd3d00 ff3b1b00 00c94a00 ff424000
PCM 0023a8 00bf4900 ff421e00 00be2900 ff615f00 00a14200 ff74b900 008b0a0915900 ff706500 008a0c00 ff7c2300 00826500 ff8ced00
PCM 0023b8007d6200 ff683e00
PCM 0023c0 0099e300 ff91d700 006ea300 ffa9470800 ff9b9600 00639f00 ffa38a00 005e8900 ffb77000
PCM 0023d8 004ff98f700 00647f00 ff98dc00 0068a600 ffa42300
PCM 0023e0 005dc5091e00 ffb75000
PCM 0023e8 00493000 ffd01200 002f5b00 ffc07f00 0d300 ff8eb900 006e7d00 ff836300
PCM 002400 007a0d00 ff9b7600 00643200 ffa83200 0059a500 ff8f7d00 006ec300 ff8dce00
PCM 002408 006f5500 ffa1a100 00604d00 ffa2f700 005dc400 ffaec800 0050de00 ffa33800
PCM 002410 0058cd00 ffb17d00 00507e00 ffa9fb00 00560500 ffa61a00 005d3b00 ff9d1900
PCM 002418 00639600 ffa42700 005bd600 ffa91700 0056f500 ffafb900 004d2f00 ffb86f00
PCM 002420 00488100 ffbb4e00 00469000 ffa42400 005d5500 ff753900 008c7000 ff778300
PCM 002428 00860300 ff898e00 0076a700 ff9dbf00 005fd500 ff8d9400 00716800 ff6df100
PCM 002ff88da00 00733e00 ff8af100
PCM 002440 00752600 ff769800 0085ee09f1600 005e0100 ff9a0d00 0065ed00 ff8f0a00
PCM 002458 00714900 M 002468 005ae300 ffa2a100 005b5700 ffa61400 005a7000 ffb34d00 0500 0053c000 ffafb000 00520900 ffa81b00 00576600 ffb41100
PCM 002478 004c7700 ff9f3500 005e1000 ffb92e00 0044f600 ffd83500 0028a700 ffe58a00
PCM 002480 00165400 fff1bd00 000af400 ffe4ac00 00199000 ffd7c200 00254300 ffcd4b00
PCM 002488 002fb100 ffcfed00 002fdd00 ffed7f00 00131c00 fff1b600 000e6b00 fff26500
PCM 002490 000ab800 00098200 fff77c00 00056b00 fff93600 ffe95200 00152300 ffe37600
PCM 002498 001bd000 fff34200 00097b00 ffecc400 00120300 ffe9eb00 00148800 ffedb400
PCM 0024a0 00100a00 ffd77200 00290500 ffe40c00 00194d00 ffe0e000 0019c200 ffd6da00
PCM 0024a8 00237a00 ffdbf500 00244800 ffd40400 00290300 ffda1900 00241300 ffd3a900
PCM 0024b0 00277900 ffe09900 001a5500 000ad400 fff3db00 0017db00 ffe0e000 00292400
PCM 0024b8 ffd3e700 002b8b00 ffd0d600 000e0800 ffec9000 ffee5700 000aec00 ffe97400
PCM 0024c0 0014e400 ffea9800 000fcd00 ffdf7800 001e9800 fff28900 000b8a00 ffddaf00
PCM 0024c8 00205300 ffff0500 00020100 fff7e200 00079500 000a1c00 fff21200 000aee00
PCM 0024d0 ffefd800 ffe01000 001eea00 ffc67e00 00382100 ffc5bf00 00352f00 ffd92b00
PCM 0024d8 0022d700 ffe78f00 0016f400 0003b600 fff8b400 ffefa400 000c1100 ffd09000
PCM 0024e0 002d0200 ffbe2a00 003e500 ff9d7500
PCM 0024f0 005d8800 ffb75800 00400000 ffc1ae00 0030 ffaeb400 004e7600 ffa38b00 005b7100 ffa28f00
PCM 002500 0059d002508 00626900 ffc0d000 0036e100 ffea1200 00138100 ffce9000 003200 005dca00 ff9a3500 0067dd00 ff996500 00631c00 ff9a4000
PCM 09bb00 00965600 ff63d900 009c5600 ff67dd00 00988800 ff75ce00
PCM00
PCM 002548 008af100 ff94b600 006c2300 ff966900 0069d700 ff87 ff810700
PCM 002558 007a7200 ff6bd800 00959000 ff5af000 00a401c1300 ff5e6300 00a69a00 ff4d5d00 00b70200 ff5a2f00 00a7b000 ff7aff7c3300 0082df00 ff8a6100 0074cc00 ff6bcf00 0093b100 ff5ba700
814200 ff7c5500
PCM 002580 0081af00 ff5fc800 009e9b00 ff4c4900 00b57b00 ff46b800 00b9d300 ff549300
PCM 002588 00acdf00 ff463300 00b83700 ff49c000 00b7d900 ff5d6d00 00a1d500 ff53d900
PCM 002590 00ae9100 ff550c00 00aa8700 ff434700 00c2dc00 ff48dd00 00bb3200 ff1e5c00
PCM 002598 00e46d00 ff187a00 00ec9f00 ff2a1100 00dab300 ff1add00 00e85900 ff25fd00
PCM 0025a0 00da7000 ff33bf00 00c9ab00 ff3c6f00 00c41f00 ff47fd00 00b80400 ff408700
PCM 0025a8 00bea100 ff2c5400 00d26400 ff367a00 00c65600 ff3d2c00 00c33b00 ff4f9d00
PCM 0025b0 00b45700 ff42d700 00bcc800 ff467c00 00b57900 ff4bf500 00b21d00 ff490500
PCM 0025b8 00b64a00 ff4a9000 00b3af00 ff502500 00ab7f00 ff3d8700 00c42500 ff365d00
PCM 0025c0 00c5cd00 ff537f00 00ad9100 ff5bf400 00a25200 ff653800 00996300 ff68eb00
PCM 0025c8 00974500 ff6ba100 00936b00 ff5dcd00 009d8700 ff61ae00 00a4ab00 ff4e3e00
PCM 0025d0 00b41300 ff4c2f00 00b2ed00 ff5c8600 00a62a00 ff740800 008e1200 ff693b00
PCM 0025d8 00951900 ff61cc00 009e1a00 ff5fd700 00a06d00 ff5fd300 00a10d00 ff697400
PCM 0025e0 00997400 ff4f7100 00b2b000 ff33df00 00ccd400 ff52e600 00ace200 ff550400
PCM 0025e8 00aa4100 ff68fd00 0095f900 ff89f700 0078cd00 ff804300 00811200 ff7bdc00
PCM 0025f0 00851e00 ff74e100 008adf00 ff765700 008a9900 008dcc00 ff629500 009bf600 ff5cbb00 00a4ab00 ff5f2f00 009ee700 ff6a9800
PCM 002600 0092a500 ff759300 008aea00 ff744e00 0088f500 ff75c800 008e9500 ff783d00
PCM 002608 0089ab00 ff875100 007a5700 ff8ba300 00728c00 ff8d4c00 0072b600 ff8ae900
PCM 002610 0073dc00 ff63fb00 009f5b00 ff74c600 008b2200 ff71c500 0090bd00 ff512300
PCM 002618 00ae3400 ff381b00 00cbcb00 ff487300 00b3ce00 ff667b00 009c7500 ff5fc200
PCM 002620 00a18c00 ff646c00 00a01500 ff5f2f00 009d0700 ff5dd500 00a5e300 ff44d100
PCM 002628 00b97700 ff636f00 009bd100 ff7a4300 008f00 00ae2b00 ff511e00 00b21900 ff500000 00ad5400 ff582e00
PCM 000 ff82e100 007aec00 ff87b700 00764200 ff78ff00 00884b00 ff716100
PCM 002650 008ea300 ff6ff600 008e9700 ff76fd00 00856d00 ff69a800 009b0b00 ff6a7c00
PCM 002658 00984200 ff8aa500 00735900 ff8e1000 006fb600 ff971d00 00689000200 ffa00600 005eda00 ffa36500 005f4a00 ffa3ec00 005e4500 ffa08f00
PCM 002668 0060f200 ff9f0d00 00622c00 ff9c4200 0061ea00 ffc38d00 003cc600 ffc9b700
PCM 002670 00333a00 ffc63100 00394b00 ffbb8c00 00476100 ffcf2a00 00306500 ffd7dc00
PCM 002678 0024f900 ffcfe900 002e5c00 ffaf8500 004fde00 ffb6b500 00497900 ffdbe700
PCM 002680 0022ee00 ffc44600 003ba600 ffa2e400 005dea00 ff98c700 0065bf00 ff999700
PCM 002688 00658c00 ff757f00 00881000 ff83e600 007e6800 ffa44f00 005d5d00 ffb9a000
PCM 002690 00422500 ffcba200 00309e00 ffb77800 004b2600 ffb85b00 00493800 ffcc7500
PCM 002698 00332a00 ffe70000 00187100 fff35900 00067500 fffe5700 fffa0600 fff55800
PCM 0026a0 000af300 fff27600 000bcb00 00136100 ffe9fe00 00112300 ffeb4100 000ccb00
PCM 0026a8 ffec0800 00297300 ffd7b700 001c7000 ffe25500 ffff6800 0002f800 ffff6800
PCM 0026b0 00015400 00005000 fffe6d00 fffe2b00 00011600 00032a00 fffbb300 00098000
PCM 0026b8 fff2b400 97200 fffd5d00 00039a00 001a9a00
PCM 0026c8 ffe3ad00 001b2d00 f ffe7a400 0003b900 fff79100 fff95100 00033d00 ffff4f00
PCM 0026e0 00003c00 000ed500 ffeb7c00 000fff00 ffee6700 00114600 ffebfe00 001c3500
PCM 0026e8 ffe18700 0
PCM 0026f0 ffe5de00 002a4400 ffd05400 00347d00 ffc6f700 004ae ffbaea00 003d1300 ffbd3d00 0032f100 ffc96d00 004c7a00 ffb01300 00580800
PCM 002700 ffa70e00 00404600 ffbe6500 00323b00 ffcabb00 00235800 ffd8b200 003b8800
PCM 002708 ffbc6300 00333d00 ffc87d00 0030e100 ffcc7100 00257c00 ffd37c00 00332900
PCM 002710 ffcc6700 0033d700 ffca0200 00214f00 ffd8c000 00345300 ffc58b00 00392400
PCM 002718 ffc12000 003ed500 ffbdeb00 00521d00 ffaca800 00443900 ffb80200 003e6a00
PCM 002720 ffb8a300 00448b00 ffb3ec00 0041dd00 ffba7900 00454e00 ffb4590f00 ffb42400 00482b00 ffaf8200 004b6700
PCM 002730 ffaf4400 0040b900 ffbb1600 004f7200 ffacff00 00522900 ffab1100 0049ba00
PCM 002738 ffb04500 003a4600 ffbcd900 003e2f00 ffbdc000 00325f00 ffc94a00 002ea400
PCM 002740 ff ffd68600 000b8a00 fff0df00 00053500
PCM 002760 fff9b200 00068a00 fff66600 00256100 ffd51200 00212200 ffdc8c00 001edb00
PCM 002768 ffda8100 000f6200 ffedee00 fffdb100 00023b00 000c7300 fff04100 00262500
PCM 002770 ffd91500 0028d500 ffd57400 0034f900 ffc83900 00335500 ffca6800 0040a500fcba600 0036cd00 ffc7ba00 00353e00 ffc7d400 00256a00 ffddd500 0002e100
PCM 002790 fffd8200 0017f900 ffe4a500 00306200 ffcb1a00 001ca400 ffde3800 001f4300
PCM 002798 ffe0c300 001da400 ffdb5c00 000ba500 ffee3600 00031300 fff72900 ffe0fa00
PCM 0027a0 00183b00 ffd90600 0023b900 ffc4b800 0036ff00 ffdd8d00 001cbf00 0007ea00
PCM 0027a8 fff63500 000d7400 ffefac00 fff95300 0008b700 ffe43b00 001b6c00 ffcfca00
PCM 0027b0 002eaa00 ffdb7c00 00217900 0005d700 fff51b00 00115c00 ffe8a700 fff84c00
PCM 0027b8 00049100 ffe51700 00192300 ffe98900 0016b800 ffeb0d00 00142b00 ffd89d00
b700 0053e000 ff9b7500
PCM 0027e0 00606c00 ff84b300 0079e000 ff800200 007d7c00 ff83ca00 007cc004800 ff615600 009df100 ff613e00
PCM 0027f0 009e7900 ff770300 008adb00 ff6c4e00 00948a00 ff66380
PCM 0027f8 00a5e100 ff442800 00c39100 ff359900 00cf1800 ff4e47ff35ab00 00cefc00 ff2e1400 00d05900 ff42f600
PCM 002808 00c0ff00 ff32e100 00ce0d00 ff39bb00 00c002810 00fa3100 ff28a100 00dc5600 ff39ee00 00ca6f00 ff30d000 00d09c00 ff23be00
PCM 002818 00db1100 ff2d1100 00d6ac00 ff3d4700 00c19f00 ff4b9a00 00b7a100 ff591f00
PCM 002820 00aa8d00 ff5c0300 00a53400 ff57a000 00aa9d00 ff439200 00bded00 ff306e00
PCM 002828 00d02200 ff273400 00d88300 ff1bcf00 00e4ad00 ff30d300 00cf6c00 ff325800
PCM 002830 00cda000 ff23e900 00d72300 ff24b800 00d9b0600 ff795600 0086c700 ff7bb200 00844f00 ff690000
PCM 002840 00 00770000 ff60ff00 009e8000 ff2ae800
PCM 002848 00d79a00 ff255bf3e1400
PCM 002850 00c1de00 ff663000 0097f600 ff617c00 009b1400a3f600 005ad000 ff9c0700
PCM 002860 00610100 ff95e700 00689400 2870 00633200 ff8ffb00 006fb100 ffa88500 00541000 ffb5a200 00459a00 ffce9800
PCM 002878 0029d100 ffb8e600 0042ab00 ffa51900 0059e600 ffa24100 005e0e00 ffa06500
PCM 002880 005c8300 ffb0f000 0047cb00 ffb33a00 004a7f00 ff9c4d00 0061f900 ff8fd300
PCM 002888 006ba000 ff92ab00 006f9400 ff925500 006fad00 ffb69200 0048d400 ffd25000
PCM 002890 002a5d00 ffae8a00 00510a00 ff98bb00 0063dc00 ffaddb00 004f1400 ffa84a00
PCM 002898 00555900 ffbba500 003f7b00 ffa47300 00598b00 ffab1d00 00528d00 ffa2bb00
PCM 0028a0 00598b00 ffc86e00 0035ed00 ffb62400 00481600 ffa76600 00569700 ffc25d00
PCM 0028a8 003e2800 ffc14400 003e3500 ffb27a00 0045aa00 ffb7ef00 00435000 ffbceb00
PCM 0028b0 00427c00 ffb76900 0044ea00 ffbe8400 003f3b00 ffaccc00 00521a00 ffa7be00
PCM 0028b8 0058a801800 003c5f00 ffd9bf00
PCM 0028c0 0027ab00 ffeb3e00 0010e800 ffd13500 002a8c00 ffc1c500 00374c00 ffcbd200
PCM 0028c8 0034bc00 ffc87600 00343e00 ffc9af00 00355700 ffc47b00 003c4e00 ffc37800
PCM 0028d0 00380a00 ffd64f00 00244300 ffccf600 0030e400 ffc96b00 00323a00 ffbdeb00
PCM 0028d8 003bf900 ffd20e00 0029c500 ffd81b3300 ffd10800
PCM 0028e8 002a1900 ffc59600 00392700 ffcf4000 001400 ffb57200 00457300 ffb35500
PCM 0028f8 004a4d00 ffd0b700 00 ffec1b00 000da900 ffd96400 0021d800 ffcca600 0030ef00 ffd5ab00
PCM 002908 00270800 fff7d100 005b00
PCM 002910 000ec400 ffffe200 fffe9600 0011de00 ffe8cd00 00e00 ffd67b00 fffede00 fffd5200 0017fa00 ffe12800 001caa00
PCM 0 002938 ffa5b700 00613400 ff9d9f00 00460800 ffb6e200 0035b500 ff0036e900 ffc55500 00466c00 ffb5bb00 004bde00
PCM 002948 ffb2720c00 ffa14900 00727500 ff860900 00813f00 ff78e600 00870f00
PCM 0M 002968 ff7c8300 00783c00 ff7cfd00 00710800 ff8cc100 007df200 ff78fc00 00616900
PCM 002970 ff9b0900 00745900 ff827b00 00a7ce00 ff517c00 00b81d00 ff425f00 00af 002988 ff59b400 009e1a00 ff5c1900 009f3700 ff5dff00 0093df00 ffd16300 ff27a900 00cfd900 ff289400 00f4b300
PCM 0029a0 ff053d00 74c00 00e22b00 ff15b500 00d81a00 ff1e9300 00f84b00 fefeef00 00f03f00 fee00800 011d9800 fed6ce00 01010500
PCM 0029b8 fef84600 000 ff17bf00 00f2cb00 ff029f00 00f16200
PCM 0029c8 ff00fc00 00ee21900
PCM 0029d0 ff051a00 00dc2e00 ff1afa00 00e67000 ff122e00 00ffa300 fef82200 00e2a000
PCM 0029d8 ff18d500 00e26400 ff15ef00 700 00e49200 ff134200 00d58e00
PCM 0029e8 ff239800 00d96200 ff23a300 00bd5600 ff3b2f00 00df0500 ff19de00 00e8fa00
PCM 0029f0 ff0a1d00 00c83b00 ff28ff00 00b7f900 ff41ec00 00c46000 ff340400 00be8200
PCM 0029f8 ff3b7c00 00a87100 ff518000 00b0d200 ff448200 00bd1300 ff412300 00c2c500
PCM 002a00 ff37d100 00bde600 ff3b0b00 00b22e00 ff473400 009c5f00 ff600800 00a68d00
PCM 002a08 ff554600 00a70600 ff56ef00 00ab3000 ff4d5100 00af2300 ff49ed00 00a4ae00
PCM 002a10 ff528700 00acf900 ff4c5e00 008ed800 ff67f700 007dc600 ff776700 006c5100
PCM 002a18 ff8df700 0067b000 ff957000 006dc800 ff912500 005d6e00 ff9ca000 00576700
PCM 002a20 ffa3fb00 0044e800 ffb8ba00 00482400 ffb4c600 00619e00 ff9b1d00 005c0100
PCM 002a28 ff9ec000 00450a00 ffb65e00 0035dc00 ffc48500 00383100 ffbff700 002c1f00
PCM 002a30 ffcc7c00 00149100 ffe93900 00302000 ffcdbb00 002a7d00 ffced700 0020a400
PCM 002a38 ffde6c00 0026d500 ffd3ad00 003d2200 ffbd9400 0034b700 ffc6c700 002f3800
PCM 002a40 ffcc2300 003ef500 ffbcfc00 003aee00 ffbf2900 0044c800 ffb40c00 0051ba00
PCM 002a48 ffac8e00 003e9800 ffbc0900 00415700 ffb6eb00 00499900 ffb4c000 00562100
PCM 002a50 ffa73f00 003c5c00 ffbf6700 00389500 ffc43300 00361a00
PCM 002a58 ffba7000 00519a00 ffa98700 00613a00 ff99ab00 00 001e7c00 ffe08500 00272200
PCM 002a70 ffd48900 00259500 ffd70800 0028e100 ffd18600 0033ba00 ffcb0800 00354f00
PCM 002a78 ffc5b000 00311500 ffcaa200 00507400 ffaca600 00419700 ffb98300 00222e00
PCM 002a80 ffd8ea00 00242c00 ffd7c000 002dc500 ffce3400 0017de00 ffe16e00 0026dd00
PCM 002ffd9e800 000cbd00
PCM 002a90 ffedf000 00310a00 ffc7b800 00498a02a98 ffb37c00 004bf100 ffb15700 00575f00 ffa42500 00395c00 ffc02 ffb8ef00 00274c00 ffd60000 000d0c00 ffe9ea00 000eb600 ffefe400 1800 ffddb500 00259b00 ffd5f600 0024a000
PCM 002ab8 ffd9ce00 008 fff26100 0013a100 ffeb6700 00150000 ffe38200 00151b00 ffe688002ad8 ffbb4500 00514e00 ffac9e00 004f5d00 ffaff300 003dbf00 ffbf3fff4b00 000bba00 fff76700 fffbe900 ffff2b00 ffe8e500 0014e900 ff00035700 000af000 fff67600 ffff4500 ffff0900 00073100 fff69a00 0a7300 000fa400 ffef6900 fff25700 000b6100 fffa2200 00003e00 fffd00 ffc6ad00 00277300 ffd48e00 0024e900
PCM 002b10 ffdc5400 000e8900 0018b400 fff6d500
PCM 002b18 00055f00 001e9a00 ffe41700 00310300 ffcd5500 0035b200 ffc5ca00 004b0e00
PCM 002b20 ffb3d800 600 ffac0300 0043d100 ffbc4200 00399500 ffc98600 00275b00
PCM 0003400 fff1a500
PCM 002b38 000c7500 fffc9000 00009300 0013d000 7af00 fffa0d00 ffff5400 ffe67a00
PCM 002b40 00159c00 fff45d00 0c00 000d2500 fff4cf00 ffff4800
PCM 002b50 fffda900 0012ae00 ffe00 000ca900 fff03f00 00149200
PCM 002b58 ffec2900 00249500 ffd9fd52400 00164e00 ffe25d00 001e0800
PCM 002b60 ffdbab00 00370400 ffc41d00 0048b600 ffb68500 003c1300 ffc23e00 002eb200
PCM 002b68 ffcdad00 000aff00 fff16e00 000aad00 ffefc200 0007a900 fff69600 fff9e400
PCM 002b70 ffffc600 fffa2800 00030900 fff78900 00055100 001a5f00 ffe5f200 002b6200
PCM 002b78 ffd5ba00 00257900 ffd38e00 00462400 ffb8c000 007c1c00 ff800e00 00733f00
PCM 002b80 ff8b7200 00468000 ffb5a200 004fd800 ffa8bd00 0047d100 ffb4c000 0041fe00
PCM 002b88 ffbb6300 003ba800 ffbecd00 003e9100 ffbfa500 0041ca00 ffbcd000 00541800
PCM 002b90 ffa3a600 0057a200 ffa23700 004d3600 ffad0500 004e2c00 ffa97300 00496300
PCM 002b98 ffb31d00 00351c00 ffc78300 004abc00 ffb29500 0062ab00 ff9bb700 005c7400
PCM 002ba0 ff9faf00 0063a600 ff96f700 0062f200 ff97fb00 0058c800 ffa33900 004f6d00
PCM 002ba8 ffaecf00 002fa700 ffc9e100 00332800 ffc88600 003e4100 ffbf9400 00548100
PCM 002bb0 ffa6cd00 005cce00 ff9f4300 004cf500 ffad4800 00489a00 ffb49900 0059bc00
PCM 002bb8 ffa50400 005de700 ffa13400 005d6a00 ffa2be00 00536300 ffa7ee00 005ff400
PCM 002bc0 ff9a1800 006cd300 ff8d6a00 0089d600 ff741400 00933d00 ff680300 00651000
PCM 002bc8 ff945f00 00557a00 ffa59800 00524700 ffac8600 0054b500 ffa97700 003a5e00
PCM 002bd0 ffc2b800 002ded00 ffcccf00 00425c00 ffbd4500 00602300 ff9c4700 0074ea00
PCM 002bd8 ff82fc00 0098cb00 ff60b400 008c5700 ff6e0400 00784b00 ff832d00 00864400
PCM 002be0 ff741700 00878b007f00 ff1ef500 00c74100 ff2e5f00 00b73900 ff44d800 00b08c00
PCM 002c08 ff4d8d00 00bd9d00 ff3f7300 00bf9f00 ff3df500 00ad8300 ff40 00bb7900 ff3f2c00 00b0e500
PCM 002c18 ff4a5800 00adf500 ff4ad0e5da00 ff13fb00 00d86100 ff237500 00cf5500
PCM 002c28 ff2cc5000 00a54e00
PCM 002c30 ff54ba00 009ddb00 ff5cd400 00b03a00 ff491800 00b4e800 ff46ae00 00cf0a00
PCM 002c38 ff29d200 00c5d600 ff3f5d00 ff410e00 00da3400 ff201300 00eaf100
PCM 002c40 ff105600 0ff15fe00 00e52000 ff173100 00cb4f00
PCM 002c48 ff31bc00 00cea30 002c58 ff403f00 00b67200 ff443e00 00a67500 ff55b800 00baee00 ff0c70000 ff376200 00d13300 ff27fd00 00c22e00
PCM 002c68 ff3700005c00 00b0f400 ff4fba00 00a24c00
PCM 002c70 ff587500 00901400 ff2c78 ff5f2900 00799800 ff804f00 00760900 ff834d00 0080f400 ff7bbe00 0091cf00 ff6a7800 009f9200
PCM 002c90 ff5e0800 00a7be00 ff53aa00 009eb500 ff58ef00 00671f00 ff948000 0047d300
PCM 002c98 ffb29d00 00438c00 ffb70e00 0042c300 ffba5200 00431100 ffbc2e00 00429200
PCM 002ca0 ffb4ec00 0040fa00 ffbf0300 0051aa00 ffa97400 004def00 ffabfc00 004b3100
PCM 002ca8 ffabca00 004c3a00 ffaeac00 003fc000 ffbba800 0038be00 ffbf0e00 00476400
PCM 002cb0 ffb35800 00553c00 ffa85f00 005f6300 ff42800 0001f600 fff8d000 ffe8a900 00145d00 ffce6900 00339600 ffd01d1700 ffd99700 00242800 ffdbe600 0024f200 ffdbf300 0022bd00 fff21100
PCM 002ce8 000e8000 0001ff00 fffa9200 ffeb6a00 00152700 ffe4af00 001bb400 ffcc3800
PCM 002cf0 0031a000 ffb91f00 00464400 ffbc5600 0040a300 ffa72d00 00587300 ffa25300
PCM 002cf8 005d7400 ffaea900 00523900 ffc12f00 003f1300 ffbaca00 00484c00 ffac6300
PCM 002d00 00520200 ffa44100 00592700 ff9d6100 0062e600 ff87fa00 007a3100 ff843e00
PCM 002d08 007ca200 ff916100 006dcb00 ff972100 00676e00 ffaba600 004d7e00 ffb38d00
PCM 002d10 00485900 ffa71000 00579100 ff9ad100 00612f00 ff7ec800 00817200 ff707900
PCM 002d18 0089f000 ff799600 00841b00 ff87dd00 00797200 ff7d7b00 007f5900 ff6fc400
PCM 002d20 008cce00 ff715500 00903200 ff5c1100 00a68300 ff742500 008dc800 ff6deb00
PCM 002d28 00901d00 ff713e00 008ebc00 ff64a900 009bd800 ff86cd00 0078d700 ffa07500
PCM 002d30 005b2b00 ff9f5c00 0063ef00 ffa57a00 005c6500 ff8d0000 006e9200 ff804300
PCM 002d38 007caa00 ff7cf200 00828d00 ff810200 00803300 ff759600 00851a00 ff6dd900
PCM 002d40 00906800 ff847a00 007d5c00 ff8bb200 006e9500 ff90a500 006f7100 ff8ac000
PCM 002d48 00798100 ff836d00 007af500 ff88d500 00767100 ff8eaa00 00711600 ff9d2000
PCM 002d50 0060c400 ff952700 0066c000 ff904500 006f8d00 ffa5cd00 005aed00 ffa3aa00
PCM 002d58 005d8f00 ff949700 0068d200 ff787300 0086d300 ff5ed000 00a3e100 ff69ab00
PCM 002d60 0097bd00 ff932f00 006ae700 ff9ff800 005f3e00 ff867600 00780000 ff864600
PCM 002d68 0073f600 ffb08b00 004b8f00 ff9f3d00 005e8a00 ff6f5300 0092aa00 ff62b000
PCM 002d70 009b5f00 ff716b00 008ff600 ff77ca00 00869b00 ff73d000 008aaa00 ff790b00
PCM 002d78 0086b00
PCM 002d88 006de600 ff92aa00 0069c000 ff90ce00 0070ce00 ff7d0 ff817100 00801300 ff95ca00 00699c00 ffb1e800 004c2f00 ffb85800
PCM 002d98 0044ca00 ffb53100 00481c00 ffb81100 00445600 ffb6fa00 00484800 ffcbb600
PCM 002da0031c900 ffdf3b00 001e5100 ffc3f800 003d7200 ffbb6200 003fac00 fff00 ff835200 0077c200 ff97cc00 00657200 ff9fb400
PCM 002db0 005 0066fd00 ffade100
PCM 002db8 004ea400 ffbcd900 003ec900 ffb6d35b4c00 ffa33e00 005c7200 ffab1c00
PCM 002dc8 00551f00 ffa4e900  0049c300 ffa2e200 0059c700 ff9e7b00 005eaa00 ffbf4500 003e5f00 ffce7d00
PCM 002dd8 002e7c00 ffee6800 00117000 00007600 fffe11000 fff5a000
PCM 002de0 00066a00 ffed4900 0013f900 ffdb7a00 001feb00
PCM 002df0 00051300 ffe1f500 001b0900 ffd1a400 002a8a00 ffa36300 0059da00 ffa97000
PCM 002df8 00533a00 ffe24f00 001c4e00 fff78c00 0005e800 fff57c00 0006da00 0006bb00
PCM 002e00 fff24f00 00128500 ffed1e00 0014d100 ffeb6a00 00069300 fff6d500 fff32200
PCM 002e08 000bbb00 00111400 ffeabd00 001aa500 ffe40100 fffe9a00 00021000 fff52200
PCM 002e10 00011a00 fffdad00 ffff1800 00121e00 ffeba700 000eef00 ffeb6200 00133600
PCM 002e18 ffe46900 000dc800 ffeeb200 00071000 fff68200 00002f00 fffbd600 0013a200
PCM 002e20 ffea1b00 000f8900 ffeddc00 fff61600 0007b900 00190300 ffe3a600 00020000
PCM 002e28 fff96700 ffec7600 0012d400 fff95200 00055f00 00141500 ffe6f300 000c2c00
PCM 002e30 fff08600 ffe6b100 00141200 ffe62700 0016f400 ffe2c500 0014df00 ffdaef00
PCM 002e38 00249900 ffda0900 00235300 ffc96d00 00326500 ffbd8100 0042dd00 ffcbbb00
PCM 002e40 00365600 ffc29800 003c5e00 ffd27600 0029c700 ffd7b400 00256700 ffe62100
PCM 002e48 00193800 00077100 fff57600 ffe8a100 00111400 ffee5800 0010bc00 ffdb5700
PCM 002e50 00251b00 ffdac400 00223c00 ffe56b00 00164500 ffef9200 00128c00 fff13200
PCM 002e58 000b4500 fffbfd00 0003f700 fffc1400 00069200 fffe8000 fffcd300 fff70c00
PCM 002e60 00041e00 ffed1c00 0010fb00 0007b900 fff4e100 001e6b00 ffdd5b00 001d1000
PCM 002e68 ffd1ee00 00310c00
PCM 002e78 ffc83d00 002a8b00 ffd08f00 002bbe00 ffd07c00 001e2700 ffdceb00 003c2e00
PCM 002e80 ffbdb900 00552700 ffa34000 006ad600 ff92dc00 00537f00 ffab1500 003dc000
PCM 002e88 ffc10600 004fd300 ffaa8d00 00573500 ffa46200 0053da00 ffaa1000 004a3100
PCM 002e90 ffb00200 00525e00 ffa75800 00580700 ffa51e00 003d7600 ffbc6f00 0053f700
PCM 002e98 ffa91f00 005eaa00 ff98d700 00500b00 ffa75700 0059d400 ffa2e100 00517200
PCM 002ea0 ffaaa900 00572700 ffa41000 0050b200 ffacca00 00501a00 ffac5d00 00565600
PCM 002ea8 ffa78000 004d8b00 ffadac00 00667500 ff93e000 0040b800 ffbd6500 001ba200
PCM 002eb0 ffe00700 00325d00 ffc9b500 002b7800 ffd29600 002dd500 ffd00500 0046da00
PCM 002eb8 ffb5f800 00344d00 ffc85f00 003ddb00 ffc32200 003de000 ffbe7f00 003d7700
PCM 002ec0 ffbe3900 0041b100 ffb55000 004b8700 ffb25000 00334600 ffccc200 0034a500
PCM 002ec8 ffc9a100 00336c00 ffc73100 002a0b00 ffd10b00 00307b00 ffcb8900 003f6000
PCM 002ed0 ffb9e700 00407b00 ffbbc000 0022bf00 ffd77d00 0025f100 ffd15a00 00496c00
PCM 002ed8 ffb13c00 003c9d00 ffbf9500 0038ed00 ffc56c00 00519000 ffa7b400 0056da00
PCM 002ee0 ffa54300 0044c000 ffb6d200 00250300 ffd48200 001f5800 ffdb8e00 001a1400
PCM 002ee8 ffe4ea00 003a7600 ffc01200 0040c100 ffbcab00 003ff100 ffbabb00 00526500
PCM 002ef0 ffa6b500 00410100 ffbd8700 002d0500 ffcbd300 00143b00 ffe2d400 000b8600
PCM 002ef8 ffefaf00 000c8500 ffec0100 00190e00 ffe44d00 0021f300 ffd6c600 001cf500
PCM 002f00 ffe1f200 00172a00 ffe34c00 001b3600 ffde3600 0021fa00 ffd89800 00291e00
PCM 002f08 ffd05b00 002ea200 ffcc1400 0038e500 ffc42d00 002dd300 ffd45b00 003e7700
PCM 002f10 ffc09000 0020d900 ffddcb00 00025800 0003b700 fffb9700 00024f00 0014cb00
PCM 002f18 ffe4a400 001ce000 ffdfef00 00240500 ffdf0600 00292600 ffd6ab00 0015cf00
PCM 002f20 ffe5c500 0011f800 ffeaca00 00085f00 fff22a00 0012ac00 ffebbe00 00068e00
PCM 002f28 fff7bd00 ffff2400 fffbb100 ffe67f00 00194700 ffcdfd00 00311b00 ffaef000
PCM fa0cd00 005dae00 ffcede00 0031d5c00 0037c000 ffa37f00
PCM 002f48 00589a00 ff9b5f00 00652700 ff94cf00 00652500 ff960a00 00627900 ff9c4400
PCM 002f50 005ff600 ffb14300 004b8400 ffb65500 00479300 ffaa2b00 00590600 ff99e100
P 00666f00 ff905200 006f0f00 ffa56400 005b4d00 ffae3000 00519e00 47e00 ffac7400
PCM 002f68 0053be00 ff911900 00706b00 ff80bb00 000 008fa900 ff771f00 00875100 ff657600 0096b100 ff6c0c00
PCM 002f80 00923000 ff636f00 009a1500 ff5dd600 009d8900 ff6b9700 00963500 ff81b300
PCM 002f88 00817500 ff7b9700 0085d200 ff85bc00 00779600 ff702f00 008d6400 ff5f7400
PCM 002f90 00a19000 ff66ba00 0098e000 ff6f9e00 008fe400 ff6c7f00 00958100 ff7bf400
PCM 002f98 00819f00 ff7f6e00 0080d400 ff79b200 0081db00 ff96aa00 0069c700 ff990a00
PCM 002fa0 00649400 ff968100 0068b400 ff942b00 00680600 ff80a800 007e4600 ff820500
PCM 002fa8 007af500 ff8aef00 00725300 ff8fa000 00714e00 ff9ca800 00646c00 ff96d400
PCM 002fb0 00668d00 ff9e4b00 005ce500 ffa54d00 0059c800 ffa7db00 00543100 ff9d7700
PCM 002fb8 005bb800 ffa45d00 00570000 ff7e3100 007fb500 ff7e8200 007f2d00 ff999000
PCM 002fc0 00649400 ff99ff00 0065fe00 ff9b9200 00611b00 ffae0c00 0050dc00 ff9af600
PCM 002fc8 0061f700 ff79aa00 0081da00 ff790a00 00810800 ff66d000 00966a00 ff77a800
PCM 002fd0 00872600 ff6fc800 008ba100 ff6ae600 00969a00 ff61ba00 009dc600 ff75b300
PCM 002fd8 008b5d00 ff82f700 007d6400 ff819d00 007c5200 ff774400 0083d900 ff945b00
PCM 002fe0 006b1000 ffaef900 0050c600 ffa42d00 00590b00 ff985600 00629300 ffb23a00
PCM 002fe8 00491000 ffb5f000 0046af00 ffa4ed00 005a2000 ff9cab00 00642f00 ff8d6e00
PCM 002ff0 006de600 ff9a5700 0061cc00 ff988900 0060b000 ffba2500 0043d500 ffc08f00
PCM 002ff8 00399f00 ffbdc000 003a1500 ffa63900 0058a500 ff0 ff99f600 00642c00 ffacf400 0056b300 ffb1b800 004c9400 ffb2d600713400 ff7df200 00809000 ff9c6300
PCM 003010 00637b00 ffb4df00 0049c600 ff94e800 006c0d00 ff8b800 00660900 ffa61200 00586700 ffb05b00 004d9a00 ffa76900
PCM 00030 004bfb00 ffade500 004d0400 ffa64c00 0059dc00 ffa3f900 00599a3040 00320a00 ffd02900 002f1f00 ffd6c900 00239400 ffd08200 002e0200 ffcd8a00
PCM 003048 00353a00 ffd6bd00 0027aa00 ffcaf600 003bab00 ffc26b00 00393300 ffc83e00
PCM 003050 00352300 ffca5100 00367d00 ffaf0800 004d4500 ffaee300 0051bb00 ff93a400
PCM 003058 006bf700 ffb48200 00480600 ffe42800 001c2100 ffdd0800 001f5e00 ffe84800
PCM 003060 00130600 fffde500 00002900 ffebb900 00117600 ffe79c00 00148400 ffe67d00
PCM 003068 00139e00 ffe88400 0018bf00 ffd56e00 002cd300 ffda3f00 0022b100 fff77800
PCM 003070 0004cb00 fff6f900 00008b00 ffe91600 0013f500 ffdbe900 00209900 ffe74e00
PCM 003078 000f3800 fff2d500 00097600 ffd8f300 00210000 ffc7a600 003a2600 ffd6f200
PCM 003080 0028b400 ffca4000 002fab00 ffbc4800 0040ab00 ffb29a00 004ae300 ffdccb00
PCM 003088 00240a00 ffd9d600 00239600 ffd33400 002a6500 ffe9b800 00156c00 fff95600
PCM 003090 00046d00 0007bb00 fff47300 000a6400 fff82e00 fff5ff00 0008f800 ffd33a00
PCM 003098 002e6500 ffcedc00 002cf200 ffcb5600 00315200 ffeecb00 00102500 fff76000
PCM 0030a0 0005cc00 ffed9d00 000b6800 ffe4bd00 001ae400 fff7fc00 0008f700 00068f00
PCM 0030a8 fff68100 00057800 fff6a700 fffffd00 fffe3400 0000bd00 fffa6f00 000c5700
PCM 0030b0 ffeff800 00126000 ffe6bd00 002d8b00 ffcde300 0035f100 ffc8ff00 00429500
PCM 0030b8 ffb9d600 00372300 ffc4fb00 00296e00 ffd56400 00378700 ffc59100 00469b00
PCM 00200 ffd62100 001eaa00
PCM 0030c8 ffd8f900 00240e00 ffd99600 00236900 ffdad300 00597600 ffa25c00 005ba600
PCM 0030d0 ffa43300 004c8e00 ffae2e00 00436700 ffb63e6c00 000b9300 fff01700 ffe6b600 00 004f2a00 ffad5b00 00539000
PCM 0030f0 ffa65400 003d2700 ffbf5200 002e7900 ffcd6b00 003d4a00 ffbd8000 004b2b00
PCM 0030f8 ffb25400 00340500 ffc86300 00196400 ffe06600 fffb1f00 0004fc00 fefb8600
PCM 003100 01078200 fee4bd00 011ac500 00461d00 ffb17800 0e000 001c1500 0040c100
PCM 003110 ffbae200 00c75300 ff32a400 00d26900 ff291800 0072b800 ff8afd00 00259e00
PCM 003118 ffd82f00 ffec0800 00119a00 0000f800 ffffbd00 004f9f00 ffadc400 00a90000
PCM 003120 ff519c00 00aa0b00 ff544d00 00509900 ffae4900 000cb100 fff2a500 00203400
PCM 003128 ffde3a00 00669000 ff96ec00 00b59900 ff472b00 00b90100 ff430600 00480900
PCM 003130 ffb30700 00075c00 fff9e100 ffef7500 000e6400 003a0900 ffc12500 007bab00
PCM 003138 ff7ffe00 0079dc00 ff85af00 0028c300 ffd57500 ffef6f00 0010a100 00137900
PCM 003140 ffe9aa00 003ca000 ffbf9500 007ce500 ff7f7c00 00886e00 ff740900 00556f00
PCM 003148 ffa79600 003abf00 ffc9f300 00339d00 ffcae500 0064bc00 ff96e900 00691b00
PCM 003150 ff912700 0040f900 ffbf6600 001fa300 ffdf8a00 fffb7600 ffff7d00 00290700
PCM 003158 ffd55600 00493100 ffb44300 0036b500 ffc60c00 00179800 ffe9f700 ffe7b200
PCM 003160 00180a00 ffef0d00 000cf300 0024b100 ffda6e00 0029b900 ffd3d700 0021de00
PCM 003168 ffd8ff00 00176500 ffe7c100 fffee600 fffd3000 ffed2f00 0010b900 ffe79500
PCM 003170 00182600 ffd3d600 002aa300 ffe22900 001cfd00 00016400 ffff0500 00130c00
PCM 003178 ffeba300 00018300 ffffd400 ffdcbb00 001f4500 ffca2100 00321d00 ffd3c400
PCM 003180 0029f300 fff9d000 0002a400 00177b00 f00 fffbba00 fffd0000 00007e00 0002b000 fffd6100 0013ce00
PCM 0000 ffcefc00 00331800 ffc5f900
PCM 003198 003b8a00 ffbd8a00 004000570100 ffb38400 0047d400 ffb9ca00 0044e000 ffc2cf00
PCM 0031bfbf0c00
PCM 0031c0 0041c900 ffc03e00 003f5800 ffad6c00 00510400 ff9d1900 0061a600 ffa1ee00
PCM 0031c8 005c5e00 ffa23e00 005aa700 ffad2a00 0051bf00 ffd9fc00 00216400 ffe72800
PCM 0031d0 0019f000 ffbc2300 00424100 ffb5c200 004aaf00 ffc0ec00 00413d00 ffad8200
PCM 0031d8 004ea900 ffb0ab00 004dde00 ffb4b600 004b9900 ffbc4900 0041b200 ffca2e00
PCM 0031e0 00384900 ffd7b800 0028dd00 fb6c00
PCM 0031f0 009bb800 ff715000 0090b700 ff7ef200 0081be00 fba200 ff631900
PCM 003200 009ec200 ff678d00 009d9000 ff6abd00 08 00a58300 ff6b7000 0093e000 ff6e2500 00922c00 ff7eea00 0081bf00 ff6adc00
PCM 003210 0093ca00 fd800 006b9d00 ff9f5900
PCM 003218 0060ec00 ff87bb00 00789000 ff8e7300 00733400 ff9b6200 00666400 ff9c6900
PCM 003220 00611d00 00 007ef800 ff734f00 008a5b00 ff8e3000 00712f00 ff8d7200
PCM 008e1a00 00712800 ff944000
PCM 003230 006f8600 ff766a00 00870800 ffb46500 00452600 ffbb4700 00431000 ffab3000
PCM 003248 0055c600d08c00 ff3bf800 00c3df00 fffecc00 fffc6900 005b5100
PCM 003250 ffa06000 001f5100 ffda9000 ffc3fc00 00384800 ff8ef700 006fa600 ffbdda00
PCM 003258 0044f000 ffc95b00 00374700 ff91b500 0071bc0fd0cf00 002b0e00 ffea4f00 00145500 ffb9df00 00454a00 ff919500
PCM 003268 006b1100 ff993800 00610 ff7d2b00
PCM 003270 0080d300 ff7b3500 0087ee00 ff97fd00 0067ca6ae00 00594200 ffb41600
PCM 003288 004dd200 ffb6dc00 00488300 ffa5a500 00555900 ff558f00
PCM 003298 00a94c00 ff9a2100 0063890ff3ad00 00222100
PCM 0032a8 ffd83000 fffc1800 00051400 ffb2da000032b0 00085400 fff62200 00069800 ffff4d00 fff81000 fff43e00 000b00 0041c900 ffcc8a00 00363400 fff5e900 00087d00 0008e300
PCM 0032c0 fff22800 0008e800 fffa2b00 000f4400 fff01e00 fffa6c00 00035100 fff12600
PCM 0032c8 000b2200 fffe7c00 fffdb800 00059700 fff62b00 fff57100 00072300 ffcdc300
PCM 0032d0 00315100 ffb74600 00480700 ffcf4f00 0028e000 ffffad00 fffea400 000f7c00
PCM 0032d8 ffeed500 001d4200 ffe00500 00197f00 ffe01e00 fffd1100 00040e00 fffd3100
PCM 0032e0 00030200 fff94100 0002f500 00173500 ffe34e00 000aed00 fff58900 00140500
PCM 0032e8 ffe8a100 001b3400 ffdde400 00257d00 ffda3700 00264000 ffd66000 00220800
PCM 0032f0 ffda6900 fffa3c00 00027d00 ffe04f00 001d3200 fffbd400 0003a200 fffde900
PCM 0032f8 ffffaa00 00117900 ffec1f00 001d1300 ffe30d00 000dd500 ffeb9c00 ffeffe00
PCM 003300 000cb800 00089500 fff68f00 00204800 ffdccd00 00131300 ffe93300 000eb700
PCM 003308 ffef9300 000e4500 fff0bd00 000c1500 fff0fc00 002faa00 ffcee500 0034a200
PCM 003310 ffc95100 0032e700 ffca4200 0033e700 ffc81300 0054d400 ffabdb00 0054cb00
PCM 003318 ffab7300 004d7200 ffb2e600 003f1200 ffbe3400 00334c00 ffcb3400ffe81300 001c7e00 ffe11e00 00273e00 ffd44c00 00202700
PCM 00332300 ffe2e000 0014e700
PCM 003330 ffe9ba00 000ec100 ffee0e00 000 ffd30800 002cbc00 0030aa00
PCM 003340 ffcbe500 00317800 ffc99600 00309d00 ffd0fc00 ffe42d00 001ccb00 ffc5d600
PCM 003348 00376d00 002b7900 ffd08100 0059db00 ffa52c00 00320b00 ffc8d400 0010c ffef6900 ffecb700 00112500 002000 ffeb3c00 0010a200 ffe4f200
PCM 003368 001a1700 ffd66500 002b ffdb8700 0025c200 ffdd9b00
PCM 003370 001da500 fff6a000 000a7900 00058200 fff9a500 0001a500 ffff8a00 fffb1400
PCM 003378 00037600 0002fe00 fffc0400 00053900 fff5f600 00015200 fffdf800 fffadb00
PCM 003380 00001b00 0004c900 fffb1900 fffc4c00 0005c300 fffb8300 00020300 0014ed00
PCM 003388 ffe98f00 0009ca00 fff4b200 00069000 fff6f400 fffad100 00058f00 ffffa900
PCM 003390 00001900 0004e800 fff84400 001dc500 ffdeee00 001c4d00 ffe25500 002d4900
PCM 003398 ffd3ac00 002b2700 ffcf2100 0033e300 ffca4d00 0048fc00 ffb7ee00 00303c00
PCM 0033a0 ffcd6000 002a6000 ffd0ce00 0029ba00 ffd46f00 00335e00 ffc8a200 00 0041a800 ffbaf300 0026e100 ffd43500 001a6e00 ffe48f00 002129000 004ec300
PCM 0033b8 ffaddd00 00485b00 ffafd100 0048cc00 ffb40200 00622600 ff987300 006c3a00
PCM 0033c0 ff90e200 005ddb00 ff9e8a00 00484100 ffb7bb00 002ce700 ffcbb200 00256f00
PCM 0033c8 ffd63400 00335900 ffc59800 002db300 ffcb7800 00237f00 ffdafb00 00224b00
PCM 0033d0 ffdd3100 00334c00 ffc96100 004f3900 ffb02a00 00433800 ffb6b500 0040a500
PCM 0033d8 ffbcd600 002afc00 ffd3bf00 00261300 ffda5e00 0036f500 ffcb00 00380d00 ffbf8400 000fab00 ffe8e400 fffea600 fffafe00 00084000
PCM 0033e8 fff5ca00 000ded00 ffece900 00258a00 ffd81200 00248500 ffd75a00 0014e800
PCM 0033f0 ffe9e600 00174b00 ffe3f400 00149e00 ffe69900 00263600 ffd84400 000efe00
PCM 0033f8 ffef7600 000f8f00 fff13b00 000b2200 ffef4100 0026a200 ffd9e000 0021f200
PCM 003400 ffde8500 000e8000 ffed8000 fff9e800 00033000 fff35f00 00082200 ffe84f00
PCM 003408 0018cd00 ffe8c600 001b6f00 ffe19800 001bde00 ffd3ee00 002cca00 ffbe7b00
PCM 003410 003d8700 ffb82700 00459000 ffe3b400 001a7d00 ffd0dc00 002e3e00 ffc2da00
PCM 003418 003e0000 ffc5c200 00368200 ffb85d00 0048d300 ffb50d00 0049b300 ffbca500
PCM 003420 0041df00 ffa9ae00 00559700 ffb5de00 004c3800 ffa4c900 0059d500 ff977200
PCM 003428 0067c300 ff84d000 007d0e00 ff932b00 006b3c00 ffabee00 00541d00 ffa25300
PCM 003430 005ff700 ff998f00 00635300 ff9cb100 005d9700 ff9dbd00 00642c00 ff93ed00
PCM 003438 00683b00 ff961800 006cca00 ff8b8300 00750200 ff974000 0067ec00 ffa17300
PCM 003440 005ddd00 ff998600 00674000 ffb26100 004a9700 ffa9ba00ff94e500 006aec00 ffaae000
PCM 003450 00579400 ffa34000 005f6d009a6900 ffb1ee00 004caa00 ff880100 00788800 ff112300 00f22b00 ff68 00ebcc00 ff7baf00 0089bf00 ff88cc00 00776400 ff5bbc00 00a4ea0dd00 ff47f800 00baad00 ff365400
PCM 003478 00cbbf00 ff684000 004fb00 00ccec00 ff4a8f00 00b5e000 ff36c500 00cafa00 ff1dbd00
PCM 003488 00e35800 ff133600 00ea3c00 ff318200 00cf5300 ff28f000 00db5f00 ff0ebd00
PCM 003490 00f7cf00 ff218300 00e28400 ff369800 00ceef00 ff276a00 00d97e00 ff0a9e00
PCM 003498 00f7ed00 ff1b2b00 00eb8600 ff2fcf00 00d42100 ff318e00 00d38400 ff182500
PCM 0034a0 00ea5100 ff078a00 00fca400 ff0f6d00 00efe800 ff45d000 00bc8d00 ff335600
PCM 0034a8 00cb2e004b0 00bd0c00 ff34d800 00c7b800 ff4c8d00 00b5b500 ff4ab100 00b6bfbb3700 ff5d3600
PCM 0034c8 00a2e800 ff762a00 008cea00 ff53bc00  ff457200 00beb300 ff566b00 00aa1b00 ff679200 00979f00 ff5259004e0 00a56400 ff5a3900 00aa8800 ff53a000 00ae5500 ff719900 008d40034e8 008ba600 ff665600 009a3b00 ff5c0000 00a15100 ff42b700 00ba2c00 ff3f0300
PCM 0034f0 00c2d100 ff690e00 00978700 ff886400 00792200 ff77e200 0089c700 ff8ba600
PCM 0034f8 00733900 ffa07f00 005d1c00 ff9cc700 0063bb00 ffa1da00 00628d00 ffa9a000
PCM 003500 0057a800 ff9bb400 0063f200 ff8d2e00 00712900 ff87a700 0077c400 ff7fae00
PCM 003508 00809300 f0067b200 ff95f900
PCM 003510 006c3400 ff8a1d00 00713f00 ff791100a0df00 ff4cf800 00b4b300 ff643000 009c3b00 ff622c00
PCM 003528 00990700 ff7e6c00 0084f100 ff7c5d7100
PCM 003538 00a2e800 ff74de00 008c0600 ff7bd700 00843100 6f100 ffa74100 00576d00 ffbe9a00
PCM 003548 00427f00 ffb6f900 0M 003558 003aeb00 ffe86300 00114700 ffe4de00 00182400 ffecd800 07aa000 ff8dd500 00733100 ffabd800 00511a00 ffc7fc00 00364100 ffcPCM 003570 003e4c00 ffac0a00 004 00257500 fff52800
PCM 003578 00099000 00125900 ffea6200 000391500 000a4000 ffe30e00 00166f00 fff57700
PCM 003590 0009e700 fff1b00 00168f00 ffeaf200 0013cd00 ffdaa200
PCM 0035a0 001ff000 fffa9f00 00010400 fffa4100
PCM 0035b0 00082a00 fff0ce00 000cab00 35b8 000e0000 ffdcb400 0022e100 fff94100 00068800 ffeb0c00 0014a100 fff6ab00
PCM 0035c0 0003860f0d00 fffc0700 00057f00 fff4d000 00179e00 ffe48400 00093900
PCM00
PCM 0035d0 00040000 0007c100 fff7c200 00046900 fff8f700 0004400 00152100 ffea1100 fff9b200 00031500 fff76300 0006bf00 fff6fa035e0 00045a00 ffd9ed00 001f3500 ffecaf00 0010a200 fffa6800 000500 fff3f800 fff27f00
PCM 0035f8 000afe00 fff9ad00 00013f00 0025700 fff11f00 00102600 ffdbba00 0022bb00 0006f400
PCM 003608 fffPCM 003618 ffda4c00 00470900 ffb4e400 00392600 ffc19700 00331a00 ffca0000 00190d00
PCM 003620 f7b600 fff87000 0002e100 fffda900 00005200 000b8d00 fff02700 00003640 000fa500 fffc6500 00026a00 000e9900 ffeafe00 0016cb00 ffe616100
PCM 003650 ffeae500 fffb1400 0001a900 00001a00 ffff0800 00317d00 ffd59900 002abd00 ffc5bd00 00372d00 ffcc5600
PCM 003668 002e1e00 ffdf5400 00204400 ffdcd000 0024cc00 fff22500 000b2400 fff0af00
PCM 003670 000d6900 ffe47300 001ae300 fffbf100 fffcdb00 ffebe800 0010f200 ffe40d00
PCM 003678 00191800 ffdf8400 001b3600 ffe18a00 0018b100 ffca7100 002f2700 ffc29600
PCM 003680 003c8f00 ffc84500 00360900 ffc0c300 003f7700 ffac7600 00534500 ffb45f00
PCM 003688 004a0c00 ffce3e00 002dd300 ffbff800 003f2c00 ffbb7900 00446c00 ffbc4e00
PCM 003690 0042d800 ffc17700 003f3b00 ffa2b200 005bdd00 ff83bd00 007a3000 ff8b4600
PCM 003698 0075d500 ff66d000 00990500 ff585900 00a9f600 ff677f00 00933100 ff8ad600
PCM 0036a0 0076e800 ff7cdc00 007ffd00 ff69e000 0094b800 ff5c7700 00a5b700 ff680d00
PCM 0036a8 009a7400 ff712e00 00910a00 ff58a000 00aa4b00 ff513e00 00ac7300 ff41bc00
PCM 0036b0 00bfeb00 ff4cd400 00b72800 ff55b300 00aae200 ff347d00 00cc1500 ff2df300
PCM 0036b8 00d80500 ff1bca00 00e65000 ff186b00 00e80f00 ff17b500 00e94900 ff296700
PCM 0036c0 00d4d300 ff35f000 00c8ee00 ff24c100 00db0d00 ff080100 00fa4000 ff063100
PCM 0036c8 00f90500 fef7a200 01073b00 feed9a00 0111b200 feebc100 01150b00 feef8300
PCM 0036d0 01141800 ff136600 00efdf00 ff082200 00f67100 ff1a1600 00e8638ba00 00fbb900 ff027700 01008000 feecc500
PCM 0036e8 0114fc00 feda1300 01274c00 fef65600 01052500 ff042d00 00ff2700 fef83200
PCM 0036f0 0109ae00 feecee00 01162b00 fedee800 0122a900 fed97500 01279500 fee76d00
PCM 0036f8 0118fc00 fef30400 010d3b00 fefb2b00 0106af00 feef0e00 0111d400 fee9e400
PCM 003700 01177f00 feec7f00 01163c00 ff12a400 00ec2d00 ff238100 00df0200 ff329900
PCM 00 ff188d00 00eae900 ff1e9600 00dfeb00 ff154c00
PCM 003710 00ebee00 ff055b00 00fd9500 fef65c00 010cdc00 fef6f300 010c6700 feefe300
PCM 003718 0110cc00 fedf7300 011d0f00 fee0a900 011d5b00 fec69f00 013c0700 feacc100
PCM 003720 01581400 fea8d600 015aec00 feb42600 014da900 fecc7e00 0135fd00 fef2fb00
PCM 003728 010d4e00 ff1d6f00 00e4e400 ff133900 00ed7600 ff016d00 00fb0100 fef32700
PCM 003730 01106b00 fee4ce00 011eaf00 fee08600 01209c00 feeb1e00 01189400 feee8400
PCM 003738 0116f000 fefa8e00 01080800 ff191400 00e93400 ff41ec00 00be7600 ff30d800
PCM 003740 00ce5300 ff23fb00 00daf500 ff2ed800 00cfaf00 ff1f9200 00e38400 ff277100
PCM 003748 00dd7300 ff097f00 00fa7500 ff080400 00fa8600 ff2c9d00 00d51500 ff38d200
PCM 003750 00c68f00 ff2ad800 00d88700 ff336500 00cf6b00 ff397c00 00c87700 ff46b800
PCM 003758 00bac900 ff1f0700 00e0b100 ff04b600 00fd2600 ff0e2000 00f21900 ff314400
PCM 003760 00cda800 ff55ef00 00aac300 ff458300 00b62800 ff55c900 00ae2b00 ff486500
PCM 003768 00b63800 ff3cef00 00c4c100 ff328c00 00cd7500 ff32f800 00cc3800 ff1d8300
PCM 003770 00e2a600 ff0f4c00 00f03700 ff2d2600 00d2b800 ff30f100 00cdae00 ff3f0400
PCM 003778 00c21a00 ff427e00 00be4600 ff2aba00 00d44700 ff33a400 00cca400 ff2dc700
PCM 003780 00d50200 ff1a7200 00ea9800 ff347e00 00ca0000 579500 00ada900 ff467100 00b7d000 ff440100
PCM 003790 00bdb900 0
PCM 0037a0 00b80600 ff516700 00b26100 ff4ad200 00af4800 ff468700 00b9f800 ff4c1a00
PCM 0037a8 00b76d00 ff3a0600 00c1b400 ff30ab00 00d07200 ff19ff00 00e74800 ff1ec700
PCM 0037b0 00e00f00 ff146a00 00ead000 ff053100 00fc6100 ff04c400 00fe7c00 ff06de00
PCM 0037b8 00fde400 ff2c3f00 00d3fd00 ff221100 00df2f00 ff183200 00eeab00 ff106200
PCM 0037c0 00ebf700 ff356100 00ce5800 ff3de80f386700 00c77700 ff446600
PCM 05f00 00bd8e00 ff43dc00 00bd0400 ff5c2f00 00a82600 ff4d4c00
PCM 00
PCM 0037d8 00b36d00 ff4f8b00 00affe00 ff7f6300 00813c00 ff7f1e00 0080a200 ff6df900
PCM 0037e5500 008fe600 ff738f00 008c3e00 ff880400
PCM 0037e8 0077b000 f 006b8f00 ff868c00 0079aa00 ff873300 0074bb00 ff720300 008d4f00 
PCM 003808 0070a100 ff826700 007ca200 ff862d00 00777e00 ff998600 00654200 ffc07400
PCM 003810 003d6e00 ffb7d200 00443c00 ffd3bc00 002af400 ffe38300 001b1100 ffca7700
PCM 003818 00323300 ffc2f900 003b5000 ffb2cc00 004a5900 ffac1900 0052fb00 ffc2e700
PCM 003820 003d8500 ffb8e300 0043bd00 ffb39f00 004afd00 ffb41c00 00488400 ffc85300
PCM 003828 0033f100 ffe01200 001efb00 fff41400 000bbf00 fff04300 00098f00 ffd90600
PCM 003830 0022f600 ffe40600 00151200 fff55000 0004ac00 0003f800 fff40700 fffdc300
PCM 003838 ffff2800 ffdc5500 001e2c00 ffc85500 00373000 ffc32300 003df200 ffda6b00
PCM 003840 00240a00 ffedc300 0011ef00 fffa0500 00030 001b4100 00002200 fff7ad00 fffe11500 0005e500 fff37300 00117900
PCM 003868 ffe93100 002c1e00 ffd0fc00 00397b00 ffc39300 00204f00 ffd92800 fff6b000
PCM 003870 0002df00 ffea2500 000bdf00 ffe60400 00149c00 000ca400 ffeeaf00 00342f00
PCM 003878 ffc89b00 003cb100 ffbc7b00 0056f900 ffa4f100 00454800 ffb6da00 0041ac00
PCM 003880 ffbad200 004f5500 ffacfc00 00379c00 ffc1a200 00398300 54b300 ffa90b00 00610e00 ff9b2c00 0051a600
PCM 003898 ffacd600 004d6500 ffb10c00 005c8000 ffa0e800 00537c00 ffa73c00 003fe600
PCM 0038a0 ffbd2d00 004b2200 ffafa400 00655400 ff99d400 006d4900 ff904200 00856000
PCM 0038a8 ff78d000 008cbd00 ff6ff600 00804c00 ff7d3900 0080d900 ff7a7700 007adb00
PCM 0038b0 ff7ee400 00768b00 ff842500 007e3900 ff7b6200 006b5900 ff8d5200 00581600
PCM 0038b8 ffa2f300 00547e00 ffab0a00 0042cd00 ffb9e000 003ece00 ffbb3d00 0041ef00
PCM 0038c0 ffb70500 00549300 ffa8bc00 005e4f00 ff9d6c00 003eff00 ffbbed00 00355000
PCM 0038c8 ffc75200 0041d900 ffb44a00 00715a00 ff88a900 0077ab00 ff884100 006f2000
PCM 0038d0 ff8d7800 00723000 ff8a1300 0072a800 ff849100 00642b00 ff95d900 00451500
PCM 0038d8 ffb8a600 00458000 ffb07f00 00483700 ffb6da00 0037f000 ffc38a00 00284800
PCM 0038e0 ffd18b00 00307800 ffcced00 00562800 ffa93f00 004f2000 ffaa6e00 004e5e00
PCM 0038e8 ffa87f00 00323900 ffc87500 00104a00 ffe87c00 00066d00 fff43800 00129a00
PCM 0038f0 ffea6500 00141e00 ffe85800 00279c00 ffd3cf00 00369d00 ffc35000 002a0000
PCM 0038f8 ffd0a700 002df100 ffcde200 00175800 ffe33700 0010d000 fff09c00 00146500
PCM 003900 ffe37c00 0027ee00 ffd35f00 0031a000 ffc85500 0041f000 ffbb1d00 003fc800
PCM 003908 ffbb3300 00399400 ffc47b00 000cce00 fff20500 ffee5800 000f3800 00157700
PCM 003910 ffe95b00 00077800 fff49900 00037b00 fffaa700 fff04400 000c7100 ffd76000
PCM 003918 0026cd00 ffcb8200 002dd200 ffb63400 00446M 003928 006ccd00 ff94b200 0069b900 ff839900 00759900 ff8f3c00 006d9500 ff8dd700
PCM 003930 00741b00 ffa22a00 0059cd00 ffc4dd00 00365f00 ffc0af00 003cad00 ffae55700 0055b300 ff8e0600 006db600 ff6fac00 008c6f00 ff68b400
PCM4500 ff7eba00
PCM 003948 0081e700 ff8a0700 00726c00 ff789c00 00831200 ff721400 008fb600 ff6618000 ff60db00 00a05d00 ff533a00 00ae3b00 ff523800
PCM 003958 00aedd00 ff404e00 00c0b800 ff4e3100 00b80000 ff591300 00a78a00 ff604800
PCM 003960 009e0f00 ff685b00 0098b300 ff644a00 0099fc00 ff6fa500 0090d400 ff76a400
PCM 003968 008ced00 ff58d100 00aa4500 ff142900 00e88d00 ff0b9000 00f45b00 ff2a8300
PCM 003970 00d6ca00 ff58e500 00aa2900 ff4f3600 00b07100 ff295200 00d85300 ff2fed00
PCM 003978 00d0c600 ff2ea100 00d1ea00 ff2ed600 00d4c700 ff252500 00dab700 ff321d00
PCM 003980 00d23900 ff458200 00b44800 ff58ae00 00a60d00 ff50fd00 00ada000 ff4c3300
PCM 003988 00b46700 ff47de00 00b91c00 ff4ee700 00b06700 ff36f400 00c7e300 ff1efd00
PCM 003990 00e28900 ff078100 00f553f04f400 00fbb100 ff1c5e00 00e20500 ff2dc200 00ce0b00 ff44c500
PM 0039a0 00b53000 ff488e00 00b4ca00 ff287f00 00d65600 ff0b1900 00f24f00 feffc000
PCM 0039a8 00fc3600 fef1ef00 010d0e00 feeaf600 0117b900 ff009800 01017400 fefb5300
PCM 0039b0 01025200 fef77600 010af400 ff0b3800 00f82600 ff1c2c00 00e29000 ff1a0d00
PCM 0039b8 00dfb900 ff0ef400 00eba700 ff244e00 00da1700 ff2c4900 00d48e00 ff310b00
PCM 0039c0 00c83d00 ff36c300 00cd4200 ff208600 00e1a700 ff009e00 01042000 ff250c00
PCM 0039c8 00d91c00 ff442700 00b62f00 ff402900 00c0af00 ff377500 00c58300 ff4fe800
PCM 0039d0 00a9ac00 ff633400 009dce00 ff45c500 00b69800 ff5a0d00 00a30000 ff538100
PCM 0039d8 00a97a00 ff37cf00 00c5c100 ff37df00 00c8a000 ff580100 00a6b400 ff7ffe00
PCM 0039e0 0080ae00 ff60fb00 009f1500 ff5fcf00 00a03600 ff510000 00a98c00 ff603c00
PCM 0039e8 009ed400 ff6c3700 00910f00 ff788600 0089a100 ff750f00 008c1600 ff754500
PCM 0039f0 00885e00 ff5dde8000 00af9500 ff4ed100 00ae6700 ff44f700
PCM 0039f8 00bca200 ffa79300 ff70a900 00906400 ff9c4800 00627200 ffa1a000
PCM 003a20 95e500 006b3300 ffa32d00 0055cd00 ffb7a300
PCM 003a30 00421b00 ffa73600 004eae00 ffb56600 0047ca00 ffc77f00 0038a600 ffb39000
PCM 003a38 00496000 ffaf0800 004c0300 ff99a000 00673f00 ff7d6c00 007d7f00 ff99ef00
PCM 003a40 0f9ded00 00603b00 ffb6da00 00469100 ffc34f00
PCM 003a48 00347200 ffcc2600 0031fe00 ffcc5a00 002e6800 ffb4d200 00440800 ffc41800100 0026b200 ffc81300 0035b000 ffbdc300 003db900 ffd94800
PCM 004e9500 ffbc6a00 00439a00 ffca1500 00328800 ffd18a00 002b7c00 ffe3ee00
PCM 003a70 0018a700 fff3f100 0004e400 ffff5a00 fffe8f00 ffe57500 0013ee00 ffd88900
PCM 003a78 0020e600 ffe49e00 001b9600 ffe4b200 001a9f00 fff9f900 0006f800 00013700
PCM 003a80 fff94800 0002ac00 fffc8100 000a1600 ffee6500 0010d400 ffebf200 0008c000
PCM 003a88 fff32900 ffe3e700 0018ea00 00084b00 fff20a00 000fb700 fff16d00 00093000
PCM 003a90 fff36300 00015400 fff82200 ffe66900 0018a900 ffeaa100 000ffe00 ffe5c400
PCM 003a98 00170e00 ffec4c00 00142400 ffe8ef00 0012be00 ffe0a200 001c1d00 fff15300
PCM 003aa0 000e6000 fffaad00 00015d00 fffcda00 fffc3500 00038400 fff34000 0014cc00
PCM 003aa8 ffe73a00 0004b200 fff85000 00081e00 fff1f000 00192800 ffe0a900 0026fe00
PCM 003ab0 ffd03d00 00224d00 ffd67a00 00205c00 ffdb1a00 0037dc00 ffc0a800 0025d600
PCM 003ab8 ffd73700 00213200 ffd62200 000dda00 ffee2200 fffe8f00 fff93c00 fff34f00
PCM 003ac0 000c0300 ffe49200 001a2f00 ffebb900 014100 0002b400 fffa5900 fffd9100 ffff3800 000c8400 ffecbe00 0008f00 ffc99a00 00386900
PCM 003ae8 ffbcd400 005f5200 ff9a1800 006f874b00 0068c500 ff8c5b00 006c0900 ff8e1700 007f4900
PCM 003b006600 ff79e800 009ede00
PCM 003b08 ff5af800 00925100 ff631f00 0000
PCM 003b10 ff51df00 00b15900 ff488300 00ca0300 ff311100 00c600 00b53c00 ff44f300 00a71000 ff507a00 009b6f00
PCM 003b20 ff5e2500 00a14300 ff5bb000 00ac3a00 ff517200 00b9d800 ff409400 00c36500
PCM 003b28 ff340100 00aed600 ff4a7e00 009d0100 ff5e3200 00b2e200 ff44dc00 00b13800
PCM 003b30 ff44d700 00a9dd00 ff518300 00a0a400 ff572f00 00aaef00 ff4d7c00 00b3cb00
PCM 003b38 ff472800 00b0a200 ff463200 00a1e400 ff566400 00b07600 ff47dd00 00b28b00
PCM 003b40 ff471b00 008ec100 ff695200 008ac000 ff6ecf00 0077d100 ff838100 00712900
PCM 003b48 ff8cd800 008a5100 ff6f0000 008b8900 ff6eb900 00867500 ff73e200 007d3e00
PCM 003b50 ff7a6000 00911400 ff6cc700 00a9fe00 ff4ddb00 00a89f00 ff510100 00929700
PCM 003b58 ff696700 009f7600 ff5bcf00 00b51100 ff468700 00b23600 ff47a600 00d45400
PCM 003b60 ff25ce00 00dc3300 ff1d5a00 00ca8b00 ff2cd500 00c84500 ff2ee300 00c94400
PCM 003b68 ff2eec00 00b77100 ff413100 00bdaa00 ff3e4b00 00c13300 ff3c1d00 00b12400
PCM 003b70 ff438000 00bf7b00 ff3b7c00 00b52600 ff448800 00c92600 ff2fa700 00b88800
PCM 003b78 ff3f7100 008a1800 ff6f4600 007ac300 ff7ede00 00834200 ff778100 008c9700
PCM 003b80 ff697500 00a40100 ff570400 00991500 ff5fcb00 0079b400 ff7bd600 00666100
PCM 003b88 ff912500 005e8900 ff9a2000 0055ac00 ffa67f00 005fb500 ff9a3b00 0067d700
PCM 003b90 ff901900 007d4600 ff7af000 00899a00 ff764400 00967500 ff643500 007ae700
PCM0 ffdb9800 002de600 ffcc6700 00354800
PCM 003ba8 ffc95900 002b7600 ffd31b00 0036d900 ffc3a600 002f5200 ffcaf100 00201f00
PCM 003bb0 ffd96400 00074f00 fff26100 0007be00 fff24500 00175a00 ffe58600 00212400
PCM 003bb8 ffde3c00 fff89f00 00047d00 fffc6400 fffdb7e00 fffb2900 fffe4b00 000bbd00
PCM 003bc8 ffef5700 00009500 fffdd600 ffe83900 00120f00 fff70500 00020500 ffd5d000
PCM 003b00 0032dd00 ffcf0600 00300000 ffed7500 000e8100 ffdce800
PCM 003be8 001f7700 ffc77900 00387600 9700 ffea6500 00111400 ffb3c900
PCM 003bf8 004ad200 ffb97200 00424800 ffd85200 0025b800 ffd52000 00278b00 ffccf900
PCM 003c00 00328000 ffc3e000 00390600 ffb2ba00 004d3d00 ffb94d00 00421300 ffcfb100
PCM 003c08 0028db00 ffd48900 00264700 ffc8e000 0036a700 ffac6900 00530000 ff91b300
PCM 003c10 006db400 ff977300 00699200 ffb55d00 004a1c00 ffeb3900 00122000 ffeac800
PCM 003c18 0014db00 fffa1900 00056100 ffd7a100 0023c700 ffad2100 00539700 ffb30b00
PCM 003c20 004a7f00 ffbe1e00 00447100 ffcb8700 0032f700 ffbcef00 00434400 ffbaa200
PCM 003c28 00479f00 ffaf5700 004d0e00 ffab5400 00558600 ffc77b00 0033c900 ffca9900
PCM 003c30 00317500 ffbbd300 00451500 ffd4c300 0026f400 ffe4fc00 0016c700 ffed2a00
PCM 003c38 00137a00 ffe64b00 001b9700 ffc79d00 0036fe00 ffc79900 00339e00 ffb33500
PCM 003c40 0044eb00 ffb27900 004c8100 ffafad00 004e6700 ffc5aa00 0035be00 ffc89e00
PCM 003c48 00345e00 ffbeee00 003a2c00 ffc1bd00 003cc000 ffac4900 0054f200 ffd3ab00
PCM 003c50 00265f00 ffee7d00 000e6700 ffe9d700 0013ae00 fff01700 000d8300 ffdff200
PCM 003c58 0020dc00 ffca0100 0031b500 ffbe4700 003f7700 ffaf4c00 004b2600 ffc1e800
PCM 003c60 003abf00 ffcffd0003c80 000c1300 fff47a00 000cb900 ffefd100 000e5800 ffd66e00 002b000
PCM 003c90 00302100 ffd73200 00263a00 ffdc2700 00234e00 ffd700 0021a500 ffdf7d00 001edb00 ffce3100 002e8700 ffe41a00
PCM  ffe40300
PCM 003cb8 00182e00 fff82100 00070b00 ffcc3c00 00314700 ffb87500 00438400 ffa25300
PCM 003cc0 005a7100 ff995900 00641100 ffa56a00 0059ae00 ffb20a00 004a7b00 ff9f1f00
PCM 003cc8 00604500 ffa6f500 005b1400 ffc03d00 003d7600 ffcc0b00 002ee000 ffef8400
PCM 003cd0 00120900 fff2300
PCM 003cd8 001a8c00 ffe4ce00 001ae500 fff76800 00075800 ffe600 ffeff900 000e6700 00045500
PCM 003cf0 fff82100 fff96700 00060 ffe55600 0018ec00 ffde1000 00207f00 ffe06300
PCM 003cf8 001c8400 00056600 fffa9200 00064800 fff8ec00 fff94d00 00052900 ffe97500
PCM 003d00 0011d000 fff34c00 000d0900 00119a00 ffeee600 00289b00 ffd3f000 00340d00
PCM 003d08 ffcc6900 002e8200 ffce0200 00304c00 ffc77400 00312700 ffcea900 0031b000
PCM 003d10 ffc9b500 0 ffb78e00 00576000 ffa98200 00461800
PCM 003d20 ffbafa00 002cd
PCM 003d28 ffeb6500 00209600 ffded700 00385100 ffc66a00 003e40004fa500 ffaccb00 004d5200
PCM 003d48 ffad1500 006d6600 ff8b4b00 00922f00 ff68d900 009a5e00 ff5f1200 00820e00
PCM 003d50 ff79e800 00634e00 ff963a00 004d6d00 ffb19a00 0047cb00 ffb47f00 0064bd00
PCM 003d58 ff97c000 00673000 ff90f700 007a3b00 ff7fc900 0068ce00 ff93e200 005d2b00
PCM 003d60 ffa17200 00818c00 ff7c4900 00882f00 ff723a00 0089d700 ff6f9b00 00952900
PCM 003d68 ff695100  ff86c000 00781700 ff846600 0088d100 ff769a00 00993800
PCM 003d0 00adbe00
PCM 003d88 ff4d2f00 00bdd300 ff39f400 00d8a900 ff1ddff76f900 00736300 ff855f00 008b2d00 ff737400 00960b00
PCM 003da0 ff63ee00 00ab3600 ff522300 00b01a00 ff4f7c00 00ad4e00 ff4bf900 00965500
PCM 003da8 ff61bf00 009ced00 ff5d9e00 00ab4600 ff4a8a00 00bd3400 ff3c6e00 00b28c00
PCM 003db0 ff45f000 00ba3800 ff3e2400 00d17300 ff29d200 00cad800 ff306c00 00ce4a00
PCM 003db8 ff2eca00 00a81a00 ff532000 008b9700 ff6ca400 00997100 ff632300 00847400
PCM 003dc0 ff77b800 00823800 ff78f300 0082d500 ff78fa00 006d6e00 ff8ea200 0056b200
PCM 003dc8 ffa25800 00631400 ff94d800 00876c00 ff710600 0081e500 ff78a600 00941000
PCM 003dd0 ff647d00 009c6500 ff5c7400 008d3000 ff687f00 0097fa00 ff625d00 009c3200
PCM 003dd8 ff59a400 009f7400 ff587600 0099c300 ff610300 00904300 ff690400 0080f900
PCM 003de0 ff7d6200 00638500 ff950b00 0060
PCM 003df0 ff7d8500 0077c700 ff829600 008cf700 ff6dcb00 008fa 006d2100 ff8b1200 00684d00 ff952300 007e8100
PCM 003e08 ff81e16a5e00 ff8e8f00 0059df00 ffa4ea00 004f9b00 ffad9a00 005a5c00
PCe7b100 00038900 fff95d00 00083100
PCM 003e28 fff59e00 ffff9a00 3e30 00090f00 fff24400 000a5300 ffdc8d00 001ecb00 ffdf4200 001e7CM 003e40 000dee00 ffcf6f00 002cf700 ffdb3200 001fab00 ffd97900 01d4700 ffe38200 0016a900 ffdca700 0022ea00 ffcfec00 002d3c00 ffe4300 000e2300 ffe2b900 001d9600 ffe66600
PCM 003e58 00151900 f03e68 fffa3500 fff90500 0003e100 ffd64e00 00292500 fff7a500 00087700 ffeba500
PCM 003e70 0011cb00 ffed3b00 0010d800 00046700 ff00 ffa8b400 00527000 ffa73f00
PCM 003e80 00570200 ff9dde00 00615d00
PCM 003e88 002aa800 ffdc0800 0024c900 ffe1f100 001b6800 ffeb1e00 000f8300 ffe0eb00
PCM 003e90 00195400 ffea5700 00118a00 ffd34300 0026bd00 ffe13300 00193e00 ffdf4700
PCM 003e98 001aa80CM 003ea0 00279100 ffcf5800 002cdc00 ffb74800 0045e700 ffb5a300 ed00 ffe9ad00 00266800 ffd68100 002fe100
PCM 003eb8 ffcc1d00 00 ffcaa900 002eca00 ffd08700 002c2100 ffd17700 00244400
PCM 003e
PCM 003ec8 ffd6c600 0025bb00 ffdadd00 000bfe00 fff2dc00 ffef080fedd00 00029e00 fff07400 000d6600 ffe45700
PCM 003ed8 001acf00 M 003ee8 ffd06a00 00125d00 ffeb9400 fff01300 000b5800 fff5b700 000d7100 000c5000
PCM 003ef0 ffee2100 002d5b00 ffccfc00 001e4d008dc00 0053e400 ffa6f500 005c5900 ff9f2400 00580b00
PCM 003f00 fce00 00001d00 0001ad00 fffb4700 000f9f00 ffed4000 00113700
PCM 00228c00 ffd9ef00 0022c600 ffef8a00
PCM 003f18 000e5200 fffdba00 fffc9000 fffc8700 fffa1d00 fffd7b00 fffe4a00 ffffbd00
PCM 003f20 fffcf300 0008e800 fff5c900 0018c000 ffe6cd00 001cdd00 ffe1a600 00253c00
PCM 003f28 ffdb7c00 00197d00 ffe94900 00277b00 ffd36b00 00210e00 ffda9600 00082700
PCM 003f30 fff50700 fff7bb00 00062100 fff73000 00032600 00186e00 ffe0f800 0023c100
PCM 003f38 ffd9ff00 0038d100 ffc12700 004bae00 ffad8b00 0054ad00 ffa67e00 005d2500
PCM 003f40 ffa32e00 00413000 ffbf5900 00336b00 ffccdf00 00450800 ffb73400 00470e00
PCM 003f48 ffb3fa00 0034d400 ffc8ee00 00469d00 ffb2ec00 005e3f00 ff9f7c00 00538800
PCM 003f50 ffa85f00 00349c00 ffc9a100 0022f300 ffd7d000 0026d700 ffd3f400 00218e00
PCM 003f58 ffdbba00 00255600 ffd7b200 00255000 ffd9b600 002afc00 ffd4b400 004d9d00
PCM 003f60 ffb14800 0048cd00 ffb11a00 002b1600 ffd57d00 002ec400 ffcdf500 00438500
PCM 003f68 ffb56a00 00500000 ffabb400 0056aa00 ffa58a00 006f5200 ff8a9600 004c7a00
PCM 003f70 ffac4100 0045f100 ffb48f00 003cd500 ffc18c00 0035b200 ffc6d700 0041fb00
PCM 003f78 ffbc0500 002c1e00 ffd3de00 00192a00 ffe59f00 001f2700 ffdde100 001dfb00
PCM 003f80 ffde1b00 000d1600 ffec4000 00167100 ffe56a00 000b6400 ffefdc00 0014ad00
PCM 003f88 ffe8fb00 000e8900 ffeb7700 00148800 ffe67000 00237c00 ffdc0000 000c7700
PCM 003f90 fff07f00 00192a00 ffe31a00 00371f00 ffc34800 00442100 ffb77600 004dc000
PCM 003f98 ffaeb900 004ed500 ffacee00 00519800 ffa78e00 005db700 ff9e9500 004df900
PCM 003fa0 ffb05400 00376e00 ffc59f00 00214400 ffdd7f00 00119e00 ffe9f200 001b1700
PCM 003fa8 ffe34f00 00200800 ffdd5400 0029c300 ffce0400 00323500 ffc68300 00475f00
PCM 003fb0 ffb59b00 0058cf00 ff9e2400 00481b00 ffb1a200 00595500 ffa42700 00528500
PCM 003fb8 ffa79a00 0047c700 ffb35500 00385c00 ffc27600 002c6e00 ffd33500 002aa900
PCM 003fc0 ffd1b900 001f6500 ffd91b00 001ef500 ffd70f00 0032d000 ffcbfb00 003fe100
PCM 003fc8 ffbabd00 003d0900 ffc22800 00248700 ffd7ea00 00292f00 ffd2cc00 003c1000
PCM 003fd0 ffc07000 001f4e00 ffd8f700 0036bd00 ffc33b00 0033ce00 ffc4d300 0037f300
PCM 003fd8 ffc54e00 0029e400 ffcf6400 0021c900 ffd90600 004cd500 ffaebd00 004a0a00
PCM 003fe0 ffafe700 0045bc00 ffb73000 0ff11e00 000d7c00 ffee2600 00163600 ffe76700 0024b000
PCM 003ff000 0033e200
PCM 004000 ffcc2900 001ccb00 ffde7f00 00303700 ffcd7700 00234000 ffda5200 0028dc00
PCM 004008 ffd73800 00409800 ffbce900 001c7600 ffe2b600 002a9700 ffd05700 0032d000
PCM 004010 ffc85400 003f2400 ffb93400 005c1b00 ffa0d400 005bf000 ff9e4500 00400300
PCM 004018 ffbb6700 0033bb00 ffca9300 00418700 ffbb0300 0051a900 ffa7ae00 00652e00
PCM 004020 ff933100 005e1900 ff9c4a00 003f1c00 ffbc6000 00385300 ffc27100 0036b600
PCM 004028 ffc70800 004ccf00 ffad3000 004d1200 ffada400 004b6300 ffabcc00 00572d00
PCM 004030 ffa1a200 007739079c00 0083f600 ff795a00 0087e300 ff761900 00816000 ff787700 006e 006d9700 ff8d1100 00560200
PCM 004048 ffa50600 00791d00 ff865f00 00811300 ff7b2200 00867b00 ff750c00 00699900
PCM 004050 ff92a100 00641700 ff99c600 006bf200 ff8e0b00 00617e00 ff9a1800 00681e00
PCM 004058 ff91a500 00695a00 ff8cbb00 0068a200 ff8fc400 005a2000 ffa26a00 004d4d00
PCM 004060 ffaf1700 0040f600 ffbcf100 003e7000 ffbfb200 005f3e00 ff996d00 006daf00
PCM 004068 ff901c00 006d2000 ff8bcd00 0065ac00 ff9a2d00 006fc100 ff887000 00698900
PCM 004070 ff903e00 0062a500 ff9c4400 00400d00 ffc08000 003f4b00 ffc14f00 00689400
PCM 004078 ff949e00 005c9a00 ff9d9200 00519d00 ffab8100 00567900 ffa33400 005ee400
PCM 004080 ff9c5900 004af200 fface600 00546f00 ffa5df00 004b4900 ffb1d700 003f5100
PCM 004088 ffb91200 002cd700 ffcf1500 0023e800 ffddaa00 0017e300 ff
PCM 0040a0 0016ab00 ffe7e500 0013b900 ffc3e600 003a1900 ffb20e0ffe50000 0016f700 ffd90400
PCM 0040b0 00230200 ffd69400 0025570M 0040b8 00228800 ffd4dd00 00284700 ffc54e00 003af400 ffcb1100 00371300 ffe43100
PCM 0040c0 00192f00 ffd4d500 00253a00 ffb75800 00490100 ffb2fd00 004ade00 ffc48d00
PCM 0040c8 0037c500 ffcd73 ffc97200 0035f000 ffb6dd00
PCM 0040d0 00467d00 ff9cfc00 0061350 ffa4ce00 00596b00 ffb22f00 004b8a00 ffbc0600 0042ef00 ffc5c000 ffb23c00 004b8d00 ff958400 00660600 ffa0a500
PCM 0040f0 0061a4ffb0f000
PCM 0040f8 004ffe00 ffa90400 0057a600 ff9d7500 00643d05a7b00 ffa00e00 005d5700 ff829a00
PCM 004108 007b6100 ff7fe000 118 0077ea00 ff791700 0083b200 ff6c0c00 0095c000 ff63cb00 009b4b00 ff63b200
PCM 004120 009fff00 ff772800 0088a300 ff6e8e00 00914200 ff745400 00878800 ff7da800
PCM 004128 0080fd00 ff7b6300 0081a100 ff910500 00707100 ff87d500 007b1400 ff8c6400
PCM 004130 00740300 ff8e6a00 0073f800 ff8dfe00 0072f600 ff952a00 006cac00 ff891900
PCM 004138 00744d00 ff8cc400 00744c00 ffa08600 005c8100 ffa30200 005caf00 ffb5ef00
PCM 004140 00477300 ffd2c700 002a5d00 ffd71e00 00284000 ffc5f700 00376c00 ffb7f000
PCM 004148 0041d300 ffad9200 004ec000 ffa6bf00 00549c00 ffafdc00 0051fc00 ffc8c500
PCM 004150 00321300 ffb0de00 004c1900 ff97c800 0061e700 ff875600 0075ba00 ff7ef100
PCM 004158 007b3a00 ff96aa00 00669400 ff933200 006c9c00 ffa41f00 005a89f998000
PCM 004160 00649f00 ffabf9400 003deb00 ffab3600 0050cf0M 004178 002f5300 ffe4c400 001a5200 ffd4f500 00290100 ffcd8400 0 ffd97a00 0025d100 ffd74b00
PCM 004188 00287600 ffc84900 003543fffbf700 00013f00 fff7de00 0002e000 fffad900 00061000 fffa7000
PCM 0041a0 00062000 ffe23c00 00216400 ffd70a00 00265000 ffecfc00 00116700 0006c400
PCM 0041a8 fff6b900 00213b00 ffdc4000 00282700 ffd44500 0022ef00 ffd88500 000082b00 00019c00 fff98f00 0009bf00
PCM 0041c8 ffef0800 0007be00b500 fff7f100 0006c300 fff35e00 000c2900 fff00c00 000ac900 ffec2 fff5f700 00024800 fff9cc00 00023500 ffe8c200
PCM 0041e0 00164500 ffe7a400 00164500 ffdd8e00 001b7400 ffe12100 001af500 ffd8cd0M 0041e8 0020be00 ffcf3a00 002e2f00 ffd6ea00 0024f700 fff55a00 00 ffcd8600 0031a300 ffd11f00
PCM 0041f8 002de800 ffd65f00 00281900 ffbe2400 00462d00 ffba8f00 00405f00 ffcfaf00
PCM 004200 002b4400 ffd5d600 0025f400 ffdb2e00 00219a00 ffbea300 00395600 ffa1ad00
PCM 004208 005c2800 ff9e6400 00604900 ff9e5c00 0061b000 ffa3d600 005c7d00 ffa50f00
PCM 004210 00562b00 ffb5dd00 0045b600 ffc99600 0034a600 ffc6e400 00354600 ffb43300
PCM 004218 00436400 ffbdf200 003c4900 ffbe2f00 00381200 ffb16c00 004bf900 ff9cba00
PCM 004220 005e7a00 ffa2a600 0061c000 ffba1d00 00485100 ffd3d200 00297700 ffc24d00
PCM 004228 003a0200 ffb42500 0048f800 ffae0c00 004bd700 ffa2d500 005be400 ffa99900
PCM 004230 00567b00 ffa98700 00506800 ffaa0900 0055300000
PCM 004250 000aea00 ffef1500 000b7400 fffd3100 fffc6e00 000f00 0015c700 ffe7ae00 001e7200 ffe0d300 0017f600
PCM 004260 ffe24200 00318300 ffca6100 003a5300 ffc2d600 003ea900 ffbe1600 00316500
PCM 004268 ffcad400 0023a200 ffdb3600 001c5d00 ffdabc00 00fd52500 0047c200 ffb0a500 005b5000
PCM 004280 ffa12f00 004954003d00 00399e00 ffc37600 002d8f00 ffcf6d00 00482c00
PCM 004288 ffe00 ff7a0d00 0088ca00 ff6fb800 00704700
PCM 004290 ff887000 00665500 ff951400 00782d00 ff81f8000677c00 ff942200 00727c00 ff830800 006d3e00 ff8bc100 00551b00
P500 00554900
PCM 0042a8 ffa5bb00 00656300 ff929900 00780e00 ff809600 008e7100 ff6a0600 00a2f300
PCM 0042b0 ff5a0500 00b19e00 ff4a7e00 00a81200 ff51f900 00736600 ff893200 005fc200
PCM 0042b8 ff9d3800 0042f900 ffb97500 003f7b00 ffbe1300 006d4600 ff8d6200 0055e700
PCM 0042c0 ffa7f000 005af000 ff9e5a00 0066d200 ff983300 005b3b00 ff9e5400 005f4700
PCM 0042c8 ff9ccf00 00675000 ff9bf800 00620600 ff9e6900 0078dc00 ff84d900 008e1800
PCM 0042d0 ff71b500 007a6700 ff821a00 006bdb00 ff900300 006d8800 ff8ddc00 005f8e00
PCM 0042d8 ff9ad700 00550400 ffa7fc00 0056be00 ffa1ed00 004e3100 ffa92700 005ceb00
PCM 0042e0 ff9dbd00 006de400 ff8e0600 007e7500 ff7d4800 007bbb00 ff7f0b00 005b7600
PCM 0042e8 ffa09100 00465000 ffb2af00 00479600 ffbc8100 002ca100 ffcef300 0023d700
PCM 0042f0 ffd86b00 002e6e00 ffccee00 003f8900 ffb97400 00413d00 ffb93500 002f0f00
PCM 0042f8 ffce9b00 001f3500 ffdcd900 00434d00 ffb59600 00619000 ff9b6800 0055b500
PCM 004300 ffa74100 00492900 ffb0d000 0032fd00 ffc8c400 0033c300 ffc8de00 0016f700
PC
PCM 004320 00146900 ffc70600 0034ff00 ffc3ba00 003c4400 ffd4440fe00 ffcbbd00
PCM 004328 002d5c00 ffcb5b00 0032c800 ffc0eb00 007100 ffd74b00 00259400 fff6c000
PCM 004338 00080400 0001df00 0000 ffd88900 00252500 ffe93700 0013f900 ffe29000 001a4100 ffc37500
PCM 004348 0037d700 ffa39200 005c3300 ff82aa00 007be900 ff803a4200 ffae5900 0050c200 ffb18000 004bb600 ffccb200 00337a00 ffd4004c4e00 ffc73d00
PCM 004368 003c8600 ffd22b00 002a4800 ffd4f40530600 ffbe4500 003fca00 ffba4200 0042a700 ffc6d200
PCM 004380 b00 00152100 ffda9300
PCM 004390 0026dc00 ffc8f700 00366d00 ffbc8900 ffbecb00 0042e700 ffb00100
PCM 0043a0 004f4400 ff9beb00 0a86f00
PCM 0043a8 00580200 ffacaa00 004f1f00 ffbc0c00 00415300  ffc3fe00 003e5100 ffc56400 0036a900 ffd5af00 00296a00 ffd1eb00
PCM 0043b8 00293400 ffec8500 00 ffee8500
PCM 0043c0 00102500 ffed6500 000c7d00 0011c700 ffec550 002f8c00 ffcd1400 0043d500 ffb74a00 003c5000
PCM 0043d0 ffbea043d8 ffda4900 00304a00 ffccaa00 0040fc00 ffb9e500 003fc700 ffbd9900 0028ea00
PCM 0043e0 ffd16ec00 ffd3b700 0035c100 ffc3c800 003a2200
PCM 0043e8 ffbfeb00 004 ffb49b00 003cf100 ffc4bc00 002e5000 ffd00c00 0042b400 ffbab100 006f4300
PCM 004400 ff8bf400 008c5600 ff702400 0076a900 ff870500 007c2200 ff7f4900 0075cf00
PCM 004408 ff84d200 0086c700 ff740e00 007a7100 ff7db700 004fef00 ffab5a00 004d9400
PCM 004410 ffb45000 0029b500 ffd3ac00 00308e00057f100
PCM 004418 ffa5cf00 005bcd00 ffa28400 003d0b00 ffbf7100 0049eb00 ffb30400 006cbf00
PCM0 006e6500 ff920b00 00627300 ff990a00 004df500
PCM 004428 ffb1a200 ffe0b400 00350b00 ffc0e700 00513500 ffaa8800 003b0400
PCM 0055fe00 ffa5a800 0055ce00 ffa65300 0048e100
PCM 004440 ffb135002f00 003ca900
PCM 004448 ffc0f300 001d3600 ffdd6500 0022ae00 ff5000 0049ca00 ffb49900 00651b00 ff98f500 00781c00
PCM 004460 ffb6600 ff60b100 00971300 ff63bf00 0095f400 ff641e00 00a16b00
PCM 004468 ff57f400 00b13200 ff486e00 00bd2700 ff3fe500 0099ab00 ff7300 008a6e00
PCM 004470 ff729600 00742400 ff870800 00707900 ffff5c8400 009c9100 ff5e4b00 00853200
PCM 004480 ff745800 00a376004488 ff782a00 00830300 ff75c200 00803000 ff76a700 00638c00 ff956700 ff58d600 009e0700
PCM 0044a0 ff5f2100 008d9000 ff6aca00 00fb00 ff215b00 00d55f00 ff236000 00d65200 ff238100 00c95500
PCM f5400 00ce6700 ff2e1900 00cad300 ff2e7b00 00cd1a00
PCM 0044c0 f600 00cbda00
PCM 0044c8 ff2a3b00 00d7ce00 ff202000 00d87300 ff1ff5eac00 00ac5400 ff520b00 00bf5300 ff3af300 00ae5c00 ff4b9f00 0008efa00 ff6a4c00 00934900
PCM 0044f0 ff67b800 00b99300 ff436d0009fc500 ff58d300 009baf00 ff602600 00a0c100
PCM 004500 ff5beb0CM 004508 ff532500 00a08300 ff58ff00 00a30800 ff56ae00 0091fd00 ff6e0200 009c7500
PCM 004510 ff60ad00 0097ea00 ff635000 007a7000 ff7cbd00 007e9900 ff7d1700 009c3300
PCM 004518 ff62b600 00b0ae00 ff481000 00a74c00 ff53c600 0099f500 ff640e00 008c3f00
PCM 004520 ff6eb100 00900600 ff6b5700 00974100 ff61c500 00b10700 ff4cdd00 0090ab00
PCM 004528 ff6d3300 008c6b00 ff708c00 007d4200 ff7f9300 00638200 ff9a6d00 005bd900
PCM 004530 ff9bd100 00660300 ff93f800 005fa400 ff9c6800 005e7900 ff9fad00 0063d000
PCM 004538 ff971a00 005a5f00 ffa10000 005d3a00 ff9c4100 00624500 ff994d00 00773100
PCM 004540 ff815300 00750500 ff849300 006ad800 ff90a700 0054b100 ffa8bf00 003dfa00
PCM 004548 ffbae400 0035ef00 ffc85e00 00523b00 ffa96d00 0053c800 ffa9f200 006e1200
PCM 004550 ff8db400 006f5200 ff8daa00 007fe600 ff7f4900 00956300 ff66c600 0073c700
PCM 004558 ff8c2300 007d3500 ff822c00 007c6c00 ff813000 006efe00 ff8e1100 005bc900
PCM 004560 ff9e3000 00559300 ffa86d00 005ac700 ffa09000 004d9b00 ffac4c00 004d7600
PCM 004568 ffb22f00 00448200 ffb75a00 004f0300 ffaab500 006dfe00 ff8f2c00 006da300
PCM 004570 ff93f800 0067be00 ff94e200 006ffc00 ff890700 00533300 ffaf0200 003f8900
PCM 004578 ffbb8b00 004eca00 ffb0a000 004c5e00 ffb0b600 003a9500 ffbecd00 0030c600
PCM 004580 ffc80e00 0023d600 ffdd0100 00283c00 ffd74800 002a9800 ffd14a00 002d8400
PCM 004588 ffcfc700 00387300 ffc2f600 00374400 ffc53000 0041ac00 ffb8b400 00452e00
PCM 004590 ffba3900 00432300 ffb86d00 002c4800 ffd33b00 0017d200 ffe7fa00 fffeb800
PCM 004598 fffcde00 00160000 ffe68b00 00135f00 ffe6eb00 fff62300 0007f700 fff21d00
PCM 0045a0 000bba00 fff92e00 00069000 fff79f00 00045500 ffff4800 fffca00 ffdb6500 0020f300 ffef1b00 000ae600 0000d300
PCM 0045b0 fffb00 00073000
PCM 0045c0 fff99200 000bea00 fff57c00 00111700 fff08300 00044700 fffa0700 fff15000
PCM 0045c8 000f5e00 ffdd8500 001b7e00 ffd6b200 00230b00 fff05900 000de100 fffd3200
PCM 0045d0 fffbbd00 fff44800 00108500 fff15200 000c6100 ffe69a00 00166c00 ffc74700
PCM 0045d8 0037dd00 ffadec00 004e2900 ffbb6c00 00440f00 ffc8d800 0036c300 ffd4c100
PCM 0045e0 00283500 ffad5f00 004c5e00 ff928600 006b7200 ff960d00 006cef00 ff9c7900
PCM 0045e8 0064ae00 ff8cf000 006aae00 ff83bb00 007b3700 ff8a8500 00754800 ff7f8200
PCM 0045f0 00810500 ff79cc00 0085f400 ff789100 0083f200 ff7e0f00 007f7700 ff932600
PCM 0045f8 006fac00 ffbabd00 00436100 ffaeba00 00558200 ff915a00 00713700 ff9d0e00
PCM 004600 00610000 ff9b0700 005fd900 ffb51d00 0048df00 ffa6e500 00584400 ffa2f900
PCM 004608 00575800 ffa3d000 00585a00 ff88ea00 0074d200 ff7d6200 00827700 ff72a800
PCM 004610 008cd400 ff696600 0097a000 ff5f5800 009f3700 ff5ee600 00a2a500 ff77a000
PCM 004618 0086f300 ff7c2900 00861800 ff734300 008e5300 ff7e7d00 0084b200 ff797b00
PCM 004620 0082f400 ff8bd300 00778900 ff97bc00 00679000 ff96e800 0068e100 ff779300
PCM 004628 00858c00 ff790a00 00886b00 ff87dd00 00733a00 ff79db00 00840e00 ff766400
PCM 004630 0084de00 ff724800 008e3c00 ff6f8500 008ef100 ff68a700 00927700 ff6e6300
PCM 004638 008d8100 ff745d00 008b4c00 ff6a9d00 0093d300 ff614f00 00a18e00 ff6d6100
PCM 004640 0091aa00 ff6eba00 008dba00 ff671400 00987900 ff662d00 00960400 ff588100
PCM 004648 00a8b100 ff72ea00 008d1100 ff8ee000 00708200 ff75f500 008dda00 ff5b8300
PCM 004650 00a00700 ff61b700 009a8900 ff56e400 00aaac00 ff78c900 00824d00 ff826d00
PCM 004658 00789300 ff867f00 ff6b9e00
PCM 004660 00935b00 ff705b00 008dbd00 ff6ab800 85300 0077de00 ff6ce700
PCM 004678 0094bc00 ff50ce00 00ad8f00 f 00868d00 ff5cc600
PCM 004688 00a1c200 ff45e000 00b98d00 ff594a8 00842e00 ff7cba00 007f5500 ff613e00 009e2f00 ff8b3100 00725400 ff900f00
PCM 0046a0 00728b00 ff897f00 0075c000 ff935400 006cab00 ff910e00 006c1a00 ff714300
P900 ff505100 00b0eb00 ff47b800 00b72b00 ff568600
PCM 0046b0 00ab3300 ff667f00 00978e00 ff645b00 0098f300 ff602900 009f1800 ff6a5e00
PCM 0046b8 00946200 ff7bbb00 00840100 ff7aac00 00842f00 ff6bfe00 0094b100 ff96a000
PCM 0046c0 00676900 ffaf0d00 00505d00 ff9fff00 00622c00 ff9b9f00 0063e400 ff9d1a00
PCM 0046c8 0064d000 ff900300 00744400 ff937500 006e2e00 ff915100 00723100 ff6a5400
PCM 0046d0 0097be00 ff7aad00 00835d00 ff96ec00 00642b00 ffa84400 00566200 ffb5c400
PCM 0046d8 004f8300 ffc11100 003d0300 ffb98100 003ef900 ffa5c500 00581000 ff9b4600
PCM 0046e0 0060bd00 ffb5a800 004cac00 ffd4dc00 002b6800 ffc47b00 003f2200 ffa21100
PCM 0046e8 005ca800 ff9e1c00 00616000 ffb78e00 004cdc00 ffc1c400 00397900 ffac0d00
PCM 0046f0 00521e00 ffa8a100 005a1000 ffb8b600 00476200 ffcc9300 0035f600 ff984a00
PCM 0046f8 0066f300 ff840000 007adf00 ffbac200 00449f00 ffcc3500 00327700 ffbc9b00
PCM 004700 0042b300 ffc81500 003dcf00 ffa9d000 00519700 ffa71c00 005a0000 ffae2300
PCM 004708 004fbc00 ff9bb500 00657200 ff988000 006b2100 ff9fc000 005eda00 ff95d400
PCM 004710 006aeb00 ff96cf00 00694500 ffaaad00 0052cb00 ffb46300 004ee100 ffba5e00
PCM 004718 00437c00 ffbfc400 003eb600 ffb5c100 004a0d00 ffabad00 0051a800 ffc62200
PCM 004720 0033c900 ffc7d300 00395100 ffba2500 00460000 ffb2ae00 004ed900 ffadaa00
PC99c200 00656700 ff985800
PCM 004730 0066d700 ffaaf500 00511400 00
PCM 004738 0040fa00 ffb8fc00 0041b400 ffa89800 00510f00 ff95d00 00589a00 ffaed600 004ffa00 ffc4f700 003a8600 ffc91200
PCM 00
PCM 004758 003dda00 ffd3fe00 00271000 ffe73700 00192100 ffd5a024de00 ffd48900 0029fc00 ffd42800
PCM 004770 00266500 ffe4f600 00158400 ffd87a00 00256f00 ffdd4500 0020e900 ffdc5f00
PCM 004778 00203f00 ffe81600 00148800 fffa9400 00039900 ffe17600 001c8800 ffe78000
PCM 004780 00161d00 ffee7600 000f4800 ffd71500 00280100 ffe31100 001a2e00 ffd1f300
PCM 004788 002c2800 ffc47700 0036ba00 ffe50100 0015bd00 fff6fb00 00044000 fffdbe00
PCM 004790 fffe9300 00070c00 fff69000 00010f00 fff6ea00 fff75c00 0001c000 000ca400
PCM 004798 ffeceb00 001b1a00 ffe1bf00 0041dd00 ffbba900 003c9300 ffbdf200 00139e00
PCM 0047a0 ffeb7600 0009a500 ffebec00 0001b200 fffa0b00 fffcd900 ffff4600 fffce600
PCM 0047a8 0001de00 000d9100 ffef1b00 00199d00 ffe41e00 00045c00 fff7b800 fff7b200
PCM 0047b0 00038b00 0004fd00 fff62000 0013d000 ffe46400 0018aa00 ffdf5100 000e7700
PCM 0047b8 ffeb8300 fff15000 000a2a00 ffe5af00 0017f100 fffad600 0005df00 ffff9100
PCM 0047c0 fffc7d00 0008ea00 fffa0d00 00117600 ffe67b00 002ae500 ffd0d900 00575500
PCM 0047c8 ffa50800 00501a00 ffb0ce00 00420400 ffba1500 00314300 ffc8f700 00488d00
PCM 0047d0 ffb38c00 0036b200 ffca8c00 0038ae00 ffc18100 00331900 ffc8cc00 004ab400
PCM 0047d8 ffae7200 004f7200 ffaba300 00316a00 ffc87500 00200f00 ffdc8900 000de900
PCM 0047e0 fff1ee00 00152800 ffe6db00 001e1200 ffdff500 00360900 ffc7d000 00347f00
PCM 0047e8 ffcd9f00 002aed00 ffd3ee00 00343400 ffca8200 0027ff00 ffd4f600 002d4200
PCM 0047f0 ffcd7a00 001f8300 ffdc1200 00222300 ffda7300 002903de300 ffbc9b00 005b4700
PCM 004800 ffa29a00 00593300 ffa41000c62800 002c2100 ffce6800 003eb900 ffbf3400 003bb600 ffbdfd00 000 001f2400 ffed9800 0011bf00 ffe3ef00 0018c800 ffe54900
PCM 0048f800 00327a00 ffce4600 00334e00 ffdcbe00
PCM 004828 0021e100 fffcd0000
PCM 004838 00317800 ffea1300 00154d00 ffe75400 00166700CM 004840 00488d00 ffc32500 003f9300 ffc3c700 003b2f00 ffbba300 0043ef00 ffcfb300
PCM 004848 00303300 ffcf6300 002c8400 ffb05c00 004ed200 ffb8c100 00406200 ffbbe200
PCM 004850 0040d100 ff9fd100 005e2e00 ffa04600 005ae200 ffc4eb00 003d6700 ffb83200
PCM 004858 0045e800 ffc40f00 003aa100 ffc65600 003b9600 ffb2b000 0048e900 ffa8b000
PCM 004860 00533500 ffaa5100 00539000 ff986b00 00671b00 ff927200 006d7200 ff969500
PCM 004868 00632100 ffc5c900 003dde00 ffcac400 0037bf00 ffa07200 005f2b00 ff9de600
PCM 004870 00613200 ff964e00 0068ce00 ffa48100 005bd000 ffacad00 00543800 ffbae100
PCM 004878 0044bc00 ffbb6e00 0043ab00 ffad4400 0051c100 ff9b4300 005f5300 ff8b4100
PCM 004880 0070af00 ff807300 007da200 ff810800 007c4500 ff85f900 007b1600 ff66a000
PCM 004888 00942000 ff914000 006d6100 ff8df600 0070c600 ff779700 00861c00 ff78d200
PCM 004890 0087a600 ff772b00 00887d00 ff68e400 0096c700 ff53cc00 00a92d00 ff527a00
PCM 004898 00ac9900 ff69c700 0095d300 ff61f300 009bfa00 ff4f8500 00ad2800 ff582800
PCM 0048a0 00a2e300 ff520600 00ae8f00 ff41a700 00bd9700 ff48b700 00b92100 ff63a900
PCM 0048a8 00a03500 ff78bc00 00833e00 ff8f6000 006fc900 ff95f200 0064f900 ff95f700
PCM 0048b7800 007fe800 ff7c5400 0083de00 ff6b1a00
PCM 0048b8 0093a800 ff82f200 007e7300 ff870100 00764500 ff852b00 0078b100 ff711400
PCM 0048c0 008c9e00 ff6ceb00 00931e00 ff846b00 0079c300 ff8d9900 0071dd00 ff6a6a00
PCM 0048c8 00984100 ff4e5400 00ae9300 ff69f000 00908700 ff880300 0072cf00 ff9200
PCM 0048d0 0069c200 ff6a3a00 00929500 ff78d100 00835d00 ff804000 007aba00 ff7f2200
PCM 0048d8 007e8b00 ff659300 0096c500 ff686a00 0092d600 ff6de800 008ec700 ff694300
PCM 0048e0 0093f200 ff7b3400 00849e00 ff804100 007ea200 ff6f8800 0090e400 ff683300
PCM 0048e8 0098c500 ff6d1500 00915400 ff63e900 00995a00 ff7a8c00 00803c00 ff835500
PCM 0048f0 00771c00 ff845d00 0076f100 ff7c9300 0082ae00 ff7ef400 00815f00 ff84d200
PCM 0048f8 007c8300 ff8a4d00 0074e700 ff743000 0085f600  ff646d00
PCM 004900 00989100 f00 ff917d00 00698700 ff6f3400 008f6e00 ff709000
PCM 004918 008d1100 ff65a600 0098dc00 ff5f9c00 00a03c00 ff6da800 0095e000 ff752900
PCM 004920 00836600 ffbdbd00 00405800 ffb82400 00435a00 ffa37500 00583500 ff90d300
PCM 004928 0067f600 ff8c5100 006b3e00 ff938700 006b5d00 ff93d400 00686900 ff797c00
PCM 004930 007fff00 ff6dd200 008fb600 ff5d3d00 009f7900 ff6e3100 008e7c00 ff783400
PCM 004938 00833b00 ff92ff00 0069d800 ff9f7e00 005c0900 ffa49500 00584f00 ff988c00
PCM 004940 0065c200 ff8c5d00 006f5200 ffa93b00 00546500 ffbb4c00 003e9500 ffb5c100
PCM 004948 0047c400 ffb00300 004cd000 ffb9d000 00413000 ffb8c300 0043b600 ffbf3a00
PCM 004950 003d8500 ffc5de00 00359000 ffcb1400 00327800 ffd6f800 00281e00 ffdfbf00
PCM 004958 001f6f00 fffaa400 00083400 ffeb4f00 00107b00 ffd59900 00276b00 ffe20500
PCM 004960 0020d400 ffce3a00 00315a00 ffd18100 00311a00 ffc74b00 00360500 ffba6700
PCM 004968 00447a00 ffb3b400 004a6c00 ffb9d400 003e2f00 ffd1ab00 002b4c00 ffd18200
PCM 004970 002c0f00 ffc7ee00 0036b000 ffbca100 0041b400 ffce9b00 002bf900 ffd11b00
PCM 004978 002cf500 ffd10d00 002d8f00 ffde9c00 001c0c00 ffc2a900 0036f800 ffac9c00
PCM 004980 004e4200 ff9af900 005f5900 ffacb900 00509b00 ffd10f00 002c3a00 ffe58b00
PCM 004988 0019ee00 ffd61d00 0024d000 ffe8ed00 0013cb00 ffe2e900 00183d00 ffe93900
PCM 004990 0012f600 fffe9700 fff7a400 000fa300 ffed3900 fffe4800 fffbde00 ffe51900
PCM 004998 0016b900 fffb0900 0002f100 000ee600 ffed9900 0012e900 ffe8a300 0016ca00
PCM 0049a0 ffe4be00 00099b0CM 0049a8 ffe99400 000a2e00 ffef6000 000e7300 ffed6e00
PCM 0049d0 00119100 00214c00 ffdbd800 00200 ffe95c00 00143900 ffe88200 00342100
PCM 0049e0 ffc8bd00 0028b900 ffd32500 00083000 fff24100 ffe7de00 00125000 ffff5b00
PCM 0049e8 fffe9b00 fff94500 00033cff3a800 0006dc00 fff6c700 00070300 000fc900
PCM 0049f0 fff08600 00235f00 ffddd200 0024e500 ffd4b200 002e7900 ffcc2900 0006c500
PCM 0049f8 fff4f100 000e0b00 ffee8100 00187b00 ffddcb00 000c4500 ffefe200 001bca00
PCM 004a00 ffdd7700 002c1800 ffcbd300 00265d00 ffd82e00 0035e700 ffc80900 001c5000
PCM 004a08 ffe3af00 0014b700 ffe9e100 000db100 fff29f00 00143b00 ffe55c00 0042ee00
PCM 004a10 ffb80d00 0064b900 ff976600 006ce500 ff8b3700 00734500 ff871300 006d3500
PCM 004a18 ff8bd400 0047e100 ffadec00 0054e300 ffaa3a00 004a7600 ffae1400 005b3800
PCM 004a20 ff9bb200 00622500 ff99ea00 0050a000 ffa9c800 0056e600 ffa53f00 00464100
PCM 004a28 ffb3b900 00334600 ffc59900 003dcf00 ffbafe00 0041bd00 ffb46f00 00396400
PCM 004a30 ffc40300 002c3a00 ffcf1100 00441100 ffb5a600 002cbf00 ffce4a00 00324100
PCM 004a38 ffc78f00 0036a800 ffc0f900 001d7800 ffdc5200 001d3e0ffeb5a00 000ad100 fff26a00 00123100 ffec5400 00240000
PCM 004a40 ffd19a00 0013b300 ffe8b300 00038900 fff97200 ffeaca00
PCM 004a50 00119b00 ffe79f00 00146400 00046c00 fff54d00 fff4f300 0004ad00 fff74c00
PCM 004a58 00010900 fff26700 0004bd00 00065000 fff6ce1700 002da000 fff00a00 000e7a00 ffe06600
PCM 004a68 001f0c00 ee900 00023800 fff8be00 fff36800 0006bc00 ffdb1400 001dd400 ffd02600
PCM 004a78 002db000 ffea34M 004a80 0017ee00 ffcac900 00306200 ffda1700 0020ec00 00009700 f00 fff77d00 00023d00 ffe4c500 00180200 ffd39500 002c0000 ffcc6d00
PCM 004a90 002f5900 ffccc900 002f7700 ffe84300 00127100 ffea8f00 00146b00 ffd4ee00
PCM 004a98 0024b900 ffd11700 00312b00 ffe0d200 0023d300 ffc54300 0037f600 ffbd8e00
PCM 004aa0 003fdf00 ffcad300 00329100 ffa98d00 00509f81aa00 00792300 ff744a00
PCM 00500 ff840a00 007b3d00 ff6f1900 008d5800 ff761400 008b7200 ff75f4f705b00
PCM 004ac0 0091ac00 ff73c900 008b2600 ff6f5000 008f0100 ff67e200 0096ff00 ff5a0e00
PCM 004ac8 00a2e400 ff4f0a00 00ae95ff5da800 00a2fd00 ff73fb00 008de400 ff8c2600 00713200 ff8fd700
PCM 004ad8 006c0500 ff82b200 00766700 ff8db200 00736400 ff7c2500 00836800 ff5aad00
PCM 004ae0 00a6a200 ff5ddf00 00a15100 ff59a200 00a20300 ff6b2800 00922d00 ff797100
PCM 004ae8 00872b00 ff6d1300 00911800 ff6e5900 00916c00 ff799000 0086ea00 ff7a5700
PCM 004af0 00851100 ff660300 00982400 ff63b000 009d1900 ff6d4400 00962900 ff5a5200
PCM 004af8 00a1ce00 ff6ce000 0090d200 ff8ee000 004b08 00a76200 ff402300 00be5300 ff607900 00990900 ff6a2c00 00968b00 ff4b8d00
PCM 004b10 00b4af00 ff647300 009ccc00 ff66ba00 00983700 ff4d6f00 00b30800 ff4e9900
PCM 004b18 00af6100 ff55e600 00a9fe00 ff5eeb00 00a14500 ff514700 00b16a00 ff3a6b00
PCM 004b20 00c70c00 ff4c9000 00b15500 ff49fc00 00b37800 ff59e600 00a70a00 ff6e8400
PCM 004b28 00938400 ff823200 007d8300 ff701300 00911300 ff742100 008de300 ff80c600
PCM 004b30 007aea00 ff68ed00 00946000 ff783700 00826700 ff8cc900 00712b00 ffa5e700
PCM 004b38 00587c00 ff9b0900 00618700 ffa4b000 0059d500 ffad2400 004e5c00 ffab2000
PCM 004b40 004f2d00 ffa3df00 005c2b00 ffbf4900 003d2100 ffae3c00 004cfb00 ffa57900
PCM 004b48 00597b00 ffad1b00 004e5d00 ff9f9500 005d6700 ffad1500 004e6900 ffb71900
PCM 004b50 00459300 ffb78700 0041e500 ffb4f200 00476a00 ffaeed00 004f2d00 ffcde200
PCM 004b58 0032cf00 ffca5700 00349900 ffcab300 002e2600 ffef3000 000cab00 fff63e00
PCM 004b60 00040900 fffbcb00 0001b100 0000b200 fffca600 00037100 fffa4200 fff1f800
PCM 004b68 0007e700 000b9d00 fff12d00 00157700 ffe5fc00 0010bb00 ffe97200 fff2b000
PCM 004b70 000aa300 ffe83f00 000e4c00 00038700 fff77400 00206e00 ffd8cc00 001d0b00
PCM 004b78 ffdb1600 0031d400 ffc7ca00 003d9400 ffc27c00 00295700 ffd22400 002f6d00
PCM 004b80 ffcac000 004b0200 ffb3ab00 0053de00 ffa61c00 00872e00 ff751900 00966200
PCM 004b88 ff644a00 00787b00 ff82eb00 005e7900 ff9d9200 004f1600 ffac4d00 0064f500
PCM 004b90 ff9b8f00 005d3a00 ff9daa00 005d4300 ff9a4a00 00786300 ff80e800 007fdb00
PCM 004b98 ff77ff00 00792000 ff829f00 0097d200 ff647b00 00b72600 ff428f00 00b7f900
PCM 004ba0 ff422800 00bbdc00 ff3cec00 00b65700 ff401e00 00af0500 ff49e500 00d54c00
PCM 004ba8 ff224f00 00c75700 ff2d4e00 00cff600 ff27b000 00d76e00 ff265a00 00c8af00
PCM 004bb0 ff31e400 00c78000 ff30b100 00e53c00 ff145e00 00f35300 feffc900 00f6be00
PCM 004bb8 ff056d00 00e1b900 ff13a100 00e22d00 ff188600 00ef2500 ff074100 00e22800
PCM 004bc0 ff158200 00fc8a00 fefcc200 00f60200 ff041900 00d7bb00 ff24b300 00e13c00
PCM 004bc8 ff165f00 01060d00 fef35100 0119a400 fede2e00 00fc9a00 feff0b2a00 00f33900 ff038f00 00e90100
PCM 004bd8 ff0cfa00 00ec2c00  ff572800 00a17900 ff5a3b00 0091c200 ff68ba00 007aa600 ff802300 9c4300 00642300
PCM 004c00 ff96c200 003e2800 ffbf2800 001d2900 ffc76100 000f5c00 ffe8f000 002e4f00 ffd06b00 003e4000
PCM 004c1b41e00 00312200
PCM 004c18 ffca4400 0020da00 ffdcaf00 000c1a00 04c20 fff96500 ffe87800 0015f900 ffe3fa00 001a4100 ffd55d00 0027500 0038f300 ffa5c700
PCM 004c30 00583200 ff959200 0064a000 ff9a000 ff94eb00 0066d700 ff9b2a00 00631f00 ff959900 00672d00 ffa35100
PCM 004c40 00584800 ff9aa90a00 00801a00 ff5a0700 00a39300 f63700 ff4b8500 00b67200 ff29d900 00d75c00 ff2fb000
PCM 004c60 00cd3200 ff508c00 00b0e900 ff672b00 0097e400 ff773900 008a2100 ff1c00 ff313900 00d03c00 ff354f00 00c8f700 ff509700
PCM 004c70 00b11100 ff5a5900 00a29600 ff59c600 00a56600 ff63bf00 00962a00 ff8a0b00
PCM 004c78 0075f200 ff8f0b00 006beb00 ff8f9f00 00706400 ffa39b00 005a0f00 ffab1500
PCM 004c80 00542500 ff94b300 0069e800 ff824a00 007a4f00 ff573800 00a52600 ff567c00
PCM 004c88 00a8b600 ff58c200 00a60300 ff685f00 00969500 ff7a8700 00806b00 ff6a5c00
PCM 004c90 00948900 ff3c6400 00 ff4e3a00 00b0af00 ff5c7300
PCM 004ca0 00a2be00 ff648e00 009d00ab9000 ff527c00 00aa1600 ff217b00 00dc3300 ff0bc800 00f51300 ff3f0b00
PCM 004cb8 00bf7700 ff3f5900 00c09e00 ff404800 00bd5e00 ff41ab00 00be4800 ff24af00
PCM 004cc0 00e03000 ff3d7900 00becd00 ff5ce700 00a0a400 ff501300 00add500 ff0e9200
PCM 004cc8 00ecb500 ff1f8f00 00e12300 ff266400 00d3c100 ff310000 00cad600 ff2a6f00
PCM 004cd0 00d72a00 ff30c600 00cf4800 ff200d00 00dfee00 ff373e00 00c70600 ff3a3b00
PCM 004cd8 00c1c600 ff32bd00 00cae400 ff4d4800 00b22a00 ff4cba00 00b20e00 ff3da100
PCM 004ce0 00c22b00 ff315000 00ceda00 ff2f2c00 00d20f00 ff2f2a00 00cfad00 ff3eac00
PCM 004ce8 00bd5500 ff4dc700 00afc800 ff403100 00bf9100 ff26fd00 00dba200 ff110700
PCM 004cf0 00f53400 ff237e00 00dbce00 ff2e91bdb00
PCM 004d00 00e41f00 ff2a4500 00d47d00 ff33c000 00c9a500 0 ff4f3e00 00ad7600 ff499900 00b47100 ff2c2200 00d08600 ff04e500
PCM 004d10 00fe0800 ff0b4b00 00f3b400 ff0f5d00 00ef2800 ff2b8500 00d23d00 ff205500
PCM 004d18dca700 ff13b600 00ea2b00 ff35e000 00c7e000 ff3a2b00 00c32100 ff481a00
PCM 004d20 00b82400 ff3f2500 00c0b500 ff2a6300 00d6a400 ff2dcf00 00d4fa00 ff2ef100
PCM 0 ff21b700 00ddcb00 ff1f4a00 00e1c100 ff19b900 00e98500 ff2eda00
PCM 004d30 00d17900 ff43cb00 00bd1500 ff555a00 00ab5400 ff581300 00a60e00 ff554900
PCM 004d38 00a99f00 ff550800 00ae6000 ff43a700 00bb7000 ff3d4800 00c28a00 ff2ba300
PCM 004d40 00d32a00 ff241300 00da4800 ff33c300 00cce000 ff385700 00c93c00 ff232000
PCM 004d48 00d8ce00 ff126100 00edf900 ff0ecd00 00f3ca00 ff15f400 00e6e500 fef16000
PCM 004d50 010b9d300 00f34300 ff18ed00 00e8c200 ff0f5c00
PCM 004d60 00f13c00 f 004d70 012bb000 fec38e00 013dd200 febda800 0143bc00 fed32000 012dac00 fed76600
PCM 004d78 0127b400 fee17b00 01192900 feec2500 0114ed00 ff00fd00 00fe7a00 ff119d00
PCM 004d80 00ecf900 ff433f00 00baa900 ff28b600 00d59a00 ff075b00 00fb4d00 ff029200
PCM 004d88 00f98300 ff061200 00f78800 fefe3e00 00fc9200 ff195200 00e38700 ff208c00
PCM 004d90 00dcd200 ff15fd00 00e9d000 ff18b600 00e7a900 fefdad00 00ffce00 ff167700
PCM 004d98 00eaba00 ff281100 00d96900 ff14d600 00edb200 ff096e00 00f67f00 ff15fb00
PCM 004da0 00eb7600 fee5d900 01183800 fedcdc00 01213300 fecbe400 01342400 feea1b00
PCM 004da8 0117a900 ff1d2600 00dfca00 ff0a1400 00f62500 ff1ae200 00e1e600 ff30d100
PCM 004db0 00cdbb00 ff21bc00 00e2dc00 ff3b1e00 00c69f00 ff20c400 00dae000 ff252800
PCM 004db8 00dc8000 ff521800 00af0c00 ff5a1100 00a3f300 ff57b800 00a78300 ff587900
PCM 004dc0 00a77800 ff691300 00991200 ff53de00 00ac3400 ff390a00 00c3b200 ff594a00
PCM 00400 006a2f00 ff884d00 0079d900 ffa27f00
PCM 004df0 00579300 ffbd100 00483600 ffac5c00 00508100 ffa85600
PCM 004df8 0053b900 ffa22a00 005cde00 ffa43600 0059f800 ff738a00 00867f00 ff929d00
PCM 004e00 006c0b00 ffb9e400 0044d300 ffc4bd00 0036ad00 ffd50300 00283000 ffbd7900
PCM 004e08 00434100 ffc2e900 0036ea00 ffe6ec00 0014ac00 fff66400 0006ba00 fffd4700
PCM 004e10 ffff1600 fffeb500 00003000 0008a300 fff89800 ffe51c00 00184500 ffc40c00
PCM 004e18 003aec00 ffcb3000 00308100 ffc0eb00 003b5800 ffc38300 00380b00 ffe58800
PCM 004e20 00145500 0004d900 fff86b00 fff91500 0004b900 fff66500 000b5a00 fff15000
PCM 004e28 000cb900 000ae700 fff87700 00125c00 ffece400 00068700 fff21a00 00088700
PCM 004e30 fff2a800 00060400 fff84000 fff74d00 00073d00 fff77200 00059c00 fff97a00
PCM 004e38 00003600 fff6bf00 000b7c00 fff10100 00150f00 ffe62500 0009ab00 fff31f00 001f7900 ffe97b00 001a0e00 ffde9700 001acc00
PCM 004e58 ffdff400 004000 00143b00 ffe68b00 00260700 ffd29c00 00249500
PCM 004e60 ff8 ffd71200 000aa200 ffeff500 00242100 ffd58000 004b8600 ffae0900ae00 ff9c5500 00726e00 ff860300 00686700
PCM 004e78 ff8de000 0073d100 ff844500 0071f600 ff862f00 0070c500 ff859500 0080d300
PCM 004e80 ff7da500 005e5d00 ff9bb100 005d0400 ff9ddc00 005e6b00 ff99bd00 00461800
PCM 004e88 ffb3cf00 0033f100 ffc81c00 002a4400 ffcedb00 00490900 ffb3fb00 00617300
PCM 004e90 ff9a9200 0076a000 ff7fb300 00720d00 ff84e700 001100
PCM 004e98 ff8c8100 00814000 ff7dbb00 004f5d00 ffae0a00 0044a600 ffb95100 00420000
PCM 00300
PCM 004ea8 ffbb8d00 0044f800 ffb77400 00452f00 ffb59700 0029e700 ffd4de00 00163400
PCM 004eb0 ffe1e000 0000ff00 fffd5f00 0006fc00 fff70f00 00051b00 fff10f00 00287600
PCM 004eb8 ffd3e500 00488c00 ffb1fc00 00303c00 ffc82f00 00080700 fff3f700 0012a600
PCM 004ec0 ffeb3900 0017bc00 ffe55e00 0019e300 ffe29500 00185500 ffe6b700 000c4c00
PCM 004ec8  001db000 ffdc6d00 00474900 ffb2f300 0046f100
PCM 004ed8 ffb4d9 003bd800 ffbf6100 002dbd00 ffcc3c00 00236f00
PCM 004ee0 ffd72500 002fb300 ffc95800 00312000 ffc83000 00309c00 ffc59200 00594400
PCM 004ee8 ffa3d100 00470c00 ffb21200 00605300 ff990f00 00647d00 ff953000 005aa800
PCM 004ef0 ffa09b00 005b4400 ff9da600 00763900 ff86f800 007e7900 ff801f00 005b9a00
PCM 004ef8 ff9eeb00 006f8b00 ff8a7200 00854900 ff79224f00 ff768000 00a1bb00 ff57b400 00cbb300 ff2df300 00cc0600 ff2d300e0d400 ff184800 009c7300
PCM 004f10 ff59ff00 0083bb00 ff744200 00872500 ff705f00 009d1500 ff612300 00c53d00
PCM 004f18 ff34dc00 00b8a700 ff411b00 00ad5a00 ff50f500 00d2d600 ff2a6d00 00d2de00
PCM 004f20 ff28d100 00c8d400 ff30b800 00c42e00 ff346200 00dfa600 ff1a2500 00c88900
PCM 004f28 ff2f6c00 00cccb00 ff2d6a00 00e39100 ff15c600 00cf5e00 ff2da700 00ceef00
PCM 004f30 ff2b6c00 00e12100 ff1a3000 00d2ff00 ff296c00 00c5b500 ff35b200 00ae6c00
PCM 004f38 ff4d5800 00ad5000 ff4d9700 00a09000 ff594700 009fd800 ff5a9300 00a4ea00
PCM 004f40 ff539f00 00b0df00 ff4ba700 00d04c00 ff272f00 00ca9c00 ff2d0900 00e14100
PCM 004f48 ff19a500 00f0ea00 ff03ca00 00ef0400 ff07d900 00da2b00 ff1f4e00 00cbf600
PCM 004f50 ff2be400 00c83800 ff31e600 00c59b00 ff335700 00c2b500 ff378400 00bc9400
PCM 004f58 ff3bff00 00b6c200 ff42f400 00af1c00 ff47c700 00b36500 ff477d00 00aeaf00
PCM 004f60 ff487700 00a66600 ff4ed400 009f5500 ff5e3400 008e2800 ff6edd00 00979100
PCM 004f68 ff63f300 00ac8b00 ff4ec100 00bd6f00 ff374c00 00d5d500 ff226600 00c8c800
PCM 004f70 ff2f4f00 00b77300 ff434c00 00b19400 ff490f00 00a6f400 ff52b900 0099d800
PCM 004f78 ff610e00 00a9e300 ff4d4000 00c24100 ff394a00 00ae0d00 ff4dac00 009cc500
PCM 004f80 ff5fd800 00a01800 ff5c4300 009a7000 ff5f9200 00816e00 ff753200 00717500
PCM 004f88 ff8a5500 00860900 ff72a100 005b3c00 ff9feb00 00509100 ffa78b00 004d4800
PCM 004f90 ffb12600 00632e00 ff988600 007a4c00 ff7aff00 0072fa00 ff896100 0067e100
PCM 004f98 ff94f000 007b1f00 ff84b800 005b0000 ff9ec900 00442700 ffb62100 0046c300
PCM 004fa0 ffb94100 00571500 ffa41c00 003e6400 ffbe2c00 00313e00 ffc89600 003e0300
PCM 004fa8 ffbc8400 003ab600 ffc3fe00 0033a700 ffc40200 00378f00 ffc64300 00376100
PCM 004fb0 ffc4a400 0036b400 ffc68d00 0043dc00 ffb52700 0047a300 ffb59200 00562c00
PCM 004fb8 ffa7fa00 00462d00 ffb7f700 004aa700 ffac0500 003f9700 ffbc6f00 0037cf00
PCM 004fc0 ffc2a900 002f2200 ffc96b00 0036cc00 ffc32d00 003bf600 ffc0b600 00305b00
PCM 004fc8 ffcbfa00 00185100 ffe30300 fffad000 0002d800 000b7700 ffef5c00 00233000
PCM 004fd0 ffd7f500 001e0200 ffdfa800 00099c00 fff5f700 00028500 fffb1400 00053500 000b1600 fff3c900 ffe6cc00
PCM 004fe0 00184300 f00 ffe1d800 0019b300
PCM 004fe8 ffe34900 0019c400 ffe4c900 00214ff0 ffdab700 00067a00 fff62e00 ffe0b600 001bde00 ffece600 0014b029b300 ffe33c00
PCM 005008 001e3900 fff5e000 000a7b00 00033600f6b800 00071c00 00043a00 fff8ce00 0013a600
PCM 005020 ffec2f00 ad600
PCM 005028 ffd42a00 0044ab00 ffb48300 001bbb00 ffe16900 0124b00 ffe5f900 00245b00
PCM 005040 ffd94b00 003f1b00 ffc09c00 003e6f00 ffbac300 004d2300
PCM 005050 ffb05a00 003ea100 ffbfbb0055800 fffa3d00
PCM 005060 00039700 00043800 fff54b00 00222600 0235b00 ffd59d00 002d4b00
PCM 005068 ffcfd400 001dae00 ffe191000090c00 fff05a00 0014aa00 ffe3e500 002a7700 ffd08f00 00209800
PCM 005080 ffb20c00 0054f400 ffab1f00 004cb500 ffb21500 003a8f00 0 00462c00 ffb7a400 00500a00 ffacc600 00469100
PCM 005098 ffb2dffd7fb00 000e8100
PCM 0050a8 ffed7000 000e6c00 fff36800 000cd400 ffec9500 0009c100 fff51e00 fff1c500
PCM 0050b0 0007f300 fffbbc00 00043900 00169a00 ffe74d00 00297300 ffd2c000 00233500
PCM 0050b8 ffd96700 00157700 ffe89800 00099900 fff0db00 00155a00 ffe31200 000cf200
PCM 0050c0 ffee3a00 00004900 fffbf900 00087e00 fff8a400 00037500 fff7a000 0028f500
PCM 0050c8 ffd3ad00 001d4600 ffdf7c00 00098100 fff36800 fff7fb00 00041b00 ffebb700
PCM 0050d0 00108400 ffe83a00 00197500 fff47800 000b3d00 fff93700 ffffd500 ffe6a200
PCM 0050d8 00161a00 ffd93a00 00245900 ffeaab00 000d9e00 fffc3b00 fffa6400 fffcab00
PCM 0050e0 00004d00 fff7d900 00053300 ffef7700 00107600 fff43900 00064d00 fff87f00
PCM 0050e8 0001e500 fffb2a00 00030100 fff1fc00 000a2b00 ffc7be00 00340800 ffc11b00
PCM 0050f0 003c7500 ffb1cc00 004a4300 ffb50a00 004acb00 ffd51c00 00259200 ffe74900
PCM 0050f8 0016b900 ffdb1f00 00239400 ffd82400 00274a00 ffcd0400 002f9c00 ffc7f300
PCM 005100 0032ab00 ffc95500 0037b800 ffd6e700 0027c600 ffd36900 002a0100 ffed2100
PCM 005108 00142d00 fff58100 000ae100 ffe98300 0012bf00 ffdea000 001dc600 fff4a800
PCM 005110 0007e800 00027500 fff96700 00100 00100b00 ffe97300 00165100 fff1ec00 00076000 ffe92100
PCM 00fff70400 fff64b00
PCM 005130 000adb00 fff70f00 00065c00 fffb4400 00019900 fff28100 000bf300 ffefdb00
PCM 005138 000beb00 000dbc00 ffeca300 001c5100 ffdfc700 000 fff10d00 fff8b100 00052100 000c7d00 fff48d00 0022dc00
PCM 005148 ffd8da00 001b9900 ffe41b00 0652600
PCM 005158 ff9ea900 0055bf00 ffa44400 0063f700 ff975200916000 005d0500 ffa04500 005ba300
PCM 005168 ff9f7a00 00514a00 981200
PCM 005178 ff600000 0096f800 ff638b00 0094c900 ff633400 68400 00c7ad00 ff326b00 00c2cd00
PCM 005190 ff36cd00 00ca7800 fa00
PCM 005198 ff16c900 00dd7100 ff1dec00 00c96600 ff2e9500 00d
PCM 0051a8 fef6b000 00dcc400 ff213c00 00ac8700 ff4e1b00 00956009b2400
PCM 0051b0 ff607700 00a24600 ff55c800 00b87100 ff3e4900 00a3d300 ff51bd00 00af8200
PCM 0051b8 ff4bd300 00b28200 ff434900 009f3400 ff589b00 00a9c500 ff501c00 00974b00
PCM 0051c0 ff5ff200 0097bc00 ff645300 00b70000 ff489900 00e09a00 ff15ba00 00f68900
PCM 0051c8 ff01e900 00da9300 ff1e2200 00bc4a00 ff3ecb00 00bf0b00 ff369000 00b50200
PCM 0051d0 ff409400 009fcd00 ff567900 00a62400 ff537200 00cb0600 ff2de200 00d1a100
PCM 0051d8 ff23a700 00c0e500 ff388e00 00cd9500 ff2b8600 00d34800 ff22c300 00c2b400
PCM 0051e0 ff362700 00cd9a00 ff2c3a00 00c0c200 ff390400 00b6a800 ff426500 00cbda00
PCM 0051e8 f00 00ff6900 fef97d00 00f96c00
PCM 0051f8 feffd200 0101dc00 fef8f500 00de8800 ff1ed900 00d52c00 ff245600 00dbed00
PCM 005200 ff205400 00debd00 ff1d1d00 00e63d00 ff146000 00d12400 ff243b00 00cc7600
PCM 005208 ff2faf00 00c65600 ff348c00 00c66f00 ff36ba00 00d9e700 ff1d6b00 00ca8400
PCM 005210 ff2f8600 00dd1900 ff1c1800 00c9b800 ff322c00 00965800 ff64e900 00808c00
PCM 005218 ff7c7200 0081f300 ff793900 008bbb00 ff7100 00cdb000
PCM 005220 ff2aae00 00dfee00 ff1b2600 00baba00 ffb0800 ff4d7a00 00d16800
PCM 005230 ff26ab00 00c27800 ff34f900 09800 ff79f500 0077f100 ff826b00 0084a300
PCM 005240 ff76a600 008bd600 ff6ea600 0082b000 ff785600 0063fa00 ff9af900 007f5f00
PCM 005248 ff7d8800 00919900 ff67dc00 00707600 ff8f3600 008d6d00 ff6c2e00 0094d000
PCM 005250 ff693000 00912300 ff6b3d00 007c4f00 ff7ed900 00649d00 ff996800 00425d00
PCM 005258 ffb73700 00388800 ffc24b00 00373a00 ffc3ca00 00378100 ffc40600 00424b00
PCM 005260 ffb80b00 0046af00 ffb6d600 004fba00 ffafbe00 00325700 ffc9ae00 001f4800
PCM 005268 ffde1500 001b8100 ffe10600 0024a200 ffd49800 002c3100 ffcd7c00 00293000
PCM 005270 ffd38900 000a7300 fff30300 0014b200 ffe4a600 001a7b00 ffe13e00 00137800
PCM 005278 ffe99a00 00161500 ffe42100 0007a200 fff74c00 0008cc00 fff39c00 fff48a00
PCM 005280 00061500 fff20a00 00090600 fff57d00 0006bd00 ffe12a00 001ab100 ffcd6700
PCM 005288 0034a700 ffce4700 002ef800 ffec6f00 00133700 fff21000 00075000 ffed1000
PCM 005290 000fee00 ffbcd400 003c2e00 ffb71600 0048c900 ffba2200 0045dd00 ff987a00
PCM 005298 005dd100 ff9f3600 005c8f00 ffa71500 0054d000 ffb73f00 0045e000 ffa70d00
PCM 0052a0 00568800 ffaf4c00 004c5f00 ffba5d00 00445300 ffc47f00 00390b00 ffb28300
PCM 0052a8 004a4600 ffb9a100 0045ae00 ffadeb00 004df900 ffb0d600 004fba00 ffa72e00
PCM 0052b0 00582b00 ff971600 00679000 ff9f6500 005e7800 ff973100 0067ca00 ff923b00
PCM 0052b8 00704700 ffadb300 004c8d00 ffb6100 ff67fe00 0093d800 ff63a600
PCM 0052c8 009ab300 ff544200 00aPCM 0052d8 00e22700 ff122500 00f48100 ff163a00 00e8f000 ff2e5a00 00d3a300 ff2ca300
PCM 0052e0 00d46d00 ff1d4700 00e26300 ff20a0 fef7f400 010ad000 fedf8000 011d3200 fec44900
PCM 0052f0 0139ca00 014f9500 feba6f00 01474100 feb41b00 014faa00 feb8e700
PCM 005300 014a5c00 fecf0600 0133fb00 fee35400 011f3f00 fef30b00 01121100 fef32500
PCM 005308 0110d400 fef54b00 010f4800 fee64100 0117f700 fef05a00 01106300 fefa9e00
PCM 005310 01038900 fedfaa00 0121f600 fedd6b00 0122f800 fec9e100 01311400 fed14b00
PCM 005318 012c9f00 feed4400 0114b600 feeec200 0112e700 feed1e00 0114c800 feddbd00
PCM 005320 0124cb00 fee5a800 011bfd00 feefa000 01110400 ff02d600 00fb9f00 ff02a500
PCM 005328 00fc1c00 ff11f300 00ef0d00 ff0e9300 00f22e00 fee45b00 0116b200 fede7000
PCM 005330 011ffb00 fee63a00 01198800 ff007d00 00febb00 fefccb00 01045300 fef25e00
PCM 005338 010c4900 fee52400 011c7a00 fed86400 01285400 fee2eb00 011cf700 fee58a00
PCM 005340 011b4600 fed7ed00 01298200 fed1b100 01358c00 fec65700 0138e900 fed92900
PCM 005348 01260400 fef7ad00 0107d700 ff07df00 00f74d00 ff02ad00 00fc8800 fefc7c00
PCM 005350 01039300 ff0ba800 00f1bf00 ff04c600 00f6f000 ff029000 01006100 fef9ed00
PCM 005358 01038e00 ff05e900 00f9cf00 ff121300 00eef300 ff099900 00f56f00 ff0b0400
PCM 005360 00f96c00 ff0a0d00 00f43300 ff0e1c00 00f1c900 ff031100 00fd2c00 ff003300
PCM 005368 00fea800 ff122800 00f0b200 ff067700 00fb8900 ff019400 00ff1000 ff02e600
PCM 005370 00f99f00 fef81400 0109e000 fef74b00 01057100 ff135100 00eb0b00 ff20a700
PCM 005378 00dbf800 ff1a8900 00e46900 ff284100 00d54200 ff2d6000 00d06b00 ff312e00
PCM 005380 00ceac00 ff336600 00cbda00 005390 00cb5f00 ff59f000 00a65800 ff65af00 00978500 ff5ea800 009 ff57a300 00a7ee00 ff546400
PCM 0053a8 00aa4300 ff4c3500 00b01700904f00 ff5c5c00 00a2f600 ff598b00 00a8f200 ff3fd900
PCM 0053b2a8d00
PCM 0053c8 00d50e00 ff369500 00c60900 ff3a6600 00c3fb00 0aae400 ff455800 00b9f400 ff50a800 00afc200 ff5cbc00 009c2400 ff63e200
PCM 0053d8 0097c000 ff63ad00 009be900 ff6a0f00 00946000 ff63d400 009d6800 ffa14400
PCM 0053e0 005da200 ffbd6c00 003e7400 ffae9f00 0051a400 ff7b4300 0086d700 ff74a700
PCM 0053e8 00897600 ff687900 00969800 ff556b00 00aa5700 ff3d4300 00c3c800 ff4d8a00
PCM 0053f0 00b04d00 ff4e6c00 00ae6c00 ff3ae000 00c45300 ff453e00 00bbc800 ff587000
PCM 0053f8 00a5b600 ff70cd00 008c4600 ff802e00 00823a00 ff81e100 0079e30bb900 ff786700 0088d400 ff746800 008c0700 ff6cc800
PCM 005408 000544900 ffae4300 004e2200 ff85d500 00743900 ff8f0500 006e4f00 f61d00 00373500 ffcb3900 00373700 ffdf0400 001cfa00 000c6c00
PCM005440 fff23100 fffc6300 0001bc00 000f5800 ffec7500 00154f00 ffe0068f900 ff902a00 006d9600 ff8f6a00 008b7100 ff6df900 008c2800
b800 00882000 ff6ec600 0093a700
PCM 005460 ff64a300 008ece00 ff0960100
PCM 005470 ff62c700 00965200 ff5f6800 0093d400 ff65d000851300
PCM 005478 ff780d00 0093dc00 ff694100 007f0b00 ff74c800 700 ffa67b00 0051e000 ffa7a900 005bd800
PCM 005488 ffa25c00 003
PCM 005490 ffb91200 00152b00 ffe9f100 ffffd000 00005f00 0002b000 ffff8100 001c3100
PCM 005498 ffe13e00 00132a00 ffe84600 0018aa00 ffe34400 0003fa00 fffa7400 fff7b800
PCM 0054a0 000a1200 ffee5a00 00104f00 ffdee000 0020c600 fff00000 000ce300 00218500
PCM 0054a8 ffd9c900 00204c00 ffda7c00 002bab00 ffcdf500 0016de00 ffe34200 000bb800
PCM 0054b0 fff4c100 ffeeca00 000a1a00 fff85500 00035800 00174200 ffe20b00 00231b00
PCM 0054b8 ffd5fe00 0022f200 ffd92400 fff5d000 00038e00 ffea5e00 00104a00 ffe6c100
PCM 0054c0 0015e700 ffd59200 0025db00 ffd57b00 001f4a00 ffd79600 00224c00 fff61700
PCM 0054c8 0004c900 00042600 fff4bd00 fffc1300 fffdbe00 fff0ac00 000cdd00 ffea4a00
PCM 0054d0 0010ca00 fffde600 fffee700 00094f00 fff0fc00 00241600 ffd9ca00 001d5200
PCM 0054d8 ffe50e00 0012f700 ffe7d300 00385100 ffc60700 00429200 ffb59f00 003f4100
PCM 0054e0 ffc01b00 002e0200 ffced800 00242900 ffd93700 00006700 fffa6b00 000d7300
PCM 0054e8 fff00f00 000f6b00 ffea0b00 0004b800 fff5da00 fff58700 0007e900 00122f00
PCM 0054f0 ffeace00 00265400 ffd4b500 0044d500 ffb53a00 003a8700 ffc0ed00 001d4b00
PCM 0054f8 ffd8c700 00169d00 ffe61f00 00093000 fff64b00 ffffb100 fffcfa00 ffec2c00
PCM 005500 000f5000 0000d100 fffe6500 00071400 fff69300 fff74400 00050a00 0002fa00
PCM 005508 fff8bf00 fff0ba00 00099b00 fff0fa00 0008fd00 fff39600 0007f700 0006be00
PCM 005510 fff58f00 0016b400 ffe74d00 00103100 ffedf600 fff27500 000b0c00 ffea7f00
PCM 005518 00115000 00098400 fff1b600 00096100 fff2c900 00056600 fff5cf00 00045400
PCM 005520 fff9a600 fffdc000 00003000 fff14500 0006f800 0000cf00 fffc3c00 00086000
PCM 005528 fff47800 ffe6e500 0015c400 ffdc5b00 001ee700 ffe62800 0018f100 00030900
PCM 005530 fff97000 00162b00 ffe56200 00360400fcb4000 00223a00 ffd50800 000c8200 fff9e200 00152000 ffe3fc00 00263700 ffd29a00 00373100
PCM 00CM 005558 ffc01d00 00418e00 ffb96f00 004d4500 ffb1a900 0045b400 bda00 ffe0a600 00119d00
PCM 005568 ffe72100 001fc400 ffdbe700 00158000 ffe7a500 0015f900 ffe60000 0022af00
PCM 005570 ffd99e00 0039a900 ffbe0700 002f5200 ffcd3700 00243800
PCM 005578 ffd9f500 00150300 ffe59600 000d6f00 ff200 00312f00 ffcf4900 00511e00 ffa59100 00563e00 ffa2bb00 002faab100 ffa5c000 005a6800 ff9cfd00 0050cb00
PCM 005598 ffa59600 00e00 ffd19100 003de500 ffc0db00 003ac100
PCM 0055a0 ffbf5900 00464700 00783400
PCM 0055a8 ff825600 0078f800 ff80c000 0080b100 f68a200 00a7f400 ff546b00 009a2f00 ff5e7200 00943a00
PCM 0055b8 f200
PCM 0055c0 ff736c00 00828700 ff756800 0096bf00 ff639700 00 ff7d2700 006b9700 ff8c7200 00676b00 ff929300 008f7300
PCM 0055d0 ff689000 00a6e600 ff4fd400 00b24100 ff4b5f00 00ba0100 ff3e7c00 00c4e200
PCM 0055d8 ff360700 00cc5f00 ff2c1e00 00c88600 ff2dc900 00ce8000 ff2a9100 00c02a00
PCM 0055e0 ff3a2d00 009f3600 ff5ab700 0091f100 ff6b0f00 00c67400 ff33da00 00bda400
PCM 0055e8 ff3d3200 00901300 ff6bc600 00933d00 ff665a00 00a51200 ff523c00 00d55b00
PCM 0055f0 ff26b900 00c73e00 ff30a400 00c83200 ff2eb500 00c0cc00 ff37c700 00bcf100
PCM 0055f8 ff3b0a00 00cd8c00 ff2c0500 00da5100 ff1f2f00 00c4f300 ff30ef00 00c4ef00
PCM 005600 ff32e300 00b89500 ff455b00 00a53900 f78200 00d43300 ff227900 00ed6e00
PCM 005610 ff07e100 00f51100 f0 ff399300 00c2f500
PCM 005620 ff358300 00b97e00 ff409a00 00d150 00f45c00
PCM 005628 ff075e00 00d70e00 ff1cad00 00dcf600 ff1cc00 fefc2a00 01025d00 fef67f00 01084800 fef39500 0120a400
PCM 000
PCM 005640 feaf1e00 01329900 fec42a00 01267f00 fed32c00 00fb6f023300 00f86e00 ff003800 00fb4100 fef73f00 010aa000
PCM 0056580 fedbb000 0123ca00 fed51000 013a9700 febc8000 0139aa00
PCM 005a7e800 0134cc00 febea100 011c3f00
PCM 005668 fed4aa00 01312b00 fec4dd00 011de000 fedc3700 010dea00 fee96d00 01110400
PCM 005670 fee93a00 011ad800 fee36c00 0112c600 fee4e900 0109a000 fef34600 01100c00
PCM 005678 fee78800 01087e00 feed7300 0112c900 fee55300 0119aa00 fedbe300 0124d600
PCM 005680 fed86b00 01284600 fed06c00 011ca400 fedd3200 01142500 fee4e700 011d9000
PCM 005688 fed3ee00 010ece00 feeb7300 00fe8600 fef9e100 00f3ce00 ff03ff00 00ea1500
PCM 005690 ff108f00 0101c600 fef56200 01089500 fef10300 01116500 fee25a00 00fb6e00
PCM 005698 fefba300 01031700 fef4ae00 011add00 fedd4000 0110a600 fee79200 010ea600
PCM 0056a0 fee8ad00 01202400 fed50500 011e6200 fed84400 01037900 fef21900 0109f200
PCM 0056a8 feefc200 01174d00 fedcfd00 011b1400 fee09f00 011ada00 feda2600 0121a800
PCM 0056b0 fed85600 0117eb00 fee00600 0118f000 fee2c600 01136c00 fee94f00 00f67c00
PCM 0056b8 ff035300 010b5c00 feec7100 012d5800 fece3a00 011c1c00 fedcd900 00fdad00
PCM 0056c0 fefa4200 010e3100 fee88900 011cc200 fede3a00 0116f500 fee52400 01270600
PCM 0056c8 fed1f500 0120a500 fed4e600 01145d00 fee1fc00 011e6700 fedaee00 01273200
PCM 0056d0 fed1d200 0119e600 fee04e00 00f41000 ff05f000 0600 feea5800 00f6d800 ff025200 00e6fe00
PCM 0056e0 ff116900 00f 0056f0 fefdba00 00ec5400 ff0e2700 00fd4b00 fefcf300 00e19500 ff199200 00b9a000
PCM 0056f8 ff4000bba200 ff3bd800 00f58700 ff01ad00 00e7d500 ff122400 00cdba00
PCM 005700 ff290800 00e93b00 ff0e8400 00e74300 ff0edb00 00d90600 ff257300 00de3500
PCM 005708 f20300 ff2a3400 00d1f300 ff27cf000048f100 ffb2ac00 0056cc00
PCM 005720 ffa22600 005ae400 ff9fa000 005da300 ff9aa400 00706700 ff883400 00764d00
PCM 005728 ff84c900 005a2600 ffa45d00 005ce500 ff99bc00 00641800 ff988c00 0074ea00
PCM 005730 ff871700 006e9000 ff8c2100 005e2c00 ff9f4e00 0062c800 ff9a0300 006e7c00
PCM 005700631500 ff93ec00 0063e100
PCM 005740 ff97f400 00690f00 ff91fd002b7500 ffcf1100 001c9e00 ffdfef00 000def00
PCM 005758 fff10f00003d9700 ffbf9e00 0027c600 ffd45800 0000ee00
PCM 005768 fff99500 0013cd00 ffded300 001e8b00 ffca2f00
PCM 005778 00325000 ffc2467200 ffc09e00 00416a00 ffd1ff00
PCM 005780 0029f800 ffbd3c00 0d100
PCM 005788 0044a500 ffb36500 004cff00 ffab1900 004d2200 ffbae600 0042b400 ffb9e000
PCM 005790 00436300 ffb76f00 0040d600 ffaf8800 004c0900 ffa20100 005b9c00 ff9e9600
PCM 005798 00600500 ff98a700 00640000 ffc28c00 003d6300 ffc06800 003bb800 ffabca00
PCM 0057a0 0054c400 ff9b5d00 00603800 ffa44100 005a5300 ffc0c300 00402500 ffbeca00
PCM 0057a8 0040dc00 ffbe1700 00410d00 ffab6a3200 ff9f6100
PCM 0057b0 005d0300 ffa85700 00532c00 ffa4fe00 000 ffd6b800 00286e00 ffcee500 002bbd00 ffc0ef00
PCM 0057c8 003a7000 ffd51900 002a5d00 ffdb1a00 00250300 ffcb5f00 00330400 ffcf0 ffde0c00 0020c100 ffe5df00 00197900 ffe33600
PCM 0057d8 001ddc00 ffe46100 001cbe00 fff86d00 00048300 00001a00 fffaa900 ffe99f00
PCM 0057e0 00152e00 ffe6bc00 0014e600 fff64300 00082900 ffedae00 00120600 ffdbca00
PCM 0057e8 00229d00 ffcf5100 002eab00 ff0 ffd09300 002b4f00 ffe55600
PCM 0057f0 0017cc00 ffe05000 00200c00 ffe9c400 00167700 ffdf7900 001f1200 ffebc400
PCM 0057f8 0011ed00 ffe7f300 00127600 ffe4f000 0016bd00 ffe8a500 0012a400 fff3b800
PCM 005800 00066b00 ffff1000 00044100 ffea2a00 00160400 ff00
PCM 005808 0000c700 ffda1900 00218f00 ffea6100 00132400 ffffc300 fffbd800 00075c00
PCM 005810 fff31c00 fff0a200 000d7b00 00045800 fff48300 00136e00 ffe95b00 0013f700
PCM 005818 ffea4400 001dd700 ffdf8e00 0010dc00 ffe9a400 001f8100 ffdd4b00 0034ed00
PCM 005820 ffc5b000 00243100 ffd8c800 0020a900 ffd73b00 00263600 ffd17100 00051400
PCM 005828 fff99b00 00075400 fff42f00 00069200 fff6bd00 00029e00 fff60e00 001e8400
PCM 005830 ffdc2a00 002d8e00 ffcc6500 00209d00 ffda2c00 001bb700 ffe0de00 000cb800
PCM 005838 ffefa900 00303c00 ffcd8c00 0032f400 ffc68800 00284d00 ffd1b700 0013e100
PCM 005840 ffec5d00 00168c00 ffe4a100 002bb600 ffcd7b00 002b9500 ffcdb000 0051fa00
PCM 005848 ffac8900 003c6100 ffc09700 00348700 ffc6e400 002f0300 ffca5c00 00388d00
PCM 005850 ffc6d700 0050dc00 ffa89f00 004fef00 ffa86d00 004c0200 ffad8b00 00545200
PCM 005858 ffa7dc00 0049bd00 ffb13b00 004b8f00 ffacc000 00620900 ff97ab00 0051c600
PCM 005860 ffaab300 00568600 ffa54d00 0044a700 ffb38000 00554100 ffa1a800 00542900
PCM 005868 ffa6ce00 004a2c00 ffb48800 0060bb00 ff99ae00 006c4000 ff8e5700 004ff700
PCM 005870 ffacba00 00399900 ffc10500 00436400 ffb5e900 00594d00 ffa70700 00421500
PCM 00634000 ff972a00 005e7900
PCM 005880 ff9e1d00 00719000 ff85360
PCM 005888 ff46b900 00b24500 ff462900 008d5700 ff6e7a00 006bdc00 ff918100 00621200
PCM 0058900 007d2200 ff7aa600 00959800 ff639f00 00b4ee00
PCM 005898 ff456900 00c3b100
PCM 0058a0 ff378100 00cb6c00 ff2fd900 00bc4400 ff3ac00 ff062000 00e99d00 ff0c5b00 00f18f00
PCM 0058b8 ff058700 00400 ff0f0800 00e20600 ff168300 00f34d00
PCM 0058c0 ff03f500 00f37600 ff066600 00d80600 ff1ff900 00b89700 ff3fb600 00c50600
PCM0 ff3aec00 00b65d00
PCM 0058d8 ff437c00 00be0400 ff3e9400 00c0cf5a00 ff3a8a00 00d9f100 ff1a2c00 00e23c00 ff12ac00 00d60500
PCM0
PCM 0058f8 fefe1700 012ca900 fec99200 01184900 fedc6600 01190 005908 feb45b00 01282700 fecd7300 0111b300 fee53800 00fe7b00 fef94400 00ebb900
PCM 005910 ff0e2400 01101300 fee91300 00f87c00 feff4100 00db8e00 ff1b3f00 00ea7700
PCM 005918 ff0e2e00 00fa7100 fefbbf00 00faef00 fefd0e00 00edd500 ff0bb900 00ecaa00
PCM 005920 ff0ee200 00ca5900 ff2e9b00 00bf4f00 ff393000 00b9a500 ff3c6b00 00b9e000
PCM 005928 ff3dc600 00cd8000 ff282600 00eabc00 ff0e05938 fee4f200 01046200 fef25100 00ee6300 ff097600 00de5000 ff1700 00faed00 fef9da00 00f8c000
PCM 005948 fefce600 00cd6f00 ff26b300 00c9d600 ff2faf00 00addc00 ff4db200 00957e00
PCM 005950 ff658400 0099c600 ff644c00 00815800 ff785e00 007a0600 ff7bfa00 007bd000
PCM 005958 ff7de100 0084dd00 ff75ab00 0088f400 ff746400 000666300
PCM 005968 ff93f900 007eb500 ff7b6b00 008f6600 ff6afb00 00999300 ff5fcc00 00756100
PCM 005970 ff882900 00756e00 ff82ba00 0081a000 ff78c300 0091cf00 ff697f00 008c6f00
PCM 005978 ff6eb600 00826600 ff786d00 00924700 ff690100 00917b00 ff667600 008f5c00
PCM 005980 ff6e1d00 00a96b00 ff554100 00a86d00 ff534000 00b07c00 ff4e9500 00930400
PCM 005988 ff680600 00964d00 ff65b400 00812400 ff7efe00 005cf100 ff9d1000 00642000
PCM 005990 ff9b4600 0051de00 ffa82800 001c0900 ffe44400 00239c00 ffdb3300 00372600
PCM 005998 ffc5b600 002f8b00 ffca6e00 00408000 ffbc1900 00372600 ffc5a700 002eb700
PCM 0059a0 ffd4d900 001c5d00 ffe51300 0025c200 ffd48600 00446f00 ffb7c800 0036ce00
PCM 0059a8 ffc5aa00 00384100 ffc2be00 00588200 ffa88700 0046d400 ffb69e00 002acc00
PCM 0059b0 ffcf4d00 0032ee00 ffc88a00 00278700 ffcf0500 002e5300 ffc99c00 002cce00
PCM 0059b8 ffce8200 00259800 ffd96800 00225200 ffdbcc00 00195500 ffe53500 000b3700
PCM 0059c0 fff56700 fff67100 0007e900 0011ed00 ffee2800 00106500 ffee9500 00020500
PCM 0059c8 fffc9500 0000ce00 fff8da00 0006ce00 fff93500 fff56600 00092f00 ffbd0700
PCM 0059d0 00442200 ffb4d100 00495500 ffca8c00 002f0f00 ffd3f100 00298500 ffd9cc00
PCM 0059d8 00262500 ffd75f00 0025d500 ffc10800 003dbc00 ffbe8900 003fe200 ffc6f400
PCM 0059e0 00394e00 ffc1b300 0038d700 ffb5e400 0049a600 ff77be00 00883800 ff63d700
PCM 0059e8 0098cf00 ff7e3700 00814400 ff84a900 00766700 ff8bdc00 00727c00 ff73db00
PCM 0059f0 008c6800 ff729300 0090ePCM 0059f8 00992700 ff65fb00 0098c200 ff6d0700 008fc500 ff91c100 006c6b00 ff8b4a00
PCM 005a00 0073c400 ff74fe00 008aa200 ff595c0a55300 ff5cea00 00a29200 ff5d4400
PCM 005a08 009d5000 ff5b6b000d35a00 ff305f00 00cf1f00 ff424200 00bea000 ff5a3800
PCM 005a20 00a69100 ff5b5900 00a28700 ff60e700 00a07300 ff7d4600 00821100 ff7d6700
PCM 005a28 00813300 ff0 00b39600 ff3b4200 00c57900 ff457500
PCM 005a30 00b7cc00 ff5b2800 00a59e00 ff58fb00 00a73c00 ff3e3600 00c02d00 ff24c900
PCM 005a38 00dac400 ff394000 00c74000 ff4acd00 00b43000 ff54cc00 00aa8f00 ff5e7300
PCM 005a40 00a25a00 ff70e800 00932c00 ff745500 00904700 ff778f00 00876300 ff711600
PCM 005a48 00933200 ff6ed100 0091ca00 ff6b0900 00969400 ff64c200 009b5000 ff4c0b00
PCM 005a50 00b53200 ff64d100 009ace00 ff63c400 009b5d00 ff602300 009aa600 0087db00 ff7c7800 0081c200 ff7ec900
PCM 005a60 007f2b00 ff735c00 008cbe00 ff93b300 006d4e00 ffa2a600 00596000 ff8e7c00
PCM 005a68 00715100 ff7adc00 00863200 ff933b00 006d2000 ff96d600 00691300 ff916000
PCM 005a70 006f3700 ff9b5e00 0068c800 ffa77400 005ad700 ffd68700 002b3a00 ffde8600
PCM 005a78 001c1c00 ffeafd00 0011a400 ffe03000 001eb700 ffcd4b00 00315300 ffd13c00
PCM 005a80 002e6600 ffce4c00 002ff800 ffc9a100 0034e700 ffc13100 003bb700 ff928300
PCM 005a88 006ba100 ff90b900 006ea800 ff897c00 00754e00 ff9a0600 0067ad00 ffabc900
PCM 005a90 004d7900 ffac1000 00500000 ffba2800 0043e200 ffcdc600 00301400 ffcd1c00
PCM 005a98 00316200 ffdb6d00 0024d900 ffdf4c00 00212900 ffd03e00 00324c00 ffd36500
PCM 005aa0 002d5b00 ffcfb800 002f9800 ffbb3300 0047aa00 ffcd2b00 0033dc00 ffbab900
PCM 005aa8 0046d600 ffa01800 0061c600 ffa3ae00 005c0b00 ffb2bb00 004f1b00 ffd63200
PCM 005ab0 002dd400 ffe3cc00 0019a600 ffddd600 00218100 ffd1ee00 002c5000 ffbe5100
PCM 005ab8 00412100 ffc84300 0CM 005ac0 0000e200 ffeeea00 000da100 ffee4a00 0013a000 fff30100 00 002fa200
PCM 005ad8 ffd00c00 00349e00 ffcd4f00 0027c500 ffd5fefa200 fffb1500 00015700 ffea4d00
PCM 005af0 00134800 ffe33e00600
PCM 005af8 ffe73c00 00152400 ffeaa200 00208100 ffdccc00 00300 ffbb4f00 003a1400 ffc6c400 002ad900 ffd0bc00 00371c00
PCM 0021f00 000e3100 fff02500 0012ff00
PCM 005b10 ffedab00 00169400 ffe64100 fffc7800 00045500 fffbff00 fffe4300 00115d00
PCM 005b18 ffeed100 0002d300 fffb8a00 000efb00 ffef0700 0027ab00 ffd38f00 82700 ffe33c00 00076800
PCM 005b28 fff66e00 00024b00 fffacd00 0f4de00 000bce00 fff1ef00 00065500 fff29700 001e7900 ffdc8f00 001cb200
PCM 005b40 ffddff00 00251b00 ffd9ac00 00295500 ffd34600 00318b00 ffc84b00 00428000
PCM 005b48 ffba4300 0035cd00 ffc43e00 002e3e00 ffd04100 00321100 ffc97600 001ee100
PCM 005b50 ffde3a00 0018b100 ffe25000 00197a00 ffe29a00 000f5d00 ffedf800 001ec000
PCM 005b58 ffddf200 00227200 ffd90000 0018e600 ffe6e300 00193200 ffe4f400 00339c00
PCM 005b60 ffc55b00 00646900 ff988500 0079eb00 ff831300 0073d300 ff8bf400 00716100
PCM 005b68 ff8cef00 006a8900 ff917500 00597b00 ff9f7100 00348e00 ffc71100 003cc300
PCM 005b70 ffbbec00 005ca700 ffa31300 006e4b00 ff8de900 00573900 ffa8bb00 00572700
PCM 005b78 ffa2dc00 004ebf00 ffadbe00 003cc2080 ffb91a00 003aca00 ffc17b00 00320200 ffcf5200 00362000 ffc66400 0058b700 ffa1ac00 00513f00
PCM 005b98 ffae0700 004da700 ffb19100 0048eb00 ffb3fc00 0054be00 ffa81a00 004d0200
PCM 005ba0 ffae3800 004e9100 ffabc400 004bcb00 ffb46200 00661100 ff9a7f00 00787700
PCM 005ba8 ff825100 007d3000 ff7e3b00 00713900 ff8fdd00 003fb700 ffbb4600 005a5700
PCM 005bb0 ffa06f00 00551100 ffa6b100 004a0100 ffb27300 0066ba00 ff942d00 005fa300
PCM 005bb8 ff9ddc00 0027a800 ffd74100 000a8f00 fff27c00 000ce000 fff02500 00301d00
PCM 005bc0 ffcd3600 00536000 ffaae400 005b2e00 ffa1fa00 003dd300 ffbd6d00 00461400
PCM 005bc8 ffb79900 001e2900 ffd91200 001e8a00 ffdae100 00265900 ffd2c000 00267500
PCM 005bd0 ffd2b100 00270500 ffd2da00 00272000 ffda190e00 fff56100 00136800 ffebd700 0027f000
PCM 005be8 ffd42900 00198100 ffe27e00 0010a500 ffeecb00 000ec300 ffede400 000ce700
PCM 005bf0 fff35700 fffe6900 fffd1800 00040600 fff30500 0004d900 fff98900 00015c00
PCM 005bf8 fffdfe00 fffdf500 fffe8a00 ffde7300 00184400 ffe59500 00144f00 fff41000
PCM 005c00 000a5100 fff3e90fff7d100 000bcf00 ffe73200 00187c00 ffe2d300
PCM 005c18 0018b600 ffcdf200 00325600 ffdf5200 001cc200 fff09700 000d1300 ffe87400
PCM 005c20 0015b000 ffd07100 0 002dd100 ffec5400 00118a00 ffe95600
PCM 005c28 0017af00 ffd66d00 00288f00 ffd21700 00283500 ffbc7c00 00419f00 ffaeda00
PCM 006cfa00 ff91e400 006e9300 ff80b700 007c6f00 ff756700
PCM 005c38 
PCM 005c40 00922b00 ff7c2400 00840200 ff91be00 00697700 ff8a0d0
PCM 005c50 00a09900 ff62b100 009bd900 ff640d00 009e2b00 ff7a527f00 ff799700 00889100 ff672900 00977500 ff587d00
PCM 005c60 000 00aac400 ff4d5d00
PCM 005c68 00b1e400 ff3feb00 00be2d00 ff27
PCM 005c70 00c31200 ff1e3f00 00e46e00 ff121700 00eb9000 ff0892000 00f63300 ff0f2b00
PCM 005c88 00f04a00 ff1abc00 00e64200 ff0cb00 01094100 feeefe00
PCM 005c90 01143800 fee37000 011aac00 fefa3700 ff2ab500 00d11a00 ff315c00 00cd0b00 ff34ef00
PCM 005ca0 0f91400 ff1b5c00
PCM 005ca8 00e48b00 ff1aee00 00e8db00 ff197200 64c100 009ce600 ff586600
PCM 005cb8 00a59f00 ff2af100 00d1e900 500 ff315300 00d04e00 ff43fd00
PCM 005cc0 00bf7900 ff517900 00a 00e27e00 ff19de00 00e25300 ff1ae200 00e35b00 ff38e000
PCM 005c814400 ff825a00
PCM 005cd8 007a2d00 ff7ebb00 00831800 ff734200 200 0091c700 ff656500 00985200 ff503600 00a9f000 ff436b00
PCM 0 ff49fc00 00b52900 ff440900 00b84e00 ff50f300 00ad7d00 ff51df00 00a6f700 ff644b00
PCM 005d00 00963e00 ff5be800 00a1a900 ff3794c88000 ff474900 00b7e500 ff566900 00a84100 ff724e00 00883000 ff605d10 00969200 ff653000 0098b200 ff688a00 00995000 ff81bb00 007c9c00 ff892600
PCM 005d18 00713500 ff981900 006ccd00 ff84cc00 000 008b9c00 ff779800 007df300 ff8a9000
PCM 005d28 00757e00 ff91741200
PCM 005d30 004add00 ffabed00 00525700 ffa67e00 005a4b00 f
PCM 005d38 007e0a00 ff631a00 009be600 ff63b600 00982b00 ff5df005a00 ff914200 006d9200 ff759a00 008b3f00 ff6a3a00
PCM 005d50 00ff73f800 008ca000 ff781a00
PCM 005d58 00852000 ff839e00 007c85000 ffb3ab00
PCM 005d60 004a5f00 ffb19c00 004c8900 ffd1f900 0029
PCM 005d70 0030c400 ffe11e00 001ad200 ffce5b00 002ed600 ffbf4d00 ffab5300 00520300 ffa8b800 0055f900 ffa1fd00
PCM 005d80 005b05d90 006f1700 ff7e2800 0080cb00 ff846100 007b1000 fface500 0054cb00 ffa33700
PCM 005d98 005de600 ffb90600 0046aa00 ffb83100 0045fe00 ffba4400 00468500 ffafd300
PCM 005da0 00500200 ffb48800 004c0400 ffc3bd00 0039eb00 ffc06200 003ed500 ffce3200
PCM 005da8 0030f300 ffcd4c00 002dea00 ffd0 00443800 ffb9b100
PCM 005db0 004a1d00 ffb07200 004d5000 ffb26
PCM 005dc0 003b5e00 ffc31f00 003d7200 ffd3d500 00287500 ffdb010300
PCM 005dc8 00266200 ffdc7700 00230200 ffd5f500 002ae900 ffcfc7c500 00345600 ffb62c00
PCM 005dd8 0047b300 ffcabd00 002e8600 ffc1e700 003c4100 ffc9e000 00314200 ffd21000 002e7000 ffe2ba00bce00 00263600
PCM 005df8 ffd66000 003fe500 ffbc8b00 002b3700 ffcff700 002eca00 ffca7d00 00303600
PCM 005e00 ffd1ff00 00357700ffb76900 004eac00 ffae5400 004b6c00 ffb08500 00529500
PCM 005e1ffa9c600 00514b00
PCM 005e18 ffab6300 0030d600 ffcd2000 00302f00 ffc85e00 003e7900 ffbcc900 00333300
PCM 005e20 ffca0800 00420200 ffb9df00 00438600 ffb9e000 00358700 ffc7df00 00458200
PCM 005e28 ffb34c00 004f9e00 ffb00a00 00300200 ffc7a600 001de100 ffdd9b00 0013ef00
PCM 005e30 ffe88a00 0013b400 ffebfd00 000ba800 fff11e00 fffc7300 ffffa900 000ad100
PCM 005e38 fff1a900 001bc700 ffe1ef00 00203b00 ffdbf600 00265500 ffd1ac00 00199b00
PCM 005e40 ffe3fc00 00237900 ffdb7a00 0021d300 ffdb9200 00183800 ffe23600 00260200
PCM 005e48 ffd4ed00 002f0700 ffcc5c00 002b3b00 ffd27800 00232100 ffd96800 00124f00
PCM 005e50 ffe9ab00 fffc4b00 0000f100 001cfe00 ffdfd400 0016fd00 ffea6300 000a0800
PCM 005e58 fff3d800 00397800 ffc47c00 0040ea00 ffb8ab00 00582100 ffa5ec00 0055df00
PCM 005e60 ffa71e00 005e5e00 ff965a00 0071fd00 ff88a100 005e6e00 ff9f9e00 0065e900
PCM 005e68 ff950800 005c5a00 ff9df800 0044e000 ffb8a600 00348400 ffc31800 00231d00
PCM 005e70 ffdb8300 00108e00 ffeec600 0006fc00 fff6e300 fffefb00 fffb9c00 000dbf00
PCM 005e78 ffedd900 001c9800 ffe39a00 00297900 ffd23900 0021cb00 ffdb6700 00024e00
PCM 005e80 fffcdf00 ffe76800 00193500 ffdfea00 001c4600 fffd3700 00027300 ffebe300
PCM 005e88 0010ea00 ffc8b000 00348b00 ffb36200 004a0200 ffaa5d00 0051a000 ffc6c500
PCM 005e90 003c0200 ffd4bb00 0025c000 ffd7bd00 0022cb00 ffaee800 004e5100 ff9a6000
PCM 005e98 0062a300 ffacde00 00500a00 ffa52a00 005c2700 ffb5b300 00491100 ffb56000
PCM 005ea0 00481e00 ffaeca00 0053dc00 ff9d8f00 0061d200 ff9e7200 00640e00 ffabbb00
PCM 005ea8 004eed00 ffa64700 0059c500 ff9b3e00 00681400 ffab4e00 00580c00 ff994900
PCM 005eb0 0060c400 ff942100 006c0200 ffb38900 004cde00 ffc20400 003cf100 ffd6e000
PCM 005eb8 00245e00 ffc4c400 00381000 ffbb4500 00424c00 ffb73d00 00464600 ff974300
PCM 005ec0 0063d400 ff826d00 00792300 ff6b3400 008e1700 ff62d600 0096e400 ff764d00
PCM 005ec8 0089c200 ff880b00 00762400 ff8d7300 00729500 ff652500 00977700 ff698d00
PCM 005ed0 00960c00 ff64bb00 0098d200 ff541400 00ad2200 ff4c5b00 00af3600 ff5ae400
PCM 005ed8 00a3cb00 ff5c5b00 009fb100 ff513200 00aabb00 ff5a7500 00a5a800 ff5d1200
PCM 005ee0 00a30a00 ff584a00 00a46500 ff64b300 00983c00 ff6da600 008dca00 ff5fc500
PCM 005ee8 00a1a800 ff4e9000 00b1e400 ff4d7100 00b2c700 ff47f600 00b96100 ff42c200
PCM 005ef0 00bbf300 ff3f6300 00c37100 ff2cb700 00d14a00 ff288800 00d70700 ff34a400
PCM 005ef8 00ca2d00 ff37a700 00ca2b00 ff2ef000 00d38b00 ff277d00 00d59c00 ff329c00
PCM 005f00 00cd2e00 ff5cef00 00a48200 ff480b00 00b93000 ff3d7e00 00c36900 ff487b00
PCM 005f08 00b32300 ff473300 00b89b00 ff2af500 00d2f800 ff1b5b00 00e3f200 ff170b00
PCM 005f10 00ebdd00 ff14bb00 00e8ea00 ff22d300 00dded00 ff333b00 00ce1d00 ff166100
PCM 005f18 00e67200 ff2d6300 00d5a600 ff34bc00 00c98800 ff2c4400 00d4ba00 ff362200
PCM 005f20 00c9d800 ff27b300 00d9ee00 ff1f7300 00e44200 f 00cb8300 ff349400 00ce4f00 ff276c00 00d81400 ff1af400
PCM 005fff199700 00e50000 ff2e2b00 00d11800 ff3d6400
PCM 005f38 00c60200 00b0b000 ff4f0900 00ae6500 ff406800 00bcab00 ff296600
PCM 005200 ff305d00
PCM 005f48 00d04e00 ff4ea400 00b1f900 ff55fe00 00a 00c3e400 ff5ccc00 00a55d00 ff448f00 00b84b00 ff596200 00a78600 ff601f00
PCM 005f58 009df900 ff00 ff531100 00ab6400 ff49ca00 009900 ff664800
PCM 005f70 0098c200 ff6f1800 008cd100 ff74fa00 00f870e00
PCM 005f78 00797e00 ff8d9900 00710e00 ff8d3600 006fe60078a00 ff759f00 00889500 ff933e00 006fb100 ff8cab00
PCM 005f88 0001ef400 ffc1b600
PCM 005f98 003fcb00 ffc91a00 00364000 ffca2e00 0033e300 ffb38f00 00475700 ffb09b00
PCM 005fa0 004d5d00 ffa00000 005f9200 ff838100 007d0200 ff788000 0084b600 ff78ff00
PCM 005fa8 00817800 ff7abf00 0081b200 ffa31b00 005c3200 ffc2e800 003aae00 ffc6e900
PCM 005fb0 00354500 ffc63f00 00374300 ff99db00 0064fb00 ffb4ea00 00438200 ffd84c00
PCM 005fb8 00238400 ffd5d300 00289000 ffc7a600 00374200 ffdf3600 0022e800 ffd2a900
PCM 005fc0 0025e900 ffeb4f00 0014ce00 fff95b00 0005ca00 0005f900 fff49600 ffedcf00
PCM 005fc8 000dd700 0004eb00 fff7d200 fffd1c00 fff9f400 ffeca000 000fac00 fff59100
PCM 005fd0 00062900 000f0b00 ffe9ec00 00071a00 fff45c00 ffd27400 002a8e00 ffed2800
PCM 005fd8 000df300 fff77400 00001200 ffeb8f00 0010d300 ffe7b100 00120100 fff5e600
PCM 005fe0 00019900 ffdef000 0019fb00 ffe51000 001beb00 ffedc400 000f5000 ffec3800
PCM 005fe8 000fca00 00045f00 fff51f00 fffd9e00 fffd2d00 00073500 fff2d500 00098500
PCM 005ff0 fff59a00 00165e00 ffe8cc00 0050fe00 ff300 ffc3e600 00134400 ffe92500 0ffd3c000 00244200 ffdac800 0010b700 ffec1800 001cc500
PCM 00601 00379700 ffc23500 003dbe00 ffc12b00 003f8200 ffbb2e00 004cca000392f00 ffc07b00 00551e00
PCM 0PCM 006028 ffacd100 00447e00 ffbfbe6500 00445d00 ffb7c900 0023cf00 ffd57200 002b8400 ffcfc300 000 ffa9c400 00548900 ffa4c400 00502c00 ffaa5b00 003f5a00
PCM 006048 ffbcd600 0024bb00 ffd4ef00 0033f700 ffca1200 002c6d00 ffd09d00 003d0b00
PCM 006050 ffc01200 0048d800 ffaf9000 003b0400 ffb9ce00 00598a00 ffa15b00 0062d900
PCM 006058 ff964700 00559000 ffa40700 0029c200 ffd44800 002fa900 ffcbb500 00396400
PCM 006060 ffc0d300 005db600 ff9dc200 00635100 ff974b00 005e7300 ffa0db00 0075c800
PCM 006068 ff86b600 0060ba00 ff9a8b00 00553100 ffa16a00 00502900 ffa8dd00 006fea00
PCM 006070 ff8ab500 00958a00 ff632700 006d8d00 ff8e9200 005c0900 ff9f7500 0060f600
PCM 006078 ff966700 0079c500 ff7f8400 00801f00 ff7ad100 00729300 ff872f00 008b9600
PCM 006080 ff6d0f00 00975b00 ff5e0c00 009caf00 ff5b3300 0085aa00 ff711900 0090d500
PCM 006088 ff6cbe00 0086db00 ff735e00 00757f00 ff86ad00 0072cc00 ff842c00 00807700
PCM 006090 ff781300 007dbf00 ff76b000 00883c00 ff71d200 00934300 ff6be700 008f4700
PCM 006098 ff6b1b00 008d1b00 ff6be200 009a9700 ff5d0200 00937800 ff66dd00 00827200
PCM 0060a0 ff775900 007a6b00 ff7e8600 00814100 ff787b00 006f4900 ff894b00 00588800
PCM 0060a8 ff9aa000 006d1e00 ff927100 00598a00 ffa37800 0040cd00 ffb91600 00526500
PCM 0060b0 ffab4600 003f9a00 ffbb6f00 0046fa00 ffb51900 003b4500 ffba2a00 004b9900
PCM 0060b8 ffb07200 0079be00 ff7cb200 007c5e00 ff7e0f00 00748a00 ff813a00 0077f000
PCM 0060c0 ff83c900 0081fa00 ff76b100 006b6b00 ff90d000 005c1600 ff9d5100 006af500
PCM 0060c8 ff927200 004c5100 ffaba600 00 ffb62d00 00526a00 ffa51700 005060e0 ff860600 00696400 ff913e00 00631800 ff922e00 003ea500 ffb900 003eab00 ffb96f00 002d4d00 ffcd0e00 0034c200
PCM 0060f0 ffcb5800 00458200 ffb2e600 0029fb00 ffd2bb00 000d7500
PCM 006108 ff0
PCM 006110 001d9000 ffee5900 000c1000 ffdb6400 001d9b00 ffb16 ffc4eb00 0035f800 ffadfe00 004f1400 ffb3cc00
PCM 006120 00485b00 ffd52600 00249100 ffd16000 00265b00 ffc6ba00 0036ea00 ffaccb00
PCM 006128 004ed300 ffa65e00 0052fc00 ffae3800 004e4800 ffba0d00 00421f00 ffa65300
PCM 006130 00549000 ff88d500 006fdf00 ff7ca600 007eac00 ff85c000 0074d800 ff860c00
PCM 006138 00774c00 ff7df100 0080be00 ff739200 00899400 ff7fec00 007e9300 ff858100
PCM 006140 00785f00 ff7ff800 007acc00 ff82dc00 00794900 ff8e2e00 006f6300 ff8f7f00
PCM 006148 006fd700 ff6dca00 00906500 ff5a4500 00a81800 ff4a0600 00bb4600 ff319900
PCM 006150 00d01000 ff24a300 00dad800 ff179d00 00e8b700 ff27dc00 00db0000 ff208000
PCM 006158 00df2600 ff4da200 00b1c400 ff6ef600 00918900 ff544f00 00a58800 ff537000
PCM 006160 00ad5600 ff5b7e00 00a27700 ff589c00 00a45e00 ff4e4a00 00b23c00 ff3f9700
PCM 006168 00c0c400 ff463e00 00b89800 ff427a00 00bcbc00 ff3e8d00 00c0bd00 ff330000
PCM 006170 00d00600 ff213c00 00dd6600 ff462b00 00b6fc00 ff482000 00b9c000 ff30d000
PCM 006178 00ceb000 ff1cb800 00e01200 ff0fbe00 00f19200 ff2de600 00d2b200 ff488f00
PCM 006180 00b3e500 ff505800 00af6900 ff4d7700 00b35700 ff531c00 00adf200 ff588500
PCM 006188 00a6ce00 ff438d00 00b97900 ff3f4f00 00bd7e00 ff1d6200 00e09f00 ff2d5000
PCM 006190 00cee600 ff359d00 00cd1800 ff252800 00d54800 ff180700 00e99d00 ff0f5b00
PCM 006198 00f3e200 ff194300 00e31200ec00 ff2b5c00 00d5f300 ff3ab3000071d300 ff85d800 00788c00 ff7a8300 00802800 ff6d1700
PCM 0061c800 ff8bdf00 00712f00 ff896900 00763e00 ff7e2b00
PCM 0061d0 008600
PCM 0061e0 00590300 ff98fe00 00631f00 ffabab00 00568f00 ffb789800 ff825800 007c3b00 ffa5cb00 005c3500 ffbbc700 00406100 ffa ffc1a300 003cf700 ffa91d00 0055b500 ff9d8b00
PCM 006200 00640500 ffa0c000 0060d900 ffaf9100 00521600 ff99c700 00642b00 ff817900
PCM 006208 007e4d00 ff82e000 007b3900 ff875a00 00763900 ff93f600 006d3000 ff8ced00
PCM 006210 0070cf00 ff87ff00 0074ca00 ff970000 00689c00 ffbc7500 003e9d00 ffb43700
PCM 006218 0048f800 ff949a00 006aa500 ff75cd00 00868900 ff858800 0078a300 ffa77900
PCM 006220 00595400 ffa61c00 005a2f00 ff8cea00 00752f00 ff79c600 00875800 ff827b00
PCM 006228 007e2b00 ff80a300 0085ef00 ff767000 0089da00 ff87e400 0077fa00 ff86b100
PCM 006230 007aa700 ff724700 008fa000 ff76df00 00875600 ff5cf300 00a27300 ff681d00
PCM 006238 00989800 ff676900 009e7f00 ff7fea00 007aef00 ffa3cc00 00581900 ff962400
PCM 006240 00692600 ff9d5c00 0063bb00 ffa1da00 005b2900 ff8bbc00 006e9300 ff89d300
PCM 006248 0076af00 ff8f7300 00726c00 ffa7dc00 00576100 ff96c100 0067e000 ff92b800
PCM 006250 006b3300 ff9b1000 0063ca00 ffa11b00 005a7200 ff93b000 006ec400 ffa12f00
PCM 006258 005f8700 ffb69500 00477900 ffc9fc00 00339200 ffdc9600 00207100 fffeb000
PCM 006260 fffd0600 00177800 ffea3000 00184f00 ffe27d00 00128800 ffee1300 fff1ad00
PCM 006268 000c5600 ffbdf400 00449f00 ffb92c00 00413100 ffc2b800 003a2100 ffaeb100
PCM 006270 004bd400 ffacd600 004c8800 ffac8400 004e7d00 ffb2bf00 0048d300 ffb81400
PCM 000 ffd7c400 0024c200 ffdc2d00
PCM 006280 00253000 ffc84d00 0035fbc1300 00454800 ffbabe00 0041cf00 ffde7300 001e7f00 ffca1e00
P9f200 ffd35300 00280b00 ffc65c00 0038c600 ffcc0600
PCM 0062a0 00336800 ffb5f700 0044df00 ffbacd00 00439500 ffc2db00 003b4800 ffb90d00
PCM 0062a8 0041b800 ffb6f900 0047f200 ffb53c00 0048b200 ffb01100 004cbc00 ffade500
PCM ffe51a00 0018d100 ffdf4c00 001fdb00 ffc7f200
PCM 0062c0 00361a00 ffbe4500 003f8900 ffde4000 001c5b00 ffe3fc00 001c6a00 ffd19000
PCM 0062c8 00298900 ffce6100 00305f00 ffb8f800 0041ea00 ffa4f800 00582d00 ffbc8d00
PCM 0062d0 0041ed00 ffc65700 00354500 ffb89100 00406900 ffd0d200 00282900 fffca900
PCM 0062d8 fffd8a00 00056200 fff84f00 ffe1ce00 001a2100 ffd58500 002c8800 ffd09400
PCM 0062e0 002f1d00 ffb0f500 004ba000 ffa72800 00560400 ffb69800 00449a00 ffc50600
PCM 0062e8 0037db00 ffea7400 0013f100 00152e00 ffe5f900 000b2d00 fff48800 fffb2800
PCM 0062f0 0004c900 ffd60300 0023e700 ffd0db00 002a0100 fff31d00 0005f400 00026600
PCM 0062f8 fffe7400 00019d00 fffc3b00 001abb00 ffe10d00 000fdf00 ffeceb00 fffbec00
PCM 006300 00029b00 ffff8100 fffa3200 00040e00 fff78e00 00181b00 ffe4b600 000ca100
PCM 006308 ffefc200 000ee800 ffedb300 0016ad00 ffe50200 0023c500 ffdac300 00007600
PCM 006310 fffc4900 fffe6f00 fffe0c00 0001a100 fffb2500 ffffcf00 fff82200 fff6ef00
PCM 006318 0001cc00 fff52b00 00058d00 ffe3c700 0016ae00 ffd9af00 00253700 ffed3000
PCM 006320 000d8400 fff3fb00 000bdd00 ffdb8100 001f8400 ffef9900 000c9100 fff76c00
PCM 006328 00022b00 fff14800 000e0500 ffe00d00 001a0f00 ffe4f000 00154000 001b9a00
PCM 006330 ffe39500 001cc300 ffe01900 002c7600 ffd01c00 000d9800 ffedbb00 00166c00
PCM 00 ffe6d800 00245700 ffdadc00 001d400 fff16900 fffd6a00
PCM 006340 ffff8e00 ffefb300 000ccb00 00027400 fffadb00 ffff6400 fffffb007b00 0017f100 fff13700 0009b000 ffdca700 00214a00 ffd8df00
PCM 00 ffdda900
PCM 006358 001f9200 ffe62500 001a1900 ffe49300 00190200 ffea2e00 00135200 ffd28a00
PCM 006360 002a9c00 ffe04000 001ddc00 ffb3bf00 00495400 ffa3f500 00592c00 ffab3f00
PCM 006368 0050e100 ffc14000 003c9b00 ffd83b00 001f9400 ffe74700 00134a00 ffebe100
PCM 006370 0012d900 ffc 00347400 ff95e000 00662100 ff8e00 ffb43d00 004abc00 ffc48300 00373c00 ffb8b300 00463500 ffa74400
PCM 006380 00570700 ffb6c600 0043f100 ffda7900 00239800 ffea82b00 00570800 ffc0ff00 003d9500 ffafba00
PCM 006390 00553e00 fff4a4e00 00b4fe00 ff5a0400 00a38e00 ff631a00 009eda00 ff8c0100
Pa3e00 00609d00 ffa0c200 00575300 ffa9bd00
PCM 0063a8 0054d100 fb500 00772000 ff88b400
PCM 0063b0 00750f00 ff7d0400 0081df00 ff 009eb300 ff5c8900 00a3b800 ff654700 009d7400 ff42cb00
PCM 0063c8 00bdda00 ff4e7300 00b03500 ff489a00 00b54f00 ff2fdd00 00ccc800 ff36b900
PCM 0063d0 00cb2b00 ff22ce00 00e12d00 ff12ce00 00ea5500 ff191c00 00e67800 ff1c6d00
PCM 0063d8 00e47500 ff32f700 00d04600 ff279c00 00d5c300 ff28ef00 00d74900 ff302300
PCM 0063e0 00ce2e00 ff56ac00 00a9b800 ff462500 00bb1500 ff4d5600 00b58900 ff40f700
PCM 0063e8 00c1d100 ff1cbb00 00e6d300 ff0d4300 00f51000 ff075800 00fec100 ff024800
PCM 0063f0 00fe5e00 fef78e00 01098000 ff019e00 01033f00 fef59400 010e4800 fef53a00
PCM 0063f8 010c8e00 ff1b1d00 00e9eb00 ff297600 00d92100 ff45de00 00bc8900 ff27eb0 feb34f00
PCM 006408 01515200 feb6c100 014bc800 fed3f600 012dfedc1000 0123a300 fee06100 01225400 fee08000
PCM 006418 0122e800 fec10f00 0140c200 fed3a700 012b3f00 fed68200 012a7800 fed39300
PCM 006420 01316c00 fed95200 01251d00 feccc900 01341f00 fedc1d00 01250100 fee4c000
PCM 006428 011c8a00 fee43c00 011f0100 feeaf600 01193000 fee6d800 011adc00 feed3600
PCM 006430 01137c00 fee31600 011be900 fedcf800 01255600 fef43100 010b4f00 ff1c3100
PCM 006438 00e67400 ff273c00 00d94600 ff1a1a00 00e9e700 ff207200 00e10900 ff1c3c00
PCM 006440 00ea3700 ff11f300 00f09200 ff0c4400 00f5ad00 ff115200 00ef9700 ff209e00
PCM 006448 00dc7200 ff23fb00 00de0300 ff253c00 00d6c900 ff2ff400 00d38400 ff344b00
PCM 006450 00ccc800 ff34ba00 00c8e300 ff3cca00 00c0d000 ff3e6500 00c0ac00 ff3c9300
PCM 006458 00c62100 ff257900 00dabc00 ff131700 00e8c900 ff111600 00ec0700 ff100a00
PCM 006460 00f16600 ff256400 00dcab00 ff265500 00d92300 ff25f90ff51fb00 00ada900 ff5e9700
PCM 006480 00a0cc00 ff74ca00 00886c00 ff6b3c00 0092b900 ff514b00 00ad9b00 ff609700
PCM 006488 009f2d00 ff5f1400 00a45900 ff68f300 0092f300 ff781500 00898a00 ff633f00
PCM 006490 00982500 ff440f00 00bb5200 ff446300 00bd4300 ff568100 00ad5300 ff4c7700
PCM 006498 00b51d00 ff44b500 00bc2700 ff592d00 00a26f00 ff675e00 00992600 ff4b3f00
PCM 0064a0 00b4ec00 f6a3100 00941c00 ff4bfc00 00b6ad00 ff28f100
PCM 0064b0 00d50e00M 0064c0 00e99000 ff187e00 00e5ef00 ff2a9900 00d49400 ff480900 05c00 ff58e000
PCM 0064c8 00a80800 ff527700 00ab0200 ff5c6400 00800 ff724700 008ca700 ff541700
PCM 0064d8 00a72300 ff467700 00b064e0 006b3400 ff949500 00696500 ff7e5500 0081d300 ff96ab00 0068ff75ed00 008d3600 ff828d00 007ea400 ff931300 006e5100 ff99a000
0 ff8c9900
PCM 006500 006db700 ff702a00 008d2e00 ff5fb200 009b7f00
PCM 006508 006cfa00 ff862d00 007a1d00 ff93e000 006aad00 ffa00800 005f6400 ff84a100
PCM 00600837b00 ff940e00 006ffa00 ff918b00
PCM 006518 006f0a00 ff800c00 007f7c00 ff834500 007e9600 ff86520 00793100 ff8e4a00 0070b500 ff6ec900 008fe500 ff6e8100 00939c00 ff71bf00
PCM 006528 008dce08d3e00 00701500 ff942d00 006ab300 ff8dc600
PCM 006530 00725c00 06540 00981d00 ff7ad000 0085d900 ff72a700 008e8200 ff83e100 007b48 00735500 ff837600 007db700 ff807b00 00803f00 ff93da00 00697d00 ff9c9100
PCM 006550 00629b00 ff864b00 0076eb00 ff844600 0076c000 ff980400 00691900 ff850a00
PCM 006558 007f4800 ff735c00 008e3700 ff6c9700 0091bb00 ff7b4a00 0085b800 ff8d5a00
PCM 006560 00708500 ff954e00 00657900 ffa68600 005a1400 ff8cb900 00712300 ff9f6c00
PCM 006568 005ec800 ff97cf00 0065b100 ff8bd500 0076cc00 ff810600 007db100 ff60f000
PCM 006570 009e2b00 ff760200 0088b900 ff9aec00 00640900 ffa4fe00 005bd900 ff989700
PCM 006578 00654000 ff95b500 00686200 ff962600 00685700 ff918a00 006e1600 ff95ee00
PCM 006580 00672800 ffb52a00 00452300 ffe3bd00 001b8b00 ffdcd100 00227a00 ffbf4800
PCM 006588 00428300 ffa7d900 0058eb00 ff200 ffc38700 003ab900 ffbb6500 0044d100 ff9da400
PCM 006598 006000 00521800 ffba6000
PCM 0065a8 00404200 ffcbad00 00350600 ffce77000 0014ab00 0000f100
PCM 0065b0 0000b100 0007b700 fff6b700 0 ffe63d00 00178b00 ffda4900 0020f000 ffc3ad00
PCM 0065c0 0039cfff89e00 00041e00 00026100
PCM 0065c8 fffd1300 ffee9800 0012070065d0 fffb8300 000db900 fff21f00 0007a500 fff06300 000a0700 ffef000e000 fff95400 fffa8600
PCM 0065e8 00009400 fffceb00 00014600f00 fffd1700 ffffa500
PCM 0065f0 fffb4100 ffe17700 001cf400 ffe03f00 00239100 fff7b300 0004e400 00011c00
PCM 0065f8 fff8c500 fff4e000 00033000 ffeb0800 000e3e00 fff34200 0008ad00 ffed4900
PCM 006600 00125700 fff90800 00040015000 fffc4600 0005d100 fff55000 0009e500
PCM 006608 ffee0c00a6a00 0029d600 ffd39a00 000a7900 fff19e00 0004bf00 fffb6d00 00070192900 ffe6fe00 00034100
PCM 006620 fff74a00 fffc1200 000108009200 001d2500 fffc9100 00028900 00142700 ffe48d00 ffcec400
PCM 006630 002dd800 ffccd200 002f6a00 ffcc2d00 002e2800 ffa89900 00506a00 ffbc6500
PCM 006638 00413b00 ffb89800 0043e500 ffcc2800 00342d00 ffcc0c00 00338300 ffd17b00
PCM 006640 002dd200 ffb5ff00 0048be00 ffa9c300 00526900 ff96b500 0068a000 ff965500
PCM 006648 00682200 ffa07d00 00630200 ffb20d00 004d8900 ffbc4e00 0042d300 ff9c7f00
PCM 006650 005d4c00 ffa2d400 00606900 ffc08c00 003c8ffc56a00 0031ab00 ffbfb200 003e6d00 ffaf5100 004fd100 ffaae700
PCM 006660 00525d00 ff93ca00 006a3200 ff86d600 00744100 ff9eae00 005d9400 ff906800
PCM 006668 0070ad00 ff6d1f00 00948100 ff733e00 008a6a00 ff72eb00 00893800 ff6a6900
PCM 006670 00928500 ff8e4f00 0071fd00 ff766100 008c5000 ff64e000 009ac400 ff5af400
PCM 006678 00a5f700 ff4a0c00 00b3c800 ff5ebc00 00a34800 ff6a6800 0093cc00 ff7d7900
PCM 006680 007ff000 ff81b300 00801300 ff756500 00865700 ff6ce000 0097b700 ff616000
PCM 006688 009c2f00 ff42f600 00baa500 ff366b00 00c6e500 ff3ae500 00c59600 ff42bb00
PCM 0066 ff44cb00 00bedb00 ff570f00 00a7c00 00855500 ff8d1100 00714900 ff8c5900
PCM 0066b0 006f9a00 ff80086cd00 ff8e8d00 00737300 ffa95800 0053af00 ff9ec300 005dec00 f6f8a00 ff8bd000 006f2400 ff9e8c00 00638500 ff7e8700
PCM 0066c8 007ae600 ff723f00 0087bc00 ff770000 00863d00 ff6e9f00 0093c800 ff6ae200
PCM 0066d0 00954600 ff789300 0087fc00 ff80fe00 007f0400 ff8db700 0072d100 ff8e7e00
PCM 0066d8 006c7500 ff876800 00784d00 ff9d1800 005f7300 ffa39600 0054c400 ff958000
PCM 0066e0 00679300 ff9b8d00 005f0200 ff992e00 0065bd00 ff9dd600 005fd000 ffb54f00
PCM 0066e8 00477e00 ffa40200 0059f800 ffa4b500 0059c200 ff9a7500 0063b900 ff86bf00
PCM 0066f0 0079ef00 ff879500 00798d00 ff7ea900 007cd200 ff7b1600 00858100 ff6fba00
PCM 0066f8 008fb400 ff90f400 006bc900 ffb69200 0047bb00 ffc8d700 0038a900 ffbf2a00
PCM 006700 00423400 ffbb4900 0045cc00 ffab7900 004ef500 ff984b00 00685600 ff96de00
PCM 006708 0067f100 ffab6b00 0055f300 ffbb5f00 00406e00 ffd14100 002e6700 ffbfd200
PCM 006710 003bb800 ffbecf00 003e4e00 ffc01400 003f7500 ffc6f800 0034ed00 ffda2800
PCM 006718 0020ee00 ffc21200 003c903e0600 ffc81e00 00365700 ffb99c00 00410700 ff9d2800 0061b000 ffa00 ffc32900 003d5d00 ffddbf00 001c3f00 ffe24100 0015f300 ffcf810000f5e00 ffe75100
PCM 006738 00124f00 ffeac400 0010cb00 ffec650007000 00044b00 fffb8b00 fff65500
PCM 006748 0008c300 ffe6cb00 00164b00 ffd23700 0029b900 ffd3f800 0028cd00 ffe0e800
PCM 0067500
PCM 006758 00009c00 0003d100 fff64800 00247100 ffd95200 001500 fffab500 000a6e00 fff15900 002daa00
PCM 006770 ffcd4a00 000b0 ffca1700 001d7c00
PCM 006778 ffdd2600 002fbf00 ffca8600 00302e00 ffcea300 00414700 ffbacb00 003e6300
PCM 006780 ffc06d00 002f4000 ffcb5700 0037d600 ffcb2900 0037f200 ffc2a900 00313400
PCM0 00089500 fff23600 00021600
PCM 006790 fff59b00 0017f100 ffe57d400 ff9f1800 00461100 ffb98100 001a7800 ffdb1600 001ffd00
PCM 0 00247100
PCM 0067b8 ffd5f000 0035f800 ffc51600 00484400 ffb33c00 00414700 ffb8e600 003d3700
PCM 0067c0 ffbe9d00 00353500 ffc58d00 0045ab00 ffb34500 00357100 ffca9f00 000df600
PCM 0067c8 ffecf100 00092700 fff37500 fff31f00 000a1500 00185e00 ffe71800 00292600
PCM 0067d0 ffd0d800 002ce700 ffd07500 00342900 ffc72100 003e8000 ffbe6200 003d3400
PCM 0067d8 ffbd8e00 004f4300 ffaf3a00 004a3b00 ffaf9b00 00391500 ffc0 00298b00 ffd4ae00 003d5600
PCM 0067e8 ffc00700 00251400 ffd670536800 ffa58300 00402b00 ffb92000 0033d900 ffc8fa00 00396f00
Paa00 005ecc00 ff9a2b00 0066be00 ff925300 00712d00
PCM 006808 ff000
PCM 006810 ff932200 006b4800 ff8f3800 00846600 ff78ba00 009f76d200 0098d000 ff625600 00a2d000
PCM 006820 ff5be100 00866b00
PCM 006828 ff642f00 00995100 ff609300 00a6fc00 ff578700 00b1a3 00a77f00 ff4f0f00 0096ad00 ff633600 007b5900 ff79f000 009615000 00b03b00
PCM 006848 ff499b00 00cfc200 ff2c2900 00ca5f00 ff32000 00e66300
PCM 006850 ff107900 00d21700 ff231300 00bfd700 ff370d54700 ff23c500 00bedd00
PCM 006860 ff39a500 00ae4000 ff4a720068 ff53a700 00830a00 ff71a300 00a00900 ff5f1d00 0092e700 ff6632064800 ff53de00 009f9b00 ff59cb00 00925500 ff695800 00a11000
PCM 006878 ff5c9300 009ff900 ff5ed300 00868200 ff737d00 0099b100 ff60e900 00677800
PCM 006880 ff8f6a00 006e1200 ff88a700 00942800 ff637b00 00905d00 ff653d00 008d5900
PCM 006888 ff6ca600 00a47d00 ff593f00 0099f300 ff612a00 008f9500 ff6a1000 00840500
PCM 006890 ff721d00 00668100 ff949900 00641200 ff934000 00621100 ff96cc00 0064d500
PCM 006898 ff986900 007c1900 ff817c00 007f7600 ff78eb00 00806200 ff78f700 00634b003c300 006a1100
PCM 0068a8 ff8de800 00488300 ffb23300 00389500 f ff9baa00 00537000 ffa21100 00576500 ffa22300 0063a100 ff973900 00 00456e00 ffb82100 00495500 ffb39c00 0047c300 ffb36100 00562b0700 ffb4f200 0020d700
PCM 0068d0 ffdc7d00 00278d00 ffd33500 00213700 001b9800 ffdd7c00 0018ca00 ffe6f100 00153100
PCM 0068e0 f00 0015df00 ffe98300 00372600 ffc5f700 00456a00 ffb0c900 0040e40ffcdb200 0023e300 ffdc6c00 0024b200
PCM 0068f8 ffd2bb00 0022a700 ffd87100 00120e00 ffe91100 0008ae00 fff63600 00131a00
PCM 006900 ffe7d700 001a5a00 ffe24600 001d5d00 ffdf3200 00090b00 fff27a00 fffaaf00
PCM 006908 0004f100 ffea6e00 00105800 000eee00 ffec0200 003a9500 ffc0d300 001e2f00CM 006920 fff79500 fffc7d00 fffcb900 ffe47900 0017fc00 ffd41000 M 006930 ffd63e00 0022e900 ffd9d700 001dcf00 ffd89800 001ed900 f9a700 00196400
PCM 006940 ffe0f600 001f2e00 ffdba900 00200500 ffdcfa00 002b9600 ffcb8a00 0035ee00
PCM 006948 ffc03c00 003d8600 ffba6e00 0041da00 ffb46500 00373900 ffc2fd00 003a4500
PCM 006950 ffc28900 003a4f00 ffbdae00 0034c100 ffc4e100 00256700 ffd6b80CM 006958 ffd43600 00683f00 ff96 0079ad00 ff7ff200 008d7a00
PCM 006960 ff6b6a00 00875a00 ff76d500 007a9900 ff7f5700 0073a200 ff807100 00952c00
PCM 006968 ff669b00 007f9200 ff79f800 005d8500 ff996200 0067cd00 ff948b00 005a4900
PCM 006970 ff9f1a00 00576a00 ffa27000 0070a600 ff8a3d00 00798000 ff7ed300 005fb400
PCM 0062600 0047fb00 ffb1db00 004acc00
PCM 006980 ffb07000 00671e00 ff00 006e6500 ff8e4600 006b0900 ff8ee500 0074d200
PCM 006998 ff835200 ff93ab00 00666b00
PCM 0069a8 ff965500 00835000 ff74a200 00 006c1a00 ff8efe00 0085cb00
PCM 0069b8 ff70aa00 0078e500 ff80a500 ffa51e00 00755300
PCM 0069c0 ff86de00 00694400 ff91ba00 0059 00559500 ffa69000 0055de00 ffa4f900 0074d600 ff84fd00 007bb10077cd00 006e5300
PCM 0069d8 ff8d5000 0050bc00 ffa84000 00403e00 0b00 003b2200 ffbb8400 002e6500 ffd04400 00270a00
PCM 0069e8 ffd5f400 003cd100 ffbbde00 0038a000 ffc36600 0053d500 ffa5eb00 00691800
PCM 0069f0 ff95b000 005da200 ff9ea200 0048a100 ffb42500 0037fb00 ffc0d300 00219700
PCM 0069f8 ffdec100 00403400 ffbce400 00520000 ffa7a500 004f3a00 ffacb100 003d1500
PCM 006a00 ffb91c00 00428000 ffb7ed00 003cbc00 ffbe8400 00323300 ffcc9700 0016d300
PCM 006a08 ffe9be00 002a1b00 ffd40c00 00346000 ffc7b400 001c7700 ffdf6000 00140200
PCM 006a10 ffe87c00 002a2000 ffd06300 00305100 ffca3c00 0042de00 ffb80700 005b1d00
PCM 006a18 ff9eeb00 005cc100 ffa21600 0053fb00 ffa26500 00567200 ffa7e600 0045e100
PCM 006a20 ffb37a00 00500d00 ffac7100 0038c200 ffc2ed00 002fad00 ffcb9300 002b1a00
PCM 006a28 ffd23900 00074a00 fff2bc00 002a8100 ffd35e00 00352e00 ffc74c00 002cd800
PCM 006a30 ffcf7c00 00401400 ffb8be00 003d3d00 ffbdfe00 002dfc00 ffcf4e00 001e6000
PCM 006a38 ffe1fc00 00376200 ffc59a00 004e4c00 ffae5b00 005f8f00 ff9ae000 004ab000
PCM 006a40 ffaf7300
PCM 006a48 ffa56a00 00696e00 ff93c100 00655300 ff984500 0066d400 ff94ca00 00831d00
PCM 006a50 ff793600 007db200 ff7d8300 00844700 ff772600 005b8a00 ff9e3500 00319200
PCM 006a58 ffca0100 00274d00 ffd42e00 004a0300 ffad2f00 0063dc00 ff96fe00 008a5100
PCM 006a60 ff6d3f00 00ba9e00 ff3d0700 00c90300 ff323c00 00ba1e00 ff415f00 00bdbb00
PCM 006a68 ff3c9e00 00af2900 ff4b4600 00a58d00 ff570b00 009edf00 ff5bbe00 009dca00
PCM 006a70 ff57ca00 00afa700 ff489f00 00baba00 ff3ccd00 00a71200 ff4f5600 00b7cd00
PCM 006a78 ff42b800 00bd7900 ff3c3b00 00a57b00 ff4f8e00 00a1e700 ff568200 00b18b00
PCM 006a80 ff49e700 00c75700 ff329100 00cabd00 ff2bb300 00b70100 ff427f00 00982900
PCM 006a88 ff64f300 00aae900 ff521e00 00b08f00 ff493e00 00b31100 ff494800 00b66c00
PCM 006a90 ff464b00 00bd1a00 ff3bf400 00caef00 ff2da300 00d7f000 ff22b300 00e70100
PCM 006a98 ff10a700 00dcbd00 ff1a3900 00f95a00 ff010700 00da2400 ff211b00 00be3500
PCM 006aa0 ff3ea100 00b02400 ff459600 00b26d00 ff486600 00b50500b900
PCM 006ab0 ff5c9900 00a56900 ff578f00 00ba8800 ff412500 00966800 ff629900 008e2800
PCM 006ac8 ff6f6900 008f0500 ff6c6600 0 007c7400
PCM 006ad8 ff7eb000 0078d200 ff7c9e00 007f0e00 ff7e1900 00832300 ff77fe00 00842f00
PCM 006ae0 ff7a3800 00966000 ff655800 009af300 ff62cd00 00904c00 ff655800 007f3d00
PCM 006ae8 f00 ff665600 00ad4500
PCM 006af0 ff4e1800 00a5cf00 ff56c300 0097ff00 ff65b200 0094e000 ff67bb00 009b0800
PCM 006af8 ff5ef700 009cad00 ff5a9e00 00773600 ff861200 0075ff00 ff82b200 007ba200
PCM 006b00 ff866600 00616600 ff9c3a00 00747500 ff83de00 008bb300 ff702600 007be600
PCM 006b08 ff826300 0069bb00 ff916c00 0076bd00 ff864d00 0070e600 ff870900 007c000 00728200 ff896d00 00699b00
PCM 006b18 ff927800 006ac800 ff80 0045df00 ffb5b000 00458100 ffb28a00 00453200 ffba6300 00290000 006b38 ffa2f200 00570b00 ffa4d700 00219500 ffdc1a00 001dd400 ffdcfb00 00168100
PCM 006b40 ffe28a00 00219500 ffd6ec00 00324f00 ffcb0d00 003fe600 ffbb9d00 001fdf00
PCM 006b48 ffdaf400 001b1700 ffe53300 0003dc00 fff78c00 000ffd00 ffea6200 fff11c00
PCM 006b50 00098a00 ffe65600 00193b00 ffd5d200 0029e200 ffffca00 fffc7200 0012b900
PCM 006b58 ffece600 00025600 fffa9800 fff16200 000bac00 ffdbfd00 001c9500 ffd8e300
PCM 006b60 0022a600 ffdd8a00 00223800 ffea0800 00129e00 ffdf7c00 001f3a00 ffc71100
PCM 006b68 0038b500 ffce1400 002e7c00 ffce1500 002fb000 ffc63900 00363000 ffc9a000
PCM 006b70 0032ab00 ffc7d800 00362500 ffb97000 00452200 ffc0c300 003f4300 ffd92000
PCM 006b78 00255600 ffc6b500 00355600 ffbbd400 0040c000 ffb42e00 0047c000 ffa91f00
PCM 006b80 0053b400 ffb99400 00423200 ffa61200 00571a00 ff7ae800 00813500 ff813000
PCM 006b88 007b5e00 ff942d090 0023c200 ffc50300 0038a900 ffb9ae00 00432a00 ffb1a900 004e0c00 00191900 ffeb2000 0012a900 ffd3ca00 00277b00 ffdc6700
PCM 006bb8 00206e00 fffaa400 00043100 f4a7d00 ffa0e000
PCM 006bc8 0059c800 ffbd3800 003fd400 ffb56900 0044a700 ffe92300 00149500 ffdbc500
PCM 006bd0 001dd500 ffc73d00 00348700 ffdf1a00 001cd800 00085700 fff49600 00034e00
PCM 006bd8 fff93a00 000fe600 ffe63600 000b1e00 fff1cf00 fffbfb00 00010900 ffe54400
PCM 006be0 00142400 ffd83700 00239c00 ffb76900 00478900 ffb4d700 004c4600 ffb6c500
PCM 006be8 00458100 ffeac300 000f8000 fffced00 fffe6500 00123a00 ffe6c100 00077b00
PCM 006bf0 0 fff0ce00 000bcc00 ffd86900 001ed400 ffdad600
PCM 006bf8 00221e00 ffdef100 001ec900 ffe7a900 0014aa00 ffe05100 001e3e00 fff41500
PCM 006c00 00078f00 000ea700 ffea5700 00006d00 00001500 00127200 ffe8b800 000ad000
PCM 006c08 ffef6a00 fff64000 0006e200 000c6700 fff13c00 fffebc00 00031b00 00032500
PCM 006c10 fffb5100 00038000 fffd5c00 0026e000 ffda5200 002f8b00 ffc75500 002a5f00
PCM 006c18 ffd03700 000beb00 ffea4e00 ffff2f00 fffa6b00 0000a200 fffc5d00 ffedb400
PCM 006c20 00103300 0001c900 fffca000 0000db00 fffea900 00040500 fff91400 001a5d00
PCM 006c28 ffdde700 000dc900 ffed2b00 00035500 fff93500 00125200 ffeba400 002d0b00
PCM 006c30 ffce8c00 00288900 ffd44300 003c3100 ffc1ca00 00378900 ffc10f00 00307500
PCM 006c38 ffc95a00 00229700 ffd71e00 000bfd00 ffeb9900 001c5700 ffdd1c00 00268f00
PCM 006c40 ffd28d00 002e9d00 ffc90a00 00364f00 ffc51a00 00312200 ffc5fd00 002b9a00
PCM 006c48 ffcf8f00 002aa600 ffd08500 0019e600 ffe7d600 000d3c00 ffef2b00 0015d000
PCM 006c50 ffe4d400 fff3d100 00053900 ffdd9c00 001c1b00 fff70800 00068a00 fffd0d00
PCM 006c58 fffbdf00 ffff6c00 000000f8800
PCM 006c68 ffec2d00 00ffb0a600 004e4d00 ffaba900 004bd700
PCM 006c78 ffb0ec00 002f6d0200 00058000 fff52100 00276d00
PCM 006c88 ffd39700 001c8300 ffdb8b00 00170800 ffe56c00 0001e300 fffd9900 ffec4500
PCM 006c90 00 00003700 fff9a600 000f3100 ffefe000 000e4a00 ffed6400 fffa560000 ffff7600 fffb7500 0012e500 ffe9bc00 001e8500
PCM 006ca8 ffdf00 fff81b00 00017800 ffd47500 0022cd00 ffe83000 0012f700 00037200 000f5500 ffebc400 0006bc00 fff3e600 00099c00 fff66900 001bbc000 fff97500
PCM 006cd0 00030000 ffef7100 0006a900 fff44400 0008eb00 00101f00 ffe87200 0011da00
PCM 006cd8 ffe75300 000e6800 ffec9900 001c1f00 ffde8600 00177600 ffe58200 0003f500
PCM 006ce0 fff66500 00055400 fff9c700 00054000 fff3e200 001b6000 ffdd3900 00368100
PCM 006ce8 ffc38f00 00461800 ffb1db00 0047a000 ffb0e400 003f0200 ffbf6200 002a6500
PCM 006cf0 ffd33f00 0027a200 ffcfa800 00399b00 ffc2b400 00453000 ffb86e00 00349b00
PCM 006cf8 ffc8d000 002e4d00 ffcceb00 00367b00 ffc0c200 00370600 ffc3cd00 00370400
PCM 006d00 ffc25400 00441800 ffbae700 00380e00 ffc08d00 002b6100 ffcc3200 00306500
PCM 006d08 ffca4700 002fca00 ffc79b00 00463b00 ffb51600 004f3000 ffad2b00 005db300
PCM 006d10 ff96e600 0065fd00 ff94a300 0070cb00 ff8bd100 00665600 ff900100 0067cc00
PCM 006d18 ff91fd00 007a1b00 ff7d8000 00878800 ff6f0900 00747200 ff834e00 00659a00
PCM 006d20 f91eb00 00649d00 ff94fb00 00613000
PCM 006d40 ff98ac00 006fb400 f630600 00a91a00 ff4d7d00 00ac7600 ff4b6100 0094d800
PCM 006d5000 00687700 ff959e00 005d8b00 ff9f9b00 003f3f00
PCM 006d70 ffbdPCM 006d78 ff976900 00576a00 ffa4b800 002bb300 ffd34c00 002cf900fba7900 004f8d00 ffadae00 00676600 ff939700 005d9300
PCM 006d90 ff9be200 002f5b00 ffc9c100 0024e000 ffd4df00 0027e300 ffcd2d00 000f7000
PCM 006d98 ffe47100 fff81400 00026000 fffb8d00 fffcbd00 00185100 ffe42f00 001fed00
PCM 006da0 ffdb1a00 00422500 ffb3d500 00250100 ffd5f300 001e7400 ffda6400 001d8100
PCM 006da8 ffdfd300 001a8a00 ffdc3500 00075700 fff0ab00 ffe2fc00 0018f800 ffde0000
PCM 006db0 0018ab00 ffdb8e00 001e2d00 ffd9e900 001f1800 ffdf5b00 0019e000 ffe57c00
PCM 006db8 00134100 ffc4aa00 0034cd00 ffdbaa00 001f5400 ffe0aa00 001f9f00 ffd31e00
PCM 006dc0 00281300 ffd80a00 00270c00 ffc09300 0039ac00 ffdb5400 001fba00 fff06800
PCM 006dc8 00099d00 ffeea200 000b9100 fff33400 00067e00 ffe9e800 000f7a00 ffe18400
PCM 006dd0 001a6e00 ffe09f00 001a4300 ffccc500 002b5300 ffc75100 0033bd00 ffd09900
PCM 006dd8 00286500 ffe7e300 0013b700 ffd42a00 00291400 ffdf4b00 001d9b00 ffea8d00
PCcfd00 002e1f00 ffcbc100
PCM 006de8 0030fc00 ffc5f700 0038ea00 fdf8 00108000 ffe07800 001d6900 ffcd6200 00318600 ffc6f300 00374d00 ffc55e00
PCM 006e00 003b2d000 004e5700 ffb9c600 00429d00 ffce00 ffb14800 00494600 ffb6c500 0043f700 ffb44300
PCM 006e20 0040264e00 ffafae00
PCM 006e28 004d0800 ffb1a200 004d8700 ffb431000 ffc87900 00356d00 ffbdcd00 0041dd00 ffc40e00
PCM 006e40 0037ad00 ffb23700 004d1900 ff8db600 006ee000 ff9add00 00649300 ffac5e00
PCM 006e48 00536700 ffb69300 0043bb00 ffad5000 00529d00 ffd4dc00 00272000 ffea2700
PCM 006e50 00151700 ffe09300 001db600 ffea7b00 00131700 00027000 fffd3c00 fffb2c00
PCM 006e58 ffffad00 ffd1e000 002b0000 ffcbcf00 002e2000 ffaf5c00 004cb100 ffad6500
PCM 006e60 00523300 ffad4d00 00517500 ff9a9a00 005ec600 ff94f600 00638000 ffc82500
PCM 006e68 00344f00 ffcbe300 0033dd00 ffcacd00 00328700 fff04b00 000b6700 ffeea800
PCM 006e70 000f5500 ffef6200 000ced00 ffde1600 001b8300 ffe33b00 001bfa00 ffce8900
PCM 006e78 00301000 ffc8ad00 00312400 ffc87800 00331b00 ffbafa00 00405f00 ffb54c00
PCM 006e80 00445800 ffd23200 002cf800 fff48000 00074400 00086200 fff2ac00 00170d00
PCM 006e88 ffe8f200 00254c00 ffd5ce00 00032200 fff9b700 00058400 fff55000 0005d000
PCM 006e90 fff6b900 ffff2300 fffd5500 ffef3500 000c6500 000c6300 fff19500 000e3e00
PCM 006e98 ffecaa00 fff78c00 0004a900 fff38600 00074200 ffdd5500 001d3b00 ffe6c600
PCM 006ea0 00174a00 ffece200 00102f00 ffeee900 000bbb00 ffed1d00 000fcb00 ffd59300
PCM 006ea8 0026a600 ffc93700 0033ba00 ffb58e00 0048f100 ffc9b200 0035ad00 ffdc4a00
PCM 006eb0 0021e100 ffe88800 0013a000 ffd89100 00210e00 fff07500 00109700 ffe26000
PCM 006eb8 00197100 ffdae800 001de900 fffcff00 ffffe200 ffe34200 00127100 ffede500
PCM 006ec0 000ba500 ffefe200 00094a00 fffcd500 ffff0800 fff7a000 0005e100 fff27900
PCM 006ec8 000acf00 ffe23500 001aa800 00098500 fff30a00 00262e00 ffd3b000 000c7b00
PCM 006ed0 ffef2400 00009800 fffb8800 fff19a00 000b9b00 00066900 fff76700 00077b00
PCM 006ed8 fff2ec00 000e2500 fff0c400 00070800 fff47900 00030000 fff53100 0011a900
PCM 006ee0 ffe6b700 0000c600 fff99b00 fff32600 00096b00 0009db00 fff25800 001eea00
PCM 006ee8 ffdc0400 0009ea00 fff2b600 00107500 ffed0200 00345400 ffc8e500 0013b400
PCM 006ef0 ffe81300 fff50300 00219c00
PCM 006ef8 ffd8ff00 002bc100 ffd25600 00226800 ffc99500 0024e900
PCM 006f00 ffd32400 002f6c00 ffd1a000 00312e00 0 ffc81f00 0030c700 ffcf3100 000ffb00 ffe96300 00215b00
PCM 006c800 002c2300 ffd45e00 00540e00 ffa54b00 00623b00 ff933100 00501dc200 00219300 ffd29d00 0036fe00
PCM 006f30 ffc79200 002c4000 ffd25200 00377500 ffc21300 00444100 ffb7e900 0047f400
PCM 006f38 ffb47800 005b3000 ffa06000 005f9900 ff9dd600 003dbd00 ffba8d00 00573d00
PCM 006f40 ffa48100 007c1d00 ff80c400 00795e00 ff830400 0075f700 ff88ab00 00713c00
PCM 006f48 ff887c00 0065b600 ff962700 008db800 ff6ef400 008bb600 ff6ed700 00847a00
PCM 006f50 ff74f000 006d5f00 ff8fef00 00547200 ffaaec00 0049e700 ffb69200 004e6b00
PCM 006f58 ffae5000 004d2800 ffafc000 006d7000 ff8f9d00 0079f400 ff7e4700 0087ba00
PCM 006f60 ff73e100 008ff900 ff6cc500 00938300 ff683f00 0089ca00 ff6c4600 00971f00
PCM 006f68 ff60cc00 00ac9a00 ff4f7700 009e1500 ff5bd100 00a44200 ff584900 0097e600
PCM 006f70 ff618600 00815600 ff79bc00 00764b00 ff832500 007ab700 ff80af00 00a39500
PCM 006f78 ff58c100 00b15500 ff488400 00b8a900 ff440100 00bda500 ff345a00 00d97e00
PCM 006f80 ff1fe600 00d40000 ff21e000 00de8e00 ff1acf00 00e1c500 ff151500 00d08300
PCM 006f88 ff25aa00 00d80b00 ff214300 00cf3700 ff267900 00d0ed00 ff274300 00e79b00
PCM 006f90 ff0f9100 00ed9200 ff099200 00f4b000 ff05f500 00e67d00 ff11bf00 00d64c00
PCM 006f98 ff22eb00 00e18400 ff14a400 00d61000 ff26a500 00e25a00 ff17ea00 00ed2b00
PCM 006fa0 ff0f1000 00e0b400 ff16f900 00e0ed00 ff185c00 00dd8800 ff1f2f00 00ca4200
PCM 006fa8 ff2eb200 00db4300 ff1dcd00 00d0a800 ff20c97200 ff319600 00d6a800
PCM 006fb8 ff244500 00e34200 ff15bb0000 00be3700
PCM 006fc0 ff362f00 00b39400 ff429c00 00aa0300 ff4e0a33800 ff52a400 00bf9100 ff3a5000 00da5300
PCM 006fd0 ff22a700400 00bc0600 ff3acf00 00d54b00 ff28c800 00c08600 ff3a2d00 00aa79 ff7b4b00 00616600
PCM 006fe8 ff9c0b00 00624700 ff98f400 005c99004f6e00 ffa8b200 004dc900 ffb06400 004d3800 ffaa2500 004fa300
ffc8ab00 001f3900 ffdc7000 001cbb00 ffe36100 00214f00
PCM 00701e700 0032a300
PCM 007018 ffcb4200 00323a00 ffc92f00 001f3800 ffdc8a00 000b3b00 fff2c400 00080b00
PCM 007020 ffef5300 fff7a700 00029b00 000be500 ffecd600 001a7600 ffdfc200 00045500
PCM 007028 fff25a00 000c0e00 ffee2500 fffbe200 ffff0500 fff14b00 00082a00 fff94900
PCM 007030 0001c100 fffa2700 00005600 ffef6100 000def00 ffff2c00 ffff1400 000a0000
PCM 007038 ffefbf00 fff4a300 00061400 fff99a00 00014500 0002fc00 fff5df00 ffee1e00
PCM 007040 000ba700 ffd1ee00 002a6800 ffb8a400 00421800 ffc1d600 00396a00 ffd44900
PCM 007048 0022d300 ffd22600 002c7600 ffca4100 0034c800 ffd43400 00268900 ffc01900
PCM 007050 003e4c00 ffba6000 003fa500 ffb8ee00 003f9800 ffb2ae00 00476700 ffca0300
PCM 007058 00342000 ffbd5600 003dee00 ffb05a00 004e1c00 ffb68f00 004a9000 ffb2b800
PCM 007060 0049ec00 ffad8600 00479c00 ffbdf900 003bc100 ffd58000 00257a00 ffd7b000
PCM 007068 0021b700 ffdc9b00 001cc100 ffcecb00 002a9200 ffb8cf00 00425c00 ffa16500
PCM 007070 005a7800 ffa96300 0054d600 ffa6f100 00589b00 ffa1ca00 00552f00 ffa51200
P3e7800 ffa9ae00
PCM 007080 0054c8200 00598800 ffa30600
PCM 007090 0059bb00 ffb39e00 00487e00 f00484e00 ffbdf200 003cc900 ffbc6400 00400900 ffc14e00
PCM 0070b53800 ffd84a00 0023c300 ffbfb200 003a6400 ffd39600
PCM 0070c0 0 001c1b00 ffbf5900
PCM 0070c8 003a3700 ffb01d00 004cbf00 ff9e1ffdb0500 00203a00 ffce4200 002cb000 ffd83800 0023db00 ffd6e100
P00 002d3d00 ffc13300 0038fb00 ffb8df00
PCM 0070e8 0041dc00 ffb6f00 00425700 ff9dba00
PCM 0070f8 005f4600 ff820d00 0079a200 ffae900 ffc81a00 00338e00 ffeb6700 0015c000 ffdad100
PCM 007110 000 ffbef900 003c1000 ffb99d00 0041d600 ffccda00
PCM 007118 002b2PCM 007120 0040e000 ffc76700 0033d300 ffd87e00 001f6200 ffc8c60000 ffe30400 00196500 ffd74000
PCM 007130 00231300 fffc9c00 0000d76c00 00254e00 ffd3a100 002d4a00 ffdfac00 00163c00 ffe25100
PC7500
PCM 007158 ffdd7400 000ec000 ffedf700 000fa100 ffeeb300 000
PCM 007160 ffd5be00 00148700 ffe61c00 00192c00 ffe17400 fffe4bb00 0033f500 ffca3500 002e0100
PCM 007170 ffd29a00 004c0100 ff600 004e5400 ffaa4c00 00436d00 ffb4a400 00466a00 ffb66e00 0058ad3800 00562d00
PCM 007190 ffa40d00 00402400 ffbbf100 0028e700 ff7200 006f8300 ff8b7c00 007c3800 ff7cad00 00698100
PCM 0071a8 ff 004aed00 ffad8a00 0051ad00 ffab0900 00583800
PCM 0071b0 ffa1d1CM 0071b8 ff87b400 00838300 ff744600 00886f00 ff6fb000 00748700 ffab2f00 0050f300 ffa7d700 003f5200
PCM 0071d0 ffba9b00 0028bb00 ffd03d00 0034fe00 ffc4d800 004de800 ffaa8f00 0062c300
PCM 007071e0 ffab6a00 0059c900 ffa1a000 00487a00 ffb15c00 007d1800 ff7bc4700 00664a00 ff93a000 00825200 ff786400 007e9e00
PCM 0071f0 f00 ff789700 0093dc00
PCM 0071f8 ff684e00 009b9700 ff5f2b00 0086 00923f00 ff680f00 00892200 ff725600 009e7900 ff596400 00a912000 ff4f8100 009f9300 ff5a8d00 00a1c100 ff575500 00908d00 ff6cd3006d000 ff724000 008cdb00
PCM 007220 ff68df00 00b54300 ff435200 0ff5c9100 009aa800
PCM 007230 ff5cc900 009e3e00 ff542500 009b5200 ff5cc900 008e9000 ff6c4800 00a2c200
PCM 007238 ff5b0500 00a94f00 ff524600 008f8600 ff68d000 008d2800 ff6fcf00 00933400
PCM 007240 ff654600 0089d900 ff6f1200 008a7900 ff73fa00 007e4c00 ff7e9400 007d6b00
PCM 007248 ff807d00 00718000 ff85ae00 00874000 ff71e000 00816300 ff78a800 006c7d00837b00 ff773d00 007a9c00
PCM 007260 ff7f2b00 00665800 ff989900 00795400 ff822d00 00781300 ff863b00 006fd400
PCM 007268 ff8d7700 00469700 ffb59100 00423300 ffdbf00 0042e400 ffbbc900 003e8800
PCM 007270 ffbc5e00 00572800 ffa89900 005f6300 ff9ada00 006e2400 ff89d600 0057ce00
PCM 007278 ffa64600 004a4600 ffaee700 007da800 ff7c8500 006df100 ff8cc600 004ce600
PCM 007280 ffa9be00 004b9100 ffac8a00 00330b00 ffc58f00 002fdd00 ffccbd00 00287300
PCM 007288 ffcd3200 00388d00 ffc37800 00303400 ffcd3400 001d3f00 ffd94300 0020fc00
PCM 007290 ffdcf900 00192000 ffde6600 fff59e00 0003b500 ffec3d00 000f0f00 fffcf600
PCM 007298 ffff6800 0002a500 fffa0100 fffa8500 0001f400 0007b800 fff2db00 00122d00
PCM 0072a0 ffe4bb00 0009db00 fff27f00 0011b200 ffe99500 000d6a00 fff07300 fffbda00
PCM 0072a8 fffdaa00 ffe93d00 0013c800 ffb9de00 0041de00 ffc11500 00396700 ffc10b00
PCM 0072b0 003cd500 ffa2c700 0056f400 ffa51b00 0059e900 ffb49700 00457500 ffc8c100
PCM 0072b8 00353c00 ffe49900 0017bc00 ffe77b00 00141c00 ffdca700 0020d400 ffd1f500
PCM 0072c0 00288e00 ff72c8 00473b00 ffaeb500 004e2700 ffa4c800 005c1700 ff7e0d00 00804ff719d00 008bed00 ff997a00 0064ee00 ffaed100 0051e700 ff9bfa00
 ff886700 00794600 ff718f00
PCM 0072e0 008b4c00 ff673300 0095b61e00 ff3bc900 00c4b400 ff331600 00c9ee00 ff278f00
PCM 0072f0 00d7e600 ff320100 00c91600 ff35dd00 00c8e100 ff42ba00 00bacb00 ff47d200
PCM 0072f8 00ba2e00 ff670e00 00975b00 ff66c800 00940200 ff5bcf00 009df700 ff7bf000
PCM 007300 00845900 ff690a00 00945300 ff4cf200 00b05400 ff43da00 00bc6d00 ff395400
PCM 007308 00c10600 ff3f2100 00bd3800 ff51b700 00aade00 ff4f1600 00ac9d00 ff2f0800
PCM 007310 00cd1a00 ff1f8100 00daac00 ff3c4500 00c70800 ff3bd000 00c05f00 ff326500
PCM 007318 00cbc100 ff365a00 00ca2f00 ff14ec00 00e9a800 ff1a6d00 00e29a006500
PCM 007320 00ea5200 ff232c00 00d8f200 ff2c7700 00d2c100 ff31b500 00cdfb00 ff27f700
PCM 007328 00d3f400 ff2cbf00 00d4ee00 ff259900 00d7db00 ff17fa00 00e64300 ff1d5a00
PCM 007330 00e18a00 ff4b8900 00b25b00 ff70df00 008abb00 ff4bf000 00aeed00 ff32c300
PCM 007338 00c7ff00 ff280700 00d77100 ff054700 00fc8500 ff1a0d00 00761200 ff4d8600 00b3b600 ff34a900
PCM 007348 00cda700 ff36ff54d400
PCM 007358 00abe700 ff56ce00 00aa0100 ff3d5500 00c4550 00d48200 ff11c600
PCM 007360 00f2ea00 fefdf300 01029500 ff0b1900 00f17600 ff239600 00dbcd00 ff2cb700
PCM 007368 00d06200 ff2bbc00 00d7be00 ff268000 00da2400 ff1b3900 00e7b000 ff3f0300
PCM 007370 00c13400 ff331400 00cb2f00 ff348d00 00cb6300 ff23e800 00d9fe00 ff322c00
PCM 007378 00cb7200 ff363200 00c9ae00 ff471000 00b9f300 ff2f8800 00cdcc00 fefd9400
PCM 007380 01047000 fefe6500 01036700 ff055700 00f80f00 feffa700 00fccc00 ff1dde00
PCM 007388 00e06d00 ff470900 00b77b00 fff1e9200
PCM 007390 00dcd800 ff303500 00d12700 ff2fe200 00cad90039700 ff435800
PCM 0073a8 00b8f900 ff544400 00a93300 ff566d00 045700 ff6eaa00
PCM 0073b8 00940500 ff45d300 00b8ec00 ff463a00 00b90c00 ff4c2d00 00af7c00 ff49e800
PCM 0073c0 00b90f00 ff579d00 00aab600 ff4a2000 00b17f00 ff449700 00b7f000 ff52ca00
PCM 0073c8 00ae3d00 ff545800 00ab8b00 ff5800 00860500 ff7ee700 00811c00 9600 005c9f00 ff9eb900 005e4c00 ffa88800
PCM 007400 0054fd00 ffa53b00 0054b800 ffa05100 0059e90 0070e100 ff9b5000 00611100 ff9a2d00 00604000 ff849a00 007a2d00 693d00 00950c00 ff736200 0088d700 ff937d00 006b3100 ffa8d300
PCcb300 ff928d00 006c5900 ff7ddb00
PCM 007428 007e6d00 ff97e300 0 ffc6fc00 00346700 ffcd6500 0030a300 ffd6cc00 00239800 ffed14000 00107900 ffdf6b00 00207100 ffbcd200 003ebc00 ffb71200
PCM 007f00
PCM 007450 00412f00 ffc2e500 00358100 ffdde500 0024da00 00000 fffb0500 00079d00 ffff6100
PCM 007460 fffd5c00 ffe32600 00157900
PCM 007468 ffeead00 00119900 ffec1b00 000c3100 fff4f700 000b9a00 fff18600 0013ea00
PCM 007470 ffe92f00 00009f00 fffdfc00 00172300 ffe37f00 002baf00 ffcdd700 0044f900
PCM 007478 ffb3f800 004cdf00 ffa9d600 00520200 ffab9a00 00424c00 ffbd6400 00283d00
PCM 007480 ffd27f00 000ef400 fff0bc00 00114f00 ffec2100 0020f800 ffd8a100 0017ba00
PCM 007488 ffe32200 000a1b00 fff0e500 00102000 ffeabe00 000acf00 ffec2f00 fffef700
PCM 007490 fffdb300 00167900 ffe42200 001b3c00 ffe09500 002e5400 ffcd4600 0044cf00
PCM 007498 ffb71500 0027f100 ffd0e800 003b9b00 ffc01d00 0054ea00 ffa4c300 005b3d00
PCM 0074a0 ffa6bc00 ff93a900 005b7e00 ff9cab00 004f4e00
PCM 0074c8 ffaea400 0700 ffa75a00 0057e300
PCM 0074d0 ffa2f200 00773b00 ff80c700 008650a00 ff93df00 007b3000
PCM 0074e0 ff833a00 006c0300 ff8fad00 00666a00 ff954300 00713500 ff86f100 005c9000
PCM 0074e8 ff9b2e00 0049cd00 ffb06a00 00424d00 ffba4e00 00367a00 ffbeab00 00363800
PCM 0074f0 ffc3db00 0013f600 f 001f4200 ffd99c00 000d2700
PCM00203d00 fff48f00
PCM 007500 00063200 001c5c00 ffde3800 0036e600 ffc54900 0043b700 ffb72000 002be500
PCM 007508 ffd0ea00 002b4e00 ffd32000 002ae200 ffd01b00 002ae700 ffd1f200 00123500
PCM 007510 ffe65a00 ffe62400 00183d00 00073500 ffefc200 00142e00 ffe56600 00288b00
PCM 007518 ffd32300 00287200 ffd0f900 00127100 ffe2e200 00117100 ffe83a00 00128b00
PCM 007520 ffe86300 fff7e700 0003ab00 ffd58100 00241900 ffccec00 002bea00 ffd90100
PCM 007528 00260c00 ffe7de00 00113b00 00099e00 fff1c500 001e2100 ffdb4800 fff86a00
PCM 007530 00087000 ffd78d00 00270b00 ffdbb500 0020c000 ffd0e700 002b4600 ffcb6600
PCM 007538 00336f00 ff9f7300 005cb100 ff7bc400 0081f300 ff99ea00 0064dc00 ff9da800
PCM 007540 005c4100 ff80ea00 007f0700 ff96a000 00663500 ffbac000 00459f00 ffaf2800
PCM 007548 004ecb00 ff822100 007c9200 ff60d600 009ed300 ff576a00 00a89a00 ff551400
PCM 007550 00a81600 ff417000 00b88e00 ff4e6700 00b07300 ff5f6900 009cf400 ff548100
PCM 007558 00ada200 ff3d9500 00c03000 ff392f00 00c60500 ff29ee00 00d3b200 ff2ac900
PCM 007560 00d04300 ff3dfc00 00c1b200 ff377c00 00c65200 ff118700 00ee5c00 fefb1800
PCM 007568 0104e700 fef53900 0109fb00 fefae600 0104fd00 fef58c00 010ab500 fefc5900
PCM 007570 0103b800 ff1f5000 00e2e300 ff4b3e00 00b6b21cde00 ff018f00 00fde100 ff024100 00fd8600 ff108f00 00f34500 ff3f51300
PCM 0075a8 01091c00 fef0f500 0111a000 feedb500 01172d00 fef45700 01093800 fedf8a00
PCM 0075b0 0122e400 fef26300 01116000 fedd4300 0122fa00 fedd5400 0127c800 fed94100
PCM 0075b8 0129bd00 fec88b00 013a4100 fecc7600 0 011dc500 ff03e200
PCM 0075c0 00ff2500 ff1ebf00 00e23e00 ff158600 00efb400 feedb300 01153000 fec3c900
PCM 0075c8 013c6a00 fee90114d000 fef93900 01066a00 feeff900 010e4300 fee25500
PCM 0075d0 0120fe00 feda0100 01265300 feefefc3d00 01068300 fefe8d00
PCM eb2d00 ff135b00 00ed3300 ff0f4800 00f05000 ff284300 00dbe900 ff3 0075f0 00cbba00 ff475b00 00b6ec00 ff33e100 00cd3b00 ff40c000 00bf3600 ff4fd400
PCM 0075f8 00afef00 ff43b600 00b9ff00 ff391800 00c89900 ff1ac300 00e8f000 ff13f500
PCM 007600 00effb00 ff15fa00 00e99600 ff19ce00 00e83f00 ff1f0200 00e2a900 ff1d3400
PCM 007608 00e48600 ff323800 00d17a00 ff391800 00c80f00 ff315a00 00cd3200 ff3a5100
PCM 007610 00c9ca00700 00d60700 ff118400
PCM 007618 00f07400 ff0dfa00 00f68700 ff2 00941b00 ff662100 009ab700 ff653d00 00982200 ff659b00
PCM 007630 009a6400 ff4f3500 00adb400 ff475000 00b42f00 ff574800 00a5f000 ff495800
PCM 007638 00b5a200 ff4df000 00b26800 ff542100 00afc300 ff65dc00 009ebd00 ff5ab200
PCM 007640 00a25100 ff43ce00 00bca200 ff3b8d00 00c27300 ff556700f6a3d00 0098ea00 ff6bcc00 00920d00 ff7d4500
PCM 007650 0087ac000749600 ff88e100
PCM 007658 00719a00 ff79e700 00854600 ff8b2000 006fca00 ff879100 0075aa00 ff73d300
PCM 007660 0088f500 ff7d0000 007fcf00 ff88f400 00743d00 ff9bcc00 00643b00 ff909000
PCM 007668 006caf00 ffa55800 00599d00 PCM 007670 00593100 ffacc800 00505e00 ff902d00 006dd400 ffad560078 004a4300 ffac1600 004b8800 ffb82100 00418b00 ffcc2d00 002fda00 ffc30000
PCM 007680 0038a000 ffcc0d00 00326200 ffd20200 002c9500 ffb18f00 004d5800 ffb3fc00
5600 ffd2ec00 002f4400 ffd2ee00 002e0900 ffd03c00
PCM 007690 002fe700 ffe44d00 00193700 ffdd6d00 00200e00 ffe34100 00188700 fff37800
PCM 007698 00097c00 ffeeb900 000c3d00 ffe9fa00 00159e00 ffea4f00 00132b00 ffe6c600
PCM 00 ffdf0600 001fb000 ffe34600 0016d000 ffec0300
PCM 0076a8 0014100 0018bf00 ffe39d00
PCM 0076b0 00167500 ffedcc00 00132600 fff500178e00 ffe56500 0014cc00 00083f00 fff4a500 003a3300
PCM 0076c8 ffc11300 001eae00 ffe09a00 fffde400 fff9b500 ffdf4600 001e2900 ffef8f00
PCM 0076d0 000d7100 000f6900 ffef4a00 000d1000 ffee3500 0015fc00 ffe7d800 000bce00
PCM 0076d8 fff09000 ffff8f00 00020c00 0013a100 ffe94b00 002c8000 ffcb6300 004b5e00
PCM 0076e0 ffaee600 0046c700 ffb39b00 00244800 ffd50200 001edc00 ffdd7e00 000e5500
PCM 0076e8 ffe71a00 000ab800 fff11300 002c0600 ffcc7800 00513000 ffa5f400 00454500
PCM 0076f0 ffb7b300 003e3100 ffbe7800 0036d900 ffc88800 00387200 ffc3e600 0020a500
PCM 0076f8 ffda4600 002cad00 ffcd8100 002cb200 ffca0c00 00299600 ffd2b800 00314100
PCM 007700 ffca7000 0043b500 ffb69f00 00501c00 ffa74000 0053b900 ffa85500 0063e700
PCM 007708 ff9a4600 00758600 ff838500 0060f700 ff9a6900 005c7000 ff9ceb00 003f0400
PCM 007710 ffbb6100 00268000 ffd55a00 001c1700 ffdaa400 002a8300 ffcc3300 003be700
PCM 007718 ffbe1d00 00673c00 ff90900 0064eb00 ff984100 006b1e00
0 ff94af00 004f5600 ffabf700 003f9600 ffbda500 004a9d00 ffb07000 00530500
PCM 007738 ffa5b300 004c6f00 ffafc500 005e6300 ff9a1100 004da400 ffa72b00 00396800
PCM 007740 ffc00700 002ae100 ffcc7300 00369100 ffc77700 0057a500  ffa79500 00683300 ff913800 0063d900 ff96e800 00652500
PCM 0077M 007760 ffa24a00 00762b00 ff884700 00691500 ff8e2100 00739e00 f007770 ffb05f00 00391e00 ffc3ad00 002a4a00 ffd02b00 0021cd00 ffd25f200 ffd1b600 0012d200 ffe5cc00 00334d00 ffc7a400 00370f00
PCM 007788 ffc3da00 00314100 ffcc1800 00354700 ffc76f00 000cd300 ffee7900 ffe7d500
PCM 007790 00166600 ffe83700 00152700 ffe39400 001ba900 ffdb2000 0020c200 ffde6000
PCM 007798 001ea600 ffcf7f00 002e0700 ffb64e00 00490100 ffbaf300 0046e700 ffbdf900
PCM 0077a0 003dff00 ffacb600 004ca800 ffba1a00 00467800 ffc52000 0036f200 ffb95400
PCM 0077a8 0045d100 ffaa0500 0052df00 ffb28000 004ae700 ff9b3500 0061a900 ff990c00
PCM 0077b0 00656100 ff85f900 00756d00 ff7b2e00 0082b300 ff6ed700 008e5a00 ff654200
PCM 0077b8 00951400 ff654400 00983100 ff7a9200 00834200 ff7ea600 007e4900 ff80c500
PCM 0077c0 007c5e00 ff988c00 0065cd00 ffacb500 0050e800 ffbd9100 00432f00 ffc14000
PCM 0077c8 003eb000 ffb3c200 004d5700 ffa35900 005efe00 ff871200 0076a000 ff779f00
PCM 0077d0 008ae000 ff8cf900 006ed400 ff9cda00 00610f00 ff9b4200 00634800 ff7db500
PCM 0077d8 00826d00 ff473b00 00b8c500 ff47f500 00b60f00 ff498b00 00b4f500 ff504500
PCM 0077e0 00ad0800 ff41f400 00bec900 ff40f200 00c0d700 ff55ce00 00a9c900 ff5c5c00
PCM 0077e8 00a45200 ff6f4b00 00926500 ff7eeb00 007f5700 ff72f500 008d8200 ff5f2c000 ff4ae000 00b68600 ff3b0700 00c53e00 ff320e00 00cb8b00 ff401600 00c98900 ff354d00
PCM 007808 00cb7500 ff329300 00cb6400 ff3f91ff287300 00d76500 ff21bb00
PCM 007820 00dd7d00 ff194a00 00e6ee00 ff3ded00
PCM 007830 00c48900 ff4f6b00 00b02f00 ff5b3500 00a250 ff7dae00 007df200 ff6bb900 00948900 ff880a00
PCM 007848 0073f900 ff720e00 008bba00 ff6f4a00 008f9500 ff622500
PCM 007858 0099100
PCM 007860 0095e500 ff679c00 00974500 ff701400 008cb100 ff77c800 00881200 ff7a0d00
PCM 007868 00816f00 ff70b500 008f0500 ff70fb00 008ce800 ff750300 0089f200 ff87c900
PCM 007870 00759600 ff8cae00 00735700 ff87db00 007878 00828200 ff7e5f00 007d3100 ff8c2c00 0071f100 ff91f700 006e9200 ffa20600
PCM 007880 005d8400 ffbb9000 0043f900 ffb1f700 004fff879400 00792300 ff7b1900
PCM 007888 00828b00 ff7e6f00 008385007890 00821500 ff7a9500 0089b300 ff706100 008f7100 ff738400 008f0300 ff689900
PCM 007898 00957700 ff790400 00866000 ff906700 0071f700 ff8b4800 0072bd00 ff92bf00
PCM 0078a0 0068f700 ff9df300 005fc700 ffb28100 0050c400 ffa14400 005dd400 ff923a00
PCM 0078a8 00704000 ff990b00 0069c100 ffaed600 004cce00 ff950800 0065a200 ff89e900
PCM 0078b0 0073b900 ff91e100 006e4900 ff983900 0064e200 ffa58700 005a0700 ff9a4e00
PCM 0078b8 00655600 ff9da700 005bf100 ff8e9600 006c9d00 ff806800 007d6500 ff927400
PCM 0078c0 006d0e00 ff8d4800 0074d200 ff7bdf0a5d100
PCM 0078e0 0059cf00 ffa80300 0054b800 ff938200 00686600 8c800 0064b800 ff97f800 00648400 ffa1fd00
PCM 0078f0 00578c00 fc91c00
PCM 0078f8 00329000 ffbb6000 003dda00 ffbf9500 003f5500 00
PCM 007900 00404f00 ffbdcc00 0040ce00 ffbb5400 0044d500 ffcf9c00 002e3c00 ffcbd900
PCM 007908 002ff000 ffbafc00 00411a00 ffde0600 0020f900 ffeb8700 000fa600 ffe2bd00
PCM 007910 0019d200 ffe76400 0016e000 ffd41400 00290e00 ffc9c400 0032c200 ffcb3d00
PCM 007918 002fa800 ffcdd000 002dce00 ffeaa000 00175c00 ffe4b600 00193500 ffdd5d00
PCM 007920 0023ff00 ffd43d00 0027db00 ffc7c6a00 ffee6500 0013e900 ffeb1100 00117800 fff6ce00
PCM 007930 0000 fff65800 00093b00 fff84800 000ca700 fff1bc00 00259c00
PCM 007 ffed7100 fff8e000
PCM 007948 00048000 ffef1100 000e7c00 ffeae90 ffdf2e00 00297900 ffd22c00 00374900
PCM 007960 ffc55d00 00333000 ffca1900 0031d200 ffd10e00 00311700 ffce6100 00401200
PCM 007968 ffb96300 002d4e00 ffce0100 00281200 ffd13d00 004be600 ffaee500 00667100
PCM 007970 ff95c300 006edf00 ff8a6400 006e9a00 ff8f9e00 006abd00 ff8e7f00 00835b00
PCM 007978 ff796400 00745400 ff879600 007e7100 ff7a1700 00849500 ff767300 00741e00
PCM 007980 ff846a00 00668e00 ff8e4e00 0060da00
PCM 007988 ffb7cc00 0044d000 ffb87b00 003cc200 ffbca800 00 ffa8ff00 00643800 ff91f000 005a9600 ff9b3e00 006ada00 ff8f5200 00696800
PCM 007998 ff951600 0 00781700 ff832200 00646800
PCM 0079a0 ff941e00 006ac900 ff8f5c
PCM 0079a8 ffb30900 00581500 ffa28700 005b3f00 ff9ee600 00696e ff8ae700 008beb00
PCM 0079c0 ff6eb500 007f6b00 ff7b4800 005b1800 ff9b4900 00522700 ffa5b800 00574f00
PCM 0079c8 ffa61800 00529d00 ffaa3600 0079a800 ff825c00 0067ef00 ff94ad00 0060af00
PCM 0079d0 ff99b500 00768800 ff81ed00 00778e00 ff803e00 00649b00 ff9 ff6f2500 0095ba00 ff613600 0098e500 ff633400 00870800
PCM 0079e0 ff739b00 007ab000 ff812400 007a9c00 ff7c8200 0064d300 ff909600 00567e00
PCM 0079e8 ffa47b00 00474f00 ffafda00 0052bc00 ffaa4600 005c3800 ffa07400 00683a00
PCM 0079f0 ff92fe00 00689200 ff8f5700 0059f300 ff98d000 005d5700 ff9b4100 005e6000
PCM 0079f8 ff9d2d00 005c0500 ff9a9d00 0049e500 ffac8100 0051f800 ffa6ae00 006ba100
PCM 007a00 ff902d00 005f6000 ff9cb200 006c0400 ff8bcc00 0065aa00 ff946800 003df800
PCM 007a08 ffbb2300 003b5e00 ffbf0a00 00406000 ffb99500 003cde00 ffbc3900 00488300
PCM 007a10 ffb40600 004b2d00 ffb10800 00403400 ffbb2e00 003bd500 ffbec900 00339500
PCM 007a18 ffc81600 001f9a00 ffdc1300 00217e00 ffdbd400 000cb500 ffe97b00 0006e100
PCM 007a20 fff3e000 001d0500 ffdf0d00 fffdfe00 fffc8b00 ffd47800 0027ff00 ffb31300
PCM 007a28 004a7900 ffad0700 0050c100 ffc0ff00 0039b900 ffdbc800 001f3800 ffd78400
PCM 007a30 00254400 ffc5d800 0033dc00 ffc94a00 002f8900 ffb3c600 00468800 ffb25500
PCM 007a38 004cb100 ffbc1200 00405d00 ffad6a00 004dda00 ff999b00 00637e00 ff9d4b00
PCM 007a40 0061c700 ff987f00 0068b200 ffa0d100 005ad600 ff9de300 00631900 ff98a500
PCM 007a48 00643400 ff930a00 006e6c00 ff84cf00 007a5c00 ff975600 00666000 ff81d800
PCM 007a50 007a8800 ff938300 00696d00 ff9bbc00 00617700 ff84c400 00779600 ff9ca200
PCM 007a58 00640a00 ff9a3100 0064ca00 ff805300 007ec500 ff609d00 009edc00 ff700700
PCM 007a60 008f4300 ff69c500 0096a000 ff695600 00952e00 ff759900 00835400 ff701a00
PCM 007a68 008db000 ff6f7700 008d1600 ff678400 0092aPCM 007a70 00ddd000 ff1d2500 00e98 00a94600 ff51a200 00a86900 ff5b0f00 00a18000 ff517d00 00ad77000804a00 ff5b1000 009d8b00 ff677700 0095d300 ff5e3900
PCM 007ab0 009bd100 ff657300 00963e00 ff800 ff935700 00684100 ff7d4200
PCM 007ab8 007e2e00 ff768200 0088c400 ff61c000 009d7800 ff911a00 7ac0 006d7c00 ff879b00 0070e400 ff75b200 008b5b00 ff7e7200 00803200 ff86bf00
PCM 007ac8 007a0d00 ff819b00 007a8500 ff8f3800 006bc400 ffae9c00 004e4c00 ffb10600
PCM 007ad0 00466a00 ffba8800 00430300 ffb24800 00477f00 ffa89400 00525200 ffb0ff00
PCM 007ad8 004de100 ffb9da00 003dfe00 ffb15d00 004c9500 ffb7f800 00446400 ffacfe00
PCM 007ae0 00529100 ffa87500 0057c400 ffadc500 004ff400 ff9ae300 00635700 ff7ee100
PCM 007ae8 007b2a00 ff6dc100 008e2c00 ff630b00 00989c00 ff7e3700 007dec00 ff88c900
PCM 007af0 00780700 ff621500 009c7f00 ff76ab00 00874900 ff827f00 007b9a00 ff9b9700
PCM 007af8 0060d900 ff955400 00665f00 ff9fa100 00605700 ffa85f00 0055f100 ff8f5900
PCM 007b00 006d9300 ff82df00 00809800 ff78a700 0081c900 ff9c3f00 005f2500 ffa40900
PCM 007b08 0057cb00 ffc7cd00 00368400 ffc2ac00 003a2200 ffcd8a00 00285a00 ffd2b500
PCM 007b10 0029e000 ffcbe100 00369d00 ffc4c900 00372f00 ffcbab00 00317e00 ffb10700
PCM 007b18 00466200 ff98cd00 00632400 ffa89100 0055ea00 ffc42500 003aa100 ffd55000
PCM 007b20 0025fc00 ffd8bf00 0024f900 ffdd3000 001fd700 ffe92200 0012f900 ffdce900
PCM 007b28 001e4b00 ffdf3200 00198200 ffd1b800 00290900 ffcbc400 0031e300 ffe85a00
PCM 007b30 0011c400 ffffef00 0000dc00 fffef500 fffacf00 00067200 fff61e00 fff12900
PCM 007b38 000afe00 ffe30b00 001a0400 fff84d00 0005a500 fff32400 0009a600 ffe40500
PCM 001800 0021eb00 ffdd1200 001f2700 fff07100
PCM 007b50 000d5000 ff 001b7100 ffe09100 001c1d00 ffe1b300 00181500 ffe5b700 0016f900 0 ffeeb900 fffcdc00
PCM 007b70 fffdd400 ffefad00 000a4d00 00017700 fff55300 00059800 fff20f00 000a8900 ffe68c00
PCM 007b88 001ff3be00 0018c900
PCM 007b90 ffe40100 001b2700 ffe1a100 00265800e2ab00 0016eb00 ffe45500 00077000
PCM 007ba8 fff0ea00 0007f200 fff62300 00257800 ffd51900 00272fb33900 003a9e00 ffc13600 00375500 ffc66500 00289500
PCM 007bb8ef00 00301d00 ffcc5e00 00312900
PCM 007bc8 ffc7ee00 00312800 ff0 ffc3ce00 00251800 ffd54f00 0022a900
PCM 007bd0 ffdb1700 0041fc00 ffbb1c00 00455100 ffb68200 00427d00 ffb7d600 0033bb00
PCM 007bd8 ffc15000 00194500 ffdf2e00 002cb500 ffcef500 0030b300 ffcba100 00300f00
PCM 007be0 ffca7e00 004d6500 ffae0b00 005fd200 ff9a9d00 00799800 ff7a9700 00752f00
PCM 007be8 ff858100 00709c00 ff885900 0076d200 ff802a00 007b0400 ff829f00 006b9b00
PCM 007bf0 ff8fe100 006af300 ff8e4100 005e9400 ff994b00 005ce800 ff993b00 006e2800
PCM 007bf8 ff8c1500 006a4700 ff917900 006b8b00 ff902000 0081d800 ff78ae00 00904b00
PCM 007c00 ff680700 0089b400 ff6e4900 00813100 ff7bdc00 006b1d00 ff8efd00 00712200
PCM 007c08 ff8a5400 00626600 ff95e500 0079c900 ff7c6b00 00839e00 ff770700 00841a00
PCM 007c10 ff73da00 00881
PCM 007c20 ffb8fb00 004bb200 ffacdf00 005df200 ff987300 005c32051ba00 ffa5bb00 0051e500 ffa9e400 00595600
PCM 007c38 ff9d5000 08e00 00465e00
PCM 007c40 ffb2b600 0042e400 ffb1d900 003fd400 ffb9b100 002ef400 ffce9d00 002a5600
PCM 007c48 ffd14400 00394900 ffc2a600 0037b700 ffc5f900 00328700 ffc8df00 002cef00
PCM 007c50 ffcdcc00 000ac400 fff08100 00119700 ffe8c500 000d7900 ffed8b00 00068000
PCM 007c58 fff80600 f6bf00 0000f600 fffd8b00 ffe7d700 00109b00 fffd9300
PCM 007c60 fffecd00 00040000 fff65d00 0010e900 ffee4300 fff9ff00 00011500 fff9c400
PCM 007c68 0005a900 ffefd200 000fc500 fff53e00 00090e00 ffec9a00 00133f00 fffb5300
PCM 007c70 0000de00 fff1f500 0009e100 fff30000 00091100 00171f00 ff193400 ffe11700 001b5400 ffebb600 00102800 ffe09700
PCM 007c80 006de500 ff7ee900 00844600 ff7af500 0080df00 ff77c200 00860300 f600 007f9e00 ff93e400 00693e00 ff942c00 006f9300 ff8dfa00
PCM 0052b700 ffbbdd00 0041d300 ffa98b00
PCM 007cc0 00549500 ff8f1000008f6000 ff944900 006b3f00 ff883a00 00722200 ff903800 006cb100 fb100 007c9700 ff721b00
PCM 007cd8 008b8200 ff710c00 008d6200 ff70dc00 008c9100 ff547e00 00a7ca00 ff531f00
PCM 007ce0 00a86f00 ff4c9d00 00ade600 ff335800 00cdfa00 ff2e3400 00cf6c00 ff474700
PCM 007ce8 00b79900 ff43fd00 00b9b300 ff2c3e00 00d7bc00 ff405b00 00bf6300 ff818800
PCM 007cf0 0080ca00 ff80a600 00800300 ff641400 009a1d00 ff4a1300 00b73e00 ff540200
PCM 007cf8 00a4e100 ff72db00 008bf800 ff625500 009f5600 ff5a7000 00a60b00 ff5bf100
PCM 007d00 00a22600 ff5ab900 00a23200 ff5ad400 00a4fb00 ff472200 00b55200 ff590500
PCM 007d08 00a39d00 ff6b9100 00948800 ff64fb00 0097c900 ff5fd700 0098e600 ff6b8b00
PCM 007d10 0096ed00 ff646d00 0097ab00 ff4f7000 00acea00 ff5d7c00 00a1c100 ff57a800
PCM 007d18 00a1eb00 ff61d400 009ada00 ff6bf700 008ed700 ff65fc00 0097570562700 00aad700 ff5bc900 00a10100 ff597400 00a26600 ff514f00
PCM 007d28 00ae8c00 ff51ed00 00a85900 ff4f0900 00ae6200 ff4f3500 00b07800 ff52f800
PCM 007d30 00aa6d00 ff602900 009de900 ff4e0a00 00acf800 ff688d00 00912d00 ff725500
PCM 007d38 008ba000 ff605e00 009d2400 ff7a7900 00897400 ff9c0000 005e6700 ff9fc600
PCM 007d40 00614600 ff9cff00 00606400 ff9e2e00 0062ac00 ffa8d400 00583c00 ffae4f00
PCM 007d48 004fc700 ff988c00 0060cb00 ff894f00 00729300 ffa0cf00 005b5b00 ffa87b00
PCM 007d50 00572800 ff997200 00647d00 ffa84500 004c5c00 ffa84300 0054d400 ffb0d800
PCM 007d58 004cae00 ffbe0c00 003ede00 ffb3ff00 00499700 ffb3b400 0047d400 ff989c00
PCM 007d60 00689900 ffa44400 00572500 ffc88500 00351900 ffb71d00 00458e00 ffc39900
PCM 007d68 003e8600 ffbdaf00 003edf00 ffcf2c00 002f9300 ffce7e00 00289500 ffb58300
PCM 007d70 0044ee00 ffa81700 00551800 ffb6aa00 0049e300 ffaf8600 0046b900 ffabcb00
PCM 007d78 004ec300 ffa14100 005ae100 ffab5500 004df100 ffa4e600 0058fc00 ffcde800
PCM 007d80 002bdc00 ffc88300 00396400 ffbab800 003ea400 ffbb9b00 00409900 ffbfcc00
PCM 007d88 0039d300 ffb64c00 0047ce00 ffc32000 003f5a00 ffb6b100 00442400 ffb9e500
PCM 007d90 003f6500 ffdea200 001f2100 ffe4d900 00138200 ffd09b00 002b8800 ffc43200
PCM 007d98fd47a00 00281f00 ffd7cc00
PCM 007da0 00210d00 ffca2b00 002ed900d45800 00266500 ffddd800 0021ad00 ffdff100 0018aa00 fff6e800
PCfe74100 ffe77e00
PCM 007dc0 00114600 0002c100 fff86d00 00164900CM 007dc8 ffee8000 00067b00 fff56700 00111900 ffe8be00 00287e00 ffce5000 00363b00
PCM 007dd0 ffc7b700 00245400 ffd4f100 0013fc00 ffe77c00 00369d00 ffc73a00 00457100
PCM 007dd8 ffafb300 00494700 ffb2ac00 00483500 ffae8000 03c1800
PCM 007de0 ffbf8e00 00379200 ffc4ba00 00370b00 ffc40500 002d2400 ffca5100 00318100
PCM 316700 ffc8da00 00362800
PCM 007df0 ffc63000 002f8e00 ffcad600 7e00 ffacf700 003e7100 ffba1200 003a6b00 ffc05400 00510c00 ffaa5fb00 00b14700 ff461600 00a11100
PCM 007e18 ff54ce00 00a24f00 ff680a00 ff91b000 0057e100 ff9fc000 007e1800 ff77ad00 00a01700
PC00c31300 ff36c100 00aa3000
PCM 007e38 ff4ee900 00aa1c00 ff4fe000 00958a00 ff60c200 008ba900 ff712100 00991300
PCM 007e40 ff62b800 00929f00 ff660500 00901e00 ff6f0a00 007ed100 ff783700 0077a500
PCM 007e48 ff82a400 00791500 ff809a00 00805200 ff759900 007e8800 ff799600 0083fd00
PCM 007e50 ff756200 0086e200 ff718400 00946b00 ff64ae00 00855000 ff745300 0084ee00
PCM 007e58 ff76bb00 00981200 ff610000 008e6e00 ff673f00 00815500 ff7ad400 009de100
332000 00c5d600 ff332d00 00bc8300
PCM 007e68 ff3cb000 00c44400 009d9e00 ff5acd00 00a65300
PCM 007e70 ff4e8800 00a22b00 ff593208 ff5d1e00 00c52800 ff396100 00c44e00 ff33da00 00cc2500 ff299500
PCM 007e88 ff34f300 00babf00 ff42d500 00aa3100 ff503b00 009c4d0 ff1c1c00 00da9500 ff1efe00 00eb3800 ff082c00 00e4d900
PCM 007ea0 ff13c200 00d1d900 ff264700 00ddab00 ff1a4500 00e15400 ff199a00 00c11d00
PCM 007ea8 ff38a100 00d67a00 ff1ec600 00da6200 ff21f400 00c27e00 ff392a00 00b2fa00
PCM 007eb0 ff443700 00aed400 ffff302c00 00bdc400 ff3c4f00 00d8c200 ff258700 00c25200
PCM 007ec0 00b58f00 ff426500 00a6cc00
PCM 007ec8 ff53ed00 0092c000 ff642e8a00 00c3d800
PCM 007ed0 ff35ac00 00bf8e00 ff394f00 00bd8800 f0c47500 ff38d100 00c37d00 ff328a00 00dc9f00 ff1f9e00 00c89600
Pf00 ff4cc100 00a45400
PCM 007ef0 ff537100 0091c300 ff6af900 009CM 007ef8 ff57e300 00a46e00 ff510a00 00a5e700 ff534600 008bb100 ff6f7200 009ea900
PCM 007f00 ff5c9900 00b8ce00 ff3f0000 00aa9c00 ff509e00 00a17600 ff565b00 009eae00
PCM 007f08 ff572700 009dac00 ff57f400 00b1b100 ff4b9900 00bcee00 ff376d00 00be7000
PCM 007f10 ff381a00 00aed100 ff47f800 0096c300 ff663900 00734400 ff818900 0062fe00
PCM 007f18 ff951f00 00620800 ff9c7f00 00648800 ff942000 0056d500 ffa55400 00404c00
PCM 007f20 ffbcb300 002efd00 ffcbce00 0045f800 ffb7e100 004fff00 ffadc400 003f2c00
PCM 007f28 ffbc0200 0042ca00 ffb4b000 004aea00 ffae6500 00456700 ffb15100 005abc00
PCM 007f30 ff9dec00 06300 ff941d00 00668200
PCM 007f38 ff92b600 005f5b00 ff9a7600 0000 ffd4c300 002baa00 ffd2ba00 000e2100 fff17800 00050800
PCM 007f50 fff80e00 fff9d100 00056800 fff44900 00079400 fff52700 0006d800 ffefdc00
PCM 007f58 000d5a00 000b7a00 ffef3100 00098c00 fff15e00 0000d500 fffb4b00 000b5b00
PCM 007f60 ffed7700 00125000 ffe79a00 00077700 fff78000 fffd63fe7d500 000d9100 fff10800 00148fcf300 ffe9ba00
PCM 007f80 0014cf00 ffd88300 00231400 fff47b00 0007be00 ffe14100 001b5000 ffdd1800
PCM 007f88 001d5f00 ffdd5b00 001b6a00 ffd7f800 0021ce00 ffe88a00 0011a100 ffff6300
PCM 007f90 fffc9500 0009e500 fff2c500 fff48300 0005e500 ffea1f00 000f4200 00003300
PCM 007f98 fff9a800 fff3ce00 0009c100 000a2300 ffefdf00 001f8800 ffd99400 00208500
PCM 007fa0 ffdb2700 0009f000 fff18f00 0002a300 fffb4600 fffbd800 ffffce00 001ca600
PCM 007fa8 ffde3c00 001bf900 ffdbca00 fffc8900 00014200 ffed2700 00066c00 ffecd400
PCM 007fb0 000ed800 ffee3b00 00111500 fffd6b00 00012400 00 ffe03e00
PCM 007fb8 001bfd00 ffe9d900 0012e900 0008c800 fff0d600 fff7d900 00053600 ffefec00
PCM 007fc0 000d8b00 fff34700 00074c00 ffecbf00 000d8a00 fff5c000 00034100 000b2200
PCM 007fc8 fff3d700 001be200 ffe4a700 00107500 ffeab400 001e9c00 ffdedc00 002fed00
PCM 007fd0 ffcfe500 003a7200 ffbda900 0052dc00 ffa88d00 00521100 ffaada00 00479200
PCM 007fd8 ffb83000 002bc500 ffcf4900 00285000 ffd15300 001c3f00 ffdf9200 ffe9c500
PCM 007fe0 00140f00 ffdba800 001f8300 fff5d500 00081700 001ef000 ffdecc00 00329b00
PCM 007fe8 ffccee00 00359a00 ffc81a00 00500d00 ffa8ba00 004d00 ffd07700 00370500 ffc3b200 00337b00 ffc8e400 00239c00
PCM 007ff8 ffd41100 001eab00 ffdc7400 001a6d00 ffe3e100 00116300 ffecc200 000c1300
PCM 008000 ffefd500 00156f00 ffe77b00 003e2400 ffbe8e00 0043ed00 ffb4f100 004f1900
PCM 008008 ffac4500 00705900 ff8a0000 0071e100 ff8a5b00 00607d00 ff98cc00 005e1f00
PCM 008010 ff9b4b00 004f9b00 ffa86300 0060cf00 ff9ac900 00693a00 ff8ef100 00740500
PCM 008018 ff881e00 006eea00 ff896800 00755d00 ff86c700 0062e600 ff997000 0054f000
PCM 008020 ffa55d00 00558300 ffa8ed00 00621c00 ff97f600 0073e400 ff8a5d00 0058c900
PCM 008028 ffa35100 005fc200 ff9e3500 00710d00 ff879d00 00777b00 ff849b00 0095f900
PCM 008030 ff61fe00 00843600 ff70df00 0076dd00 ff815900 00079fe00
PCM 008040 ff829b00 007fb700 ff7ad400 007e7b00 ff7f1d00 00780300 ff841900 0079dc00
PCM 008048 ff801600 00625200 ff982500 00872800 ff73ed00 00889800 ff706200 007e4300
PCM 008050 ff7e2f00 00a2e500 ff55dd00 00aa7200 ff4d2400 009f1e00 ff584600 007cb700
PCM 008058 ff7b2500 00899c00 ff711000 008cf600 ff6b1500 00985000 ff62ce00 00cbe700
PCM 008060 ff2ad300 00d66100 ff268e00 00e6d800 ff115000 00de8b00 ff1a8f242d00 00ce9200 ff2c8300 00c88200 ff2fe300 00b25b00
PCM 008078f2f1c00 00bc0200 ff421a00 00bb3000
PCM 008098 ff3f6500 00c66c00 ff312900 00bd3e00 ff3c3800 00d19f00 ff2b7000 00eb1700
PCM 0080a0 ff0d8900 00e51100 ff13cb00 00cbf900 ff2b6500 00c44a00 ff337100 00e95f00
PCM 0080a8 ff12c500 00ec1000 ff0ef900 00dc6300 ff1cf200 00d93a00 ff1dbb00 00d32d00
0f45500 ff029400 01064600
PCM 0080b8 fef22800 01208600 fed7640000 ff0c1c00 00ee2900 ff0b4600 00edf400 ff08cb00 00f47100
PCM 0080d0 ff04a400 00fc7500 fef8a900 00f02000 ff096700 00f42d00 ff06c000 00e67000
PCM 0080d8 ff102100 00f1d100 ff040800 01047400 fef19d00 01052600 fef4de00 0116e000
PCM 0080e0 fede8b00 011c2b00 fedb3700 01140e00 fee18900 00ffee00 fef9a500 01160000
PCM 0080e8 fee0ba00 012a5e00 fece4100 01418000 feb42500 01349a00 fec0a400 0141ff00
PCM 0080f0 feb7e500 012cd300 fec98f00 011b1600 fedca400 01106000 feea9a00 011c7900
PCM 0080f8 fed94600 01406e00 feb42200 01416900 feb88800 01333700 fec30300 013c6500
PCM 008100 febe3b00 01259400 fed4c300 010cdc00 fee8a700 00f8a700 ff030000 010e0f00
PCM 008108 fee9d500 01110700 fee4c100 01135200 fee33c00 01 fef2fc00 00fa8c00 fefcd700 0102a700 fef72c00 010f3100 fee8eb00 00f31000 ff045300 00f24d00 ff05d800 00f3b600 ff08b200 00f43800
PCM 008120 ff083a00 00f00000 ff080100 00ecd200 ff0c8500 00ed6400 ff0df800 00f69a00
PCM 008128 feffa200 00ffbf00 fefca600 00ff1400 fefd0000 00f7e600 feffb700 00f80300
PCM 008130 ff00d300 01048100 fef36500 00f7be00 ff027f00 00e52300 ff12d900 00ea0200
PCM 008138 ff11ae00 00d50000 ff28180c1af00 ff35f300 00b58b00 ff41d900 00bbca00
PCM 008140 ff3ba300 00c85100 ff337900 00cabd00 ff2f6400 00e7b300 ff0ee500 00ec1700
PCM 008148 ff0d6900 01028d00 fefa6700 00fcec00 fefe9c00 00f0d900 ff0c8500 0101b300
PCM 008150 f178 ff581400 00953800 ff65d800 0088b100 ff748800 0086cb00 ff7177797f00 ff808700 00630300 ff9d9800 0079f000 ff820500 008bea00
PC900 0084c400 ff756200 00876800
PCM 008190 ff6ff300 0094fe00 ff6ff991000 00414100 ffbd4c00 00383400
PCM 0081a8 ffc29100 00350c04a900 00338d00 ffc74a00 0041e400
PCM 0081b8 ffbe0100 00308600 f9a00 fffae700
PCM 0081c8 00020500 ffee6900 000d7100 fff86f00 00ac00 00160800 ffdb9800 0025ee00 ffca4900
PCM 0081e0 00315f00 ff 0025af00 ffc84400
PCM 0081e8 003aab00 ffcc6800 0031a500 ffe2ad0081f0 0032b000 ffc8a800 0036b400 ffa81c00 00580400 ff99a700 0068d00 00301200 ffd06900 0029ec00 ffd37900
PCM 008208 00284e00 ff00 001bc300 ffcef100
PCM 008210 002ef100 ffc63f00 003a3a00 ffc63700 00344f00 ffca7300 0035fc00 ffc4bb00
PCM 008218 00386200 ffd84000 0021a200 ffdcda00 001c2d00 ffd25b00 002a6f00 ffbe4500
PC0 003dbb00 ffce3d00 00309e00 ffc3d2c00 ffacef00
PCM 008228 004aCM 008230 00292f00 ffcb8c00 0035d700 ffdc0300 00237400 ffd7bb00 8240 0056b900 ffb94400 00434000 ffc65200 0036f600 ffc47300 003a5200 ffbcf600
PCM 008248 003e3900 ffb6df00 00475500 ffaca800 0050fd00 ffb10e00 004c9b00 ffd34200
PCM 008250 002e2a00 fff63100 00084b00 0013a100 ffe8c200 001b8300 ffe24700 00371400
PCM 008258 ffc5c400 fffc4100 00043900 ffdc2300 0023e800 ffd06500 002b7b00 ffd43300
PCM 008260 002a6500 ffe2d200 001b1e00 000f8500 fff10f00 fffb8000 00053e00 ffec7e00
PCM 008268 00106f00 00006400 fffda300 0007cd00 fff5ae00 fff5a600 00062900 0000a600
PCM 008270 fffd2800 fffd3a00 ffff4e00 000225006fb00 ffe8f200 001d0600
PCM 008280 ffe0e900 0011c200 ffe9c400 ffff9c00 fffcc500 ffd85200 002bf300 ffe86e00
PCM 008288 001abc00 ffd4e300 0026e200 ffd47f00 002b5700 ffeb5a00 0014ac00 fffc5100
PCM 008290 0001ef00 ffeb8200 0013e100 ffdc9200 0024ad00 ffd9d500 0024a600 fff9ad00
PCM 008298 00088700 0006d400 fff52600 00235200 ffd9a400 00188600 ffe30000 0011cf00
PCM 0082a0 ffec9000 0004e800 fffeb800 00102d00 ffeaeb00 0012e300 ffed7e00 00000200
PCM 0082a8 00000d00 ffea2900 00125e00 ffe6c700 00142500 ffeb6c00 0012a700 ffe26d00
PCM 0082b0 0016aa00 ffd2e800 00270900 ffe12e00 001c5c00 ffe33b00 001c4a00 fff02400
PCM 0082b8 000c0b00 00050900 fff63f00 0004c400 fff68900 ffd
PCM 0082c8 0011b200 fff1a300 000d2c00 000efa00 ffebe000 003e4a00 ffbe0d00 003fe700
PCM 0082d0 ffbdd200 002e7b00 ffccbb00 00254c00 ffd51600 0038e900 ffc38500 001f9800
PCM 0082d8 ffda3a00 001d7300 ffddbc00 00288000 ffd5e600 002c3400 ffcb6200 003d5200
PCM 0082e0 ffbf5d00 00507a00 ffa670 0047bb00 ffaf4100 004c0500 ffb29800 00443300
PCM 0082e8 ffb2f00 0057ae00
PCM 0082f8 ffa0ea00 00584800 ff9f3d00 00499600 ffb5bd00 00358700 ffc8f000 0036c200
PCM 008300 ffc4f100 005e1900 ffa24400 00601f00 ff9c8d00 00498b00 ffb50d00 005bd000
PCM 008308 ff9faf00 00511d00 ffac0e00 0057aa00 ffa5a600 0046f500 ffb24600 00563000
PCM 008310 ffa86600 005c1e00 ff9c8600 006c3200 ff8d2c00 0060fa00 ff9aab00 00652b00
PCM 008318 ff9b7300 007cf400 ff84e600 00779b00 ff82eb00 00485f00 ffb36f00 005ca500
PCM 008320 ffa06d00 0079df00 ff82b300 00955800 ff69ac00 00a68c00 ff538200 0085f300
PCM 008328 ff74e600 006b4f00 ff8fd400 006cdf00 ff924a00 007b2200 ff7ebb00 008b2d00
PCM 008330 ff71a100 00795d00 ff82e500 006cf000 ff8d6700 005e5000 ff9d7500 0042d100
PCM 008338 ffb60400 00487300 ffb2c100 00476100 ffb84400 004e0900 ffaf3f00 0062ae00
PCM 008340 ff999300 00647700 ff974400 0074dd00 ff85c000 0091bb00 ff69a600 00967c00
PCM 008348 ff650100 008ef300 ff6e7900 0086b600 ff783700 0067da00 ff939100 0071e400
PCM 008350 ff887e00 00832c00 ff7a6400 00a27900 ff568400 00a07d00 ff5b4700 0072f300
PCM 008358 ff879600 0080f200 ff788f00 00a41700 ff57e800 00b11200 ff490f00 00a2cf00
PCM 008360 ff57b900 009da700 ff596500 009a6900 ff5eea00 00b61000 ff451800 00b39700
PCM 008368 ff466400 00be6f00 ff3e8300 00c15d00 ff35a300 00ba3a00 ff438200 00c1b200
PCM 008370 ff3af400 00cefd00 ff2e9d00 00d67300 ff24ac00 00eafb00 ff0d2000 00e59e00
PCM 008378 ff121300 00df9700 ff169c00 00d61d00 ff24b700 00ca3600 ff2f3700 00dd9000
PCM 008380 ff1ab500 00ee3f00 ff3200
PCM 008398 ff51a300 00a26100 ff54e600 00abf700 ff501d00 00CM 0083a0 ff45a200 00ba1900 ff433600 009fec00 ff585e00 00801300 ff791400 0075d900
PCM 0083a8 ff00 ff6ffd00 00787300
PCM 0083b0 ff862000 0083ba00 ff773400 008f ff70c300 00781d00 ff866400 00710900 ff86bf00 008b3300 ff6d6a00 07d00 00945d00 ff65b900 0091f200
PCM 0083d0 ff6b5200 00908f00 ff6edb00 00844800 ff73d700 00766500 ff7d1100 0081a900
PCM 0083d8 ff793500 005ca800 ff9d5a00 005d2c00 ff9dac00 008cf400 ff6c0c00 00b16600
PCM 0083e0 ff4b0500 00c1a100 ff34ad00 00aad800 ff4a2300 00ae1d00 ff4b9700 00a96800
PCM 0083e8 ff4eec00 00b40600 ff4d1300 0096f800 ff669700 007ed000 ff7dee00 00864300
PCM 0083f0 ff734300 008fa500 ff6dae00 0095c600 ff65e100 007ceb00 ff7b4100 00868900
PCM 0083f8 ff767a00 00809400 ff7abc00 007e0400 ff800900 006b4600 ff92a900 006c2600
PCM 008400 ff92b500 006fac00 ff90cf00 0051fa00 ffa8f600 0040fb00 ffb9af00 005f1c00
PCM 008408 ff9b4b00 00559200 ffa96300 00325800 ffcc6700 0016dc00 ffe40d00 00055300
PCM 008410 fff72300 001dd100 ffdfbf00 0012c700 ffebf100 fff43700 00073500 ffd38d00
PCM 008418 002da800 ffdcae00 00210c00 ffeaf300 00140c00 ffef3700 000c1300 fff43300
PCM 008420 00091d00 ffe6aa00 00159a00 ffee9000 000d8f00 ffedc800 0012ca00 ffd50000
PCM 008428 002c0a00 ffd69300 00282e00 ffce2a00 002bf100 ffe5ba00 0017ba00 ffe6a700
PCM 008430 00187900 ffd80300 00280f00 ffd87000 00274c00 ffdafe00 00205900 ffd0fd00
PCM 008438 002ed600 ffbb8200 00432d00 ffbb6a00 0041a800 ffb2e200 004dc000 ff98e900
PCM 008440 00680200 ff8dd300 0071ea00 ff8dbf00 006eac00 ffa48c00 005a5b00 ff9c6800
PCM 008448 00615800 ff852a00 00770d00 ff993b00 0066a700 ff99f500 0062d500 ff8b5700
PCM 008450 0073cb00 ff82e900 000 ff776500 0088f800 ff7d4200 00a500 ff2bf900 00d52500 ff314400 00cf9700 ff40e000
PCM 008488 00000 009ac400 ff9dbb00 00649300 ff8d9100 006eed00 ff6dc500
PCM 0ff74f000 00872e00 ff73f100 008a8f00 ff758800
PCM 0084a8 008a0e0006fc100 ff746e00 008b7e00 ff699d00 00971e00 ff65b800
PCM 0084b0 ff71ba00
PCM 0084b8 008ea400 ff7ff500 007f4700 ff795800 008129600 005bdd00 ffe36000 001b6300 00705c00
PCM 0084c8 ff8de100 00ffa400 fefd9100 01450c00 feb80900 0109eb00 fef1b700 00be5200
PCM 0084d0 ff38f300 00486200 ffb1e200 fffa5800 00057300 ffe45900 001b1400 ffb7b300
PCM 0084d8 004b2400 ffb89700 00481600 002a3b00 ffd39d00 00d51d00 ff21f600 027a5e00
PCM 0084e0 fd759400 03f75e00 fbf63a00 04b28f00 fb393700 0484d800 fb628100 040fdb00
PCM 0084e8 fbdac900 0383a400 fc674500 02c15b00 fd323f00 01b23e00 fe454700 00ac0000
PCM 0084f0 ff516a00 ffd87300 0021b600 ff5cbb00 00a1f500 ff97d200 0067c800 fff72400
PCM 0084f8 00073100 00632f00 ff97f200 00eefe00 ff0c7200 0128c900 fed18500 00fddd00
PCM 008500 fef55700 00c56400 ff35e200 00742d00 ff86df00 fffc5900 0000ff00 ff749900
PCM 008508 008d8c00 fefb2700 01083300 fee58a00 011ce500 ff6c2400 00940100 001b3800
PCM 008510 ffe38500 0079d500 ff809f00 008b2a00 ff707700 0032a400 ffc82d00 ffd28b00
PCM 008518 00281000 ffaf6600 004ab300 ff7b4a00 00849a00 ff6fbf00 00913600 ff3de500
PCM 008520 00c36600 ff3f6f00 00c11e00 ffa28600 005a0400 0071ec00 ff87f600 01051400
PCM 008528 fef46b00 0135be00 fec38400 00f4e000 ff04a500 00317600 ffcc8800 ff84ea00
PCM 008530 00733d00 fec5ea00 013a7a00 fe0c9900 01f62500 fda05400 02673f00 fd5f8100
PCM 008538 02aae900 fd7ded00 028baf00 fdb5d700 024e9300 fe33f500 01d1df00 fe785300
PCM 008540 018be300 feb4fd00 014cd700 fea60 017a1700 fe77f100
PCM 008548 0187b300 fe5f1500 01a5d300 fe4ec50 01eace00 fe584500 01ad2600 fee67100 0117ad00 ff53dc00 00ae0b06000 00ee4100 fee3f300 011c7c00 feba7800
PCM 008560 014bc300 fe8570 0139fa00 fecd5700 01338000 fea18b00 01631200 fe4e5300 01b45 fe07a400
PCM 008578 01fff200 fdd83400 022ec900 fdb81100 024f220 00e5b500 ff8f9400 00751c00 ff8e2800 006f3900 ff61f600
PCM 008588 009f8400 ff537900 00abdb00 fef3e800 0114d900 fed43000 01316400 feb7cc00
PCM 008590 0151a700 fe983b00 016f6700 fe8a6400 017ca400 fee2d500 01205600 ff666a00
PCM 008598 009c2400 ffafd700 00545900 fff3e300 0007b400 00029200 fffdcc00 ffd88000
PCM 0085a0 0024d700 ff916000 00727800 ff5b1f00 00a4e900 ff22af00 00e27600 fd00 fea9db00 01557000 fecf9400 0132d200 fef0a800 01122100 ff3e7000e46c00 fefab700
PCM 0085c0 010bff00 ff1ff300 00e26b00 ff493600 00b49a00 ffa20900 0059a600 fff6ee00
PCM 0085c8 00065100 002cdd00 ffd24100 0040e200 ffbb9800 00204b00 ffddaf00 ffd44a00
PCM 0085d0 00284800 ff34df00 00c96300 ff027300 00fe3600 feeb3b00 011ae800 fec46700
PCM 0085d8 01416b00 fee82400 01185700 ff582e00 00a7d100 ffc2ab00 003ae000 ff8a5000
PCM 0085e0 00701a00 ffd95000 00259400 ffd79a00 0026b700 ffcec500 00276400 ffc16e00
PCM 0085e8 0039bb00 ff914c00 006f9700 ffaffa00 00507e00 ff963800 0067f500 ff93c800
PCM 0085f0 006c1f00 ff696d00 00927e00 ff617000 009cf700 ffa14f00 0061af00 ffb6bc00
PCM 0085f8 0048ea00 ffcae200 00343200 ff90be00 00706700 ff68d400 fb92a00 0045a600 00273700 ffd34600 00474500
PCM 008610 ffb0f0000 ff800f00 00800f00 ff9d8400 005d5600 ff987f00 0061c300 ffdc3800fc90800 00338f00 ffb43d00
PCM 008638 00484200 ffd22600 0028d50000086d00 fff6b700 ffae0b00 00541a00 ffba8400 0048a500 fff8b600
 ffd0b000
PCM 008658 002b6e00 ffcb8c00 00345500 ffe8f300 00188400 ffd7c000 00266500 ffa1b000
PCM 008660 00623900 ff6c2100 00976a00 ff98eb00 00672b00 ff9f6d00 00638900 ff946000
PCM 008668 0066fb00 ff9ab000 00685100 ffb8c400 0041c400 ffea1c00 000fec00 00394e00
PCM 008670 ffc4d000 00565c00 ffa6e300 00172600 ffe91d00 ffb64b00 00499600 ffa58c00
PCM 008678 00563600 ffa1aa00 005efb00 ff8be300 00753700 ff8bdb00 00744e00 ff9e2900
PCM 008680 005e4b00 ffa68e00 0058dd00 ffd53400 00288600 000c0500 ffeef700 001c8b00
PCM 008688 ffdf8600 ffec7200 000df100 fff15900 0007de00 00297100 ffd30c00 0013f800
PCM 008690 ffebba00 ffcc8e00 00312f00 ffd59200 002ab900 ffb99a00 00443900 ff7be700
PCM 008698 0085c200 ff6cf500 008f7800 ff441d00 00bebc00 ff0ae400 00f15b00 ff2daa00
PCM 0086a0 00d4c900 ff8b4c00 0074c600 ff7ab300 00836400 ff49e900 00b6b400 ff45ce00
PCM 0086a8 00b87400 ff7daf00 00814200 ffb64c00 00471400 fff66700 0006e400 00498f00
PCM 0086b0 ffaea500 0020eb00 ffda3e00 ffea5900 00148300 ffccbb00 002f2800 ffbd0200
PCM 0086b8 00411700 ffc62900 00387600 ffbf2700 003be000 ffd24000 00296500 ffe72600
PCM 0086c0 001bfd00 ffee8700 0011e500 fff48a00 0009b100 ffaa1200 00543a00 ff724a00
PCM 0086c8 0089a400 ff757400 008fcb00 ff9b4d00 0061c900 ffa56934000 ff7b9000 0085f200 ffce7f00 0033a400 ffcb0a00
PCM 0086e0 00304f00 ffec8400 0011fe00 ffa65000 00580d00 ff615100 009f8400 ff487000
PCM 0086e8 00b9f700 ff300
PCM 0086f8 0055a100 ff94a000 0069b900 ff9b8600 00650e00 ffa1fa00 005c9800 ff946300
PCM 008700 00680000 ff5acb00 00a3ad00 ff094700 00f47900 fed70100 01299500 fef85100
PCM 008708 0102f300 ff30ca00 00cf8300 ff292c00 00dde008718 010c6400 ff258700 00dd1500 ff3aef00 00c99200 ff547800 00a47c000
PCM 008728 00b88400 ff220300 00e22500 ff1fe500 00e2d000 ff2c1d00 00d6ee00 ff704700
PCM 008730 008efd00 ff317c00 00c9e800 fed47a00 012ed800 fef28000 01136f00 ff4dd600
PCM 008738 00b22000 ff91f300 00683500 ffad6600 00541200 ff5f6200 009cc200 fefb3500
PCM 008740 01064c00 ff0dcc00 00f3ab00 ff3eec00 00c02500 ff3d7b00 00c30900 ff2e6f00
PCM 008748 00d43f00 ff1fc600 00e25600 ff3c0300 00c66e00 ff9c6200 0062b60758 01096600 ff68c600 0097c600 ff926700 006c5e00 ffc1c900 003c47ffcfb00 ffcf6900 002d8400 ff668b00
PCM 008770 009b9100 ff662100 009de200 ff960200 006b8000 ffa98000 00536600 ff98d200
PCM 008778 0064fc00 ff925400 00695900 ffb77e00 00479b00 00011e00 fff9c000 004a2900
PCM 008780 ffb17600 003b5b00 ffbf3700 ffe1fb00 001a6900 ffd4ea00 00266300 00056b00
PCM 008788 fff83800 0025a200 ffd89300 ffeaed00 00147e00 fff60e00 00092300 0046f400
PCM 008790 ffb3f500 006c1d00 ff8f7800 0086e14b00 0052a700 ffa46400 00562c00 ffba4900 00446f00 ffb87400
PCM db00
PCM 0087b0 ffab4400 0020aa00 ffd7e300 fffae400 00021200 009d8800 ff5c3100 00724a00 ff894e00 0015bb00 ffe89c00 ffed3900
PC0 002aa100 ffd23700 004d2d00 ffae8100 0096a000 ff662c00 00ca86000b56c00 ff416500 00982300 ff624600 00863e00 ff754000 0098b500
PCM 0087e0 ff623d00 00782900 ff80bd00 00198800 ffe7e200 ffff3f00 fffe7b00 0030d300
PCM 0087e8 ffcbad00 0078c000 ff824a00 00a73200 ff554c00 00daa900 ff21ae00 01004b00
PCM 0087f0 fef6c800 01053f00 fef3e200 00ffe500 fef9e100 00d62d00 ff22d600 00d39a00
PCM 0087f8 ff238e00 00ca8400 ff2dd400 00f33c00 ff062000 01020700 fef55800 00db9c00
PCM 008800 ff201500 00bbd800 ff3d3900 007f5a00 ff7da400 00473700 ffb74500 00368000
PCM 008808 ffc81300 00461c00 ffb0f400 001d1e00 ffe0bc00 ffd98700 00245a00 ffdcfb00
PCM 008810 00234e00 ffff7b00 fffff900 002e8100 ffc8e100 0030b300 ffc9d800 002ec100
PCM 008818 ffcaa600 00417200 ffbaa600 00344800 ffc72900 007a7300 ff858c00 00cf7000
PCM 008820 ff292800 00b66500 ff43b200 006bff00 ff940000 00253c00 f893400 009acc00 ff5dd800 00a60900
PCM 008830 ff574e00 009ea9008840 ff5de400 00a61900 ff588300 00c64800 ff318800 00fc5200 fefca00 ff5e3f00 00621500 ff9bd600 00406f00
PCM 008850 ffc1ee00 0014 ff292a00 0145e400 feb15000 0167f000 fe8f2700 013d8600 feb82f00 0dfda00
PCM 008870 ff15d700 00dc1600 ff1ce700 00d46d00 ff223b00 01249b00 fed82500 0199c900
PCM 008880 fe5c8700 01666400 fe8e638890 fe959000 0115b300 fee1da00 00ee9800 ff0ebf00 00b39700 ff4810
PCM 008898 ffb56300 ffee2000 00100200 00377a00 ffc31600 00c04267d00 0072f800 ff8b3000 004f0e00 ffabea00 00a41600
PCM 0088a8 b0 fee29d00 01141100 fee1cc00 00abd100 ff4f2f00 0074d400 ff85ca00 00740300
PCM 0088b8 ff878600 00d07400 ff2b4400 0162dc00 fe985e00 01a7fa00 fe503500 01719500
PCM 0088c0 fe89c600 00d92200 ff20eb00 0056a600 ffa20800 00041b0088c8 00175700 fff10900 000b7f00 004c8000 ffb26000 00843200 ff7afd00 00a13c00
PCM 0088d0 ff5c7400 0087ec00 ff73fd00 00824c00 ff7c6a00 00922e00 ff6a5600 0090f900
PCM 0088d8 ff693800 004dd600 ffad7a00 002f7100 ffce3000 005b2700 ffa23a00 01050400
PCM 0088e0 fef4aa00 0173cd00 fe82a400 0178a100 fe807800 014cc500 feaa4800 011b5600
PCM 0088e8 fed97f00 011dfc00 fed89c00 010b6c00 fef01900 00d64000 ff26ae00 008ba800
PCM 0088f0 ff6d8d00 007f1400 ff7b9500 00a54500 ff589f00 00c8f000 ff2f5e00 00a82700
PCM 0088f8 ff513800 006eba00 ff898300 0077a400 ff861700 00a80d00 ff52d900 00c2fd00
PCM 008900 ff357900 00dd8c00 ff19e600 00ba2000 ff3f5d00 00d13700 ff262a00 00cca300
PCM 008908 ff2a1500 00c7a500 ff367800 00a34d00 ff540400 00bb2900 ff3c2c00 012ebc00
PCM 008910 fec6a700 01b1dc00 fe414600 01e9ae00 fe0d0700 01be6200 fe34c300 015e2900
PCM 008918 fe981e00 0114a600 fee39700 00c6da00 ff351d00 003e8c00 ffbd1300 fffc5400
PCM 008920PCM 008928 fe557100 0167f000 fe8dc900 0110ab00 fee55100 00f85e004c0e00
PCM 008930 fea98400 018cdb00 fe693a00 01d94a00 fe1b9900 00 fd93b500 0224bb00 fdd43d00 02434c00
PCM 008940 fdb0f400 02742f3100 fcc17d00 0375e600 fc779c00 03bad000 fc308500 03dbd000
PC1c00 03dde000 fc0cd700 0438ef00 fbb3cb00 049f0c00 fb466b00 05046f00
PCM 008968 fae44700 05052900 fadf6100 04eb7400 fafcc900 0508f800 fade7100 0509f600
PCM 008970 faded800 04d9e900 fb0c7900 0 008980 f92e9500 06960500 f94cd100 06683900 f979f800 061c9700 f9 05a01400
PCM 008988 fa486700 055ab000 fa8e2400 05344d00 fab41d400 fb8eb600 03f71100 fbf57c00 03ef0800
PCM 008998 fbfbc200 04202100 fbcc0b00 042c4100 fbc1cb00 04385500 fbb15700 0451f100
PCM825800 fb66ac00 051edd00 facbf000 05f4a800 f9ee0d00 067be700
PC0 06ff7200 f8e45500 06e0e700
PCM 0089b0 f9037700 065ae700 f98b0d00 052f4900 fac01600 03ae7d00 fc40ab00 0297fb00
PCM 0089b8 fd5b2300 01eaa300 fe090100 01563a00 fea16300 00822e00 ff74a500 ff3e5800
PCM 0089c0 00be3b00 fda56000 025fe100 fc242900 03e9cc00 facf6f00 053f7700 f9e4a800
PCM 0089c8 0631df00 f9144100 0703cd00 f8535600 07cadd00 f7a51f00 08791d00 f73be700
PCM 0089d0 08e74600 f70f3900 09162e00 f6dcf300 0943a000 f6df7500 093eb700 f710de00
PCM 0089d8 09141900 f72b7300 08f92000 f759e800 08c53100 f761fe00 08b8bc00 f7263d00
PCM 0089e0 08f95200 f684b200 099eeb00 f61a2400 0a089800 f5ffe700 0a284100 f6270500
PCM 0089e8 0a01aa00 f6767200 09ad9700 f6d2d600 09514900 f6b14300 096d3100 f656c700
PCM 0089f0 09ce5f00 f60f8500 0a17fe00 f58f6f00 0a97bf00 f4fb4e00 0b2d5900 f4a96f00
PCM 0089f8 0b800700 f452d600 0bd90300 f3d65c00 0c553800 f3a09400 0c8d9400 f3aa2600
PCM 008a00 0c818000 f3a5bf00 0c8ce300 f37d4e00 0cb30b00 f3524500 0cdda800 f30b6000
PCM 008a08 0d288600 f29ee100 0d936900 f2485500 0deebe00 f2433f00 0df53d00 f25c8200
PCM 008a10 0dd72500 f282db00 0db4fb00 f295aa00 0d9dee00 f2a77700 0d89a400 f2cb4d00
PCM 008a18 0d69d900 f2ea5e00 0d451a00 f2ef5b00 0d41b000 f2e8780 f31c4600 0d0f2600 f2f02100 0d4578d900 0aab1b00 f5fa0000 0a2d9f00 f6148600 0a0fab00 f61eee00
P0 f6813d00 09a04600 f6f67e00 0929b200 f759c600
PCM 008a40 08c5c500 f79c2a00 08868d00 f7ae6400 08715b00 f7dff700 08404700 f82de200
PCM 008a48 07f3a400 f8341400 07eb6b00 f880c000 079a5100 f92700 055aa300 fb284800 04e93500 fb656b00 04ab8300 fbbd5200
PCM 008a58 0452e900 fc3f3500 03d13700 fca01100 03720f00 fd1b1000 02ecf700 fda7b600
PCM 008a60 02622000 fe01f600 0203cd00 fe382400 01cdee00 fe2ce000 01dbfa00 fe177100
PCM 008a68 01ef1500 fe2fde00 01d69e00 fe6b4000 01973400 ff0c7200 00f49a00 ffb8a500
PCM 008a70 004b3600 ffecf300 0011d100 fff9c700 00057900 ffffd900 ffff0100 00355f00
PCM 008a78 ffc90200 00816900 ff7bc900 00d2bb00 ff258600 01356000 febfda00 017fe300
PCM 008a80 fe7ba900 01951400 fe63ca00 016da600 fe89a800 012e2e00 fecea100 0107e400
PCM 008a88 fef44400 01355200 fec52700 01917c00 fe66ce00 01c65000 fe333300 02305200
PCM 008a90 fdc68700 0276ac00 fd827800 0290c700 fd628b00 02b2ea00 fd3fb100 02b95500
PCM 008a98 fd3e0c00 02f13100 fcfea300 035d2d00 fc905300 03aa2400 fc475600 03bbbf00
PCM 008aa0 fc310e00 03661200 fc880e00 02e4d500 fd0df8b100 024d3700 fda7e400 029caf00
PCM 008ab0 fd547d00 02c7d800 fd2a5000 02c5fc00 fd29b500 02a9e100 fd458800 02a12a00
PCM 008ab8 fd4f9200 02b2ed00 fd416000 02e80500 fd09a200 030f2700 fce0c200 03872000
PCM 008ac0 fc665d00 03f66100 fbf64200 04575900 fb93e800 047ecc00 fb6c2e00 04938b00
PCM 008ac8 fb589e00 048fee00 fb5ad100 0494e100 fb58b000 04d7b900 fb10e800 04cbc900
PCM 008ad0 fb175800 047ec700 fb6c3800 03f99b00 fbf57000 03979f00 fc573f00 03597e00
PCM 008ad8 fc933e00 0376a800 fc766500 03c53500 fc21aa00 04221500 fbcf7b00 048cb800
PCM 008ae0 fb5f4500 04d2d700 fb176000 04b43700 fb339500 046f3300 fb7ab100 04767f00
PCM 008ae8 fb751500 04afb700 fb39c100 04ecc300 fafdba00 051d0100 fac8b600 05351b00
PCM 008af0 fab02000 0558c900 fa8b4600 0571e800 fa733d00 05474904800 fb591200 04acc300 fb3b2400 04c74800 fb23a000 04dc8100
PCM 008b10 fb0e7900 04c1fd00 fb245a00 04623300 fb86ce00 0424fd00 fbc8d700 0416cd00
PCM 008b18 fbd2c800 0402f900 fbed6500 03da1500 fbf74000 042bfb00
PCM 008b20 fbbc5f00 04ab5000 fb3a7b00 05144000 fad6b400 05263f00 fac4d700 051ffc00
PCM 008b28 fac71300 053fe700 faa97a00 0581c800 fa5f1100 05a60500 fa41a500 05925500
PCM 008b30 fa4fb500 0548fe00 faa0f600 04fe2d00 faea5a00 04be8a00 fb04762f00
PCM 008b38 fb791a00 04200400 fbcead00 03d95400 fc16b200 03b34800 fc37de00 038ec000
PCM 008b40 fc5d6100 0342f600 fcad10 027d4700 fd77ac00 02108e00
PCM 008b48 fde43100 01d73800 fe1e0500 01d00c00 fe229600 019d2300 fe5c1200 0185f700
PCM 008b50 fe748c00 01831700 fe71a600 0155eb00 fea5f500 00f08a00 ff0c0000 0088a4a00 00f5d700 ff315500
PCM 008b68 00cb9000 fefa0f00 0108f400 f fe487700 01b79000 fe14bf00
PCM 008b70 01f80100 fdfb8300 020d1fa5b00 03113e00 fc65da00 03a4df00 fba55900 0465f500 fb264200
PCM 008b80 04e6d400 fae3d500 052dd100 fad88e00 0537eb00 fae90100 05291800 fae07700
PCM 008b88 0530bb00 fab3f800 055ad700 faca6500 05443200 fb142200 04fe8800 fb285800
PCM 008b90 04e66c00 fb7c1400 0493c200 fbd6f400 043a8b00 fbf5e200 04183500 fbbd0100
PCM 008b98 04526d00 fb7b0200 048fb000 fb1d3400 04f5da00 fac9d900 0546ee00 fa93a300
PCM 008ba0 057f4400 fa501d00 05c10c00 f9f0ec00 061f2e00 f9cf6f00 06453100 f9c86200
PCM 008ba8 0650d700 f9af4b00 06681700 f968df00 06affc00 f94b7300 06cc4e00 f91b2b00
PCM 008bb0 07036100 f9258a00 06f1e100 f984b500 06907900 f9e4d600 06331700 fa453200
PCM 008bb8 05d01e00 faaff400 05601200 fafa4300 05191f00 fb0b4400 05055b00 fb1cb500
PCM 008bc0 04f1eb00 fb314c00 04db4100 fb362100 04d75a00 fb447500 04c00 fb502100
PCM 008bc8 04ba040PCM 008be8 031c1800 fd55cb00 02b27e00 fd4d5d00 02bdd000 fcec8b0089b500 fc835200 0387cd00 fcc07100
PCM 008c00 03480100 fcee1500 3d00 fee80900 011ce600 fef4f800 010f8900 feb01e00 0150ef00 fe56a00
PCM 008c20 027c1800 fdbeae00 0244a200 fdeaa100 021b7b00 fe4600 0144ea00 fe9c2a00 0164d600 fe9e8e00
PCM 008c38 0161e600 fed20 00f1c600 fee83f00 011da700 fec23e00
PCM 008c48 0146ab00 febec200 01444300 fed0cb00 012fe200 f8c50 005d6e00 003ae800 ffc11f00 00a5ae00 ff53cf00 00fc6300 fefee08f1800 ff69c200 00647b00 ff96e100 00877500 ff6ec200 00bd8600
P0bc600 feecfa00 00ddb500 ff1e8a00 00881500
PCM 008c70 ff72e100 6c700 00270200
PCM 008c78 ffd7e000 007daf00 ff7baa00 00e0d700 f00 01bd1e00
PCM 008c88 fe364300 015b6e00 fe991e00 01479700 feac 008c90 fe7c8600 0158a400 fe9fd500 0129f700 fed06400 012a1200 fe0 ff477f00 01105a00 fee80200 01532900
PCM 008ca8 fea2a400 017a6500 01873b00 fe70a100 01899800 fe6b5500 01cb3a00
PCM 008cb0 fe320700 01ccc800 fe257800 01dfb200 fe175400 01f22200 fe042300 02004600
PCM 008cb8 fdf1ac00 02253800 fdccb600 0250ea00 fda01600 02ad0c00 fd43bd00 027e2f00 fd763200 023d2200 fdb77400 02325c00
PCM 008cc8 fdbfcc00 024ea500 fda6c100 0241a100 fdb3ae00 0229e100 f4c00 0283a400
PCM 008ce0 fd6d6400 02728100 fd813700 0252bb00 fda13800 0238d600 fdbd1400 02508600
PCM 008ce8 fda67800 029d8900 fd54f500 02ef5c00 fd029e00 030ac300 fce4cc00 02f93800
PCM 008cf0 fcf94c00 03226e00 fccfc700 033c00 fc9c9100 034cb600
PCM 008cf8 fca28600 03384d00 fcb67f00 0305d00 02eb8000 fd019000 02bc8d00 fd347e00 0291f500 fd61f800 025150 fd894800 026c7a00 fd86ab00 027dbe00 fd77de00 02923600 fd61e300 0263ba00
PCM 008d18 fd90d800 02389200 fdbb9300 01dfac00 fe164e00 01701500 fe851e00 0169b100
PCM 008d20 fe90e400 01722200 fe81b900 0188f200 fe6de300 0160a900 fe980d00 015cb400
PCM 008d28 fe98db00 0174a800 fe817200 0180fe00216f000
PCM 008d30 fddff100 021e9600 fdd55300 023f8700 fdb0bf00 0269f800 fd893b00 027ac400
PCM 008d38 fd793900 024eb000 fda37a00 0235e500 fdbe0800 02177c00 fdde7100 01a54c00
PCM 008d40 fe50bf00 014e9f00 fea4db00 01386900 febf3000 01136e00 fee54900 00dc9200
PCM 008d48 ff1ea000 00c42300 ff368600 00a30c00 ff554000 006efc00 ff8af600 008e8b00
PCM 008d50 ff6aa800 00deb600 ff1c4500 012a4900 fecd2700 0180da00 fe76d800 01b49700
PCM 008d58 fe3bb700 01915c00 fe619500 01536700 fea24600 015bd700 fe99d600 01504800
PCM 008d60 fea37a00 01453500 feb2b900 0166a500 fe90fc00 0172a100 fe815800 01a08800
PCM 008d68 fe541100 01dac100 fe1bc100 01bc6500 fe375800 0193b000 fe627c00 bc500 fed13000 00dff300 ff1bda00 00b41300
PCM 008d80 ff465000 00cc8400 ff2cac00 01159700 fee2fe0 fd8a3a00 02844400 fd703700 026a3b00 fd8bb000 021e8a00 fdd69f00e6bb800 013e7200 feb96b00 00d94400
PCM 008da0 ff1e7a00 007a9600fea53300 01962000 fe5d4300 01a19d00 fe561e00 015fc600
PCM 008db ff1a4d00 00a7ad00 ff510e00 008f4200 ff694b00 005f6200 ff9a6900 fffff100
PCM 008dc8 fff81c00 ffbea000 003dd600 ff852400 007cb400 ff7e5300 007b9500 ffa52f00
PCM 008dd0 00591a00 ffc53600 00389d00 ffd2f400 002d1800 ffd68500 0020c400 000e8100
PCM 008dd8 ffea7300 0048c200 ffaeef00 005b6000 ffa28f00 006b9000 ff8a5d00 00812000
PCM 008de0 ff7dca00 00abf600 ff4a3200 00ec9100 ff0fed00 00cfa600 ff27ac00 006efa00
PCM 008de8 ff87cc00 002cf600 ffcff900 0025c200 ffd1fd00 001acc00 ffdc7e00 0009af00
PCM 008df0 fff22c00 ffd24000 002a3b00 ff861000 007b3300 ff584e00 00a98800 ff565800
PCM 008df8 00a60e00 ff2d9800 00d25600 ff139e00 00e9fc00 ff54a900 00a9b300 ff886f00
PCM 008e00 00768d00 ffc37100 003b5000 001ea600 ffe18e00 00664e00 ff95f100 007acb00
PCM 008e08 ff7e2500 009be500 ff58f300 00b31f00 ff427d00 0097ed00 ff615400 005f7500
PCM 008e10 ff986800 003eeb00 ffbb0e00 00131500 ffe4a900 ff869d00 007c5600 ff0d9a00
PCM 008e18 00f77e00 fedd4300 01257d00 fee06e00 011d7100 fee5c900 0116c300 ff1cb100
PCM 008e20 00e3da00 ff236700 00db5a00 ff313b00 00cbb200 ffa69500 00535100 fff0a100
PCM 008e28 000d8e00 ffddbe00 001b6400 ffd30600 00260100 00053700 fffad300 00770700
PCM 008e30 ff85c000 00b2bd00 ff450800 00b27400 ff420d00 008acc00 ff71e300 00404500
PCM 008e38 ffbc1600 00124300 ffec2000 fff21d00 000a4200 ffbb8600 00409700 ffa5f300
PCM 008e40 005a5400 ff73d600 008a4500 ff4c9a00 00af5a00 ff18c100 00eac600 ff234700
PCM 008e48 00dc4100 ff46ec00 00b9b200 ff6e6800 00947c00 ff882800 00750a00 ff9a8200
PCM 008e50 00635b00 ff9f2900 005eb0cfd00
PCM 008e58 fff10a00 00112f00 ffedb300 0027e200 ffd47d00 ee55b00 01211800 fed45c00 00b82f00 ff40af00 00366400 ffc59500 ff8fed00 ff79ea00 00858800 ffa8b400
PCM 008e78 00580f00 ffc40f00 00 004f1b00 ffaf7600 005deb00 ff9d4300 004fd400
PCM 008e88 ffad5800 00416300 ffb6ce00 00448800 ffc05700 006b2300 ff8e4b00 00696ee00 002af800 ffd24800 ffddf600 001cc900 ffcb9200 0033fe00 ffa470bce000 ff7e9300
PCM 008ea8 007d3b00 fff6ce00 00058e00 00768f00 ff856200 00a7f300 ff525000 00c00300
PCM 008eb0 ff3cf300 00abf300 ff4df800 00c9b700 ff2f9600 01228a00 fed85300 0122bf00
PCM 008eb8 fed4d700 00ea6b00 ff0d1600 00a22400 ff56b200 00450200 ffb27300 ff9c8e00
PCM 008ec0 0060aa00 ff0a4400 00f42c00 fe8be000 01756700 fe3fb800 01c3e200 fe5dd400
PCM 008ec8 01a34600 feae4200 0150f200 fed1e400 01315000 ff2f2d00 00cd5900 ffce5a00
PCM 008ed0 002cc700 004c2800 ffb20700 00843400 ff75cf00 00d52f00 ff21b100 010c1600
PCM 008ed8 fee9dc00 01644f00 fe91b900 01c80100 fe269b00 01d90e00 fe190500 01771500
PCM 008ee0 fe7cfa00 01150900 fee3e600 00d89600 ff235100 00893d00 ff6eb400 00294700
PCM 008ee8 ffd11700 ffdb6a00 001ee200 ff904200 00718700 ff7f8000 00824f00 ffb7fb00
PCM 008ef0 00438900 ffc29000 003a9c00 ffa09c00 005ace00 000bef00 ffec7c00 00832e00
PCM 008ef8 ff766f00 00e45100 ff152100 012f9b00 fecab400 01438800 feb38000 01172500
PCM 008f00 fee61700 00d0f600 ff275700 00aa7200 ff505000 00d03800 ff270b00 01407800
PCM 008f08 feb76f00 01b4cc00 fe3fbb00 01bb3600 fe3ea100 0115cb00 fee0e100 00778600
PCM 008f10 ff855c00 00294400 ffd1fc00 00553200 ffa3a900 00b8e200 ff411200 00d09100
PCM 008f18 ff291c00 00c5a800 ff331500 00bd4900 ff3ad100 00a31700 ff571700 004e6e00
PCM 008f20 ffb0d900 fff46400 0006ef8c6500 00859400 ff73b300 0069a900 ff967b00 0032a100 ffc7be00 00CM 008f30 ffb28b00 00764c00 ff859600 00b82b00 ff456800 0110a700 d00 00120800 ffec4d00 ffda1800
PCM 008f40 00215400 00130500 ffe0 ffc6fc00
PCM 008f60 00348e00 ffd53700 002a7a00 00140900 ffe8ab00 00719a00 ff8b5900 00bfa700
PCM 008f68 ff39ed00 00f7a000 ff052400 00fdc400 fefac000 00ef4000 ff079800 00d9e500
PCM 008f70 ff1ff500 007a7b00 ff7fda00 00086c00 fff69300 ffb89500 0045a900 ff3c5e00
PCM 008f78 00c49500 febd5a00 0141d300 febc2500 01448e00 fecf5600 01347c00 fefd1d00
PCM 008f80 0102c300 ff761c00 008b0700 ffc87b00 003ab500 fff7e400 0003b300 00011500
PCM 008f88 fffa0000 001a5d00 ffdfc100 0000c900 fffe2e00 000fdb00 ffebb600 00493200
PCM 008f90 ffb02500 00937500 ff62f100 01259500 fed3ed00 019f7100 fe556600 01ad0e00
PCM 008f98 fe469600 0135d700 fec16100 00cf7d00 ff285800 0084f600 ff771100 003ab500
PCM 008fa0 ffc36c00 fff73400 0006d400 000ff500 ffefb900 00540400 ffa80700 00ace800
PCM 008fa8 ff4df500 00d13900 ff2c9700 00b35000 ff478000 00bd9d00 ff3cb700 00e5d000
PCM 008fb0 ff167000 00fa6900 ff025100 011fda00 fedbd400 01319a00 fec2d300 0168d200
PCM 008fb8 fe8b1200 01d71200 fe1f5400 02221800 fdd37400 02427000 fdb55800 0230ee00
PCM 008fc0 fdc53600 021f5b00 fdd81e00 020fba00 fde34e00 01d39900 fe232500 0178b700
PCM 008fc8 fe7e4600 01207a00 fedb7000 00d9b400 ff225d00 00e7d000 ff128200 01231d00
PCM 008fd0 fed48d00 0131ea00 fec1e200 0166ae00 fe933e00 01cfd900 fe270100 0208d900
PCM 008fd8 fded8900 021a9e00 fdd64f00 023aca00 fdb68b00 02354c00 fdc0bf00 02440300
PCM 008fe0 fdb11200 027bdc00 fd79f900 02938a00 fd614300 0299d300 fd539e00 0291a700
PCM 008fe8 fd5df800 02a05c00 fd4ea200 02961d00 fd5ce500 024d6300 fdaa9e00 01e6e800
PCM 008ff0 fe111700 01941900 fe64b200 01823700 fe72e100 0181d600 fe787800 01839e00
PCM 008ff8 fe6ff800 01a96b00 fe4e4b00 01bbf700 fe3d3300 01bb2d00 fe355c00 01c2a900
PCM 009000 fe32c400 01dc4100 fe1a1400 0201b300 fdf29600 020e9d00 fde59900 0200ab00
PCM 009008 fdf3a 01e20e00 fe101800 01fac900 fdfd6200 02250500
PCM 009018 fdcca79028 fea5f100 01100a00 fee8bb00 00bb4e00 ff402b00 009b0b00 ff5ca500 ff462800 00a1b000
PCM 009040 ff599e00 0088d400 ff756900 0076200 ff98a700 00568800 ffa61d00 0036d300 ffc56300 00262100
PCM 00 00347700 ffc59b00 0037e500
PCM 009058 ffc44500 00718500 ff8900ab8500
PCM 009060 ff4c0b00 00668600 ff967c00 001a7c00 ffe27800 003e2700 ffbcbf00 004e7d00
PCM 009068 ffb18400 0049d900 ffb71100 003d3700 ffc0a200 0027ca00 ffd42200 0033a700
PCM 009070 ffc99e00 00446e00 ffb89d00 0024e900 ffd57800 fff1c100 0009f200 ffc68c00
PCM 009078 00355300 ffd24600 002d6d00 ffb20f00 00498000 ffa7a600 00553200 ffda7e00
PCM 009080 00228200 ffbd8900 003f6c00 ff998600 0061b500 ffa02d00 005d4700 ffad7e00
PCM 009088 004e9a00 ffb1e000 004f8f00 ff9d0e00 00619500 ff8e4000 006d0c00 ff816400
PCM 009090 007c3000 ff751a00 008c6700 ffa7d300 0057cb00 fffc7400 00025900 005b3000
PCM 009098 ffa17f00 00b22a00 ff494900 00db5900 ff197200 009fc300 ff5d8300 0062ef00
PCM 0090a0 ff969600 007ffb00 ff789900 00a83f00 ff54ed00 00981400 ff603200 00a5bd00
PCM 0090a8 ff585a00 00b4cd00 ff45f900 00c00e00 ff36ae00 00f4a000 ff007100 0102df00
PCM 0090b0 fef15600 00cdd400 ff2c2f00 008d0d00 ff6b2f00 00b15100 ff47d600 00ce9500
PCM 0090b8 ff2c1800 00d8e800 ff21ff00 00dd3300 ff1b6000 001d59100 fe1cbf00 020fea00
PCM 0090c8 fde88100 0250cb00 fda03700fdf36a00 020c1b00
PCM 0090f0 fde4a800 022a9e00 fdcea400 0203e50090f8 fdf48700 021cac00 fdd80b00 023af400 fdbd8100 0253e200 fd9b7a8600 029deb00 fd54f300 0277c800 fd7cce00 02475600
PCM 009108 
PCM 009118 feafc300 00c10100 ff342100 007aa500 ff7d4e00 006fe200 ff8ba500 00911c00
PCM 009120 ff6e2500 00b0e100 ff472000 00bf6400 ff3ba100 00ec4600 ff0b2000 0109aa00
PCM 009128 feee9600 00e3c200 ff137300 00a35c00 ff599600 006a4900 ff92b800 003ef500
PCM 009130 ffbaaf00 0016cd00 ffe15a00 ffda6800 00261b00 ff995a00 00661e00 ff8dc600
PCM 009138 00706000 ff756000 008a6c00 ff4e0800 00af9700 ff070b00 00f85700 feb31a00
PCM 009140 014ec300 fe67c500 019cb500 fe811500 0183aa00 fe752900 018ffe00 fe7cfe00
PCM 009148 01847600 fec9bf00 0135f700 ff15fa00 00e9c800 ff47b200 00b5a000 ff35e100
PCM 009150 00c8ca00 ff0ce100 00f87e00 febc8a00 01417400 feac0500 01588700 fec98200
PCM 009158 013a7000 fee1fa00 011cdd00 fed9d000 0122ca00 febb7e00 01434200 fe76c300
PCM 009160 018cba00 fe1f3000 01e77d00 fdf2c000 02148d00 fe099f00 02022600 fe0b3700
PCM 009168 01fb9d00 fe2a9300 01d77100 fe0b3a00 01fca800 fdd45d00 02326a00 fddd7b00
PCM 009170 02260b00 fe053800 01fad300 fe326000 01ce6800 fe473600 01bb5200 fe543100
PCM 009178 01b18300 fe509200 01b2d000 fe077b00 02012c00 fdd41900 0233dc00 fdae3800
PCM 009180 025bd500 fdc57d00 023fa100 fdf96700 020d1b00 fe36ef00 01d34600 fe5c7400
PCM 009188 01aa2500 fe366700 01ce0800 fdd8e900 022c9900 fd772200 028f47fdafab00 02561700 fde0ee00
PCM  fda04800 02624300 fde64a00 021ce700 fe081e00
PCM 0091a8 01fd9200 020c6100 fdf54c00 02120300 fdff7500 02043700 fe240f00
PCM 000 01a9fb00 fe924400 016ec100 fed21d00 012e2c00 ff2bc200
PCM 0091b8 00d42400 ff750200 00890300 ffc64b00 0037cb00 0025cf00 ffd40e00 00ae9d00
PCM 0091c0 ff4b0600 0129d900 fecccd00 01abfd00 fe483800 01ec0000 fe00dd00 021b1b00
PCM 0091c8 fdda7300 0244d300 fdafea00 02b30200 fd3fa900 0305990 0376a600 fc774600 0354f200 fc9a6b00 0322b500
PCM 0091d8 fcc7b10
PCM 0091e8 fc52bf00 03856500 fc69ec00 0351aa00 fc9da100 034d4c00 fca05b00 03823500
PCM 0091f0 fc69e800 03e6f200 fc062c00 0437a600 fbb24000 04744000 fb74e100 046c5900
PCM 0091f8 fb7a3e00 045ce100 fb8f0e00 04213800 fbc76700 03da1e00 fc0ecc00 03909300
PCM 009200 fc5dc200 03640100 fc874400 032af100 fcc62d00 02e23f00 fd0c8400 02a13700
PCM 009208 fd50b700 02587100 fd994b00 02116300 fde20f00 019da200 fe590600 013edf00
PCM 009210 feb68200 00db0200 ff1e8500 008b3100 ff70e900 0058b500 ff9fdf00 00470f00
PCM 009218 ffb3c900 002f0000 ffcc3100 004eac00 ffad0200 00467900 ffb1b700 003f3600
PCM 009220 ffbaf500 004fc800 ffa4b500 001d3300 ffdc6300 0003f000 fff8ba00 ffe58900
PCM 009228 001a1900 ffc71800 0039fd00 ffa7b900 00540400 ff669100 009a1800 ff5dbc00
PCM 009230 00a19f00 ff4a2e00 00b49d00 ff3deb00 00bfbf00 ff1fc600 00e4dc00 fedc9a00
PCM 009238 0124c500 fe962700 016c4700 fe482600 01ba5400 fe26c300 01dd7000 fe329100
PCM 009240 01ce5000 fe107e00 01f10b00 fe066900 01fdb300 fe096100 01faa200 fe382200
PCM 009248 01ce2b00 fe353400 01d47500 fe128b00 01f2c900 fe18a200 01eb7200 fe26e800
PCM 009250 01d80600 fe279600 01db7f00 fe1c2700 01e92900 fe1cda00 01e60800 fe655100
PCM 009258 019d7500 fe9fe900 01659c00 feb9a500 01499500 fe80dd00 0180bf00 fe266800
PCM 009260 01dbbf00 fe3ab700 01cd0800 fe5d6e00 013f8000 01c70a00 fe526400 01af5300 fe527e00
PCM 009280 01b1ed00 fe3d4300 01c8f700 fdf4f800 02116f00 fdc14c00 02455500 fde51600
PCM 009288 0221c600 fe0c2600 01f89f00 fdddff00 0221f700 fdad9000 02567200 fd87de00
PCM 009290 027fd300 fd686a00 029e1c00 fd3bdb00 fcce7400
PCM 0092a0 033b3300 fd41b100 02c5a500 fd8ae100 0279f2fd00 010a2300 ff243900 00dcc500 ff6b0600
PCM 0092b0 00968b00 0015ae00 ffe6c100 00d4a200 ff231100 01337e00 fec55300 01410100
 02319a00
PCM 0092c0 fdbff100 0214cf00 fdddd700 02425200 fdafd5 fd40cf00 02757400 fd7ea800 0263ef00 fd90de00 027f8b00
PCM 0092d8 fd74ef00 02c6b800 fd267300 02d50e00 fd1ddc00 02d9b000 fd122900 03268b00
PCM 0092e0 fccc4a00 0381d400 fc683c00 03f5f200 fbf4a900 0420a600 fbcc4d00 044e1c00
PCM 0092e8 fb997b00 04b8a200 fb327f00 0518c400 facecc00 05629f00 fa853600 05464b00
PCM 0092f0 fa9eda00 05314100 fab8aa00 05228a00 fac89c00 04fd7c00 fae8ff00 04fa7c00
PCM 0092f8 faf0d700 04dffd00 fb0c4a00 04c70d00 fb1f9f00 04a41500 fb44ba00 04414700
PCM 009300 fbacd300 03b43100 fc3acd00 03465e00 fcad7300 03079600 fce45c00 02f36500
PCM 009308 fd008d00 02b6b700 fd383b00 023b6f00 fdb78f00 01e45f00 fe115100 01c1a400
PCM 009310 fe367100 0192b700 fe667600 012ac700 fecdcf00 00dcba00 ff1ba900 00934200
PCM 009318 ff666600 00375000 ffc0d900 00047100 fff45200 ffc48d00 003a0e00 ff838600
PCM 009320 00788100 ff52e200 00add600 ff1e0a00 00de7700 ff13a500 00ebf200 ff157900
fbfc00 01060800 fea5d900
PCM 009330 015ad200 fe7fe500 01829e00  fe656d00 019cd700 fe23b000
PCM 009338 01de0400 fdf0d500 0213280 02d67400 fd468700 02c55f00 fd225e00 02e71400 fcf16800 0312de00800 02d59e00 fceaca00 03195f00 fc9d3700 03719400 fcaff500
PCM 00363dc00 fce22e00 03277d00 fd4b2a00 02be3900 fd892d00 027e8b00 f38b100 fcab6b00 03604900 fc828400 0389a000 fc5dc100
PCM 009378 03ad0700 fc443c00 03c69100 fc3c8400 03cc1700 fc41b000 03c54800 fc3cec00
PCM 009380 03cf3800 fc1c4b00 03f21a00 fc05c700 04036000 fc325b00 03d72c00 fc6c0600
PCM 009388 03a02200 fc454400 03c49d00 fc368700 03da2e00 fc442900 03c7e900 fc54f400
PCM 009390 03b27900 fc2e2400 03e06200 fbe12400 04326f00 fb9a5300 0472dc00 fb898700
PCM 009398 04877000 fb663700 04a88900 fb141400 04f87400 faca3700 05469600 fab3b000
PCM 0093a0 055cf000 fa738000 059f3000 fa6ce400 05a52000 fab1a900 0561a600 fafd7600
PCM 0093a8 05131100 fb5e1800 04b27600 fba45b00 046b7200 fc11dc00 03faac00 fcab8300
PCM 0093b0 035f6200 fd869900 027df900 fe701f00 0191d500 feef8b0093c0 fec8e200 015a4800 fe9c8f00 01714700 fe821900 019e1100 fe57bf0100 fe37b600 01c89400
PCM 0093d8 fe2e9300 019df700 fe555900 017fc700 fe76b300 01a7d200 fe504900 01f8d200
PCM 0093e0 fe005000 025b7200 fd965100 0271cf00 fd84c300 02500a00 fda35f00 0246d500
PCM 0093e8 fdade600 0295e200 fd594400 03573600 fc971a00 03cd40800 fc14ad00 043c5800 fbb13c00 04a85800 fb441600 04d43400
PCM 00
PCM 009400 fb668a00 04837c00 fb672900 042b4200 fbbe0b00 04053e600 02fdf100 fcf51500 02af5e00 fd444600 029e3300
PCM 009418 fd51bc00 0297f100 fd5d9000 023ce700 fdb6a000 01ca7900 fe29f200 015c0500
PCM 009420 fe9e3500 01131800 fee0ab00 01044d00 fef28900 00c2d900 ff367d00 006ca200
PCM 009428 ff8ca100 00150c00 ffe7f40005ee900 ffb1f100 00503300 ff897700
PCM 009438 0070b300 ff6d060000 006ef700 ff6cea00
PCM 009440 0093aa00 ff39cb00 00c5a600 ff119f00 00ecfe00 ff27ae00 00d73300 ff14e500
PCM 009448 00ee8e00 fecf4c00 01341d00 fec48e00 0139ca03200 fe9f3d00 0162a000 fe8e6300
PCM 009458 01767300 fea24f00 01612700 feae3800 01524300 fe829b08 025e6500 fd44ea00 02c30900 fd511e00 02b54d00 fd835d00 02802000 fd903300
PCM 009470 02766900 fda1e300 02640000 fdce4400 02395c00 fdba6600 02497200 fdd21800
PCM 009478 0232c600 fde0aa00 02244200 fdf59700 0212aa00 fe0b4000 01f70d00 fe112700
PCM 009480 01f65f00 fdc83900 02385300 fd8fa100 02787900 fd77ea00 028c7a00 fd601300
PCM 009488 02a47500 fd0c7400 02fcfe00 fca06e00 03695300 fc9e4a00 036c2600 fcbf3500
PCM 009490 0349df00 fcc7c700 033cf900 fcc18300 03475000 fc81b000 0386b100 fc5ba000
PCM 009498 03b15d00 fc2bcd00 03dea900 fc17d500 03f1dd00 fc2b5800 03df1900 fc300f00
PCM 0094a0 03dd1400 fc1f9e00 03eb8900 fc05b100 0408d700 fbbc9300 0451cc00 fb6fc800
PCM 0094a8 049a2800 fb508c00 04bd6200 fb349500 04dbd100 faff9200 051158004b0 051b2a00 fb6fa600 04a31f00 fc483700 03c69f00 fcfa3900 0311fb00158900 003b9d00 ffc01a00 00a5ef00 ff522900 017c4700 fe7e4700 021d5e00
PCM 0094c8 fdd83800 0225db00 fdd3c600 0216ad00 fddb6400 029add00 fd581300 03333c00
PCM 0094d0 fcb95600 03681b00 fc862200 032b8100 fcc4c800 0306ce00 fce5e600 033d5800
PCM 0094d8 fcb14d00 0326a400 fcc81f00 02aeeb00 fd3c6200 027b0100 fd76a400 02e78 02778c00
PCM 0094e8 fd7b0400 009508 fa3f5200 05704900 fa758400 057ff100 fa677a00 058de700 fa5400 facdf100 05360f00
PCM 009518 fab11000 04e75c00 fafee800 046f530 fd91e900 02541f00 fd9a4600 02276400 fdcf7000 01ba9600 fe389f00 0196b000
PCM 009538 fe5bd200 016ddf00 fe872000 01434700 feb2ac00 0112e000 fee59c00 00cffa00
PCM 009540 ff2bb300 00b28200 ff41ad00 00a4f800 ff506700 00a43000 ff587c00 00929f00
PCM 009548 ff641f00 00958a00 ff5fee00 00770a00 ff816500 00413f00 ffb53500 002b6c00
PCM 009550 ffd41000 0042a400 ffb66b00 002a4d00 ffcfd800 ffe2a500 0016c600 ffb4dc00
PCM 009558 004cb900 ffca8400 00351500 00099200 fff5a000 fffb1700 00020400 ffc54a00
PCM 009560 0031c300 ff516700 00ae5800 ff00ab00 00fe0b00 fed9c800 0123f300 fef57e00
PCM 009568 010b8100 ff2dda00 00d22c00 ff437100 00b6a100 ff2a7800 00d62100 fed52a00
PCM 009570 012d4700 fe8ec200 01718700 fe7d5d00 0184f100 fe934d00 016a60fdd48a00 022e0b00 fe071b00
PCM 009580 0201a900 fe25c200 01ddd20aab00 0257fb00 fd7c9000 0289bd00 fd2c0100 02d91800 fcf2a100
PCM 009598 0317fa00 fcfe4600 03098100 fd32be00 02d46900 fd43de00 02c01b00 fcde3900
PCM 0095a0 032c9a00 fc521800 03b89600 fbf2f800 04183900 fbf7a700 04154300 fc26e400
PCM 0095a8 03e25900 fc0eaf00 03fd9500 fbda2000 04347a00 fbb8fb00 0455b100 fb96ee00
PCM 0095b0 04796100 fb369c00 04d50b00 faf07100 051e9f00 fad1b500 053d7500 fad74400
PCM 0095b8 05389200 faf98a00 05184800 fb60fb00 04af7000 fc0b1f00 03fe9900 fcb81d00
PCM 0095c0 03548100 fd93ac00 02721e00 fe453d00 01bd9b00 fed39b00 012e7a00 ff22f900
PCM 0095c8 00da1000 ffa53c00 005ae700 00878900 ff745f00 019f1700 fe5ba300 02533d00
PCM 0095d0 fda23700 029a3500 fd55c300 02d58200 fd18580000 fc4c0800 03a83b00 fc427700 03593400
PCM 0095e0 fc96a600 034fc300 fc9a4e00 0350d600 fc990900 0332dd00 fcbae400 0309c600
PCM 2500 02a09500
PCM 0095f0 fd4ec500 0286bf00 fd686100 02798200 fd00 fdd57e00 02437c00 fdb11f00 02826b00 fd71ee00 028a5300
PCM 0003b4c200
PCM 009608 fc33ea00 03de4a00 fc0c2a00 044b2600 fb9cba00 048ff200 fb58f300 04d38600
PCM 009610 fb17a500 055a3d00 fa8b3300 05bb6900 fa286000 05b28400 fa360f00 0544e100
PCM 009618 faa3a900 04fd9d00 fae71c00 05156d00 fad03700 052c8b00 fab99d00 04d0d100
PCM 009620 fb17ef00 046a1f00 fb7cc000 042fb600 fbb9e900 040a3f00 fbe13c00 03994000
PCM 009628 fc52ff00 033da400 fcb0f700 031e4100 fcd29800 02d35200 fd1cbf00 02869a00
PCM 009630 fd654900 02321700 fdc15600 01eec700 fe058800 01c8ff00 fe2a5000 01946f00
PCM 009638 fe613600 013c9000 feb86c00 00e42200 ff0f5200 00a6c30 ffdf1800 001cef00 ffb58f00
PCM 009648 0042e600 ff89b300 0072e09658 00f6fa00 ff357c00 00c87200 ff353f00 00c9aa00 feec4000 011513b1100 fed8a000 01251a00 fef21c00 010e4a00 fed04b00 012b5500 fe00 01893400 fe5e4700
PCM 009670 019fa500 fe1a9800 01e21800 fde303300 02633600 fd8eeb00 02752c00 fd575b00 02a9bd00 fd0f1f00
PCM277de00 fdbc7c00 02483800 fdb65f00 02503d00 fd791a00
PCM 009698 0096a0 02d0b800 fd220b00 02e19d00 fcceb800 0338d900 fca5a600 0324d00 0456fb00 fb4fa400 04c1de00 fb252100 04e8e500 fb2bd500
PCM00 fb1a1300 04f11000 faf99600 05174400 facb4a00 05470f00 fa969e0fcac9400 035f4a00 fd712900 02957e00 fe5d1b00 01a6ac00 fefa5500
8 fe8a5900 022ef600 fdc64900 025ae600 fd9ac500 02905d00 fd604c000
PCM 0096e0 fd0b2d00 0324d000 fcc9c000 03584700 fc9aad00 03da4c200
PCM 0096f0 fc0c5d00 03daad00 fc0e7f00 039e9900 fc4f8f00 0300 02df3d00 fd0d5100 02ae2300 fd410400 02862d00 fd6d8e00 0270bd0de1b500 01c96c00 fe26ba00 01e33800
PCM 009708 fe0e2900 023ce400400 044d3a00 fb980400 04563e00 fb8f9000 045cef00 fb8d9300 04b894 fa9e0900 057a3200 fa6a2b00 05300f00 fabada00 04ec8000
PCM 00974774800
PCM 009730 fb707b00 041b2f00 fbcce700 03b67300 fc37900000 fd23d200 02b8fd00 fd3a7600 028d4100 fd660500 02285b00
PCM 00750 ffcfc500 000a0e00 fff17800 ffecaa00 000a9100 ffceac00 0028299780 013b1600 fe869100 017f3000 fe6b5000 01958600 fe6de800 01971300 fe873200
PCM 009788 017b3100 fea1a100 015e3100 fe7d5e00 0187bf200 fd817300 027ea500 fe0b6300 01f70d00 fe5df700 01a25c00 fe7c8800
PCM 009798 01820000 fe09c000 01f8d500 fdf1f700 02110d00 fe3e3500 01c1ed00 fe130400
PCM 0097a0 01ef1a00 fde1be00 021e5700 fe6c3000 0194e400 fea28400 01623400 fe3c6800
PCM 0097a8 01c12000 fe09ef00 01f89d00 fea68f00 015a3500 fed8aa00 01255200 fe6a5500
PCM 0097b0 01933500 fde48b00 02207c00 fdd49600 022e3e00 fdacb500 0256ff00 fd982400
PCM 0097b8 026b1300 fdbbda00 0244e200 fd9ae600 02696900 fd6ef200 029dfe00 fd5e5900
PCM 0097c0 02adb300 fd442600 02bede00 fd344600 02d5c300 fd0ccd00 02f9b400 fd18bd00
PCM 0097c8 02eae600 fcec1200 03176500 fc855100 0382e200 fc4d8500 03ba7a00 fc8b6f00
PCM 0097d0 03803100 fcbcc000 0346fb00 fcb54f0PCM 0097e0 020b6400 fe909300 01712700 ff051f00 00fc8200 ff864c0000 02794700 fd77b600 02b3fa00
PCM 0097f8 fd39f500 02e38900 fd096600 03579b00 fc940400 03970900 fc52ae00 0331fa00
PCM 009800 fcb86c00 02e0fc00 fd0f0000 03071d00 fce73600 03676f00 fc863d00 0366eb00
PCM 009808 fc851c00 032bbc00 fcbe5f00 0325dd00 fcc8a500 03319100 fcbd0800 02e8b900
PCM 009810 fd02df00 0286e500 fd69c100 025d4a00 fd962900 026ebf00 fd842400 0258f100
PCM 009818 fd964500 02148700 fddc3b00 01f37300 fe052500 01f0c600 fe068800 02052700
PCM 009820 fdef2200 01c24100 fe32a300 0168a100 fe8ef100 01932b00 fe655c00 01e9ad00
PCM 009828 fe09df00 02220500 fdd0c200 023 025a4500 fd9b8d00 0271fc00
PCMa5000 004b6300 ffae7000 002f2b00 ffc96600 ffe48100 0012cd00 ff8d1200 ffdee000 001e8600 ff923b00
PCM 009870 006cbf00 ff44be00 0013ec100 ff590000 00aab900 ff283f00 00d48b00 fea76800
PCM 009888 009890 01d36c00 fe6fd700 018c5e00 fee03300 01263c00 fe81db00 0100 fecd5800 01388b00 fe6e5700
PCM 0098a0 0195e900 fe34f000 01ca1200 fe56fd00 01adab00 fe737600 018f0500 fe6b5b00
PCM 0098a8 019a9300 fe89bc00 01778e00 fe45b200 01bd0c00 fdf61900 020d7100 fe518100
PCM 0098b0 01b15800 fe23e000 01e0b600 fe0d9a00 01f69300 fe55dc00 01ab0b00 fe417e00
PCM 0098b8 01be2f00 fe207700 01e01d00 fde6fa00 021d4500 fe3c0200 01c20500 fe596000
PCM 0098c0 01a74500 fe539600 01a8e200 fe627100 019daa00 fe5df900 01a3e100 fe29c600
PCM 0098c8 01dbda00 fe6b0000 01942f00 fe5ed100 01a52200 fdf28d00 0211e600 fe28fc00
PCM 0098d0 01db8b00 fef06a00 01122f00 feb9ca00 0145bc00 fe2e6100 01da0500 fe103000
PCM 0098d8 01f39b00 fed18600 012fbe00 fef90000 0107b900 fe4c2700 01b5f500 fe080b00
PCM 0098e0 01fcca00 fe997300 01696000 fe824700 017ec600 fe18ee00 01e89000 fe35d300
PCM 0098e8 01d06900 fe98d200 016b9400 fe963500 016b3400 fe54ac00 01adc700 fe361f00
PCM 0098f0 01d11a00 fe461000 01bdf700 fe6d9900 01957000 fe811a00 017e7c00 fe91a400
PCM 0098f8 01721c00 fe871e00 017c2f00 ff071a00 00f7bf00 ff460d00 00b6e900 ff180f00
PCM 009900 00e81900 fee50c00 01185500 ff42e500 00bee700 ffb7c700 0047ed00 ffdb1200
PCM 009908 00235200 fff8ea00 00037200 0075d500 ff82bf00 00d6fa00 ff227000 00edd000
PCM 009910 ff070c00 00d8e000 ff1f4900 01229600 fecfb600 01957700 fe60a800 02049b00
PCM 009918 fdf1f400 0207db00 fdec9000 02241700 fdcf6900 0220c100 fdd1a000 02452b00
PCM 009920 fda98700 027bf100 fd738d900
PCM 009928 fd068500 02cd8200 fd231600 02b36500 fd3e2000 0400 027c8100 fd757000 028c1300
PCM 009938 fd643600 027e7e00 fd7cc7d00 fe25a400 0218df00 fdd9ab00 01f54500
PCM 009948 fdfe4800  02a2f500
PCM 009958 fd4f4600 0248c900 fda8bb00 0233ba00 fdc082 fd6dc800 027b5600
PCM 009960 fd700200 01fd8200 fdf63600 01ae7c0 026fff00
PCM 009968 fd7e8a00 0221bd00 fdce4300 01c00000 fe380d00 01dfcc00 fe156900 025e4200
80700 fead7500 01ec4f00
PCM 009978 fe099400 0198fa00 fe5d8e00 0
PCM 009988 ff013c00 00d87e00 ff1e4c00 00b28500 ff4aad00 ffdf6400 001d1e00 ffd71900
PCM 009990 00252200 0076cc00 ff857900 ffbd9900 00434900 ffd2e000 002b5c00 ffc54900
PCM 009998 003ab300 ffe95d00 00127e00 00224b00 ffd95700 ffc50800 0035ca00 ff4bb600
PCM 0099a0 00b57b00 000ca900 fff5bf00 ffc1ff00 00392900 ff9df700 0060ea00 ffe27800
PCM 0099a8 001b3b00 ffb01600 004eb100 00660c00 ff945800 001fcf00 ffdb6100 fffe6a00
PCM 0099b0 fffddb00 00246100 ffd44d00 00961d00 ff63ba00 0030b700 ffccc300 0056ab00
PCM 0099b8 ffaaa300 ff587f00 00a38200 feb00 ff24c100 00da4d00 004fd800 ffab0300 002dd400 ffcf4400 ffbd 0030f400 ff6ec000 0094db00 ff489c00 00b60c00 00549a00 ffa43b00 00 ffae3d00 004f5d00 001a0d00 ffdeb400 00d8b200
PCM 0099f0 ff206800 00c4fd00 ff32aa00 005e7400 ff9afb00 0069d900 ff8e4d00 00c17800
PCM 0099f8 ff365c00 007174000e5000 ffee3c00 001cc300
PCM 009a08 ffe0a000 00a63000 ff4e3d00
PCM 009a10 005a2c00 0096a800 ff621500 007fc900 ff792800 003a7b00 ffbf4800 00054c00
PCM 009a18 fff6bb00 009fcd00 ff587600 00c9af00 ff308300 00617b00 ff9cba00 ffe8ef00
PCM 009a20 00190200 003dc200 ffb9e500 01268100 fecf2a00 00d07500 ff263100 00691800
PCM 009a28 ff900200 00743c00 ff826700 01473900 feb2ae00 01271200 f0 ff094300 017bf900 fe77cb00 0167ed00
PCM 009a38 fe906800 00f59b900
PCM 009a48 fe1bbb00 01c1c900 fe2eca00 01ede600 fe04e100 02d86800 01f58a00
PCM 009a50 fdff3400 01c68f00 fe2fe200 01befc00 fe03de00 01f9a500 fdf8fd00 01b77500
PCM 009a60 fe3b1900 0172a406000 02051600 fdf0bc00 01603600 fe98cf00 01446b00 feb19e00 0177db9f00
PCM 009a88 ffa15300 0161e100 fe925500 01bdeb00 fe3ad300 0183cb00 fe6ba000 00475d00
PCM 009a90 ffb94700 00c16600 ff39ef008 0009bb00 00973200 ff64ad00 01aa6100 fe4b8400 00309d00 ffcddd00 00827000 00160d00 ffe22600 0030a000 ffc8f400 ffb26e00 004c6200 3200 00e78000 fed9cc00 01266800 ff184200
PCM 009ae0 00e8cd00 ff24a500 00dba300 feb37d00 014cc700 feb51b00 014f3600 fef49600
PCM 009ae8 010a9900 fee0fc00 011ed400 fe64a700 01a2a600 feb60300 014bdd00 ff8d6300
PCM 009af0 00714b00 ff8bf900 00740f00 fea76c00 015ce400 fef94c00 01063600 ff7100 fec04500 013f8700 ff209b00 00df3e00 ff081900
PCM 009b00 00f41b00 ff235200 00dd6f00 fee36f00 011bae00 fe977500 016b3c00 fea61b00
PCM 009b08 015a8200 fed04f00 0130d000 feefea00 01112400 fdb69c00 024ca800 feb68000
PCM 009b10 01474f00 ff60b300 009faf00 ff72c100 00890400 fe4be400 01b3ab00 fefac000
PCM 009b18 01035c00 ff84bf00 007bfd00 ff506300 00ac5a00 feaa5c00 01586a00 ff148e00
PCM 009b20 00ee0c00 ff8f5b00 006e1a00 ff397e00 00c54700 fdcf5800 0233b900 ff46ac00
PCM 009b28 00ba1200 ff8efa00 00718e00 ff206f00 00de4c00 febe0d00 0143f400 ff03fa00
PCM 009b30 00fe4300 fea78400 01580700 fe6b8400 01953e00 fe72d400 01907100 ff21d500
PCM 009b38 00dcaa00 fec42f00 013b9100 fe884b00 017a9e00 fe5e7200 01a55600 febb9600
PCM 009b40 01464500 fec2bd00 01409e00 fe4cff00 01b70500 fdfc0300 02064a00 fe63f800
PCM 009b48 01a13b00 fe84a500 017d3600 fe3adb00 01c8fb00 feb1f00
PCM 009b58 0187a300 fef4bb00 010f6c00 feef0600 010ce100 fe0 00f66b00 feb6aa00 014a7700 ff2ee500
PCM 009b70 00d50400 ffeb60 ff271800 00d86d00 ff25de00 00d89c00 ff77b200
PCM 009b78 0087d500 ffb50700
PCM 009b80 004c6900 ff96e600 00625c00 ff8bb400 0070 ff4ff400 00adc100 ff65eb00
PCM 009b90 00984d00 ff5f6800 00a071f00
PCM 009b98 ff7c1d00 0034e600 ffc68700 ffdf8b00 001bf500 0000
PCM 009ba0 00038100 ffdb0c00 00208500 ff9f4200 00607300 fffd 0055c300
PCM 009bb0 ffa19400 ffcff400 00300300 ff6d0a00 0093ec7000 00381600 00172a00 ffe32100 ff822a00 007ea600 ffb39500
PCM  00418200 002a5c00 ffd24900 00899d00 ff708f00 003ad300
PCM 009bd0 ffbdfa00 ffbaf100 00457000 ff798000 0081bd00 ffbcc900 00412200 ffc6dc00
PCM 009bd8 00317500 00576800 ffa35a00 ff5b0500 00a3ad00 00720d00 ff856000 00a55300
PCM 009be0 ff531700 00720600 ff854000 00168700 ffe55100 00387300 ffc1db00 0023a200
PCM 009be8 ffd7bf00 ffe15900 001ad200 ff7f6900 007bda00 004ae300 ffb0d200 0014ab00
PCM 009bf0 ffe6e900 00407600 ffb84c00 015e0c00 fe9a0100 0160a800 fe992d00 ffcddf00
PCM 009bf8 002f3100 ff3ea400 00c1fd00 002f0000 ffcca000 0097a300 ff5f2700 004d1f00
PCM 009c00 ffb1f100 00c29c00 ff3a5700 0132a900 fec33400 00e4c200 ff149d00 00289b00
PCM 009c08 ffd17900 00c1bf00 ff36da00 00a00600 ff56d500 004e8e00 ffadca00 ff777b00
PCM 009c10 00870600 ffc36400 003c3700 011d7600 fedb2e00 020c2700 fde8e400 00ac6100
PCM 009c18 ff4fe400 00239c00 ffd85700 0007bd00 fff21400 00e3a100 ff110e00 00c5e100
PCM 009c20 ff337f00 008af100 ff6dbd00 00ef2000 ff0ab700 01756c00 fe7dfe00 00c59900
PCM 009c28 ff302200 009cb800 ff5e7800 00b3a900 ff43be00 0108f600 feed0200 002f4f00
PCM 009c30 ffce8000 00819d00 ff7b0300 0087f400 ff70fc00 00b9b000 ff3d6000 00e3bc00
PCM 009c38 ff14c500 00509800 ffab6100 01205800 fed8b300 00cc9b00 ff2b0000 00205d00
PCM 009c40 ffd9aa300 00c7be00 ff344d00 00faf900 fefa7700 00c3aa00 ff320000 005d3ffb9d900 0024d000
PCM 009c58 ffd83500 00382e00 ffc34100 00eb5609b200
PCM 009c68 ffc3a300 0089b200 ff714a00 00f10c00 ff07d500 0
PCM 009c70 ff9f1400 003a8d00 ffbd7500 00b86300 ff3e9d00 00ba33f23700 ffd32700 00219600 00501700 ffab0f00 ffb65400 00469000 ff5dc900
PCM 009c98 009db100 003f8200 ffbd8a00 006be000 ff8aa800 ffb0db00 004c9400 ff1e0200
PCM 009ca0 00e28100 ff60f100 009bc100 00174700 ffe24e00 00023000 fff9d000 ffb41b00
PCM 009ca8 004d1900 00577400 ffa62600 0023f200 ffd74e00 ff769e00 00889e00 ff574b00
PCM 009cb0 00a7b300 ffc24900 003c2000 ff687900 0092c400 ff93ed00 006acd00 ffdc3a00
PCM 009cb8 00227300 ffd23700 00278a00 00057e00 fff62400 00097e00 ffefc100 ff7a9100
PCM 009cc0 0081b900 ffa53000 00596a00 ff752800 0085cb00 ff79ae00 00836600 ff625300
PCM 009cc8 009bce00 00121c00 ffea8400 00a45b00 ff53fe00 00316500 ffc9ad00 ff502400
PCM 009cd0 00acbe00 ff685100 00942700 ffad2900 004bc700 ff95ec00 00659c00 ff069d00
PCM 009cd8 00f9c500 ff33a200 00c9b500 005d9c00 ff9f3100 00576200 ffa4ef00 ffc5ea00
PCM 009ce0 003a6200 ffb0f100 004d8a00 0081f200 ff7a6d00 00549800 ffa3e700 ffa60c00
PCM 009ce8 0058b600 ff495600 00b26500 00a97d00 ff51f600 00a83000 ff531e00 ffceba00
PCM 009cf0 002cf600 ffe50a00 00171300 00963c00 ff651500 00281c00 ffd2f000 ff9a1f00
PCM 009cf8 00632300 ffbb8700 00435b00 004de700 ffaef600 0023a700 ffdbb700 001f1a00
PCM 009d00 ffddfa00 00a88800 ff508700 003aa700 ffbf2500 00159b00 ffe86800 00034600
PCM 009d08 fff8eb00 0063b400 ff943f00 ffb3bb00 004b3d00 ff6bce00 00931800 00175900
PCM 009d10 ffe75e00 00690b00 ff925100 ffe14600 001d6700 002a3600 ffd1d300 00564400
PCM 009d18 ffa69300 ffa0bd00 005d2300 ff46c600 00b61600 ffa6f300 00540b00 ffd4f600
PCM 04fa500 ffe68600 00148a00 ffdbd200 ff409200 00bde600 ffbd3c00 00419300 ff8e6000
PCM 009d60 0072db00 ff85be00 00794200 ff11db00 00edb000 ffc13d00 003cd600 ff36f006600 00563a00 ffa21c00 ffa8e900
PCM 009d70 00507700 ff320600 00cbc500 ff81b900 007a1500 fff84a00 00004d00 fec0c700
PCM 009d78 0141a800 fe573300 01adc300 fefac200 01062900 feee3d00 010df800 ff5e9800
PCM 009d80 00a06f00 ffe00 004eb200 ff5c3900 00a41000 ff96b900
PCM 009d88 00634500 ff8d39900 ff754200 00878e00 ff568b00 00a39b00 ffae6c00
PCM 009d98 004aba00 ff86cf00 00790a00 fe284000 01da8600 fea4ed00 015dd900 0016c800
PCM 009da0 ffe5ee00 ff53e500 00ad4200 ff2e1d00 00ce2100 ff4cd500 00b11000 ffed4000
PCM 009da8 00106100 ff8dd200 006d1f00 fe8bb700 01750600 fea35b00 015c4f00 fefa3800
PCM 009db0 0106e400 ff191000 00e47700 ff9f3200 0060cb00 ff6d8a00 00910e00 ffbe0d00
PCM 009db8 00407800 ffb61200 00481e00 ffa2f700 005ae800 ff18b600 00e68f00 ff32a100
PCM 009dc0 00ce1100 ff06e700 00f84500 fe832f00 01829b00 ff365500 00c75400 ffd96200
PCM 009dc8 00287a00 ffd66f00 00230500 ffaca500 0051a000 ff42ea00 00ba8a00 ff2f0e00
PCM 009dd0 00d07000 ff728900 008ba300 ff022200 00fe8e00 fee59600 011ade00 ff265100
PCM 009dd8 00d35a00 fef9ff00 01037c00 ffd92c00 00226c00 0025d400 ffd42f00 ff548400
PCM 009de0 00a4b400 fe8c9500 01727500 ff211500 00df3c00 ff551800 00a9cd00 fec79500
PCM 009de8 0137a700 fe83c700 01802100 ff634000 009ac400 001a2a00 ffe05300 000e8e00
PCM 009df0 ffee4800 fefc4700 010ac600 ff265800 0 0179e000 fe644100 01a20900 ffa00 fef47600 0108c400 fed4bf00
PCM 009e20 0128c900 ff946d00 0067fff89d00 ffd64800 002abd00 ff0dbc00 00f57b00 ff853800
PCM 009e3fa9d000 0052f000 fe86b300
PCM 009e40 017a5b00 fec19900 01409400 ffba1000 0043bb00 ffdcf000 00238100 fefe2200
PCM 009e48 0101d100 ff30d800 00cc8f00 ffd72300 00
PCM 009e60 00694600 fedec100 01241300 ffcef000 002dbf00 ffa6431c1d00 ff035600 00fd7c00 ff956300 00673f00 ffd0ea00 0028b900 ff400 001e7d00 ffdf4b00 ffdda100 001d7a00 ffa4a300
PCM 009e78 00593900 ff6e6800 008e9800 ff7ea600 007e9600 ff611600 00a11b00 00032a00
PCM 009e80 fff97000 ffdf4700 001e9600 ff690100 00967c00 ff732100 008cf400 ffdee000
PCM 009e88 00188d00 ff66ba00 0097aa00 ff1c8100 00e51e00 ffe68a00 00187600 ff8e8500
PCM 009e90 006cd200 ff5f8900 009f9900 ffb16800 004a9400 00193b00 ffe1d600 002f2300
PCM 009e98 ffcc6a00 ffa92200 0056e400 ff618300 009aa500 000c4800 fff0cb00 ff454c00
PCM 009ea0 00bba700 fea0c400 0161e700 ff80aa00 007e7b00 fff70a00 00057c00 fee6b200
PCM 009ea8 011d4e00 ff372600 00c7c400 ffbc9100 0041df00ff82b100 0078e800 ff141a00
PCM 009eb0 00eae600 fed62400 0129ef0e0d100 0019ca00 fef73200
PCM 009eb8 0105f400 ffbe1d00 00409400 500 ff48c100 00b28c00 fedb6600 01260000 fef39b00 010e0000 ff42b3fcd600 0102ea00 fe79a600 0187de00 feebe300 01133e00 ff376800
PCe0 00c5ad00 ff9aaa00 0065f500 fea41900 015c3500 fdf6dd00 020d1d00fb9600 ff9c9a00 00623200 fe0b6b00 01f55300 fe9a2500 01682c00 ff 00e55900 fec48700 013a8300 ff824600
PCM 009ef8 007e4f00 ff448f0 00c3f900 ffd51a00 0026df00 ff1b6b00 00e47500 ff52cf00
PCM 009f08 00adc600 ff1fe800 00e23400 f00c78d00 ff7d7700
PCM 009f10 00828c00 ff1c6d00 00e32600 ffdfdb00 001a6400 00124d00 ffe92600 ff50828f00 00087200 fff26a00 ff9a0700 00643e00 fe6cf500
PCM 009f20 0191cb00 ff067c00 00fa5400 ffa15000 005a2200 ff4cdc00 00b72e00 fee6fc00
PCM 009f28 0118e200 ffb56e00 0042ae00 ffb6a700 004ad000 ff88aa00 00780a00 ff97b800
PCM 009f30 00694a00 ffa37b00 005a4500 ff5d0400 009dc900 fffa2200 0001dc00 0040d400
PCM 009f38 ffb52700 ff2c3800 00d0d700 ffd23c00 002b0900 00bbed00 ff3ba400 ffe17500
PCM 009f40 00189700 ff7f0c00 007e3d00 0007d500 fff10b00 00334d00 ffcc3f00 ffc87800
PCM 009f48 00377800 ff5c9900 00a49300 ffba5200 00406e00 ffbfc400 003d5900 ff56e300
PCM 009f50 00abce00 ffe53100 00145500 0024fb00 ffd25b00 ff720200 008b0400 ff808900
PCM 009f58 0080b000 fffc7f00 fff88800 ffbb0600 00405d00 ff9da900 005c4900 002f2000
PCM 009f60 ffcc0600 00b12100 ff43f600 00216d00 ffd48900 ffe37300 0016a000 002e9500
PCM 009f68 ffcb1700 003aa400 ffbe4a00 ffc22a00 003a1000 ffa95300 00566d00 ffd15100
PCM 009f70 002cee00 007d8d00 ff7eb200 003b9900 ffbacb00 ffba5000 00440a00 ffcb9e00
PCM 009f78 00345700 00657b00 ff948700 002d4800 ffd0a900 ffb32000 004c7f00 ffc73000
PCM 009f80 00378f00 fff3cb00 000db000 ff6fb500 00885000 fff6b100 0003df00 fff5d000
PCM 009f88 00045b00 fff79000 00018500 ffbe4400 0038d500 ffd5f600 00271d00 ffdd2b00
PCM 009f90 001d2500 ffd89900 001d7300 ff8c0800 0070c100 ffa2ad00 00571000 ffbea400
PCM 009f98 003d9d00 ffb0da00 0f53200 ffb5ed00 004aee00 feee2400 0113eb00 ff75dd00 00868200 00b000 009c2300 0037e300 ffc64d00 ffcfef00
PCM 009fc0 002cda00 ff300 00be2300 ff4bdb00 00b05800 ff95e600 00668100 ff8b7e00
PCM 000904700 ff07ad00 00faab00 ff81a200 007c7100 001a3400
PCM 009fd84aa400 00aff500 ff44b700
PCM 009fe0 00baa800 fee65f00 01180100 431500 00ba6100 ff3be800 00c0da00 ff288300
PCM 009ff8 00d5b900 764600 00882700 ff319900 00cc3100 ff0b4a00 00f30f00 ff66e400
PCM 00a008 0092c800 ff558700 00a7b100 fec5d600 01378800 ff314b00 00cb8b00 ffac7400
PCM 00a010 0050c100 ff61d400 009d1700 fe9f8a00 01600d00 fe64ee00 019aaf00 ff7e4b00
PCM 00a018 0080e700 fee00400 0121ab00 feb17b00 014f4e00 ff365b00 00c65c00 ff357600
PCM 00a020 00c80d00 fea5bb00 015db400 ff562400 00a38d00 ff30ef00 00cf2a00 ff12e700
PCM 00a028 00ecb000 fed7c700 0128ed00 ff57d500 00a6ef00 ff174a00 00e48b00 fedab000
PCM 00a030 01230100 fe916a00 01700f00 ff316400 00cd1800 ff1c3100 00e08b00 fef4d000
PCM 00a038 01098500 ff082000 00ef7500 feca7f00 01363f00 ff78f800 00832200 ff4ee800
PCM 00a040 00a8ba00 feca6200 0139a500 fecf9b00 012c1e00 ffd3b100 0024fc00 ffa19d00
PCM 00a048 005f1900 fed40c00 012e0e00 feed1900 01186d00 ffaf7900 004ab900 fef7a600
PCM 00a050 01080e00 febf1e00 013c7b00 ff027900 0101b900 ff629000 009a4c00 ff4dee00
PCM 00a058 00af1600 fec8d000 0134bc00 ff121900 00ecdd00 ff6c3100 00918300 ff0a2000
PCM 00a060 00fa8900 fe992000 01672300 
PCM 00a068 0136a700 fef4a300 010a8500 ff820000 00790200 ff72a6600 ffb4ba00 004add00 fefa9100 01033600 fedff900
PCM 00a078 0125500 fede4100 0122a600 fe204800 01e27200 ffbbc700
PCM 00a088 0000 01131f00 00130f00
PCM 00a090 ffec8200 ff77ab00 00832f00 fe93ee00 016ebf00 feb39700 014afe00 ffdefb00
PCM 00a098 001eae00 ff7dc500 0081a900 fee28900 01214d00 ff43de00 00ba2e00 ffe89700
PCM 00a0a0 00147400 ffc51800 003a2100 ff077d00 00fa2000 ff766700 008b7200 ffb3f800
PCM 00a0a8 004bab00 ff733c00 008bb600 ff319900 00cab700 00005e00 fffec000 ff7c5700
PCM 00a0b0 00807300 ff690300 0092ef00 ff9be000 005fb200 ff0fcd00 00f3f700 ff5eee00
PCM 00a0b8 0098c000 ff6e4500 008e1000 ff727b00 008c2000 ff2eff00 00cf6200 ff806200
PCM 00a0c0 007a7100 ff3f3b00 00bf6300 ff5ea800 009c2300 ff89cf00 00736900 ff9c3e00
PCM 00a0c8 005eef00 ffb19900 004a0200 ff5cf000 009d6d00 ff8e2700 006fbe00 ff6aec00
PCM 00a0d0 00937f00 fee6f600 011ba600 ff823b00 007f6e00 002a9100 ffcff700 00303100
PCM 00a0d8 ffca1500 ff5a0400 00a13f00 ff5e3a00 00a12800 00742200 ff7dde00 ffe21d00
PCM 00a0e0 001b8300 ff3c5000 00bce100 fedc7700 01203a00 ff6c8000 008e8b00 ffe9eb00
PCM 00a0e8 000f1500 ff019a00 00fe3700 ff186100 00e90700 ffa2df00 0059dc00 ffdd7800
PCM 00a0f0 001dbb00 fed84c00 012bf400 ff439a00 00b5ed00 ffb06700 004ea300 ff7a5c00
PCM 00a0f8 007f1500 fee71700 0114b700 ff591a00 00a47e00 ffc2a300 00395400 ff339f00
PCM 00a100 00cd1f00 ff59c700 00a62c00 000e8400 ffe97200 ff685600 00953b00 ff08bd00
PCM 00a108 00f68500 ffcfb600 002edb00 ffb97f00 00442200 ff2aef00 00d20f00 ff675e00
PCM 00a110 0096f700 ffc99700 00308900 ffc84000 00381b00 ffb67500 00485f00 ff9af500
PCM 00a118 00667600 ffb79900 00449d00 ff461d00 00b45600 ff173e00 00e60c00 ff869300
PCM 00a120 00762700 0016e500 ffe22
PCM 00a128 009d8800 ffcef000 00295f00 ffcb8c00 00323d00 ff738bff85000 fffd3a00 00361e00 ffc54a00 ff87a800 0075fb00 ffac0e00
PCM 00a138 004ee900 ff9d0f00 0062fd60400
PCM 00a140 00258f00 000e8900 ffef4b00 ffb5b100 00468c00c00 ffa9fc00 004fcf00 00405a00 ffb9a800 0034d300
PCM 00a150 ffc58 005a1e00 ff8ea000 00713000 ff4d1400 00ac0e00 ffef9400 0009b100 fff4c600 001f8400
PCM 00a170 ffda5e00 ffd87e00 00208600 ffa63700 00552e00 001ef800 ffd69900 000 001a5d00 005e5800
PCM 00a180 ff9b0200 0015cb00 ffe65f00 00180039cf00
PCM 00a190 ffc4e200 0063c100 ff9bb800 00456200 ffb867000a198 00117a00 ff8b5e00 006dbd00 fff23b00 000ca200 00624800 ff967f00 ffca6900
PCM 00a1a0 00326e00 ffc53000 003c3a00 ffc9a200 00341100 00079b00 fff11400 ffe6f000
PCM 00a1a8 0010fc00 ffb34200 004c8900 ffeda000 0009e100 00399100 ffc1b400 008df300
PCM 00a1b0 ff6eb200 0054f500 ffa26700 00038900 fff95000 ff647e00 00955400 ff9b4400
PCM 00a1b8 00631e00 ff9b7c00 005cf400 ff408b00 00bc4e00 ff8fd000 006f6500 002d8800
PCM 00a1c0 ffca7800 00171900 ffe24500 ffeb2300 000f5d00 ffeebf00 000a4100 ffe63a00
PCM 00a1c8 00129200 0000d400 fff7e400 ffd80500 00242800 0019d100 ffe0e900 ff969a00
PCM 00a1d0 006f9f00 ff683000 009baf00 002f2900 ffc9b500 0092e000 ff6b4a00 ff98da00
PCM 00a1d8 00601e00 001f8000 ffdb0f00 003eff00 ffbcbf00 00721c00 ff867500 ff457a00
PCM 00a1e0 00b63e00 ffd48800 0027d400 00463300 ffb88400 ffc52400 00353400 ffd9b200
PCM 00a1e8 00234300 0056e000 ff9e5000 004f8e00 ffacbc00 ff221800 00dc9d00 ff2a0b00
PCM 00a1f0 00d1bb00 ffa27f00 00595700 ffc95200 0032be00 ff233d00 00db9b0 0030d500 0058be00
PCM 00a200 ff9f4d00 003ab200 ffbed100 ffd8da 00372e00 ff7fd300
PCM 00a228 007b7500 ff5cf300 00a06700 ff5b5530 00e50f00 ffa30300 00550100 ff3a1200 00c1e200 ff10d400 00e9780a258 00645800 fee54300 01162500 00268c00 ffd22000 ffe64100 000e4a00 fef0df00
PCM 00a260 0108ba00 ff8aa300 0072b200 0094aa00 ff684800 ffd22900 002d9300 fed8f600ff53ef00
PCM 00a270 00aa5500 ffea8900 00134300 00604900 ff9b430fab8f00 004e5800 ff501d00 00ac7900 ff2a3f00
PCM 00a280 00d0f500 fff62600 000b2700 ffbec900 0039bd00 ff13b200 00ea5f00 ffb59300
PCM 00a288 0048ab00 ff96b300 00691400 fefbd100 01027800 ff4f3300 00ae1400 ffb0b700
PCM 00a290 004c5600 ff100a00 00ebf200 fe8ab600 01756900 ffa32a00 0056b800 fffdba00
PCM 00a298 fffdd600 ff009200 00ff4700 ff1d3c00 00e1ec00 fffec000 fffc0300 0002b900
PCM 00a2a0 fff78100 ff550300 00a94900 ff797d00 0087e500 ffd7e100 00227100 ffe76700
PCM 00a2a8 0011cc00 ffb6bc00 00402d00 ff91f900 006c3b00 ff9d1900 0057d800 0009e00 0007e800
PCM 00a2b8 fff63200 ff295700 00dbe800 ffac8700 0050 ff810f00 00798400 ffe61b00 00152c00 ffdc3900
PCM 00a2d0 001dfbc400
PCM 00a2d8 006bce00 ff6d4b00 008bc700 ff581b00 00a0c000 ff200 0056d900 ffcdc100 0030f700 006a2500 ff8ae100 ffcf3e00
PCM 0f86b00 00032100 fffbbb00 00018300 fff60500
PCM 00a2f8 0006b100 b6e00 001c7000
PCM 00a308 ffdf3500 fff85500 0003ef00 00054300 fff3f800 ffe3bd00 001a7400 ff94f200
PCM 00a310 0064d900 ff7eda00 007b8000 ffff0000 fffcaf00 ffbfd900 003aef00 ff9bb400
PCM 00a318 005feb00 00599a00 ff9e8c00 0028f300 ffd17c00 fff89000 00021a0004d3100 00707000 ff8a6a00 fff83500 0000cd00 ffaea900 004eb600 f6100 001b8300 ffc5e300 00348400 ffe92e00
PCM 00a330 0010cf00 ffd78900 00274b00 00867000 ff707f00 0029ae00 ffd11d00 ffd58600
PCM 00a338 002c9600 ff87a900 0072c3f00 ff930900 00716f00 ffac4600
PCM 00a340 004e0f00 00438a00 ffb5fc00 002eb600 ffc9ca00 00404700 ffb69600 00902a00
PCM 00a348 ff683800 ffe5f600 0015ef00 ffbf5000 0039f300 fffa5f00 00045e00 ffd35b00
PCM 00a350 0028e600 ffc6bd00 003b0400 ffda2600 001c6e00 00391100 ffbfc400 00441900
PCM 00a358 ffba6700 ffe8cf00 00120800 fff4e000 0006e400 0017fb00 ffe40500 0004ca00
PCM 00a360 fff4b800 ff77a400 00876000 ff953600 0067d500 00285f00 ffd4e000 00351600
PCM 00a368 ffc4db00 000e2800 ffedb700 00594800 ffa3ae00 ffef7c00 000b9100 00009d00
PCM 00a370 fffd0000 00158200 ffea7500 00380700 ffc0af00 006a1900 ff8fe500 00251500
PCM 00a378 ffd5ed000 0024d300
PCM 00a388 ffd41200 fff78800 00058e00 00ba7100 ff3c4f00
PCM 00a398 0002a200 0025f600 ffd85700 00210300 ffdc3300 00300 0059d300
PCM 00a3a0 ffa01b00 000c2100 ffefde00 ffb92000 00400 0016dd00 ffe69300 ffe02500
PCM 00a3a8 001c6200 ff90ec00 006a60 00436a00 ffb7b400 00381700 ffc61b00 003cac00
PCM 00a3b0 ffc0f900 00178f00 ffe22700 00893100 fM 00a3b8 0046e800 ff9ea200 005dc500 00a02000 ff584a00 00493200 f ff84ea00 00163d00 ffe53700 0063e200 ff96b900 00b8ac00 ff3f4e00 07cf00 fff5d200 00418a00 ffb9c400 00191c00 ffe0c900 00a3ca00
PC00a3e8 ff585600 005e6600 ff9b6300 00510400 ffac5e00 007b8f00 ff7ff6b9b00 0084f200 ff70be00 00029300
PCM 00a408 fffc7e00 0090d60be5300 0107e700 fef0e700 0170b000 fe868f00 00700900 ff87d900 00700 feae9500 012a8a00 fecb5700 009c3e00 ff5b1700 00def900
PCM 00600 ff287000 00a10d00 ff566d00 005ea400 ff95e000 002ef700
PCM 0M 00a438 ff89e700 ffaf6f00 004c3c00 006c3e00 ff8f6b00 01410a00 f4c00 ffbddb00 00824000 ff744000 001a9700
PCM 00a448 ffde4100 ff0054bf00 ffa37900 ffe47400 001d2400 00133900 ffe76000 00666900
 00847b00
PCM 00a470 ff770000 0064dd00 ff93a400 005d4100 ff9b270 0022da00
PCM 00a478 ffd59700 00317200 ffca4b00 0003c500 fffa5fff18a00 ffac1000 004ff600 000a8700 fff16400 ffdf1900
PCM 00a480a498 00783700 00187800 ffe63d00 0009a400 fff2a000 ff242a00 00dc00
PCM 00a4a8 0078db00 ff97fd00 00655900 ffc06f00 00416c00 ffc900a4b8 ffd9d900 ffb51600 004ac800 ffd96e00 00207500 ffc38900 003a4d0 001f5700 ffba7000 00409400 ffb83d00 00460300 fff41c00 0007dfd00 0062fb00
PCM 00a4e0 ff991200 0000be00 fffd0c00 ff94b700 00e7e00 00aa3700 ff531c00 00a8a100 ffda8a00 0020be00 ffb2bf00
PCM ffbc0700
PCM 00a4f8 00432600 ff317400 00cc8700 ff6ece00 00939d00 000db900 ffecba00 ffa02800
Pff5ad900 00a1aa00 ff82cd00 007a1e00 ff8e7700
PCM 00a508 006d5f0000e2500 ff43dc00
PCM 00a510 00bfb200 ff470900 00b5c300 ff4e0801353c00 ff55b400 00a8ff00 ff910100 00705100 ff6fa700 008f3700 ff0 00bfb000 ff0ffa00 00f17200 ff2e5300
PCM 00a530 00d07b00 ffa91fa30500 005bf000 ff798600
PCM 00a538 0083b500 ff40c700 00ba2500 ffa99d00 0054ac00 fff59400 00037700 ffac9300
PCM 00a540 004e8b00 ffcf5800 002a9c00 00510500 ffaaf800 00776500 ff836f00 ffb70800
PCM 00a548 00423000 ff8e0600 006f8c00 ffd3ef00 0024f500 ffd2d100 002ac300 ff32fd00
PCM 00a550 00cca500 ffa63500 0055d600 005aaa00 ff9d8300 00366400 ffc25100 ffe54300
PCM 00a558 0017e000 ffb18f00 00462500 ffdc3700 0018d700 fffca100 ffffca00 ffd9b300
PCM 00a560 00253300 fff0f100 000da400 ffefa600 000ba900 ffc87100 00308300 ff917700
PCM 00a568 00fe2d400 0019fc00 ffb5e300 0048a600 ff995700
PCM 00a570 005ed700900 00886500 ffd6f400
PCM 00a578 0027fe00 0025ae00 ffd3dc00 00400 000bd500 ffedc100 00206d00
PCM 00a590 ffd9d100 ffbcc400 00448a00 002c4e00
PCM 00a5a0 ffce7c00 00535800 ffa60b00 00993200 ff0a5a8 ffd88800 ffbf9f00 003b0600 ffd2e600 0026e200 ff9e0200 0058f8cf600 00710400 ffca0500
PCM 00a5b8 0031dd00 ffc7ca00 0031ec00 ffbc2e00 00412200 ffc27c00 003c0400 002c6e00
PCM 00a5c0 ffccb937300 ffb79d00 00793f00
PCM 00a5d0 ff814b00 00badf00 ff3c3c00 0735700 ff8a9100 00fc6500 fefdb300 00dcb200 ff1d5100 00949800
PCff719300 00cfe300 ff298300 00abbd00 ff4ae700 00557f00
PCM 00a5fbf700 ffbb7300 00722200 ff888d00 0024c900
PCM 00a5f8 ffda5d00 ffd16300 002e5e00 fffbe800 fffe9600 0045ae00 ffb85500 00383b00
PCM 00a600 ffc16c00 004c5c00 ffaf5a00 007a6600 ff810900 00875400 ff6f1100 005d2200
PCM 00a608 ff9e6700 003a1500 ffbfc300 0015f100 ffe61f00 0008e500 fff54a00 00725200
PCM 00a610 ff887a00 00995000 ff604400 00377e00 ffc7dc00 0030c600 ffc8ae00 0073ac00
PCM 00a618 ff81c200 00299a00 ffd64900 ff76f400 0082b800 ffba6200 00435a00 008f1500
PCM 00a620 ff6f9600 002cf300 ffd20200 ffbf3200 003fa300 0031b900 ffc7e100 00bc9b00
PCM 00a628 ff3ca500 0057c000 ffa33400 00356400 ffc9b300 00b45c00 ff449400 00c1b800
PCM 00a630 ff334e00 00750e00 ff84ba00 00686600 ff904000 00b85600 ff413900 00dcec00
PCM 00a638 ff197900 00808200 ff7c2600 007ef800 ff7def50 ffc4a400 00801c00 ff787e00 000bc300 ffeb5900 ffcfde00 002e6500 003afc00
PCM 00a658 ffc1ee00 001f3b00 ffdc3600 ffa96800 00527e00 ff60a800 009c2900 ff91c500
PCM 00a660 006acf00 ffd0a500 00200 00963f00 ff61cb00 006c6d00 ff941400 004d0800 ffac6300 00654b08d3f00 0075e400 ff86d100 00579f00 ffa5fb00 005dbe00
PCM 00a6a0 ff9b6400 002b5f00 ffcf8c00 0009b200 ffefa600 000ec800 ffec3700 00415700
PCM 00a6a8 ffb72300 00494900 ffb03c00 00541900 ffa97600 00461200 ffb35400 00797800
PCM 00a6b0 ff830600 003e1100 ffba2700 004d9600 ffac2700 00734600 ff84c900 00ba8200
PCM 00a6b8 ff3d0f00 011a6200 fedbcb00 01207a00 fed22700 01283000 fec95100 013b50e28e00 ff10f300 00b36900 ff458000 00a3db00
PCM 00a6d0 ff568600 00bea100 ff3b1200 00979e00 ff673f00 002dd600 ffce9b00 000b2d00
PCM 00a6d8 fff28c00 005fa300 ff9df700 006bca00 ff8ced00 003c3800 ffc38100 00721700
PCM 00a6e0 ff86a300 009e2700 ff61ef00 00563a00 ffa7f800 00362d00 ffc6cb00 0048fc00
PCM 00a6e8 ffb3fd00 00361d00 ffc30700 003aa900 ffbe8f00 00251d00 ffd53900 002ccd00
PCM 00a6f0 ffd0b500 00742f00 ff894a00 00a31600 ff566000 00a9a300 ff498800 009c6f00
PCM 00a6f8 ff5cd700 0077ef00 ff80c600 006dc200 ff896900 0060dc00 ff972700 004cca00
PCM 00a700 ffae7d00 003d0500 ffb8a900 00912700 ff6b6300 00e9f200 ff0fae00 00bfc000
PCM 00a708 ff369200 0097f900 ff613200 008aea00 ff6bd000 00723d00 ff8ca4 00a728 fff6b500 00084500 fff31100 00073900 fff3e000 000d7600 ff800 ffe72c00 0015f600 001fa300
PCM 00a738 ffda3c00 fffb9000 000 000f3700
PCM 00a740 ffed3100 ffffd800 fff9be00 000b3800 fff17e00 0026ab00 ffd54500 000ed800
PCM 00a748 ffeddb00 000b8700 ffec5e00 002bca00 ffcde000 004bc200 ffae1300 006b6700
PCM 00a750 ff8b3600 00478300 ffb06b00 00218d00 ffdc5800 005dc500 ff9e8700 0069a5b00 0055dd00 ffa22900 0052ee00 ffaa7000 00422f00 ffb8f800 0020 ffffa200 fffdc300 ffd72d00 00266200 ffba2c00
PCM 00a770 0040848d100 ffd80100 00248900 ffbf8600 003f4200 ffb00a00
PCM 00a778 004b9600 ffa5f600 00571e00 ff88c100 0076c700 ff7df200 00802c00 ff549700
PCM 00a780 00a93700 ff287700 00da0a00 ff17c500 00e7ec00 ff501a00 00adb700 ff884400
PCM 00a788 0073f600 ffab9e00 004f1d00 ffb66b00 0048ef00 fff15500 00084d00 ffdfd500
PCM 00a790 001dda00 ffc43b00 003b5100 ffb5c100 00478400 fff10b00 000d1100 000ae300
PCM 00a798 fff3fd00 ffef4c00 000cd000 fff5e400 000b2300 fff9f200 ffff9c00 0007a500
PCM 00a7a0 fff53900 000ac100 fff09300 0029fb00 ffd23f00 007a1600 ff7ec900 00a5c100
PCM 00a7a8 ff574600 008d0500 ff6a0500 00737d00 ff871700 004f1800 ffae0e00 00283800
PCM 00a7b0 ffcfb400 002af000 ffcc8600 00303800 ffc9d100 001f1200 ffd83700 0019ea00
PCM 00a7b8 ffe10700 002db200 ffceed00 000c4000 fff16d00 ffd1ac00 00269100 ffbf3300
PCM 00a7c0 00398300 ffe96200 00136500 ffe73700 0018630000 00352600 ffe88a00 0016ac00 000c2500 fff22900 0010f300
PCM 00a7d0 ffea2800 fffda900 fffdd700 fff76a00 00021b00 ffe79200 000ff700 ffc96000
PCM 00a7d8 002f5100 ffde4900 001d3a00 fff42600 00026700 ffef1900 000d0d00 ffd3760000 fffc0000 00012e00 ffd16700 00f679d00 0071c600 ff821f00 00708900 ff887c00 00664800 ff94f600 00ec800 006e3d00 ff8d1900 007b7e00 ff77a800 007c9d00
PCM 00a810 f4c00 ff439a00 0094a800
PCM 00a818 ff668e00 00580100 ffa02300 00d700 ffc89400 0059a400 ffa26200 005e9400 ff9a5400 00569b00
PCM fbb4e00 002dc100 ffd08d00 00368b00 ffc67d00 0066aa00
PCM 00a838011e6c00 fed67100 011e2800 fedbc000 012da400
PCM 00a850 fec86201c600
PCM 00a858 ff252500 00dc6700 ff1db400 00f33c00 ff066e00 010fc200 feeb3300 01090d00
PCM 00a860 fef27100 00f29f00 ff041c00 00c34b00 ff360d00 0094ad00 ff638400 00744d00
PCM 00a868 ff8be000 0075d500 ff848600 00711300 ff8a0100 005fc900 ff98ea00 00704200
PCM 00a870 ff898d00 0052b800 ffa92a00 0056ca00 ffa55800 007cd100 ff798300 007e1100
PCM 00a878 ff7d2000 00667100 ff99b200 005dd100 ffa01200 0062a800 ff994600 007e2200
PCM 00a880 ff7e3d00 00bc5c00 ff3b9a00 00db7d00 ff1ef300 00bdd600 ff3a0e00 00b02100
PCM 00a888 ff494c00 00aa2400 ff4f8800 00ac1d00 ff4ea700 00a5ca00 ff544600 00d82300
PCM 00a890 ff219500 00f83800 ff002800 00d83300 ff250f00 00b38d00 ff4bc200 009d7900
PCM 00a898 ff5b7800 00966d00 ff65cc00 00a07700 ff5de000 00be8400 ff3aea00 00b0b800
PCM 00a8a0 ff497000 007df400 ff80a100 0087aa00 ff737000 00776800 ff81cf00 0093ca00
PCM 00a8a8 ff66dd00 0082e600 ff758500 0062de00 ff97e500 00222900 ffdcfa00 001e4d00
PCM 00a8b0 ffde1a00 0027ea00 ffd52300 0023fd00 ffd4cd00 003894f00 fffbf100 fff28700
PCM 00a8d0 000a2f00 ffd7b400 00278c00 ffad9d00 0050a200 ff929b00 0069b600 ff896f00
PCM 00a8d8 0075b400 ff9bd800 00607100 ffacf400 0050b000 ff975600 0062bc00 ff7a3600
PCM 00a8e0 0084ca00 ff5b0100 00a24800 ff406e00 00bdf900 ff6d7d000283000 ffef9900 000da000 ffdc9e00 00226400 ffcb5000
PCM 00a8f0ffbc9900 00424100 ffaea300 004eed00 ffa34100 005f9e00 ff8db700
073c600 ffa96e00 0053e600 ffe79800 0017e300 00276700 ffd42a00 0057b600
PCM 00a910 ffa2ae00 006bda00 ff8f0c00 002e6a00 ffcb9500 0019b300 ffe25a00 00232f00
PCM 00a918 ffd7e900 00389100 ffc47600 004d5c00 ffabd300 004a7c00 ffadf900 00513100
PCM 00a920 ffa59600 004e5900 ffa84b00 00394c00 ffc0fd00 00698f00 ff8d0600 0086ce00
PCM 00a928 ff736c00 008d2300 ff6fe700 0050c500 ffa9c300 000fc800 ffefbe00 fff0a200
PCM 00a930 000a9a00 00028300 fff7ae00 0024e100 ffd6ac00 00353500 ffc44c00 003bee00
PCM 00a938 ffbdc700 002b9400 ffcddb00 00201800 ffd88200 00240b00 ffd72a00 001f2d00
PCM 00a940 ffde1000 00097b00 ffecc500 00137d00 ffe71100 00310300 ffcb0d00 003a3b00
PCM 00a948 ffbf7200 00699c00 ff933d00 007f1300 ff7d4400 00849a00 ff73cf00 00771700
PCM 00a950 ff840e00 005c6900 ff9aa600 00508e00 ffac9a00 0039bb00 ffbffd00 00490600
PCM 00a958 ffb5bc00 005a2600 ffa3e800 0078f400 ff809b00 009b9a00 ff5ef200 00bb9b00
PCM 00a960 ff3f7c00 00ce2b00 ff2b7200 00be6c00 ff366b00 00bf9300 ff394500 00a71a00
PCM 00a968 ff512500 006b3e00 ff8e9300 005a1b00 ff9eac00 00747000 ff87d200 009c8800
PCM 00a970 ff5a2500 00a75700 ff521200 00b41100 ff3ff100 00b99e00 ff3fc000 00956600
PCM 00a978 ff61c100 0068ee00 ff927e00 00365d00 ffc3bd00 001fc300 ffdb0800 0036e900
PCM 00a980 ffc18f00 00150800 ffe20f00 ffebba00 000cbb00 ffc44000 00382b00 ffb10600
PCM 00a988 000 ffe63d00 0017d000 00038400 ff0 001a6a00 ffbd2900 003fc200 ffcbde00
PCM 00a9b0 00331f00 ffddbc200 ffd9ce00 003cbb00 ffbd9c00 0032d900
PCM 00a9c0 ffc8c400 ff00424d00
PCM 00a9d0 ffb85f00 004a6b00 ffb00800 00417000 ffb99c000 ffbf4600 003e4100
PCM 00a9d8 ffbe4e00 00587b00 ffa2ec00 007a ff5f5600 00aaab00 ff4b0100 00cefd00 ff296600 00eb5100 ff0b6500 0 fe80fc00 01934100 fe626e00 01a6b100 fe4cf200 01b2dd00 fe3ffc001800 fe625800 01ba2000 fe3a1c00 01bcf600
PCM 00aa00 fe337a00 0100 fda3fb00 0249b400 fda89100 02598000
PCM 00aa10 fd988800 02522768200 fd7ad200 02ac8d00
PCM 00aa18 fd3eca00 02f26d00 fd007600CM 00aa20 fcbefe00 030a4100 fce53d00 02e08c00 fd105500 02e66600 a1e00 fcd52b00 03050500
PCM 00aa38 fce6cf00 03175400 fcd6a900 000aa48 fd1f7f00 02b93a00 fd353f00 029b5900 fd567200 02acf300 fd4de74100 021e2900 fdd26900 01f8c900
PCM 00aa68 fdfd7900 01d51c004c8900 01990800 fe5b0e00 018f2f00
PCM 00aa70 fe68e000 0198a500 800 01c0a000 fe307a00 01eaa100 fe094100 02024000
PCM 00aa78 fdf01700 0219d000 fdd4da00 021ff100 fdd6a700 02262f00 fdccb900 0227
PCM 00aa88 fdbd9900 022c2c00 fdc44800 0210e700 fde07500 01f0b7 fe0f5c00 01de6100 fe162800 01fd1100
PCM 00aa98 fdf50400 02019e00 fdf58500 01d46700 fe1fea00 01ad0500 fe45a400 018f1200
PCM 00aaa0 fe5fe100 01b04200 fe445b00 01bc2000 fe3a0000 01a07900 fe51ab00 01adad00
PCM 00aaa8 fe44fb00 01cff800 fe26de00 01cdf700 fe25f100 01a63600 fe4aee00 01919c0000 ff401000 00773a00
PCM 00aab8 ff836f00 005b4800 ff9dde00 001d29b5300 fcfae400 030e4d00 fc64c600 03a95000 fbe2f500
PCM 00aad0fbd00 fb811200 048c5900 fb250300 04e76100 fab4d200
PCM 00aad8 0a4d300 f91ff300
PCM 00aae0 06f67100 f8e9e000 072d3b00 f8b6dd00 075fe800 f8545b00 07c5a800 f7f60400
PCM 00aae8 08279d00 f7d18000 084e1500 f7c16d00 08598000 f7ba8c00 0860ee00 f7d4b900
PCM 00aaf0 08478100 f7dfd800 0840cf00 f7c87100 08552e00 f79f9b00 087b8500 f7938f00
PCM 00aaf8 088ac700 f7c63e00 08588400 f80c8b00 0814d000 f8714100 07a7c800 f89cb700
PCM 00ab00 0779c000 f8ae1800 076a9500 f8dbbf00 073df600 f919c000 06ffe100 f9578e00
PCM 00ab08 06c0f300 f9abd100 066b9200 f9d0ea00 06449e00 f9eef300 06267b00 ff8c700 0513c000 fb184000 04f9ca00 fb720900 049acf00 fbcb0a00
PC24adf00 fde62300
PCM 00ab40 02196d00 fe165500 01ebb900 fe2b56001008d00 fefe7600 01055f00 fee0db00
PCM 00ab58 011db500 fed66e0000
PCM 00ab60 0136d800 fe9a0a00 01693100 fe9fcd00 0163ff00 fe900
PCM 00ab80 027eb900 fd987500 026d2b00 fd68a800 029aff00 fd579d00 02b04a00 fd608000
PCM 00ab88 02aabe00 fd631a00 02a57700 fd733400 02954200 fd9fd600 0261ed00 fdb75100
PCM 00ab90 024ee600 fdec2700 02191500 fe329400 01d1ca00 fe868f00 017eb800 fef34400
PCM 00ab98 010d5d00 ff2f9700 00d03500 ff5e1800 009c4300 ffa04900 005e8800 ffe1db00
PCM 00aba0 001c4f00 ffe31600 0016bf00 ffda1100 00212500 ffe96600 00125200 00450e00
PCM 00aba8 ffb9d600 006b9b00 ff8de700 009bf600 ff5a1900 00c67700 ff2f9400 00c98e00
PCM 00abb0 ff33a300 00dae600 ff1b9400 00e0ee00 ff168c00 00dfc400 ff19df00 011cc800
PCM 00abb8 feda0a00 018b2600 fe6d8400 01d1da00 fe214b00 01ce4c00 fe233300 01decc00
PCM 00abc0 fe12eb00 022a1d00 fdc81c00 023d4e00 fdb81b00 02235700 fdcbfb00 0233de00
PCM 00abc8 fdb98900 029e1100 fd508b00 02e72000 fd054900 030a1700 fce6ab00 035d4500
PCM 00abd0 fc93fd00 03bfff00 fc2b6800 03e6ef00 fc03a700 03dd2c00 fc153400 03e30e00
PCM 00abd8 fc0bc300 040e3e00 fbdb0700 04425000 fbab4700 045bc500 fb910200 04536700
PCM 00abe0 fb906d00 0477b200 fb742200 0463ca00 fb889a00 04326600 fbba0c00 04108600
PCM 00abe8 fbe16200 0433a300 fbb8ee00 04391100 fbb3cc00 0416a800 fbd19600 04094100
PCM 00abf0 fbde9c00 041c1c00 fbce8300 04355000 fbb21b00 042f8100 fbbc0200 03f03f00
PCM 00abf8 fbfd2400 0378ec00 fc6d5500 0316c000 fc00 fe514e00 01c67f00 fe2f6d00 01eb2b00 fe050600 021ba500
PCM 0036d0d00 fc808f00 03766200 fc781a00 03628b00 fc898000 03755800
P0 0440b200 fba96a00 04660b00 fb81e400 04657a00 fb842b00 04500200a76000 044bf400 fb9ba600 0472fc00 fb793a00 047bf200
PCM 00ac48 e100 0471e300
PCM 00ac50 fb749900 044a4700 fba08800 0442a100 fb4900 fba07e00 042de200 fbb7d900 03fd9100
PCM 00ac60 fbe88a00 04039500 fbe31a00 0424db00 fbc1ba00 041afb00 fbd2ba00 041c8c00
PCM 00ac68 fbd0c600 03f4ad00 fbf4ed00 03cb0500 fc202400 0398d300 fc502b00 03728d00
PCM 00ac70 fc7fde00 031d4700 fcd05100 02ac8c00 fd410100 0268f800 fd888e00 02117400
PCM 00ac78 fde13000 01b56300 fe412500 01783300 fe7d7e00 0126d300 fecbf400 00b55700
PCM 00ac80 ff452900 000da100 ffeefa00 ff9e2e00 00613f00 ff179900 00e92600 fe878500
PCM 00ac88 017abe00 fe150500 01ee7c00 fd91d000 026f8e00 fd167c00 02f40e00 fca86e00
PCM 00ac90 03601400 fc37b500 03d02300 fbd25b00 043bd800 fb866000 04868e00 fb354f00
PCM 00ac98 04da1200 fae2d300 052e3400 faa4e500 056f3800 fa8b3800 0586db00 faa1e200
PCM 00aca0 05701f00 fab1f900 055c9800 faaacb00 05645000 faa54600 056c7e00 faa9ec00
PCM 00aca8 05669100 faa97a00 05694100 facb0d00 05480100 fb15fc00 04f97900 fb41fd00
PCM 00acb0 04ce2000 fb4a1700 04c23e00 fb558900 04bd5c00 fb8da200 047fbd00 fbbe0200
PCM 00acb8 044ccf00 fc00b700 040ac200 fc266500 03e4e500 fc462700 03c6fd00 fc881a00
PCM 00acc0 0383e500 fc7d2900 038b5a00 fcb57200 034e1700 fd1d5700 02e6a800 fd517200
PCM 00acc8 02b6e300 fd49fa00 02bc3000 fd11af00 02f44d00 fd015c00 03029d00 fd2f9100039a4f00 fc64e000 03a3a400 fc626cf8 04c3ac00 fb613800 04ac9300 fb6e8400 049ecf00 fb400000 04cd5a 04de1c00 fb39b300 04d15500 fafed700 050ac600 faf4e300
PCM 00ad08 051d3d00 fb03e200 05097f00 fb254200 04eb2400 fb250100 04ea1700 fb241900
PCM 00ad10 04ebfd00 fb28a400 04e7c100 fb55c000 04b87300 fb561200 04b8ae00 fb554e00
PCM 00ad18 04bcd900 fb6d0b00 04aa50400 0461b200 fbbab600 0453c500 fbacec00
PCM 00ad20 04685b00 fbadd400 045be700 fbfe2500 040f83b01e00 fc93a300
PCM 00ad28 03724100 fc988700 036b1d00 fcd80400 03322100 fd1d2900 02ef7900 fd520200
PCM 00ad30 02b27000 fd715500 02990800 fd98c600 026a5e00 fdea0400 02185a00 fe3b1500
PCM 00ad38 01c74200 fea16700 0163df00 feedf500 01127300 ff5c5b00 009fe600 ffd40b00
PCM 00ad40 00240200 00432b00 ffb91c00 0090e700 ff6ba100 00c0ff00 ff35b100 00ef2400
PCM 00ad48 ff08d600 012e0f00 fec2d700 018d3400 fe67d600 01fa5f00 fdf68000 025c0200
PCM 00ad50 fd95ec00 02c46100 fd293900 02f75500 fcf7c000 03097600 fce82900 03463000
PCM 00ad58 fca99900 039efa00 fc4aec00 03cb1c00 fc216100 03e2cd00 fc031f00 041bc500
PCM 00ad60 fbd17e00 04491b00 fba07400 046ce700 fb7acc00 0470c200 fb79cd00 04586600
PCM 00ad68 fb96f900 045d7c00 fb8c5800 04637700 fb847500 0465d000 fb84af00 046a3a00
PCM 00ad70 fb838f00 0475a600 fb72f300 047ac800 fb6f5800 047c6500 fb6e7200 044db900
PCM 00ad78 fb9b6400 043b4b00 fbac0800 042ce700 fbbe8c00 04057e00 fbe7a600 03e7a500
PCM 00ad80 fc05e700 03f0f900 fc019300 0400ed00 fbebd000 0401dc00 fbebb300 03df0400
PCM 00ad88 fc0e9000 03c07e00 fc2fe900 03bdbb00 fc2aaf00 03a1b300 fc49ff00 038f8700
PCM 00ad90 fc5e7c00 03972c00 fc52fe00 039f7f00 fc4c2100 03994500 fc543200 036e3f00
PCM 00ad98 fc7df700 034e1c00 fca17400 03373900 fcbb4800287ae00 fd72e200 02a52100
PCM 00ada8 fd4cd800 028ee700 fd6323000adb8 fee30600 00ebc400 ff0c1b00 00beae00 ff37b600 00c42d00 ff310900 00abc100
PCM 00adc0 ff490100 006dd700 ff8a0c00 0037c500 ffc15300 00430500 ffb2fc00 00281f00
PCM 00adc8 ffd17700 0001ea00 fff8c200 002d8400 ffc8ae00 003c2e00 ffbf4400 fffd4200
PCM 00add0 ffff4f00 ffa5a800 00554100 ffb24d00 0048bd00 ff7bb700 007fa000 ff291e00
PCM 00add8 00d65d00 ff471b00 00b3bc00 ff886f00 00745700 ff77b600 00802200 ff87ec00
PCM 00ade0 00750200 ff7d3400 007cf700 ff65ff00 009c4a00 ff2da200 00cf2a00 fef6d000
PCM 00ade8 01074100 ff0b7300 00f58100 fedd380 01078600 ff13c900
PCM 00adf0 00ec2700 ff317700 00c9d700 ff27c 00f24100 fef80a00 01080e00 ff1f4500 00dcf400 ff232400 00d78200 ff30b600
PCM 00ae00 00ca0100 ff00 00322000 ffc61a00 00260e00 ffd05000 004b1500
PCM 00ae20 ffabec00 0055f100 ffa0cd00 00561d00 ffa6aa00 000eda00 ffeb3400 ffef4500
PCM 00ae28 000ce300 ffae6a00 004a6d00 ff6b9200 0094e200 ff45d300 00b97c00 ff504100
PCM 00ae30 00ac2d00 ff4aa500 00b22d00 ff15ef00 00ea9100 fef77500 01080400 fec7a300
PCM 00ae38 013bc700 fe5fd000 01a0c200 fe0cc400 01f3b400 fe04ef00 02021c00 fdf71100
PCM 00ae40 02076e00 fdc57600 023e2900 fdad0a00 025a6f00 fd899100 027b5700 fd51d100
PCM 00ae48 02b4e100 fd14de00 02f5f800 fcd43700 03345900 fcb00400 03593e00 fca70700
PCM 00ae50 03641700 fc8be500 037cec00 fc9fc600 03676300 fcaa2000 035f1300 fd024200
PCM 00ae58 03076100 fd11c200 02f5ac00 fcdeda00 0324fb00 fcc9fa00 033d1f00 fcdaa800
PCM 00ae60 0331900 fd7e2900 02862900 fdaea800 02550100 fdad3b00 02576700 fdce5100
PCM 00ae70 02391700 fe0c9400 01f1d100 fe4e5b00 01b59300 fe79a900 0187f400 fec66200
PCM 00ae78 013a5200 ff2fb500 00d1ba00 ff76b100 00884000 ff84ef00 00789c0000
PCM 00ae80 0048d600 0019ef00
PCM 00aea0 fb4cc300 04c77f00 fb22de00 04ea5b00 fafe3a00 050faf00 fad7a500 051ea000
PCM 00aea9ed0000 06075500 f9d9fd00 05e1f700 fa02d900 05bd7b00 fa283600 05b0ab00
PCM 00aeb8 fa327100 05d605f2f900 f9f38900 05aef300 fa341000 05828200
PCM 00aec0 fa600d0fb219c00 0487f000 fb66c100 045aea00
PCM 00aed0 fb93ef00 0483e800aed8 fb6d4c00 043a5700 fbae5700 041fdf00 fbcba300 044a5200 fba2ba00 04562800
PCM 00aee0 fb94fe00 04441600 fba82600 042c3100 fbbbc100 045bda00 fb926800 04593200
PCM 00aee8 fb8f0e00 03f39f00 fbf79000 040baf00 fbdc5500 042f6800 fbbe2000 04151400
PCM 00aef0 fbd71600 04137600 fbd9b600 03fe4600 fbec6c00 03f01600 fbfc0500 03b09800
PCM 00aef8 fc3de000 03f16400 fbf86100 03d9e100 fc10bc00 03381400 fcb71500 0317b900
PCM 00af00 fcddc400 031bfa00 fcd72c00 02bb1500 fd356b00 01ef9a00 fe014e00 01945a00
PCM 00af08 fe617b00 015e9500 fe97c800 00ece200 ff09c000 0065ec00 ff937500 000ade00
PCM 00af10 fff12d00 ffa95000 00540300 ff46ae00 00b89700 fed47800 01296200 fe8bdc00
PCM 00af18 01711b00 fe2fb700 01d49800 fdda9b00 022d8100 fd97f100 026b6c00 fd4e2900
PCM 00af20 02b90600 fd564500 02ab4100 fd32f600 02d30900 fcfb6300 030e3200 fced5400
PCM 00af28 031e5000 fcd67900 0335fe00 fc914800 03776800 fc69e700 039e7700 fca36d00
PCM 00af30 03693300 fc939900 03764400 fc70 0375d600 fc74b300 03964500 fc511e00 03b8b200 fc8c0b00
PCM 00a 02fcf800 fcfa3d00 030ad700 fcfce100
PCM 00af60 030b5400 fcfe0d36ec900 fc8d4900 0379a100 fc800b00 038da700 fc6af900
PCM 00af70
PCM 00af80 03fcfe00 fc1ea100 03ecb600 fc2d8a00 03e28d00 fc0ed0491e00 03c15a00 fc625800 03ac5e00 fc6b6f00
PCM 00af90 039ebf00 1100 fd853200 0284ea00 fd6e6c00
PCM 00afa8 02997b00 fd752e00 0200afb0 02276400 fe17eb00 01f13b00 fe43b300 01c2c100 fe462300 01bedb00 fe2e8900
PCM 00afb8 01d8fc00 fe4b4500 01b81f00 fe861800 000 fec40c00 013ca700 fec33000
PCM 00afc8 013e8100 fee04600 01219900
PCM 00afd8 00e8c100 fed41d00 0127fb00 ff027c00 00fd0000 ff0d7fd00 fee04300 011fbf00 fed6d500 01303900 fedde100 01244400 fee5e0c00 01a3b400 fe983700 0166fb00 fecbbb00
PCM 00aff0 0132e3000b000 017a0700 fe1e4c00 01e7aa00 fe348700 01cf6000 fe6ef200 01970 02061e00 fe215f00
PCM 00b018 01e07900 fde95e00 02200000 fe0b4 0227ac00 fe272900 01da3400 feb3b100 014eac00 fe575700
PCM 00b032ae00
PCM 00b038 01cf6a00 fe4b5e00 01b80900 fe510d00 01b73300 fe3d1c00 01c7b400 fe71a000
PCM 00b040 0193e600 fe726f00 018d9700 fe6e6100 01919500 fe8bc700 0175cf00 fea2df00
PCM 00b048 015c9ec46100 013de600 feb34800 01500b00 fedd8100 01255500 ff3de900
Pfe828000 017ee000 fedd8600 01236700 ff194300
PCM 00b058 00e67d00 fed07b00 0133c300 fe9f3400 016000
PCM 00b060 00e2ae00 fee70a00 01172500 fed11100 012f5900 fefb8c00 01028800 ff2b1600
PCM 00be7500 00e08500 feeec700 01143b004000 feda1900
PCM 00b070 01295b feec0800 01130a00 fef64000 010bc800 feae9f00 0150a800 fef4b500
PCM 00b088 010a6500 ff0e4f00 00f02500 fef8f300 0105a500 fec13f00 01421c00 fed46900
PCM 00b090 012b9c00 fee65900 011d8800 fed4ae00 012d4000 ff01e100 00ff9300 ff0af300
PCM 00b098 00f80f00 feeb2000 0111fd00 ff1be000 00e65f00 feeba300 0111dd00 fea2e100
PCM 00b0a0 015dcd00 fed49000 012a2200 ff56ea00 00a06d00 ff2e3500 00d06900 febf7b00
PCM 00b0a8 01437500 fef2bb00 010c7100 ff49e000 00b30400 ff68aa00 009a6c00 ff216400
PCM 00b0b0 00dd9100 fee1c500 01208400 ff0a6600 00f2dd00 ff462800 00b8e600 ff244300
PCM 00bc00 00d7fd00 ff40f600 00bd8a00 ff4a7d00
PCM 00b0c0 00b0c800 feefeafb800 0152ed00 ff28ec00 00d8d300 ff459a00
PCM 00b0c8 00b95600 feffe900 00ff5f00 ff037b00 00fe4900 ff381000 00c60e00 ff50aa00
PCM 00b0d0 00ac3400 ff52fc00 00afdf00 ff74e600 008a9500 ff62f400 009d7100 ff769900
PCM 00b0d8 00858d00 ffa84f00 004f5100 ff488600 00b47000 ff360200 00cb9100 ff57f500
PCM 00b0e0 00a62c00 ff832b00 007d0e00 ff8ec200 00768000 ff403700 00c42800 ff47f200
PCM 00b0e8 00b4ab00 ffb7ab00 004a8600 ffcaf700 00338900 ff5f2500 009fc900 ffa15f00
PCM 00b0f0 005a8e00 00120600 ffea1f00 fff3c200 00083600 ff542500 00a72300 ff963700 fff21e00 ffc20900 003bdf00 0e00 008e3d00 ff6d1400 002aab00 ffd18d00 00104900
PCM 00b128 ff00360600 ffc5dd00 fffcd300
PCM 00b130 00014a00 00217d00 ffdb3700 0033f000 ffc87700 00061100 fff8b600 002db800
PCM 00b138 ffca6200 00741f00 ff888400 0031db00 ffc97c00 ffefa200 000bdc00 007e5000
PCM 00b140 ff7a0e00 00413e00 ffb85400 fff17700 0006e100 0001f800 fffade00 001da900
PCM 00b148 ffdf0b00 00299200 ffccb200 ffe2f000 00171a00 00210f00 ffd9ab00 003c8200
PCM 00b150 ffbc8f00 00278800 ffd85500 003d4600 ffc06900 004fa500 ffabdf00 fff77200
PCM 00b158 00033f00 ffefa300 000e3900 00692a00 ff8dfb00 0036dc00 ffc4cc00 00315900
PCM 00b160 ffcab300 005ecc00 ff9a5c00 005ae400 ff9fb000 fff51000 00096d00 ffd61600
PCM 00b168 00287600 003e4a00 ffbddc00 0036e800 ffc0b500 ffd91500 0023ed00 0011b200
PCM 00b170 ffe9e800 0011d200 ffea4300 ffeae800 0011d400 fff97a00 00006b00 00318500
PCM 00b178 ffc51d00 003ea100 ffbf9a00 005e9500 fd00 00334400 ffc4e500 001cba00 ffe32b00 00422600 ffb94a00 002c4700
PCM 00b188 ffcc7900 0033c600190 ffe1e500 002cc900 ffce1000 00224d00 ffd95e00 0026c100 ffd26900 0034da00 ffc6ed00 003a9700
PCM 00b1a0 ffc01d00 00636500 ff9300 002c1f00 ffd39200 ffe03900 00201200 002a6200 ffd4e400 0050a500
PCM 00b1b0 ffa4ee00 001c4d00 ffdf7400 0009e300 fff45100 00703400 ff8e4600 00385700
PCM 00b1b8 ffc57700 fff9e400 00017200 fffda000 fffdfb00 0035f300 ffc53e00 001d5800
PCM 00b1c0 ffe22c00 0055b800 ffa50b00 00658400 ff957d00 0036ba00 ffc19e00 00652500
PCM 00b1c8 ff90b800 00291a00 ffd14f200 0055a600
PCM 00b1d8 ffa7000 fffd7500 ffff0900 00160d00
PCM 00b1e8 ffe66200 0017a200 ffe32700 fff14d00 000b5600 00012400 fff84200 00288d00
PCM 00b1f0 ffd03200 00065400 fff6e200 ffd4b700 00255700 00289200 ffd4e000 0030b1f8 ffc00c00 0011a600 ffe4a000 004fd900 00260700 ffdacb00 003df700
PCM 00b210 ffbe4900 fff029fffd6b00 ffe79e00 00161300 00322400 ffc97300 00491600
PCM 00b220 ffb91600 ffcb0600 00307600 ffcf4500 002dac00 00188f00 ffe09300fff89500 00045700 ffd2b300 002a8e00 ffe9d500
PCM 00b240 0010b500 000d0b00 ffed5300 ffe94500 0011ea00 ffecf600 00111400 003cc100
PCM 00b248 ffbdc400 0016f100 ffe30d00 003bf400 ffbedc00 0022ec00 ffda7c00 00781800
PCM 00b250 ff817000 005c8000 ff9e6800 00114900 ffe8a000 002f4700 ffc9ea00 0059d700
PCM 00b258 ff9f6200 004f4100 ffaeaa00 00442300 ffb53e00 002f2000 ffcc6800 000b1e00
PCM 00b260 fff24500 005a8e00 ff9ef400 002df900 ffce3f00 00131900 ffe6d200 0022a200
PCM 00b268 ffd5d900 00430b00 ffb94c00 003ff100 ffbc6000 001ca500 ffdf5e00 0000e000
PCM 00b270 fffaf900 0049a500 ffac8700 001c8c00 ffde8400 ffd5f100 00255300 00157a00
PCM 00b278 ffe71e00 00158e00 ffe6af00 00082100 ffe9b800 001d3000 ffdcb000 00290f00
PCM 00b280 ffd37e00 00728600 ff830b00 003d6d00 ffbc6600 00332d00 ffcbe800 006cd900
PCM 00b288 ff8ea600 0048a400 ffb17400 0010da00 ffe98f00 003f2c00 ffbbb000 00510800
PCM 00b290 ffac6000 0080aa00 ff7d8d00 005ce900 ffa08b00 0026f300 ffd77100 00799f00
PCM 00b298 ff832300 002fca00 ffc7b000 ffe04500 001e9700 0056a000 ffa15900 004b6d00
PCM 00b2a0 ffaccd00 00447a00 ffb6ee78900 0078c200 ff7ffb00 00a39600 ff552500 00644400 ff92e700 006 0071c900 ff86ef00 00722200 ff869100 00981100 ff64fe00 00b9c900
PCM 00b2c8 ff46f500 00a22100 ff54ab00 00a13f00 ff558b00 00cf1e00 ff2a5700 00d00400
PCM 00b2d0 ff2b0100 00a19800 ff583a00 007e9e00 ff7ee700 006ff100 ff8c9300 0073f200
PCM 00b2d8 ff850f00 00600 ff963a00 005e6e00 ff9b5400 008ff800 ff6b8600 007bb700
PCM 00fc00 00c2bb00 ff330d00 00e84e00 ff0e9600 01020100 fef74200 00b4d0f6e00 00bfc100
PCM 00b300 ff3c1000 00ef1000 ff069400 00fb1c00 
PCM 00b310 ff1e5e00 00e91e00 ff0b2900 01275000 fed16800 01043ce6f300
PCM 00b320 ff0edc00 00f59c00 ff04b400 00d14d00 ff289200 0
PCM 00b328 ff3bc700 00c9f300 ff303f00 00df6100 ff19b700 00bff82200 ff2e2300 01013000 fefa6000 00ae3400
PCM 00b338 ff49ae00 0ff225500 00d70200 ff1fba00 00c6d400 ff2e0000 009c2100 ff628a00 0f314200 00a75700 ff53e800 0088f600
PCM 00b358 ff71e200 00b1ed00 ff45c200 00c4a500 ff384700 006acf00 ff944300 009af600
PCM 00b360 ff5b8400 00dfa200 ff1dac00 007f9600 ff737800 0043ce00 ffb58e00 0055db00
PCM 00b368 ffa01e00 004b0500 ffb15600 001ddf00 ffded400 001d4000 ffdcee00 00123200
PCM 00b370 ffe77c00 00373400 ffc 003a1700 ffbcd300 0021be00
PCM00
PCM 00b398 005b3d00 ff90d000 006de000 ff97c600 00647700 ff8c8d100 ff51e800
PCM 00b3a8 00ab4b00 ff8c2b00 0070d400 ff78ae00 00000 00a09d00 ff5c5c00 00a15400 ff3c9b00 00c1ad00 ff5b7100
PCM 0 fee4c100 011d3e00 ff35c100 00ccb900 ff628e00
PCM 00b3c8 009d000f92000 ff389100
PCM 00b3d8 00c8e900 ff2b9a00 00cea000 ff2f24000 ff0aa900
PCM 00b3e8 00f21600 ff3a5900 00c81c00 ff019b00 00ffd00 febfda00
PCM 00b3f8 01440900 fed06300 012da800 fee2b700 011126b300 fee56500 011b8800 ff00d800 00fde000 ff121f00 00f00600 fee9ed00
PCM 00b408 0117ff00 fedc8b00 0123d400 fec26e00 013fdc00 fee13500 01230700 fecff700
PCM 00b410 0130c300 fea99b00 01565800 fec8c100 01372400 fec09a00 0140de00 fedc0400
PCM 00b418 01289c00 fec55200 013a4f00 feb49f00 014f6b00 fea4c300 015d3100 feece700
PCM 00b420 01147f00 ff00ba00 00fd0400 feb40f00 014f0600 fef50f00 010dd000 ff3c8300
PCM 00b428 00c43000 fee82c00 0119ff00 fe11d0000 fef09300
PCM 00b440 01119100 ff161800 00e89100 ff006000 ff0f2b00 00f24900 ff25f600 00d8d600 ff4d0c00
PCM 00b450 00ae33 ff95a800
PCM 00b468 00689300 ff75e800 00865c00 ff255d00 00d7c7 ff8c8e00 0070d700 ff639400 00992b00 ff3a6600 00bfed00 ff75b70050c400 00aaee00 ff41c800
PCM 00b480 00beec00 ff72f800 008e6300 5d8300 00a16e00 ff792500 00892f00 ff69c500
PCM 00b488 00961400 0b2ec00 ff59d700 00a87100 ff406800 00c0f000 ff1a2f00
PCM 00b4904e600 ff7fd300 00818f00 ff3b7500 00c08e00 ff1fb700 00d9c600 ff660090e800 ffbe1e00
PCM 00b4a8 00401100 ff809c00 007cee00 ff6947000a0d100 ffa97600 005b6d00 ff86af00 00766e00 ffaf4d00
PCM 00b4c00540c00 ffa6e500 0059f700 ffccdb00 0031e100 ffc50c00
PCM 00b4d0 00374c00 ffd4ce00 002b6600 ffd82100 00281f00 ffc8b000 00370500 ff775200
PCM 00b4d8 0086ba00 ff9d4600 005b0200 ffeb5b00 00112800 ffeab800 00184700 ffe3cd00
PCM 00b4e0 0016da00 0004ee00 fffaa200 ffe81a00 00145d00 ffe6a200 00161900 ffe74100
PCM 00b4e8 001af800 fff19b00 000b3200 002ffc00 ffc82300 fff11d00 000ae700 ffcab700
PCM 00b4f0 0030db00 fff2c100 000cf700 00468a00 ffb84800 000d3000 ffebeb00 00113800
PCM 00b4f8 ffecdd00 ffd29a00 002b1400 00026d00 fffc3200 00469800 ffb9d900 00287000
PCM 00b500 ffcf8c00 001a5600 ffe57d00 00237500 ffda6400 00164f00 ffe5f900 001a3a00
PCM 00b508 ffe4e800 003d0300 ffc1b200 00366a00 ffc59300 002c8700 ffc92700 005e8300
PCM 00b518 ffa1a400 001ed500 ffdcfa00 004b8400 ffb19f00 00583900 ffa47e00 0061dc00
PCM 00b520 ff9d4900 0058bb00 ffa16700 002b6000 ffd1de00 00458500 ffb38800 00880400
PCM 00b528 ff721900 0063c600 ff952a00 0010fc00 ffe98a00 00704600 ff86ed00 00669600
PCM 00b530 ff95f100 005d4e00 ff9d3500 006b2400 ff91bd00 0094e200 ff681200 006d2b00
PCM 00b538 ff8f6d00 00689300 ff938900 00703900 ff8de300 06d600
PCM 00b548 ff5f3500 00b23200 ff4a9500 00ae3b00 ff4cf800 009e1a00 ff596a00 00918e00
PCM 00b550 ff6aff00 00990e00 ff621f000 ff5cc500 008e9200 ff6de000 00a500 0055b400 ffa55e00 0091bd00 ff692300 00c0d400
PCM 00b568 ff3d3800 0098bf00 ff5bb100 008ee700 ff6cd500 007e6600 ff7c1a00 009e0 ff30ef00 01104800
PCM 00b588 fee94f00 00d72000 ff201200 00500b00 ffabd900 00d09500 ff268700 00cada00
PCM 00b590 ff2f9b00 009ffc00 ff5a1800 00a2cd00 ff567d00 00f95c00 ff018900 00f26e00
PCM 00b598 ff07c100 008b4400 ff6d5100 00aeb300 ff4a3600 00f0e000 ff08bf00 00b2cf00
PCM 00b5a0 ff458d00 00b5d900 ff430200 00bd4800 ff3c7000 00d83900 ff226500 00a4af00
PCM 00b5a8 ff57c700 00ecb000 ff0d0c00 00ec1e00 ff0d2e00 008b6000 ff734000 00fa9b00
PCM 00b5b0 ff00c600 010edd00 feeb8000 009a0b00 ff5d2900 00b9f600 ff424200 0113ff00
PCM 00b5b8 fee6b900 00c19000 ff365c00 00bff000 ff385800 0126f000 fed06600 01023b00
PCM 00b5c0 fef63c00 0091d100 ff6b0100 00dcbd00 ff1d1b00 00faa400 ff014900 00d82900
PCM 00b5c8 ff234d00 00831400 ff7d1500 009a5d00 ff655800 00f0c800 ff056700 00fd2c00
PCM 00b5d0 fef83e00 00972100 ff638600 00bc1100 ff3ae300 01014f00 fefa8000 00d7c100
PCM 00b5d8 ff235300 004cb800 ffb05c00 0077c600 ff7ee200 00eca900 ff0f7600 00b7f000
PCM 00b5e0 ff44c900 004ac000 ffaf6000 00e5a000 ff19bc00 00e1c400 ff145500 00a0cc00
PCM 00b5e8 ff5bc600 00baf200 ff403b00 00c1b800 ff348a00 00cM 00b5f0 ff7df800 004d1c00 ffaf7b610 ff6fad00 005f8900 ff99a600 002ff500 ffca9900 00a6dc00 ff53a300 00653200 ff979f00 fffc7a00 00018000 ffd8de00 00241600 0024c10
PCM 00b638 ffff9700 002f7f00 ffcab800 ffdd6200 001c9600 ffd4500368700 ffc6ee00 fff20300
PCM 00b648 000b5d00 ffb1dc00 004ed90 002c9c00 ffaf0100 004aab00 ffdae800 00229500 fff06700 000fac00 0 004b9100 00115400 ffebef00 0000d200 fff78100 ffb0d400
PCM 00b668 004e8900 ffc1ed00 0037c300 00203100 ffdd4400 00298800 ffd07200 ffc78f00
PCM 00b670 0034d400 ff798f00 00846f00 ffd47100 00246800 ffb50100 00457c00 ffae1400
PCM 00b678 004fbc00 ff9a8500 0067da00 ff7edd00 007fae00 ff8e8400 0075be00 ffdc2f00
PCM 00b680 001dc600 ffa7ed00 0056dd00 ff35f000 00cb7700 ff959a00 00697500 ffa2ad00
PCM 00b688 00599600 ff737d00 008cb300 ff51d300 00ab3b00 ff3b9000 00c11200 ffbdfd00
PCM 00b690 003cf800 ff93b300 0063df00 ff271500 00d95e00 ff344200 00cef100 ff7a2600
PCM 00b698 00841400 ff8bff00 006e7300 ff4d8b00 00b5fe00 ff31b900 00cae100 ff121e00
PCM 00b6a0 00ec1400 ffd69800 002a4b00 ffa50100 0059bc00 ff4ccd00 00b20200 ff14ac00
PCM 00b6a8 00ef4f00 ffafdf00 00517100 ffe59100 0012cc00 ff3cfa00 00c34800 ff093b00
PCM 00b6b0 00f7b900 ff8a7700 006fcb00 ffa5c000 00547600 ff791900 00834600 ff532100
PCM 00b6b8 00ac2a00 ff61de00 009cac00 ff621800 00a0ef00 ff4ab200 00b89500 ff854300
PCM 00b6c0 6c8 003d3d00 ffca5700 0034b700 f0 00b56000 ff5a0a00 00a37e00 ff808200 007f8c00 fefe4000
PCM 00b6e0 01014200 ff151800 00eda000 ff7d2b00 007ecf00 ffa35300 00573200 ff436300
PCM 00b6e8 00b87000 ff78fb00 0083a300 ff56e800 00aa6a00 ffa42900 005bc900 ff78fc00500 ff520b00 00ad1500 ff616c00 009c9600 ffaa5e00
PCM 00b708 005d00 ffb9f200 00417500 ff566b00 00a7f500 ffdc1100 00219500 ff907a00
PCM 00b718 00727700 ff8aa500 00748100 00197000 ffe31800 ffd70800 ff9d4400
PCM 00b720 0063ff00 ff44f800 00b99400 ff566000 00b00 01270c00 ff902300 00710500 fff4d800 0006d600 ffb9da00
PCM 00b730 00434f00 ff543100 00a8f300 ff45e000 00b6e200 ffe05d00 001a00620700 ffb6fc00 00463c00 001aad00 ffe16400 00140e00 ffe74e00 fb750 009a1400 ff43e100 00bd9400 00582600 ffa58200 ffc60d00 0039affff3500
PCM 00b760 fffced00 ffdb5700 00231700 ff9bad00 0063f200 0017c400 ffe98d00 ffe7a700
PCM 00b768 00168900 ff8ab800 0076f600 ff9abf00 0060fc00 ffee0400 0012f800 00754e00
PCM 00b770 ff827100 ffdf1b00 001dae00 ff2aff00 00d5d000 00931a00 ff63ba00 00727600
PCM 00b778 ff8a2200 ff602b00 009d1600 ffea5300 00122b00 000b4c00 fff24a00 ffa46700
PCM 00b780 005da600 ffa1b300 00638900 004f2300 ffb06500 ffe92200 00158800 ffef2d00
PCM 00b788 00101900 00329b00 ffcb8600 ffdd5000 00229c00 00184e00 ffe64d00 ffec0300
PCM 00b790 000ff900 ff710600 008cf300 ff50cc00 00adf200 009c2200 ff5e3000 00466000
PCM 00b798f4b1e00 010e6a00
PCM 00b7b0 fee7ab00 ffcc1500 002d9900 ffaa17003d00 006c3100 ff8f2f00 fffb9100 ffff7100 003f8900 ffbcc400 012eca00
PCM 00b7c0 fecd8700 00b58a00 ff443d00 ff91f800 006f3c00 00454200 ffb4eb00 011aa100
PCM 00b7c8 fedf0f00 007fbf00 ff772c00 fM 00b7d0 fea9e000 0014a400 ffeab500 ff3b6a00 00c46400 007dbc00 ff796100 00d34f00
PCM 00b7d8 ff26d900 0009e500 ffee0b00 ff56ad00 00a65600 00ddfc00 ff1a3200 013f1500
PCM 00b7e0 feb82e00 ffbf8500 003c5400 ffe0a600 001bbc00 01758200 fe7d5100 007af400
PCM 00b7e8 ff80b000 fff22100 000b0b00 00780300 ff822800 015a0d00 fe9e5200 00b3bb00
PCM 00b7f0 ff475f00 ffd32f00 0029b700 007cc100 ff7f3600 00e82f00 ff132600 00892d00
PCM 00b7f8 ff6e9200 ff90b800 0068e300 0070e200 ff87cc00 00f9e600 ff027b00 0052dc00
PCM 00b800 ffa9ca00 0119e200 feda5800 00fb4a00 fefc6e00 008d8000 ff6eb800 006bc900
PCM 00b808 ff926200 00
PCM 00b810 ffb05e00 009a1900 ff633000 0113b900 fee2d600 0126ad0 0096a700 00e69e00 ff12f000 015b1300
PCM 00b828 fe9d0800 0067b800 ff940800 00713b00 ff8a2000 00d69900 ff275200 ffaf1400
PCM 00b830 004eb200 00133e00 ffea4c00 01568100 fea12600 005cd100 ff9d4400 0056b200
PCM 00b838 ff9fcc00 01228100 fed3d800 003c1a00 ffbb8d00 005e6f00 ff9cc100 00b27700
PCM 00b840 ff4a5400 ffec1600 00140d00 00050d00 fff32800 0053ee00 ffa52d00 00581a00
PCM 00b848 ffa4a500 00a9c800 ff573800 0097f500 ff620f00 00cc1800 ff2ca000 001f4300
PCM 00b850 ffe0f200 ffec7300 00125700 006b3400 ff8dc700 009f9300 ff57b300 001c1a00
PCM 00b858 ffde8f00 00b76300 ff456300 01b96c00 fe41bd00 00837300 ff7abf00 00f5c200
PCM 00b860 ff04c600 009b7800 ff5b9500 fee77100 011afa00 ffdb6400 001f6000 00035100
PCM 00b868 fffd9e00 008970 000ec500 fff02d00 00c17100 ff32b900 ff836000
PCM 00b8a8 007d3200 fe70c600 018e5f00 ffe5cc00 0017ed00 00bad600 ff3cfb00 ff491000
PCM 00b8b0 00b5e900 ff2e1000 00d52500 00aa5b00 ff4d6b00 01128400 fee55e00 000e3500
PCM 00b8b8 ffeb7d00 ff904600 006d2100 ff332800 00d05200 ffc7fb00 00367b00 ffdc4b00
PCM 00b8c0 0025c800 c2300 0094e400 ff7db200 008397001095b00 febdad00 01448c00 fe050200
PCM 00b8d0 01ff4a00 008acd00 ff6fc000 00b45a00 ff48af00 ff10c800 00f46000 ff797a00
PCM 00b8d8 0089ad00 0046ad00 ffb41500 0053df00 ffa58800 ffadee00 00504700 ff610a00
PCM 00b8e0 009f8200 ff977000 0066eb00 ff701f00 008f7a00 ffaa9f00 0053e500 fecae200
PCM 00b8e8 01369200 ff832b00 007f8a00 0028ae00 ffd2d500 fe888100 01789900 fecf4300
PCM 00b8f0 0132e900 004c9100 ffaf9c00 0000aa00 fffc8300 ff892100 00718000 00452900
PCM 00b8f8 ffb72200 001ebb00 ffdc2a00 ff91e900 006bb600 ff4c2900 00b5ae00 ffad9800
PCM 00b900 004da900 ffe2e800 001b6300 feb40b00 014be900 fec3d600 013e8c00 ff714400
PCM 00b908 008fdc00 00ab0900 ff4eab00 008ce600 ff6dec00 fe853100 01817c00 ff570000
PCM 00b910 00a94600 00da4a00 ff1f6400 013fdf00 feb4f300 ff8ccb00 00735900 ff988f00
PCM 00b918 0067ad00 00394500 ffc13b00 000ba300 fff02400 ff94c500 0068c900 ffc91200
PCM 00b920 0034f600 00712200 ff88a700 ffdbda00 00234c00 ff5aa100 00a41000 ffb1bc00
PCM 00b928 004d7e00 0117e300 fee2d100 00705d00 ff88d100 00115000 ffec2a00 0071d900
PCM 00b930 ff8a2100 01575900 fe9fea00 004b7600 ffb14800 00809600 ff7b6300 00667600
PCM 00b938 ff98d800 fff30200 00091200 00266600 ffd4ce00 ffb66200 0043f200 00264100
PCM 00b940 ffd2e000 ff8b9500 00771200 ff9a5300 00686400 ffb77e00 0045c300 fffc6300
PCM 00b948 00029a00 ffdb1600 0022d400 00380400 ffc39600 ff655d00 009b9d00 01075200
PCM 00b950 fef2a500 01781100 fe7ab800 000b3b00 fff34800 004c2600 ffb08000 0204bc00
PCM 00b9 00e0ed00 00ec4400
PCM 00b968 ff0eea00 01a50b00 fe4e2300 ff710315c5800 fe9d4800 014cfc00 feac3100 ff57d800 00a4d000 ff4c6b00
PCM 00b980 00b1d000 00e56300 ff10ad00 008f5b00 ff69dd00 ffced800 7c400 005ab000 fef1ca00
PCM 00b990 01146600 0000ff00 fffe4e00 ff84d400 0081e800 ff91f200 006dd000 ff27dc00
PCM 00b998 00d97000 ff7d0800 0085dd00 00ef2200 ff09ca00 01867d00 fe6e3600 ff154500
PCM 00b9a0 00e62700 ff449300 00b84f00 01e82900 fe107800 0086c600 ff748500 fe86a300
PCM 00b9a8 017a9100 ff4d9700 00b40600 ff68d000 0095cc00 00cb5800 ff2bd200 ffa5d800
PCM 00b9b0 00578900 ff2ccc00 00d0c600 ff9e9500 005e8000 ff677d00 009b1b00 fef1b300
PCM 00b9b8 010cff00 ff1ef200 00e46e00 fed96600 0129a200 ffc29400 003de800 ffd07800
PCM 00b9c0 0028a600 fead9000 01563d00 ffea4e00 00142d00 ffe0cf00 001ce400 00196300
PCM 00b9c8 ffe30e00 ff252c00 00d9a700 fec20c00 013da900 ff571d00 00aa5b00 ff72d300
PCM 00b9d0 008dc700 feb24e00 014fb100 fdf10c00 0215b700 00582300 ffa31300 ff5fe100
PCM 00b9d8 009cb200 ff83a600 007e3f00 ffc58400 0039d200 fff84a00 00029700 fed52400
PCM 00b9e0 012c8200 fefe3000 01087600 ffb0ce00 004ebb00 ff523f00 00a99200 febef100
PCM 00b9e8 01428900 ffe77400 0017a100 00390900 ffc50e00 ff5f6e00 00a13f00 fed26e00
PCM 00b9f0 012c0000 0129c400 fecfc200 00cc6e00 ff2a2000 ff836d00 007e9600 00713500
PCM 00b9f8 ff8a8800 01202f00 fedb2700 00666800 ff990e00 005f4600 ff9d1400 0062cd00
PCM 00ba00 ff95a800 019fcf00 fe55c900 01317c00 fec34d00 fff5ff00 0008a600 ffd51700
PCM 00ba08 002b1d00 004d3e00 ffad6900 ffb54100 00482500 001dca00 ffe18c00 ff3add00
PCM 00ba10 00c50400 01601500 fe978c00 00 fdfe0d00 00ffe000 fefaa400 009f7400 ff5dd900 ffef3300 0010d10000ba40 ff1ea400 01ad9400 fe4ed100 013dda00 feb96600 ffa6c200 00591600 ffb17d00
PCM 00ba48 00502600 fffc3500 00046500 00883600 f9cf00 fea14a00 02430900
PCM 00ba50 fdb57b00 02921500 fd638800 023d9a00 fdb46c00 02c0bc00 fd322500 026ef700
PCM 00ba58 fd86c200 017e9700 fe778f00 00f77900 fefdb400 015f6200 fe949600 02019b00
PCM 00ba60 fdefd700 013aad00 febdd500 0070f700 ff8b8200 0134e900 febfa900 fffe9400
PCM 00ba68 00029800 007b6c00 ff83a700 014230 fe668300 00256c00 ffd53f00 ff5e7900
PCM 00ba88 00a2dd00 00742600 ff875400 00806500 ff73d800 00610a00 ff9a7800 01536b00
PCM 00ba90 fe9f2500 01676f00 fe91f000 017bf000 fe7cb100 00adb000 ff4b8d00 021fb400
PCM 00ba98 fdd3d100 02561a00 fd9d6100 001fbe00 ffdce400 00dfad00 ff16f100 0182e500
PCM 00baa0 fe71f300 0007d800 fff71400 ff3ea300 00c0f300 00681a00 ff965400 01075500
PCM 00baa8 fef1e900 0065d400 ff990400 fef3de00 010d0200 ffcde000 002e9e00 0077b900
PCM 00bab0 ff83b500 005a0b00 ffa0f800 00669f00 ff912d00 014e4e00 fea73600 026f6300
PCM 00bab8 fd7f1f00 01e43300 fe12ce00 01885a00 fe6d6200 010b2000 feeed700 ffed0800
PCM 00bac0 0012d200 ff234300 00de7700 fe87e700 017c3400 feedd900 0114e500 ff770100
PCM 00bac8 0088ed00 ff0cb600 00f52000 004a4a00 ffaf5200 fffc1200 fffd6c00 feebca00
PCM 00bad0 0118c300 ffd25400 00299300 ffefcd00 0005c000 ff193700 00e7a700 ff4abf00
PCM 00bad8 00b614 01b8f900 fe3f2e00 02faa800
PCM 00bae0 fcf2cf00 01b68900 fe42d1 ff510c00
PCM 00bb00 00afc300 ffc3a300 0037a000 0071a800 ff88a5M 00bb08 00dbe100 ff054b00 00fef500 fedd9600 01256c00 fe088f00 01fb6900 fe123b00
PCM 00bb10 01f2dc00 febe7900 01440000 fe59e700 01adba00 ff383a00 00c96900 fef50100
PCM 00bb18 010df400 ff8ad100 00732600 0034b800 ffc76700 ffa66300 00582b00 feb27600
PCM 00bb20 0152c800 ff46be00 00b97000 ffc4ab00 00369100 feb00b00 01525100 fdd65d00
PCM 00bb28 022e1100 ff0c4800 00f3bb00 00861500 ff725400 00207000 ffdb1300 ff846900
PCM 00bb30 007d9800 febde900 0147ef00 ff5e8200 009f0a00 fef8ad00 010bba00 fdffa000
PCM 00bb38 020d6e00 fd5efd00 02a94400 fec17900 013e8b00 fffc2300 0003de00 fecab200
PCM 00bb40 0138ce00 fe80d600 01864e00 ff96ba00 0069fb00 ffcdb000 00347600 fecfc800
PCM 00bb48 01348000 fe257200 01e25100 fe745400 018fcf00 fe887f00 017a0e00 ff54da00
PCM 00bb50 00acda00 ff8fad00 006eec00 ffe31900 001d4000 ffe8b000 0013dd00 01048b00
PCM 00bb58 fef53600 00b1f900 ff49eb00 feb4e300 014c1900 fec08400 01480c00 ff7a3900
PCM 00bb60 00824500 ff724c00 008f7900 fedc3000 01230200 fe853800 0180c100 006a8000
PCM 00bb68 ff8f6100 0127d800 fed27500 ff7d4200 0082a400 fec19600 01407500 ff69b900
PCM 00bb70 009ad600 00007b00 0000a700 fe5b0900 01ab4300 fda02700 02650500 fe764000
PCM 00bb78 01924400 ff42f500 00bf4e00 fea03b00 01629900 fee65e00 01192300 00098200
PCM 00bb80 fff35100 00d84f00 ff258000 ffee7200 000da700 fe261e00 01dc9200 fde9a300
PCM 00bb88 02186d00 ff49d500 00b9f100 fecbbc00 0136b200 fdebc100 02191400 ff92e500
PCM 00bb90 0068c800 00c6ca00 ff36e100 00c34400 ff392e00 ffc71500 0038ab00 ff44f900
PCM 00bb98 00b88200 fe30db00 01d2e500 fea73000 015ba100 fefa4600 01083200 fdfa7d00
PCM 00bba0 020c1600 fe684600 019d3900 00057800 fff4f600 010c6900 feebe900 ffb2ae00
PCM 00bba8 004c5000 ff353300 00c92200 ffd3d800 00283500 ff8a8b00 00770f00 fe22cf0083d00 00561700 ffa20500 ff506300
PCM 00bbc0 00aef800 fd3e4f00 0 00128700 feeca900 01182d00 fe3bac00 01c83200 fd8c5000
PCM 00bb0 00279a00 ff91b600 006d9f00 fe0fa300 01f49d00 fce09700
PCM 00b0 fe74cc00 018e7b00 fe5c4700 01a7b100 fd841b00
PCM 00bbf8 0287b22c900 fc22b700 03ecf700 fb73b200 04a10200 fade9900
PCM 00bc00 05394d00 facefe00 05442900 fbe9c800 041fef00 fc852200 03851f00 fcec9a00
PCM 00bc08 031b7700 fc2b3900 03e1ec00 fb97c100 04766800 fbb98a00 0456f800 fafe1900
PCM 00bc10 05153000 fa6f5300 05a6307f0ae00 082f9d00 f7774500 08a74600 f7ccc900
PCM 00bc28 084fdb00 f7d5f000 08475700 f78a9f00 08970400 f7cb9200 08528900 f7949100
PCM 00bc30 088df100 f7722c00 08aebf00 f6e3f500 0941d300 f60ad300 0a1c9c00 f59fe600
PCM 00bc38 0a85e800 f5e37d00 0a3f4200 f6545600 09d07e00 f59bc900 0a89df00 f56af700
PCM 00bc40 0abdb700 f5e07e00 0a485800 f6717800 09b1be00 f624c100 09fff100 f5db5500
PCM 00bc48 0a4a5900 f6774000 09a9f900 f74a3100 08d4c600 f7692700 08b95700 f6fe2b00
PCM 00bc50 09260200 f6978d00 098a6700 f6eb2500 0939e400 f7261800 08fa3200 f71bab00
PCM 00bc58 09091600 f726ed00 08f76100 f81c5500 07fc2000 f8d61700 07421500 f82b5700
PCM 00bc60 07ef5f00 f7a88700 0873e100 f7911400 088eac00 f7c73000 0855e800 f7b20900
PCM 00bc68 086e3100 f71f4600 08fbbc00 f7806500 089ce300 f8ae5800 07684200 f90de700
PCM 00bc70 070b3500 f91d0100 06fd5900 f8f6f000 0722e000 f8dc4d0900 07673000 f895ba00 07811400 f9436000 06d49e00 fa526800
PCM 035900 032e2800 fc76e900 0390ed00 fcb73500 03537200 fdd11100
PCMf29900 039a6b00
PCM 00bcb0 fc50bd00 03abae00 fc42ba00 03a26800 fc4dc700 037f4200 fc6aea00 03905400
PCM 00bcb8 fc58c800 03d96200 fc120a00 03d1e800 fc1c7400 039078100 fbe15900 03a9d200 fc424e00 032fea00 fcc1e000 0384a800
PCM 00bcc8 fc68b500 04299700 fbbf5500 0493a300 fb55b900 053cad00 ffb088900 0499ce00 fb4ff400 04d9f500 fb108d00 050a8d00
PCM 00bcd8 fae28b00 05190a00 facf1f00 05cc3c00 fa148100 067cd300 f9645300 068ece00
PCM 00bce0 f9515100 063d9300 f9a52500 0697a000 f94aca00 06ca4800 f9193c00 06459d00
Pd9400 fa06bf00 06153000 f9ceab00 067c3500 f964d100 06873500
PCM6a46800 f93bc400 069c8500
PCM 00bd00 f942df00 06bc7600 f91fd000 06abad00 f9307400 06a09700 f93fa400 06bd7b00
PCM 00bd08 f921e200 07203600 f8c0ba00 07060600 f8da0b00 0705d200 f8daea00 07611e00
PCM 00bd10 f87dd400 08131d00 f7cbdb00 088aa000 f74e7200 08882600 f750df00 09009d00
PCM 00bd10
PCM 00bd20 f68f3600 09a20000 f62f3200 0a17e800 f5b7ff00 0ac2b4816c00 0b85cf00
PCM 00bd30 f4459900 0b95c400 f4365c00 0bec0b0040 f1f37c00 0e354600 f18ad100 0e93b000 f12b0800 0f637200 f059e600 10da2000
PCM 00bd48 eedc8f00 123e9b00 ed716800 1367e500 ec47e500 150eda00 ea9dfd00 16d28900
PCM 00bd50 e8c84700 18374900 e7618100 1986a800 e6084900 1b1b5900 e46ff600 1cf1d300
PCM 00bd58 e2957d00 1f09b800 e0741c00 20820800 def8f600 21a14200 ddd11900 22dcf9a100 22697800 dd03d600 2151b f3534400 0a433100 f5930600 08a95800 f72c7a00 076d6600
PCM 00bd78 f86ce000 068f5500 f94f9e00 0603fd00 f9e29f00 056d8b00 fa7adf00 04afb000
PCM 00bd80 fb351700 0401a600 fbe7d200 036fb000 fc7d3e00 02eb8c00 fcfd2100 01edb000
PCM 00bd88 fe01aa00 0088ec00 ff69b400 ff402100 00bebc00 fde9f20066c500 fb21fe00 04eda600 f9e73d00 06288600 f91b3600 06f70e00 f89f7900
PCM 00bd98 077bf100 f87bbb00 079b4d00 f8b5fa00 0762fd00 f8d8d800 073c8800 f929d500
PCM 00bda0 06ed1400 f9ad4400 06657500c614d00 048c8500 fb5ad800 05675100
PCM 00bdb8 fa7bec00 064eec0000 0c9a5800 f32ba000 0d80e700
PCM 00bdc8 f2405c00 0e198300 f1a6d0 f1675100 0e4c7d00 f172f900 0e268a00 f19b3100 0e248600 f19ae00d2d3b00 f297d000 0cc0b600
PCM 00bde0 f30e8700 0c6aa500 f35e93001af00 f7420200 07992900 f8410500 0690da00 f9490100 05893800
PCM700 fb04fa00 050b2f00
PCM 00be00 fadc6800 05299c00 fabbf000 0522c8300 fab90d00 0520f000
PCM 00be08 fac6fc00 052b9100 fab91700  fa798d00 054ffb00 fa924000 05accd00 fa350e00 067d6700
PCM 00bec69e00 0eea9800
PCM 00be20 f0cf6600 121f5a00 ed920300 156bf500 eda500 df8c8400 1dff2800 e1806400 1bf86d00
PCM 00be40 e38edc00 d00 e78a0b00 15d37f00 e9cbb400 13cbe700
PCM 00be48 ebdda500 11b75b00 edf64c00 0f698400 f052f600 0d526900 f26e3400 0b8acb00
PCM 00be50 f4421d00 09bc4d00 f6187200 07bc9000 f81df000 05c9c600 fa1ac000 0408af00
PCM 00be58 fbe0a300 020aaf00 fde87c00 001e0900 ffe00f00 fee1b200 011fe800 fe657M 00be70 fa933f00 056dbc00 fa722000 052bc700 fab66000 04c4cd00 fb23df00 0486c000
PCM 00be78 fb6 04437500 fba1a200 03e95600
PCM 00be80 fbfde100 03787500 fc7201 0a2e4500 f3dc5b00 0c50ff00 f20e9600 0e22fe00 f06a0000
PCM 00be9c00 11902900 ecffbb00 13497100 eb5ae200 14f21400 ea07a300
PCM 00bea0 164a5900 e9367300 171b8500 e8b89800 17a3c100 e8d23400 17873700 e9b63700
PCM 00bea8 169f8700 eb0fe700 15411800 ec940800 13b80c00 ee0e2600 12343a00 efa22500
PCM 00beb0 109ac200 f1326000 0f063500 f2fb3f00 0d36ea00 f4949b00 0b945300 f6571d00
PCM 00beb8 09c9c400 f87bb900 079df100 fa9d1c00 05711c00 fca34500 03660d00 febd5000
PCM 00bec0 01478b00 00a90500 ff4ef400 022bb800 fdc9ad00 03330100 fcbfba00 03a89800
2421f00
PCM 00bed0 fdae6c00 00e2fd00 ff13b800 ff45d000 00b5ed00 fdde5100 02262d00 fc88a100
PCM 00bed8 0383ea00 fb4f1700 04be1600 fa51d100 05c26c00 f9954200 0680c000 f8e54f00
PCM 00bee0 072ea900 f7f0e900 082c3900 f70c5500 09112800 f6178400 0a0e1700 f557cd00
PCM 00bee8 0acf2b00 f4d22c00 0b598500 f44f3200 0bdd7100 f3e4c900 0c444400 f402b900
PCM 00bef0 0c278a00 f458d300 0bd0f500 f4c4dd00 0b61bf00 f5401500 0aee8200 f5d58700
PCM 00bef8 0a4f3800 f6d03d00 094f9e00 f80cef00 0810e200 f93ed100 06d6bc00 fad2c300
PCM 00bf00 05400100 fcbe6f00 034b4a00 fe53f500 01b56f00 ffa03c00 005f0800 00cf9b00
PCM 00bf08 5c42e00 e9886d00 16cfa700 e8b6c200
PCM 00bf30 17a4fd00 e80e8a006f5e000 196cad00 e6738100
PCM 00bf38 19ecad00 e5fdfd00 1a69c600M 00bf58 187fc900 e88f9600 17ccb800 e9905f00 16cccd00 ea5f1100 10 efb3dc00 10875d00 f04bfa00 0fede300 f0f85c00 0f431600 f187f200f78 0c68bc00 f4288700 0c051d00 f48de700 0ba01c00 f4d91200 0b5017d00 f5003900 0b27e200 f4fe9200 0b2b7000 f50c8a00 0b19ca00 f52b3a00
PCM 00bf88 0af9e800 f544bd00 0ae45600 f54dd200 0ad9aa00 f5273100 0b01f000 f4c70e00
PCM 00bf90 0b668c00 f455dd00 0bd9c900 f321cec00 0e180e00 f1765100 0ec17d00 f0e4de00 0f50a700 f07f6100
P00
PCM 00bfa8 105c9c00 efca7400 106f3900 efefb700 104dd700 f05e3300 0fe0b400 f0edd600
PCM 00bfb0 0f4c0400 f1772300 0ec0a000 f1ee3d00 0e465c00 f2b2b600 0d7b2300 f3ca9900
PCM 00bfb8 0c628e00 f4f05400 0b368400 f645c500 09deef00 f749af00 08d8b700 f823d100
PCM 00bfc0 07f47300 f8ecbd00 072dc500 f95ca700 06b97500 f951ad00 06c53400 f8e20c00
PCM 00bfc8 0736a000 f8775000 07a43400 f808d800 08140c00 f7a7b300 08776900 f751e700
PCM 00bfd0 08cc6600 f72d4800 08f1b900 f72ea200 08efb200 f74b0b00 08d4df00 f7651600
PCM 00bfd8 08bbba00 f76ad200 08b208000c000 fe2a2d00 01358d00 febf0700 00a81e00 ff504500 002aee00 ffd0 fe222c00 01e5b500 fd8a6500
PCM 00c010 027a5100 fd1bdf00 02ea6d00 fcad5900 035c4700 fc4ec400 03bd9d00 fbed0000
PCM 00c018 041ea800 fb55da00 04bb1000 fab2af000571cb00 fa919900 057d0100 fa60fc00 05b45700 fa456700
PCM 00c02fe4ac200
PCM 00c038 01ba9f00 ff0cdb00 00f15d00 ffaf2400 004f49000 01fb1100 fdfab300 033f6700 fcb3b700 0462ae00 fb858f00 05611b00
PCM 00c048 fa828e00 06530900 f98d4600 072b4700 f8b14200 07fa3f00 f7e48f00 08c50100
PCM 00c050 f7138b00 09ad3900 f6263e00 0a7dbe00 f54fd000 0af75b00 f4d72b00 0b635c00
PCM 00c058 f46d3800 0bb9f500 f412c600 0c10cd00 f3b92b00 0c5e0a00 f3662b00 0c66da00
Pbe44700 f3e65600 0bf1b800
PCM 00c068 f3d80400 0c0ce100 f3c07300 0bf9c600 f3d18a00 0ba78e00 f4253200 0b5ba800
PCM 00c070 f46f0900 0b5b7500 f4739f00 0b526f00 f47b7e00 0b0fa100 f4c1db00 0ab1cc00
PCM 00c078 f521d000 0a56f600 f57d6500 09ce5700 f6081f00 093aa300 f69ba300 08b63000
PCM 00c080 f71fe000 08302000 f7af1400 07d35500 f8076c00 0765f100 f8777c00 06d42600
PCM 00c088 f90d5900 064ae100 f997f500 059ab400 fa4bfd00 04cb5400 fb1dad00 03a7ab00
PCM 00c090 fc48c900 026c1d00 fd81ab00 0110d800 feea3300 ff952b00 006c2700 fe3bd600
PCM 00c098 01c64a00 fcb7e700 034de000 fb47c600 04c77b00 fa010600 060e0000 f8d3fb00
PCM 00c0a0 0744b700 f7ae9c00 0870a600 f696a600 0989aa00 f58d5300 0a957400 f4ce6f00
PCM 00c0a8 0b5a1100 f45cdf00 0bd28600 f4349e00 0bfb2d00 f45aac00 0bd22c00 f496b500
PCM 00c0b0 0b97050 068b3800 f95b4100 06bc5400 f95a3700 06bb0c00 f9612800
PCM 00c93d2c00 06dcd400 f9194d00 06fc9900 f8f49800 072a5100 f8a41800
P0e0 0775f000 f860b900 07bbb000 f8336c00 07e5e500 f7ec9c00 082ee000 f7f25c00
PCM 00c0e8 082b6100 f8161500 08079e00 f8029100 08199a00 f84d6f00 07caab00 f8d50000
PCM 00c0f0 0746d200 f95cbc00 06b5a300 fa4b0300 05c47c00 fb5a3600 04b32e00 fc461300
PCM 00c0f8 03c5bf00 fd267900 02e0d800 fe1ac00948000 00201200 ffdb4a00 00d40400 ff1e8900 01814800 fe731100 01d00 fd28bd00 03a89600 fc445c00 04a0ef00 fb467b00 05799700
PCM f34a00 f8ea3b00 072cd100
PCM 00c118 f8b61a00 072be300 f8b45300 
PCM 00c128 fa1fc600 05aa6100 fa3ba800 05a22500 fa42f700 058cc5805400 04f37a00 faf1d800 04995400 fb4fed00 04287e00 fbc2c100 03c48200
PCM 00c138 fc22cc00 0367f000 fc8aa300 02f15e00 fcfde200 02afd200 fd445700 025d2800
PCM 00c140 fd958500 02026b00 fdee8300 018a0600 fe6cd000 01182c00 fed90f00 009e6b00
PCM 00c148 ff5ac800 ffffed00 fffc0600 ff817500 00803f00 feeb8200 0114e600 fe847300
PCM 00c150 017d4000 fe73cb00 018eb400 fe914e00 0170d000 feba2500 0146c500 fed6fa00
PCM 00c158 01293800 fee66b00 01162f00 ff277e00 00d9c000 ff3f7500 00be1600 feecd700
PCM 00c160 01110100 feaaa000 0158ef00 fe873600 017de600 fe52ec00 01ad7d00 fe1acb00
PCM 00c168 01e69100 fe11b200 01f3cf00 fe24b400 01dc9700 fe2e6f00 01d8bb00 fe6e8700
PCM 00c170 0195d400 fea25600 01610700 fed4a000 012dbc00 ff3c6d00 00c2ad00 ff851b00
PCM 00c178 007cfa00 ff5ec800 00a0e900 ff436000 00b83700 ff64b000 009ad700 ff7bc700
PCM 00c180 007dd700 ff8c2700 006b8600 ffb2bb00 0049a800 ffcad400 00356600 00129500
PCM 00c188 ffe58700 0067f400 ff940600 00ce5f00 ff2bc500 012e8400 fec9c800 011a7f00
PCM 00c190 fedb2f00 00e65c00 ff12bc00 00a06300 ff59d600 00a02b00 ff557b00 007e4b00
PCM 00c198 ff7cab00 003cc800 ffbc6300 ffdb4a00 00236300 ff407f00 00be2a00 feb7e300
PCM 00c1a0 014a1e00 fe400c00 01c35b00 fdd35d00 022b1000 fd45a900 02bf5300 fc9ee000
PCM 00c1a8 036def00 fc15fa00 03f5e900 fb681900 04a5bd00 fae59800 05269800 fa9cb400
PCM 00c1b0 0571c500 fa3b3300 05d87600 f9b38000 06650700 f93d6a00 06dec400 f8dee800
PCM 00c1b8 07375c00 f853e100 07c66f00 f7f57f00 08297200 f7b21900 08681000 f74b9500
PCM 00c1c0 08d53600 f725a200 08fce700 f72fa800 08edce00 f74e7700 08cf9400 f779de00
PCM 00c1c8 089fb400 f7c6f400 08560300 f7ac8b00 08710600 f78c5c00 08930700 f7679600
PCM 00c1d0 08b95400 f71d8500  f6d6c700 0945da00 f6af7700
PCM0c1e0 08165b00 f8be9d00 075ac300 f9489000 06d02b00 f9d0da00 06492800 04417400 fc3c8100 03cb2e00 fcd1b900
PCM 00c1f8 03366300 fd746a00 0297eb00 fdf01b00 02113c00 fe689b00 01968000 fec0a500
PCM 00c200 01464000 fefef200 0101c500 ff6ef500 008df700 ffaf6800 004e3100 ff908f00
PCM 00c208 006de400 ffbd5100 003e2f00 fff7fd00 00041b00 00414b00 ffb8fe00 00b01600
PCM 00c210 ff476f00 01138a00 fee69d00 01740200 fe825900 01dce300 fe199500 026ef700
PCM 00c218 fd842100 0303ab00 fcea7500 035c7b00 fc928000 0394be00 fc558c00 03e6ee00
PCM 00c220 fc079e00 0451ef00 fb96a300 04ae4500 fb372300 052c1900 fab95900 05ae9d00
PCM 00c228 fa364100 06562f00 f98b6700 06e62800 f8f71900 07410600 f8a00300 07a1a500
PCM 00c230 f8384e00 08101200 f7c89100 08599e00 f781de00 08744100 f7653100 087bc600
PCM 00c238 f7620f00 084df300 f78e1200 08393d00 f79f3500 083a8800 f7a1a900 08123a00
PCM 00c240 f7c5f500 07d49d00 f804bb00 07b5b300 f8277b00 07b22000 f82dd200 07647200
PCM 00c248 f87beb00 070b1600 f8d0d400 0693f400 f94b9900 05f8a300 f9ecd200 0556f700
PCM 00c250 fa906000 04b0fa00 fb382500 03f31f00 fbf4aa00 0300 02a16f00
PCM 00c258 fd4fff00 ffac3500 ffc5ed00 0036df00 ff3f4a00 00c03b00 feb5c600 014c5f00 M 00c278 03e8c400 fbb78a00 0453ba00 fb75e500 04938100 fb4f4c00 04c37000 fb078600
PCM 00c280 05000 058ee700 fa61f000
PCM 00c288 05ad2e00 fa468100 05c8ff00 fa4b4e500 050d0c00 fb51ac00 04baa000 fbb18b00
PCM 00c298 0459fd00 f3c2c00
PCM 00c2a8 04d41700 fb02a500 05105200 fae6ea00 052a8600 14af00
PCM 00c2b0 04f70000 fb12f600 04fc9c00 fb453100 04c9c200  05366600 fa96a600 05799600 fa798400 05978d00 fa460100
PCM 00c2e6ea00 faaac000 0565f400 fb252300 04e87400 fbe26000 04266c00 fc900d44e00 ff232200 01aeae00 fe46fd00 025e3500
PCM 00c2e0 fd96e30c2f0 f7178b00 08f7f600 f6e21600 092ce100 f6acc600 097df500 f6550cc00 f4ed9f00 0b64e200 f46adc00 0be62900
PCM 00c300 f3e7f900 0ca5000 f3a19200 0bc36500 f4043000 0b3b7300
PCM 00c310 f48f0600 06a300 0a384d00 f59b1500 09bc6500 f617cb00 09349600
PCM 00c318 f1600 f95d9d00 05f44000 f9f4bc00 05339b00 fab31000 048a5d00
PCM 515800 fc9d6e00 02d28000 fd1c0100 025f3000
PCM 00c330 fd91aa00 0 fe6b7100 01362800 febf2300 00d61b00
PCM 00c338 ff21e600 006a97c5600 fcfb7e00 030bf800 fc4d0200 03bdab00 fbd5b200 043ba600 fb6 faf01d00 051f1000 fa7c6700 0590f800 fa17df00 05fef100 f9a733009400 06dd0700 f9003500
PCM 00c360 07180000 f8b54600 07658f00 f800 f78e0d00 088a5300 f7542e00 08cb0200 f730a000
PCM 00c370 08ed3c0600 0aedeb00 f55e8700 0ac5bd00 f5983000
PCM 00c388 0a8d9c00 bb400 f77d5200 08a40000 f7992a00 08853c00 f79b1600 08864e00 f79424a00 07ca4200 f8580c00
PCM 00c3a8 07c47600 f8900100 078c1d00 f4dec300 fbd35100 043c0400 fcc81400 033de500 fe1d2b00
PCM 00c3c0 fff9f500 00015700 00cbe800 ff2ac200 01e48600
PCM 00c3c8 fe0b3b
PCM 00c3d0 fc0bd800 04186100 fbd5aa00 0459e600 fb8cfd00 049e0805c1cf00
PCM 00c3e0 fa1f7b00 05db0000 fa0c1b00 05fbbd00 f9e99c00 0685a500 f95eea00 06996d00 f949d300 06bb5700 f927f300 07261b00
PCM 00c3f8 f8b9de00 0783e800 f85e9f00 07814100 f85af900 0790c000 f84d7f00 07a4a500
PCM 00c400eedc00 0806bf00 f7d6cd00 084c3a00
PCM 00c408 f78e6a00 08965800 51c00 f8ac7100 06ed3400 f8f3b900 068f5000
PCM 00c418 f94d4900 0CM 00c420 fa762f00 04fbb800 faea0d00 04c94300 fb1c4500 048a3500 f900 fc2c4900 03794c00 fc708200 033b7800 fcb1a400 032acc00
PCM 400 033a3a00 fcb73d00 03412200
PCM 00c438 fca77600 03559000 fc9000 020a2800 fde58600 022ca400 fdc65500 02534500
PCM 00c450 fd9d8a0c00 027d2400 fd741600 028dfc00 fd656400 02c33700
PCM 00c458 030ca900 fcdfec00 032f8b00
PCM 00c460 fcbd9800 03584c00 fc92d6 03f4e200 fbf18900 03ee2800 fbfa9000 03ee2c00 fbf99700 03e4e200c00 02c47d00 fd29a700 02be5200 fd2dc100 02c45600 fd2a1700 02b8e184800 fd467e00 0274fb00
PCM 00c488 fd7ee900 026a4600 fd865500 0
PCM 00c490 fe003800 01787200 fe813e00 00c07300 ff351d00 001b410170af00 fdbc2400 02476400 fd3f9900 02c67b00 fd085b00
PCM 00c4a00 fe0d8100
PCM 00c4b0 01f4c200 fe63ea00 019dd800 febf1a00 01430c4b8 01129b00 fef69c00 01093b00 ff097b00 00f97700 ff0fcc00 00ef153ef00 fe96f400 01663d00 fe760e00 018ba800 fe37ee00
PCM 00c4c8e00
PCM 00c4d0 025a6900 fd965e00 026f5800 fd47e900 02c03d00 fd2a4c00 02de9100 fd41f900
PCM 00c4d8 02c1ed00 fd4d3e00 02bf0900 fd11d100 02f32100 fd0c7f00 02fd8800 fd3c9b00
PCM 00c4e0 02c9e600f0b8b00 00f28200 ff6bfb00
PCM 00c4f0 0091f400 ffea4b00 0013f100
PCM 00c4f8 fe749500 01dc3100 fe190100 0225b900 fdc6f700 02a8200ea00 fcca5c00 031f0c00 fcce9000 03453000 fca5b900 0355fd00
PCM 00c508 fc985f00 0342c100 fcaae000 03144200 fcdb7b00 02c61500 fd291500 028a5c00
PCM 00c510 fd642e00 027ba600 fd766200 023bc700 fdb78300 01dba700 fe167200 01a6b81803900 fe722c00 01755400 fe813600 013f5500
PCM 00c520 feb4b30000c528 fe36d600 01e23f00 fe112300 020fb500 fde2a300 02369000 fdbf1a00 024e8f00
PCM 00c530 fda1be00 025e3d00 fd905d00 0227c400 fdccb800 01eb5c00 fe079c00 019c6800
PCM 00c538 fe548f00 0149c200 feab1500 00e57700 ff12b300 007c5f00 ff7aaf00 0020fe00
PCM 00c540 ffd9ff00 ffca0200 002cdb00 ff96cc00 00657900 ff6df000 008e5700 ff3e9500
PCM 00c548 00be0800 ff102300 00e99500 fed7f000 01278100 febbba00 0146d800 fe7a2000
PCM 00c550 01885500 fe50d900 01aee800 fe553f00 01acaa00 fe503000 01afed00 fe326700
PCM 00c558 01cfbb00 fe1f5600 01e20700 fe07c700 01fdaf00 fdd9c700 022c8e00 fdc1e900
PCM 00c560 02453700 fd87c200 0281c000 fd34ff00 02d07e00 0 0349c000 fc8f7300 037d2f00 fc899400 037edc00 fc8cfe00
PCM 00ca0200 fd034500 0305b600 fcfcff00
PCM 00c578 030afd00 fce58d00 00 035d7e00 fc745700
PCM 00c580 03929100 fc681900 03a0c100 fc425300 03c54f00 fc61e800 03a5dd00 fc9dc800
PCM 00c588 03684900 fcefa300 0316c300 fd20d200 02e21500 fd653b00 02a26000 fda8d400
PCM 00c590 025bd900 fde73700 021bc800 fe4b2800 01b95200 febbab00 01455e00 fefb0100
PCM 00c598 0101d700 ff603e00 00a2b600 ffc12200 003b9500 000e5e00 fff0f500 006e8800
PCM 00c5a0 ff8b3e00 00fe3708 fd445f00 031b5600 fcd58b00 0390 fbd8f800 0404fa00 fbe71800 03cb0300 fc211900 03bdd400
PCM 00c5c0 fc2c1d00 03c6be00 fc263e00 03b97d00 fc30d300 03abc300 fc3ff100 03b0d400
PCM 00c5c8 fc3c5400 03955d00 fc57ba00 03852100 fc669900 0388e500 fc65eb00 03775d00
PCM 00c5d0 fc754100 03580100 fc922d00 03410000 fcacb200 03530b00 fc986100 03635b00
PCM 00c5d8 fc894c00 0374ca00 fc7b0b00 039f9700 fc4a9b00 03b33200 fc37c100 03e1f600
PCM 00c5e0 fc082d00 041adb00 fbd37e00 044aa500 fb9e4800 04a20200 fb475900 050e5700
PCM 00c5e8 fad83300 053d3600 faa9f300 059dc300 fa47e900 05fe6200 f9e3a200 06118300
PCM 00c5f0 f9d1f9fdf200 05c5ff00 fa1eac00 056c0800
PCM 00c5f8 fa7d8700 05116d00 fad3bc00 04c28100 fb1f6600 046b1300 fb7b4200 040ae700
PCM 00c600 fbdf2e00 03da5100 fc105f00 0395a000 fc557400 03360a00 fcb7fd00 03177100
PCM 00c608 fcd69900 0318eb00 fcd2f600 02b6f700 fd3a5700 02861f00 fd6f1200 023df900
PCM 00c610 fdaf1600 01e15200 fe0f4d00 01a58b00 fe4e2600 01c40b00 fe2e0500 01d72700
PCM 00c618 fe18d800 01a0b300 fe51da00 019eba00 fe569500 01e3b600 fe11ab00 01f7e400
PCM 00c620 fdfa0900 02120f00 fde12500 021d9800 fdd13f00 0212d600 fdde4300 01f92d00
PCM 00c628 fdf76800 01e80000 fe0b1800 01aeed00 fe47a900 013ea300 feb79800 00be4000
PCM 00c630 ff3a9000 0065bf00 ff92a700 0025fc00 ffd6ae00 ffb44500 00472b00 ff501600
PCM 00c638 00affb00 ff05e600 00f73100 febb1100 01436d00 fe5e4000 019fbf00 fe11f600
PCM 00c640 01eed900 fda9c900 025c8900 fd3c3f00 02caa400 fcbac400 034d9a00 fc6d4600
PCM 00c648 039aa800 fc1ce600 03eb6f00 fbb3df00 04570300 fb572e00 04b84a00 faf25f00
PCM 00c650 051fba00 fa779c00 05993700 fa2c9000 05e58d00 f9d71400 063ef400 f959b800
PCM 00c658 06bd1d00 f8fe2a00 0717d300 f87ad100 07a05d00 f7ef8900 082d4b00 f7aac400
PCM 00c660 08720d00 f7524900 08c96600 f7329000 08eae700 f707d100 09173500 f6c24200
PCM 00c668 095ec300 f66af500 09b9a500 f6273100 09fa0600 f5fef500 0a233800 f5d5cd00
PCM 00c670 0a4cb100 f5c8fe00 0a5eac00 f5d47800 f600 f589c600 0a965900 f58d5c00 0a96a300 f57b4000
PCM 00c688 0a5b99b00 0a687700 f6323000 09f47200 f6b07600
PCM 00c690 096eb200 f743c500 08da3e00 f7fcfc00 08257a00 f8b73000 07613f00 f95f3700
PCM 00c698 06b8e200 fa0dcc00 06023c00 faceee00 05417200 fb607500 04a86800 fbfbfa00
PCM 00c6a0 0411b300 fc9d7800 036d6200 fd0dd00 fd996300 026dff00 fdfbfc00
PCM 00c6a8 0207e600 fe278800 01dccd00 fe6e6300 0192c600 feb43900 01512900 fee28200
PCM 00c6b0 011b3000 feeb9500 0112a300 ff08b600 00f68300 ff243400 00debb00 ff292e00
PCM 00c6b8 00d67e00 ff285900 00d34c00 ff083800 00f71800 fef04200 01113400 fec9cf00
PCM 00c6c0 0135f700 fec96e00 01332200 fee3c000 011a4600 fef5fc00 01054300 fefff900
PCM 00c6c8 0100d200 ff0caa00 00f38c00 ff111a00 00f0b700 ff260300 00d92d00 ff428a00
PCM 00c6d0 00b7ea00 ff8cdb00 006fa700 ffc90800 00363100 000d1900 ffec6f00 00837300
PCM 00c6d8 ff773300 010b2100 feea9800 016d5500 fe870700 01c00900 fe365d00 01eb5400
PCM 00c6e0 fe096c00 02185c00 fdd4a000 028c5700 fd670100 02f55100 fcf90100 0343fc00
PCM 00c6e8 fcabb400 038e7b00 fc5bd300 03a47e00 fc44dc00 03d1fa00 fc185c00 03d18300
PCM 00c6f0 fc190b00 03e36400 fc04b000 03e4c600 fc0a2700 03c30b00 fc23d400 03bb5a00
PCM 00c6f8 fc2ee300 03b03400 fc39f700 0393f300 fc534100 03a44a00 fc47ce00 03951c00
PCM 00c700 fc548e00 03a20200 fc496000 03b04f00 fc3cc300 03a31400 fc481600 03744200
PCM 00c708 fc799400 034a1d00 fca5c400 03298c00 fcc48800 03509b00 fc9c2000 036d6a00
PCM 00c710 fc7f9100 035d6500 fc8d6900 03673900 fc825000 03a46700 fc4d6900 03965c00
PCM 00c718 fc56b300 03a15500 fc4cee00 03b81d00 fc324600 03a60700 fc454100200 fc802200 03276900 fcc47200 03093a00
PCM 00c728 fce60900 02c94f00 fd289e00 0280ee00 fd6f2800 02493a00 fdab6c00 02294100
PCM 00c730 fdca5800 01ed2400 fe083000 019f7700 fe52d700 014a1a00 feaaaf00 00f3a000
PCM 00c738 ff05cd00 009eba00 ff5d5300 0069da00 ff8fc600 002edf00 ffcd1000 000ace00
PCM 00c740 ffef2c00 ffd20f00 002ad200 ff940200 0066f500 ff6fc400 008d2a00 ff4b0700
PCM 00c fd63fb00
PCM 00c758 029dc500 fd248d00 02e65200 fd0b4700 02fdd7 fdb71900 024e1f00 fdba1300 024b4e00 fda5b600 025ae800 fd5bb000ca900 fd153300 02f06400 fcbb3200 034f3800 fc936600 03768700 fc975200
PCM 00c778 036a9f00 fc757400 03963900 fc371c00 03d7ff00 fc200
PCM 00c780 03b65700 fc783d00 0394e800 fc9a7800 036f9900 fccd900 fe20b100 01e1b200 fe655400
PCM 00c798 019c5800 feb9a900 01ff4ea000 00ee4400 ff080900 014a1f00 fea8e200 01a4f100
PCM 00c7ad7c00 00e95500 ff083700 00eb6f00 ff0d5300 00bc5800 ff3e7b00 009ab00 ff4b7000 00777e00
PCM 00c7c0 ff81e900 0032ed00 ffc9e100 00066c600 00949200 ff866300
PCM 00c7d0 0075e100 ffc47b00 00384000 e00
PCM 00c7d8 ff660600 01072800 fef02200 01684900 fe8d1700 01aace900
PCM 00c7f0 fd403500 02a5fb00 fd49b300 02dfc300 fd0c7e00 ee00 03387a00
PCM 00c800 fcb52400 0356ca00 fc957500 03633a00 fc894200 035d1e00 fc8f7e00 03783600
PCM 00c808 fc70df00 039f7200 fc4f7c00 03cdaa00 fc204800 03e51d00 fc065800 03ff8700
PCM 00c810 fbead400 041adb00 fbcdbe00 043bb500 fbaf1d00 04440600 fba7d900 04410400
PCM 00c818 fbab0000 04477700 fba44700 04249700 fbc67fc1c00 03143700
PCM 00c830 fcdbd600 02ff3300 fcf13f00 02c8f600 f fe70f500 01229900 fed3da00 00daa400
PCM 00c840 ff1c4700 00af9368 02cd4500 fd221200 02e3b100 fce6b000 031dfd00 fc7e6300 038a10062000
PCM 00c870 03e82600 fbf9c900 040df800 fbe06c00 04278600 fc888 04755900 fb9b0200 046f4500 fbafa600 04637400 fbd45000 0436c700 fbf65f00
PCM 00c890 04160d00 fc469700 03c0dd00 fcb3df00 03584500 fd397800 02ce4100 fd887d00
PCM 00c898 027d0c00 fde97900 021ca500 fe810200 0183cc00 fefc5000 01011a00 ff70f600
PCM 00c8a0 008f1700 ffc6fd00 00368e00 fff6c200 0004b700 00194000 ffe40900 00646e00
PCM 00c8a8 ff971a00 00943000 ff630900 00997a00 ff619300 009bd300 ff5e9100 009eb100
PCM 00c8b0 ff5c2300 00924d00 ff625400 0092ee00 ff678700 00a5cd00 ff50bb00 0082b900
PCM 00c8b8 ff774500 0059ef00 ff9b8c00 00440600 ffb32100 0031c700 ffc45100 0004ef00
PCM 00c8c0 fff49a00 ffcee200 00307100 ffad9b00 004ea100 ffa0d200 005eed00 ff880c00
PCM 00c8c8 00755e00 ff959900 0067d500 ff641700 00973200 ff4f8600 00b06200 ff5c8d00
PCM 00c8d0 00a21f00 ff7b0800 00801300 ff840f00 00773a00 ff931000 006d4f00 ffd05700
PCM 00c8d8 00281600 fffa0200 00004100 00260c00 ffd52600 004a7400 ffaff200 00675400
PCM 00c8e0 ff8fd200 0086cb00 ff70b100 00b47c00 ff427300 00d34a00 ff22c400 00 014afd00 fea9cb00 01794500
PCM 00c8f0 fe7d0700 019c4e00 fe55 00e0b500 ff178600 00e20d00 ff119200 00d24b00 ff266800 00a4a400
PCM 00c900 ff559f00 00737500 ff82a000 00779600 ff808b00 00414400 ffbaa900 00060600
PCM 00c908 fff5e000 0000bb00 fffca800 fff82800 00005500 fffb6000 ffff5d00 0005ef00
PCM 00c910 fff5f600 0003aa00 fffa7700 ffe54200 00199100 ffc9b800 0032b200 ffb69a00
PCM 00c918 00497f00 ff9cae00 00618700 ff7c3200 0082a800 ff686000 00972100 ff7dc100
PCM 00c920 00803b00 ff5c7300 009df700 ff5c4200 00a29d00 ff350400 00c9ef00 ff1fd100
PCM 00c928 00da0800 ff2aae0 00ed6000 fef72700 01065000 fed8300 01bd6b00 fe13a500 01e85d00 fdfed300
PCM 00c938 0204da00 fde26900 021ed700 fdba2f00 024aea00 fda38c00 025d6f00 fd96bc00
PCMea00 fdc79700 023f4700 fdc34100 0241a300 fda1d900
PCM 00c948 02300 0284ad00 fd7e2200
PCM 00c958 02811c00 fda02700 0260e800 fdc00c960 01c29d00 fe6bf800 0194af00 fea10e00 015a3100 fec3ae00 013d2900 feee5500
PCM 00c968 01127700 ff3eb400 00bd7400 ff8ed000 006f3c00 ff8f7800 006d5400 ff939900
PCM 00c970 00690600 ffbf2500 003b7b00 ffecad00 000b6200 00245100 ffd49d00 00353700
PCM 00c978 ffc62f00 005cd500 ff9c1c00 006d8500 ff8b6200 00922b00 ff681a00 00c90d00
PCM 00c980 ff31c000 01036f00 fef44d00 011f1b00 fed7d300 01497000 feac6600 0176bc00
PCM 00c988 fe7b7500 018c6700 fe66a600 01a38d00 fe50ce00 01cb7500 fe274900 01f02400
PCM 00c990 fe046100 01f74700 fdfa6700 022cd200 fdc76500 02514b00 fda16600 02aac200
PCM 00c998 fd427b00 02ed3d00 fd028800 03229400 fcc86000 038aa100 fc64f300 03c17e00
PCM 00c9a0 fc29fc00 04137b00 fbdaf800 04653a00 fb839900 04c26100 fb23da00 050ad900
PCM 00c9a8 fad83200 05473600 fa9ea900 05859d00 fa602700 05de1000 f9ffac00 0634f900
PCM 00c9b0 f9ac1b00 06711700 f9705600 06aebb00 f9303100 06c20b00 f91e8600 0722e200
PCM 00c9b8 f8b8e400 0762c300 f875d300 07867e00 f8574700 0799fd00 f83f9c00 07f07200
PCM 00c9c8 f7e91f00 07dd6d00 f7ff3800 07df8700 f7fba0 f7ab9000 08583200 f7834500 0866b400
PCM 00c9e0 f76f9200 08922
PCM 00c9f8 f696be00 0962e100 f66ffc00 0976fb00 f65d4300 0989d99883e00 f64ea800 097a1f00 f65a9500 0975ef00
PCM 00ca08 f6590f00100
PCM 00ca18 f7522a00 084ec800 f78c5800 082c5600 f7af5c00 07e5f000 f7f45800 07a61900
PCM 00ca20 f831c400 0748b000 f8919800 000 05ce6c00 fa142b00 05865300
PCM 00ca30 fa5b7500 053a5b00 faa80 faecac00 04c1d100
PCM 00ca38 fb244300 049f7b00 fb487300 04697000 fb7cfc00 042a0500 fbbf1d00 04182800
PCM 00ca40 fbccdb00 03cb1500 fc1f8f00 03a55500 fc450400 0389b200 fc61f600 0340b200
PCM 00ca48 fcaebc00 02e33100 fd100e00 02994e00 fd555c00 0239e500 fdb9ab00 01da8800
PCM 00ca50 fe189500 01802300 fe73ff00 01233e00 fed4cf00 00adf600 ff455700 003dd300
PCM 00ca58 ffb84600 ffe07e00 001a1600 ff75ad00 008b2d00 ff0ec700 00f15900 feab9200
PCM 00ca60 01512900 fe555200 01ad1c00 fe0dad00 01f89300 fdc48800 023dee00 fd656c00
PCM 00ca68 02a25100 fcf1a100 031b6300 fc95c600 0377db00 fc3f6e00 03d17700 fbf04a00
PCM 00ca70 041e5700 fbac0c00 0461da00 fbb0bf00 045e9100 fbb8ca00 04545400 fb777200
PCM 00ca78 049aa800 fb66b600 04a7d000 fb5a7900 04b2fc00 fb638900 04aea100 fb5bc100
PCM 00ca80 04b4bf00 fb3 0517fb00 fb0e1c00
PCM 00ca88 05029700 fb29a500 04ea1e00 fb259700ca90 04ae2300 fb9e1500 04704d00 fbed6e00 04200c00 fc2cfb00 03dfd5cda00 02ad6800 fdac1000 025bad00 fe02a200 0200a500 fe73f900
0100c900 ff7fc800 007f5600 fff9c400 0002b900 0077a200
PCM 00cab0 ff80cb00 00fe3a00 fef94d00 01937b00 fe66bb00 01ce0e00 fe215c00 022a1400
PCM 00cab8 fdcb4600 026d2900 fd84d300 02ad0e00 fd42f500 02d83a00 fd181c00 030f3c00
PCM 00cac0 fcdf5000 0360f000 fc89b000 03dafa00 fc0fa900 04504100 fb9b4700 049be700
PCM 00cac8 fb4d0800 04e7c100 fb01c800 053a4a00 faaddb00 058cfc00 fa583100 05ee2600
PCM 00cad0 f9f6fb00 063c1963f400 066e6a00 f9710100 067baf00
PCM 00cae0 f963fd00 068cb000 f9535800 068bf700 f9579300 06972a00 f9489400 0690a000
PCM 00cae8 f9529d00 066a0100 f977de00 0652ea00 f9906200 0638c300 f9a8ba00 06051900
PCM 00caf0 f9e28900 05e29800 fa01ab00 05943c00 fa50d500 054b5d00 fa9b4b00 05154200
PCM 00caf8 fad09100 04e0f500 fb06d200 048c8f00 fb5e2a00 044e7300 fb99b200 0406a900
PCM 00cb00 fbe73e00 039b2b00 fc4e7300 03515b00 fc9a6d00 030c3b00 fce1e200 02c78800
PCM 00cb08 fd254c00 028c4500 fd686400 02506f00 fd9f7700 021a7200 fdd3c500 01dd5a00
PCM 00cb10 fe182200 01975c00 fe59d800 01707a00 fe832600 01710000 fe818900 0164ff00
PCM 00cb18 fe947600 017e0800 fe7ac200 0186e500 fe6f6c00 01ce8100 fe26b200 01eae800
PCM 00cb20 fe008100 0203e500 fdf1f200 02253d00 fdce7800 0245b400 fda7ee00 024e8800
PCM 00cb28 fda20500 02379d00 fdb81400 01fb8f00 fdfbc300 01d96100 fe1c5b00 01c6d000
PCM 00cb30 fe2edb00 01830800 fe738300 01379d00 febd5b00 00df0600 ff1b7c00 0077df00
PCM 00cb38 ff817300 00579400 ffa14100 ffeb7400 000b6d00 ff8836000f84b00 feb95e00 014a4b00 fe39e500 01c38600 fdefbe00
PCM 00cb48 0213ee00 fd965900 026c8e00 fd2bc500 02da3900 fcb7e200 03533b00 fc3fed00
PCM 00cb50 03c6c100 fbbc1400 044d7200 fb2ed600 04e07e00 fac21e00 054ecc00 fa604800
PCM 00cb58 05b53100 f9ec9400 06256400 f98a2a00 068b4500 f91ae800 06fbb700 f8ba2400
PCM 00cb60 075c0c00 f84d6800 07d16000 f7e14900 0838b900 f779eb00 08a54f00 f70aba00
PCM 00cb68 09132a00 f6a18300 0981be00 f6439100 09e29000 f5dbac00 0a480300 f5ab6500
PCM 00cb70 0a7ac100 f572ec00 0ab44e00 f5363300 0aefad00 f504a900 0b246c00 f4c59b00
PCM 00cb78 0b67d200 f4b63400 0b6f7a00 f4a1ab00 0b826100 f4bdc600 0b657000 f4be8200
PCM 00cb80 0b6c1700 f4dd1d00 0b48b100 f5118800 0b13f400 f53cf800 0ae98400 f5721300
PCM 00cb88 0ab39400 f5a38b00 0a828a00 f6081200 0a1c0b00 f65b9900 09c55700 f6c62400
PCM 00cb90 09579300 f7225c00 08ff7000 f79cf300 0881f3000 f8ab4400 076d3c00 f8de8100 073a4f00 f9332d00 06e37000 f98451004c1c600 fb79ac00
PCM 00cbb0 04948a00 fb9c6500 0470d300 fbced40 fc367400
PCM 00cbb8 03d3b900 fc6cbe00 039c2300 fcbc2900 0351982e5da00 fd479e00 02c3cb00 fd514800 02b49900 fd7e1300 0288b500 fd99e200
PCM 00cbc8 026b5300 fd880900 027e6b00 fd7a1d00 02923c00 fd80ed00 02830200 fd5d9900
PCM 00cbd0 02a78e00 fd378100 02d27a00 fd3fa700 02c88300 fd433300 02c51d00 fd474c00
PCM 00cbd8 02c10800 fd44a400 02c2d800 fd3e2400 02c3f500 fd3f1100 02c95d00 fd6af400
PCM 00cbe0 029ca700 fd5c8a00 02ade500 fd572000 02acee00 fd3fdc00 02ca6300 fcfc7a00
PCM 00cbe8 030c1000 fcdd1d00 03283900 fcc77300 033e3000 fca2a800 03684400 fc8adf00
PCM 00cbf0 037bdf00 fc9de400 036e0400 fc9b9000 03722b00 fcd27d00 03372100 fd0e2a00
PCM 00cbf8 02f5e700 fd75d600 028e5600 fdf90d00 020b8500 fe4bef00 01b36700 feb07500
PCM 00cc00 01559d00 ff01ed00 01007b00 ff4c3d2d00 00cdea00 ff2ba800 01270f00 feca7300 01824000
PCM 00cc10 fe054400 0334f000 fcb60b00 03624100 fc8c0f00 0374ea00 fc7b5000 036fd282500 02cfd500 fd22d000 02b5ef00 fd3ba400 02b0cb00
PCM 00cc32a71700 fd4aad00 02b5a800 fd37e900 02f8a400 fcfc9000 03259000
P1a00 0487a100
PCM 00cc40 fb657500 04eeb200 fafbea00 0561da00 fa0a0cb300 f5c10800 0a494a00 f5884f00 0a66ff00 f569af00 0a812700
CM 00cc58 f54f1700 0a36c200 f59bec00 09cf1800 f5fe5900 09622400 f66dea00 088c1300
PCM 00cc60 f74bcb00 07f47500 f7e5ee00 07106300 f8d04b00 06296400 f9b8ed00 05500400
PCM 00cc68 fa974200 047c6600 fb698b00 03d20900 fc184d00 033f8f00 fcadf500 02d13f00
PCM 0f3800 02468600 fdac5200 01cec400 fe246c00 013c5c00 febcfd00 00a4000 02efc600 fca9ea00 035dd800 fc271000
PCM 00cc88 03e02800 fbc4430900 fb6df500 04a19200 faea1800 05276100 fa393200
PCM 00cc90e6c400
PCM 00cc98 08378400 f7810c00 089d4a00 f70cdf00 0910af00 900 0a52b300 f5cc2200 0a592200 f5f41300
PCM 00cca8 0a325e00 f5f f68c7500 09990300 f6c42a00 095f3100 f70f2000 090f3200 f7443f004c000 08529200 f8537a00
PCM 00ccc0 07c37500 f882e000 0798aa00 ff55000 fb657800 04a43b00 fb8b1300 04843e00 fb9abd00
PCM 00ccd8 04733000 fbeaa400 0424d300 fc500100 03bd7400 fcae6400 035c3000 fcfc2800
PCM 00cce0 03083b00 fd220b00 02e6fc00 fd39b900 02ccd300 fd583900 02ad2a00 fd94ec00
PCM 00cce8 026f5e00 fde55900 021bf800 fe523900 01b68700 fe6e1f00 01977900 fe568700
PCM 00ccf0 01aa9400 fe4b3900 01b82200 fe692000 01995a00 fea10f00 015dcb00 fe8c9df00 ff3cac00
PCM 00cd00 00c3b700 ff6ae500 00947c00 ff751400 00877400 ffa1ef00 005c1400 ff988100
PCM 00cd08 00622b00 ff9e3700 0061be00 ff8f9400 006d4200 ffadb400 00503200 ff9adb00
PCM 00cd10 00631100 fff92300 0003f900 0040ca00 ffb9c200 0031b300 ffc82100 00740f00
PCM 00cd18 ff870e00 0063d900 ff965e00 00575900 ffa4f100 00496100 ffb03d00 001ec100
PCM 00cd20 ffdcc500 00306300 ffc95700 0072eb00 ff849800 00aa8300 ff4ee800 00b9f900
PCM 00cd28 ff401300 00d64a00 ff24d700 011a8a00 fedd1900 01166b00 fede3a00 011200 fed7af00 01417c00
PCM 00cd40 feb6ee00 01298800 fecb5800 01572fd00 0167f100 fe8e9700 01842e00 fe6d3a00 015d3500
PCM 00cd50 PCM 00cd60 fe464a00 01c29500 fe316c00 02299100 fdcbec00 02186e00e431f00 01dd5c00 fe163400 01ef1d00
PCM 00cd78 fe008c00 01bf7e00CM 00cd80 fdfd6000 027d1900 fd76d500 021ae700 fdd89700 0281c600 0 fdaf9600 02531000 fd9b2500 02b8d800 fd328c00 02c20300
PCM 00ca4e00 fd44c200 028cae00 fd61c500 02cd5600
PCM 00cd98 fd24da00 00cda8 fd2eba00 02d22e00 fd202200 0345ee00 fcac6d00 036c0a00 fc83fb00 03e44500 fc0abd00 03f6cf00 fbf3ef00 03d48e00 fc155b00 039d0fc205200 04023600 fbe54100 03f46c00
PCM 00cdc0 fbf9f700 040d8900 fb9e4000 0473f600 fb71d800 03f2b300
PCM 00cdd0 fbf7f500 0403003b6dd00 fc33b200 03f46b00
PCM 00cdd8 fbf5d500 03eba100 fc0045043cd300 fbb14900 04a7df00
PCM 00cde0 fb431c00 04693800 fb824f00 04816a00 fb64e100 04538b00 fb96ad00 04242f00
PCM 00cde8 fbc853PCM 00cdf0 fc251b00 03bcfa00 fc2f6c00 03eb0300 fc014d00 03e5b600 fc03a100 03f83400
PCM 00cdf8 fbf8c100 04439400 fbabbb00 044c7400 fb9cc700 040bff00 fbe12d00 03d62100
PCM 00ce00 fc160e00 04049800 fbe64a00 03c93a00 fc267900 03ddb200 fc0f7300 0407a500
PCM 00ce08 fbdf1200 040e3d00 fbda9b00 041c8b00 fbcf7100 043dee00 fbb15c00 04152700
PCM 00ce10 fbd57f00 042eae00 fbb99a00 043e4200 fba53700 040a4b00 fbe31f00 043a7900
PCM 00ce18 fbadbd00 03d65f00 fc140800 03fe6600 fbe8a300 03cf5b00 fc1c9e00 03c12700
PCM 00ce20 fc2d1200 03c45f00 fc275700 03686f00 fc835900 0326f700 fcc8ed00 0359c000
PCM 00ce28 fc949f00 0344cc00 fca72700 03598f00 fc93e200 03783a00 fc74f200 03bb7b00
PCM 00ce30 fc30c100 03846e00 fc68ac00 0384a700 fc665e00 03b88300 fc2ff400 03741700
PCM 00ce38 fc791200 035bb100 fc8e2f00 03a04500 fc4c6300 033b5800 fcb24700 0361f500
PCM 00ce40 fc8b1a00 02ee1200 fcffd400 036f1200 fc7e2300 02ce6700 fd1fc700 032bb700
PCM 00ce48 fcc17e00 02c15500 fd270100 02a59b00 fd481500 023af500 fdb48000 02830900
PCM 00ce50 fd6de900 023ca300 fdb5d900 02334200 fdbc0400 02521300 fda2d400 0248b800
PCM 00ce58 fda9a300 0252b600 fda3af00 022e6200 fdcaca00 0254e900 fd9e5300 0209a300
PCM 00ce60 fdecbd00 021ff800 fdd1f200 01f6e200 fdfde700 0219dc00 fdda3100 01845100
PCM 00ce68 fe6d9100 01b14700 fe445a00 01e69c00 fe0abc00 01e8c700 fe0bf000 01f7ed00
PCM 00ce70 fdfa8a00 01a23a00 fe554b00 01db3a00 fe1abf00 01739100 fe7f1300 018cb700
PCM 00ce78 fe6a8900 0197f100 fe5da200 012d5a00 fecc1600 019c3700 fe583800 0100ce88 ff197000 016d7d00 fe868000 01714000 fe84dd00 019a8b00 fe500 01b3d200 fe441100 01c8b700
PCM 00ce98 fe2c8500 018dc900 fe66 010a9800 fee63500 01b5ac00 fe3dbc00 00f57f00 ff017000 01a15a00
PCM 00cea8 fe52af00 01269e00 fed4de00 016cb200 fe85f200 01016400 fef70400 0144c800
PCM 00ceb0 feae0800 019d2b00 fe5c9000 0130c800 fec9b400 01a41e00 fe54fc00 00d57f00
PCM 00ceb8 ff237100 01750d00 fe82a700 01378000 febdd900 01b00800 fe451f00 01578900
PCM 00cec0 fe9e3b00 01c4bb00 fe2fad00 01438600 feb67c00 01a15900 fe54f200 00f40000
PCM 00cec8 ff055900 01245800 fed36000 01278700 fed0b100 0152d800 fea69800 013034e900 0126f000 fece3300 01463000 feb1ed00 01140a00 fee4a700 01433800
PCM 00ced8 feb33e00 00c4730 ff02a800 00f6ed00 feffbf00 0138ab00 febbbd00 01470800 feaaf100612c00 ff9d6e00 00c8f300 ff2eda00 00870c00
PCM 00cef8 ff710e00 0090a000 ff617e00 0094c900 ff66b400 00740e00
PCM 00cf00 ff87a2020000
PCM 00cf08 ff66db00 00d13400 ff23ee00 0065db00 ff90d100 00199c00 ffe4d600 ffa3eb00
PCM 00cf10 00576700 ff789800 00839c00 ffa2f300 0059b800 ff7e0400 007d9400 ffda5c00
PCM 00cf18 00233f00 0008e800 ffef4c00 00508a00 ffa80400 00340600 ffc9ae00 000c9600
PCM 00cf20 ffe8a600 ffb10700 00480f00 ff881300 0073bc00 ff4c4500 00b2c600 ff3cdf00
PCM 00cf28 00c5ee00 ff8a9200 00741600 ff8d1400 006dd200 00323e00 ffc54800 ffd8db00
PCM 00cf30 00244900 ffa1c500 005c6e00 ff7b8600 00820400 ffa1d100 005b9600 ff66cf00
PCM 00cf38 00980600 ff567800 00a94b00 ff541300 00aabc00 ff4a3800 00aebd00 ff138300
PCM 00cf40 00ec1c00 ff54db00 00a9af00 ff07e800 00f3b200 feb3f000 014b0e00 ff0d3000
PCM 00cf48 00f08900 febff600 01425600 fed6d300 01278500 ff231f00 00d91100 fec87f00
PCM 00cf50 01384a00 feda8900 01271a00 fe787000 01894a00 feaf2b00 014e5a00 feb19500
PCM 00cf58 014ce100 fedbec00 01226600 fee2ea00 011c3100 fefe7a00 01033f00 febd3c00
PCM 00cf60 01485a00 fe875c00 017b6e00 feef1700 01101900 fe2f5900 01d44f00 fe435800
PCM 00cf68 01bd5800 fe19a600 01eb8300 fe553000 01adf000 fe654400 0198c600 fe50b600
PCM 00cf70 01ad2b00 fe21cd00 01e34d00 fdf18d00 020fe400 fe0b8300 01f63700 fe394d00
PCM 00cf78 01ca1900 fe071100 01fe7d00 fdf76e00 020fcc00 fdfd6000 0209ce00 fe02ce00
PCM 00cf80 02009100 fda09400 02644500 fe7b4200 01833800 fdea2200 021ae000 fd948800
PCM 00cf88 02710800 fe100b00 01f3d500 fdc0c400 02440000 fde7c300 02200f00 fdba5e00
PCM 00cf90 024ca100 fe371400 01cd5100 fddcd800 0228ab00 fdc62800 023bde00 fd8e7300
PCM 00cf98 02769e00 fdd37300 022f9100 fde98800 021e4100 fe530b00 01b19800 fe1a5800
PCM 00cfa0 01e8ea00 fe501a00 01b1ac00 fdc3a000 0241b400 fde4b00 0200cc00 fde04200 0226a100 fe3fbe00
PCM 00cfb0 01c10700 fdb9e29ff00 01d89c00 fdb83700
PCM 00cfc0 024d5b00 fdcbec00 02370b00f100 fe09e800
PCM 00cfc8 01fa7900 fdeb0f00 02187500 fe269a00 0177f00 fe891800 0179d000 ff027100 01009b00 fe6da900 01908b00 fe9f01b05c00 fe70d400 018ee100 fe98c800
PCM 00cff0 016acf00 fe915600 01701800 fef0ca00 010e1000 fee73700 0114f400 fefe5500
PCM 00cff8 01004400 fe9d0a00 01634200 fefbaf00 0105ed00 fe8e8100 01719500 fe864600
PCM 00d000 01777200 fea9ca00 01539700 fef01a00 01115e00 fe880800 0177e500 fede3200
PCM 00d008 01275200 fec09d00 013dc000 fedfb100 0121fe00 ff002a00 00fc8a00 fedee800
PCM 00d010 0122a700 feedd600 01150c00 fe7ff300 017f9300 ff1ba400 00e16800 ff115600
PCM 00d018 00ee8700 ff034300 00f95500 fed30600 012e4800 ff214400 00d89500 fef24b00
PCM 00d020 010cd700 ff38cc00 00c98500 feed9200 01104900 ff0b8f00 00f20500 ff5c5e00
PCM 00d028 00a3b900 ff6d3700 00927800 ff680100 0093dc00 ff493e00 00b4eb00 ff485d00
PCM 00d030 00b70e00 ff976b00 00686000 ffaf6000 004e1a00 ff7cc200 00867900 ff966b00
PCM 00d038 0065ad00 ff224600 00d89c00 ff7dd800 007caf00 ff770500 0089cb00 ff502e00
PCM 00d040 00b0c600 ff82d700 007bb900 ff361000 00c6af00 ffb25700 0048f000 ff671c0000 ff668600 009bb700 ff691000 008f9600 ff456a00 00bbb500 ff44780a00 ff12d200 00ea7e00 ff8e4600 00727300 ffb8a500 00432500 ff74ff00
PCM 00d058 008ae500 ff5d5300 009b7900 ff520400 00aaff00 ff832400 0076e300 ff21da00
PCM 00d060 00dd0700 ff98e700 0064d900 ff4a1f00 00b4a400 ffa76800 00560b00 ff7c9500
PCM 00d068 00802c00 ff983200 0068be00 ff3e4700 00c0cf00 ff65c400 00971800 ff408300
f8a7c00
PCM 00d078 00739500 ff0e7500 00ebd800 ff405b00 00bd4e0000 00d7f300 ff94ce00
PCM 00d088 006a4700 ff30a500 00ce7f00 ff89099e500 ff47e300 00b81f00 ff412100 00bda300 ff562800 00a3f200 ff5d3700
PCM 00d098 009f5e00 ff772e00 00832200 ff826600 007c6b00 ff724300 0089d400 ff221400
PCM 00d0a0 00d9d900 ff2bf300 00d2df00 ff00ec00 0101b600 ff297f00 00d07a00 ff769a00
PCM 00d0a8 008dec00 ff6ab400 00950300 ff84e500 007ac000 ff611b00 009d0e00 ff921b00
PCM 00d0b0 006bb500 ff761b00a79f00 0058ba00 ffd0dd00 0026c800 ffb92b00
PCM 00d0b8 00412100 PCM 00d0c8 003d5900 ffc50400 0037a200 ffc05400 003ad900 ffcbc50000f1e00 fffb1f00 fffc6400 ffd49900 00240300 fff8c400
PCM 00d0d80 ffeb7b00 00114d00 00277500
PCM 00d0e0 ffd5b000 00163100 ffe59900 0017be00 ffe25000 ffd3ca00 0027c300 ffeaec00
PCM 00d0e8 0019bc00 00332400 00169b00 ffe7af00 00598e00 ff9f0c00 ffd75c00
PCM 00d0f0 00253300 001a2300 ffdfa300 001aa300 ffdfde00 00291200 ffcfdd00 003bcb00
PCM 00d0f8 ffbf5a00 00555600 ffa41a00 ffe8fb00 000ff000 006f4800 ff89d700 0000cd00
PCM 00d100 fff84400 00069e00 fff2cf00 0030ba00 ffc68a00 005c8c00 ff9ec800 00607200
PCM 00d108 ff9c7100 00968600 ff631200 00723900 ff8a7d00 003c8900 ffbe1400 00526300
PCM 00d110 ffa58200 00026100 fff69000 ffeb5f00 00107d00 002ebb00 ffcd0b00 00281400
PCM 00d118 ffd1b900 00313d00 ffcb7400 002ee100 ffca8800 00350f00 ffc5ae00 00621d00
PCM 00d120 ff991800 002efc00 ffcaad00 002cb500 ffca6900 002e1100 ffd07200 00773b00
PCM 00d128 ff827400 00336c00 ffc8b000 00382e00 ffc38100 009b2f00 ff60c900 00188000
PCM 00d130 ffe41a00 00940b00 ff687800 00419400 ffb97600 009c8f00 ff5a0000 006e4e00
PCM 00d138 ff87c100 00556300 ffa1e700 00a23f00 ff5a5100 004a4f00 ffacca00 00810100
PCM 00d140 ff77d100 008a52090e800
PCM 00d150 ff667400 007f9500 ff7d3100 0075b700 ff811700 00 ffe21e00 004e1000
PCM 00d160 ffac0d00 00662200 ff915900 006e500 ffdf9500 001c2600 fff1ad00 00035400 ffcfbf00
PCM 00d170 002c2000 ff9d8f00 ffcd5d00
PCM 00d178 00333600 00127f00 ffe9fd00 00001300 fffaa500 003d3100 ffbcba00 ffde9200
PCM 00d180 001e5d00 ffffff00 fffc3300 ffe60500 0013b500 0008c000 fff19b00 00152e00
PCM 00d188 ffe7e800 fff95a00 ffff6000 ffe0d500 001d3800 ffd50500 00293300 ffc2be00
PCM 00d190 003a7500 ffbf5600 003c9300 ffbc3300 003fad00 ffe32a00 001c0b00 ffe55a00
PCM 00d198 00173b00 00102800 ffe8ef00 ffa9a600 0051ac00 ffcaab00 002f3b00 ff68f500
PCM 00d1a0 00930800 ff902a00 006ddc00 ffbba200 0041cf00 ffbbb300 003fe200 fff8fe00
PCM 00d1a8 0002ef00 ffd6c400 0022d800 ff9d0400 005ed300 ff9daf00 005f3600 ff8bd900
PCM 00d1b0 006fdc00 ff3db200 00c2cd00 ff997100 0066b900 ff8e4000 006fab00 00031000
PCM 00d1b8 fffa7900 ffc5f100 00386900 002c2600 ffcd5000 ffaf9f00 004e6a00 ff7c6600
PCM 00d1c0 00854400 ff63ec00 00997c00 ff6e9700 0094df00 ffadb600 00504e00 ff91a500
PCM 00d1c8 006b6b00 ff466900 00bf6500 ff2b7d00 00d59d00 ff380000 00c59b00 ff64a800
PCM 00d1d0 00986b00 ff588300 00aba600 ff7e4900 007e9400 ffb31300 00491200 ff491800
PCM 00d1d8 00b78e00 ff446700 00bfa000 ff822300 007c3100 ff920200 006de100 ff951600
PCM 00d1e0 006c3100 fffdc500 00030700 ff8a8600 0074a600 ff70da00 008acc00 ff0ef400
PCM 00d1e8 00f32a00 ff436a00 00bf3000 ff2c4800 00d6c400 ff08da00 00f9d900 ff728300
PCM 00d1f0 008b1100 ff5f8100 00a58b00 fef7d200 0103a200 ff4d4a00 00b47e00 ff28d500
PCM 00d1f8 00d89900 ff1f3700 00e41a00 ff129500 00ed8c00 ff1e6200 00e24800 ff1eaa00
PCM 00d200 00e1a200 ff31a300 00cd1c00 feff3900 00ffe500 ff480f00 00b7bc00 ff289a00
PCM 00d208 00d76800 ff4d4200 0000 00fe0900 ff759600 008af300 ff327000 00cd2700 ff3aa600
PCM 000 0097e300 fedf6600
PCM 00d238 0125e300 ff183200 00e48d00 ff0721700 ff5dad00 00a48b00 ff47fc00 00bc0c00 ff4b4900 00b55400 ff6c10
PCM 00d258 00b60400 feff7700 00fc5500 ff3c9d00 00c1ac00 ff14c00 ff9ae400 00612100 ffb09500 00496f00 ff6d0400
PCM 00d270 00948000 ff6c9d00 00905500 ff2dd200 00 00bc2e00 ff610e00
PCM 00d278 009c4300 ff84b300 00798600 ff6b0 ff4c5400
PCM 00d280 00b32900 ffced300 002d0600 ff631000 0097c600 ff6e5100 00900400 ff1b3e00
PCM 00d288 00e21300 ffc03100 003e8e00 ffad9600 00512d00 fff19100 000b7600 ffaedf00
PCM 00d290 0050ae00 fffd9c00 fffcbc00 ff94b100 00689900 009a6f00 ff651200 00033900
PCM 00d298 fffb6100 005d5700 ff9dee00 ffe76f00 00166400 ffc6b200 0034c800 ff765e00
PCM 00d2a0 0088c700 ff801500 00797b00 ff4aa000 00b2fb00 ffdaf800 00220c00 ffde0000
PCM 00d2a8 0020f700 000b5b00 fff34200 003c2f00 ffbee200 00303c00 ffca7000 ffeccf00
PCM 00d2b0 00124b00 ffdbe100 00256000 ff520100 00af1300 ff7e4f00 00828e00 ff8d6c00
PCM 00d2b8 006e4400 ff2b3100 00d16a00 ff5a0300 00a58000 ff99b100 00629e00 ff820500
PCM 00d2c0 007a2c00 ffa6aa00 0052a600 ff8bbb00 00744bd600 ff896100 00748800 ff945e00
PCM 00d2d0 0068b300 ff35cb00 00cad800 ffb5d200 0048e900 ff7244d8 ffe99300 ffca6a00 0033be00 fff2d200 00099600 ffb2a500 004cf90bf00 ffeead00 ffc4c100
PCM 00d2e8 00365a00 00047a00 fff7f300 ff2ddb00 ff744300 0088f900 000a3d00 fff30b00 ffca8400
PCM 00d308 00386500 ffe4c700
PCM 00d310 00180a00 ffd34200 00279b00 ffdc8c0
PCM 00d318 ffd72d00 001ef800 ffd6a200 00ba2600 ff3c9600 fff62fc00 ff965500 0044d800 ffb79900 0019df00 ffe41e00 00415700
PCM 0 ffbd9d00 001bd400 ffe41400 00427000
PCM 00d338 ffbc1f00 00597000 ff9faf00 004f1500 ffab5300 003c1d00 ffc4d100 fffb8c00
PCM 00d340 ffffa700 004b6b00 ffb19900 00345a00 ffca6d00 0033b500 ffc44600 00918500
PCM 00d348 ff62c600 00aa2c00 ff4e8900 00b0dc00 ff4aac00 00957f00 ff65ed00 00445e00
PCM 00d350 ffb3f700 005c1600 ffa09b00 00394d00 ffc27500 00198000 ffe41600 003f1e00
PCM 00d358 ffbc6200 0058d900 ffa19400 00905d00 ff69b100 0042f100 ffb93c00 0066b500
PCM 00d360 ff942600 00610a00 ff99f500 0033d300 ffc9ac00 00317400 ffca7900 004a2200
PCM 00d368 ffb08500 00547000 ffa7da00 00468500 ffb79300 002b8000 ffce6100 003f5b00
PCM 00d370 ffbd5700 0035c500 ffc6be00 00000600 fffc9b00 ffe67800 0015e800 001c8600
PCM 00d378 ffdccc00 ffe5f600 00156f00 00096100 fff6c200 005da800 ffa0b600 00631100
PCM 00d380 ff976f00 0098b000 ff627100 008e3700 ff6dc400 00947100 ff645300 003a1500
PCM 00d388 ffc09600 0007e100 fff53d00 0055c600 ffaa8500 0035b700 ffc6f600 00575400
PCM 00d390 ffa1b000 00574100 ff9d5a00 fffae100 00027f00 ffe66600 00182900 00064600
PCM 00d398 fffaf900 ffe18800 001bae00 002b4c00 ffcd8200 00118200 ffe8e500  00d3a0 ffce9800 00751900 ff85fa00 00988f00 ff607800 fffc5f00 ffffce00 00415200
PCM 00d3a8 ffb87000 00386c00 ffbe5500 00123400 ffebbd00 00255000 ffd54d00 00294800
PCM 00d3b0 ffd2ab00 00437000 ffb55c00 0083c700 ff71fa00 00491500 ffb35900 00848200
PCM 00d3b8 ff744e00 003a6d00 ffbf0100 000b3000 fff8a700 00211200 ffd89300 ffaaf200
PCM 00d3c0 00503600 fff9f000 0003f600 00262f00 ffd700 fff19f00 fff11900 000e8900 0012a100 ffe80f00 ffead400
PCM 001600
PCM 00d3e0 0008dd00 0042c800 ffb54100 001aae00 ffe18c00 002600 ffff8900 ff84c100 007e4e00 fff0c900
PCM 00d3f8 000a0100 ff400
PCM 00d400 fff1a100 00731f00 ff8d6400 003b5d00 ffc2f000 ffdff998400 00686600 ff9fb800 00641400 fffcaa00 00030700 00429d00
PCM 00d410 ffb92700 00012d00 fffb1500 ffc11200 003df900 ffe09900 0021d900 ffba7900
PCM 00d418 00450300 ff4f8800 00af8b00 ffc84600 00373d00 ff4dd600 00b2ba00 ffa80300
PCM 00d420 00556f00 ff8e6f00 0071e900 ff8e4800 006e7600 ff718400 008cb900 000c5800
PCM 00d428 fff02700 ff8a8100 00757900 ffecd800 00112400 ff786500 00868d00 ffa9f800
PCM 00d430 0055f100 ff1c6000 00e77800 ff334f00 00cfb900 ff76db00 00872c00 ff19b000
PCM 00d438 00e2d900 ff038700 fed85800 012c5f00 ff68c800 00990000 ff009d00 0100dc00 ffc477006b500 ff9dc500 005e9900 ffecda00 000f3b00 ff585800 00a57b00 ff880142ad00 ff650000
PCM 00d458 00981d00 fee52000 011a0000 fefbf300 01035c00 ff582100 00aaaa00 ff24dc00
PCM 00d460 00da2f00 ff7fc900 007c8d00 ff1eda00 00dff100 fefd8d00 01061d00 fe69c000
PCM 00d468 0196c900 ff208500 00df7700 fe4bab00 01b71000 ff521a00 00aa8b00 ff017000
PCM 00d470 00fb3e00 ff4ad600 00b1d800 ff12e100 00e8d000 ff950600 006acf00 fee27c00
PCM 00d478 01240c00 fee94300 01185400 ff468f00 00b6b000 fef93d00 0105db00 ff3b7b00
PCM 00d480 00c2a000 ff3df700 00c2e100 ff828200 007cc200 ff5b5a00 009ead00 ff87a700
PCM 00d488 0074ba00 ff200b00 00e0df00 ff2b4f00 00d54400 fedf1b00 01230f00 ff529a00
PCM 00d490 00b09200 ff2e1a00 00d0a900 ff263900 00dca100 fefe5700 01000100 fedf3b00
PCM 00d498 0120aa00 fef65900 01098f00 ff662900 0098c300 feedfb00 01167000 ff2aac00
PCM 00d4a0 00d5f700 fefe4700 01029000 feea1500 011a6c00 ff192500 00e86600 ff00b000
PCM 00d4a8 01024200 ff4f3400 00afc800 ff0e3d00 00f7c100 ff1a0d00 00e94500 fe9bcf00
PCM 00d4b0 01652f00 ff59d400 00a4a200 feeaf700 0113e100 ff871e00 00756e00 fefed300
PCM 00d4b8 01002300 ff39c900 00c6d300 ff2d3c00 00ce6700 ff4d9600 00af7d00 ff430200
PCM 00d4c00 ff28e100
PCM 00d4c8 00d33400 ff074b00 00f5b000 ff3ad100 00c75500 0149e600 ff091c00
PCM 00d4d0 00f58c00 ff123b00 00ea5800 ff40c200 00bf2200 ff7ec600 007fdc00 ff79ef00
PCM 00d4d8 00815900 ff61bb00 009e1100 ff4f4c00 00b01a00 ffb14a00 004df000 ff9eaa00
PCM 00d4e0 00624400 ff828700 007c5e00 ff8cd900 00726d00 ff863d00 007a1c00 feea9700
PCM 00d4e8 01127500 ff8ca000 00726300 ff2e6a00 00d45c00 ff57c800 00a99300 ff822600
PCM 00d4f0 007b0b00 00127400 ffea4f00 ff7aef00 00831400 ffd9c000 00226800 00069700
PCM 00d4f8 fff75a00 ff85cf00 0078f100 ffd0aa00 002aa500 ffa7c200 00565200 ff608200
PCM 00d500 00a03d00 ff1ada00 00e63b00 ff515d00 00ae7900 ff3d0e00 00c0c700 ff849600
PCM 00d508 007d0400 ffc21100 003dc300 ff807e00 00820e00 ffe43500 00193a00 ff962e00
PCM 00d510 0067ba00 ff828900 007a9000 ff5c5000 00a7fa00 ffa43700 00597b00 ff8ef900
PCM 00d518 006c9d00 ff627d00 0097f300 ff577800 00a60a00 ff2c7c00 00d27500 fed13a00
PCM 00d520 012f0300 fef34e00 010fa700 feb31b00 014e4600 ff35e500 00cb0400 ffc15e00
PCM 00d528 00365c00 ffb40500 004b9200 ffc27000 003bd600 ff994800 0065ff00 ff6ad000
PCM 00d530 008dc000 ff818800 007f0800 ff86fd00 0079e700 ff514f00 00b57000 ffbddd00
PCM 00d538 003e2100 ff8a9600 00749b00 ffa53000 00559700 ffd3e500 0028cc00 ffc46b00
PCM 00d540 003b3300 ffcfac00 002e1900 ffb0c500 004e3b00 ff7e0900 00828600 ff608a00
PCM 00d548 009b7b00 ff5bee00 00a41a00 ffc49300 0037a000 ffb22a00 004c6600 ffc32f00
PCM 00d550 003d7f00 ffb1cc00 004d8f00 ff465300 00bb4800 ff9b0b00 00647e00 ff408100
PCM 00d558 00c5b500 ff6fb000 0093b000 ff6eec00 008f7 00d560 00873600 ff655500 0099f400 ff768800 0088d900 ffaced00 00503500 ff6cf800
PCM 00d568 00939600 ffdf7700 001dd100 ff5b9500 00a12600 ffb38c00 0048e900 ff8a4800
PCM 00d570 00720400 ffbc2400 00435b00 ffa4ce00 005a6400 ffaeb200 00521200 00166500
PCM 00d ffaaed00 00538b00 ff83a400 00772e00 fffb2700 00008800 ff91c900fe24d00 0062cc00 ff97bf00 ffe41200 001a9f00 00309000 ffc7ec00 0000 ff92e000
PCM 00d5a0 006c3700 ff7ef400 007f4700 ffc66600 00341d00 ff733600 008f4400 ffc9580000 004d2900 ffb28300 002c4a00
PCM 00d5b0 ffce0f00 00298200 ffd000 ff7a3700 0083d500 fff59800 0003d900 fffad100 00013c00 0005ae00
PCM 00d5c0 fff66100 fffadd00 00041a00 ffcb6500 0031da00 ffb04700 004bb600 ffe6af00
PCM 00d5c8 000f4d00 0000c900 fff9a200 005d4b00 ffa01700 0026ff00 ffd66100 00002000
PCM 00d5d0 ffff0200 ffea6a00 0013ed00 ffff0d00 00022800 ff785700 00861800 ff592100
PCM 00d5d8 00a54a00 ffa01a00 005e8500 ff1ab100 00e3c000 ff97c500 0069ca00 ffbc1100
PCM 00d5e0 00415e00 000fb000 ffeaaa00 ffefc700 000c4600 00477100 ffb3df00 000fd200
PCM 00d5e8 ffed4700 ffd38600 0027a100 ff9e1300 005c0b00 ff8fd400 006cbb00 ff911f00
PCM 00d5f0 006e0800 ff758d00 008a9b00 ff868e00 007a7700 ff871e00 0075c500 000c0600
PCM 00d5f8 fff1f400 ffc3a200 003cae00 ffd60400 002abd00 ffe1f100 001eb100 ffdb1400
PCM 00d600 001e3a00 ff54f500 00a82600 0012e100 ffe8c500 ff8a6100 00727a00 ff96e800
PCM 00d608 00693f00 ffa9de00 00550e00 00023700 fff89600 ff9a5900 0065a500 000f2e00
PCM 00d610 ffeb2c00 ffc01d00 003be700 ff98dc00 00635a00 ff911f00 0066e300 ff79fe00
PCM 00d618 0081b500 ff9e7a00 005e7100 ff6a8000 00939f00 001e7e00 ffdb6500 ffcd7000
PCM 00d620 002d8100 00312000 ffc89d00 00079300 fff40800 00359d00 ffc3c300 ffed1800
PCM 00d628 000b6c00 000e3d00 ffeb7300 ff890400 0073a500 00039000 fff7d100 ffebee00
PCM 00d630 000dda00 ffd5ea00 0024f400 ffee2600 000a3900 ff98da00 00667d00 ff863600
PCM 00d638 00772a00 ff50a900 00ac6900 ff6fb500 00949600 ffa7b900 004eda00 ffcee800
PCM 00d640 002e7900 ffbfca00 003ab800 ff9e2200 005dbb00 ff8eb300 0071c100 ff90ca00
PCM 00d648 006da100 ffced600 002b0600 ffab5800 004c0e00 ff7bbe00 00846200 ffc17a00
PCM 00d650 003f9a00 ff580a00 00a5c200 ff839100 00753700 ff8a2000 0072c900 ff4f8b00
PCM 00d658 00ad0300 ff422100 00be0a00 ffde5d00 001c8a00 ffba2a00 0044a700 ffc59d00
PCM 00d660 000ad7f00 ff8dc900 00730800 ff6fdb00 008c4e00 ff65f200 00940c00 ff008dae00 ffa76200
PCM 00d680 005c2f00 ffb4d900 004ba500 ff8ab900 0071ba00 ff739400 00875200 ff2c6000
PCM 00d688 00d1b200 ff909f00 006fa100 ffacf800 004e4300 ff76a300 0084d500 ffbabc00
PCM 00d690 00429000 ff8d7500 00703c00 ff604900 009ad800 ff000e00 01017c00 ff872b00
PCM 00d698 0076c000 ff4b3d00 00b51800 ffa1b800 005b3f00 ff448a00 00ba8600 ff8dfe00
PCM 00d6a0 0069ea00 ff352500 00cc7f00 ff8acc00 0075c200 ff4ede00 00aed800 ff926900
PCM 00d6a8 006aa100 ff5a4600 00a43d00 ff350d00 00c87700 ff4ee000 00ad0800 fee5e900
PCM 00d6b0 01198100 ff50b600 00ac3d00 feda9800 01255500 ff4db600 00affa00 feb3e700
PCM 00d6b8 014c1200 ff613700 009b8a00 fedf3000 01218700 ff5c8000 00a10f00 feb88700
PCM 00d6c0 01489800 ff495c00 00b6d700 fed3dd00 01291500 ff11f000 00eb1300 ff08de00
PCM 00d6c8 00f69f00 ff468c00 00bb6300 feda0200 0126a400 feab8300 01538100 ff1b3400
PCM 00d6d0 00e46300 ff06e900 00fa5c00 ff4f5a00 00b06700 ff08a600 00f44c00 ff650800
PCM 00d6d8 0099c100 ff0e8000 00f45400 ff563e00 00a7e500 feeb6800 0114e700 ff529100
PCM 00d6e0 00abc600 fef8ed00 0105e300 ff1edb00 00e22c00 fee19500 011e5000 ff125400
PCM 00d6e8 00eac900 ff0dd600 00f0ac00 fef4a400 01093900 ff242600 00db5c00 fefbcc00
PCM 00d6f0 0104dc00 feda7400 01234b00 fec82c00 013abd00 ff15d500 00ed1100 fed72200
PCM 00d6f8 01288e00 ff1e8600 00e04300 ff155800 00ebf200 ff645900 00999e00 fee03a00
PCM 00d700 011ce500 ff209600 00dd3000 ff0c9300 00f35700 ff1b2800 00e4d200 ff230e00
PCM 00d708 00db6000 ff742100 0089f800 ff673400 00929100 ffb23600 0047d300 ff596c00
PCM 00d710 00a5de00 ff469f00 00b97b00 ff4c8400 00b42400 ff14b100 00ebfa00 ff232000
PCM 00d718 00dfc600 fec38300 013ffe00 fee59500 011d1300 fee3f200 011eae00 febdad00
PCM 00d720 0142a100 ff180a00 00e95700 feea3600 0116ab00 fee45d00 011b4600 ff200900
PCM 00d728 00df2900 fef4b200 010b8300 ff135800 00ec8200 ff3e2100 00c1a300 ff40f900
PCM 00d730 00ba0600 ff7a5500 0087c700 ff5ed800 00a32c00 ff667c00 0095e300 ff2e8900
PCM 00d738 00d28f00 fee93e00 011cac00 feae3b00 01509b00 fef85300 01064100 feea4f00
PCM 00d740 0112ed00 feffc900 01045e00 ff576c00 00a31b00 ff504f00 00b2a400 ff469400
PCM 00d748 00ba3500 ff82a900 007b4000 ff4f4300 00ad6800 ff4e7400 00afa300 ff89a000
PCM 00d750 0075ef00 ffac9d00 004c8300 ffc31d00 003acd00 ff9e5800 0062bc00 ff6dac00
PCM 00d758 00926300 ff018300 01037300 ff375f00 00ca6000 ff5a8b00 00a19100 ff81ac00
PCM 00d760 007ae300 ff676a00 0094e600 ff957f00 0066fe00 ffba7800 00468b00 ffa16400
PCM 00d768 00595e00 ffe8a300 0016b100 ffa8e500 00559e00 ff742e00 008e9300 ff577e00
PCM 00d770 00a9c900 ff635500 00967f00 ff902900 006e5900 ff875500 007e4e00 ff3aef00
PCM 00d778 00c66200 ff54b900 00aa9200 ff3b3200 00c21d00 ff437800 00bd7f00 ff75f500
PCM 00d780 00879800 ffc0a100 003b9500 fff68000 00031f00 ffe71b00 00144000 ffe20000
PCM 00d788 0016ca00 ff97d900 0069b000 ffa71400 00585800 ffca4b00 00379a00 ff35d600
PCM 00d790 00c99200 ff3c7900 00c6f400 ff3e9a00 00c27200 fef8a700 01079a00 ff7f3900
PCM 00d798 0079ac00 ff522c00 00ab6f00 ff7d8100 007dfe00 ffbcea00 0039d700 fff86f00
PCM 00d7a0 00030800 ffe06700 001a3b00 000d0700 fff06000 0000c600 fff92300 0018f200
PCM 00d7a8 ffe56000 00048800 fff6be00 ffde3c00 001dd600 ffb1f800 004b6400 ffac9c00
PCM 00d7b0 0050c500 fff0cc00 000fd400 ffd46300 0031df00 ff94a100 006a3a00 ffc29400
Pfafbb00 004d6700 ffd0c100 002a6300 ffede700
PCM 00d7c0 000e0700a3b00 ffde3200 0060b800 ff9d9100 007d2a00 ff7e9200 00187e00
PCM700 fff55300 ffde5700 0019b100 00076d00 fff55c00 00003600
PCM 00b200
PCM 00d7e8 ffcbc000 001f2d00 ffdf5800 007ad400 ff7fc800 054200
PCM 00d800 ffa49700 002e7900 ffce8000 ffb45100 00498400 0ab00 ffd94300 00227100 fff8df00
PCM 00d810 0003ae00 ffebf100 00 00d820 002d4f00 fff70e00 00065f00 ffb24900 004abf00 fff55c00 0010600 ff6b1500 005e2200 ff9c4b00 00813d00 ff76a100 0082de00
PCM 00d830 ff78d700 0014eb00 ffeb9300 00342f00 ffcc6600 000ef400 ffe94b00 ffef0e00
PCM 00d838 000acc00 0028b900 ffd06100 00386000 ffc29000 0072ee00 ff86d200 008f9f00
PCM 00d840 ff69d300 00716200 ff862a00 0019df00 ffe27200 ffebb700 000abd00 0009e500
PCM 00d848 ffed2500 ffaecd00 004cc500 0000e100 fff85200 ffe27000 001b9900 00448400
PCM 00d850 ffb8aa00 00925800 ff66cf00 007a0a00 ff804b00 008b8300 ff701800 003f9a00
PCM 00d858 ffbcd300 00229b00 ffd9e700 ffe05000 001b8400 ffc7cd00 0033ae00 00264600
PCM 00d860 ffd6e700 0020c200 ffdc6000 0066b900 ff962f00 00228e00 ffd7c200 006c8b00
PCM 00d868 ff8db800 00424500 ffb68700 00514300 ffa9ce00 003b5e00 ffbe8300 0014a600
PCM 00d870 ffe66100 fff87d00 00069300 00265100 ffd3b900 0030db00 ffc9be00 00682a00
PCM 00d878 ff8f4a00 005de300 ff9e6400 00c24200 ff38d900 00763200 ff87f300 00662d00
PCM 00d880 ff8fd900 007edc00 ff76fa00 0043b200 ffb52300 006f5400 ff886200 00643f00
PCM 00d888 ff968c00 0086e500 ff76c600 002a5900 ffd34400 007a5a00 ff7e8800 002d3400
PCM 00d890 ffcd6000 00626a00 ff9c9600 004f8400 ffabc000 00405c00 ffbb3400 0080bf00
PCM 00d898 ff7f2d00 00425300 ffb8c800 006e9200 ff8fdb00 00251800 ffda1900 00426800
PCM 00d8a0 ffbdb500 008a1c00 ff6faa00 00612700 ff98cf00 00296400 ffd0d100 07e00 ff7b7300 008f9000
PCM 00d8b0 ff6b2b00 00689d00 ff934e00 00933100 ff688a00 00531a00 ffac5f00 006ec500
PCM 00d8b8 ff8c3200 002a7200 ffd3d300 0025fd00 ffd1d700 001f9c00
PCM 00d8c0 ffdb3600 ffb0e900 006ecb00 ff8edb00 003f7f00 ffb5b300 00768100 ff81ce00600 ff7aef00 008abd00 ff6ee800 004e8f00 ffad8f00 00295e00
PCM 00d8e0 ffd37c00 00395b00 ffbf9100 00549100 ffa49100 ffec3b00 0010f800 00466500
PCM 00d8e8 ffb32400 001cdc00 ffdc0500 00350d00 ffd00 fff48800 00052100 ffebcf00 000e8d00 fff9a600 fffff100 00110100
PCM 00d900 00088200 00392900 ffbffc00 00132800 ffea8100 fffe0 ffc36000 001d6f00 ffdcba00 00685e00 ff93b700 00408900
PCM 00d0048900 fff48700 ffb86500 0046de00 ffc3fc00 0037a300 ffb7f600
PCM 00d920 0044e500 fff3fb00 000aa500 ffd6da00 00287200 ffcdcb00 00306000 0028d100
PCM 00d928 ffcfb700 0039bb00 ffc22500 007a2400 ff7f3e00 007f2100 ff7a2000 002a2100
PCM 00d930 ffd4c400 003e8000 ffbf3400 ffe73e00 0018ff00 ffde2300 001cd600 001f5000
PCM 00d938 ffde1000 0007a600 fff58000 0033ad00 ffc96900 ffe5dc00 0018a500 0001f300
PCM 00d940 fff9c900 ffe12100 0017c000 ffc5e800 00700 0047f200 fff11300 00085100 ffcc8100 002bd400 ffb53400
PCM 0 ffe9fe00 0015b500 ffbf6f00 003a5b00 ffaadc00
PCM 00d958 00510400 ffb47f00 00491700 ff7b5f00 00807b00 ff85df00 0074f100 ffad2500
PCM 00d960 004d3f00 ff8c8c00 006deb00 ffbda600 003e8f00 ffd86e00 0020d300 ffac7400
PCM 00d968 0050c800 ffc7d800 00334f00 ffb80b00 00455500 ffd2b200 00292400 00d970 003a4b00 ff5d2b00 00a31b00 ffb8db00 00414000 ff64b300 00900 00333c00 ffe5ab00 0016d800 0031f300 ffc5ac00 002f1f00
PCM 00d998 ffca2700 ffedb000 000acd00 ffebad00 000db100 ffafe100 004ac500 ff6e3200
PCM 00d9a0 008f9500 ff676e00 00936900 ff789700 00873400 ff85a600 0075b200 ffc2cf00
PCM 00d9a8 003e6f00 ffffb000 fffc3f00 fffd1200 00012200 ffeb2300 00158d00 fff68700
PCM 00d9b0 0008fc00 fff49800 0009ac00 ff908a00 006ea300 ffa73500 00586b00 ff92e400
PCM 00d9b8 006b3200 f0052f300 ff8dfc00 006ef900 fff5e200
PCM 00d9c0 00031500 0000900
PCM 00d9d0 0060ff00 ffaf5100 004add00 ff7ca300 00829c00 ff97ae014d200 ffe54b00 00328900 ffcb4800 0014b200 ffebfe00 ffe7df00
P188d00 ffc8a900 0035dc00 fff5aa00 0008ec00 ffc9df00
PCM 00d9e8  0030b600 ffb99400 00414f00 ff855400 0072fe00 ff7dd400 007e3c00 CM 00da00 0060da00 ff77a400 00863500 ff9e0300 005dd500 ffa48c00 9e00 00100100 fffcc500 fffb9c00 00020400 fffa0800 001b5a00
PCM  ffee1900
PCM 00da18 000f2b00 ffaec200 004df100 ff88d600 0073bc00 0041dd00
PCM 00da28 ffba2a00 00305600 ffcc1e00 00441800 ffb60273f00 ffef9900 000b3b00 0008ea00 fff09a00 fffb0c00
PCM 00da3800 0028ed00 ffd0ed00 00353f00
PCM 00da40 ffc5a400 00237500 ffd700
PCM 00da48 00470900 ffe46d00 00168c00 002a5f00 ffd63d00 007b00269700 ffd82a00 003d9100 ffbd9300 009e6c00
PCM 00da60 ff589d0000 ffcf9d00 ffde0c00 0023c700 ffea0200
PCM 00da68 0015b500 ffe00100 001ee900 ffcd6f00 00302900 00083100 fff47e00 00245b00
PCM 00da70 ffd8fc00 000e6100 ffedae00 006a5000 ff958d00 00361500 ffc8d000 0064c100
PCM 00da78 ff98fe00 003c6a00 ffbfce00 006cd000 ff8d8f00 008b2700 ff6ef200 00675400
PCM 00da80 ff95ff00 002b9e00 ffd10900 00348e00 ffc5d700 ffdf7800 0016e500 001b0800
PCM 00da88 ffe1aa00 ffc03c00 00410300 0010be00 ffeb4000 00329500 ffc83700 fff46600
PCM 00da90 000a4f00 000a0500 ffef5b00 fffa0b00 ffff3800 005ff600 ff9ce700 00559500
PCM 00da98 ffa4f200 00515900 ffabeb00 005c8a00 ff9db100 005fb600 ff9bee00 0013b900
PCM 00daa0 ffe88f00 0025ac00 ffd39500 001a4c00 ffdfa900 00363500 ffc6ab00 005b7c00
PCM 00daa8 ff9fd100 0078d200 ff82ab00 00b36e00 ff478f00 00a29a00 ff5a6600 00996300
PCM 00dab0 ff627200 009f8700 ff5ac900 006c3700 ff8da700 006db500 ff8be900 00369a00
PCM 00dab8 ffc28500 000ebf00 ffed2500 00230f00 ffd89b00 004b5e00 ffb11a00 0074ed00
PCM 00dac0 ff84aa00 00bcba00 ff395700 0098ff00 ff5fc100 00a30f00 ff539c00 00de8500
PCM 00dac8 ff198100 00ad3900 ff476600 00c1ff00 ff371200 00826300 ff77c4 00dad0 ffb3d400 004a1c00 ffaf4b00 00489b00 ffb16600 00779300 ff855500 00c45500
PCM 00dad8 ff360400 00d29700 ff265900 00e10900 ff167c00 00d96b00 ff1eab00 00bcf100
PCM 00dae0 ff3b8600 00bf4e00 ff386300 00c2d300 ff33e800 0098c200 ff64b400 0087b800
PCM 00dae8 ff758d00 002aef00 ffd04700 00075b00 fff65200 00568800 ffa22000 00565000
PCM 00daf0 ffa0af00 00a29f00 ff5b5800 00b09b00 ff47e600 0090a800 ff6acd00 009ec000
PCM 00daf8 ff585700 00985b00 ff5fec00 00611300 ff998700 00724800 ff884400 0032c800
PCM 00db00 ffc83100 008f3100 ff701100 00744e00 ff869400 00824000 ff769900 00b4d700
PCM 00db08 ff438800 00b85100 ff3e1100 00bfb600 ff3be100 00da4300 ff1a5000 00e60900
PCM 00db10 ff10ab00 008e0d00 ff6c5600 00961e00 ff643b00 0044ee00 ffb41400 00428000
PCM 00db18 ffb8ba00 006ec000 ff892300 0055aa00 ffa6ff00 00578800 ffa21000 009c3000
PCM 00db20 ff5e4000 00adb600 ff4a9e00 00cbc500 ff2e9900 00e7c700 ff11cd00 00c44300
PCM 00db28 ff351100 00b9fd00 ff3e4a00 00a78300 ff544000 00616e00 ff987800 008d9f00
PCM 00db30 ff6bf500 0091cd00 ff696300 006e4800 ff897100 00814300 ff77c500 006d1f0000 00882800 ff732900 00560000 ffa5fe00 0085a600 ff7a2000 008ccd00 ffea9a00 00356800 ffc65200 00322d00
PCM 00db58 ffc56d00 fff49300
PCM 00db60 001cd200 fff14400 000d6f00 ffecbd00 000c7100 ffe7bf00 00129b00 ffda5b00
PCM 00db68 00232f00 000ab300 ffec7400 00249e00 ffd82e00 003f8b00 ffbb2d00 0032ad00
PCM 00db70 ffc5b500 001de300 ffdf0900 fffc5200 00014100 001f0600 ffddc300 001d1f00
PCM 00db78 ffda0200 0036a800 ffc88600 00585400 ff9e3600 00790400 ff852900 0066c800
PCM 00db80 ff8ca800 005c7000 ff99dd00 00388300 ffc0b300 0019ab00 ffe59600 ffcead00
PCM 00db88 00318800 ffc7a600 0032a700 ffe07400 001c0700 ffc26500 00384900 ffef8400
PCM 00db90 000b0e00 ffe03500 001c2f00 ffce9f00 00327900 ffcf6e00 002d1400 fff99300
PCM 00db98 0000fc00 00097800 fff14a00 00058800 fff72100 000b0500 fff11200 ffd7f100
PCM 00dba0 00210900 ffca6800 00343300 ffbb6300 0040a300 ffb0ab00 004b6f00 ffaea400
PCM 00dba8 004f5500 ffad4200 00511400 ffb3e000 00482f00 ffb49800 004b2a00 ff947100
PCM 00dbb0 00668600 ffa13e00 00588a00 ffa01c00 00603000 ff783e00 00896600 ff883200
PCM 00dbb8 0077e700 ff735000 00863600 ff83f900 00777100 ff90fe00 006be400 ffb89f00
PCM 00dbc0 0044a300 ffb4bd00 00492b00 ff86f900 00724b00 ff889f00 0072b500 ff885200
PCM 00dbc8 00713300 ff60bc00 009b8f00 ff6f1f00 00886b00 ff895e00 00744500 ff88ff00
PCM 00dbd0 0077b600 ff857000 00783c00 ff7a1100 00861f00 ff63a800 00995600 ff636700
PCM 00dbd8 009c3b00 ff687100 00989100 ff7a2400 007ffe00 ff7ff300 007b3900 ff8d9900
PCM 00dbe0 006d7900 ff754300 00894c00 ff849100 007aef00 ff6a1b00 0095b600 ff9b7a00
PCM 00dbe8 00684600 ffa4c000 0055ec00 ff954800 00674300 ff7c7e00 007eea00 ff773400
PCM 00dbf0 008b4400 ff636900 009b3000 ff2c0100 00d3e200 feefbd00 010c8800 fee61600
PCM 00dbf8 01195700 fee52700 01166700 fed6ee00 012bab00 ff059500 00fbb700 ff5c1900
PCM 00dc00 00a2bf00 ff792a00 0085e900 ff69a900 00923100 ffb6ee00 00464000 ff93d600
PCM 00dc08 00663100 ff65ca00 00960100 ff668800 00975600 ff4b6600 00b0e700 ff388900
PCM 00dc10 00c59500 ff4f5b00 00acfb00 ff36f300 00cb1100 ff273800 00d64300 ff3eae00
PCM 00dc18 00bade00 ff204200 00e05e00 ff2be500 00d81700 ff392500 00c59500 ff493900
PCM 00dc20 00b48300 ff574c00 00a58700 ff61f000 009b9300 ffbabb00 0046df00 ffc0f700
PCM 00dc28 003e0200 ffa1ac00 005cdc00 ff8a9000 00720f00 ff693200 00965300 ff6aec00
PCM 00dc30 0090c600 ff683d00 0096c900 ff665900 00964900 ff89c500 00738a00 ff8e3800
PCM 00dc38 006cac00 ff4e7900 00ae7500 ff400f00 00beeb00 ff0c8f00 00ef2c00 ff19bd00
PCM 00dc40 00e1bb00 ff35f200 00c55500 ff5b3200 00a39100 ff699900 00930c00 ff661100
PCM 00dc48 009caa00 ff6d3c00 008f4000 ff74c300 0088b700 ff809300 007e7700 ffaa8b00
PCM 00dc50 00540800 ff9beb00 00623b00 ff8db000 006fb600 ff875600 0076dc00 ff91f800
PCM 00dc58 006aea00 ff89da00 0071e800 ff7b2300 00832d00 ffadea00 0050aa00 ffd10500
PCM 00dc60 002f1e00 ffe12e00 001aa400 ffdf7f00 001c4500 ffebaf00 00118200 ffe93200
PCM 00dc68 00125f00 ffe54b00 0017c100 ffce5500 002f6f00 ffd37f00 002b1d00 ffa14600
PCM 00dc70 005c8100 ff984400 0063b600 ff91ea00 006b4c00 ffb25900 004a3000 ff9d2700
PCM 00dc78 005f8a00 ffbe2100 003cfb00 ffcb9700 00337500 ffb45300 00482600 ffd91600
PCM 00dc80 00220600 ffcf4300 002fd800 ffed0a00 0010fd00 fff64c00 0006cd00 ffee0b00
PCM 00dc88 000da300 ffce3600 0031e700 ffc6ba00 00374500 ffcd9500 002fb400 ffb9b300
PCM 00dc90 003fc400 fff0d800 0008c200 ffe01300 0018c000 ffe1a000 001f2f00 ffe34500
PCM 00dc98 001a7d00 ffca9c00 002ead00 ffc66b00 00376500 ffd77b00 00217c00 ffdf9200
PCM 00dca0 0019fd00 ffe3f700 00177f00 ffdeda00 001c6300 ffd7a300 00259b00 ffc0cc00
PCM 00dca8 003bf000 ffcae300 002d0100 ffec8c00 000cbe00 ffe9f800 000e8800 fff89900
PCM 00dcb0 0000f500 00187200 ffe56200 000e8000 ffee7200 fffc5800 ffff3300 ffed1f00
PCM 00dcb8 000e8000 ffe6a300 00152f00 ffd39e00 0027c500 ffb7de00 0045c200 ffae2e00
PCM 00dcc0 00520900 ffd0d100 00294a00 ffdddc00 001b6200 fff72900 00062b00 fffea600
PCM 00dcc8 fffc4400 001ec700 ffdc6900 003fed00 ffc20400 00326600 ffca7100 00599d00
PCM 00dcd0 ff9f0000 005e3b00 ff9ce500 00208700 ffdb3900 004a1d00 ffb01c00 0054ae00
PCM 00dcd8 ffa1ec00 003f4000 ffbc4600 0049bc00 ffb43a00 0024b800 ffd63400 0042f700
PCM 00dce0 ffb7f000 00366a00 ffc46100 001fb000 ffda5e00 001fbd00 ffd5d000 001ea900
PCM 00dce8 ffd8fc00 006f9300 ff8a8a00 008c8200 ff6bd000 0080bd00 ff778a00 00743e00
PCM 00dcf0 ff875500 004a3c00 ffaf1900 0061fb00 ff9aaa00 0061c900 ff97d700 00571b00
PCM 00dcf8 ffa46b00 00468700 ffb12e00 005df900 ffa01400 0069e700 ff8d5000 005a1500
PCM 00dd00 ff9cf700 0059eb00 ffa32c00 00670500 ff925300 0072ba00 ff885a00 0089ba00
PCM 00dd08 ff70a800 006ea000 ff8e1d00 00662400 ff8ea600 007ca200 ff7ddb00 00628000
PCM 00dd10 ff975c00 004c3800 ffb02400 00388600 ffbf0400 00368100 ffc87400 004ad600
PCM 00dd18 ffad7800 006ab300 ff8eeb00 00a94c00 ff537700 00b94400 ff41d400 00991300
PCM 00dd20 ff610200 0089aa00 ff6a2e00 007c5700 ff7c9700 0078b600 ff821200 00702700
PCM 00dd28 ff896900 00848300 ff72e200 000b48c00
PCM 00dd38 ff43d700 00ac1200 ff490100 00b13100 ff48b600 00afde00 ff4c9200 00af3400
PCM 00dd40 ff49e700 00b7e500 ff40b500 00a7a800 ff53e300 008f5400 ff695100 0082f800
PCM 00dd48 ff74d600 005a1f00 ffa2d800 0061f100 ff985400 0056e600 ffa6d700 00579400
PCM 00dd50 ffa3a900 004ed900 ffaa8300 00787b00 ff7eee00 007fd700 ff7f6b00 00aa7000
PCM 00dd58 ff54d100 00d7be00 ff23e200 00c27800 ff362700 00b22400 ff453a00 00ae2100
PCM 00dd60 ff4bce00 00987200 ff613e00 00825100 ff74e700 008ef000 ff6b8c00 00a41900
PCM 00dd68 ff54fe00 009f3000 ff5c1500 009a9300 ff5bf800 00ab2c00 ff4c3700 00ae9f00
PCM 00dd70 ff4f0b00 00bc6400 ff3bb600 00cec700 ff263c00 00c0f900 ff38f100 00ac7200
PCM 00dd78 ff4d4c00 008f3900 ff6fa100 00734000 ff88e700 006fb100 ff84f100 00a2f100
PCM 00dd80 ff55f100 00a2cd00 ff54c900 009d1800 ff5ea200 00c17700 ff389f00 00af1100
PCM 00dd88 ff47fc00 00e28000 ff165500 01075a00 fef2d600 00f9cb00 fefe8300 00f64700
PCM 00dd90 ff05bc00 00e43300 ff18fa00 00badb00 ff3d3f00 00a0cb00 ff5b9900 008dbf00
PCM 00dd98 ff6b5900 0078f500 ff847700 064300 00eec700 ff0c7400 00f80a015600 00d93000
PCM 00ddc0 ff1fa000 00c63d00 ff338200 00bd7200 ff3a3700 00caf000 ff2bb700 00d24c00
PCM 00ddc8 ff2a3800 00eb7b00 ff100900 00eab000 ff0d9d00 00d0d700 ff287200 00a92e00
PCM 00ddd0 ff4e2600 008fde00 ff681d00 00a77500 ff51d100 00a3fe00 ff524a00 00893c00
PCM 00ddd8 ff714b00 0088cb00 ff728b00 008a6500 ff6c6500 0088c100 ff6d8e00 00772400
PCM 00dde0 ff829800 00739500 ff87b600 00664400 ff96ad00 0061b300 ff939300 00766c00
PCM 00dde8 ff84a600 006fe900 ff8b7100 0092b400 ff68cb00 009d9500 ff592a00 008dcc00
PCM 00ddf0 ff69b800 00960589800 ffa5bc00 00709d00
PCM 0f8 ff8cec00 0083fb00 ff786100 009e8600 ff592b00 0095b100 ff6a0200 0077fd00 ff814f00 00827900
PC1b00 00680700 ff94b600 004a5f00 ffaeab00 0031b400 ffc92400 0034b900 00309a00 ffc8c700 00203400
PCM 00de20 ffdbe200 0022ae00 ffd000fa600 ffe9d100 0018f000 ffd98f00 00286500 ffd03f00 00316800 ffe2e500
PCM 00de30 0019ee00 ffecc500 00144900 ffe3ab00 001d4800 ffdc6700 0022e300 ffe87400
PCM 00de38 00190300 fff5cb00 00087900 0006b000 fff77e00 fffe6900 00035800 ffe11a00
PCM 00de40 00189a00 ffccc000 00354900 ffee9700 000e9900 fff59400 000bb900 ffe39c00
PCM 00de48 001c6800 ffdcb900 00219e00 ffc3b600 003b5b00 ffa6db00 005ae400 ffb98f00
PCM 00de50 00489e00 ffb02b00 00513d00 ffac5c00 00571e00 ffc1a600 003cec00 ffcfad00
PCM 00de58 002c6800 ffeb5e00 00128800 ffd05400 002d6c00 ffdf5f00 001bcf00 ffcd8e00
PCM 00de60 00313e00 ffb95f00 00478e00 ffcc0800 002f4100 ffda0500 00256500 ffe2b700
PCM 00de68 001d3e00 fff3ed00 00094c00 fff79c00 00063800 00092300 fff43400 fffe5300
PCM 00de70 fffc0100 ffe0e100 001c0800 ffbf7e00 003e7d00 ff967000 00675100 ff8b0000
PCM 00de78 00738f00 ff806700 007b0e00 ff8dfd00 0070e500 ffcf0b00 0031c500 ffe56800
PCM 00de80 00199e00 fffb2600 00007600 00174500 ffe46800 fffd4400 00002400 00085d00
PCM 00de88 fff6db00 00245300 ffda7300 fffec500 fffa6600 ffe3de00 001a1d00 ffd4e200
PCM 00de90 0028de00 fff34d00 000d4600 fff28f00 000f6300 ffd9e500 00266700 ffb82900
PCM 00de98 0048e700 ffa1ae00 005d5e00 ffa85700 00588100 ff7a5a00 00839600 ff66d300
PCM 00dea0 009c8b00 ff801000 00824800 ff965000 006eac00 ffbe0900 003eb500 ffe6a700
PCM 00dea8 0016f600 ffd33100 00315800 ffeb9200 00123500 ffff9b00 0001c100 00056600
PCM 00deb0 fffb1200 ffff0900 00025800 fff4c900 000ca400 0008a700 fff55b00 00085000
PCM 00deb8 fff62f00 00049d00 fffa17000 fff4af00
PCM 00dec0 000b8900 fff4a800 000b9900 ffec9800 0014e600 ffe24700 001a4200 fffa0100
PCM 00dec8 00040100 0001b600 fffd4d00 0009f500 fff21a00 000dc900 ffed8800 0006ac00
PCM 00ded0 fff65100 ffef6000 0010e700 ffef4d00 0011f300 fff38d00 000d0900 ffd8f300
PCM 00ded8 0022e200 ffe5d000 00171700 ffffa900 0000a000 fff00c00 000c5a00 ffe36e00
PCM 00dee0 001c5d00 ffe69d00 00190e00 ffde8100 001d8800 fff0d200 0008aa00 fff80200
PCM 00dee8 000a4000 fff1fe00 00094200 fff2fd00 00086200 ffe2e600 00188b00 ffe31600
PCM 00def0 0019a900 ffd64800 002d7700 ffc7f500 00370400 ffd5e700 0024e800 ffe44400
PCM 00def8 001aa000 ffdb5800 001fe100 ffda3300 0024b800 fff1ad00 000e5700 fff41700
PCM 00df00 0008dd00 0005e300 fffc3800 000a7500 fff32800 00090300 fffa3e00 00117200
PCM 00df08 ffee1900 00330d00 ffcad000 00385400 ffc28200 004f4100 ffb16600 00529e00
PCM 00df10 ffac7300 005b2900 ffa58900 0062c400 ff9cb700 005d6300 ff9fb800 003bec00
PCM 00df18 ffc0d700 00434f00 ffb81500 00449e00 ffb67c00 003be000 ffbd5400 00412200
PCM 00df20 ffb9dd00 00432f00 ffbb0600 00593d00 ffa54c00 00607b00 ff98d300 00689a00
PCM 00df28 ff8ec800 0059e400 ffa48800 004c9400 ffaf4800 00560700 ffa09400 006ec700
PCM 00df30 ff8e2800 009c2300 ff617100 00c0f600 ff365900 00c41f00 ff3bb900 00c26000
PCM 00df38 ff368800 00e77c00 ff13a700 00f8b700 feff0f00 00ee4a00 ff0daf00 00ec5200
PCM 00df40 ff0ecf00 00e60700 ff136900 010fb200 feebb400 0110bc00 fee59600 01257400359000 00dc8900 ff1d0c00 00ea9800 ff0ed000 00fd0300 fefbe100 0104200 0108ef00
PCM 00df68 feee1700 0115c100 fee4ec00 010f3800 feb00 fef70600 01111a00 feeb5a00 00fb4000 fefc7e00 00f14000
PCM 00df78 ff0a4900 00dc7b00 ff1be900f1100 ff276200 00dbc500 ff1df80000d72c00
PCM 00df80 ff256500 00d98000 ff204f00 00db4f00 ff21740600 ffd62b00 002f3200 ffcc0500 004dcf00 ffaf3700 004b5000
PCM 00dfc0 ffb07100 0044fb00 ffb71f00 00365d00 ffc31d00 00213800 ffd96c00 00054800
PCM 00dfc8 fff66700 001ad300 ffe3e200 000bfa00 fff2a400 ffeb8200 000f1800 ffcb9e0b1dd00 004b1a00 ffc03600
PCM 00dfe0 0040db00 ffd52000 002b4400 fff60700 0008a500 0001b000 fffc6100 00260c00
PCM 00dfe8 ffd48400 00478300 ffb0d300 0039a800 ffbf2b00 0046f900 ffb77400 004c9b00
PCM 00dff0 ffb08600 0058ba00 ffa01700 006d6b00 ff8c7d00 007c2100 ff80b300 00808c00
PCM 00dff8 ff79a500 00a18600 ff5b9e00 00a5e700 ff4f3300 00a6d600 ff512b00 00c5ff00
PCM 00e000 ff2e8e00 00d42d00 ff235200 00ddf300 ff199900 00eadc00 ff0d2100 0105e400
PCM 00e008 fef20400 00ff8a00 fefc5b00 010e6600 feeb2000 011a7e00 fed8aa00 013c4b00
PCM 00e010 febd1000 01269d00 fecec500 012e6a00 fec8a300 0140f500 feb55e00 013e012a6b00 fecd5000 011bcf00 fed8b0
PCM 00e040 fe71d500 01802300 fe745600 0178b300 fe7e9800 018046a6600 01a33200 fe4f4500 01a74300 fe516000 01bf5b00
PCM 00e050 fe35ef00 01d59600 fe1e4d00 01e3cd00 fe131800 01ec6700 fe06a500 01f45000
PCM 00e058 fe03d500 01e5f00 01942400 fe61cf00 017d6b00
PCM 00e068 fe7a9700 015f9400 fe941600 01439900 feb77500 01080f00 fef18800 00ed8a00
PCM 00e070 ff084500 00cbce00 ff2f5000 00b1c100 ff445c00 0098c200 ff607700 007dcc00
PCM 00e078 ff7fff00 00662100 ff93f400 0054d700 ffa8f700 0033ed00 ffc9f300 0011d400
PCM 00e080 ffeb7900 0021f100 ffda0800 00228100 ffd82600 ffeea100 000bab00 ffbba700
PCM 00e088 003fa400 ffc4d500 00399a00 ffcfa500 002a1600 ffd51100 00234200 ffcf4300
PCM 00e090 0030e900 ffccb000 002b9d00 ffcda900 00311700 ffc3c900 0035e600 ffa89800
PCM 00e098 00571800 ff8ee900 006ebe00 ffaf7f00 004dda00 ffb84f00 0043b300 ffa4c100
PCM 00e0a0 0058ef00 ffa34a00 0057ac00 ff890200 0078bc00 ff89d800 00781900 ff6e9100
PCM 00e0a8 0091b400 ff4a2d00 00b49b00 ff4ed600 00b3f500 ff534600 00afb400 ff2b9700
PCM 00e0b0 00d36500 ff13cd00 00f2fb00 ff0c4900 00f39300 feecd600 011a1c00 fec10a00
PCM 00e0b8 01467200 feaac800 0152b600 fecca000 0134b400 fed44d00 012f2200 fec27000
PCM 00e0c0 01428500 feb49500 014eb100 fecf0500 012e0000 feb71100 01490700 fe953900
PCM 00e0c8 016d3500 fe7c9a00 018a1f00 fe693d00 01971500 fe393700 01cd4800 fe1ce100
PCM 00e0d0 01e8c200 fe11ad00 01f16d00 fe041e00 01fe6600 fe03cb00 01fb6d00 fe093f00
PCM 00e0d8 01fa1c00 fe11b100 01f18900 fe337200 01ce0c00 fe505000 01b3c800 fe5c8d00
PCM 00e0e0 01a6a400 fe5f6200 01a40000 fe6be700 0194bb00 fe6f1200 0192ec00 feb58600
PCM 00e0e8 014afb00 fef74c00 0100 0068ac00 ffa74400
PCM 00e0f8004ec500 ffa8e100 00497e00 ffb05400 005bf600 ff9d1300 0056d200

PCM 00e118 ff446700 00d09e00 ff280a00 00a80a00 ff4f4800 009b8300 ff5e3400 00bce600
PCM 00e120 ff39d000 00cbda00 ff2be100 00e1bf00 ff165900 00f53700 ff077900 085fe00 fe6d8e00 01ad8700
PCM 00e130 fe470900 01b3dd00 fe45f900 e3fd00 01e01000
PCM 00e148 fe0feb00 01cb1000 fe2a0a00 01c33f00 fe34e000 01cc2700 fe2b8100 01c51300
PCM 00e150 fe2e1600 01b10c00 fe470a00 01bed300 fe39ea00 01aeee00 fe449700 0185e600
PCM 00e158 fe713b00 0166be00 fe900400 0142a800 feb45500 0127f500 fed27a00 0101c100
PCM 00e160 fef71000 00eb5100 ff0d3e00 00c7d000 ff30ed00 00866500 ff73ba00 00529b00
PCM 00e168 ffa90b00 0002ca00 fffc9500 ffcd5f00 002f7800 ffb0c000 004ef000 ff93ea00
PCM 00e170 0069e400 ff569f00 00a53700 ff169700 00e9bb00 ff137400 00eaea00 ff17a700
PCM 00e178 00ecf900 fef11000 010d6300 fec96500 013cde00 febb3400 01495100 fec7ce00
PCM 00e180 0139a600 fece1500 01379a00 fed0a200 0135b000 feef2e00 01147e00 fefe8b00
PCM 00e188 0103d000 ff125000 00eace00 ff207600 00df8900 ff0ff600 00f0e000 fedc6700
PCM 00e190 01284f00 fee08000 0120d200 fedc6700 0125f200 fed40300 01312600 fee97f00
PCM 00e198 01189500 fedd1000 01254c00 fed2d300 012f7600 feed2300 01102600 ff0aa400
PCM 00e1a0 00f45b00 fee85200 01187900 feccba00 0132b900 fed02500 012eac00 fed47600
PCM 00e1a8 012b4300 feb18400 01540700 feb75300 014cd900 fea3de00 015e7500 fe865d00
PCM 00e1b0 017b3600 fe75ec00 018d0c00 fe614f00 01a54600 fe430500 01bf7600 fe23fc00
PCM 00e1b8 01e3dc00 fdf84600 020b5300 fdd95600 022cc700 fde1c300 0229e300 fdc4e800
PCMda000 ff351000
PCM 00e1d8 00c78100 ff5a4400 00a67d00 ff61ca00 009ebc00 ff76c200 008a8d00 ff99e400
PCM 00e1e0 00675800 ffe6fa00 00160d00 0018d900 ffdf0600 002c1300 ffd02d00 00287600
PCM 00e1e8 ffd2df00 004b6900 ffb02400 009b1e00 ff60bb00 00d8ac00 ff20fe00 00f80300
PCM 00e1f0 ff030700 01146600 fee29e00 012fe200 fec6dc00 01403400 feb58a00 01526c00
0 fe7aa000 01894600 fe705e00 0184ec00 fe71ac00 016fd300
PCM 00e3b00 01600300 fe960200 017e4100 fe767400 01ab9300 fe4c1500 01b9ed9ad700 0272c300
PCM 00e228 fd81d900 02973900 fd5dc600 02a57c0024300
PCM 00e230 fd31fa00 02ea7a00 fd06a200 03029e00 fcef1e00 0312bc00 fcde7b00 03316700
PCM 00e238 fcbba900 03375c00 fcb84c00 03446500 fca89f00 03773e00 fc760a00 038ce500
PCM 00e240 fc66cd00 0378da00 fc717400 035f4200 fc8ed400 034de700 fca1ed00 033b8a00
PCM 00e248 fcb13c00 0315f100 fcd99a00 02d76600 fd1aac00 029a3b00 fd582d00 029f8e00
PCM 00e250 fd4e4900 0275b800 fd78ad00 02503000 fd9f5700 02420b00 fdaf9c00 02341b00
PCM 00e258 fdb9dc00 0203af00 fdee8c00 01c50900 fe2d5a00 01ab4000 fe4ae000 017fd400
PCM 00e260 fe77c200 015ba900 fe981c00 010d3200 fee8dd00 00ce4c00 ff27ac00 007e1800
PCM 00e268 ff7f4c00 002e1300 ffca9a00 ffee0a00 000df800 ffc2b300 003fda00 ff916300
PCM 00e270 006be700 ff709700 00895b00 ff6d4700 0091c900 ff5c4f00 009e5a00 ff6e9000
PCM 00e278 00934700 ff6eb200 00898d00 ff8c3300 006fc400 ffb74400 00422800 ffd2df00
PCM 00e280 002ab100 ffd6c500 001e9300 ffef6200 000cdb00 fff79800 0006da00 ffdd1100
PCM 00e288 001fc200 ffca6000 0033bf00 ffb52000 004ae400 ff85e300 0074bd00 ff5f7900
PCM 00e290 00a1f600 ff473a00 00ba0800 ff4d300 01e42e00 fe42df00 01bd2800 01199400 feff4200 00ff7700 ff269200 00da5d00 ff4e9800 00b1c700 f0 00811100 ffab6500 00502700 ffe7a400
PCM 00e2d8 00182600 0014200e3d100 ff195900 01125c00 fee3a600 012ebc00
PCM 00e2e8 fec68900 0151be00 fea19400 01670f00 fe90ce00 01877b00 fe6f8a00 0192ee00
PCM 00e2f0 fe602700 01a79700 fe482700 019c6000 fe595b00 0171f000 fe837200 01701300
PCM 00e2f8 fe82a800 015f3b00 fe958500 0136af00 febf4600 01551c00 fe9f0e00 01623800
PCM 00e300 fe95a900 015dae00 fe9a4400 016e2600 fe8a1400 01801500 fe7a0300 0164b900
PCM 00e308 fe91c700 01572d00 fea00f00 014e1f00 feac5b00 016b8900 fe8b6200 01a2e600
PCM 00e310 fe524600 01a65d00 fe523100 01bbb000 fe375e00 01db4800 fe1ceb00 01fb8e00
PCM 00e318 fdf8ec00 0222bb00 fdd57c00 0251fc00 fda1cd00 027deb00 fd77bd00 0263c500
PCM 00e320 fd8fe700 02769600 fd7c5100 02922700 fd5ee300 0295de00 fd5c2400 029ed100
PCM 00e328 fd50c400 02b4ac00 fd3db200 02e85b00 fd0a4600 03179d00 fcda7e00 034c3800
PCM 00e330 fca3b100 032e3e00 fcc2d200 02e72200 fd090400 02d07200 fd1c5f00 02a9c100
PCM 00e338 fd491700 025bd000 fd942800 0237e500 fdb92600 02418500 fdaf9200 02272300
PCM 00e340 fdcaca00 02075c00 fdec2000 0222f400 fdcc6b00 02300d00 fdc23800 023a6400
PCM 00e348 fdb86f00 02293600 fdcbb200 02240a00 fdd20500 01f54f00 fdfbde00 01dae800
PCM 00e350 fe18c700 01e8af00 fe0b1600 01b24f00 fe3f1000 018d6500 fe629700 01814f00
PCM 00e358 fe725500 013daa0f6500 fee71b00 00ca2100
PCM 00e360 ff2d0900 009c7900 ff5a2a00 0084b300 ff740200 0052d200 ffa7e ff5ba700 00a05a00 ff3f6f00
PCMfe32aa00 01cd8900 fe26ca00 01dc1f00 fe1b1a00
PCM 00e398 01e7100 fe857900
PCM 00e3a0 017ac500 fe93e000 016de000 fead2900 0153342800
PCM 00e3b0 01a58c00 fe44c700 01b93900 fe497a00 01b9b500 fe 01e1ed00 fdf73500 02090400 fde8c100 021a1d00 fdf8c000 020c3c00 0 01cad900 fe33ea00 01cdae00 fe206900
PCM 00e3c8 01e1ab00 fe1114900 fe5f3c00 01a3ff00 fe864800 0178ad00 fe987300 01671900 feb7500578000 ffcdc000
PCM 00e3e8 002c4300 00014f00 fff68f00 00352c00 ff777700 007c1900 ff7f5500 0078d600
PCM 00e3f8 ff7fd600 00791000
PCM 00e408 ff22b700 00d91300 ff1bd600 00e70b00 ff0d9900 01391b00 fec34800 01615200
PCM 00e410 fe96fd00 01715900 fe84b100 01813a00 fe742000 01ae3900 fe47db00 01d15400
PCM 00e418 fe202a00 01e59c00 fe0b9c00 01fb3000 fdf6c700 020e4300 fde12b00 022b4700
PCM 00e420 fdc6a500 0234e300 fdbca000 02386b00 fdb98700 02559c0800
PCM 00e428 fda2f200 02377600 fdb7ab00 0241a600 fdb0ab00 025e440 fdcd4900 021dee00 fdd2e400 0207a400 fde9d800 01eb1400 fe06ff00 01d0e500
PCM 00e448 fe1e9b00 01dbb400 fe17b000 01cfbc00 fe244600 01bbd200 fe398e00 01856c00
PCM 00e450 fe721200 016fa400 fe869500 0169cb00 fe8cba00 015c4f00 fe9b5700 0142db00
PCM 00e458 feb93b00 01363900 febab900 01239500 fece3700 010b9a00 fee9da00 00e85c00
PCM 00e460 ff0cf000 00bb8400 ff3a9400 00a55900 ff58ff00 00700d00 ff86d100 003cb100
PCM 00e468 ffba5800 000afe00 fff10200 ffd32300 0029ab00 ffc8d100 0500 ff5ebe00 009efc00 ff4b1200 00b43300 ff289100 00d7c200 ff064e2e00 01b6c200 fe31ef00
PCM 00e490 01d1fc00 fe122300 01f28600 fd0d00 021d1700 fe000d00 02064100 fe165b00
PCM 00e4a0 01ef5500 fefb00
PCM 00e4a8 01a0ce00 fe644300 01980200 fe6aa000 01973000 fe00 01b07900 fe250200 01e1eb00 fde8e400
PCM 00e4b8 0219b300 fd8600e4c0 02d7b300 fd026000 0305d700 fcd11500 0339a100 fca8ac00 036ab00 034fa400 fccb2300
PCM 00e4d0 033c4e00 fcccac00 033ba700 fc8b000 034fbb00 fca4e700 03606f00 fc9a8d00 03679500 fca83700
PCM 00e4e0 035c8900 fc9c8300 036dc7 fcaaea00
PCM 00e4e8 035e8900 fc953c00 03738100 fc941300 03779d00 fcb2fc00 03544200 fcd29c00
PCM 00e4f0 0339a700 fceb5400 031b3a00 fd16bd00 02f39c00 fd371700 02d01700 fd57c800
PCM 00e4f8 02b0ce00 fd7b9400 028b3800 fd9f2100 0264f100 fde37200 02209b00 fdfd8700
PCM 00e500 0206f600 fe140000 01f38b00 fe210300 01deee00 fe2f3f00 01d43200 fe4eba00
PCM 00e508 01b30500 fe542b00 01b10b00 fe5d3200 01a56400 fe773a00 0189PCM 00e520 ff454300 00ed5000 ff088800 01104600 fee3cb00 015ae7002060600 fdf0b500 01f9e000 fdf42300 01e27f00 fe0d1500 01c63500
P0 fda6ca00 026bfb00 fd866000 027e8d00 fd71b000 028c5600
PCM 00e548 fd68b600 029d6800 fd56ee00 029c4f00 fd53d600 028ecf00 fd613400 02932400
PCM 00e550 fd61e200 02852e00 fd6c5f00 02527b00 fda0c200 0224d100 fdcf0300 020bac00
PCM 00e558 fdea7700 01e91600 fe07b500 01d62d00 fe1e3e00 01b03b00 fe433400 01887e00
PCM 00e560 fe6f9300 01683c00 fe8b1f00 013ad500 feb99f00 013bee00 feb38400 011ebf00
PCM 00e568 fed87300 00e33700 ff154100 00cf4900 ff265000 00b04300 ff4b2700 00891600
PCM 00e570 ff71d000 0063b500 ff991b00 0033b100 ffc5f200 001e5a00 ffd96200 0005ca00
PCM 00e578 fff58400 ffe0ca00 001bb000 ffb7aa00 0042a400 ff910100 006d0600 ff722800
PCM 00e580 008d0a00 ff3a6200 00c25300 ff1cc000 00e1da00 ff181900 00e74200 ff033300
PCM 00e588 00f91100 feda8200 01234200 fee13e00 011ff100 fee00a00 011e2900 fee07600
PCM 00e590 011c1000 fee5d500 01152a00 feef9d00 0110bb00 feda5800 0124e400 fee5eb00
PCM 00e598 01188300 fef64400 01059b00 fed4f600 01276700 fee8cb00 01170a00 feec9a00
PCM 00e5a0 01100a00 fed47100 01255600 feeeb00 0113cf00 fee18d00 011ef000 fe6c00 feccbf00
PCM 00e5b0 01311c00 fec92e00 01363c00 fed7d300 011860c00 fe4ae700 01b84500 fe3c6b00 01c74b00 fe3e1900
PCM 00e5c8b94700 fe416f00 01c0fc00 fe2db100
PCM 00e5d0 01d33d00 fe490100  fe83a200
PCM 00e5d8 017a2000 feb42c00 014bbd00 fee13600 0122ec006f2300 ffc1ed00 0037f500 ffe2f700 0017bf00 ffeabf00
PCM 00e5f fff26300 003a5800 ffc12900 005b8600
PCM 00e600 ff9caf00 00983d80e00 01109900 fee62b00 0118f900 fedaff00 010df300
PCM 00e610 f
PCM 00e618 fe877c00 01a41b00 fe50d800 01c47300 fe2d7100 01ef7d00 03cf8c00 fc1a1800 041ef500
PCM 00e630 fbcc4800 044e1100 fb97d0 fbb84800 03fca400 fbeca400 03e60a00
PCM 00e640 fc039400 03e4ae650 fc868e00 036cb200 fc83cb00 03745b00 fc784e00 0376ef00 fc71d500 03696d00
PCM 00e658 fc861a00 03529700 fc97be00 033b7400 fcb26c00 031fa200 fccedc00 02f03500
PCM 00e660 fcf9b500 02d03300 fd1e4700 02753b00 fd7ab000 020c7000 fde62600 01d2c300
PCM 00e668 fe1f8f00 0186b700 fe6dbe00 01448700 feaea500 01003400 feef6b00 00c35b00
PCM 00e670 ff31bc00 008bb500 ff6e4900 006aab00 ff8ea80900 ffcdbb00 002e1e00 ffc7db00 0010c900
PCM 00e680 ffe90300 0011b900 ffed2400 000f3400 ffe93400 ffe23900 00176b00 ffb62b00
PCM 00e688 00486200 ff73db00 0086e300 ff688600 0092e100 ff622f00 00992600 ff5e7400
PCM 00e690 009cf400 ff42fb00 00b74e00 ff1f6200 00e1be00 fefa8e00 01037f00 fef9dd00
PCM 00e698 01059300 fee08000 011d2a00 fed77200 01273500 fed1a900 0128c100 fee6cc00
PCM 00e6a0 0111f600 fee69500 011a9400 fed56200 0127f800 fed5dc00 01231700 fec52d00
PCM 00e6a8 0134b000 febf8f00 013e2100 fecfff00 0131b100 fed25000 01307700 feb71300
PCM 00e6b0 0149eb00 fea6ba00 01582200 fea95500 01551400 fec33200 0138ed00 fe95ab00
PCM 00e6b8  fe626c00 019ec500 fe75de00
PCM 00e6c0 0186bd00 fe8c7400 01773b00 fe92c700 016ade00 fe970100 01681300 fea2c800
PCM 00e6c8 01595800 feca2300 01341300 fece6100 012e3a00 fed4a800 012c1e00 fed56200
PCM 00e6d0 012a3c00 fec5c600 01355a00 feb23e00 01501400 fe93ca00 016c1200 fe779e00
PCM 00e6d8 018bbc00 fe8f8600 01713600 fe8b2800 0174eb00 fe751200 018aad00 fe5f2e00
PCM 00e6e0 01a1f000 fe43e800 01bc7100 fe3c5700 01c2bb00 fe3a8f00 01c76300 fe309c00
PCM 00e6e8 01d02c00 fe49ab00 01b1c900 fe737300 018eb500 fe6e2404d00 fe8e2e00
PCM 00e6f0 01728000 fe82a500 017c0d00 fe7e5300 017bba00 fe992800 0168aa00 fec51f00
PCM 00e6f8 013b1b00 fee84200 01151600 fee0d600 011e3c00 fed21200 012a8500 fed79500
PCM 00e700 0125fc00 fed28500 012f8900 fedec400 01223600 feef6700 0110ed00 ff043500
PCM 00e708 00fbf800 ff136200 00e7d500 ff1b0700 00e60d00 ff3e8400 00c00a00 ff7b2800
PCM 00e710 00811900 ffa7b900 0053b000 ffc1f100 0034e700 ffc19300 003a3700 ffab9200
PCM 00e718 0054ec00 ffa06900 005dfb00 ff916000 006b3e00 ff9e0700 00597500 ffa67a00
PCM 00e720 00544300 ffc5a000 0031ff00 ffe81600 0013fa00 fff98400 0002fd00 00339500
PCM 00e728 ffc6dc00 00574000 ffa5cc00b00
PCM 00e730 ff273a00 01052a00 fef5fe00 01566b00 fe9ce300 01bM 00e738 fdfbdf00 023d2000 fdb42300 026abc00 fd875000 0296c800 fd5c5800 02bb1300
PCM 00e740 fd33fb00 02b61e00 fd39ae00 02a18500 fd4d5e00 02bb7200 fd380400 02c5ce00
PCM 00e748 fd262c00 02b32900 fd3e4300 02882f00 fd675600 026a5000 fd8a2100 02567b00
PCM 00e750 fd9f9900 024aae00 fda7c500 0253dc00 fd9f6000 025d9800 fd938b00 021f0e00
PCM 00e758 fdd39b00 01f40600 fe03b500 01ee1900 fe08d500 02096d00 fde8db00 021cce00
PCM 00e760 fdd53500 01fbc300 fdf86900 01ecf400 fe068900 020c7400 fde6d900 020fae00
PCM 00e768 fde2eb00 01e28d00 fe103e00 01b84f00 fe3bf700 019d4f00 fe558e00 017b4a00
PCM 00e770 fe78f600 01259700 feced100 00d15e00 ff268a00 008f0900 ff6b6a00 004ae900
PCM 00e778 ffafe600 fffa6300 ffff1100 ffc75000 0031ba00 ffb2cc00 0048c500 ff864c00
PCM 00e780 00747f00 ff74b800 00871200 ff684000 00956300 ff5ab300 00a37b00 ff3c00ddc200 ff205b00 00db2600 ff225400 00da4e00 ff0b7600
PCM 00e79d500
PCM 00e798 0122fc00 feb17000 014eb800 fe8dd100 01747e00 fe5cfe00 01a4ef00 fe6d7600
PCM 00e7a0 0194a600 fe906900 0170f200 fe902b00 016ea900 fe912b00 01706400 fe908e00
PCM 00e7a8 016e1e0 013f9500 fea68400
PCM 00e7b0 015a0900 fe8cb700 0178f300 fe7ceb 0189fb00 fe801a00 017ff400 fe98eb00
PCM 00e7b8 0168a400 feae600 feaf1500 014f2e00 feaec400 0151fd00 fecb2900
PCM 00e7c0 0134eeb3df00 014d5200 fe960a00 016d1400 fe90ab00 0170ec00 fe825d00
P492100 01bded00 fe420900
PCM 00e7d8 01c09400 fe6d5600 0193c800 fe7db100 01851a00 fe84f100 01762100 fea06f00
PCM 00e7e0 01605800 fe96c100 016b8300 fea9e300 0153c100 febc2c00 01465000 fec61200
PCM 00e7e8 01398700 fed48e00 012bb800 fee78f00 0117d100 fefa8a00 0107f800 ff0a3900
PCM 00e7f0600 01138200 ff133000 00eebf00 ff1a8500
PCM 00e7f8 00e1b300 ff100 feff6600 0101d800 feed0d00 010c8f00 fef61d00
PCM 00e800 01074600 ff53a000 00a5c900 ff758600 00857900 ff8fa900 00701800 ffa8c07d00 00014a00 fffad700 0023c000 ffd93000 0051c900
PCM 00e818 f62000 00817100
PCM 00e820 ff787a00 008ec700 ff642300 008bd300 fae6e00 fe450e00 01cde000 fe252300 02095300 fde64000 0244da00
PCfd36a900 02f7e400 fcf66900 030a7700
PCM 00e840 fce57700 0328e8026900 037c1100 fc6f5700 03967c00 fc528b00 03b92e00 fc2fb100 03bf900 0385c600 fc663000 0396c800
PCM 00e858 fc557200 03906400 fc5e870 fd2bca00 02ba5700 fd33d900 02990500 fd526600 02662300 fd8e2e00 fde17c00 01c59600 fe307100 019dc000 fe54c900 017d3300
PCM 0dc7500
PCM 00e890 001c5b00 ffb59300 00495f00 ffaa4800 00533800 f3d00 ff180100 00e49b00 fef02b00 010ee800 feef8100
PCM 00e8a8 010eca00 feee2500 0112e700 feea8b00 01170900 feebf200 0113d300 fec5c700
PCM 00e8b0 013cb700 febab200 01458100 feb12700 0150dc00 fed55c00 0126ec00 fede7000
PCM 00e8b8 01225900 fee8b100 011a5700 ff00a200 00fc5000 ff202100 00d ff6c7400 0091b300 ff6afd00 00920d00 ff7a5800
PCM 00e8c8 008a7b00 ff66f400 00997a00 ff675700 00961800 ff82ee00 007b0700 ff560900
PCM 00e8d0 00a71d00 ff24df00 00dc1300 ff151f00 00ec3b00 ff19c900 00e55000 ff2f8700
PCM 00e8d8 00d2c900 ff45a400 00b86000 ff456400 00be0d00 ff2c8300 00cfcd00 ff146000
PCM 00e8e0 00eb6800 ff032f00 00fa1b00 ff07bf00 00fdd000 ff22d500 00ddde00 ff31b300
PCM 00e8e8 00c9df00 ff1d7d00 00e27900 ff067e00 00f73600 ff02c200 00fa7000 ff16eb00
PCM 00e8f0 00eaaa00 ff044b00 00fc5200 fef7a400 0105e900 ff07b000 00f76f00 ff206700
PCM 00e8f8 00e0cd00 ff39fc00 00c77800 ff445700 00bcd600 ff584e00 00a29a00 ff949200
PCM 00e900 0068b600 ffbacd00 003ee400 ffc80a00 0038d900 ffe8d000 00126800 00056800
PCM 00e908 fff8ad00 000e5900 ffed9600 00188000 ffe1ba00 000a3a00 ffebee00 0026a000
PCM 00e910 ffd36800 00248600 ffd2ec00 00367700 ffc02800 00401800 ffb89400 002c4100
PCM 00e918 ffcf8e00 00367600 ffc12000 002e6b00 ffce3700 002d2b00 ffcda100 00341000
PCM 00e920 ffc8cf00 00477d00 ffafdc00 00460f00 ffb6e500 004ba400 ffaf2500 00665c00
PCM 00e928 ff954900 008a2300 ff6fe800 009c6d00 ff5d0f00 00bede00 ff38e400 00d2fd00
PCM 00e930 ff21ba00 00c78100 ff2f2900 00f26b00 ff008900 01176300 fedd6400 010d400 01012600 fef91600 00ff8500 a00 011f5d00 fed5c000 012b3900 fecda600 01522000
PCM 00e948 fe9fd100 01918b00 fe5ea400 01c4a100 fe31bb00 01fde700 fdf5ef00 0250e600
PCM 00e950 fda31300 02ad2000 fd43cf00 02eabd00 fd088e00 03110c00 fcddcd00 03250600
PCM 00 fcb81a00 033f9700 fcad7a00 031e0c00
PCM 00e960 fcd04a00 02fc8700 fcf58600 0309dd00 fce6cb00 020 02e03800
PCM 00e968 fd0e8800 02cb9e00 fd24b700 0287e300 fd6a0200 02887100 fd685600 02806f00
PCM 00e970 fd6d3f00 025db600 fd8f5f00 02512200 fda49a00 0252c900 fd9ca300 024bea00
PCM 00e978 fda77a00 02438900 fdac9b00 0228d800 fdca9d00 02360f00 fdbefc00 0237df00
PCM 00e980 fdbaf800 02270e9a0 fff9bf00 ffc35900 0035aa00 ffaf2200 004ad400 ff8ecf00 0068ee00 ff6aab00
PCM 00e9a8 0091ab00 ff512300 00af2c00 ff46bf00 00bb4900 ff25ff00 00dad700 ff067200
PCM 00e9b0 00fa9700 fef53900 010e4600 feeddd00 01159d00 febe7900 013f0a00 fe96a400
PCM 00e9b8 01682900 feaf1e00 0151b300 febb3500 01457600 feb3a600 014bf300 feab5e00
PCM 00e9c0 01513f00 fe6ed300 01939d00 fe574300 01a70b00 fe42ad00 01c0fe00 fe511700
PCM 00e9c8 01b1f800 fe72fa00 01904200 fe735700 018e6800 fe6f6100 01943900 fe6c4900
PCM 00e9d0 01950000 fe957100 01680200 febfb400 01409200 fedf1c00 0121c400 ff056300
PCM 00e9d8 01009700 ff2b5700 00d11d00 ff0f9b00 00efe500 ff0b8b00 00f5b400 fef96200
PCM 00e9e0 01064400 fee98c00 01190400 fed6de00 0129d400 fee4d900 011df000 fee3a200
PCM 00e9e8 011b1e00 fee71b00 0114ea00 fed4bc00 012dfc00 fec43a00 013dd100 fec3df00
PCM 00e9f0 013dc100 feba8b00 01498b00 feb27600 014d2f00 feab0f00 01552a00 fed78800
PCM 00e9f8 012e8a00 fec8a100 01379400 fecdf200 01361400 fed87800 01254100 fefe4b00
PCM 00ea00 00fffd00 f4000 0078d500 ffc92b00
PCM 00ea00 ffd65600 00140200 ffeb2800 00049b00 fff86100 002aec00
PCM 0000504500 ffaa8600 005cbf00 ff9a4f00 0064aa00 ff947d00 006af000
PCM 00ea30 ff8e0c00 00601000 ff9e7c00 006a3100 ff8f2000 00806500 ff77dd00 0099e500
PCM 00ea38 f 01521500
PCM 00ea48 feaa0000 01559400 fe9ef800 01521600 fea29000 fe835200 019f3800
PCM 00ea50 fe54b600 01b9b300 fe3a6000 01eef5100 02446800 fdac3f00 02679d00 fd84e400 02bc7e00
PCM 00ea60 f6a7c00
PCM 00ea68 fc832700 0396b500 fc574000 03bfc100 fc303e00 39e4100 fc4fb100 03c33c00 fc29f600 03a12c00
PCM 00ea78 fc4f6e000ea80 fca32300 03493a00 fca32b00 03359200 fcb97e00 03099600 fce8CM 00ea88 fcf49a00 02f40200 fcffec00 02f11600 fd018000 02dcae00 fd169500 02dc3600
PCM 00ea90 fd2905b00 fd5c6800 026dd900 fd7feb00 02449800
PCM 00eaa0 fdad830000 01468400
PCM 00eaa8 feae1300 012a0800 fecc3700 00ec7b00 ff07d400 00ca3d00 ff306700 00b3cb00
PCM 00eab0 ff46f100 00913a00 ff67ac00 006c5600 ff8c8300 002ef800 ffccb300 fffe3e00
PCM 00eab8 fffefd00 ffe52b00 0014b400 ffd08800 002a8a00 ffab4400 00502900 ff93cf00
PCM 00eac0 00690200 ff6dbd00 00904700 ff6fd400 008eb300 ff68bc00 0094fc00 ff545900
PCM 00eac8 00a9c800 ff354000 00cdf300 fef00900 010ccd00 feb57f00 014d0a00 fea6fa00
PCM 00ead0 015a8c00 fea43b00 0159ef00 fe981900 016a9800 fe9e3d00 01652600 fe71a92a400 fe60f900 01a1e200 fe85e501272500 fecae600 01324c00 feb90400 014aa300 fe9ccb00 0162eb00 fe840c00
PCM 00eb00 017ea800 fe84de00 017d1500 fe727f00 018eb600 ee97f00
PCM 00eb10 01199c00 fefda000 00fc2300 ff243700 00d9570000841f00 ff6f0200 008fd000 ff88c300 0072fc00 ffa29200 00576500 ffac9100
PCM 00eb20 00528c00 ffa64600 00569a00 ffbba700 00465b00 ffc2c300 003afa00 ffc52800
PCM 00eb28 0035bb00 ffc2ae00 003acf00 ffcf1000 002cf700 ffc0c100 0043ed00 ffb8ca00
PCM 00eb30 00473100 ffbfa000 00419300 ffe6ab00 0017a000 00049900 fff98000 00043a00
PCM 00eb38 fffe4700 ffe9f400 00122c00 fff5a200 00090c00 001f4300 ffe06700 00479900
PCM 00eb40 ffb11c00 0065c700 ff9a1d00 004eaf00 ffab9700 005d2e00 ff9c8600 00630a00
PCM 00eb48 ff96d000 00642200 ff95a400 00568600 ffa69800 00492800 ffafa700 00442200
PCM 00eb50 ffb3fc00 007c5e00 ff7a8400 009e3300 ff5b4700 00b15d00 ff451900 00be6700
PCM 00eb58 ff3b3800 00c62b00 ff36d500 00e6ec00 ff116900 00ffab00 fefe6200 0105df00
PCM 00eb60 fef2a000 01430100 feb3b600 015dc100 fe9b6200 0178a300 fe807a00 0178e700
PCM 00eb68 fe7b5900 01705e00 fe84b100 017f5800 fe751500 0188a100 fe6b5300 01946c00
PCM 00eb70 fe647a00 0191c600 fe67c400 01aaf000 fe4b2a00 01b36f00 fe3e1400 01d4ec00
PCM 00eb78 fe1bc400 01f0be00 fe01bf00 01f83100 fdfe8d00 02051900 fdea5a00 020b7500
PCM 00eb80 fde6db00 0228cd00 fdc7fc00 022ac600 fdc34000 0228e500 fdc91900 0215ae00
PCM 00eb88 fddd4200 02033500 fdef7e00 01faab00 fdf70600 01d32700 fe218100 01cc5300CM 00eb98 fe736b00 018c7e00 fe692600 01857400 fe73db00 0158da00 e3f00 ff515400
PCM 00ebb8 00ab2100 ff1dbb00 00e2d700 fef24400 0 00ebc0 01966600 fe1f6600 01e40400 fde36400 02216800 fda2fc00 025a9e00 fc83f200 03850300 fc60ae00 03a9f500 fc426500 03c8a500 fc1 0434dd00 fba28800
PCM 00ebe8 0467fe00 fb6d6300 049fa000 fb42d2 fb4a8c00 04c7cc00 fb383200 04d49300 fb45be00
PCM 00ebf8 04c55500 fb685c00 04a7b700 fb72c700 049c7900 fb90f000 047eec00 fbbbf600
PCM 00ec00 044ede00 fbcd8300 043de400 fbdaad00 0436bb00 fbf8e300 040fcd00 fbff4f00
PCM 00ec08 040c0900 fbecb700 04237c00 fbf95400 04194d00 fbfa2900 04176700 fc059e00
PCM 00ec10 040a9600 fc1e5b00 03f38900 fc22ed00 03e9d500 fc3a1800 03d25e00 fc44ca00
P00 03b29500 fc7b8000
PCM 00ec20 038dcc00 fcb84100 03504e00 fce43000 02e1a200 fd4be300
PCM 00ec28 02b6d800 fd6f9000 029a2100 fdd7f00 fe5df600 01a58c00 fe749200 0189e700 fe8be100
PCM 00ec38 000aac100 ff66a900 0098cd00 ff92c600 00690e00 ffb70e00 00431600 f5f00 ff37e100 00ed0600 ff0e3700 01167b00
PCM 00ec58 fedf8e00 01362000 fec23400 015d5600 fe954600 015fa900 fe989c00 01769a00
PCM 00ec60 fe7eb300 01899f00 fe67d000 01c99800 fe286f00 01eee900 fdfee000 021f7300
PCM 00ec68 fdd5b700 024c4100 fda4cb00 0273d800 fd7bdd00 02947e00 fd5b2000 02957b00
PCM 00ec70 fd5cb200 02a37e00 fd4d4a00 029ecd00 fd504600 02c70900 fd284b00 02ec0200
PCM 00ec78 fd011700 02eeea00 fd03d500 02d41300 fd1c4e00 02d5b000 fd1b25300 fcb28800 0355eb00 fc973800 3aa00 fc7b8700 03862200 fc67bb00 0383c200
PCM 00eca0 fc66cc00 0c7e0600 03657600 fc865500 0357c600
PCM 00eca8 fc956600 034f6e007400
PCM 00ecb0 fcb4a700 0350eb00 fc9d5400 03468a00 fcaaed00 036100 01e06500 fe152900 01831b00
PCM 00ecc8 fe743200 013a0c00 febb500 ffdedd00 ffe2e800
PCM 00ecd8 001b3500 ff84d200 00767200 f8 02543d00 fd5eec00 029eb400 fd213300 02e39a00 fcdca300 032d4700 fcb97600
PCM 00ecf0 034f0800 fc9f7b00 03679500 fca45400 0363e811e300 03f9d900 fc020700 040cb700 fbf05a00
PCM 00ed00 041f7700 CM 00ed08 04a20b00 fb5bfd00 04b2af00 fb4e8600 04bd7000 fb31ee00 M 00ed18 04df5b00 fb43eb00 04ca2a00 fb540000 04b89800 fb6be100 060500 0479e600 fbc94d00 0442c000 fbec0400 04212100 fc034b00
PCM6900 fc3b5b00 03d1f200 fc53e100
PCM 00ed30 03b49500 fc5f2300 030 fd2fc800 02d4d600 fd49db00 02bbea00 fd592d00 02aba900 fd7be600
PCM 00ed48 028a3700 fdcefe00 02348800 fe0a0400 01fa3c00 fe2a7df00
PCM 00ed60 00cabc00 ff584e00 00a4ae00 ff6bfc00 00919b00 ff900 005edb00
PCM 00ed70 ff98d900 00974900 ff65d900 00bcdf00 ff3800 fed7ab00 013e0200 feba2600 0158a500 fea04f00 016bd400
PCM 000ed90 fdfe0700 02210f00 fdd14c00 02438400 fdab7a00 0268b000 fd88bb00 02a76b00
PCM 00ed98 fd485500 02b5af00 fd39c900 02e94700 fd00eda8 fc297e00 03bda400 fc326b00 03c06400 fc230900 03ab9a00 fc408c00 03c67200
PCM 00edb0 fc269300 03cd1d00 fc1c3f00 03e9c500 fbffc700 03e89000 fbff7500 03fd4900
PCM 00edb8 fbed0c00 04023700 fbed8000 0409af00 fbe29800 0424400 04152400 fbd7ae00 0406a300
PCM 00edd0 fbe1c000 03fad000 fbea6900 fc102300 03d32800 fc19c500 03c80e00
PCM 00edd8 fc220d00 0c590a00 036a2500
PCM 00ede0 fc81bb00 036afe00 fc82bb00 03792200 fc731200 036bae00 fc81fa00 033a3a00
PCM 00ede8 fcb76c00 030ce200 fce39100 02f4d900 fcf91600 02fdd400 fcf21a00 02ea6800
PCM 00edf0 fd062800 02ca7d00 fd233500 02b76d00 fd375f00 02872100 fd651200 02753100
PCM 00edf8 fd7fff00 024b8e00 fda5f500 02325a00 fdbfb400 02218b00 fdcf0900 01eea000
PCM 00ee00 fe034a00 01cfd900 fe230200 01af6000 fe452a00 017ab900 fe7a8000 017cd300
PCM 00ee08 fe7d7100 01655900 fe905200 01386200 febd1600 01200f00 fed7bf00 00f48f00
PCM 00ee10 ff019e00 00dbdb00 ff1b3f00 00b4bd00 ff427600 008e5e00 ff68e800 005d1b00
PCM 00ee18 ff9d8600 00222500 ffdc3b00 0021b200 ffd86d00 ffef9d00 00094300 ffdf9800
PCM 00ee20 001a5100 ffd70600 0024dc00 ffbc2100 00416b00 ffc4bf00 003abe00 ffc5c900 ff7d7800 007d3600 ff7b1800
PCM 00ee30 007f5f00 ff5df200 001500 012f3f00 fec64800 013b5100 fec9cf00 013a6f00 fed1ac00
PCM 00ee48 012d2000 fecfcc00 012aa900 fec3bd00 013e3000 fec66c00 013bd900 fec51d00
PCM 00ee50 01338800 feb23400
PCM 00ee68 014ced00 feb59e00 0148f100 feaf9000 01500 fec30600
PCM 00ee70 013ea200 fec22000 01403400 fedb6e00 0122400 01494a00 feabdf00 0153dd00 fea38f00 015b1a00 fea14c00
PCM 0eb57900 01481d00 feb2af00
PCM 00ee88 014dfb00 feb09900 01525c00 fe9eba00 0164df00 fe9f2b00 0166b400 fea54300
PCM 00ee90 0159f800 fea66900 01585b00 feb04900 01504300 fe8d8b00 01734a00 fe933e00
PCM 00ee98 016b3100 fea9db00 0157fa00 feabcf00 0152f900 feacad00 01522e00 fe99d900
PCM 00eea0 0169e500 fe9eb300 01634500 fe979800 016b7500 fe9c8f00 01654300 fe925100
PCM 00eea8 016cb700 fea70f00 015b9e00 fe9e1c00 015eb800 fe971600 016a8900 febcc000
PCM 00eeb0 0145e500 fec69c00 01394d00 fedd7000 011de800 feddbf00 01212900 fee0f100
PCM 00eeb8 01206f00 fef3f300 010c4400 fee80200 0118c100 fedb5c00 0120f500 fef72900
PCM 00eec0 01092100 ff13fc00 00eabb00 ff252d00 00da5800 ff287f00 00d48f00 ff38ea00
PCM 00eec8 00cc9d00 ff522400 00a8fb00 ff63ca00 009d1900 ff797a00 00844000 ff927200
PCM 00eed0 00694d00 ff96a900 0061f600 ffc40300 00368d00 ffe49c00 00152f00 ffe47400
PCM 00eed8 0013f300 00020800 fff57400 00085300 fff0d600 000e3900 ffef1000 000bae00
PCM 00eee0 ffec0100 00116700 ffec1900 00094400 fff42d00 00203400 ffdcf400 000f3600
PCM 00eee8 ffed2400 0028b000 ffd2a500 0048da00 ffb16200 00577b00 ff9fb900 006bc400
PCM 00eef0 ff90e700 00827f00 ff744e00 013a1200 febd5100 01345a00
PCM 00ef00 fec16400 01332100 feCM 00ef10 fe7bea00 017e0b00 fe775400 0152a700 fea2f500 015f9100 
PCM 00ef20 fe7a3b00 019c7800 fe59d300 01b3f700 fe3f7700 01b59c0229400 fdd20900 0238bf00 fdbd4100 023b4100
PCM 00ef30 fdb8d400 02489c00 fdaa1d00 02459600 fdaaa100 023a0b00 fdb38c00 022c2d00
0ef38 fdc37400 023e2900 fdb4c700 02341400 fdb9cb00 02270700 fdcc00 01f50000 fdfdc200 01e2a000
PCM 00ef48 fe149400 01e73300 fe0ce600 01e54d00 fe107b00 01e18c00 fe134300 01d94700
PCM 00ef50 fe15f800 01ef0000 fe020d00 01f84900 fdf9f700 02054800 fdedee00 021a6000
PCM 00ef58 fdd34700 023f1d00 fdb5ab00 02665f00 fd8e0c00 02565b00 fd9a6000 024d2b00
PCM 00ef60 fda3a800 0245af00 fda93700 02294d00 fdc6a400 02156100 fdde1200 020edf00
PCM 00ef68 fde59600 021f6400 fdd23000 0210e300 fddfc600 02072d00 fdedf700 021e5300
PCM 00ef70 fdd57200 022cd100 fdc92400 023a2000 fdb97600 02480900 fdae3b00 02558800
PCM 00ef78 fd9a7500 026ac000 fd83ee00 0283ba00 fd6e8e00 02799c00 fd769d00 02792000
PCM 00ef80 fd794500 027dc000 fd747b00 02897900 fd65e300 02828f00 fd704600 0270c400
PCM 00ef88 fd7f5900 02587700 fd987200 0230a500 fdbd6000 02229200 fdcc7c00 02236e00
PCM 00ef90 fdce7500 02215a00 fdd47900 0215a900 fddb2000 02018600 fdf2fb00 01f6ff00
PCM 00ef98 fdfbc100 0223bc00 fdc9b200 024c1000 fda85f00 0257cb00 fd9c1b00 0240b600
PCM 00efa0 fdb1a400 0235a900 fdbd3d00 0221d400 fdd36300 01f58a00 fdff6000 01dee400
PCM 00efa8 fe176f00 01b79c00 fe398f00 01b8c400 fe0 fe497500 018eb900 fe631300 016cc200 fe863500 0132dc00 fec2b7000f3e00
PCM 00efb8 fee64c00 010e2d00 fee30200 01169100 feddab00 00f5b100 ff007600 00e45b00
PCM 00efc0 ff120000 00cd7400 ff2a0200 00dcac00 ff19fa00 00e91000 ff093400 00ee8400
PCM 00efc8 ff08f900 00fc5600 fef7a800 00fce400 f0b00 ff32e600 00af9400 ff44d400 b0600 ff1e5c00 00dc3900 ff178a00 00fcd600 fef94a00 00fc9b00
PCMf300 01106d00 fee84100 0121a700 fed1d600 013f0700
PCM 00eff0 feb79900 014a0e00 feae4a00 016f6e00 fe888e00 0193cf00 fe617e00 01a02c00
PCM 00eff8 fe558000 01b1a7b00 fdc57b00 02508d00 fda3b600 0262b400 fd8f3e00 028ff900
PCM 00f008 fd5fcf00 02bc2600 fd327600 02f48000 fcfc7a00 030bd200 fce3a600 03337d00
PCM 00f010 fcba9d00 03370c00 fcb62700 033ec800 fcad0c00 03403000 fcabbe00 03371e0 fe20ae00 01d3e600 fe207800 01de3d00 fe178100 01f4c700
PCM 00f040 fdfe4400 01f6d100 fdfd6600 01e1e700 fe12fb00 01de9000 fe141600 01de1000
PCM 00f048 fe136b00 01dc4700 fe173d00 01c9e600 fe27dc00 01d98600 fe18ae00 01d89000
PCM 00f050 fe152000 01c98100 fe27b100 01c3f500 fe2b3600 01abdd00 fe428a00 0185d800
PCM 00f058 fe69c200 014fb400 fea71d00 012df800 fec4d900 00f49a00 ff034700 00a72500
PCM 00f060 ff55ad00 005b9900 ff9c6f00 00030f00 fff82e00 ffa78b00 00525f00 ff4a4d00
PCM 00f068 00b28300 fef4be00 010a2800 fea7ba00 015d6a00 fe69d000 019ebb00 fe000100
PCM 00f070 0204d00 030aaa00 fc97c600
PCM 00f078 036f2e00 fc428200 03ca0a00 fc03cb00 0406b700 fbcfbb00 043f1200 fba2f200
PCM 00f080 046cc600 fb5f1f00 04b16f00 fb168600 04f9e800 facfed00 0540ba00 faa2ed00
PCM 00f088 05700600 fa682a00 05a74400 fa40ce00 05d0fa00 fa152c00 05f8a100 f9f7f700
PCM 00f090 061d2400 f9e0df00 06343000 f9c73800 0648ad00 f9eb6500 062c5700 fa054100
PCM 00f098 060f9a00 fa246300 05ee8100 fa4a6400 05c4f500 fa828e00 058c5500 facf9d00
PCM 00f0a0 0541e700 fb13ad00 04f78c00fd5a9b00 02abdd00 fd829700
PCM 00f0b8 02864600 fd8a0500 027df40e7600 fe0b4e00 01f8f000 fdf87200
PCM 00f0c8 020b1000 fde01100 02204500 fdc62600 023cd800 fda350
PCM 00f0d0 02932a00 fd3c6800 02ca0200 fcf99600 030af500 fcc049a00 fb36d000 04d61600 fb189a00 04facb00 fb265300
PCM 00f0e8 04e50800 fb279700 04e74d00 fb190800 04f69200 fb2aa800 04e42a00 fb426d00
PCM 00f0f0 04ce2e00 fb1e1e00 04f0bf00 fb0ff400 04ff6d00 fb093800 05079200 fb24f300
PCM 00f0f8 04ea4000 fb270800 04e79200 fb128c00 04fe5100 fb1d3900 04f44000 faf60400
PCM 00f100 05179d00 faee5c00 0526a700 fac91c00 0547e100 fac08600 054f2200 fada3700
PCM 00f108 05397100 faf4c600 05189c00 fb03d200 0505d900 fb1c1b00 04f2fe00 fb524300
PCM 00f110 04bfc000 fb54f100 04ba3600 fb607c00 04ac9400 fb924e00 047d8600 fbc2e400
PCM 00f118 044d8500 fc027b00 040a5600 fc2a1b00 03de9c00 fc570c00 03b4ac00 fc61ac00
PCM 00f120 03a7d400 fc7d9c00 038bd600 fc9a7e00 036f1300 fcb6b000 0352bc00 fcdee300
PCM 00f128 03295600 fce2e900 03252f00 fcf41500 030fd400 fd292c00 02e33800 fd5bab00
PCM 00f130 02aa7900 fd87d600 02826800 fdafab00 02571b00 fdd6d800 022e1800 fdec6d00
PCM 00 fe47fb00
PCM 00f140 01bc1c00 fe72cb00 0192b200 fe824900 01816c00 feabac00 0155fd00 fed04600
PCM 00f148 012d0000 feeb1500 01130e00 ff1d1f00 00dd4f00 ff425600 00bfa600 ff656200
PCM 00f150 009a3600 ff6f6c00 008d9b00 ff773e00 00887700 ff9e9c00 005f9c00 ffb72f00
PCM 00f158 0047f400 ffd62f00 0025ba00 ffd62700 00233d00 00083b00 fff2ab00 00409400
PCM 00f160 ffbbcb00 0061e600 ff95e600 008dfa00 ff6b0e00 00931800 ff687800 00a95f00
PCM 00f168 ff4e0900 00b40c00 ff46e600 00a88400 ff4f3a00 00c4e600 ff37aa00 00d6bf00
PCM 00f170 ff201800 00e0c700 ef46f00 010fad00
PCM 00f178 fee70d00 01204b00 fed4cc00 01251b0057200 012a3600 fed03900 012bdb00100 fe97c200 0188bf00
PCM 00f188 fe6e5800 019da600 fe584300 01b00 01c03900 fe335300 01a6b100
PCM 00f190 fe4e4300 01a81200 fe4a fe602a00 01c12f00 fe382200 01d56a00 fe186800 01f12b00
PCM 00f1ded2b00 0207a700 fdec1500 021c2000 fdd97400 022e3900 fdc29800 0217ae00
PCM 00f1b0 fddbf200 02119800 fde2c900 0210a900 fde5c700 01ea7200 fe0a3f00 01e76200
PCM 00f1b8 fe0d0000 01e35c00 fe116d00 01f1f200 fe03cf00 01d84f00 fe171d00 01e6e200
PCM 00f1c0 fe055600 01ed2800 fe074900 01f3bd00 fe012700 01f64c00 fdf58300 01f9c200
PCM 00f1c8 fdfc5800 0219e300 fddc8000 021b6400 fdd5aa00 0222fe00 fdd0b700 0233eb00
PCM 00f1d0 fdc27200 023f8700 fdaf3000 024fa200 fd9f8400 0271b700 fd802000 027e8800
PCM 00f1d8 fd732000 026ed900 fd804000 027b8700 fd737900 02824000 fd6b9b00 02815200
PCM 00f1e0 fd6c9f00 0295cd00 fd5d5700 02900200 fd61ea00 02877700 fd661700 02680200
PCM 00f1e8 fd869a00 0258d800 fd978800 024d6200 fda24400 024efa00 fda0f600 025e0000
PCM 00f1f0 fd970d00 024ed400 fda1d000 02337200 fdbc5c00 02244c00 fdce9100 0241bd00
PCM 00f1f8 fdaf6e00 02341900 fdbb5b00 023e5100 fdb82a00 024de800 fda00 0260c800 fd8d4600 02410a00 fdadeb00 02396400 fdb5f300 023f5100
PCM 00f208 fdb46600 024e1e00 fda59500 02551900 fd990200 023d0900 fdb55100 02163700
PCM 00f210 fdd62500 0218fc00 fdd58300 021e1600 fdd24700 0201db00 fdede200 01e28500
PCM 00f218 fe0d6400 01e78100 fe0d5d00 01d89f00 fe19a400 01e75500 fe0abd00 01f08b00
PCM 00f220 fe056200 01d19f00 fe22c700 01bf7600 fe344f00 01c3e800 fe2ff700 01d65100
PCM 00f228 fe204600 01c74e00 fe304700 01c0a000 fe320000 01b6c900 fe414f00 01d3ec00
PCM 00f230 fe209500 01e5b300 fe0d8a00 01c1e500 fe2e9d00 01ca6a00 fe2af300 01df1a00
PCM 00f238 fe121300 01eecc00 fe08f500 01f6ca00 fdfdfd00 01f29300 fe008600 01e3d000
PCM 00f240 fe108e00 01dc5100 fe1a0b00 01d4d700 fe20a100 01dec500 fe12ed00 01ca330fe4f9e00 01b52100
PCM 00f250 fe1aae000 fe4c8200 017f6300 fe753600 01780000
PCM 00f260 fe84310000
PCM 00f268 fed65f00 0128cc00 fecae200 0105fa00 feef7900 00df00 ff653700 009ecc00
PCM 00f280 ff5d8800 0096f800 ff62e900 00734e00 fffecd00 ffe22300
PCM 00f290 00179200 ffd17b00 00279800 ffb75e00 00406a00 ff85e100 0073b2000 0084c000 ff8e5900 006f1300 ff8d3600 00713b00 ff97dd00
PCM 00
PCM 00f2b8 0069b800 ffa3f400 00580000 ff8a6f00 0071f000 ff97b2f9bee00
PCM 00f2c0 0060ec00 ff787b00 00849700 ff662e00 0095b8004b6700 ffcd6300 00340a00 ffde4b00
PCM 00f2d0 001be000 ffed1c00 8 ffe80a00 fffd4400 fffcfa00 ffd99900 001f7000 ffcb8600 00309b0000
PCM 00f2e8 00693c00 ffa6b500 00599f00 ffaf0f00 004a6800 ffa2a000 00583f00 ffa65600
PCM 00f2f0 00568900 ffc9d300 0034e500 ffe35100 0016ef00 00138d00 ffe84f00 0033b800
PCM 00f2f8 ffc3b900 0070e900 ff892400 00967400 ff655900 00904b00 ff69f200 008b3800
PCM 00f300 ff70d600 00a3f400 ff50a100 00bc3a00 ff3f3d00 00b0f100 ff404400 00ad0200
PCM 00f308 ff4d8000 0089de00 ff6df100 00802500 ff78f600 007f5500 ff7a2700 00752500
PCM 00f310 ff86ce00 00690600 ff937e00 004f5500 ffa51200 00587b00 ffa2a100 005b0500
PCM 00f318 ffa12f00 005bdb00 ff9e8b00 008bc600 ff6f8600 00bae700 ff394700 00bc0f00
PCM 00f320 ff3a5800 00c0df00 ff34c700 00e8cf00 ff118600 01108300 fee67600 0124f900
PCM 00f328 fed57700 01224c00 fed40f00 01240200 fed04100 011f6a00 fed2df00 01297600
PCM 00f330 fecb5700 010f0200 fee52700 0122b900 fed37200 0125f700 fecaf300 0123e500
PCM 00f338 fed23900 011f4f00 fed4a000 0118e700 fedcba00 013c1a00 febd6d00 0143cb00
PCM 00f340 fead2d00 01653200 fe922c00 01a51500 fe4e5f00 01bbd800 fe348200 01e1cf00
PCM 00f348 fe0e8200 01e70b00 fe0dfa00 01fcb600 fdf4a000 02195300 fdd77c00 0200 fe162500 01bc0500 fe347800 01d7c100
PCM 00f368 fe1a2600 01d66200 fe207b00 01deb400 fe15ce00 01fe3a00 fdf4fe00 0220a800
PCM 00f370 fdcfd400 0228e400 fdc86900 02352500 fdbf7200 022ac400 fdca3e00 02178b00
PCM 00f378 fddb8a00 020aca00 fde8de00 0210dd00 fde5d300 02061c00 fde82500 021f8c00
PCM 00f380 fdd28f00 02370b00fdc0cd00 024b7000 fda86e00 02542e00 fd9d3700 02733700 fd7faa00 02780100
PCM 00f390 fd772600 02755d00 fd7a0000 02815100 fd6bce00 02929c00 fd627200 02a7e400
PCM 00f398 fd47e700 029def00 fd537600 02be8f00 fd2f7800 02c3ba00 fd2bd000 02b56a00
PCM 00f3a0 fd3c5000 02c7d100 fd272e00 02b53400 fd388900 02a13a00 fd530900 02a3b100
PCM 00f3a8 fd4abf00 02b4bd00 fd3a5f00 02cd9c00 fd21c100 02e6a400 fd048900 0310c800
PCM 00f3b0 fce34c00 031d4f00 fcd20c00 032a0000 fcbf8200 03382700 fcb49b00 03366b00
PCM 00f3b8 fcb78000 034ca200 fca30b00 0374d400 fc784b00 03559d00 fc989a00 03762600
PCM 00f3c0 fc797200 03791000 fc741a00 037ac600 fc728c00 038ef600 fc5f2200 039c7400
PCM 00f3c8 fc50c600 03a45100 fc44a100 03c7f900 fc20d100 03dcda00 fc0ce900 03ed9f00
PCM 00f3d0 fbfdf500 04272500 fbc4f000 0436c500 fbb2e000 04440500 fba8f500 0462b700
PCM 00f3d8 fb831800 0480dd00 fb6a2d00 04a0d600 fb49f000 04c54a00 fb1e3e00 04c7ee00
PCM 00f3e0 fb1db000 04fd8f00 faec9d00 05445800 faa0d700 056d2c00 fa7b9300 05a18200
PCM 00f3e8 fa435f00 05d09800 fa140400 05f11100 f9f27700 0606b500 f9d87600 06358f00
PCM 00f3f0 f9a8e500 06631800 f97deb00 069d3b00 f93f4500 06c99000 f9177b91100 0727c200 f8b94e00 073b6d00 f8a27800 073ea600 f89cfe00 07566d500 06776d00 f968df00 06477400
PCM 00f410 f99a2d00 05ebd900 fa8f1a00 04f34c00
PCM 00f418 faf13700 04a21c00 fb447d00 043a3d00 fbae3000 03ee3500 fbf95e00 03aacb00
PCM 00f420 fc445500 038a5300 fc626f00 0367f300 fc87ad00 030 028b6500
PCM 00f430 fd649700 0275f600 fd7f4b00 02533e00 fd9f601a24800 fe4ef800 0168c500 fe8ae800 014b2200
PCM 00f440 feaadf00 011c2200 fedb3a00 00f96c00 ff007a00 00d78300 ff1f1700 00b17300
PCM 00f448 ff44fe00 0068d600 ff8ec100 00499100 ffae7900 00328800 ffcaf900 fffb6500
PCM 00f450 004a2900 ffa93e00 00572300 ff95ba00
PCM 00f458 0063fe00 ff9a800 001acf00 00104e00 ffeafc00 00409400 ffb9dd00 00513800 ffaf1d00 006d5800
PCM 00f468 ff8d9100 008f0400 ff636100 00b0d400 ff4a2000 00f51600 ff055c00 01168a00
PCM 00f470 fedfda00 01266700 fed06600 013e3200 feba8e00 01724d00 fe831d00 01c43c00
PCM 00f478 fe302900 01e9b900 fe0d2d00 01ee8100 fe085900 01d5fd00 fe193c00 0205d100
PCM 00f480 fdec5b00 02218300 fdd21000 0205ca00 fdec1200 01e19b00 fe146400 01bdcd00
PCM 00f488 fe38b200 01ac5f00 fe493400 019a2100 fe599e00 016ad800 fe8b3d00 0121bb00
PCM 00f490 fed20500 00dcef00 ff1a0400 0086e100 ff705400 0029be00 ffce0b00 ffcbe600
PCM 00f498 002f0400 ff5f1c00 00a05800 ff042c00 00f7a400 fe9b2a00 01669000 fe1bdd00
PCM 00f4a0 01e9a600 fdced600 0235c900 fdb09f00 0253f100 fd95f600 026e0d00 fd5b3800
PCM 00f4a8 02aa9900 fd2f8c00 02d73a00 fd1b9500 02eb7200 fd1aa700 02ec9900 fd0c2200
PCM 00f4b0 02f83700 fd0b9600 02fc0c00 fd247700 02e63100 fd104f00 02f45200 fd175000
PCM 00f4b8 02ef0300 fd403000 02c54200 fd59c000 02a87900 fd668500 029b9a00 fd9eef00
PCM 00f4c0 02671c00 fde68300 021c7700 fe1e8600 01e40f00 fe547200 01abdc00 fe8ea500
PCM 00f4c8 01730d00 feb2f400 014a7d00 fed8bc00 0128d500 fee9cc00 01137100 ff10f100
PCM 00f4d0 00edf300 ff399e00 00c48d00 ff3bbb00 00c3cc00 ff361f00 00c98d00 ff328a00
PCM 00f4d8 00cdcd00 ff38d900 00c87600 ff0e1400 00f1b200 fecc0000 012e7d00 fe82be00
PCM 00f4e 0259e900 fd6c0300 02983100 fd416400 02c77300 fcf24e00 0311ff00 fcab8500
PCM 00f4f0 035e7b00 fc7be700 0390ad00 fc45ee00 03c30500 fc1cb900 03eb4a00 fbe47800
PCM 00f4f8 04273200 fbcf5c00 043fc000 fbb8a600 04520e00 fbaa0100 045ec400 fbaa8e00
PCM 00f500 045 04692200 fb7f0d00 048eaa00 fb69c600 049f4000 fb656900 04a50c00 700
PCM 00f518 04a9ff00 fb543900 04bdb800 fb363b00 04d83400 fb2a0200 04e4be00 fb3f5300
PCM 00f520 04cdcb00 fb46bd00 04cab500 fb2b5200 04df7300 fb38ad00 04d7ff00 fb454300
PCM 00f528 04ccbe00 fb727f00 049e6500 fb6cfc00 04a17600 fb837900 04887500 fb883300
PCM 00f530 04829700 fb877500 04860c00 fb921600 047a8c00 fb858f00 04885000 fb68a000
PCM 00f538 04a52c00 fb6da000 04a31b00 fb81ec00 048a9800 fb85da00 04848f00 fba37a00
PCM 00f540 04674000 fbb14f00 045cb300 fbbadf00 044f3300 fbd7ee00 0438ce00 fbd3e900
PCM 00f548 0433be00 fbfa6a00 0410bc00 fc2e2a00 03de3000 fc412a00 03c45b00 fc6cde00
PCM 00f550 039ff400 fc962900 0371a400 fcc17200 0342cb00 fce5a500 03213f00 fd048600
PCM 00f558 0304cd00 fd30c700 02d50300 fd7d9800 02852100 fd8be800 0275f400 fd8b0f00
PCM 00f560 0278eb00 fda20600 02605b00 fdb33600 02503c00 fdddd800 02239000 fdfb8d00
PCM 00f568 0206c000 fe196e00 01e75800 fe335100 01cf3700 fe5c0f00 01a66b00 fe746d00
PCM 00f570 018ce000 fea62900 01577400 fec07600 013d8800 fece4c00 01306300 feff7c00
PCM 00f578 0101f800 ff35fc00 00c69400 ff52a000 00a98a00 ff6d1700 008eb600 ff8bf900
PCM 00f580 006f2000 ff962900 00641700 ffaf5e00 004abc00 ffc3c700 0032c000 ffc37a00
PCM 00f588 0039fc00 ffd56b00 00278c00 ffd40000 002a2c00 ffdb8200 0021f900 0005ef00
PCM 00f590 fff60c00 002c5a00 ffccbd00 001a9a00 ffdcf500 00381e00 ffc01a00 003d900 ff7a5600 006dc100 ff8abf00 0083ca00 ff762800 00897d00
PCM 00f00 00736e00 ff865500 00675b00 ff93df00 0065e000
PCM 00f5b0 ff963a00 0067f600 ff90dd00 00748800 ff871c00 005ee200 ff98ca00 00453b00
PCM 00f5b8 ffb64800 0041d300 ffb74c00 00409700 ffbbe100 00550b00 ffa35c00 00633000
PCM 00f5c0 ff939c00 00534e00 ffa32d00 0065b200 ff952100 00501200 ffa6ac00 0064c600
PCM 00f5c8 ff90d300 00806000 ff77f600 00859300 ff755c00 00808400 ff79ca00 006fbc00
PCM 00f5d0 ff864900 0065d500 f00 ffafc800 00377600
PCM 00f5e0 ffc12600 001bde00 ffe2eb00 000c8600 fff0e500 fff37400 00069200 fffb5000
PCM 00f5e8 00014100 ffefc700 000ed400 ffe7c000 00144b00 ffc48f00 00379000 ffb96800
PCM 00f5f0 0042d700 ffb55f00 0045cf00 ffa62c00 00575800 ff75df00 0084f600 ff637400
PCM 00f5f8 00954b00 ff437800 00b82800 ff3bb200 00bed600 ff31e400 00cafd00 ff2db700
PCM 00f600 00d3a700 fefd9e00 00fd4500 feebe800 01158700 fed1cd00 012bd400 feb92700
PCM 00f608 01479c00 fec49600 013c1700 fe915500 016dba00 fe696000 0194df00 fe748100
PCM 00f610 0189f700 fe533e00 01acac00 fe59df00 01a95500 fe567f00 01a7b600 fe34a900
PCM 00f618 01ce7d00 fe270b00 01dbe600 fe0c2900 01f56e00 fe15a600 01ebe000 fe08f300
PCM 00f620 01f83e00 fdf6eb00 02093000 fe072400 01fb7700 fe0ee400 01f2bc00 fe047800
PCM 00f628 0202b700 fdfb8e00 0204c200 fe073200 01fbd100 fe0f7400 01f5b600 fdede400
PCM 00f630 0211d600 fdf38600 02122300 fdefd200 02138d00 fdcab700 02355e00 fdbb8900
PCM 00f638 0247ad00 fdd5ad00 022c6000 fdbf7b00 0240e900 fde6a400 021f0a00 fde82600
PCM 00f640 021d3b00 fdf45500 020d7300 fe088a00 01f89500 fe294a00 01dda200 fe254600
PCM 00f648 01dee100 fe317c00 01cff100 fe38f100 01c92400 fe3a9b00 01c5c200 fe41fe00
PCM 00f650 01c0f800 fe511900 01b16200 fe710e00 018fef00 fe8a0c00 01778400 fe939b00
PCM 00f658 01722a00 fe9aa100 0165da00 fea0c500 01644500 fea5fa00 01586d00 fe9be400
PCM 00f660 01662600 fe9ee600 01612300 feae3400 01563f00 febe0f00 0145a800 fec68400
PCM 00f668 01359700 fe800 01081400 ff22b700 00dcc000 f70 00c20000 ff4b1e00 00b18c00 ff4c9300 00b0dc00 ff5b0200 00a46b0ff69f800
PCM 00f678 0091dd00 ff6d7200 008bda00 ff704800 0088580b8f00 ff8b3700
PCM 00f680 00769700 ff7f0100 007e1300 ff8a0b00 0fe3f00 0000e900 0014e300 ffe79d00 00376b00
PCM 00f698 ffc2fb00 0089f200 ff6c9200 00950600
PCM 00f6a0 ff619200 00c3a500 ff363800 00def100 ff19b100 00dbfe00 ff221500 00f78300
PCM 00f6a8 ff028ae00 fed41700 014e3d00 feab6000 014ca500
PCM 00f6b0 fea90200 01e00 fe8bf700 016ae500
PCM 00f6b8 fe89af00 01982500 fe5ec100 01ad7200 fe438300 01b75b00 fe3a2200 01c9aa00
PCM 00f6c0 fe2b3500 01ecf600 fe06e700 023a6d00 fdbb5400 026fe300 fd834000 0297f000
PCM 00f6c8 fd578800 02bb7e00 fd3bb300 02d92100 fd14db00 03004f00 fced0b00 031e3400
PCM 00f6d0 fccc9d00 0334b100 fcbc1b00 035ada00 fc91e100 0376ca00 fc72ba00 03aa3600
PCM 00f6d8 fc460b00 03b02c00 fc3bf700 03a60300 fc42f500 03c67300 fc225a00 03c78e00
PCM 00f6e0 fc1fca00 03bba800 fc2c9100 03c2ff00 fc26e900 03e10500 fc072b00 03e97c00
PCM 00f6e8 fbffe800 03f3bb00 fbf4c100 03d94b00 fc0b3100 03c41500 fc2abe00 03acf900
PCM 00f6f0 fc3ad400 03a4eb00 fc47ed00 038e5300 fc573b00 036f7800 fc7c9300 032d5500
PCM 00f6f01fd9300 fdf8a400 01a5d100 fe528300 017cc300 fe7a1800 01417000
f9bee00 00600100 ff8f2500
PCM 00f718 006c6400 ff6e2400 00956c00ff4e7a00 00aca300 ff4ded00
PCM 00f720 00b10200 ff5b6200 00a1a50700 ff909700 00682700 ffa04a00 005a3500 ffc03200
PCM 00f730 0030104200
PCM 00f738 ffebed00 001a4900 ffe0be00 00112b00 ffe7c200374600 00c9ed00 ff2c9000 00db7c00
PCM 00f750 ff1d6c00 00f4f200 ff07ae00 00f95500 fefb9300 00e75d00 ff164000 00c96d00
PCM 00f758 ff2cc600 00c60600 ff313000 00c00 007f7900
PCM 00f760 ff78d900 0075b300 ff7f5b00 006f2600 ff86M 00f768 ff921400 0057ef00 ff9f4400 00430400 ffba7000 002a7300 f0 ff8b1800 0070c600 ff6e8200 008d1e00 ff5cb300 009fa800 ff34f200
PCM 00f780 00c79800 ff2d8500 00d08600 fefe6f00 0102f200 feaf7600 014e5100 fe82bf00
PCM 00f788 01816500 fe75f300 01895100 fe573000 01ab1700 fe588100 01aa0100 fe4d6600
PCM 00f790 01b63c00 fe2f7500 01d1a500 fe163b00 01ecc600 fe1dae00 01e75100 fe1dad00
PCM 00f798 01e88a00 fdf3f600 020f5700 fdd35800 02322100 fdd39e00 02319f00 fdcc4000
PCM 00f7a0 0235c900 fdc72f00 023ef200 fdbfd200 0247b100 fdacd600 02562100 fd938300
PCM 00f7a8 02703300 fda67b00 02613900 fdc10800 0240e700 fdb75200 024e0700 fd7d0f00
PCM 00f7b0 0285bc00 fd72c100 0292e200 fd663700 02a42e00 fd5d1900 02a4d000 fd43e500
PCM 00f7b8 02c3b200 fd36d300 02d09f00 fd3e1000 02ce2a00 fd2d4d00 02d8ac00 fd40c300
PCM 00f7c0 02c5b300 fd271800 02d90c00 fd24d000 02dcab00 fd3b4800 02cc2300 fd359100
PCM 00f7c8 02cf3e00 fd406900 02c41a00 fd50e500 02b6f500 fd46d000 02bc1100 fd410600
PCM 00f7d0 02c2cc00 fd456b00 02c22200 fd4cf400 02b6ed00 fd527b00 02aeb600 fd60d600
PCM 00f7d8 02a56a00 fd4c7200 02bc0900 fd4eaf00 02b60900 fd55de00 02b0bc00 fd632600
PCM 00f7e0 02a12f00 fd80cd00 0283ed00 fd95e800 02704d00 fda36900 02626d00 fda94200
PCM 00f7e8 025be700 fd954800 02739000 fd909000 0276f600 fd86ad00 027d8a00 fd731800
PCM 00f7f0 0292b300 fd711700 0293f200 fd760e00 02916300 fd86bf00 02810b00 fdab4d00
PCM 00f7f8 025b8d00 fda0f500 025d0100 fda1a800 025eaf00 fda48900 025ef600 fda60600
PCM 00f800 025e3400 fda4b300 02600d00 fdb93400 024b3000 fdc4c300 023c0500 fde15000
PCM 00f808 02276000 fdef6200 0217e100 fddfee00 0224a900 fdd14d00 02323500 fde83b00
PCM 00f810 021a8a00 fe19e400 01eb8c00 fe15c300 01ef7f00 fe248c00 01dbd200 fe25de00
PCM 00f818 01dbce00 fe241a00 01dd8b00 fe39d400 01cbea00 fe385900 01cb1500 fe19a900
PCM 00f820 01e9c000 fe220e00 01e30c00 fe2c4400
PCM 00f828 01b40600 fe644d00 019dd400 fe890800 01789900 fea486ecb4900 01348900 fedffe00
PCM 00f838 0121f900 fee81b00 01178300 fedc9a00 0127d700 ff0b8500 00ef9700 ff238500
PCM 00f840 00d7e300 ff213f00 00da9e00 ff2d1d00 00cff100 ff4dfe00 00b74600 ff6a4100
PCM 00f848 0097f900 ff849b00 00 ffcd1c00 002da000 fff7d900 00034300 fffd3100
PCM 00f858 00005700 00089600 fff00400 0022d100 ffd51600 00284500 ffd15d00 003f0600
PCM 00f860 ffbc7200 00448d00 ffb83c00 00701000 ff872500 0070
PCM 00f868 ff8b1900 00701d00 ff124c00 00e97b00
PCM 00f878 ff10c400 00f6c800 ff013a00 00f8ae0800 01408500 feb9bc00 01451b00 feadd300 01471500 feb17800 015d3300
PCM 00f888 fe918000 0165b500 fe894300 01827f00 fe72e400 0179d800 fe77f000 017a0000
PCM 00f890 fe7ef800 018bbd00 fe6a8900 018f9a00 fe640b00 01b0a000 fe422000 01f32000
PCM 00f898 fdfee800 01e27600 fe105a00 01da5500 fe15c200 01cb9400 fe265e00 01bed700
00f8a0 fe2f1c00 01bac800 fe39f500 01abb800 fe47fe00 01d07100 fe259e00 01d75b00
PCM 00f8a8 fe1ac800 01cbd700 fe2ccc00 01bbca00 fe391300 01aa1500 fe46ec00 01ba9400
PCM 00f8b0 fe39f200 01f7ea00 fdf9ca00 01f96b00 fdfbc600 01f90200 fdfbbb00 01e38900
PCM 00f8b8 fe105f00 01f31600 fe02c300 01fda000 fdf39600 0203bb00 fdf05c00 01f17500
PCM 00f8c0 fe001800 0202a900 fdf01000 021d3c00 fdd48700 02064300 fdeb8a00 021ea800
PCM 00f8c8 fdd16b00 02149600 fddd6000 0209aa00 fdeab500 021ae700 fddaa100 02120200
PCM 00f8d0 fde22700 01f4be00 fe025500 01e6a600 fe089f00 01d87d00 fe1da600 01d0db00
PCM 00f8d8 fe22f600 01c7b800 fe2e6500 01b3b800 fe3d1f00 01a4ca00 fe4fc900 01c6f100
PCM 00f8e0 fe2e0b00 01d9ba00 fe17a700 01c55c00 fe34cd00 01b7dd00 fe395000 01c01100
PCM 00f8e8 fe31cf00 01c44700 fe31b300 01e5ae00 fe10bf00 01f18700 fe039100 01c19a00
PCM 00f8f0 fe353400 01c02400 fe386e00 01b15400 fe44d900 019ff700 fe588a00 018b4a00
PCM 00f8e673500 0189a500 fe6b1300 01b17f00 fe440500 01c1e200 fe32cc00 01c6a700
PCM 00f900 fe2ce300 01b6d300 fe3df900 01cca700 fe2d1e00 01ae5700 fe46f600 019ecd00
PCM 00f908 fe574b00 01c08300 fe324600 01afd100 fe458900 019ed600 fe51d000 0193f100
PCM 00f910 fe612900 017e5e00 fe765900 017b7200 fe7c0f00 017e7600 fe7b0b00 018d0400
PCM 00f918 fe691600 016e6700 fe871000 01691000 fe8a6300 0152ac00 fea4b000 012fa900
PCM 00f920 fec7ff00 014a3c00 feaf7100 013e0500 feb96f00 01310900 fec2db00 01240600
PCM 00f928 fed5b700 01487000 feb0a500 01378200 fec2b600 0136da00 fec4d800 01317800
PCM 00f930 fec57400 01221700 fed47300 011b5500 fedd6500 010dbf00 feeb1300 010c4200
PCM 00f938 fee8b900 00ec3400 ff0a6200 00e243009f00 010b4d00
PCM 00f948 feec1800 00e44900 ff116900 00db2000 ff1c9800 00cd2e00 ff2dc800 00b56500
PCM 00f950 ff3f9000 009a5400 ff645200 00859300 ff71fc00 00627200 ff96a700 00684600
PCM 00f958 ff8b8c00 00787a00 ff82fa00 00602c00 ff975000 004f6a00 ffac4600 003e0600
PCM 00f960 ffb9e800 00237800 ffd3a500 000f1200 ffef9900 00228b00 ffd83600 00481c00
PCM 00f968 ffb7f800 003aac00 ffbe0b00 00224400 ffd7c100 0030fc00 ffc75d00 00296c00
PCM 00f970 ffcdb500 00191e00 ffe35d00 00151c00 ffe80a00 000fd200 ffec6f00 0001c200
PCM 00f978 fff85f00 ffe25800 001ce000 ffd5d500 0025040000
PCM 00f988 005cbb00 ff883d00 00766d00 ff813d00 007bd600 ff83fb00 007b0300 ff7c5400
PCM 00f990 007ff100 ff774500 0084ee00 ff762500 0085ff00 ff70ba00 008b6d00 ff86af00
PCM 00f998 00766c00 ff68e700 00918200 ff63b600 009cb000 ff662d00 00967b00 ff67e900
PCM 00f9a0 0095ed00 ff6ac500 00932400 ff6d4100 00921100 ff7ceb00 0081dc00 ff738200
PCM 00f9a8 0089ae00 ff6bd600 00926c00 ff652300 009d3600 ff60a900 009d5e00 ff61a300
PCM 00f9b0 0098e900 ff867a00 00756000 ff859f00 00775200 ff874300 0073ac00 ff9a8500
PCM 00f9b8 005fab00 ff81f800 00775000 ff899000 0073ec00 ff6e8e00 008c7e00 ff78f700
PCM 00f9c0 0080a800 ff931d00 006ec700 ff7fe400 007da900 ff5b8100 00a09c00 ff6e64b7800 00656500 ffa25100
PCM 00f9d0 005a6700 ffba5000 0045af00 f00 00243500 ffc54800 00376b00 ffa83200
PCM 00f9d8 0053ca00 ff9e8500 005bd000 ffae3c00 004f4300 ffb6e700 00414d00 ffd18d00
PCM 00f9e0 002ae300 ffe8e100 0012a900 ffd91000 00237a00 ffdf3f00 001f2200 ffe10600
PCM 00f9e8 001c700 00103800
PCM 00f9f0 ffeaf000 fffc6700 0004e200 00149700 ffe742a900 ffb9ff00 0065bb00 ff92a000 007aa900
PCM 00fa08 ff810700 008a7500 ff6ecd00 008c6c00 ff6b3100 00a98100 ff554800 00a9f200
800 00ac1f00 ff4a9700 009b5800 ff5eba00 00abd000
PCM 00fa18 ff4300 00c03300 ff3aa000 00c4ef00
PCM 00fa28 ff337700 00b33900 ff48fd800 ff696300 00878500
PCM 00fa30 ff6dc700 0072ec00 ff81e300 0079bc00 ff80ee00 00707000 ff864000 00783000
PCM 00fa38 ff83b000 007a5900 ff789f00 0079ff00 ff81d100 00654300 ff978400 0057a900
PCM 00fa40 ffa05c00 0057e100 ffa77f00 00455700 ffb17500 002f6100 ffc76a00 00038600
PCM 00fa48 fff96c00 ffd53200 00287300 ffcc0100 002cdc00 ffdbf300 001cb500 fff2de00
PCM 00fa50 0007aa00 fff07100 00089100 fffa2600 fffea600 ffe58d00 00167700 ffc50b00
PCM 00fa58 00372c00 ffc19d00 003de000 ffb95b00 00460300 ff882100 0076f200 ff991500
PCM 00fa60 00661d00 ffbe6600 0039bf00 ffbe7600 003c2200 ffb89300 00439e00 ffb8cc00
PCM 00fa68 0044a800 ffc99400 00364700 ffcc1300 00308f00 ffda3d00 001ea000 fff1e800
PCM 00fa70 000cc000 ffed6000 0011b200 ffd6d500 0025ad00 ffe5ce00 00156a00 00100b00
PCM 00fa78 ffeed800 00113700 ffeb1100 fff86b00 00035100 00016b00 ffff1200 fffaff00
PCM 00fa80 fffe1c00 fffa1700 00006300 fff27a00 0008f300 fff2bf00 000b1600 ffedd700
PCM 00fa880200 ffe9d800 0025b900 ffd8d800 0021a300
PCM 00fa90 ffd98600 00149a00 ffe92000 00207100 ffdb2200 00417300 ffb6de00 004d3b00
PCM 00fa98 ffac6e00 002ca000 ffc8f200 0019d700 ffdf1b00 001daa00 ffdfcd00 00155d00
PCM 00faa0 ffe52800 000d7b00 ffeba400 00094800 fff07200 fff6a700 00059c00 ffff00fab0 ffdf3300 000ef600 ffea6e00 00137e00 ffe85000 00186600 ffe ffefbe00 0028b600 ffd51700 0032f100 ffc81300 002d2c00 ffcf9f00 600
PCM 00fac8 ffd8b600 00374e00 ffc41200 00405300 ffb97f00 003fef00 ffbf3700 0032ab00
PCM 00f ffca2800 00204400 ffdadc00 002d1200 ffceb600 00288400 ffd30700 00170700
PCM 00fad8 ffe2b200 00175e00 ffe3f100 0012e100 ffe77f00 fffc6300 ffff6a00 0002bd00
PCM 00fae0 fff91300 000d6200 fff30200 00270300 ffd60900 0024b900 ffd83a00 fffa9a00
PCM 00fae8 0000a200 ffedb600 000e5100 ffe4e600 00179600 ffcf3300 002cd600 ffc33700
PCM 00faf0 003e1400 ffd58b00 0025ab00 ffdbe700 00215400 ffef6f00 000cd100 000cc400
PCM 00faf8 ffee6600 0003cc00 fff75d00 ffe7c400 00162600 ffca2100 00312000 ffb7de00
PCM 00fb00 0041d300 ffc39500 003d6e00 ffc4f100 00372000 ffc4cf00 00376500 ffc3a200
PCM 00fb08 00407600 ffbcc300 003e4f00 ffb65200 0045e500 ffb17f00 00503d00 ffbaa200
PCM 00fb10 00420400 ffbeeb00 0040b600 ffba4800 00440000 ffbc9d00 003ec000 041fc00 ffb59000 00461700 ffc50800
PCM 00fb20 0037ac00 ffc6a300 00382300 ffd08b00 002a6d00 ffcc5300 002f6600 ffc31200
PCM 00fb28 00390f00 ffbda000 00401000 ffa78000 00589a00 ffaf4500 00515300 ff9a6e00
PCM 00fb30 00621900 ff66a800 00980c00 ff6a9100 0097ff00 ff768e00 008d4d00 ff655f00
PCM 00fb38 00955000 ff6f3900 008a0600 ff70ce00 008b7b00 ff7a4800 00861a00 ff696000
PCM 00fb40 0095be00 ff5e8200 009f4800 ff7cae00 007d9e00 ff8ff600 006d8500 ff7b4200
PCM 00fb48 00820500 ff7d7700 007de200 ff9da400 0062bf00 ff9d6c00 00637b00 ff775300
PCM 00fb50 0086aa00 ff618800 009fb900bba400 ff290e00
PCM 00fb58 00db2100 ff258700 00da0800 ff25fb00 00d68a00 ff1f3d00 00e3c200 ff1fff1b2800 00e6d100 ff26e300 00dad400 ff2a6600 00d25000 ff20d400
a00 00d32300 ff163800
PCM 00fb70 00eab700 ff1c7200 00e59d00 ff176100 00eb2300 ff2d4200 00d50e00 ff2d3300
PCM 00fb78 00d2d900 f6ad00 ff254800
PCM 00fb88 00dbe500 ff111800 00ed5500 ff2ac200 0cb00 ff2cf600 00d7ab00 ff3b0d00
PCM 00fb98 00c46600 ff2c6d00 00f700
PCM 00fba8 00c65a00 ff367f00 00c8ea00 ff3caa00 00c56300 ffa2e500 ff584b00
PCM 00fbc0 00a84700 ff5b6700 00a85000 ff3d3500 00
PCM 00fbc8 00e87600 ff278d00 00d9ac00 ff158c00 00e5e800 ff19fbd0 00e86b00 ff127200 00f05500 ff09da00 00f74300 fefd7d00 01019200 ff2b2800
PCM 00fbd8 00d96200 ff2eaa00 00d20300 ff2d7400 00d7bb00 ff38dc00 00c54400 ff379400
PCM 00fbe0 00cda100 ff318000 00ce6700 ff287e00 00d80600 ff333100 00cf0000 ff3ab600
PCM 00fbe8 00c4be00 ff5f1b00 009ed300 ff54c800 00ae7700 ff39aa00 00c6a800 ff405c00
PCM 00fbf0 00be4a00 ff510600 00ab4a00 ff59cd00 00a48500 ff787300 0086bf00 ff757c00
PCM 00fbf8 008b0600 ff6f8000 008f1d00 ff4f4100 00b2cc00 ff436e00 00bbd100 ff36e800
PCM 00fc00 00cb6900 ff3cc300 00c42200 ff358400 00ca8900 ff2e8500 00d55d00 ff286400
PCM 00fc08 00d69b00 ff281f00 00dd3300 ff33e200 00cccb00 ff181700 00e98e00 ff035500
PCM 00fc10 00fb2200 ff13af00 00e71900 
PCM 00fc18 01175800 feeee600 01132f00 fefa3f00 01078300 ff0d2f00 00f1dd00 ff25e100
PCM 00fc20 00dc3800 ff230900 00e00b00 ff17f500 00e91600 ff07e000 00f58e00 ff043a00
PCM 00fc28 00fb9d00 ff209100 00e0bc00 ff247e00 00d93a00 fefe4200 01009700 ff032d00
PCM 00fc30 00fbf200 ff02d300 01002ee5fc00 011c7b00 fef5e100 01086cdf200 0141c800 fe9edd00 01643200 fe9edf00
PCM 00fc60 0163c600 feaa5d00 01558a00 fec82700 013dab00 feb94200 014b3300 fec35200
P9a200 feaf6c00 01535500 febfd200
PCM 00fc70 0146bf00 fed1a600 0c4600 0103a300 ff26ea00 00dd3800 ff126f00 00ec8e00 ff01f600
PCM0e2f000 ff1d9600 00e12300 ff330f00 00ca1f00 ff07f200
PCM 00fc9867000 00f84100 ff0e7100
PCM 00fca0 00ed8400 feebf800 0114ef00 fPCM 00fcb0 00e93200 ff178100 00e6d200 ff26b900 00d91d00 ff2cec00 00d0f400 ff1ce200
PCM 00fcb8 00dc1100 ff2d3e00 00d11500 ff3f0e00 00c0d100 ff36a300 00c6c800 ff319100
PCM 00fcc0 00cfb500 ff3f1e00 00c08200 ff51cd00 00ab3600 ff4cf200 00b21000 ff47cd00
PCM 00fcc8 00b5f400 ff383d00 00c6c100 ff260a00 00d50400 ff363500 00cde500 ff47d700
PCM 00fcd0 00b7a700 ff3ec200 00be3d00 ff412e00 00b87600 ff4f2700 00b15600 ff6957 00907200 ff643a00 009bda00 ff523f00
PCM 00fce0 00af6e00 ff576500 00ac2100 ff508100 00b05300 ff5b0b00 00a99300 ff51de00
PCM 00fce8 00af0900 ff6d5800 0094dd00 ff672000 00986a00 ff60fc00 009e9700 ff6ac500
PCM 00fcf0 00974a00 ff6ae700 00982500 ff628c00 009aa800 ff80a600 007e3300 ff918600
PCM 00fcf8 006e8300 ff880200 00756200 ffafc900 004fd800 ffbd7400 0040a000 ffc73400
PCM 00fd00 00399500 ffeaa700 00156200 ffd93b00 0024ad00 ffd67e00 0026c800 ffdc5d00
PCM 00fd08 001f6500 ffffe89100 00136a00 00005f00 fffe3c00 fffcd900
PCM 00fd28 fffd0b00 fff69500 0005c100 fff89800 0003b900 0001dc00 fffbfb00 0008e400
PCM 00fd30 fff26100 000dd700 ffea4c00 00303e00 ffcbfd00 0019e400 ffe5e000 00146d00
PCM 00fd38 ffe6da00 001ae800 ffe4d700 00194500 ffe2e700 fff29c00 0005c300 ffdd9400
PCM 00fd40 001a8900 ffe23e00 001d4900 fff11e00 0006b200 ffee8b00 000b7b00 ffead100
PCM 00fd48 000f6600 ffe95600 000f0e00 ffe78600
PCM 00fd50 00155a00 fffa5f00 00023700 000c2400 ffee9500 00106700 ffe99b00 00094100
PCM 00fd58 fff07100 001e2800 ffdec400 001cf900 ffdd5300 00134b00 ffea1500 00149e00
PCM 00fd60 ffe78200 00098700 fff36d00 00155f00 ffe6f100 002bcd00 ffd0fe00 002ee600
PCM 00fd68 ffcfd900 001ee300 ffdc0400 00541600 ffa6c000 0035a300 ffc49e00 002fc100
PCM 00fd70 ffcc0600 003e2300 ffbd3300 0023d100 ffda1d00 0003b000 fff35b00 0003f500
PCM 00fd78 fffa5200 0006fe00 fff3b500 000ce3002ac300 ffd1aa00 00445c00 ffbac100 00314b00 ffca5c00 00253b00
PC ffd43900 001f5900 ffdbdf00 000eec00
PCM 00fd90 ffee6b00 00110500 ffeac000 001ae400 ffe3d800 001dcf00 ffdb6f00 00310600
PCM 00fd98 ffc9e000 0043ac00 ffbb4e00 003af300 ffbe0600 0043e100 ffbb6500 0037f300
PCM 00fda0 ffc31200 002ad700 ffd25400 00250d00 ffd2c700 002dbb00 ffca7500 0033ff00
PCM 00fda8 ffc80600 004d2200 ffabee00 00449400 ffb3c100 003ae700 005b3e00 ffa1f300 00790200 ff81a900 005b7800 ff9e0600 005f7c00
PCM 00fdc0 ff977100 006abc00 ff8faf00 00566300 ffa22000 0057c500 ffa16300 005a5200
PCM 00fdc8 ff9e8200 00658200 ff8fb100 00707e00 ff888200 00857c00 ff759900 007c2600
PCM 00fdd0 ff7f2e00 00535000 ffa73600 00556c00 ffa1e700 00634800 ff932500 004a4400
PCM 00fdd8 ffacfe00 005cb400 ffa10074e600 ff84da00 00844400 ff74a00
PCM 00fde8 ff8aff00 006f0400 ff8ade00 006cd300 ff90c700 00543c000 ff99d700 007a5800 ff7d8100 0088ed00
PCM 00fe00 ff72ed00 00 ffb71200 00442a00 ffb0e000 00486e00 ffb35c00 0040ff00 ffb9b70000 ffa31e00 004c0f00 ffb2d700 002cf300 ffce3100 003d0500
PCM 00fe20 ffc1fe00 00592b00 ff9ffb00 005f5e00 ff99da00 004e1900 ffa7e100 003e6500
PCM 00fe28 ffbcdd00 0040d900 ffbaa900 003dde00 ffbf8d00 00404800 ffbb1a00 002fa000
PCM 00fe30 ffca1e00 003b8c00 ffbc5900 00303500 ffc99000 002bbc00 ffcee300 00138300
PCM 00fe38 ffe33b00 000fba00 ffeb8800 000b3900 fff24800 00261b00 ffd37e00 00137400
PCM 00fe40 ffe29700 fff69300 0006aa00 fff2c600 00073300 0027fe00 ffd2a200 003cfd00
PCM 00fe48 ffbf6600 00363a00 ffc62d00 0037a000 ffc01b00 0029e700 ffce7100 0022bf00
PCM 00fe50 ffd74000 000ba600 fff60a00 00166300 ffdf7800 001c5600 ffe30700 fffdb400
PCM 00fe58 fffff500 fff3da00 0009e600 fffb1000 fffea600 000fcc00 ffeb4100 001a2600
PCM 00fe60 ffe32e00 00011f00 fffb0300 001b0500 ffddf800 0043e400 ffb53300 00500800
PCM 00fe68 ffa93400 0033f500 ffbf1c00 00285a00 ffd0e900 001d2000 ffdd3d00 fff47d00
PCM 00fe70 000a6b00 fff2e100 09800
PCM 00fe80 ffff8300 00026700 fff74d00 fff81300 00065c00 ffdabc00 00208800 ffe31900
PCM 00fe88 001cc600 ffdf5b00 001d5800 ffdee800 001edd00 ffe7fc00 0014e100 ffdbdb00
PCM 00fe90 0020e500 ffc9c000 0031cd00 ffc02400 003b2a00 ffa68a00 0055a900 ff9ff000
PCM 00fe98 00602800 ffa9bf00 0050ac00 ffc08c00 003bf600 ffc37900 003a0700 ffb4d700
PCM 00fea0 0044aa00 ffa34800 005b2c00 ff7fcc00 007e1600 ff749100 008c0b00 ff63f700
PCM 00fea8 00997d00 ff6d2e00 0093f700 ff614b00 00984f00 ff3c5700 00c4d700 ff49bf00
PCM 00feb0 00b33d00 ff62ef00 009be300 ff493b00 00b62700 ff3b5e00 00c43300 ff4a5300
PCM 00feb8 00b80100 ff3a4d00 00c31100 ff2bd400 00d55300 ff307c00 00cefe00 ff4acb00
PCM 00fec0 00b66b00 ff4d5200 00b1da00 ff2cea00 00d3c100 ff1e5100 00e02400 ff38ec00
PCM 0001047a00 fef60200 0107c000 ff120100
PCM 00fee0 00ec5200 ff0d6100 00ed9600 ff171600 00e89000 ff250300 00d88f00 ff191c00
PCM 00fee8 00e55100 ff24aa00 00d71400 ff37ef00 00c15c00 ff388900 00c39b00 ff312a00
PCM 00fef0 00d09e00 ff30b600 00ccf000 ff35b100 00cb0d00 ff257800 00d94800 ff14f100
PCM 00fef8 00e68900 ff395a00 00c4e000 ff5a4f00 00a37d00 ff59cf00 00a5a400 ff274300
PCM 00ff00 00d5c700 ff2dd500 00ce3d00 ff3be0bd3800 ff482e00 00b15b00 ff4f9a00 00af5900 ff500800
PCM 00ff100 ff2a4b00 00d30100 ff2a7c00
PCM 00ff20 00d28600 ff3e9600 00bf2b00 ff611800 009b5e00 ff786b00 0081b700 ff758700
PCM 00ff28 0087fb00 ff4dfc00 00b11800 ff396400 00c61e00 ff33fd00 00c7cc00 ff4ba400
PCM 00ff30 00b2ee00 ff633000 009c0f00 ff3c2800 00be0300 ff2b3f00 00d17f00 ff43ce00
PCM 000 00a9a000 ff55b700 00a9a300 ff47c100 00b5f300 ff377100
PCM 00ff40 00c99100 ff3ab400 00c65400 ff5b1900 00a29400 ff78b200 00868300 ff5ba300
PCM 00ff48 00a47b00 ff512a00 00aca400 ff763400 00874900 ff838700 0076a200 ff6e6700
PCM 00ff50 0094ab00 ff53a100 00a96100 ff566b00 00a87100 ff5eb600 00a2a200 ff629c00
PCM 00ff58 009d0800 ff46bc00 00b80900 ff45dd00 00b8dc00 ff3e5b00 00c05b00 ff3d9300
PCM 00ff60 00bfd400 ff6d7600 008f0900 ff763900 0087b900 ff73a500 00865700 ff704c00
PCM 00ff68 00902a00 ff656d00 0097d300 ff868400 00753e00 ff74ad00 008b1200 ff6e6000
PCM 00ff70 0091a600 ff734700 00898000 ff684900 0096ca00 ff680100 0092dd00 ff6d2b00
PCM 00ff78 008fd700 ff769e00 0086b400 ff829500 00753f00 ffa8f000 0052a100 ffb18100
PCM 00ff80 004e6400 ffb2dd00 004eea00 f800 00484000 ffb28a00 004d3800 ffacf500 004f3900 ff9d5500
PCM 00ff90 00631200 ff942900 00671900 ffb19800 004f6a00 ffc29500 003af700 ff9a0d00
PCM 00ff98 00632f00 ff8c5f00 0070af00 ffa34500 00593900 ffb08200 004db500 ffa2f200
PCM 00ffa0 005bcc00 ff9e8100 0062fb00 ffb72200 004bcf00 ffa01600 005a4a00 ff9ca000
PCM 00ffa8 0060f700 ff8ead00 006f4e00 ff966300 00681e00 ffa21c00 005d8a00 ffa38200
PCM 00ffb0 005da400 ffa93200 0056e900 ffc4b300 00384200 ffd43a00 0027e700 ffd7da00
PCM 00ffb8 0026bb00 ffd2dd00 0024a300 ffc8e600 00349500 ffc0eb00 003b4b00 ffca3300
PCM 00ffc0 0032c200 ffd79200 0025c300 ffcffc00 002fdd00 ffcb9a00 00356d00 ffca7f00
PCM 00ffc8 00327600 ffd35700 002b3800 ffd62200 0023b400 ffbe9000 003b2700 ff9f5900
PCM 00ffd0 005f1200 ff8e4600 00703800 ff984500 0066ce00 ffa54500 00562700 ff9fdf00
PCM 00ffd8 005ffc00 ff916300 006ddc00 ff992d00 006a3a00 ffa85500 00556300 ffad5900
PCM 00ffe0 00504900 ffc3a300 003cf400 ffc1f100 00438d00 ffb33700 004ae700 ffbe2a00
PCM 00ffe8 003fa800 ffc89800 00368100 ffdb8c00 00216100 ffebf300 000e9000 ffd26c00
PCM 00fff0 002be500 ffb9e100 00473b00 ffab5100 004f1f00 ffa71700 00594e00 ffb1bf00
PCM 00fff8 004a4700 ffad4a00 004e010000 0046e500 ffb54000 004b8600 ffa83e00 0056f600 ffae3100 004008 004e1600 ffbc4300 003f0b00 ffdba700 0024dd00 ffd60c00 002b5900 ffeaf900
PCM 010010 000f3900 00169b00 ffe56900 0006ab00 fff75600 fff4d400 0006b400 0003c300
PCM 010018 fff92b00 00224b00 ffdf7600 000eba00 fff02b00 fff45600 00078300 000d9700
PCM 010020 ffeeb000 0026d300 ffdb4700 000c2c00 ffef0e00 0004a600 fff7e700 0024fe00
PCM 010028 ffd96800 00378100 ffc3c600 003f6000 ffbacd009f00 ffd71000 00139a00 ffeb5f00 00381d00 ffc1cb00 004cfd00
PCM 010040 ffb35100 006c2e00 ff8dc800 006fb800 ff89a500 004a3800 ffaeca00 004ef800
PCM 010048 ffabcd00 008a2d00 ff721c00 008f3600 ff6abb00 00975800 ff640b00 006ce000
PCM 010050 ff8cdb00 0053ae00 ffa87100 005f1300 ff99f300 006c 00811000
PCM 010058 ff7ae900 0
PCM 010068 ff81e000 0067c800 ff916a00 004c9800 ffaec700 0071930f624f00 00b2ce00 ff491200 00ba5a00
PCM 010080 ff40f900 009ff300bb00 009f3a00 ff587400 00a0ec00 ff5b6600 0091df00 ff66bb00 00893300
PCM 010090 ff6ee700 00644a0086e900 ff76da00 008c5600
PCM 010098 ff707900 00956900 ff634100276f00 00c43d00
PCM 0100a8 ff391f00 00bea000 ff3f6700 00bf9000 0 ff55f100 008cfd00 ff710a00 009caa00 ff5bc200 00986700 ff6371005500 0084e700 ff757500 008f7500 ff6afa00 00880f00 ff70f900 008de82200 00a3b800
PCM 0100d0 ff590700 00c17b00 ff36a900 008de700 ff6afc00 007c6800 ff813e00 00942600
PCM 0100d8 ff66ff00 0098d000 ff5a1800 009ea500 ff5b2b00 00a2a100 ff558a00 00847f00
PCM 0100e0 ff74df00 00919900 ff662300 0081f500 ff735000 007cec00 ff7c9700 007b3b00
PCM 0100e8 ff81c000 007a6a00 ff7a4100 00741200 ff89bc00 007f5300 ff7aac00 008e5a00
PCM 0100f0 ff69ee00 00914700 ff6ac300 00857500 ff746c00 007e5700 ff7c7000 007cf200
PCM 0100f8 ff808700 005a1c00 ffa6ca00 0048ec00 ffb0a400 00322200 ffca0100 002cff00
PCM 010100 ffce9f00 00312f00 ffc8b100 002f8500 ffcab400 005e5000 ff9eed00 00596500
PCM 010108 ffa23300 0062d200 ff9c4200 00472200 ffb7e700 0021dd00 ffd4c100 00272900
PCM 010110 ffd49e00 00174e00 ffe29300 0000b900 fffbb100 fff95600 00013900 00070f00
PCM 010118 fff3ae00 00193500 ffe52900 fff46b00 00092f00 ffe1a800 001dfe00 ffef4f00
PCM 010120 000fc000 fff1be00 000e6800 ffe4cb00 00181400 ffca9f00 0030c900 ffdf0900
PCM 010128 001cbc00 ffe40600 001a9200 00015d00 fffe7600 00013e00 fffb1400 ffe30b00
PCM 010130 001fb300 ffbc8d00 0045f100 ffb78f00 00446400 ffd00d00 002cb400 ffd97400
PCM 010138 00263000 ffe60900 00158b00 ffdd3f00 0023d600 fff7a300 00056500 ffeeda00
PCM 010140 000f2100 ffd60400 00292900 ffca2b00 0033a200 010150 0053e000 ffb67500 00451400 ffb23300 004e0c00 ff9e0000 005c2700 ffbde300
PCM 010158 00405400 ffc50d00 003dc400 ffaca700 004f2c00 ffa51900 00583b00 ffbb4d00
PCM 010160 00412d00 ffcd6b00 0032b900 ffccf500 002d8300 ffc26500 00383d00 ffab8c00
PCM 010168 00530200 ff9c3f00 0063d400 ffa81e00 00560c00 ff9d7200 0060e300 ff7a1900
PCM 010170 00814400 ff889500 00763d00 ff8b5a00 0070b90700
PCM 010178 006a0300 ff9bbe00 00612100 ffae2b00 004eb900 ffa15d00 005b0800 ffa98600
PCM 010180 00574200 ff9e1a00 005e5600 ff9aa400 00683c00 ff924100 006d ff741400
PCM 010188 008ae000 ff6e1300 008ece00 ff7b5c00 008560CM 010198 006ff600 ff876c00 00788200 ff90be00 006b6d00 ffb33900 101a0 00493900 ffc06600 003eb100 ffc30d00 003b5600 ffc15a00 003be800 ffc2a900
PCM 0101a8 00383400 ffb46200 0048c500 ffa4c900 0056a900 ffba9200 0045f500 ffcd9300
PCM 0101b0 002f9400 ffbcfb00 0041df00 ffb29400 004ca400 ffae2e00 00538400 ffa29900
PCM 0101b8 005ca000 ffadd400 0050e800 ffac3d00 004f1800 ff9c1c00 0060cb00 ffa3bd00
PCM 0101c0 005b5b00 ffbc9400 003ec400 ffb86000 00434200 ffb44e00 004aa800 ffb0d800
PCM 0101c8 00497600 ffe18700 001cbb00 000ac300 fff54500 00026d00 fffa5500 00071300
PCM 0101d0 fff3d600 001dac00 ffe0ff00 00279300 ffd43200 002bd400 ffd01600 001fcf00
PCM 0101d8 ffdaa900 00214c00 ffdfec00 000a3300 fff8ef00 00071700 fff5a500 00100c00
PCM 0101e0 ffe8b000 000e3700 fff0ac00 002c9e00 ffcf2f00 001b6e00 ffdfbd00 001e8400
PCM 0101e8 ffdd7a00 00223300 ffdd1900 001b7300 ffe38700 0017ae00 ffe83500 0002bc00
PCM 0101f0 fffa4c00 0010bb00 fff14300 002edf00 ffcf3400 0013ab00 ffe62700 00021800
PCM 0101f8 fffc7800 ffef6c00 000d2600 00168300 ffe74300 002a1100 ffcffa00b2a00 004b1700 ffb41e00 00490300 ffaf8200 004c3a00
PCM 010218 fad00
PCM 010220 ffca3d00 00300c600 001b7100 ffe3ba00 001fca00 ffdb8200 003dd800
PCM 010228 ffbf0400 0034ef00 ffc65c00 0029ab00 ffcfa100 002ac400 ffd30000 002f8a00
PCM 010230 ffcf6b00 00376800 ffc7c800 002ffd00 ffce9300 003d8600 ffbaac00 0048e400
PCM 010238 ffb45b00 00292600 ffd4fe00 00246b00 ffdc7e00 0031dc00 ffc6ab6e00 000f9e00 fff0ff00 00000900
PCM 010248 fffade00 001d6d00 f3100 ffba2200 00385900 ffc50000 0010dc00 fff2ab00 00193200
PCM 946e00 00665d00
PCM 010268 ff91a200 00568500 ffa5ab00 003f6b00 e5300 ff7abb00 008e9a00 ff68e400 0088f200
PCM 010280 ff6eb000 0 00817000 ff772700 00793d00
PCM 010288 ff7c1700 006dc000 ff8cf700
PCM 010290 ff7c7700 00806900 ff763900 00952600 ff643600 009671ce00 008e1f00 ff67cb00 00955b00
PCM 0102a8 ff697e00 008d5200 d8300 00ae9600 ff521000 00993e00 ff620800 00a1b600 ff5a4600 009c9e00 ff634f00 009cdb00 ff5fc600 009f1200 ff5e0b00 009f8100
PCM 44a00 00609400
PCM 0102d0 ff9a2900 005c3300 ff9f8f00 00673a00 ff849400 008ca600 ff6afc00 009db000 ff5e0c00 00aa7c00
PCM 0102e80 ff4ec600 00b4e500 ff43d000 00afb100 ff49fc00 00c06200
PCM 0103000
PCM 0102f8 ff198e00 00f76700 ff074100 00e26900 ff19a400 003e00 ff059f00 00e87200 ff13d100 00de4200
PCM 010308 ff216f00 00318 ff48ea00 00c75000 ff2faf00 00cceb00 ff2ed800 00d0d500 ff282c00 00dc6700
PCM 010320 ff1c3600 00d32f00 ff27b600 00e99c00 ff10a700 00f80300 ff002e00 00f4b100
PCM 010328 ff021d00 00e5ea00 ff17db00 00d38100 ff270b00 00bf7900 ff36da00 00b14700
PCM 010330 ff460500 00bbdd00 ff3c3500 00cca500 ff2d9600 00c38800 ff31bf00 00caa600
PCM 010338 ff34a300 00d23c00 ff26a600 00dcd100 ff208600 00db2e00 ff207000 00d97700
PCM 010340 ff1ea500 00e87b00 ff136f00 00e64e00 ff14c300 00ea1400 ff0f9f00 00ecef00
PCM 010348 ff0b7700 00e90c00 ff0ff400 00fc7800 fefbca00 00edf500 ff064e00 00ea6400
PCM 010350 ff0cb300 00f62100 ff00fa00 00ef4200 ff079e00 00dc5500 ff1ba700 00d67000
PCM 010358 ff243400 00e2a800 ff149100 00d45100 ff240c00 00e59900 ff140100 010dfb00
PCM 010360 feea6300 01048700 fef89200 00f09c00 ff065400 00e98400 ff144500 00c5ea00
PCM 010368 ff308500 00a86200 ff4ee100 00a50100 ff532400 00b7a600 ff47de00 00c42f00
PCM 010370 ff329a00 00cbd800 ff314800 00ab2900 ff49e400 00b8f800 ff41dd00 00b80c00
PCM 010378 ff425300 00b1e000 ff46f700 00ac3300 ff4fe900 009ed300 ff5eae00 00931500
PCM 010380 ff6e1100 007cd600 ff7c6600 00773200 ff7f8300 00793500 ff83c600 006f3200
PCM 010388 ff85b400 0078cd00 ff80f400 006d1400 ff904c00 00663300 ff97d200 0053cb00
PCM 010390 ffa3e100 005cff00 ff9cd700 007c7300 ff7cbd00 00748b00 ff86b300 0065a300
PCM 010398 ff928c00 00668200 ff940300 0068d800 ff8de000 00481d00 ffb48f00 003f3200
PCM 0103a0 ffbddb00 003f7a00 ffbcc600 00286a00 ffd200 002ae100 ffd26900 001eb100 ffde6100 000a6400
PCM 0103b0 fff4e500 0003b400 fff41700 00235300 ffd4bb00 003be700 ffc27e00 00475900
PCM 0103b8 ffb5b100 003d5200 ffc06e00 0034b000 ffc60800 0044d200 ffba0c00 00279e00
PCM 0103c0 ffd97400 0016f400 ffe31a00 00131200 ffe80400 0016b800 ffe58b00 00052600
PCM 0103c8 fff7de00 00034800 fff8f900 0003e200 fff7ec00 00153c00 ffe7e700 000c4600
PCM 0103d0 fff33b00 ffe67e00 00dc3600 00228700 ffe9e200 0014a20fcd9c00 00312300 ffc88e00 00337100 ffbf6c00
PCM 0103e0 003afd00b800 ff7af200
PCM 0103e8 00807200 ff7b6400 0083b600 ff685f00 00 00874900 ff591800 00a5c400 ff6eb300 0092c500 ff7af200
PCM 0104f785f00 0088e100 ff6e4c00 008ae100 ff6a4800 00910f00 ff595800
Pcb00 00c08300 ff4a2200
PCM 010410 00b43a00 ff609d00 009bc600 ff6a7800 00948e00 ff45be00 00b88f00 ff391a00
PCM 010418 00c52500 ff58c900 00a7ab00 ff605700 009c2700 ff6cdc00 00917800 ff771800
PCM 010420 00896500 ff6cc200 008dac00 ff71b100 008e5600 ff7c2200 0081db00 ff7c4c00
PCM 010428 00837c00 ff723d00 008d1600 ff7aff00 0085dd00 ff788700 00864f00 ff851b00
PCM 010430 007d0a00 ff6fec00 008df600 ff671400 00952100 ff6f5a00 008eb000 ff73b500
PCM 010438 008c8500 ff89fe00 0075a800 ff9b2000 0064ee00 ffaec800 004feb00 ffb1f500
PCM 010440 004cf200 ffa6f700 00557e00 ffbfb500 003f0e00 ffb8e100 00481600 ffbadb00
PCM 010448 0042af00 ffb67e00 0047d500 ffb92800 0046b700 ffbdde00 00434400 ffcecb00
PCM 010450 002c4600 ffcfb300 002e7700 ffd08500 002c8c00 ffd96800 0027e700 ffca6e00
PCM 010458 002ebc00 ffbea700 003a2d00 ffa3e600 005a4b00 ffb68600 00409800 ffe5fa00
PCM 010460 00190d00 ffd73800 0020d800 ffd63200 00287900 ffba2900 00438f00 ffb15b00
PCM 010468 004d3500 ffa52600 00568f00 ffc02800 003a8a00 ffcbd400 002e1900 ffd54600
PCM 010470 00292b00 ffe79600 00156b00 00027600 fffa8d00 fff7da00 0002f000 ffd66700
PCM 010478 00270400 ffceff00 00285d00 ffeb6d00 00110200 ffdaa500 001d3e00 ffead500
PCM 010480 00132eec700 000c9700 ffcaa000 0030db00 ffd00f00 00302a00 ffd00900
PC0303700 ffe02400 001ee500 fff8ba00
PCM 010490 00032a00 fff56100288100 ffe20900 001ac800 fff00a00 00110200 ffd0cc00
PCM 0104a8 e18400 00224000 ffdd3600 001f2b00 fff1bd00
PCM 0104b8 000caf00 fff65a00 00095100 fffb0700 0002f500 0019e200 ffe41c00 000f9600
PCM 0104c0 fff10400 000d5500 fff12a00 00170500 ffe91a00 0007c500 fff62a00 fff2c500
PCM 0104c8 00049800 0001ac00 fffd4000 002d7f00 ffceab00 00231600 ffd8ac00 0016ae00
PCM 0104d0 ffe88400 002a0800 ffd44000 002c5700 ffcf5100 8 ffc25800 0022a100 ffda4700 0000b700 fffabd00 fff2be00 00086300 ffedee00
PCM 0104e0 000bca00 ffec9500 000e7e00 ffd8f800 00266200 ffd33000 0029c100 ffd07000
PCM 0104e8 0029ee00 ffe6f400 0017b500 fffb2d00 ffffa800 fffac400 ffff2700 0000dd00
PCM 0104f0 fffe5e00 ffe5f200 00172c00 ffe2a000 001bdf00 00036000 fffa9a00 00056000
PCM 0104f8 fff6b800 0001c300 fffa5d00 00178600 ffe4fe00 001d7b00 ffe29400 00053300
PCM 010500 fff54e00 001ece00 ffdb0800 001b6800 ffdfad00 fffafd00 00013a00 fff60e00
PCM 010508 0000b300 fff79c00 00008400 fffc9100 00020300 ffff1300 fffee600 00111d00
PCM 010510 ffe9c800 003fc900 ffba4400 00413800 ffbd6400 00468800 ffb15700 00652600
PCM 010518 ff952c00 005b8800 ffa1b900 00420300 ffb64000 0035c700 ffc2d900 00190500
PCM 010520 ffe3c000 00340f00 ffcc7b00 0037da00 ffc63b00 002ced00 ffce0800 002f4f00
PCM 010528 ffc9bb00 00186300 ffe76000 0008b900 fff15a00 001d8200 ffddff00 00218e00
PCM 010530 ffda8800 0018e100 ffe36000 00154000 ffe63200 001ca200 ffe0ea00 001ebc00
PCM 010538 ffdec400 00299200 ffd2ee00 0038db00 ffc2e700 00481f00 ffb56600 00591100
PCM 010540 ffa39f00 0058b700 ffa17700 007e6800 ff7a0000 0094c300 ff5fa200 00911000
PCM 010548 ff676af00 ff65a100 009c1d00
PCM 0105500ab1b00 ff4d5500 00a99500 ff50d00 ff47ac00 00d10700 ff251200 00d27600 ff26bf00 00c08400
PCM 010 00e54f00
PCM 010578 ff119200 00dbdd00 ff19ad00 00d32500 ff2660 00f53600
PCM 010580 ff025c00 00f41a00 ff074c00 01125000 fee98c00 00dbb000 ff1d1500 00c0cb00
 ff574000 00adcb00 ff4d3800 00c34700 ff397800 00b27100
PCM 01050b69700
PCM 010598 ff425800 00b9f900 ff3fc200 00b31e00 ff4abf00e2a00 ff4d7b00 00a05f00 ff5cba00 008e1b00
PCM 0105a8 ff6b6a00 008b8000 ff6fe800 009af400 ff5f5e00 00a3cc00 ff55d200 00b47600
PCM 0105b0 ff444900 00c10100 ff3fdf00 00bc7900 ff3de900 00b39600 ff479400 00affd00
PCM 0105b8 ff4bdb00 00b96300 ff3fe100 00bd2700 ff3de800 00a7d000 ff57c900 00ad7100
PCM 0105c0 ff4c5900 00c44800 ff359b00 00c70f00 ff334700 009d7000 ff576800 009b4800
PCM 0105c8 ff60ed00 0076de00 ff852a00 0065b200 ff94d200 007b0d00 ff7f7f00 006f3500
PCM 0105d0 ff8cd400 006c7500 ff924000 006d8600 ff94b600 00537100 ffaac300 00540d00
PCM 0105d8 ffa7c300 005ee400 ff9eb500 00561700 ffa7dc00 004a8c00 ffb23100 00534400
PCM 0105e0 ffa9a600 0069ef00 ff932400 00667600 ff974c00 004a0f00 ffb2dd00 0041fe00
PCM 0105e8 ffba1c00 005d3500 ff9faa00 0039d100 ffbebd00 0021f200 ffd6c000 002c9900
PCM 0105f0 ffce5d00 001d5500 ffdc5400 003b5d00 ffc4f700 00284200 ffd65200 001ff700
PCM 0105f8 ffda2900 00211f00 ffdc5c00 00187200 ffe4d800 001d6300 ffdcb600 00429c00
PCM 010600 ffbca500 002e6e00 ffd20100 fffb8e00 00031400 ffe35c00 00198200 fff41500
PCM 010608 0009f200 ffe19600 001b4200 fffcc800 00026c00 0004f100 fffaec00 ffd60500
PCM 010610 0024e200 fff21200 0008c300 fffb3a00 0001cb00 fff4da00 0002bb00 fff55d00
PCM 010618 0004c600 ffeab000 000ea000 ffed4f00 000f9b00 00015000 fffca500 fff80b00
PCM 010620 00094700 fff21d00 000c8700 ffde1500
PCM 010628 001e5700 ffd6d000 00247500 ffd7c200 00279a00 ffc58700 003af800 ffc48d00
PCM 010630 00352800 ffd20700 002b7700 ffcf6700 00320700 ffc94300 00335400 ffd92e00
PCM 010638 00222d00 ffdd4500 001daa00 00011a00 fff75d00 002ce000 ffcec300 0022cf00
PCM 010640 ffdf1600 ffd59700 002a0800 ffd7a200 00231600 ffe4c900 0017ab00 fffbd100
PCM 010648 0004d500 ffcdba00 0031d600 ffbb1500 0042af00 ffa80300 00561200 ffae5500
PCM 010650 0050db00 ffcb1b00 00362200 ffce4500 0033f100 ffbc4a00 00434900 ffd13c00
PCM 010658 0029f500 ffc75100 0036d300 ffa1c600 005c6500 ff9b3100 0068bd00 ffa36e00
PCM 010660 005d1d00 ff9d0400 00675700 ffa3d600 005af900 ffbcbe00 0046ad00 ffc38000
PCM 010668 003fdc00 ffdc6f00 001d4800 ffcdd500 0034d500 ffb51300 00494400 ffb60300
PCM 010670 004a6900 ffc3c800 003f2200 ffd63500 0027ab00 ffcab800 00380000 ffd5a100
PCM 010678 00276e00 ffdfbf00 001e0500 ffd2b600 002bdb00 ffbd9500 003e0300 ffbfa800
PCM 010680 003ec800 ffb89e00 00460e00 ffce2300 002ff400 ffdaba00 001ede00 ffed7d00
PCM 010688 00111600 ffd1f600 002c6300 ffbce900 003ed100 ffcfed00 00297a00 ffccf300
PCM 010690 00322700 ffdaa300 00248200 ffd47700 0028fb00 ffe3c400 001c9a00 ffcee900
PCM 010698 002e4300 ffbd9200 00420c00 ffae7c00 004f3900 ffaf7e00 00530b00 ff991800
PCM 0106a0 00687300 ff7a6400 007fc100 ff8b7300 0072ea00 ff88f400 0075b900 ff8b7600
PCM 0106a8 0075bd00 ff9d2500 0065f100 ffaf3800 004b8300 ffb40700 00494d00 ffbb0900
PCM 0106b0 00404c00 ffb9e900 00480700 ffc83800 00362100 ffcd1c00 00310b00 ffa6a500
PCM 0106b8 005c1100 ff98bc00 00682c00 ffb39700 004c0300 ffb53600 00494400 ffb78a00
PCM 0106c0 00430a00 ffc53000 003d0500 ffd6c800 0029ea00 ffe5f000 00164700 ffea3300
PCM 0106c8 00176800 fff35c00 00090700 fff0fc00 000d2800 ffdc5f00 00223600 ffd85700
PCM 0106d0 002a0200 ffd26900 002bfb00 ffed1900 0010f500 fff8be00 00047800 fff05e00
PCM 0106d8 000c0f00 fffe8f00 00009800 ffff6600 0002a200 0002f800 00016200 00053100
PCM 0106e0 fff7c400 fff60a00 00030c00 ffe85f00 00151400 ffd9f800 0022eb00 ffcf1200
PCM 0106e8 00310900 ffe223cf800 ffd35d00 002d5d00 ffcb3a00 00356e00 ffdb9400
PCM 0106f8 10708 00403a00 ffbf3400 00413000 ffc8e400 00390c00 ffc77d00 0032300 ffc85300 00373b00 ffd3ff00 0029e000 ffe3a400
PCM 010718 0019e700 ffe8c900 0012c100 fff7c000 0007dc00 ffec1100 0012a800 000be500
PCM 010720 fff2b200 00090100 fff2bf00 0022fe00 ffd94000 000c9600 ffef7a00 000b5200
PCM 010728 fff6a300 00176700 ffe51c00 3700 0002eb00 000ca900
PCM 010730 fff2a500 fffc6d00 00029d00 ff600 00035000 fff94f00 fffce600
PCM 010740 fff9ec00 00135000 ffe0138c00
PCM 010748 ffe5e300 000b7000 ffee9800 fff4f400 00073400 00006800 ffffce00 fff4fc00
PCM 010750 000a3000 ffe24600 00185900 ffe2ea00 0015b100 ffdb5d00 00226f00 fff5f800
PCM 010758 00049900 ffe56600 0018d000 ffe4f900 00174900 ffdc3500 001f5100 ffe7ca00
PCM 010760 00161800 ffd83100 001ca200 ffe73e00 00147c00 fff13800 000be000 000ad400
PCM 010768 ffef5b00 000beb00 ffef3500 00063f00 fff32a00 00128a00 ffe75500 00050200
PCM 010770 fff53d00 000f0900 ffee6100 001aee00 ffe28e00 001c6100 ffe06a00 002e1000
PCM 010778 ffcd5f00 0028c900 ffd28d00 0034be00 ffcaa400 00481d00 ffb2bc00 00625100
PCM 010780 ff97ca00 00562c00 ffa63e00 00546900 ffa93f00 0046ad00 ffb8d400 003acb00
PCM 010788 ffbdaf00 00463f00 ffb0d800 00559700 ffa9f900 0047fb00 ffb23800 003a4700
PCM 010790 ffc0a300 004b4000 ffb16100 00527f00 ffa6c600 0042ce00 ffb85300 003efe00
PCM 010798 ffc05f00 00244b00 ffdabd00 002b8500 ffcf0500 0032b200 ffce3500 00315400
PCM 0107a0 ffcea800 003a2e00 ffbd1600 0045fd00 ffb24300 00600c00 ff9b4e00 00508200
PCM 0107a8 ffa95c00 0034d800 ffbfd900 003f9f00 ffbd2900 00501f00 ffadf900 005d3d00
PCM 0107b0 ff9a8a00 00525400 ffa78c00 005eaf00 ff991d00 00711700 ff895c00 00779b00
PCM 0107b8 ff834900 0068c800 ff07d0 ffdc9800 0018c100 ffe20f00 004b4f00 ffb10c00 00517800 ffabd600 00442500
PCM 0107d8 ffb62900 00533200 ffaa6a00 006b6f00 ff8fe800 00538000 ffa7d000 00460500
PCM 0107e0 ffb64500 00680a00 ff92e800 00642f00 ff939200 0045cd00 ffb5d400 00547500
PCM 0107e80 ff9cf400 005b9a00 ff9f7500 00640000
PCM 0107f0 ff9bc300 007db100 ff7b4c00 0094a800 ff659300 0085b200 ff732300 0081da00
PCM 0107f8 ff772400 00785900 ff80cd00 00783400 ff811300 00953000 ff663600 0093f200
PCM 010800 ff66df00 00a38000 ff51cf00 00a77200 ff4fbe00 00c5ea00 ff373600 00c3520
PCM 010808 ff344600 00b93f00 ff427900 00b9d000 ff40f300 00c5670ac900 ff5c2300 0087b200 ff730800 0088f600 ff6f3400 00908d00
PCM 010818 ff6a2300 00755100 ff8566b500 ff5f6200 007caa00
PCM 010820 ff7c4000 00651e00 ff985f00 00c42b00 005dec00 ff9b2800 00796d00 ff856300 00678300
PCM 010830 010838 ffbaed00 00522b00 ffa7cf00 004c0d00 ffb1da00 00567000 ffa76000 004dde00
PCM 010840 ffacfe00 003f5300 ffbbb300 00463200 ffb3bb00 0021a100 ffd9f200 0015c900
PCM 010848 ffe85200 0009b800 fff53400 000b9f00 ffee5900 0023f000 ffd91c00 00360a00
PCM 010850 ffc77900 001cb100 ffdda000 000e0200 ffecdd00 0013e700 ffe11400 00132000
PCM 010858 ffed8c00 fff47c00 0004de00 fffe7000 0000c0 fff0cd00 00074100 ffffd800
PCM 010868 fff9b500 000f1000 ffed1ff6c600 0016a900 ffe54000 00155a00 ffe4e600 0001ea00
PCM 010880002a1c00 ffe18300
PCM 010888 001cd000 fff78600 0007d000 ffe877000430d00 ffbb9300 00469700 ffe9ee00
PCM 0108a0 00115f00 ffdb840ffd4ff00 00298c00 ffbf7c00 003ec700 ffb0df00 004a7c00 ffb88800
00 0040c000 ffa7d000
PCM 0108c0 00585100 ff7fcf00 007fc900 ff8f7100 006e5800 ff96e800 0067e200 ff875300
PCM 0108c8 00766000 ff853a00 00784a00 ff852600 0075c600 ff766100 00873b00 ff836100
PCM 0108d0 007e3d00 ff6bf700 0097f300 ff6ea700 0090ed00 ff6e6600 00903c00 ff733f00
PCM 0108d8 00838900 0068a300 ff96c600 0065ea00 ff95fe00
PCM 0108e0 00685400 fff8b2f00 00709c00 ff7e9600 007fa600 ff68e400
PCM 0108f0 0097d108900 ff464800 00b6da00 ff2f5400 00cf7b00 ff210200 00dc1a00 ff242a00
PCM 010900 00da0a00 ff24710dd200 00d10900 ff3a8e00 00c7cc00 ff363c00
PCM 010908 00c8de00 f00f9a900 ff1cd400 00e1b700 ff28e700 00d89200 ff328c00
PCM 010920928 0082f400 ff62b900 009b8900 ff6e8f00 00915800 ff559000 00a8c00 00ca2400 ff259000
PCM 010940 00db7c00 ff0c3300 00f14400 ff11f300 00ecd800 ff25a100 00df5b00 ff26d600
PCM 010948 00d75c00 ff22ea00 00d9b100 ff037900 00fc5600 ff15ce00 00eaf500 ff2e7100
PCM 010950 00cfb000 ff404f00 00c2e000 ff6a4200 009aa100 ff500100 00af2f00 ff55ef00
PCM 010958 00abba00 ff561e00 00af2e00 ff58ce00 00a5b600 ff4dc800 00b0fa00 ff4c5300
PCM 010960 00b01700 ff6a7100 00948d00 ff539300 00a99b00 ff656500 00973600 ff705200
PCM 010968 008d3800 ff785a00 00854800 ff77e000 00869700 ff83ba00 0078ac00 ff668800
PCM 010970 00947800 ff7c0a00 0085a500 ff905500 006de700 ff7f5700 007e6400 ff547d00
PCM 010978 00ab6600 ff361500 00c7b700 ff49c900 00b34900 ff645b00 00984d00 ff6ee700
PCM 010980 00902800 ff8a6700 006fb200 ffa51d00 0055da00 ffa04300 0058e000 ffadb400
PCM 010988 0054eb00 ff9a4700 0063bc00 ffa6ff00 00535400 ffaf2d00 004c1100 ffcb4200
PCM 010990 0031cb00 ffcf4000 002f3100 ffaec500 004d7f00 ffb43400 00490300 ffae5500
PCM 010998 004f8900 ffb9d600 00423500 ffb12300 00492400 ffb6c500 0042c600 ffb00b00
PCM 0109a0 00512600 ffc1ab00 003b6a00 ffc36700 00378100 ffb9da00 00444200 ffc33900
PCM 0109a8 003c3400 ffc4dc00 00371c00 ffd37400 00297a00 ffdeb800 00230d500 00251800 ffbabe00 00405500 ffcdb500 002d5100 ffeb7400
PCM 0109b8 00107e00 fff9f200 00065e00 00289800 ffd40000 0049a300 ffafb200 005ec600
PCM 0109c0 ff9b5300 005e4c00 ff977900 00308000 ffc72a00 00360800 ffc5c800 00570f00
PCM 0109c8 ffa39300 006a5900 ff8d8500 003cf400 ffbf3500 00335a00 ffc82d00 0045da00
PCM 0109d0 ffb62100 00498100 ffb42f00 0066cb00 ff913800 005d3a00 ff9fb700 004b7b00
PCM 0109d8 ffaafe00 00445900 ffb8ab00 00463400 ffb30a00 005def00 ff989e00 007e1000
PCM 0109e0 ff794000 007a7a00 ff836300 006b1700 ff8c8800 0073ce00 ff88e400 0066e700
PCM 0109e8 ff950d00 005b6900 ff9d9500 0069a200 ff903e00 0075e000 ff85a600 0046fb00
PCM 0109f0 ffb64a00 00384800 ffc6c100 00411c00 ffb71b00 0032e900 ffcb6000 002d1400
PCM 0109f8 ffcfb900 002cab00 ffcf8200 004c7e00 ffae0b00 0053c900 ffa58900 00537c00
PCM 010a00 ffa5e700 005c6800 ffa0a300 00740d00 ff858000 006e4f00 ff8ef600 00584100
PCM 010a08 ffa5b100 00698c00 ff95ca00 00663300 ff941700 004be000 ffb05f00 00583100
PCM 010a10 ffa02500 00679a00 ff8ff700 00520700 ffa7a100 00692200 ff90b800 0069de00
PCM 010a18 ff90fc00 00729000 ff8b8c00 00756200 ff7f7c00 006a9800 ff907500 0065f600
PCM 010a20 ff943200 00704e00 ff8a8800 00722100 ff884200 0067c400 ff988300 00788c00
PCM 010a28 ff86aa00 006ea400 ff8fb300 005ae500 ff9ad900 007e0200 ff7f2800 00884f00
PCM 010a30 ff764600 005ff300 ff94c700 004e7700 ffae2f00 00607b00 ff97e800 00718000
PCM 010a38 ff887400 009a0200 ff5f6100 00a47300 ff54d600 00b32e00 ff48dd00 008b0d00
PCM 010a40 ff6fa0 ff84c700 00923c00 ff65ea00 009ae400 ff5cca00 008d6d00
PCM 01000 ff4ccd00 00929300 ff69ac00 00a3a800
PCM 010a50 ff554400 00b39400 ff474000 00aec300 ff4eaa00 00af7200 ff473500 00b21100
PCM 90e00 009ad900 ff607700 008b0500 ff767600 009b6a00 ff5e1a00 009fPCM 010a60 ff574700 00985a00 ff61f700 00974700 ff656e00 00b1e800400 00a12800 ff578600 00b44900
PCM 010a78 ff439a00 00bbb200 ff30 ff486000 00ad4100 ff4de300 00b62700
PCM 010a88 ff44cd00 00d50700 ff76bd00 00778600
PCM 010a98 ff875b00 006b1100 ff8ff300 00702100 ff89fa00 007c2500 ff7c4300 00885200
PCM 010aa0 ff6ffb00 0090c700 ff6c5800 009ca600 ff60a300 00914100 ff67eb00 00902800
PCM 010aa8 ff699400 00996100 ff608900 00a10100 ff569800 00908800 ff6d1a00 0077fe00
PCM 010ab0 ff7ffb00 00973900 ff616300 00b0b800 ff46a700 00a6c500 ff504a00 00bf0100
PCM 010ab8 ff3a8b00 00ae9100 ff4b0600 00ac1800 ff4c9900 00b26f00 ff4b0000 00ad3000
PCM 010ac0 ff4f6400 009f7900 ff5c4600 00776000 ff84a500 00817c00 ff7af600 00986b00
PCM 010ac8 ff5fac00 007e8d00 ff7b1600 007aae00 ff0 ff844f00 006a2500 ff8ddc00 0071b300 ff8ae500 00643700 ff945800 010ad8 ffb05b00 00496a00 ffb66b00 004d9200 ffb25000 00686a00 ff2e7600 ffcf8c00 003e2700
PCM 010ae8 ffb9dd00 00434400 ffb3c800 a62c00 002b8600 ffceed00 003eef00 ffbc8b00 004da500 ffad1300 0057c500
PCM 010af8 ffa5cf00 00451600 ffb78d00 00484000 ffb0e400 004b5100 ffaf3c00 0031e200
PCM 010b00 ffc8df00 0024e900 ffd26800 00263000 ffd5ec00 001f5800 ffddc800 0011a600
PCM 010b08 ffeba900 00119a00 ffec8c00 000ee100 ffee7200 000ff800 ffeb8a00 00091700
PCM 010b10 fff3fb00 00064c00 fff59700 000f1500 ffee4f00 002b4b00 ffd0b300 001d5900
PCM 010b18 ffe1a500 0025c900 ffd52900 00108700 ffe9e200 ffff0600 00021d00 ffebf100
PCM 010b20 000ed100 ffd62800 00273600 ffcf1f00 002dc300 ffd15e00 002c0b00 ffdead00
PCM 010b28 001dba00 ffeb9c00 0011e100 ffe4f000 0015e300 ffe72100 00160900 ffe43700
PCM 010b30 00169000 ffdc3c00 0020c700 ffe21b00 001ab300 ffdbf500 001d8a00 ffe6e200
PCM 010b38 0018ec00 ffe8a800 00173a00 ffd21300 00295200 ffd2ee00 002b5500 ffc91f00
PCM 010b40 00333d00 ffbd5000 003f9700 ffaeb300 004c1600 ffa78500 0054f500 ff959100
PCM 010b48 0068473a9b00 ffb89800
PCM 010b50 00455000 ffa73900 0052f700 ffc70200 003b5400 ffc07300 003f3000 ffc03d00 00367700 ffa24b00 005b5b00 f90800 ff7e1900 00821300 ff838b00 00790f00 ff8fe100 0071b300 ff8b 005a5700 ff86ca00 0075e500 ff7acf00
PCM 010b78 00853900 ff711a00 008c8e00 ff757600 00853600 ff756800 00870a00 ff6fb700
PCM 010b80 008ec800 ff5bcf00 009f9900 ff672600 0096ad00 ff78ab00 00865a00 007f1700 ff852f00 0078f200 ff86af00
PCM 010b90 00793a00 ff9 004ce700 ffa33000 005ba700 ffbc1100 003cd200 ffb0fb00 004b5500 dd300
PCM 010bb0 006ff800 ff7eaa00 007d2600 ff818b00 007c5700 ff9c7c00 0065a300 ff96ad00
PCM 010bb8 006c9900 ff824f00 00785800 ff868600 00753f00 ff9e0400 005bf400 ff923200
PCM 010bc0 006dca00 ffa96b00 0054c200 ffb34400 004a2d00 ffb4aa00 0048d400 ffc6d500
PCM 010bc8 00350e00 ffbd4e00 0042a700 ff90d400 006bc800 ff87cc00 0079b000 ffa4f700
PCM 010bd0 00571000 ffb67100 00491300 ffaa8800 00538a00 ffb9e900 0044b600 ffa8a200
PCM 010bd8 00541b00 ff923400 006a0600 ff98f300 00607f00 ff9f3300 005c9900 ffa62500
PCM 010be0 0056dc00 ffaaf200 00505d00 ffd17f00 002c8300 ffddd800 0021aa00 ffe45900
PCM 010be8 00180b00 fff0a700 000c6e00 ffe17e0f8 0026f400 fff99f00 00074600 ffe65b00 0016f800 ffd3ac00 002b0a00 ffb0d300
PCM 010c00 004d4500 0 00553000 ffa32a00 00590500 ffb2b000
PCM 010c10 004e2700 ffb14
PCM 010c18 002c3c00 ffe33100 001ebb00 ffcb2800 00396200 ffd22b00 002b2100 ffd24c00
PCM 010c20 0028ae00 ffe38d00 001f7600 fff82300 0003b300 0005e600 fffb5000 000b8600
PCM 010c28 fff42d00 00059400 fff4e600 fff29200 000afb00 ffe03400 00181a00 fffc6600
PCM 010c30 fffee800 ffe52b00 0015a900 ffe28900 001c2e00 fff14f00 000edb00 fff26000
PCM 010c38 00026200 0011da00 ffec7e00 0011ac00 ffebb000 00167600 ffe30100 00018f00
PCM 010c40 fff7ec00 ffec3800 0010de00 fffe0f00 fffde200 fff2c000 00091300 ffeab100
PCM 010c48 00109200 ffe6a600 00185500 ffface00 0007a900 001b2700 ffe22300 00373300
PCM 010c50 ffc5bf00 004ebd00 ffaae600 00400c00 ffbf9b00 0007d800 fff48c00 fff33500
PCM 010c58 000bce00 fffb9900 0fd4900 fffc0500 00036b00 00070200 fff6bb00 00115000
PCM 010c68 ffe8a300 0016fc00 ffe64200 00345c00 ffc50400 0033ad00 ffc93500 001e0900
PCM 010c70 ffdc5000 00151000 ffe61c00 0037e700 ffc4fa00 003cc500 ffc08c00 00331400
PCM 010c78 ffc89700 0029bb00 ffda6b00 00352300 ffc7f300 00470d00 ffbafa00 0037c400
PCM 010c80 ffc3c400 00508100 ffad8f00 00597500 ffa2ed00 005bec00 ffa0d400 005a3e00
PCM 010c88 ffa0e900 0069cd00 ff90d300 005a0900 ffa15700 004cce00 ffb0c000 00374a00
PCM 010c90 ffc64a00 00348500 ffcaa700 002ec700 ffca8a00 00214600 ffdbaa00 002de400
PCM 010c98 ffd05b00 003e6d00 ffbf6000 003d4500 ffc21c00 003e6500 ffbac700 00377100
PCM 010ca0 ffc37a00 001f2600 ffd8e400 000ab100 fff4de00 00194700 ffe92000 00204300
PCM 010ca8 ffddc600 0025ee00 ffdad200 002a3000 ffd42e00 0015bc00 ffea3300 00007500
PCM 010cb0 00000c00 00110100 ffeaf700 001f4100 ffdeee00 001d3900 ffdedc00 00217a00
PCM 010cb8 ffdd2900 0036bc00 ffc64efb54900 0043a500 ffb73b00 0056e6cc8 ffa56300 00563000 ffa3e700 0047cc00 ffb60b00 004a9600 ffb1d8ff714e00 009d4a00
PCM 010ce0 ff5e0700 00a89700 ff516300 009cad0fa01d00 0059dc00 ffa76c00 005d5400 ff995b00 0071c200
PCM 010cf8 ff8adc00 00896100 ff751f00 007fd400 ff7c1800 00720d00 ff8cdd00 008fac00
PCM 010d00 ff6b5600 00861900 ff74cf00 007bb800 ff7d7100 0077b000 ff83db00 00838000
PCM 010d08 ff77f500 0093d100 ff64df00 008a0a00 ff6e1a00 009a4c00 f09fe500 ff5ebc00 0075ad00 ff86fe00 005dbf00
PCM 010d18 ff9e4e00
PCM 010d28 ffafc000 00405100 ffbd6200 003ca100 ffbdb500 00501c00 ffae4a00 004d8500
PCM 010d30 ffae4f00 004d2900 ffad5e00 00558700 ffa62f00 003b0300 ffc2b100 003de400
PCM 010d38 ffbecb00 00558d00 ffa18e00 003bad00 ffbd1400 0028ed00 ffcd2000 003b0000
PCM 010d40 ffc24f00 00435a00 ffb61a
PCM 010d48 ff987900 005aa000 ff9a4800 00395200 ffc02700 0032410000 002fb500
PCM 010d58 ffcbf000 00457900 ffb6d800 004fcf00 ffb001ccb00 ffddb700 00150400 ffe37a00 0017b200
PCM 010d68 ffe3f6000 ffd52800 00136c00 ffed6200 0015e300 ffe3cb00 0017df00
PCM 01c00 ffee6800 000dd600 ffd3a000
PCM 010d80 002c3c00 ffcda000 002f9c00 ffd09800 002f9400 ffcab700 ffc7f800
PCM 010d88 00340900 ffc5bf00 003aef00 ffc0dd00 003bb9a00 0067e700 ffa68200 00551b00 ffa58c00
PCM 010d98 005b0400 ff86300 ff6d6700 0093cf00 ff715b00 008b8f00 ff924d00 0068d000 ff97d00 ff74e200 008aee00 ff7a9800
PCM 010db0 00842000 ff7c0000 0084ffa23b00 005cbc00 ff862300 00767300 ff67c400 00987600 ff697a00
PCM 010dc0 00959100 ff5c2300 00a8e000 ff5e6d00 00a09f00 ff776800 00884e00 ff8dfa00
PCM 010dc8 00751b00 ff799700 00840400 ff67f100 0099e100 ff70d300 00946f00 ff657500
PCM 010dd0 0098eb00 ff57ad00 00a6c300 ff413200 00beb500 ff42d200 00bc1b00 ff4a8c00
PCM 010dd8 00b77000 ff3a1800 00c87800 ff62f100 009d6e00 ff742900 00908200 ff6e7500
PCM 010de0 0094ed00 ff671d00 0099e100 ff765600 00872f00 ff797000 00897800 ff5b3500
PCM 010de8 00a8bb00 ff605900 00a01500 ff52a700 00ad1f00 ff2c8800 00d63500 ff22ed00
PCM 010df0 00dc5700 ff48f100 00b88600 ff445300 00bd6700 ff323700 00cd9e00 ff2c4500
PCM 010df8 00d35300 ff47c300 00ba0d00 ff659b00 009f1a00 ff2aaa00
PCM 010e08 00d83400 ff2cf000 00d4c300 ff2b7200 00d0a95700 ff483d00 00b6da00 ff34b100 00ca4b00 ff276200
PCM 010e18500
PCM 010e20 00b84900 ff53ff00 00a7dd00 ff62c000 00a0d600 ff5cd800 00a08a00 ff563e00
PCM 010e28 00a79200 ff3ee000 00c16f00 ff61cb00 009b6c00 ff6ff900 008f8b00 ff543c00
PCM 010e30 00a96900 ff4f1600 00b30700 ff518b00 00ab2f00 ff41bc00 00bd1000 ff47c500
PCM 010e38 00b7a600 ff566300 00a95600 ff44d800 00bad700 ff311500 00cd8800 ff304400
PCM 010e40 00cde900 ff45f500 00b67a00 ff3cdf00 00c29900 ff4e5600 00b28100 ff693d00
PCM 010e48 0096bd00 ff666e00 00952600 ff78c800 0080a000 ff7a5b00 0080dc00 ff5a7800
PCM 010e50 00a37c00 ff5df100 009f7400 ff6e7d00 008f3200 ff707500 008f5d00 ff5f2a00
PCM 010e58 00a4c800 ff431500 00bc3900 ff680600 0095c100 ff70bc00 008d3700 ff608800
PCM 010e60 009db200 ff580200 00a69200 ff625b00 00999600 ff6f00 ff584100 00a42600 ff6ebf00
PCM 010e88 008ee800 ff942900 00605f5500 ffaa6e00 00561100 ffbb9900 003aca00 ffc19c00
PCM 010e985f00 ff887300
PCM 010ea0 0077b400 ffa03300 0063ff00 ffadce00 0069b400 ff904600 006f1900 ffb5c600 00451600 ffcece00
PCM 010eb0 CM 010eb8 002b6f00 ffd8f200 00243f00 ffe4d400 001b1d00 fffa0e00 0003de00 fffd5e00
PCM 010ec0 fffbbe00 ffe8bf00 00177600 ffef6100 000ddc00 0017b200 ffe52800 00046200
PCM 010ec8 fff5ba00 fff8e700 00030700 00045300 fff53200 00180900 ffe20a00 00241800
PCM 010ed0 ffd6ff00 00099b00 fff29600 ffee4f00 000bbb00 00032000 fff73300 fff66200
PCM 010ed8 0007a300 00109200 ffe61300 00206400 ffd38000 003f6300 ffb66d00 0048d700
PCM 010ee0 ffb4cd00 00375300 ffbe7300 00179600 ffdff100 001c5f00 ffddc400 000eb200
PCM 010ee8 ffeb2500 0028a400 ffd26f00 001fb800 ffd9db00 001c6a00 ffdfd800 0022fb00
PCM 010ef0 ffd80200 0027bd00 ffd3f500 002e3a00 ffcc4600 0034ea00 ffc72400 004e1c00
PCM 010ef8 ffacd300 004c2c00 ffb1c300 0032b200 ffc87500 002ec400 ffcf8200 00512500
PCM 010f00 ffa5de00 00679100 ff8fec00 0054e800 ffa4d200 0040a700 ffb90e00 0024d100
PCM 010f08 ffd5c600 001c1200 ffdf7400 002e4e00 ffc96f00 0044d900 ffb4f300 00400d00
PCM 010f10 ffbd4c00 004b6a00 ffae8d00 004ce100 ffaa8a00 003adb00 ffbe3c00 002f9e00
PCM 010f18 ffcb8800 001bfe00 ffdddb00 00228600 ffda1900 00318700 ffcf9a00 00303a00
PCM 010f20 ffcc4900 002d3a00 ffcfff00 00312800 ffc5c600 001c5d00 ffd91e00 000e7b00
PCM 010f28 ffead700 0001df00 fff83a00 fff9c600 00025900 00145100 ffe63200 00077d00
PCM 010f30 fff20b00 ffeb9600 000c5600 ffef9800 000bb000 0012e400 ffe6fb00 00230700
PCM 010f38 ffd65200 00136e00 ffeed500 0024ca00 ffd5f400 00352800 ffc22900 003b3300
PCM 010f40 ffCM 010f50 ffb54700 0039f000 ffc12b00 00312900 ffc6b400 002ab000 600 0057a200 ffa40600 007cef00
PCM 010f68 ff821700 008b7a00 ff6e5100 00764e00 ff826b00 0078ac00 ff831200 00698f00
PCM 010f70 ff901600 004a0200 ffb18200 004a7d00 ffb07e00 0050d200 ffab0200 005d8f00
PCM 010f78 ff9ea500 00598000 ffa2b200 0060f000 ff9bba00 006a8100 ff8f7700 006d8700
PCM 535200 ffa55400 0055e700 ffa3e700 00598900 ff9e0500 00516100
PC006ccd00 ff8fa700 007cc500 ff7beb00 008fe800 ff6df900 0090e200
f8a2700 006efe00 ff8b9d00 007a8a00 ff7df100 00770a00
PCM 010fa03bb00 ff52ab00 00b73600
PCM 010fa8 ff457900 00ce7d00 ff295800 00b99700 ff3e6e00 00ae0200 ff4c7100 00a62000
PCM 010fb0 ff547000 00ae2200 ff481d00 00b2ed00 ff487300 00b8cf00 ff3e2200 00b60b00
PCM 010fb8 ff3d8e00 009f2400 ff559b00 00978400 ff64b500 00a36e00 ff54c500 009d7d00
PCM 010fc0 784a00 00953d00
PCM 010fc8 ff643200 00841900 ff753900 00754d00 ff80e900 008cfe00
PCM 010fd0 ff6d4800 00538700 ffa57200 004f7600 007b1a00 ff83e500 006c4500 ff877400 005f6800
PCM 010fe0 ff9f6100
PCM 010fe8 ff9acc00 006ba200 ff937400 007db100 ff7c6900 00736e00 ff851800 006d2600
PCM 010ff0 ff8a8500 006f4f00 ff8c8900 00613100 ff99e300 00502600 ffaea100 00578800
PCM 010ff8 ffa41600 0059c100 ff9fb200 004a5a00 ffb2ab00 00452100 ffbbed00 00340800
PCM 011000 ffc8f400 002ce900 ffcc7c00 002e5200 ffcd5e00 0024a000 ffd68b00 00144300
PCM 011008 005b900 fff95400 00072900 ffe8c3ffde3400 00222a00 ffffaf00 fffe9900 ffe02700 001b6e00 ffc19100
 011020 0036f000 ffc3f000 0035b300 ffc49400 00392c00 ffc9ed00 00396700 ffe17900
PCM 011028 001d5200 ffe55b00 001a6c00 ffc3aa00 003f5b00 ffb98d00 00454b00 ffab4a00
PCM 011030 0051dc00 ffa9f805cf200 ffbbc800 00446c00 ffa9e600
PCM 011038 00574600 ffa0b400 005a8600 ff9bae00 00623700 ff889e00 00733700 ff9d4400
PCM 011040 005e2a00 ffa1fa00 005a4600 ff98aa00 00629900 ff8f6800 006cee0000 00658600 ff8d2300
PCM 011050 00712200 ff8ed900 006b0b00 ff84c800 00776100 ff742900 008a1c00 ff7e0100
PCM 011058 0080d400 ff7c9800 00811000 ff717900 008e4a00 ff6bd500 00908900 ff778400
PCM 011060 00848e00 ff699e00 0095e200 ff57b200 00a38400 ff582000 00a3b200 ff448e00
PCM 011068 00bb1100 ff4cde00 00b54b00 ff3e3e00 00c35100 ff3f3900 00be1a00 ff49d400
PCM 011070 00b3e400 ff222900 00dba300 ff27ac00 00d6d700 ff35e800 00ca0d00 ff316300
PCM 011078 00d03300 ff29b000 00d53f00 ff2c7200 00d31f00 ff376400 00c6ab00 ff2ef100
PCM 011080 00d03100 ff2dae00 00d1e400 ff42c400 00bfb600 ff316700 00d2c800 ff3aa900
PCM 011088 00c57200 ff455b00 00b7b100 ff2f2400 00cf4d00 ff51a800 00ae3700 ff476600
PCM 011090 00b8fb00 ff420a00 00be1f00 ff523900 00a8e300 ff599c00 00a5f100 ff416400
PCM 011098 00bbeb00 ff516900 00a7fc00 ff6bb800 00994e00 ff71bc00 008e0400 ff6c6000
PCM 0110a0 00927400 ff62ed00 00a13000 ff663700 0099bf00 ff5baf00 00a3a900 ff5a2100
PCM 0110a8 00a41700 ff6be600 00926100 ff73d500 0087ac00 ff773200 008a0e00 ff8b1a00
PCM 0110b0 0070af00 ff9e2900 00666a00 ff9a1d00 0063dd00 ffb59a00 00454400 ffc3e900
PCM 0110b8 0038e400 ffbb0c00 00419000 ff9fa600 0060c100 ff67c000 0096db00 ff773c00
PCM 0110c0 0083a300 ff978800 006e3c00 ff95ac00 0068bd00 ffabfe00 004fc700 ffb2c100006d9700 ffa58800
PCM 0110d0 00579f00 ffa94300 0053de00 ffcb18000 005c3b00 ff8eec00 006e7500 ffa59100 00572e00 ffaefe00
PCM 010
PCM 0110f8 0032c100 ffd6f100 0026c000 ffc15b00 003cbd00 ffb8a 002a0c00 ffd25b00 0029cc00 ffb2ee00 004a5d00 ffa4db00 0056ca00 2700 ffd37b00
PCM 011138 00289e00 ffd11400 0031b900 ffdb5000 00c17d00 00395a00 ffb2a700 004c3d00 ff8fae00 006c4600 ff88a100
PC1400 ffd68c00 00293f00 ffcf6700
PCM 011150 002ddd00 ffc1ce00 0000 ffbf4d00
PCM 011158 003f8e00 ffe43b00 001b9600 ffc7fb00 003400419d00 ffbd4f00 00415900 ffd3af00
PCM 011170 002b3a00 ffda05034e00 ffce4c00 002d6700 ffd13a00
PCM 011178 002d2d00 ffe5a500 02a2700 ffcbdf00 0035f200 ffc0b300 003e5000 ffa98600 00575100 ffbffecfc00 000fa900 ffda1e00
PCM 011190 0022b300 ffe51000 00163b000 ffea9800 00159700 fff01a00 00109a00 ffeb2900
PCM 0111a8 00150283f00 ffd2c900 00282000 ffd32400 0026a700 ffd31100
PCM 0111b800 fff0c200 000d6800 ffefd600
PCM 0111c8 000dd100 00058700 fff84aa00 000b6300 ffe54900 001ba200 ffe39900
PCM 0111d0 001b7b00 ffff67a00 0001c100 fff11800 000b8c00 fff3ad00
PCM 0111e0 000b860150a00 ffe86700 000eb000
PCM 0111e8 ffed5f00 00076400 fff9a600 156500
PCM 0111f0 ffe45f00 003f4100 ffba8100 00589f00 ffa22700 0 ff8b7b00 005fd200
PCM 011200 ff9c8000 0054ec00 ffa71200 004cb400 ffac6700 005a0c00 ff9e6000 00518b00
PCM 011208 ffa59600 00422a00 ffb8eb00 002a1d00 ffcd7a00 00348900 ffc59d00 0029a000
PCM 011210 ffd62e00 0023e900 ffdd6e00 00311b00 ffca9900 00203000 ffda7d00 00354400
PCM 011218 ffc8be00 00406200 ffbd5d00 00352f00 ffc74d00 00511e00 ffa75200 00695500
PCM 011220 ff92b300 005c4600 ff9eab00 004d4600 ffaf1e00 003ff600 ffb74800 0037fe00
PCM 011228 ffc25800 00443400 ffb70100 00597600 ffa3c300 0062f100 ff9ba400 0059d100
PCM 011230 ffa17e00 00578c00 ffa3a400 0058e400 ffa55b00 002d3d00 ffcf3e00 00289400
PCM 011238 ffd1d500 002d6d00 ffcfdb00 00478d00 ffb3e500 00380800 ffbed800 005b4500
PCM 011240 ffa48400 0066a500 ff94bf00 004d5e00 ffad7f00 003a0500 ffbd9400 003c6100
PCM 011248 ffbd9e00 004ae700 ffb05600 005b4c00 ff9dd100 006f0600 ff8a7500 005f3400
PCM 011250 ff9f3c00 00382500 ffc02f00 00339c00 ffc4de00 0045d400 ffb87b00 003ca200
PCM 011258 ffbc5900 002f2500 ffcab400 00156d00 ffe42600 002cd000 ffcde900 00349a00
PCM 011260 ffc7bf00 003f9500 ffbb7900 004f9900 ffada900 005cc600 ff9de200 004f5200
PCM 011268 ffabed00 002fd200 ffc98e00 00180500 ffe81100 000b2d00 ffeebe00 002f0a00
PCM 011270 ffcd7100 0031a100 ffcbcf00 00482300 ffb62800 00388100 ffc31400 001c0000
PCM 011278 ffe0eb00 0006f200 fffaa700 000b9f00 fff14300 0015c900 ffe59400 0014d000
PCM 011280 ffea6d00 0020cc00 ffdfdb00 00281b00 ffd08800 00287300 ffd42e00 0f30800 00034700 fffb7300 0012d200 ffe99200 fff31300 00082c00 ffdedf00
PCM 011298 001f1700 ffdf2000 001b2500 ffd17600 002e8a00 ffc0eb00 003a5300 ffcc8b00
PCM 0112a0 00314d00 ffc41900 003a5300 ffbc1800 00406f00 ffc9e700 0033d600 ffce3f00
PCM 0112a8 00314900 ffc3db00 0036e100 ff9cbf00 00
PCM 0112b0 00363a00 ffcd2300 002e4400 ffa8b900 0055cf00 ff9ffc00 00619e00 ffbd2400
PCM 0112b8 00424800 ffc7de00 00377200 ffb60 00d43700 ff240e00 00dd7900 ff25e600 00daa300 ff35b700
PCM 0110 ff331700 00c93e00 ff2a7400
PCM 0112e8 00d4eb00 ff347900 00cc3000 00dd6400 ff2c2100 00d31500 ff469600
PCM 0112f8 00b99c00 ff27c000 ff18d100
PCM 011300 00e6df00 ff167500 00ebd100 ff2f8700 00d1e000 ff317700 00cd1b00 ff3b490c85700 ff46c600 00b9ba00 ff597800 00a5a500 ff63f000 009f7100 ff386f00 00c5be00 ff353a00
PCM 011318 00ca2d00 ff33ff00 00cb0900 ff405300 00c24700 ff3a9000 00c5ae00 ff50fb00
PCM 011320 00af3800 ff4e4600 00b05800 ff353100 00c9ef00 ff105400 00ee0c00 ff0ab900
PCM 011328 00f66900 ff336000 00cd6900 ff2a5f00 00d94400 ff2c8700 00d57600 ff2a7e00
PCM 011330 00d90000 ff3aad00 00c75d00 ff3d7b00 00c2d900 ff41b500 00c1eb00 ff55af00
PCM 011338 00ae5600 ff4fb800 00b27200 ff516700 00ade800 ff59af00 00a58300 ff50c000
PCM 011340 00adef00 ff641800 00996c00 ff75eb00 008a7500 ff639800 009cc200 ff42a900
PCM 011348 00bc5100 ff20e900 00ddbd00 ff37ca00 00c76500 ff2c8900 00d57e00 ff190100
PCM 011350 00e6f100 ff28a700 00d7e500 ff4c2b00 00b64900 ff443a00 00bd3a00 ff4c9400
PCM 011358 00b0c900 ff5bdf00 00a1f200 ff5e9a00 00a09f00 ff53e300 00afd3fe700 00bc3000 ff29b600 00d80000 ff388200
PCM 011368 00cb9d00 00adf300 ff588900
PCM 011370 00a8f100 ff4e5400 00b1c400 ff2f9008 00e44200 ff3d2200 00c24700 ff4b5b00 00b40000 ff5abc00 00a45200a00 00a0d100 ff566300 00aa4b00 ff5a2b00
PCM 011390 00a54300 ff400b84600 ff473700 00b71900 ff434e00 00b91700 ff410500
PCM 011398 00ba4300 ff514600 00b3c100 ff5b9200 00a6d700 ff4f8100 00b0fa00 ff4f6d00
PCM 0113a0 00ab1200 ff459b00 00b81600 ff457500 00b90600 ff589f00 00a76b00 ff69eb00
PCM 0113a8 00932900 ff8ca400 00734000 ffa36100 005cb000 ff87e200 007b8100 ff84f800
PCM 0113b0 007c4600 ff9fef00 005c0900 ff9f6800 00627600 ff985000 0063fc00 ffa72700
PCM 0113b8 005a9000 ffa80400 0056c100 ffaea900 004d2c00 ffd9dd00 00221700 ffd72d00
PCM 0113c0 00238600 ffcbf900 002dd500 ffd2d900 002ad100 ffc68f00 00375300 ffd71000
PCM 0113c8 00269d00 ffc52e00 00398400 ffc22a00 003a5500 ffae7e00 004ffd00 ffb64400
PCM 0113d0 00441f00 ffc75500 00386500 ffab2800 00576a00 ffa46700 0059a900 ffc2b400
PCM 0113d8 003f3a00 ffd12f00 002f1f00 ffd87200 00262300 ffcb4e00 00304900 ffe02e00
PCM 0113e0 001eec00 ffd76e00 0021ff00 ffd36400 0029b700 ffc26c00 003a9900 ffc43900
PCM 0113e8 00355100 ffb5e900 0049a700 ffae8400 004efc00 ffd2af00 002afa00 ffe13000
PCM 0113f0 001a1700 ffe23400 001cfe00 ffd95500 00235000 ffe47f00 00162400 ffd9a600
PCM 0113f8 0023cc00 ffe34600 001a9300 ffe87b00 000f9200 fffdce00 fffb7100 fffda700
PCM 011400 fffbfe00 fff4fa00 00091800 00081c00 fff56000 fffea800 00007a00 fffa8c00
PCM 011408 fffdf300 00080b00 fff31c00 fff26400 000bda00 ffd1e900 002bf800 ffddb100
PCM 011410 001f5d00 ffe59600 00121c00 fff77600 0005d400 ffedbd00 00104c00 fff0a300
PCM 011418 000bd700 fff68a00 00060700 fffc8400 fffbe900 000d1800 ffe8d400 00222700
PCM 011420 ffdb2800 0021c800 ffdc7900 00282900 ffd55a00 00329200 ffc6db00 003a6500
PCM 011428 ffc08000 001f4200 ffdb4f00 00204900 ffdb3c00 002c9c00 67700
PCM 011448 ffa2e800 00593a00 ffa2bb00 00538900 ffa60900 0003cc600 ffbd6c00 00301300 ffc9a600 0030e500 ffcd7e00 003c8e00
 00596700
PCM 011468 ffa2ca00 004bf100 ffad2e00 005a0800 ffa03800 0057cd00 ffa6ac00 005f8900
PCM 011470 ff9cdb00 00757700 ff86f500 00813a00 ff7b6300 00770400 ff840e00 005b9a00
PCM 011478 ffa06300 005ed600 ff9a8e00 005d2000 ff97fe00 00663c00 ff91cd00 005d8d00
PCM 011480 ff971d00 006e0c00 ff8d9600 0060b700 ff998600 0041b000 ffb87f00 005e9e00
PCM 011488 ff99d300 005bda00 ff9f4400 0052c100 ffab8000 005b5700 ff9da100 0057ce00
PCM 011490 ffa04c00 006d1d00 ff8d2800 00654f00 ff962c00 005e9a00 ff998200 005dea00
PCM 011498 ff9baa00 004dcf00 ffa97100 004c5e00 ffabd400 0041b100 ffb7ec00 004d5800
PCM 0114a0 ffad4900 00546f00 ffa66c00 00511700 ffabc100 004b9000 ffafdc00 0052a400
PCM 0114a8 ffab1b00 004f5900 ffac1a00 004c4000 ffab1b00 004cc600 ffae0100 005be500
PCM 0114b0 ff9c4b00 00437000 ffb9d700 00403600 ffbce100 00549400 ffa27000 004f2600
PCM 0114b8 ffad5800 0055bf00 ffa73100 0051c000 ffa91a00 00638800 ff966000 006400 006d2300 ff915c00 00717a00
PCM 0114c8 ff8bf500 00863300 ff739300 0077b200 ff855800 007f8100 ff79db00 0089c300
PCM 0114d0 ff70d400 0095e000 ff661e00 00970c00 ff64b100 00a60700 ff53d600 008cfd00
PCM 0114d8 ff6d2400 00830600 ff757700 00775d00 ff814900 00847400 ff776700 00977f00
PCM 0114e0 ff5e8300 008e0300 ff66a800 00ae5c00 ff4ace00 00c21700 ff349900 00b85600
PCM 0114e8 ff419f00 009a2000 ff5b0c00 00963c00 ff646100 00980800 ff622c00 00a2a400
PCM 0114f0 ff58a400 00904c00 ff687500 0067b100 ff91ef00 007d8900 ff80ba00 006dad00
PCM 0114f8 ff911700 00699700 ff907b00 004b0b00 ffa89200 004e9300 ffa79600 00555b00
PCM 011500 ffa18900 011cd00 ffe48400 fffc1100
PCM 011520 fffd3800 fffab500 00012200fed6200 000eb200 ffd7d500 00252d00 fffe4300
PCM 011530 fffba700 011540 00097200 fffee000 00004c00 000af300 fff3cb00 fffa4400 0000 ffd08b00 002f4f00 ffc8f600 00359a00 ffc8d200
PCM 011558 00334200 ffd3e500 002aa300 ffc93c00 00302100 ffc64d00 00381200 ffe48500
PCM 011560 00154800 ffe40d00 0015d600 ffdd2200 001e4b00 ffbf9400 00400500 ffacfa00
PCM 011568 00526500 ffab7300 0056c400 ffb57b00 00487e00 ffb69900 0048e600 ffb4b700
PCM 011570 0049da00 ffcb4d00 00314300 ffb6b000 00473d00 ffaaf800 00547700 ffa81900
PCM 011578 00564b00 ff91e300 006f3300 ff8a0700 00732c00 ff81f100 007b0400 ff8a8000
PCM 011580 0073d400 ff8e6800 0072fc00 ffa2b200 005c9a00 ff97d200 0068f300 ff7bd200
PCM 011588 0084aa00 ff8ee700 006ff300 ff967b00 00689e00 ff9b6800 005f1700 ff8aa300
PCM 011590 00759000 ff7ead00 00810e00 ff948200 006c0d00 ff977100 00639700 ffa76600
PCM 011598 0055ca00 ff93f700 0068d600 ffb15100 004e7000 ffbf7b00 00433200 ffbb4800
PCM 0115a0 003d2d00 ff9f7a00 00614b00 ff79f700 0085d400 ff7b9800 0087e400 ff746e00
PCM 0115a8 0089bd00 ff751e00 0088ff00 ff7d6e00 00831c00 ff866a00 0079dd00 ffa0e100
PCM 0115b0 00597000 ffb2a800 004c5300 ffa1f300 0055eb00 ff98ff00 0061b700 ffab3500
PCM 0115b8 00569d00 ffaf5c00 0051b100 ffaf3000 004ea800 ffa35a00 005ed800 ff889900
PCM 0115c0 007a9900 ff98e400 0063ca00 ffb28600 004bc000 ffb3de00 004ae200 ffd7e700
PCM 0115c8 00289600 ffdf5c00 0020fe00 ffc94300 00383e00 ffb85800 0044d900 ffb72e00
PCM 0115d0 0046a500 ffb8d300 0044c600 ffbcee00 00404600 ffb46200 007800 ff920400 00685300 ff90b600 006b8400 ff97d200
PCM 0115e0 00 0036e800 ffc36a00 0038aa00 ffd19400 00286c00 ffcca700
PCM 01154bc100 ffb3a500 00499a00 ffba0400 0040d800 ffb91b00 00455a00 ffdf00 ffd40100
PCM 011618 00242300 ffcb0000 002fd300 ffd8a700 002a5300 ffd9ce00
PCM 011620 00255100 ffdcc700 00222800 00072f00 fdc00 00167f00 ffe7c500 0016a800 ffe51100 000db500 ffe96d00 000f2 000d8900 ffeee900 fffc5900
PCM 011638 fffeb600 0009d000 ffed4700 0007b000 fff4a100 0015dc00 ffe3d000 002c5f00
PCM 011640 ffcfea00 002c4f00 ffd00600 001a1900 ffe55b00 000fbd00 ffed6d00 000b0a00
PCM 011648 fff05c00 00093700 fff12a00 001b0d00 ffe06900 002ea600 ffca8600 0032fc00
PCM 011650 ffc5f900 0022ec00 ffdb9d00 0014c100 ffe89900 ffefa500 000a2900 00041900
PCM 011658 fffb3300 00145e00 ffe5eb00 001b7500 ffde6c00 00255a00 ffda6a00 00225300
PCM 011660 ffd77a00 002dca00 ffcc4000 0029a800 ffcdd900 00375800 ffbf8200 004a1a00
PCM 011668 ffac2100 00452b00 ffb70200 0043b200 ffb81200 00283a00 ffd2c000 003f9300
PCM 011670 ffbabd00 003d4800 ffb98400 00325400 ffc74c00 001e5800 ffda6300 0040ee00
PCM 011678 ffbd3000 002b1c00 ffccdd00 00223c00 ffda3300 001b9500 ffe24b00 001c4800
PCM 011680 ffde2700 00121900 ffe95700 000fcd00 ffed3800 00025b00 fff76200 fff8ee00
PCM 011688 00044700 00041700 fff81200 00108a00 ffee3f00 001e1700 ffd9b100 000fab00
PCM 011690 ffeafc00 0008c100 fff15300 00025400 fffcb400 ffff4800 00009a00 00134600
PCM 011698 ffe96a00e83200 000df400
PCM 0116a0 fff30e00 00199300 ffe4f200 00108a00 00
PCM 0116a8 ffe52f00 0013b300 ffe4cf00 000f6200 ffee7900 fff9c500 00039300 ffd36600
PCM 0116b0 002b7700 ffdf6900 001cb300 ffeb1800 000e2300 000c2900 ffef9f00 00049700
PCM 0116b8 fff26a00 0017af00 ffe55f00 0032aa00 ffc87000 00383600 ffc2c000 0038ae00
ffc5c600 003d3c00 ffbfd600 001d4800 ffdfae00 00167d00 ffdf1700 002f4800
PCM 0116c8 ffce6800 00300369a00 ffc72700 003bf400 ffbe2500 00548b00
PCM 0116d0 ffa5bf00 00612400 ff98c600 0053d700 ffa
PCM 0116f0 ff802300 007f3900 ff7d7300 008a6b00 ff731a00 00818e00863200
PCM 0116f8 ff722900 008bf500 ff6ce800 0093ef00 ff663d00 00807c00 ff78f900 00716500
PCM 011700 ff8aba00 0071d700 ff88d300 0070db00 ff871800 00820200 ff7db800 007a2300
PCM 011708 ff83a300 00686800 ff8de700 00551b00 ffa2f200 00589f00 ffa2fc00 0080ac00
PCM 011710 ff76a800 00936300 ff66ed00 007f9e00 ff7d4700 00821e00 ff7c4000 0069ff00
PCM 011718 ff901b00 005a5f00 ff9cd300 0043d400 ffb65300 0060af00 ff992500 00888800
PCM 011720 ff740c00 0079f500 ff7ef700 007ec400 ff798d00 00745600 ff84e700 006aab00
PCM 011728 ff918200 00556300 ffa64800 005f4f00 ff9b2e00 00580a00 ffa67e00 00522800
PCM 011730 ffaae800 00721000 ff89f800 007cd700 ff7d6800 00846b00 ff754200 008e9b00
PCM 011738 ff6aa100 0072e000 ff87c900 005c1100 ff9c8b00 00629900 ff9ae600 00859300
PCM 011740 ff736c00 00861000 ff725e00 00871800 ff6f3000 007d5000 ff799100 00743900
PCM 011748 ff842100 0072ed00 ff83f200 00620200 ff943400 00505600 ffadc500 007a6200
PCM 011750 ff844b00 007cc200 ff848300 00876800 ff72de00 008e8300 ff702a00 00587900
PCM 011758 ffa2d200 00615200 ff9e2500 005dcf00 ff9b5400 006b3900 ff8e2100 0061a500
PCM 011760 ff9a5400 ffa68200 00464f00
PCM 011768 ffb8fb00 003bb700 ffc0f700 004de8 ffc8d400 00307b00 ffc8c200 00477e00 ffb38c00 00560200 ffa68300011780 ff973700 00460000 ffb40a00 00421b00 ffbac800 00386e00 ffc3cc00 003df700
PCM 011788 ffbc2b00 003e0900 ffbd7d00 00424200 ffbad300 0041e800 ffbb3900 00246500
PCM 011790 ffd26100 0010f500 ffede100 0010c200 ffea1e00 00262b00 ffd38900 00239a00
PCM 011798 ffd91900 00177f00 ffe1ff00 001bab00 ffdde100 000de500 ffeb4100 0012b800
PCM 0117a0 ffe76f00 0025de00 ffd5bf00 00167b00 ffe47e00 0008ff00 fff13f00 00062600
PCM 0117a8 fff50f00 000ca600 fff14600 fffa1e00 fffd7300 fffc1400 0001e100 ffe45a00
PCM 0117b0 0 00058500 fffa6b00 fff5fb00 0008e800 fff04500 000c2b00 fffb9f00
PCM 0117b8 00015a00 fff14800 000aca00 0011a900 ffe9d600 00078800 fff4ea00 fff59d00
PCM 0117c0 00064900 fff5fb00 0007db00 ffede600 000d4500 ffeb9900 00137400 ffddda00
PCM 0117c8 001df100 ffeffd9af00 00231000 ffd43a00 0027d400 ffd6e900
PCM 0117d0 0025730e00
PCM 0117d8 0046d000 ff9e5300 005f6100 ff8d9600 00738800 ff9d9a00 005fce00 ff924900
PCM 0117e0 006aa700 ff8a5700 00723000 ff977200 00682700 ffb32900 00485c00 ffb42a00
PCM 0117e8 004b3c00 ffac4e00 00582e00 ffbc5b00 0042df00 ffbe4500 003e6f00 ff9a0b00
PCM 0117f0 00664400 ffa21f00 005c3400 ffbb9300 0047c000 ffd82a00 00287600 ffd23100
PCM 0117f8 002c7000 ffc64600 003a4b00 ffbe7700 003e5800 ffb17200 004ac400 ffbed400
PCM 011800 003fb400 ffc3e700 00376900 ffadbf00 004f7f00 ff82c400 007b1a00 ff840400
PCM 011808 00794d00 ff7fa400 007d6a00 ff840400 007aec00 ff965100 006a1b00 ff953800
PCM 011810 00673200 ff983c00 00637e00 ff98b100 00682000 ff9edf00 005ccf00 ff9e9f00
PCM 011818 00620f00 ffa9ed00 00523b00 ffae6300 004c5000 ffc63000 0038b700 ffb49f00
PCM 011820 0048e400 ffc76100 0039ac00 ffd70d00 00248c00 ffccf000 002ff800 ffb93200
PCM 011828 0040f800 ffb48400 004a7200 ffd4da00 0027830 000e1500 ffcb3400 00320a00 ffb47100 004e5b00 ffe34200 001bf1840 002a6f00 ffd43600 0028f000 ffdd5900 001e9400 ffd24700 002b27ffbe6b00 003f0200 ffdd7c00 001ef200 0007cd00 fff15500 0012b100
PCM 011850 ffea5600 00046000 fff95d00 000a0900 ffef0300 0012c300e8cb00 fff9b500
PCM 011858 00013d00 00028a00 fffe4300 ffe7d600 00 00286500 ffffeb00 fffbe000 00009000 fffd2400 00011a00
PCM 01
PCM 011870 fffc7d00 000ffb00 ffe8e200 00274b00 ffd4f700 00357a00 ffc64100 00450b00
PCM 011878 ffb49800 00303b00 ffce3200 002c6f00 ffd0e300 00373d00 ffc8e400 0040f600
PCM 011880 ffbc7200 00339000 ffc7ab00 0045ce00 ffb3fa00 0038d300 ffc0d400 00383000
PCM 011888 ffc27100 00393600 ffc23900 0039f400 ffc6ee00 0025c100 ffd8dd00 001f1c00
PCM 011890 ffdd3600 0028f900 ffd10c00 0026db00 ffd7b600 0021d000 ffdce700 001a6700
PCM 011898 ffe23d00 0024a100 ffdac400 00180e00 ffdfc900 00223a00 ffd98800 ffffce00
PCM 0118a0 fffce300 ffee0500 0010ec00 ffe1b800 00181900 ffed8100 000df600 fff2d200
PCM 0118a8 000c0900 0002b700 fffbcc00 000d8500 fff0ab00 001f1500 ffe18100 00267800
PCM 0118b0 ffd4ca00 00211000 ffdf1100 0017bd00 ffe57500 0015d700 ffe3e700 00072c00
PCM 0118b8 fff8d100 ffff5300 00029900 fffcc600 00054f00 00013700 fffd7800 00244700
PCM 0118c0 ffd80800 00202400 ffde3100 001a2d00 ffdffb00 00293c00 ffd2fa00 002c6d00
PCM 0118c8 ffd10e00 0031e000 ffca3600 00310b00 ffce6b00 00221600 ffdf0c00 0025b000
PCM 0118d0 ffd5d000 00244c00 ffd46900 00047000 fff18400 00089300 fff24700 fffe6500
PCM 0118d8 ffff2900 ffe45b00 0017e300 ffdadd00 001ee400 fffef400 0001b000 001ebc00
PCM 0118e0 ffdcd800 0020d100 ffdf1c00 003f9000 ffc15000 004ab400 ffb3aa00 00396400
PCM 0118e8 ffc46700 0032b600 ffcd3c00 0038e200 ffc95000 0040fd00 ffbc6600 005253000 00426700
PCM 0118f8 ffb84b00 00340200 ffc5b400 0023b200 ffd68e00 ff952300 00570000 ffa06100 006f4700
PCM 011910 ff8f5000 006005fd000 ff9b1500 006de400
PCM 011918 ff912500 00754900 ff870a090fa00 00641300 ff96db00 006d2b00 ff8c3900 00670200 ff97d600 0070 005ed800
PCM 011930 ff9ecb00 00593300 ff9f8e00 005eea00 ff9aa 00916300 ff68d700 0087b700 ff730 ff8bcb00 005f9000 ff98c000 007e1800
PCM 011950 ff7cdb00 0088bc00 ff6f1800 00899000 ff701f00 00885c00 ff705100 00869900
PCM 011958 ff755e00 009b1100 ff5f3900 00b07900 ff4d4600 00acee00 ff505800 00ac4400
PCM 011960 ff4ea900 009ef000 ff580300 00ad1a00 ff4bb500 00bc4600 ff382800 00bd7b00
PCM 011968 ff3ee800 00ab6000 ff4f1b00 00ad8900 ff4b2500 00c9100c8f100
PCM 011970 ff307800 004c200 00b4d700 ff47c000 00c1c700 ff3f9e00 00ce2000 ff2feb00 00b3M 011988 ff3f8000 00b03200 ff4b2e00 00ad6a00 ff47e100 00ae1e00 f96f00 00ca3500 ff319900 00cf7800
PCM 011998 ff287200 00bd3800 ff3e7e00 00bafd00 ff465800 00cf9800 ff2ba800 00d8e300
PCM 0119a0 ff1e6200 00fef800 fefc5e00 00ff9600 fef93500 00ddbd00 ff198500 00edcc00
PCM 0119a8 ff09d700 00dec900 ff1dee00 00c5a700 ff34a000 00c0f300 ff3c4600 00cc0e00
PCM 0119b0 ff2e5500 00ddc100 ff192e00 00de7600 ff1ef100 00d7d400 ff232400 00dacd00
PCM 0119b8 ff20d300 00e34500 ff187c00 00edf000 ff072e00 00e47500 ff17b900 00e9
PCM 0119c8 fee93200 011c4d00 fee01200 01043500 fef57d00 00edaa56700 00f7b200 ff02c300 00ccac00
PCM 0119d8 ff2c1800 00d4b700 ff7c00 00bdbf00 ff3e8f00 00d01000 ff2a1800 00bce600
PCM 0119e8 f68900 ff474a00 00bee900
PCM 0119f8 ff39ed00 00c10d00 ff3a1b00 00bd1100 ff426f00 008f5f00 ff64b200 0088cc00
PCM 011a00 ff717e00 00a20900 ff5da300 00ba9000 ff430b00 009fe400 ff5a6400 00962700
PCM 011a08 ff612000 0084f100 ff72e900 009f2c00 ff593c00 00a52700 ff531300 008aa300
PCM 011a10 ff6ee600 007e2d00 ff7a2600 008d9700 ff694f00 00685100 ff90da00 006daf00
PCM 011a18 ff8c8400 00712200 ff8a2100 00569300 ffa24000 00547000 ffaa3b00 00702c00
PCM 011a20 ff8aa600 0060e700 ff988500 005eab00 ff9dca00 004ca600 ffaf8f00 00415500
PCM 011a28 ffb8 00286d00 ffd4ad00 00116a00
PCM 011a30 ffef9d00 000df100 fff1d300 00154600 ffe40b00 001d8800 ffdfa500 002b6d00
PCM 011a38 ffd29500 0064fe00 ff980300 00505a00
PCM 011a40 ffaaf500 004dc000 ffadb500 00583800 ffa4dd00 0044c300 ffb9f100 00184600
PCM 011a48 ffe6f100 00064300 fff55300 fff8e400 00029400 ffe2fd00 001c0700 fff6ca00
PCM 011a50 0007d900 000d4400 ffebf200 ffed8d00 0012fb00 ffc25e00 003d9100 ffbc6100
PCM 011a58 00421b00 ffc1a900 003a0e00 ffb75700 00469b00 ff8f2c00 00710f00 ff8d0a00
PCM 011a60 00708f00 ffa40d00 0056f700 ffbc8500 00434b00 ffb69900 00478e00 ffb4af00
PCM 011a68 0046bd00 ffc87500 00382200 ffacc900 004e3b00 ffa3e500 005c1900 ff935100
PCM 011a70 006b9600 ff770f00 00878700 ff70c200 008d9800 ff8a8b00 00761d00 ff8f0c00
PCM 011a78 00730900 ff8b8200 00748b00 ff8fac00 006f7400 ff778c00 00865300 ff76e700
PCM 011a80 0085c600 ff594a00 00a40b00 ff693700 0095ae00 ff6d680 ff8dca00 00708f00 ff7b2100 00811800 ff7c8400 0086cb00 ff69b000400 ff6ed700 00952d00 ff569f00 00ab3000 ff59d500
PCM 011a98 00a84800 ff637d00 00a1ae00 ff629900 009c8b00 ff6d0d00 00948900 ff6aPCM 011aa0 009bb700 ff5ce400 00a4c600 ff5f3100 00a0ee00 ff682e00080c800 ff81fe00 007a9900 ff8f0a00
PCM 011ab0 006cd200 ff82cc00ff7bdf00 0083e800 ff7cef00 00826f00 ff69e300 00958b00 ff66ff00
2e00 00767000 ff900b00
PCM 011ad0 006de500 ff9c1600 00649200 ff005a2200 ffa48a00 0059fb00 ff9dac00 0064a200 ff98ee00
PCM 011ae04cab00 ffbb6000 00432500 ffafb400
PCM 011af0 004bf300 ffb12400 004c0500 ffbbf200 00460100 ffb8e800 00460100 ffc32500
PCM 011af8 003b4a00 ffbae700 0041e900 ffaa9000 0054ce00 ff8a4600 00737b00 ff727500
PCM 011b00 0089bc00 ff8b6d00 00707200 ffa2d700 005df900 ff9e6800 00613600 ff919600
PCM 011b08 006f2e00 ff913300 006c2b00 ff889200 00793100 ff906300 0070ee00 ff8ed600
PCM 011b10 006ddb00 ff8b4900 00773c00 ffa14200 005a4500 ff9b9300 00665200 ff00 ffa99300 005a5000 ff982a00
PCM 011b20 00655500 ff9e5700 005d30 00848500 ff8fab00 00738300 ffa5e000 0058ec00 ff97db00 0065a108 0072e200 ff9b0300 00611600 ffafc200 004cfb00 ffac1d00 0053f400ee400 ffd1a100
PCM 011b48 002a3400 ffdea400 00205500 ffe31400 0a0f300 00607900 ff9e3a00 00602800 ffb2c400
PCM 011b60 004cb900 fd1f100 002ec700 ffd5e300 0026e600 ffdcf600
PCM 011b70 00205d00111f00 ffef5f00 001af700
PCM 011b80 ffddb900 00107600 ffeb2a00 fbc300 00001200 fff35600 000ad100 00027800
PCM 011b98 fffd0200 e54e00 0014fe00
PCM 011ba0 ffea8600 00096000 fff31300 00080400 00
PCM 011bb0 fffd8400 fffbf000 00008600 fffdb600 00005900 fff0
PCM 011bb8 000ba000 000c0000 ffef0e00 00286000 ffd4c400 00079649a00 00321f00 ffc6f800 0013d300
PCM 011bc8 ffe79b00 001b7d00 ffe06500 00394800 ffc11a00 00362e00 ffc89f00 0030ea00
PCM 011bd0 ffcda800 001f0700 ffdcae00 00159700 ffe80500 00328300 ffcb5200 00488800
PCM 011bd8 ffb8bc00 009a500 002b3d00 ffd04300 00235400 ffdc2b00 003dbc00
PCM 011be0 ffbf1300 00513c00 ffab6400 004af800 ffb08f00 00507600 ffaac600 00510100
PCM 011be8 ffaa5500 00595000 ffa27e00 00587800 ffa1ab00 00516100 ffa65900 003b3000
PCM 011bf0 ffbdef00 00560900 ffa63300 006a9e00 ff8eb900 00507000 ffa9da00 0038fa00
PCM 011bf8 ffc03100 00207600 ffd9c400 00156900 ffe91300 0028b900 ffd35100 00404e00
PCM 011c00 ffbb9100 002bdf00 ffd0ed00 0032f400 ffc82900 004cd900 ffad6500 0059ad00
PCM 011c08 ffa10600 0073bf00 ff8ce600 00699400 ff927500 005b1f00 ffa1e100 003f1600
PCM 011c10 ffb98c00 003cf700 ffc2e500 002bdb00 ffcffe00 00165b00 ffe1bb00 0026a700
PCM 011c18 ffcfc100 00296c00 ffd59db00
PCM 011c20 ff9fdf00 0062e400 ff99a700 00655d00 ff912600 8 ff91a900 006a6d00 ff8ec400 00500500 ffaecd00 0055ce00 ffa7dc00 0049ac00
PCM 011c30 ffb12700 00493300 ffb23200 005b0a00 ffa30700 00641200 ff99fb00 00537600
PCM 011c38 ffa69300 004b4c00 ffb18a00 0046a000 ffb8e000 00527500 ffa86e00 0053a400
PCM 011c40 ffa52e00 00619500 ff9d5500 00634f00 ff989800 0063c000 ff96c100 0054f000
PCM 011c48 ffa5a700 0042e900 ffb76500 003b2800 ffc0d600 00366900 ffc72a00 004ca300
PCM 011c50 ffade900 00375300 ffc46300 00344d00 ffce9400 0042b800 ffbc1000 00370400
PCM 011c58 ffc2ee00 00357600 ffc51200 0024ed00 ffd8e300 000d2000 fff30700 0018cf00
PCM 011c60 ffe40000 0024ba00 ffd58800 00222800 ffda9500 001e3900 ffe1a700 0014ef00
PCM 011c68 ffe9ac00 00248a00 ffd7fa00 00218d00 ffde5600 00087200 fff10c00CM 011c78 fff28200 fff36700 000e3800 ffe85b00 00146600 ffe82e00 ffa7c00 0006e900 fff65a00 00050700 00028900 fff86300 0005b800
P2300 00031c00
PCM 011c90 fffe7800 ffe0ff00 001c2400 ffd38e00 00293c00 ffb9b300 00427a00 ffbc8500
PCM 011c98 0041f500 ffc39f00 003ae900 ffb7e800 004a0700 ffc598300 ffa35800
PCM 011ca8 0059be00 ff849000 007fca00 ff856100 00782300 ffa3db00 005efd00 ffb28600
PCM 011cb0 004a7600 ffb53a00 004e5d00 ffab7100 00578a00 ffa76f00 00591500 ff823400
PCM 011cb8 007e1e00 ff64bf00 009ce500 ff53f400 00a99b00 ff63b000 00965700 ff50d500
PCM 011cc0 00aa0000 ff4ea100 00b09400 ff4d4100 00b38c00 ff529600 00a98300 ff4d0700
PCM 011cc8 00b45500 ff578f00 00a75600 ff484c00 00b6b300 ff4cb500 00b0c400 ff611000
PCM 011cd0 009a9e00 ff62c400 00971900 ff488100 00b50700 ff543100 00a92d00 ff609300
PCM 011cd8 009e6900 ff5b31ce0 00a1b700 ff5c9c00 009f7300 ff4c5400 00b4dd00 ff392b00 00c25e8 00c64100 ff390800 00c75100 ff4cc900 00b30800 ff623300 009fe406c00 ff3ace00
PCM 011cf8 00c27d00 ff3b7d00 00c4dc00 ff35c100 0000fc3c00 fefe0600 01021200 ff183800 00ea3000 ff209800
PCM 011d000c69500 ff480300 00b59100 ff648b00 00994c00 ff618600 009eac00 fPCM 011d28 0075ac00 ff7f8200 0080a000 ff80dd00 0081a000 ff813900ee600 ff673a00 0095da00 ff629500 00a0a200 ff5aba00
PCM 011d40 00a3b300 ff6b2600 0099b600 ff726000 008e8a00 ff531600 00ac5900 ff36ab00
PCM 011d48 00ca0d00 ff36524d00 00b13f00 ff689b00 00990500 ff6fcf00
PCM 011d50 008a9b00 ff88ff00 00764a00 ff9a4400 00650a00 ff8ee400
PCM 011d60 007022000
PCM 011d68 008c5200 ff7db800 00819200 ff803600 007b6c00 ff81f600 007c1b00 ff7eb000
PCM 011d70 00802f00 ff5d1000 009eb300 ff4c1100 00b39200 ff698300 0095f200 ff855900
PCM 011d78 007a4e00 ff7b6400 00823200 ff7e1800 007f7200 ff83a000 00786b00 ff726900
PCM 011d80 008c2100 ff579300 00a43100 ff5c9c00 00a30300 ff598300 00a27b00 ff61ba00
PCM 011d88 009e9500 ff6e4c00 008f0700 ff649100 009df900 ff4b5000 00b2a000 ff3f2800
PCM 011d90 00c1ae00 ff548700 00a8b500 ff829f00 007be400 ff785f00 00841a00 ff673a00
PCM 011d98 0098da00 ff64b400 009a1a00 ff6d4c00 008cfb00 ff75d400 00800555600 ff972c00 0067e400 ff871400
PCM 011da8 00736600 ff6daf00 ff448700 00b5d000 ff2a3b00 00d1d700 ff3f8e00 00c2ca00 ff5706008b00 ff74f100
PCM 011dd0 008ae200 ff6fa200 008acd00 ff7bd200 0000 006d0100 ffbfc500 003d4c00 ffb85000 0045c700 ffaf4000
PCM 01M 011df0 0044f000 ffc25d00 0039f700 ffe27300 001a1900 ffe8df00 0c00 ffab6700 0050fd00 ff9f5c00 0061c900 ffad4800 004e4d00 ffaf7200
PCM 011e08 004b9b00 ffb12700 00477d00 ffa50100 00561300 ffb41900 00497600 ff9df000
PCM 011e10 005de100 ffb74c00 00437400 ffc9d300 00363100 ffd95400 00263100 ffdff500
PCM 011e18 001c8000 ffe6b400 0017a800 ffc79600 00345000 ffbfcc00 003d1f00 ffc50600
PCM 011e20 0038ea00 ffdc6300 00213900 ffe72400 00167f00 ffdef000ed00 fff8e800 00064d00 fff77500 00052d00 fffbde00
PCM 011e30 ffffe500 00169f00 ffe7ca00 00078800 fff94400 ffee3e00 00101d00 fffe6000
PCM 011e38 fffbc200 0011f900 ffe85800 0014b000 ffea5e00 000eef00 ffef5c00 fff0a200
PCM 011e40 0008b700 fffad700 0000fc00 fffa0f00 fffddc00 ffeee000 000d6a00 fff30c00
PCM 011e48 000b1200 ffd8bb00 00241a00 fff49d00 00096e00 0000b600 fff99800 0002e700
PCM 011e50 fffdce00 ffff7200 fff90600 000afd00 fff10b00 0016a700 ffe39100 002e4a00
PCM 011e58 ffc89b00 003ca500 ffbe1300 00449600 ffb5a000 00355600 ffc64300 00241f00
PCM 011e60 ffd2a500 0f00 ffbaf100 00504300
PCM 011e68 ffac0100 004b5e00 ffa9a900 0030 004ef200 ffac8800 004d2d00 ffa87c00 003eb400 ffbb0d00 004290007000
PCM 011e88 ffaaf100 00453500 ffb37c00 00618c00 ff987700 00b00 00747100 ff8c1500 007e8400 ff7ba700 0074e100 ff84fa00 007e8c96100 00760900 ff83f600 00730800 ff882900 00678700 ff8ff400 0071 007a8700 ff825100 00910b00 ff699700 00943d00 ff693900 0083c600
PCM 011eb8 ff77a500 0074f800 ff88aa00 00717d00 ff8d3500 0074fc00 ff87a500 007e3900
PCM 011ec0 ff7eac00 006eb300 ff8c5500 00619800 ff982500 005f2b00 ff9cd500 00 ffc21000 0044f400 ffb93d00 00537a00 ffab6800 00471200
PCM 011ed0 ffb19b00 00480e00 ffb27200 00363b00 ffc63c00 002dcc00 ffcdc700 002f3700
PCM 011ed8 ffcb2100 0028c500 ffd30300 0027b900 ffce5a00 002fef00 ffc90800 003ae800
PCM 011ee0 ffc46400 000e2e00 ffece700 fffa5e00 ffffed00 001ed000 ffdef100 003d6e00
PCM 011ee8 ffbdb400 003da500 ffbdea00 00268e00 ffdc6100 0026a600 ffd52200 001f7300
PCM 011ef0 ffdc5a00 000b7f00 ffeff800 00046400 fff70300 fffb1300 fffe9800 00005b00
PCM 011ef8 fff91200 0004da00 fffba000 001f8100 ffe00800 00010300 fffda500 fffdfd00
PCM 011f00 fffcc000 fff8c400 0007ae00 fffd2c00 00037600 ffde1100 001e6100 ffb92200
PCM 011f08 0043b800 ffbfb600 003d2100 ffe8c100 00141400 ffdc7700 00212e00 ffe15a00
PCM 011f10 00187a00 fff7b700 00054000 fffc8800 0000d700 fff72e00 0007ad00 ffd4c800
PCM 011f18 00251c00 ffc7fd00 00342700 ffc6cb00 0034b900 ffc4b700 00398200 ffa56600
PCM 011f20 0056e700 ffb6e400 00492000 ffcebf00 002eac00 ffbfd500 003cda00 ffc08200
PCM 011f28 003d5000 ffbdf200 003d5a00 ffb5d600 00462500 ff903700 006e3e00 ff840e00
PCM 011f30 007bfa00 ff800 00790200 ff8b2400
PCM 011f38 0072a100 ff8b1e00 0076f300 ff87f7bed00 007fef00 ff6af300
PCM 011f40 00916e00 ff702b00 008e620000 ff804000 007ef100 ff840000 007b8b00 ff6f4c00 008ea000 ff479100e7ec00 ff237000 00dcc200 ff348c00
PCM 011f58 00ca8900 ff16200000e24e00 ff474900
PCM 011f60 00bac200 ff485200 00b55a00 ff44d70 ff24e300
PCM 011f70 00dffb00 ff352c00 00c62600 ff223700 00db790 00ddc200 ff3ca800 00c3ef00 ff46cd00 00b79300 ff27a200
PCM 011 ff13c400 00ec6300 ff199700 00e4ff00 ff26a300 00da8800 ff352000700 00d95d00 ff1f6700 00e77e00 ff01b100
PCM 011f98 00fb2200 ff1 011fa0 00e46500 ff216800 00de3300 ff066900 00fc7d00 fef3c300 010 ff1c0f00 00e48e00 ff2ca000
PCM 011fb8 00d4a800 ff2d1200 00cf60 00c72b00 ff314d00 00cd2c00 ff262f00
PCM 011fc0 00da5600 ff396400 00ca5100 ff4e9e00 00af7800 ff620900 009ca700 ff4d4700
PCM 011fc8 00b0ba00 ff4ae200 00afc300 ff547d00 00ac9200 ff4f7e00 00ac5600 ff659500
PCM 011fd0 009e8d9600 ff5fe700 009c5f00 ff708300
PCM 011fd8 0086d000 ff7ccc00 00815400 ff702500 008c3500 ff736700 008de700 ff773400
PCM 011fe0 0087d800 ff6ef900 008c9300 ff838400 007b0c00 ff827b00 007d1d00 ff6ccf00
PCM 011fe8 008f4b00 ff995a00 00637400 ff763500 00867300 ff6b1a00 00906f00 ff757800
PCM 011ff0 008c7e00 ff78f800 0088ee00 ff669d00 0099bf00 ff70f500 00905300 ff800a00
PCM 011ff8 007e0700 ff677500 00958700 ff529e00 700 0094ca00 ff75b700
PCM 012000 0086ba00 ff6a4000 00923d00 ff612008 00b47200 ff683100 00948f00 ff5e0100 009b2c00 ff5a0500 00a7a00 ff81c600 007c0f00 ff824800 00781900 ff7f6800 007f4700 ff8131 ffb50700
PCM 012030 004b6300 ffb13a00 004d5900 ffac2900 00532600 00417400 ffc1b500 003f3000 ffc4f200
PCM 012040 0037b800 ffe200 ffc69600 0033ee00 ffcca800 00313f00 ffd15b00 00257a00 ffe2740600 000b6600 fff1b900 ffefbd00 000bd200 ffefa900 000a6c00 0003a100
PCM 012068 fff9d200 000c3200 fff09500 fff60f00 0003f600 ffe6a800 0017a000 ffe58b00
PCM 012070 00138800 00051400 fff67f00 0011fe00 ffe9d300 0002a400 fff78700 00032200
PCM 012078 fff51c00 0011ef00 ffe6e100 0027bd00 ffd60e00 0020dd00 ffd7d000 00227600
PCM 012080 ffd94b00 00299f00 ffd37700 00121400 ffea1900 00121600 ffe68a00 000b9100
PCM 012088 fff06500 00193e00 ffe1e600 00308d00 ffcb1a00 00157c00 ffe5c000 fff2fa00
PCM 012090 00076d00 fffa2600 ffff0300 000ee100 ffecb400 00179d00 ffe29a00 001dd700
PCM 012098 ffe0e600 0005eb00 fff30b00 0011ed00 ffe87100 0025c300 ffd20d0 ffb40b00 00585600 ffa37200 006c9500 ff8c9f00 00781000 ff83e120e0 ff8bd500 00602500 ff9b7f00 005e4100 ff9d7600 00604200 ff9af90fd00 0074b900 ff7f5c00 009d0500
PCM 0120f0 ff5bee00 009b64003000 00725b00
PCM 012100 ff885a00 00685100 ff8e1e00 00620800 ffb9900 00666500
PCM 012108 ff958400 00686700 ff978100 007cb500 f0 ff68a600 009dde00 ff5c2b00 008ecd00 ff6be700 007e2800
PCM 012007cb300
PCM 012120 ff7cb600 006acc00 ff907d00 006b4400 ff917600 00623800 ff955500 0068e200
PCM 012128 ff917100 006ddf00 ff893700 00a6f200 ff570300 0094a500 ff66c500 00878000
PCM 012130 ff762d00 00698600 ff93d800 00650a00 ff925000 00569900 ffa3d100 00604700
PCM 012138 ff9daf00 0073f600 ff86a100 00808c00 ff7c3700 00883200 ff72d100 00723400
PCM 012140 ff897000 008c3f00 ff6d0300 00983c00 ff5f6000 00872800 ff74f 0067cf00 ff8a8c00 00743b00 ff8d8300 008bf000 ff70e300 00897100
PCM 012158 ff6cc600 006c1100 ff8cd300 00563900 ffa05d00 00593c00 ff9e0b00 0051a200
PCM 012160 ffac5e00 004f2800 ffb28200 0047da00 ffb59600 002f1500 ffc74a00 00290900
PCM 012168 ffd60100 002e9600 ffc92800 0014c300 ffeba400 0007d100 fff13400 000c9300
PCM 012170 fff0dd00 00048d00 fffc4300 00183500 ffe2eb00 00365d00 ffc5bd00 003d5d00
PCM 012178 ffbdf700 00533e00 ffa74700 00410d00 ffbc3000 002ae900 ffcd8500 002f4600
PCM 012180 ffce0100 002c3700 ffd26f00 001d3800 ffdc6900 00129f00 ffeb1c00 00119a00
PCM 01288 ffe5b600 001c3a00 ffdd3e00 0000 ffc6e100 00357a00 ffd17e00
PCM 0121a8 0027ce00 ffc3ce00 00390500 ffd76000 00230f00 ffe04000 0017c500 ffe09a00
PCM 0121b0 00209300 fff3a300 0007ea00 fff07900 000f7400 ffe7a700 000fa300 ffd11500
PCM 0121b8 002b5100 ffb57c00 00479a00 ffb81d00 0044c400 ffce5300 002a7700 ffe6b400
PCM 0121c0 0016c200 ffe04800 001edd00 ffc15900 00376700 ffb82900 00445900 ffbb4300
PCM 0121c8 00422d00 ffbe8f00 003af200 ffb2f700 00492800 ffbca900 0042c500 ffce7200
PCM 0121d0 002d7000 ffb3c200 00488200 ffb7be00 0046c000 ffb9c300 00466200 ffbaf800
PCM 0121d8 0042a200 ffb08400 004a2600 ffa39b00 00583600 ff9c5a00 00628c00 ffb2af00
PCM 0121e0 004b6200 ffa4ee00 0058d700 ff8d2700 00709800 ff8a0400 00753700 ff6c8000
PCM 0121e8 00944b00 ff86af00 00799500 ff830a00 007a0e00 ff7d2300 007e4100 ff815e00
PCM 0121f0 007d9600 ff8d4700 0070f200 ff7c3900 00847b00 ff494800 00b14a00 ff477b00
PCM 0121f8 00bc6000 ff480900 00bb6a00 ff4a2000 00b30000 ff47a500 00b61d00 ff58ac00
PCM 012200 00a4c600 ff5a3c00 00a74200 ff3e7900 00c1d500 ff37dd00 00c8a300 ff3c3d00
PCM 012208 00c54500 ff2a5000 00d67300 ff4d8900 00b79700 ff5a9800 00a94800 ff5e5000
PCM 012210 00a06c00 ff606600 00a0c100 ff6d5600 0091cc00 ff682400 00964800 ff624e00
PCM 012218 00979b00 ff77ec00 00858000 ff73cb00 008a0b00 ff598700 00a60900 ff45e000
PCM 012220 00b81a00 ff3f1c00 00bfed00 ff36a200 00c75400 ff1a2500 00e69a00 ff31bc00
PCM 012228 00cf3400 ff4ece00 00b39700 ff5f0100 009cce00 ff52e800 00ada900 ff4d9300
PCM 012230 00b4bf00 ff599900 00a7df00 ff52ee00 00af0d00 ff62ef00 009c5b00 ff51ea00
PCM 012238 00ae3d00 ff5db00 00a41200 ff59d700 00a35f00 ff00 007a4400 ff827900
PCM 012248 007dd800 ff841b00 007ca400 ff91bd00 00702900 ff81bb00 007d7400 ff784800
PCM 012250 0084b900 ff6f3700 008ff500 ff57c300 00a2870972e00 ff744f00 008b3d00 ff7c7c00 0081dd00 ff71cb00
PCM 012260 
PCM 012270 00815300 ff72ac00 008ee800 ff622300 0098bb00 ff7f830012278 006bea00 ff83c500 007bdf00 ff93f800 0069b900 ffaa8200 0050520800 ffbdc800 003c6100 ffd24d00
PCM 012288 00298500 ffbe4e000 00681600 ffa5ba00 005a6900 ffc13e00 003ade00 ffde5600 0020bc00 ffd59600
PCM 012298 00291500 ffc46300 00366c00 ffd1dc00 002ca700 ffbcc800 00410100 ffbe0600
PCM 0122a0 003e6a00 ffa3e300 00553900 ffa2b000 0054e900 ffa80e00 0057b800 ff92cd00
PCM 0122a8 006bf200 ff817400 007f0c00 ffa80600 00591800 ffa24400 0059f700 ffbc6800
PCM 0122b0 00412d00 ffd83000 00233100 ffddac00 00220900 ffbe2b00 003f3f00 ffae0800
PCM 0122b8 004d4100 ff981700 00647d00 ffa80200 0052ca00 ffc36500 003d6100 ffc14500
PCM 0122c0 00378f00 ffd4c700 00276000 ffd86000 00217400 ffcb6b00 00310a00 ffc36900
PCM 0122c8 00373900 ffba2200 00457e00 ffc98000 00318c00 ffd0bb00 002f6c00 ffde5900
PCM 0122d0 001ff300 ffdf9400 001af700 ffd95900 00224a00 ffc5a700 00306300 ffddc500
PCM 0122d8 0020dc00 ffef5400 000b4f00 000b4400 fff19b00 00160400 ffe5d200 fffba600
PCM 0122e0 fffcce00 0006af00 fff54500 0024c000 ffdbb100 0030bc00 ffca4200 003e1d00
PCM 0122e8 ffbca700 0019e600 ffe41400 00059100 fff60900 000eb800 ffeb1b00 00117400
PCM 0122f0 ffe92a00 00085400 fff66f00 00163300 ffe3e200 0024ca00 ffd3f100 00296300
PCM 0122f8 ffd7ca00 00291100 ffd74000 00333600 ffc99600 0048b100 ffb1fe00 005f0700
PCM 012300 ff9d1500 00364400 ffc4ac00 00427800 ffb9f700 00593800 ffa48100 004bbd00
PCM 012308 ffaeff00 00473a00 ffb4a900 004fc900 ffaae600 00355d00 ffc92400 00300100
PCM 012311f00 ffb63400 00359100 ffc45a00 001dd200
PCM 012320 ffdf1900 00700 ff853600 0076e100
PCM 012330 ff826a00 00978200 ff651f00 008d9600 ff6b8c00 00807a00 ff78d900 007fde00
PCM 012338 ff7b1000 00690200 ff922d00 008a6000 ff6f0200 00ae2b00 ff466600 00b9da00
Pff87c300 008c0400 ff6ff700 008a9b00
PCM 012350 ff72e500 007a2702358 ff5df200 00947800 ff62dd00 00a01700 ff53d800 00a6c600 ff4dd900 00bb1d00
PCM 012360 ff3c3f00 00b22100 ff470e00 00b57500 ff417a00 00b40a00 ff45df00 00c29a00
PCM 012368 ff393100 00dedb00 ff145600 00b2ed00 ff444200 00989300 ff631f00 00ac8300
PCM 012370 ff4f2300 00c97e00 ff2fe000 00cc3700 ff2eda00 00c88200 ff2f1f00 00de9a00
PCM 012378 ff1b9a00 00e5f800 ff143c00 00dd5a00 ff1a7900 00da3c00 ff1de900 00f27a00
PCM 012380 ff075400 00fd1100 fef97800 00d72300 ff254f00 00bd9c00 ff3b6100 00c68c00
PCM 012388 ff358600 00bef600 ff397d00 00c2ea00 ff364800 00c56c00 ff31dd00 00cc6e00
PCM 012390 ff2a7900 00d8b400 ff1f8600 00dfea00 ff168900 010d8a00 feeb9500 00e4b800
PCM 012398 ff131600 00c5db00 ff35bf00 00ce7e00 ff286500 00c9a900 ff2ed500 00db6600
PCM 0123a0 ff21c000 00c7ec00 ff2fc100 00cb9200 ff2b7700 00d5e000 ff23a400 00d00300
PCM 0123a8 ff274500 00c4ee00 ff337200 00cf7f00 ff26e000 00d77b00 ff203600 00ce6300
PCM 0123b0 ff274100 00d8b600 ff1c6800 00eed300 ff0a8800 00d49900 ff276000 00cf1400
PCM 0123b8 ff2ba500 00e1c200 ff16c900 00eb1f00 ff0f5d00 00d45800 ff229600 00c73000
PCM 0123c0 ff316f00 00c5f600 ff2fc300 00cf7800 ff28f900 00c24300 ff381200 00bef000
PCM 0123c8 ff3 00cf8700 ff2c9900 00b1b900
PCM 0123d0 ff498900 00afa800 ff498500 00bf1900 ff3c1b00 00c1c000 ff38a600 00d01900
PCM 0123d8 ff25e000 00cee500 ff2db600 00c19300 ff377700 00d06d00 ff23f800 00c9d800
PCM 0123e0 ff2d2e00 00cf1500 ff2c6100 00de2800 ff20e600 00c61600 ff31df00 00c34200
PCM 012 00c87a00
PCM 0123f0 ff2feb00 00ce0800 ff292300 00b56b00 ff41bc9200 ffb12300 00781800 ff7da900 008d4a00
PCM 012408 ff6c5200 000059bc00 ff9f5100 006e6a00
PCM 012410 ff88bd00 00836200 ff72b300 00794c00 ff7f0c00 0063c000 ff941b00 005c4300
PCM 012418 ff9a7200 00434200 ffb6e900 00407700 ffb96100 00427e00 ffb58a00 00356e00
PCM 012420 ffc20800 0045f000 ffb2ce00 005c8c00 ff9e9000 00642900 ff947500 0052dc00
PCM 012428 ffa7be00 00449900 ffb2ee00 004b3500 ffac6600 005c6700 ff9e3a00 005a8c00
PCM 012430 ffa0f900 0034ea00 ffca0300 00351f00 ffc95500 ffeeb600 00069c00
PCM 012440 fff67600 fffdd500 fffd6800 fffffac900 00059100 ffe67c00 0014bb00 ffc37300
PCM 012450 0038b200 ffbf8c00 003a5d00 ffccaa00 002e0400 ffbc8e00 00412200 ffbd6400
PCM 012458 00409000 ffc39000 003ba900 ffcddb00 002db100 ffc16000 003d0800 ffca8c00
PCM 012460 00305a00 ffd71300 00287200 ffd50c00 00287e00 ffc90f00 0035ac00 ffa90400
PCM 012468 0054a000 ffa1dd00 005d3c00 ffb4a200 00470700 ffb5d800 00492000 ffc63300
PCM 012470 00383a00 ffd34a00 002d5f00 ffcff700 002e0500 ffbf5100 003fc300 ff995500
PCM 012478 0064f900 ff9e6500 0060aa00 ffb80600 004a0300 ffc3e600 003a8100 ffb51a00
PCM 012480 004a3e00 ffa47100 005e1200 ff9adf00 00662e00 ff942700 006b2900 ff80fc00
PCM 012488 007ea500 ff877f00 0076b700 ff92e600 0068a300 ff991000 00684b00 ffa6a800
PCM 012490 005b9400 ff931800 006d5200 ff8ea000 006f4900 ffa78800 00560300 ffa4b600
PCM 012498 00588400 ffa0e000 005a1d00 ffa51300 0056b100 ff99c900 0064ff00 ffb24d00
PCM 0124a0 0049de00 ffad3d00 00498600 ffad7400 004e2900 ffc47100 0038ae00 ffc72e00
PCM 0124a8 0035a400 ffb63000 00461900 ffa24a00 00592100 ffa98b00 0051a700 ffa27800
PCM0492300 ff9f2600
PCM 0124b8 005b7700 ffb2d500 0049d700 ffac7000 ffae2600 004ea400 ffbddc00
PCM 0124c0 003c9900 ffa47800 005a980 00555400 ff9fb300 005d3900 ff9a5400 005f1700 ffb6f400
PCM 01200
PCM 0124d8 004f8400 ffb0a800 004bf900 ffaf2300 004fe200 ffb35e400 0035f800 ffcc2600 002c7d00 ffc5a100
PCM 0124e8 00379e00 ffd32a00 0027aa00 ffc5d000 0032f700 ffe02a00
PCM 0124f0 001fdc00 ffc0ca00 003de000 ffbce900 003cbc00 ffb8c100 00462500 ffb5b700
PCM 0124f8 0044db00 ffcbcd00 00370800 ffc61e00 0035c600 ffba5d00 003f5b00 ffb4a900
PCM 012500 004bbb00 ffa0b300 005a8a00 ffa7e800 00566700 ff95ff00 0069e300 ffb11500
PCM 012508 004c7300 ffcc2b00 002f4b00 ffc25200 003cb300 ffa9da00 00554f00 ffbebe00
PCM 012510 0043f100 ffc59600 0038bd00 ffa65200 00527c00 ffa2e100 0059bb00 ffa45f00
PCM 012518 00585700 ffa9dd00 00551000 ffbcb700 00450200 ffad4200 004f0b00 ffabae00
PCM 012520 004dab00 ffb34b00 004f5300 ffb22900 0049fe00 ffa79600 00552200 ff993600
PCM 012528 00649100 ff8fed00 006c8700 ffaa5600 00532100 ffd8f600 00239d00 fffe0700
PCM 012530 0000de00 ffd4c400 0024a000 ffdfae00 0018b000 ffdfb100 00193e00 ffdb8800
PCM 012538 001ec300 ffedc700 000e1500 ffed3700 000f8b00 ffeab000 00152000 fffa2c00
PCM 012540 00028f00 fff80a00 0001f300 00063c00 fff2f800 000b1000 ffee5d00 0000ad00
PCM 012548 fff8c300 000d8800 ffeb1100 00081c00 fff8dc00 fff71900 00052f00 fff8ab00
PCM 012550 00056300 0001e300 fff84c00 fffc4600 00006900 ffcf6a00 002bed00 ffd83400
PCM 012558 00235900 ffcaa500 00308800 ffc58000 0033c000 ffe3b100 00186a00 0006c700
PCM 012560 fff27400 0014c500 ffe55100 00027900 fff38500 001a0500 ffe46100 00136e00
PCM 012568 ffe90700 00171700 ffe53200 003a1e00 ffbb0d00 00172100 ffe19000 fffd8500
PCM 012570 fffa0300 000c2300 ffed2800 0024a500 ffd31900 001ec900 ffdbf200 0012fa00
PCM 012578 ffea6e00 0001d600 ff0004e700
PCM 012580 fff72d00 00150c00 ffe7c800 0022b600 ffd92800 0033f300 ffc95000 00394400
PCM 012588 ffc1b200 00424b00 ffba0000 00334900 ffc6ad00 001ae900 ffe12d00 000ed100
PCM 012590 ffe100 ffab4300 0044fc00 ffb44400 00221100
PCM 0125a8 ffd5cc00 002 002fbb00 ffcd4a00 005bfa00 ff9d5e00 006be400 ff8dfd00 005b1500ec600 ffba4600 0036ce00 ffc40600 00459300
PCM 0125c0 ffb19800 025c8 ff9ecb00 0057b900 ffa30b00 006dd400 ff89d400 0079e300 ff80f200 005c5000
PCM 0125d0 ff9e6d00 0056bf00 ffa36100 007b2700 ff809d00 007f8100 ff7b8b00 0076ce00
PCM 0125d8 ff855b00 007e3c00 ff766200 0084aa00 ff774f00 0090890 ff734600 00865600 ff728700 005f5f00 ff975400 0051d700 ffa7e300 00527200
PCM 0125e8 ffa42600 00696300 ff8c7000 0066b900 ff8fb400 00685a00 ff908900 00688300
PCM 0125f0 ff930900 0065be00 ff92ce00 0070e800 ff877600 0079fd00 ff811400 0067a100
PCM 0125f8 ff8b0b00 00725c00 ff866f00 0088a500 ff691a00 008cba00 ff698c00 006eb800
PCM 012600 ff887800 006b4900 ff8fac00 00411c00 ffb4e800 00595500 ff9d8d00 005ee400
PCM 012608 ff9a7d00 004f2d00 ffab5400 0040c100 ffb90300 00472200 ffb29300 005e3500
PCM 012610 ff9c9500 004f1d00 ffa9c000 0040af00 ffb78400 0043be00 ffb89600 002bb200
PCM 012618 ffcacb00 00411200 ffb6c100 004d2500 ffaaf700 005a5000 ffa05b00 004cf100
PCM 012620 ffad9000 0055f200 ffa28000 0052c300 ffa95800 00504d00 ffa80800 003cb100
PCM 012628 ffbd7100 0041bc00 ffb7ed00 003a8500 ffbf2f00 0027fe00 ffd23000 00470100
PCM 012630 ffb42400 00696f00 ff8e5c00 00750500 ff844200 005b4300 ff9f5b00 004cef00
PCM 012638 ffa7df00 00603800 ff9a9200 00557d00 ffa41200 00396500 ffbe3900 0031aa00
PCM 012640 ffcc4600 00344900 ffc1ad00 00496a00 ffb0bc00 003cfe00 ffbc5700 00441500
PCM 012648 ffb0ef00 004ec400 ffaab400 ffd5e700 00123000 ffe6d300 00268800
PCM 012658 ffd78500 0031a400 ffca0300 004ab200 ffaf3100 00678 ff95cb00 0062a900 ff988800 002d9100 ffcfc300 00139a00 ffe879PCM 012688 ffd52e00 00044a00 fffc3400 ffe70200 0013bf00 fff84600003a6b00 ffbed000 003c0400 ffce5e00 002b2d00 ffd9f800 00210900 fff01800
PCM 0126a8 0009c700 000a1000 ffefa500 ffeeb000 000d5c00 fff1bc00 000ab600 fff29c00
PCM 0126b0 0006f500 ffee7400 000db600 0002ef00 fff65800 fff5fb00 00030300 fff2f900
PCM 0126b8 000cc500 fff8a400 00059400 ffe21500 00177100 ffe08400 001f1d00 ffc22000
PCM 0126c0 003b2100 ffa41e00 00569800 ffabf500 00532200 ffc25700 00389200 ffcd4b00
PCM 0126c8 00345900 ffbdfd00 003b1300 ffb4ec00 00468500 ffb32100 00486200 ffb1fc00
PCM 0126d0 004ad900 ffb73800 0045ca00 ffa44900 005aa800 ffb32f00 0047f800 ffd10c00
PCM 0126d8 002e7100 ffd32f00 002e5d00 ffe17900 001b1900 ffede600 00111a00 ffd80900
PCM 0126e0 00261c00 ffc3ef00 0037a800 ffbf7400 00397b00 ffbcb900 003eb700 ffa72900
PCM 0126e8 00532000 ff998200 0068f100 ff907000 006db300 ff709200 008ffa00 ff76af00
PCM 0126f0 00891100 ff947200 00687c00 ff885400 00783b00 ff6a8100 00907000 ff77e200
PCM 0126f8 0085b700 ff822700 00814000 ff860800 00791b00 ff8f1f00 006ea800 ff83b700
PCM 012700 00765f00 ff881000 00787000 ffa3f400 005dae00 ff995000 00634800 ff9bb500
PCM 012ff874200 0077ce00 ff7c4100 00860900 ff8ba500 0072d400 ff7fe300
07dd100 ff8ea600 00703e00 ff94bf00 006d2a00 ff85f900
PCM 012718e000 00864100 ff743100
PCM 012720 008bfe00 ff8b0200 00739600 ff500 ff597200 00a46600 ff591f00 00a2a900 ff41c500
PCM 012740 00be00 ff635b00 0098c200 ff630400 009b3400 ff637400 00973500 ff761900
PCM 012750 0084f900 ff74d300 008b2400 ff76f200 00881700 ff5c8200 009fbf00 ff4ccf00
PCM 012758 00b16d00 ff730200 008bc300 ff7b7900 00806a00 ff6fdb00 008c4f00 ff6cd500
PCM 012760 00900200 ff790b00 00816700 ff823600 0079e600 ff9d1700 005de500 ff948100
PCM 012768 00682900 ffadd900 00517200 ffc28300 003c9000 ffb39400 00494a00 ffb03800
PCM 012770 0978100
PCM 012778 00629f00 ff96c400 0066d000 ff97c900 0067c800 ff9c5e00 005f1f00 ff918700
PCM 012780 00680d00 ff77b600 0083a60f9d1200 00619d00 ffbdc300 003eaf00 ffabbb00
PCM 012788 0053290036100 ffa99100 00539900 ff9cdd00 005fa600 ffb1b000 004c3700 ffc51600
PCM 0127a8 00378100 ffdd7b00 00201700 ffdd7500 0020fb00 ffd64700 00244300 ffe5ca00
PCM 0127b0 0017af00 ffd88e00 001f6900 ffe13600 00167a00 ffd88600 0024ba00 ffe1ed00
PCM 0127b8 001c9400 ffdb7000 00232e00 ffd6d300 0023d400 ffe18a00 001d4a00 ffdaa400
PCM 0127c0 001d5600 ffec5900 00138500 ffe33700 0019a800 fff6d100 0005d400 fff13900
PCM 0127c8008b800
PCM 0127d0 fff48100 fffbac00 0000ca00 ffee6e00 000e0e00 000dfd00 fff6e700
PCM 0127e0 00031600 000dc500 fff2eb00 000d8000 fff11d00 000a9000 fff2e300 001d0500
PCM 0127e8 ffdb8300 00198800 ffe11700 00059400 fff7e800 00010500 fffd5e00 fff95800
PCM 0127f0 0001af00 000e6c00 fff1f500 000bd200 fff29500 00120300 ffebc800 002a2600
PCM 0127f8 ffd5d700 00226700 ffd60b00 00165a00 ffe53000 00078000 fff66700 0006e400
PCM 012800 fff61c00 00295700ac00 001d4400
PCM 012808 ffdfe200 0012f500 ffea2500 00163b00 ffe51b00 000dd900 fff08f00 001b0f00
PCM 012810 ffdcc600 00025f00 fff84e00 fff75e00 00036400 fff23 00009d00 fffbfa00 fff11300
PCM 012820 000a8600 ffdee200 00194400 ffec9400 000e0000 000e1600 ffec2300 00300000
PCM 012828 ffc81100 0015a400 ffe0f200 00271300 ffcd2e00 00379300 ffc03900 002f3e00
PCM 012830 ffcb2000 001a6d00 ffdfa700 0015b900 ffe3ff00 0029a100 ffcf2700 00219d00
PCM 012838 ffd96b00 002e3000 ffc9fb00 00460500 ffb43800 0047f700 ffb04a00 00334600
PCM 012840 ffc84a00 0028dc00 ffd03e00 002e2a00 ffcc8000 00270b00 ffd1fc00 00116f00
PCM 012848 ffead900 001ff700 ffda7a00 00196400 ffe00d00 fff86f000 00186300 ffe59e00 00192a00 ff0200 00334100 ffcadb00 00324400 ffc6df00 00372600
PCM 012860 ffc25a00 003d0300 ffbda000 0022f600 ffd6fe00 003cc500 ffbdcf00 003f7300
PCM 012868 ffb8e000 002c6400 ffcd9800 00323500 ffc9a000 00339c00 ffc8d300 002f2200
PCM 012870 ffca9800 00423b00 ffbb9d00 00435c00 ffb8e400 00452600 ffb24100 0037d000
PCM 012878 ffc34400 00391800 ffc1b500 00373800 ffc15400 003b2b00 ffc09800 002ad500
PCM 012880 ffd05800 002b9300 ffd0d400 00127900 ffe8df00 fffc5c00 fffe7d00 00160d00
PCM 012888 ffe5f300 0023ff00 ffd61500 0028ad00 ffcfa100 002b0300 ffd31e00 0016ce00
PCM 012890 ffe53e00 000b3000 ffeee800 00123300 ffe64800 00293800 ffd33600 001e0000
PCM 012898 ffda4a00 001fdd00 ffddb300 00195500 ffe5b700 002f0d00 ffcf2200 00441e00
PCM 0128a0 ff1800
PCM 0128a8 ffbea300 004e9100 ffaf6600 0040bb00 ffb94700 004600 ff803900 00868000
PCM 0128c0 ff755f00 006fad00 ff8c6c00 000 fffb1e00 ffff1300 00021d00 fff6b300 fff68e00
PCM 0128e8 0004c900 00062800 fff7b400 000f2600 ffedcd00 0015c300 ffe46f00 000a8900
PCM 0128f0 ffeed200 00081200 fff49700 002fb600 ffccb900 00443a00 ffb4c400 00651a00
PCM 0128f8 ff967200 004ac100 ffb1de00 0037a400 ffc3a000 0001c300 fff5ee00 ffdfde00
PCM 012900 001a4500 ffea7b00 00110800 ffe14c00 00155c00 ffc6f500 00323400 ffc5a200
PCM 012908 00359600 ffcbf300 002f2700 ffd30400 00260000 ffd55700 00260700 ffc51100
PCM 012910 0034d200 ffc4d200 00375600 ffc46e00 00363200 ffbd8400 003ba700 ff012918 00432400 ffc1e900 003ac500 ffd6e500 00221f00 fff32500 0009ca00 ffe46700
PCM 012920 00167561a00 ffbe2300 003c5e00 ffb32b00 0049de00 ffbda900
PCM 012938 PCM 012940 0058fe00 ffacc000 00564e00 ff9aa100 0064a800 ffa5e500 00582300 ffbc7000
PCM 012948 00424a00 ffb72300 0040c200 ffabd000 004c8400 ff9a0300 00640800 ff71d800
PCM 012950 008c5400 ff706500 0088fc00 ff76be00 00886300 ff6eca00 00909900 ff567800
PCM 012958 00a96000 ff58f700 00a31600 ff610e00 009f9000 ff6bae00 008ff400 ff7bd900
PCM 012960 00863900 ff7c9a00 00824500 ff7b7400 0 00876400 ff7cbf00
PCM 012968 00852400 ff79f800 00844f00 ff5bcd3e700 ff5bf200 00a2ae00 ff5ca100 00a0b300 ff437400 00ba8800 ff2bf4400 ff5bc000
PCM 012988 009ffe00 ff3f5000 00bd9d00 ff398000 0100 ff3bc400 00c4b500 ff660100 0094fc00 ff699300 00990a00 ff579e0900a00 ff885900
PCM 0129a8 00760b00 ff70d400 008a6800 ff7e2100ad00
PCM 0129c0 00563100 ffbe6900 0043e600 ffbddd00 00435500 ff35800 ffe8d700 00132800 ffeab000
PCM 0129d0 0010aa00 ffbe8900 0 ffed7800 00198900 ffe0bf00 0016d400
PCM 0129e8 ffe63500 00176bd00 00238300 ffe7a200 00180000 fff82600 00068600 00038800
PCM 0a08 00202500 ffd10b00 0030bc00 ffcf7c00 002bdd00 ffe67400 0019d87900
PCM 012a20 fff3c100 ffecb000 000e3200 ffe92c00 00185400 0004e300 fffcbd00 ffff7e00
PCM 012a28 fffe2400 0001b600 fff75100 fff4fd00 00079c00 fff6c700 00152900
PCM 012a38 ffe6b700 001f450aa00 00022100
PCM 012a40 fffe7200 ffe2bf00 001caa00 ffe40000 00154600 ffe7d500 0020ce00 ffdcd400 00344300 ffc59e00 00240600
PCeea00
PCM 012a60 ffbd6d00 00370800 ffc6b100 00449300 ffb8e400 0f9100 001b0b00 ffe0f700 00301e00
PCM 012a78 ffcefd00 003b4100 f0 ffc30500 0041b100
PCM 012a80 ffb85d00 00430d00 ffb6f400 0044d569200 ffa0bd00 006b8d00 ff8ea500 0077d800 ff88af00 0061be00
PC0
PCM 012a98 ff85f400 0078a800 ff84c700 0084e500 ff790200 006940 ff841f00 00638400 ff96c700 005a9a00
PCM 012ab0 ffa20b00 00569 012ac0 ff811700 00721c00 ff88d200 007b7d00 ff7e7900 00852900 ff1a00 ff94ef00 00667400 ff93a500 00645800 ff959f00 006ed900
PCM 08bb600 ff700300 00a3ab00 ff565b00 00bc0000
PCM 012ad8 ff3acb00f62ee00 00ab9b00 ff4c6200 00b77b00 ff3fca00 00b0a100
PCM 012ae812af0 ff140600 00ca3c00 ff2e0b00 00e46d00 ff11f200 00ceac00 ff2e00 ff1a1800 00e45b00 ff13d600 00c1fa00
PCM 012b08 ff3a8100 00da1e00 ff1c2900 00d85c00 ff1aca00 00e68d00 ff0cd200 00f63d00
PCM  00f8c300
PCM 012b18 fefe7f00 00f65400 fefc9700 00fa4f00 feffd4 ff188b00 00bdfb00 ff3b4300 00ab7400 ff501f00 00b5bc00
PCM 012b0
PCM 012b38 ff3dad00 00a82300 ff4fd200 0096d800 ff631200 00a7f600 ff550400 00ad0d00
PCM 012b40 ff4b9600 009f1200 ff578900 008e6100 ff6cff00 009a2e00 ff5e7800 00a85d00
PCM 012b48 ff523500 00b5e200 ff45e500 00aa9200 ff527700 00865600 ff744000 0077d300
PCM 012b50 ff807a00 0075d400 ff850200 007df400 ff804a00 007b2a00 ff7b7000 00827400
PCM 012b58 ff79f600 00607800 ff9adf00 0072df00 ff855900 007e5000 ff819300 006c9a00
PCM 012b60 ff8d2f00 00737500 ff834400 006f5200 ff883700 00707600 ff85bc00 00654300
PCM 012b68 ff92b900 006fb700 ff874e00 0055e800 ffa6b200 0036ce00 ffc20b00 00307800
PCM 012b70 ffc38900 002f4600 ffd15f00 00232a00 ffd7b500 0028a700 ffd2e700 0028a400
PCM 012b78 ffd35600 00119000 ffeb3f00 00186600 ffdc1200 00201900 ffd98300 001c9b00
PCM 012b900 fff4e500
PCM 012b98 000a1c00 fff5b900 0002f000 ffee4e00 000d600 004c8a00 ffbd6f00 00420c00 ffd65200
PCM 012bb0 00274000 ffec06800 003d4100 ffe04d00
PCM 012bc0 0019b200 ffee4100 000d4100 0 00934300 ff7f4600
PCM 012bd0 007d2f00 ff78b800 00888100 ff70da100 ff7b3300
PCM 012bd8 007fef00 ff908600 006dd000 ff7b5a00 00700 004de100 ffa33000 00572800 ff987900 0067c400 ff99e700
PCM 0M 012bf0 00646e00 ff889300 00758600 ff8cee00 006ff200 ff881500 00758a00 ff77f200
PCM 012bf8 0077cde00 00839000 ff88b100 0073a600 ff7bfb00
PCM 012c00 007f2700 a00
PCM 012c10 0069a300 ff904000 00700500 ffaaa000 0051c900 ff9c3800 00651200 ff811a00
PCM 012c18 007bce00 ff97a300 00639c00 f2900 004f6e00 ffc31a00 003c3400 ffe26300
PCM 012c28 00192900 ff500 fffd2700 0013fa00 ffea1100 fff51200 00093700 ffe11a00
PCM 00 fff55500 0019d500 ffe03200 00261200 ffd8e800 00200800 ffdb61000 00481600 ffb31600 005e6900 ff9a1500 00749c00 ff838700 0064630000 00560d00 ffa27d00 00620b00
PCM 012c70 ff967d00 00693900 ff8f426200 ffb8be00 00555d00 ffa5b100 00641900 ff954800 0069d300
PCM 012c88 ff949600 00657300 ff945200 005d7900 ff99c300 00641200 ff909e00 005c7800
PCM 012c90 ff9bc000 004f4f00 ffa52600 0034fe00 ffc43d00 003b6400 ffbe9100 003b2300
PCM 012c98 ffc08200 0046bd00 ffb43d00 0046a600 ffb5c300 00425800 ffb90d00 0048e800
PCM 012ca0 ffaf0900 002cc300 ffcd8c00 00420c00 ffbae200 00430c00 ffb5cd00 00358800
PCM 012ca8 ffc5de00 00327b00 ffcce500 003a3b00 ffc19300 00596900 ffa30000 005cca00
PCM 012cb0 ff9d2700 0045e100 ffb63f00 004b1200 ffafa900 00480b00 ffb39600 0053e900
PCM 012cb8 ffa5f600 00619700 ff978700 005c5100 ff9b0f00 005b1000 ff9eef00 00730500
PCM 012cc0 ff88db00 00742700 ff847300 006bf700 ff8f7200 006afc00 ff8c8100 00744e00
PCM 012cc8 ff891600 0076a700 ff852d00 006efe00 ff8b2200 006ead00 ff8c2a00 005ff300
PCM 012cd0 ff9e0d00 00691400 ff933d00 007b6e00 ff810c00 00755900 ff857100 006f6700
PCM 012cd8 ff8ce400 0060c600 ff9b5000 006fd700 ff89c700 005bb200 ffa02600 005d4900
PCM 012ce0 ff9fed00 00677900 ff926a00 006a7d00 ff91aa00 00539e00 ffaa7b00 002e0200
PCM 012ce8 ffcbb800 0033c900 ffca4500 00533600 ffa3a500 00763600 ff847100 0069e500
PCM 012cf0 ff8aed00 0085fd00 ff776e00 00999600 ff64a700 007bf200 ff7ad300 006bc000
PCM 012cf8f904f00 00929100 ff66b700 00ac3300
PCM 012d00 ff4a3600 0095db00 ff629000 0074c400 ff851900 008ad000 ff6ebd00 0095af00
PCM 012d08 ff619a00 009f3400 ff5b4b00 009d4f00 ff5b3e00 00a00700 ff5998020800 00987700 ff5ed200 00b00400 ff484500 00b7ef00
PCM 012d18 f00 00b24d00 ff456400 00c77400 ff31c400 00c69300 ff34e800 00ca9604b00 00b22e00 ff44f100 00916800 ff682700 009a7c00
PCM 012d30 ff64f00 ff731b00 00932a00 ff630600 008cfe00
PCM 012d40 ff741900 02d50 ff70c700 00932b00 ff665400 00ac5d00 ff4bed00 009d7200 ff5a8600 00a1d200
PCM 012d58 ff56bf00 0084a500 ff74b700 00872c00 ff701d00 00903e00 ff681000 00886200
PCM 012d60 ff72d600 008ffa00 ff6a9800 009a0400 ff625300 009bcf00 ff5eca00 0098cf00
PCM 012d68 ff5e1800 00a22f00 ff57bd00 00998d00 ff61b600 00aae500 ff4fbb00 00a87800
PCM 012d70 ff51aa00 00b4fd00 ff40a800 00cc5d00 ff2de600 00e26c00 ff190c00 00ded200
PCM 012d78 ff191f00 00e86300 ff0d1000 01081900 fef04800 00fad200 feff9e00 00edfa00
PCM 012d80 ff0c9600 00f83b00 fefd6200 00e5cf00 ff13ad00 00f09800 ff0b4600 00ef6c00
PCM 012d88 ff06f000 00f87c00 ff015300 0101b900 fef91500 00d7c500 ff22e900 00dcba00
PCM 012d90 ff1a5300 00eff700 ff087a00 00e3d100 ff10f900 00d9a500 ff1ede00 00e74f00
PCM 012d98 ff0ed500 00f68300 ff015b00 00f83c00 fefed200 00e31900 ff144a00 00e85200
PCM 012da0 ff15a800 00eb2b00 ff0f3800 00f32b00 ff038000 00e5bb00 ff130000 00dc7500
PCM 012da8 ff1ca900 00c93a00 ff318b00 00bca100 ff38b300 00ca7400 ff2ccb00 00cded00
PCM 012db0 ff282400 00b6a600 ff3efd00 00bd6400 ff3a4c00 00e0fe00 ff177b00 00d2e000
PCM 012db8 ff268600 00c61f00 ff359500 00bb9b00 ff3c1800 00bcd300 ff3f9900 00b48100
PCM 012dc0 ff43cc00 009e5000 ff5a0000 0090a300 ff6d3000 00723c00 ff826400 00883f00
PCM 012dc8 ff6d8100 0086b600 ff70f400 008b7200 ff6daa00 00200 00cfc600 ff28ab00 00c35d00
PCM 012dd8 ff317100 00ade800 ff514f00 00b41100 ff417000 00c0df00 ff353f00 00a04a00
PCM 012de0 ff57c700 00839c00 ff758300 00687f00 ff926600 0057aa00 ffa08700 0047c000
PCM 012de8 ffaf1600 006465c00 006d3d00 ff897200 0086ef00 ff6d1e00 0094b400
PCM 012df0 f00 ff579c00 00ae5700
PCM 012df8 ff4a0300 00a4be00 ff54e100 00a900531e00
PCM 012e10 ffa58800 005c4400 ff9a8100 00535000 ffa36a012e20 ffa65200 003ad700 ffc39300 0015ce00 ffe48100 0042c500 ffbc0 00247e00 ffd3e600 00167600 ffe3e100 0005e700 fff3de00 0006e200
PCM 012e30 fff3b600 fffbc800 fffed700 fff68700 0002db00 ffee0400 000dac00 ffe99200
PCM 012e38 00102600 fff3d300 000a5f00 fff30300 00071800 fffe5300 fffa9b00 ffef9200
PCM 012e40 000e6200 ffeab700 000f1f00 fff51b00 00068e00 fff5c000 00053100 fff8e800
PCM 012e48 00025800 fff2cc00 000b0200 fffb9800 00026c00 fffcaf00 ffff8d00 ffffb300
PCM 012e50 fff87600 0001b800 fff6cf00 0006d200 fff40e00 ffe90300 00122c00 ffc99e00
PCM 012e58 0032ea00 ffc39800 00366f00 ffc68300 00396e00 ffbf9000 0040d800 ffc6c000
PCM 012e60 00369200 ffbc8c00 00415d00 ffbe5200 003e7000 ffdfdf00 00162500 00214b00
PCM 012e68 ffda5000 001eb600 ffd90500 fffc5400 fffc6200 ffe9e300 0012d800 ffdc1d00
PCM 012e70 001fa900 ffdf8a00 0020ae00 ffcfe800 00304700 ffb66400 00425b00 ffc16800
PCM 012e78 00389d00 ffcb9f00 002d3400 ffc74e00 0035bd00 ffdd6100 00211400 ffc96d00
PCM 012e80 00311a00 ffbe6400 003f1d00 ffba9d00 00434000 ffbd5200 0043f000 ffaa7800
PCM 012e88 00515c00 ffa94400 00535000 ff9e7200 0060de00 ff967600 006af400 ff7ed800
PCM 012e90 00809500 ff829e00 007a8400 ff87d100 00723900 ff76be00 00872b00 ff6cb300
PCM 012e98 00929d00 ff829300 00790200 ff8e1e00 006ce100 ff959b00 0065b600 ff9bb600
PCM 012ea0 00643200 ff909d00 00718600 ff985c00 00673100 ffa7b000 0053e00 005fd600 fface600 004ebf00 ffb4bc00
PCM 012eb0 00458600 ffa4cf00 005abd00 ff990800 0069b400 ff88aa00 00718900 ffab9e00
PCM 012eb8 00520800 ffbb7700 003e0000 ffc6ad00 00372500 ffd26e00 0029d100 ffbca500
PCM 012ec0 003d1f00 ffc5c300 00372600 ffd98700 0fcf00 ffb6b300 00478700 ffae8400
PCM 012ed8 004f1400 ff9eb700 0 ffca8900
PCM 012ee0 002f4900 ffc01300 00377500 ffaf6300 004aee00 ffcaa400 00319c00 fff15a00
Pfff07300 00081c00 fffedb00 fffad700 fff73b00 0002f000 ffe3d200
PCM 012ef0 0017a700 ffe38400 001ad400 fff68b00 00044100 00023e00 fff88300 00071400
PCM 012ef8 f
PCM 012f08 ffe3d200 001cc100 ffe05000 00170700 ffe4f700 0020ec0 00232200 ffd64900 003b1400 ffbdc200 0025ce00 ffd65100 0039fb00ffbbda00 00297300 ffd32000 001fbf00
PCM 012f20 ffd83500 0030ff0400 00138800 ffe5c400 001d4400 ffdba800 001c3900 ffe26d00 0006a400
PCM 012f30 fff06a00 001ad800 ffe2d600 00407300 ffb8dd00 002e9400 ffca3200 0041d600
PCM 012f38 ffbac900 00543f00 ffa52100 00530800 ffa4ea00 00418400 ffb91b00 0029aa00
PCM 012f40 ffcf8a00 004ae000 ffb09100 006db200 ff8e6800 00711f00 ff86a300 005f0300
PCM 012f48 ff9aae00 004e0400 ffafa100 004f0f00 ffa90300 00251b00 ffd42700 002c5f00
PCM 012f50 ffc8f600 002c9c00 ffc94d00 00167200 ffe16100 0037b100 ffc35100 003c4300
PCM 012f58 ffbc3000 003e4100 ffbc0700 004e7e00 ffa6d100 003bb300 ffbada00 0045d500
PCM 012f60 ffb2b200 005eff00 ff9c5500 00316b00 ffc7c200 00363300 ffc12500 003c8a00
PCM 012f68 ffbd6d00 0035c200 ffc3bc00 004fcb00 ffa7f400 00548e00 ffa37000 004b1600
PCM 012f70 ffab2400 006ee600 ff8d1500 007a8800 ff831c00 0070
PCM 012f78 ffa92300 005b6b00 ff9e8d00 0053b100 ffa3e900 006e0b00 ff8c6800 0083ac00
PCM 012f80 ff77d200 0080b900 ff799e00 0079600 ff7e6300 006b6b00 ff8de000 0072ee00
PCM 012f88 ff86f700 004d9f00 ffa9b700 004da300 ffabf200 004d8600 ffadd800 00692600
PCM 012f90 ff913900 0061ee00 ff983d8 ffac7300 00465300 ffb49600 0063b700 ff981400 008e0200 ff6d7700adee00
PCM 012fb0 ff4e7400 00b44e00 ff473e00 00a79800 ff548900 00bbe300 ff3e8400 009cea00
PCM 012fb8 ff5f2e00 009f7900 ff5a8700 009c5700 ff5c9800 008eab00 ff600
PCM 012fc0 ff615700 0097d600 ff604300 00adee00 ff49f300 00bc6b00 ff3c8b00 00b72200
PCM 012fc8 ff3ecf00 00b3d600 ff440400 00bca600 ff3e5300 00bde700 ff40c200 00b1cc00
PCM 012fd0 ff460600 00af0b00 ff475600 0098c800 ff5fe800 0087f100 ff6fde00 0074ff00
PCM 012fd8 ff86cc00 0071c300 ff8cd00 00a82500 ff513800 00a45b002fe0 ff532e00 009cf300 ff5a0900 00bd4000 ff3f7400 00d1e200 ff2c2 00d98d00
PCM 012fe8 ff1e4c00 00c2ed00 ff35f200 00a5ef00 ff4f0c00 00ac3700 ff4cf300 00a50e00
PCM 012ff0 ff54b700 00ae5800 ff4b2e00 00badf00 ff3c4b00 00c32900 ff349100 00d29300
PCM 012ff8 ff22c600 01011700 fef7bc00 0106fa00 fef1e300 00e77d00 ff135c00 00e35200
PCM 013000 ff15e200 00e76b00 ff115300 00d6c100 ff223400 00e41500 ff158f00 00eed600
PCM 013008 ff0aad00 00d6b700 ff242500 00d5e900 ff246f00 00c97e00 ff30b600 00ab6c00
PCM 013010 ff4ebb00 00a25c00 ff57c200 00b9c800 ff40a100 00b9cb00 ff3b5500 00b67000
PCM 013018 ff43f000 00b63900 ff3fff00 00bb8000 ff3d2a00 00beda00 ff35e000 00c82500
PCM 013020 ff31be00 00c5a200 ff317000 00c8c100 ff320b00 00d61b00 ff206900 00ef2600
PCM 013028 ff066200 00db9c00 ff1e0700 00adf700 ff517400 00a68100 ff508400 00a2ab00
PCM 013030 ff583700 008f0e00 ff6eda00 00776b00 ff816f00 00850b00 ff751a00 008cc500
PCM 013038 ff6be900 007f6700 ff80a500 00743400 ff8c8700 0087ae00 ff6c4500 0088a100
PCM 013040 ff720100 0087c300 ff733900 007cae00 ff7a4600 00649300 ff95be00 00517f00
PCM 00
PCM 013050 ff815d00 005e1900 0 ff860c00 00604a00 ff9f1500 00636f00
PCM 013068 ff9c5f00 0052d200 ffa90d00 0042ff00 ffb6d500 004e8600 ffaddd00 002fd400
PCM 013070 ffcd9800 0029af00 ffd48400 00505600 ffb0ee00 0054d400 ffa8e100 0034f600
PCM 013078 ffc8a400 00204b00 ffd92c00 00197300 ff0
PCM 013080 0002ea00 00094b00 fff55f00 ffebf400 00122400 ffe180 001c9800 ffbb0b00 0044c900 ffa5b800 00574700 ffb57c00 00463500 ffb82e00
PCM 013098 00494300 ffb04800 004db700 ffb55a00 00472d00 ffc92c00 0037f200 ffc11d00
PCM 0130a0 0039a800 ffc19300 003ad600 ffbbe200 00428500 ff9fdd00 005fa100 ffa65000
PCM 0130a8 00567b00 ffd43b00 002afe00 ffcad400 0033b500 ffc09f00 003f0200 ffcec400
PCM 0130b0 002c7f00 ffc38100 003a2500 ffbbb300 003f2400 ffd4ba00 0028a200 ffca9100
PCM 0130b8 00360d00 ffd75600 0025af00 ffd14f00 002b4500 ffafc900 00507900 ff8fdd00
PCM 0130c0 006cd900 ff727600 008cbd00 ff7d7100 00808a00 ff751f00 00886d00 ff7e4e00
PCM 0130c8 007f3b00 ff808b00 007ded00 ffa24e00 005a2d00 ff971000 00613e00 ff90ef00
PCM 0130d0 006cce00 ffa0a800 00603800 ffafa800 004ed800 ffb7e300 0043e200 ff8e8900
PCM 0130d8 0070b300 ff809100 007ea400 ff804700 00806300 ff673d00 00949800 ff73f200
PCM 0130e0 0086ef00 ff7ce300 00827e00 ff6b5700 0098e700 ff74b300 008ef900 ff695900
PCM 0130e8 0094d400 ff769500 008ca500 ff745700 008e8200 ff722f00 008beb00 ff758d00
PCM 0130f0 008a2300 ff6f7000 008c0800 ff585700 00a69000 ff3f2f00 00c46000 ff50ef00
PCM 0130f8 00b26400 ff60c500 00a36700 ff719c00 008c8400 ff80f300 007de900 ff771a00
PCM 013100 00858800 ff677900 00974600 ff7bb800 00852600 ff8a2300 006fb600 ff85b100
PCM 013108 007bdb00 ffa79500 00594b00 ffb28e00 004a1c00 ff809100 007d7b00 ff892000
PCM 013110 0072d700 ff856900 00759200 ff7be900 00850900 ff655400 00956300 ff525800
PCM 013118 00ab3c00 ff443300 00bcbf00 ff44df00 00b88100 ff469300 00b47800 ff500400
P0ac8e00 ff516200
PCM 013128 00a09da400 ff76c000 008bb100 ff678500
PCM 013138 009a2100 ff65ab00 00990d00 ff59bd00 00ab0300 ff65f400 009b5c00 ff77e300
PCM 013140 0087dc00 ff672700 00961e00 ff8d700 ff88ac00 0077f800 ff935000
PCM 013160 006aa800 ffad1100 000 ffaaff00 00538700 ffaae200
PCM 013168 0054bc00 ffb34f00 0045b100 ffaf9200 004fc100 ffae8300 004ff100 ffa4e300
PCM 013170 00540100 ffaa5600 004e6500 ffb26400 004e8f00 ffb73800 00450900 ffc4aa00
PCM 013178 00382400 ffc4df00 00336a00 ffbe5000 0041b500 ffb60200 00455200 ffb68800
PCM 013180 00499700 ffaf3000 004e2500 ffa59b00 0059e200 ff8ea300 00730700 ff93bb00
PCM 013188 006c9e00 ff813200 007d8b00 ff9bdf00 00628100 ff9cd400 0064e400 ff9df900
PCM 013190 0062a700 ff992700 00641600 ff86ad00 00786400 ff7f0200 00841900 ff693500
PCM 013198 00981f00 ff783400 00863300 ff97d000 006c5300 ff86bb00 0079b400 ff5b3500
PCM 0131a0 00a83d00 ff670000 00993000 ff710300 00940f00 ff8fb100 006bd900 ffc07400
PCM 0131a8 003d5900 ffbda900 0041eb00 ffb23000 004c9800 ff9ed400 005f1e00 ffa15d00
PCM 0131b0 005f4400 ff890100 00719700 ff9e4800 005b9800 ff96d800 00682600 ff920e00
PCM 0131b8 006b7e00 ffb39e00 00496900 ffab9700 004e2600 ffbd8100 003eab00 ffb66500
PCM 0131c0 0045d900 ffb9f700 00478300 ffb63000 0044cb00 ffa03d00 005a6700 ffa6e300
PCM 0131c8 0058e400 ffaae200 00559e00 ffa49400 005c8400 ff777200 00867e00 ff877b00
PCM 0131d0 00795a00 ff89ed00 0076d000 ffa30e00 005c2f00 ff8db800 006c0f00 ff952c00
PCM 0131d8 006b3500 ff9df600 005fff00 ffd13a00 0026f300 fffa8d00 00001800 ffe86000
PCM 0131e0 00156400 ffe85900 0018ae00 ffd15700 002b2700 ffbf4000 003ca600 ffb1eb00
PCM 0131e8 004b8200 ffb30600 004b0 00521300 ff7d7600 00808100 ff88ff00 00757d00 ff8e2f00 0070a2000 ffc6b600 00330d00 ffd3e500
PCM 013208 00283b00 ffdc0700 001fb00
PCM 013218 0010ca00 fff49500 00097300 0002ed00 fffc0400 fff900 ffe84500 0017bb00 ffe37900
PCM 013228 001ed900 ffd78a00 0023
PCM 013230 002fc500 ffc9d500 00345800 ffd14600 002e7400 ffe1be00 001d4400 fff20300
PCM 013238 1e00 fff5c300 00199c00 ffe18b00 002d2700
PCM 013240 ffce1400 00270200 ffd75000 000b0100 ffecbb00 000f4d00 ffefcf00 0010cb00
PCM 013248 ffe5e700 001b6400 ffdce100 001d7e00 ffda9600 002de000 ffc7c800 001e4700
PCM 013250 ffdeb100 001aad00 ffddcb00 00357700 ffc0d800 0046a100 ffafaa00 004ff100
PCM 013258 ffa5b500 00662e00 ff91b100 0058e500 ffa12d00 0043e900 ffb81900 00479f00
PCM 013260 ffafb900 00487600 ffaece00 00552100 ffa63400 00582200 ffa52d00 0073b100
PCM 013268 ff86ff00 00601400 ff9d0100 00459100 ffb74100 00599400 ff9fa900 004f2200
PCM 013270 ffacfa00 0046a500 ffb20400 00493d00 ffb2cf00 004b3400 ffb04a00 003cbf00
PCM 013278 ffbcc000 0045f700 ffb2aa00 0046f900 ffb35600 00481a00 ffb12300 00467200
PCM 013280 ffb5d500 00495a00 ffafd300 00581a00 ffa79f00 004d5200 ffaec500 00646600
PCM 013288 ff9c6900 00789a00 ff87a500 006cfd00 ff8c3100 0077ce00 ff879f00 006ec200
PCM 013290 ff8a1000 007bd900 ff7b8a00 00710400 ff8d5b00 00875a00 ff76f200 008d2500
PCM 013298 ff6e0200 00aa9900 ff518c00 00938e00 ff654600 00949300 ff645300 00a92200
PCM 0132a0 ff4ef100 00b59600 ff478100 00b69d00 ff44e800 00a6f200 ff567100 009b7e00
PCM 0132a8 ff612e00 00a9ce00 ff4ee700 00b81f00 ff432e00 00aa5700 ff50d600 00894a002f00 ff83d900 004bfb00
PCM 0132b8 ffb14b00 0030fb00 ffc97c00 003c9b00 ffbc7900 0044c900 ffb99a00 004bef00
PCM 0132c0 ffaf8800 0038a200 ffc22800 003a4200 ffbf2
PCM 0132c8 ffce0d00 002e1300 ffcce500 002c7d00 ffcb4800 002a160
PCM 0132e0 ff9b4100 007c1b00 ff7ef300 00764600 ff831500 007a05000530c00 ffa71000 00613f00
PCM 0132f0 ff987a00 00691400 ff8ffc00 005d5d00 ff9c8400 00358200 ffc39a00 00218a00
PCM 0132f8 ffd79f00 0018bc00 ffe28b00 0029d100 ffcfb600 00350c00 ffc81700 003b4d00
PCM 013300 ffbf9400 0032fa0000 002c6f00 ffce3000 00221c00
PCM 013308 ffdb4800 00305600 ffccba00 0039f700 ffc18f00 002e0e00 ffd17400 00249900
PCM 013310 ffd6aa00 00058400 fff6f000 ffd04c00 002ac100 ffc11b00 0035e800 ffacb800
PCM 013318 004ed700 ffc75d00 002daf00 ffdceb00 0020b800 ffe00c00 001d6f00 fff5c000
PCM 013320 00052e00 00085c00 fff60000 ffea4600 000fcf00 ffe7b100 0013b100 ffe61700
PCM 013328 0015c600 ffd97500 001ee500 ffc6d500 0037b100 ffc58100 0033a700 ffc8f300
PCM 013330 00359900 ffdaa100 00230400 fffc5900 ffff8900 fff17300 000b7e00 ffc50100
PCM 013338 003a6300 ffc84d00 00376500 ffc6d400 00369800 ffbfd800 003b7500 ffbfcb00
PCM 013340 00398600 ffb4b300 00423000 ffb48200 00464300 ffaace00 00521e00 ffa89d00
PCM 013348 00537c00 ffc4c200 00393400 ffd0bb00 002f0900 ffc53100 0034bb00 ffa8df00
PCM 013350 0052b200 ffa51400 0058ef00 ffaeeb00 0049e600 ffc21e00 00390b00 ff9e3800
PCM 013358 005a0200 ffa0c700 005af400 ffb83400 00457500 ffaa3000 0057e200 ff965100
PCM 013360 0069d700 ff932100 0067ae00 ff784500 0085e200 ff791900 0082de00 ff7e8100
PCM 013368 00816e00 ff7d7500 00830c00 ff7e9900 007f5200 ff629e00 0095ec00 ff6b3e00
PCM 013370 00971f00 ff5ce500 00a12600 ff602500 009ca400 ff5e7800 009ed000 ff45d500
PCM 013378 00b6d200 ff348e00 00c7b200 ff319500 00ca6000 ff32c800 00c81600 ff0bce00
PCM 013380 00f3e100 fefb2900 01035000 ff107100 00edb8ff3fea00 00c16600 ff3dd600
PCM 013390 00c4c600 ff4f5300 00aed400ad2d00 ff48a900 00b8ec00 ff36c000 00c76800 ff54d300
PCM 0133a800 ff836a00
PCM 0133b0 0078b400 ff81ee00 007e1100 ff755b00 008700 ff3c4e00 00c60a00 ff3b0900
PCM 0133c8 00c4f700 ff291400 00d500 ffa62e00 00572900 ff98dd00 0064e900 ff850800
PCM 0133d8 007700 ff6fb300
PCM 0133e8 008fb100 ff6e5d00 00907700 ff7c1900 007e1600 ff927d00 006cc100 ff97e400
PCM 0133f0 00667f00 ff8c9100 0070bc00 ffa09c00 005e9300 ff9ff400 005f2700 ff9ef100
PCM 0133f8 005f3000 ff988e00 00679e00 ff916c00 006afa00 ff6e6b00 008a0500 ff6c1100
PCM 013400 00963a00 ff83a700 007a4f00 ffa29500 005af200 ffb06e00 0048f100 ff9a0c00
PCM 013408 00649900 ff801600 00789e00 ff6c5a00 008f2900 ff82c600 007b3e00 ff876100
PCM 013410 00735200 ff905000 0071ef00 ff7e7f00 00801400 ff7b8600 0083f500 ff83cb00
PCM 013418 0079ca00 ff938600 006b8f00 ff832e00 007c3a00 ff998400 0064ba00 ff926800
PCM 013420 006dee00 ffa12200 0057f500 ffc37700 003cd100 ffcc2600 0035a800 ffc66100
PCM 013428 0036ae00 ffc2f300 00348b00 ffcf9400 00300400 ffea4500 0014f300 ffebc600
PCM 013430 00138b00 ffe5eb00 0016e300 ffe8e600 0010f900 ffde6300 001c0e00 ffe52a00
PCM 013438 001a9500 fff49100 00069a00 ffead500 0011cc00 ffe30c00 00175800 ffe9f000
PCM 013440 000e0800 ffe3ac00 0016ff00 ffd1f000 002ba100 ffc58200 0033bd00 ffce3b00
PCM 013448 002b3f00 ffd01d00 002dda00 ffe6d600 0016bc00 ffe64d00 00156300 0019cd00
PCM 013450 ffe12800 00154b00 ffe58600 00225600 ffd92700 00232e00 ffdcd300 000b4f00
PCM 013458 fff19700 fff9c400 00020300 fff42900 00043200 ffd0ed00 0026cb00 ffdc1000
PCM 013460 001ed900 fff04a00 00092e00 fff31f00 000bc800 000c7300 ffefe500 000ccc00
PCM 013468 ffec7200 ffe99700 00143900 ffda0e00 0023e700 ffe95c00 00119a00 0016dd00
PCM 013470 ffe87000 0020f600 ffd99300 003bea00 ffbcf800 00477100 ffb54f00 003d7000
PCM 013478 ffbcb100 002f6400 ffcc1e00 00351c00 ffc4ee00 00493700 ffac9e00 0048e200
PCM 013480 ffae2900 004ff300 ffa8e300 00413a00 ffb96f00 003a3400 ffbedd00 002b4500
PCM 013488 ffcbd500 00354400 ffc56700 00509500 ffad8300 00565000 ffa50400 005a6700
PCM 013490 ff9bab00 004f0300 ffa99400 0033a300 ffc3ac00 002c6b00 ffcd9800 002f5000
PCM 013498 ffcf9300 00296700 ffd31f00 003bf900 ffc0d300 00332700 ffce7900 0041b800
PCM 0134a0 ffb68000 00455500 ffb1d900 0033a000 ffc5e900 001e9300 ffda3000 0018f400
PCM 0134a8 ffe2d600 0007e800 fff40b00 fff6ff00 00028a00 00075c00 fff4b900 0010ab00
PCM 0134b0 ffe9da00 00085e00 fff40900 0003be00 fff06f00 00113800 ffe8a700 001d3600
PCM 0134b8 ffda4700 00242a00 ffd68d00 00357600 ffc8c000 00518100 ffa62b00 0033e400
PCM 0134c0 ffc5c900 00166500 ffe28200 000c0300 ffee9800 fff80200 00003600 fff99000
PCM 0134c8 00052900 fffa2700 ffffc800 00104400 ffe9c800 002a6a00 ffd0f800 00403700
PCM 0134d0 ffb91700 0042f200 ffb39100 00351300 ffc52f00 00361800 ffc61700 00381c00
PCM 0134d8 ffc47700 002b1700 ffd0af00 001e4e00 ffdd0a00 00136d00 ffe6aa00 00260700
PCM 0134e0 ffd5a900 00267900 ffd6e700 00148e00 ffe40b00 00160200 ffe3b200 00192100
PCM 0134e8 ffdf2100 00195f00 ffe1c400 fff88c00 00014300 00028500 fff4fc00 000a5d00
PCM 0134f0 fff41500 00151500 ffe7cf00 001ea800 ffdb8900 0040a600 ffbb4c00 0073fa00
PCM 0134f8 ff889300 007b6400 ff801d00 0047bc00 ffb63000 003a9b00 ffc3f000 002f6d00
PCM 013500 ffc8a600 00172f00 ffe6b900 fffbb700 ffffce00 fffd4000 fffde600 ffeeaa00
PCM 013508 000f1800 ffd75b00 00213300 fff8a100 00049d00 00146100 ffe8f100 002e1d00
PCM 013510 ffcc2a00 0064fb00 ff946700 0066bf00 ff92d600 0075eb00 ff87d000 0067fe00
PCM 013518 ff928400 007f970 0063c400
PCM 013520 ff97a800 0065ee00 ff928e00 00752d00 ff852b00 00709300 ff8c3c00 004e6e00
PCM 013528 ffafe600 002fe200 ffc8ec00 0032dc00 ffc94f00 00367d00 ffc4ec00 00301100
PCM 013530 ffc80e00 0029a700 ffd58200 00462300 ffb3b400 005c5000 ff9d6900 005d7200
PCM 013538 ff9cfc00 005acd00 ffa03700 005e7400 ff9bf400 00667c00 ff959400 006b8c00
PCM 013540 ff8ee700 00737700 ff865f00 00870a00 ff74fc00 00710800
PCM 013548 ff896700 004c1700 ffac8d005a0a00
PCM 013550 ffa00c00 00544900 ffa52e00 00403800 ffb85900 003cb100 ffc0ea00 003d8c00
PCM 013558 ffc14700 004bb700 ffb5bcb800 ff8d9000 007e1000 ff809d00 00710300
PCM 013560 ff8b3d00 013568 ff891300 0053b500 ffabf300 004cd100 ffae4100 004a9d00 ffaca600 00441700
PCM 013570 ffb7dcffc9df00 00385700
PCM 013578 ffc36c00 001ef700 ffdc3400 00253e000 000ea000 ffeca600 000f5200
PCM 013588 ffee8300 001a7600 ffdfd900 00193f00 ffe3a400 00163a00 ffe87800 fff17200
PCM 013590 000a6e00 fff12300 000b1200 fff7da0 0012a900
PCM 0135a8 ffe95e00 001af600 ffe0ab00 001c5800 ffd9a7 00024800 fff61100 0005bc00 0000f700
PCM 0135b8 fff98000 ffe13100 001e0900 ffdc7300 001f9f00 ffd2fd00 002c7d00 ffce5900
PCM 0135c0 00304200 ffd39800 00257100 ffe2ec00 00192500 fff8c600 00052f00 00071d00
PCM 0135c8 fff58000 000c8200 ffed3100 0009c400 fff40500 fffaab00 00044900 ffd94600
PCM 0135d0 001f8900 ffc9d500 00348e00 ff9e7700 005f5300 ff9e1a00 005c5a00 ffbe1e00
PCM 0135d8 003f3000 ffb3cc00 00464800 ffae 00349700 ffb6dc00 00427700 ffa8b600 00526c00 ff86d900 0070b300 00
PCM 0135e8 00851100 ff6ff800 0092d300 ff7f8400 007ff800 ff7d2500 0082f300 ff4f8a00
PCM 0135f0 00a9a700 ff57fc00 00a54400 ff4e3300 00b30d00 ff34bf00 00ccc000 ff414600
PCM 0135f8 00c11100 ff34d300 00cc1b00 ff200e00 00de1800 ff390300 00c69700 ff502c00
PCM 013600 00afa800 ff7d2600 00817b00 ffa74700 00579500 ff9d8600 00607e00 ff89c900
PCM 013608 00754a00 ff6fdb00 008f0500 ff72d900 00863900 ff903f00 0068cd00 ff8b3300
PCM 013610 00717700 ff83f400 007c6200 ff958700 00653600 ff9edd00 005d2b00 ff919100
PCM 013618 00682a00 ff837b00 007b3400 ff8b6900 0073f400 ffa10000 00597e00 ffb27100
PCM 013620 0049d500 ffb05c00 004e3700 ffb6e100 00447600 ffa89400 00560000 ff9ba700
PCM 013628 00641800 ff981d00 0065e300 ff7c3800 00840600 ff7b7400 0081ee00 ff943e00
PCM 013630 006c5800 ff8a6300 0074ca00 ff84eb00 00774600 ff8bc400 006f1a00 ff87da00
PCM 013638 00730700 ff89d300 00790300 ff874000 00796400 ff861200 00734e00 ff889100
PCM 013640 00713900 ff825800 007c6700 ff7a2f00 0085e200 ff6e2c00 008f5900 ff6f5500
PCM 013648 008dd100 ff5c6100 009d9400 ff4cd2ff52b300 00aa0400 ff675200
PCM 013650 009a6d00 ff676100 00959d00 ff6f6c00 0089a600 ff675500 00936300 ff923700
PCM 013658 0068e200 ff9b5500 005bb800 ff9a2600 00679f00 ff96a900 00668400 ffa0bd00
PCM 013660 00612e00 ff8f1c00f91c200
PCM 013668 006bc700 ff934300 0066da00 ff96be00 00664b0000 ff83a700 00770c00 ff96f700 00655400 ffa83200
PCM 013678 0051PCM 013680 007f2100 ff807a00 007a9500 ff8a4200 00753a00 ff8fea00 0070c400 ff8a6f00
PCM 013688 00729300 ff6f1100 00902000 ff8c2200 006f0e00 ff936c00 00684c00 ff931c00
PCM 013690 006e2a00 ff855f00 0079ea00 ff6e4e00 008fac00 ff6f1600 008fd400 ff73f100
PCM 013698 008cbd00 ff7f9a00 007cd600 ff99dd00 0063d200 ffa27d00 00587500 ff975200
PCM 0136a0 00657f00 ff861c00 0078c700 ff7f3600 00813900 ff8dea00 006ecc00 ff7e9c00
PCM 0136a8 007b8400 ff78a400 00847600 ff75a400 0088cd00 ff7e2900 007f4700 ff67d000
PCM 0136b0 00996a00 ff6a3d00 00913d00 ff622700 009baa00 ff6f5000 008f2e00 ff80b100
PCM 0136b8 00770000 ff6b8600 0090c500 ff698e00 00953200 ff7fe000 0079af00 ff99a200
PCM 0136c0 0062e000 ff9aac00 00612100 ff981a00 0064a600 ff98b600 00658700 ff8e4c00
PCM 0136c8 0070aa00 ff972b00 0064f300 ff997100 00650100 ff9caa00 00604100 ff933f00
PCM 0136d0 006a1b00 ff899500 00710b00 ff71ad00 008f2100 ff7c4000 00831000 ff9e0e00
PCM 0136d8 005dc800 ffb5a600 00469100 ff9ce400 005c2800 ffa9c500 00507d00 ffb7b500
PCM 0136e0 004588a5300 006da900 ff867700 00737600 ff952a00 00669b00 ff919300
PC8 00795600 ff820d00 007b0c00 ff859500 007a7200 ff738900 008c3400 ff8b0300
PCM 013700 006fe400 ff9acf00 005fce00 ffa69f00 0057a900 ffb90c00 00406200 ffb1bb00
PCM 013708 004b5b00 ffc25400 003c6600 ffc7e000 00315300 ffcb7400 00313700 ffdd8500
PCM 013710 00ff68500 00076000 ffd7f700 00224f00 ffbccc00 00436000 ffbc0700
PCM 013720 003fe100 ffc8fb00 0033f400 ffd2e300 0029d100 fff39d00 00088700 ffe5e800
PCM 013728 0015df00 ffe7bb00 00120b00 fff67500 00053c00 ffdf9400 00161900 ffd36e00
PCM 013730 00257300 ffc7f300 0031a700 ffb0ba00 004dda00 ffb5ee00 00446f00 ffc7e400
PCM 013738 00348400 ffca5100 00302900 ffdc3300 001e7000 ffea4d00 000bc600 fff21d00
PCM 013740 00055800 fff7ff00 0000df00 ffe45800 00141a00 ffd33b00 0026f800 ffc24800
PCM 013748 00362200 ffd26600 00281c00 ffe89000 000f2700 fff44f00 00029900 0014b100
PCM 013750 ffe66900 0017e500 ffe22800 0016b900 ffe3fc00 0001c300 fffa1800 ffd2f300
PCM 013758 00276600 ffd93900 00204800 ffeb3b00 0010ad00 ffedb500 000c2200 00150700
PCM 013760 ffe68800 0014fb00 ffea9300 0012e500 ffe7bd00 00093a00 fff06f00 00000100
PCM 013768 fffb5900 0003c000 fffabd00 ffef7800 000a3400 00103600 ffea5600 00200 002d2700 ffcebb00 0015e500
PCM 013778 ffe9b400 001ebb00 ffdc4700 ffc5b400 0020c900
PCM 013780 ffdda200 00096500 fff1bf00 00 ffdfda00 00259600 ffd4f300 0036c100 ffc36400 002a4f00 ffd0c100 0017f100
PCM 013790 ffe3c500 000f8d00 ffe95000 00106700 ffe63700 fffc4300 fffee900 00137f00
PCM 013798 ffe65a00 00013400 fff73400 0014ba00 ffe82100 002fca00 ffcc9600 0020eb00
PCM 0137a0 ffd7fe00 000d8300 ffedf600 00016700 fff82300 ffffa500 fffb8e00 000d3900
PCM 0137a8 ffed6d00 000bc900 ffea0e00 000b7200 ffefc000 001f8e00 ffd96200 002a5400
PCM 0137b0 ffd36b00 001d0400 ffdaf100 00171800 ffe01000 00218f00 ffd36a00 002a2300
PCM 0137b8 ffd38600 001cfd00 ffddb300 003b7100 ffb9300
PCM 0137e0 0030bd00 ffc05900 003a6800 ffd36800 002a2c00 ffc91a00 0036dd00 ffc36000
PCM 0137e8 0036fe00 ffdb7f00 00246200 ffeb1900 00116b00 ffee2d00 00109d44e00
PCM 0137f0 0029cd00 ffcfab00 002d5b00 ffd92600 00222d00 0 00147a00 ffcf0000 002f9d00 ffba8000
PCM 013808 00417700 ffa84300 00467f00 ffc1af00 003ddd00 ffca6900
PCM 013810 00339700 ffc3f4200 ffae9a00 004e3700 ffa6a600 00525400 ffb54300 00466200 ffa13b00 008aa300 ff77f200
PCM 013828 00837f00 ff8fbf00 006f5b00 f3830 0067a600 ff71f300 0086fe00 ff558d00 00aa1e00 ff35bb00 00c5aafb900 ff3ab600 00c40700 ff1d2e00 00e23500 ff0e4d00
PCM 013840 e12100 ff30ad00 00cd1a00 ff226d00 00d90e00 ff2a1e00 00d58700 ff12a700
PCM 013850 00ec6700 ff0dea00 00f24300 fefca600 0103c700 fee0b400 011f3e00 fef54000
PCM 013858 010daf00 ff131b00 00e73300 ff219f00 00e02d00 ff1a3d00 00e38300 ff319400
PCM 013860 00cf8f00 ff39eb00 00c26a00 ff225500 00dd3000 ff15a700 00e7fb00 ff114200
PCM 013868 00eb2a00 ff27f200 00d67900 ff2bdb00 00d3c100 ff1f3b00 00e15900 ff0df600
PCM 013870 00f1f100 ff0d2e00 00f54400 fef9f700 01011d00 ff022c00 0101f600 ff25bd00
PCM 013878 00dd1100 ff341c00 00c7d000 ff301100 00d03600 ff43ad00 00ba7b00 ff443b00
PCM 013880 00b9f400 ff429100 00bbcf00 ff473500 00b5e300 ff393100 00c65d00 ff1ed700
PCM 013888 00e61400 ff0bc900 00f32400 ff216100 00dfde00 ff130200 00ed8400 fef ff141e00 00ecd500 ff178900 00e26a00 ff179600 00e69800 ff1d9b0000fab300 ff09d700 00efa800 ff1f1700 00de6f00 ff31f700 00c85c00 fd33800 ff254100 00d98100 ff12c800
PCM 0138d8 00e9fb00 ff2b9700 00d14b00 ff283a00 00d4fb00 ff372d00 00c7ba00 ff152500
PCM 0138e0 00e8b500 fefb0c00 01023b00 ff080400 00f73f00 ff1d1000 00e51e00 fefd2e00
PCM 0138e8 01026b00 f122de00 fee45400 011d4300 fef3b100 010c8900 fef17800 01107600 ff 00d5f400 ff00bb00 00ff1900 ff052500 00fb3e00 ff12e300
PCM 013915db00 00e90f00 ff2aad00 00d1ca00 ff2e4d00
PCM 013918 00ce8300  ff46f400 00b1a700 ff3ff800 00be1a00 ff27e200
PCM 013928 00d7a50 00e40000 ff15bd00
PCM 013938 00ebf600 ff131800 00ec2e00 ff180d9000 00b07a00 ff3bb000 00c42500 ff392500
PCM 013950 00c56b00 f8d0e00 ff668500
PCM 013958 00992000 ff6b2b00 0096b600 ff677600 0099f700 ff59e200 009fc600 ff5d096fe00 ff6a7d00 00951a00 ff6eea0ff9f1500 005ff100 ffa6f800 00563200 ffa9d200 00587e00 ffa2e700
PCM 013978 005aff00 ff955100 006300
PCM 013980 004b2b00 ffbdf900 00405600 ffb4b400 00466d00 ffb99400 0041a400 ffb94400
PCM 013988 00458900 ffadbe00 004da100 f4ed00 0059f500 ff9e7700 005c5300 ff9def00 0060f100 ffa0d600
PCM 013998 005f9f00 ff9ca400 005f6900 ffb60400 00490f00 ffb43200 00400 00435700 ffbda500 003e2300 ffc58400 00369a00 ffb5fb00
PCM 0139a8 0044f500 ffc19000 003cb500 ffc8f000 0033fa00 ffbe4700 003d2200 ffb4ab00
PCM 0139b0 0047a400 ffbef100 003e4f00 ffc9bb00 00321300 ffcfa900 002e5a00 ffc2e700
PCM 0139b8 00398c00 ffc9a400 0030b200 ffd4c400 00284200 fff0af00 000cf700 ffeadb00
PCM 0139c0 0014ee00 00033000 fff8e300 001b7800 ffe36000 ffef6300 0009a400fb95800 00417400 ffc35a00 00366d00 ffc09200
PCM 0139d8 003aae00ffb7900 fffe5100 00135000 ffe88900 001ad200 ffdfef00 00102500
P0029b100 ffcd8800 00189400 ffe22000 000bb100 ffedf300 00281b00
003ca100 ffc05800 004bc900
PCM 013a08 ffac8700 00697400 ff930300 00553f00 ffa36f00 00382400 ffc46000 00319900
PCM 013a10 ffca4800 0044cd00 ffb17600 0043c800 ffb54900 0042b200 ffbb0800 00401800
PCM 013a18 ffba6600 002e0600 ffd0b400 00403700 ffbb3900 00472600 ffb4eb00 0052ea00
PCM 013a20 ffa6eb00 005cc400 ff9fe400 006a4b00 ff916400 00636500 ff998500 00547200
PCM 013a28 ffa8f200 00566100 ffa61000 00459c00 ffafc400 0045ab00 ffb21b00 003ee400
PCM 013a30 ffbad700 004b2e00 ffb5f600 00501e00
PCM 013a40 ffaaa000 005e0600 ff934d00 0070f100 f0071d600 ff861b00 00518300
PCM 013a50 ffa22700 003ca700 ffbfab00 0038d700 ffc41d00 001bb900 ffe18e00 001ce300
PCM 013a58 ffdc1700 002c4100 ffce1e00 00323b00 ffc92d00 001d5a00 ffde0600 0042fa00
PCM 013a60 ffbac800 003b3a00 ffc42100 00439700 ffb6d600 00401d00 ffba7e00 00224f00
PCM 013a68 ffdb5a00 0015ac00 ffe43300 00291c00 ffd31700 001c6d00 ffe0dd00 002d1600
PCM 013a70 ffcce300 00269000 ffcfca00 001ef500 ffdba300 000bf100 ffeae300 00082400
PCM 013a78 fff33500 000eca00 fff 003b0900 ffc1a400 0026c600
PCM 013a88 ffd5c700 00120900 ffec2d00198800 ffdee700 fffae000
PCM 013a98 fffe0a00 0005be00 fff51e0c00
PCM 013aa0 002e3600 ffbe1600 003e1e00 ffb56e00 00490a00 ffcd100
PCM 013ab8 003ee500 ffaa7e00 0054c600 ffafb500 004d2800 ffba00 ffaa7200
PCM 013ac8 004f1300 ffac9900 004fbf00 ffb74700 00ad8 009a7400 ff55f200 00a95b00 ff6cae00 0092ee00 ff773400 00868100 ff888600
PCM 013ae0 0075c900 ff9a9800 00627400 ff808a00 007be200 ff6d4800 00939100 ff642b00
PCM 013ae8 009c1100 ff566900 00a64700 ff628d00 009b2f00 ff691700 009a2200 ff659e00
PCM 013af0 00989d00 ff724200 008e8d00 ff6ce000 0090c000 ff5fdd00 009c2b00 ff59ac00
PCM 013af8 009fcb00 ff45e100 00b86900 ff3c6d00 00c14600 ff457700 00b58d00 ff540200
PCM 013b00 00aa0b00 ff50ba00 00aea000 ff499900 00b11400 ff390300 00c4af00 ff1fe100
PCM 013b08 00d92200 ff1d2600 00e24500 ff27bd00 00d53900 ff267200 00d9a100 ff2b6100
PCM 013b10 00d29700 ff381100 00c3ae00 ff3bec00 00c1b300 ff3e0e00 00bf2100 ff3fed00
PCM 013b18 00bae200 ff588f00 00a8ff00 ff5d0800 00a26a00 ff53af00 00a94d00 ff62fc00
PCM 013b20 009cd900 ff767500 00855a00 ff5f8300 009b6c00 ff6fbe00 008ab000 ff788c00
PCM 013b28 007e4200 ff915300 006c4000 ff8b9500 006ef600 ff885b00 00732a00 ff936500
PCM 013b30 0065ac00 ff89fd00 0070bf00 ff945900 0067a600 ff853600 00779000 ff6ec800
PCM 013b38 008c8200 ff682000 00928a00 ff6dc200 0091d200 ff767c00 00872300 ff8c5100
PCM 013b40 006d5b00 ff9a6a00 005d609cee00 005e5b00 ff99fa00
PCM 013b50 005e4c00 ffa58800 0058fe00 ffae1c00 004efd00 ffad5400 004b20a1f000 ff55f600 00a75900 ff570500
PCM 013b68 00a85000 ff53e400f655600 009a0300 ff52ca00 00aa3400 ff441500
PCM 013b78 00bae3003b88 00e00000 ff397300 00c7f200 ff532300 00b08b00 ff621900 009cf ff766800 0089f900 ff73a700 008c8b00 ff788400 0087e300 ff86360000 007b4200 ff94c300 0064e400 ff740900 008f3d00 ff636f00
PCM 01fa800 ff9dec00
PCM 013bb0 00610400 ffaf9f00 004f7b00 ffa26800 0005bb800 ffadb100
PCM 013bb8 00517500 ffa20e00 00584e00 ff870606f2000 ff8fb600 00706a00 ff915600 006d6f00 ff8e1600
PCM 013bc8 371e00 ffb35900 00487600 ffad5000 00520500 ffbb1500 0040e300 ffba92300 0050fe00 ffaef700 004f4e00 ffafda00
PCM 013be0 004a8100 ffd35900 002ab000 ffe2da00 001a600 ffe2c200
PCM 013be8 001a2f00 ffcfa200 0029ee00 ffbaae00 00410 ff87a900 00791e00 ff8c4b00 0075ac00 ff834900
PCM 013bf8 0076dPCM 013c00 007cec00 ff866000 00783d00 ff9e3800 00613a00 ff9d7d00CM 013c10 006df500 ff916100 006d7900 ff92fb00 006c0800 ff8ca800 d00 ff9d0600 0060aa00 ffb13100 0049ed00 ffc8e200 00319800 ffca54 ffe13800 001b6d00 ffe54d00 00158f00 fffa2000
PCM 013c38 fffff700 ffee5800 000fd000 ffe84b00 00125a00 fff0e500 000bab00 ffe9d900
PCM 013c40 0014b100 fff32c00 00096000 fff97a00 0006fe00 ffec2900 00118900 fffea300
PCM 013c48 fff92100 fff34500 00070e00 ffee8100 000d7f00 ffdb0b00 00221800 ffcb8500
PCM 013c50 002d5f00 ffe02700 001d3800 fff8fe00 00002a00 ffe8fe00 000f4500 fff18100
PCM 013c58 00057200 00087e00 fff10300 00269200 ffd4e900 001bfa00 ffdf8100 0011ca00
PCM 013c60 ffedb600 0029a600 ffd54100 00264a00 ffd54f00 0020e600 ffda3800 0027ca00
PCM 013c68 ffd45200 0026a200 ffd54100 003b0500 ffbe3000 003aa200 ffc03d00 003f7500
PCM 013c70 ffbcc700 00309c00 ffc89b00 00369300 ffc3c800 004d8000 ffa9b900 005ade00
PCM 013c78 ff9df000 005bbd00 ffa27b00 0070e000 ff899a00 007c9c00 ff7c2900 007ce400
PCM 013c80 ff7cc500 00917b00 ff672800 00962a00 ff62d600 00793f00 ff80fd00 008dd500
PCM 013c88 ff6cb500 00913400 ff6a7600 008d0f00 ff6d1600 009ca900 ff5dc100 007c8900
PCM 013c90 ff7b8600 00604700 ff99c500 0041e600 ffb9ee00 003b9e00 ffba9100 005ba600
PCM 013c98 ff9dbb00 0077ba00 ff83dd00 00730b00 ff8a5700 005f6800 ff9c0700 00543700
PCM 013ca0 ffa8a000 0060a600 ff990100 00507600 ffa5da00 004a6300 ffadec00 0049b100
PCM 013ca8 ffafb300 00394700 ffc55800 004c5000 ffa73900 006eb900 ff8d5400 006da900
PCM 013cb0 ff8db400 006ed000 ff83c500 0080fc00 ff786500 00884f00 ff718d00 008b7d00
PCM 013cb8 ff6ebc00 00818500 ff7a2d00 00977c00 ff
PCM 013cc0 ff71d400 007b0300 ff7bcf00 006b2900 ff943c00 0063a700 ff964d00 00576400
PCM 013cc8 ffa19300 0058b000 ffa24f00 006eb900 ff8fc600 00749700 ff850200 00745100
PCM 013cd0 ff870b00 00765800 ff80dd00 0082f900 ff764700 0097e600 ff5b9800 008bd500
PCM 013cd8 ff6c7a00 00762800 ff836a00 00748000 ff894f00 007d9d00 ff7ca700 008a8000
PCM 013ce0 ff6700 007a7100
PCM 013ce8 ff7b6b00 00973100 ff690a00 008d8400 ff6f740900 0088e800 ff748800 00941000 ff675200 00859200
PCM 013cf8 ff77e700 00752600 ff856c00 0052M 013d00 ff94b500 0070a800 ff878f00 00613500 ff970a00 0054b600 ffa62f00 00472900
PCM 013d08 ffaec100 0037e300 ffc2fb00 00382f00 ffc03d00 002b1300 ffce7f00 00207000
PCM 013d10 ffdbc600 002cef00 ffcd4300 0019e900 ffe61300 0021c300 ffdeda00 00335200
PCM 013d18 ffcb2700 0025e500 ffd6ee00 002ae600 ffd2d300 00359100 ffc56000 0016ec00
PCM 013d20 ffe5b500 0036cd00 ffc30000 0037d400 ffc1c900 00232b00 ffd74500 002cbd00
PCM 013d28 ffceba00 001a4c00 ffde4b00 00195500 ffdd9a00 000c8700 fff05000 0006fd00
PCM 013d30 fff8e700 0024ff00 ffd95a00 00489f00 ffb4b400 0044c300 ffb31e00 0028f700
PCM 013d38 ffd15b00 0031d800 ffcbfe00 00226700 ffde9c00 001e1f00 ffde4000 00346400
PCM 013d40 ffc9cc00 00212300 ffda6700 0027fa00 ffd6e000 0021a700 ffdc2100 0023bc00
PCM 013d48 ffd80c00 00280600 ffd72e00 002d7c00 ffcea400 0012e400 ffe96600 00104e00
PCM 013d50 ffe88400 0016f500 ffe50b00 fff6e400 0005ea00 ffdd2600 001a9200 fff98e00
PCM 013d58 00076b00 001b0900 ffe49200 00162c00 ffe86f00 fffc3100 fff9fc00 fff37200
PCM 013d60 000a1e00 000dd700 ffed6700 fffacb00 0004d500 00074a00 fff78f00 0021ae00
PCM 013d68 ffd98900 001cc500 ffdb7a00 000c1a00 ffee8400 fffa4500 fffeb700 000e9a00
PCM 013d70 fff11800 00158d00 ffe3b200 0018c300 ffe48100 00214600 ffdd7d00 0012db00
PCM 013d78 ffe54000 000bc200 fff01e00 0030e900 ffc8cc00 0025f900 ffd3e100 000c7600
PCM 013d80 fff15c00 0011b000 ffe6ba00 001b8800 ffe28800 0013e500 ffe7ea00 00328100
PCM 013d88 ffc3acd00 ffbedf00 002a4100 ffd11500 00158200
PCM 013d90 ffe20700 0022ed00 ffd12a00 00425500 ffb7d600 00478200 ffb22100 0047cc00
PCM 013d98 ffb48500 00496b00 ffb2fa00 00344c00 ffc36f00 00360400 ffc25800 00222d00
PCM 013da0 ffd8bb00 00398300 ffc48200 006ce300 ff8d4800 00795e00 ff7c8300 005e5100
PCM 013da8 ff9dc200 00556c000 0031a500 ffc75a00 00388600 ffc2ab00 00507200 ffadc900 00317a00
PCM 013db8 ffcd3400 003e6000 ffbe2f00 0045ef00 ffb82d00 00440200 ffb46500 00422300
PCM 013dc0 ffbd8600 003fff00 ffbc7d00 002f9800 ffcb7000 0024c100 ffd7ea00 003a7300
PCM 013dc8 ffc11100 004e3700 ffb0aa00 00471900 ffafec00 00520500 ffa85c00 004beb00
PCM 013dd0 ffabc400 0038cd00 ffbef900 00218900 ffd9e600 0023d600 ffd31200 003caa00
PCM 013dd8 ffbc8900 002b0100 ffd26700 002fef00 ffc5e100 002e9100 ffc90600 00236700
PCM 013de0 ffdedb00 00158a00 ffe64400 00231c00 ffd8e300 00175200 ffe0ba00 00312400
PCM 013de8 ffc5ec00 004baf00 ffb44000 0045bf00 ffb87c00 00503900 ffaa2100 004dfb00
PCM 013df0 ffacbe00 00491f00 ffb1f100 00545f00 ffa38c00 00546c00 ffa7a200 00511800
PCM 013df8 ffa95600 005a9d00 ff9ecb00 005b5400 ff9d7800 003aac00 ffbc6800 00384a00
PCM 013e00 ffc2f200 00382d00 ffc5f700 00276300 ffd1fa00 0029c400 ffd11500 00216b00
PCM 013e08 ffdcba00 001fe700 ffdefc00 001f6f00 ffdaf900 0010d100 ffeb5200 00159000
PCM 013e10 ffe63500 00142f00 ffe6a100 00275d00 ffd21b00 00356c00 ffc27a00 003afa00
PCM 013e18 ffc4d000 002eb100 ffc84900 0012ee00 ffebc300 00138b00 ffe97600 fffa9c00
PCM 013e20 fffecb00 fff87b00 00025000 00074200 fff20d00 0005bd00 fff54d00 00085d00
PCM 013e28 fff0ba00 001ea200 ffddab00 000e5a00 ffedea00 0036e100 ffc64700 00328300
PCM 013e30 ffcbc800 00365c00 ffc57a00 002a6000 ffd1d200 00123700 ffea5e00 0018e400
PCM 013e38 ffdfe700 0014de00 ffe42100 000ac700 ffefcf00 0011a200 ffedff00 001fed00
PCM 013e40 ffdbf600 001ae800 ffe1c500 0020ac00 ffdcdf00 001dd400 ffe34200 00152900
PCM 013e48 ffe5f300 00132800 ffe86b00 0016f000 ffe9f000 001a3d00 ffe32800 0004f500
PCM 013e50 fff60b00 000e0a00 ffe98400 00204200 ffdcd100 0026898 ffd70000 00185700 ffe03f00 002
PCM 013e90 ffbc6d00 003dc200 ffbdbc00 005eb300 ff9da200 006228013e98 ffa7d900 00558f00 ffa66500 0057bf00 ffa0af00 006c6000 ff9PCM 013eb0 ffa7a300 0059cc00 ffa21500 00714d00 ff85c200 008ed200f000 ff7e8f00 00760000 ff806c00 007ff100
PCM 013ec0 ff76a300 00794900 ff7eb400 00789a00 ff806e00 00869a00 ff716900 00a00200
PCM 013ec8 ff589e00 00aa4100 ff525200 00947100 ff65b100 009fd400 ff58af00 00b8ca00
PCM 013ed0 ff42d300 00b72200 ff3ea400 00a86100 ff539500 00a52e00 ff551100 00a54a00
PCM 013ed8 ff547400 0098d000 ff5e7d00 008aec00 ff69a600 008c7100 ff6e5400 00706500
PCM 013ee0 ff84ca00 007ee800 ff78f200 0077e800 ff82e100 0086d400 ff715a00 0078de00
PCM 013ee8 ff810300 0068a800 ff93af00 00734200 ff896900 00a18700 ff5a3000 00aeec00
PCM 013ef0 ff4abc00 00a6f900 ff537700 00938000 ff65d000 00888e00 ff719100 008d9800
PCM 013ef8 ff71c500 00a9d400 ff510200 00a47a00 ff546300 00866900 ff73f400 007c3e00
PCM 013f00 ff771500 0092cf00 ff627b00 00a61900 ff53b400 00a7da00 ff504200 00a03600
PCM 013f08 ff541500 00a90d00 ff4f1100 00b32d00 ff48fa00 00b18b00 ff475400 00b08f00
PCM 013f10 ff468800 00a65b00 ff4e7500 00ad5200 ff4ae900 00b2cd00 ff42e100 00cda900
PCM 013f18 ff2de500 00c35c00 ff32de00 00e73a00 ff0fcc00 00d36f00 ff273000 00c10200
PCM 013f20 ff336100 00bee500 ff37a600 00b4de00 ff41e100 00b1af00 ff418600 009fdf00
PCM 013f28 ff5a2400 00af2b00 ff48ee00 00c67f00 ff31fe00 00cf9d00 ff269a00 00b58e00
PCM 013f30 ff422a00 00c25c00 ff373300 00c21000 ff38ea00 00c5bd00 ff303500 00a78100
PCM 013f380
PCM 013f40 ff493400 00b6e600 ff42cd00 00b07b00 ff4ab900 00b4ac00 ff423c00 00b46f00
PCM 013f48 ff458800 00ccb600 ff2f2b00 00ce0d00 ff2ac700 00dc1700 ff1eb400 00bc3400
PCM 013f50 ff3ae300 0 0093c000 ff627f00 00951a00
PCM 013f58 ff62ea00 009e9b00 ff5bdd00
PCM 013f60 ff41ad00 00a56f00 ff55ef00 00bae300 ff3ba400 00b200a8d300 ff4fce00 009ceb00 ff601500 00994a00
PCM 013f78 ff602500 00847800 ff769e00 00823b00 ff76d400 008f4b00 ff69c800 00706600
PCM 013f80 ff85dc00 00620200 ff963c00 008bd900 ff6b1a00 009a5c00 ff5d1600 00907c00
PCM 013f88 ff68ad00 006e0600 ff8a3f00 00765000 ff829f00 0076b700 ff848900 006bd900
PCM 013f90 ff8c3900 00676f00 ff94b000 005af400 ffa3b500 00459400 ffb25400 005f6200
PCM 013f98 ff9b2300 0069ea00 ff908b00 0055a600 ffa3b400 00491800 ffaddb00 004cb600
PCM 013fa0 ffaba000 0064dd00 ff93fd00 00710a00 ff83f600 0053da00 ffa79000 003ebb00
PCM 013fa8 ffbbbf00 00423500 ffb73f00 00573400 ffa1da00 004fdb00 ffab8a00 0058fe00
PCM 013fb0 ff9dad00 00672a00 ff950c00 0074ab00 ff880e00 006b8a00 ff901a00 00803700
PCM 013fb8 ff7bfb00 006f5c00 ff8c3c00 0068df00 ff91f200 00642d00 ff918500 0060de00
PCM 013fc0 ff998c00 00748900 ff870b00 00734e00 ff837a00 00595b00 ff9d9900 005c1000
PCM 013fc8 ff9a6200 00544600 ffa5d900 004c0600 ffaec300 004c8600 ffaa9000 00590a00
PCM 013fd0 ffa20700 00554100 ffa51100 0045b600 ffb56900 0025ef00 ffd4fa00 0021c000
PCM 013fd8 ffdbe900 002b5100 ffcc7500 00269f00 ffd26700 0011ce00 ffeaed00 00196300
PCM 013fe0 ffdce600 001ee800 ffdb2000 00353e00 ffc64900 0039d300 ffbe7900 0040b800
PCM 013fe8 ffbf2900 0046f300 ffb78f00 003b5000 ffbeae00 00433500 ffb7c600 00466600
PCM 010 ff95a500 00454f00
PCM 014000 ffb80a00 003f3000 ffbb3400 005b000 0055fa00 ffa31600 00460c00
PCM 014010 ffb03500 00622100 ff97772400 ff80f500 0093ab00 ff643b00 0099cd00 ff62a600 00a7cf00
PCM 014020 ff55e900 00b4f900 ff42c900 00af7d00 ff4a0800 00b89700 ff3bd800 00bc3400
PCM 014028 ff386e00 00be7f00 ff389e00 00cd0b00 ff2a7400 00b77800 ff452d00 00af6400
PCM 014030 ff4d5000 00c10a00 ff3b7000 00b6b000 ff443600 000 00a63e00
PCM 014038 ff54d100 00939200 ff665800 00adfe00 ff48ad00 00c0e500 ff366800 00bc6400
PCM 014040 ff3a0b00 00b78900 ff3b19200 ff49a300 00a5fb00
PCM 014048 ff544e00 00b58400 ff43c300 00b13500 ff48c000 0093a800 ff650f00 009f1f00
PCM 014050 ff59910 ff506300 0095cd00 ff616f00 007c 00a39d00 ff565e00 008a0700
PCM 014070 ff701500 00986c00 ff61e600 00a10b00 ff54ff00 00aa4b00 ff512200 0089a700
PCM 014078 ff72c200 007e9700 ff7a1a00 008b3600 ff6f8600 00872700 ff751600 00692200
PCM 014080 ff8f8000 0052cc00 ffaa8200 004f2d00 ffb3d900 005cef00 ff985400 00616500
PCM 014088 ff98ec00 00712e00 ff8a9a00 0067b600 ff949500 006c2c00 ff903800 007ab500
PCM 014090 ff7f9200 00642100 ff97d000 006ff800 ff8c8700 007a9600 ff7ec900 007a2d00
PCM 014098 ff81d200 00857000 ff745f00 009b8700 ff5fc600 008bc200 ff69bb00 00940f00
PCM 0140a0 ff656200 00906800 ff699d00 00864b00 ff738d00 007fd200 ff809e00 0082d000
PCM 0140a8 ff79a500 00796200 ff814800 007cb500 ff7c6700 00725100 ff87d000 007ce200
PCM 0140b0 ff7f5a00 0077e800 ff83f700 007aab00 ff81af00 006b3200 ff91d000 007b9500
PCM 0140b8 ff7dd900 0053be00 ffa2f200 00454d00 ffb3b900 0052c000 ffa55e00 0049d000
PCM 0140c0 ffabe400 0062980CM 0140c8 ff901d00 0072e100 ff841d00 007d0d00 ff7d1000 0071c600 f000 ffab5000 004e3d00 ffad9500 006bae00 ff876700 00661b00
PCM  006e2d00
PCM 0140e8 ff8d2b00 00694700 ff8e4200 00712500 ff886100 005d5700 ff986700 003baa00
PCM 0140f0 ffbec400 0045d600 ffb6 ff9e1f00 007f2100
PCM 0140f8 ff7c7f00 00860900 ff759e00 0080a300535e00 ffa7d300 005f2600
PCM 014110 ff9dee00 007c0800 ff7df20851d00 005c0000
PCM 014120 ff9e1000 00532700 ffa92c00 00379100 ffc30900 00495a00 ffb42700 005764128 ffa67600 00439f00 ffb9ed00 00437c00 ffb95300 0051d200 ffa92200 005d7f00
PCM 014130 ff9df000 00555000 ffa6ac00 0046c100 ffbffaa5f00 0060bd00
PCM 014138 ff95cb00 005b2000 ff9d7200 0052bd06c00 ffb7a100 00423000 ffb99b00 00324800 ffc89d00 005b4200
PCM 014148 ff9ef400 005a2000 ff9df600 00528900 ffa71600 006a3800 ff900100 00667000
PCM 014150 ff95cd00 0074e600 ff85d100 00752600 ff839b00 00792200 ff83ea00 006c500a34300 ff5add00 00a2c900 ff58e400 00976700
PCM 014168 ff5ff10000 ff850a00 007b1b00 ff7deb00 00786a00
PCM 014170 ff80b200 0093 014178 ff59ff00 00a31c00 ff52c700 00bed200 ff39fb00 00c79100 ffeaf00 ff4de700 00a6e200
PCM 014188 ff54dc00 00a38500 ff56fe00 000c6a300 ff316e00 00d13600 ff251300 00dbb000
PCM 014198 ff18eb0 00e86200
PCM 0141a0 ff102d00 00e48600 ff166d00 00c6f000 ff340a
PCM 0141b0 ff80f400 0083ce00 ff73b300 009f7600 ff5ad300 008de500 ff6c7700 00968d00
PCM 0141b8 ff5f9400 00a2b300 ff587a00 008d9200 ff6ee300 006c7600 ff8d5600 008c0900
PCM 0141c0 ff6f6500 0099bf00 ff649500 00b12100 ff465600 009fcc00 ff59fe00 0085ee00
PCcad00 008c9b00 ff70b400 00a4f600
PCM 0141d8 ff52eb00 00b75300 ff437f00 00b5c700 ff499100 00b49e00 ff460d00 00a23600
PCM 0141e0 ff5a3100 009f7b00 ff5c1a00 00ae6f00 ff4b4700 008e9900 ff6a0c00 0087d600
PCM 0141e8 ff700200 00810800 ff779f00 0080f100 ff797e00 009ef000 ff58e600 00872b00
PCM 0141f0 ff722d00 0080bf00 ff7ef800 006e8c00 ff8bed00 0052ae00 ffabd000 005dcc00
PCM 0141f8 ff9cc600 0079f600 ff81d200 0089e600 ff70b400 0063d400 ff94ea00 00583f00
PCM 014200 ffa2ab00 005d3400 ff9cfd00 00616200 ff9abc00 0044fe00 ffb8ff00 0034b400
PCM 014208 ffbf5900 003fde00 ffba2500 006a8c00 ff8f7c00 00634e00 ff95af00 0063e000
PCM 014210 ff977a00 005aeb00 ff9e6000 003eec00 ffbd4200 00697000 ff94a400 006e4100
PCM 014218 ff8b7100 005f8200 ff9c8200 004f3100 ffaa9700 005e1100 ff9ca100 0060d900
PCM 014220 ff9c6600 00675800 ff937200 00579b00 ffa52b00 0041a200 ffba8800 003a4d00
PCM 014228 ffc49f00 0039c100 ffc17900 0052fc00 ffaa9400 0046f000 ffb5b800 003cc500
PCM 014230 ffbf6200 003de500 ffc09f00 003fd500 ffbf1a00 003b8500 ffbdf100 00245200
PCM 014238 ffd59600 0012e100 ffe97000 00065200 fff9c100 ffff3400 fffdbf00 00059300
PCM 014240 fff32400 0006b700 fff64800 00061c00 fff68300 0000ce00 fffafd00 ffe87700
PCM 014248 0011b600 0011a100 ffec0a00 0015d500 ffe79b00 fff38000 0007b400 fff5c800
PCM 014250 00061800 fff71700 0004c300 fffb5900 0003cb00 0003d200 fff1e300 fff45800
PCM 014258 0007e600 ffef4b00 000b6400 ffdbd000 00203300 ffbf2000 003f8900 ffb4a500
PCM 014260 0048f600 ffc70600 00389c00 ffc3bd00 003b0100 ffc1bf00 003a9b00 00
PCM 014270 00084700 ffd43900 00289c00 ffbfe200 003e8500 ffcf3f00 002eb300 ffb4f000
PCM 014278 0045c400 ffb30000 0048f200 ffe82700 00141000 000de000 ffed0900 00032700
PCM 014280 fff63600 fff12a00 000e4500 fff98b00 0006f14298 fffc4900 0017b500 ffe6b200 00245200 ffda8700 0027af00 ffcfffce7e00 002d3300 ffc99600 00280f00
PCM 0142b8 ffce3900 00174a0cd00 003c3400 ffc28200 004d7d00 ffaee300 00396d00 ffc85f00 0003e 002ebc00 ffcdba00 0050a400
PCM 0142d0 ffab8000 0035f800 ffc20b00 004f9300 ffb17600 0052c000 ff7e00 005e4800
PCM 0142e8 ff9ba000 005b1a00 ffa08e00 004ed100 fff00 ff985500 0078be00
PCM 0142f8 ff853500 00941400 ff695b00 009003f5200
PCM 014308 ffbe3600 00696c00 ff966400 007c2600 ff7e2e0987400
PCM 014310 ff63ff00 0090ee00 ff687600 007e0500 ff7dcd00 007c5600 ff7e0c00 007c5600
PCM 014318 ff7ae300 006ea800 ff8abe00 00597a00 ffa14600 005e8600 ffa06a00 005c8000
PCM 014320 ffa1ca00 0055e900 ffa68500 007c9d00 ff7b6300 00793700 ff819500 00853600
PCM 014328 ff76aa00 0085e400 ff779700 008b1800 ff704b00 007caa00 ff7e3500 008fc000
PCM 01430796400 ff7cc800 00817100 ff757800 009fcf00
PCM 014338 ff554600 0080c200 ff78a000 00644400 ff963500 00735800 ff87ff00 00854200
PCM 014340 ff75b700 00759d00 ff86f100 006ac900 ff91a100 00640500 ff963a00 0070ed00
PCM 014348 ff88b100 00847500 ff75af00 0079a0 ff5a3f00 00a7c900
PCM 014350 5100
PCM 014370 ff71b300 009cb600 ff5b2c00 009fa600 ff58e600 000 ff55b200 00b75d00
PCM 014380 ff40d700 009df200 ff5c2200 008f2 ff74d200 00718e00 ff871700 007e2f00 ff7bdc00 008f2e00 ff6e0e00 009ec800
PCM 014398 ff5ed100 00a0e900 ff5a9400 0086a300 ff752500 00692400 ff94e900 00619e00
PCM 0143a0 ff9e0500 006a3400 ff8abb00 0062b100 ff94ae00 0058a900 ffa2e400 00721200
PCM 0143a8 ff83b800 00899a00 ff73fb00 006cd200 ff8c7300 006b9f00 ff8c8e00 00722100
PCM 0143b0 ff896500 005ee000 ff9d0a00 007e6800 ff7dfb00 008b6900 ff6d1400 008fbb00
PCM 0143b8 ff6aaa00 0084c100 ff723500 00886c00 ff70bc00 0083e300 ff757700 007a6800
PCM 0143c0 ff7e2f00 0079fa00 ff7fe800 0089fc00 ff717a00 00721100 ff877200 00617800
PCM 0143c8 ff983d00 00586100 ffa11200 004f2800 ffade000 00467b00 ffb32500 005edd00
PCM 0143d0 ff9cfc00 0076ef00 ff7fd900 008a8f00 ff6ba900 008aca00 ff715a00 0095b200
PCM 0143d8 ff661c00 00cf00 ff7d5d00 0064ca00 ff97ae00 00690100
PCM 0143e0 ff93c400 00300 ff74e400 009e9d00
PCM 0143e8 ff586e00 00b7aa00 ff3e2700 00b200 00876b00 ff6ec900 00970400 ff630e00 00a3d000 ff594200 0090030 008c0000
PCM 014400 ff6a8400 007c4d00 ff7aa000 0086ef00 ff711005a1700 ff9f0600 00717600 ff869800 006a7500
PCM 014418 ff8e640a100 0085c700
PCM 014428 ff748500 00925c00 ff660500 0087f900 ffd8000 00a4f900 ff571500 00972100
PCM 014440 ff63ed00 009ce500 f36700 00896100 ff71b900 009f8d00 ff5fad00 00994800
PCM 014450 fd700
PCM 014458 ff3b6100 00b3a200 ff47b800 00bb0100 ff445600 000 ffa8de00 005aad00 ff9f5700 0064e400
PCM 014488 ff944a00 00869005d2c00
PCM 014498 ff9fea00 00581000 ffa06100 00603700 ff9bb300 ffb36900 003ce300 ffc04100 003c9c00
PCM 0144a8 ffbdee00 003c527900 ffea1f00 00262a00 ffdb0100 00304c00 ffc7a200 002ecb00
PCMfaa100 fffbbe00 00089a00 fff50a00 001ca500 ffdf4200 00202000
PCe200 00041a00 fff76500 00051b00
PCM 0144d8 fff54300 00105800 ffed9d00 00274200 ffd7f600 000fcc00 ffe8c900 0009ec00
PCM 0144e0 fff2db00 00192700 ffe5f100 0024bd00 ffd98400 00118100 ffea3b00 000fcb00
PCM 0144e8 ffeb8e00 0026e800 ffd76300 00077c00 fff50100 000a4700 fff3b800 fffdc600
PCM 0144f0 fffd6f00 ffec6900 00106b00 00081c00 fff76400 00269a00 ff0da900 0001ec00
PCM 014508 fffa8a00 00004300 fffc5700 ffe5c500  ffe54800
PCM 014518 0010ce00 ffe57b00 0016f100 000e0700 ffecc200 00389000 ffc44900 00321000
PCM 014520 ffcdf700 0014da00 ffe7 002b5e00 ffce9400 002abf00 ffd19100 00367800 ffc47b00 002c6100
PCM 014530 ffce5b00 001ef100 ffde6100 003a1000 ffbabb00 002aa500 ffd14300 00101400
PCM 014538 ffedb400 00273600 ffd46000 00344800 ffc61800 00373c00 ffc54300 00393b00
PCM 014540 ffc1ef00 003f1400 ffbb8a00 003e2c00 ffbafd00 00318800 ffc47b00 003bdf00
PCM 014548 ffc19000 0043b000 ffb61300 002f9300 ffc7bc00 0034fa00 ffc54a00 003dc300
PCM 014550 ffbb8a00 00381a00 ffc77c00 00551800 ffa8d100 00446900 ffb6f700 00517400
PCM 014558 ffaa2500 0053e200 ffa52600 00476600 ffb38b00 00472d00 ffb41700 00565300
PCM 014560 ffa60800 004afa00 ffaf9200 00340300 ffc80100 00311900 ffca7800 002d2900
PCM 014568 ffcc9a00 001fe200 ffd96e00 00219a00 ffd8d800 00263900 ffd3a000 001a6f00
PCM 014570 ffdda500 00337c00 ffc48c00 004b9900 ffaf9b00 003d3000 ffc02c00 002e5100
PCM 014578 ffcbf600 00256a00 ffd4f400 0053e900 ffa6d900 00570d00 ffa35a00 00578a00
PCM 014580 ff9c4300 0059d400 ffa01300 00482e00 ffb05e00 004cb900 ffa62700 004e8500
PCMbb00 ffaa3200 00474200
PCM 014590 ffb42a00 003c1500 ffbde700 004bb100 ffafa900 005abb00 ff9ee300 0057a600
PCM 014598 ffa44a00 004d2900 ffad1b00 00501400 ffaae400 00542f00 ffa4c900 002c3300
PCM 0145a0 ffcec400 001b2700 ffdf1500 001eaf00 ffe11400 00472600 ffb3a400 0074d600
PCM 0145a8 ff87e500 007f1a00 ff7e3700 00938400 ff697f00 0092d200 ff6a3c00 007e6200
PCM 0145b0 ff7c5f00 00852500 ff753c00 00988f00 ff640000 00a44b00 ff54c500 00955900
PCM 0145b8 ff655a00 00883500 ff741400 00996f00 ff619d00 00a61c00 ff551f00 008e7200
PCM 0145c0 ff66cb00 009b4a00 ff5bd300 00ac5300 ff50ea00 00a8a500 ff504200 00a1ac00 00900200 ff6a2000 00980f00 ff629f00 00978100 ff5ff900 0087a500
PCM 0145d0 ff70ad00 0091e100 0903d00 ff6c1000 00752c00 ff84ea00 0071f500
PCM 0145d8 ff87e3008200 ff8e1800 00765200 ff81bc00 006d2500
PCM 0145e0 ff872700 00601200 ff99a700 00569e00 ffa62300 004bf700 ffb08f00 00678000
PCM 0145e8 ff931b00 006ab100 ff962d00 0064a500 ff976f00 005a8100 ff9fa800 005ee400
PCM 0145f0 ff9b5c00 0074a000 ff82c900 0087dd00 ff778000 00903c00 ff6db000 00963ba600 00abb700 ff4ee700 00b41900
PCM 014600 ff482700 00b22900 ff476700 00b36300 ff499000 00a9ae00 ff50a100 008f6500
PCM 014608 ff695b00 0093f500 ff630e00 009b8800 ff5bb300 008cdc00 ff6ccb00 00b08900
PCM 014610 ff4c6700 00cc6700 ff2f4500 00c58000 ff36dc00 00aa0100 ff54d600 00ad3900
PCM 014618 ff4b2300 00a00d00 ff581200 00a4b500 ff53bd00 00bd6900 ff3f8c00 00a96500
PCM 014620 ff511400 00ac7300 ff4b3900 009ad200 ff5e7a00 009afa00 ff5d9f00 00a0bd00
PCM 014628 ff560800 00a8e300 ff522900 00a99400 ff4e9f00 00916e00 ff6b8e00 0095af00
PCM 014630 ff647200 008fb500 ff6ce000 007fbb00 ff79d600 008e4e00 ff6e0c00 0087e600
PCM 014638 ff6d1900 0086ac00 ff732f00 00c97500 ff2f3a00 00bce200 ff382900 00b95a00
PCM 014640 ff41a400 00c1bd00 ff374e00 00b4b300 ff44a700 00aef400 ff49f700 008ea800
PCM 014648 ff675000 007c1400 ff7cc700 007e7d00 ff7d6900 00794e00 ff82e2000 00aa2f00 ff507200 009f6100 ff5c7000 00985b00 ff679200 009b130000 ff34e300 00c4fe00
PCM 014668 ff378d00 00a88200 ff4f7800 009800 0081eb00
PCM 014670 ff7a2a00 007f3700 ff79b800 008d0a00 ff6dbd00 0083a600 ff776900 0090e000
PCM 014678 ff694100 00991000 ff60e300 0095e600 ff627b00 00b4ab0b00 ff7b7f00 008b6800 ff6d4400 0095ab00
PCM 014690 ff66e200 0085100 00848400 ff74a200 0086ec00
PCM 014698 ff74cd00 00849700 ff8ce00 0078c900 ff842400 007d9100 ff806700 00751d00
PCM 0146a8 ff813700 005acc00 ff9def00 0046bd00 ffb3a800 0041b400 ffb75800 0065b500
PCM 0146b0 ff92c900 005e6900 ff9e0600 00848c00 ff72cc00 00787100 ff848300 00781a00
PCM 0146b8 ff828a00 0084e200 ff730e00 0085c300 ff783f00 007c5000 ff7f4f00 006a0c00
PCM 0146c0 ff919000 00764c00 ff851300 007b1300 ff82f600 007e2100 ff7c8c00 006b4300
PCM 0146c8 ff8b1d00 0071b700 ff86cb00 0079db00 ff7dcb00 005ccb00 ff9f5500 005e2300
PCM 0146d0 ffa36000 00760a00 ff84cf00 008f0a00 ff6ab000 00877700 ff716500 00843800
PCM 0146d8 ff748800 00af8d00 ff4f2000 0095e400
PCM 0146e0 ff653000 0090c300 ff6bfe0ff515b00 007fde00
PCM 0146f0 ff7cc700 008d8800 ff6a5800 00b34700 ff46c600 00b32c00 ff3d0700 009df800
PCM 0146f8 ff5eb000 00a3cd00 ff539200 008ccd00 ff6d4a00 00736600 ff892f00 006c9300
PCM 014700 ff8e6800 0056f100 ffa4cf00 00600f00 ff9b7e00 0053d000 ffa53300 00543f00
PCM 014708 ffa5d500 00585200 ffa1fd00 0063a200 ff972900 004be100 ffadfa00 003f6200
PCM 014710 ffbb5c00 00385b00 ffc30b00 0034d800 ffcd1400 0011474600 ffd51200 0020ad00 ffdc5500 000dea00
PCM 014720 ffef1900 0200 fffe0100 fff36600 000acf00 ffed0500 0011f400 fff9cc00
PCM 014730 0005b600 0020df00 ffd99200 0030c300 ffcaab00 002d3f00 ffd35f00 0036bf00
PCM 014738 ffc8eb00 002d8300 ffd0a800 000e2800 fff1bd00 002edd00 ffcf5d00 00278c00
PCM 014740 ffd54f00 000d0400 fff13000 000f9c00 fff09000 fffb8900 00029800 fffb0c00
PCM 014748 00012e00 ffe97a00 00104c00 fff13b00 00094700 0009e200 fff24300 001ed000
PCM 014750 ffe25100 fffea900 0001ab00 ffd7d100 0023c800 ffe4ab00 00139800 ffef2c00
PCM 014758 000fcd00 ffe59500 00170400 ffecbd00 00120700 ffe7fc00 00157e00 ffd16e00
PCM 014760 002c5700 ffc42b00 003b1e00 ffc51400 00390200 ffc69e00 003a7200 ffb71000
PCM 014768 004c7a00 ffa88100 00556e00 ffb04300 004da200 ffc5be00 003ace00 ffb1e700
PCM 0 ff918e00 006b6500 ffa0d400 005a5800 ff93e200 00695d00 ff877f00
PCM 014780 00760000 ff890200 00774600 ff9b0e00 0063c700 ffadcc00 004d6300 ffab9c00
PCM 014788 0052af00 ffafab00 004f0600 ffad9800 004c8c00 ffc13800 003ce500 ffc2f100
PCM 014790 003b9000 ffbba800 00423b00 ffe09e00 00185800 fff54400 0005b600 ffcd4200
PCM 014798 0030a700 ffb13000 004c1d147a8 fff73500 00075000 fff63800 ffccb300 00319900 ffc20400 0038c0 006a8f00 ffad4b00 004f1e00 ffbfbd00 00407e00 ffc39900 0037f600 fff23600
PCM 0147c8 00096d00 0 0050ee00 ff9f3300 005cef00 ff855e00 00787f00 ff61a500 009b50004d9c00 ffdeb700 001d8c00 fff7ce00 00069700 fffe4200 fffe2600 00120200
PCM 0147e8 ffec1e00 ffedde00 000c6d00 ffc9c600 0033f900 ffb9cd00 00432b00 ffb71300
PCM 0147f0 0043d200 ff960300 00663500 ff9d6b00 005f2200 ff81e600 007edd00 ff430700
PCM 0147f8 00be6f00 ff334100 00c7b200 ff6bc200 008df900 ff9f8000 0060cb00 ff9b9f00
PCM 014800 00632100 ffb15500 004b1500 ffb80e00 0042d600 ffba2600 00403500 ffc22600
PCM 014808 003bd200 ffd76000 00253c00 ffe78500 00169f00 ffca1600 002e9d00 ffc7b700
PCM 014810 0031d800 ffb91500 0042ef00 ffa6ca00 00566f00 ffb8a600 0045e500 ffc7fa00
PCM 014818 00347700 ffc28200 0041ff00 ffc56a00 003aaf00 ffb8ae00 0042c300 ffda2a00
PCM 014820 00262100 fff0a100 000a4c00 ffffa000 fffb0a00 0008b800 ffec1200 00077b00
PCM 014828 fff4c100 fffea600 fffc2000 ffe2dc00 00189c00 ffec1f00 000e2100 001cb200
PCM 014830 ffe1e600 ffe02c00 0019b400 ffafd700 004bef00 ffa2cd00 005c9c00 ff9a4b00
PCM 014838 0062b700 ffcc1500 002e5f00 ffe49300 00181100 ffe5b500 0016d600 ffd6bb00
PCM 014840 0025c400 ffc70500 fe87500 0015a800 ffcfe200 002dcf00 ffe46700 001e7700 fff96800
P3f000 fff3e200 0008fa00 fff06300 000dd000 ffe8d200 0011c100 ffed3f00
PCM 014870 000d3e00 0016b7900 00149a00 ffe21600
PCM 014878 0018fe00 ffdab800 00256200 ffe05300 ffecaf00 000f6700 fff06800 000bd600 ffdeb700
PCM 014888 090 fffe0300 ffea7800 00139b00 00016900 fff99700 00161700 ffe8c90 ffc48c00 0038b300 ffebfa00 0012b500 00032a00
PCM 0148a8 fffc8400 000e9700 ffec9200 0009b300 ffecc100 002ec300 ffcab400 0035c200
PCM 0148b0 ffc45500 002b1c00 ffd50900 0016c300 ffe4a700 00402f00 ffbacc00 0045d700
PCM 0148b8 ffb30c00 0040bb00 ffba3700 00226800 ffd96900 001b7d00 ffe02600 001bb200
PCM 0148c0 ffe29000 0005d200 fff7a900 0018a800 ffe03800 001a4b00 ffe10500 001a2d00
PCM 0148c8 ffded400 001de800 ffdeaf00 00452000 ffb44200 0057e000 ffa48c00 0051fe00
PCM 0148d0 ffa79200 00647800 ff940700 004c8c00 ffaa7800 00296800 ffd1af00 0053d400
PCM 0148d8 ffa73300 0061f200 ff94d200 007edf00 ff7d7800 00759400 ff870600 00802300
PCM 0148e0 ff7c4b00 00915400 ff69f900 008f3800 ff67d800 00798b00 ff7fd700 00826a00
PCM 0148e8 ff77cf00 00aed600 ff4e7f00 00bf4d00 ff3d0e00 00af9f00 ff4aa900 00a4d100
PCM 0148f0 ff506f00 00ac9500 ff4f1300 00a2e500 ff593400 00b68c00 ff420d00 00a87200
PCM 0148f8 ff508a00 00830d00 ff760900 006d8d00 ff8d1800 00830c00 ff78d700 00942e00
PCM 014900 ff632c00 009a0500 ff5ed300 00965200 ff63e600 00917e00 ff633800 00756900
PCM 014908 ff84fb00 00894900 ff732a00 00b76100 ff420500 00c7c100 ff350c00 00c58b00
PCM 014910 ff335c00 00af5e00 ff47f500 009f3207e3700 008ea700 ff691e00 00ba1b00 ff3cd700 009cfb00 ff5de800 007488100 ffaf1400 004dcf00 ffb36500 005cf800 ff9e4400 00645500
PCM 014938 ff947000 0053f200 ffa87e00 00533000 ffa3ae00 005fab00 ffa0a700 00408c00
PCM 014940 ffbd0800 003cf000 ffb95e00 0051f100 ffa6f900 0050d000 ffa9a700 0060a200
PCM 014948 ff9db700 0040b100 ffb8a700 00570900 ffa3f700 004cb700 ffa9fc00 00213500
PCM 014950 ffddd700 00240f00 ffd6c300 0035d300 ffc63700 00458600 ffb45800 00499e00
PCM 014958 ffb02406400 fffc1c00 fffed700 ffff0a00 00198100 ffe17600 00020e00
PCM c57d00 0036ee00 ffa64a00
PCM 014980 00594700 ffa03800 005cb600 0 ffa92400 00529100 ffc35b00
PCM 014990 0036f700 ffc72e00 00366 00392e00 ffbb1b00 0043c800 ffad5500 00518c00 ff842100 0078de00 ff61d400
PCM 0149a8 009c1d00 ff7ec800 0080b700 ff98d100 00654100 ffaa4100 0051e900 ffa25e00
PCM 0149b0 005e7b00 ff9c5e00 0060fa00 ff70a000 00909500 ff923400 006e8d00 ff94d800
PCM 0149b8 00667e00 ff60bb00 009dde00 ff4a5500 00b41e00 ff3f8500 00bf9100 ff430f00
PCM 0149c0 00bc0700 ff3f2e00 00bcc700 ff486400 00ba2f00 ff38f500 00c4cd00 ff425d00
PCM 0149c8 00bc5f00 ff48c200 00b5c600 ff696f00 00962600 ff67e300 0095e000 ff6e3f00
PCM 0149d0 0092c200 ff74e900 0088a600 ff8a6000 00729700 ff8d7f00 006fb900 ff450900
PCM 0149d8 00b9e200 ff282900 00d32c00 ff253600 00d64200 ff1f4a00 00df0a00 ff236400
PCM 0149e0 00ded200 ff1e0000 00df0a00 ff0faf00 00ef9700 ff17e000 00e5b300 ff2ff900
PCM 0149e8 00d2c100 ff 014a00 00e84000 ff0ff200 00f16400 ff329700 00d20b00 ff332d00 000300 00bb2400 ff243c00
PCM 014a10 00de0f00 ff3dbc00 00c50000 ff0 ff455100
PCM 014a18 00bb3100 ff249300 00da1500 ff10fc00 00f0f100 ff19eb00 00e7ff00 ff168100
PCM 014a20 00ea2c00 ff0a7900 00f67b00 ff248d00 00ded000 ff335300 00cd8600 ff2b1500
PCM 014a28 00d4d600 ff235900 00d99a00 ff1acb00 00e70c00 ff197d00 00e2ec00 ff16ac00
PCM 014a30 00eaaf00 ff283200 00d33400 ff26f800 00db9500 ff0ec700 00eff100 ff208300
PCM 014a38 00dfc200 ff1bfa00 00e7e300 ff362000 00cce100 ff486b00 00b500 ff164800 00ec0b00 ff056900 00 00824800 ff866600 00778800 ff74bd00 0089f000 ff6b3600
PCM 014a50 0093f500 ff60ce00 009b7500 ff76de00 00840e00 ff760600 008a6e00 ff71a400
PCM 014a58 008abb00 ff58b900 00ab1d00 ff3b2b00 00c8dc00 ff46ef00 00b8b100 ff48fc00
PCM 014a60 00b56d00 ff559800 00ab6200 ff57c700 00aa6900 ff6d3700 00946f00 ff706a00
PCM 014a68 008adf00 ff793700 00854300 ff86c700 0078eb00 ff918300 006f1e00 ff8cfc00
PCM 014a70 00772a00 ff9a3e00 00662b00 ff872200 0077d800 ff7dcb00 007ee400 ff81bc00
PCM 014a78 007b5400 ffa3c700 005e4d00 ffa7b200 00540100 ff992500 00645d00 ffa92f00
PCM 014a80 0058ff00 ffb0bc00 004d6100 ffb28a00 004d2100 ffb60200 00468600 ffc6e700
PCM 014a88 00374800 ffe87300 00182100 ffd1f700 0025c900 ff9df700 00624d00 ff9aa600
PCM 014a90 00622100 ffb4de00 004afe00 ffba3d00 0040f600 ffb25100 004a2300 ff9ba000
PCM 014a98 00657200 ffb07d00 004bf700 ffab8800 00564600 ff8c7200 0071e900 ff9f1900
PCM 014aa0 00632200 ffba7000 00458100 ffb1b500 00517700 ffa00400 00559b00 ffb3fe00
PCM 014aa8 0049ae00 ffc17700 003a7300 ffe0cd00 001b4e00 00030400 fffc7c00 ffed5b00
PCM 014ab0 00129a00 ffb3dc00 00491100 ffa6de00 00574800 ffc87f00 00375300 ffeddc00
PCM 014ab8 000e9500 ffddbb00 0024fb00 ffd22000 002c6e00 ffb53000 000 ffcdde00 0035a000 ffbf2400 003f2d00 ffb04800 004a6600 ffbb1100014ad8 00429e00 ffc94400 0031ec00 ffc5e100 00366d00 ffafa500 004c1100 ffb29f00
PCM 014ae0 004ee0636200 ff9b4700 00637900 ffa17400 0059f300 ffb6f600
PCM 014ae8b7700 00330c00 ffab8200 00518900 ff97f400 0061e300 ffbff200
PCMfb5f200 00447600 ffb11000 0047d000 ffb42300
PCM 014b10 00453e000ea00 ffa91800 00555600 ffa72f00 00561700 ff9ff100
PCM 014b20 000 ffcbb300 0036d500 ffcbf600
PCM 014b28 00312400 ffea7800 00137a00 ffef5600 000c1100 ffe25700 0016e100 fff57700
PCM 014b30 00057900 0009d500 fff2b400 0003e600 fff84000 ffeb1c00 0013aa00 ffdcc600
PCM 014b38 00208700 ffd3e600 00299e00 ffebb100 00105f00 ffe8fc00 000ec600 ffd1b500
PCM 014b40 0027ac00 ffca4800 0030ce0002deb00 ffbe1d00 0040fb00 ffb7e900 0040ff00 ffc4ed00 0038de00 ff0 ffeba800
PCM 014b60 000ea600 fff25300 000a5100 fffada00 00010M 014b70 ffecf800 fff02f00 0008cb00 0000ee00 fff97d00 0010ca00 f 014b80 0002a800 00027300 fff9b000 ffff7400 00001500 ffe53b00 00188900 fff0d600
PCM 014b88 00112f00 0012fe00 ffe78a00 ffee3800 000f2000 ffe44000 00196f00 ffe63c08800
PCM 014ba0 003cc900 ffe23e00 00027900
PCM 014bb0 fffb7100 ffe17b00 001cab00 00070b00 ff59f00 00158100 ffd0cf00 002cab00 ffc7af00
PCM 014bc0 00369400 f
PCM 014bc8 006ebf00 ffae9d00 004fef00 ffa8fb00 0054d200 ff9d6d00 0060cc00 ff955700
PCM 014bd0 006a1500 ff8fb800 00722300 ffa56100 00521900 ffb94a00 00467f00 ffb7f400
PCM 014bd8 00465e00 ffb9af00 00484100 ffb3d100 004bec00 ffb69600 0045ac00 ffa2f600
PCM 014be0 005be000 ff918a00 006bd000 ff7f2200 007bb100 ff869d00 00751200 ff90da00
PCM 014be8 006b5300 ff994700 0064d300 ffaa3400 00549c00 ff968c00 00674800 ff756c00
PCM 014bf0 00863f00 ff7b1800 0083f100 ff918e00 006e3200 ff79e800 00821700 ff6de700
PCM 014bf8 00973400 ff729000 0088c800 ff7b9d00 00830c00 ffa0df00 00608000 ff905a00
PCM 014c00 006a1200 ff85c300 007c5600 ff83e800 007d2700 ff7e6300 0080ad00 ff78f200
PCM 014c08 00810100 ff80ae00 0079f400 ff665200 009bbf00 ff475400 00b91b00 ff714e00
PCM 014c10 008d8b00 ff864700 007aba00 ff909300 006f0d00 ff71e000 008d6500 ff6bbc00
PCM 014c18 0094d100 ff854200 00784100 ff800d00 007e0900 ff8a1900 00780e00 ff854f00
PCM 014c20 0079d500 ff82e200 007edc00 ff81dd00 00786a00 ff6dd800 008fc500 ff79f300
PCM 014c28 0085e200 ff770500 00871d00 ff430200 00bd1300 ff36af00 00c9e100 ff4adb00
PCM 014c30 00b58b00 ff47f000 00b6ab00 ff3d1100 00c20700 ff3ee400 00c1a800 ff2a4e00
PCM 014c38 00d85b00 ff333000 00d01800 ff2f8200 00d0d000 ff15a900 00ea5a00 ff023d00
PCM 014c40 01010200 ff148500 00ef2700 ff38c500 00c9ff00 ff4e7c00 00b39a00 ff393900
PCM 014c48 00c81700 ff327c00 00c89c00 ff564d00 00ab4100 ff4cc600 00b1d700 ff486900
PCM 014c50 00b4cc00 ff315700 00cbfb00 ff419d00 00bf1200 ff4aff00 00b99800 ff4f4b00
PCM 014c58 00b05000 ff173d00 00e7ee00 ff054400 00fe540c60 0104e200 ff09af00 00f43b00 ff134500 00ee6b00 ff18bf00 00e70100 ff09f200
PCM 014c68 00f29700ff1fa700 00dcc900 ff03ef00
PCM 014c70 00f96300 ff1ac900 00e58300110d400 ff022f00
PCM 014c88 00fa8300 ff0ac200 00f81400 fefe8f0ff0af000 00f59c00 ff181f00
PCM 014c98 00ece000 ff24f000 00dbc40eb00
PCM 014ca0 00f69900 ff0d6000 00f34c00 ff259c00 00dcbf00 ff380400 00c92500 ff328b00
PCM 014ca8 00cd9a00 ff35d500 00cbf500 ff15df00 00eae900 ff0da900 00f03200 ff0a3100
PCM 014cb0 00fa4c00 ff0ab800 00f46300 ff19d000 00e4db00 ff218d00 00d9bd00 ff2bb600
PCM 014cb8 00d15f00 ff0b9a00 00f11a00 fef77c00 01075900 fefd9500 01074a00 ff119500
PCM 014cc0 00ec3800 ff029000 00fbd800 ff00f900 01003700 ff04e500 00fbd600 fee83800
PCM 014cc8 01179500 fec70d00 01380600 fec2fe00 0139bc00 fec63b00 01399b00 fefb6e00
PCM 014cd0 0106e700 ff104000 00f10900 ff0eab00 00ed0e00 ff120c00 00ec5800 ff1aa000
PCM 014cd8 00e6ae00 ff17f100 00ec7f00 ff2e0600 00d39900 ff47a200 00baa100 ff212f00
PCM 014ce0 00e31900 ff18a800 00eb5300 ff0d4f00 00f50100 ff253f00 00db0400 ff3b5b00
PCM 014ce8 00c7fb00 ff1c7d00 00e22f00 ff125800 00ea6700 ff1fdd00 00e2ee00 ff25f900
PCM 014cf0 00d97100 ff0a1d00 00f74000 ff006e00 00ff8200 ff1ece00 00e15a00 ff2ca600
PCM 014cf8 00d77600 ff12a200 00ecaa00 fefbfb00 0105ec00 ff15d400 00eb7900 ff169400
PCM 014d00 00e83c00 ff1d6700 00e39400 ff2dc500 00d56000 ff26f300 00d71000 ff0aaa00
PCM 014d08 00f2fa00 ff153500 00e83400 ff167100 00e97d00 ff0fd000 00f4b500 ff1a1200
PCM 014d10 00e7be00 ff263500 00db9300 ff3ebf00 00c11e00 ff302300 00cd2b00 ff326400
PCM 014d18 00c8ba00 ff433600 00be0400 ff296d00 00d28d00 ff0f3900 00edb500 ff156800
PCM 014d20 00e9ba00 fefc3600 01079600 fef5ef00 01089d00 ff0ace00 00f52900 ff27d100
PCM 014d28 00d68600 ff458100 00bc1000 ff4a9c00 00b44000 ff39c000 00c2b100 ff487600
PCM 014d30 00b78000 ff47a400 00b3db00 ff543d00 00a5fd00 ff4ff200 00ad9a00 ff48e600091a800 ff7edb00 007f4700 ff741be00 ffac0500 0057fd00 ff96f700 00687800 ff75ae00
PCM 014d50 00814d60 005cd300 ffa4cb00 00596900 ffa15900 00597f00 ff93dd00 006b0 ff827900 007b3600 ff9bc800 00646800 ff88d300 00764700 ff626200 ffa6a700 0057d800 ff906000
PCM 014d78 0069c400 ff74a000 008c1da4100 ffa07700 005c4d00 ffa11b00 005de200 ff8e6b00
PCM 014d88 092bd00
PCM 014d90 006d9900 ff980200 0062fd00 ff994200 00687800 0055b500 ff9ea400 0060df00 ff92e300
PCM 014da8 0069c700 ff91f90d7f00 ff9b5800 0060a300 ffc30a00 003ce700 ffb16000
PCM 014db0 004b2300 ffa02c00 005a4000 ff966300 00673800 ffc34400 003b5d00 ffe28700
PCM 014db8 001d5100 ffd4c800 00261800 ffbaef00 003d0200 ffcfff00 0029ac00 ffdd6500
PCM 014dc0 00200300 fff4f600 000b8f00 ffde5d00 001d1600 ffd98100 0026e800 ffd04500
PCM 014dc8 002c2PCM 014dd0 00214000 ffeef300 00113800 fff11c00 00099a00 fff6810046c00 ffe10300 001b0600 ffece700
PCM 014de0 00103c00 fff4e400 00062600 fff91500 00051600 ffe28000 001a9700 fff7de00
PCM 014de8 0001ce00 00091900 fff59200 ffe3a800 0018c800 ffeea600 000cb000 fff7c000
PCM 014df0 00042e00 00053900 fff4eb00 00113100 ffe93200 00035000 fffbc900 000fbc00
PCM 014df8 ffebc200 00122c00 ffe72000 00279800 ffd83700 00124500 ffe59700 0000c700
PCM 014e00 fffd9900 001d7b00 ffdf6900 00163300 ffe3f500 fffb1900 ffffdc00 fff7c7e00 fff8a600 0003c800 ffea5100
PCM 014e18 00144200 ffeb9000 01100
PCM 014e28 002b6b00 ffd8a700 0024c500 ffd5e100 0028f900 ffe03b00 00223000 ffce8200
PCM 014e30 002de900 ffc18200 003a2f00 ffc61500 0031e800 ffeff000 000d3700 ffff9a00
PCM 014e38 fffdee00 00006200 fff9ff00 ffe45c00 0016f900 ffd38700 00269100 ffe2a500
PCM 014e40 00149500 ffea0f00 00155e00 fffa1e00 0003c900 0007f600 fff39c00 ffdcae00
PCM 014e48 00207000 ffd8ff00 00236600 ffdb7600 00237500 ffe2ae00 00178a00 e50 00184700 00055b00 fff1a800 fff8fb00 00034700 000f8100 ffecac00 00066b00
PCM 014e58 fff45100 fffa5400 ffff9b00 00117d00 ffeba700 fff99300 00049e00 ffeba800
PCM 014e60 000be600 ffe54200 00136c00 ffedd400 000b9200 fff39f0029e800 ffadb500 00529100 ff93b000 0066ad00 ff8db400 0067ca00 ff0 00489c00 ffcbbb00 002c8900 ffc15e00 0038ec00 ffa8c600 0057c400 ff76ee00
PCM 014e78 007f9000 ff59e300 00a44100 ff81f800 007e4f00 ff811600 007ff000 ff8b0f00
PCM 014e80 0075c100 ffa11600 005b1800 ff9bce00 00644e00 ffb4b400 0048b700 ffabf800
PCM 014e88 00539900 ff9c5100 00649400 ff6ed500 00948e00 ff5df600 009c5000 ff5a1300
PCM 014e90 00a3ff00 ff5e0b00 00a09900 ff64c500 00990600 ff82fd00 007c4500 ff9e4200
PCM 014e98 005e6700 ffa1b500 00570b00 ff998200 0060f800 ff9d4000 00633300 ffab3000
PCM 014ea0 00517900 ffa0af00 005c4300 ff8ebf00 006f2b00 ff913800 006b6100 ff83e600
PCM 014ea8 007d4400 ff589d00 00a5b900 ff3ef800 00c15500 ff25bd00 00db1700 ff318800
PCM 014eb0 00cc6400 ff532700 00aef700 ff65fb00 0099ec00 ff66b400 00954b00 ff5c1000
PCM 014eb8 00a1d000 f00998b00 ff5a8700
PCM 014ec0 00a79200 ff7aa300 0087e200 ff71340c6d600 ff404a00 00bbd700 ff37e500 00c4b900 ff1df900
PCM 014ed8 f3c8000 00c7cd00 ff319300
PCM 014ee0 00ccbe00 ff232c00 00de9100 011f9f00 fee49600
PCM 014ef0 011cf100 ff07ec00 00f83a00 ff037d00 00fbd200 feee7d00 010a3b00 fef75600
PCM 014ef8 0106ab00 ff1e6f00 00e4c000 ff0c5200 00f38900 fef2ac00 010e3900 fefd6f00
PCM 014f00 01017100 ff00a400 00f79000 ff084900 00f8a500 fef0bc00 01117700 fee4f700
PCM 014f08 011b7500 fefca500 01058800 ff055100 0ed4d200
PCM 014f10 012ba300 fee00 01071c00 fee84500 0113fd00 ff053e00
PCM 014f20 00fdf000 ff0fd400 00f3eb00 ff115500 00eaf300  0107be00 fef21100
PCM 014f28 010de800 ff068000 00f54c00 ff1b8b00 00e80000 ff241300 00dde400 ff13ed00
PCM 014f30 00e97500 ff0ff12e900 00eb8400 ff117a00 00edd600 ff2fe900
PCM 014f38 00cfc200 ff2e6500 00d5bd00 ff1c2a00 00e46400 ff21f000 00dcf400 ff38ce00
PCM 014f40 00c92600 ff21b900 00de0300 ff0ba500 00f62700 ff0a8600 00f43100 ff2a9f00
PCM 014f48 00d78200 ff33ae00 00cb0400 ff3a4100 00c4f800 ff260200 00da6800 ff34b900
PCM 014f50 00c8b400 ff438c00 00bda500 ff410400 00c0ff00 ff43d200 00bd6700 ff517c00
PCM 014f58 00acf300 ff4eba00 00ad3d00 ff524a00 00ad5d00 ff52e600 00ac7400 ff55d500
PCM 014f60 00aac000 ff46b000 00b83b00 ff60e800 009d9800 ff5c7c00 00a5d200 ff46c500
PCM 014f68 00b6dd00 ff3e2300 00bb4300 ff675400 00969d00 ff656d00 0098b200 ff719b00
PCM 014f70 008b5200 ff7eb300 0080df00 ff94b200 00682500 ffa73100 00562400 ffb34600
PCM 014f78 00497f00 ffaefc00 004bab00 ffabdc00 0051b800 ffc55500 003a0300 ffc27000
PCM 014f80 003e7300 ffd53400 00283900 ffc47f00 003b8b00 ffa5e600 00559b00 ffafb500
PCM 014f88 004aee00 ffada100 00500a00 ffa2e200 005bf900 ffb04c00 004c1c00 ffb82300
PCM 014f90 00473e00 ffd33a00 00268800 ffecc400 000f1c00 fff72e00 00024f00 ffe66800
PCM 014f98 0013d400 ffbea700 00380f0 00298a00 ffbb4f00 00434e00 ffbba200 00419000 ffc07100 00391a00PCM 014fc0 fff95000 00148a00 ffe7b200 001af000 ffe31100 0018bd0000 0033ba00 ffc6a900 002ca200
PCM 014fd0 ffc98a00 000db700 ffea4c00 00082f00 fff32d00 00155000 ffe4fb00 001a3400
PCM 014fd8 ffdadc00 000a6a00 fff06f00 0017c500 ffe43300 00075300 fff30900 fff0a5300 ffe6d500 0016ef00 fff8b300
PCM 014ff0 00028200 00226900 600 001b2300 ffe27f00 000fc300 ffecec00 000e1c00
PCM 014ff8 ffec00 002c0000 ffd39900 0029be00 ffe16400
PCM 015008 001a2200 ffe4b900 001ae400 ffe7e500 0014a600 ffe7c900 00177800 fffee800
PCM 015010 fff75900 00149f00 ffe47300 001c1c00 ffe04200 00185300 ffe22400 ffef8700
PCM 015018 000e0a00 00073e00 fff2cc00 000bce00 fff27000 000af500 fff65300 0019f200
PCM 015020 ffe02900 0022d600 ffd57100 001b9b00 ffe12100 00021f00 fff71700 fffdc900
PCM 015028 fffea700 00234400 ffd70900 002cf400 ffcd4c00 001e9d00 ffdd1700 000fab00
PCM 015030 ffe9f600 001a3300 ffdfaf00 002a3000 ffce9d00 001f1000 ffd88700 001b6700
PCM 015038 ffe1b000 0030db00 ffc92200 004e3000 ffacd800 00766300 ff867100 008b3500
PCM 015040 ff6e9200 006b7200 ff8ace00 00623200 ff97c200 00731500 ff863600 00689b00
PCM 015048 ff931800 006a4e00 ff951a00 007b6400 ff7ed400 00726500 ff854000 00738d00
PCMff6ef500 0089e400 ff746200 00741b00 ff85c200 006b7100
PCM 01505M 015068 ff5f6500 00c7a400 ff324a00 00b43200 ff46ef00 0091c300 f80300 ff215d00 00e27900 ff14db00 00d8e500 ff1ef200 00ae6500
PCM090 ff62d500 00ab9400 ff465100 00a9ef00 ff4b7200 00a51900 ff54ae00 00861200
PCM 015098 ff74ac00 00716800 ff891400 0085c300 ff751300 00992400 ff607c00 0093ea00
PCM 0150a0 ff638400 00814e00 ff78b900 00949600 ff6aae00 00962400 ff64fa00 00a60b00
PCM 0150a8 ff4cef00 00a93100 ff4f8d00 00af1100 ff4caf00 00a12100 ff590500 00a5a200
PCM 0150b0 ff555a00 00a1e200 ff574000 00a75100 ff553d00 008b8100 ff6ecf00 00852200
PCM07bfe00 ff7d2f00 00797700
PCM 0150c0 ff830500 00870000 ff745100 00809f00 ff7d8c00 00870a00 ff705b00 009f6800
PCM 0150c8 ff5b4200 00a49000 ff566b00 0079b100 ff7e0d00 00944000 ff68c700 008465013b00 ff765a00 0075b100 ff84e000 0088e300
PCM 0150e0 ff751300 0083b900 ff74c300 00625b00 ff93f100 0057e500 ffa1bb00 00738400
PCM 0150e8 ff85bd00 005d9800 ff9c9800 00524e00 ffa42f00 00423500 ffb87400 002d9b00
PCM 0150f0 ffd0c800 001f2b00 ffdf3d00 00277100 ffd7d200 000c9600 fff11200 0008f100
PCM 0150f8 fff48000 00157000 ffe7da00 fff4de00 0008b900 fff21700 000b4500 ffe67600
PCM 015100 00109300 ffea9000 0015f700 000b0e00 fff34000 00046200 fff9ca00 000bf800
PCM 015108 fff1ac00 000bbd00 ffef5900 fffe8800 fff93600 ffff6e00 fffebd00 0009e100
PCM 015110 fff3a100 0004da00 fffacd00 ffe20800 00190800 ffb65400 0048e700 ffb24100
PCM 015118 004b2200 ffb53200 0046d500 ffb78100 00472200 ffcc5f00 002cac00 ffbb9400
PCM 015120 00415e00 ffb94e00 0049f200 ffc01600 00407100 ffbcf500 003d2100 ffc0a000
PCM 015128 003d1500 ffb6a500 0045c600 ffbeaa00 003fc600 ffb8f100 0043aa00 ffaeb000
PCM 015130 004ed100 ff9bb700 00609c00 ff9b3a00 00625400 ffa2bc00 00587800 ffbf000 ffb3c900 004e5b00 ffafd600
PCM 015140 004c7100 ffa53f00 008 0058ee00 ffa81d00 0051b200 ffac8900 004e9f00 ff93a900 006a3c000 0056f200 ff9dab00
PCM 015158 0063f100 ff8d7e00 006fde00 ff79ec800
PCM 015168 007db200 ff97d300 00681b00 ff9eb700 005fab00 ff987600 00688d00 ff726c00
PCM 015170 008bcc00 ff774700 0084fc00 ff94e900 00698100 ff6ea000 008cef859900 0079ea00 ff72a700 008b9800 ff58e200 00a2f000 ff6d7900
P05e8600 ff876b00
PCM 015190 00770f00 ff8a5e00 00705a00 ff72a000
PCM 015198 0086e400 ff6de800 00937a00 ff5bb900 00a61800 ff70ef00 008f5200 ff692500
PCM 0151a0 00993500 ff82c200 007b8200 ff951100 00670200 ff81de00 007ea600 ff741400
PCM 0151a8 00885c00 ff71d400 008a5800 ff589b00 009ddb00 ff54f600 00a75f00 ff5ac200
PCM 0151b0 00a41000 ff574400 00a6c400 ff80f000 007bc800 ff8d7500 00711100 ff82ca00
PCM 0151b8 007a9a00 ff95da00 0066ba00 ffa94c00 0057fb00 ff9f8a00 005c4200 ff90a000
PCM 0151c0 006b4b00 ff923100 006d8600 ff78f600 00847400 ff644e00 00929700 ff7e1000
PCM 0151c8 00816400 ff7f2600 007b3300 ffa2fc00 00561a00 ffd3f600 0029e100 ffb21400
PCM 0151d0 00492900 ffadd000 0053ff00 ff9ee300 005d0500 ff91e400 00688d00 ff987600
PCM 0151d8 0064b500 ffa4a900 005acf00 ff816b00 007d0500 ff7cff00 0082e500 ffabc400
PCM 0151e0 004e3b00 ffb78400 00419e00 ffc3d100 00382700 ffd4a800 0024dd00 ffc78600
PCM 0151e8 00357a00 ffc3a300 00351c00 ffbe7400 0041ba00 ffbe2a00 0041ae00 ffc28400
PCM 0151f0 00378b00 ffc41900 00376700 ffbe2300 00416c00 ffa62e00 005a7900 ff957600
PCM 0151f8 0065d800 ffa72400 00555000 ffb85100 0042d900 ffd53d00 00268600 ffc69000
PCM 015200 00365400 ffa498000
PCM 015208 0034ac00 ffb1a300 004c5d00 ffb02200 004fa800 ffb13b00 00496700 ff9cfc00
PCM 015210 0061ea00 ffa27700 005a7600 ffadaf00 004a7b00 ffa6d500 0054ae00 ffb4cd00
PCM 015218 00460000 ffa0a000 005bdc00 ffa9c600 0050d400 ffa7fd00 00547b00 ffadda00
PCM 015220 004dc400 ffcc1600 0031e700 ffc4b500 00377600 ffc2f200 003c7c00 ffc11200
PCM 015228 003a6400 ffe7df00 0016e600 ffe5e9M 015230 004add00 ffc26a00 003df200 ffccca00 00314d00 ffc04800 003d0300 ffd15700
PCM 015238 002a5400 ffd97500 00221400 ffdf9100 001d3200 fff18600 00060f00 00159a00
PCM 015240 ffe13700 0030fb 001a8a00
PCM 015248 ffe44300 001b4000 ffe09c00 00045900 fff36d00 00163800 ffe26c00 00071400
PCM 015250 fff27500 fffec900 fffb5b00 0016fe00 ffe56f00 000e4000 ffea5f00 0009de00
PCM 015258 fff19800 000c9000 ffeda300 0008f70 015260 000da700 000ad600 ffee3d00 ffee4700 000b7600 fff2ec00 0005ad00 fff51e00
PCM 015268 00017e00 00079600 fff4fe00 00153600  ffddf800 0021d000
PCM 015270 ffda7a00 000ef600 ffee2e00 00151c00 ffe81700 002deb00 ffcb2100 00267f00
PCM 015278 ffd81d00 00061300 fff38b00 000c2a00 ffedcb00 0004d500 fffafb00 0003ed00
PCM 015280 fff43c00 00279e00 ffd29600 003b9700 ffc00f00 00267300 ffd5b100 00193900
PCM 015288 ffdeb800 00145200 ffe7f800 000bd200 fff1f300 002a8f00 ffcd3900 0037c100
PCM 015290 ffbfad00 0046a000 ffb2e800 00513500 ffa94600 0036d300 ffc25d00 004e2a00
PCM 015298 ffab4e00 005df000 ff9e0f00 004e5500 ffaf0500 003afe00 ffbdcd00 00319300
PCM 0152a0 ffcc9d00 00270600 ffd1d700 0039b800 ffbfff00 00213600 ffdb1700 fffc7f00
PCM 0152a8 fffddb00 fffe9e00 fffa5700 00372c00 ffc18c00 00391e00 ffc1bb00 0039ca00
PCM 0152b0 ffc0b200 00443600 ffb65400 00542800 ffa6e400 00390c00 ffc1ca00 002ff900
PCM 0152b8 ffcbea00 00398d00 ffc16900 00482500 ffb1ad00 00544100 ffa52200 00614600
PCM 0152c0 ff987300 0057a600 ffa47200 00569900 ffa65400 00582d00 ffafa07f00 00721200 ff8ba600 00668600 ff8f0700 0063e100 ff973400 00d00 ff6a2400 009db300
PCM 0152e0 ff5a5200 00986100 ff616300 00800 ff907400 006f6100 ff88c400 0069c200 ff90e900 00878000
PCM 0152f0 ff756300 009aef00 ff5cdb00 0066d400 ff906a00 006da800 ff89c400 00725b00
PCM 0152f8 ff892f00 00702700 ff8de200 006c7100 ff8dc500 005fd200 ff9c8b00 00817b00
PCM 015300 ff771500 0076e800 f ff8f5300 0074aa00
PCM 015320 ff847f00 006f8400 ff89d000 00458a00 ffb4e000 00430c00 ffb4f800 004c5f00
PCM 015328 ffae4c00 00490
PCM 015338 ffbae800 005c6c00 ff9f8b00 00656600 ff918600 0067003d9b00 ffb98300 0049be00 ffafa300 003f5700
PCM 015348 ffb90d0000 ffc6c000 002da900 ffcef500 00250d00
PCM 015360 ffd2ff00 00090 00036b00 fff71b00 000bfd00 ffee2700 ffecf300 000efe00 fff54100
PCM 015370 00056900 fff1d500 000b6400 fffdbf00 fffa9a00 001f8e00 ffdb7300 00230a00
PCM 015378 ffd9e100 00265400 ffd9ee00 001abf00 ffddc200 001a9f00 ffe07800 00196e00
PCM 015380 ffe4a200 000b2300 fff1b600 00030700 fff6f400 00011c00 fff60100 000bee00
PCM 015388 ffef0400 ffe42100 00135400 ffe02900 001adf00 fffa9e00 0003a400 fff78200
PCM 015390 0000 ffd0eb00 002a0200 ffd3cf00
PCM 015398 002d4100 ffe86300 0011d008f600 ffe33500
PCM 0153a0 00196c00 ffd1f900 002cad00 ffd3c7005d500 003b1100 ffdbdb00 00207900 ffdb9500 00228100 ffd52700
PCM0153b8 005ed300 ff8a7b00 00769100 ff89ef00 00788c00 ff9a3a00 00608300 ff85bd00
PCM 0153c0 00759c00 ff7ce000 007eef00 ff769e00 00876100 ff92a100 006a2600 ff92d400
PCM 0153c8 006c5b00 ff69b200 ff5adc00 00a42a00 ff6afc00
PCM 0153e0 008fa300 ff602e00 009c010c00100 ff4fd600
PCM 0153f0 00af1200 ff404700 00bbe200 ff3f3d0008bdb00 ff62cf00 0099cc00 ff501b00 00adbe00 ff44b600
PCM 01540800aa8b00 ff83f100 007d1e00 ff8c3700 00729f00 ff641500
PCM 01541c00 ff532200 00ace300 ff449d00
PCM 015420 00b90900 ff48e900 00ba2f00 ff54a500 00ae0a00 ff56f700 00a7fe00 ff72e800
PCM 015428 008eeb00 ff70b600 008cb700 ff49db00 00b28900 ff337e00 00cc0300 ff45b700
PCM 015430 00ba9a00 ff561300 00a5b700 ff572800 00a8a700 ff462e00 00b93600 ff65c000
PCM 015438 00983600 ff737f00 008a0800 ff866300 0077ed00 ff89ef00 0071b000 ff8e4d00
PCM 015440 006e8f00 ff871200 00759800 ff879e00 00708c00 ff95f200 0068fa00 ff82ff00
PCM 015448 0074ef00 ff722600 0087bf00 ff5fee00 009eb900 ff6f4c00 008f2400 ff6da300
PCM 015450 008bf500 ff7d9200 0080d500 ff999b00 00652400 ff7e4b00 00821900 ff651e00
PCM 015458 0099c900 ff7bf300 00802500 ff697600 0094c000 ff6f9100 008f7d00 ff92a200
PCM 015460 0067b400 ff7fab00 0080ee00 ff7a6900 0082d500 ff862800PCM 015468 00795c00 ffa3e000 00570d00 ffbd0200 003f2100 ffc73200200
PCM 015478 00698000 ff98c900 006a0f00 ff9f2300 005ebb00 ff900706100 ff8a7000 0072ab00 ff92e400 006cee00 ffa96f00 00555d00 ffcffc00
PCM 015488 002fb800 ffadb900 0051e000 ffac5f00 00503b00 ffc15500 003d6300 ffb71e00
PCM 015490 00407300 ff9ca000 005dae00 ff94cc00 00695000 ffaa1500 00563500 ffaeb100
PCM 015498 004c4500 ff956b00 00692a00 ffab5000 00562d00 ffab4a00 0050f300 ff964100
PCM 0154a0 00696400 ff8bc300 00711100 ffa19600 005fbd00 ff98f800 0068ca00 ff975700
PCM 0155100 00657800 ffa79c00 00533400 0 ffd58800 00240a00 ffdc1a00 00221500 fff03400 000e4100 fff7790054c0 0007fd00 000d3c00 ffef9400 00199700 ffe27b00 ffffb400 fffdb0135600
PCM 0154d8 ffec0e00 001f7600 ffde1400 0006fb00 fff44600 00140200 ffed3b00 0012ab00
PCM 0154e0 ffeb0900 00060500 fff81100 000c5500 fff1a500 001c6900 ff0016a600
PCM 0154e8 ffe55200 0016a200 ffe67c00 fff3f900 0006b4000 0003ad00 ffea7300 00108400 fffa1700 0003b700 0015a800
PCM 01 ffe87800 0016a400 ffe55e00 00200b00 ffd9e200 00387600 ffc38b00 8200 0022a500
PCM 015510 ffd3f700 00126400 ffe6fa00 00184f00 ffe8400 00228f00 ffd97e00 fff6d800 00035300 00063300 fff81000 0017cf00
PCM 015520 ffe2fa00 00328e00 ffc72000 003a3400 ffc46100 002e6700 ffcab300 00291c00
PCM 015528 ffd2bf00 0038ab00 ffc57f00 
PCM 015530 ffcda800 001fc100 ffd7d100 00204b00 ffdea100 00280700 ffd12700 00524c00
PCM 015538 ffaa6500 00523600 ffa74800 004edd00 ffad9a00 004b6400 ffaf5a00 00534e00
PCM 015540 ffa26d00 00768100 ff82ba00 00649500 ff94b600 0060f800 ff9dca00 00635600
PCM 015548 ff97d200 00525d00 ffa98600 00583b00 ffa11400 00477000 ffaeee00 00571000
PCM 015550 ffa1d200 006b3900 ff8e0000 0077d000 ff7fb400 00687500 ff91dc00 007d2b00
PCM 015558 ff7c4f00 007e6500 ff7cba00 0071cf00 ff850e00 0061f300 ff9b4400 00740600
PCM 015560 ff8b6100 00724600 ff888300 00687400 ff939c00 006e1b00 ff8b4b00 00786900
PCM 015568 ff828700 00812e00 ff777b00 007f8e00 ff780200 008cb100 ff6cdd00 00961600
PCM 015570 ff654e00 00ab2b00 ff4a9b00 00bbf500 ff36e800 00afa200 ff47b800 00b6bb00
PCM 015578 ff43bb00 00cf7a00 ff2b7700 00d47600 ff24f500 00c2bd00 ff38f600 00
PCM 0155a0 ff570000 00929f00 ff638200 0072bf00 ff869000 00778a00 ff863e00 009bcc00
PCM 0155a8 ff5efe00 00a8a400 ff502600 00965b00 ff648700 0090a000 ff66c300 0097d300
PCM 0155b0 ff66ad00 0073ef00 ff86ff00 0066f300 ff95ef00 006e7a00 ff8d0b00 0072f200
PCM 0155b8 ff87ba00 00675f00 ff9 00912800
PCM 0155c0 ff690c00 00a7d700 ff51c800 00b55800 ff442e0
PCM 0155d0 ff9b2400 00577100 ffa64400 00694b00 ff8fbe00 0066055d8 ffa1f500 00460e00 ffb81b00 003cc400 ffbaac00 0053c600 ffa7f9200 ffc5b600 001b5500
PCM 0155e8 ffe35200 0028a800 ffd19100 0001eaa00 ffda8000 001a7500 ffe01100 00255200 ffd6ec00 0016be00
P500 0026e100
PCM 015608 ffd3e500 00111300 ffea4200 00055d00 fff5ea00 fffff900 fffc2a00 ffe77a00
PCM 015610 0012bc00 ffd7c500 00262a00 ffd13800 00291600 ffc12b00 0036de00 ffce2200
PCM 015618 002bd900 ffd8e300 001dea00 ffd06200 002aa600 ffb8f600 00408a00 ffc90c00
PCM 015620 00306000 ffcad800 002e5600 ffcdc700 002eee00 ffbea400 003e0700 ffa30800
PCM 015628 0059c600 ffa9fb00 0052ee00 ff9a9d00 005e8100 ff8d2100 0072f700 ff95c800
PCM 015630 0065ae00 ff94bd00 006a8c00 ff8ddc000031c800 ffbc5700
PCM 015640 003e8800 ffb04900 004d8a00 ffa006070e400 ff895500 00728900 ff8bad00 00711900 ff8f2900 006fa300 ff8CM 015668 0086cb00 ff66ab00 00983200 ff6a6700 0090da00 ff84b800 CM 015670 00791100 ff876c00 00763b00 ff837800 007d0800 ff710800 008d6800 ff9b2900
PCM 015678 00ba200 0062f500 ff82b400 007a7c00 ff7f8900 007bc600 ff95f300
PCM 015680 006acb00 ff920000 006d0700 ff8d0000 00740000 ff828300 0078b700 ff7ec300
PCM 015688 00827c00 ff939100 006e3e00 ff9a4200 005f2a00 ffb6e800 0044a100 ffb59000
PCM 015690 00485500 ff967c058a500 ff9ecf00
PCM 015698 00628400 ffa7f900 0057a900 ffa2b000 0056cc00 ffb70200 00464700 ffcd2900
PCM 0156a0 0031b500 ffccee00 0032c600 ffbf2800 003c3900 ffb53900 0048a100 ffc35500
PCM 0156a8 0039b300 ffc3c900 0034fa00 ffb78600 00456e00 ffae1e00 004e9800 ffa50b00
PCM 0156b0 005b1d00 ffa2d800 005b1800 ff99d900 00640400 ff9ed400 005cc700 ffbe1a00
PCM 0156b8 003e6800 ffbbd800 00446900 ffbc5f00 0042f800 ff9c1800 00612200 ff88ca00
PCM 0156c0 00721c00 ff866800 0078b300 ff86f800 00732100 ffa45900 00552000 ffa55000
PCM 0156c8 0057e800 ffaa5f00 00524500 ffb6cf00 00461600 ffae2200 004ec200 ffa6bd00
PCM 0156d0 0056f600 ffbca900 003f7900 ffbee100 003ff900 ffbbf700 00413e00 ffafbf00
PCM 0156d8 004ed400 ffb52500 004b3700 ffc06800 003d8e00 ffcef300 002e8f00 ffe49700
PCM 0156e0 00180c00 ffda4000 0020ad00 ffd88000 0022e600 ffc6c800 00366200 ffbf3500
PCM 0156e8 003d8700 ffd83000 00255100 ffee8800 00102800 ffe38200 0018af00 fff31c00
PCM 0156f0 00092500 fff61d00 00087400 ffd6ac00 0023e500 ffc1c600 003ada00 ffd7ba00
PCM 0156f8 00294400 ffd9fd00 0023b300 ffd63500 0027d300 ffd0cb00 002c9900 ffbab200
PCM 015700 0041be00 ff9c7a00 005f1100 ff8dc900 006dad00 ff9e3900 005c2100 ff9bdc00
PCM 015708 00619300 ff9c5e00 0064a700 ffb10200 004f9600 ffbffa00 00425900 ff9e8200
PCM 015710 005e8d00 ff9b1400 00642900 ffc6df00 00344d00 ffc7a200 00386300 ffa0bc00
PCM 015718 005ae800 ff946f00 00698100 ffa9f400 00534500 ffae7d00 004fd400 ffbc1b00
PCM 015720 00441000 ffb5a200 ffa16d00 005b1100 ffb3a500
PCM 015728 004b3600 ffcf9300 00296b00 ffe5ea00 0012a300 ffd6a800 0bfa200
PCM 015730 003df100 ffbf7600 0039b100 ffbc0900 003fb700 ffc8b400
PCM 015738 002eec00 ffd21900 002a2300 ffd31000 0028fb0e67b00 00190400 ffdd4200
PCM 015748 0024da00 ffd57100 00281200 fe7a500 0013d000 ffdb9e00
PCM 015758 0021b200 ffd0bc00 002a6e00100 ffe12300 001bab00 ffd92700 0027af00 fff72400 0007e600 fffccc00
PCM 015768 fffb8d00 fff6bb00 00064e00 ffeb1100 000f3c00 fffe4c00 fffbbe00 000af200
PCM 015770 fff17500 00084700 fff20d00 00064a00 fff50300 0004e800 fff85c00 00200200
PCM 015778 ffdc1e00 001b7500 ffdd4100 00221a00 ffdab700 001c2600 ffdf0900 0005d800
PCM 015780 fff04700 fff55b00 0004b400 ffee4800 00102400 fff85400 0004fb00 fff68200
PCM 015788 00086600 ffe8ea00 0011ba00 ffe07300 00190700 fff2ec00 00058b00 0017e700
PCM 015790 ffe47900 00289b00 ffd39400 002b8800 ffcfa300 000f8400 ffecb100 00172900
PCM 015798 ffe4bc00 000ae200 fff21500 00232100 ffd6a900 003cfc00 ffbd7700 002ad100
PCM 0157a0 ffcdaf00 002e9400 ffcc2800 002e0500 ffcadc00 00293e00 ffd42800 003bd700
PCM 0157a8 ffbe1300 004db800 ffb0f100 004e1000 ffab7500 00592100 ffa08a00 00781600
PCM 0157b0 ff80ca00 00808300 ff7a2f00 005ca600 ffa2f600 003fff00 ffbaae00 00477500
PCM 0157b8 ffb32200 006df800 ff89f400 00585800 ff9ee700 007b6800 ff7cd500 0080ec00
PCM 0157c0 ff794800 005ecc00 ff9cc700 004e0900 ffa9a700 004b0e00 ffb0de00 006a9500
PCM 0157c8 ff905000 006e9800 ff8bad00 0082e100 ff767400 00674f00 ff8f6d00 00616f00
PCM 0157d0 ff970c00 0068cc00 ff944400 00762900 ff862500 00761300 ff887700 0085a900
PCM 0157d8 ff727000 0087be00 ff6daf00 00861700 ff700000 006ed300 ff8bf200 0077ab00
PCM 0157e0 ff7f3300 00968800 ff666b00 00b98a00 ff405800 00c27c00 ff30c900 00d7e800
PCM 0157e8 ff1c7200 00e51c00 ff13e700 00db9500 ff1f1a00 00c00500 ff38d900 00b4b900
PCM 0157f0 ff442f00 00d90300 ff1de800 00e83200 ff12d200 00db3d00 ff17e200 00e80d00
PCM 0157f8 ff120300 00f59700 ff04fb00 01025800 fef55300 01041400 fef5ac00 00efec00
PCM 015800 ff066c00 00dd3000 ff1b7900 00b2f900 ff493800 00b3e200 ff43c500 00aa4a00
PCM 015808 f0 ff330300 00c7c500 ff2ec300 00cc3000
PCM 015810 ff285200 00a69b00 00ad6800 ff4e8e00 00c31200 ff348100 009ce200
PCM 015818 ff5CM 015820 ff3d6a00 00b7d600 ff3b9f00 00aa5600 ff4ca300 00c3cd00 ff337400 00c5ae00
PCM 015828 ff2ec600 00d39b00 ff23f500 00d6f800 ff218300 00de0e00 ff194d00 00d
PCM 015830 ff1ed200 00d13100 f5e00 00e34000
PCM 015848 ff16eb00 00fa8f00 fefdd300 00ef6900 ffff20ef00 00e36600 ff151a00 00d86300 ff1e4900 00d2ff00
PCM 015858 ff248400 00ccb700 ff2ec800 00b12200 ff436c00 00ab6500 ff4b2800 00936e00
PCM 015860 ff63a800 0095e800 ff61a800 00a11200 ff57ba00 009d8500 ff573500 008b4800
PCM 015868 ff6d5000 00a10f00 ff557d00 009b8600 ff59e700 00a2c600 ff554000 00a0b700
PCM 015870 ff597600 00906b00 ff64ba00 008c9f00 ff6b9600 006e1400 ff895100 0040a800
PCM 015878 ffb8c600 00313400 ffcb2c00 00470900 ffb6be00 004e0e00 ffa90800 004a1e00
PCM 015880 ffac2d00 005c6200 ff99fe00 005fb100 ff9c7400 0058cf00 ff9d7c00 004c0f00
PCM 015888 ffad7200 004fb000 ffaadb00 002fad00 ffc59600 00177200 ffdf2200 002b5800
PCM 015890 ffccc300 002be700 ffd16100 00358b00 ffc86000 00460500 ffb00b00 00393500
PCM 015898 ffc29100 002bb900 ffcfb200 001
PCM 0158a0 ffd3f800 00331600 ffc6ce00 00315a00 ffc98800 001a881100 00120d00 ffe8d400 0009d500 fff11500 00034600
PCM 0158b0 ff00161100
PCM 0158c0 ffdfca00 000d2200 ffef0a00 00146e00 ffe950081e00 ffe25d00 00046100
PCM 0158c8 ffeff400 0005a000 fff64000 000 ffc21100
PCM 0158d8 00364600 ffc51e00 00338300 ffc46c00 003358c00 ffb25c00
PCM 0158e0 0047a600 ffca8400 00330c00 ffc5f100 00377100 ffb06100 004c4900 ff9b2800
PCM 0158e8 0063fc00 ffb6c200 0047f400 ffc9e700 0030da00 ffb90a00 0044ae00 ffa0be00
PCM 0158f0 005a7f00 ffb1b300 004cbe00 ffb36800 00475b00 ffb81000 0046be0CM 0158f8 00649700 ff8da900 00722500 ffa02d00 005dc400 ff9e3b00 0
PCM 015910 003b0e00 ffcd4600 002bb900 ffb60700 0045cd00 ffb58900 00486900 ffcfa700
PCM 015918 002df500 ffc99f00 002e8700 ffe75300 00145500 fff57c00 0004b100 fffe1c00
PCM 015920 fffee000 ffe67900 00165200 ffea5200 0012cd00 ffecc500 00141500 ffef8900
PCM 015928 00121a00 ffeee900 000cM 015940 001ccd00 ffe31500 001ba600 ffe33800 00139a00 fff5c600 000a3400 00026700
PCM 015948 fffd5f00 00117700 ffe88200 0016d900 ffe06600 000f9a00 ffebc300 0014a600
PCM 015950 ffe67c00 002e0000 ffcd1b00 002d4500 ffcc2900 0023d100 ffdc6500 001d1600
PCM 015958 ffdbb200 001aae00 ffdf9b00 000e3b00 ffea3000 0000fa00 fff70b00 00086f00
PCM 015960 fff15b00 002af400 ffce3600 00319e00 ffcbd400 002cf500 ffcf0900 00215a00
PCM 015968 ffd6e500 0024b300 ffd4ac00 000ddc00 ffec4100 00239b00 ffdc2500 00183900
PCM 015970 ffe67000 fffb8100 fffe8b00 0000a800 fffd0600 fffa8a00 ffffef00 ffe2bb00
PCM 015978 0019df00 ffd2ed00 00289800 ffe39b00 00173000 00097500 ffef3400 00034900
PCM 015980 fffc8600 001ef600 ffdc1000 0023ab00 ffd78400 000a9400 fff3af00 0001fa00
PCM 015988 fffcfb00 ffe79e00 00168700 ffe8aa00 00180500 000f5200 ffe8ff00 0024fc00
PCM 015990 ffda7400 002c3d00 ffcd8a00 0025ba00 ffd50d00 003e2a00 ffbe5e00 004e6300
PCM 015998 ffacaa00 00420700 ffb53800 af00 ffc99600 00264900
PCM 0159a0 ffd23900 001d4800 ffdeb600 0000 0047ee00
PCM 0159b0 ffb80d00 00541a00 ffa7d600 00502700 ffab 00418600
PCM 0159b8 ffb8ff00 002e6700 ffca7500 002b8500 ffcf591e8d00 ffde5500 0026ef00
PCM 0159d8 ffd2c100 00242100 ffd77d00 0 003c6500
PCM 0159e0 ffbc8b00 00429d00 ffb62100 004c3100 ffaccc00 005eef00 ff9dda00 0056b800
ffa25d00 00528200 ffa7d700 0062d000 ff966600 004ef500 ffaa2e00 04800 00462800 ffb7f100 004a2600 ffad2c00 00434300 ffb76900 00491200
PCM 0159f8 ffaf2300 00410d00 ffb9c100 00581500 ff9fb500 005ed200 ff9a8400 00629100
PCM 015a00 ff99fb00 00411d00 ffb8f000 00465a00 ffb72800 002e5300 ffce4e00 00203b00
PCM 015a08 ffdb8500 004b9d00 ffb21f00 005f4700 ff9b4100 00650200 ff983c00 0048c100
PCM 015a10 ffb24200 00551300 ffa26e00 0060ad00 ff988d00 00531f00 ffa84a00 0062fc00
PCM 015a18 ff99f800 0065f300 ff96a700 004de800 ffab4100 004add00 ffad6100 00431800
PCM 015a20 ffb58c00 004b0200 ffafe200 0056c800 ffa1d500 00547f00 ffa82200 006c9f00
PCM 015a28 ff8f1500 006f4200 ff87c3cc00 ffa24d00 004edf00 ffa8e500 0063c400
PCM 015a30 ff94cc00 0000 006d9900 ff8de300 006c5f00
PCM 015a38 ff915800 005b2700 ffa03c00 00773000 ff80df00 006e4c00 ff8df700 005b0400
PCM 015a40 ff9fdb00 0071b300 ff876c00 0075cd00 ff82b800 0074dd00 ff837d00 00762f00
PCM 015a48 ff82ee00 00782 ff995900 00770800
PCM 015a50 ff861800 00735b00 ff87ca00 00801626000 ff5ad200 00989600 ff5ff400 00849e00 ff741800 00921d00
PCM 015a68 ff688c00 0083de00 ff7f2300 0075bb00 ff85f400 006f2800 ff8adc00 00659b00
PCM 015a70 ff93 008a2e00 ff727400 008f4a00 ff6bM 015a90 ff887200 006ef900 ff88e900 005a2700 ff9f2c00 00577c00 f00657700 ff951800 00563900 ffa3e400 0033d000
PCM 015aa0 ffc8f50 ff9f5500 0040eb00 ffbb2400 00378900 ffc47700 0036d200 ffc2f400 00379b00
PCM 015ab8 ffc3a100 0042fc00 ffb64400 00339b00 ffc19e00 0035bc00 ffc7db00 00390300
PCM 015ac0 ffc35500 00341700 ffc80600 0046b400 ffb42200 00613e00 ff98e800 005e7c00
PCM 015ac8 ff9a9a00 0067cc00 ff931700 007c2200 ff7b0300 006f7a00 ff899900 004f9500
PCM 015ad0 ffa88a00 00595900 ffa02b00 005f0000 ff99a500 004b5100 ffac4c00 00534200
PCM 015ad8 ffa78c00 0065b600 ff950500 00639a00 ff96c300 00793100 ff80fc00 00b71900
PCM 015ae0 ff3fc500 00cd1700 ff2ac900 00c1d000 ff3bb200 00a92700 ff50b700 007c5400
PCM 015ae8 ff7dd200 006c4600 ff8f9100 00624f00 ff974b00 005d0700 ff9f9800 00531500
PCM 015af0 ffa64700 00331300 ffcadb00 003e8a00 ffbcdc00 004e4e00 ffafd400 0047f200
PCM 015af8 ffb11300 005cac00 ffa26100 00690c00 ff8de700 00605400 ff9d8000 00497a00
PCM 015b00 ffb23800 001ec300 ffdbfa00 0019e300 ffe45400 002fc600 ffc79b00 00176600
PCM 015b08 ffe35700 00177800 ffe57300 00311300 ffc9e400 002f5800 ffcb7000 00352500
PCM 015b10 ffc4cb00 003a3800 ffc1ab00 0036c400 ffcad400 00271600 ffd47e00 0014f900
PCM 015b18 ffe8d600 0013e400 ffe9f700 00215100 ffd9eb00 00126700 ffe7b100 ffed9500
PCM 015b20 000ce900 00023c00 fffaff00 0001cb00 fff60800 ffeba900 000fa000 ffeb59000 fff5b300 00091000 ffd20300
PCM 015b38 002a0200 ffe66100 001c715b50 00305000 ffceb300 002ded00 ffcb1800 0036ba00 ffc27000 003afc21b00 003e7300 ffb7f000 004aa700 ff9dd100
PCM 015b60 005c110000
PCM 015b68 00677000 ffb9f900 00481c00 ffbfb000 003d9400 ffa12f00 005dbd00 ff8e9300
PCM 015b 0049c300 ffb30800 004aad00 ffb92800
PCM 015b78 0046dd00 ff853c00 00758400 ff7ca000 0083b500 ff783300 00833700 ff65ee00
PCM 01 00967600 ff859100 0076f500 ff926600 00697900 ffa11b00 005c6100 ff9fa400
PCM 015b88 005d1900 ff904000 006ad900 ff89ad00 0074b200 ff97d300 00645e00 ff9d4400
PCM 015b90 00604600 ff778000 00866f00 ff6d9b00 0092a600 ff7f6300 007c9b00 ff7c3000
PCM 015b98 007fe900 ff7b3700 007fc600 ff9a5d00 0062a800 ffb23100 0049d300 ffbc9900
PCM 015ba0 00415f00 ffaa2300 00542d00 ffc88e00 00365f00 ff00 ff879900 00768600 ffa72700 0058d200 ff9b5300
PCM 015bb0 0068fb0d600 004ccb00 ffbe1c00 00418300 ffcd2000
PCM 015bb8 0033c900M 015bc0 004c8e00 ffa9c500 0053ea00 ffcaa400 00389c00 ffd44e00 00564b00 ffb50d00
PCM 015bd0 0048b900 fface800 00509a00 ff9e8300005a8f00 ffb26700 004c7b00 ffd73400 0026e000 ffde2100
PCM 015be8 00210400 ffdea600 001c6800 ffd00 0035a100 ffbeb700 003e8d00 ffe14400
PCM 015bf8 001be300 ffdb4f00 001c8a00 ffddab00 001c6e00 ffc51500 00370000 ffc3c100
PCM 015c00 003d8d00 ffa4aa00 0059b700 ff9d3500 00613b00 ffa56d00 005a0300 ff8f9e00
PCM 015c08 006f3500 ff6f6500 008c8300 ff6d7400 008fab00 ff772700 00858000 ff80fe00
PCM 015c10 007ab100 ff93bb00 006ec600 ffaa3800 0051ce00 ffcdde00 00304d00 ffb5bf00
PCM 015c58d00 ffbfef00 0041bd00 ffaf6000
PCM 015c28 004ea900 ffb21a00 0c5c500 00377900 ffd3e300 002a9b00 ffdbf500
PCM 015c38 001fc700 ffe84d00 00121b00 0006f100 fff7f400 fff7f300 0005da00 ffc0e000
PCM 015c40 003ae500 ffa6b800 00578b00 ffb49200 004a4100 ffce3500 00312500 ffd59600
PCM 015c48 02df000 ffdddd00 001ef400 ffc5b700 003a3600 ffdb2b00
PCM 015c50 0024a300 ffe64b00 00184b00 ffd30f00 00299000 ffd68a00 0027ae00 ffcfee00
PCM 015c58 002d9c00 ffc7ec00 0036a700 ffc8d500 00366b00 ffd24f00 002d4300 ffcb7900
PCM002ec900 ffc69000 0034e100 ffcaba00 00345a00 ffb91d00 00440200 ffc6e300
PCM 015c68 00355400 ffde0300 001cbe00 fffee300 fffa4700 0001e000 fffdc000 ffe72c00
PCM 015c70 00136b00 ffe9c500 000ed500 ffec4500 000e0900 ffc79600 0034cd00 ffdc2500
PCM 015c78 0022ea00 ffe29200 0015c800 ffd84200 0023e900 ffd58b00 00273200 ffc04e00
PCM 015c80 003a1600 ffa61200 00584100 ffb8a700 0045c800 ffcba000 0033e600 ffe0d300
PCM 015c88 001d1d00 ffe83a00 001b1900 00007800 fffc1400 ffe5fd00 0013ed00 ffe0a500
PCM 015c90 001aab00 ffccb400 002e7d00 ffcd3600 002c6900 ffdaa600 0022c200 ffa5b500
PCM 015c98 00564700 ffb1e300 00472f00 ffb92c00 00418c00 ffc17a00 00391600 ffc30b00
PCM 015ca0 0039d300 ffce1500 00337700 ffd39d00 0024ac00 ffe39600 00192100 fff19e00
PCM 015ca8 000dea00 ffdc3600 001f5e00 ffe9d500 00100300 fff2d700 0009de00 fffa9200
PCM 015cb0 00020000 0018b000 ffe22100 001a0900 ffe65700 fff95000 0002b100 fff70000
PCM 015cb8 00064100 00017100 fffbdb00 fff38d00 00062b00 fffcbb00 fffb8800 fff6ac00
PCM 015cc0 00028100 00040400 fffa2900 000cb100 ffeecc00 ffffc900 fffdb100 00125f00
PCM 015cc8 ffee4000 00087e00 fff6cb00 fffd0c00 ffffd300 00079d00 fff19c00 001ccf00
PCM 015cd0 ffdf9b00a400 ff905100 006a7700
PCM 015cd8 ff8f5c00 005c2800 ff9b7a00 00ffa5fc00 00427900 ffb84000 003be300
PCM 015ce8 ffbb5100 00403a00700 ffdc4c00 00311f00
PCM 015d10 ffc83b00 001f5200 ffdd0f00 00002ec000 ffcc9200 002f8f00 ffc93500 00303500 ffc66000 00436a00
7c00 ffc81300 00378700 ffc20a00 0034c400
PCM 015d28 ffc4e000 002b3800 ffcff300 003bac00 ffc2430 ffb32d00 00472b00 ffb37f00 005b9700 ff9e1700 005fe900 ff9ca800 00398900
PCM 015d38 ffbf3700 004ab000 ffb53e00 00417f00 ffb9ff00 0021c600 ffd8cc00 002fde00
PCM 015d40 ffc98500 002e9200 ffce3800 0044eb00 ffb62700 004ee400 f8300 ffe69400 003b1d00 ffc2b400 0034a800 ffc61d00 00288400
PCM  ffde6300 000fd800 ffec9b00 001e5600
PCM 015d60 ffdd1600 0029b7 ffefa200 0003a500
PCM 015d68 fff7ab00 00198300 ffe1e700 00256c00 ffd69200 00391300 ffbf9000 002b3e00
PCM 015d70 ffcfb000 00102500 ffee3300 00090e00 fff25d00 000f3300 ffee8a00 0007e200
PCM 015d78 fff77100 fffed900 fffcec00 ffeb5200 0012a700 ffe48900 0015e800 fff28200
PCM 015d80 00096c00 00085300 fff59d00 00192100 ffe00600 000c0300 fff14a00 00016100
PCM 015d88 fffa3700 fff2ee00 000cb800 ffea0a00 00131e00 ffdc1e00 00203000 ffc3a200
PCM 015d0702b00 ff9d5700
PCM 015d98 00640900 ff8dd200 00715300 ffa9ba00ad00 ff899800 00773500 ff68cb00 00934b00 ff7b9200
PCM 015da8 0000
PCM 015db0 00881100 ff721100 00889d00 ff79d300 00857100 ff813500 007c4600 ff7f4600
PCM 015db8 007e4700 ff85ff00 0076c000 ff73d000 008b7500 ff60b800 009ce5004c00
PCM 015dc0 009e8600 ff53c00 00869300 ff6aac00 0097ba00 ff00ac0000 ff595200
PCM 015dd8 00a52e00 ff597000 00a68e00 ff526800 00a9ea00 ff3c6700 00c47c00 ff20 ff35c700 00c9dd00 ff27f600
PCM 015de8 00d9d700 ff158400 00eb9100 ff14ce00 00e8ff00 ff18fb00 00e3fc00 ff165e00
PCM 015df0 00e9f300 ff1ddd00 00e45200 ff28e800 00d76700 ff289900 00d8ee00 ff27a17f00 ff6eec00 008cb100 ff75a000
PCM 015e10 0088f400 ff635200 ec00 ff668100
PCM 015e18 00945100 ff862900 00757000 ff6c2900 00925f00 ff7dc100 007ee500 ff8b3f00
PCM 015e20 0072a300 ff8af900 0075b600 ff8dae00 0070a300 ff761200 00842d00 ff5ed400
PCM 015e28 00a00300 ff681a00 009a5900 ff994900
PCM 015e30 0066ac00 ff6f5a00 00914900 ff61bd00 00997d00 ff7c3800 00833f00 ff809c00
PCM 015e38 007b8400 ff74a300 0089b200 ff77ba00 008bc400 ff870a00 00790400 ff92e500
PCM 015e40 006c877e6c00 0083f100 ff781800 00834f00 ff7b3b00 0084f900 ff7a6e00
PC62200 0064f000 ffa46900
PCM 015e58 00586000 ffaa5000 00527600 fff609e00 009fc400 ff74e400
PCM 015e68 00890200 ff8ac700 00797a0b27e00
PCM 015e70 004dfe00 ff9fb000 0061c400 ff908500 006be000 CM 015e80 0032e500 ffb71e00 0044dd00 ff9af300 00610b00 ffabe400 00508400 ffc95800
PCM 015e88 00375f00 ff9a0900 0060cb00 ff77c700 0088a400 ff755700 008a4c00 ff6ea500
PCM 015e90 008d6900 ff7a508f6a00 ff920400 0066ac00 ff97050 ff675a00 0098c400 ff55d500 00ac5200 ff567200
PCM 015eb0 00a6900 ff6a3400 00963500 ff7cd200 00808a00 ffa8ee00
PCM 015ec0 0055e700 ffc02900 003dbe00 ffbfca00 fba4600 0042d700 ffb34400
PCM 015ec8 004cfd00 ffa00300 005d9700 ffad7700 0050f300 ffac0100 0052aa00 ff965f00
PCM 015ed0 00683c958900 00692900 ff702000 008d6600 ff69bc00 0090b000 ff76ad00
PCM 015ed8 008ad300 ff52a500 00a75aa7c00 ff604f00
PCM 015ee0 009e8c00 ff78ad00 0081fa00 ff827100 007b7c00 ff8d3500 006ca500 ff90ac00
PCM 015ee8 006b7300 ff9b7100 0064d600 ffa12e00 005a7200 ffa56500 0056f400 ffa5e100
PCM 015ef0 00577700 ffa1cb00 0059ef00 ff99f900 00635c00 ff956e00 00677c00 ff8ea100
PCM 015ef8 006f3700 ff8d7e00 006fe800 ff869f00 00731600 ff979c00 00664400 ffb02600
PCM 015f00 004b3100 ffc1e500 003eed00 ffc46f00 0039f300 ffb64900 0048c100 ffc5a400
PCM 015f08 0036be00 ffc3e900 0034ca00 ffbed500 003b7000 ffb41300 00456c00 ffb26b00
PCM 015f10 004a8b00 ffbd8b00 00406a00 ffa2ec00 0059e500 ffa43700 005c9900 ffafd700
PCM 015f18 004af000 ffbf6700 00438d00 ffb00700 004d1c00 ffa35800 005dda00 ffa60e00
PCM 015f20 0059b400 ff9aa100 00632d00 ff92a600 006d9100 ff9e3800 0061f700 ffa6d400
PCM 015f28 0054bf00 ff839d00 007db600 ff967200 00689600 ffbb4b00 0045a600 ffa68300
PCM 015f30 0059c800 ff9adf00 00620900 fd74d00
PCM 015f38 00230100 ffd07a00 002d3300 ffdbad00 0023c500 100 ffd30c00 0029c400 ffefb700 000e7a00 00015700
PCM 015f50 fffcaa00 00146a00 ffe98200 000d5f00 fff06200 00009500 fff8c900 ffe5d00
PCM 015f78 fffa3b00 0000e300 fffd6000 0001b500 ffff3400 fff0 00075800 fffe8200
PCM 015f88 fffd1c00 0005a700 fff7d400 0005a8 0011f200 fffc0900 00035400 00041100 fff7f700 fff17f00 000d1d000f700
PCM 015fa0 ffff8800 fff74900 0008e200 ffeec600 000bfe00 fPCM 015fa8 001ba600 ffdf1600 00204c00 ffd67200 0023fc00 ffec8c00ffee1000 000f6000 ffeb4000
PCM 015fc0 0013f200 ffe7c500 001741000 00041f00
PCM 015fc8 fff22d00 00216300 ffd61500 fffc3800 0002f00 ffdc3b00 00202100 ffe44800 0019aa00 ffd9a300
PCM 015fd8 0010001e600 00043e00 fff55700 0011e900 ffed7700 00088600 fff13b00 feed600 000fd800 ffd63700 00245000 ffd86100 001fbf00 ffcdf600
PC3c00 ffd3cc00 002cd200 ffcdc000
PCM 015ff8 002f9000 ffb6fc00 00461700 ffd41100 00276f00 ffc83700 00374b00 ffaccb00
PCM 016000 004e2a00 ffb7c300 00465b00 ffb04200 004d6300 ffbcf000 00406d00 ffb79900
PCM 016008 00430e00 ff9f3700 00583500 ffa65800 00570a00 ffb18f00 0045dc00 ffa6f100
PCM 016010 005c1e00 ffa33400 005a2200 ff9a2400 005efc00 ff98fe00 00662a00 ffadf400
PCM 016018 004fe500 ff92d300 006dad00 ff876700 00721d00 ff9bd400 00638000 ffa6ab00
PCM 016020 00546e00 ffad6a00 00510900 ffaa4000 0054d900 ffae9100 004b2900 ff9d5c00
PCM 016028 00609200 ffa3ac00 005d9a00 ffae3e00 004f9700 ffb8d800 0041db00 ffa39d00
PCM 016030 005be200 ff844200 0078a100 ff8c8800 00708500 ff756400 00882f00 ff7a0d00
PCM 016038 00830800 ff693000 00971400 ff590c00 00a75a00 ff735c00 008b0200 ff6baf00
PCM 016040 00958d00 ff797c00 0088f000 ff77ed00 00869b00 ff5e2200 00a0df00 ff613200
PCM 016048 00a0f100 ff77bd00 00844000 ff90e700 006c7200 009c8400 ff640d00 009bb400 ff659800 009dcb00 ff5d1800 00a2ff00 00a7e900 ff5f3c00 009e6600 ff479c00 00b55800 ff4d2600 00b07c00 ff4f3100
PCM 016070 00ab7200 ff600700 009cab00 ff55f100 00a63a00900 008e8400 ff788a00
PCM 016078 00867a00 ff689f00 00947000 ff535500 00ab6300 ff5ce400 00a0aa00 ff687c00
PCM 016080 008fe600 ff5c8200 009f9e00 ff5fec00 009dae00 ff637100 0099e800 ff6ba300
PCM 016088 0090e400 ff748700 008d6098 008ab900 ff87d200 00785000 ffac1b00 00537000 ffd6ca00 0028bb0 00429c00 ffbe3600 00425700 ffa2dd00 005c6a00 ff81eb00 007b2e04600 ff809900 007f9100 ff7a1d00 00854f00 ff80b700
PCM 0160d8 0007c0900 ff74e600 00878800 ff811e00 007eae00 ff992100
PCM 0160e0 0064c700 ff9fde00 005e5d00 ffa45d00 00572200 ff8d3b00 00702f00 ff906900
PCM 0160e8 0070ed00 ffa70700 00564600 ffab2e00 0052ca00 ffc22e00 003a9900 ffc8df00
PCM 0160f0 00360700 ffd43100 00274a00 ffd7c100 00243100 fff9d500 00045e00 0003ba00
PCM 0160f8 fff63900 ffe30d00 0015d200 ffd58800 0026ad00 ffcd6400 00312000 ffcc9200
PCM 016100 002ed800 ffb01f00 0050d200 ffcb5600 00308c00 ffba9f00 00455b00 ffaebc00
PCM 016108 004c6a00 ffb36400 00480c00 ffc5f300 003ccc00 ffbe8600 003de0 00283100 ffdeaf00 001f8e00 ffd 00032600 fff76a00 fffd2400 ffff7300 00111300 ffebd500 0005bc00
PCM 016128 fff8e500 000dc400 ffed9500 00179800 ffe3bd00 000bda00 ffeff000 00000900
PCM 016130 fffc9100 000ebd00 fff11900 00290100 ffd43700 00066800 fff5ff00 00013100
PCM 016138 fffe4600 fff97100 00064800 000d8700 ffef1d00016140 fff4c700 000d3200 ffef3400 fff53600 0006dd00 fff53b00 0000 001b7100 ffe38c00 00337b00
PCM 016150 ffcac100 00210600 ffddf2c000 fffaca00 fff72100 00091a00 ffec0a00
PCM 016160 000c4500 00116e00 ffe97600 00255a00 ffd9ac0 00205300 ffdbd200 00254900 ffd98900 001cea00 ffe53600 001c9400af00 00525c00 ffabc400 002a3800
PCM 016180 ffd4cd00 001c8900 ffe42000 003ea500 ffc12300 0053bf00 ffa72900 002ce500
PCM 016188 ffcc4400 00050000 fff6da00 00128600 ffe8a400 00384700 ffc4f300 00237400
PCM 016190 ffda7500 00304000 ffcbc800 00285100 ffd2a200 00401400 ffb9d200 00504700
PCM 016198 ffaf0a00 00609000 ff9eb700 00459c00 ffb92f00 003b5100 ffbf7800 00360b00
PCM 0161a0 ffc08900 00286900 ffd46400 00297a00 ffd39400 002f7600 ffc7ac00 00445d00
PCM 0161a8 ffb6f600 00268c00 ffd58e00 ffec4000 0011de00 fff5c100 00051400 00087400
PCM 0161b0 fff71300 00043c00 fffc2f00 fff40e00 00084400 fff74e00 00041600 fff17500
PCM 0161b8 0011fa00 ffe76900 0014ae00 ffc8ee00 0033fd00 ffc4d400 00395000 ffe2b200
PCM 0161c0 001b0c00 ffe36600 001a7a00 ffe3ea00 0019b600 ffe77100 001b4100 fff59100
PCM 0161c8 0003d700 fffc7900 00026e00 ffff8900 fffc2c00 0018c100 ffe4f600 0013e900
PCM 0161d0 ffe60c00 fff25e00 000c7700 ffffd800 ffff4000 0012f200 ffe67500 000d6d00
PCM 0161d8 fff04400 fff5b000 00056300 fff60a00 0007c200 001b6600 ffdb4500 001eeb00
PCM 0161e0 ffdc4500 00096300 fff6d300 00141d00 ffe75b00 001a1a00 ffe62100 000cdc00
PCM 0161e8 ffedc000 001b4400 ffdeb800 00096e00 fff22900 0011f900 ffeec900 001d4b00
PCM 0161f0 ffe14e00 001ea300 ffda1100 00165900 ffe05c00 001bd200 ffdde000 003ac400
PCM 0161f8 ffbfc800 003f4500 ffbc5a00 00310500 ffccef00 00464e00 ffb5e400 00616a00
PCM 016200 ff962200 005e4d00 ff9ed400 004df600 ffaa5d00 0041c600 ffb8e300 00558200
PCM 016208 ffa4e500 006b9a00 ff917d00 005b0 00326e00 ffc35000 0059fe00 ff9fac00 006f9900 ff8abe00 00611e00
PCM 016220 ff9c8900 0059f200 ff9e3500 0060ed00 ff9afb00 0062c100 ff98ba00 006e1900
PCM 016228 ff8d6d00 0084c900 ff754700 008ca900 ff6b0e00 0074b600 ff855600 00649700
PCM 016230 ff99ac00 006a4e00 ff925300 00623d00 ff9da90000 ff995400 0076fd00
PCM 016240 ff82da00 006cc100 ff90c700 005ef90e700 006b1300 ff8f2f00 007a3d00 ff825e00 0066bf00
PCM 01625800 ffcca700 002c3c00 ffd2ff00 002ada00
PCM 016268 ffd19200 00168e00 ffe69b00 001f6b00 ffda6500 00301600 ffc9bc00 0051ef00
PCM 016270 ffa8e500 00427800 ffbb4000 0035ac00 ffc92700 001a6600 ffe11c00 001f8f00
PCM 016278 ffdc0a00 0024bf00 ffd7bb00 0012bc00 ffe52900 fff89d00 00022600 ffda3d00
PCM 016280 0020e100 ffcb3700 00310600 ffe3de00 001ad700 ffe8bc00 0016d100 fff6b900
PCM 016288 0005a000 000b6f00 fff0c800 001dc200 ffda2000 002f4000 ffd04500 00250b00
PCM 016290 ffd6c000 0007f500 fff52400 ffefb700 000e7100 fff22300 000a9d00 0000ce00
PCM 016298 fffc8900 00106a00 ffebe800 00008a00 fffb5800 0002c100 fffa5800 00029700
PCM 0162a0 fffc1a00 000d0600 ffeb1200 ffe86500 0013ee00 fff27700 000df900 ffe5f300
PCM 0162a8 00147700 fff2e000 00055d00 ffe64000 000fa100 ffe11700 001ca300 ffe29200
PCM 0162b0 00199300 ffdcf300 001fca00 ffd22200 002ae900 ffd88300 002c0 0034b900 ffe18600 00181600 ff0
PCM 0162d0 00268000 ffe13300 001dd800 ffd3a600 002bfb00 ffbca02ccd00 ffe72d00 00144f00 ffdbf500 00204100 ffdcb500 0024b000 ffd4fc00
PCM 0162e0 002ed400 ffcc4c00 00303c00 ffd3b700 002abd00 ffd03c00 002af800 ffbd9f00
PCM 0162e8 00400200 ffcaa300 00343700 ffb5d800 00472500 ffa88f00 0056f200 ffb29100
PCM 0162f0 004a8000 ffc0dc00 003a2300 ffd23e00 002cd500 ffe5e100 0015dd00 ffe38800
PCM 0162f8 001a1e00 ffd5b300 0029dd00 ffbf1800 003f5200 ffa54a00 005a4400 ffc80400
PCM 016300 00373400 fff7cd00 0001e500 00102b00 ffee2600 00045c00 fff9960a600 ffe40400 0019d500 fff8aa00 00075e00 00043300
PCM 016310 fff91800 00137f00 ffe8ed00 000aab00 ffef5d00 00016900 fff8b700 ffee8100
PCM 016318 000d3b00 ffe66400 0016b300 ffe2f800 00188900 ffe3f000 0016fd00 0005d800
PCM 016320 fff77c00 0001a200 fffc4100 fffa3400 ffff5600 00068900 fff71700 00001900
PCM 016328 fffa1800 fffb4500 00017100 fff29200 00095d00 ffe8ff00 00132800 fff35500
PCM 016330 00088600 00067800 fff3d700 fff96600 00018d00 00014b00 fffeb200 ffe7dd00
PCM 016338 0012b200 ffdc3900 001fb200 fff9ba00 00013b00 fffd5d00 fffca200 000b6a00
PCM 016340 fff15000 ffff0600 fffd9b00 ffe2e200 001ade00 fff1db00 0009dc00 fff50000
PCM 016348 0009c500 ffe84100 00123100 ffee6e00 00159700 ffdc7e00 0021df00 ffdb5b00
PCM 016350 00219900 ffecee00 000ab200 ffff0700 fffe3700 0008c700 fff5cf00 00218e00
PCM 016358 ffd61b00 001c7e00 ffe1c400 000ee700 ffe98900 001c8300 ffe1c800 00027000
PCM 016360 fff5db00 fffc5000 fffd7000 fffc4a00 fffbbc00 ffe96100 00132500 fff16200
PCM 016368 000abc00 fff68700 00064a00 fff8c800 0003dc00 fffcd300 0000f000 000a3000
PCM 016370 fff41900 00101200 ffecca00 00026100 fff91500 000fea00 ffe9f300 00179200
PCM 016378 ffe07c00 00125b00 ffeb1700 0011ee00 ffe94c00 0005e200 fff80400 00047500
PCM 016380 fff84100 0020bd00 ffd73e00 00201b00 ffde4c00 00095400 fff20b00 00112600
Pce5300 000ddd00 ffee2600 0015b80f5e200 0009c900 ffdf4400
PCM 0101a3000 fff45e00 00084800 000568CM 0163b0 ffeeb900 ffe86b00 00119600 fff65400 000ad100 00041b00 fff96000 0019e600
PCM 0163b8 ffe4cd00 000ea100 ffed4100 000e5100 ffef2800 ffeefb00 000f0c00 00118600
PCM 0163c0 ffeb8e00 00453d00 ffb71a00 00429100 ffb94900 02400 004a6d00
PCM 0163c8 ffb05c 0046b300 ffb89b00 003c1c00 ffbcc000 0030fc00 ffd00200 002ee900
PCM 0163d8 ffcd9000 003cf300 ffbfca00 004a7100 ffaeb700 0054bc00 ffaa7800 004d3600
PCM 0163e0 ffaca900 00475f00 ffb45900 003e1f00 ffbcea00 0050f600 ffa72f00 00543500 ffaafe00 0059ad00 ffa08900 00566400 ffa19800 0047a200
PCM 0163f0 ffb45500 004d6800 ffae1500 00641400 ff97a700 007b6d00 ff7dfb00 007d1900
PCM 0163f8 ff7f8300 00895500 ff746e00 00871b00 ff724000 007c6b00 ff7c5200 0065b300
PCM 016400 ff929800 00671d00 ff93d300 006fa900 ff883e00 00659300 ff986500 0070c900
PCM 016408 ff8a2e00 0066cb00 ff932500 005aff00 ffa04a00 00677a00 ff91a000 00724700
PCM 016410 ff8ab800 006dbc00 ff8d8200 007f7c00 ff7d6400 00895200 ff739100 0073c600
PCM 016418 ff881300 00670100 ff949f00 0078bc00 ff810f00 00750b00 ff874f00 00676500
PCM 016420 ff972000 00762300 ff830d00 0079fd00 ff824600 00780400 ff813b00 009caa00
PCM 016428 ff5ddc00 0096a800 ff628300 0086b400 ff703300 0085fd00 ff71f500 00802600
PCM 016430 ff7b1000 007e7400 ff7bba00 0095c500 ff64af00 007d9e00 ff7ebb00 0064f600
PCM 016438 ff95ed00 0081e300 ff7d4500 00889f00 ff762f00 0083c600 ff773900 00a4e500
PCM 016440 ff545100 0098e500 ff603b00 00897700 ff71ac00 0080bf00 ff7bb200 00927e00
PCM 016448 ff688a00 009d7b00 ff5d9c00 00b12900 ff47ed00 00ae6d00 ff44bd00 00a4d500
PCM 016450 ff599b00 00ac8100 ff4a5400 00a45c00 ff529700 00a68d00 ff513e00 00b6e400
PCM 016458 ff430c00 009ed900 ff57f800 00a4b200 ff57bc00 00bbbe00 ff3d4a00 00c61200
PCM 016464400 00ccb600
PCM 016470 ff2ce500 00d44f00 ff24c300 00d9f000 ff1c4d00 00cfea00 ff2a9200 00ca760700 ff35df00 00b6bc00 ff434f00 00b36e00
PCM 016480 ff45b500 00b0 ff435200 00c0d000 ff39f900 00d40e00 ff28b600 00d6c700 ff215b000 00a79d00 ff532000 00aa3a00
PCM 0164a8 ff50a800 00c43600 ff35b900 00ba0500 ff3f6c00 00c8bd00 ff343300 00aaf300
PCM 0164b0 ff4c7800 009df600 ff5c3a00 00a87100 ff518500 00cdb900 ff2cdc00 00ca3100
PCM 0164b8 ff2d5900 00ab1800 ff4d5c00 00a9f600 ff51d600 009a8e00 ff62db00 00966700
PCM 0164c0 ff629300 00a6c000 ff54b100 00aa8b00 ff4e7500 00922b00 ff638900 007dc700
PCM 0164c8 ff7ba900 009c7600 ff600100 009a5d00 ff5f7d00 009ce200 ff5a6a00 00995500
PCM 0164d0 ff629300 00a3f600 ff562400 00a98b00 ff506600 00a83200 ff553d00 00a57e00
PCM 0164d8 ff517600 0092d600 ff64dd00 00841e00 ff76e900 0067a700 ff93db00 0066c500
PCM 0164e0 ff935d00 0070f300 ff8d8000 00682b00 ff97fb00 006ceb00 ff8eb000 006d2500
PCM 0164e8 ff8aff00 006f0e00 ff856700 006cb700 ff8a4200 00637900 ff979e00 00700200
PCM 0164f0 ff8ac300 007e4b00 ff7f7400 006cfb00 ff901000 0046d300 ffb7f900 0034f800
PCM 0164f8 ffc91b00 0030d200 ffcf0c00 00257800 ffd75e00 0014d800 ffe56500 0006e800
PCM 016500 fff72700 00069500 fff43a00 0019bd00 ffe34c00 00139300 ffe57000 00064400
PCM 016508 fff38300 ffec6400 00135000 fff1fb00 000b3e00 fffb6900 0000dc00 fffa2300
PCM 016510 0001bc00 fff80b00 0001bd00 fffe7300 fffdc700 0007bd00 fff59300 00019c00
PCM 016518 fff8ae00 000dbb00 fff18a00 ffe30c00 00209900 ffd8f400 00248c00 ffe43800
PCM 016520 00181200 ffd93800 0021b300 ffec4200 00134c00 fffefb00 ffffcf00 00063500
PCM 016528 fff56e00 00084500 fff63900 fff8fd00 00066100 0005cf00 fff8f600 fffede00
PCM 016530 fffd1b00 ffecfa00 000e2d00 ffc69e00 00374c00 ffaffe00 004d2200 ffab4700
PCM 016538 004fca00 ffb3b200 004d4c00 ffa42100 00590e00 ffa4ab00 00578e00 ffd01600
PCM 016540 002c5800 ffc9f100 00304700 ffcdf200 0031c700 ffb95c00 00426400 ffa75f00
PCM 016548 00530e00 ffbbe000 003e3000 ffbb1900 003ffa00 ffc4ff00 0036d400 ffd84d00a00 0036ee00 ffcc2b00
PCM 016558 0030a500 ffd86900 00254000 ffe0065b900 ffa0cd00 005b7300 ffaa8400
PCM 016570 004ec300 ffa3b3000 0053c400 ffa8a700 00550b00 ff901600 00675000 ff8a2a00
PCM 016580 006f9a00 ff8c0500 006fb000  00611800 ffaa4c00
PCM 016588 00532c00 ffb2f200 004c0b00 ffdc3200 0021f600 ffc7d500 0034e200 ffb38f00
PCM 016590 004d0c00 ffaf2d00 00514400 ffbf8d00 003dd800 ffd07800 002c4300 ffb6c100
PCM 016598 00454400 ff9b3300 00632600 ffa4b100 005af000 ff899100 00763500 ff870400
PCM 0165a0 0076fc00 ff986600 0066c300 ff9d1500 005f7800 ffa8a800 0055a400 ff922800
PCM 0165a8 006bf800 ff928f00 00697900 ff902200 006a9300 ffa65800 0057c700 ff8fef00
PCM 0165b0 006db600 ff8e6900 006d8b00 ff98c700 00636000 ff80d500 00801800 ff6bb300
PCM 0165b8 0095d900 ff6ae400 00936b00 ff6d7200 0090e000 ff898800 00768500 ff80b800
PCM 0165c0 007f7100 ff86a100 0079fc00 ffa27a00 005db500 ffa42f00 00571300 ff8c9e00
PCM 0165c8 006f5200 ff864800 0078df00 ff734900 00862d00 ff709f00 008f0200 ff739800
PCM 0165d0 008c1c00 ff77fa00 00869900 ff7f1900 007d6e00 ff9dce00 005d7600 ffa00700
PCM 0165d8 005ecd00 ff93fa00 00649300 ff8f4500 0070c300 ff978200 0066e500 ffa00a00
PCM 0165e0 00620c00 ffae8f00 0051a900 ffb4a000 004ad900 ffc1c200 003a6700 ff9f3e00
PCM 0165e8 005eee00 ffa1f500 0059f000 ffab4a00 00534c00 ffbced00 00427300 ffc23300
PCM 0165f0 003ef000 ffc21b00 003da800 ffbadd00 00403000 ffc3c600 00366800 ffc6c600
PCM 0165f8 00341300 ffab7f00 0052a700 ffb27c00 004dee00 ffba5800 0044d600 ffcf2800
PCM 016600 002c3500 ffd44c00 002a4400 ffbfde00 003a2b00 ffcdfa00 002b4a00 ffbadc00
PCM 016608 00425300 ffc34a00 0038b100 ffa87000 00585100 ff9eaa00 00620800 ffc35c00
PCM 016610 003ac800 ffc30 004df900 ffa42c00
PCM 016618 00586800 ffac1f00 0051e800 ffbca0357e00 ffc3dd00
PCM 016620 00382600 ffdef800 0021cd00 ffdbef00c9fc00 00315e00 ffe9a400 00153500 fff03300
PCM 016630 000fb800 8 fffc1d00 fff9f900 0003ea00 ffe6e000 00130400 fffb5b00 fffd7d00 fff82700
PCM 016640 00044600 fff2ec00 00078300 ffe55400 00161600 ffe3a000 0019c000 ffd36300
PCM 016648 00268a00 ffca6f00 00366300 ffd14300 002b8000 ffefdf00 000d3000 ffee0a00
PCM 016650 000da400 ffdf1100 001b2800 ffec8900 000ca900 0004a400 fff78500 00089800
PCM 016658 fff28a00 fff45b00 00078800 fff52400 000b1200 ffec5b00 0011c000 fff10300
PCM 016660 000c5500 0006d800 fff5bb00 00168400 ffe79b00 00273c00 ffd5f100 00330f00
PCM 016668 ffcac000 00441000 ffb5ca00 0032a100 ffc11d00 0022b600 ffdb1900 00129700
PCM 016670 ffe83000 00017800 fff9ad00 fff27300 0006e200 fff9bf00 00023d00 fffc5f00
PCM 016678 00002000 0009bf00 fff67200 0023f500 ffd77400 001e9700 ffda7100 00178600
PCM 016680 ffe42300 00024a00 fffa7200 0025d800 ffd7be00 0013bc00 ffe4cd00 001d6500
PCM 016688 ffe06d00 000d8e00 ffec3400 0015f400 ffe7dc00 002a3800 ffd29400 0031e800
PCM 016690 ffca8f00 00280f00 ffd4a000 002c9e00 ffd19700 00362a00 ffc80a00 00186100
PCM 016698 ffe70600 0010ad00 ffe92000 0026f000 ffd21000 00304000 ffcef100 00598f00
PCM 0166a0 ffa55300 005b3200 ff9f6f00 00523a00 ffacde00 0054f100 ffae2c00 003e5f00
PCM 0166a8 ffbaf000 00279a00 ffd67000 00189100 ffe07e00 00266e00 ffd4a900 002d4900
PCM 0166b0 ffced800 00393c00 ffc0c200 00439a00 ffb7b800 003b2400 ffbeaa00 00237a00
PCM 0166b8 ffd86d00 00343d00 ffce3300 002d3900 ffce8500 0038b100 ffc63500 00221c00
PCM 0166c0 ffda3f00 001cba00 ffe20900 0015a100 ffe28900 000ab800 fff4e800 00077900
PCM 0166c8 fff6a100 00276100 ffd65200 003feb00 ffbda200 0039bf00 ffc24e00 00396700
PCM 0166d0 ff00 00556400 ffa43c00 0053f000
PCM 0166e0 ffa8bd00 00279a00 ffd1d800 0023a400 ffdb1f00 00303500 ffcd4100 00517300
PCM 0166e8 ffaa9f00 005f6b00 ff9a6900 00763c00 ff871f00 007cdf00 ff7e4000 006bfc00
PCM 0166f0 ff89ee00 006e7600 ff8cb600 0074c900 ff88ef00 0074cd00 ff84f800 0071dd00
PCM 0166f8 ff8b2600 0064b000 ff927e00 00695900 ff949300 00587300 ffa1f800 00412200
PCM 016700 ffb97300 006bb800 ff8b4400 00826400 ff77f400 008a5e00 ff6cd600 0085d200
PCM 016708 ff770e00 00798200 e000 ff773400 005f7900
PCM 016710 ff95d100 004cfa00 ffb24100 00 ffda6300 002a0d00
PCM 016728 ffd0b900 002d1000 ffcbfe00 00386400 ffc28e00 0037ed00 ffc49a00 0048d100
PCM 016730 ffb2b800 004b6700 ffad0400 0041a500 ffb65500 00503900 ffa8bb00 004d3200
PCM 016738 ffaec600 0022e800 ffdc1600 00267d00 ffd67e00 004bcb00 ffb1d200 00515600
PCM 016740 ffa82600 003b8d00 ffbbe500 00338200 ffc86f00 00388e00 ffc63a00 00484200
PCM 016748 ffb1cb00 0034ee00 ffc7b300 0046d100 ffb07200 004b0e00 ffac3700 00293600
PCM 016750 ffd05a00 000eda00 ffeaba00 000fb300 ffe9a700 0013fd00 ffec0000 000e7100
PCM 016758 ffedf600 00136300 ffe84700 002ee800 ffcbf100 002e1a00 ffcc5200 00203700
PCM 016760 ffdca500 001cf900 ffdd4600 00049100 fff98200 ffe39000 001a2c00 ffd3c200
PCM 016768 002afe00 ffdb3200 00225500 ffee5500 000a7c00 fffd2600 ffff1800 fff1da00
PCM 016770 0007ca00 ffef2600 0008cd00 fffdec00 00013d00 0004a600 fff3bc00 00143800
PCM 016778 ffed4200 fff29500 00075700 ffe3ae00 001e6100 ffd66d00 0029d800 ffe44600
PCM 016780 00177b00 ffd34500 002a5900 ffd56f00 002b7900 ffcb6600 00323500 ffb58500
PCM 016788 00486100 ffbcc300 00414f00 ffb28a00 004b2d00 ffd7f92a600 006eda00 ff828a00 007c3c00 ff92fd00 006c7900 ffa1fb00
P00 ff940a00 0065b600 ff89e300
PCM 0167b8 00750900 ff5d2400 00a0e00 0071be00 ff5f3900 009fa900 ff425e00 00be3600 ff36c300
PCM 0167c8 00c6e400 ff518b00 00b0f400 ff551100 00ac1300 ff611500 00a30da7800 ff1e9b00
PCM 0167d8 00e04800 ff3acd00 00c5e500 ff4043000fcf400 fef04a00
PCM 0167e8 01123000 feeb7f00 01181c00 ff1eeb0000 00e16800 ff102500 00ef8d00 fef0a400
PCM 0167f8 01107c00 ff0b7400 00f5fd00 ff12b200 00ee7100 ff17ea00 00e8c400 ff1fb900
PCM 016800 00e07900 ff0f6200 00f45f00 feeea900 01140c00 ff21af00 00df4c00 ff258300
PCM 016808 00dc6c00 ff160100 00e83500 ff17cc00 00ea9e00 ff1bb000 00e2f300 ff385b100 ff388e00 00c5fb00 ff43a700 00bda700 ff5c2100
PCM 016828 00a4ac00 ff58d600 00a46a00 ff45c900 00bbec00 ff3e7b00 00beda00 ff4c5600
PCM 016830 00b3f200 ff493900 00ba4600 ff352e00 00ca2000 ff4bfa00 00b32600 ff4e8200
PCM 016838 00af0700 ff495e00 00b8dc00 ff63d600 009a0d00 ff744f00 008ae200 ff825400
PCM 016840 007f6d00 ff796300 00856300 ff663900 0096bc00 ff82a300 007f2b00 ff944b00
PCM 016848 0069bb00 ff88c400 0076ee00 ff895500 0075ff00 ff86a000 00794500 ff97b200
PCM 016850 00675c00 ff9efe00 0063a900 ffaafc00 0053c800 ff8bfc00 0073b600 0 ff5eee00 00a50d00 ff5fad00 00a31b00 ff5d6700 00a3f400 ff626500
PCM 016860 009e2900 ff6be900 00950a00 ff6eda00 00947200 ff689900 0096ac00 ff610f00
PCM 016868 009d8700 ff59ce00 00a7e300 ff619600 00a11b00 ff847d00 0077d700 ff823400
PCM 016870 007d0b00 ff920d00 00703800 ff88db00 00754e00 ff990900 00668e00 ffa62c00
PCM 016878 0055d000 ff9ed000 005d7200 ffa4f300 00553400 ffa51f00 0 0024c000 ffce7f00 00305e00 ffe400 002e3600 ffd68100 00275c00 ffdec300
PCM 0168a0 00216e00 ffd7fffd5200
PCM 0168a8 fffd6200 ffe4bf00 0016a200 ffe1a100 0015fd000 003c7e00 ffd64600 0029e200 fff09e00 000a5d00 001edf00
PCM 0168b8 ffdd0b00 00276700 ffd3d000 0035f600 ffc7ec00 0035b800 ffc7e700 002e6700
PCM 0168c0 ffcd9b00 000b4a00 ffee3300 00151b00 ffe7a200 0010b400 ffeb9a00 00164500
PCM 0168c8 ffe79c00 000a7900 ffed4600 fffd4d00 00007500 fff4f800 00085d00 fffca900
PCM 0168d0 00043300 001b2500 ffddb700 00149200 ffe0f000 000b1e00 ffefd600 00117c00
PCM 0168d8 ffeb2b00 0008dc00 fff50800 000a3300 fff07600 fffc7400 fffe4e00 fffd3300
PCM 0168e0 fffdb300 0018b900 ffe3a700 001f9000 ffde8600 001f8900 ffdcaf00 002cdc00
PCM 0168e8 ffcee700 0034ba00 ffc56a00 00328700 ffcbf300 00272100 ffd41100 0040e300
PCM 0168f0 ffbc3900 00322d00 ffc63900 002f1600 ffcd2d00 0033c300 ffc1d800 00174100
PCM 0168f8 ffe40c00 00078900 fff65300 000c5b00 ffecfa00 fff86400 fffed200 ffe2ac00
PCM 016900 0017a000 ffd94900 001fed00 ffe33100 001bd300 ffd1d400 0029c100 ffccd500
PCM 016908 002ca300 fff3dd00 000b7f00 ffdb2d00 0021c200 ffdf1b00 001d3e00 ffffba00
PCM 016910 fffaea00 00232600 ffd9ed00 001faa00 ffd8de00 001fa500 ffd97600 0009c900
PCM 016918 fff1b500 0006b200 fff3d600 00138600 ffe65b00 0023c500 ffd6f900 00216b00
PC0 005a0300 ff9d2b00 005a9d00
PCM 016928 ffa07800 00560200 ffa44600 00419200 ffbbc500 00421d00 ffbafe00 004b2500
PCM 016930 ffaabd00 004fea00 ffaa5900 00685d00 ff90e900 003fb800 ffbac400 003fe300
PCM 016938 ffbe5c00 004f2b00 ffaa3500 0050be00 ffaad500 0058f100 ffa5a000 005eea00
PCM 016940 ff9c3600 0045d500 ffb34b00 0028a100 ffd2f200 00170d00 ffe5e000 00119000
PCM 016948 ffebfa00 00287500 ffd62500 00264a00 ffd3ff00 000cde00 ffedbd00 000cea00
PCM 016950 ffef8800 002bbf00 f0 ff977900 0065e500 ff956700 005ff8a6700 008af400 ff700a00 00a30d00 ff547d00 00994a00
PCM 01697a2700 ff5db700 00a00900 ff5b2d00 00944200 ff652a00 00888900
PCM 016978 ff6f8200 009d4200 ff607c00 00a1db00 ff59b500 00953100 ff64a200 007c0d00
PCM 016980 ff7bd900 006e8200 ff887d00 00743200 ff876700 0071e100 ff8b1500 007f0800
PCM 016988 ff7e5500 007d250a00 00725600 ff863800 00688000 ff91da00 0062f600
PCM 016990 ff9f00 00774000 ff868d00 0063c800 ff97f400 00738a00
PCM 0169a0 ff8858400 ff727300 00827100
PCM 0169a8 ff780500 0082e800 ff762f00 f9b8500 005bf500 ff9cb500 00708b00
PCM 0169b8 ff8aed00 005bb300fb51200 005d7f00
PCM 0169c0 ff9b7f00 0055da00 ffac0e00 003d94000 0045c500 ffb4c800 00499e00
PCM 0169c8 ffb07900 005daf00 ff9f6500 006ab100 ff8ea200 0068cc00 ff943400 00780900
PCM 0169d0 ff8 003ff700 ffb6dc00 00456500 ffb5a900 003ffc00 ffb80100 002eec00 00116900 fff09500 0003c700
PCM 0169e8 fff81400 00196600 ffe5880100 fffd7700 fffefd00 fffa4100 ffff3100 ffec6800 0010f000 ffe9d500
PCM 016a00 00152500 ffee5f00 00102100 0001fe00 fffadb00 000b0700 fff2e500 00035e00
PCM 016a08 fff8c300 0003fa00 fff8d000 0007bd00 fff60400 00018f00 fff9b600 fffdde00
PCM 016a10 0000a100 fff3e100 00073300 ffd6bb00 00251200 ffe05e00 00163000 ffee1e00
PCM 016a18 00112600 ffedeb00 000afd00 ffed4c00 000def00 ffdd6400 001cfa00 ffed7b00
PCM 016a20 000e6f00 fffd7200 00004300 fff88400 0009dc00 ffe45a00 00175a00 fff15800
PCM 016a28 000f1f00 ffd24c300 ffcb4800 00309200 ffa2190PCM 016a40 006f8e00 ff905b00 00687f00 ff98fc00 0068fa00 ffa3d900 00574f00 ff912100
PCM 016a48 006c2000 ff895400 00767e00 ff782e 00afbb00 ff786400 0083ab00 ff760a00
PCM 016a58 00886100 ff67b20 007f3100 ff899700 00731f00 ff83d000 0079cc00 ff6a5900
PCM 016a68 0095b200 ff5e6000 009fa800 f0 ff813e00 007d7700 ff763d00
PCM 016a70 008a3f00 ff5ac000 00a59c00 ff3d2100 00c00800 ff4a0100 00b55f00 ff665c00
PCM 016a78 00943e00 0067b400 ff937400 0069c300 ff709e00
PCM 016a80 008dd500 ff884200 0079d200 ff8c0300 00725100 ff8c7f00 006f7e00 ff861000
PCM 016a88 007c1d00 ff6d4800 00937d00 ff519a00 00ae1c00 ff3b4400 00c2a200 ff46a600
PCM 016a90 00bbe400 ff703e00 008ad100 ff6ad800 00939600 ff5a7800 00a39400 ff571d00
PCM 016a98 00a6f600 ff66b200 0097f000 ff5f6000 009fc600 ff6fee00 008ee100 ff72b600
PCM 016aa0 008fc600 ff6d0b00 0094ba00 ff6a4f00 00951a00 ff669600 009a5700 ff818000
PCM 016aa8 007ea600 ff94c400 0068b100 ff821500 007ddd00 ff5d2e00 00a1de00 ff686100
PCM 016ab0 009a0500 ff715100 008b1700 ff7f7d00 00809200 ff6cad00 0092bb00 ff5e7b00
PCM 016ab8 009dc400 ff57a700 00afab00 ff4a6a00 00baa000 ff5a9900 00a7de00 ff574300
PCM 016ac0 00a94100 f8fbb00 ff891c00
PCM 016ac8 00771100 ff9d8200 00602800 ffa25700 005d7600 ffabc100 0050c500 ffa01d00
PCM 016ad0 00619400 ff99dc00 00659900 ffacc600 00548100 ffad2500 00523e00 ffa61900
PCM 016ad8 00581400 ff8a2c00 00772f00 ff950300 0069a900 ff80f500 007ebc00 ff653e00
PCM 016ae0 009af200 ff732700 008b5400 ff860000 00759c00 ff7df700 0085b800 ff605600
PCM 016ae8 009dce00 ff760600 008d4200 ff8b8500 00710e00 ffa9fc00 0054d800 ffb22f00
PCM 016af0 004c1400 ffa57100 005dc500 ff8c1400 00723100 ff8d8100 006f1400 ffb3e000
PCM 016af8 004d8500 ffbfa97300 00571700 ffb95500
PCM 0
PCM 016b10 00420a00 ffb98a00 00452000 ffbe4400 003e8600 ffc16a00 003dfe00 ffcfa300
PCM 016b18 00303700 ffdd5500 00227000 ffe40400 001bdf00 ffdcb000 0020a900 ffef6600
PCM 016b20 00136600 fff3b000 000c6400 fffe9100 00040600 ffe52900 0016c100 ffce8000
PC 000d6d00
PCM 016b38 fff00900 000c5200 ffed7b00 001e7100 ffdaa41800 0064b300 ff967900 006c5900
PCM 016b48 ff8de900 00687900 ffPCM 016b58 ff962800 005ee100 ff9c6f00 0064a900 ff962d00 0062fd00 ff984c00 00720700
PCM 016b60 ff8a1c00 007f6700 ff7c4f00 007eab00 ff7b0400 007d8000 ff7aeb00 00741600
PCM 016b68 ff805e00 00992500 ff60eb00 00a67a00 ff4ea600 00a27400 ff556400 00933f00
PCM 016b70 ff64b300 00b9ee00 ff411b00 00914700 ff66e100 008b3100 ff6db700 009d3e00
PCM 016b78 ff5ce600 0097e000 ff642600 0091ce00 ff698100 00ae3100 ff4e5600 00b9d0 00ab3c00 ff4f0700 00934500
PCM 016b88 ff636400 0089b000 ff710c76f400 00727500 ff84d100 006d7300 ff8e7b00 006f1c00 ff8ab700 00700864000 ff76dd00 006b2d00
PCM 016bb0 ff8cb700 006eb300 ff8d380cd400 ff8d0e00 0081c300 ff7c4700 006f1b00
PCM 016bc0 ff8f2b00 0b700
PCM 016bd8 ff715800 0083b800 ff74e900 008f2500 ff671d00 00bbe900 ff3ddd00 00b30400
PCM 016be0 ff43e200 00afc900 ff47f800 009dcc00 ff5b3e00 00ab6800 ff4d2500 00a2d300
PCM 016be8 ff592a00 008aa000 ff6f1400 0084e000 ff749300 0091a400 ff687600 00a69600
PCM 016bf0 ff53b500 00b2bd00 f ff571300 00891600 ff6d9f00 00940d00 ff650e00 00a3c100 ff541600 00b9c600
PCM 016c00 ff3b9000 00c3bf00 ff382d00 00ad0a00 ff4ece00 0096ad00 ff62dc00 00841800
PCM 016c08 ff74fb00 0095d500 ff64ab00 0094f000 ff643700 0093f400 ff614700 00a31700
PCM 016c10 ff514100 00b28900 ff42e000 00cb0d00 ff28ae00 00ce9f00 ff28c600 00b76700
PCM 016c18 ff3d7c00 00a8ca00 ff4bac00 009b5c00 ff605d00 00a1be00 ff5c3800 009dae00
PCM 016c20 ff597200 009a5200 ff5e2300 338b00 00b57400 ff45d500 00be9c00
PCM 016c38 ff3a8d00 00c4d500 ff370a00 00c4af00 ff371000 00d03f00 ff266800 00ce8700
PCM 016c40 ff2d0e00 00d05600 ff295f00 00be3f00 ff3c2300 00b25c00 ff445300 00a6f400
PCM 016c48 ff553000 00a44500 ff559700 00a2ef00 ff560100 00ae2800 ff498e00 00c31800
P00 00c9f600 ff2ed000 00c32d00
PCM 016c58 ff38ea00 008b8700 ff6e9100 00989500 ff64c000 009bab00 ff5d0e00 0096b500
PCM 016c60 ff647f00 00970400 ff63e200 0090ea00 ff67ad00 00811200 ff762a00 00791000
PCM 016c68 ff7d6600 008f2400 ff6a1000 00932400 ff669800 00a3dd00 ff564100 00a1c600
PCM 016c70 ff583b00 009ecc00 ff5a7b00 00a20700 ff589900 00b79700 ff445100 00ab4100
PCM 016c78 ff505d00 00a24200 ff583400 00ab1800 ff4f4400 0090b000 ff684f00 0075e700
PCM 016c80 ff869e00 0083ee00 ff742f00 008b2a00 ff6fdc00 0083a700 ff787400 007a1000
PCM 016c88 ff868500 0072ae00 ff8c9e00 006a5f00 ff914900 00773400 ff888600 00803800
PCM 016c90 ff7f8600 007af800 ff83e700 005f0000 ff9aca00 0043c200 ffb2f500 004c0000
PCM 016c98 ffb46d00 00501900 ffaadf00 00555700 ffaaf600 005acf00 ffa70400 0057b900
PCM 016ca0 ffa5bd00 00618d00 ff9d2900 006eb90fb600
PCM 016cc0 ffedc400 00152c00 ffe93700 000f2000 ffef8500 fffff500 00012900 fffe1100
PCM 016cc8 00004400 ffe31500 001858006cd0 00086000 000e2400 ffef4900 ffe50000 001ab100 ffd55100 002b600 00211900 ffde0800
PCM 016ce0 001e1c00 ffea1100 000f5300 ffd93300 00278800 ffb18e00 004cb800 ff9df500
PCM 016ce8 005ffd00 ffa82800 00585400 ffb65e00 004bfb00 ffbe5000 00425a00 ffcb9800
PCM 016cf0 00376f00 ffc53300 00388e00 ffccc400 00325d00 ffc37000 00375400 ffc56600
PCM 016cf8 00384b00 ffccb000 002ff600 ffaf2500 004f8500 ffa8d700 00554800 ff9e0000
PCM 016d00 00638d00 ffb97100 00491400 ffd3f800 00274d00 ffc67e00 0033ec00 ffb86200
PCM 016d08 0046b500 ffa3ff00 005b3100 ffc16300 003e9a00 ffac8500 004fdc00 ffacae00
PCM 016d10 004dfe00 ffc3b700 003a9800 ffc25500 003bb000 ffc5b900 003a2d00 ffbb1900
PCM 016d18 003f5a00 ffafe300 00511100 ffb47c00 004cbe00 ffb8be00 0045bf00 ffc64800
PCM 016d20 003a4100 ffacfa00 00530600 ff9b8300 00669600 ffaade00 00549e00 ff938600
PCM 016d28 00680700 ff6f700 ffaffd00
PCM 016d38 004d0200 ffa92700 00558600 ff992600 00668a00 ff953c00 006c0400 ffc30500
PCM 016d40 003c5900 ffbfd000 003fc500 ffaaad00 00589300 ff99e900 0064e300 ffb2e100
PCM 016d48 004d3500 ffbaf100 00437200 ffae1400 004fc400 ffa88200 0054da00 ffbeea00
PCM 016d50 00403500 ffb3ed00 004c4700 ffbbf900 003f7e00 ffc02600 003d1300 ffc81400
PCM 016d58 00374500 ffd2ab00 002c4a00 ffa12700 005da300 ffab9e00 00537d00 ffa8ce00
PCM 016d60 00563f00 ff963100 0069d600 ff93e400 006beb00 ff8ec200 006f2900 ff858600
PCM 016d68 007b2600 ffa51100 0057c200 ffb45600 0048ac00 ffa38100 0058f500 ffa7fa00
PCM 016d70 00554300 ffb18500 004dcd00 ffbe0100 003e5c00 ffc79300 003ffb80300 00450100 ffc48700
PCM 016d98 0036bf00 ffaf0000 0048ac00 ffc4df00 003a8a00 ffc7ab00 00323300 ffe8bc00
PCM 016da0 00129045500 0010c200 ffead900 000cf100
PCM 016db0 ffefc000 00105200 6700 ffe5d200 001cc600 ffdd3b00 002a8600
PCM 016db8 ffd48000 00M 016dc0 ffb49000 0030f200 ffcf7400 00185c00 ffe62e00 fffed600 f2e8e00 ffcccf00 002e6e00
PCM 016dd0 ffc89800 0038bf00 ffc2f400 002a4e00 ffd32a00 00228400 ffd96b00 0033f400
PCM 016dd8 ffc98200 001e4800 ffdec500 00221100 ffd8c200 001e9300 ffda3300 0020fe00
PCM 016de0 ffd97300 00293600 ffd11b00 001b3200 ffdcf000 000c5200 ffee4400 00058900
PCM 016de8 fff73900 0021f600 ffd9c500 001bd200 ffdd0f00 00082d00 fff3e700 f500
PCM 016df8 ffda8500 00400f00 ffbb3600 005be900 ff9f0500 0000 ff918200 00677900 ff95a500 0048ac00 ffb35100 0050ea00 ffac870 ff986700 00535c00 ffa63800 004d0300 ffb08600 00534900
PCM 016ec2f400 002d7500
PCM 016e20 ffca5e00 001c4f00 ffe01200 002e9200 0 002d6100
PCM 016e28 ffd25000 0011b900 ffec9d00 000efb00 ffea4e900 004f8d00 ffadd300 00566300 ffa57500 00659a00
PCM 016e38 ff016e40 ffc63600 00412100 ffba1100 003b8000 ffc46400 00386400 ffc00 ff6f9700 008f6e00 ff6a5600 00941a00
PCM 016e68 ff62ea00 008bf609100 0081e800
PCM 016e78 ff773200 00785e00 ff844200 00657400CM 016e88 ff8cfe00 00810a00 ff790500 00751000 ff895c00 007e9100 0
PCM 016e90 ff74af00 008f2600 ff6a2900 009ccb00 ff5fae00 0092ba00 00713100 ff848000 006ffd00
PCM 016ea0 ff8b1c00 00709800 ff8ad00 ffa75000 00515d00
PCM 016ea8 ffa65400 005ec400 ff9aeb00 00200 ffa49a00 003a9d00 ffc26100 00301b00 ffcd0200 0067f300
PCM 0M 016ec0 ffa90e00 00509300 ffa89700 00451400 ffb7c200 004ea300 fa800 003cae00 ffc07700 0051e100 ffa6c800 002faf00
PCM 016ed8 ffcb6500 00309100 ffcbdd00 003d4300 ffc06900 002fdd00 ffc96100 001a2300
PCM 016ee0 ffe11900 001a2f00 ffe5a700 001cbd00 ffdebf00 001ac000 ffe08600 0025b600
PCM 016ee8 ffd58000 003a4600 ffc1fa00 00317900 ffc7fa00 00275f00 ffd1c300 00090a00
PCM 016ef0 fff2eb00 000ff400 ffe77600 00112c00 ffe9ee00 00148300 ffe40300 00026600
PCM 016ef8 fff75f00 fffe6a00 0001a400 fffd8100 fffe5900 fff6a600 0004d300 ffcd5700
PCM 016f00 00326500 ffc8c000 00348c00 ffc86000 0034bd00 ffe07d00 001a8900 ffce6d00
PCM 016f08 0030b900 ffc86e00 00312600 ffdd4d00 00211900 ffc7af00 00330400 ffa74f00
PCM 016f10 00588100 ffc7a000 00362700 ffd51f00 0028d300 ffc73000 0035fe00 ffb4be00
PCM 016f18 00471200 ffc6f700 00341000 ffca4000 0034eb00 ffceb400 00328400 ffd7b500
PCM 016f20 00234300 ffcaef30 00314700 ffdbc200 00229300 ffc04900 0039ee00 ffd06f00 002a4f00 ffbd3d00
PCM 016f38 00460000 ff917b00 006fa100 ff77d100 00893600 ff5aea00 00a6da00 ff56aa00
PCM 016f40 00ab9800 ff53b500 00a85100 ff5a8400 00a37d00 ff54b400 00aa5200 ff3fd800
PCM 016f48 00bf0e00 ff29d200 00cef700 ff2bf100 ff57ee00
PCM 016f68 00a76300 ff609c00 009f3d00 ff5a6900 00a 016f70 00c39e00 ff2d4f00 00d37300 ff304000 00d3b300 ff3e9900 00c13900 ff3f1900
PCM 016f78 00bfd900 ff322900 00ced000 ff3d5f00 00c4a800 ff3dcf00 00bc3f00 ff387700
PCM 016f80 00c99a00 ff2bb70ff6b3400
PCM 016f88 0093c100 ff7e1a00 00864f00 ff5d4400 00a77400 ff4e2e00 00b47800 ff600a00
PCM 016f90 00a2b200 ff5e7200 009fdd00 ff73a700 008d8300 ff85e500 00790700 ff691100
PCM 016f98 0097ad00 ff4bf300 00b22500 ff48f000 00b72e00 ff479000 00b75800 ff545800
PCM 016fa0 00ac9c00 ff511a00 00acf200 ff44df00 00bdb400 ff525d00 00b19e00 ff6b4a00
PCM 016fa8 0096cc00 ff50b600 00ad7600 ff343900 00cd7e00 ff3cb200 00bfda00 ff48f100
PCM 016fb0 00b86200 ff559600 00a72800 ff53f200 00a77600 ff50ee00 00b0d800 ff614300
PCM 016fb8 009f1f00 ff76f900 00897300 ff71ea00 008d1f00 ff717600 008bd300 ff7cb300
PCM 016fc0 00811100 ff6c2d00 00917200 ff7ecc00 0081a800 ff7f3a00 007f5e00 ff932f00
PCM 016fc8 006a5100 ff9fcf00 0061d300 ff8fa600 006abc00 ff99e000 00666d00 ff967000
PCM 016fd0 0069a100 ffaf5c00 004f2700 ffb18e00 004ed400 ffa99900 00564000 ff7dbf00
PCM 016fd8 00813800 ff910e00 006cfa00 ffa00700 00602000 ffb42300 004bfb00 ffa48e00
PCM 016fe0 005a2300 ff734500 008bb900 ff6d0900 00913500 ff73db00 008cf100 ff95cf00
PCM 016fe8 0068e600 ffa2f800 005acc00 ffb4d900 00452300 ffbc0f00 003eaffa77500 00598200 ff8b0600 0074600 ff7acd00 00810700 ff8e5600 009edb00
PCM 017000 00647000 ffa05c00 005fc200 ff985300 0065b500 ff84ba00 0078c900 ff853a00 0079bf00 ff9fa500 005eb800 ff9bbf00
9bd400 005df100 ff857200
PCM 017018 0078e200 ff76d600 00892f00 ff750a00 008a4e00 ff82be00 007f9300 ff8f3300
PCM 017020 0070d400 ff8ec700 00731100 ff84b200 007c7600 ff7b5f00 0083a400 ff805b00
PCM 017028 007f8c00 ff92f000 0069b800 ff9d3c00 0064af00 ff946f00 006d4900 ff9d0c00
PCM 017030 0066ef00 ff8fbc00 00715900 ff798500 00873000 ff620500 00a0ec00 ff5d7500
PCM 017038 00a6ae00 ff7bbb00 00843400 ff7b9700 0083eb00 ffa21900 005dfb00 ff901900
PCM 017040 006ece00 ff825e00 00828400 ff71c700 00909900 ff6ad000 0e00 00892c00 ffa0b900 005d5a00 ffb6c400 00482a00 ff9b0300
PCM 00 00734c00 ff81bb00 007c6a00 ff851600 007c5a00 ff7e7e00 00811f00 ff6bc100
PCM 017068 00944500 ff86e400 007dcf00 ff82bd00 007ae000 ff8aba00 0074f400 ffa84400
PCM 017070 0059a700 ffa71a00 00557d00 ffa36e00 005a2600 ff8d3400 00718900 ffa18400
PCM 017078 005e8000 ffb7e300 00463a00 ffc5bc00 00396a00 ffe01700 001c8a00 ffd87200
PCM 017080 002ba300 ffe0d900 001b9b00 ffe89400 00135200 ffcd4200 002fb600 ffc23d00
PCM 017088 0039f100 ffd07700 002cca00 ffc70f00 00387f00 ffc41900 00383200 ffcf6200
PCM 017090 002fa800 ffc2a300 003cb000 ffde4a00 001df000 ffc2b400 003a4300 ffb6cb00
PCM 017098 00452300 ffd0db00 002e4e00 ffcb7700 002e0900 ffd6df00 00250700 ffc91600
PCM 0170a0 00370900 ffc57500 0036b600 fff15700 000c4300 fff40e00 000d6900 ffd33c00
PCM 0170a8 00287700 ffbd3800 00418100 ffd27800 0029c900 ffcdfa00 002efb00 ffca6f00
PCM 0170b0 00339800 ffc70d00 00374000 ffbbb700 00400c00 ffe2a500 00178b00 ffe1a000
PCM 0170b8 001e0000 ffc6e500 002ff400 ffcfab00 002d5700 ffcc5400 00333b00 ffc0ea00
PCM 0170c0 003d0400 ffc95900 0036b900 ffcbb500 00339900 f0 fffd2000 00011c00 fff08600 00000 fff50600 000a3e00 0008eb00
PCM 0170d8 fff4b500 fff20a00 000b2a00 fffb0200 0000d000 0024ea00 ffdb0600 0043c800
PCM 0170e0 ffbce900 00336600 ffca4d00 0041e700 ffc14d00 00596e00 ffa50100 004fca00
PCM 0170e8 ffaea000 00419100 ffba2000 00524c00 ffa6fc00 006d9700 ff8f4000 0080c500
PCM 0170f0 ff77c800 0071a400 ff87f700 006b7100 ff8f2600 007aa000 ff838200 0063a700
PCM 0170f8 ff96f500 007a7900 ff84a000 007eb300 ff7dc300 0078c500 ff831800 0066a700
PCM 017100 ff950d00 00522d00 PCM 017108 ffa79200 0050ce00 ffabb400 003d4500 ffbcef00 003ba300 ffbfd800 00407d00
PCM 017110 fa7a00 003a3400 ffc44c00 00254500
PCM 017118 ffd55f00 00189b00 ffe35f00 001e6c00 ffdae400 001d7500 ffdd5600 fff5b700
PCM 017120 00053f00 fffa5a00 0000fd00 00083300 fff31600 0017b100 ffe65a00 003a4600
PCM 017128 ffc47800 004ca300 ffb06400 00575c00 ffa7cf00 0053b000 ffa80400 00569000
PCM 017130 ffa9c600 001e6800 ffdfad00 00027d00 fffba100 0003c000 fff8f700 00056300
PCM 017138 fff9ce00 00142400 ffe6a600 0016f900 ffe23100 00180f00 ffe55200 00335e00
PCM 017140 ffc80200 00564700 ffa79100 00595700 ffa5e500 0075a600 ff87a900 007d4e00
PCM 017148 ff845400 005bc200 ffa21800 003bb500 ffbef600 00409a00 ffbdaf00 00481a00
PCM 017150 ffb63200 00400200 ffb8cf00 00587500 ffa1e400 0067dd00 ff97c700 0054bb00
PCM 017158 ffa8fa00 0050ec00 ffad6200 004e6900 ffb06b00 00305300 ffcc5700 001fc700
PCM 017160 ffdf3500 00105300 ffedd000 0018ca00 ffe3dd00 003bab00 ffc12000 00494900
PCM 017168 ffb39b00 0047c700 ffb45c00 004c5000 ffb0e600 003a4900 ffc09100 003ece00
PCM 017170 ffbb5d00 0050d900 ffa8c600 006d3100 ff8f2700 005d6500 ff9ea700 004ade00
PCM 017178 ffb2ac00 001a5c00 ffe27400 00014300 fffae400 0004e600 fff7f200 000d2500
PCM 017180 fff1f100 00099a00 fff25500 fff93700 00038600 ffe98900 00151800 ffff1100
PCM 017188 fffc8400 000ce200 ffedf000 0003c300 fff73e00 fff54e00 00035c00 fff7a600
PCM 017190 00017100 ffdf5e00 001a0900 ffd1ce00 002ae700 ffd78500 00269400 ffe21500
PCM 017198 001bf300 fff46100 00089300 001aa300 ffe19000 0027af00 ffd91600 001a5400
PCM 0171a0 ffde8a00 00101400 ffeae000 001f3800 ffdceb00 0017aa00 ffe50800 fff3ad00
PCM 0171a8 00098500 fff0b800 000bb900 ffe26e00 0017ea00 ffd7f000 00247c00 ffd2d700
PCM 0171b0 002cc200 ffc63b00 0036fb00 ffc45600 00388900 ffb7aa00 00489700 ff9dd100
PCM 0171b8 00643b00 ffb8e300 00482800 ffac4300 0052a900 ffb15400 004c8300 ffcf7800
PCM 0171c0 00328b00 ffe48c70800
PCM 0171c8 0039ad00 ffda3700 00266400 ffc06000 003cab00 f1000 004fe800 ffbd8f00 00409800 ffcda500 0030ee00 ffc1f700
PCM 804500 ff4cbe00 00b5a400 ff5e6c00
PCM 0171f0 00a3b600 ff793100 
PCM 0171f8 00671200 ffa13300 005c1400 ffb90600 00434e00 ffa46f00 0059cd00 ff922700
PCM 017200 006a8e00 ff8e8000 00748d00 ff9c0c00 00614100 ff9fd500 00612000 ff965f00
PCM 017208 0068ac00 ffa98000 0058e400 ffb3e600 004cd300 ffaac700 0053d700 ffb8cf00
PCM 017210 0045a500 ffbd2400 003f0200 ffcaf300 00338300 ffc2eb00 00393c00 ffc83d00
PCM 017218 00352700 ffae0a00 004f3300 ff97b700 00668b00 ffb29200 004ef100 ff9ff100
PCM 017220 005f5600 ff95be00 006ab000 ffacd800 0057d800 ffc0d700 003e1800 ffcc0e00
PCM 017228 00325900 ffc77200 00393300 e00
PCM 017238 004cce00 ffbf3800 003f3700 ffca6300 00344b00 ffc3d00 00250c00 ff9c2100 0063ff00 ffa63200
PCM 017250 00566400 ffc37100 003b6600 ffd38100 002bec00 ffc3ad00 003adf00 ffd4b500
PC38700 002c1700 ffc3af00
PCM 017260 00374200 ffb3e800 004bc000 fab500 ff95ea00 0069e400 ffab0100 00555d00 ffb50b00
PCM 017278 0fb79300 0046ea00 ffc03900 00394b00 ffa30d00 00589d00 ff902000
Pdd500 ff7abb00 007e1700 ff82a000 007d1600 ff7ec700
PCM 0172b0 0CM 0172b8 00366700 ffd26900 00299400 ffcdbe00 00325100 ffc38400 03cf600 ffb02f00
PCM 0172d0 004d0500 ffaa8b00 00514800 ffaf3600 ffba7900
PCM 0172e0 00443a00 ffbf5500 003f9000 ffa35800 005483 ff92e000 006ea100 ffb02a00
PCM 0172e8 0049f200 ffa9b800 0051f4PCM 0172f0 00289500 ffeda700 00105b00 fff97200 00013500 fffb85000000ba00
PCM 0172f8 ffff9500 fff06600 00106700 ffd86d00 002379000220f00 ffd1d300 002e4d00 ffcd7900
PCM 017308 0033fe00 ffce4b000 fff19b00 000d1100 ffe98d00 00141800 00021d00
PCM 017318 fffb900 00121000 ffe95a00
PCM 017320 0011c400 00034d00 fff7f200 00146400 ffefad00 000be600 00144700 ffed0c00 001dca00
PCM 017338 f0128f00 ffcff200 002d8400 ffbf6200
PCM 017348 003cb300 ffd3380000 001dea00 ffdf5f00 001dd400 ffddba00 0024eb00
PCM 017360 ffd5900 ffae9c00 004c5e00 ffab6f00 003c2f00 ffc0b300 00547f00
PCM 0b76400 00505700 ffaee800 007b6400 ff7ff100 008a8b00
PCM 017388 00
PCM 017390 ff8ac000 007c5800 ff7fad00 00891600 ff6d0700 00780056ce00 ffa20b00 005d3000
PCM 0173a8 ff9e0700 004d6b00 ffa9a0000632d00 ff94d800 00733f00 ff7f6200 008df800 ff6ace00 008f0800
ff7b8b00 007ea100 ff767600 00784e00 ff833900 006c0f00
PCM 0173c8 ff913b00 005c9700 ff9a1a00 00608100 ff955200 00660b00 ff8e2800 007cf100
PCM 0173d0 ff7ffc00 0083f600 ff765500 00715900 ff8ad600 006e1f00 ff8ace00 0072ab00
PCM 0173d8 ff8a0400 0053b300 ffa3f600 00409a00 ffb6e600 00365400 ffc13600 002ee900
PCM 0173e0 ffc88400 00334e00 ffc2cd00 0041db00 ffb85400 00299c00 ffcf7a00 00210d00
PCM 0173e8 ffda9100 00177800 ffe2de00 00123000 ffe5cc00 00243800 ffdb4300 0022e000
PCM 0173f0 ffdb3a00 00209b00 ffdd0600341c00 ffcaa600 002f9900 ffc97000 00255500
PCM 0173f8 ffda4000 47c000 ffb39500 00260500 ffd15f00 0017f600 ffe07400 0000c700
PC0 000f9300 ffe9e900 0012ae00
PCM 017420 ffea7700 fff59e00 0005c440 0046b000 ffce3a00 002f5500 ffc0d400 003ca300 ffbc9b00 004186fd14000
PCM 017450 00329200 ffab2700 00545800 ffc72000 0039e50060 0084da00 ff837000 007ccc00 ff7ec600 007f9400 ff653a00 0097c10722a00 00882900 ff81a400 007db400 ff6d6300 008d9e00 ff5d9a00
PC06b2900 ff91a000 006e0600 ff955800
PCM 017478 0069f700 ff996f00 0061f500 ff96ba00 0068e500 ff8da600 006e8200 ff99d200
PCM 017480 0069d500 ff84d400 00793500 ff90a300 006ca200 ff930300 006c5600 ff9f8100
PCM 017488 005bf500 ffac1900 004df900 ffa6e500 0058f300 ff935400 006add00 ff99cb00
PCM 017490 0064cb00 ff9fb900 005fb400 ff91d600 00684e00 ff9c9200 0063e900 ffa1c900
PCM 017498 00590800 ffadf500 00501600 ffa4d900 0056ad00 ffb0fd00 004f8d00 ffb27800
PCM 0174a0 00484e00 ffb41e00 00484d00 ffaba300 0052e100 ff916900 006f6900 ff83b000
PCM 0174a8 00783e00 ff820b00 0079dc00 ffa0fa00 00567c00 ff988100 00638100 ff88b200
PCM 0174b0 00756b00 ff90e600 006e8b00 ffac2000 00531d00 ffae7a00 00511200 ffb3ef00
PCM 0174b8 004b8600 ffbfba00 003ad400 ffb81900 00444b00 ffcc8a00 00337000 ffe2cd00
PCM 0174c0 00189100 ffdf8e00 001eb400 ffddaa00 00209500 ffe56600 00158400 ffd78000
PCM 0174c8 00256800 ffcb1400 002d8800 ffb86e00 00415d00 ffbec600 003da300 ffb98600
PCM 0174d0 00445900 ffc15600 003a2200 ffb8d900 0042f900 ffccd200 002fde00 ffdc8f00
PCM 0174d8 0022e600 ffcb4200 00337300 ffced800 002f2e00 ffdb8c00 00230900 ffe52500
PCM 0174e0 0015c100 ffcf9400 002bb600 ffc66d00 00309900 ffd79100 00269900 ffdf3600
PCM 0174e8 001cd000 ffcdfb00 002d4400 ffc16400 0037db00 ffaf5a00 004ee000 ffcd5f00
PCM 0174f0 0031a100 ffd3fd00 00295900 ffcf0800 0
PCM 017500 002ca100 ffdaff00 00250700 fff25f00 0009c600 ffeab30f000 ffe32100 0015c800 ffe66000
PCM 017510 00178800 ffe82000 000 001ce100 ffdbfb00 00285400 ffd71f00 0040f100 ffbff800 00293a0000 00129d00 ffe94800 000ed800
PCM 017528 ffef1200 0012d900 ffecd300 0012eb00 ffe80300 001cf300 ffe07800 00276d00
PCM 017530 ffbd800 fff45700 0009e200 00078a00 fff2ad00 0017b500
PCM 017538 f
PCM 017540 00014000 00141900 ffe8ea00 00141d00 ffe81a00 fff5cc00 00074c00 fffd7500
PCM 017548 ffffac00 fffa4100 00025600 fff9bc00 00023400 ffe50900 00166800 ffe17600
PCM 017550 001c1e00 fff36100 0004f400 fffd3f00 fffe8e00 fffd3200 00026300 ffe73800
PCM 017558 00187c00 ffdbb300 00224a00 fff8de00 00089500 00130f00 ffe8b300 00218f00
PCM 017560 ffdc4c00 00253f00 ffd64300 00269b00 ffd34a00 001b4f00 ffddd800 00292a00
PCM 017568 ffd2b300 0023c80 fffa6f00 0011ec00
PCM 017570 ffe9db00 00122100 ffea9b00 001c1a00 ffe3d900 ffff0d00 ffff2600 ffdef800
PCM 017578 001e7300 ffcd0e00 00316100 fff16500 000df800 fffdec00 fffcf000 fff66e00
PCM 017580 00057100 ffed8e00 000de400 ffe59a00 0014c700 ffee0300 000b1e00 fffde400
PCM 017588 ffff2800 fff09200 000d2a00 fff8a700 00011b00 00098700 fff24a00 fff53900
PCM 017590 00062200 ffe47d00 0015d500 fff85a00 0007d500 ffdfd900 001d9d00 ffe67f00
PCM 017598 00157a00 00050200 fff39900 00138a00 ffe78c00 0010c000 fff25600 fff50600
PCM 0175a0 00063100 ffe5d600 00183a00 ffec2b00 000eb100 ffe78e00 00142400 ffecc500
PCM 0175a8 000d3000 ffdcd700 001c7e00 fffb4a00 fffb4000 000b6000 fff40f00 0004ad00
PCM 0175b0 fff91600 000d8300 ffef1000 000d4d00 fff03600 000f6000 ffee0700 0CM 0175c0 ffba4e00 002d3c00 ffd17300 00250800 ffd64a00 002a0a00 c00 002e7800 ffcd3c00 003b2500 ffbfc300 003b6900
PCM 0175d0 ffc04600 0034d400 ffc8f300 00439f00CM 0175d8 ffb47400 00598300 ff9e0500 005e7900 ff9c8300 0046b200 ffb2e900 00508b00
PCM 0175e0 ffa72e00 00498c00 ffad1500 004eb400 ffa80300 005a4f00 ff9d4e00 00613c00
PCM 0175e8 ff940800 00666400 ff93aa00 0059fd00 ff9cea00 00429d00 ffb88800 004e4200
PCM 0175f0 ffabfa00 00692000 ff8cad00 007fb200 ff7d1800 007f0600 ff793c00 0080fb00
PCM 0175f8 ff745b00 008b3700 ff71ae00 00933a00 ff645900 00985600 ff632300 00846300
PCM 017600 ff779f00 007db600 ff7e1c00 0070f000 ff870a00 0072fb00 ff894d00 005f6b00
PCM 017608 ff9bde00 0059e400 ff9ed000 005c5700 ff9c2300 00608000 ff95d300 004aa200
PCM 017610 ffafb600 00631200 ff94ad00 00859700 ff6fcf00 0091a200 ff68db00 0076d200
PCM 017618 ff804100 00610000 ff9aa400 005e1000 ff9e6700 00442c00 ffb79200 004c6700
PCM 017620 ff00 ffee8e00 002cbd00 ffcf9700 00218300
PCM 017628 ffd8c600 000e2a00 ffe8e300 0010b500 ffe4bf00 001ddc00 ffe0c200 00260b00
PCM 017630 ffd54600 00162100 ffe50c00 00042100 fff96c00 fffd5000 0000b600 00144c00
PCM 017638 ffe72200 0005c800 fff60900 0000a300 fff98600 00038700 fffa1c00 000ab700
PCM 017640 fff1b200 00341400 ffc74c00 00377d00 ffc7b900 00354700 ffc61a00 002bc700
PCM 017648 ffcea600 0028b500 ffcf5500 00660e00 ff959f00 00612a00 ff989f00 002c3100
PCM 017650 ffd3e800 00235300 ffd60100 0021cc00 ffdbfb00 0012cf00 ffe6b700 0027fd00
PCM 017658 ffd6bd00 00272200 ffd3c600 001c1500 ffe23d00 001a2800 ffe38200 00315100
PCM 017660 ffcc3300 002ea000 ffd27400 003e6e00 ffbd9400 00313300 ffc85d00 0002f100
PCM 017668 fffa0000 00083a00 fff4fb00 00130200 ffe91a00 001dfb00 ffdeb400 000f9c00
PCM 017670 ffead000 00158200 ffe6e500 00296900 ffd02e00 00292f00 ffd54a00 00234200
PCM 017678 ffd8a500 0005f900 fff3c400 fff1ee00 000b7200 001dcb00 ffe1bb00 00210200
PCM 017680 ffda7e00 000a5e00d00
PCM 017688 00060d00 fff5c900 00047d00 00167e00 ffe6c800 0002b9100 fffb5900
PCM 017698 00018700 ffef6100 000c0f00 ffe49d00 76a8 000be000 fff8cf00 00034800 fffc6600 fffe3b00 fff2bc00 000bc7000 fffb8d00 ffff9c00 fffa6900 fff29500 000baf00 fff43900
PCM ff89a00 00011400 fffb3f00 ffea2700
PCM 0176c0 0015b000 fff22c001aee00 ffbd1000 00405c00 ffa65c00 00588900 ffb3a400 00478800 ff900ae0200 ff706600
PCM 0176d8 008ba600 ff75d800 00897600 ff83aa0 004eca00 ff9e7900 00618300 ffacf600 004f3300 ff94df00
PCM 01761800
PCM 0176f0 00663600 ffaaf600 0051c200 ffa25900 005a7000 ff300 00528000 ffa2a200 005cca00 ff918d00
SOUND_PCM_END
nsh> [K