k7sound dump
SOUND_PCM frames=48000 rate=16000 channels=2 bits=32
PCM 000000 0000d100 fffeab00 00013b00 fffea300 00014100 fffe9900 00015d00 fffd8200
PCM 000008 00026300 fffd9300 00026200 fffe3900 0001a400 fffe7d00 00016f00 fffe2d00
PCM 000010 0001c700 fffec500 00013900 fffe6200 00018c00 fffea200 00014800 ffff3d00
PCM 000018 0000a000 00009700 ffff5e00 00018700 fffe6200 0001c500 fffe3100 00018e00
PCM 000020 fffe5800 00015700 fffe8200 00005500 ffff9a00 ffff4100 0000c200 ffff1e00
PCM 000028 0000d100 fffe5300 00017e00 fffe1d00 0001cf00 fffe6600 00016100 fffde900
PCM 000030 00021700 fffd1a00 00030c00 fffca600 00033600 fffbd600 00042d00 fffc3100
PCM 000038 0003de00 fffd7d00 00028600 fffe9f00 00018b00 fffdfd00 00020a00 fffde800
PCM 000040 00021300 fffd4e00 0002a500 fffcb800 00033100 fffcbb00 00030400 fffc5600
PCM 000048 00036100 fffde900 00021000 fffe9100 00015100 fffda300 00026f00 fffd0500
PCM 000050 00031000 fffde300 00021700 ffff1100 0000fe00 fffed700 00011b00 fffe9200
PCM 000058 00014200 fffea500 00016600 fffeeb00 00010e00 fffe1700 0001f200 00007800
PCM 000060 ffff7b00 00018000 fffe9700 0000f200 fffeef00 00002200 ffffda00 ffff9f00
PCM 000068 00005100 fffedb00 00013c00 fffe2500 0001be00 fffe0300 0001f200 fffcd300
PCM 000070 00033e00 fffc6600 00035100 fffd7900 00027700 ffff6000 0000b100 ffff1500
PCM 000078 0000b300 00006d00 ffff7500 fffea800 00018600 fffedb00 0000fc00 00003d00
PCM 000080 ffffdf00 0001cd00 fffe2000 0002f400 fffd3900 0001ba00 fffe7900 00015100
PCM 000088 fffe8d00 0001c300 fffe5300 0001e500 fffe1b00 00017e00 fffe6700 00004f00
PCM 000090 ffff8e00 00005800 ffff8600 00022200 fffd9700 00045700 fffb3400 0004cf00
PCM 000098 fffaed00 0002f700 fffcbd00 00043900 fffbc600 0004c100 fffb1c00 00036100
PCM 0000a0 fffc8700 00038e00 fffc1a00 00071f00 fff8b100 0009be00 fff59500 00074100
PCM 0000a8 fff86e00 000a3900 fff60200 000a1000 fff5a500 000a1200 fff5d500 0007ec00
PCM 0000b0 fff7a300 00087800 fff76200 000ad200 fff50300 0008db00 fff67a00 0007f100
PCM 0000b8 fff79700 00068100 fff95600 00060000 fff9f900 00068f00 fff8df00 00062800
PCM 0000c0 fff97400 0006ce00 fff8e400 0007bf00 fff7a300 00098500 fff62800 000e5500
PCM 0000c8 fff10200 000f8900 ffefe200 000cc800 fff25100 000a3e00 fff55000 00085f00
PCM 0000d0 fff6ba00 000b0200 fff51900 000b1700 fff46700 0009d400 fff5bb00 00097b00
PCM 0000d8 fff68100 000a1f00 fff5a800 000a5000 fff53000 0005bb00 fff99c00 00066000
PCM 0000e0 fff97100 000adf00 fff51f00 0009fc00 fff5de00 00099600 fff64400 0005fc00
PCM 0000e8 fff97a00 00088e00 fff74300 000cde00 fff32d00 000b3900 fff51500 0004fb00
PCM 0000f0 fffb7900 0005fa00 fffa8000 0006f600 fff8c400 00091600 fff70900 00075e00
PCM 0000f8 fff8a100 00058f00 fffaa500 00079e00 fff84a00 00065d00 fff90f00 00080700
PCM 000100 fff7b700 00055d00 fffa2900 00014f00 fffe4700 0001f200 fffe4c00 0001c000
PCM 000108 fffe2600 ffff7700 ffffd600 fffd0e00 0002aa00 fffa7900 00050100 fffbf300
PCM 000110 00048e00 fffc4300 00032500 fff85500 00068c00 fffcbc00 00031a00 fffd9600
PCM 000118 0001c000 fff85100 0007b200 fff7a800 00088f00 fff5a900 000abe00 fff31500
PCM 000120 000c5a00 fff33c00 000cfd00 fff67000 0009a900 fff47e00 000b8700 fff34800
PCM 000128 000c3c00 fff30000 000cb200 fff6eb00 00092400 fff6a800 00096400 fff76100
PCM 000130 00084700 fff21000 000df800 ffefd400 00107300 fff09800 000faf00 ffee6d00
PCM 000138 00119900 fff48300 000b8600 fff27500 000cf900 ffe93900 00161a00 ffe33d00
PCM 000140 001c6000 ffe6c000 00197000 ffe16d00 001ed900 ffd8fc00 0025c000 ffda3100
PCM 000148 00269d00 ffe2db00 001d5300 ffe13b00 001eb700 ffe1ff00 001e3e00 ffe52d00
PCM 000150 001afb00 ffdd2f00 00234a00 ffd64e00 00291200 ffddec00 00235100 ffddb800
PCM 000158 00235a00 ffd1b700 002fb700 ffd3ed00 002d2700 ffcf2b00 00313400 ffc82b00
PCM 000160 00386200 ffd4f100 002d1200 ffd43300 002d8f00 ffcf2c00 0031dd00 ffc7f000
PCM 000168 00393300 ffc5a500 003a9800 ffc8d700 0039f400 ffcc1400 00344400 ffc4d500
PCM 000170 003cc500 ffb55f00 004af400 ffa86400 0059e600 ffab9300 00563300 ffa6c000
PCM 000178 005c5e00 ffa57000 005b3900 ffa3a400 005c7300 ffa78400 0058fb00 ffa86d00
PCM 000180 00590f00 ffa69800 005a9c00 ff9fb800 00608c00 ff9d1400 00644400 ff97d900
PCM 000188 00697400 ffa2d000 005df200 ffa21500 005c5000 ff9e2200 00634900 ff85bd00
PCM 000190 007d7f00 ff83ce00 007d9200 ff7bfd00 00855000 ff872b00 00780e00 ff8e1e00
PCM 000198 00733500 ff8cd500 00763100 ff872900 007b7300 ff8cbc00 00756400 ff7da300
PCM 0001a0 00859b00 ff853c00 007f0a00 ff82e400 007d8b00 ff825200 007c8700 ff770000
PCM 0001a8 008be900 ff6e9800 00943000 ff70e100 0093f000 ff5b2600 00aa2700 ff491700
PCM 0001b0 00ba1e00 ff4f1200 00b51100 ff561300 00aa5000 ff4ac100 00b3da00 ff3e3700
PCM 0001b8 00c05800 ff366e00 00c89300 ff40a200 00bee000 ff5e1a00 00a34200 ff64b700
PCM 0001c0 009ba200 ff606a00 00a19000 ff409100 00c11400 ff3def00 00c37700 ff36f800
PCM 0001c8 00c94000 ff339900 00d1c500 ff3c8000 00c3f700 ff4ee200 00b1a400 ff4e8a00
PCM 0001d0 00b53c00 ff406000 00bfc000 ff286400 00dcd400 ff37e600 00c7dc00 ff498100
PCM 0001d8 00b51200 ff48fe00 00ba7200 ff49e000 00b69000 ff58d200 00aa6f00 ff6ccc00
PCM 0001e0 0091ec00 ff614500 009e1400 ff58f900 00a7b900 ff4b3200 00b66800 ff414700
PCM 0001e8 00c4ac00 ff2e1300 00d3e700 ff29b100 00d74500 ff555c00 00ab9600 ff53c200
PCM 0001f0 00ade000 ff41fa00 00be9c00 ff41c200 00bf6b00 ff231400 00e01000 ff097a00
PCM 0001f8 00fb3f00 ff07d000 00f95100 fefd4d00 0103bd00 ff0a6300 00f8a600 ff0d2500
PCM 000200 00f3ae00 ff0d5500 00f50300 ff04f600 00fbde00 ff27ba00 00de4b00 ff3dd400
PCM 000208 00c39200 ff463700 00b94a00 ff53f300 00ae3700 ff312b00 00ce3100 ff3e6c00
PCM 000210 00c16c00 ff3f0a00 00c31500 ff4ceb00 00b5d200 ff462400 00bbb300 ff3d4600
PCM 000218 00c39000 ff423400 00bc1700 ff22f400 00e08700 ff25ee00 00dd1900 ff33bb00
PCM 000220 00cd6900 ff2ea700 00d70400 ff386c00 00cb6c00 ff4c2200 00b77300 ff57cc00
PCM 000228 00ad2000 ff5e7d00 00a55000 ff5bb700 00a79c00 ff5c7500 00a66000 ff592700
PCM 000230 00aaa100 ff57cf00 00af7d00 ff3b2d00 00c60f00 ff534c00 00af8400 ff6ee900
PCM 000238 00923500 ff777c00 008a7f00 ff82ce00 007d7100 ff8e6d00 0077fc00 ff829600
PCM 000240 007ef300 ff6f9c00 00921700 ff632300 0098cc00 ff67f000 00993400 ff7df000
PCM 000248 00809400 ff6dbd00 0093f000 ff583600 00a92800 ff3f7500 00bf5500 ff453300
PCM 000250 00be8900 ff2d2f00 00d66f00 ff3a0a00 00c3fe00 ff4bf500 00aeef00 ff2ed900
PCM 000258 00d1e100 ff35c000 00cd4000 ff472000 00bbe400 ff68f700 0094b300 ff70bd00
PCM 000260 008ec500 ff6b7f00 0098de00 ff682400 0098fd00 ff662f00 009c3900 ff554800
PCM 000268 00abd700 ff614400 00a35300 ff722d00 008e2000 ff77f100 008c1700 ff7daf00
PCM 000270 0086d900 ff81b200 007ea900 ff89e500 00736500 ff7ed300 0084b200 ff836e00
PCM 000278 007fa000 ff735300 008b6a00 ff899d00 00724800 ffa3cb00 005e1f00 ff949000
PCM 000280 0069ee00 ff8c8100 00762200 ff970c00 0067f900 ff91b500 006e8b00 ff86ff00
PCM 000288 007ca000 ff947d00 006bc100 ffacea00 00528300 ffab6300 00549300 ffadec00
PCM 000290 0050af00 ffba5200 0040ea00 ffc8c500 0036c300 ffe24500 001b2300 ffc19700
PCM 000298 003d4000 ffab2500 00531700 ffa3e300 00585300 ffc4e400 003c3f00 ffe33100
PCM 0002a0 001b3b00 ffe7bc00 00150600 ffc98d00 00381a00 ffc79e00 003bb200 ffc20f00
PCM 0002a8 003b2000 ffc5bb00 00385e00 ffc6f500 003a9100 ffcb5d00 0032c900 ffd89d00
PCM 0002b0 002b8100 ffdfce00 00206100 ffe58b00 00199e00 fff54200 000b5a00 fff0d200
PCM 0002b8 00117000 ffe38300 001c8000 fffd8500 0002bc00 000b3500 fff01e00 0003d800
PCM 0002c0 fff76b00 fffac300 00074e00 fff01300 000d2400 ffee5900 00103400 ffd3f400
PCM 0002c8 002b5b00 ffea7000 000e0b00 001bff00 ffe2db00 000fff00 ffef1200 000b8800
PCM 0002d0 fff07700 000d8100 ffee8800 fffd8100 00003700 00063100 fff54d00 00063500
PCM 0002d8 fff71400 fff03200 000c9700 ffe89a00 00118f00 ffd85700 0024d500 ffcd9800
PCM 0002e0 00310e00 ffe95c00 0017e900 ffe69000 0017e600 fff60500 0007f300 fffd0600
PCM 0002e8 00055c00 ffefad00 00110700 ffd8be00 00274100 fff08300 000e8d00 00180700
PCM 0002f0 ffe2bb00 fffbdb00 00018c00 000fd500 fff0c000 000a7e00 fff49f00 fffde200
PCM 0002f8 00023c00 fff79f00 0004b800 fff36a00 000d2500 00028200 fffde500 fff8c000
PCM 000300 ffff4d00 0000d100 fffdb600 fff51700 0008db00 fff97100 00051a00 0000e200
PCM 000308 fffcf200 ffe92500 0014a600 ffcf9700 002df000 ffc9fd00 0036a000 ffcd9600
PCM 000310 00348500 ffe78500 00180900 fff5dd00 0005ba00 000e7300 fff32900 00144e00
PCM 000318 ffe97500 0012c900 ffeb9400 000bde00 fff11100 0015e400 ffe1a100 001ca700
PCM 000320 ffe3dc00 00147d00 ffe97c00 00198500 ffe2c200 0021de00 ffdc7600 00360a00
PCM 000328 ffc6f700 003ab500 ffc8d300 001e0100 ffdd2400 00246200 ffd47500 00224200
PCM 000330 ffd80400 00128500 ffe907018d100 ffde2600 002c9e00 ffd04900 0023e100
PCM 000338 ffd76500 001aa100 ffe2da00 00295000 ffd0bf00 002b9d00 ffd47e00 00293f00
PCM 000340 ffd4e300 00300500 ffc9f300 00131f00 ffe9b900 fff99300 00041300 0004b000
PCM 000348 fff9a100 00053400 fffc5d00 00152700 ffecca00 00215600 ffdeae00 002b7100
PCM 000350 ffd2c000 0032df00 ffcad100 0036ea00 ffc33000 0036b400 ffc67000 00216f00
PCM 000358 ffddd900 00035800 fffab500 00037a00 fffa5300 0022d400 ffdd0a00 002c0f00
PCM 000360 ffd0be00 00231c00 ffda6b00 0021f500 ffde6000 fffec700 fffc1500 ffebc300
PCM 000368 0014d600 ffe73200 00198e00 ffdd6000 00239b00 ffc90400 00365400 ffd09d00
PCM 000370 00308e00 ffde6000 0025c100 ffe8c100 00182500 ffd9e300 0025a700 ffd6b900
PCM 000378 002cf800 ffe67d00 0018b900 00015f00 00004a00 ffeada00 00145900 ffefd800
PCM 000380 000f0900 0014f100 ffeb2400 00255600 ffd7c200 0011ac00 ffeb9b00 ffff7800
PCM 000388 fffc0400 ffef4e00 00111b00 fffd1d00 0002e600 00003600 fffeb900 fff4c700
PCM 000390 000ba000 fff12100 000f8200 fff74700 00054b00 fffa2a00 00030b00 fff9c300
PCM 000398 00006400 fff2d000 0009da00 ffc90800 00349600 ffbd0900 00400700 ffc41b00
PCM 0003a0 003e2100 ffc6dc00 003c7b00 ffb5d300 004b3800 ffb9b600 0048be00 ffabe100
PCM 0003a8 00569800 ffe02e00 001f9900 fffb2800 00013200 000ab300 fff4ad00 00107d00
PCM 0003b0 ffe92b00 fff37b00 0004e000 fffc7100 00002800 ffe7c400 00141800 ffd2cf00
PCM 0003b8 002ca400 ffb84d00 00441100 ffc49600 003d8f00 ffdac000 0028a600 ffd73400
PCM 0003c0 0029bd00 ffd7f400 00294500 ffcf0200 00307a00 ffc09400 00423f00 ffc43d00
PCM 0003c8 0039ba00 ffc4ca00 003ce800 ffc47f00 003a6300 ffc03b00 003fd100 ffb5d500
PCM 0003d0 00478e00 ffc35600 003ee900 ffb24700 004fc600 ffa18a00 005d4800 ff873c00
PCM 0003d8 007a3c00 ff888600 00774f00 ff8ef100 00714700 ff9b5500 00636e00 ff99f600
PCM 0003e0 00699e00 ff8da700 00737c00 ffaa5500 005b7500 ffa83500 0057d400 ffa75a00
PCM 0003e8 0058e300 ffa61a00 0058f500 ff927b00 006e7b00 ff95fc00 006a7400 ff977f00
PCM 0003f0 0065f700 ff9ed300 005b3a00 ffae0c00 00504e00 ff9cc700 00666900 ffa4cd00
PCM 0003f8 005be700 ffb3b900 004ef300 ffaaed00 00554b00 ff92c100 0068db00 ff950c00
PCM 000400 0069c400 ff8e0800 0073db00 ff6c4f00 00969000 ff69a400 00977500 ff917300
PCM 000408 006de800 ff7b2100 0086bb00 ff506300 00b1b100 ff508d00 00b3bf00 ff4ff600
PCM 000410 00b0d200 ff53a700 00ad3000 ff4dc800 00b91700 ff2fa600 00d69000 ff2f1400
PCM 000418 00d3dc00 ff3b5300 00c58a00 ff384700 00caa900 ff538100 00af2b00 ff56f100
PCM 000420 00ab0d00 ff479900 00b8c700 ff29fb00 00d95200 ff292700 00d94500 ff3c0700
PCM 000428 00c61400 ff346600 00cc7300 ff34e200 00ce7800 ff3f7800 00c4a100 ff58f000
PCM 000430 00a97b00 ff5dfb00 00a1ca00 ff54e300 00ad3a00 ff653400 009c4d00 ff73da00
PCM 000438 008f4800 ff65c200 009e1700 ff50de00 00af1200 ff42d000 00bd2600 ff35f300
PCM 000440 00ca8b00 ff4c4d00 00b19c00 ff4e3a00 00b1b600 ff2aed00 00d4c500 ff2a3e00
PCM 000448 00d89500 ff1f0000 00e3c400 ff273f fefac200
PCM 000450 0103f400 fef37c00 010ef000 fefa9200 0107ab00 ff05df00 00fb1c00 ff125900
PCM 000458 00f0b300 ff038c00 00f93e00 ff157b00 00ea7400 ff187200 00e62600 ff4fe600
PCM 000460 00b03300 ff593900 00a84900 ff5bec00 00a56600 ff4df200 00b4a300 ff4b9600
PCM 000468 00b6bc00 ff450300 00bb0900 ff3f8300 00c2cd00 ff263d00 00db1d00 ff0b8400
PCM 000470 00f6f000 ff156300 00eda600 ff2ece00 00d5c000 ff383700 00ca3100 ff314400
PCM 000478 00cf7100 ff0b6a00 00f20600 ff047200 00ff0100 ff246d00 00e0b800 ff178c00
PCM 000480 00e8ae00 ff151f00 00ecf500 ff0c3300 00f30700 fef2a700 010a8c00 ff199e00
PCM 000488 00e61a00 ff172800 00e8b700 fefeb100 0104f700 ff18bf00 00ebf900 fef9a000
PCM 000490 01058000 fefc9500 01038100 ff173b00 00eb6300 ff16a100 00ebce00 ff0f3c00
PCM 000498 00f1cc00 ff19b200 00e62a00 ff09ff00 00f74f00 ff159a00 00e97e00 ff1f4c00
PCM 0004a0 00e37400 ff1b2500 00e4a800 ff0e2200 00f1f500 ff06f500 00fb9b00 ff211700
PCM 0004a8 00e26400 ff39cc00 00c46800 ff45f300 00bc2900 ff3a1100 00c1b700 ff2ec800
PCM 0004b0 00d37c00 ff0edc00 00f62f00 ff0c7c00 00f47800 ff37e700 00c96100 ff45b200
PCM 0004b8 00ba4400 ff1a8000 00e90200 ff112f00 00f15d00 ff0dec00 00f37300 ff212c00
PCM 0004c0 00dfde00 ff158b00 00ed9f00 ff3a6100 00ca3100 ff4a9600 00b54400 ff216c00
PCM 0004c8 00dd0800 ff2ccc00 00d10a00 ff46a600 00ba7a00 ff65f400 009d9b00 ff85ea00
PCM 0004d0 00790c00 ff78be00 00895700 ff62de00 009f0400 ff7c2c00 00868800 ff6aa800
PCM 0004d8 00938200 ff60f100 009c4c00 ff5d5000 00a2eb00 ff558000 00ab5600 ff5c2200
PCM 0004e0 00a1bd00 ff45b000 00ba4b00 ff3d5200 00c4e600 ff4c2500 00b5eb00 ff464b00
PCM 0004e8 00b7d000 ff325400 00d01100 ff334f00 00c7eb00 ff36df00 00c5c400 ff31b000
PCM 0004f0 00d26d00 ff266600 00d00100 ff248e00 00dd6c00 ff23f800 00dead00 ff201500
PCM 0004f8 00e00a00 ff269a00 00d79600 ff4e7c00 00b1fc00 ff5dfa00 00a03900 ff515700
PCM 000500 00ad9900 ff5b3a00 00a2a100 ff4d9b00 00af3b00 ff558e00 00aab500 ff4cc300
PCM 000508 00b1c200 ff4a4600 00b86400 ff4dfe00 00aee600 ff5d5900 00a1ac00 ff53c800
PCM 000510 00aaef00 ff5e4f00 00a13400 ff4f3700 00aa8c00 ff39ad00 00c61400 ff4c6100
PCM 000518 00b59900 ff578800 00a6e100 ff64a100 00986d00 ff783b00 00857a00 ff904600
PCM 000520 006d6400 ff85a200 007c8d00 ff917e00 006f1500 ff950000 006c0d00 ff8c3b00
PCM 000528 00724b00 ff9c7d00 00613600 ff952f00 006d0e00 ff8ca200 00733300 ff738a00
PCM 000530 008c8400 ff5eed00 00a43100 ff875900 007c1b00 ff839500 007c8100 ff63bc00
PCM 000538 0097b800 ff78d600 0087a900 ff77cd00 00867400 ff73a600 008de000 ff69bb00
PCM 000540 00963e00 ff60e300 00a06900 ff5e5700 009e4c00 ff763500 0089d000 ff79e300
PCM 000548 0087af00 ff8d0c00 00719800 ff90f100 006cff00 ff9b2500 00600400 ff8e2c00
PCM 000550 00719700 ff7b4800 00865300 ff8a2c00 00757500 ff9a8700 0067e900 ff8a2700
PCM 000558 00746300 ff755b00 00892e00 ff5e1e00 009ee700 ff696300 00991700 ff774000
PCM 000560 008ba200 ff89d700 00756c00 ff896800 007a4000 ffa45400 005b0400 ffad3c00
PCM 000568 00555a00 ffbc4100 00451900 ffb48a00 0049c600 f0
PCM 000570 00659f00 ff8fae00 00719800 ff953b00 006d8400 ff9bcf00 00623c00 ff976100
PCM 000578 00637800 ffa74300 00548000 ffbb7a00 0041c700 ffc8b700 003b4800 ffc36900
PCM 000580 003b1300 ffbdf200 0040b100 ffc31200 0038ce00 ffb3c600 00499900 ffbb9700
PCM 000588 00443300 ffacba00 00507400 ffaef800 004e7100 ffb50a00 00486100 ffc48300
PCM 000590 00376100 ffbea300 0041d400 ffbc0f00 00460200 ffcb9500 00350600 ffccd900
PCM 000598 00321000 ffdc4900 00246c00 ffeaf800 00162000 ffdb0a00 00232000 ffdb2000
PCM 0005a0 0026db00 ffcad300 00349300 fff73300 000af800 00147e00 ffe8d100 00138e00
PCM 0005a8 ffef8500 00280000 ffd54300 002dcf00 ffd03400 00479300 ffb6ca00 004db400
PCM 0005b0 ffb14100 0035b100 ffc3f500 00393100 ffc5cc00 00302800 ffcd6a00 0031ab00
PCM 0005b8 ffcdb500 001bdd00 ffe50000 00191000 ffe9f800 000dc400 fff24500 00172a00
PCM 0005c0 ffe99f00 0021c300 ffd8c600 003f2d00 ffb7e100 003f3c00 ffc16e00 00521600
PCM 0005c8 ffaabb00 005f3d00 ff9e6e00 005d1f00 ff9e9f00 0063aa00 ff98c400 0049ab00
PCM 0005d0 ffb42700 00252b00 ffd83a00 00242b00 ffda7f00 00267f00 ffd5c300 003b2800
PCM 0005d8 ffc30300 002b0000 ffd30b00 00341600 ffc97400 00434100 ffbe7300 00514300
PCM 0005e0 ffaab600 005f7c00 ff9bd700 0072ed00 ff864500 008f8e00 ff69d500 009f7d00
PCM 0005e8 ff5b5f00 00830e00 ff752f00 007e0a00 ff7f7e00 00705c00 ff8bfe00 00759a00
PCM 0005f0 ff873f00 00640a00 ff98e300 004c6000 ffaef000 00537d00 ffa90000 00535c00
PCM 0005f8 ffa8b900 0043e000 ffb9df00 00496e00 ffb5c700 003d4600 ffbc8200 00499300
PCM 000600 ffb1e700 00543e00 ffa30100 0056a800 ffa56100 007e8300 ff7ceb00 00845600
PCM 000608 ff753c00 00729300 ff86bd00 007c3f00 ff7d3400 00632900 ff972900 00554d00
PCM 000610 ffa2fe00 00598b00 ff9fe300 00561700 ffa4f300 005c1600 ff9e1700 0058fd00
PCM 000618 ffa18f00 005d6e00 ff9f4100 0053b100 ffa4f700 004d8e00 ffaed500 003ed900
PCM 000620 ffbb5100 002e1a00 ffcc4500 00227300 ffda4100 00269e00 ffd3c800 00146800
PCM 000628 ffea8e00 0006b500 fff68200 000e8500 ffeea700 001d6000 ffe03500 0024b000
PCM 000630 ffd4af00 00372200 ffc7bd00 00629400 ff97e800 00792000 ff832b00 0048f600
PCM 000638 ffb6c400 002c4f00 ffd18600 003ee900 ffbdfb00 00400300 ffbe8e00 002d4e00
PCM 000640 ffd0be00 0026c100 ffd6b700 000a0000 fff58c00 fff6c100 00044a00 fffc8500
PCM 000648 fffff800 fff71b00 00034500 fff4b500 0007d800 000ae500 fff15000 000d3600
PCM 000650 fff32700 0002ea00 fff93a00 fff50700 00075a00 fff00600 000f8f00 fff3ac00
PCM 000658 00115200 00002300 fffcf900 00197400 ffe59000 000bd300 fff23900 00029f00
PCM 000660 fff98000 ffd3a400 0029ea00 ffca3000 00327c00 ffd4f200 002a5300 ffc94a00
PCM 000668 00342f00 ffcf5c00 00311800 ffdb8c00 0024f100 fff38b00 000bdf00 ffd80900
PCM 000670 00293200 ffc72000 00370100 ffc4a500 003d9100 ffd8b200 002adc00 ffe30100
PCM 000678 001cc200 ffd36100 00283600 ffcf8200 00328700 ffac3d00 00503700 ffb52800
PCM 000680 004b2400 ffa4a500 005b3700 ffa8cd00 00545900 ff926700 006db300 ff7ced00
PCM 000688 0083dd00 ff902800 006f1f00 ff8bbe00 00759000 ff80e600 007e9400 ff8a7800
PCM 000690 00792500 ff926000 006e3200 ff95ce00 006bdf00 ff804200 0080cd00 ff94c800
PCM 000698 006cf500 ffa1bd00 005e0600 ff877a00 0078e100 ff7cc700 00862e00 ff806c00
PCM 0006a0 007d4500 ff4b6f00 00b5ec00 ff4d0700 00b40400 ff5b0600 00a7a200 ff612300
PCM 0006a8 009baa00 ff680100 0097bf00 ff629500 009c9400 ff5a4100 00a51700 ff568700
PCM 0006b0 00a8e700 ff59e900 00a5b700 ff60d100 00a30e00 ff561e00 00ada000 ff5c4600
PCM 0006b8 00a2ed00 ff417200 00bdcf00 ff3c7e00 00c50000 ff491200 00b80000 ff487700
PCM 0006c0 00b75b00 ff438100 00bb7600 ff3db000 00c28f00 ff23d600 00ddd600 ff4b1c00
PCM 0006c8 00b64300 ff7b7600 0080f200 ff828e00 007e2500 ff7dc500 007fea00 ff80a800
PCM 0006d0 00838100 ff87fb00 007b0200 ff87f700 007c4300 ff7a1400 00870300 ff5d9900
PCM 0006d8 009fdf00 ff642200 009c5500 ff74c600 008b6500 ff87c000 0076e200 ffba9d00
PCM 0006e0 0040dc00 ffd31800 002a9400 ffc5a500 0039df00 ffab8900 0053cf00 ff908200
PCM 0006e8 0069f5f00 ffad5800 0051f400 ffafa900 00531600 ffbc4200
PCM 0006f0 00446600 ffd1fe00 002c7d00 ffd9c700 00205200 ffd5e200 002cd200 ffb60400
PCM 0006f8 00481700 ffb68200 00480000 ffb69900 0049f400 ffc36f00 003cc700 ffcfe800
PCM 000700 0031ad00 ffb7af00 00483600 ffc08800 003ace00 ffc25700 003ad200 ffd1b500
PCM 000708 002f6a00 ffc89400 00309000 ffef6300 000d4400 00047900 fff73600 fff9c300
PCM 000710 0001f500 ffea5700 00134100 ffe37800 001b2300 ffec2400 00104d00 ffe60d00
PCM 000718 0016ae00 ffdefc00 0022dc00 ffe76200 00186600 fffd3f00 0000b300 ffe83d00
PCM 000720 00174500 ffd7af00 0028de00 ffc82100 00369300 ffe1b400 00193500 ffeaac00
PCM 000728 00166500 ffec5200 0013a300 fff36800 0008de00 00193d00 ffe6f400 0013f900
PCM 000730 ffeb2800 ffe6ba00 00180300 ffde0400 001b3f00 fffd5600 0000bd00 ffdfbd00
PCM 000738 001bb700 ffd9f200 00201d00 ffd74900 0027ab00 ffec2100 0013b300 ffe79300
PCM 000740 0014de00 ffe54b00 00158000 ffd40700 002ac500 ffd27b00 002cb000 ffdb1a00
PCM 000748 0025c600 fff5fa00 00083100 ffe66800 00167700 ffd4d900 00271300 ffee1b00
PCM 000750 000ca700 ffd0e600 002c8600 ffb64100 00442000 ffc52200 00394900 ffd1e200
PCM 000758 002e5800 ffbc1900 00409e00 ffd45d00 002b4900 ffe0ec00 0020d800 ffc06900
PCM 000760 003cfc00 ffbb6d00 00408800 ffd54700 00293d00 ffe6c800 001d0e00 00089e00
PCM 000768 fff68000 ffeae100 0015d800 ffc58300 003a1700 ffcb1f00 002f7d00 ffc6ce00
PCM 000770 0035da00 ffd6c300 00260f00 ffd9bd00 001ef900 ffdc0a00 00243b00 ffe30800
PCM 000778 001a6500 ffee2800 00109800 fffc1e00 0000d100 000e1d00 ffef6200 fff85100
PCM 000780 0006d300 000d2c00 ffee7700 000d7900 ffef7500 000a2c00 fff56900 001a6300
PCM 000788 ffe3bc00 000efc00 ffed3600 fff61c00 00046d00 ffec3800 00133200 ffe6c700
PCM 000790 0014e800 fff84800 00082000 fff8f000 00072d00 fffa7200 00006d00 fff0d600
PCM 000798 000c5800 0004d700 fffab600 0013b800 ffe8c200 00294f00 ffd74f00 002e2f00
PCM 0007a0 ffd36000 002b3000 ffd0f200 002d0200 ffd22c00 00397800 ffc0c100 0046ce00
PCM 0007a8 ffb2b800 0039e800 ffc25f00 001e2200 ffdf4900 00388600 ffc32400 00338100
PCM 0007b0 ffcb2700 0042d500 ffbbe700 00625600 ff9b4c00 004f7c00 ffacf900 00488400
PCM 0007b8 ffb13c00 00611e00 ff9b2a00 004d4600 ffb0f900 002e3300 ffccde00 00373d00
PCM 0007c0 ffc29300 00384400 ffbecc00 0034e700 ffc67d00 002af300 ffcc7000 00498400
PCM 0007c8 ffb06700 00455900 ffb72800 003ff900 ffb9ec00 00580800 ffa53d00 00677a00
PCM 0007d0 ff8ffd00 0086b500 ff723900 006feb00 ff8edc00 00738600 ff86c700 0090e800
PCM 0007d8 ff6ca700 0068e000 ff94ee00 006c5d00 ff907400 006ac400 ff943700 004de300
PCM 0007e0 ffaea700 00565d00 ffa51400 0066ca00 ff983600 0070d600 ff8b6200 007ade00
PCM 0007e8 ff809400 0070cc00 ff896900 007dfc00 ff7bc800 00997700 ff5f0800 008a8300
PCM 0007f0 ff70 00822300 ff79b500 009ba400 ff5df300 00aa6e00
PCM 0007f8 ff508800 00bc3c00 ff403900 00a07400 ff59d200 00a35d00 ff55cd00 00af6400
PCM 000800 ff4a8800 009a1f00 ff62f200 00840e00 ff7a1200 0075d100 ff85a200 009ea100
PCM 000808 ff5f6700 0093fa00 ff673400 00973700 ff603600 009c0e00 ff608800 009daa00
PCM 000810 ff5d4b00 0094fb00 ff6cfe00 00954900 ff666f00 00cef800 ff2f8700 00d93f00
PCM 000818 ff23bd00 00b00b00 ff4cbf00 00abfb00 ff4fc200 00b6b100 ff3e3f00 00bccf00
PCM 000820 ff3e6500 00cdf000 ff2cd500 00f57f00 ff054600 01055a00 fef9a800 0101d400
PCM 000828 fef9bb00 01136d00 feea1600 011c5800 fedc4600 00fa2a00 fef95e00 00e28100
PCM 000830 ff148200 00e30600 ff1a6e00 00d9cf00 ff229700 00c0e500 ff3bdf00 00bd9b00
PCM 000838 ff3afb00 00e40500 ff164a00 00f58200 ff040e00 00ffc700 fef65100 011a8100
PCM 000840 fedff200 01126d00 fee7d400 0113b000 fee54200 01013700 fef2f200 00edd900
PCM 000848 ff09e800 00d49200 ff22f300 00d0b900 ff26f700 00dab300 ff1f5500 00ca0800
PCM 000850 ff33bf00 00d2d300 ff24ff00 00dc1d00 ff198000 00df1c00 ff173900 00f4ee00
PCM 000858 ff00f700 00d64900 ff1fce00 00d69c00 ff233100 00dad700 ff187500 00dbe000
PCM 000860 ff191200 00ed2e00 ff0a9b00 00e62900 ff14ad00 00df0500 ff1c1700 00cf9700
PCM 000868 ff2ad200 00f63e00 ff040400 00e7f100 ff0f1800 00f8d700 ff036f00 0108d000
PCM 000870 fef1b300 00e30c00 ff136700 00ea5800 ff0cc200 00f66a00 ff080e00 00e6fa00
PCM 000878 ff132800 00b3d000 ff47c800 00b34e00 ff4ad000 00be5f00 ff39ee00 00b22000
PCM 000880 ff4c4c00 009dc400 ff618400 009fcc00 ff578a00 00a65200 ff59d700 00b33a00
PCM 000888 ff466700 00c17200 ff3a4200 00b44400 ff454300 00aab100 ff4ec500 00ae9f00
PCM 000890 ff4bb800 00a5b500 ff53bf00 00c2f200 ff39ea00 00bd0d00 ff3ea600 00d8d000
PCM 000898 ff222400 00d8f900 ff1fcb00 00b83d00 ff441800 0095de00 ff602100 00a0b100
PCM 0008a0 ff58f900 008fee00 ff6c1a00 007a8900 ff836500 007b1500 ff82c100 00870d00
PCM 0008a8 ff73f000 00a82a00 ff526600 00a6eb00 ff53f400 00a21f00 ff5b7e00 00897c00
PCM 0008b0 ff731c00 00792200 ff883e00 007bf900 ff822000 00877a00 ff753e00 007c6500
PCM 0008b8 ff7d4b00 0067ee00 ff957000 00570b00 ffa21b00 004a7c00 ffb61700 00411300
PCM 0008c0 ffbb7f00 004fe000 ffa9f800 0051da00 ffa7ac00 00474500 ffb84f00 0041af00
PCM 0008c8 ffb8fe00 00526c00 ffa7dd00 005e2200 ff9f5500 006db600 ff8e5c00 0078a600
PCM 0008d0 ff827b00 006a0400 ff939b00 0068df00 ff8cc700 005e5b00 ff9b5a00 0050f600
PCM 0008d8 ffad3700 00401300 ffbca500 005ecd00 ff9cac00 005d5500 ffa07800 005ca300
PCM 0008e0 ff9ef600 00723f00 ff8c2700 006fd700 ff8a1b00 0075fb00 ff830e00 00753400
PCM 0008e8 ff843700 0070ed00 ff8a0900 006a3300 ff92bc00 00512200 ffa7f400 003d5200
PCM 0008f0 ffbb0f00 003fe500 ffbbe200 0031db00 ffcad600 0016ee00 ffe68200 001d1200
PCM 0008f8 ffde1400 002f1a00 ffcd5200 0018e100 ffdcbb00 00206000 ffde6d00 0028db00
PCM 000900 ffd2d800 001f2000 ffe01200 00186500 ffe57b00 003d6500 ffbc8a00 004aab00
PCM 000908 ffb44700 0041c000 ffb76d00 002bfa00 ffcfa400 00274d00 ffd44600 00307500
PCM 000910 ffca4100 00203900 ffda1200 00222300 ffd7f200 00133d00 ffe86100 000dfb00
PCM 000918 fff2a800 0009e600 fff4f700 00157100 ffe8a800 00282c00 ffd66b00 0026a800
PCM 000920 ffd87400 000a1d00 fff15c00 000fe500 ffeeea00 002aa600 ffd3d000 00493400
PCM 000928 ffb0a800 002cdb00 ffce2d00 001ecd00 ffdab700 00073500 fff78000 fff0ee00
PCM 000930 000d6b00 ffec4a00 000db500 fff93200 00027c00 00059300 fff63c00 fffe0200
PCM 000938 00019c00 0006ec00 fff69600 0009a900 fff46d00 0009eb00 fff7dd00 00091000
PCM 000940 fff34600 fffcce00 00031000 fffb5000 0003d800 ffff8d00 fffbc100 fff9bf00
PCM 000948 0003b200 fff3b100 00109700 ffedb900 000d5a00 ffef5d00 000f6400 ffe09f00
PCM 000950 001cda00 fffbda00 00044000 00096500 fff04d00 fffbc200 00017300 000a4100
PCM 000958 fff40000 00094d00 fff06700 00155600 ffe5f900 000dad00 ffef4300 00034200
PCM 000960 fff85f00 ffff0200 00019200 fffce100 fffd4900 0010c300 ffe81000 00036000
PCM 000968 fff88800 0000f100 fffe1f00 00105d00 ffea7800 0026c000 ffd9e500 00222700
PCM 000970 ffdc8500 001f6200 ffded400 00115a00 ffed3100 00096000 fff62a00 00252500
PCM 000978 ffd78000 001a0c00 ffe3a000 fff1df00 000e5500 fffcd800 00006400 000c2b00
PCM 000980 fff44a00 00108000 ffec3400 000c5e00 fff00e00 000ad200 fff11b00 000d4600
PCM 000988 fff49400 fffb9c00 00024200 00230b00 ffde8500 003bde00 ffbc1800 00413f00
PCM 000990 ffb98000 0029ea00 ffd4fa00 00203900 ffdda500 00286200 ffd47800 00128b00
PCM 000998 ffed1000 fffd4500 fffe5700 00022700 fff8f200 00018c00 fffe1900 ffeb3500
PCM 0009a0 00107500 ffe93400 00159700 00060200 fff39b00 001e1100 ffdcb500 001f7c00
PCM 0009a8 ffe07000 0017a500 ffe1f400 00374400 ffc61400 0038a000 ffc04000 0031d800
PCM 0009b0 ffcb4200 00260a00 ffd5df00 0013b900 ffe6f200 00048b00 fff9f500 fff6d300
PCM 0009b8 00003500 000e0a00 ffee8000 0015ec00 ffe49a00 ffface00 0003ce00 fffd9c00
PCM 0009c0 0000ce00 fffd6500 00016100 fff0d800 000c0700 ffffe500 fffec600 fff4f600
PCM 0009c8 00073d00 000ef400 fff04800 001c2c00 ffe5ed00 003e7d00 ffc0b000 0042d400
PCM 0009d0 ffbddb00 00355d00 ffc47100 00280d00 ffd10d00 00377000 ffc86400 003fb900
PCM 0009d8 ffbc0000 00353e00 ffcaaf00 00415c00 ffbc7300 004ffc00 ffad5c00 0067be00
PCM 0009e0 ff977600 0048c000 ffb79300 003b1100 ffc5a300 00479f00 ffb63700 00260500
PCM 0009e8 ffda9400 0023ae00 ffde1100 002e2d00 ffcfe100 00190300 ffe5a700 00249400
PCM 0009f0 ffd6d700 0032ed00 ffcb5d00 00203100 ffd9ba00 002cf800 ffced400 00365e00
PCM 0009f8 ffca0800 0033ce00 ffc92100 0022a300 ffd9e400 002a0200 ffd29a00 00334500
PCM 000a00 ffcc2600 0046bc00 ffb75500 0048fe00 ffb70000 00546c00 ffaa9b00 00337f00
PCM 000a08 ffc64500 00383700 ffc67400 0048b100 ffb36b00 005ca100 ffa23100 005e8100
PCM 000a10 ff9ea000 0058c700 ffa76600 00620b00 ff9a8f00 00782700 ff886a00 00a0b600
PCM 000a18 ff5d7100 0091f400 ff6d0200 006d7c00 ff930c00 0070eb00 ff8e1b00 00843700
PCM 000a20 ff74f900 007f8400 ff79f400 006e2d00 ff8ef600 00575700 ffa97000 00479200
PCM 000a28 ffb79100 003da800 ffc41700 002de100 ffd15400 002aa800 ffd39a00 00329800
PCM 000a30 ffc8d800 002b0900 ffd20900 0032be00 ffcada00 0051e600 ffaa1900 00595500
PCM 000a38 ffa5fa00 004ffa00 ffad2d00 003b5200 ffc0df00 004cd400 ffaca600 0051c000
PCM 000a40 ffa9f700 00459a00 ffb8df00 00435300 ffbd0200 004c4600 ffb0d400 004b1700
PCM 000a48 ffb14e00 0069a400 ff936300 00518000 ffabb100 003fff00 ffc14f00 004b1800
PCM 000a50 ffb4f600 005fbb00 ff9b7800 00584200 ffa5ec00 00522100 ffaa1500 00749500
PCM 000a58 ff892700 00641c00 ff96a000 00395500 ffc2e500 00362e00 ffcc2300 002d0200
PCM 000a60 ffcfe200 00321b00 ffc81900 002d7600 ffce4200 003a6800 ffc45c00 002f9c00
PCM 000a68 ffcfbf00 003b5a00 ffc18b00 00335300 ffc66d00 003c0e00 ffbdec00 003b2a00
PCM 000a70 ffbe6e00 003f7e00 ffbcf900 0056d800 ffa1d300 00661600 ff918600 006cdc00
PCM 000a78 ff8da600 00762900 ff857100 0085e000 ff722900 008cd100 ff6f6a00 008f3f00
PCM 000a80 ff6b6e00 008e0100 ff6adb00 008a3600 ff723600 00750900 ff87d100 0089f800
PCM 000a88 ff6f3000 008e5300 ff690b00 008b9d00 ff711900 00819900 ff7c0200 00991a00
PCM 000a90 ff628900 009b6b00 ff5e0b00 00898400 ff746200 0087da00 ff731300 008d7400
PCM 000a98 ff6def00 009e3300 ff5e6700 0089d400 ff6d5500 009c1500 ff632700 00a16f00
PCM 000aa0 ff581900 009ba200 ff5f6f00 008c8a00 ff6e0a00 00976000 ff616100 0082c600
PCM 000aa8 ff7aa700 00858e00 ff752500 00900900 ff69bc00 00ac8700 ff4e1c00 00c58200
PCM 000ab0 ff33fa00 00c31900 ff370e00 00a90200 ff4b4800 00afad00 ff4e8a00 00bb8f00
PCM 000ab8 ff3fb800 00c05400 ff32fe00 00c20900 ff352e00 00b4de00 ff460b00 00b5a500
PCM 000ac0 ff423b00 00a7cc00 ff52b000 00b3ac00 ff47cc00 00babe00 ff41db00 00a81300
PCM 000ac8 ff51f600 00a2bb00 ff533b00 00c40600 ff343b00 00d3b400 ff249e00 00cd9700
PCM 000ad0 ff2d5400 00db1d00 ff1c7400 00c7e300 ff2f2900 00e40300 ff159500 00d87200
PCM 000ad8 ff245e00 00cb0500 ff2f9800 00d7c500 ff223400 00b6ca00 ff452700 00c12f00
PCM 000ae0 ff3a0d00 00cacd00 ff33fe00 00dc6f00 ff1d1e00 00cedd00 ff2ac500 00bff600
PCM 000ae8 ff36e500 00d95e00 ff1f8700 00fc9500 fefcf800 01102900 fee10f00 01070f00
PCM 000af0 fef2fe00 00e81800 ff115200 00e23100 ff165300 00e2a800 ff17cb00 00d2de00
PCM 000af8 ff23e300 00c5ef00 ff336400 00e08a00 ff165100 00e77a00 ff158800 00fb9a00
PCM 000b00 fefe9f00 01025000 fef97200 00fd0200 fefb3a00 00c8c900 ff2f4600 00c3c600
PCM 000b08 ff37ba00 00d15900 ff273d00 00ccbd00 ff2a4100 00ba9300 ff3ea200 00ad9a00
PCM 000b10 ff4b3a00 00be6200 ff3fec00 00a8b600 ff510b00 00a03c00 ff5a6500 00a7af00
PCM 000b18 ff4fc600 00a86c00 ff53d800 00a08200 ff58a100 0094bc00 ff61ec00 00985e00
PCM 000b20 ff67bf00 00a0d800 ff5b4600 00b05100 ff4a2900 00a93c00 ff53c700 00946400
PCM 000b28 ff619c00 00930100 ff6b0300 0078fc00 ff805100 007cfa00 ff7fc700 008fc300
PCM 000b30 ff638f00 009d0000 ff56ec00 008b1000 ff6e6800 006f7f00 ff8d5600 00826c00
PCM 000b38 ff7d1b00 00840400 ff777f00 0073e300 ff889300 007d7a00 ff7d8b00 0094de00
PCM 000b40 ff610500 00890900 ff704b00 00707900 ff8a4000 00703f00 ff8b7500 006b9400
PCM 000b48 ff8e8600 004f4f00 ffaf3c00 004d0100 ffae8c00 005c6300 ffa19b00 004d0700
PCM 000b50 ffa7f200 0053e300 ffabe400 005e0a00 ff9f3c00 003e1600 ffbcc100 004fb800
PCM 000b58 ffadeb00 00439300 ffba5000 0028bb00 ffd0f600 00319600 ffcdf000 00278500
PCM 000b60 ffd7ef00 001fe800 ffdd7a00 001a4700 ffe1eb00 001c6c00 ffe3d400 00260e00
PCM 000b68 ffd6a700 001a7500 ffe10200 0023dc00 ffd7ba00 00466900 ffb65700 00360b00
PCM 000b70 ffcc8300 000b9000 ffecd900 ffe21100 001fac00 ffc72200 00342c00 ffcb5600
PCM 000b78 003045b00 0016fb00 ffddc600 0023fa00 ffcbc700
PCM 000b80 00324300 ffbff300 003a0600 ffe63800 0018e400 fff70a00 0009d100 fff26c00
PCM 000b88 000d3e00 ffcf9500 0032c800 ffcb4e00 00319700 ffb7c700 00486f00 ffb14200
PCM 000b90 00517900 ffb29400 004d6500 ffb22800 004f4e00 ffbd0700 00435900 ffbee400
PCM 000b98 00421400 ffb60300 00448700 ffaf6500 004be000 ffae9100 0050f500 ff95e000
PCM 000ba0 006c9a00 ff92d600 006a6600 ff97a000 006ae700 ff850a00 0078ae00 ff7e0200
PCM 000ba8 00803600 ff86dd00 0078ad00 ff94c600 006deb00 ff938800 006bdc00 ffa4eb00
PCM 000bb0 00591e00 ffb58a00 004a6600 ffa5a700 005ab700 ffb21800 004f3500 ffaa4400
PCM 000bb8 00550000 ffaca000 00520500 ffa77200 0058d000 ff9a9400 00681600 ff9b5300
PCM 000bc0 00639100 ff996800 00672700 ff9c7c00 0063de00 ff994b00 00665e00 ffa9ab00
PCM 000bc8 0058b700 ffaa5200 00560f00 ffcbd700 00354900 ffdb4600 00246300 ffc56c00
PCM 000bd0 0039b700 ffa1b400 005dc000 ff87f300 00782900 ff7fe500 007e4200 ff956c00
PCM 000bd8 006a4300 ffa5c800 005a2000 ffb79500 0049eb00 ffad7e00 00501c00 ffa6e800
PCM 000be0 00572800 ffab1800 00527900 ffab2700 0053d000 ffaf4e00 0051d800 ffc03000
PCM 000be8 0041ca00 ffaeb900 00506100 ffb6dc00 00480600 ffb31c00 004dec00 ffc8b300
PCM 000bf0 0035c400 ffcf6000 002c6300 ffdad400 00244400 ffd8fb00 00260000 ffdb2d00
PCM 000bf8 00248800 ffce2a00 00352600 ffeedc00 00172e00 ffdad100 001cdb00 ffca3800
PCM 000c00 0033a800 ffd83800 00273800 ffc45000 00391700 ffe15c00 001d0a00 ffce1e00
PCM 000c08 002e4b00 ffc0c500 003e5900 ffd70c00 0027c300 ffd14800 002d9d00 ffca3f00
PCM 000c10 002efe00 ffa93a00 00516400 ffb0b300 00500b00 ffaf3e00 004fad00 ffac4e00
PCM 000c18 00504300 ffb88e00 0045fb00 ffd28d00 00259b00 fff4cb00 00088100 00073c00
PCM 000c20 fff91200 001f8c00 ffdcbb00 fffdcb00 fffc1e00 ffe2ef00 001a9600 ffe33600
PCM 000c28 0019d100 00000900 fffad500 001af800 ffde0500 fffcc100 00022600 ffed2100
PCM 000c30 0010f300 ffed6300 00100f00 ffdae400 00250000 ffd31500 002ec400 ffd4ad00
PCM 000c38 002b4000 ffe32d00 001cb500 fff0df00 000ddb00 ffe91300 00135600 ffc8c400
PCM 000c40 00373400 ffe49700 0017aa00 000a5500 fff2b600 ffffbd00 ffffe300 ffd80300
PCM 000c48 0028f400 fff33300 000c5d00 000afa00 fff4fa00 00066f00 fff2cf00 fff1ac00
PCM 000c50 000bfb00 ffe1f300 001f2700 ffd99d00 00291300 ffc7c400 00385f00 ffc3c000
PCM 000c58 003fbd00 ffca0300 00380200 ffc40f00 003a2f00 ffc10a00 003c7600 ffe3a800
PCM 000c60 0016c500 000a0700 fff43600 0023df00 ffdd9e00 001d8b00 ffe30500 fffb7c00
PCM 000c68 00000400 fff34900 000d1200 000ddb00 ffed1500 001a3000 ffe4c400 00112b00
PCM 000c70 ffef8300 00065500 fff73000 fff4eb00 0008ac00 ffde2b00 001df700 ffd8a600
PCM 000c78 00201000 ffdce100 0024f700 fff07900 000ded00 fff52900 0006f700 00040100
PCM 000c80 fffa4800 fffa6d00 0002e000 00063300 fff97300 0007f400 fff63700 fff59000
PCM 000c88 000b3f00 fffe0000 fffe0600 fff7f700 00054100 0000f400 fffe2200 0009f900
PCM 000c90 fff45400 00158f00 ffe9f900 001d9000 ffde9800 00140600 ffe81800 00250800
PCM 000c98 ffdaac00 001aeb00 ffe44200 001aa200 ffe50000 00194b00 ffe70800 001ddb00
PCM 000ca0 ffe16d00 001a2c00 ffe2d200 00220500 ffd9c800 00167000 ffe56e00 ffff1300
PCM 000ca8 fffee100 00068600 fff51500 fff95d00 00034c00 fffcad00 0000ed00 ffe6c400
PCM 000cb0 00178600 000a4200 fff64b00 00253300 ffd5db00 00186500 ffe5b800 001a0a00
PCM 000cb8 ffdf4400 001a3000 ffe2dd00 00257d00 ffd6f800 001cdb00 ffdcfc00 000bc500
PCM 000cc0 fff36d00 fff98e00 00066200 fff4a500 00093e00 00173900 ffe32f00 ffffa000
PCM 000cc8 fffc1e00 ffee0200 000ede00 00011c00 fff9f100 00004500 fff7c300 fffdc700
PCM 000cd0 fffc8900 00043800 fff7ba00 00044c00 fffbc400 ffedc400 000d8500 fffc6e00
PCM 000cd8 00029f00 00083a00 fff56500 fff92800 ffffbc00 fff7a800 0006f000 00171500
PCM 000ce0 ffe78b00 00321200 ffc79b00 0020ef00 ffdd7900 000d8900 ffee6600 00000600
PCM 000ce8 fffb9d00 0011dc00 ffe66100 003baa00 ffc04a00 0032f000 ffc81b00 0036ed00
PCM 000cf0 ffc93800 00458800 ffba7200 00357c00 ffc80900 00306400 ffcefd00 0023f000
PCM 000cf8 ffdb8900 00140900 ffe9e500 00109400 ffee0400 00207e00 ffdfab00 002b4d00
PCM 000d00 ffd26f00 0042e700 ffb95600 00405300 ffbb8700 005e0900 ffa22900 005c8400
PCM 000d08 ffa48200 00474e00 ffb1e000 0043d700 ffb7d600 003ea700 ffbf8e00 00217b00
PCM 000d10 ffda6d00 002aa300 ffd51100 00393e00 ffc38600 0046df00 ffb7ba00 0048bc00
PCM 000d18 ffb48200 003e3f00 ffc06800 0020c200 ffe04800 002d7400 ffcfb000 002bf100
PCM 000d20 ffd4f100 001aea00 ffe5dc00 0013b500 ffed4300 00381f00 ffc50600 004f0a00
PCM 000d28 ffadb600 004dcf00 ffb07400 0056a100 ffa48200 004b8f00 ffb1c600 00493e00
PCM 000d30 ffb2e300 00452500 ffbaa500 003f0f00 ffbec800 00411b00 ffc13000 003a0a00
PCM 000d38 ffc86400 001e0200 ffe3e400 001c0400 ffe12600 00347100 ffcaa600 00340100
PCM 000d40 ffc95e00 003e8c00 ffbd0300 00303200 ffcc0c00 002d8400 ffce9600 00213200
PCM 000d48 ffdbc600 00091600 fff42700 001ec100 ffdd8a00 003ca300 ffbee700 0050af00
PCM 000d50 ffaebd00 006a8400 ff92a500 005e9c00 ff9d3800 006b6f00 ff914500 006de900
PCM 000d58 ff912000 0056be00 ffa2ad00 00518500 ffab4100 0056df00 ffa74100 0058c500
PCM 000d60 ffa1d200 00486a00 ffb65f00 00475000 ffb32200 00521200 ffa89700 0058b200
PCM 000d68 ffa51500 00415d00 ffb9c800 004a4a00 ffb2ac00 002e0c00 ffc9fd00 001ee200
PCM 000d70 ffe1a400 001ada00 ffe0a900 003ba100 ffbf8600 0042fe00 ffb97d00 003aa900
PCM 000d78 ffbfdb00 00479a00 ffb36500 00487200 ffb39c00 003cf800 ffc26d00 00386100
PCM 000d80 ffc99d00 00415900 ffbe1100 0039f200 ffc34400 00396700 ffc6e300 0035b600
PCM 000d88 ffc89700 00331a00 ffc82200 002a4e00 ffcfb400 0031a800 ffca9500 00360c00
PCM 000d90 ffc67900 00319000 ffcd8a00 00397d00 ffc39c00 00278a00 ffd4e600 000d6400
PCM 000d98 fff32700 fffb5100 ffffbb00 ffd93700 00233c00 ffd6a800 00288500 ffce9500
PCM 000da0 002ca900 ffbf8900 003dce00 ffc2cd00 003d7c00 ffb3a600 004b2b00 ffcb8700
PCM 000da8 002e9d00 ffff2d00 00037a00 fffe2800 fffbe200 fff3b900 0006ee00 fffacc00
PCM 000db0 0003cf00 fffcc300 fffecf00 ffde2000 00200f00 ffc12f00 0041e300 ffd66100
PCM 000db8 00220400 ffcb4e00 00337100 ffbe6600 003f6300 ffc47c00 0039fa00 ffd03a00
PCM 000dc0 002e4c00 ffb38400 004d4d00 ffbd9400 003ec100 ffb17600 004a9100 ffad1000
PCM 000dc8 00503500 ffb82e00 0044a800 ffc44100 003aae00 ffdc6000 00246800 fff1fa00
PCM 000dd0 000fa300 0003bd00 fff5d500 ffdccc00 001fc200 ffeb0b00 00123f00 ffe13500
PCM 000dd8 001c2000 ffb6b100 004a1d00 ffb6ac00 0049ad00 ffc14600 003e8000 ffb6b000
PCM 000de0 00457f00 ffb29a00 00498800 ffd31700 00296e00 ffd70e00 0025ab00 ffd74e00
PCM 000de8 002add00 ffda9900 00268400 ffccce00 0031d000 ffb86900 00481600 ffbaa800
PCM 000df0 00441e00 ffca1c00 0033ab00 ffc7ba00 0039a500 ffd22d00 0029a500 ffabfd00
PCM 000df8 0050b100 ffa78800 00592900 ffa8f800 0057ea00 ffa89900 00593400 ff9c1000
PCM 000e00 00605f00 ff870a00 0079af00 ff85eb00 007b2200 ff74a700 008a0000 ff777200
PCM 000e08 0086ef00 ff7d3100 00832700 ff699700 00988400 ff645b00 009d6b00 ff6a4200
PCM 000e10 00958300 ff6db800 0095ae00 ff890f00 0073ad00 ff7b4300 0084e300 ff7de900
PCM 000e18 00849f00 ff8e4900 0072e200 ff8a0f00 00784c00 ff7b9000 00876e00 ff98a200
PCM 000e20 00672000 ff99df00 00630d00 ff84d400 007ebb00 ff816900 00825600 ff6bc900
PCM 000e28 00980400 ff814500 007fda00 ff709000 00908900 ff6a5100 00966200 ff66f200
PCM 000e30 00987c00 ff773700 00885700 ff793600 00890600 ff7c7400 00886600 ff55d400
PCM 000e38 00ae9300 ff501100 00af6a00 ff557000 00ac3600 ff607700 009ecc00 ff547b00
PCM 000e40 00abf200 ff50ad00 00b34900 ff3d1800 00c38500 ff566700 00a75500 ff7d8400
PCM 000e48 007e0700 ff767c00 00886600 ff59ed00 00a47900 ff37c200 00c73200 ff288300
PCM 000e50 00d8c700 ff51e100 00ab6400 ff52df00 00ac2200 ff4d3d00 00b5f400 ff55bd00
PCM 000e58 00a7ea00 ff5bfd00 00a5cb00 ff4fe100 00b13700 ff3f6e00 00c12100 ff5c3e00
PCM 000e60 00a3fb00 ff661a00 00991e00 ff62c400 009d8800 ff711e00 0090af00 ff766000
PCM 000e68 00894d00 ff7d6400 0082de00 ff79bf00 00863400 ff81a700 007e3e00 ff7e7d00
PCM 000e70 00825500 ff73f000 008e1a00 ff623200 009eac00 ff6c9500 0091db00 ff6b7200
PCM 000e78 00971400 ff775e00 008ac200 ff891b00 00769600 ff818e00 0080fe00 ff874600
PCM 000e80 00798800 ff973900 00688600 ffa0f800 005fb700 ff96d200 0065e100 ffa6ee00
PCM 000e88 00582000 ff93d500 0069a000 ff81ff00 00791b00 ff6a8000 0095c000 ff6b3b00
PCM 000e90 0095aa00 ff88ca00 00759b00 ff9b5100 00623800 ff8a9000 0073a100 ff87c900
PCM 000e98 00769a00 ff7ed000 00833100 ff6a9000 00975700 ff75df00 0088c300 ff6dac00
PCM 000ea0 0094b600 ff6a5800 00978b00 ff62c700 009ae200 ff7c5b00 00849c00 ff86cb00
PCM 000ea8 00781700 ff997f00 00657000 ffaa4300 004e9500 ff9d3a00 0059da00 ffada000
PCM 000eb0 0052b700 ffb29700 004d2700 ffbb2500 0043c500 ffb19800 00458f00 ffbc0500
PCM 000eb8 00437d00 ffde1300 00219d00 ffcac700 0030ce00 ffe2f100 00172900 ffdcff00
PCM 000ec0 0021fc00 ffc41f00 00369000 ffb3fa00 004afc00 ffbcf500 0044d400 ffd1cf00
PCM 000ec8 002a7a00 ffd54b00 00260a00 ffd3cf00 002adc00 ffd94400 00255d00 fff99600
PCM 000ed0 00067400 fff94700 00048a00 00014900 fffbb500 00009400 fffe6300 ffed2c00
PCM 000ed8 00130900 ffeb3100 00159d00 fff7d700 00054000 0009f700 fff53200 ffe82500
PCM 000ee0 00162f00 ffd53900 0028c300 ffd55400 0029a800 ffe6ed00 00168400 ffedef00
PCM 000ee8 00159300 ffed5600 00148400 ffe61200 00199c00 ffec1500 00152a00 000d5e00
PCM 000ef0 fff1d700 0010ba00 ffeb7400 fffa5a00 00041600 fff1f400 000bc200 00097e00
PCM 000ef8 fff52400 0020d100 ffdccd00 00168c00 ffe29100 0003e400 fffa9200 00146700
PCM 000f00 ffe7b500 0032fb00 ffc8b800 0036ad00 ffc8e800 002ca800 ffd1e200 00496000
PCM 000f08 ffb22300 004d3900 ffb0f800 00359300 ffcabc00 002a4700 ffd13d00 00549100
PCM 000f10 ffa85500 005b6800 ffa1d500 004b7000 ffb38100 00425a00 ffb8f100 003a1100
PCM 000f18 ffc3b900 00388000 ffc45e00 003c8d00 ffc1aa00 00325200 ffcb8b00 0039af00
PCM 000f20 ffc6af00 00332f00 ffc9d600 00418e00 ffb94000 0057be00 ffa87100 005ee700
PCM 000f28 ffa00500 0078af00 ff86fc00 006ccd00 ff92c800 006b7e00 ff90f800 005e8500
PCM 000f30 ff9f8700 00530700 ffabc300 00504500 ffacdb00 0049c100 ffb6d300 0058c700
PCM 000f38 ffa5b200 00615500 ff9ca300 00613400 ff953b00 00600e00 ff9f0f00 00549200
PCM 000f40 ffa75d00 00675b00 ff98ef00 005f4600 ff9c8500 005e5400 ffa06e00 0073b400
PCM 000f48 ff88c900 0087f700 ff746100 008df500 ff6d9100 0081be00 ff7d8f00 00779800
PCM 000f50 ff841600 0092d200 ff6fb700 008a4b00 ff705200 007a8700 ff843400 0087e300
PCM 000f58 ff724000 00933400 ff667700 00811d00 ff7c6b00 0070d900 ff8ed200 007db100
PCM 000f60 ff7f9500 00680d00 ff984b00 00638f00 ff994d00 004c3000 ffaf7c00 0047e800
PCM 000f68 ffb59f00 00543d00 ffa76700 0057e100 ffa16000 00683b00 ff94b200 0051e300
PCM 000f70 ffab5100 00433b00 ffb72500 00611700 ff9cb600 005cf400 ff9e4b00 0061ce00
PCM 000f78 ff99fb00 00579800 ffa42600 0063b800 ff992e00 00747a00 ff877b00 009b8100
PCM 000f80 ff604b00 009f2300 ff592c00 0088eb00 ff72de00 007e5400 ff7dcb00 007f2200
PCM 000f88 ff7a0100 008de400 ff6c5400 008c1f00 ff6b1400 008cb700 ff704400 00802d00
PCM 000f90 ff7d8b00 008bac00 ff74de00 009f6100 ff56a000 0095c100 ff640e00 009d5100
PCM 000f98 ff5d5000 008ff300 ff69aa00 008aab00 ff710300 0084a500 ff780500 00829900
PCM 000fa0 ff799200 0098c400 ff60d500 007e4f00 ff7b0700 006ead00 ff8acc00 006a1800
PCM 000fa8 ff95ed00 0067f400 ff933500 00768e00 ff821a00 008b7f00 ff731800 007a8a00
PCM 000fb0 ff831a00 0064c100 ff935400 00705d00 ff876400 009f1900 ff5f3e00 009dc600
PCM 000fb8 ff5bee00 0080bc00 ff77b100 0089a600 ff6f4400 0071f700 ff8a4000 004f6800
PCM 000fc0 ffaa0200 005ce800 ff9e7800 00616a00 ff9d3e00 004ca400 ffb02400 0043dc00
PCM 000fc8 ffb86f00 004e4200 ffaeba00 00436000 ffb78e00 0049bb00 ffb2c100 003bf700
PCM 000fd0 ffc20000 003b9300 ffc47d00 002e9500 ffc9ed00 002c4d00 ffd1f100 00529600
PCM 000fd8 ffab3000 00781200 ff846300 00846f00 ff76ac00 00763000 ff87e000 008a6600
PCM 000fe0 ff73e800 007d3c00 ff7b0500 005af600 ffa54a00 003f2900 ffbbe300 0037fd00
PCM 000fe8 ffc37600 00338f00 ffc8af00 00188600 ffe2c400 00254200 ffd5fe00 00358a00
PCM 000ff0 ffc59f00 002a4000 ffd2e900 0016dd00 ffe92f00 002efc00 ffcf6d00 003d9500
PCM 000ff8 ffbb0200 003d6f00 ffc0c400 004c0100 ffafd700 00816f00 ff7b6100 00799900
PCM 001000 ff852f00 00662900 ff90cd00 005cbd00 ff9adb00 005dce00 ff9d7100 00428800
PCM 001008 ffb6ed00 002ce200 ffca8100 00397600 ffc6db00 002ce200 ffccc800 002aa800
PCM 001010 ffd17a00 003fbd00 ffbef200 0020d000 ffdbfc00 003b6200 ffc1a900 003c0e00
PCM 001018 ffbc8c00 003f0d00 ffbc7e00 002d1000 ffcd9e00 00277b00 ffd10700 0039ec00
PCM 001020 ffc32300 003e3400 ffbda400 00346200 ffcc6900 0044ea00 ffb89500 00358900
PCM 001028 ffc47500 00294700 ffd5ec00 0032b700 ffc48400 00406e00 ffba5b00 00447600
PCM 001030 ffbb3600 00490c00 ffaec000 003c9700 ffbff000 0029c400 ffd58d00 00153900
PCM 001038 ffe9e800 00322900 ffcdae00 00368100 ffc41c00 0042a100 ffb5e200 0037ef00
PCM 001040 ffc81500 00152800 ffe68c00 00204200 ffdcd700 fff8c100 00045700 ffe73f00
PCM 001048 00157c00 ffdc1d00 00229b00 ffd22000 002efc00 ffe01400 001d9e00 ffe89500
PCM 001050 00142400 ffe87d00 0013bf00 ffdef000 001d4e00 ffe4a700 00198e00 ffd79d00
PCM 001058 00257b00 ffd58f00 00280c00 ffd3bd00 0027f300 ffce2b00 0033a600 ffc75200
PCM 001060 0034f700 ffb69000 0046c400 ffb64f00 0049ed00 ffd38500 002c4100 ffdc5500
PCM 001068 00246c00 ffdb1e00 00237b00 ffce6500 002f5100 ffc02a00 003b3700 ffc03800
PCM 001070 003dd000 ffc87000 0030dc00 ffb94000 00416500 ffaab800 0052cf00 ffa8d900
PCM 001078 00582b00 ff95ee00 006c4500 ff978200 00682100 ff979400 00651300 ff9ca600
PCM 001080 00634000 ffa40600 005c2700 ff9e3800 005e1500 ff98cc00 0064a800 ff758b00
PCM 001088 008d9700 ff78d600 008a5700 ff829400 007e0600 ff7dd600 0082f700 ff8f3e00
PCM 001090 0071a300 ff85c400 0078f400 ff71e500 0090ba00 ff6c3f00 00977600 ff575e00
PCM 001098 00aa8600 ff5e4e00 00a4b700 ff66e900 009bd600 ff64a800 009c2e00 ff541a00
PCM 0010a0 00a95100 ff514800 00b00b00 ff506800 00b27400 ff3ad700 00c8ee00 ff2c3e00
PCM 0010a8 00d3d900 ff422500 00bc5e00 ff4b2a00 00b46500 ff288f00 00da8200 ff2b3500
PCM 0010b0 00d6b500 ff253100 00de0600 ff276200 00d98200 ff1d5400 00e25000 ff1c5900
PCM 0010b8 00e11b00 ff1d2800 00e05c00 ff1ec000 00e22f00 ff374a00 00c9f100 ff3c5f00
PCM 0010c0 00c78200 ff4f7700 00b32100 ff5f3900 00a28a00 ff4aa400 00b33b00 ff500500
PCM 0010c8 00ac2200 ff5d9f00 00a08a00 ff546300 00ab5600 ff644f00 009a1000 ff5afd00
PCM 0010d0 00a21900 ff698300 0098f000 ff76c700 008d8000 ff6dd500 00914000 ff7cd100
PCM 0010d8 0083a900 ff7c9500 00837f00 ff8b9300 00792d00 ff7d7300 00829b00 ff7af900
PCM 0010e0 008ae800 ff75b800 008a2700 ff736f00 0089b600 ff8c6000 00717d00 ff7c3e00
PCM 0010e8 00825e00 ff713f00 00922f00 ff8aff00 00786000 ff783100 00849000 ff766800
PCM 0010f0 00879500 ff843f00 007c4800 ffa0ec00 005fd800 ff9dd800 005e9a00 ff973500
PCM 0010f8 0067d300 ff7c7b00 00859400 ff8f3f00 00710200 ff8c5c00 006f3e00 ff7c0f00
PCM 001100 00836d00 ff7db300 00852700 ff72b100 008aed00 ff7dc200 0082be00 ff872900
PCM 001108 0074a500 ff971000 0067a300 ffbd8900 00404100 ffc78e00 00363000 ff956100
PCM 001110 006db900 ff8b0200 0070db00 ff9b1600 0062a400 ffbb2400 003c9e00 ffa34200
PCM 001118 005a4200 ff9c2500 00604c00 ffa6bd00 0057d000 ff93ef00 006a2900 ff921100
PCM 001120 0071c500 ff91c000 006de200 ff96f100 0066b400 ffa6f100 00541a00 ff9d4b00
PCM 001128 005e6500 ffa48e00 00599400 ff930200 006c7b00 ff842900 007f6200 ff9dea00
PCM 001130 0061a400 ff9b1e00 0063b800 ff93a500 006a4d00 ff8abe00 00792500 ff740a00
PCM 001138 00895800 ff85d900 007afe00 ffa23400 005ec400 ffa20400 005b3800 ffb59900
PCM 001140 00468000 ffbf4900 003f4900 ffc2cf00 003c7400 ffbbe000 00439400 ffb84a00
PCM 001148 0043c500 ffb63300 004c5700 ffb3b100 004eb500 ffb4d100 00486200 ffc10600
PCM 001150 003dfe00 ffba7f00 00473e00 ff9f1800 005fde00 ffa26a00 00604100 ffb00b00
PCM 001158 0051d600 ffbf5000 003c4a00 ffcb4300 00327700 ffda5200 00239800 ffefde00
PCM 001160 000d1c00 fff28a00 00086300 fff64600 000a3600 0013d400 ffe9b100 000b2b00
PCM 001168 fff1e500 ffffec00 fffdba00 fff06700 000cb000 fffacc00 00033500 ffefad00
PCM 001170 00123700 fff04f00 00136700 fff38c00 000aa300 000d8a00 ffef2d00 fffc1c00
PCM 001178 0004fd00 00144600 ffebf000 002b5e00 ffd33500 00124b00 ffecca00 002eea00
PCM 001180 ffd03b00 000bf700 fff02200 00099900 fff55200 0010ee00 ffeac800 0024ed00
PCM 001188 ffd83700 00248f00 ffd9bc00 002f8a00 ffcef200 00323300 ffc86300 0034e800
PCM 001190 ffc6ac00 003f1e00 ffbdc300 00508500 ffad9a00 004b4500 ffb0ec00 004f0b00
PCM 001198 ffae8400 00554100 ffa66c00 00725700 ff876100 006c4d00 ff90b200 004cb100
PCM 0011a0 ffb1a600 0053ff00 ffa9d300 004de300 ffb1d500 00458200 ffb6ec00 006b5700
PCM 0011a8 ff90a000 0074d700 ff890000 0072d300 ff887900 00663f00 ff924a00 0052ff00
PCM 0011b0 ffa5b000 004d4200 ffa8e200 00703800 ff8cd400 00710800 ff863b00 00809900
PCM 0011b8 ff74af00 00787800 ff818000 007f8800 ff7d4200 00614a00 ff9bd600 00591400
PCM 0011c0 ffa19e00 00529000 ffadc000 00567d00 ffa3ce00 0045ba00 ffb52300 002af700
PCM 0011c8 ffcede00 00193000 ffe01600 001e2500 ffdd5e00 0046f800 ffb67f00 0036fc00
PCM 0011d0 ffc17a00 00460d00 ffb86700 004e9800 ffae6500 005da900 ff9d4100 006b5b00
PCM 0011d8 ff8ce500 00721f00 ff870000 00594800 ffa5cb00 004f9600 ffabef00 004b2c00
PCM 0011e0 ffb0a700 0053b600 ffa99600 0044d600 ffb97600 003bd200 ffc1d700 0031ae00
PCM 0011e8 ffc9e100 002e4100 ffcb8100 003e6c00 ffba6200 004ef200 ffa76b00 0053a700
PCM 0011f0 ffa50500 00686f00 ff92a200 006e1000 ff8a0d00 00780f00 ff855c00 007d3d00
PCM 0011f8 ff7a3b00 00772900 ff7e3e00 00794800 ff813600 00675900 ff91b600 00841e00
PCM 001200 ff78ca00 009cee00 ff5d5300 0089f400 ff6fff00 006c7400 ff90b600 0058e800
PCM 001208 ff9dd800 00508c00 ffa7b900 00583400 ff9fd300 00726300 ff880c00 005dfa00
PCM 001210 ffa31800 005b2900 ffa0cd00 0080c200 ff76bc00 008ffe00 ff6edd00 00953e00
PCM 001218 ff667400 009d1000 ff5cf600 0088e200 ff772100 007ec800 ff7caf00 0083d700
PCM 001220 ff723c00 00a49700 ff549300 00a92d00 ff548e00 00bc6000 ff3d8700 00c4a100
PCM 001228 ff385400 00957600 ff666c00 0079a700 ff7f3200 00829600 ff789e00 007a3900
PCM 001230 ff81ad00 00785400 ff83ae00 00744700 ff854000 0080f100 ff782a00 009e3600
PCM 001238 ff5a9300 00bd5800 ff3bfd00 00c50b00 ff372c00 00cf4300 ff2d2500 00c7f400
PCM 001240 ff318200 00ad3100 ff4fe700 00a86700 ff522500 00bae100 ff3e8500 00b73f00
PCM 001248 ff424400 00c1f100 ff3bcd00 00d19600 ff2a2900 00e45d00 ff132d00 00df8b00
PCM 001250 ff1a0600 00de1800 ff1da000 00b45e00 ff42de00 00a44f00 ff54d000 00a33a00
PCM 001258 ff553e00 007edc00 ff7fad00 007e3000 ff7c9800 00a32600 ff57ab00 00bea500
PCM 001260 ff3b5100 00c7c600 ff356800 00b3df00 ff43f800 00aefa00 ff4d0d00 00aef600
PCM 001268 ff4d1600 00a27e00 ff534700 00b53100 ff3dd100 00b5bf00 ff41f500 00b99f00
PCM 001270 ff3f8e00 00c19d00 ff379100 00b3cf00 ff490a00 00b1fb00 ff4ad200 00ac0d00
PCM 001278 ff49ff00 00b96e00 ff406a00 00be6800 ff3bce00 00b9cd00 ff3df900 00c14d00
PCM 001280 ff35d800 009f1300 ff59ef00 007b0400 ff808e00 00884900 ff70a400 0083e300
PCM 001288 ff759900 00858900 ff769b00 0094fe00 ff65d800 00a9c300 ff53a500 009fc000
PCM 001290 ff59ca00 008f3900 ff6b3b00 008c8b00 ff6db100 009a2800 ff5cd100 008e3800
PCM 001298 ff6dab00 007add00 ff857b00 00768500 ff819a00 0083b800 ff78e700 00968000
PCM 0012a0 ff677d00 00859900 ff764b00 00849a00 ff77e200 0081c600 ff7c2900 00818400
PCM 0012a8 ff7bf100 00739900 ff82ed00 00696d00 ff8c00 ff9dd100 003cf800
PCM 0012b0 ffbc1800 005bbd00 ffa18b00 005bef00 ffa07400 0053d600 ffa48400 0057e700
PCM 0012b8 ffa07400 00533700 ffa68300 003a4300 ffc09e00 0036cb00 ffc88e00 003ac200
PCM 0012c0 ffc0a700 004d5b00 ffadb500 0053e500 ffaccf00 0034aa00 ffc82800 003e8f00
PCM 0012c8 ffbbdc00 003aa800 ffc3e300 001ab300 ffe49700 001f9200 ffe35700 00149900
PCM 0012d0 ffe89b00 fff51000 000a9400 fff17800 00081700 fff9e900 00070700 ffd02400
PCM 0012d8 002da400 ffc98100 00372a00 ffc8a800 003acc00 ffcc5c00 00325f00 ffe4ce00
PCM 0012e0 0019f500 fffb0200 0005a100 fff2cb00 0009c000 fff17800 0009a500 ffeea200
PCM 0012e8 000cfc00 ffd53100 002b2c00 ffe90300 00171e00 fff0ac00 00128300 fff06600
PCM 0012f0 000d1800 fff20d00 00084b00 ffe4ed00 001a1900 ffc64400 00355e00 ffce4b00
PCM 0012f8 00326000 ffb74600 00469a00 ff945300 006be200 ff897200 0071f200 ff731400
PCM 001300 008df300 ff8acf00 00730f00 ff8c6400 0073ce00 ff914300 006cee00 ff9a4200
PCM 001308 00645f00 ff7cad00 007e2900 ff86a200 00768900 ff85cb00 007ab600 ff902900
PCM 001310 00720b00 ffb4ab00 004a8400 ffb55700 004d6a00 ff9ca800 00660d00 ff837a00
PCM 001318 0076e600 ff752b00 008ac200 ff6d7b00 00958d00 ff6e4b00 00913b00 ff662600
PCM 001320 009d3600 ff60e700 00a03900 ff55e600 00ab3000 ff3d4d00 00c60200 ff184200
PCM 001328 00e92100 ff22e000 00df3400 ff32b200 00cc1e00 ff398b00 00c55100 ff459700
PCM 001330 00bbc700 ff3c4500 00c1df00 ff30d100 00d12e00 ff1be700 00e65400 ff06f900
PCM 001338 00fcae00 ff0ca400 00f42900 ff154400 00eb8900 ff226000 00e0dd00 ff38b900
PCM 001340 00c8c200 ff396000 00c82500 ff464d00 00b94900 ff3c7a00 00c66f00 ff3df800
PCM 001348 00c36e00 ff3a3400 00c6d300 ff389100 00c7fe00 ff42db00 00bbfc00 ff4fe400
PCM 001350 00ae3100 ff5cc600 00a3e500 ff423500 00bd8600 ff3d5800 00c58500 ff3a6c00
PCM 001358 00c2f700 ff4a2000 00b1d400 ff51dd00 00ad3000 ff4a5d00 00b56500 ff57bc00
PCM 001360 00a1da00 ff694f00 00983c00 ff698700 0096ff00 ff640000 00995b00 ff34fd00
PCM 001368 00c62e00 ff33bc00 00cfcf00 ff4d2800 00b45f00 ff560400 00ab0100 ff619b00
PCM 001370 009e8600 ff7dfb00 007ee900 ff961f00 00679300 ff81aa00 0082a400 ff7f7800
PCM 001378 007dc800 ff78fb00 00867400 ff71fd00 00931f00 ff6ef700 0094e600 ff730700
PCM 001380 008d8700 ff7fee00 00827800 ff71e900 00904a00 ff8fe400 006ef200 ffa8f100
PCM 001388 0058c300 ff8f3f00 00748800 ff7e4800 00813400 ff934d00 006c9900 ff903700
PCM 001390 006e1100 ff9cfd00 00624700 ff90c400 006c4300 ff8e3d00 00742700 ff90c500
PCM 001398 00723e00 ff871900 00797300 ff7bf400 00830400 ff815700 007f5f00 ff9a7800
PCM 0013a0 0061ce00 ffae3400 004c4500 ffb00100 004f9d00 ffb18500 004efa00 ffb72500
PCM 0013a8 004e4200 ffc71b00 0037b900 ffd5fa00 0029df00 ffd80e00 0024d100 ffc73600
PCM 0013b0 00351a00 ffc6f500 0035b500 ffca9d00 0035cc00 ffab8700 00527500 ff9bd400
PCM 0013b8 00680400 ffad9300 0058d800 ffbc2f00 0043be00 ffcd7300 002eff00 ffc46e00
PCM 0013c0 0039d200 ffc49900 0037d700 ffcd8500 002f0f00 ffea2b00 00170e00 fff1f400
PCM 0013c8 0009cb00 fff45400 0005bf00 fffe9d00 fffdb500 fffd4f00 00024f00 00111c00
PCM 0013d0 ffe7f700 000ef000 ffe6b900 0016ba00 ffe6d300 001d4b00 ffe42300 00222a00
PCM 0013d8 ffdfbe00 000a0200 fff13700 fffeda00 00003e00 00033e00 fffd6f00 000fd100
PCM 0013e0 ffec0900 fff91f00 0004d700 ffdf1800 001f4a00 ffd3f700 002e4c00 ffbcbd00
PCM 0013e8 0042dd00 ffb59200 004c1100 ffbd9000 0042c700 ffbd7700 003ea000 ffcbe900
PCM 0013f0 002fa500 ffd25400 002fb900 ffcac200 0034b200 ffaab800 00579b00 ffa07900
PCM 0013f8 00624a00 ffad9100 0053a000 ffb99300 00486200 ffc25c00 003aaa00 ffcbec00
PCM 001400 002c6300 ffeb4a00 00158d00 fff64900 00025200 fffb0700 ffffc500 00089200
PCM 001408 fff60400 fffc6f00 fffcfe00 00098700 fff5ca00 000d7d00 fff1ea00 00081400
PCM 001410 fff6b700 000c3600 fff45300 0016e600 ffe89b00 000ed000 fff07900 0005bc00
PCM 001418 fff82f00 002c9300 ffd24f00 0027ee00 ffd12800 00177c00 ffe91600 000ec500
PCM 001420 fff2fe00 00048200 fffa7a00 0010a700 ffeed400 00116a00 fff2b500 000dae00
PCM 001428 fff2da00 001f0900 ffe19f00 002aef00 ffd29000 0030ab00 ffd21900 002abf00
PCM 001430 ffd47300 001f1f00 ffe32400 00381b00 ffc74500 00495d00 ffb4ab00 0038f900
PCM 001438 ffcb0d00 00359100 ffc74500 0034c600 ffc6df00 00239a00 ffd96600 000e5d00
PCM 001440 ffef2200 00242200 ffdb8300 00348200 ffc89400 00128500 ffeaf900 fff9e500
PCM 001448 0002ed00 fff53000 00093000 fffbc300 00022400 00053200 fff89d00 0011ab00
PCM 001450 ffe8ab00 00250f00 ffdac000 00222200 ffda9000 00348300 ffc65100 00309800
PCM 001458 ffcd0e00 000ff200 ffeddb00 fffa0900 fffeff00 001bba00 ffe00400 00313800
PCM 001460 ffcd3300 003afc00 ffc4e300 002b2d00 ffd28900 00256700 ffd42e00 00030c00
PCM 001468 fff96800 ffdf6e00 001d8700 ffeab900 000fbe00 000ccf00 fff3fe00 0007f500
PCM 001470 fff2d400 fff08d00 000c9900 fff88600 0005bd00 00134500 ffece000 000abd00
PCM 001478 fff1c000 00170000 ffe5d300 002b4900 ffd73500 0043fc00 ffbac400 00545200
PCM 001480 ffa80700 00616c00 ffa04300 006dfb00 ff900300 006b3000 ff917800 004f3a00
PCM 001488 ffae5e00 004ce300 ffb07d00 0058f700 ffa46500 00453a00 ffb77000 00625a00
PCM 001490 ff9d3500 006f3900 ff8b7200 00606600 ff98c900 00481b00 ffb81b00 00548700
PCM 001498 ffacbf00 0065f700 ff997100 006dc100 ff92fb00 00747500 ff870800 00581900
PCM 0014a0 ffa1b800 0064ff00 ff975e00 007a0b00 ff804000 00850000 ff77da00 00826100
PCM 0014a8 ff777300 00691a00 ff980e00 00715900 ff8a4600 008e3e00 ff6d7e00 00995500
PCM 0014b0 ff5dcc00 009fce00 ff60ec00 006PCM 0014b8 ff8a2500 006c7900 ff91a200 0082d300 ff794b00 0098b600 ff64b300 009d6200
PCM 0014c0 ff5faa00 00999e00 ff626600 006c1700 ff8edc00 0055bd00 ffa5ec00 005c0100
PCM 0014c8 ffa35b00 0071ff00 ff8b5b00 007f7e00 ff7cb600 007d7f00 ff7f7e00 0094bd00
PCM 0014d0 ff69f000 0095cf00 ff660800 009db400 ff602e00 0073ed00 ff871c00 006fc000
PCM 0014d8 ff8e7f00 00681e00 ff946800 006ee600 ff8ad500 006d7b00 ff8e6300 0081e5PCM 0014e0 ff7c7400 008d9000 ff6ef400 0090da00 ff68f400 007b9200 ff7f6200 007d2900
PCM 0014e8 ff818500 00844900 ff78e100 00831b00 ff77ba00 007c0900 ff844b00 0085af00
PCM 0014f0 ff77b300 009cd700 ff62b400 009a2000 ff633e00 00ac5e00 ff52b200 00b2ac00
PCM 0014f8 ff4ae600 00b4d300 ff46a90c1a00 ff43fe00 00a1a500
PCM 001500 ff5b8400 00942000 ff636a00 00a51400 ff565800 00accb00 ff516300 008def00
PCM 001508 ff6bbb00 00756e00 ff894100 005d2b00 ff9d3300 003f3400 ffbbd200 00576400
PCM 001510 ffa41000 00691f00 ff900100 00731900 ff8dd000 00843000 ff79d700 007b1700
PCM 001518 ff805300 0086e900 ff71f300 005ae000 ffa21300 0053b500 ffaae500 005a6200
PCM 001520 ffa22300 00680c00 ff927100 00709b00 ff8fd200 00705500 ff8e2e00 0069a200
PCM 001528 ff937e00 004b8c00 ffae3c00 003c7100 ffc4ec00 004a2000 ffb24e00 004c0c00
PCM 001530 ffab7600 003b8600 ffc17800 005b4d00 ffa25d00 00549d00 ffa3e000 0059bPCM 001538 ffa51500 00660100 ff9b6600 004c9300 ffadc900 00353300 ffc93700 00430200
PCM 001540 ffbf2800 002f1f00 ffd13a00 0001cf00 fff77200 fff10400 000e3000 fff5d100
PCM 001548 0008da00 00094900 fff7a400 0009cb00 fff67e00 ffdcf400 0025c900 ffda1700
PCM 001550 00253400 fff40400 000ee200 ffdcb500 00261c00 ffbc7c00 00417f00 ffb96800
PCM 001558 00480600 fff0e300 000c7800 ffe49800 001ca000 ffd4a000 002bb900 ffc80500
PCM 001560 00356500 ffc2d400 003d7600 ffc37d00 003efc00 ffc76a00 00345200 ffc5e400
PCM 001568 00373900 ffc36400 00432700 ffb6e700 00485c00 ffa90d00 005e3600 ffba0d00
PCM 001570 00484600 ffc6c900 003a3c00 ffc1a600 003f1100 ffb9ed00 00472d00 ffa28a00
PCM 001578 005a8500 ffa6b400 00597b00 ffaf2200 00548800 ff90fb00 00709900 ff7bab00
PCM 001580 00842700 ff9da900 00654900 ffbea8PCM 001588 0047e700 ffc9d000 00381a00 ff982f00 00619100 ff92c800 006cb200 ff80a800
PCM 001590 007c0500 ff7e3500 007e6000 ffa33c00 005b0b00 ff98ef00 00670900 ff92b300
PCM 001598 006f2d00 ff92a100 006e6f00 ffa7bf00 005da200 ff859100 0079a700 ff66f100
PCM 0015a0 00986e00 ff763500 008cad00 ff5f6500 009ff000 ff579d00 00ab2500 ff4ad900
PCM 0015a8 00b63200 ff4a9700 00b40c00 ff49a400 00b5c800 ff398000 00ca5500 ff38c300
PCM 0015b0 00cadc00 ff2fa600 00d4e300 ff1cbc00 00e7b700 ff1ceb00 00e26100 ff245200
PCM 0015b8 00df9600 ff1e8b00 00e50c00 ff181f00 00eb0500 ff2e1f00 00d21900 ff35c700
PCM 0015c0 00cc2800 ff46eb00 00bbc200 ff351d00 00cbf300 ff3edb00 00c75600 ff371900
PCM 0015c8 00ca6f00 ff2d6a00 00d5c000 ff4d3000 00b71f00 ff64f300 009ccf00 ff55e000
PCM 0015d0 00acc800 ff2f9500 00d3d600 ff226900 00e15800 ff295400 00d77800 ff0f9900
PCM 0015d8 00f80000 fefe3f00 0101a600 ff142400 00ee8c00 ff263d00 00db5500 ff103000
PCM 0015e0 00f30800 ff453900 00bf5800 ff5f1100 00a37c00 ff5c4200 00a40f00 ff36ba00
PCM 0015e8 00ca2800 ff3cf900 00c4b000 ff539100 00acc100 ff43fd00 00be0e00 ff6a6d00
PCM 0015f0 00976a00 ff78a100 0084d300 ff717d00 008ede00 ff6c2200 00946400 ff646500
PCM 0015f8 009c4b00 ff53c400 00ab8100 ff3ceb00 00c35900 ff403400 00bfcc00 ff372300
PCM 001600 00c74500 ff49e500 00b5eb00 ff415600 00ba9800 ff3b4000 00c43600 ff33cb00
PCM 001608 00cfb700 ff3b1a00 00cac900 ff2fd200 00d46200 ff1ce900 00e94f00 ff118b00
PCM 001610 00ef4100 ff0f3700 00f4da00 ff012500 01030c00 fef4fd00 010d4900 ff0bc200
PCM 001618 00f73300 ff2e6400 00d40800 ff428100 00c2e700 ff3e3100 00c22e00 ff0c2300
PCM 001620 00f1e900 ff04f400 00fe7200 ff275b00 00dbb700 ff52b100 00acdb00 ff68f500
PCM 001628 009b5e00 ff4c2f00 00b64800 ff627b00 009c4400 ff64a300 009ae700 ff4d7500
PCM 001630 00b7d800 ff5b4f00 00a57f00 ff66f100 009abf00 ff6c6700 0092e600 ff2f6400
PCM 001638 00cfb000 ff243000 00df9000 ff2e2a00 00d42000 ff305d00 00ce8500 ff26fe00
PCM 001640 00dbcb00 ff2d9200 00d2f600 ff36e800 00c8a500 ff460800 00baf300 ff4b6800
PCM 001648 00b54d00 ff5caf00 00a3aa00 ff7bfb00 00809800 ff759a00 0084e000 ff674500
PCM 001650 00979200 ff6c5400 00954600 ff60e200 00a0ab00 ff451600 00b96600 ff5cef00
PCM 001658 00a7af00 ff5f2900 009f2200 ff536e00 00a9ad00 ff615b00 009f6400 ff4a7b00
PCM 001660 00b49900 ff4cf200 00b85200 ff44db00 00bc9c00 ff44cf00 00ba5100 ff523b00
PCM 001668 00af2f00 ff75e200 008ab800 ff682600 0098de00 ff603e00 00a2e700 ff531200
PCM 001670 00ab6000 ff784c00 0086f300 ff841200 007f1100 ff75bc00 008b0000 ff750000
PCM 001678 008aee00 ff8cb700 00741500 ff8acd00 00755600 ff7a9c00 0082b200 ff884400
PCM 001680 00739800 ff9cbb00 0061e600 ffa49200 005eb600 ffa40000 005ba700 ff9f9e00
PCM 001688 005f4b00 ffb17900 00517100 ffaedf00 004c3600 ffaa1f00 0056ee00 ffd28900
PCM 001690 002a1300 ffbfaf00 00404700 ffb75300 004c0400 ffaa7d00 00551c00 ffb81700
PCM 001698 00446800 ffc86900 00368600 ffd80200 00289a00 ffdb7a00 00244500 ffd16e00
PCM 0016a0 00320000 fff02900 00114900 fffd2c00 00087200 ffdcf100 001f5000 ffe1b700
PCM 0016a8 001afc00 ffdd0000 0024a600 ffccb500 0030ec00 ffe13400 001b9500 ffda1900
PCM 0016b0 0022f200 ffde9600 00211500 ffceff00 00325300 ffceb500 00331100 ffef9f00
PCM 0016b8 00101200 ffc59200 00354200 ffe05100 00211e00 ffd74100 00261f00 ffe3be00
PCM 0016c0 001ebc00 ffe9ec00 0010e500 fff0ca00 000ed500 ffe96c00 00172700 ffd76a00
PCM 0016c8 002cc100 ffe77000 0018d600 0005fb00 fffa3b00 fffedd00 00045e00 fff4ae00
PCM 0016d0 000b3300 ffd5b200 00267e00 fff62200 0009de00 000f4700 ffece500 fff87e00
PCM 0016d8 00068a00 ffe39b00 0018d800 fff1ea00 000deb00 00108900 ffead000 0012df00
PCM 0016e0 ffea6200 00250000 ffda5100 00362500 ffc7cf00 002bf300 ffd12800 000a5d00
PCM 0016e8 fff33600 fffe0600 ffffe700 ffdcf000 00213600 ffd75f00 00296400 ffced200
PCM 0016f0 00347b00 ffd0fd00 002e5f00 ffe0db00 001e3f00 00078f00 fff91600 00066300
PCM 0016f8 fff8f300 fff90600 0008de00 ffe9d400 00148600 ffe0b800 00206400 ffd8a000
PCM 001700 00250b00 ffe1c100 001c5a00 ffeae400 00144900 fff9d700 00064400 00034100
PCM 001708 fffabe00 fffb6700 0000c700 fff9aa00 0004d900 00005000 0001ed00 fff96800
PCM 001710 0000f800 ffe24a00 001d7600 000d1200 fff02700 00268200 ffd74500 002c7200
PCM 001718 ffd11c00 003e7e00 ffbe3700 003ebd00 ffbf1800 00289600 ffd7aa00 0017ab00
PCM 001720 ffe42b00 000b2e00 fff30400 001c1d00 ffe1f600 00388d00 ffc47900 00251e00
PCM 001728 ffd6a100 00217300 ffdbeb00 0014f000 ffe52200 0036de00 ffc26f00 004e8a00
PCM 001730 ffaf7a00 0061a700 ff9eb700 00619400 ff989100 0058de00 ffa42f00 00650500
PCM 001738 ff96a300 004fd400 ffa8c600 004f3900 ffab0b00 00536900 ffa79800 00441300
PCM 001740 ffb41500 00348100 ffc7f200 0030e700 ffc91800 005e0700 ffa1f200 005c4600
PCM 001748 ff9e5c00 00596a00 ffa5f900 00753100 ff895e00 006f7900 ff8c1e00 0062b400
PCM 001750 ff977900 00568a00 ffa61400 004ee600 ffb1fc00 0048a100 ffb65100 00327a00
PCM 001758 ffccce00 0030a900 ffc87a00 00298300 ffd3e500 0036e700 ffc23600 005ba900
PCM 001760 ff9f3900 004b5900 ffb3fb00 00597300 ffa36300 00545500 ffa76400 00565300
PCM 001768 ffa3e800 0056a700 ffa6aa00 00483f00 ffb37400 005f4f00 ff9bb700 00611000
PCM 001770 ff9b8400 006a9f00 ff8e3800 0091b200 ff6c8200 00ac5600 ff504900 009a9700
PCM 001778 ff621900 0097d900 ff638c00 009f8a00 ff5bf300 00921600 ff6bbd00 00774600
PCM 001780 ff852900 00738d00 ff870d00 00634f00 ff98a000 005f7000 ff98df00 00500f00
PCM 001788 ffa78e00 00400600 ffbbbb00 00566500 ffa5f600 00365e00 ffc63100 00418800
PCM 001790 ffb92300 0043da00 ffb81300 00330f00 ffc99d00 00306d00 ffcd3e00 001a6800
PCM 001798 ffdf9400 0027b900 ffdc7900 003f6c00 ffc04400 0044e400 ffba8500 002f3200
PCM 0017a0 ffd17800 00266d00 ffd8e400 003a3b00 ffc76000 003b0100 ffc62a00 00466400
PCM 0017a8 ffbb6b00 003ed900 ffc1d700 002dc000 ffcfb000 00302c00 ffcdd600 00447500
PCM 0017b0 ffbc7900 00460f00 ffb6ae00 003a2900 ffc2f500 00312300 ffc95800 00259400
PCM 0017b8 ffd64d00 001fc300 ffdf5e00 00173d00 ffe9f500 00040e00 fffc1700 000abb00
PCM 0017c0 fff2e400 001f2b00 ffdcc400 000b7d00 fff1b700 fff2f600 0007ff00 ffded300
PCM 0017c8 00200500 ffda5600 001ff700 ffca1000 0030c800 ffbb3300 0046ac00 ffcece00
PCM 0017d0 002f4f00 ffded000 001e6a00 ffcb6500 00320600 ffd89c00 00289e00 ffc7a100
PCM 0017d8 0039c900 ffcbef00 00347600 ffbffc00 003dd400 ffbba900 00430800 ffc49e00
PCM 0017e0 003c0900 ffce1d00 002f8a00 ffcb8700 00324e00 ffc17a00 003cf100 ffac8f00
PCM 0017e8 0052c700 ffa3d400 005cf000 ffa20b00 005dbf00 ff98c700 00645d00 ff8a9700
PCM 0017f0 00755d00 ff903700 006c8700 ff95cb00 0069a100 ffa02b00 005ec000 ffa43500
PCM 0017f8 005cd100 ffc0f500 00411e00 ffca0000 00377f00 ffcf1300 00321e00 ffd3b800
PCM 001800 002e9700 ffa46700 005b8900 ff960100 00686400 ff8bb300 0070ee00 ff6c8f00
PCM 001808 0095c400 ff8c4f00 00726300 ffa64500 0056dc00 ffae4e00 0050d400 ffc36100
PCM 001810 00406300 ffabf900 0052cb00 ffa40400 005f6c00 ff7f8d00 007aca00 ff6d3200
PCM 001818 0091fa00 ff777400 0083a100 ff7c4000 00867a00 ff728600 00908600 ff7eeb00
PCM 001820 007dca00 ff8f2300 006fcd00 ff885c00 007b6800 ff8eea00 00711400 ff77be00
PCM 001828 00827f00 ff710800 008da800 ff566d00 00aac700 ff37e100 00c9d500 ff1bc500
PCM 001830 00e8f600 ff263700 00dfee00 ff363400 00cd7400 ff47cb00 00b86900 ff5a0800
PCM 001838 00a81700 ff5bd200 00a47000 ff664200 009c6600 ff71af00 008e6f00 ff9c2a00
PCM 001840 00638800 ff8ab000 0074f500 ff984300 0068db00 ff7ea800 00834700 ff770700
PCM 001848 00876800 ff65ed00 009b1a00 ff738f00 008a6e00 ff993900 00663200 ff920b00
PCM 001850 006d9c00 ff758100 0087c600 ff82c100 007f1200 ff71d700 008deb00 ff6dd500
PCM 001858 00956600 ff751e00 008de100 ff6b3600 0093b200 ff742400 008c9600 ff8f2600
PCM 001860 006e8700 ff8c8d00 0070f100 ff965300 00678900 ff895000 00757b00 ff7ea900
PCM 001868 007e5b00 ff64d100 009a1000 ff781400 0083be00 ff791600 00822500 ff8e9100
PCM 001870 006d9800 ffa9cf00 004fdd00 ffb92000 00445c00 ffb88300 00468300 ff96a000
PCM 001878 00679000 ffa49500 0058b100 ffbc4400 003fae00 ffa95400 005ca800 ffa79a00
PCM 001880 00577e00 ffb48900 0049de00 ffb83c00 00429000 ffacd300 0052fe00 ff94e000
PCM 001888 00650a00 ff860100 007a2900 ffa1e200 005e7d00 ff93b300 0069ca00 ffa7b900
PCM 001890 0057ec00 ff97ff00 0066bc00 ff7e5600 00840e00 ff81a600 007fd400 ff8fc600
PCM 001898 006f6200 ffa43800 0059dd00 ff927500 0069f200 ffaf8b00 004e5b00 ffc53100
PCM 0018a0 003b5700 ffa4d500 00589800 ffa3de00 005b3100 ffbd8300 003f8b00 ffcc7100
PCM 0018a8 0030ed00 ffcf2300 002e7000 ffc35e00 00395800 ffa8c500 00565400 ffb32400
PCM 0018b0 004ae700 ffa67400 005c1100 ff967600 0066b000 ff999800 00679b00 ffa0a500
PCM 0018b8 005b5b00 ffc43700 003a5900 ffc66900 0036da00 ffba0a00 003f7000 ffbda100
PCM 0018c0 0040ff00 ffafc000 0053c600 ffa7cb00 00551400 ffb70f00 00473600 ffbd6b00
PCM 0018c8 003eb600 ffbcda00 00423c00 ffb10700 004a6d00 ffb85500 00452600 ffbc8100
PCM 0018d0 00431700 ffef4d00 000ed300 ffe8de00 0012fb00 ffd53800 00282100 ffPCM 0018d8 00480300 ffdce600 00245900 ffef0000 00108e00 ffe93200 00170400 ffee4000
PCM 0018e0 00145d00 ffbf4e00 003c1900 ffd1ea00 002cda00 ffbf3500 00410700 ffae7200
PCM 0018e8 004fd900 ff9bde00 00639c00 ffa3cc00 005b3300 ffb69d00 00425300 ffca7c00
PCM 0018f0 0032c800 ffc4f900 0039c600 ffa64a00 0059d600 ff9ea800 005db000 ffb3d000
PCM 0018f8 00486b00 ffbd4800 0042fe00 ffd5c100 00295b00 ffe19300 001ae800 ffcd4a00
PCM 001900 002e6300 00030100 fffc6200 0014a100 ffe7ec00 00246500 ffdaae00 001a2a00
PCM 001908 ffe1b200 fff6a000 0005ca00 ffe1ab00 00199400 ffd5ed00 00259e00 ffe62d00
PCM 001910 0016de00 ffe37800 0017e500 00009f00 fffc8c00 0002e300 fff8bc00 fff25c00
PCM 001918 00090000 fffe6000 fffe9000 001f6400 ffddf600 0029cb00 ffd04500 00224d00
PCM 001920 ffd84d00 002d6700 ffced800 002ded00 ffccf200 00270d00 ffd66500 00220700
PCM 001928 ffd67b00 001edf00 ffd7f500 002d9300 ffd03200 00405600 ffbc5800 0028e800
PCM 001930 ffd26d00 0016c400 ffe41d00 0032c300 ffc83e00 0025f400 ffd45b00 00107b00
PCM 001938 ffedfe00 0011be00 ffeaa300 00237d00 ffda5100 004a6200 ffae0d00 0037a200
PCM 001940 ffc23f00 0021cf00 ffd96800 00112500 ffed2200 0015f600 ffe5f000 0004c400
PCM 001948 fff39000 ffffd100 fffac100 ffe92100 0013ec00 ffcbc900 002f6000 fff09900
PCM 001950 000d7800 00047900 fff98700 ffee9000 000e1b00 fff1b000 000cc400 00076800
PCM 001958 fff64600 0027b900 ffd68800 00329b00 ffcb0600 00246500 ffd77500 00295b00
PCM 001960 ffd03c00 00531100 ffaa3700 0051a200 ffa99e00 003bd200 ffc2ad00 0043d900
PCM 001968 ffb71a00 002e7100 ffcb9800 0032a900 ffc60000 00388300 ffc17200 00248a00
PCM 001970 ffd7e100 002de100 ffd07400 003b2f00 ffbe9b00 003c1700 ffc2a400 00390b00
PCM 001978 ffbf4700 00270a00 ffd7a300 0012d600 ffebd700 0017ae00 ffe80d00 00110100
PCM 001980 ffec0900 00228400 ffda4c00 002d4500 ffd0c300 002b7c00 ffd15f00 003e2900
PCM 001988 ffbf7400 004b8f00 ffb2ad00 002ce400 ffcb1a00 001e2900 ffdc5600 003cf900
PCM 001990 ffbfa000 00276b00 ffd42e00 00411100 ffb88100 005df600 ff9b1300 003ee400
PCM 001998 ffb9b700 00510d00 ffaa2a00 00589200 ff9f1400 00749900 ff865700 00756200
PCM 0019a0 ff82d800 00859400 ff72e500 008a3d00 ff706d00 006e0300 ff8e3000 005bab00
PCM 0019a8 ff9d9f00 005c3a00 ff9e2000 00730200 ff86bc00 0093e200 ff651200 00931900
PCM 0019b0 ff687600 007f8e00 ff7c8a00 00813e00 ff7bc800 0088bc00 ff6ebd00 0090fe00
PCM 0019b8 ff693f00 0071c900 ff8a1600 00875f00 ff766800 00a09e00 ff59cb00 0097ac00
PCM 0019c0 ff63d100 00a30300 ff54eb00 009b6200 ff5d9100 0081e500 ff7b1900 00867000
PCM 0019c8 ff741f00 007a1c00 ff7f4c00 0088a200 ff6fe500 00824400 ff782e00 00799300
PCM 0019d0 ff827c00 00a2b500 ff574200 00c2db00 ff3b7000 00b2b300 ff47ad00 00a6d600
PCM 0019d8 ff553800 0097e400 ff654800 00a4c400 ff539d00 00bf0d00 ff3de700 00ae4500
PCM 0019e0 ff4b4f00 00b77700 ff420a00 00a3a100 ff57cb00 0079c600 ff7e3a00 00820e00
PCM 0019e8 ff775600 0099f000 ff638600 009aa600 ff5f9100 00b6e600 ff43cd00 00ac6100
PCM 0019f0 ff4f7900 009e5900 ff5ee900 009f8e00 ff589400 00a7d200 ff578200 00c2ed00
PCM 0019f8 ff39db00 009d2d00 ff5f4d00 00895900 ff745400 00827a00 ff7be900 006d6b00
PCM 001a00 ff8c7600 00639a00 ff94bd00 00654d00 ff975f00 00660d00 ff923600 005b3400
PCM 001a08 ff9d6000 00740500 ff85be00 00731700 ff87cc00 00845900 ff732e00 007a0c00
PCM 001a10 ff81cb00 00794900 ff87d300 00994300 ff651300 009d4d00 ff551400 009f2400
PCM 001a18 ff5b6d00 0090cb00 ff6b3200 008d8600 ff6b8c00 007d1600 ff7cfb00 00715600
PCM 001a20 ff86ee00 007aa500 ff7ddb00 009cae00 ff5dcf00 00a9c600 ff502700 009fc600
PCM 001a28 ff5d4800 00b24a00 ff42d000 00a4aa00 ff506200 00b0a500 ff4d2300 0092dd00
PCM 001a30 ff6bad00 00821000 ff787d00 00865700 ff753600 0081e600 ff7b6000 00902f00
PCM 001a38 ff69ec00 008f1100 ff6d4200 00804c00 ff7c7200 00919f00 ff67b100 00a4cd00
PCM 001a40 ff5b2100 00be6600 ff42ad00 008f9b00 ff6b0300 006ec400 ff8ef600 0070b200
PCM 001a48 ff88e200 008a4c00 ff6fbb00 00942f00 ff682d00 009e7300 ff599000 008ae000
PCM 001a50 ff721e00 0080da00 ff7c0300 00847d00 ff757000 008f2c00 ff68b700 00775400
PCM 001a58 ff82dc00 006fd900 ff8a9e00 00582500 ffa2e300 0053d500 ffa54200 00589800
PCM 001a60 ffa5fa00 004db400 ffae0400 00427b00 ffbdaa00 00644900 ff98e700 0088d400
PCM 001a68 ff70ce00 0081c600 ff792e00 006f3b00 ff874b00 0063e800 ff932e00 005c5f00
PCM 001a70 ffa09c00 00388700 ffc35c00 00507b00 ffab8600 00659700 ff95a900 00536d00
PCM 001a78 ffa54500 00680400 ff915600 006feb00 ff8a2c00 00556f00 ffa43100 0041ae00
PCM 001a80 ffb7f900 00473000 ffb59c00 004b1700 ffad4e00 005ecf00 ff9cd400 005c6d00
PCM 001a88 ff9d0800 0082d200 ff763600 008a5700 ff706400 007fc100 ff77e500 00687600
PCM 001a90 ff90a900 0062ae00 ff940d00 0060ab00 ffa13c00 00510800 ffaaa800 00242d00
PCM 001a98 ffd62b00 00055900 fff4b200 0012f200 ffe35a00 00116300 ffe62a00 00223500
PCM 001aa0 ffd6c600 00289400 ffd4c900 000d8300 fff17400 000e4800 ffedcd00 003a5800
PCM 001aa8 ffc04900 003c5c00 ffbe7100 002b3000 ffcd4f00 0021d600 ffdd5400 0002e700
PCM 001ab0 fff61000 fff9ad00 ffffba00 ffffec00 fff66600 00272700 ffd05400 00334400
PCM 001ab8 ffc8ab00 00410e00 ffbbc400 004e1000 ffb0ff00 00423c00 ffb8d000 00389900
PCM 001ac0 ffc5a800 0030fd00 ffc8f500 0024d800 ffd96b00 003e9100 ffbfc200 0043c800
PCM 001ac8 ffb61800 003c6c00 ffbf8600 005ae300 ff9cbc00 00512000 ffaad400 00584300
PCM 001ad0 ffa4cb00 005a3b00 ff9f3600 0067b200 ff97dd00 00874800 ff712f00 0098ef00
PCM 001ad8 ff609b00 0097de00 ff632100 00874600 ff71d100 0079a100 ff816200 00660500
PCM 001ae0 ff977b00 00671400 ff953100 00820a00 ff761500 008f5500 ff6dfc00 007bce00
PCM 001ae8 ff7f0900 007d5d00 ff7ae700 007fb900 ff7cbe00 0073fa00 ff877300 00673800
PCM 001af0 ff920400 00756100 ff84bb0PCM 001af8 ff681e00 009aac00 ff637a00 00834b00 ff78c900 0080f200 ff78b400 007cb800
PCM 001b00 ff78fd00 00794800 ff7fc600 00673f00 ff8f0800 004f2c00 ffa85400 0062a900
PCM 001b08 ff95ed00 00767800 ff872400 00782300 ff849200 0061ec00 ff9a1a00 00650f00
PCM 001b10 ff960500 0082e600 ff761800 008d7e00 ff6dc600 0062d600 ff95a600 005ce700
PCM 001b18 ff9e0b00 006e2000 ff8bfa00 007e2500 ff784f00 00809900 ff79ef00 00808d00
PCM 001b20 ff7b2c00 008b6a00 ff6e0100 008b9d00 ff6a6300 008c9f00 ff6d3a00 00653000
PCM 001b28 ff956a00 0073c600 ff886700 008aac00 ff6f6000 007d8f00 ff790e00 00761b00
PCM 001b30 ff82f800 005dcf00 ff9a9a00 0049f500 ffaf4600 0056e600 ffa25f00 006f1700
PCM 001b38 ff8afd00 007df800 ff7d2200 007a8e00 ff7a4100 009aa000 ff647300 00954600
PCM 001b40 ff62ae00 0086cc00 ff73ad00 008ada00 ff6fee00 008d4d00 ff6f2700 008a9600
PCM 001b48 ff700800 0083c100 ff787700 00876f00 ff726d00 00985d00 ff616d00 00792500
PCM 001b50 ff83cc00 007f2f00 ff781600 00819300 ff71a700 0082fd00 ff764d00 0091e200
PCM 001b58 ff672e00 0099e100 ff60e200 0087ea00 ff765d00 008b5200 ff6e7700 0085c600
PCM 001b60 ff75a800 00861d00 ff741d00 006cb400 ff8d4d00 00796500 ff815e00 00797400
PCM 001b68 ff818a00 007f2200 ff7e9400 0075c900 ff854400 007a6a00 ff813200 0064df00
PCM 001b70 ff994900 006f8300 ff8bae00 00799700 ff81bd00 0082be00 ff77df00 008d0e00
PCM 001b78 ff6eaf00 00981e00 ff613400 0098aa00 ff61fc00 00930600 ff69a000 00959100
PCM 001b80 ff63bf00 0083de00 ff771500 00805300 ff76b000 0067fd00 ff8d1000 00762b00
PCM 001b88 ff83d700 00856600 ff73e900 00878a00 ff731400 0077d800 ff837400 0052c500
PCM 001b90 ffa62800 004fa800 ffaaa800 006c9400 ff8dd200 0077b900 ff81c800 0091a100
PCM 001b98 ff654a00 0096f500 ff613900 009a9c00 ff613d00 00983d00 ff64a300 007b8600
PCM 001ba0 ff7fd000 008b0a00 ff6d2800 008ba500 ff6d5500 007b4600 ff7f7200 006ebb00
PCM 001ba8 ff8f4900 00621f00 ff949800 006dac00 ff8d0a00 0075bb00 ff860a00 007e7900
PCM 001bb0 ff793b00 007d4400 ff7adc00 00849300 ff737400 008bd300 ff6f7b00 008d7300
PCM 001bb8 ff687500 00963500 ff660f00 006d1300 ff8f7300 006fa900 ff8aa700 007d6200
PCM 001bc0 ff79b600 00806200 ff799700 00737c00 ff840b00 00677a00 ff948800 007bc100
PCM 001bc8 ff811500 0078ad00 ff837600 00650d00 ff950800 00766700 ff86fc00 0074a300
PCM 001bd0 ff86b600 007ac100 ff843900 007be000 ff7fae00 008d3900 ff6caf00 0087e600
PCM 001bd8 ff731100 00862900 ff751a00 00853b00 ff75b000 0077bd00 ff7eb300 0087ae00
PCM 001be0 ff728b00 0089f300 ff705b00 00882200 ff74fb00 00a00600 ff5ae000 00a41900
PCM 001be8 ff57ba00 009fa900 ff5a2d00 009a8000 ff5ef500 00b16a00 ff4dae00 00c7a200
PCM 001bf0 ff2d4800 00a9d100 ff500d00 009e1a00 ff5c5900 009bd100 ff5acc00 00ba9600
PCM 001bf8 ff3c7800 00d38a00 ff262700 00c95500 ff300f00 00b4be00 ff40ee00 00a08500
PCM 001c00 ff5c5000 0089e700 ff717c00 0082e000 ff79ca00 00928600 ff6b1f00 00980c00
PCM 001c08 ff61ad00 00a2d800 ff57c000 00a5d400 ff550a00 00a49700 ff54c100 00853700
PCM 001c10 ff73a200 009b9500 ff5e5f00 00ae1600 ff4ce500 00927700 ff665200 008f0900
PCM 001c18 ff6d4e00 00addb00 ff4ed900 00a4db00 ff56ea00 0095b600 ff627800 00967900
PCM 001c20 ff62e100 00a29a00 ff598e00 00a44700 ff50fd00 009fdc00 ff5ec800 00977200
PCM 001c28 ff5d9a00 009ea000 ff5b6200 009e3300 ff59e000 00b05a00 ff47c800 00c90100
PCM 001c30 ff2ce600 00c4e100 ff30a300 00b1d300 ff41fd00 00b76b00 ff3df800 00cd5a00
PCM 001c38 ff2b4800 00b97300 ff414700 00b57400 ff433c00 00bae600 ff3ddf00 00c58f00
PCM 001c40 ff337c00 00be4900 ff3c6b00 009d5e00 ff5cb000 0097bc00 ff60d600 00889800
PCM 001c48 ff738900 009c0900 ff5ccd00 00aff300 ff47df00 00b2e500 ff47b700 00b35a00
PCM 001c50 ff48d600 008db500 ff6ebe00 0085df00 ff71d600 00a67100 ff54a200 00b5fb00
PCM 001c58 ff49a500 00b18800 ff478b00 00cb9e00 ff2ecb00 00e23700 ff1cb400 00dd8f00
PCM 001c60 ff1b2d00 00d63300 ff206900 00da1d00 ff1c9200 00ce6c00 ff266100 00c7b500
PCM 001c68 ff309100 00c3c100 ff35eb00 00a84d00 ff50fd00 008fb900 ff6a8f00 00881200
PCM 001c70 ff759a00 00947200 ff626a00 007cba00 ff7f3300 008f4900 ff693c00 00943f00
PCM 001c78 ff666e00 0098d200 ff5f5900 009fe600 ff569b00 00af8100 ff48a900 00a71f00
PCM 001c80 ff513e00 007d7f00 ff7a0900 007de200 ff7b9800 0093ef00 ff63b800 0098dc00
PCM 001c88 ff61c800 008f0e00 ff659d00 00979700 ff61e200 00a01f00 ff5e0500 00945800
PCM 001c90 ff696d00 009a4000 ff5d2b00 009d9100 ff5d1300 007d3600 ff82c600 007b2100
PCM 001c98 ff7fa100 006f3c00 ff8e8700 006c0a00 ff8eb900 0083dc00 ff77a200 008af900
PCM 001ca0 ff6fd800 0083ed00 ff74d000 00a56000 ff54bb00 00bd7100 ff3e9900 009c2500
PCM 001ca8 ff592e00 007fe100 ff7b4200 008ad100 ff747100 00a61700 ff536300 00a68e00
PCM 001cb0 ff559100 00b10100 ff48f200 009e7f00 ff5ca700 009d9900 ff5de700 00913e00
PCM 001cb8 ff6b7f00 0089da00 ff6fd900 00810a00 ff79af00 00721600 ff860c00 005e9200
PCM 001cc0 ff9a3b00 006dd300 ff8c5700 007ecc00 ff809100 00667b00 ff925b00 0078fa00
PCM 001cc8 ff7c2000 0065c500 ff94c300 00393e00 ffc00a00 00505900 ffacae00 003ab800
PCM 001cd0 ffc2b400 00344900 ffc8f700 00044800 fff70f00 00248900 ffd6a500 00332f00
PCM 001cd8 ffc7c600 0033dc00 ffc7ea00 004aa000 ffb15800 0053f200 ffad1200 00507600
PCM 001ce0 ffaa9900 004d1900 ffb11d00 00323c00 ffca7b00 003ab600 ffc29400 00348f00
PCM 001ce8 ffc97e00 002fa000 ffceb700 00433600 ffbca400 0050c700 ffa9e500 00521500
PCM 001cf0 ffa95500 005b9d00 ffa57d00 005c0d00 ffa35d00 00327100 ffc8fc00 0019aa00
PCM 001cf8 ffe00c00 00238200 ffda4800 00103d00 fff0b700 000d8e00 ffee6800 00160f00
PCM 001d00 ffe53900 001d2d00 ffe1bc00 0028f300 ffd43300 00352000 ffc9cf00 0021a400
PCM 001d08 ffe01700 00313200 ffce4c00 0028d400 ffd49500 0032a700 ffcee000 001b7400
PCM 001d10 ffdf9600 0015e900 ffe74d00 001d2900 ffdf4100 002c0400 ffd4bc00 0028a800
PCM 001d18 ffd64300 00216a00 ffdafc00 002c0d00 ffce3c00 00322200 ffc77a00 0042ca00
PCM 001d20 ffb8df00 0035e500 ffc51f00 003d7500 ffc00000 002fe300 ffcc7500 0025b400
PCM 001d28 ffd4f600 001c9f00 ffdf5e00 00465a00 ffb68100 0055b600 ffa5c200 004f1300
PCM 001d30 ffabc000 004f8300 ffaf8d00 00306300 ffcbc900 00246300 ffd79d00 001bca00
PCM 001d38 ffe0a100 001bfa00 ffe0bb00 001d0e00 ffe0e900 00280100 ffd47500 000e4800
PCM 001d40 ffed1200 0010e100 ffea7f00 0011ad00 ffea2600 000d5d00 ffee9400 0008c800
PCM 001d48 fff43f00 001cPCM 001d50 ffbf0c00 0064ac00 ff926c00 00730200 ff852200 0063ed00 ff9b4b00 005ef800
PCM 001d58 ff9bb900 005a2000 ffa35000 0044a000 ffb8e100 00382300 ffc62a00 0062a200
PCM 001d60 ff9ba400 0087b000 ff753000 007cdd00 ff7dcc00 0079ba00 ff83e200 00811700
PCM 001d68 ff7b6800 0075fd00 ff869100 00643b00 ff993000 005f4300 ff9ee600 0059c900
PCM 001d70 ffa1b200 005fdc00 ff9a6700 00430f00 ffb8aa00 0061e700 ff978600 007bdc00
PCM 001d78 ff7db300 0054f700 ffa5ae00 00378600 ffc67e00 00452500 ffb71a00 00583600
PCM 001d80 ffa1db00 0053c200 ffa78700 00305000 ffce2200 00378f00 ffc78200 00419400
PCM 001d88 ffbb3d00 0046ad00 ffb3c300 00571800 ffa1d500 0047cd00 ffb29000 00315f00
PCM 001d90 ffc7a800 0039ff00 ffc6a500 00250600 ffd78300 00172400 ffe24000 00224b00
PCM 001d98 ffde5700 002c9200 ffcf4c00 00365800 ffc4aa00 0045a500 ffb7ef00 0041c100
PCM 001da0 ffbafc00 00506000 ffa9ba00 004fea00 ffab9200 00543a00 ffa7e900 00781400
PCM 001da8 ff84ee00 00789200 ff867d00 0080ab00 ff7be900 00747000 ff875900 006bc400
PCM 001db0 ff91c800 006af000 ff8d9a00 006d2700 ff8b9900 005b4000 ff9d3400 00627000
PCM 001db8 ff9bb800 0074c900 ff851700 0068e400 ff936500 00423f00 ffb89300 00448e00
PCM 001dc0 ffbb6300 004eb300 ffaebf00 0054fc00 ffa5cb00 0059ce00 ffa2ae00 004f4b00
PCM 001dc8 ffa94400 0046e100 ffb31300 00536100 ffaa4600 00699500 ff93e500 00607200
PCM 001dd0 ff994400 006c2d00 ff8e3f00 006d0c00 ff89b900 00899000 ff74ba00 00a27900
PCM 001dd8 ff56da00 00a90800 ff550e00 009bad00 ff614100 007e7f00 ff7b9400 00976100
PCM 001de0 ff646400 008b2900 ff71c500 0080eb00 ff7c6400 007d1b00 ff7c5f00 00924d00
PCM 001de8 ff647300 00a5ec00 ff584800 008c5c00 ff6ad700 008c6500 ff6eed00 007d7e00
PCM 001df0 ff7c4700 00617b00 ff980700 005abc00 ffa4a000 006d4a00 ff8c9400 00759200
PCM 001df8 ff821f00 007dc100 ff7a7300 00849e00 ff785d00 00812c00 ff76c100 009f0a00
PCM 001e00 ff5a9500 00951f00 ff62bb00 0075fc00 ff7f0800 00799e00 ff832400 007f5c00
PCM 001e08 ff796100 006d8900 ff8d3b00 005c8200 ff9c9300 0042e800 ffb4c900 00528e00
PCM 001e10 ffa8b500 00477900 ffbPCM 001e18 ff9b7800 005ce900 ff9baa00 00550200 ffa13600 0058b700 ffa09b00 00669000
PCM 001e20 ff940500 0051d500 ffac3000 00487e00 ffb3f800 004a7b00 ffb17d00 0051c700
PCM 001e28 ffa91400 006f4200 ff8a5f00 00591300 ffa20c00 003a7000 ffc07a00 0050bd00
PCM 001e30 ffb21d00 00601b00 ff9a1800 0051a300 ffa98400 006ba100 ff8c1100 00614500
PCM 001e38 ff98ff00 0053eb00 ffa34c00 0051cc00 ffab1100 003c7700 ffbc4100 002b0a00
PCM 001e40 ffcd4800 00225e00 ffd9d400 0040f400 ffb7a500 005adb00 ff9f2300 0061a400
PCM 001e48 ff9d5400 0046e800 ffb40300 0012dd00 ffe92700 002c2300 ffd0cc00 002a3200
PCM 001e50 ffcecf00 00375400 ffc21400 0039f100 ffc1a700 003cf600 ffbfcb00 00382500
PCM 001e58 ffc3f400 002d5700 ffcf4600 00267400 ffd4fe00 00198e00 ffe4f000 00060100
PCM 001e60 fff5ba00 001f8c00 ffdc2300 0008db00 fff45900 000f8a00 ffeee300 00185a00
PCM 001e68 ffe42800 fff4bc00 00050000 ffeb7d00 00102200 fffcef00 ffffbe00 ffffc200
PCM 001e70 fffc1200 fff4c200 00049900 00063400 fff1b700 000cc800 ffeb2b00 fff1ce00
PCM 001e78 0004f100 fff28a00 0008d600 00047d00 fff85800 fff20b00 000af100 ffff7c00
PCM 001e80 fffd4100 001aa000 ffe13700 0005fc00 fff7ac00 000b5800 ffef3300 001e6600
PCM 001e88 ffdb6b00 00143a00 ffe90a00 00066800 fff91600 0000d000 fff8f500 001f3f00
PCM 001e90 ffddeb00 0013cb00 ffe68500 00148400 ffe3c700 fffff600 fff9df00 0005c300
PCM 001e98 fff88800 001b5500 ffe4e400 00211c00 ffd98700 00226100 ffddc500 003ef700
PCM 001ea0 ffc01900 00495e00 ffb45c00 00599600 ffa3ae00 004ac700 ffafac00 002f2300
PCM 001ea8 ffc9bd00 0037e000 ffc11b00 002f7100 ffcadb00 004c6900 ffae9900 005cbb00
PCM 001eb0 ff9e7d00 00652a00 ff960300 00774b00 ff83b200 007e3800 ff7d0c00 00667500
PCM 001eb8 ff957700 006f2500 ff8b6d00 00813300 ff752600 006c3f00 ff8fcf00 007a2e00
PCM 001ec0 ff847000 005af600 ff9e4500 00536300 ffa77f00 0078c800 ff7d3f00 00956100
PCM 001ec8 ff653200 008e2c00 ff67fc00 00891c00 ff69bf00 00878800 ff708f00 0080b300
PCM 001ed0 ff7d4e00 009c4400 ff5e2a00 00a47a00 ff54f000 00ab4e00 ff50ec00 00b17100
PCM 001ed8 ff485000 00b8ae00 ff433400 00bd0800 ff3d6400 009f0200 ff5ae800 00835100
PCM 001ee0 ff764600 00682c00 ff941f00 00614500 ff9bc100 0065d400 ff923200 00607e00
PCM 001ee8 ff962b00 00674900 ff936d00 0067e400 ff92e900 0057ab00 ffa2ee00 0065c100
PCM 001ef0 ff957e00 006c1d00 ff8f1a00 00768100 ff8b2000 00624900 ff947d00 005a9f00
PCM 001ef8 ff9f6c00 0054e200 ffa4cb00 00649000 ff940a00 005f0d00 ff9a5000 003a6200
PCM 001f00 ffc19100 004de600 ffaa5c00 0051c100 ffa88000 005d1d00 ff9dd300 00541900
PCM 001f08 ffa65e00 00658300 ff953b00 006f4500 ff881700 009c9f00 ff5ee200 0080f300
PCM 001f10 ff788e00 005d9a00 ffa19f00 006c1b00 ff918c00 00614600 ff969200 005e7300
PCM 001f18 ff99cc00 0060a100 ff9PCM 001f20 ffc72500 004d9500 ffab7900 005b3c00 ff9ef400 00585700 ffa1ea00 004fa500
PCM 001f28 ffaba000 005a4800 ff9f8a00 00574800 ffa3b800 0056f500 ffa77b00 00612e00
PCM 001f30 ff95df00 00538b00 ffac4c00 0047fc00 ffb48700 00271400 ffd35f00 0023d800
PCM 001f38 ffd68300 00185900 ffe36400 000da400 ffef1b00 001e1700 ffe03e00 002d2c00
PCM 001f40 ffcd1a00 0046f800 ffb3b100 00422a00 ffb78500 002d9000 ffce2100 00211500
PCM 001f48 ffdd8600 00162400 ffe24800 001a7d00 ffe07d00 fffaac00 00046700 ffded800
PCM 001f50 001ca400 ffed7c00 000eab00 0016a200 ffe55c00 fff7ea00 0002d100 ffe39a00
PCM 001f58 001cef00 ffd9c300 00222b00 fff37200 0009f000 fffcad00 fffc3700 fff0cf00
PCM 001f60 000b7f00 ffec5700 00112a00 ffe37700 0017e600 ffb90800 0044d300 ff96a900
PCM 001f68 00696800 ff978c00 0062aa00 ffae1000 004b6000 ffa70d00 00547500 ff9a6800
PCM 001f70 00609200 ffa54700 00566e00 ff9c5100 00606e00 ffb91d00 00443000 ffc58200
PCM 001f78 003a9000 ffba9d00 003f9900 ffa88000 00513700 ffbe2600 0041be00 ffe19a00
PCM 001f80 00187b00 ffd17300 00279000 ffc1fa00 003d5a00 ffcec200 002e4100 ffd30700
PCM 001f88 0029cc00 ffc20d00 003b0f00 ffba9c00 0045cf00 ffb81700 00444500 ffaf1100
PCM 001f90 004f1c00 ff9e6500 005e0300 ffc4bc00 0035ca00 ffb80100 0046fd00 ffaca700
PCM 001f98 004f9c00 ff963b00 006b9d00 ff7f1800 00803500 ff4ef200 00acd300 ff77dd00
PCM 001fa0 00875500 ff800500 007d2600 ff9c5800 00611000 ffa04000 0060b700 ff8a2a00
PCM 001fa8 00737900 ff9cc500 00633c00 ffb3d100 004c1100 ffbdd500 003f0f00 ffd17500
PCM 001fb0 00278200 ffd0d000 002dad00 ffc60e00 00381500 ffba9400 0044b700 ffc16800
PCM 001fb8 003e9400 ffa69700 00555f00 ffb61500 0048f500 ffbc4700 00411100 ffc1dd00
PCM 001fc0 003bda00 ffbd8500 003d7200 ffbd6a00 003c6d00 ffd67e00 0026af00 ffd5f200
PCM 001fc8 00287000 ffc29400 003a5e00 ffbb7a00 003ee800 ffbd9a00 003d2200 ffb3fb00
PCM 001fd0 0046f700 ffb5c500 0047c000 ffbd6900 003d1500 ffcfda00 002b4b00 ffdf9700
PCM 001fd8 001a1a00 ffe75800 00149e00 00014f00 fffca400 fff00a00 0006cb00 ffdaf000
PCM 001fe0 00233700 ffdd4300 00204a00 ffed9f00 00099600 00035400 fffc1700 fff9ec00
PCM 001fe8 00021c00 ffff2500 fff8b800 000b9c00 ffef4300 00103500 ffeaf000 002afa00
PCM 001ff0 ffd12a00 00231300 ffd7a800 0013e900 ffe5d200 000eed00 ffef8400 000d3d00
PCM 001ff8 ffe90000 001e8c00 ffdb9f00 0021a500 ffd9d200 0024bf00 ffd7c300 0033a500
PCM 002000 ffc48a00 002aac00 ffd04900 00066200 fff28400 fff36000 00063a00 0011a200
PCM 002008 ffeb9700 00216200 ffde6300 000b7b00 ffee3100 000dc000 fff0e900 001bb500
PCM 002010 ffe16700 00244100 ffd84c00 0049d100 ffb1c100 002fd000 ffca8a00 0037ba00
PCM 002018 ffc38400 00515b00 ffab4e00 003c8400 ffbcac00 00269700 ffd51300 00112a00
PCM 002020 ffec1800 001a0a00 ffe1f400 001cec00 ffdf9600 001f3b00 ffdfd200 001c7e00
PCM 002028 ffe21f00 fff9c300 fffe1300 0004e700 fff85b00 0029ac00 ffd1aa00 00475d00
PCM 002030 ffb0e500 003eb900 ffbc3100 0038cc00 ffc5e700 0044b600 ffb88200 003fe700
PCM 002038 ffba4700 00305f00 ffcb7a00 003cc800 ffc26c00 00457a00 ffbb2700 00490600
PCM 002040 ffb28a00 0042c500 ffb9b800 00471a00 ffb77e00 00671000 ff96be00 00733200
PCM 002048 ff877d00 004f5a00 ffb1d900 0055c100 ffa76600 0046eb00 ffb53400 006ac200
PCM 002050 ff926700 007a2800 ff811300 004e6f00 ffb18f00 00484700 ffb6dc00 0041b500
PCM 002058 ffbcd100 004cb600 ffb02e00 0039e500 ffbd3300 005f2900 ff9f2d00 005e3400
PCM 002060 ff9efb00 004a6b00 ffb02100 006cfa00 ff903100 00652d00 ff94a100 006ab200
PCM 002068 ff90ab00 0077ae00 ff81be00 00688f00 ff8e2900 00711b00 ff892700 00802400
PCM 002070 ff7b8c00 006f9900 ff88a600 0063f400 ff94c100 00693e00 ff910a00 0071ce00
PCM 002078 ff8d5800 00668800 ff95bc00 00664e00 ff97c700 007bad00 ff7a0d00 00a3c800
PCM 002080 ff56aa00 00b0bf00 ff46d300 0099f800 ff5f5100 007f2700 ff7bcc00 0073d700
PCM 002088 ff831800 008c2000 ff6b9900 0099de00 ff617e00 008dcb00 ff6a8200 00649100
PCM 002090 ff90c700 0063c100 ff965700 0089a600 ff72fe00 00a8b200 ff4eb600 00b85400
PCM 002098 ff3d6700 00a03000 ff54c000 009aee00 ff614300 009e5700 ff569500 007a9000
PCM 0020a0 ff7e0700 0080d400 ff7f6e00 008a1f00 ff6f1300 0096df00 ff5d6300 00961200
PCM 0020a8 ff61b600 00958a00 ff663c00 00a5eb00 ff55a200 00b6e200 ff416900 00a3f200
PCM 0020b0 ff534e00 00ac5400 ff4dca00 00ab5500 ff4d5400 00b5b600 ff40c400 00b7ec00
PCM 0020b8 ff41bc00 00b0ff00 ff4a2b00 00b55c00 ff469d00 00b21000 ff475000 00c8f000
PCM 0020c0 ff329c00 00eb9500 ff108200 00f2e100 ff02d500 00e63b00 ff12b800 00d85f00
PCM 0020c8 ff1cef00 00e0ea00 ff19f400 00ec8400 ff0e3200 00de4400 ff197700 00cd5c00
PCM 0020d0 ff2add00 00da5800 ff207300 00cdbe00 ff26a700 00d37500 ff26e400 00ca0a00
PCM 0020d8 ff333900 00d22600 ff24ce00 00c74500 ff2ee400 00cfc900 ff25c100 00d5ff00
PCM 0020e0 ff203400 00bc2700 ff3e1e00 00c6d600 ff320200 00d3fa00 ff284d00 00cbc500
PCM 0020e8 ff2da500 00a90700 ff4c9100 00a7dbPCM 0020f0 ff6c8000 00927300 ff67a500 00abc700 ff4d6900 00c7dc00 ff33a100 00c30d00
PCM 0020f8 ff36d000 00acb100 ff4ca200 0083e200 ff74a800 009bbe00 ff5fdf00 00ae1500
PCM 002100 ff4f7500 00b87200 ff437600 00a5dd00 ff57be00 00803800 ff782100 00564600
PCM 002108 ffa29600 004b6600 ffb07200 00632a00 ff947c00 0084db00 ff773400 0077d900
PCM 002110 ff837900 00558e00 ffa35b00 00515500 ffa8ce00 0082ab00 ff789900 009aee00
PCM 002118 ff5eb400 00a74000 ff51bf00 00a7b200 ff4e1500 008d7600 ff6d4c00 00829f00
PCM 002120 ff776400 008a2600 ff6fc000 0094fc00 ff639e00 00a2df00 ff59350PCM 002128 ff479e00 00aa6000 ff504c00 0099ae00 ff5b4900 0094bf00 ff669d00 00880a00
PCM 002130 ff700f00 00736400 ff86fb00 008f3a00 ff690700 009bb700 ff5cbf00 0090bd00
PCM 002138 ff66f200 007b5e00 ff852a00 00646000 ff962b00 00601000 ff9d3b00 005dbb00
PCM 002140 ff9fbd00 0096ae00 ff615d00 00b53c00 ff482700 00996500 ff5e0000 00826800
PCM 002148 ff767300 008ede00 ff6c9700 008dd500 ff678200 0080f100 ff752400 008da000
PCM 002150 ff69fa00 00852e00 ff749700 00611700 ff978100 00620b00 ff973600 0075a500
PCM 002158 ff833b00 005dab00 ff97c200 0077d100 ff814000 00941500 ff654900 007d2500
PCM 002160 ff7da700 f94cc00 006bed00 ff8d8700 007ebb00
PCM 002168 ff7c4500 009c7a00 ff5db000 00968000 ff638700 00864c00 ff70e100 0079b000
PCM 002170 ff7c2400 0071f800 ff854e00 0072c100 ff869600 0071e700 ff8a6200 0064be00
PCM 002178 ff948600 00590200 ffa06b00 00561300 ffa2ePCM 002180 ff9ad000 0057ef00 ff9e0000 0044b100 ffb94100 003ad600PCM 002188 ffbf7a00 00366600 ffc43000 0034f400 ffc72500 00308a00 ffc9d900 004cc800
PCM 002190 ffad5800 004e8900 ffa8f100 0024f700 ffd4b100 00112500 ffe7e000 000f9600
PCM 002198 ffea1100 00352b00 ffc98400 00375700 ffbfdc00 00350200 ffc94700 002a6b00
PCM 0021a0 ffd5c600 00240700 ffd46500 0014fc00 ffe63300 00003b00 fff63100 00134500
PCM 0021a8 ffeb5b00 000da600 ffed3000 00007000 fffa4e00 00012c00 fffaa000 fff4bb00
PCM 0021b0 000acd00 fffcf700 0001b500 ffe97100 00128700 fffb2d00 00048800 fffe8300
PCM 0021b8 00035900 000bc700 ffef4500 001e7b00 ffde5900 fffe5a00 fffde600 0001b200
PCM 0021c0 fff91900 fffa6400 00031000 000c0f00 ffef3900 0012c000 ffea2600 fffbe600
PCM 0021c8 00002b00 ffdc3200 001e5700 ffc5b900 00342f00 ffc85a00 00356600 ffba8800
PCM 0021d0 00413200 ffd25100 00299a00 ffdbb600 00225800 ffd56500 00232700 ffcdd000
PCM 0021d8 002fce00 ffc88300 00342300 ffd0f700 00274100 ffdba900 001d1000 ffd80a00
PCM 0021e0 00252d00 ffe2a200 0017ef00 fffa2e00 00013a00 00011100 fff95300 ffdffb00
PCM 0021e8 00194200 ffee5300 000c1000 00075b00 fff31c00 ffec8200 000d9b00 ffba3b00
PCM 0021f0 003f5700 ffbc9000 003fbd00 ffcbb200 002f2f00 ffd66e00 00293200 ffe15800
PCM 0021f8 001d3500 ffefe400 00097e00 fffd3200 00035500 0001d800 fff8d900 ffe43f00
PCM 002200 001c3700 ffb81e00 00488200 ffbaac00 0042f800 ffd5a700 0023ef00 fff97500
PCM 002208 0003f900 fff24a00 000c6300 ffc97600 00328700 ffc7f700 00376f00 ffba5100
PCM 002210 00453500 ffb77300 00444e00 ff8d4d00 0072fa00 ff941f00 00663800 ff992a00
PCM 002218 0067fa00 ffaec000 004e5000 ff8ba500 00728600 ff69f400 0094e400 ff54c000
PCM 002220 00a72d00 ff74b900 00857900 ffa24a00 005eb400 ffa8b800 00519100 ffabb500
PCM 002228 0050ac00 ff94a700 006c9e00 ffa57800 0055f800 ff92ad00 006a9c00 ffa78b00
PCM 002230 0056cd00 ffb65100 0046db00 ff934a00 0069b900 ffa26700 005f7400 ffa21b00
PCM 002238 005f3e00 ffab6000 00515b00 ffaed300 004c0000 ffb45300 004afb00 ffa05000
PCM 002240 005fa500 ffaf0800 00536300 ffc1a100 003e7600 ffb2e100 0049be00 ffaebd00
PCM 002248 004d1000 ffe1d700 001c6c00 fff3cc00 000cb400 fff0d900 0010bc00 ffe1de00
PCM 002250 001adc00 ffeda000 00122800 ffea4400 00116c00 ffe3fa00 001ac300 ffc95e00
PCM 002258 003b1400 ffbccb00 00435400 ffb11d00 00501100 ffb12300 00500900 ffbef100
PCM 002260 003b3900 ffce3c00 00342000 ffcedb00 002dff00 ffe60800 0016b800 000b7000
PCM 002268 fff12b00 fff7ab00 0002ed00 fff87f00 00047c00 001ed700 ffdc7200 0015e700
PCM 002270 ffeb4d00 00039000 fff9cb00 fffe1900 0003f800 fff45900 000b4100 fff62600
PCM 002278 00068400 00048000 fff7e200 0002df00 fffc6300 ffed4600 00110300 ffd50100
PCM 002280 002bb800 fff27a00 000a4000 001eb500 ffdd1b00 00392200 ffbf0d00 003c8100
PCM 002288 ffc02d00 0027e400 ffd2cc00 00257400 ffd6b300 002b2500 ffd25900 00202300
PCM 002290 ffe01300 001ae900 ffe09800 002fad00 ffcc1b00 00138200 ffea3900 001da900
PCM 002298 ffdc4d00 00512e00 ffae3f00 0039a900 ffc1e800 001d0a00 ffe3e400 00121e00
PCM 0022a0 ffe6d900 001a5d00 ffe11600 000fb100 ffee4100 ffff5d00 fffd7200 0016c400
PCM 0022a8 ffe6bd00 00247400 ffda9000 00118f00 ffea5e00 00231900 ffd72c00 003c1700
PCM 0022b0 ffbcba00 0037ef00 ffbfc700 0030be00 ffcaa900 003cfc00 ffbf5a00 00226f00
PCM 0022b8 ffd75f00 00326700 ffc81700 0039e900 ffc21100 003a4000 ffc17700 0041b700
PCM 0022c0 ffb94300 006ce400 ff8c8400 00616f00 ff983f00 0042b100 ffb51600 003bb300
PCM 0022c8 ffbc6d00 003bba00 ffbe3200 00358700 ffcb9300 0021a700 ffd7dd00 00338a00
PCM 0022d0 ffc71e00 0029ec00 ffd2b700 002af400 ffcdd600 0046b600 ffb31500 005a2c00
PCM 0022d8 ff9f6d00 0064c100 ff946800 00566300 ffa93e00 00497800 ffb2ae00 004d2a00
PCM 0022e0 ffadfe00 00424600 ffb47f00 003e6700 ffbe2400 00375100 ffc4a200 004bd500
PCM 0022e8 ffab7900 00342f00 ffc8a400 00483700 ffb65f00 00443e00 ffbb2a00 0050bd00
PCM 0022f0 ffa71b00 006e6f00 ff867600 007ff300 ff7a9500 007fec00 ff7ae200 0081f700
PCM 0022f8 ff75e900 00795c00 ff7c4100 0069d800 ff8e4600 006b8600 ff8bbb00 0085e300
PCM 002300 ff732300 0082cc00 ff76e600 008cc500 ff6d5700 008b8d00 ff71d100 00837b00
PCM 002308 ff7a2400 00abb900 ff50ee00 00ae5a00 ff4d3b00 00968d00 ff653c00 00913c00
PCM 002310 ff69c900 00857900 ff782d00 00768e00 ff845200 0078f300 ff85f300 00906800
PCM 002318 ff6c8100 006b1500 ff8dbd00 006d6d00 ff8b5f00 00a72500 ff544700 00bc9c00
PCM 002320 ff3f8800 00ad2a00 ff487200 00ad1300 ff4ca000 00c7c300 ff338400 00c08000
PCM 002328 ff374f00 00c53e00 ff354400 00d70c00 ff1f1300 00d28b00 ff25d000 00cde000
PCM 002330 ff2cc000 00df1c00 ff1b2a00 00e19d00 ff161a00 00c3ae00 ff3a4300 00a4d800
PCM 002338 ff533400 00ad4e00 ff4a7d00 00a81e00 ff54f800 00bb0b00 ff419f00 00d00800
PCM 002340 ff2a4100 00c01600 ff3bae00 009f4900 ff591100 00a09900 ff5d5200 00990a00
PCM 002348 ff603600 00a58200 ff511200 00a67000 ff531100 00a38000 ff57b300 009ae900
PCM 002350 ff5d3d00 00b0cd00 ff48ce00 00c6c300 ff34a900 00afb000 ff48dd00 0090d100
PCM 002358 ff650b00 009d2400 ff5d4b00 00b8f100 ff43d500 00b29a00 ff48c900 00a4ec00
PCM 002360 ff592400 008e1700 ff6eda00 00920000 ff693200 009db100 ff5d0600 008b8100
PCM 002368 ff6bc600 0096ec00 ff631600 00a30300 ff553200 009aac00 ff60e000 009d1e00
PCM 002370 ff5a3200 00ac5800 ff4f4600 00ac7c00 ff4d5a00 00cc0200 ff2e1000 00c77900
PCM 002378 ff2d3000 00b4fe00 ff426c00 00a4d700 ff51c900 00b16700 ff47ca00 00c4ed00
PCM 002380 ff35f400 00b65f00 ff43d100 007a3900 ff7ea600 00702800 ff893d00 008e5700
PCM 002388 ff6ec600 00b8f500 ff40f200 00b1e900 ff496b00 00a60300 ff50f800 00a7e200
PCM 002390 ff4f7100 009bab00 ff5d6300 0091f100 ff6a8c00 00810600 ff792900 008aa400
PCM 002398 ff6ed400 00909100 ff68b200 0083df00 ff760300 00940700 ff661000 009fe100
PCM 0023a0 ff59da00 00a5c400 ff568e00 008e1000 ff687300 00864700 ff73f800 00b1d200
PCM 0023a8 ff4a3a00 00c0dd00 ff38cb00 00aa4600 ff4f0800 00bc4a00 ff3d8500 00d15a00
PCM 0023b0 ff2a5300 00dcba00 ff1bc600 00f12000 ff058f00 00c86900 ff2dee00 00b6dd00
PCM 0023b8 ff42c200 00d0c800 ff29ea00 00d5d600 ff23ea00 00bd5100 ff39ed00 00a7f900
PCM 0023c0 ff52fb00 00c1ec00 ff390c00 00e11d00 ff160300 00e7a700 ff0fa900 00f21e00
PCM 0023c8 ff04ac00 00f91200 feff3d00 00dea100 ff1b6d00 00df2400 ff194a00 00e81500
PCM 0023d0 ff0cf600 00ecd100 ff11bd00 00ea6800 ff0c7900 00e76f00 ff114300 00e66400
PCM 0023d8 ff0f6c00 00d59300 ff243b00 00da4800 ff1ce100 00dd1d00 ff16a600 00db6500
PCM 0023e0 ff1eb400 00d2f500 ff222d00 00c9c100 ff305000 00ccb500 ff2ecc00 00c22200
PCM 0023e8 ff35a800 00bc8b00 ff3d7900 00c92100 ff332300 00c6b200 ff34ca00 00c2e600
PCM 0023f0 ff36bb00 00ba9900 ff3cfc00 00b72400 ff42e800 00a2b700 ff583a00 008b5d00
PCM 0023f8 ff6cea00 00952d00 ff650a00 00aa1700 ff4e7000 00941000 ff64ec00 0090f800
PCM 002400 ff68e400 00a1b700 ff56d200 00b61900 ff441100 00995c00 ff62a800 009f8800
PCM 002408 ff5d0400 00a8e200 ff4fb500 009af600 ff5a2d00 00963a00 ff659200 00847100
PCM 002410 ff780a00 0065b500 ff914e00 00872f00 ff753900 0084f300 ff711800 007c6c00
PCM 002418 ff7abd00 00727600 ff898500 007c6c00 ff7d2c00 00765a00 ff838600 005df300
PCM 002420 ffa0b800 00576e00 ffa59800 00697e00 ff92e300 00723c00 ff8a7b00 00430c00
PCM 002428 ffbbc100 002e5700 ffce8600 002aca00 ffd43f00 00222a00 ffd76800 003fbb00
PCM 002430 ffb99a00 0040a500 ffb8e700 003ad900 ffbebf00 004ef300 ffa79900 0057b200
PCM 002438 ffa30300 00412f00 ffb9ce00 002f5300 ffc9a800 001e2800 ffde5700 00228a00
PCM 002440 ffdbea00 fff75300 00021e00 ffe2a700 00170000 fff7fa00 ffffda00 fff24900
PCM 002448 00062a00 fffa4a00 fffda100 fff17b00 000cba00 ffed6700 000f2000 ffe39100
PCM 002450 001a0300 ffef9d00 0010c500 ffec0c00 0012d500 ffd7eb00 00288000 ffd22300
PCM 002458 0029f400 ffcc9800 0031ed00 ffda7600 00225200 ffdfb900 001f7300 ffcfc400
PCM 002460 002c6800 ffd0e000 002eef00 ffd1a000 002d8e00 ffc80b00 0033cc00 ffa41700
PCM 002468 005b8300 ff9d8500 005f4100 ffa9fe00 00577e00 ffa51400 00573d00 ffa2f100
PCM 002470 0056b600 ffa2e300 005b8d00 ffa82f00 004fdf00 ffb61500 004c0d00 ff98a700
PCM 002478 00657700 ff796100 00846f00 ffPCM 002480 00a48800 ff83dc00 007ccf00 ff8b6c00 00754b00 ff88ac00 0076dc00 ff7d3600
PCM 002488 00804a00 ff8a8100 00778000 ff95ba00 00649800 ff86f800 00758100 ff738c00
PCM 002490 008d1800 ff712400 008b7700 ff505a00 00afa400 ff7b4200 0081ab00 ff742200
PCM 002498 00870600 ff678100 00984400 ff6d6900 008fd300 ffa08000 005cf100 ff9ffa00
PCM 0024a0 005e9200 ff820700 007d3a00 ff5c4000 00a23b00 ff55b600 00aebd00 ff597100
PCM 0024a8 00a89a00 ff5ad900 00a2c600 ff654c00 009bfa00 ff5b5d00 00a65b00 ff5b4100
PCM 0024b0 00a12100 ff77a100 0084f600 ff5b3700 00a49a00 ff41f800 00bec300 ff463300
PCM 0024b8 00b5ef00 ff433400 00bc3600 ff4c3d00 00b1cf00 ff422c00 00be4b00 ff3d5100
PCM 0024c0 00c0d900 ff396700 00c4a400 ff372000 00c53400 ff45df00 00b92c00 ff4dc200
PCM 0024c8 00aefb00 ff5d0f00 009f2300 ff693000 00961900 ff651900 009b9100 ff726a00
PCM 0024d0 008c7300 ff436100 00b85f00 ff35a200 00ca0900 ff414e00 00bd9200 ff4aa800
PCM 0024d8 00b62f00 ff502e00 00aff100 ff5c1300 00a27100 ff656800 0097fb00 ff5a2a00
PCM 0024e0 00a92a00 ff675800 0096be00 ff7b5800 00845d00 ff818700 007e3b00 ff94ec00
PCM 0024e8 0069c100 ffa67500 0055dc00 ffb7c100 0049fa00 ffbdeb00 00412100 ffafe200
PCM 0024f0 00514900 ffbbcd00 0042d400 ffc75d00 00354e00 ffc3bf00 003bab00 ffc67a00
PCM 0024f8 00397800 ffa87300 00520600 ffbc0d00 0042e200 ffb29500 00496e00 ffc9ff00
PCM 002500 00320500 fff4d500 000b3500 fffd3200 0000cb00 ffee4600 000cee00 fff2aa00
PCM 002508 000b8800 ffd26700 002b8900 ffd9f600 00224300 fffd1400 0001dc00 0005ac00
PCM 002510 fffc9400 00062500 fff6d900 fff53900 0009d300 ffe92300 00149500 ffe13b00
PCM 002518 001d6700 ffdf4500 00211400 ffeb7300 000fdc00 ffee7600 0012db00 fffa1a00
PCM 002520 0005ff00 fff87300 00084700 000fb000 ffed3d00 0018fd00 ffddf200 00272300
PCM 002528 ffd51c00 00255300 ffd5a200 002d3100 ffca8800 0048e000 ffb41500 0046c000
PCM 002530 ffb2a500 00530200 ffa7fd00 0047c300 ffb72700 005cd500 ffa17700 0065e700
PCM 002538 ff9af500 007c2000 ff809100 00732700 ff880a00 00795600 ff7eb200 007d2f00
PCM 002540 ff7b1d00 005fdd00 ff997300 00699200 ff94bc00 004c8100 ffae6200 0048af00
PCM 002548 ffb66f00 005ed000 ffa10400 005cb200 ffa18000 006bcf00 ff8fb000 006a4400
PCM 002550 ff8dc500 0065bd00 ff972d00 005c9200 ff9b4900 005c6000 ff9f3500 0050df00
PCM 002558 ffaaeb00 004eea00 ffadfa00 004a5c00 ffb57100 0045a800 ffb52300 00571e00
PCM 002560 ffa50700 004ac300 ffadca00 0048ca00 ffb4ae00 00576f00 ffa43200 0048a900
PCM 002568 ffb17a00 00440e00 ffba0000 005b0900 ffa2f600 004d9700 ffac3700 004b1200
PCM 002570 ffb0da00 00231300 ffd6ef00 00314400 ffc84a00 00480300 ffb41900 00345800
PCM 002578 ffc8f800 00295400 ffd3ab00 00341e00 ffccce00 00312600 ffcd5f00 00137c00
PCM 002580 ffe82a00 0014d400 ffe60800 003e8300 ffbd6800 004f8500 ffabcc00 00549700
PCM 002588 ffa2f100 002c6100 ffcf4a00 00327600 ffc77c00 00468a00 ffb1f300 004f4800
PCM 002590 ffac0300 0053aa00 ffa8f400 00471500 ffb5d000 00508e00 ffaaaa00 00352000
PCM 002598 ffc7f300 0027ff00 ffd64d00 001bd600 ffe54100 0017a300 ffe33a00 0023cf00
PCM 0025a0 ffd8d700 00278300 ffd06c00 0016a900 ffe28100 fff93e00 0003d600 000e5c00
PCM 0025a8 ffeb7300 0032bd00 ffc73f00 00332900 ffc51400 0032eb00 ffc8e300 0051a500
PCM 0025b0 ffac9000 0050dc00 ffa5dc00 004c1d00 ffaea500 00409500 ffb8fa00 00422800
PCM 0025b8 ffb82e00 00393d00 ffc77800 00533a00 ffa70200 0074a900 ff864c00 007b0800
PCM 0025c0 ff819b00 007b8800 ff820b00 0044ab00 ffba2800 000f4600 ffef6700 00210300
PCM 0025c8 ffdbc000 0042b700 ffbce500 00384200 ffc72600 00178600 ffe53700 001d7c00
PCM 0025d0 ffe0e900 00462e00 ffb96900 00572c00 ffa58500 00481900 ffb6d700 002d5b00
PCM 0025d8 ffd01a00 003b8200 ffc3f300 004e7300 ffb06f00 0051d300 ffaf8f00 004dc900
PCM 0025e0 ffb1a300 004a5300 ffb37c00 00552a00 ffa93500 005e5f00 ffa1a300 00509d00
PCM 0025e8 ffae8000 00471f00 ffb65e00 003d3d00 ffbffc00 00389000 ffc33b00 002b8500
PCM 0025f0 ffd36a00 0025fd00 ffd5e400 00202400 ffdb1600 00134400 ffe5cf00 00300900
PCM 0025f8 ffca3b00 00588b00 ffa27600 00663000 ff987500 00517200 ffac7900 00560600
PCM 002600 ffa9bf00 00386c00 ffc52200 002bc300 ffd14300 002bc300 ffd07600 00445f00
PCM 002608 ffbae900 004b3900 ffb33f00 00348300 ffc9c100 002bb100 ffcffc00 00481d00
PCM 002610 ffb32400 0077f800 ff824100 00649a00 ff94a700 004d4c00 ffabc500 00503500
PCM 002618 ffaa8300 003df000 ffbeac00 00415d00 ffb96a00 003f4500 ffbdbd00 00453200
PCM 002620 ffb40300 00697300 ff8e8800 0068d100 ff91b300 003abe00 ffba6c00 003ec200
PCM 002628 ffbe4500 002fcb00 ffc7ab00 00669900 ff96c400 00608300 ff9d4100 004f6e00
PCM 002630 ffaf5800 00679e00 ff948b00 006cf800 ff907800 0078b300 ff81f300 008d1200
PCM 002638 ff696d00 0093f500 ff617400 0087a000 ff733100 0084ee00 ff720700 008cf300
PCM 002640 ff6f2300 00855b00 ff767800 00564300 ffa4b200 0041de00 ffba1000 0052e000
PCM 002648 ffa95500 0051cb00 ffa7e400 004eae00 ffac7100 00444700 ffb60f00 00490200
PCM 002650 ffb39e00 004d0700 ffadd000 00609200 ff9a7e00 0063db00 ff962500 0046e300
PCM 002658 ffb17400 004bb500 ffafb900 00599000 ffa5ff00 00550800 ffa78100 0059ac00
PCM 002660 ffa73800 006ad400 ff90d800 0068c600 ff942a00 00589100 ffa43900 005dcd00
PCM 002668 ff9cbf00 00704300 ff8c7000 005d5200 ff9f5600 0055d500 ffa78f00 004a9d00
PCM 002670 ffb4c800 005c3500 ff9d3300 00599e00 ffa5f400 0045ae00 ffb5b800 00415a00
PCM 002678 ffb64e00 00748200 ff889200 005e5e00 ff9e6500 00430f00 ffb97600 00496a00
PCM 002680 ffb35c00 003b6f00 ffbd4a00 00494600 ffb3cc00 0046b200 ffb3a800 00591f00
PCM 002688 ffa48100 0077bc00 ff86d100 007ee600 ff7e7900 0072f900 ff880300 006d6000
PCM 002690 ff8ea400 008fde00 ff6a1100 00886100 ff6ebc00 006ff000 ff8a9100 00758300
PCM 002698 ff89e900 0089ee00 ff6fe200 006d9c00 ff8dc900 0061d200 ff967200 004c1c00
PCM 0026a0 ffb0d800 003d2c00 ffbfd300 00224f00 ffd9c000 00293900 ffd14100 0037b400
PCM 0026a8 ffc13200 ffc37f00 003a6800 ff2a1500 00d68800 ff3db500 00c11000 ffd69d00
PCM 0026b0 0028f000 00613b00 ff9be600 006f6600 ff902e00 00059b00 fff71800 ffd0fd00
PCM 0026b8 002ac400 00170400 ffe22500 008fdd00 ff6bdf00 00dd1500 ff1bec00 00986700
PCM 0026c0 ff62c000 ffd5e700 00288100 ff2ce600 00d37500 ff27af00 00daac00 ff8ee400
PCM 0026c8 006fc600 0005e400 fff7b500 00329e00 ffccc700 ffdbb300 001d9200 ff946200
PCM 0026d0 006ada00 ff96b400 00688800 00076c00 fff30000 00836700 ff76af00 008a3000
PCM 0026d8 ff70b300 001c6d00 ffe19f00 ffa5a000 005ae400 ff7c1300 00813e00 ffa72900
PCM 0026e0 00575600 00004700 fffd6e00 00135d00 ffe8b000 ffd7fd00 0025f200 ff66de00
PCM 0026e8 00984000 ff1e6e00 00e0e800 ff4d4c00 00b39300 ffb37100 00495500 ffd0ac00
PCM 0026f0 002e5100 ffaac200 0055e000 ff6a9f00 00944b00 ff42bc00 00bdcc00 ff69a800
PCM 0026f8 009b3f00 ffb8eb00 0046fb00 fff93f00 ffff8700 ffd81700 0027ae00 ff8f7d00
PCM 002700 006e9d00 ff64ff00 009d6e00 ff548600 00a98f00 ff6dcb00 0094c400 ff8d8000
PCM 002708 006ea800 ff57e100 00a53d00 ff015400 0103d300 fef37200 010aea00 ff0d9100
PCM 002710 00f1c800 ff360b00 00ca0400 ff52d400 00b03000 ff480600 00b9fa00 ff2e4800
PCM 002718 00d38b00 ff0b6600 00f74800 ff07a300 00f8df00 ff288b00 00d85c00 ff32eb00
PCM 002720 00c94900 ff1b8500 00e56e00 fef47e00 010cc000 fed2cd00 012df300 fede5000
PCM 002728 01224100 feee9100 01128000 ff0c2e00 00f81c00 ff15PCM 002730 00fc6300 ff12b500 00f1ac00 ff07a000 00f90900 ff2aca00 00d6a800 ff469c00
PCM 002738 00b96e00 ff429000 00c0a800 ff340600 00ce1700 ff10db00 00eedb00 ff10ac00
PCM 002740 00f14200 ff282600 00dad500 ff29de00 00d77d00 ff329e00 00cc8900 ff0de700
PCM 002748 00f56000 ff005000 01012400 ff076500 00f83c00 ff2f7100 00ce1e00 ff5b7800
PCM 002750 00a55f00 ff5f1500 009ffb00 ff560600 00a93d00 ff3db700 00c54d00 ff40ab00
PCM 002758 00bf6000 ff5b1900 00a75500 ff644a00 009e3500 ff3dc600 00c05100 ff2a9800
PCM 002760 00d6cc00 feff3a00 01001200 ff152300 00e9a300 ff1e2900 00e5fb00 ff214300
PCM 002768 00e04500 ff1df600 00e15400 ff214400 00e04000 ff2e5700 00d4f900 ff2cbb00
PCM 002770 00d66b00 ff29a300 00dPCM 002778 00ede100 ff27b800 00d9ff00 ff311100 00ccfe00 ff3d2600 00c3d400 ff35e800
PCM 002780 00cab400 ff2d0f00 00d64c00 ff310d00 00cf6900 ff606c00 00a36f00 ff599600
PCM 002788 00a62500 ff437c00 00ba6500 ff2fe500 00d0fb00 ff23a600 00df9800 ff391000
PCM 002790 00c96200 ff366800 00ca6a00 ff07b300 00f7d600 fef83600 0109c000 feef3100
PCM 002798 01113400 fef11f00 0110b000 ff088300 00f85000 ff19c200 00e65100 ff120e00
PCM 0027a0 00f00c00 ff294500 00d86800 ff130c00 00ee1200 ff294e00 00d8ca00 ff3c9000
PCM 0027a8 00c47d00 ff1c3000 00e44400 ff10d400 00ec2000 ff222a00 00e1d600 ff15c200
PCM 0027b0 00ebe900 ff12e300 00f36b00 ff465d00 00b5e500 ff3f8a00 00c4f500 ff31fb00
PCM 0027b8 00d0a100 ff3e0700 00c59600 ff540500 00aea300 ff400f00 00c2bb00 ff39ef00
PCM 0027c0 00c91e00 ff46dd00 00bfb000 ff4d6800 00b4a500 ff78b700 00886800 ff7f9400
PCM 0027c8 00821400 ff852300 007a9000 ff7ecc00 0083b900 ff604900 00a23c00 ff5acb00
PCM 0027d0 00a62e00 ff4e8200 00b45a00 ff51cd00 00ac6400 ff5bce00 00a58f00 ff611700
PCM 0027d8 00a34d00 ff7dc700 0084f900 ff972300 006a5a00 ff831000 00812800 ffa7ab00
PCM 0027e0 00576d00 ffbc2100 00456900 ffa8f400 00566200 ffafe700 004ee700 ff9a2a00
PCM 0027e8 00670a00 ffa7c200 00575c00 ffbe7c00 00439a00 ffbba400 00437d00 ffb31b00
PCM 0027f0 004bdb00 ffc79700 003c5900 ffb91100 00453100 ffc90000 0034b200 ffdef200
PCM 0027f8 00240e00 ffef0400 00137600 fff87300 00088d00 00108600 ffebcc00 00147500
PCM 002800 ffeb3400 0015a000 ffe7df00 00292300 ffd40800 00150800 ffe51300 00145400
PCM 002808 ffe76500 002afa00 ffcc8900 0026eb00 ffd87700 00185d00 ffe78300 000bba00
PCM 002810 fff04b00 000d5a00 ffecb200 fffa8000 00037c00 ffdfb600 001d6100 ffe8f900
PCM 002818 00132d00 ffedd700 000dcb00 ffe5a500 00171500 fffbef00 00011600 fff4cf00
PCM 002820 0006d000 fff00a00 000e1600 ffcb2b00 00318100 ffcb9600 0035e000 ffefe400
PCM 002828 00122a00 0007b500 fff65300 001c5500 ffda9700 00137e00 ffe8ef00 fffd9900
PCM 002830 fffeab00 fff5e600 0007fe00 fff32800 00090200 00160e00 ffeb3100 003c6500
PCM 002838 ffbf0d00 00303800 ffc8ef00 ffc9f200 0039cf00
PCM 002840 ffc3bc00 00410c00 ffba9500 003cc300 ffbdfe00 00373600 ffc73c00 003e0f00
PCM 002848 ffc19500 00362e00 ffc4e100 0036d600 ffca1a00 00414400 ffbc3300 00580600
PCM 002850 ffa27700 0023e100 ffdd9100 0010b000 ffe9f100 0013f100 ffeb2f00 00085b00
PCM 002858 fff57c00 00009700 00008500 fff32200 000ce600 ffda4100 00225e00 ffeb5f00
PCM 002860 00149900 ffff4600 00004400 00183200 ffe66100 001e3800 ffdca000 00170800
PCM 002868 ffe49400 0003cd00 fff62100 fffbce00 0000ee00 fff7a000 0009ea00 ffe04900
PCM 002870 001f3800 ffeed100 00116d00 fffa5800 00023b00 00048a00 fffc6c00 ffee0900
PCM 002878 00130c00 ffd5da0PCM 002880 ffe9d100 0002f100 fff84000 ffdebb00 00219700 ffcf1100 00324100 ffc70700
PCM 002888 003b1900 ffccd800 00305400 ffc6a000 00381200 ffca8d00 0034ec00 ffc27900
PCM 002890 003ca700 ff9ca500 00630a00 ffb92b00 0043c500 ffdf1200 001b3d00 ffeb2300
PCM 002898 00136100 fff5a300 0004e400 00073f00 fff57a00 00189700 ffe50600 00172a00
PCM 0028a0 ffe6f900 000b6000 fff42c00 fff2ef00 000b9400 0001be00 fff97300 001c0900
PCM 0028a8 ffdf9a00 001b3200 ffe04200 00278000 ffd66400 00309e00 ffcad900 0018e800
PCM 0028b0 ffe35600 00072800 fff50d00 000fba00 ffed3d00 000d5d00 ffef4200 0012b600
PCM 0028b8 ffe95d00 000e6500 fff26800 fff85900 0006d300 fffd0700 fffd9800 fffb1400
PCM 0028c0 0004b100 fff71d00 00077b00 fff86100 00061700 fffd2d00 fffed500 ffed7e00
PCM 0028c8 0012a800 fffb8400 00026000 fffee600 fffebd00 0001c100 fff89600 ffe8f900
PCM 0028d0 00121d00 ffeb8400 00164800 ffe03d00 0021f000 00127b00 ffeb6200 0022bd00
PCM 0028d8 ffd92300 00269a00 ffd58f00 00112200 ffeb4f00 00097300 fff0bd00 000f3200
PCM 0028e0 ffef4d00 ffff9c00 fffdcf00 ffe87b00 00164300 ffeadc00 000b7f00 ffff7200
PCM 0028e8 fffabb00 00119b00 ffea7100 fffbe300 fffe1e00 ffe02f00 001c3400 fff8ed00
PCM 0028f0 0005e900 fffa1400 0000dd00 ffe55a00 00162400 ffe40900 001a5e00 fffccd00
PCM 0028f8 ffffac00 ffff1e00 fffd8b00 fffebe00 fffaef00 fff5c900 000d1800 00072d00
PCM 002900 fff44900 001d2c00 ffe22c00 00013500 fffc9200 ffe69d00 0017b800 ffd64900
PCM 002908 0026ff00 ffe4ed00 0018d000 ffebf300 0010f200 fffd4a00 fffe6f00 ffd6ba00
PCM 002910 00265600 ffd83300 0023c700 ffc54000 003e4d00 ffb67d00 00462600 ffb79900
PCM 002918 00441300 ffb59b00 00492900 ffcf0600 002e3c00 ffce5e00 002f1a00 ffc0a300
PCM 002920 003a7600 ffdffb00 001a5b00 fff95a00 00038100 fff87000 00062900 ffe00200
PCM 002928 0020da00 ffe2ad00 001bcd00 ffdd0a00 001f6f00 ffd43600 002c7700 ffdfbb00
PCM 002930 001d8400 ffd88b00 001d3600 ffdc8700 00260800 ffe99e00 0015e900 ffe6ba00
PCM 002938 00154500 ffd60800 002bd700 ffcac800 00339000 ffdd4a00 001f6a00 ffce1300
PCM 002940 002e5e00 ffdbd600 0020b700 fff99400 00062700 ffe5ab00 00164500 ffe01c00
PCM 002948 001d0900 fff3a700 00089e00 0000ae00 fffe2b00 fff58a00 00098900 ffddf100
PCM 002950 001eff00 ffd2c700 00294900 ffc10c00 003ef300 ffae2a00 00511000 ffab6b00
PCM 002958 00522b00 ffb7a500 0048cd00 ffa88700 0055e200 ffa2d000 0055f900 ff925d00
PCM 002960 006ad500 ff6f9500 008e1600 ff747900 008a9400 ff9d6e00 00610100 ffac4b00
PCM 002968 00539b00 ffa41c00 005a5f00 ffac5a00 00535c00 ffacb600 00528000 ffb8f400
PCM 002970 00410a00 ffc17b00 003fe000 ffc20700 003f2000 ffa44100 005b5c00 ffab3500
PCM 002978 0056ec00 ff7cdb00 00840400 ff631f00 009e0200 ff66a300 00963900 ff4fb200
PCM 002980 00afaf00 ff2d8300 00d4ab00 ff2a7100 00d4a200 ff3aaa00 00c8df00 ff69e400
PCM 002988 0099e600 ff676c00 00959d00 ff375900 00cc8000 ff23cb00 00dd2e00 ff1fc300
PCM 002990 00df2e00 ff201d00 00e7e900 ff2aba00 00da8400 ff36d900 00cd9600 ff35ff00
PCM 002998 00cca600 ff30be00 00d38700 ff183400 00eaa900 ff051d00 01002900 fef30a00
PCM 0029a0 01138600 ff04e700 00fc5200 fef12c00 01124500 fee01200 01217a00 fee89d00
PCM 0029a8 01189300 fee90d00 0117e200 feda2200 01269200 fec92b00 013c3b00 feb6ae00
PCM 0029b0 014a9100 feb23900 01507a00 febc2c00 0147cc00 febd2000 0143a000 fed70300
PCM 0029b8 012bdf00 fecde200 01350f00 feaf2e00 0155b900 feaae700 015be500 feaa8400
PCM 0029c0 015ae400 fe98a900 016a4b00 fea12d00 01624900 fe9e5e00 01620a00 fea39800
PCM 0029c8 015d9000 feb2fd00 014be200 febe69PCM 0029d0 01272b00 febd7100 01441d00 feb3ff00 01505f00 febee200 0144ef00 fea4fb00
PCM 0029d8 015b5e00 feb30b00 014c3000 febfa800 01402800 fec27700 01404800 feb22b00
PCM 0029e0 0153d900 fea3a500 015f1100 fecb2500 0136a300 fee28700 0122da00 fef8f400
PCM 0029e8 01085d00 fedf8d00 011f8600 fed9ae00 0127c800 feee8400 01132000 fef2e500
PCM 0029f0 01126c00 fee08500 011ea600 fee90900 01171e00 fef0ac00 0112c700 ff152b00
PCM 0029f8 00ed0200 ff3a5000 00c84f00 ff3ca500 00c45b00 ff2a9100 00d64d00 ff155900
PCM 002a00 00f1cb00 ff134500 00ef1200 ff1ddf00 00e0bb00 ff0d9f00 00f1a100 ff1a5200
PCM 002a08 00eb9800 ff0dae00 00f30d00 ff061700 00ffb300 fef9f400 0109f300 ff10cf00
PCM 002a10 00f1bd00 ff353e00 00cac400 ff316700 00d1d600 ff3b7400 00c4cb00 ff627100
PCM 002a18 009c2800 ff514400 00b12a00 ff4b3e00 00b42300 ff3abd00 00c6e000 ff541200
PCM 002a20 00abff00 ff65f900 0097d900 ff50cc00 00af2300 ff3ed700 00bf7700 ff4a2900
PCM 002a28 00b28100 ff367d00 00cf2c00 ff1b9000 00e89d00 ff2a1c00 00dd1c00 ff301500
PCM 002a30 00d55500 ff3ba300 00c81a00 ff322600 00d12e00 ff39fe00 00c58b00 ff38b800
PCM 002a38 00ca2300 ff36d800 00ce1c00 ff40a000 00bcbf00 ff4d3600 00b5f800 ff457400
PCM 002a40 00bafd00 ff500b00 00b1bf00 ff55f700 00ab5f00 ff363300 00c7e900 ff298a00
PCM 002a48 00d3cc00 ff162800 00ea6500 ff24be00 00daff00 ff350300 00cfe600 ff2c3e00
PCM 002a50 00d2b800 ff377400 00ce1900 ff4a6400 00b97700 ff394000 00c70300 ff579500
PCM 002a58 00aba100 ff6b3700 008f0000 ff71f900 008cf100 ff8d4b00 00713b00 ff89f500
PCM 002a60 00767700 ff949b00 00690a00 ffa04600 00617200 ffba4a00 0043af00 ffa14c00
PCM 002a68 00613c00 ff7d2b00 00829600 ff80ef00 007e8900 ff798b00 00834100 ff7e9400
PCM 002a70 0083a500 ff7f0900 00802400 ff754b00 00882000 ff769800 00903000 ff642400
PCM 002a78 009d2a00 ff7ccb00 00871900 ff8d6300 0070fd00 ff7cb300 00832900 ff7a3d00
PCM 002a80 0087ed00 ff833800 007d7300 ff85e500 007dbf00 ff759b00 008d5f00 ff899d00
PCM 002a88 00782e00 ffacf700 00502500 ffc70000 00380900 ffdc5d00 0020a300 ffd66e00
PCM 002a90 002a7f00 ffcc0000 00329700 ffb2dd00 004a7b00 ffb88d00 00409b00 ffb61600
PCM 002a98 0045b800 ffab3c00 0051a700 ffbc5900 00416000 ffc34400 003f7000 ffbc5600
PCM 002aa0 00424c00 ff8cef00 006c5100 ffa12600 005c8200 ffc42e00 003a6600 ffe53900
PCM 002aa8 001a9900 ffec0d00 00144600 ffec4c00 00141300 ffdb1000 0021f300 ffd4eb00
PCM 002ab0 002d7900 ffc36300 003d4e00 ff9d5b00 00617300 ff9e9a00 00626e00 ffacde00
PCM 002ab8 004f9600 ffb47d00 00499800 ffc02200 003e3400 ffaa9000 00543500 ffae2000
PCM 002ac0 00547800 ffba3500 00435600 ffdbfd00 0023b300 ffd0e000 00323200 ffb31500
PCM 002ac8 004cf500 ffb0cc00 004f3a00 ffb16a00 00504100 ffc11700 00409900 ffe09000
PCM 002ad0 001bde00 fff02600 000c4e00 ffe80600 0015f500 ffe1e500 0018d500 ffe81e00
PCM 002ad8 00113f00 ffea5b00 000f7900 ffdab800 00215400 ffc92500 00331900 ffc9b500
PCM 002ae0 00321c00 ffd98000 001dcd00 ffe88b00 00165200 ffcc8e00 002e3100 ffdcdb00
PCM 002ae8 0020b000 fff75000 00053c00 ffe91d00 00133c00 ffc75500 00367800 ffcce000
PCM 002af0 00305f00 ffce3c00 002ea500 ffb6d100 00462700 ffb90f00 00473c00 ffba9800
PCM 002af8 00445d00 ffbdbb00 0043d000 ff937100 006ae400 ff79d400 00842400 ff928800
PCM 002b00 006a7f00 ffb32300 004fc400 ffa2e500 005c9f00 ffa2aa00 005a4a00 ffa4d700
PCM 002b08 00567d00 ffabbe00 0052ae00 ffb8ae00 0042c300 ffc3e400 003e4300 ffd9bf00
PCM 002b10 0028dd00 ffc4af00 00373d00 ffcfbc00 002ebb00 ffd10100 002c8f00 ffdbef00
PCM 002b18 0024c500 ffd65a00 002b8300 fff05000 00113500 00101400 ffefdc00 0007af00
PCM 002b20 fffa4200 ffe8dc00 00173d00 fffd1f00 fffdae00 ffedaf00 0014a900 ffdfb500
PCM 002b28 0024ce00 ffe3b600 00173b00 ffec7900 00163d00 0004ff00 fff7f300 00222e00
PCM 002b30 ffd98e00 002b7800 ffd15500 00201f00 ffdfe400 00268d00 ffd73900 002c6b00
PCM 002b38 ffd30800 003b0200 ffc80000 00165600 ffeaeb00 000de500 ffee0200 00241b00
PCM 002b40 ffdc8b00 004a7500 ffb8d700 005aa900 ffa38e00 00698500 ff92ba00 00650700
PCM 002b48 ff989600 00516300 ffab8100 003e4600 ffc0dd00 002f3400 ffd1a300 0045dd00
PCM 002b50 ffb35000 003a4f00 ffc12300 00553300 ffab6d00 0079e100 ff85a700 00729100
PCM 002b58 ff86a900 00594900 ffa2fb00 004bc300 ffb3d900 00517f00 ffaa4200 0063bc00
PCM 002b60 ff9b3300 00631b00 ff998d00 00627700 ff9a8100 00654100 ff98c700 0062f400
PCM 002b68 ff973100 0061f300 ff98e300 00780400 ff827e00 00705700 ff8bb100 00697d00
PCM 002b70 ff8b2c00 005f0d00 ff9c9d00 00436300 ffb83c00 004bcf00 ffb1a800 00519300
PCM 002b78 ffac6a00 0057a700 ffa4a700 00466a00 ffb3bd00 00379b00 ffc78200 001c4400
PCM 002b80 ffe14b00 0027ba00 ffd2b100 0032ed00 ffc9aa00 00120e00 ffecbb00 0000f800
PCM 002b88 fff83000 fff8e400 00050900 00012900 fff92a00 00092a00 fff51600 0015ef00
PCM 002b90 ffe40700 001c8b00 ffdec300 00141a00 ffebfe00 0007f400 fff2fa00 00251000
PCM 002b98 ffd8c900 00347200 ffc79d00 0021aa00 ffdce000 003e4500 ffbdfc00 0040ca00
PCM 002ba0 ffba8400 001de600 ffe2f800 00261800 ffd27700 002bdc00 ffd1fc00 0030ac00
PCM 002ba8 ffcafa00 0034b100 ffc78a00 003d6a00 ffc2fc00 00397600 ffc4a900 0035fc00
PCM 002bb0 ffc74900 004b7100 ffaebb00 00308300 ffcd7800 00128f00 ffe70700 ffedca00
PCM 002bb8 000f8600 fff29000 000f2500 ffe9ea00 00106500 ffc95400 00386100 ffa7f900
PCM 002bc0 00594900 ffa63e00 005aa500 ffa04000 00610900 ff958c00 0068a300 ff8a3300
PCM 002bc8 00743800 ffa1a200 005e9100 ff8d9700 0071ef00 ff8b0800 00726500 ff8d4000
PCM 002bd0 0072ac00 ff74ff00 00883f00 ff9c8300 0067b000 ff996f00 006ada00 ff8cdf00
PCM 002bd8 0073a700 ff959e00 006da500 ff9a0700 00692e00 ffb0f100 004c4d00 ffc8a300
PCM 002be0 00371600 ffc73800 003dda00 ffc6e500 00390a00 ffcefe00 002cdb00 fff2fb00
PCM 002be8 0007a300 fffa2d00 00034800 ffdaad00 00212c00 ffc50f00 00396f00 ffd15900
PCM 002bf0 00304e00 ffc87300 00390100 ffc42200 0037ac00 ffc1e600 0037d400 ffaf0000
PCM 002bf8 00510300 ff9d1700 005f8c00 ffa09600 0058a800 ff904700 00712200 ff7eea00
PCM 002c00 0084d400 ff804300 00808f00 ff915c00 006cb000 ff904c00 006f0800 ff909600
PCM 002c08 006f2c00 ff7e0000 007fe000 ff8f3100 006c1100 ffa63c00 00571400 ffa62900
PCM 002c10 005ab100 ff99a000 00635c00 ffa1bc00 005ecd00 ffb42e00 004ca500 ffa23b00
PCM 002c18 005ed100 ffa34100 005b8400 ff930000 0070a100 ff91a400 006e4400 ffa50700
PCM 002c20 005c1a00 ffc48800 003adc00 ffac4700 0055c400 ff8f4d00 006eeb00 ff75c700
PCM 002c28 008c5900 ff463f00 00bbf700 ff5cc500 00a28a00 ff5fee00 00a0e500 ff57f000
PCM 002c30 00a97400 ff5b9600 00a34d00 ff753200 00876600 ff712700 008e4b00 ff61db00
PCM 002c38 00a1cc00 ff5ade00 00a6e900 ff50ba00 00b08900 ff48cb00 00b85b00 ff19a000
PCM 002c40 00e84400 ff26df00 00daee00 ff1e6500 00e1af00 feed4800 0113ce00 fef7d200
PCM 002c48 01093300 ff08e700 00f68300 fefe7700 01002000 ff003500 0100a800 fefa4400
PCM 002c50 0103bb00 ff05bf00 00fa5200 feff5800 01051400 fef00a00 010efc00 ff035f00
PCM 002c58 01018100 ff1d4500 00e4ed00 ff37ee00 00c89800 ff1ec800 00e44100 ff052300
PCM 002c60 00fc6600 fefd2900 0103b300 ff0cdc00 00fa6c00 fef52900 010c7c00 fef1bb00
PCM 002c68 010bbc00 ff15bf00 00e7de00 ff2ba300 00d3a200 ff439700 00bf9100 ff370c00
PCM 002c70 00ca8700 ff217600 00ddda00 ff1dfe00 00e4bb00 ff321b00 00cb0b00 ff485d00
PCM 002c78 00b74c00 ff52c100 00b0c400 ff498b00 00b8d400 ff3ef100 00c1c000 ff2ed500
PCM 002c80 00d4b700 ff3fdc00 00c16a00 ff4a1e00 00b92a00 ff2d7a00 00d16000 ff368800
PCM 002c88 00cd9f00 ff540200 00aabd00 ff576a00 00a77200 ff49a800 00b3db00 ff5e1900
PCM 002c90 00a16800 ff61d800 009c6400 ff7cc500 00819d00 ff569d00 00ab7100 ff3b6600
PCM 002c98 00c83b00 ff2e0f00 00d4dc00 ff32a800 00cf8000 ff075300 00faef00 ff0f8900
PCM 002ca0 00f36000 ff213500 00e12700 ff5bac00 00a52a00 ff730900 0089c000 ff6e5400
PCM 002ca8 00933000 ff74c800 008c1000 ff93ee00 006aee00 ffc13c00 003f1c00 ffac6300
PCM 002cb0 0052e900 ffb19300 004dac00 ffb8a200 00461100 ffc13f00 003ba400 ffc79e00
PCM 002cb8 00372c00 ff95b700 006ab400 ff906100 006e7800 ff999100 00644d00 ffa47300
PCM 002cc0 005c1d00 ffa50c00 0057f100 ff8c6a00 00709200 ff89d200 00778e00 ffa77900
PCM 002cc8 0055d900 ff9f6b00 0062d200 ff8e9900 00733e00 ff86eb00 007c0200 ff70e200
PCM 002cd0 008ec800 ff7c2300 00817700 ff776000 00891800 ff638700 009e8100 ff588200
PCM 002cd8 00a70e00 ff716b00 008ce100 ff71b600 008e1d00 ff70cb00 008fc000 ff8d1b00
PCM 002ce0 00726600 ff9f7700 005fa800 ffaab600 00500100 ffa4f800 0057ab00 ffbce200
PCM 002ce8 0041c500 ffb65300 0045be00 ff952a00 006a4100 ff92be00 006be100 ff94e100
PCM 002cf0 006a0800 ffa19600 005c5300 ffcc3800 00319800 ffb51500 004ada00 ffaa1f00
PCM 002cf8 00554100 ffa6c500 0055e600 ff973b00 00679100 ff862d00 0079f900 ff8e0800
PCM 002d00 0073c300 ff876300 00796a00 ff830800 007cfd00 ff7c1500 0082a900 ff5a5800
PCM 002d08 00a37200 ff5bf500 009fc900 ff75aa00 0089f600 ff91db00 00712400 ffb2d300
PCM 002d10 004c1900 ffb52d00 00464200 ffbae600 00434100 ffbb9800 0042cd00 ffc88c00
PCM 002d18 0035a600 ffa87200 00593b00 ffbef300 00429000 ffe7d400 0019e100 ffd7d400
PCM 002d20 00271a00 ffcfd700 002ec600 ffd1a800 002f0300 ffcf9400 002db400 ffc0ec00
PCM 002d28 003c1900 ffce7f00 002d1d00 ffd66a00 0029ca00 ffd5a900 0023f900 ffed7f00
PCM 002d30 000bdd00 fff7da00 00040500 fff9bb00 00041800 ffebeb00 00129200 001f3000
PCM 002d38 ffdd5400 003a9c00 ffc27e00 001d5400 ffdf7700 00082c00 fff4e700 000fed00
PCM 002d40 ffed8a00 000d6400 ffef5300 fff16800 000b0c00 ffe3f900 00188300 000ce000
PCM 002d48 fff2f200 00157b00 ffe6f300 00004200 fffc0200 00013700 fffb8400 000e1200
PCM 002d50 ffedeb00 0027e300 ffd20e00 001b9600 ffdc4900 00128f00 ffe8d900 00173400
PCM 002d58 ffe5e500 00158700 ffe53e00 002e3a00 ffd15200 00392f00 ffc3fc00 002f9900
PCM 002d60 ffcfad00 00322d00 ffcd3c00 0032fc00 ffca0f00 003fa800 ffbf7600 002e4c00
PCM 002d68 ffce0a00 002dcb00 ffd01d00 003b0500 ffbeed00 00426600 ffbaa600 0045d500
PCM 002d70 ffb74d00 002f8200 ffd00c00 0029e000 ffd68400 002aa900 ffd03a00 00389d00
PCM 002d78 ffc26c00 00312700 ffceb500 003c1600 ffbe1300 00366e00 ffc09400 00359d00
PCM 002d80 ffc90c00 004fea00 ffa84500 00426500 ffb53700 002b1c00 ffd13300 001a8f00
PCM 002d88 ffe20000 00148700 ffea5500 00130600 ffeeb800 000b4c00 fff1eb00 002cfd00
PCM 002d90 ffd07c00 00342a00 ffc77000 0044e300 ffb3fc00 003cf600 ffc0d900 00318a00
PCM 002d98 ffc9ef00 000e0700 fff3bc00 fffdbd00 fffe5b00 00130300 ffe79a00 000af700
PCM 002da0 fff72400 ffee6700 0011ce00 fffec100 fffff900 001de000 ffdd0000 00387300
PCM 002da8 ffc74800 00406b00 ffbb2b00 0053b100 ffa73100 0076a700 ff861200 007e5500
PCM 002db0 ff796400 006eea00 ff8bd900 0073de00 ff877400 008b7f00 ff6fd600 0077f200
PCM 002db8 ff80f900 00715d00 ff8b3f00 006bbf00 ff8ff800 00961500 ff64f000 00890700
PCM 002dc0 ff6e4500 00768e00 ff85fb00 00825200 ff7a7000 007ee300 ff7ce200 00718800
PCM 002dc8 ff82c200 006cd200 ff89de00 00662400 ff96e900 0086bd00 ff72b000 008b8e00
PCM 002dd0 ff6dc200 007a3000 ff806f00 006f8f00 ff8b9a00 00591400 ffa1a500 0057b500
PCM 002dd8 ffa2a100 00633400 ff988d00 00602200 ffa05200 00612900 ff98e200 005eb400
PCM 002de0 ff9c2500 00581300 ffa1d400 006c1c00 ff8c7a00 007eb700 ff7ae900 007d8d00
PCM 002de8 ff7fd900 008c9900 ff702200 0090f700 ff6a6c00 00729a00 ff8d3900 006fb200
PCM 002df0 ff88b100 00810a00 ff7c9300 00a2b800 ff5c3b00 009d6000 ff5b8300 007de300
PCM 002df8 ff7ef500 00668100 ff94da00 006ad600 ff93a000 0068bc00 ff90cf00 00739700
PCM 002e00 ff83a400 0070d500 ff875200 00635e00 ff974900 0059e600 ff9ff600 006f3100
PCM 002e08 ff8af300 0069a900 ff8c5200 0062f100 ff97e000 004fb100 ffa82600 00620500
PCM 002e10 ff97b400 005cab00 ff9c6100 0043c100 ffb76100 0052b700 ffad2c00 0049cb00
PCM 002e18 ffb3fe00 00415200 ffbe0200 00355700 ffc57600 00259900 ffd8f400 0010c700
PCM 002e20 ffef5700 00132900 ffebcc00 0006ca00 fff2e300 002ea200 ffce9900 00384300
PCM 002e28 ffc45900 003b2500 ffc0d600 00201d00 ffde2a00 003eb900 ffbc2a00 0049f100
PCM 002e30 ffb02f00 00329d00 ffc89e00 0032db00 ffcb9300 000bba00 fff01200 ffeef000
PCM 002e38 000cf200 ffee2700 000bf400 ffe46300 0016a500 fff0e500 000c5200 fff2cb00
PCM 002e40 00086500 ffe0ab00 001cc700 ffe09500 001a2e00 ffd2d200 002d1e00 ffbe7800
PCM 002e48 00467f00 ff9d2600 00636900 ff9d3300 005d8600 ffb49700 00479e00 ffbd9d00
PCM 002e50 003f6e00 ffc53b00 0037c300 ffd0b300 002a0800 ffeaca00 00105100 fffdd500
PCM 002e58 fffed800 fffd2b00 fffccd00 ffd5ec00 00237c00 ffe96300 00141200 fff09200
PCM 002e60 000c2a00 ffeeef00 000d7000 ffda8900 00258800 ffe88000 000fd300 fff8f800
PCM 002e68 00027c00 ffe72b00 00162700 ffd93300 00213600 ffbaa000 00414000 ffad3c00
PCM 002e70 004da500 ffa2d900 0055e500 ffac2b00 004fcf00 ffc49e00 00391200 ffe24b00
PCM 002e78 00193600 ffdd1600PCM 002e80 001be800 ffdaaf00 001f2c00 ffce7e00 002c4500 fff36d00 00082c00 ffe0d600
PCM 002e88 001edc00 ffd45300 00265e00 ffd08500 00293600 ffe04900 00200f00 fff02200
PCM 002e90 000d6200 fff57100 00064b00 fff68200 00052f00 fff7eb00 00031100 00067a00
PCM 002e98 fffb7500 fff15000 0010de00 ffea4200 00100d00 ffd83200 00256000 ffd39600
PCM 002ea0 002c7b00 ffdae900 0020e200 ffec0d00 000ef500 ffc4a700 00337e00 ffb75300
PCM 002ea8 00473e00 ffbede00 003c1e00 ffc74300 0033fd00 ffd9ad00 00236e00 ffde3d00
PCM 002eb0 00234400 ffd99400 00222100 ffc10900 003b4000 ffbf2700 00401b00 ffbf6700
PCM 002eb8 00395800 ffce3000 002d2a00 ffbb4f00 00416700 ffcbe000 002bad00 ffda0d00
PCM 002ec0 0024b800 ffdd4c00 001e4100 ffe24f00 001b7000 ffd36200 00286d00 ffdfdd00
PCM 002ec8 0020a000 ffe23400 001bda00 ffe03a00 001bcf00 fff05700 000c6900 ffdfe900
PCM 002ed0 001b1300 fff64b00 0004d900 fff1cd00 000e2b00 ffe36d00 00130300 ffdddb00
PCM 002ed8 001e4700 ffc05a00 003c3c00 ffcf3600 00304900 ffbb2d00 00452a00 ffc80e00
PCM 002ee0 00335500 ffbfe300 003cd100 ffae9600 004b7000 ffadef00 00528400 ffa97700
PCM 002ee8 0054ca00 ffa18000 005e8200 ff931d00 00684c00 ffaaf000 00523800 ffc71a00
PCM 002ef0 00377d00 ffd85e00 0029c900 ffcfd100 002a9600 ffc2ad00 0036a400 ffafbc00
PCM 002ef8 004a9500 ffb71f00 004a4700 ffbab700 0042ef00 ffb32d00 00482d00 ffb19600
PCM 002f00 0052a300 ffba0a00 0045f500 ffb4a800 00494e00 ffc3ee00 00395c00 ffb0b000
PCM 002f08 0049f600 ff9eba00 0060ee00 ff92dc00 006b6600 ff91f300 006c5b00 ff9c6400
PCM 002f10 005e7200 ffb8f000 00447500 ffcfe600 00307000 ffc4c700 0036a400 ffd56c00
PCM 002f18 00290000 ffdd3600 001d6400 ffeb3a00 0013f700 ffe99000 00124900 ffd5ef00
PCM 002f20 00262c00 ffcff200 002cc800 ffe13100 00205c00 ffe85b00 0017b100 00040600
PCM 002f28 fff83f00 000b7a00 fff1c000 0020dc00 ffd8e200 001e6100 ffdc8400 00243c00
PCM 002f30 ffdd4a00 0001ac00 fff5bb00 fffb3d00 fffff900 0003a300 fffa9900 00115100
PCM 002f38 ffe94500 001f1700 ffdc8f00 00244c00 ffd75400 002f4300 ffc9ee00 00242800
PCM 002f40 ffd6e300 00155b00 ffe46d00 0020d800 ffdc9600 00250700 ffd50700 0009dc00
PCM 002f48 fff3b700 ffeedd00 000c5f00 ffccf700 002e2e00 ffbd2f00 0042fa00 ffdbe200
PCM 002f50 00248d00 ffa4df00 005e6f00 ff9eb000 005f5700 ffa71d00 00595300 ffa82f00
PCM 002f58 00591300 ffad1700 00517800 ff9b1d00 00672c00 ff9c4c00 00651700 ff806a00
PCM 002f60 007a2b00 ff821a00 007f5a00 ff883600 0075e900 ffaa1000 00567900 ff994200
PCM 002f68 00646100 ffa00e00 005fcf00 ffc5aa00 00393300 ffb79600 004a2400 ffc67f00
PCM 002f70 00370300 fffc9700 00015d00 00182300 ffe4f300 fffa9300 0004e000 fff76700
PCM 002f78 00056a00 ffeeab00 0010e700 fff22900 000b6a00 00114900 fff09100 00043600
PCM 002f80 fff9ef00 ffe15100 001002d8f00 ffd23f00
PCM 002f88 00282b00 ffe59800 00179b00 ffdf6d00 001cbd00 ffca7800 00301000 ffc2be00
PCM 002f90 003b3f00 ffc30000 003be500 ffaa4c00 00506000 ffa52b00 00560c00 ffbc7a00
PCM 002f98 00434b00 ffe1c100 001f8d00 ffe75800 00161e00 ffd4d200 00248800 ffddce00
PCM 002fa0 001c7000 00070400 fff65500 fff92200 00001600 ffe60b00 00166200 fffbf900
PCM 002fa8 0001ac00 ffeb7300 00127e00 fff1c300 00088500 ffff8b00 00012a00 000c1000
PCM 002fb0 fff36000 00066700 fff37600 000be200 ffefc600 0007f100 fff34700 00123500
PCM 002fb8 ffed1900 fffc2c00 00021000 00076300 fff63a00 001e5600 ffdaf000 0025ec00
PCM 002fc0 ffd84d00 00304a00 ffce4e00 002d5700 ffcf9900 00356500 ffc73700 003e7900
PCM 002fc8 ffbe9c00 003ca500 ffc16200 0048a000 ffb3d500 0046f600 ffb4fe00 003fda00
PCM 002fd0 ffbe8a00 00360100 ffc43600 00228200 ffd97700 001cbb00 ffe3e200 00329e00
PCM 002fd8 ffcd3600 004f3e00 ffb16400 00512d00 ffaac500 003d4700 ffbd6400 003f5c00
PCM 002fe0 ffbc7900 00559400 ffa43e00 006d2700 ff8b6e00 005b2200 ffa24a00 005f3f00
PCM 002fe8 ff9cac00 006dc600 ff8b7b00 00729300 ff88f000 007efe00 ff7bed00 0080f300
PCM 002ff0 ff78b300 009a6100 ff604f00 009f6800 ff60c500 0092f400 ff689100 008c9400
PCM 002ff8 ff6f5d00 006e6600 ff8e5500 0075f500 ff89a200 0069d700 ff92dc00 00723900
PCM 003000 ff8a9600 00769700 ff898100 00652b00 ff9d7200 00474900 ffb51e00 0040ea00
PCM 003008 ff0200 ffbe2b00 004e0700 ffaec400 004c5200
PCM 003010 ffb04200 0046cc00 ffb61100 0043df00 ffb44700 0033ec00 ffc8dd00 000ab100
PCM 003018 fff59d00 00212800 ffe04000 00212800 ffd99400 003dba00 ffbf6000 0054b300
PCM 003020 ffa9dd00 00541200 ffa62c00 00534d00 ffaab600 00471b00 ffb25600 0066e800
PCM 003028 ff928500 006ab100 ff8c0200 00608500 ff9a2100 00600400 ff9df400 00692200
PCM 003030 ff90dd00 00782900 ff840a00 006f5a00 ff902000 00602200 ff9d1c00 00658000
PCM 003038 ff935800 005c0500 ffa1ba00 00482300 ffb45d00 00413c00 ffba8b00 0044e800
PCM 003040 ffb95800 005d1300 ff9fc300 00627400 ff9a0200 008d7500 ff6ca200 00ae4600
PCM 003048 ff48ef00 00919d00 ff671500 0080cd00 ff795800 0079fd00 ff7fc100 007cc600
PCM 003050 ff804f00 00724700 ff8ad800 00638c00 ff960f00 00970000 ff65ee00 009f8a00
PCM 003058 ff594800 009d4f00 ff5abb00 009e5a00 ff601c00 00bb8200 ff410f00 00ba7f00
PCM 003060 ff3f3300 00a6bb00 ff548e00 00ab4d00 ff4fa500 00af6a00 ff4a8900 00b40e00
PCM 003068 ff45b700 00bd4a00 ff3c0e00 00aa2400 ff510400 00b04700 ff4a3300 00bce300
PCM 003070 ff37de00 00b7d800 ff40a600 00b17f00 ff487400 009d3400 ff58d100 00b30c00
PCM 003078 ff479700 00ad5800 ff4d2300 00a8e300 ff516800 00a5bf00 ff533300 00c9a200
PCM 003080 ff331200 00dce900 ff19a000 00e2e900 ff15ab00 00deb200 ff182a00 00d59300
PCM 003088 ff256200 00dd4000 ff1c0200 00d44100 ff277b00 00c37b00 ff367200 PCM 003090 ff3c4600 00d46b00 ff26ee00 00cab100 ff2da400 00b6d000 ff443e00 00d31f00
PCM 003098 ff244600 00e7ae00 ff109f00 00ce2600 ff299000 00acd700 ff4cb400 009e6e00
PCM 0030a0 ff5b4c00 00791100 ff830800 0060f500 ff9fa500 00749900 ff871c00 009b1e00
PCM 0030a8 ff604400 00a09100 ff5b2e00 00863800 ff78f000 0080bb00 ff795300 00791800
PCM 0030b0 ff7ef400 007cab00 ff82fb00 008f2600 ff6b6e00 006cd100 ff8e3300 00580700
PCM 0030b8 ff9fe000 006b3a00 ff902900 005f3900 ff9bc600 00568400 ff9ffe00 0076b400
PCM 0030c0 ff848700 00676b00 ff901600 00715c00 ff891b00 00801800 ff7bb500 005aa000
PCM 0030c8 ff9f7900 006bcc00 ff8ea100 00576f00 ffa34c00 0049e500 ffb2f300 004c2000
PCM 0030d0 ffb13600 004d1700 ffb18a00 00310000 ffcf6000 0016ed00 ffe1d900 0010b900
PCM 0030d8 ffeb1000 000c5d00 fff39b00 000b9b00 fff00100 001f1900 ffdeb500 00282b00
PCM 0030e0 ffd6a800 00244700 ffd70900 003e3e00 ffc1bd00 0028a300 ffd7a500 0017b000
PCM 0030e8 ffe7ec00 00298c00 ffd48900 0016b800 ffe6ae00 000f7900 fff47000 00141700
PCM 0030f0 ffe91a00 00055b00 fff4f400 000b1600 fff44800 001b5b00 ffe4e700 00226d00
PCM 0030f8 ffdb7900 003cec00 ffbff000 003b8300 ffc09000 00376800 ffc74600 00336500
PCM 003100 ffc63d00 003fb700 ffc01600 003a1600 ffc20400 0023ce00 ffdcfe00 0031a400
PCM 003108 ffcff500 004d8f00 ffafcc00 0050f300 ffa9f700 002c2f00 ffd1fa00 000ba500
PCM 003110 fff04800 00218800 ffdafe00 fffcf200 0000a900 ffe9fb00 00167600 ffeb4800
PCM 003118 00139200 ffdd3c00 0022a100 fff11300 0011b300 ffef3b00 000b6000 ffe47f00
PCM 003120 00184f00 0006c100 fff41500 00104800 ffeebf00 00088800 fff47f00 0001e500
PCM 003128 fffbe600 ffef0000 000e580900 fffd8e00
PCM 003130 0003f400 ffe8db00 00165c00 ffeb2200 00107b00 0002a800 fff6cd00 0003cf00
PCM 003138 fff81600 ffed8b00 000fde00 ffe53d00 00160700 fff6db00 0007f000 ffd6de00
PCM 003140 0025fa00 ffdbb800 0025ac00 ffd16000 002d7800 ffc29c00 00404300 ffdcb700
PCM 003148 00215600 fff64f00 00033900 ffe4da00 0015e500 ffc77100 00355c00 ffc57800
PCM 003150 003a7d00 ffd5e700 0029b600 ffeece00 0011a600 fffeca00 fffd7300 fff5d600
PCM 003158 000c0000 ffdb6400 00233000 ffd3a200 002a0700 ffbfa300 003c1a00 ffa5PCM 003160 005a1600 ffa51d00 00599f00 ff831d00 007e2b00 ff7c3300 00832000 ff846100
PCM 003168 0076ab00 ff861800 00768000 ff89ad00 0073bc00 ff8be200 006e2700 ff8b5e00
PCM 003170 00748500 ff81bf00 007cbe00 ff8a1600 0071e300 ff837e00 0075f400 ff957900
PCM 003178 00635800 ffa4e500 0059be00 ff8ce800 006f7d00 ff938e00 006b4700 ffa34b00
PCM 003180 00594200 ff93bb00 0068fa00 ff7faf00 007fdf00 ff9fcf00 005dfc00 ffa6df00
PCM 003188 00559900 ff907600 006dc300 ff96fe00 00677f00 ff8cba00 00734700 ff8dc700
PCM 003190 0070b400 ff9d5c00 00611200 ffa0a400 005ebc00 ffa88500 00550b00 ffbb7900
PCM 003198 00417500 ffb73100 00488600 ffccce00 00318e00 ffd38400 0028fc00 ffc04a00
PCM 0031a0 003f3c00 ffd1c200 002b5a00 fffd6800 fffe0600 00053700 fff42100 00063300
PCM 0031a8 fff77500 00029400 fffae400 fff70300 000ad200 000a0e00 fff6cd00 001a0400
PCM 0031b0 ffe36000 00027f00 fff93100 0032ae00 ffc73900 0053c600 ffa77200 0053a000
PCM 0031b8 ffa8b500 00653500 ff958c00 006eca00 ff89b600 00605d00 ff9d1e00 00696500
PCM 0031c0 ff932700 007c3c00 ff812400 006e3900 ff8c8f00 006a0c00 ff935d00 0052e200
PCM 0031c8 ffab7e00 00509e00 ffa79200 00603500 ff955600 0070cb00 ff89d300 00530500
PCM 0031d0 ffa56e00 0042b100 ffbb3200 0047a100 ffb5a300 0054e500 ffa90500 00542400
PCM 0031d8 ffab7c00 005b8100 ff9ddd00 0072c100 ff883300 006d1800 ff8da800 006e5900
PCM 0031e0 ff8de800 003ba500 ffbcea00 002e7a00 ffcd1d00 00442000 ffb31a00 005f5b00
PCM 0031e8 ff9a0300 00734d00 ff876600 006dd100 ff8d4f00 0050a700 ffacc400 00394300
PCM 0031f0 ffc1b100 003bae00 ffc35100 0045f800 ffb5b700 00606700 ff98b200 00644000
PCM 0031f8 ff979100 0050b800 ffad8c00 003c8a00 ffc19400 001e5400 ffdfe300 00138d00
PCM 003200 ffe83c00 00179f00 ffeab300 000fcb00 ffeef300 001e7200 ffdc6100 002d8e00
PCM 003208 ffd25800 00209900 ffd7a000 00386b00 ffc1fb00 00412800 ffbbd800 0042e600
PCM 003210 ffb7e200 001a9b00 ffe07a00 00239000 ffd9c500 00220700 ffdbca00 fff7ca00
PCM 003218 00066900 fffcd400 ffff4d00 fff71c00 0006ac00 00017e00 fffe9a00 00044d00
PCM 003220 fff6e000 fffc2700 0000f200 001a3300 ffe4ff00 00333700 ffca3100 004aaf00
PCM 003228 ffb4ec00 003b9d00 ffbefd00 002ddc00 ffcd6700 00175200 ffe69400 00180b00
PCM 003230 ffe19800 00171d00 ffe57a00 0012bc00 ffe8fa00 000de200 fff26600 fffb7200
PCM 003238 fffdc300 0013b000 ffe63a00 0019f200 ffe00a00 001a9e00 ffe28f00 001b7100
PCM 003240 ffde7d00 0010d400 ffe9ce00 000e4500 ffee2500 00452400 ffb8f800 00542a00
PCM 003248 ffa63b00 005da200 ff992000 0052d700 ffa46500 005ae600 ff9d5500 0060e400
PCM 003250 ff9c2200 0078f400 ff850400 00918400 ff6a0f00 007a9900 ff7e0c00 0068d000
PCM 003258 ff966700 00870900 ff76c200 007d6000 ff7c6c00 0074ec00 ff812c00 008dfb00
PCM 003260 ff6d0400 00816500 ff76a400 00701e00 ff8a1900 0055e100 ffa56800 00529e00
PCM 003268 ffa6d400 006e7500 ff8cd600 008edc00 ff6bd100 00a08a00 ff59a800 0099b400
PCM 003270 ff657400 00925300 ff66ce00 007c0b00 ff7c1600 00841c00 ff76df00 00763b00
PCM 003278 ff80cf00 007bc600 ff7f2900 0079bc00 ff814500 00798700 ff835100 00623500
PCM 003280 ff989d00 00744900 ff86ba00 00743700 ff86ba00 008c6400 ff6a8e00 00b24f00
PCM 003288 ff473f00 00b16300 ff49fd00 00a70b00 ff51bd00 00982900 ff614700 00a4f000
PCM 003290 ff53db00 009b5400 ff603300 0083da00 ff78c300 007a4f00 ff84c100 00783a00
PCM 003298 ff7e9a00 007f4500 ff7cc300 00904200 ff653700 0082a000 ff7b0b00 0070b600
PCM 0032a0 ff8a6700 004dcc00 ffa97500 0059e000 ff9ef600 008e2b00 ff6d2000 008f9600
PCM 0032a8 ff6b6400 007e4a00 ff7eed00 006ef800 ff8b4700 00737400 ff83ac00 00688600
PCM 0032b0 ff905600 00831900 ff781d00 00735c00 ff851100 007bb600 ff7d5400 00854400
PCM 0032b8 ff791d00 00871b00 ff74dd00 006c3900 ff8b9400 00601300 ff956f00 00640b00
PCM 0032c0 ff969d00 00779800 ff7f3500 00a41000 ff56fc00 008b0100 ff6bc200 00969100
PCM 0032c8 ff645f00 00a56b00 ff529300 009f1f00 ff5a6a00 009a2c00 ff5c8800 00942e00
PCM 0032d0 ff649600 008d9f00 ff6a4500 0085d500 ff750100 008a4500 ff70e600 006c9800
PCM 0032d8 ff8c6c00 005b0a00 ffa7d000 00603f00 ff997800 005e8c00 ff9bbc00 00582400
PCM 0032e0 ffa33b00 00614c00 ff994400 00562400 ffa74000 005b8300 ff9daf00 003c6600
PCM 0032e8 ffbde100 0032fa00 ffc9b200 004bfa00 ffac5a00 00497000 ffb31000 004e0a00
PCM 0032f0 ffaf2600 0067df00 ff940000 00694400 ff8fe600 00613100 ff96f100 006b6700
PCM 0032f8 ff8cb100 008b0b00 ff71b400 007f3f00 ff79c200 007b4e00 ff7b0100 00712a00
PCM 003300 ff88d400 00471200 ffb20200 00543a00 ffa28f00 00705a00 ff91c100 00978c00
PCM 003308 ff64f200 00854200 ff764c00 00834c00 ff7a0200 00924100 ff68a100 00775900
PCM 003310 ff838b00 0065d300 ff944f00 006caa00 ff8db100 00774800 ff812f00 008e0600
PCM 003318 ff624600 00954400 ff5e1e00 009d1a00 ff5a2f00 0096dd00 ff664d00 008a3e00
PCM 003320 ff734400 006caf00 ff908700 007c4100 ff7f3800 007e4e00 ff7ab500 00723f00
PCM 003328 ff88c800 006de800 ff8d8600 008a5200 ff711700 00a0c800 ff57b600 00917500
PCM 003330 ff689200 00800800 ff7dcf00 00934300 ff68c400 008ea300 ff6a9500 0071f700
PCM 003338 ff8b6400 00519d00 ffa7d400 003aa800 ffbb7400 00330800 ffcc7900 003cf300
PCM 003340 ffbf6700 003cd300 ffbdda00 002c4d00 ffcba600 00242100 ffd78200 00389a00
PCM 003348 ffc0f900 00359100 ffc4db00 00335100 ffcd8c00 0036d300 ffc7df00 00413300
PCM 003350 ffbaa000 004bf900 ffafc600 003d0300 ffbf0100 004ac200 ffae9000 00457100
PCM 003358 ffb3f000 0027f300 ffd3e700 00080600 fff35700 fff9dd00 0006ad00 000d5300
PCM 003360 fff03300 00067c00 fff9a000 fff8db00 00030900 fff66000 00062600 fff71900
PCM 003368 00092d00 ffe4ab00 0019d600 ffda8a00 00233000 ffc98300 00312c00 ffc87400
PCM 003370 0033a200 ffc6cd00 00338c00 ffbc6b00 003d7600 ffcd5200 0030fb00 ffd28d00
PCM 003378 00271000 ffc58900 0039a700 ffb6b100 00473500 ffad7400 0047ca00 ffc42300
PCM 003380 00375800 ffd3b000 002acd00 ffb92900 00480b00 ffbb5700 00413e00 ffc9b800
PCM 003388 00324900 ffd57900 00271100 ffe22b00 00183800 ffe4b300 001c5d00 ffbe7c00
PCM 003390 003f3900 ff9fa200 00596500 ffbf2300 003d7800 ffc1a300 003ccd00 ffc7be00
PCM 003398 00359900 ffbf0200 003e8e00 ffc6f100 0034a500 ffc6ad00 0038ea00 ffc46000
PCM 0033a0 0034dc00 ffdacf00 0022fe00 ffdbac00 00215500 ffcbc600 0032b500 ffadf500
PCM 0033a8 00526300 ffac4a00 0050b200 ffbb2e00 00416800 ffb5c500 00468100 ffbf7300
PCM 0033b0 0038f500 ffd39000 00257c00 ffd1a300 002ae800 ffdb5200 00223500 ffd87e00
PCM 0033b8 00239800 ffc33c00 00358c00 fff2d100 00075f00 ffeeaa00 000bad00 fff50900
PCM 0033c0 00036200 fffcc500 ffffb500 00073f00 fff31400 001ea700 ffde8800 0010b000
PCM 0033c8 ffe6f300 00024700 fff63f00 fff74000 00020e00 00122a00 ffe85700 fff9cc00
PCM 0033d0 00017700 fff63900 00041c00 0001b900 fff7c900 0002a700 fffaad00 ffedad00
PCM 0033d8 00113100 fff2a100 000c7d00 ffdb2000 001fb100 ffe4a700 001c1800 fffb7500
PCM 0033e0 00038b00 000b9e00 ffedbe00 fffff600 fffcae00 fffcdf00 fffbea00 00127b00
PCM 0033e8 ffe92f00 000a9b00 fff0d700 fff6fe00 00079300 ffea9100 0011c700 fffa8600
PCM 0033f0 fffc8500 fff69f00 00086f00 fffd7b00 fffdf800 00023b00 fff93e00 fff41d00
PCM 0033f8 000c3500 0012db00 ffed8b00 00261700 ffd46d00 004b8300 ffae2500 005afe00
PCM 003400 ffa0ce00 00304c00 ffd2ba00 0035f700 ffc3cf00 00257f00 ffd6cb00 0013d100
PCM 003408 ffea1000 001bfa00 ffe2dc00 0028ca00 ffd48f00 003c6400 ffc01300 00509400
PCM 003410 ffaa8f00 0037f600 ffc3cc00 00005fc100 ff998700 005eb700
PCM 003418 ff9a9a00 0032e200 ffc9ad00 00398700 ffc10500 0022cd00 ffd8eb00 0021d900
PCM 003420 ffdab200 002e1700 ffce4700 0020ee00 ffdcbe00 00310000 ffc98800 00373c00
PCM 003428 ffc57100 0044d000 ffb7d100 00472d00 ffb50200 00343000 ffca1100 002bc900
PCM 003430 ffcea000 00382d00 ffc41000 00279e00 ffd31600 0030e600 ffcc8000 0030d100
PCM 003438 ffc89800 002b5900 ffd24700 0048fe00 ffb1fb00 00422100 ffba3800 00490400
PCM 003440 ffb25b00 003a4b00 ffbe7900 00438f00 ffb82d00 004c0000 ffb04200 0042e000
PCM 003448 ffb5fd00 003c1300 ffbb7d00 003a2100 ffc40200 0028a300 ffd38500 005d4c00
PCM 003450 ff9de800 00486500 ffb0af00 003af500 ffbfa800 00402300 ffbba600 00394800
PCM 003458 ffc1bd00 0017bc00 ffe29d00 00155200 ffe8ea00 0020a500 ffdc0800 002aef00
PCM 003460 ffd59e00 003dd500 ffbc6100 00508600 ffae1d00 00421200 ffba2e00 0035d600
PCM 003468 ffc6c700 003b6300 ffbff700 0046de00 ffbb8c00 004b6700 ffae4700 004fa900
PCM 003470 ffa9e500 0057d000 ffa3c700 00439600 ffb42d00 006ab600 ff8eee00 006b7500
PCM 003478 ff939900 006d3f00 ff8cd900 005c0a00 ff9ff300 004bb600 ffb3b500 00525e00
PCM 003480 ffacad00 004e8f00 ffacb200 005ccd00 ff9f2c00 006b2800 ff91e700 005cd000
PCM 003488 ffa0e100 00633300 ff9cf400 0073ca00 ff862f00 00712000 ff88b700 004c6200
PCM 003490 ffad1300 0037c400 ffc43500 003b7400 ffbe8900 005a0100 ffa0c000 0050cf00
PCM 003498 ffa83500 00531400 ffa2f900 00480800 ffafe800 003c5500 ffb97800 00327400
PCM 0034a0 ffc59500 00269400 ffd3f400 00314200 ffc63d00 003d3f00 ffbdfe00 00336b00
PCM 0034a8 ffc99500 00303f00 ffcbdc00 003b9600 ffc28b00 00515000 ffab3e00 00465700
PCM 0034b0 ffb39f00 003f1600 ffb7ce00 003b1d00 ffbf7b00 0043fe00 ffb49e00 00574400
PCM 0034b8 ffa55500 00598100 ffa55d00 0054f400 ffa6cb00 0074a400 ff876a00 0063ea00
PCM 0034c0 ff943d00 004d8a00 ffae6500 0041a700 ffb7fe00 0044bf00 ffb90100 002ea800
PCM 0034c8 ffcb8600 003c7e00 ffc11400 004a8600 ffb3f100 0027b500 ffd2ec00 0030d100
PCM 0034d0 ffceb000 002a5100 ffd56e00 001c0a00 ffdfae00 001c1900 ffe24c00 00251300
PCM 0034d8 ffd6dd00 00302800 ffcae800 003cde00 ffc19c00 002a6e00 ffcf7c00 001cba00
PCM 0034e0 ffe11a00 001d0900 ffe15e00 0019c500 ffe34d00 00148500 ffe62b00 002a5200
PCM 0034e8 ffd1b000 00491400 ffb0dd00 00628c00 ff966f00 00536900 ffaa8500 003ccb00
PCM 0034f0 ffbe6e00 00524600 ffa92800 0069ec00 ff90ff00 005a8c00 ffa14300 00762700
PCM 0034f8 ff819f00 00732200 ff813c00 00779d00 ff847d00 0078a000 ff82fe00 007ff700
PCM 003500 ff79f900 00916a00 ff683100 00915800 ff6a7c00 0085c500 ff75b400 006ee900
PCM 003508 ff8cca00 005e7d00 ff9e2300 006eef00 ff8abd00 007b6100 ff7ebe00 009cdc00
PCM 003510 ff5d2f00 00a6f100 ff534f00 00a03400 ff568100 00a1e800 ff586600 00a4fe00
PCM 003518 ff5a3000 00b43500 ff47a800 00c27e00 ff361700 00b89a00 ff414800 00b1e700
PCM 003520 ff467a00 00da4c00 ff207c00 00c52400 ff31c100 00d11700 ff2bda00 00b9d500
PCM 003528 ff3d6400 00b3a800 ff431200 00adb600 ff4e1e00 00a7d300 ff53e000 00be1200
PCM 003530 ff3d3400 00cf9a00 ff2ab900 00bf6f00 ff3a2b00 00a45a00 ff580200 00979300
PCM 003538 ff5f4a00 00a27700 ff575f00 00b04e00 ff495d00 00a7da00 ff4fe300 00a5c700
PCM 003540 ff529a00 0092a800 ff65b800 0083a100 ff741300 008e0e00 ff672000 0092d600
PCM 003548 ff630b00 009f5500 ff58d100 00888f00 ff72f400 007a4900 ff7e8c00 0091dd00
PCM 003550 ff679100 008ad700 ff68ad00 008c9300 ff6df800 00a09500 ff55dc00 009bd800
PCM 003558 ff609800 00a18100 ff571d00 0082d200 ff765d00 0075da00 ff851600 006b7b00
PCM 003560 ff896300 00876e00 ff6faf00 00889400 ff754100 007e9f00 ff7f7800 0083d200
PCM 003568 ff73f900 0085d400 ff794800 007c0000 ff7c7400 00949a00 ff65ab00 00a49200
PCM 003570 ff577d00 00b25100 ff48e200 009db100 ff5f4d00 007f5200 ff792400 0070b800
PCM 003578 ff898e00 006c4d00 ff8dfb00 004a8600 ffb02200 0040a500 ffba3400 00465900
PCM 003580 ffb17700 0039d700 ffc1ea00 003db200 ffbe5b00 0046a900 ffafb800 00553600
PCM 003588 ffa5bf00 0059db00 ff9c9500 00709f00 ff86aa00 00683f00 ff932200 0049bf00
PCM 003590 ffac5f00 005a3800 ffa53b00 00456f00 ffb7b600 00326700 ffc87900 002d6f00
PCM 003598 ffcd9700 0039c600 ffc74b00 002c5300 ffcf0400 001a1200 ffdf5000 00265600
PCM 0035a0 ffd19800 004a4200 ffaa6100 002e5800 ffce7600 00270800 ffd04b00 00372300
PCM 0035a8 ffc36c00 00327800 ffc6b000 002c8000 ffca7f00 000cf100 fff08100 001a5800
PCM 0035b0 ffe3e100 0028d600 ffd07f00 0003e500 fff5c200 fff1e800 000b4900 ffdfb800
PCM 0035b8 00178c00 ffbb6100 003d6400 ffb20700 004af200 ffb3ff00 00473600 ffb5f200
PCM 0035c0 00490b00 ffb7a100 0046d200 ff90e900 006b7300 ff8fa700 006f7800 ff879200
PCM 0035c8 00737300 ff8cb500 00728a00 ff9b3f00 00611600 ffaafc00 0057a900 ffa2d900
PCM 0035d0 005a5000 ffa03500 005cc800 ff9ee700 005e6800 ff954b00 006bd600 ff8bbb00
PCM 0035d8 00741300 ff964800 00699400 ffa01800 00605700 ff9d3d00 0062a100 ff89a000
PCM 0035e0 00756000 ff8b6800 006cdf00 ff9a2600 00648800 ff8acc00 0070e600 ff7a0c00
PCM 0035e8 00846900 ff6a0e00 00918f00 ff7f9200 007ddf00 ff8de800 0070ff00 ff699d00
PCM 0035f0 00943300 ff638e00 00996d00 ff784400 00895900 ff702f00 008ec000 ff5c8d00
PCM 0035f8 00a35100 ff52b300 00ac5000 ff312000 00d18e00 ff4dc100 00b3e200 ff7ea900
PCM 003600 00852c00 ff79cb00 00878800 ff536c00 00af4800 ff39ac00 00c71800 ff4c6800
PCM 003608 00b40700 ff59d600 00a2b100 ff56d300 00a7b000 ff551400 00a7ce00 ff4b8900
PCM 003610 00b39f00 ff3a2a00 00c6d000 ff1f6200 00ddeb00 ff25e800 00d9d000 ff30d900
PCM 003618 00cf7100 ff1f8500 00dda800 ff273200 00dc1600 ff375900 00cb3200 ff23f000
PCM 003620 00de3000 ff18b200 00e5ba00 ff2fbf00 00d0ba00 ff1e8b00 00df2900 ff120700
PCM 003628 00eead00 ff111b00 00ede000 ff433500 00bbae00 ff58c400 00a27d00 ff411600
PCM 003630 00bbe800 ff499400 00b42d00 ff30f800 00cda800 ff12a400 00ebb700 ff12a300
PCM 003638 00ef8a00 ff0b3b00 00f95100 ff229d00 00e23600 ff193600 00e86800 ff04d100
PCM 003640 00f9cb00 fefb4e00 01073b00 feec9500 0111e700 fef8e100 01054500 fefab700
PCM 003648 01031000 fef10000 01125a00 feec3800 01166b00 fef30200 010b2600 fef54900
PCM 003650 01099900 fefc1500 0103f400 ff00d600 00fc1100 ff13ed00 00eb8b00 ff376c00
PCM 003658 00cbd200 ff49ef00 00b71f00 ff530b00 00ab7b00 ff4f9d00 00af7100 ff343100
PCM 003660 00cd4e00 ff310500 00d28d00 ff373500 00c7fc00 ff4a9900 00b76700 ff399100
PCM 003668 00c82900 ff2ae800 00d39f00 ff1b3500 00e59900 ff173700 00e99600 ff224700
PCM 003670 00dec500 ff294700 00dbb100 ff2e7f00 00d38100 ff337300 00cde300 ff1e9200
PCM 003678 00e7ee00 ff2c4e00 00d77100 ff4e5d00 00b39100 ff418000 00bfe200 ff3f4e00
PCM 003680 00c33000 ff33cd00 00cf3200 ff302600 00d15e00 ff35c500 00cb9900 ff38c600
PCM 003688 00c59200 ff438100 00be6500 ff31fb00 00cd4f00 ff49d000 00b55100 ff4df900
PCM 003690 00b80300 ff5a3900 00a15400 ff829800 007b8b00 ff8ab200 0075c600 ff815300
PCM 003698 007be800 ff724400 008c2700 ff6bcf00 00957600 ff64fa00 009af700 ff490100
PCM 0036a0 00b47200 ff574900 00a8b200 ff61cc00 009b3c00 ff79bb00 00850c00 ffa07000
PCM 0036a8 005f6600 ffad0100 00522400 ff9db000 005e2b00 ff98ba00 00679c00 ff83af00
PCM 0036b0 00784400 ff981a00 00669700 ff89c700 00780b00 ff708a00 0090e000 ff783b00
PCM 0036b8 0088ee00 ff976500 00661100 ffa10700 005cdd00 ff8f7a00 006f6500 ff833200
PCM 0036c0 007e2300 ff8bc900 00706400 ffa25300 0059e900 ffa90300 00554500 ffa15700
PCM 0036c8 0056c800 ffb53200 0047f400 ffc2ac00 0039a400 ffc08a00 003c6400 ffbaa100
PCM 0036d0 0041e400 ffa63a00 0056b100 ff95de00 0068ac00 ffa9d100 00524100 ffc0fd00
PCM 0036d8 003d1400 ffd06b00 002d9f00 ffc56a00 00370400 ffc79a00 00389a00 ffc1ab00
PCM 0036e0 0039d300 ffccb500 002f9e00 ffeb1300 00179300 ffd1b000 002d7400 ffd81c00
PCM 0036e8 0023d100 ffdf8f00 001ba100 ffde6400 001ba700 ffd66900 0026c800 ffe45c00
PCM 0036f0 001af800 0003b000 fff9a300 0028c400 ffcfcb00 00315200 ffc87700 00068600
PCM 0036f8 fff5ab00 fffdb300 fffdae00 00209700 ffdb0900 00250d00 ffd75000 00271800
PCM 003700 ffd1d400 003d3700 ffbd4c00 0031b700 ffcbf700 0036b200 ffc20f00 0021e900
PCM 003708 ffda2100 0027d900 ffd26100 002d1b00 ffd00700 00358f00 ffc60f00 00314400
PCM 003710 ffc99800 00182c00 ffe5a800 fffc9b00 00009200 fff25e00 00089300 ffefe300
PCM 003718 000d5800 ffe7d900 00133300 ffe89e00 000c8900 ffe88600 0011e900 ffefcc00
PCM 003720 000bb400 ffef6d00 000dea00 fff72a00 00015900 000b6e00 ffec3900 00224b00
PCM 003728 ffd88300 002fa000 ffce7000 0041ac00 ffba3300 00192400 ffe41700 ffe1ea00
PCM 003730 00156a00 ffdef700 001f2900 ffe49f00 001a1800 ffef1600 000d1700 ffe33d00
PCM 003738 00196000 ffd76800 00249500 ffe74900 001a0c00 fff3bf00 000c2600 fff13e00
PCM 003740 000bb600 ffddcc00 00202f00 ffddb900 001cfc00 ffe8e000 00115e00 ffdc1400
PCM 003748 00228600 ffd8b100 00277400 00002700 fffcb000 0009b000 fff00700 fffd9400
PCM 003750 fffc9b00 fffa4d00 0006e400 fff1a600 00082c00 ffebc500 0010f500 0009ca00
PCM 003758 fff27200 00220c00 ffda0600 00283800 ffd23900 00169b00 ffe66b00 fffba300
PCM 003760 fffeb300 fff34e00 0009cb00 00026900 fffc7400 00127a00 ffe95d00 00174a00
PCM 003768 ffe5a400 001d9e00 ffddfc00 001d2b00 ffdc7000 00176800 ffe58100 00056100
PCM 003770 fff94a00 00107500 ffeda400 00277200 ffd3ad00 00377700 ffc34100 001b3200
PCM 003778 ffddd000 001dda00 ffdd6d00 00234500 ffd99000 00223600 ffd7d900 003ae100
PCM 003780 ffc01b00 00355c00 ffc68a00 002cfb00 ffcdac00 00318300 ffc9c700 004d5a00
PCM 003788 ffac8a00 00542e00 ffa73600 0046e900 ffb6c600 0053fa00 ffab8f00 00439d00
PCM 003790 ffb66900 0039d700 ffc35800 003dca00 ffbd9e00 00392500 ffc20600 005adb00
PCM 003798 ffa0e000 007f4900 ff7d0900 007d3300 ff7ce500 007c3000 ff7b0e00 008c6f00
PCM 0037a0 ff728000 00899b00 ff6f7300 006b9700 ff8ce800 00675600 ff90f500 008ef300
PCM 0037a8 ff6bed00 00932300 ff66a400 008a3d00 ff6bb600 00782200 ff812200 004af900
PCM 0037b0 ffb07800 00443700 ffb7be00 004b9f00 ffb1c900 004a3000 ffb1b500 0039a900
PCM 0037b8 ffc2ec00 00486700 ffb19200 004b9e00 ffad1f00 005a4800 ffa1e900 004cea00
PCM 0037c0 ffaac700 003cd100 ffbce900 003d2300 ffbe2400 00465800 ffb29900 00537800
PCM 0037c8 ffa49f00 004dd900 ffb0f700 003ec400 ffbe3900 00493500 ffb13e00 00379700
PCM 0037d0 ffc27300 002ba100 ffd26000 004e9000 ffad8d00 007a1400 ff7ec800 00726600
PCM 0037d8 ff879b00 008c4300 ff6ef600 008eab00 ff6d1e00 007e9500 ff7b2200 009beb00
PCM 0037e0 ff5f2600 009ab900 ff605800 0083c500 ff733f00 00548c00 ffa1fe00 0057cd00
PCM 0037e8 ffa04900 00603200 ff9d5000 00653600 ff946700 00758f00 ff806500 0068f900
PCM 0037f0 ff91fe00 005ca500 ffa0f000 003b1600 ffbeb800 00430800 ffb40f00 003a0000
PCM 0037f8 ffc07600 00342600 ffc93300 0044cb00 ffb92000 004f2000 ffaa5a00 004e1a00
PCM 003800 ffb17500 003c7200 ffbe7d00 00460f00 ffb2b200 00674500 ff904700 0068f600
PCM 003808 ff926c00 00537000 ffa5a300 00398400 ffbe7c00 00444f00 ffb58f00 00511700
PCM 003810 ffabe100 0048f400 ffb36900 007f8f00 ff7a9800 0091f100 ff67cb00 00800200
PCM 003818 ff7b9300 007b2200 ff80b500 0087fc00 ff74c200 0075ac00 ff883a00 005fd600
PCM 003820 ff9f2200 0050f700 ffa62600 005dda00 ff9ec600 006f3a00 ff8e9300 0054c600
PCM 003828 ffa4dc00 00416c00 ffbbf900 00318900 ffca1900 00283c00 ffd4f400 003bdc00
PCM 003830 ffc01800 0046aa00 ffb94e00 006f7200 ff893100 005bc800 ff9d8200 0050c000
PCM 003838 ffac1900 004c1300 ffaf6400 003d7b00 ffb87100 0018e200 ffe47c00 001c5100
PCM 003840 ffe37500 00309200 ffcac300 00105500 ffea3b00 000a9c00 ffeff100 00125900
PCM 003848 ffe6e400 001dd800 ffda9300 00136c00 ffe52300 fff26e00 00070400 ffed8d00
PCM 003850 00119000 fffa9300 00000b00 00057100 fff5af00 0000ec00 fffb8700 ffd5e600
PCM 003858 0024a400 ffb3ba00 0046ce00 ffcb6600 00319200 ffd79000 00277f00 ffd65500
PCM 003860 00255600 ffd1ba00 002c8300 ffb78700 00456200 ffb64d00 0047cd00 ffbf6900
PCM 003868 003b1300 ffd3ae00 0025f400 fff17100 00072900 fffc0b00 00014c00 0006ba00
PCM 003870 fff36a00 00070800 fff61800 ffe45c00 0018be00 ffcfb900 002a9600 ffc73700
PCM 003878 00342d00 ffb9ac00 00447a00 ffbbe200 00426200 ffc77d00 0036eb00 ffaec200
PCM 003880 004dd400 ff8e6c00 006d5b00 ff87f400 00793800 ff67eb00 00969400 ff667d00
PCM 003888 00992b00 ff559b00 00a7c900 ff645200 00965800 ff78a500 00862a00 ff729f00
PCM 003890 008c2800 ff890900 0072f700 ffa8e300 00587900 ffa11300 005e3700 ff85f100
PCM 003898 007c5000 ff73eb00 008b2d00 ff5f8400 009db500 ff6a3b00 00940200 ff511000
PCM 0038a0 00afc200 ff464600 00b9b400 ff308900 00cdb200 ff329c00 00ce3700 ff503200
PCM 0038a8 00ae4500 ff531b00 00ac4b00 ff39f300 00c8f600 ff33a100 00caae00 ff19b500
PCM 0038b0 00e66000 ff253a00 00d74800 ff42ad00 00be4700 ff581c00 00a50000 ff721f00
PCM 0038b8 008e7700 ff763d00 00898c00 ff88f200 0076a900 ff7ed800 007f6500 ff67c900
PCM 0038c0 0096bc00 ff6d4000 0090f400 ff689900 00945c00 ff772c00 0084d800 ff7cd600
PCM 0038c8 007b3500 ff89fa00 00735c00 ff8df600 006eb000 ff877200 00756f00 ff740300
PCM 0038d0 008caf00 ff6a8400 00915b00 ff621200 009a8a00 ff523d00 00aa0200 ff48ef00
PCM 0038d8 00b4a900 ff576b00 00a2b700 ff80f200 007b2100 ff80eb00 007b2c00 ff877500
PCM 0038e0 00749700 ff939000 00691c00 ff94f300 00646f00 ffac0300 004e1200 ffb31000
PCM 0038e8 004bf300 ffae4d00 004ddf00 ff995c00 0060ed00 ffa5f300 005a3700 ffa86900
PCM 0038f0 0054ce00 ffb2ae00 0048f600 ffc76a00 00368100 ffc52b00 0035e300 ffd18c00
PCM 0038f8 00275700 ffc72200 003a3b00 ff9aba00 00666100 ff786e00 0089be00 ff7e4a00
PCM 003900 0081fe00 ffa86100 00560c00 ffcbc700 002ff300 ffeef300 000a4e00 ffd14700
PCM 003908 002b9500 ffac5300 00542400 ff9ea100 005d4a00 ffb65300 0046dc00 ffda2e00
PCM 003910 00250800 ffeeba00 00089700 fffeab00 fffd4400 ffeb4300 00110500 ffdffd00
PCM 003918 001c8800 ffdee800 00205c00 ffdcc800 00213d00 ffd39f00 0029db00 ffa8f400
PCM 003920 00596000 ffa3e200 00579700 ffbf8100 003d9d00 ffa93e00 00534500 ffab9000
PCM 003928 0053ec00 ffb3e000 0049ec00 ffb51a00 00454c00 ffba9b00 00410500 ffcf6100
PCM 003930 002b6700 ffc29700 003cbc00 ffad1800 004e9400 ffb03300 00496c00 ffd08700
PCM 003938 002a2000 ffe88c00 00139500 ffd67f00 002a2500 ffdeba00 001d4600 fff9c400
PCM 003940 0003a900 fff55900 00070200 fff90700 00062c00 fffd1b00 0002d000 ffde3000
PCM 003948 001ca600 ffd95100 00277100 ffba2700 00434f00 ffc35800 003d1a00 ffe71700
PCM 003950 001b9c00 ffce5100 002d5400 ffc42e00 003d8200 ffc53c00 00374a00 ffc1ea00
PCM 003958 00402f00 ffba7b00 00476200 ffbcbb00 003fd800 ffc6f600 00362500 ffbc6e00
PCM 003960 00408e00 ffc4f700 0036d500 ffd2d200 002f6900 ffda2900 00219600 ffdbb000
PCM 003968 0021bb00 ffc90c00 0032ba00 ffd78300 0025bb00 ffffc900 fffefc00 0003cb00
PCM 003970 fffa9400 ffebab00 00102100 ffda3a00 0023b600 ffbbfe00 00411c00 ffc87100
PCM 003978 0034b800 ffdeb600 001cb100 ffe69800 00168700 00021500 fffafb00 00281400
PCM 003980 ffd26300 0046e400 ffb44400 00412400 ffb8d000 003bce00 ffbb8100 0062fb00
PCM 003988 ff98f800 003ff900 ffbd3e00 003dc400 ffc02700 00454000 ffb1a100 00537a00
PCM 003990 ffa95c00 00425b00 ffb7f600 003e9b00 ffbc0900 00419e00 ffba1300 0049d900
PCM 003998 ffab5500 004eb000 ffac7900 0048fd00 ffb3e100 006ca600 ff8da100 009cc400
PCM 0039a0 ff5a6600 00aca000 ff4deb00 00914400 ff687300 006c4100 ff8be400 00693500
PCM 0039a8 ff8ef400 00687f00 ff939700 00671600 ff8da100 00664e00 ff961000 00514900
PCM 0039b0 ffa5ca00 006aa900 ff8ffd00 00962e00 ff639e00 00a5d900 ff52e600 00912900
PCM 0039b8 ff65bc00 007c1900 ff793800 00585000 ff9a6900 00709100 ff871000 00944300
PCM 0039c0 ff5f5800 008ed400 ff6a1c00 00884b00 ff6f4600 00946400 ff60b300 00984300
PCM 0039c8 ff622e00 00a54b00 ff4fb900 00b5af00 ff45ba00 00a27800 ff585800 00c02600
PCM 0039d0 ff390400 00c64700 ff32d700 00b96f00 ff3d9600 00bbdd00 ff3da400 00a36d00
PCM 0039d8 ff51d800 00c81300 ff325000 00b5c800 ff458100 00a60900 ff53de00 00a1c400
PCM 0039e0 ff56c200 009c3d00 ff610800 00b11800 ff470600 00d27100 ff23be00 00bd9000
PCM 0039e8 ff3b0500 00b07600 ff4ac000 00c23900 ff352f00 00ce9c00 ff2a5900 00c66200
PCM 0039f0 ff337800 00c9e500 ff2c1900 00d1b000 ff21e100 00ec8100 ff087100 00e30f00
PCM 0039f8 ff156000 00d8e800 ff1e7600 00dcac00 ff1cad00 00de5100 ff179500 00dc0500
PCM 003a00 ff1e3800 00dfb100 ff16da00 00df3400 ff158c00 00e1e200 ff145700 00dfff00
PCM 003a08 ff150200 00f6fe00 fefe8e00 00f7cf00 fefc8800 00e76700 ff130a00 00e82700
PCM 003a10 ff13ad00 00e81d00 ff0af700 00e16e00 ff16c200 00e47b00 ff146800 00e17b00
PCM 003a18 ff196800 00f9cc00 fef9c200 01148e00 fee1e700 00f66600 ff030300 00e71500
PCM 003a20 ff0b2700 00f32c00 ff064600 00f07b00 ff06f600 00dde900 ff190400 00c9e600
PCM 003a28 ff2d6000 00defa00 ff17b600 00f2ee00 feffc100 00f3a700 fefc7a00 00f7ca00
PCM 003a30 ff00a000 00ecd700 ff08ea00 01059700 fef48100 01071500 feed6b00 010fb100
PCM 003a38 fee58f00 01143a00 fee32500 010cba00 feead900 00ff4900 fef7a300 00edea00
PCM 003a40 ff09c700 00e27d00 ff13f200 00f42e00 ff016c00 00fb3900 fefb7500 00d90d00
PCM 003a48 ff1e9e00 00d88b00 ff1acf00 00dc1a00 ff1a5d00 00f09400 ff09f800 0103c700
PCM 003a50 fef1c500 00fcca00 fefa7f00 00f9cf00 fefbc300 00fe1d00 fefa2600 0109d600
PCM 003a58 feeeab00 010be000 fee9fe00 00e94c00 ff0bb200 00da0600 ff1f7200 00f58400
PCM 003a60 ff05a000 00f07700 ff09e900 00e7b800 ff132c00 00f2d900 ff049600 00dded00
PCM 003a68 ff1a9e00 00c97800 ff30c100 00c4cc00 ff303d00 00c35200 ff323400 00ca6c00
PCM 003a70 ff2c9000 00cc1600 ff2a4500 00cc4c00 ff2abc00 00d7f600 ff245500 00dcf700
PCM 003a78 ff1a1b00 00e17200 ff131d00 00dbb200 ff1e2000 00d45a00 ff23ca00 00b7ee00
PCM 003a80 ff43bd00 00bd9200 ff3c7a00 00b91900 ff3e0700 00c41500 ff324d00 00c35600
PCM 003a88 ff336900 00c82a00 ff2cea00 00b58900 ff3ca100 00bcbe00 ff3b0600 00c87a00
PCM 003a90 ff31e300 00c1c200 ff340e00 00b5fd00 ff43fd00 00ae2600 ff47f800 00b90400
PCM 003a98 ff3fe100 00baec00 ff3d8100 00c45500 ff392d00 00b7cd00 ff3fe200 00a66900
PCM 003aa0 ff545800 00987c00 ff661b00 00904700 ff679100 008e4500 ff6de900 00b12600
PCM 003aa8 ff4d0a00 008d9c00 ff6beb00 00982a00 ff608a00 00a44800 ff55bd00 00a4d100
PCM 003ab0 ff55fb00 00a7b900 ff4f6800 00a02000 ff5c4d00 00992000 ff5e7a00 008e8900
PCM 003ab8 ff6aef00 00844100 ff738d00 006c0900 ff90af00 006c0e00 ff909e00 007acb00
PCM 003ac0 ff7f1900 007efe00 ff7c7e00 006fca00 ff8a6000 006b0000PCM 003ac8 ff869500 006fea00 ff8de200 00879400 ff6fc400 007f9900 ff79f200 00838f00
PCM 003ad0 ff76ef00 0081bb00 ff7c9200 0093a500 ff634300 0081aa00 ff775800 0070dc00
PCM 003ad8 ff8bc000 005e4800 ff9cf200 00581d00 ffa19400 005fbf00 ff9f7500 0067e700
PCM 003ae0 ff919c00 006fca00 ff86ca00 0076bd00 ff857400 00649700 ff97be00 006b4200
PCM 003ae8 ff920700 00724a00 ff88c100 005a1500 ffa3a900 00537100 ffa65200 006bc100
PCM 003af0 ff8f7300 006e0500 ff8bd100 006b8f00 ff909800 0073b500 ff873400 007bf200
PCM 003af8 ff801000 00641b00 ff984300 0049ba00 ffb3ed00 00350e00 ffc60f00 003f8900
PCM 003b00 ffbd1400 003a9b00 ffc08500 003be900 ffbf6f00 0039e500 ffbef600 0041ff00
PCM 003b08 ffbe6100 0033ac00 ffc91100 00104b00 ffee2f00 002d7a00 ffd24400 0041ed00
PCM 003b10 ffbc7500 00495b00 ffb47c00 001e3600 ffe07600 00149100 ffe72300 002ada00
PCM 003b18 ffd3bc00 003ae200 ffc2d200 0034b100 ffc4bc00 003dd300 ffbc6600 004c9100
PCM 003b20 ffabe800 003a3e00 ffbf7200 00280b00 ffcea800 00254000 ffd80c00 0008d200
PCM 003b28 fff2cc00 ffeea400 000cb200 fff24600 00088700 ffe8f100 0015b100 ffe3be00
PCM 003b30 00179c00 ffbe4f00 003d5000 ffc60800 003a8a00 ffd67d00 0024e500 ffd7f100
PCM 003b38 00263b00 ffe34c00 00193400 ffe04900 001cfc00 ffcf3c00 002e8000 ffc52a00
PCM 003b40 00376600 ffa5c000 00580700 ffaefe00 004a5b00 ffd71600 00253f00 ffd9a900
PCM 003b48 0021c100 ffdfc000 001cae00 0004aa00 fff73900 00035400 fff5e600 fff90700
PCM 003b50 0004ff00 ffe8fa00 00141a00 ffc7f700 00352b00 ffb7a300 00413100 ffc6b500
PCM 003b58 00369700 ffe08c00 001b4100 ffe14a00 001eef00 fff93900 00036100 fff0cf00
PCM 003b60 0009b600 ffe6d300 0014c200 ffe39e00 001b1500 ffeba400 0010e700 fff87d00
PCM 003b68 00030d00 ffec3500 00139300 ffcaa200 00329c00 ffc56e00 00368900 ffda7000
PCM 003b70 0020e200 ffe9f100 0013d100 ffef8300 000e9b00 ffc54600 003a9b00 ffc84c00
PCM 003b78 0033df00 ffcda200 002df800 ffd1d000 002d2a00 ffd13a00 00298500 ffdd4200
PCM 003b80 001ecd00 ffe83700 00162400 ffbff800 003afd00 ffa82400 00533100 ff973a00
PCM 003b88 0063dc00 ffafba00 004c6600 ffb44c00 00481800 ffc7de00 00368600 ffc8b700
PCM 003b90 00319500 ffcafb00 002f4b00 ffd19600 002a3800 fff27f00 000ca700 ffe96e00
PCM 003b98 0010a300 fff37900 00097600 fffb6200 00005500 ffee4000 0010a900 00027200
PCM 003ba0 fff8a700 fff32900 000b6d00 ffc40e00 00398f00 ff9ccd00 00628c00 ffaee000
PCM 003ba8 00515400 ffc3e800 0037c500 ffb13300 004b0b00 ffb83900 00436200 ffd3c100
PCM 003bb0 002b0600 ffdbfe00 001eae00 ffe58900 0017b500 ffda6400 001e0a00 ffdcbb00
PCM 003bb8 0021b800 ffb3b300 00484d00 ffadaa00 0050a700 ffc61b00 00321100 ffe45100
PCM 003bc0 0018b500 fffd2400 ffffaa00 fff49900 0007bf00 ffe2e300 0016d900 ffeb1b00
PCM 003bc8 000f0f00 ffcf8300 002ba900 ffcf6900 002f0400 ffbde000 00443900 ffc57c00
PCM 003bd0 0039c100 ffc52a00 0036ae00 ffe94aPCM 003bd8 0010f400 fff0be00 000a3500 fff51f00 00053d00 ffd0f600 0029e100 ffbf6100
PCM 003be0 003de800 ffbf8200 003b5a00 ffc3b000 00380400 ffd05b00 002d6400 ffca4200
PCM 003be8 00320d00 ffd11b00 002c7700 ffcd7f00 002c8300 ffd55200 00263300 ffe52500
PCM 003bf0 00169000 fff0bf00 000ca200 fffb1800 00015600 fff22100 000b7b00 ffe14500
PCM 003bf8 0016bc00 fff5a600 00059500 ffe8fc00 0017a300 ffd79a00 00238e00 ffdb9200
PCM 003c00 00206900 fff20d00 00052900 ffe7a700 00122500 ffec2e00 00119f00 fff16a00
PCM 003c08 00089f00 00184800 ffe68500 0031a000 ffc56300 00241e00 ffd57d00 00228d00
PCM 003c10 ffda6500 000b6400 ffe9ff00 00067900 ffef4900 0016d200 ffe44300 00156300
PCM 003c18 ffe77d00 0005f500 fff41700 00402400 ffbcb700 0057fa00 ff9c6100 0059c500
PCM 003c20 ff9df000 004d1300 ffb16300 00487c00 ffb1fb00 003fb000 ffb9de00 005d4900
PCM 003c28 ff9ded00 006a8900 ff8e7b00 00789e00 ff803f00 00776100 ff816100 00619e00
PCM 003c30 ff96b000 0067c500 ff94ed00 005dbf00 ffa04c00 00426200 ffbc1300 00287e00
PCM 003c38 ffcf7700 00387e00 ffc08800 0032e400 ffc6f000 00326100 ffc48600 00553a00
PCM 003c40 ffa4fd00 0060bc00 ff9cac00 0047d000 ffb33e00 003f2c00 ffbb9300 004e0200
PCM 003c48 ffa9c600 005cf700 ff9e4700 00790900 ff816a00 007f3d00 ff794100 007e1700
PCM 003c50 ff7c9100 008e1d00 ff714500 008a9700 ff6f7800 008d9c00 ff6c4700 0067a400
PCM 003c58 ff93f600 004fb400 ffaaec00 007bb200 ff7cea00 008b0100PCM 003c60 ff7a8900 009c1800 ff5fe700 00893c00 ff6e7e00 00787900 ff7d9500 006b1f00
PCM 003c68 ff8b7500 00723300 ff875700 007eaf00 ff7ab200 00a83500 ff53c700 00a4af00
PCM 003c70 ff563b00 008b0000 ff6a8100 009e9700 ff5d2200 009e3e00 ff5dfb00 009c5b00
PCM 003c78 ff5f5b00 0086e700 ff71be00 0077d900 ff856d00 007eee00 ff78c800 00934000
PCM 003c80 ff64be00 00aa5500 ff514800 00a93300 ff4ef300 0098d600 ff5ce100 00877c00
PCM 003c88 ff71ba00 00933c00 ff675c00 00a77100 ff54d100 00a54500 ff559600 009ba200
PCM 003c90 ff5b5b00 009b2b00 ff5ff500 00bba600 ff3eb300 00c29700 ff37bc00 00caf500
PCM 003c98 ff2e3800 00e05200 ff165e00 00df2200 ff191500 00e1c100 ff17ca00 00e75c00
PCM 003ca0 ff146200 00dc8c00 ff1a9200 00d35a00 ff21a200 00de9c00 ff1be500 00c95300
PCM 003ca8 ff337a00 00bedb00 ff3ded00 00c77700 ff33f200 00ce2000 ff288e00 00c8d200
PCM 003cb0 ff2ff400 00e0f800 ff154300 00fcc300 fefd3400 00eaf200 ff0e4900 01035600
PCM 003cb8 feefbc00 010fe000 fee2be00 00ff7200 fef8a100 0104b100 fef31d00 00f08e00
PCM 003cc0 ff052800 00e25200 ff184900 00d1e900 ff21a000 00d23400 ff23f600 00ddd400
PCM 003cc8 ff199300 00eca600 ff089800 00e63a00 ff118e00 00c85400 ff2f6d00 00e32d00
PCM 003cd0 ff18ec00 00f3d900 ff044200 00d63300 ff24ea00 00d67f00 ff237b00 00f17500
PCM 003cd8 ff04ee00 010db000 feeb8d00 00f95700 fefffe00 00ea2f00 ff0e7300 00e08a00
PCM 003ce0 ff163000 00db4400 ff191300 00f35700 ff04c400 00ddc400 ff1a4a00 00d14300
PCM 003ce8 ff2bc700 00cafd00 ff2c4e00 00e15000 ff188800 00e4e600 ff10e200 00cedb00
PCM 003cf0 ff295500 00e6e400 ff117400 00fed400 fefa4b00 0101c700 fef7a500 010c4a00
PCM 003cf8 feea1400 01098400 fef14800 00cc6600 ff2baa00 00a0c600 ff582b00 00a96b00
PCM 003d00 ff558400 00b65100 ff3f6900 00bca400 ff3afa00 00b23d00 ff43c900 00ad5100
PCM 003d08 ff4b1b00 00c92600 ff302800 00cb5a00 ff302400 00c8c900 ff316600 00c9f400
PCM 003d10 ff2fb900 00ad0800 ff487c00 0098e300 ff5eac00 00882b00 ff6e4500 008ce200
PCM 003d18 ff6aeb00 006bfc00 ff8f8f00 00716b00 ff8aae00 006e6200 ff88e900 00777700
PCM 003d20 ff84c400 00936e00 ff64f000 0091e000 ff642500 00848a00 ff721200 0089b600
PCM 003d28 ff6b5c00 0081cf00 ff778a00 005ba700 ff9ec900 0055eb00 ffa0e100 005d9c00
PCM 003d30 ff9d4500 00503900 ffa7c900 0049e200 ffb07300 003b7000 ffbad700 00510400
PCM 003d38 ffa57700 00615a00 ff94cf00 003ac000 ffbeb100 00328a00 ffc7d800 00326b00
PCM 003d40 ffc7b800 003a7100 ffc0e600 00175d00 ffe33800 00212d00 ffd86000 00487100
PCM 003d48 ffb25100 00487a00 ffb71d00 0046c900 ffb34d00 002f0d00 ffc68600 001bb700
PCM 003d50 ffe17900 00189900 ffe36900 00127c00 ffe99200 00138d00 ffe82100 00240900
PCM 003d58 ffd14200 0028c100 ffd14f00 001dd000 ffda1800 00267000 ffd29c00 00180d00
PCM 003d60 ffe5af00 00156d00 ffe5a100 000cb500 ffee3300 0026ac00 ffd43200 0033d900
PCM 003d68 ffc6bf00 000b3c00 ffefcc00 ffeddb00 00107f00 ffe5cc00 0016cb00 fffe6900
PCM 003d70 fffb2500 001af400 ffe07800 001b8100 ffdf8e00 0015aa00 ffe88100 fff2b700
PCM 003d78 00034f00 ffec4a00 00132700 ffd2c600 002a3200 ffc89200 00307900 ffcfcd00
PCM 003d80 002cae00 fffd5500 fffe5100 fffe0c00 fffecb00 fffb8f00 fffd9900 ffe38800
PCM 003d88 00188700 ffd25b00 002e6000 ffd5ba00 0028c600 ffcf2600 002afc00 ffaa2800
PCM 003d90 004fb600 ffbbc000 00412f00 ffcfd600 00297900 ffcc1800 002d9100 ffc0e600
PCM 003d98 00391800 ffc10400 003dc100 ffc84f00 0034d800 ffb66000 00472c00 ffa15700
PCM 003da0 005c7100 ffadd800 004e3e00 ffa73c00 00583d00 ffa02e00 005f2c00 ffad3200
PCM 003da8 00514800 ffadfb00 00502400 ffb1c600 004a1600 ffbee200 003dea00 ffc39e00
PCM 003db0 00396000 ffb13f00 004ec700 ffcad200 0032e100 ffc77f00 003b1f00 ffcc7e00
PCM 003db8 0032f000 ffd71500 00278900 ffc6eb00 00349300 ffb7a400 00437a00 ffd0f300
PCM 003dc0 002bdb00 ffd9e400 0020e800 ffb98e00 00409700 ffb2bb00 0048e800 ffc34800
PCM 003dc8 00387b00 ffbc1400 003ead00 ffa32500 005aad00 ff8e7d00 006ec600 ffaca900
PCM 003dd0 0051b800 ffb48c00 0049bc00 ffb47300 00486500 ffb6fd00 00476e00 ffaabe00
PCM 003dd8 0053a300 ffb25700 004ace00 ffaf3200 0049b300 ffbb7f00 003eba00 ffd53200
PCM 003de0 00272800 ffd06a00 002c6b00 ffd6fb00 0025cf00 ffd08e00 00284100 ffd96900
PCM 003de8 00269800 ffd02800 002cfd00 ffd59900 0022ee00 ffe6a100 0014a200 fff88f00
PCM 003df0 fffea700 00067000 fff2c100 ffe21e00 001ce200 ffcb4000 00315900 ffd8ba00
PCM 003df8 0022b300 ffbe8f00 00412200 ffa93500 0054b600 ff947600 006b0800 ffa15a00
PCM 003e00 005b5700 ffae2e00 004a5b00 ffc43c00 0037cc00 ffcae700 00317f00 ffcef400
PCM 003e08 002d6f00 ffbb2e00 00424e00 ffc30700 00391400 ffdd2300 001d9400 ffe2d700
PCM 003e10 0017e900 ffe63800 0010a900 ffdc9700 00211800 ffb98200 00456900 ff897e00
PCM 003e18 00756300 ff998800 00611400 ffb2e300 004a9200 ffc23500 00398100 ffd92700
PCM 003e20 0022bd00 ffe39700 001a8200 ffe92b00 00145a00 ffea9100 0011ab00 ffe58a00
PCM 003e28 001be200 ffd67700 00278700 ffdb3800 0023cf00 ffd33600 00284f00 ffcf4f00
PCM 003e30 0031af00 ffcb3400 0035a300 ffa5ab00 005a1900 ffb80800 0045db00 ffb05300
PCM 003e38 00510f00 ffa86600 0052d000 ffa43300 0058ba00 ffacb100 00480e00 ffbf4500
PCM 003e40 0039c600 ffbc9f00 00413e00 ffb63e00 00443f00 ffbf6600 003e0100 ffb6a200
PCM 003e48 00471e00 ffc29100 003c5000 ffa21600 00629600 ff7a8a00 0082b800 ff9e9c00
PCM 003e50 005b1500 ffa2fd00 0054a500 ff975300 00648f00 ff7f7200 007da500 ff845700
PCM 003e58 00767400 ff8f5a00 006d8100 ff8e0500 006ff600 ffa41700 005e8300 ffa17700
PCM 003e60 005a0100 ffb08700 00473d00 ffc39c00 003a5b00 ffb5ac00 0043d000 ff8f0c00
PCM 003e68 006bba00 ff7e0800 007e9300 ff98d100 0060c900 ffb49300 00486600 ff9a7000
PCM 003e70 005cd200 ff950000 00670a00 ff7ff600 007ca800 ff8c5b00 00703300 ffb95700
PCM 003e78 003cc200 ffb00a00 004e6400 ffa09600 005dad00 ffab4100 0051e000 ffc03900
PCM 003e80 003b5c00 ffbd4b00 00418300 ff9f7e00 005b5700 ff9c1400 005f2400 ff9fdb00
PCM 003e88 00602900 ffa3c300 00589b00 ffab6e00 0052b600 ffabce00 0051b800 ffbbe700
PCM 003e90 0045e000 ffbd0a00 003d5e00 ffbef600 0042a700 ffc7e000 00331c00 ffba6100
PCM 003e98 003c3100 ffa2ed00 0059f100 ff96ee00 00655900 ffa10b00 005b8700 ffaedd00
PCM 003ea0 004d6d00 ffcc3300 002ce800 ffbdec00 003f2a00 ffb25b00 0047e700 ffb01a00
PCM 003ea8 00468100 ffa9fc00 0052f600 ff9e1d00 005cdc00 ff88d000 0072f600 ff717700
PCM 003eb0 008cb700 ff845c00 007bff00 ff82d600 007d9800 ff879700 0070f100 ffabbf00
PCM 003eb8 004f8200 ffb32700 004a9000 ffac1500 0052c800 ffc7fe00 0037ef00 ffb79700
PCM 003ec0 00476900 ff9a6400 00636700 ff929400 006e6d00 ff8d1000 006d5b00 ff7c1000
PCM 003ec8 0080df00 ff86ec00 00751400 ffaf2b00 004d6300 ff996a00 0065c800 ff6e7400
PCM 003ed0 00931500 ff6d1600 00908500 ff6f8300 0090b000 ff7a3000 0082c200 ffab5700
PCM 003ed8 004ea200 ffaa3c00 00550d00 ffb9ba00 0043e100 ffbfc100 003b7d00 ffc1a700
PCM 003ee0 00373d00 ffc1fd00 00399100 ffaaff00 00526b00 ffc19a00 003be400 ffc2b900
PCM 003ee8 003a9100 ffb9e000 00426200 ffca0200 00362f00 ffb38700 00446c00 ffbd8b00
PCM 003ef0 00400600 ffbefe00 003dfd00 ffaa1300 0050d600 ffc56900 00395b00 ffc64000
PCM 003ef8 0033de00 ffe14700 001cd000 fff7e100 fffef300 000e6800 ffeb1700 0012a700
PCM 003f00 ffeac500 fff37400 00077800 fffdf000 ffff1600 001d3000 ffdaff00 003ddc00
PCM 003f08 ffbebf00 00473600 ffb47e00 00195700 ffe4aa00 0012ae00 ffe8d500 0026c800
PCM 003f10 ffd51b00 00282000 ffd37000 002f3600 ffccb100 001f5d00 ffdd7900 0007f200
PCM 003f18 fff34d00 fff94a00 0005da00 fffcec00 00005d00 000fee00 ffe6fc00 00126d00
PCM 003f20 ffe60900 0028bf00 ffd5ee00 003fe000 ffbb0f00 00359100 ffc55e00 002aed00
PCM 003f28 ffd05700 0025ee00 ffd5aa00 0035ef00 ffc3d900 0013f000 ffe5b600 0012a200
PCM 003f30 ffea3c00 00164900 ffe90100 0011ce00 ffe76500 00261600 ffd1d400 00641300
PCM 003f38 ff966a00 007c8200 ff7dae00 005c4200 ffa09400 00587100 ffa35900 005e4e00
PCM 003f40 ff9d0400 005deb00 ff9bf200 0064ba00 ff971100 0065ff00 ff955e00 00677000
PCM 003f48 ff950700 0048c400 ffb27700 0064c900 ff988100 00851d00 ff71e600 0077b100
PCM 003f50 ff851e00 0076af00 ff872700 0078e800 ff7ee900 0068a100 ff947000 0067d300
PCM 003f58 ff906300 00819100 ff7ac800 00827b00 ff790b00 00733100 ff881300 0073ce00
PCM 003f60 ff86d100 004f0b00 ffab7000 0035ac00 ffc83b00 00396b00 ffc13800 0038f400
PCM 003f68 ffc54b00 004cc300 ffb01b00 00625300 ff980300 00486300 ffb20700 0045eb00
PCM 003f70 ffb73500 00438200 ffb99f00 002a0c00 ffd29800 00384600 ffc37700 00457700
PCM 003f78 ffb28c00 00416500 ffbe0100 00578900 ffa26900 00680200 ff907000 00750900
PCM 003f80 ff847a00 00730e00 ff8b3500 005c6300 ff9e8000 0060dc00 ff9a0100 005b1b00
PCM 003f88 ff9d5e00 00608600 ff990300 00633700 ff9ce200 00703d00 ff88e400 005b6c00
PCM 003f90 ffa29500 00560500 ffa6cc00 0055ee00 ffa33800 00388600 ffbe9800 00571000
PCM 003f98 ffa94a00 004c8e00 ffacb600 00456e00 ffb9c800 003a8d00 ffc09600 002e1500
PCM 003fa0 ffcd2d00 0038c400 ffbe3d00 00424100 ffb84400 003d8a00 ffbe7f00 00344a00
PCM 003fa8 ffc90300 00304100 ffcc8d00 0021a800 ffdad400 00226800 ffdbdd00 00220a00
PCM 003fb0 ffd9d300 00213600 ffd3b300 002fd300 ffcf2400 003a4a00 ffc28500 00429600
PCM 003fb8 ffb76600 0034ec00 ffc92700 0006e200 fff7b800 fff2cc00 000b2400 ffec2000
PCM 003fc0 000ee100 ffde2500 001d3b00 ffe20100 001bc000 ffe97200 00114d00 ffeca500
PCM 003fc8 00145200 fff32a00 00080300 000bf200 fff10400 fff5f900 0004e600 fff84000
PCM 003fd0 0004ab00 ffe04800 001de800 ffe1fa00 0017f600 ffdcc200 00231900 ffd2d400
PCM 003fd8 002cb200 ffb40800 00464d00 ffb1a500 0048a700 ffbf4000 003fed00 ffc67400
PCM 003fe0 0035d200 ffce3a00 002c9b00 ffbb6b00 003f4a00 ffd44100 002b3300 ffcd0600
PCM 003fe8 002e0100 ffc92900 00356f00 ffa99a00 0051b800 ff89b200 0071bc00 ff91d200
PCM 003ff0 006f5f00 ff7e1400 00818b00 ff85b200 007d6900 ff79a300 00868a00 ff77d100
PCM 003ff8 0086ab00 ff750400 00897b00 ff69dd00 0092b200 ff5fc700 009c0b00 ff625900
PCM 004000 009e1d00 ff5e6300 00a05500 ff658a00 009b0900 ff697400 00979d00 ff537800
PCM 004008 00a7dc00 ff56e900 00aef000 ff586b00 00a4b500 ff5bf500 00a33700 ff414900
PCM 004010 00c29e00 ff437600 00be2700 ff34a800 00c8dc00 ff2ff500 00cf7f00 ff3aa300
PCM 004018 00c45d00 ff266f00 00d7aa00 ff1ca600 00e88f00 ff187c00 00e76300 ff2fbf00
PCM 004020 00ccb300 ff284b00 00d88a00 ff1e6400 00df7d00 ff2e8f00 00d16e00 ff52d800
PCM 004028 00aa0700 ff5a1e00 00a2bf00 ff46c600 00b71f00 ff1ceb00 00e21e00 ff263000
PCM 004030 00d86b00 ff1ab700 00e27f00 ff247400 00dd5d00 ff2b5d00 00d52a00 ff250100
PCM 004038 00d63e00 ff242100 00db3600 ff20d200 00e14000 ff161200 00e96b00 ff23cf00
PCM 004040 00dae400 ff1ae700 00e99500 ff1be200 00e48400 ff179000 00e59600 ff374100
PCM 004048 00c8c400 ff440e00 00bcb800 ff24d000 00dda300 ff228000 00dfd700 ff304400
PCM 004050 00ce5c00 ff16c100 00e9cc00 ff17f700 00e99100 ff1c3400 00e43e00 ff1d0e00
PCM 004058 00ddbb00 ff1a5100 00e3da00 ff0acb00 00f12500 ff028400 00fb4700 ff0fe400
PCM 004060 00ee4400 ff19bd00 00e42b00 ff3ef200 00c15900 ff312900 00cdc300 ff464900
PCM 004068 00b98c00 ff5aba00 00a8be00 ff4ade00 00b5bc00 ff4e7600 00b01a00 ff63ac00
PCM 004070 0099fa00 ff5dPCM 004078 00a26b00 ff498900 00b1da00 ff5ad900 00a72400 ff4e1100 00b2a600 ff455500
PCM 004080 00b8bd00 ff39a600 00c22600 ff36d800 00c5a200 ff3ee700 00c11f00 ff161000
PCM 004088 00e7ea00 ff26a100 00d96900 ff3ce700 00c57600 ff3da200 00c2f400 ff311d00
PCM 004090 00d0c200 ff36bb00 00c6de00 ff538800 00ad6a00 ff3c8000 00c0fd00 ff4b1800
PCM 004098 00b36600 ff602500 00a17400 ff769a00 008c1600 ff607200 009d7500 ff52af00
PCM 0040a0 00aeb700 ff318400 00cb2b00 ff2b5600 00d2b200 ff2f3f00 00cf2400 ff419000
PCM 0040a8 00bb6800 ff46cc00 00b81900 ff557800 00ad3800 ff5ab600 00a66c00 ff53da00
PCM 0040b0 00ae5200 ff4ecf00 00b24500 ff63ad00 009bd700 ff74ba00 008c3700 ff60f300
PCM 0040b8 009d7e00 ff544d00 00b06b00 ff519d00 00adfd00 ff58a100 00a5ee00 ff5ae800
PCM 0040c0 00a1ad00 ff61e100 009a8900 ff7c5800 00858800 ff817d00 007aae00 ff98b500
PCM 0040c8 0063d900 ff895900 00769c00 ff6aa000 0090a600 ff61d000 009edd00 ff5e3900
PCM 0040d0 009df200 ff524100 00b06e00 ff648f00 00993800 ff603800 009cc300 ff61f700
PCM 0040d8 00990300 ff5b1b00 00a12b00 ff74d900 0087d200 ff742100 0087ab00 ff77e300
PCM 0040e0 00872300 ff8ad100 00746300 ff935e00 006dd300 ffa5fd00 00588c00 ff9efb00
PCM 0040e8 00600400 ffb66c00 0045ce00 ffba7100 00416700 ffb8c000 0043c000 ffcd3700
PCM 0040f0 002e1100 ffc84100 00328300 ffbff500 003dea00 ffd0ed00 002f5400 ffd96c00
PCM 0040f8 00232400 ffd6be00 00248100 ffc86500 00333900 ffc65300 00341d00 ffccdb00
PCM 004100 002df800 ffccd200 0030d700 ffb9c300 00441c00 ffaf2d00 004cd500 ffad8d00
PCM 004108 004c0600 ffaae700 004f2700 ffb72500 00446500 ffbc2700 003c0e00 ffb49700
PCM 004110 00481100 ffa5cb00 00579500 ffb62900 00486400 ffb76a00 00471c00 ffa0a300
PCM 004118 005ee300 ffaf3a00 004b8d00 ffb03b00 00494d00 ffcc3500 002be800 ffcfce00
PCM 004120 002d2200 ffb4de00 00495d00 ff9e0a00 00612d00 ffa0a000 005e0f00 ffc06100
PCM 004128 00412700 ffcbe700 00306800 ffcaa400 00300e00 ffcec900 002c4600 ffb21b00
PCM 004130 00491b00 ff9da900 00616000 ffd01c00 002a7e00 ffddb900 00249400 ffc02d00
PCM 004138 003b1900 ffc2ab00 00380a00 ffd77500 0024f400 ffca6500 00346800 ffc34000
PCM 004140 00394100 ffd34300 002ad500 ffda0400 00276b00 ffe4f100 00177300 ffe12600
PCM 004148 001ae000 fffd7f00 0001f000 000ad700 ffeeff00 001f0000 ffd7b500 002c6400
PCM 004150 ffcd7600 00343700 ffc3dd00 003bae00 ffc0e300 0023ff00 ffd5e100 00257100
PCM 004158 ffd77900 fff44c00 000d5f00 fff86c00 00049e00 fff4e700 000a0e00 ffd26300
PCM 004160 0022c700 ffe00f00 0019bd00 ffe04300 001b4c00 ffce3700 002fa600 ffd01000
PCM 004168 002d9f00 ffe79a00 0012fd00 fff88800 0004fb00 000e4000 ffeddf00 00166300
PCM 004170 ffe6e800 0022c500 ffd63e00 00298400 ffcf0600 0018b000 ffe28000 fffcba00
PCM 004178 ffff4800 fffcf600 fffe9400 fff17500 0009ce00 ffe12d00 00185600 ffe2d200
PCM 004180 00191500 ffe20100 001a5d00 ffd6a300 0022b600 ffd59300 00261900 ffdec000
PCM 004188 001eec00 fff88100 0002b400 ffdb4c00 001eb000 fff32b00 00063900 fffdbe00
PCM 004190 fff9eb00 0019c200 ffe2fe00 00208e00 ffdcbb00 000afc00 fff06500 00097300
PCM 004198 fff08600 00209100 ffdbb900 0028ed00 ffd41f00 0036f600 ffc36800 00380500
PCM 0041a0 ffc43700 00253700 ffd6b000 001ac500 ffe11300 001f1a00 ffdb3c00 0011bf00
PCM 0041a8 ffed4700 00110c00 ffedeb00 000be700 ffef9400 00071f00 fff1ad00 0003d900
PCM 0041b0 fff91a00 ffe38a00 00164000 fff96a00 ffff0f00 fffd9100 fffb4f00 fffd5000
PCM 0041b8 fffd7800 0006bb00 fff3f500 0015da00 ffe4f500 00113c00 ffec9700 001f2600
PCM 0041c0 ffd87a00 00363900 ffc26e00 00451d00 ffb1d600 00305100 ffc6d300 003a1600
PCM 0041c8 ffc19f00 00437700 ffb7c600 002a1800 ffd2f600 0035ab00 ffc62f00 002a0b00
PCM 0041d0 ffcfe500 0036b400 ffc57200 0041ad00 ffb84d00 00380b00 ffbfd400 00299000
PCM 0041d8 ffcfb400 00114c00 ffe7d300 0038be00 ffc3a300 00417100 ffbb1300 00242d00
PCM 0041e0 ffd65a00 0045ef00 ffb75b00 0042a500 ffb5b800 003e8900 ffb9f400 00466100
PCM 0041e8 ffb82800 00399f00 ffbfdd00 00413d00 ffb99d00 0033b200 ffc6ce00 003f9200
PCM 0041f0 ffb97e00 004ae400 ffb09400 004d3700 ffa81000 005f5900 ff98fc00 00511e00
PCM 0041f8 ffa93e00 0073b100 ff871d00 006b8000 ff8c3600 005e6700 ff9db200 00736100
PCM 004200 ff8a7c00 0082a500 ff778500 0072c400 ff89af00 005f2700 ff9c6100 00511900
PCM 004208 ffaa2e00 004ad100 ffb11400 00606700 ff9bc200 00560f00 ffa20700 0057c800
PCM 004210 ffa71200 004a5a00 ffb02900 005d3900 ff9c1200 0075a700 ff847100 007d9200
PCM 004218 ff7fd200 00872100 ff720800 00857400 ff780200 008a7900 ff6d3100 007f1600
PCM 004220 ff7fe300 007a8100 ff7dcc00 006adc00 ff8ec900 00592900 ffa2cb00 004a7a00
PCM 004228 ffaea800 0039dc00 ffc29900 00324c00 ffcacc00 00350200 ffc88c00 003b4000
PCM 004230 ffbd1d00 002c2c00 ffcb0a00 004ccc00 ffb2cd00 0055f900 ffa69800 001f1f00
PCM 004238 ffdf8e00 0010e400 ffe9f000 00128d00 ffe62e00 001cd900 ffde5000 001a1300
PCM 004240 ffe33800 00144900 ffe78800 fff0b200 000bc700 00001200 fffdc700 fffaa500
PCM 004248 00051300 000c1300 fff16d00 001f8800 ffd6dd00 00069500 fff71f00 00053f00
PCM 004250 fff76100 0002a300 fff85d00 00018c00 fffc3200 fff36900 000b4d00 00029800
PCM 004258 fff81100 000e3100 ffeb8b00 00053200 fff69000 0006b900 fff5d600 fff0b300
PCM 004260 00087300 ffdf0200 001d0200 ffdbab00 00248100 ffe31900 001be800 fff86900
PCM 004268 0008ab00 ffd90b00 00238a00 ffe69200 0017f600 fff33a00 000bd400 ffd61b00
PCM 004270 0028df00 ffb46900 004b3400 ffbaa200 00438800 ffcce400 0030df00 ffbbb500
PCM 004278 00404400 ff99f200 00663c00 ff8eb100 00733400 ffa17900 005dc000 ffa2cc00
PCM 004280 005c5c00 ff8e7e00 00707b00 ff9192PCM 004288 004e7f00 ff971c00 00648700 ff962b00 00671f00 ff984700 0064ac00 ff8ed000
PCM 004290 00707e00 ff796400 00884e00 ff8d1700 00712100 ff9e5600 005db000 ff9a0500
PCM 004298 00670000 ff864c00 00798d00 ff906e00 0070b300 PCM 0042a0 008a6600 ff6f0100 0091bb00 ff650d00 00971c00 ff755700 008bcd00 ff6d4600
PCM 0042a8 00906400 ff753f00 0087e700 ff8e6300 00725100 ff87ba00 007b6900 ff7ba100
PCM 0042b0 00802300 ff8cc000 0074e800 ff60c400 009b1800 ff597200 00a2be00 ff726d00
PCM 0042b8 00887400 ff739d00 008d8600 ff62d900 00a06100 ff557200 00ad9000 ff5ffb00
PCM 0042c0 00a0bd00 ff67d200 00988300 ff6e3000 00930500 ff8c9b00 006e6f00 ff76f700
PCM 0042c8 0087ba00 ff76e200f9d0200
PCM 0042d0 005fec00 ff7ec200 0084d400 ff7d1f00 00822900 ff75e500 0088a000 ff8e0e00
PCM 0042d8 006cf200 ff899c00 00709600 ffa51200 0058d500 ffbc1f00 003f0700 ffc33400
PCM 0042e0 00395e00 ffaa5000 0055d800 ffb19300 004dae00 ffabe800 00508e00 ff920100
PCM 0042e8 006a9900 ff8afe00 00750c00 ff94e000 006ae800 ff8b4700 00795100 ff853800
PCM 0042f0 00771700 ff93a300 006aef00 ff8e3000 006f6d00 ff915300 006fdf00 ffa6df00
PCM 0042f8 0055e600 ff9d3a00 0061bd00 ff9cb800 00608e00 ff92a500 0068bc00 ff8eba00
PCM 004300 00705000 ff86a500 00PCM 004308 00490600 ffacd600 004ae800 ffad0100 004c7300 ff9b3700 005fa300 ff920900
PCM 004310 006e3f00 ffa01000 005ed600 ffa2c800 00586f00 ff9cfe00 00607b00 ffb62700
PCM 004318 0047b000 ff9e8b00 005cb300 ff93b400 0068a200 ffa92700 0056fe00 ffaba000
PCM 004320 0052ed00 ffbbdd00 003eb500 ffc20b00 003c3a00 ffb5ea00 00462400 ffbc1200
PCM 004328 003fc900 ffca4f00 00362c00 ffdafd00 0022f600 ffd95100 00210300 ffd79000
PCM 004330 00281000 ffca0d00 0034a700 ffbc9c00 00445c00 ffc07700 0041a800 ffd26000
PCM 004338 002ba900 ffc95800 0034a600 ffd8e500 0023b200 fffe8e00 00003c00 fff79d00
PCM 004340 0001b000 ffe8ff00 00130c00 ffe36b00 0018d800 ffd89d00 0026b800 ffd21d00
PCM 004348 0029ec00 ffd35000 00288200 ffcbce00 00358500 ffbe5c00 003fed00 ffc32800
PCM 004350 00394c00 ffbada00 003ef500 ffe85e00 00134200 00044900 fff70e00 fffe2200
PCM 004358 ffff4700 000f0900 ffee0600 0008bf00 fff8ea00 fff91b00 00037600 ffc69b00
PCM 004360 00384800 ff9ee400 0059bb00 ffb1c000 004bba00 ffc52c00 00386e00 ffbf1300
PCM 004368 003a9100 ffbe7000 0039da00 ffce5500 00334c00 ffba7f00 00435a00 ffc77000
PCM 004370 0035f100 ffd71e00 00265100 ffc10900 003a3d00 ffec7f00 00122000 fff46200
PCM 004378 00087e00 ffe06600 00195a00 ffe3fa00 00183300 ffd2e600 00282100 ffc7ee00
PCM 004380 00347500 ffc36200 00379f00 ffeadc00 00124e00 fff09a00 000b1a00 ffea0400
PCM 004388 0012bb00 ffe73a00 00158a00 ffced700 002dfb00 ffce4500 002e9900 ffcca200
PCM 004390 002fa600 ffe1c400 001ab300 ffdfdd00 001d8400 ffca8000 00316300 ffd11300
PCM 004398 002ce900 ffed0900 00107100 00009200 fffdc300 0005a500 fff63700 ffea5b00
PCM 0043a0 000cd400 ffd30100 00292400 ffbd6300 0041f300 ffd0dc00 002e8700 ffcdc400
PCM 0043a8 002e4100 ffc17b00 003b3000 ffcc2e00 01c00
PCM 0043b0 00163c00 fffa3100 00014700 ffefd000 000b5e00 ffe5bb00 00144900 fff23d00
PCM 0043b8 000da400 000bc900 fff00600 00180f00 ffe69800 00289600 ffd5b700 0014fc00
PCM 0043c0 ffe57200 00029900 fff76c00 fff47900 0006e000 fffb6c00 00022f00 fff74200
PCM 0043c8 00067900 fffa1300 0002fa00 00182a00 ffe9c500 001df400 ffdacb00 000e9f00
PCM 0043d0 ffeeb400 00012d00 ffff0d00 ffd500243f00 ffce2c00 002e4200 ffe7f300
PCM 0043d8 00162500 ffd33900 0029a200 ffc5e600 0035ac00 ffef7600 000ced00 fff8b500
PCM 0043e0 00077c00 0000c600 fffc5f00 0000d600 fffd4c00 ffef5f00 00089700 ffeaf900
PCM 0043e8 00158100 ffe91c00 00179500 ffe93400 0012e900 ffe8ba00 00173800 ffe9d800
PCM 0043f0 00158a00 ffee6100 000e2f00 00088800 fff78600 0022b400 ffdaef00 00137800
PCM 0043f8 ffe8e000 000d7700 fff28b00 fffd9000 00000000 00000000 fffca800 00093b00
PCM 004400 fff4bb00 00062700 fff77500 fff39900 000a5700 fff53b00 00058a00 002d0200
PCM 004408 ffd32b00 003d5100 ffbdd000 003ea300 ffbca300 00416f00 ffb6c600 0039b100
PCM 004410 ffc03b00 00391900 ffbcea00 004d8f00 PCM 004418 ff8fb800 0064fd00 ff93ed00 007f0100 ff7ebe00 00739600 ff869000 005f0500
PCM 004420 ff9b0b00 006d9200 ff8b3000 006e7d00 ff8ce000 008df300 ff70a800 00984b00
PCM 004428 ff5fc600 009f2400 ff5a1300 00949800 ff638c00 00944200 ff600400 0092da00
PCM 004430 ff683e00 008dee00 ff6aef00 0086e300 ff73e100 008c1b00 ff6cb400 00926800
PCM 004438 ff688700 009cae00 ff5f3a00 0098f100 ff5c1b00 00943900 ff635800 007aab00
PCM 004440 ff7e9300 0075fb00 ff872e00 0077b100 ff83b700 006cdb00 ff8f7100 007d1c00
PCM 004448 ff7b7a00 007c8b00 ff7c4000 00941c00 ff651f00 007edd00 ff775600 00734700
PCM 004450 ff87d400 006c7800 ff8eb600 00841700 ff7cd300 008f0900 ff6fb500 00993100
PCM 004458 ff5dec00 00b65200 ff4PCM 004460 ff691900 007e9700 ff7acf00 00741000 ff879800 006d5c00 ff8d1900 00753000
PCM 004468 ff889900 006dee00 ff8e3d00 007da500 ff807200 00811000 ff79f800 0078fe00
PCM 004470 ff7f5100 006b6b00 ff8d0f00 00728c00 ff897400 006be700 ff8c6800 006bc200
PCM 004478 ff907600 007f7c00 ff7a5200 008d4b00 ff68cb00 00756200 ff843600 0055e900
PCM 004480 ffa6b100 00536400 ffa4aa00 00546100 ffa4ad00 00623c00 ff95e200 006ccf00
PCM 004488 ff8f8a00 006f6a00 ff913c00 00612e00 ff9c5100 006e3300 ff91c200 008ecf00
PCM 004490 ff66d000 00895700 ff751400 008c9b00 ff6c4900 0075e100 ff84f300 009d1d00
PCM 004498 ff5e5700 00899300 ff701e00 00924f00 ff687800 00a15c00 ff5d4c00 00a1e300
PCM 0044a0 ff591500 00965e00 ff64ec00 0084b200 ff75e500 0090c800 ff651400 007bd300
PCM 0044a8 ff837300 006da000 ff90f200 00688100 ff97ad00 005f6300 ff98f800 00617900
PCM 0044b0 ff98fa00 00636000 ff94a700 00567b00 ffa47900 00425e00 ffba5d00 00257e00
PCM 0044b8 ffd73000 0017ea00 ffe79500 000dc700 ffee1b00 00072d00 fff37c00 fff69400
PCM 0044c0 00029f00 fffd8700 fffee700 ffe7a400 00143a00 ffcdf400 00318f00 ffcf8400
PCM 0044c8 00296500 ffba6300 0042d500 ffdf6500 0020d400 fff24000 0009bc00 0008a500
PCM 0044d0 fff52100 00076c00 fff5eb00 fff48900 000a3c00 ffd87200 00243300 ffd5b300
PCM 0044d8 0025c900 fff54200 00059f00 fffbda00 fffb0a00 ffe90a00 0012c200 ffe32200
PCM 0044e0 0018f900 ffda3e00 00205100 fff84100 00031400 ffdd3500 0022b700 fff04000
PCM 0044e8 000d0200 fffa3400 00040e00 ffe6be00 0019cd00 ffd3c000 002b5900 ffeb1600
PCM 0044f0 0013e900 ffde1e00 0022b300 ffc90200 00307300 ffcd2f00 00316d00 ffcd0d00
PCM 0044f8 00301700 ffb61c00 00493200 ffadc700 004edc00 ffabd500 004d1400 ffbcf900
PCM 004500 003f4e00 ffcd0500 002f7f00 ffbe4800 003efa00 ffa7ee00 00532600 ffa6b800
PCM 004508 005a1d00 ff9b8000 005f9c00 ff9fb400 00611a00 ff967c00 0063c700 ff8d6900
PCM 004510 00715500 ff909c00 006d1c00 ff7b3f00 00841400 ff642100 009b3c00 ff61d900
PCM 004518 009c2300 ff69e900 00969000 ff6e3700 00905500 ff56c300 00aba800 ff670a00
PCM 004520 009aa900 ff760e00 008a5700 ff924f00 006aac00 ffa7ad00 00556800 ff9fc900
PCM 004528 005ed300 ff8ab600 00723c00 ff845b00 007d6f00 ff983700 00699b00 ff936800
PCM 004530 006b4200 ff7e7300 00803100 ff751b00 008d3d00 ff7c7500 00840800 ff5e7400
PCM 004538 00a18c00 ff5fc700 00a3d700 ff485100 00bc9600 ff30eb00 00cd8000 ff51e600
PCM 004540 00acbb00 ff508a00 00adf200 ff33c800 00cde000 ff3a8800 00bfbc00 ff495300
PCM 004548 00b46800 ff5d7700 00a0e000 ff63d100 009b2f00 ff535a00 00a85100 ff4fff00
PCM 004550 00acff00 ff60b600 00a1c700 ff808200 00834600 ff83a500 00787900 ff7c4100
PCM 004558 007d6e00 ff6c9900 0093da00 ff6dcd00 008f1700 ff706500 008c6300 ff665d00
PCM 004560 00959300 ff645700 009cbe00 ff610d00 009ac400 ff5a9000 00a1a300 ff5bf200
PCM 004568 00a01c00 ff6bbe00 00957800 ff6efb00 00923300 ff655600 009a4500 ff61fd00
PCM 004570 00a1a400 ff69b400 0093e200 ff654500 009ab600 ff6f3b00 00936d00 ff739600
PCM 004578 008b3d00 ff60bc00 009ad600 ff55d600 00a7a300 ff618700 009d4d00 ff58ae00
PCM 004580 00a8a900 ff443200 00b52d00 ff5bb100 00a1e000 ff618900 009d2d00 ff5ac400
PCM 004588 00a22300 ff5d0b00 00a38f00 ff578600 00a70200 ff592700 00a68b00 ff4bb200
PCM 004590 00b5e000 ff3ea200 00c0a900 ff4fe500 00af5300 ff3d4300 00c11e00 ff2e8000
PCM 004598 00ce9200 ff38a100 00c88600 ff51de00 00adc800 ff701b00 00938700 ff644f00
PCM 0045a0 009e8b00 ff421600 00bb2b00 ff488200 00ba2800 ff5b2000 00a4c800 ff595100
PCM 0045a8 00a86e00 ff42a200 00bbcb00 ff49c400 00b36e00 ff578d00 00a8eb00 ff4c9f00
PCM 0045b0 00b03f00 ff4d2a00 00b29300 ff515400 00af1b00 ff44a000 00b95b00 ff598400
PCM 0045b8 00a4cd00 ff694a00 0096f600 ff722e00 008ba100 ff69c100 00916300 ff61fb00
PCM 0045c0 009cf000 ff419300 00bcb500 ff45d600 00c06e00 ff52c500 00aa7500 ff4a4b00
PCM 0045c8 00b29c00 ff496f00 00b58400 ff4d1900 00b12800 ff4a1b00 00ae4100 ff574d00
PCM 0045d0 00a80600 ff451700 00b9af00 ff3c3e00 00c62700 ff473a00 00b85500 ff502300
PCM 0045d8 00ad8300 ff5c7700 00a08800 ff650f00 00990500 ff737e00 008b5500 ff66db00
PCM 0045e0 00947100 ff3e4300 00baaa00 ff3e9000 00c2fb00 ff4afd00 00b70d00 ff4b5700
PCM 0045e8 00b38100 ff511800 00b19800 ff5a0500 00a31e00 ff4b3000 00b3ce00 ff515f00
PCM 0045f0 00aa4a00 ff3ecb00 00bfb800 ff2d1400 00ca8c00 ff420f00 00bc3900 ff50e800
PCM 0045f8 00a7eb00 ff510600 00b02c00 ff4bf800 00b0b700 ff4fdd00 00b02300 ff6d8b00
PCM 004600 00905b00 ff856000 0077e300 ff7f7000 0079ea00 ff895300 00737300 ff807600
PCM 004608 007edc00 ff79c300 0082d500 ff614f00 009c7600 ff66de00 00952800 ff562a00
PCM 004610 00a73900 ff6a6d00 00906300 ff770c00 00842400 ff7e1700 0082cc0PCM 004618 0069ac00 ff8d9200 006d4b00 ff7ca000 00819b00 ff833600 00777d00 ff843200
PCM 004620 007ab200 ff913700 006aea00 ff97dc00 00630a00 ff6dd500 008df500 ff625900
PCM 004628 009c7400 ff4f2b00 00abdb00 ff48c500 00b2de00 ff526000 00ac7b00 ff60a900
PCM 004630 009e2700 ff7b4900 00805300 ff846000 00758600 ff80f900 0079cc00 ff7ab300
PCM 004638 007ec400 ff858c00 0073d200 ff915a00 006f4c00 ff8da200 006e3000 ffa2b000
PCM 004640 0058d700 ff888700 00744a00 ff828500 007b3500 ffa17000 005d6800 ffa8d500
PCM 004648 00532700 ffa4a600 00562700 ffb00200 004fa100 ffbe5000 0040b600 ffcc0e00
PCM 004650 00316e00 ffdf8900 001bdb00 ffda3c00 001e6800 ffd99800 00293100 ffc8c800
PCM 004658 00321300 ffc5f000 0034f700 ffe3b700 0017f400 fffc3000 00000600 fff68400
PCM 004660 00051600 0007d900 fff4d300 00064e00 fff5b800 ffcf6f00 002e3c00 ffdc3f00
PCM 004668 001fc700 ffdb1c00 00240300 ffd8a600 00239c00 ffdfe200 001c9600 ffc10600
PCM 004670 003c8f00 ffc75900 00389600 ffda8a00 001f5100 ffe8bb00 00118d00 fff00a00
PCM 004678 000d4700 ffea9c00 00145c00 fffcff00 ffff2500 fffdd900 fffbb400 00022300
PCM 004680 fff7f900 fff79b00 00007600 ffe64200 0012a200 ffea2800 00141800 ffff7700
PCM 004688 fffe0a00 00092b00 fff25f00 0000ff00 fffb3900 00056800 fff80500 001b1400
PCM 004690 ffdf0500 003a6a00 ffc14c00 00374500 ffc47b00 003d5300 ffbd5f00 002c6c00
PCM 004698 ffcdcb00 0027b200 ffd32000 00444c00 ffb4e000 006ba800 ff8ce000 00535100
PCM 0046a0 ffa7a400 0059d700 ffa0cf00 0060e700 ff97a600 00573a00 ffa1bf00 0057bd00
PCM 0046a8 ff9fc900 00519900 ffa71200 00337d00 ffc38c00 003c7700 ffb7d600 00564500
PCM 0046b0 ffa62700 005c4f00 ff9c2a00 0073d400 ff83c800 00879a00 ff754a00 00841100
PCM 0046b8 ff768a00 007cf900 ff7d0d00 0062be00 ff9ae700 00595400 ff9f4200 006cab00
PCM 0046c0 ff891f00 007b5c00 ff822900 00628d00 ff95fb00 0043ed00 ffaf5f00 00527900
PCM 0046c8 ffa1f100 0065b500 ff956000 00718500 ff86c500 00730500 ff89ae00 00726600
PCM 0046d0 ff8ae700 006b2600 ff8d0500 005e9900 ff9bf700 006a1b00 ff8fb500 0059f000
PCM 0046d8 ff9e4e00 0068da00 ff90ca00 007b9d00 ff824c00 0089c300 ff6b5f00 008df800
PCM 0046e0 ff6bb600 007c9c00 ff7abc00 0078d000 ff849600 007f5400 ff799a00 00876500
PCM 0046e8 ff712400 00739c00 ff864f00 006d5500 ff8a1300 00801400 ff7cb700 007ef400
PCM 0046f0 ff7b2c00 00641000 ff949000 0051e000 ffa67e00 00665000 ff967f00 007fd900
PCM 0046f8 ff7c9200 00723d00 ff85af00 00733200 ff852e00 0081b000 ff770200 00897f00
PCM 004700 ff71ab00 009c8100 ff58aa00 00b00800 ff46b900 00bfff00 ff38fa00 00bfbe00
PCM 004708 ff3cba00 009f0300 ff5ce700 00a17300 ff5a1c00 00b83a00 ff42d700 00ba0e00
PCM 004710 ff3c8000 00a08d00 ff561900 00943100 ff67e100 00a96600 ff552d00 00c97900
PCM 004718 ff2ed300 00bf8200 ff39f400 009f5200 ff58d800 00a8a400 ff4e2d00 00af4900
PCM 004720 ff462c00 009c4f00 ff5c9000 00a06e00 ff574e00 00b9e800 ff446400 0091ec00
PCM 004728 ff65d700 008dea00 ff6cd600 00769a00 ff83d000 0061eb00 ff99d700 00769600
PCM 004730 ff84c100 008ce700 ff71a900 00a01400 ff592f00 0094b000 ff656200 00838200
PCM 004738 ff76c100 00788b00 ff7ffe00 0081d600 ff752e00 007d6000 ff7cf400 005d9200
PCM 004740 ff9ae800 004f8e00 ffaa1800 00545800 ffa78900 0047e600 ffb15f00 002d7e00
PCM 004748 ffcf4f00 002be000 ffcd6800 0040f200 ffb62900 00360100 ffc25000 002b8800
PCM 004750 ffcd9700 0025b500 ffd87400 0010f800 ffed1b00 00219300 ffdc5b00 0037c200
PCM 004758 ffc31200 00261200 ffd60b00 002b8f00 ffcead00 00203b00 ffdaf000 001ad100
PCM 004760 ffe37200 001f7c00 ffdc6500 001d1d00 ffdbb000 00139700 ffecba00 0044c500
PCM 004768 ffbb2600 004ea400 ffaeb600 003de800 ffc36f00 00250000 ffdb6300 00189a00
PCM 004770 ffe28800 00111100 ffe8df00 fffe1700 00036700 000c2100 fff31d00 001db900
PCM 004778 ffdd2a00 00082a00 fff57600 ffff5900 fffdd200 00119400 ffec4400 0026a800
PCM 004780 ffd41000 00244b00 ffd71700 0011fd00 ffea1300 000bf200 ffee9d00 ffee8e00
PCM 004788 000b4c00 ffe5ea00 00160d00 fff3d900 00025000 ffdaad00 0021c500 ffda6300
PCM 004790 00242700 ffe6de00 001c6700 ffe4df00 00162600 ffc09c00 003a5c00 ffbee000
PCM 004798 003bf200 ffd83400 0027c600 ffcfc800 002fa500 ffba4700 00425e00 ffc0f700
PCM 0047a0 00415d00 ffbc0400 0043b700 ff9f7b00 005ff100 ffa6f000 0052a900 ffbadc00
PCM 0047a8 00479100 ffae5f00 004f8400 ffbb4a00 0042ea00 ffa30f00 00584200 ff930d00
PCM 0047b0 006a3600 ff990000 00693000 ff981500 005fc200 ff96cd00 00652f00 ffa0af00
PCM 0047b8 00610f00 ffa9de00 0051aa00 ff9eed00 005e2a00 ff855900 007c3d00 ff751c00
PCM 0047c0 0085db00 ff785a00 00818000 ff956800 00657e00 ffa1fd00 005c1b00 ff93fc00
PCM 0047c8 006a6c00 ff9e3700 00601f00 ff9fe900 00604a00 ff806f00 007a3100 ff6ee300
PCM 0047d0 008f4100 ff87f100 00744e00 ff949300 006a1d00 ff856500 007a5b00 ff7c1800
PCM 0047d8 00825100 ff664d00 009ac900 ff86b100 0073a000 ff871a00 00776e00 ff877700
PCM 0047e0 00776d00 ff5d1700 00a24700 ff4e3000 00acd400 ff4d5f00 00b17c00 ff3c3100
PCM 0047e8 00c54a00 ff376e00 00c42200 ff4eed00 00afca00 ff61a500 00999900 ff537000
PCM 0047f0 00a64000 ff47f100 00b61500 ff64ec00 009bf300 ff742c00 00880500 ff5c6f00
PCM 0047f8 009f9900 ff589b00 00a2ff00 ff5f3600 009c0800 ff613200 009df000 ff4ff900
PCM 004800 00ab4900 ff5b3300 00a63100 ff62c000 00997700 ff4c2900 00b11d00 ff3a9f00
PCM 004808 00c16700 ff4f7700 00aff300 ff5a5d00 00a49f00 ff5c5f00 00a05400 ff5bf500
PCM 004810 00a18000 ff4d2800 00af2600 ff4b4300 00b48b00 ff450a00 00bab600 ff2cb300
PCM 004818 00d12200 ff37f600 00c6a000 ff2af600 00d1c100 ff215100 00dd0b00 ff392100
PCM 004820 00c1f000 ff52b500 00ac0300 ff58ff00 00a6f500 ff63f000 00a04700 ff68fe00
PCM 004828 00952e00 ff62b900 009ae500 ff609f00 00a25700 ff627200 009d0a00 ff644800
PCM 004830 009fa400 ff699b00 00964300 ff723000 008e8800 ff489400 00b4d900 ff3d3b00
PCM 004838 00c1fe00 ff444b00 00b6a300 ff362f00 00c83100 ff4dbb00 00af6c00 ff6ce800
PCM 004840 008f9800 ff71dd00 008af900 ff5e5e00 00a1e200 ff5e7500 009fba00 ff5d4200
PCM 004848 009f6c00 ff561c00 00ac5400 ff4a8400 00b21900 ff625800 009c6500 ff628500
PCM 004850 00a16900 ff63b700 009d4100 ff791100 0087da00 ff7c7c00 007e5400 ff76aa00
PCM 004858 0089cc00 ff61bb00 009f9c00 ff809c00 00828000 ff704600 008fff00 ff58b300
PCM 004860 00a7fe00 ff5a7f00 00a88000 ff37e000 00caf700 ff49bc00 00b90100 ff448f00
PCM 004868 00bb1100 ff499400 00b13400 ff631700 009a3300 ff713200 008a9a00 ff626a00
PCM 004870 009db900 ff575400 00a82400 ff720100 008c9e00 ff717300 008e0500 ff6cdb00
PCM 004878 00912100 ff6d1c00 00925900 ff7f3100 00824200 ff807f00 007f2300 ff7ea800
PCM 004880 0083ab00 ff85c600 007c7b00 ff7b0800 00859a00 ff853d00 0078d000 ff933900
PCM 004888 0069df00 ff8d9c00 0072f300 ff95e900 006a9c00 ff942100 006db000 ff893a00
PCM 004890 00781400 ff84df00 007e9000 ff9c9f00 00652c00 ffb80700 00493700 ffc64300
fcc6400 0031a800 ffd06600 002bb400 ffe29300
PCM 0048a0 001dcc00 ffd1c500 002cbc00 ffcac300 00311c00 ffaa2100 0053ad00 ff939000
PCM 0048a8 0069d800 ff9b8400 0061e400 ffa47000 0059e000 ffbaa900 0042d600 ffba1a00
PCM 0048b0 00411900 ffcbde00 00329a00 ffc1cc00 003cdb00 ffc3ba00 003a9300 ffd8e500
PCM 0048b8 00267c00 ffddba00 001ca100 ffeca900 00101800 ffd24900 002bcd00 ffd50800
PCM 0048c0 0028c700 ffc5c400 00350500 ffc22e00 003cb800 ffe4ca00 001a3900 ffc80200
PCM 0048c8 00382d00 ff98dd00 00644300 ffa2e900 00576700 ff853800 0075fe00 ff78ec00
PCM 0048d0 00882900 ff8c2b00 0075b600 ff891f00 0076aa00 ff63d600 009ae700 ff684800
PCM 0048d8 00962500 ff5cb200 00a32300 ff5a5a00 00a46600 ff642900 00999d00 ff5ecd00
PCM 0048e0 009c9400 ff6d1f00 00916d00 ff702f00 008dd100 ff7d3700 007f6c00 ff887800
PCM 0048e8 0072ca00 ff7d1e00 00829a00 ff6e5f00 008f6200 ff89cc00 00734e00 ff8b0500
PCM 0048f0 00741800 ff993700 00687300 ff90ce00 006c3a00 ff97c500 00647900 ff933100
PCM 0048f8 0068b300 ff9abd00 005f4a00 ff92ee00 00680100 ff9b8400 005eca00 ff8f6b00
PCM 004900 006a4600 ff97e200 00652700 ff8de900 006e3c00 ff8c1300 0071d300 ff6ed100
PCM 004908 00935300 ff731c00 008b8600 ff7b0800 007f8100 ff995000 0068ad00 ffbaac00
PCM 004910 0045b200 ffa2c700 00590d00 ff980300 0065c100 ff95f000 00643200 ffa3a000
PCM 004918 00561900 ff987b00 00632e00 ff941f00 0069f000 ffa75e00 0055d800 ffc72d00
PCM 004920 00359600 ffeed300 000edb00 ffe28400 001af600 ffd79e00 0024ca00 ffd41300
PCM 004928 00252400 ffd78000 00244100 ffd0d200 002a6700 ffe25500 0016de00 ffbc0300
PCM 004930 003d9d00 ffab1c00 004fc300 ffa62c00 00557700 ffa59e00 00552000 ffcd6e00
PCM 004938 002e8400 ffdc5100 001f8200 ffef2f00 00093900 fffde800 fffeab00 ffff4600
PCM 004940 fffbb400 fff71f00 0007b500 ffd2be00 002b4400 ffcfc900 002e6200 ffe5cc00
PCM 004948 00177100 ffed3900 00108500 000f6400 fff17200 00253a00 ffd81900 00469900
PCM 004950 ffb42600 0038ee00 ffc20700 00277c00 ffcf2b00 0022fe00 ffd98100 0025de00
PCM 004958 ffd9a900 001e0400 ffdf4700 001b4400 ffda7600 001e1600 ffdd5f00 001e1b00
PCM 004960 ffdce200 002af000 ffcddc00 0040ba00 ffb6cd00 00432300 ffb56200 000bde00
PCM 004968 ffefa100 ff6c4e00 00913600 feed3c00 01131800 ffaec200 0050fd00 0059ea00
PCM 004970 ffa3f900 00377000 ffc03c00 ffd3bd00 002bdf00 ffaae400 00531100 ff775700
PCM 004978 00852000 ff59f800 00a21c00 ff8c9300 00756500 ffc2d900 00394000 ffe10b00
PCM 004980 001b7f00 0012e600 ffea5a00 00562a00 ffa0c900 0002ea00 fffad100 ffbf5800
PCM 004988 003d3c00 ffdde300 001e0800 0029cf00 ffd3dd00 005e3200 ff9d6b00 00664400
PCM 004990 ff904500 00786c00 ff7f7000 00486e00 ffad7800 0013b200 ffe9d400 0008ac00
PCM 004998 fff1db00 fffcce00 ffff3100 0008dd00 fff57200 0032d400 ffcb2c00 00868d00
PCM 0049a0 ff74d600 009e2600 ff5fd000 00620600 ff9b9b00 002a8e00 ffd3c500 0007f800
PCM 0049a8 fff37000 ffdca500 00231800 ffba6f00 00440a00 ffedb600 000bec00 001e6900
PCM 0049b0 ffe0d400 00500800 ffaba600 0054b400 ffa4a600 002fac00 ffc8c300 00049100
PCM 0049b8 fffa5200 ffdb5c00 001f5c00 ffef0400 000f5a00 001d0600 ffdeaf00 0022bb00
PCM 0049c0 ffdad800 003d3700 ffbd4800 003f8700 ffbb9500 000a2000 ffed6b00 ffe65200
PCM 0049c8 00178c00 ffb42c00 00485c00 ffbb3f00 00420d00 ffe33100 001a0000 00000400
PCM 0049d0 fffa3300 000ad800 fff06700 fff0fb00 000cff00 ffe38e00 001aae00 ffe76c00
PCM 0049d8 00195c00 ffd29200 002dc200 ffd72600 00211c00 ffd5cb00 0025ea00 ffc48200
PCM 0049e0 00371100 ffd94e00 0022a800 ffccd900 00318400 ff99e900 00609f00 ff790b00
PCM 0049e8 00849800 ff79db00 007f4900 ff752f00 00872e00 ff909700 006da000 ffc36900
PCM 0049f0 003aa100 ffc8a100 0035bd00 ffa8a200 0058d000 ffaf1700 004e5900 ff92ec00
PCM 0049f8 006a0100 ff758f00 0086cb00 ff6f3c00 008df100 ff740300 008a3f00 ff819c00
PCM 004a00 007da600 ffac9e00 004e8700 ffc4d500 0035c600 ffbdf800 00419d00 ffa39f00
PCM 004a08 0059de00 ffab6600 00514500 ffc8c700 00346100 ffbcc400 003ede00 ff96ff00
PCM 004a10 00670f00 ff8a9200 0075ad00 ff7ca100 00819e00 ff63c100 0097d600 ff546a00
PCM 004a18 00ad1a00 ff6e6000 00910100 ff96b000 00676800 ffc6f200 00375200 ffd24800
PCM 004a20 002afb00 ffb54500 0043eb00 ffac7500 00514700 ffa27e00 005dee00 ff9c1000
PCM 004a28 005e7e00 ff88d800 00771900 ff582200 00a82900 ff634f00 009b5500 ff6b9d00
PCM 004a30 0090da00 ff877200 007a0400 ffaad800 0052d300 ffb4ec00 00493300 ff936300
PCM 004a38 006d9500 ff7c3800 0083e900 ff889100 00778b00 ffabbd00 0050d800 ffbf1e00
PCM 004a40 003fea00 ffc01300 00400300 ffad4400 0051ad00 ff8d1f00 00759800 ff96c200
PCM 004a48 006b7700 ff963700 006c2f00 ff8b2a00 0074fa00 ff7d7500 0084ee00 ff8db000
PCM 004a50 00734a00 ff902700 006f0b00 ff8b7100 006fd000 ff9db000 00650400 ff994f00
PCM 004a58 00687b00 ffa73900 0055f800 ff9dc100 0061d900 ff997000 0067d700 ff907200
PCM 004a60 006ea800 ff98ab00 0069b000 ffa9e100 0051a100 ff9c4f00 00627f00 ffa91e00
PCM 004a68 00555e00 ffa76a00 00546100 ffaa5e00 00520300 ffd4b100 0024ed00 ffcfc400
PCM 004a70 002a0900 ffeab300 000d0500 ffec6e00 000dda00 ffd33c00 002e5200 ffcbc900
PCM 004a78 002fe300 ffb25000 00494600 ffad1300 0050d700 ffbc1000 00451400 ffc73200
PCM 004a80 0034c600 ffc1d400 003e6000 ffd2ba00 002b7800 ffda1800 00204100 ffcfb900
PCM 004a88 00319200 ffceca00 002e0a00 ffe22300 00145300 fffada00 fffdea00 ffffe800
PCM 004a90 fffc6d00 ffec2000 000f0b00 ffc94b00 00333500 ffe2bc00 001c6a00 ffdb2500
PCM 004a98 00213700 ffdbf400 0021e600 ffe34d00 001cea00 ffda8300 00239b00 fff39800
PCM 004aa0 0009b900 fff21d00 000e3100 ffcd1300 002e9d00 ffd8fb00 00264a00 ffd6ed00
PCM 004aa8 00262000 ffdac000 0023ae00 ffc54e00 003a9300 ffd69300 00299300 ffddd700
PCM 004ab0 00237100 ffe66800 001a6f00 ffe06400 001a7f00 ffd4c600 00260000 ffcc5500
PCM 004ab8 002c4200 ffd6dc00 0028f900 ffc45600 003ea800 ffb70600 00466300 ffb8a800
PCM 004ac0 00453100 ffbb5b00 003f6300 ffadee00 004ac000 ffa63700 0054e800 ffb82200
PCM 004ac8 0045cb00 ffc11000 003bb900 ffa57b00 00552f00 ff9d7500 005ec400 ff91c100
PCM 004ad0 006ec100 ff7be400 0081f100 ff76a700 0086c800 ff819200 007b7300 ff97b600
PCM 004ad8 0066aa00 ffaacc00 004fb900 ffa34b00 00599500 ffc2cc00 003aae00 ffcb0c00
PCM 004ae0 00301800 ffd3d800 00289c00 ffba0c00 00436100 ffa39e00 0058c000 ffca0a00
PCM 004ae8 00334400 ffec9c00 00119300 fffc3500 00039c00 000cb400 ffefc300 ffec2300
PCM 004af0 000f3a00 ffe1ef00 001bbd00 ffcd0600 002cdb00 ffb99400 00437d00 ffb73a00
PCM 004af8 00492900 ffbb1d00 00453c00 ffc8c600 0032aa00 ffcf1500 002b1e00 ffbf6500
PCM 004b00 003d8300 ffc7e000 0038e000 ffd75d00 002a8900 ffdc4e00 001eaa00 ffe88b00
PCM 004b08 000faf00 000c8a00 fff2ac00 0000c600 fffa2c00 000e7600 ffee3500 001f1100
PCM 004b10 ffe05b00 001a7600 ffe63500 001c0a00 ffe37600 001bf000 ffe2a400 0026aa00
PCM 004b18 ffd47500 000b9500 fff2e700 0025c200 ffd6bd00 0035ee00 ffc61000 0036bf00
PCM 004b20 ffc0d800 003f7800 ffb82900 004eb500 ffadf700 003d4f00 ffbce600 00362800
PCM 004b28 ffc41600 00462b00 ffb53400 00401b00 ffbe8c00 002ce800 ffcfb400 001f8d00
PCM 004b30 ffdebe00 fff7bf00 0005b700 00247a00 ffd41b00 0048e500 ffb27300 002e6400
PCM 004b38 ffcba700 0021e900 ffd64500 00341a00 ffc7ed00 0010e200 ffe76e00 00066d00
PCM 004b40 fff32200 0032d600 ffc71900 00383f00 ffc35a00 0051de00 ffa70f00 0052ca00
PCM 004b48 ffa62500 005a8d00 ff9d3100 00435300 ffb6a300 00489f00 ffb47000 00458800
PCM 004b50 ffb73400 003e7f00 ffbf4000 003b9700 ffbd6500 004b8700 ffaf4400 00584600
PCM 004b58 ffa07a00 004a3500 ffafa700 004ef800 ffa95a00 00582a00 ffa2de00 0064b700
PCM 004b60 ff955000 00646400 ff96dd00 00441d00 ffb39a00 003ebf00 ffba4000 00425a00
PCM 004b68 ffb62d00 0039f700 ffbff200 0036d400 ffc3d200 0026e000 ffd19500 002f0200
PCM 004b70 ffc94f00 004a9300 ffae9d00 00654b00 ff938800 008d1d00 ff6d0c00 00742300
PCM 004b78 ff864b00 00636a00 ff98ba00 0066e000 ff930900 00615200 ff988f00 005ed500
PCM 004b80 ff985200 0065c400 ff912200 0063e700 ff964900 007df000 ff7fd700 0090dd00
PCM 004b88 ff660600 008ff500 ff64be00 007b8700 ff7bd900 006b7000 ff905c00 00658100
PCM 004b90 ff93ac00 006ad500 ff8ddf00 00594800 ff9f4500 004b3d00 ffae8800 00633400
PCM 004b98 ff950a00 00649300 ff963400 00858000 ff708e00 00b24d00 ff43c300 00c5e800
PCM 004ba0 ff315200 00c6ba00 ff322400 00b6e200 ff423100 00bfb300 ff34c900 00a3e900
PCM 004ba8 ff529200 00c39800 ff35b600 00ce6b00 ff284000 00ce5700 ff29e700 00bd0600
PCM 004bb0 ff3b2800 00bc9300 ff386100 00c9dc00 ff2bc100 00c1aa00 ff37a100 00b23400
PCM 004bb8 ff443b00 009da000 ff585b00 00aa6000 ff4e0a00 00c4e900 ff32c800 00c5cf00
PCM 004bc0 ff391200 00bb6100 ff3c5900 00acf100 ff4cf800 00b69e00 ff421d00 00b09300
PCM 004bc8 ff49be00 00b04400 ff4a6e00 00c19400 ff387f00 00c49700 ff33e200 00ce2b00
PCM 004bd0 ff28f100 00c38400 ff345700 00c3fe00 ff2ede00 00da0d00 ff1fc800 00e31200
PCM 004bd8 ff141400 00eefb00 ff085e00 00e75d00 ff138b00 00d33d00 ff236200 00dd5600
PCM 004be0 ff1f8100 0103d400 fef35800 00e58e00 ff179e00 00b5d100 ff401b00 00b0a000
PCM 004be8 ff4a7300 009a9900 ff5fc500 0094df00 ff679200 007d6600 ff7cfe00 008a0d00
PCM 004bf0 ff702400 0088fa00 ff718700 0098d000 ff623400 00bc9f00 ff414200 00c4a400
PCM 004bf8 ff2f5100 00c04100 ff3a7500 00a95200 ff4bb600 00adba00 ff4da300 00a3ab00
PCM 004c00 ff542500 00a5d300 ff500000 008e0a00 ff661100 008a3b00 ff6d6600 00a9b400
PCM 004c08 ff4f3e00 00a1a500 ff54f100 00805200 ff793900 006fc400 ff8c7b00 00733f00
PCM 004c10 ff896400 005dda00 ff9d0500 0042ea00 ffb93600 003df900 ffbb3e00 00384f00
PCM 004c18 ffc0a400 003c1400 ffba9700 0067d900 ff93ca00 0077ab00 ff859100 00659c00
PCM 004c20 ff94bc00 005fbb00 ff97d900 005c6a00 ff9ec000 006e9d00 ff8af900 00698f00
PCM 004c28 ff8ecb00 006f0d00 ff8a2e00 0058bd00 ffa20500 00601f00 ff9a2000 006b7800
PCM 004c30 ff90c700 0075b300 ff805f00 00782e00 ff84ef00 006d3200 ff889d00 00560400
PCM 004c38 ff9dae00 005a2900 ff9df400 00562500 ffa68d00 00376c00 ffbccb00 002e7200
PCM 004c40 ffcb6200 0022e400 ffda9c00 002a2f00 ffd14b00 00367100 ffc39700 0037a800
PCM 004c48 ffc77e00 00155900 ffea6000 0009d100 fff4af00 0001cd00 fffbf800 ffec6400
PCM 004c50 00143c00 ffe7e700 00183600 ffe9ff00 00140800 ffe34400 001aae00 ffdce100
PCM 004c58 00256a00 ffe26f00 001b2e00 ffd1c000 00291a00 ffc9c700 00324000 ffc5cb00
PCM 004c60 0033e200 ffc00d00 00385800 ffc17900 003cb700 ffc39d00 00367700 ffda7300
PCM 004c68 001f4700 ffc0ff00 0039b600 ffc00300 00406400 ffb10f00 0049f500 ffa21900
PCM 004c70 0058a200 ff824300 007a4100 ff8c6c00 00718500 ff94f000 006b8600 ff99c700
PCM 004c78 005e8000 ffae1400 0051d000 ffab5b00 0053b300 ff977700 0068c000 ff8f0c00
PCM 004c80 006d2c00 ffa80900 00541600 ffbb4800 003d8c00 ff9a6500 0064d800 ff9f0f00
PCM 004c88 005ed400 ff760000 0088c200 ff56ed00 00a6d000 ff4b9900 00ac9500 ff365700
PCM 004c90 00c68200 ff46df00 00b72c00 ff46d500 00b50f00 ff627600 009a9900 ff816300
PCM 004c98 007c0c00 ff74d900 00899300 ff819f00 007eb500 ff8f9f00 006bd900 ffc55400
PCM 004ca0 003a4f00 ffb71e00 00453c00 ffa20600 0056f100 ff8b4200 006f6a00 ff83be00
PCM 004ca8 00774500 ff8fc800 0069ad00 ffa52700 005a1b00 ffb4b800 00432600 ff9ffe00
PCM 004cb0 00587200 ff957000 006a7c00 ff7c8600 0080a200 ff6ed600 008f9000 ff839a00
PCM 004cb8 007a4b00 ff785e00 00882000 ff6ec800 008cbd00 ff749c00 008c4600 ff79df00
PCM 004cc0 0080ed00 ff84d100 00754b00 ff9bee00 00635000 ff993300 0066a800 ff931500
PCM 004cc8 0068dc00 ff8a4d00 0073f500 ff80dc00 007aee00 ff812400 007bf000 ff70a500
PCM 004cd0 008af900 ff75bf00 0087a200 ff7c1300 007f8c00 ff80b800 007b7e00 ff8b0100
PCM 004cd8 0071cd00 ff964500 00689600 ff8de800 0070f800 ff714e00 008bbc00 ff668f00
PCM 004ce0 00943d00 ff716b00 008dbf00 ff917600 006e3700 ff7f7600 007d1100 ff762100
PCM 004ce8 00849800 ff825500 007c8800 ff86cb00 00756600 ff9fa200 005f2b00 ffb1f300
PCM 004cf0 0051be00 ffc02400 00418000 ffc18b00 0038dc00 ffc98c00 0031e300 ffad4900
PCM 004cf8 004e3000 ff802f00 00805000 ff896600 00723c00 ff8d5100 006de600 ffb31000
PCM 004d00 004a0900 ffabbb00 004ca700 ffb62800 00467d00 ffad0300 004dc100 ffb20e00
PCM 004d08 00492b00 ffb18a00 004c9500 ffaddb00 00515100 ffaa6b00 00515a00 ff9c5300
PCM 004d10 0061e400 ffa35300 0059c300 ff9ee100 005cf600 ff920600 006b9b00 ff89a600
PCM 004d18 00770700 ff958100 00646d00 ffb66100 0041b600 ffb8ea00 0044a500 ffaecc00
PCM 004d20 00503f00 ffb67f00 00434700 ffaf9100 004c4600 ffa32300 00564d00 ff8e2e00
PCM 004d28 00724400 ff6c4300 0090b900 ff7ccf00 00855900 ffa09600 005aba00 ffb03c00
PCM 004d30 004cee00 ffb97d00 0047e200 ffd0b000 002f7e00 ffc7c900 00344a00 ffa1fd00
PCM 004d38 005db200 ff8bab00 00731e00 ffad1300 0051d100 ffa18a00 005c0200 ff92f200
PCM 004d40 0068b900 ffa24b00 005d8100 ff94f100 00646500 ffaf9c00 004c6700 ffc8ba00
PCM 004d48 0035e200 ffcc1000 002d8800 ffbb3900 00445c00 ffad0c00 00507c00 ffafce00
PCM 004d50 004d5400 ffb9f300 00424100 ff9aed00 00636400 ffa73200 0053e100 ffcd7200
PCM 004d58 002e2500 ffb52c00 004a4000 ffcc4a00 00302d00 ffb08d00 004e6a00 ff99ab00
PCM 004d60 00607e00 ffa78400 00582d00 ffbd6500 003cea00 ffcb5400 002d9700 ffe45b00
PCM 004d68 001aa900 ffeb2900 000ce900 ffe29100 00146100 ffd33700 0025d300 ffd96a00
PCM 004d70 001ff700 fff56600 00048a00 fffa9000 fffff300 0003c100 fff38800 0019a200
PCM 004d78 ffe0b300 0020e100 ffd9c000 fff46f00 0006d700 ffee3000 00101c00 ffd36900
PCM 004d80 002ac700 ffcd0600 002d4800 ffe2a900 0016d000 ffe5b700 0014ee00 ffcecd00
PCM 004d88 002ba300 ffb13200 004df900 ffb5a500 00476f00 ffa79c00 00540b00 ff978100
PCM 004d90 00654400 ff9c7800 0061a900 ff9ed900 005f7b00 ffccaa00 002e0900 ffc7ef00
PCM 004d98 0036af00 ffbdf000 003fa900 ffcc2100 0031af00 ffe26200 001b5300 fff1c200
PCM 004da0 000d1500 ffea8a00 00141a00 ffeeff00 000c6100 ffecd900 00092800 00049300
PCM 004da8 fff51600 fffbfd00 ffffe100 ffdd0a00 00201300 ffeafe00 000eb700 fff53600
PCM 004db0 00038000 000d1100 ffefe300 001c1600 ffdef700 0022d700 ffd70200 000b4700
PCM 004db8 fff2a800 fffPCM 004dc0 ffe19300 00299200 ffcdb900 00234500 ffd53500 003b7900 ffc0d800 0034b400
PCM 004dc8 ffc82f00 00315900 ffc9ed00 003cca00 ffbaf400 0039fe00 ffc51200 0026a700
PCM 004dd0 ffd56500 0024e300 ffd6e000 0037a800 ffc58200 004c7500 ffaf7500 00500200
PCM 004dd8 ffad7a00 006c6c00 ff8e1e00 006c6900 ff87f100 007d2f00 ff7a4f00 00854b00
PCM 004de0 ff786c00 00a2ee00 ff58e000 00af1800 ff4a6500 00ab0800 ff4dbc00 00a01a00
PCM 004de8 ff5e8f00 009ebd00 ff5a0c00 009fcc00 ff59e100 00784300 ff826800 0071af00
PCM 004df0 ff85bb00 007da300 ff807700 007c8700 ff7ef000 008f0800 ff69b100 0092c900
PCM 004df8 ff665c00 46600 008ba700 ff6d0a00 00963400
PCM 004e00 ff61e500 00787400 ff849700 0078e100 ff85a500 00878d00 ff754200 006ddf00
PCM 004e08 ff88c100 0073fb00 ff83fb00 00873c00 ff786200 0075a800 ff822a00 006ed600
PCM 004e10 ff8fa400 0056e100 ffa4a300 00585a00 ffa26a00 00655a00 ff943400 00652000
PCM 004e18 ff92a800 00704a00 ff874300 0080a800 ff7fb500 0077dd00 ff803200 0063ec00
PCM 004e20 ff971d00 0058ae00 ffa12400 004c2400 ffae2600 0047c300 ffb45a00 00735000
PCM 004e28 ff891800 00a6d700 ff556900 00a1c800 ff589200 0083de00 ff77f000 00847a00
PCM 004e30 ff75d900 0087a500 ff710100 007c7900 ff79a900 007af300 ff7d9200 0076cd00
PCM 004e38 ff866400 008fbf00 ff6e8400 009ebc00 ff5fb300 00925e00 ff677800 007f0300
PCM 004e40 ff7a8c00 0075df00 ff852100 006e1700 ff8d3000 00750900 ff848100 00933000
PCM 004e48 ff68a200 0084ae00 ff739300 007a8c00 ff7d7600 006a5200 ff926c00 003eb600
PCM 004e50 ffbe0200 002f5500 ffc9ec00 0055d300 ffa55300 00566500 ffa44700 001bec00
PCM 004e58 ffdc2c00 00314900 ffcd2300 002f7d00 ffcb2800 00312100 ffc8cd00 003f5500
PCM 004e60 ffbdd700 0069b500 ff92bf00 006bbc00 ff8f6300 005e9100 ff9c2800 005b9f00
PCM 004e68 ffa0b500 0069f400 ff8e0f00 0063ec00 ff915000 00716700 ff8a0200 0059c900
PCM 004e70 ff9bc600 004b6800 ffaf3900 005a8800 ff9efc00 004f7900 ffa7fa00 004f1d00
PCM 004e78 ffacdb00 00458400 ffb7d900 0035a300 ffc34a00 004f3300 ffac3e00 005df100
PCM 004e80 ff9ad700 00636600 ff94cc00 00495500 ffb42800 003f2900 ffbaf500 002b5700
PCM 004e88 ffcf5200 00419100 ffb5d200 0046f700 ffb5d800 00361f00 ffc4a400 0040f200
PCM 004e90 ffbc8e00 0040d500 ffbb9b00 00310200 ffc89000 00137200 ffe9f900 0021f000
PCM 004e98 ffd70c00 002a3800 ffd04300 00251900 ffd9b400 00144100 ffe7ff00 0011c200
PCM 004ea0 ffe96500 00198400 ffe2b300 001ee000 ffd87c00 00224700 ffd34a00 00102c00
PCM 004ea8 ffed5a00 fffd5b00 fffffa00 fff51600 0004dd00 fff1dd00 00081a00 000d9800
PCM 004eb0 ffe93e00 00275300 ffd2af00 002bf100 ffd02400 00179100 ffe57400 0009e100
PCM 004eb8 fff3b900 00020700 fff7f700 00107f00 ffec5200 00076200 fff88600 00008400
PCM 004ec0 fff74f00 ffe73d00 0PCM 004ec8 000ab600 ffe82000 00130d00 ffd0cd00 002e4100 ffc52600 00348000 ffc22c00
PCM 004ed0 0039e000 ffa69f00 0059c800 ff89cd00 0075be00 ff948d00 00686d00 ffa25300
PCM 004ed8 00587900 ff9fa200 005ecd00 ff898c00 0072ab00 ffa5bc00 00570900 ff908a00
PCM 004ee0 006ce100 ff9c1e00 0061f100 ff895700 00737600 ff929c00 0068b500 ff906500
PCM 004ee8 006e7b00 ff945f00 00691900 ffae2c00 004e3600 ffbdc000 003ceb00 ff9d1400
PCM 004ef0 005f9d00 ffa4ae00 0058b500 ffad8800 004e3700 ffaf3900 004e5f00 ffafa000
PCM 004ef8 004d5900 ff8dde00 0071c000 ff7e4500 007df500 ff8bdf00 00745c00 ff85c400
PCM 004f00 007a3000 ff6c8300 008fda00 ff6add00 008fdc00 ff75d800 0085cc00 ff5f4100
PCM 004f08 009c0d00 ff4cfa00 00b04700 ff5b9400 009e7900 ff528400 00a89600 ff357900
PCM 004f10 00c8ba00 ff47fb00 00b46200 ff4bcf00 00b35c00 ff354700 00c6df00 ff46b600
PCM 004f18 00b87600 ff371f00 00c5c000 ff2a6000 00d20100 ff2dfa00 00cef200 ff345d00
PCM 004f20 00c9f300 ff3d5a00 00c06100 ff3c8200 00c1ce00 ff43e200 00b5f900 ff4e7f00
PCM 004f28 00af1100 ff50b800 00ac1000 ff48eb00 00ad5300 ff48bb00 00b2f700 ff500800
PCM 004f30 00af5f00 ff3d7300 00bfe100 ff29b300 00d57700 ff03a000 00fabb00 ff084400
PCM 004f38 00f44600 ff2a4e00 00d58b00 ff48fe00 00b3bc00 ff5fd700 009b1100 ff4ca100
PCM 004f40 00b0ee00 ff298500 00d26e00 ff205e00 00dc2400 ff138e00 00eed000 ff1d3d00
PCM 004f48 00e7f800 ff256800 00dde900 ff2a5900 00d7b300 ff4a6a00 00b3f000 ff416e00
PCM 004f50 00ba1a00 ff4dde00 00b0dc00 ff428c00 00bdcd00 ff3f3200 00c08b00 ff47f900
PCM 004f58 00b82100 ff452b00 00b79100 ff4f1b00 00b23b00 ff382f00 00c3a600 ff547c00
PCM 004f60 00ab4700 ff405e00 00bfae00 ff5e9300 00a16e00 ff66ac00 0097f900 ff5b9e00
PCM 004f68 00a03c00 ff6aad00 008fcf00 ff6a5a00 00928f00 ff72fd00 0089c000 ff6c0100
PCM 004f70 008c3c00 ff6e5a00 008d3f00 ff757a00 00882d00 ff679000 00976f00 ff5c1600
PCM 004f78 00a28900 ff79de00 007f5100 ffPCM 004f80 0086e900 ff8c1100 00708000 ff80af00 00752400 ff76e700 0082ba00 ff7ce900
PCM 004f88 007f3800 ff65ed00 009a4c00 ff7f8c00 0079dd00 ff9f4b00 005dc300 ff9de100
PCM 004f90 005f8300 ff94bf00 006a5300 ffb0ab00 004c1800 ffb3d300 0048e200 ffb10700
PCM 004f98 004b3000 ffb4c400 00476400 ffb14800 004b4d00 ffb89300 00428b00 ffd44b00
PCM 004fa0 00262000 ffd76c00 00270e00 ffdb7600 00221200 ffbc0600 003a6300 ffaf0a00
PCM 004fa8 0051ca00 ffc09000 003c4c00 ffd1d200 002eab00 ffc5b200 0035ab00 ffc84c00
PCM 004fb0 00359000 ffb17a00 004c4a00 ffb17600 004dd000 ffd58600 0023bf00 00049e00
PCM 004fb8 fff6ae00 001d2b00 ffe0a500 00142200 ffe76100 0003b400 fff69e00 00048300
PCM 004fc0 fff62d00 fffdcb00 fffe9800 fffd5500 fffce200 fffa9900 00044000 ffca8400
PCM 004fc8 002ea900 ffda7d00 00247800 ffe45700 0016ae00 ffd72000 00239d00 ffd92200
PCM 004fd0 00201c00 ffe4ee00 00164b00 ffeb5b00 000ef900 ffedc900 000a1a00 000a9600
PCM 004fd8 ffecfe00 0022d500 ffd66700 00258400 ffd79900 0040e300 ffbc5200 002c8300
PCM 004fe0 ffccc500 0026f800 ffd15100 003acb00 ffc0f100 00452600 ffb7c800 00447300
PCM 004fe8 ffb3c100 002f0100 ffcf3500 001cf200 ffda1300 0022fa00 ffd44300 00383300
PCM 004ff0 ffc3a000 0038dc00 ffc64d00 004b7500 ffa9de00 0068dd00 ff8dae00 0072b300
PCM 004ff8 ff88eb00 00473100 ffaf2b00 004faa00 ffa7ca00 00577200 ffa2d600 004d6200
PCM 005000 ffaf6900 003e5e00 ffbc0400 0050ff00 ffa85e00 0069bb00 ff923800 005fe900
PCM 005008 ff98d300 00552e00 ffa4c000 0047f200 ffb73300 00564000 ff9fab00 0073bf00
PCM 005010 ff841300 00905d00 ff674f00 0089e100 ff713400 0075c600 ff819a00 005d5000
PCM 005018 ff98cb00 0062ce00 ff972600 0079a900 ff7e9e00 0080f800 ff77ce00 0074e300
PCM 005020 ff83be00 0082d600 ff758c00 008a8e00 fPCM 005028 ff870f00 00804f00 ff79c700 009de100 ff562000 00aef200 ff4d1900 00927b00
PCM 005030 ff6a8000 00845700 ff764900 00953700 ff63e300 00873500 ff747b00 00889400
PCM 005038 ff70ae00 00781700 ff834200 00890700 ff6f0000 00949300 ff648d00 0073d200
PCM 005040 ff83cb00 006aa500 ff8fbe00 0067fd00 ff911000 0089fd00 ff6f5600 009a5000
PCM 005048 ff619300 00a67b00 ff564400 00965a00 ff662400 008b5600 ff6fd100 00836000
PCM 005050 ff7d6300 006c7700 ff8da400 0077f400 ff823d00 00899700 ff722600 00819500
PCM 005058 ff7aa100 006e7d00 ff8d5600 008fe200 ff6ae100 0091a400 ff66df00 008e3200
PCM 005060 ff6e6800 00982400 ff64af00 009af300 ff646200 00a0d800 ff5a0800 00a49300
PCM 005068 ff545600 00afcd00 ff488900 00afb300 ff47cc00 00bd8d00 ff3de200 00caa700
PCM 005070 ff2e6c00 00cb4f00 ff2cc000 00d6f900 ff23ff00 00dd0600 ff1e9200 00c81700
PCM 005078 ff308f00 00d85600 ff20c000 00dbc700 ff218c00 00d41900 ff267000 00f32c00
PCM 005080 ff08c200 00cb8e00 ff2c8600 00af6e00 ff4c2400 00c9fd00 ff2f1400 00e44000
PCM 005088 ff14ba00 00e22900 ff189e00 00c10100 ff330f00 00b78000 ff429200 00b96e00
PCM 005090 ff3f2a00 00bb9d00 ff3b0900 00c8c400 ff337100 00d76700 ff202700 00deca00
PCM 005098 ff1a9200 00ba7200 ff3c7d00 00cede00 ff2fb200 00e42100 ff14ae00 00d6a200
PCM 0050a0 ff234a00 00d15a00 ff293300 00a66c00 ff53ff00 00995d00 ff61f100 00bda400
PCM 0050a8 ff39a000 00f43100 ff04a200 01081e00 fef07700 010c1300 feee7000 00fb6a00
PCM 0050b0 fefce400 00eea400 ff03df00 00ee3900 ff0ca800 00def200 ff19ff00 00b79900
PCM 0050b8 ff3ff700 00b95700 ff3fbc00 00aab100 ff4e5d00 00c32100 ff3a1300 00f36c00
PCM 0050c0 ff060100 01147100 fee3ea00 01192f00 fee3cf00 01190600 fedc0c00 01049700
PCM 0050c8 fef5e700 01120100 fee80300 01129000 fee35300 00f7ea00 ff01ba00 00fe9300
PCM 0050d0 fef71100 010f2800 fee97000 010f5100 fee72c00 0104d500 fef27c00 010cbd00
PCM 0050d8 fee92400 00f64500 fefefe00 01039900 fef1b400 011c6700 fedf0000 011e3400
PCM 0050e0 fed76f00 01286900 fecdd300 011f5e00 fed77200 011e1900 fedf8300 0115e600
PCM 0050e8 fee12800 010af500 feed8300 01095300 fef0b500 00fb4700 fef75400 010b4000
PCM 0050f0 feeefd00 0106a800 fef2e800 010c1a00 feeb6b00 00f27200 ff04b900 00f15a00
PCM 0050f8 ff085000 00cb1e00 ff294f00 00db1000 ff1dbf00 00ff5400 fef9b800 00ea4f00
PCM 005100 ff0c4900 00eba900 ff0f8d00 00dbe200 ff20b200 00ddf400 ff1b4c00 00cf2c00
PCM 005108 ff2bd800 00d3ec00 ff25cb00 00c71700 ff2ed700 00be8000 ff3dbc00 00c5fa00
PCM 005110 ff333400 00d33600 ff283500 00d62000 ff231800 00d86e00 ff279900 00c9ea00
PCM 005118 ff2cbc00 00a2dc00 ff599000 00852a00 ff74fc00 00750800 ff88c400 0085ba00
PCM 005120 ff74e100 00a51500 ff557e00 00a20400 ff570300 00bb2900 ff3a2d00 00d13c00
PCM 005128 ff276d00 00c06600 ff39f200 00a44800 ff56f000 00955700 ff637b00 00961a00
PCM 005130 ff629900 00aff400 ff49a100 00b3d400 ff441000 00a20b00 ff57b700 00a81900
PCM 005138 ff521400 008c0300 ff6e6100 0083fd00 ff728a00 009a4a00 ff5e1200 00c2fe00
PCM 005140 ff3b0a00 00e29400 ff163000 00d9d800 ff1b4900 00be5700 ff411100 00bc9100
PCM 005148 ff3c3a00 00c24b00 ff378900 00a9c200 ff4df800 0090b600 ff68f800 00a5a900
PCM 005150 ff547a00 0099b800 ff60ff00 009dae00 ff5e2b00 007e6e00 ff7a6100 0076f200
PCM 005158 ff84dd00 00755300 ff863400 004e2000 ffaba400 003ff400 ffb94700 00517f00
PCM 005160 ffabe100 0061b100 ff948400 0079f600 ff7cec00 006c5700 ff910d00 003dbd00
PCM 005168 ffc15c00 003f4400 ffbdf400 00450000 ffb3e300 0054a400 ffa33900 0063e600
PCM 005170 ff925500 005d7300 ff9f6f00 00413600 ffb8b800 002ece00 ffd24900 00486b00
PCM 005178 ffb40000 00583700 ffa81d00 003cbb00 ffbf5e00 003ddf00 ffbef300 00348200
PCM 005180 ffc51000 00359100 ffc61200 003a6200 ffc41400 003c4e00 ffc2f700 001a3f00
PCM 005188 ffe2d200 00071000 fff2ba00 fff01500 000b4600 00000600 fffc2b00 000803PCM 005190 fff45800 fff57f00 000aac00 ffdd6200 001d3d00 ffefb500 000d0600 ffdf8100
PCM 005198 001dd900 ffe10e00 001c6400 ffe8c300 00134000 ffcbc900 00309000 ffdff500
PCM 0051a0 0019a000 ffdb8000 001f5900 fff3ef00 0008a600 fff4c300 0007ed00 fffbcc00
PCM 0051a8 00034d00 ffd65000 00242100 ffbd7100 00414d00 ffdb0a00 00221a00 ffd6d400
PCM 0051b0 00249f00 fff6d000 0006a500 ffe72f00 00143900 ffc45100 003a0b00 ffbf9100
PCM 0051b8 00407a00 ffbef600 00430800 ffd21a00 002b0800 ffc5f600 00360300 ffc64e00
PCM 0051c0 00369f00 ffc76300 003a1e00 ffab2900 00512700 ffc9a500 00352000 ffdf8300
PCM 0051c8 001f9600 ffd5df00 00293700 ffe6b700 0016b100 ffdee500 001cbc00 ffb43200
PCM 0051d0 00482600 ffa97d00 00558000 ffa75a00 0059b900 ff88cb00 00728500 ff959300
PCM 0051d8 00698b00 ffa36900 005e3500 ff9e1f00 005db300 ffa06800 005b0a00 ffaa1700
PCM 0051e0 00505900 ffb51a00 00494f00 ffc67700 00379c00 ffcfde00 002b6e00 ffee4100
PCM 0051e8 000e7c00 fffee400 fffe1f00 00004400 fffaa900 fffa1400 ffffb200 fffe5200
PCM 0051f0 fffd4200 ffffe500 fffe4800 000f3400 ffed4c00 0029c400 ffd0af00 00216500
PCM 0051f8 ffd6c500 00087a00 fff45100 00126d00 ffe9a900 fff91100 00026f00 fff72700
PCM 005200 00058900 0002bd00 fffbcf00 ffffca00 fffb7700 ffeb5c00 00117c00 ffe92c00
PCM 005208 0013a000 ffedec00 000f7800 fffca100 fffca300 0012de00 ffeb3700 0027e900
PCM 005210 ffd05000 00128900 ffe61800 001cc400 ffdf5600 00131300 ffe84200 00162200
PCM 005218 ffe0ff00 0017fa00 ffe42b00 0000d900 fff79800 fffa8300 00024400 000b7b00
PCM 005220 ffef3b00 00092600 fff4af00 ffffc200 00005b00 00065a00 fff79900 000d6a00
PCM 005228 ffef7f00 0020c500 ffdb0900 00377b00 ffc7a600 0046dc00 ffb95400 00427700
PCM 005230 ffb88f00 0045d000 ffb7cc00 0032c300 ffc7d400 002bdd00 ffcf6600 002ca200
PCM 005238 ffccbd00 00452600 ffb4a200 00617f00 ff9a3e00 0044b600 ffb79b00 002d4300
PCM 005240 ffd14200 005ca000 ff9d4900 00596400 ff9f4900 004ce600 ffb0c700 00561100
PCM 005248 ffa54000 00557400 ffa66c00 003ba800 ffc06e00 002e9c00 ffcd2f00 002c0600
PCM 005250 ffcf0400 fffe1500 fff8ea00 fffd8900 fffe2700 00133100 ffee1800 0017e100
PCM 005258 ffe54700 00363700 ffcb5100 00305500 ffcdbd00 003e5300 ffbeea00 00436000
PCM 005260 ffb67700 0039a800 ffc08500 003fa300 ffbbf700 00397400 ffc2c900 00525700
PCM 005268 ffa96400 004ad300 ffae2600 00460400 ffb68400 005fde00 ff9ee100 005fd000
PCM 005270 ff99ff00 004de500 ffadc000 0042c700 ffb95300 0044c300 ffb74100 00650e00
PCM 005278 ff983700 0068e600 ff93aa00 0077cb00 ff87ea00 00892700 ff6cff00 005e8100
PCM 005280 ff998700 00522300 ffa6be00 0062ac00 ff957800 00644400 ff962400 00704100
PCM 005288 ff875100 00558200 ffa61300 00382500 ffc34200 00446100 ffb8a000 00697400
PCM 005290 ff8c5f00 0079bf00 ff7faa00 00820d00 ff780400 00989000 ff5eae00 009c1a00
PCM 005298 ff5c7000 00a94e00 ff4f9700 00b2f900 ff4a1a00 009f4300 ff5a4000 008a9800
PCM 0052a0 ff71c300 0089bf00 ff726d00 00979200 ff625f00 009c9000 ff5e1e00 008deb00
PCM 0052a8 ff6cda00 00a5a200 ff533700 00c7c900 ff321e00 00cd1000 ff301700 00b36700
PCM 0052b0 ff4a1500 00912a00 ff639600 008b8800 ff6e2100 008de300 ff6ec400 0098e200
PCM 0052b8 ff607b00 009cfa00 ff5c1900 00c23c00 ff36fa00 00be7700 ff386100 00b5eb00
PCM 0052c0 ff44d400 00b1a200 ff462300 00ad5e00 ff4ae900 00985800 ff622400 00904800
PCM 0052c8 ff69b600 0083f300 ff75e200 00a79600 ff54b600 00ae8d00 ff485400 00b6f200
PCM 0052d0 ff420e00 00ab4000 ff4ec300 0099d300 ff607b00 009df000 ff59f900 00a25b00
PCM 0052d8 ff5a6700 00bbeb00 ff407800 00bd2f00 ff3b4700 00ad0d00 ff498000 00a25700
PCM 0052e0 ff59a000 00a17700 ff574900 00a25600 ff58f500 00a77700 ff50c900 009eba00
PCM 0052e8 ff590700 00b78500 ff41f300 00c6bb00 ff2f3b00 00b85d00 ff402800 00b4e300
PCM 0052f0 ff46ed00 00b1e100 ff4a9400 00b88d00 ff404800 00cee100 ff274d00 00f69100
PCM 0052f8 ff028a00 00fa8900 fefe9b00 00ee7100 ff080300 00f82300 ff031b00 01069200
PCM 005300 fef49b00 01161200 fee52400 0120e700 fed91400 010c4200 feeb2500 011a6e00
PCM 005308 feda7a00 010cb300 feed0200 010d5300 fee58100 01178700 fee1f000 00fcd700
PCM 005310 fef94500 00f40300 ff062e00 0108aa00 feee0a00 0114f900 fee68b00 01190c00
PCM 005318 fedc9000 01432100 feb53500 01495e00 feadef00 0159df00 fea1ee00 014f8100
PCM 005320 feaac000 013d0600 febea800 01323f00 fec8d600 01223200 fed69e00 010ce100
PCM 005328 feed1d00 01133900 fee7c500 0125c500 fecea000 0134da00 fec00c00 0149f000
PCM 005330 feaabe00 0148b400 feaca300 015dc500 fe9ce700 0163c800 fe96cd00 01660900
PCM 005338 fe955800 016fb400 fe894100 018df400 fe679800 018f6a00 fe666300 018df700
PCM 005340 fe68db00 01711f00 fe851300 0175d700 fe7fd800 0191d600 fe63850PCM 005348 fe60f300 01aba400 fe494f00 01a7a300 fe4cbc00 0185a400 fe72f200 017f4300
PCM 005350 ffe7d6900 0171b500
PCM 005358 fe889300 0176b500 fe83a500 0182b000 fe75ed00 017cd200 fe7bd100 016ecc00
PCM 005360 fe887200 0158f500 fe9ffa00 0156cb00 fe9f1600 015d3000 fe99c000 01660500
PCM 005368 fe8ffc00 0167fa00 fe906400 0169b800 fe8d8000 01919000 fe667200 01ad2500
PCM 005370 fe4a2b00 01991900 fe5a8600 0184fa00 fe714500 01978000 fe5d7900 01a58d00
PCM 005378 fe52e600 018e3700 fe69e700 019a8d00 fe5a3c00 019f7f00 fe58b200 01a33c00
PCM 005380 fe50ee00 017c4700 fe7cad00 01832c00 fe766900 017f0100 fe7bcb00 01916e00
PCM 005388 fe623700 0193ef00 fe5ebe00 017ced00 fe790100 015fff00 fe9cf700 013a5e00
PCM 005390 fec0b800 01198200 fedf9300 0114c800 fee69f00 0123a100 fed6d300 01237600
PCM 005398 fed69700 012a2500 fecf2600 01236300 fed45100 012dd700 feca3200 0136ef00
PCM 0053a0 febf0100 0131f200 fec9f700 01330600 fec53a00 01232f00 fed1a600 01273d00
PCM 0053a8 fed1fd00 01216100 fed80f00 01540200 fea48600 01768100 fe80b800 014ab000
PCM 0053b0 fea83500 01280500 fecf1e00 01375500 febf4400 014a9b00 feb18400 012d2f00
PCM 0053b8 fed0e500 01180000 fee3d200 0108c500 feeb7300 01171200 fede1200 01131c00
PCM 0053c0 fedfb800 00f45f00 ff032100 00e3e000 ff158600 00f7c000 ff034900 00e8c300
PCM 0053c8 ff147600 00de9200 ff1a6100 00ea5400 ff133400 00eb7d00 ff0f1f00 00c04a00
PCM 0053d0 ff3c1000 00b49800 ff4a3800 00d26b00 ff2cc600 00c42000 ff389700 00a42100
PCM 0053d8 ff5a4a00 00979000 ff631700 00ab9800 ff4e6a00 009b4800 ff5f0e00 008f8700
PCM 0053e0 ff6cf900 0083b900 ff734e00 008bf400 ff6cb700 0092a000 ff69ab00 008b0e00
PCM 0053e8 ff71b900 00855e00 ff743a00 00798a00 ff7f1800 006c4900 ff8b4000 00890600
PCM 0053f0 ff722f00 00a9e600 ff4ef900 00a21500 ff56d200 0092a100 ff6a1f00 007bf700
PCM 0053f8 ff7d7c00 00735700 ff8b5100 00635a00 ff974400 00709000 ff8c9100 008af300
PCM 005400 ff706a00 008c6900 ff714c00 00920600 ff698300 008e9b00 ff6f8600 008c7e00
PCM 005408 ff6df700 00719f00 ff880900 0071cd00 ff8ef700 005f9300 ff9d8e00 004f2600
PCM 005410 ffae3000 0050b600 ffaad800 00491b00 ffb39400 00478e00 ffb20d00 003f0000
PCM 005418 ffbf2400 00106700 ffeb3700 fff01600 000d0c00 fffa5600 00015500 00045400
PCM 005420 fffc5900 ffd7d400 0027df00 ffe47800 00185800 fff9bf00 0005fa00 fff19100
PCM 005428 000b4d00 fff72500 00094100 000a7400 fff3d000 0016be00 ffe5af00 000d1f00
PCM 005430 fff1f800 fffc0a00 fffec700 fff7e600 00059d00 fff4c100 00069300 fff26d00
PCM 005438 000c4700 ffec4300 000fe300 fff5a800 0006a000 fffe0200 fffe8600 fff04400
PCM 005440 000c9600 fff03700 000e9600 00120200 ffebdd00 fff8cb00 00018400 ffee5200
PCM 005448 000fd500 ffeb3900 00157f00 000d7900 fff42c00 fff61300 00094300 fff8d700
PCM 005450 00007400 00255000 ffd66e00 001fec00 ffdd1e00 00126e00 ffe82f00 fffea100
PCM 005458 fffc5300 ffe8bd00 0014db00 ffd8c700 0023a500 ffd45800 00287200 ffdf2600
PCM 005460 001d9500 ffef5400 000e0000 000a3d00 fff4ef00 ffea6b00 00117d00 fffdb700
PCM 005468 fffd3b00 00177200 ffe5a400 00094500 fff2f300 fff7fa00 00030200 fff72200
PCM 005470 00033f00 000a5600 fff14300 00234d00 ffdc2a00 00189600 ffe0ff00 002a7800
PCM 005478 ffce9700 003fcf00 ffbb5100 00528500 ffa2f600 004dfd00 ffac1600 00630800
PCM 005480 ff97e600 006a6400 ff942500 0058ce00 ffa32800 003faa00 ffbe0600 00380200
PCM 005488 ffc2ec00 004a0400 ffb14100 0055ba00 ffa59f00 004f3800 ffabd700 005df300
PCM 005490 ff9ead00 0071a800 ff895600 007a7100 ff828400 0066ea00 ff92dc00 005c8200
PCM 005498 ffa31a00 0049eb00 ffb1d800 002ee200 ffcc9100 00248900 ffda6b00 0041de00
PCM 0054a0 ffb82200 00632800 ff992d00 005b6b00 ffa27000 00623f00 ff97fb00 0087a500
PCM 0054a8 ff70b100 0072a600 ff86e300 00684a00 ff957800 006f5e00 ff8bf700 00857d00
PCM 0054b0 ff734700 008f3c00 ff6f9d00 00836d00 ff773800 0081a300 ff779700 00680d00
PCM 0054b8 ff929c00 00694200 ff90b100 006c2b00 ff8fba00 00742a00 ff852d00 0084a100
PCM 0054c0 ff76d900 0094e300 ff646500 008fc900 ff6d7d00 00816500 ff798500 008be100
PCM 0054c8 ff688500 0093ac00 ff667600 009a6e00 ff5f8800 009f7e00 ff5c6a00 0083bd00
PCM 0054d0 ff772000 007ee300 ff790400 006a1700 ff91c500 00455800 ffb71f00 003e7c00
PCM 0054d8 ffbeb200 003f1e00 ffbbd700 0058a200 ffa34100 00561500 ffa7d800 004e1200
PCM 0054e0 ffab2700 0056b600 ffa49d00 00746700 ff85c700 00848000 ff743500 00641100
PCM 0054e8 ff95c400 006d7500 ff90ba00 006b9b00 ff948100 007ee800 ff7bd300 0086fb00
PCM 0054f0 ff73b300 007ed700 ff815400 00861400 ff76f300 0072dd00 ff891a00 00520100
PCM 0054f8 ffa60b00 00503800 ffadb800 006c6b00 ff8e5f00 00618d00 ff98db00 005e2d00
PCM 005500 ff9c7400 0049de00 ffaf5d00 004de600 ffaee100 005b7000 ffa15a00 0068f000
PCM 005508 ff91b300 007d2300 ff7d7400 00a23500 ff553000 008ed100 ff674a00 005fc600
PCM 005510 ff9be100 00276800 ffd30b00 0010db00 ffeb7800 0022e500 ffdb4800 002d8400
PCM 005518 ffcd0e00 003e6300 ffbcaa00 003ecf00 ffbce300 00360000 ffc56900 0028e600
PCM 005520 ffd44200 001f2000 ffdb9f00 001cb500 ffddec00 00132600 ffe6d100 001da300
PCM 005528 ffdedb00 0035d000 ffc5a200 00453700 ffb7ab00 00507900 ffa70600 006cd300
PCM 005530 ff91b800 004edf00 ffaa4400 002e7900 ffcc0000 004deb00 ffacdd00 006c4500
PCM 005538 ff8b3100 00802c00 ff7b4500 008a0400 ff701500 007bb500 ff7bfb00 00754c00
PCM 005540 ff822600 0086ad00 ff736c00 00968e00 ff5e4500 007f8d00 ff7a5f00 007e7700
PCM 005548 ff790c00 00868500 ff6ef500 0087bf00 ff700c00 00733e00 ff88ac00 0063bf00
PCM 005550 ff930600 005d6c00 ff9aea00 0080cf00 ff7bea00 00b4cc00 ff460d00 00b28d00
PCM 005558 ff484b00 007b8c00 ff7e2900 0047c200 ffb4a300 0038eb00 ffc37400 00354d00
PCM 005560 ffc8ae00 004bf000 ffae1a00 006c5a00 ff8f9d00 00874700 ff767800 0080c100
PCM 005568 ff79c800 0096b600 ff623600 00c60700 ff34ea00 00c62000 ff353900 00b5e400
PCM 005570 ff445c00 00b25a00 ff45c600 009e8a00 ff5b5700 009b7300 ff5f8900 00b5bd00
PCM 005578 ff44d500 00c6e900 ff33f100 00a26a00 ff55c100 007e4500 ff7ef000 00865a00
PCM 005580 ff753300 0099b600 ff614200 00975b00 ff626d00 00adea00 ff4ba200 00ce9400
PCM 005588 ff290100 00d83b00 ff1cd200 00c27f00 ff35d700 00b8ec00 ff414600 00858300
PCM 005590 ff74d500 005c4600 ff9d1100 0057b900 ffa26200 00582b00 ffa17700 00582a00
PCM 005598 ff9bee00 005bf500 ff9e7b00 006f6000 ff880800 0085f500 ff773e00 008cc700
PCM 0055a0 ff6ce300 00950700 ff6c7c00 009df300 ff58e000 009ca200 ff5d2d00 00aad300
PCM 0055a8 ff48bf00 00bc6100 ff380200 00b8cc00 ff3f7200 00c8c700 ff313900 00c25d00
PCM 0055b0 ff386e00 00c8fe00 ff2d1600 00d9f100 ff1f8000 00d45200 ff244c00 00fbc600
PCM 0055b8 feff7900 01038400 fef1e500 00f31100 ff08a000 00e88c00 ff0da800 01022c00
PCM 0055c0 fef79e00 01091300 feef6f00 01029600 fef5e300 01041100 fef1e600 0119c300
PCM 0055c8 fedc6b00 011cd500 fed83700 01098500 feee8800 012c6300 fecd6900 01268500
PCM 0055d0 fed16200 01347d00 fec34d00 01307900 fec65700 01064100 feee9700 00ec3400
PCM 0055d8 ff0b4200 00df7600 ff1a4a00 00f44800 ff01ba00 00e81e00 ff131100 00dc0700
PCM 0055e0 ff1b6d00 00fb6e00 fefa0700 01073800 feefbb00 01104b00 fee93000 0112cf00
PCM 0055e8 fee3e600 011f5200 fed4a900 0115ec00 fee16a00 010eca00 fee69d00 01151600
PCM 0055f0 fee17500 0121fa00 fed1fe00 011eef00 fed7d100 0106de00 fef33900 00f3c700
PCM 0055f8 ff012c00 00e93600 ff092200 00e41a00 ff127d00 00ed1000 ff0b1800 00fdd400
PCM 005600 ff00cd00 01024200 fef29900 00e57300 ff0dfa00 00ddcd00 ff1f5300 00e81900
PCM 005608 ff0fd900 00f2a500 ff09ad00 00d4cf00 ff1dc700 00ce8100 ff28e800 00d0e100
PCM 005610 ff26f200 00e36100 ff153500 00dcc300 ff1efe00 00decf00 ff1b2c00 00a8d800
PCM 005618 ff519c00 0092b000 ff692200 0097d700 ff644c00 0097f100 ff611d00 00b1f200
PCM 005620 ff452d00 00c1b800 ff303f00 00b9b800 ff3e6900 00c4b100 ff376100 00cd8e00
PCM 005628 ff295700 00b67200 ff451e00 00bdb500 ff399d00 00b88400 ff3f0400 00c2a500
PCM 005630 ff368100 00b9f400 ff417600 00caa600 ff324100 00d1cf00 ff268700 00cada00
PCM 005638 ff2cdc00 00a1fc00 ff585600 00941100 ff677a00 008c9a00 ff6c1c00 007c4b00
PCM 005640 ff771100 005e2c00 ff96b100 00612500 ff980000 004b3500 ffaf8900 004ebf00
PCM 005648 ffab7900 002cec00 ffccb900 00398300 ffc10600 00608700 ff9e1900 005c2c00
PCM 005650 ff9eef00 0064d900 ff96PCM 005658 ffd51900 0012fc00 ffeb4000 fffb7100 0001bc00 000c2400 ffeff900 000bd600
PCM 005660 fff01200 001d4700 ffdc1f00 0017af00 ffe88f00 000be200 fff2f600 00112c00
PCM 005668 ffe9ef00 00142800 ffe7d500 00050600 fff8c600 00072400 fff66e00 002fe000
PCM 005670 ffccad00 00406c00 ffbb2a00 00559300 ffa32500 004dd500 ffacb500 000f4d00
PCM 005678 ffec2b00 fff29f00 000bf600 ffea0700 00115f00 fff5bd00 00031200 fff23f00
PCM 005680 0006b400 fff84000 00002900 ffdc7d00 001e1b00 ffe03000 001d5600 ffeb5400
PCM 005688 000e5f00 ffe85000 00153600 fff88000 00068400 001c0100 ffde1200 002bae00
PCM 005690 ffcdc000 00002a00 fffbeb00 fffeca00 00004000 ffe02e00 001da000 ffc61b00
PCM 005698 00362600 ffc99b00 0031c700 ffaeb600 004d3900 ffa49c00 0059b000 ffb30900
PCM 0056a0 004c5100 ffb2dc00 004c4a00 ffa52900 0051b200 ff807900 007d9800 ff7e5b00
PCM 0056a8 007faf00 ff8ff300 006e9200 ff877700 0077f300 ff756300 00849000 ff6ab400
PCM 0056b0 0095c600 ff8f5200 006e0300 ffa73d00 00591c00 ff8da000 006f4b00 ff749600
PCM 0056b8 00891d00 ff695f00 0093f400 ff68d100 00929f00 ff7ec700 007c5a00 ff956700
PCM 0056c0 0067ab00 ff95d600 0067a800 ff8d4b00 00734d00 ff820e00 007a2e00 ff716b00
PCM 0056c8 008e1a00 ff7acd00 00807000 ff5cf500 009f6600 ff673300 00934a00 ff803900
PCM 0056d0 007b3800 ff76dc00 00899800 ff86ac00 0073fPCM 0056d8 00c5de00 ff2abc00 00d56e00 ff1ca800 00e12600 ff3ba000 00c33500 ff4b2c00
PCM 0056e0 00b1d200 ff4e9c00 00ad7600 ff489500 00b5fe00 ff4ba100 00b57e00 ff27d300
PCM 0056e8 00d4c800 ff47e200 00b48000 ff5b5200 00a12000 ff708e00 008e2b00 ff85da00
PCM 0056f0 0075ea00 ff6e7300 008c5e00 ff38a900 00bfcd00 ff2aa600 00d39f00 ff233800
PCM 0056f8 00d99300 ff2c2000 00d4c800 ff382500 00c31c00 ff64b500 0097e500 ff72ab00
PCM 005700 00890300 ff8cf800 00716d00 ff86ff00 0079f600 ff91a000 006e6a00 ff8a4300
PCM 005708 0076a900 ff96db00 006a1b00 ff9fb700 005ad600 ffa73b00 00554700 ffb08b00
PCM 005710 00514f00 ff9ac000 00628e00 ff873200 00787e00 ff857000 0079df00 ff9c8500
PCM 005718 00616500 ffc95400 0036a300 ffd1e800 00283e00 ffe6c900 0013a300 ffe03d00
PCM 005720 00179b00 ffaf2f00 004b3c00 ff91fc00 006dba00 ff82cc00 00786700 ffa72e00
PCM 005728 00586200 ffc23400 003bce00 ffb27400 00483800 ffbdb700 00436900 ffbfc200
PCM 005730 003ea400 ffaebd00 004ba500 ffb3ef00 0046c700 ffb94b00 00449300 ffcec300
PCM 005738 002fc700 ffbea600 003a9d00 ffb2cb00 00489500 ffb26f00 004a3300 ffa1f100
PCM 005740 005c0c00 ff902f00 006c8c00 ff753100 008b1600 ff7a2e00 007f9500 ff8ab400
PCM 005748 00719000 ffac8c00 004c4f00 ffc8d700 0033d200 ffc44600 00383d00 ffa21800
PCM 005750 005b6800 ff8f4400 00716000 ff8d7a00 006fa100 ff8fd700 006e4200 ff839e00
PCM 005758 00827600 ff7c6c00 0081f700 ff787d00 0085da00 ff5a5000 00a1d900 ff6d7200
PCM 005760 008e7400 ff83b800 007acd00 ff8aa000 00701600 ff889200 00763600 ff900900
PCM 005768 006dd800 ffad3d00 004df800 ffaf7200 004dd200 ffaf2500 004b0800 ffa20100
PCM 005770 005e2600 ff88d300 00756500 ff608800 009c7400 ff78a400 00854400 ff85e100
PCM 005778 00772e00 ffa4b700 00599800 ffc67d00 00382300 ffc7eb00 0033d700 ffeba100
PCM 005780 00124100 00008c00 fff9ba00 00012300 fffade00 fffd8600 fffd0900 0003b800
PCM 005788 fff6ef00 fff9e100 00017a00 ffe79e00 00141600 ffd0f900 002b3b00 ffd82900
PCM 005790 00243800 ffee3000 0010da00 fffc2b00 00015a00 fff59f00 00092200 fff2b100
PCM 005798 00087000 ffd75800 00259800 ffc4bd00 003c3400 ffd27400 00289800 ffc92300
PCM 0057a0 00353a00 ffd85e00 00249700 ffd10100 0029fb00 ffb93b00 00439000 ffb32200
PCM 0057a8 00488f00 ffbc1b00 0044fc00 ffb5a100 00497500 ffa52600 005a9b00 ffb7bd00
PCM 0057b0 00489100 ffe5ce00 0018fd00 fff08700 000c6d00 fff53200 0007de00 ffef5900
PCM 0057b8 000dfa00 ffecb400 000d4200 00083d00 ffee1600 00207200 ffde1200 00139c00
PCM 0057c0 ffe47000 000ec600 ffec2e00 fffcba00 fffced00 ffeaf500 00101100 fff86e00
PCM 0057c8 00032a00 0001ac00 fffd2c00 00098b00 fff20600 001dc200 ffdbd000 001df200
PCM 0057d0 ffdee000 002d3f00 ffd17000 001aba00 ffdc3c00 0012f600 ffe71300 000efd00
PCM 0057d8 ffee4d00 ffdba200 00221a00 ffcf7500 00298d00 ffe38700 00166300 fff7c400
PCM 0057e0 000a2e00 fffb6a00 ffff6d00 fff8fc00 0003ab00 000e6400 ffeb1200 000fc600
PCM 0057e8 ffeaa000 00174600 ffe48900 fff7aa00 0003de00 ffe7c800 00154700 ffd61300
PCM 0057f0 002a3100 ffd2b900 0029f200 ffc67200 00364900 ffdc7a00 001e8800 0004e700
PCM 0057f8 fff27a00 0013da00 ffeb9f00 fffbe900 0003b800 00039f00 fff91800 00171000
PCM 005800 ffe42c00 00073d00 fff2d500 ffe8e600 00119b00 00180b00 ffe25e00 004b3200
PCM 005808 ffb38300 0059cc00 ff9dac00 00554c00 ffa63b00 004e1000 ffac0d00 00421400
PCM 005810 ffba8000 00320700 ffcab800 00378400 ffc58c00 0056cd00 ff9f1d00 004f1300
PCM 005818 ffaf3000 0028d000 ffd3f500 00391100 ffbef900 003f1000 ffba9e00 00343e00
PCM 005820 ffc74d00 001b2000 ffe24400 00066700 fff79400 ffeb0800 00137000 ffee7700
PCM 005828 00104b00 ffdee500 00193000 fff61400 00082700 00128800 ffeb3300 000d3000
PCM 005830 ffeaaf00 001dbc00 ffe0e500 0012fc00 ffebd800 00075700 fff8b200 fff8f200
PCM 005838 0000e300 fff24b00 000f8f00 fff8a000 00032d00 0011b700 ffe71000 ffda1600
PCM 005840 00226a00 ffd50200 0021eb00 ffde8500 001d3e00 ffdbd600 001fa800 00047900
PCM 005848 fffaac00 0024c900 ffd5a300 003cc700 ffbc4d00 00466b00 ffb78d00 0057bc00
PCM 005850 ffa59400 00467900 ffb4da00 00318e00 ffc80200 0039d800 ffc04200 00477f00
PCM 005858 ffb17d00 00451c00 ffb74600 00403200 ffbce200 0053db00 ffa89000 004ddb00
PCM 005860 ffacaf00 0060b900 ff995c00 006a0fPCM 005868 ff795100 00805500 ff794200 0072cc00 ff8c5e00 00622c00 ff94d500 00443700
PCM 005870 ffb82800 004b8100 ffb50500 00590d00 ffa06000 0046ee00 ffb72c00 0030d500
PCM 005878 ffcc9600 00376800 ffc0c300 004eb600 ffabb200 00544200 ffa8dc00 00597d00
PCM 005880 ffa10700 00579100 ffa13e00 003aca00 ffbb9b00 0026e700 ffd3e500 0021af00
PCM 005888 ffd89900 001ab800 ffddde00 00279e00 ffd45600 00232300 ffd5a000 00193600
PCM 005890 ffe3bb00 002a5800 ffd1bd00 003a5000 ffbdc300 00444500 ffb68600 0053a000
PCM 005898 ffa3e400 0048a900 ffb33d00 002fd600 ffcd0d00 00126700 ffe74c00 0019a800
PCM 0058a0 ffe2ca00 00238f00 ffdd8400 00142a00 ffe6eb00 0018b500 ffe4f600 00323400
PCM 0058a8 ffc8c500 00465f00 ffb3e000 002beb00 ffcfd800 fffa1000 ffff7500 ffea1200
PCM 0058b0 00146200 ffe43700 00189b00 ffdbc500 001f3400 ffd34e00 0027c900 ffbf5b00
PCM 0058b8 003ba700 ffb20200 004c3a00 ffab6a00 004f9000 ffc50b00 00331900 ffadb100
PCM 0058c0 004d5d00 ffbb3400 0042ea00 ffca4200 002fd600 ffe2b200 0017d500 00031e00
PCM 0058c8 fffb0c00 0015dd00 ffe7bc00 fff88900 00025b00 fff40c00 000d4900 ffe20c00
PCM 0058d0 001f7000 ffdec200 001ca400 ffd0b900 0032d300 ffb8f600 00433500 ffa3cd00
PCM 0058d8 00598100 ffab0300 00531b00 ff9b1000 0064f400 ff7e3b00 007dff00 ff753e00
PCM 0058e0 0087b700 ffab5100 00522500 ffcbad00 002bcc00 ffd5ef00 0027d900 ffb5f400
PCM 0058e8 0044e800 ffabfa00 00516b00 ff918d00 006ec800 ff828000 007d1a00 ff59cb00
PCM 0058f0 00a63400 ff67ab00 0096c500 ff870100 00775000 ff9a8800 0064c400 ff809b00
PCM 0058f8 007b5600 ff641000 0097d800 ff697000 00967200 ff7d6100 0080d500 ff7b7600
PCM 005900 00808000 ff806f00 007db600 ff829700 00803c00 ff913c00 006f8300 ff9c8600
PCM 005908 0063b900 ff9ea300 005de600 ffb0bd00 004cc600 ffad5b00 004f3400 ffaabe00
PCM 005910 004fa900 ffaf3a00 004ebc00 ffb4aa00 0046c600 ff93a000 006e2c00 ff789a00
PCM 005918 00877900 ff878a00 0076ce00 ff9ee400 00617000 ff8e8400 0073fa00 ff923600
PCM 005920 0070d100 ffbde800 0045de00 ffd05900 002db300 ffab7300 0053a100 ff934300
PCM 005928 006c4c00 ffa8c900 00575900 ff932b00 006c7900 ff929b00 006a7b00 ff90b200
PCM 005930 006e7700 ff777e00 0089de00 ff69ad00 009ac200 ff5f9f00 00a2be00 ff5d1a00
PCM 005938 00a6e900 ff6eb400 0091ba00 ff8dea00 0070ab00 ff97b500 00685e00 ff7bc300
PCM 005940 00843f00 ff780900 00896b00 ff6d4300 00916400 ff57f100 00a96600 ff6bdb00
PCM 005948 00936200 ff668b00 00977d00 ff7b6100 00829400 ff910e00 00715800 ff8cf100
PCM 005950 00729000 ff9b5700 0062db00 ff931b00 00694200 ff749400 00891f00 ff6f2700
PCM 005958 00915900 ff6c2800 0092be00 ff5ad300 00a33a00 ff5c1100 00a47900 ff642600
PCM 005960 009d2600 ff73ed00 0089e900 ff85ad00 0078fe00 ff8b9700 006fa500 ff8d8900
PCM 005968 0072da00 ff875f00 0072d900 ff6b5700 00917200 ff5e3200 009fdb00 ff7b9f00
PCM 005970 00831b00 ff59b700 00a5ec00 ff481900 00b44200 ff343c00 00cafd00 ff539600
PCM 005978 00a89600 ff5af300 00a67200 ff569c00 00a52d00 ff500e00 00b2fb00 ff4a7c00
PCM 005980 00b6ca00 ff5b9800 00a21700 ff79d000 00862400 ff90fc00 006e3200 ff8b3600
PCM 005988 00750900 ff5cd700 00a11800 ff492100 00b32c00 ff554800 00aa4200 ff59fa00
PCM 005990 00a0e400 ff5b2300 00a52e00 ff5ee500 009da800 ff793a00 008b9600 ff774d00
PCM 005998 0086fb00 ff5ee400 00a17100 ff677000 00992100 ff6aee00 0094e500 ff658700
PCM 0059a0 0097d800 ff47fc00 00b38b00 ff588a00 00abb100 ff4efe00 00b2a600 ff6ec200
PCM 0059a8 0090f800 ff92fc00 006ffa00 ff967600 00688000 ff8bf700 0073b700 ff887c00
PCM 0059b0 00794200 ff894a00 00773100 ffa5a500 0057ef00 ffc08e00 003ecf00 ffd9c200
PCM 0059b8 0022f700 ffc5dc00 00392300 ffbee700 003f7000 ffbd5000 0040ce00 ffbac000
PCM 0059c0 0041ab00 ffb77e00 00488700 ffc20500 003bc100 ffb51000 004c7900 ffa23000
PCM 0059c8 005b4e00 ffad1400 00544600 ff9d4c00 0063b900 ff795700 00886400 ff81f900
PCM 0059d0 007c9400 ff722600 008a5200 ff5c9c00 009cd000 ff55f100 00aa8900 ff564000
PCM 0059d8 00aa1800 ff62f500 009a9800 ff721e00 0089d200 ff735900 008a1300 ff8d4900
PCM 0059e0 006fbd00 ff7a2300 00853800 ff73c300 008b1900 ff94b100 006b4b00 ffa9de00
PCM 0059e8 00540c00 ffc6f000 00367500 ffd6c300 00260b00 ffc1dc00 003e8900 ffbe7200
PCM 0059f0 003fa400 ffc1f200 003bbb00 ffc9ba00 0031fd00 ffc27400 003aad00 ffc38400
PCM 0059f8 0038d700 ffcddc00 00332600 ffb6a300 0046c400 ffbbbb00 00414800 ffc37c00
PCM 005a00 003be700 ffae0600 00537700 ffbfdc00 00403500 ffdf4c00 001ef800 ffb81400
PCM 005a08 00427400 ff976800 00672700 ffa52200 00593b00 ffa6bd00 0058a800 ffa00a00
PCM 005a10 005b6d00 ff927d00 006c0c00 ff8e3700 006e0900 ff827e00 007cf500 ff923300
PCM 005a18 006c5100 ffb57d00 00449600 ffaa2d00 00511d00 ffae5400 004e7500 ffa9ee00
PCM 005a20 0054a400 ffafde00 004d1700 ffb3f100 004af400 ffbb0700 0040eb00 ffd5ed00
PCM 005a28 002a4d00 ffdbe400 00237d00 ffc95400 00339000 ffcef700 002efd00 ffc58e00
PCM 005a30 0034fe00 ffe58b00 0016e600 ffe7aa00 00165400 ffe2f100 001a3800 ffd61f00
PCM 005a38 0026a900 ffb8PCM 005a40 0036da00 ffe16200 00197200 ffe7b000 0016dd00 ffe27600 001bfa00 ffe2a100
PCM 005a48 001b2b00 ffc94c00 002e2800 ffe02200 001df400 ffddd800 001cde00 ffc09b00
PCM 005a50 0038c200 ffc15d00 00396d00 ffa60c00 0054cd00 ffab9e00 00532500 ffc35400
PCM 005a58 003c2600 ffcd7800 002e7500 ffdd8800 001c2300 ffe05c00 001c8000 ffecd900
PCM 005a60 000df800 fff57900 0003d500 ffeaf800 00101900 001ea700 ffe08600 001d9d00
PCM 005a68 ffddfa00 00249400 ffd49700 002f3100 ffcb6a00 0032b300 ffc70200 00286f00
PCM 005a70 ffd23000 00264400 ffd74400 0024b600 ffd9d000 0031ec00 ffc7a400 002eee00
PCM 005a78 ffca9300 01bca00 ffe04300 00217f00 ffdb0a00 0029ae00
PCM 005a80 ffd12b00 002e9e00 ffcbeb00 00185500 ffe02a00 ffff9f00 fff4ed00 00017800
PCM 005a88 fff7dd00 00010400 fffaf600 ffe78c00 00143600 ffee3c00 000d9400 0001ba00
PCM 005a90 fff82000 001c1d00 ffde0000 00248a00 ffd64000 00198500 ffe2be00 00018d00
PCM 005a98 fff6df00 ffdef400 001b8100 ffd97400 001f1400 fff02d00 000ad800 0006b000
PCM 005aa0 fff7ad00 00177000 ffe26500 00217b00 ffd4af00 0021da00 ffd70a00 00219a00
PCM 005aa8 ffd8fe00 001d6d00 ffdbf600 00002200 fff6f500 00228300 ffd68100 002a5e00
PCM 005ab0 ffcef000 00213d00 ffdbba00 002b8800 ffd1f100 0031eb00 ffc73300 00243300
PCM 005ab8 ffd50b00 00296500 ffd29f00 0031c900 ffc87b00 00220400 ffd8e200 001bca00
PCM 005ac0 ffe2eb00 0000c200 fffcec00 fff7d600 0005bf00 fff78e00 00051200 001c0100
PCM 005ac8 ffdff300 001bf800 ffdfdf00 fff95c00 0003b900 00029500 fff92f00 fff3f100
PCM 005ad0 000c5e00 fff63200 00085400 fff4c400 00070a00 ffda7600 00239400 ffb68500
PCM 005ad8 0043f100 ffb6ba00 0047c800 ffb17600 00495900 ffbd3700 0041c800 ffb69e00
PCM 005ae0 00475200 ffc24c00 003ebd00 ffc53d00 00369800 ffa4ef00 00599000 ffaea400
PCM 005ae8 00502500 ffc37a00 00362700 ffde5500 001fb200 ffc79200 00360c00 ffc23e00
PCM 005af0 00378800 ffb6d700 00452000 ffab1d00 00522c00 ffb19d00 004c7d00 ffa6ce00
PCM 005af8 0055f300 ffbd7a00 003ea100 ffb66f00 0047d800 ffb5bf00 00443100 ffb99c00
PCM 005b00 00435b00 ffb05300 004b7c00 ffabfc00 00500e00 ffb9c800 0042ba00 ffb1a100
PCM 005b08 0048d200 ff9e3300 005f5900 ffa0f600 005f9000 ffb31300 00487900 ffc9f300
PCM 005b10 00376200 ffd07800 002d6f00 ffe8db00 00148900 ffeb1300 0011ff00 fff9a100
PCM 005b18 00004100 fffb5800 0000e300 ffe62e00 00161300 ffe5c100 00130500 ffd47d00
PCM 005b20 00285500 ffefaf00 00103e00 ffef4d00 000bfa00 ffe33b00 0019dd00 ffc9c100
PCM 005b28 0036ca00 ffcce200 002dbc00 ffd41800 00247500 ffd56000 00234d00 fffdc600
PCM 005b30 fffdcf00 fff2b700 000cf600 ffe19300 001b6b00 ffc9a500 0032b700 ffbb5900
PCM 005b38 0041d400 ffb88c00 00420600 ffc27400 0040eb00 ffc50700 003c0100 ffaff600
PCM 005b40 004e1200 ffa41b00 00568c00 ffacb800 0050cc00 ff9eeb00 005bad00 ffaa0f00
PCM 005b48 00545200 ffaecb00 004fc400 ff970f00 00647300 ff8f6600 006ece00 ff839700
PCM 005b50 007f6300 ff63b200 009bda00 ff658200 00990700 ff5d9000 00a2a600 ff524500
PCM 005b58 00ae0f00 ff62e000 009f9600 ff710a00 008ec400 ff63c400 00978d00 ff52d600
PCM 005b60 00ad1c00 ff50ac00 00ac1900 ff543100 00af3e00 ff4edf00 00b31200 ff3b2d00
PCM 005b68 00c01a00 ff399300 00c8cc00 ff320400 00caf400 ff3b9d00 00c1eb00 ff488500
PCM 005b70 00b55e00 ff569200 00a90c00 ff5ea300 00a29800 ff50ba00 00ae9a00 ff50ea00
PCM 005b78 00a9d600 ff1f2500 00dd0600 ff136a00 00eb5700 ff1af100 00e63100 ff29c400
PCM 005b80 00d2ef00 ff55ea00 00adc600 ff3d0100 00c2bd00 ff3b8700 00c69800 ff3ef800
PCM 005b88 00c03100 ff310b00 00cb5f00 ff238800 00db9e00 ff337600 00cbaa00 ff52d700
PCM 005b90 00abda00 ff41ae00 00bc3000 ff423a00 00b9ba00 ff4b8c00 00b56900 ff4eda00
PCM 005b98 00b2bc00 ff54ac00 00ac1900 ff493900 00b87d00 ff457e00 00bb9a00 ff657500
PCM 005ba0 00977300 ff857700 00788800 ff62f800 009bca00 ff224d00 00de1200 ff1e7d00
PCM 005ba8 00e1fa00 ff39ef00 00c79800 ff3ca300 00c08100 ff430200 00bbd300 ff20d500
PCM 005bb0 00dc5100 ff226e00 00dd7600 ff31c600 00ca4900 ff263700 00d9ab00 ff274200
PCM 005bb8 00d7ee00 ff1b3100 00e33e00 ff2da700 00d27100 ff3e6700 00c46200 ff2ebd00
PCM 005bc0 00ce7200 ff32d200 00ca5d00 ff371c00 00c9ae00 ff30bb00 00cfcd00 ff3d1700
PCM 005bc8 00c15a00 ff392400 00
PCM 005bd0 00a8c300 ff5ec800 009d0f00 ff691a00 00920300 ff6f2400 0093af00 ff623700
PCM 005bd8 009ec000 ff646e00 0098f900 ff5b6800 00a09c00 ff67bc00 00960100 ff67e300
PCM 005be0 0093cc00 ff6be600 00922200 ff6a4700 00985000 ff51d300 00a7ad00 ff6aa300
PCM 005be8 0093a300 ff782d00 00866e00 ff70b100 008d8200 ff64d500 00997600 ff572800
PCM 005bf0 00a60200 ff5a8100 00a70d00 ff54c200 00a7fc00 ff667600 00972c00 ff523600
PCM 005bf8 00a9d600 ff59a800 00a4b800 ff54c600 00a7f300 ff57c100 00a60d00 ff63fe00
PCM 005c00 009aa200 ff5d8700 009ff900 ff649d00 00982b00 ff618900 009c9b00 ff7dc700
PCM 005c08 007c8e00 ff7fa700 007f4200 ff5a9800 00a4f600 ff4bb600 00ad1d00 ff61c600
PCM 005c10 009db600 ff66eb00 0098d000 ff5f0400 009dd100 ff607900 009f0900 ff5b8100
PCM 005c18 00a3d300 ff546000 00aa3400 ff30e900 00cd7e00 ff45fb00 00b60b00 ff6c8200
PCM 005c20 00935700 ff850900 00780e00 ff684c00 00977300 ff61e700 00990a00 ff69d900
PCM 005c28 00916000 ff76ac00 0088a400 ff64a900 00975700 ff727f00 008a7100 ff721f00
PCM 005c30 008bb300 ff657b00 00946200 ff65e900 00984700 ff3ebf00 00c13a00 ff439700
PCM 005c38 00bb9e00 ff53ff00 00ad3a00 ff54fa00 00af2b00 ff4ef000 00aca500 ff43cb00
PCM 005c40 00bace00 ff55a300 00a75100 ff558c00 00b1b800 ff760d00 00889700 ff8b7b00
PCM 005c48 00733f00 ff7b3f00 00810900 ff6aa200 00901800 ff6acb00 0093ee00 ff6f7700
PCM 005c50 008fc200 ff792a00 0086e200 ff855000 00778300 ff74ea00 00886d00 ff5f3d00
PCM 005c58 009fe700 ff4d9000 00b42000 ff554500 00a83000 ff5d4900 00a07700 ff644e00
PCM 005c60 009baa00 ff706900 008d3300 ff52ea00 00ac8d00 ff63bc00 009c3200 ff671b00
PCM 005c68 00961100 ff565200 00a6ed00 ff5c8b00 00a0be00 ff7f8e00 0080ed00 ff930b00
PCM 005c70 0069de00 ff9b1600 00657c00 ffa29a00 005c6b00 ffb90200 003fef00 ffb15200
PCM 005c78 004d2e00 ff9a9500 00634900 ffa63e00 00545800 ffc1ff00 00390300 ffd8f100
PCM 005c80 0021c600 ffd10500 002ee400 ffd52c00 00295e00 ffb69600 00435400 ff9f7500
PCM 005c88 0059bf00 ffc91c00 00330d00 ffecd200 00106700 ffeaeb00 000ca300 ffea5500
PCM 005c90 000f8200 fffefe00 fffb8500 fff60300 00036100 fffacb00 fffe4700 ffee2a00
PCM 005c98 000b3600 ffd06900 002b6a00 ffe5df00 001a2e00 ffe41300 00198100 ffb62c00
PCM 005ca0 0047cc00 ff91c200 00651a00 ffa96600 0051bb00 ffb32700 00494000 ffa7b400
PCM 005ca8 0053ae00 ff8c2c00 0075d100 ff6b3000 008fe500 ff7b5f00 00831800 ff9cfc00
PCM 005cb0 005d5100 ff9f9d00 005c2a00 ffa77d00 005aaa00 ffaf7d00 004d7e00 ffbde100
PCM 005cb8 003c7900 ffcba700 00336300 ffe21200 0019f200 ffd27e00 0028f500 ffaca600
PCM 005cc0 00527400 ffbf2000 0041bf00 ffbc4600 003eb400 ffb7ee00 0045e000 ffc9c100
PCM 005cc8 00346100 ffbf9000 00386300 ffdf8500 001b0f00 ffe57300 0019c200 ffe06e00
PCM 005cd0 001e3800 fff97000 00033200 fff90e00 00077e00 ffcec100 002ea900 ffb69700
PCM 005cd8 0046b300 ffad8800 004cfd00 ffa51100 00595b00 ffb7df00 0043a300 ffd82700
PCM 005ce0 00234a00 ffd51600 00271f00 ffcd9a00 00316500 ffe66300 00101300 ffedb100
PCM 005ce8 000b7e00 00117e00 ffea4600 00205f00 ffda3e00 002ec500 ffcd6c00 0009dd00
PCM 005cf0 fff0f700 fffe5b00 fffc2c00 0022a300 ffd9e700 003abe00 ffbfcb00 00167f00
PCM 005cf8 ffe4db00 0026a800 ffd27500 00274400 ffd3c300 0046d700 ffb57e00 002ff000
PCM 005d00 ffcabb00 002d4600 ffc9fa00 001f7300 ffdcb400 0016c500 ffe2a600 0030d800
PCM 005d08 ffc9f700 001ffa00 ffdd1200 fffd1600 fffdbe00 fff95000 0001bc00 001a3200
PCM 005d10 ffde1900 00313d00 ffcbfb00 00356200 ffc42a00 004cd600 ffaccf00 006ada00
PCM 005d18 ff924900 00747b00 ff8a1f00 007b5900 ff81f000 006cbe00 ff8e9100 005eb400
PCM 005d20 ff9a0900 00664900 ff9b8500 007a2600 ff847a00 00870b00 ff72cb00 0093d700
PCM 005d28 ff665f00 008b1700 ff708e00 0082f600 ff7a6700 0081c500 ff76b400 00988000
PCM 005d30 ff5b4200 00a96d00 ff513500 00c45000 ff342000 00b76700 ff45c400 009e8000
PCM 005d38 ff58cf00 009ed800 ff5d0d00 00ba3e00 ff426800 00c12700 ff376200 00a2e700
PCM 005d40 ff56a200 00b50500 ff421400 00b50700 ff457900 00ab6e00 ff4b2800 00ad0800
PCM 005d48 ff46f400 008ee900 ff68a700 00a9db00 ff4f5e00 009da300 ff5d3900 00793200
PCM 005d50 ff7f2800 007d7100 ff7eee00 0089eb00 ff6e7400 00971f00 ff632200 008c9700
PCM 005d58 ff6a2e00 00731200 ff868f00 006f5800 ff8aae00 008b4f00 ff6b2100 00913500
PCM 005d60 ff6b0800 0079ec00 ff7b1f00 0079c400 ff80a700 0075ab00 ff83c200 006d0400
PCM 005d68 ff89e700 00444600 ffb37300 00531100 ffa96b00 00744700 ff846f00 0075f500
PCM 005d70 ff855500 00951a00 ff674f00 009e7d00 ff5bfd00 008cd100 ff6be400 0084f300
PCM 005d78 ff765c00 0074e300 ff85f100 004bab00 ffae4800 003b4d00 ffbcf000 00273600
PCM 005d80 ffd63d00 001ac000 ffddff00 004d2400 ffac5600 0058f700 ffa34200 00576d00
PCM 005d88 ffa32c00 0023ca00 ffd17400 00270900 ffd8d800 002dba00 ffcb3e00 001efe00
PCM 005d90 ffdb1900 001a7000 ffe16a00 00206600 ffd78400 001b9e00 ffe00d00 00097e00
PCM 005d98 fff49c00 000c6300 fff00700 000de200 ffe95100 fff8b400 0003f700 fff5f300
PCM 005da0 00044600 0002fc00 fff80300 0001bb00 fffa8400 ffdd9f00 001f4200 ffd4b400
PCM 005da8 0029b800 fff1a400 00084c00 ffe94700 000e4400 fff80900 00059000 ffec4d00
PCM 005db0 000dcc00 ffe49b00 001a6b00 ffeb8c00 000e8f00 fff15000 000cb500 fff10a00
PCM 005db8 000ae700 ffe94b00 00133d00 ffe41b00 001dce00 ffd9b900 0024b100 ffdaf400
PCM 005dc0 001e9f00 ffe9a300 0010ee00 ffe94700 0011ce00 ffd76b00 0026f600 ffc00400
PCM 005dc8 003bcb00 ffba4000 0043e700 ffa9be00 00506100 ff909800 006d0500 ff7ff500
PCM 005dd0 0077e700 ff8fdc00 006dd400 ff996b00 00623c00 ff944500 0068e000 ff9a5500
PCM 005dd8 0064ab00 ff97e200 00674200 ffb14000 004b8500 ffc5df00 00382600 ffbb3100
PCM 005de0 0040e200 ffb8ef00 00413400 ffad9800 00499400 ff97d500 00639500 ff97e800
PCM 005de8 00664900 ffaaeb00 00557400 ffccf600 00328700 ffad9a00 004f2200 ff907600
PCM 005df0 006b5000 ffc84b00 00339a00 ffcc5900 002feb00 ffc99d00 0032f500 ffb26a00
PCM 005df8 00496100 ff9c5a00 005e8700 ffae6000 004fa200 ffaf9500 004a4d00 ff9c1100
PCM 005e00 005e5d00 ff7c7f00 007f3200 ff862e00 007a3200 ff6d2e00 008fd900 ff6a1b00
PCM 005e08 00914900 ff5c1100 009fed00 ff51e400 00afe200 ff662600 00952400 ff719500
PCM 005e10 008e0300 ff672c00 0097f400 ff512900 00ac1400 ff53f200 00abcf00 ff5cd100
PCM 005e18 00a6b800 ff5f0500 009be100 ff603200 00a01900 ff503f00 00affe00 ff537500
PCM 005e20 00a63a00 ff74fa00 008ad300 ff5f0d00 009e9300 ff651000 009b7400 ff856f00
PCM 005e28 00762200 ff8baa00 006fd500 ff78b700 00821100 ff77b800 00836600 ff711f00
PCM 005e30 00915d00 ff799400 0085de00 ff72aa00 00873400 ff6f3100 008f4d00 ff62f500
PCM 005e38 009c4f00 ff633f00 009cc000 ff50f600 00ae1e00 ff4ba800 00b44200 ff3ba700
PCM 005e40 00c39800 ff2b6c00 00d48700 ff3eeb00 00c25700 ff580a00 00a8cc00 ff500000
PCM 005e48 00b1de00 ff57f600 00a71100 ff515700 00ab2a00 ff5d3100 009ec600 ff760700
PCM 005e50 00864800 ff892500 00755f00 ffa90400 0053e400 ff9b5b00 0063e300 ff9ee500
PCM 005e58 005b8300 ff9e5300 00613400 ff8cbd00 006f1a00 ffa4a700 0056d300 ffb29300
PCM 005e60 004bb300 ffb13700 004b4700 ffb45a00 00468c00 ffb17000 004dc000 ffac5400
PCM 005e68 0052df00 ff99e300 00644900 ff9e4800 00621200 ffaf8e00 0051a600 ffbd4e00
PCM 005e70 00413300 ffcc7f00 0032c800 ffb57800 00483200 ffabf000 00535400 ffa88900
PCM 005e78 0055f800 ffa0c000 005ee000 ff9cc500 0061c500 ff8fc300 006ea400 ffa54200
PCM 005e80 00556a00 ff9faa00 005f8200 ff8e4f00 006e6300 ffb20b00 004e0200 ffc1b500
PCM 005e88 003cd500 ffb82400 00421700 ffb2a400 0046d900 ffc06c00 003ae600 ffe1ba00
PCM 005e90 001c1200 fff8a400 00011700 ffdfb600 001dbf00 ffd32700 002a8700 ffc5e900
PCM 005e98 0035fb00 ffafe000 004c2800 ffb29d00 00487000 ffbe9600 003e8c00 ffbe6100
PCM 005ea0 003d8a00 ffc6ad00 0038b200 ffdef300 00229800 ffd8e200 0020e100 ffda6400
PCM 005ea8 0021f500 ffedc400 000e4800 ffe84d00 00110700 fffd5700 fffe1f00 fff0f800
PCM 005eb0 000e5600 ffe8cf00 00161c00 ffc62600 0038ba00 ffee3800 00132f00 00095700
PCM 005eb8 fff27b00 fff49100 00091500 ffe2ba00 001a9c00 ffef3b00 00106200 fff4c300
PCM 005ec0 0009d800 ffd0ce00 002d6000 ffc60500 003a5500 ff9ed600 005d6400 ff92cc00
PCM 005ec8 006a6e00 ff98d800 006aaf00 ff950e00 00633600 ffaa8100 0051bd00 ffa5cb00
PCM 005ed0 00597d00 ffb93b00 0043a200 ffcd9500 00308b00 ffd80900 002c3800 ffcb2b00
PCM 005ed8 0034fc00 ffc5c800 00399a00 ffc6db00 003bc900 ffb55900 004a9e00 ffcc2d00
PCM 005ee0 002fa300 ffd74d00 002ac700 ffb7d100 00492200 ffb24f00 004a2a00 ffc35100
PCM 005ee8 003a5400 ffc6b900 00392900 ffbdf000 00433b00 ffb16500 004cce00 ff9c5a00
PCM 005ef0 00608b00 ffb02600 00496700 ffc48900 00375d00 ffd70a00 00270c00 ffdaab00
PCM 005ef8 00240d00 ffc1f500 00397500 ffbb5400 0041eb00 ffb9b600 0042db00 ffc9c500
PCM 005f00 00349f00 ffd61200 00236600 ffd46d00 002aa200 ffd4cb00 0028c400 ffc9b900
PCM 005f08 00336c00 ffc60e00 00353500 ffabd900 004ba000 ffb85f00 00424f00 ffd4cf00
PCM 005f10 00296500 ffe66100 00160b00 ffe27900 001cf400 ffc07200 0039f600 ffc50e00
PCM 005f18 00373000 ffdb0100 00213c00 ffc4c000 003c3b00 ffba0400 0041f100 ffa13700
PCM 005f20 005bec00 ffa1cd00 0061a900 ffa43900 00581000 ffafde00 004cc700 ffa90500
PCM 005f28 00502e00 ffa5ab00 00528000 ff9d5400 0061eb00 ff95e300 00654000 ff98c600
PCM 005f30 0065a700 ff991200 0067d200 ffb43800 004b2a00 ffbf9b00 003f0100 ffa73400
PCM 005f38 00573100 ff8a6400 00716800 ff960600 0068f800 ffb1f900 004dc700 ffda0200
PCM 005f40 0026da00 ffdf5800 001aa400 ffe70000 00113000 fff4d400 00054e00 ffebe700
PCM 005f48 000e8c00 ffe4c800 00148800 ffdb9500 001bd600 ffe27200 00194a00 fff4db00
PCM 005f50 0007f100 fff95500 0002e900 00006000 fff80b00 fffceb00 00006e00 ffe64a00
PCM 005f58 0012de00 00051f00 fff54100 ffeae000 00124e00 ffd3eb00 00263e00 ffda2800
PCM 005f60 0022c000 ffe68300 00192100 ffdaa900 001e1800 ffd6bc00 00248a00 ffe88d00
PCM 005f68 0012e800 ffd08400 002de200 ffd54d00 00276800 ffb90c00 0040c900 ffa2f000
PCM 005f70 005c9600 ff943100 00692d00 ff7cf000 00814600 ff8a6100 0075ae00 ff970900
PCM 005f78 00637f00 ffb69b00 004bc700 ffb7e100 00469c00 ffb1e200 004e6600 ffba2300
PCM 005f80 0042fd00 ffc57000 0038a300 ffcc4800 0032cb00 ffccb300 0030b000 ffef3900
PCM 005f88 000afe00 ffef0c00 00082600 ffe77000 00199600 ffdc8b00 001ccc00 ffcf4800
PCM 005f90 002f2100 ffd9b600 00218200 ffdba900 00217f00 ffc52500 00381e00 ffc8bf00
PCM 005f98 0032c200 ffcb2c00 0033ad00 ffc15c00 003b6d00 ffd17800 00293a00 fff68700
PCM 005fa0 0008ec00 ffdda200 00203000 ffd4c600 002ad000 ffee9900 000cf400 ffed4900
PCM 005fa8 0009d500 ffe85c00 00150100 ffea3800 00114a00 ffd93500 0022bf00 ffef2c00
PCM 005fb0 00097800 00162f00 ffe32d00 fffc8300 fffc1c00 ffe64700 0017ef00 ffdd0f00
PCM 005fb8 001fe800 fff57f00 00063000 0022a000 ffdc7500 004b5700 ffb1ba00 004cea00
PCM 005fc0 ffadc800 004f8c00 ffaba900 004cc900 ffad5000 00457900 ffba8100 004da200
PCM 005fc8 ffad7b00 005a8a00 ffa2f900 0059d600 ffa11b00 0037a200 ffc13d00 0026e300
PCM 005fd0 ffd9a900 001b2900 ffdf9e00 0016ea00 ffe23900 00225700 ffdd4300 002de500
PCM 005fd8 ffcedf00 0028e600 ffd32300 0032bc00 ffcba000 002f6c00 ffcddf00 002ef300
PCM 005fe0 ffcd2400 004c7600 ffaec900 00362f00 ffc5b700 0018f700 ffe43800 00000300
PCM 005fe8 fffa8800 0011b800 ffebc400 0035c200 ffc87100 0029f700 ffd0a600 0039bd00
PCM 005ff0 ffc4ce00 0040a300 ffbc5500 0012d000 ffea5300 0015d400 ffe7d000 0016df00
PCM 005ff8 ffe9fb00 00229e00 ffdc3500 00256700 ffd5e600 00187f00 ffe64800 000bb800
PCM 006000 ffefbd00 fffff600 fffc4000 00068900 fff7f100 0020c600 ffdab600 000f7100
PCM 006008 ffec0900 001a0500 ffe4c900 0027bd00 ffd37600 001a3200 ffe36b00 00052700
PCM 006010 fff70b00 ffd2e900 002b9100 ffc5e100 00398a00 ffd3ce00 0029fc00 ffdddd00
PCM 006018 001e7800 ffe1c000 001a0c00 ffd65c00 0025e000 ffdeeb00 001da300 ffcbd600
PCM 006020 00317500 ffce6400 002f6c00 ffdd5f00 0023c800 ffc4e300 003ab100 ffcc5100
PCM 006028 0031a900 ffce8a00 002db100 ffc72e00 003a4300 ffc54800 003b1c00 ffd28100
PCM 006030 002a3200 ffc3c200 00379c00 ffd29a00 002f9900 ffe2dc00 001d4500 ffc5fc00
PCM 006038 0037d200 ffb6ad00 004cff00 ffa7c800 0058a000 ff88a400 00780400 ff70ac00
PCM 006040 008f2700 ff60c200 00a2e600 ff555800 00a40200 ff52f600 00aee900 ff3ffd00
PCM 006048 00c04400 ff44d100 00b65f00 ff444100 00be4000 ff3ee500 00c04200 ff513100
PCM 006050 00abc400 ff779200 0087b800 ff8a8900 0072cc00 ff73ad00 0089b700 ff74e800
PCM 006058 008c1a00 ff7c4700 0080d600 ff6cdd00 00923a00 ff4c8800 00afec00 ff33b500
PCM 006060 00cbd600 ff3eef00 00b92500 ff3b2100 00c44400 fef99700 01064900 ff052d00
PCM 006068 00ff7400 ff1dcf00 00e3c600 ff293100 00d7e300 ff232300 00dc5400 ff26bd00
PCM 006070 00d56a00 ff34c500 00cc6100 ff389c00 00c75300 ff4f9100 00af8200 ff42b100
PCM 006078 00bffe00 ff406800 00c21700 ff1e0c00 00e30100 ff258000 00d82600 ff39ee00
PCM 006080 00c8f200 ff289600 00d57600 ff37c800 00c88b00 ff082100 00fabe00 fee6da00
PCM 006088 011a0100 fedbdc00 01223500 fee6ce00 0116b300 fee30000 011d2900 fed24700
PCM 006090 012f1200 fecbd100 0134b700 febf2100 0143c400 febc3a00 0148d400 fecbda00
PCM 006098 01379f00 fed05e00 01301800 fec72a00 01337300 fec14d00 013fdb00 febe0b00
PCM 0060a0 01474c00 feb83c00 01490d00 feae8100 0153b800 fe9ff100 0161f000 feafb500
PCM 0060a8 014fdc00 febb4200 01449200 fece8400 01309900 fee0de00 011dca00 fec15c00
PCM 0060b0 01414d00 feb7a300 0148ac00 febe3e00 013d6100 fec2de00 01410600 feb85600
PCM 0060b8 01447d00 fec86f00 01356b00 fecc5400 01348000 fee61a00 011de200 feeb9f00
PCM 0060c0 01179000 fedb6300 0127b300 fef02500 010d3e00 ff1ea600 00e02400 ff1dd600
PCM 0060c8 00e39e00 ff0dfa00 00ee0000 fefd3d00 01038200 fee71600 011d2100 fedc1600
PCM 0060d0 01272700 fee49200 01208e00 fedebf00 01268900 feff5400 0101d600 ff164a00
PCM 0060d8 00e94d00 ff154700 00ee6b00 ff169600 00e72500 ff101000 00eed500 fef1a200
PCM 0060e0 010f1400 fede5e00 0125ee00 fed77a00 012c1800 fecc6c00 01371500 fece4100
PCM 0060e8 01316e00 fecf6000 0131d400 feebfa00 01182800 ff05a000 00fd2800 ff24bc00
PCM 0060f0 00d9a900 ff304c00 00cc6a00 ff4d8a00 00b04500 ff377c00 00c8ba00 ff2cc100
PCM 0060f8 00d24100 ff1dbe00 00e23200 ff106200 00f06700 ff24a000 00dd6800 ff257d00
PCM 006100 00dd9600 ff1af100 00e74400 ff0e9100 00f18000 ff26f500 00dc5000 ff2b7d00
PCM 006108 00d72400 ff16ce00 00eae800 ff10aa00 00f2af00 ff098100 00f8fa00 ff0eb100
PCM 006110 00f25f00 ff129c00 00f00e00 ff44e800 00bd6b00 ff3ffa00 00c64300 ff41e800
PCM 006118 00c03200 ff2d6a00 00d5a200 ff1ea900 00e22100 ff283100 00daa600 fefeb600
PCM 006120 01005e00 ff061e00 00f9ef00 ff21b900 00dc3500 ff19fa00 00e46200 ff117000
PCM 006128 00f16000 ff1c2b00 00e07d00 fef3f500 010bcb00 fedac300 01268300 ff00ee00
PCM 006130 00fc4c00 ff2c5c00 00d1a900 ff2b3100 00d36d00 ff484100 00b4a100 ff4b0a00
PCM 006138 00b48f00 ff3c8000 00bf1600 ff2bce00 00d1cc00 ff250600 00dd8000 ff394500
PCM 006140 00c4af00 ff516400 00b21000 ff4a5000 00b4d900 ff477000 00b79300 ff41ca00
PCM 006148 00baba00 ff4a9c00 00b30000 ff468400 00bbb900 ff3bb000 00c0c100 ff265700
PCM 006150 00d9a500 ff2beb00 00d8e300 ff33c600 00cb6c00 ff49fb00 00b48100 ff5e3c00
PCM 006158 009fd700 ff605b00 009fe300 ff4d6100 00b1b700 ff4cc100 00ae4800 ff4f9200
PCM 006160 00b12f00 ff4a4600 00b83800 ff49c700 00b2b100 ff563200 00ad2400 ff5e0700
PCM 006168 00a11d00 ff555500 00a32d00 ff3b1e00 00c40b00 ff31fa00 00cf6700 ff486a00
PCM 006170 00b9a500 ff529800 00aeb700 ff46b300 00b69400 ff570600 00aa3700 ff4b8200
PCM 006178 00b6d500 ff6b1a00 00952700 ff5e8100 00a14200 ff4b8900 00b4d000 ff4f8000
PCM 006180 00affb00 ff54e200 00aa2e00 ff61ac00 009bb500 ff58fd00 00a8b700 ff5d7c00
PCM 006188 00a26700 ff551400 00a81e00 ff64f700 0099ac00 ff5e1900 009f4f00 ff558400PCM 006190 00ad2e00 ff543400 00af6100 ff34e500 00c58400 ff56f300 00aa5900 ff77e100
PCM 006198 00868b00 ff8a0500 0074a900 ff8e3c00 006c2100 ffaff100 004f5a00 ffa99c00
PCM 0061a0 00582a00 ffac0200 0051e000 ffa38800 0059b600 ffba5100 0045cc00 ffa10700
PCM 0061a8 005eda00 ff940a00 0068e400 ffafe600 004e9b00 ffbd5000 0044a000 ffaeee00
PCM 0061b0 0051d400 ff99a500 00675100 ff6ad600 0095db00 ff58ed00 00a4f000 ff49ff00
PCM 0061b8 00b31d00 ff564400 00ac6a00 ff75ed00 00834c00 ff7b6100 00837700 ff6ec600
PCM 0061c0 00914500 ff767c00 0082d200 ff797400 00884400 ff95ae00 00687f00 ff97f300
PCM 0061c8 0065c700 ff5ee300 00a0e300 ff596900 00a29000 ff7e3d00 00826500 ff7c8200
PCM 0061d0 007e2300 ff6c2100 0093df00 ff667500 0096df00 ff791900 00856400 ff7c6a00
PCM 0061d8 00835900 ff5bf500 00a0de00 ff4ba900 00b3f500 ff41b700 00b8d600 ff521900
PCM 0061e0 00a94800 ff4f0000 00b05800 ff62b200 009acb00 ff884a00 00755800 ff883000
PCM 0061e8 0075be00 ff715000 008e2c00 ff5ab400 00a1fc00 ff58c400 00a56500 ff787500
PCM 0061f0 00887400 ff832f00 007d5b00 ff6ee800 008fe000 ff65f800 0099ec00 ff5d5700
PCM 0061f8 009e6f00 ff55d300 00aa8000 ff665300 009b2600 ff83ce00 0073c800 ff7d7800
PCM 006200 007e3a00 ff771900 0085b700 ff74ee00 00897d00 ff57d500 00a57200 ff6ec600
PCM 006208 00936500 ff7ee100 007cac00 ff9cfb00 005ea500 ff9e4400 00630e00 ff8d3600
PCM 006210 006f4800 ffc05b00 00396900 ffc24800 003c3a00 ff9f3200 00602300 ff803200
PCM 006218 007c7300 ff984700 0063f900 ff9acc00 00665700 ff901c00 006e1700 ff7e1300
PCM 006220 00819f00 ff966f00 00688f00 ffb05800 004e2900 ffa83f00 00585b00 ffa08100
PCM 006228 0059c100 ffb34900 00486c00 ffc93c00 002ec800 ffd24e00 00292b00 ffd5f500
PCM 006230 0025d500 ffd5b100 00263600 ffde3000 001f8e00 ffe6d600 001aad00 ffc62dPCM 006238 00350500 ffd05c00 00299200 ffe40b00 00176400 fff74700 0002d700 0001c400
PCM 006240 fff96c00 00060500 fffce100 00100e00 ffeb8200 00111a00 ffeea000 00075800
PCM 006248 fff3c600 fffa2200 0001a600 ffed0800 0012e400 fff6a100 00073d00 ffedec00
PCM 006250 0011b800 ffc11200 003c1d00 ffa29200 005b0c00 ffc05c00 003dfc00 ffc7cb00
PCM 006258 00343e00 ffb5e200 0044fa00 ffc91800 0033c500 ffd76f00 00293800 ffe76700
PCM 006260 0014db00 ffd93b00 0020c700 ffd1fd00 002c7e00 ffbd4200 003da900 ff9a8800
PCM 006268 0060ce00 ffba1d00 00420d00 ffd53200 0026e500 ffe9e600 00129400 000e4600
PCM 006270 ffedea00 0015d300 ffea0900 00162800 ffe2d900 fffb7600 fffa3f00 000ebb00
PCM 006278 ffef1a00 0019d000 ffde4600 001c1100 ffde7e00 001bc700 ffe0bb00 000a1500
PCM 006280 fff3a300 0016a800 ffe96500 fff99900 00054100 ffe33d00 001b0c00 ffd2ef00
PCM 006288 00269b00 ffcd5700 002eff00 ffbe8900 003d9400 PCM 006290 003df000 ffa42100 005b1700 ff8c4600 00731700 ff7fca00PCM 006298 007a7d00 ff837300 007a2e00 ff95ec00 00695200 ff905b00 006d9c00 ff8ac400
PCM 0062a0 00747200 ff99d000 00617700 ff8f4600 0071b400 ff950700 0066ae00 ffab5f00
PCM 0062a8 00508b00 ffa5a700 005c2200 ffac2b00 0052b900 ffb0e700 004d8f00 ffc0db00
PCM 0062b0 00414900 ffeef400 000d8700 ffe18500 0017c600 ffec6800 000f9d00 fff20500
PCM 0062b8 00088500 ffe5dd00 0012c100 fff1ac00 00089b00 ffca3400 00307600 ffc9d600
PCM 0062c0 0030d400 ffd79200 0025c200 ffc5cf00 0035ef00 ffa85600 0053ed00 ffb0ec00
PCM 0062c8 004ae200 ffbccd00 0041cf00 ffbef700 003d2600 ff9d5600 00630100 ff6aba00
PCM 0062d0 00978e00 ff74bf00 008b3e00 ff807d00 007e6400 ff764900 00851200 ff8f6c00
PCM 0062d8 006d9c00 ff89db00 00712f00 ff85a400 0077ab00 ff78a600 00845600 ff982100
PCM 0062e0 00655700 ffab0400 0053e700 ff8da500 006f0400 ff7f3e00 007f8800 ff723300
PCM 0062e8 00875600 ff8e8000 006cc000 ff8ffa00 006bd000 ffa00f00 005ce500 ffae5000
PCM 0062f0 00500800 ff81c600 007a9e00 ff6a4200 00970100 ff43cc00 00b63f00 ff305400
PCM 0062f8 00cc3000 ff252d00 00d69300 ff15aa00 00eab700 ff212000 00db9500 ff396f00
PCM 006300 00c68a00 ff29e300 00d83a00 ff249c00 00d91a00 ff18b900 00e4e800 ff02d500
PCM 006308 00f89b00 fefce400 0100fb00 feeaa900 0115eb00 fede9c00 01210e00 fef16900
PCM 006310 01108400 fef7f900 010b5500 ff09ed00 00f52b00 ff13f600 00ebd600 feee5d00
PCM 006318 010b0b00 fef0df00 010f6200 feeff600 010db000 fee8dc00 01160200 ff0a4700
PCM 006320 00f92400 ff06fd00 00f68200 ff0d4cfeecc100
PCM 006328 01134c00 fee67800 011c3e00 fed2a600 012d4b00 fed1e800 012dae00 fec2b500
PCM 006330 013e8400 feb76100 0149be00 fec80700 01388000 fedd6d00 0123f300 feda7600
PCM 006338 01251a00 feeecb00 0111b600 ff06d500 00f7a900 ff0cda00 00f23100 ff1cf700
PCM 006340 00ded100 fef40900 010ba800 fef83f00 01070100 fef18600 010c5d00 fefd1500
PCM 006348 01034600 feec0800 0111d000 fefbad00 01030700 ff05a600 00fa4700 feff5100
PCM 006350 01010a00 fee62600 011a9300 fedafc00 01244000 feec2100 01136d00 ff0bfa00
PCM 006358 00ed6d00 ff0d6c00 00f5c300 fef6c100 01093800 fed6aa00 012ceb00 fed6a700
PCM 006360 0128e500 feec3300 011a6700 fef41700 010c8d00 fec59d00 013ac500 fead7600
PCM 006368 0152a700 fead2f00 0152da00 febd8d00 0147100PCM 006370 010b7b00 fede6400 011e4d00 fec77d00 0139d600 fed78400 01267a00 feea4d00
PCM 006378 01157400 feedc100 0110c000 feda5200 0122d300 fef2e800 010e1f00 ff0a2800
PCM 006380 00f23600 ff17ca00 00e62800 ff079c00 00f75400 feecf500 0113e900 fed22f00
PCM 006388 012eb900 fed13e00 0131cd00 fee63400 01171200 ff0d5700 00f2f600 ff1feb00
PCM 006390 00e06a00 ff252500 00db3900 ff132e00 00eafc00 feffb200 0100a500 ff038100
PCM 006398 00ff9600 ff0ea200 00ef8300 ff3b2c00 00c43700 ff3edf00 00bbeb00 ff4e7300
PCM 0063a0 00af9500 ff5e7b00 00a0ee00 ff5ba900 00a34200 ff561100 00a95600 ff6df400
PCM 0063a8 0094de00 ff612a00 009a8400 ff464100 00baa600 ff2e9300 00d02800 ff1e7600
PCM 0063b0 00e24700 ff1b2700 00e57c00 ff12e500 00ee0800 ff170900 00eb3200 ff169700
PCM 0063b8 00ebae00 ff02d000 00fe9400 fef7f700 0107ce00 ff1f1b00 00e29200 ff313700
PCM 0063c0 00d07000 ff19ed00 00e39200 ff13f700 00eaa700 ff070b00 00f96600 ff019800
PCM 0063c8 01014d00 ff039a00 00fbf200 ff14af00 00e97900 ff2b3300 00d05400 ff2c0f00
PCM 0063d0 00cf8100 ff505e00 00a92f00 ff4ebf00 00afde00 ff40cd00 00b81600 ff2bd200
PCM 0063d8 00d27100 ff1c7d00 00e31800 ff1c6e00 00e77b00 ff1f6200 00dda100 ff224f00
PCM 0063e0 00ddca00 ff2a0600 00d58800 ff445a00 00c00b00 ff427300 00b93c00 ff4a1600
PCM 0063e8 00b41500 ff380f00 00c5c200 ff3dda00 00bf9c00 ff5cc700 00a37900 ff4ad700
PCM 0063f0 00b76000 ff3f5c00 00be0a00 ff66f600 0098d200 ff624e00 009d3600 ff5cac00
PCM 0063f8 00a08800 ff649d00 0097f400 ff75ff00 0087ca00 ff61a700 009f0400 ff4a6d00
PCM 006400 00b38200 ff60e400 009e0000 ff4fc400 00af1300 ff5d3700 00a4f300 ff58a300
PCM 006408 00a67e00 ff6d8f00 00911200 ff848500 007f8700 ff689300 00942200 ff5d3400
PCM 006410 00a2d900 ff7ef700 007eaa00 ff827600 007e1200 ff78ce00 00875a00 ff6bf700
PCM 006418 00934700 ff5ae200 00a6da00 ff57d300 00a66600 ff69fd00 00963500 ff786600
PCM 006420 0083c800 ff72e200 008d0300 ff6ae400 0095d400 ff806400 0079b600 ff756700
PCM 006428 008abf00 ff569100 00ad9f00 ff5fdf00 00a21300 ff460100 00b8ba00 ff3bcd00
PCM 006430 00c65400 ff56c700 00a7d600 ff637800 009ccd00 ff7fde00 007bf800 ff859000
PCM 006438 00762800 ffa27f00 00582d00 ffb88300 00469f00 ffd40f00 002c1e00 ffac5700
PCM 006440 004d9c00 ffad8500 00500200 ff9fae00 0060e300 ffbaa900 00418200 ffd75a00
PCM 006448 0022c800 ffd3da00 0029c900 ffccc700 0032d500 ffb4dd00 00463f00 ff94bc00
PCM 006450 00664b00 ff886200 00709b00 ffa70b00 00542700 ffb9b500 00416500 ffd55500
PCM 006458 0026f800 ffce9600 002c5b00 ffc55500 00376d00 ffbc7700 00426e00 ffb24e00
PCM 006460 0048aa00 ffc80000 00379a00 ffc83c00 0031db00 ffc90c00 00336600 ffbdff00
PCM 006468 003f3200 ffef9700 00127c00 0009b100 fff10300 000a0e00 fff09900 000ef200
PCM 006470 fff00d00 ffe3ff00 0018a100 ffdac100 0021a000 ffd31100 00297700 ffdffb00
PCM 006478 001d9500 fff61300 00086e00 fffd9700 00034a00 00055400 fff55c00 0008d000
PCM 006480 fff10600 0008e200 fff32500 00199200 ffe27000 0014dc00 ffe8c500 000b6000
PCM 006488 fff0d600 fff3cd00 00073d00 0000ef00 fffa8d00 00122f00 ffecad00 00187800
PCM 006490 ffe2ff00 fffa3b00 00035800 ffe48300 0018a900 fff9db00 00021e00 ffffdc00
PCM 006498 fffd5000 fffc3400 fffeee00 0002ca00 fff4df00 001e5700 ffdaeb00 004ad200
PCM 0064a0 ffb05b00 0043bd00 ffba8e00 0053fa00 ffa97500 00820a00 ff789100 0093a900
PCM 0064a8 ff689f00 00768500 ff842600 00713f00 ff8c7100 006d8500 ff8b7100 006d9d00
PCM 0064b0 ff8e6f00 00795900 ff830700 0065e400 ff927300 00497000 ffb39400 00449900
PCM 0064b8 ffb50a00 002e3400 ffcb5400 00329100 ffcc5d00 005e0c00 ff9edd00 0085ac00
PCM 0064c0 ff77e600 007a1c00 ff7f9f00 006d8e00 ff8dca00 007cb100 ff812800 00636400
PCM 0064c8 ff95d100 004c8a00 ffae7100 005ad700 ff9e9c00 0067e600 ff964500 00724b00
PCM 0064d0 ff88bd00 0063b400 ff9daa00 004dfa00 ffad2400 0052e400 ffa99e00 00646300
PCM 0064d8 ff9a1000 006d5d00 ff8f3200 00595000 ffa0cd00 0045ef00 ffb24100 00417a00
PCM 0064e0 ffb9ab00 002b2b00 ffd10400 00327700 ffc99300 0034cb00 ffc94d00 00308100
PCM 0064e8 ffc58500 003b2d00 ffbf0900 00484000 ffb4fe00 003a2800 ffc09c00 003bd900
PCM 0064f0 ffc04d00 003dbc00 ffbc8900 001c3400 ffe46200 00245600 ffd76b00 00319600
PCM 0064f8 ffc92400 001d8e00 ffde5700 0005cd00 fff6b300 00052300 fff8d900 0007aa00
PCM 006500 fff01000 fffaa200 ffff5200 000f5c00 fff12d00 fffec400 ffff2f00 fff6c700
PCM 006508 00034d00 00060700 fff6a800 0005a600 fff83800 0007b200 fff20900 ffef1100
PCM 006510 000e5e00 ffe92600 0015f300 ffe84200 00154100 000c2900 fff2cd00 001da300
PCM 006518 ffde6200 0004a800 fff83e00 0001e700 fffc6800 000c6f00 fff11100 00065700
PCM 006520 fff40200 000bbc00 ffee4100 000f7300 ffef2d00 000e0200 fff10900 fff7b600
PCM 006528 00065000 000de800 fff0de00 0005d900 fff72d00 00104a00 fff18a00 0016f800
PCM 006530 ffe74300 fff78f00 00090200 001b8500 ffe43f00 00278900 ffd6f700 fffd3d00
PCM 006538 0001c700 ffdfed00 001fc000 ffd8ce00 00232f00 ffd41f00 00288500 ffc3d500
PCM 006540 0036b800 ffbda700 003ebc00 ffc21900 003a7500 ffbe7200 003c6100 ffdca500
PCM 006548 001b6f00 ffe04f00 0018e900 ffeffb00 000acb00 ffe21500 0014c600 ffbae000
PCM 006550 003e3700 ffa92400 00525700 ff988200 00646f00 ff8abb00 0074ff00 ffb2f100
PCM 006558 004b4b00 ffb94700 00431c00 ffa9c700 00514800 ffab6000 00528200 ffaed900
PCM 006560 004d2b00 ff988000 00646000 ff9cfa00 00617600 ffa1fa00 005e2900 ff8ac200
PCM 006568 00718900 00 ff90ce00 006cd000 ff865c00 007ac200 ff89dd00
PCM 006570 00734000 ff7dbe00 00828d00 ff90e200 006c3700 ffbe0800 003fdc00 ffafaPCM 006578 004e1100 ff94f100 00679800 ff96b400 0069f800 ff9d2000 00627300 ff8c5e00
PCM 006580 006ef700 ff835100 007aa100 ff723100 008dfd00 ff5a7600 00a63800 ff492400
PCM 006588 00b54500 ff48de00 00b44900 ff804400 00816000 ffa19400 005e6a00 ff9a4200
PCM 006590 0061a100 ffa82700 00517500 ffa1bd00 005a5e00 ff8dd000 006d4100 ff90b600
PCM 006598 006ae300 ff9e0600 005db300 ff812900 00791a00 ff770800 0085f900 ff6efa00
PCM 0065a0 00901c00 ff862c00 0079fd00 ff744000 00869000 ff6ccf00 00915100 ff694100
PCM 0065a8 0094e900 ff5fca00 009db400 ffPCM 0065b0 00b07800 ff653800 00984100 ff6ef500 00914b00 ff87ae00 00742d00 ff8f6700
PCM 0065b8 006cdf00 ff946b00 00696300 ff90f100 006e8600 ff8b3f00 0072bc00 ff988b00
PCM 0065c0 00622500 ff8bc600 006ffe00 ff779c00 00817300 ff63de00 009c2200 ff52f700
PCM 0065c8 00ac7b00 ff809100 007cc600 ff9af600 00674100 ff875200 0073c700 ffa47900
PCM 0065d0 005b5c00 ffb05c00 004d0500 ff8dec00 006d1100 ff924e00 006f4600 ffb2d300
PCM 0065d8 004adf00 ffae3e00 004da400 ff7f7200 007d4c00 ff922d00 006d4c00 ffbb5500
PCM 0065e0 00461000 ffa4bb00 005a2200 ff7a2500 00836900 ff75ac00 008a6100 ff8aef00
PCM 0065e8 0076e600 ff737800 008c4300 ff8d8900 00711d00 ff9d0b00 0062aa00 ff8dcb00
PCM 0065f0 00727f00 ff9b7d00 006PCM 0065f8 00682d00 ff89f500 0072d200 ff8f4500 006f5800 ffa0f800PCM 006600 00548700 ffa40900 00558c00 ff9e0700 005fa700 ff98dc00 00620b00 ff913500
PCM 006608 006e5600 ff96cb00 0066a900 ffa6f700 0057a000 ffdbad00 00265e00 ffe91c00
PCM 006610 00124700 fff32200 00090100 ffef4d00 000eaf00 ffc9a000 0038a800 ffd5a000
PCM 006618 002a3600 ffdd8000 00224100 ffd16000 002c7900 ffe73100 0017e800 ffed5300
PCM 006620 0011e500 ffe6f400 00172f00 ffecee00 00114200 00036700 fffff400 0004a300
PCM 006628 fff89000 0008ae00 fff63c00 ffe74900 00170400 ffdf1d00 001c6800 ffc7e600
PCM 006630 00340500 ffde0300 00231700 ffe2d800 001c0100 ffd10b00 00275900 ffd70c00
PCM 006638 002a6a00 ffd50400 00261f00 ffe02100 001ca300 ffdcd200 00211e00 ffd5f200
PCM 006640 00265500 ffd3c400 002a2a00 ffb04600 004e3b00 ffa90100 0056a700 ffb8a200
PCM 006648 00423300 ffc4f500 003b3300 ffbe4f00 00419300 ffbff600 003aa400 ffd75b00
PCM 006650 00232b00 ffe3d800 001d0100 ffe3b900 001bad00 fff8ef00 00034a00 fff4a600
PCM 006658 00080b00 ffdab500 001eae00 fff31100 0008ca00 fff14100 0008b100 fffa5a00
PCM 006660 00004d00 00221200 ffd8eb00 00390e00 ffc06900 00383900 ffc72d00 003f8c00
PCM 006668 ffbcde00 00266900 ffd49100 0033e400 ffc51700 00581200 ffa2cf00 00603500
PCM 006670 ff970c00 00552800 ffa7cd00 003eb500 ffbb3200 00524200 ffaa3300 00672a00
PCM 006678 ff929c00 0061ae00 ff9a8100 005d3400 ffa30700 004e3800 ffaf7f00 00473b00
PCM 006680 ffb70800 004f7400 ffaed200 00321800 ffccb100 004c8300 ffb4c500 006e1200
PCM 006688 ff918900 00626c00 ff9a0e00 006eb400 ff8c8600 00684d00 ff8fbc00 0059e000
PCM 006690 ffa1d800 004fdc00 ffa9c000 00501e00 ffab3500 00738c00 ff871700 00793c00
PCM 006698 ff83ea00 00696100 ff915500 0076fd00 ff83ae00 007b7300 ff7f6a00 0065c700
PCM 0066a0 ff94f800 006b1800 ff8f9800 00745400 ff86e800 00771700 ff837e00 00636300
PCM 0066a8 ff92bd00 00827100 ff7c0100 008b6500 ff704600 007c2700 ff7f8d00 0096c700
PCM 0066b0 ff6baa00 00880500 ff71fa00 0064c300 ff930900 006bcc00 ff8fd500 008deb00
PCM 0066b8 ff6d2600 0093d300 ff6c5000 008f9b00 ff6a2b00 009bb700 ff61a900 00a3d000
PCM 0066c0 ff558a00 00a03f00 ff5bae00 00a0d500 ff57ce00 00bcd000 ff416f00 00a6a100
PCM 0066c8 ff53b900 00a6e800 ff525500 009a2600 ff609f00 009aa500 ff5f9c00 00996700
PCM 0066d0 ff5f2200 008bc900 ff6f7000 00904600 ff67f600 0091f400 ff686400 009db500
PCM 0066d8 ff5fa600 009a2a00 ff657100 0088a600 ff6f9800 00936100 ff68c100 008cfb00
PCM 0066e0 ff6e7e00 00838d00 ff78f200 006e2800 ff8ebf00 0075e600 ff830b00 006d2100
PCM 0066e8 ff904a00 006f9d00 ff8c2800 00912000 ff6ada00 00b7d400 ff411a00 00f19400
PCM 0066f0 ff06ae00 00ea6d00 ff0caf00 010a7d00 feef0400 0107c300 fef0b400 010bfd00
PCM 0066f8 feeea500 00fccd00 fefb9c00 00e4dc00 ff149100 00d26c00 ff255d00 00af1d00
PCM 006700 ff4a5900 00b48600 ff43da00 00a0f300 ff59f900 00a32700 ff54b700 00aac900
PCM 006708 ff509200 00a3e700 ff563400 009a1a00 ff5ece00 00a46a00 ff567b00 00abac00
PCM 006710 ff4f6d00 00b2d000 ff4b6700 00bb2e00 ff3e7d00 00a28d00 ff56d800 00aa8600
PCM 006718 ff4ec300 00b09900 ff489b00 00a24000 ff5cbd00 009a7b00 ff609a00 00980d00
PCM 006720 ff622e00 00a25600 ff59a100 00bbac00 ff39b200 00b83600 ff3e5d00 00b89ePCM 006728 ff40de00 00ba6300 ff3fd400 00bc5000 ff3d0700 00d6d500 ff260f00 00e10f00
PCM 006730 ff173c00 00ecd300 ff115a00 00c3f700 ff37dc00 00b9d400 ff3d0800 00c94b00
PCM 006738 ff31dc00 00d30200 ff220f00 00e96a00 ff12b600 00e62400 ff0fd600 00ee1b00
PCM 006740 ff0ab100 00fc4f00 fefad600 00f54b00 ff018f00 00db3900 ff237100 00f31e00
PCM 006748 ff015400 00e60900 ff107e00 00e1dc00 ff1a7c00 00eafd00 ff0a6000 0107b100
PCM 006750 feec2800 01229800 fed50e00 0138ca00 fec0f400 012df800 fecba700 01354100
PCM 006758 fec47500 014cb700 feb3f100 01449c00 feb5e900 0132cf00 fec8d700 013f2c00
PCM 006760 feb76600 013cd200 feb9bb00 01257a00 fed06600 010b8c00 feec1100 012c8100
PCM 006768 fecb0000 01513300 feaa8600 013e6e00 feb7f300 011ff500 fedca900 01059d00
PCM 006770 fef22d00 01188000 fee2b900 011cbe00 fedda800 01162f00 fee17f00 01234300
PCM 006778 fedab000 01243700 fed46700 0123c900 fed27700 013c3700 febae400 0147ee00
PCM 006780 feb13f00 01336d00 fec66d00 01156100 fedeb600 01176400 fee1ba00 010d8500
PCM 006788 feeb9e00 01086100 fef07500 011ba000 fedc6000 00fc8900 fefc9a00 012fce00
PCM 006790 fec9ec00 013ecf00 feb9b000 012bbf00 fec6b100 0129d200 fece3b00 0124fa00
PCM 006798 fed34d00 012d1400 fecb8200 010be700 feea0f00 00fcbf00 ff012c00 0118e200
PCM 0067a0 fedf2500 0128bd00 fed00700 01188100 fee0bb00 0114d300 fee5e100 01115800
PCM 0067a8 fee73900 00feee00 fef70200 0105ca00 fef22c00 01180700 fee3c800 01268c00
PCM 0067b0 fed67300 010bc500 feec9400 010b4200 feeca900 011bc800 fed98400 0110c000
PCM 0067b8 feeb8e00 00f72d00 ff029600 0106e600 fef00700 00fba000 fefbc400 00f5e000
PCM 0067c0 ff031300 00f89300 ff026700 00ddcf00 ff1c0b00 00b6a800 ff42a400 00bf6b00
PCM 0067c8 ff3d9d00 00d7b900 ff238400 00f6b500 ff031200 00fb6100 fef92600 00db5000
PCM 0067d0 ff1dc000 00c54d00 ff35aa00 00b43700 ff46ba00 00b3f200 ff442500 00a57500
PCM 0067d8 ff585500 00b9b700 ff3d9400 00c3d200 ff362e00 00ce7e00 ff2aea00 00baa400
PCM 0067e0 ff413800 00b16100 ff48bb00 00b09600 ff4aa300 00b95800 ff445000 00b37b00
PCM 0067e8 ff40d900 00ad6f00 ff4deb00 00b68e00 ff420f00 00c05900 ff371a00 00948a00
PCM 0067f0 ff67bb00 007b8700 ff7eb900 00815f00 ff7b2a00 00675900 ff938d00 0059be00
PCM 0067f8 ffa1cb00 00535400 ffa6bf00 003a1a00 ffc0c200 002cf800 ffd09800 002d8a00
PCM 006800 ffcd9700 00388200 ffc01e00 003dcd00 ffbb6200 004c4500 ffae3000 00773a00
PCM 006808 ff829200 0065ba00 ff96a800 004e0400 ffa94600 004dd800 ffad1400 001e5a00
PCM 006810 ffe1bc00 00033300 00001f00 fff7be00 0009e600 fff3c400 00063800 fff61600
PCM 006818 000be300 ffeb9e00 00125900 fffcad00 00019b00 fffdd200 ffffef00 fffa4100
PCM 006820 0004a300 000e4500 fff03400 fff7fd00 00068200 ffd2a300 0029c600 ffb93400
PCM 006828 00401800 ffa7d000 0057d300 ffc36500 00372b00 ffe81400 00183000 fff4eb00
PCM 006830 00097900 0011f400 ffeaa500 00282e00 ffd41000 0018f200 ffe48e00 00053700
PCM 006838 fffaca00 fffcb400 ffffdd00 00006600 fffca800 00015900 fffdd900 fff92100
PCM 006840 00043a00 fff17200 000a3900 ffe6c300 00115200 ffd77500 0022ff00 ffef9500
PCM 006848 0011d800 00159900 ffe15800 001ed800 ffd8f900 000c5000 ffef6100 001c5900
PCM 006850 ffdfcb00 002d9500 ffcd2a00 002a7500 ffce5700 00395100 ffc28f00 0023bf00
PCM 006858 ffd71300 00404200 ffc04e00 001c3900 ffe22500 000e4f00 fff15900 0027e900
PCM 006860 ffd58e00 00320d00 ffce6400 003cf000 ffc03d00 0020f800 ffdb4d00 00273200
PCM 006868 ffd1da00 0037ee00 ffc54b00 00437f00 ffb64200 0033cc00 ffc8df00 fffbb200
PCM 006870 00041800 ffe88500 0018f700 ffed7600 000eba00 fff4e200 0009dd00 001e4f00
PCM 006878 ffdf9c00 003c9400 ffc31d00 004df000 ffaec500 00329300 ffc69a00 002a6000
PCM 006880 ffd40500 00201f00 ffddc300 001a6700 ffe3e400 000aaf00 fff3cf00 fffa0b00
PCM 006888 0001800 00281c00 ffd22900 00173100 ffe5a000 00123e00
PCM 006890 ffe40400 00245200 ffdc1c00 00269c00 ffd67c00 00249800 ffd82a00 002f2500
PCM 006898 ffcd3900 003d9900 ffbd1f00 00618e00 ff996700 00807e00 ff7ca800 007f4800
PCM 0068a0 ff7f2100 0071ad00 ff889200 00420500 ffb6ce00 002f2000 ffcd0100 0017ac00
PCM 0068a8 ffe5e200 00130d00 ffe77a00 0015c900 ffe79600 002c2800 ffd1b300 00331400
PCM 0068b0 ffc5f500 00362e00 ffc57f00 003bee00 ffc11700 003cee00 ffbade00 004f5400
PCM 0068b8 ffa44100 0061c800 ff9baa00 004bbd00 ffb03d00 00526100 ffaa8300 00610a00
PCM 0068c0 ff9bce00 005fd900 ff969700 004dfd00 ffb0c900 0062ca00 ff9bb900 007b5600
PCM 0068c8 ff83bb00 00598e00 ffa4d400 00550400 ffa46000 00591b00 ffa55f00 00633b00
PCM 0068d0 ff971500 0065a800 ff95bb00 008a0100 ff6e0d00 00add800 ff4e1700 008c7c00
PCM 0068d8 ff6bd300 006c5d00 ff8dcf00 005c4a00 ff9caa00 00607100 ff988a00 0052e800
PCM 0068e0 ffaabb00 005bfd00 ff9c2400 004c4c00 ffadd000 003b4100 ffc27f00 003ca500
PCM 0068e8 ffbe8600 00619500 ff98d000 006e4c00 ff8a0000 007afd00 ff7e4100 00734800
PCM 0068f0 ff8abc00 007f6500 ff7d2100 007a6200 ff7fea00 00926500 ff69df00 00a2be00
PCM 0068f8 ff569900 00a2e600 ff580200 00a08800 ff56e000 00ad4a00 ff4f4900 00a65600
PCM 006900 ff555800 00a1b700 ff587e00 009d4200 ff5df500 0087ac00 ff726500 0078c900
PCM 006908 ff815900 008bd700 ff6ae200 008b3f00 ff6f7a00 0094fe00 ff650800 00b19a00
PCM 006910 ff4700 009e8a00 ff5d4800 009b1100 ff635b00 00b68c00
PCM 006918 ff42f100 00b68300 ff42bb00 009edf00 ff5cea00 0084d000 ff770600 008ff100
PCM 006920 ff6f1000 009ed800 ff5ce200 008df700 ff692f00 00862d00 ff72d700 00861800
PCM 006928 ff76c300 0088f700 ff6e4d00 00889000 ff6e0600 00873f00 ff744300 008ea400
PCM 006930 ff695700 009bbf00 ff5d9300 00922b00 ff68c600 008a0a00 ff6b3900 0085c200
PCM 006938 ff721500 008b0f00 ff6e1800 0083d700 ff754f00 00a9dc00 ff501e00 00d15e00
PCM 006940 ff290d00 00c01100 ff376500 00d38800 ff243a00 00dbee00 ff244600 00c17200
PCM 006948 ff387300 00b04c00 ff4bcb00 0099d700 ff5ea800 0088aa00 ff716f00 00852200
PCM 006950 ff713800 00936d00 ff635600 00774700 ff85a700 006e4900 ff8deb00 006b3600
PCM 006958 ff8d9c00 00590b00 ffa09900 0055d700 ffa58000 0070bf00 ff883500 006cad00
PCM 006960 ff8ce700 00937200 ff656500 00b5e400 ff45c000 00a3ab00 ff535f00 009bcc00
PCM 006968 ff61ae00 009f4400 ff572700 00a8cc00 ff4f2900 00973700 ff5ea100 00a22500
PCM 006970 ff57e600 00c08700 ff389000 00d31300 ff27d700 00c5b800 ff336f00 00d2e000
PCM 006978 ff248600 00e3a400 ff155d00 00ca9200 ff2ded00 00d61700 ff1fe400 00dc3a00
PCM 006980 ff1d6200 00cabb00 ff2cf800 00c22700 ff339900 00cc5200 ff2c2800 00e0ed00
PCM 006988 ff18b100 00e2e500 ff12ed00 00f6a000 feff9500 00f2e400 ff041f00 00fd4e00
PCM 006990 fefccc00 00d8e100 ff1d2f00 00e43a00 ff118a00 0110cf00 fePCM 006998 fee17500 01222b00 fedc8000 01372f00 febc8000 0161ed00 fe971000 013bfd00
PCM 0069a0 feb8a100 0125f200 fed21600 014f5e00 fea81300 0173e600 fe857400 0179fa00
PCM 0069a8 fe7aa900 0174c700 fe849400 01578500 fe9f6200 01283500 fec93300 012bf700
PCM 0069b0 fec6ad00 0144d400 feb21e00 01428c00 feb6cc00 01408700 feb4eb00 01427c00
PCM 0069b8 feb71300 0146d400 feae9700 0157fa00 fe9a0600 01604200 fe968500 018bab00
PCM 0069c0 fe6b1b00 01981a00 fe5fd900 01716400 fe809400 0160d700 fe92c000 015d6300
PCM 0069c8 fe988e00 0145ec00 feaf4c00 013fa700 febae500 01607a00 fe95b000 01585b00
PCM 0069d0 fe9f1700 015f1100 fe9a8900 01635500 fe922700 01737500 fe854f00 018e5500
PCM 0069d8 fe655b00 01842300 fe707600 0179b500 fe7b9000 0181c600 fe748a00 01885a00
PCM 0069e0 fe6ee300 01877700 fe713600 017a4800 fe7c0600 01505b00 fea41e00 014bc000
PCM 0069e8 fea97800 0133a300 fec0dc00 0116fd00 fee0d500 01140c00 fee06100 00fdc600
PCM 0069f0 fef7d200 00d3a900 ff234b00 00c20f00 ff352a00 010e5e00 fee4f100 014a9400
PCM 0069f8 feafbc00 013fbd00 feb94600 012d4800 fec87b00 01126a00 fee9fc00 01244500
PCM 006a00 fed7ac00 012b5b00 fecd1a00 011b8f00 fedcd200 01249100 fed8de00 01177100
PCM 006a08 fee0a900 0116cb00 fede4400 011c4200 fed7a600 010acb00 feea9400 00f13e00
PCM 006a10 ff02b000 PCM 006a18 ff194900 00e8c600 ff0edb00 00ef5c00 ff084200 0103d100 feeed700 010bcc00
PCM 006a20 feee8000 011f3d00 feda8600 00d6cd00 ff216400 00ce3a00 ff2c2f00 00c0e000
PCM 006a28 ff362600 00b97e00 ff3f3b00 00bb2700 ff3b4900 00ba6200 ff3a4500 00ab9d00
PCM 006a30 ff4e6d00 008dbc00 ff66ba00 00a09f00 ff56b700 00949d00 ff60a200 009e8500
PCM 006a38 ff5e4b00 00994300 ff5f1d00 0087fd00 ff727b00 0083ba00 ff765500 00662a00
PCM 006a40 ff929100 003ec800 ffbb3900 004ba700 ffb09300 003dee00 ffbd6200 0041ab00
PCM 006a48 ffb55a00 004c1300 ffaf7800 003d3600 ffbdb800 001a5d00 ffe09600 00219000
PCM 006a50 ffd91b00 000d7c00 ffe82d00 00153100 ffe2fa00 00213e00 ffd98d00 00285e00
PCM 006a58 ffcf5800 00471800 ffb36300 0048dd00 ffb14f00 0040ae00 ffb53d00 00594e00
PCM 006a60 ffa03c00 0046c600 ffb2ba00 001c6800 ffdeca00 00102c00 ffeb6c00 00067c00
PCM 006a68 fff5f500 fffe9600 ffff2800 00048000 fff67200 0032b000 ffc7a300 0044c400
PCM 006a70 ffb45b00 00350400 ffc89100 001c9900 ffe1a400 00066b00 fff3a700 ffe97000
PCM 006a78 000fec00 ffe02e00 001b8b00 ffdca100 00207800 ffd18c00 00299f00 ffb9b000
PCM 006a80 00409700 ffbb7a00 003ffb00 ffd07400 002d2500 ffd08500 002cbb00 ffe11b00
PCM 006a88 001cf100 ffe95d00 00176500 ffc5fe00 0037df00 ffa70600 00529e00 ff78a200
PCM 006a90 0082ed00 ff842300 0074db00 ffa0f600 005a4100 ffad1a00 0053c600 ffb42d00
PCM 006a98 004b7400 ffb73200 0045ee00 ff9f1e00 005b8000 ff981000 0062f100 ff8ee300
PCM 006aa0 00722e00 ffb18d00 004df500 ffc63c00 00377b00 ffc87b00 0033b000 ffb92900
PCM 006aa8 00414f00 ffbee500 003d9a00 ffdc0300 0021c700 fff05400 000ad200 ffe3f800
PCM 006ab0 00173a00 ffc00900 003c9f00 ffb8bb00 00415d00 ffb8fe00 003ec300 ffca0a00
PCM 006ab8 0032a700 ffe2cd00 001a6000 ffe46800 0016ba00 fff7f900 00009100 fffd5100
PCM 006ac0 fffeef00 fff54000 00086c00 fffca400 ffff0d00 0004bb00 fff26300 fffde000
PCM 006ac8 fffca700 00088b00 fff55e00 00183800 ffe1d500 00354300 ffc25d00 003f6e00
PCM 006ad0 ffbd1d00 0049a900 ffaf8300 005a9e00 ffa39d00 005c8900 ff9f5000 00551a00
PCM 006ad8 ffa63500 004e8000 ffa91f00 004a5600 ffad5e00 004dd000 ffb02b00 00547700
PCM 006ae0 ffa5b600 0046b600 ffb36100 00412a00 ffba9500 00471000 ffb7cb00 0049e200
PCM 006ae8 ffb23300 005b4c00 ff9f4c00 00599300 ffa16200 004ded00 ffaee100 00384f00
PCM 006af0 ffc5e200 003df800 ffc02900 004ef400 ffa82f00 00872700 ff74d900 00925000
PCM 006af8 ff677100 0071ea00 ff87c500 00793a00 ff809700 007eb900 ff7bd200 00814b00
PCM 006b00 ff796a00 00718900 ff8af800 0070e200 ff861100 00834300 ff773100 0079a800
PCM 006b08 ff7ee900 007f4f00 ff7a4e00 0097ad00 ff5f7e00 00aba700 ff4c7400 00b36600
PCM 006b10 ff456500 00a1d500 ff532400 00919e00 ff680b00 008cb500 ff6ca400 0090f100
PCM 006b18 ff694500 0094bf00 ff5df000 009bb300 ff5e3c00 0092b700 ff647c00 00abe500
PCM 006b20 ff4e9800 00aaaa00 ff4fc900 009a8000 ff5fb000 00816300 ff7c5800 00617800
PCM 006b28 ff9c6a00 00404300 ffb86200 005c2600 ff9da800 0071bb00 ff876200 0060b100
PCM 006b30 ff983900 0064a500 ff945c00 00441f00 ffb93400 0039d300 ffc4e600 002f7700
PCM 006b38 ffcd3600 002ae200 ffd0ba00 00288f00 ffd54200 004ef600 ffaced00 005a7c00
PCM 006b40 ffa59100 003f5a00 ffbbf400 004cdc00 ffab5d00 006e2000 ff8dcc00 00586e00
PCM 006b48 ffa2ae00 00466300 ffb5e700 00335100 ffcc1000 00196d00 ffde3000 0011d600
PCM 006b50 ffe79600 0018dc00 ffde8600 00311900 ffcc1a00 003f9900 ffbef200 002a3100
PCM 006b58 ffcd8c00 000cde00 ffeb7600 000a8e00 fff46b00 00051700 fffad700 fff8a300
PCM 006b60 0003c200 fffd0a00 fffdba00 0027b100 ffd1e300 004a3b00 ffaea700 0057f300
PCM 006b68 ffa32a00 004a4c00 ffaeaa00 005f8600 ff9c1a00 006c4900 ff8e7600 005a5200
PCM 006b70 ffa1e200 005dd200 ff9ac000 00468f00 ffb1dc00 00482d00 ffb03700 006b3c00
PCM 006b78 ff8ef400 0083e000 ff76d200 00967200 ff65dd00 006f3e00 ff88cb00 003c8600
PCM 006b80 ffc36000 0016d600 ffe87b00 0002f800 fffb3a00 0016b300 ffe94a00 00128d00
PCM 006b88 ffe77300 001f8700 ffdab700 00485e00 ffb60a00 005c1600 ff9eff00 00671700
PCM 006b90 ff951200 0073d000 ff850700 0059de00 ffa16c00 0030b400 ffcdfc00 ffff4800
PCM 006b98 fffe2a00 00012e00 fffb9f00 fffac800 00023200 0013e000 ffe7ea00 00336600
PCM 006ba0 ffc57e00 00344200 ffc30000 00475d00 ffb40e00 00320c00 ffca0c00 00250a00
PCM 006ba8 ffd3a700 0019df00 ffdffc00 000d2200 ffed0d00 0002d500 fff73b00 0013d800
PCM 006bb0 ffe6e400 003cbb00 ffbe9500 0047ec00 ffb04b00 0044a900 ffb07500 00349600
PCM 006bb8 ffc59a00 00383700 ffc0f000 0023c400 ffd5c300 00313d00 ffc9dd00 00276200
PCM 006bc0 ffd58f00 0015fe00 ffe33900 0011f900 ffec4300 000cfb00 fff09600 001e5800
PCM 006bc8 ffdb3200 001c8700 ffe15100 001d8200 ffde0900 00245900 ffd76b00 001e9400
PCM 006bd0 ffdc4600 00124d00 ffe90500 0008e000 fff1b600 000c8800 fff08700 00073c00
PCM 006bd8 fff47c00 002b2d00 ffc94e00 0039d900 ffc1f300 0030bb00 ffc65300 00217000
PCM 006be0 ffd88800 00257e00 ffd5a600 003ac100 ffbe0000 002a3c00 ffd0ea00 00351b00
PCM 006be8 ffc55a00 003f3100 ffba7c00 005d8100 ff9a6e00 00648400 ff974600 00800a00
PCM 006bf0 ff7a9900 00851400 ff75fc00 00866300 ff782100 00737d00 ff853700 00775d00
PCM 006bf8 ff839300 00958e00 ff630600 00b9f600 ff3d1e00 00c12a00 ff36e200 00aaeb00
PCM 006c00 ff4abf00 00a99a00 ff518400 009b0f00 ff60a500 008eeb00 ff6d8200 009b4800
PCM 006c08 ff5cae00 00b77f00 ff427400 00c83100 ff306600 00cf8200 ff2a2400 00ce5100
PCM 006c10 ff246c00 00eab900 ff0d5300 00d73a00 ff219d00 00d86d00 ff22b900 00e4d300
PCM 006c18 ff15b600 00fa5900 feff7500 0100d800 fef46000 00fd0100 fefc3000 00ec2200
PCM 006c20 ff0dbc00 00e9d600 ff137700 00d88800 ff234700 00d1c900 ff254b00 00cabc00
PCM 006c28 ff305c00 00c01400 ff359700 00eb7200 ff09b500 00f61b00 ff030b00 00faa200
PCM 006c30 fefd6e00 00f40000 ff062e00 00fc2600 fefb4c00 00f3f200 ff07ca00 00efc100
PCM 006c38 ff0b3a00 00ea1400 ff0dce00 00eb3300 ff110800 00f20400 ff02f400 010e4400
PCM 006c40 fee36f00 010edb00 fee83e00 010f4000 fee72f00 0116f400 fee30000 0126ff00
PCM 006c48 fecfb600 010fef00 fee3f200 0108f300 feef7200 0108e600 feef0400 00eeaa00
PCM 006c50 ff07fb00 00df6c00 ff17a700 00eeda00 ff07d400 01105e00 fee8d300 0118a500
PCM 006c58 fedd0b00 0113b100 fee3e300 011d7e00 fed95d00 0118c800 fed86a00 010e5700
PCM 006c60 feeca400 00ea2300 ff104f00 00d32f00 ff282500 00f27a00 ff048900 00eb9700
PCM 006c68 ff0d5a00 00ffaa00 fefaf400 01075b00 fef07400 01184f00 fee07700 010b5200
PCM 006c70 feeeb200 010b0000 feed1200 01024700 fefa2600 00f85c00 fefece00 00f62e00
PCM 006c78 fefd5200 01027f00 fef8cf00 01025f00 fef80900 010ed900 fee16e00 01195f00
PCM 006c80 fedcef00 01202400 fedb8000 012b1900 fecd4200 013ec600 feba5c00 01430000
PCM 006c88 feb1cd00 0138d000 fec08e00 0118f700 fedb0000 01041900 fef39400 00e7cb00
PCM 006c90 ff0ac600 00d2af00 ff245e00 00df6200 ff198000 00f96800 fefef400 00fc5700
PCM 006c98 fefbcc00 01042c00 fef6e100 00f64300 ff01cb00 00eb2400 ff0d0d00 00d41a00
PCM 006ca0 ff22f300 00cb9e00 ff2dd100 00c29b00 ff358200 00ccbe00 ff2f9c00 00d03400
PCM 006ca8 ff271a00 00d09700 ff29a300 00d67b00 ff202b00 00ba0a00 ff3d1100 00a3fa00
PCM 006cb0 ff549e00 007d3900 ff7a220PCM 006cb8 ffbaa300 002da100 ffcf6700 002c2300 ffd04100 0024fe00 ffd37000 000ad000
PCM 006cc0 fff0ec00 0020a500 ffd9a600 002b6f00 ffd23800 0046b600 ffb8fd00 003c8900
PCM 006cc8 ffbda800 001fa300 ffdc3000 000c0900 ffefd600 001a9200 ffe32d00 003a5900
PCM 006cd0 ffc1e100 0034ea00 ffc4a800 0019f100 ffe01600 fffd3200 fffc9f00 00138b00
PCM 006cd8 ffe98700 000c6b00 fff03f00 fff81400 0002dc00 ffed1200 000c4400 ffe35e00
PCM 006ce0 0018f000 0011cb00 ffe81000 0029fb00 ffd2c000 0001f600 fff8ff00 ffe59200
PCM 006ce8 00194600 ffd7eb00 00243000 ffc99200 00353900 ffb9bb00 00424d00 ffbd3000
PCM 006cf0 003bdd00 ffcb1f00 00318500 ffb4be00 00475200 ffbdf600 003f5d00 ffa7aa00
PCM 006cf8 00551800 ff9bb000 0063e500 ffaf0700 004cb500 ff8f3100 006e2800 ff6f1e00
PCM 006d00 00930800 ff74ba00 00886500 ff665a00 00943000 ff7a9f00 007fc900 ff88d800
PCM 006d08 00725000 ff736f00 008bc100 ff757c00 0089bf00 ff82eb00 007d8f00 ff805900
PCM 006d10 007f8400 ff8c6a00 0075cf00 ff884500 00781200 ff66d600 00948100 ff598200
PCM 006d18 00a28d00 ff45f400 00b5a400 ff2c8800 00d25100 ff2bea00 00d4d300 ff2c1b00
PCM 006d20 00d2d100 ff362000 00cbdf00 ff14b700 00e7a800 fef32900 010ee200 feeb4800
PCM 006d28 01162400 fed91300 01259d00 fef93400 0102a700 ff121c00 00ee6200 ff22ce00
PCM 006d30 00daa000 ff26f500 00d78a00 ff0e3000 00eea800 ff176900 00ea6100 ff0f7d00
PCM 006d38 00f29900 ff1cb800 00e1b600 ff269000 00d9c700 ff0ca100 00f19500 fef9cd00
PCM 006d40 01067200 fee94800 01160d00 fecf6d00 012d1100 feb7e100 0142bc00 fec3d300
PCM 006d48 013c4100 ff01d100 01001500 ff204f00 00de5700 ff1f7400 00e0fe00 ff19ac00
PCM 006d50 00e66000 ff1c4d00 00e33100 ff2f9700 00d08200 ff158400 00ec8b00 ff0e2000
PCM 006d58 00f2ee00 fefa8900 01056f00 feede300 01133300 ff08fb00 00f6a700 ff1f4c00
PCM 006d60 00e2f900 ff236600 00dd9d00 ff222800 00de6e00 ff41e200 00be2a00 ff3a4700
PCM 006d68 00c38800 ff41c800 00bc8400 ff1a6500 00e4b100 ff115c00 00ee2300 ff381200
PCM 006d70 00c63b00 ff5b0700 00a20800 ff6c1600 00964000 ff753000 008c5500 ff8eef00
PCM 006d78 006f8c00 ff927000 006e7800 ff92de00 00689800 ffa61b00 00591600 ffaa6f00
PCM 006d80 0053d900 ffa92e00 00536a00 ff9d3f00 00621000 ff977c00 0066b600 ff943b00
PCM 006d88 0067aa00 ffb6e500 00462200 ffab0a00 00523000 ffb08000 0049d100 ffa23e00
PCM 006d90 00592d00 ffab5e00 0055ed00 ffa0bd00 005f7a00 ffac0b00 00537000 ffb52d00
PCM 006d98 00488300 ff9d0500 0063f000 ff86b500 00749d00 ff896000 006d2a00 ff831100
PCM 006da0 0079b600 ffa15d00 005e7400 ffbb8d00 0041ef00 ffb03400 004f7200 ffb3df00
PCM 006da8 00484b00 ffccd300 002d2f00 ffddbd00 00209100 ffeda800 00115400 0008f700
PCM 006db0 fff4b000 000b6200 fff2cb00 0019cd00 ffe1b500 0021e000 ffdce700 00276000
PCM 006db8 ffd53f00 0020ad00 ffdbce00 00187700 ffe66200 00139c00 ffe9e900 00233100
PCM 006dc0 ffd8c800 002b0b00 ffd22d00 002ea400 ffc7c700 000b5b00 ffeef300 fffa0900
PCM 006dc8 00064400 fff24400 00086500 fffbc300 0001e100 00193a00 ffe68900 0002ca00
PCM 006dd0 fff85a00 ffecd500 00102200 ffe87d00 0014d000 0000f600 fffb4400 fff89d00
PCM 006dd8 00013f00 0022ec00 ffd91e00 004d1700 ffb13b00 0070cc00 ff8a5400 00615900
PCM 006de0 ff99b200 00536200 ffa9dc00 0042d500 ffb50500 003b3a00 ffc1ff00 00435b00
PCM 006de8 ffb9a900 0048a900 ffb1d600 005c1f00 ffa13f00 006e4c00 ff8c3e00 006f6400
PCM 006df0 ff8c1200 00595800 ffa1b100 0045f400 ffb5bf00 00569700 ffa2d600 00780c00
PCM 006df8 ff834d00 007e5d00 ff7bd400 00935b00 ff682a00 00975600 ff63e800 008b8a00
PCM 006e00 ff703500 008d6700 ff692800 00891400 ff726e00 00776000 ff80ea00 0071b700
PCM 006e08 ff8a7100 00741800 ff839800 0092f600 ff694e00 00a5b600 ff57ce00 009c6800
PCM 006e10 ff5eb300 008c0c00 ff6e7900 007c3d00 ff7e0a00 008ed700 ff6c0500 00816a00
PCM 006e18 ff775d00 007c6600 ff7e8f00 00915400 ff6eea00 009ee400 ff5d8d00 009af900
PCM 006e20 ff61a200 008dbd00 ff718100 0078a400 ff80e400 00714600 ff856000 00754700
PCM 006e28 ff87b600 00745e00 ff82b100 007d9b00 ff791d00 00795700 ff80bd00 006b7e00
PCM 006e30 ff8df400 00877600 ff71f900 00a43400 ff568300 009eb700 ff5adf00 00aaa000
PCM 006e38 ff50ec00 00959b00 ff677600 00876400 ff75d000 009b8400 ff5fb500 00978400
PCM 006e40 ff6a1700 0078fb00 ff81dd00 00673f00 ff90f000 0075d400 ff84d400 00723900
PCM 006e48 ff870d00 0055e100 ffa52100 00527f00 ffa3ca00 0052d900 ffa24f00 00605200
PCM 006e50 ff9b8700 0053a700 ffa42700 00565500 ffa55400 006ef900 ff8f8700 006ce800
PCM 006e58 ff924500 006f7300 ff858800 006b9b00 ff8db900 00775300 ff83df00 00676400
PCM 006e60 ff939a00 00512800 ffaa0c00 0048bd00 ffb34300 00479a00 ffb4c600 00281d00
PCM 006e68 ffd4b900 0043f300 ffb7c100 00531200 ffa47a00 00626400 ff961400 006a8900
PCM 006e70 ff951d00 00541200 ffa6d200 00334100 ffccb300 0049c600 ffb85800 004ab100
PCM 006e78 ffb4ad00 00396100 ffc74100 0032e900 ffcbc800 0025b600 ffd20300 00393000
PCM 006e80 ffc58400 00473e00 ffb76600 00488700 ffb28500 00338b00 ffc74000 0013fe00
PCM 006e88 ffe8fb00 00035d00 fff4aa00 0005da00 fff87600 fff18300 000a4d00 000b7300
PCM 006e90 ffef6100 001c3e00 ffe2a800 00285f00 ffd1f700 003f9c00 ffbaec00 00353200
PCM 006e98 ffc70f00 003ea700 ffbd4600 00214400 ffdabc00 00102700 ffea3b00 001da500
PCM 006ea0 ffdfa200 003a6600 ffbfbe00 0055f100 ffa77900 0051b900 ffad3900 0079b800
PCM 006ea8 ff817900 007f1e00 ff7a6100 00698d00 ff939c00 00447200 ffb6ab00 0041c600
PCM 006eb0 ffb93400 0041f000 ffb7a500 00528e00 ffa72700 006b2b00 ff8b8300 00727b00
PCM 006eb8 ff891e00 00799400 ff7f7500 007cea00 ff798800 008cc700 ff6dc700 008f4300
PCM 006ec0 ff6cb900 008a7700 ff6cdf00 0064a000 ff96a300 0057f100 ffa35100 00728a00
PCM 006ec8 ff867a00 006b7000 ff8f5600 00726800 ff87c800 008bb700 ff71ff00 008a5000
PCM 006ed0 ff6f5d00 00722900 ff860a00 008da500 ff70a400 00a65300 ff542400 00b3a600
PCM 006ed8 ff46dd00 00ca1600 ff2c9e00 00cd4100 ff2c2900 00b8e900 ff40b600 00b2a700
PCM 006ee0 ff474f00 00b30900 ff460000 00b93f00 ff3f9100 008de500 ff704200 0089fe00
PCM 006ee8 ff721200 008a7000 ff730a00 00976300 ff63bb00 00997e00 ff584800 00a2b700
PCM 006ef0 ff58a800 00a77200 ff52d700 00aaed00 ff4dbd00 00abdd00 ff50af00 00b8f600
PCM 006ef8 ff3f8700 00bd5300 ff390e00 00dfa100 ff1b8a00 00ff4e00 fef56a00 010fbd00
PCM 006f00 fee88400 01120d00 feeb4500 010ced00 fee92000 011e0a00 fed7f600 01197400
PCM 006f08 fede3300 01105f00 fee34200 0113a600 fee49400 010c2100 feee7200 00dd4300
PCM 006f10 ff1a8100 00d41a00 ff215900 00f38600 ff019200 00f1a000 ff08cc00 00d0af00
PCM 006f18 ff26c800 00d59100 ff249300 00e46d00 ff103300 00e2d200 ff130200 00eade00
PCM 006f20 ff097700 00e10200 ff15f700 00c10900 ff37da00 00b1ba00 ff44d200 00a7f500
PCM 006f28 ff4dd700 00c3ac00 ff327b00 00c24900 ff336300 00bed500 ff380100 00cd9100
PCM 006f30 ff291700 00d52a00 ff21a000 00d84200 ff1fa000 00c9ae00 ff2e6900 00bb4400
PCM 006f38 ff3e2b00 00c72100 ff31e300 00b21f00 ff47ac00 00a5a600 ff551000 00b9ca00
PCM 006f40 ff3e1100 00c73000 ff30b300 00b4d000 ff442000 00b1f800 ff47b800 008ea600
PCM 006f48 ff6caa00 00799a00 ff7f1200 0092cc00 ff651800 00809900 ff774400 00605200
PCM 006f50 ff94f500 00618900 ff954600 00745b00 ff856600 00752a00 ff81d700 00771300
PCM 006f58 ff84cb00 00678700 ff918c00 006b2f00 ff891800 005d5d00 ff9e4400 00547700
PCM 006f60 ffa44a00 00448000 ffb46100 00556100 ffa28e00 00636c00 ff974500 003c3b00
PCM 006f68 ffbe4d00 003a4800 ffc48900 00305000 ffc88e00 002a7e00 ffcf0500 000dd200
PCM 006f70 ffef4400 fff79700 00050c00 000aa900 fff44600 000f0200 ffeaca00 0019be00
PCM 006f78 ffe09900 001bf200 ffe32000 fff56600 0003a600 ffe34500 001b2600 ffda1800
PCM 006f80 001db600 ffe95700 00127f00 ffec0000 0011be00 ffd5d100 0028cf00 ffd2ef00
PCM 006f88 002a0800 ffe5e400 0016e000 ffde0100 00219900 ffed4800 00117200 ffcba200
PCM 006f90 00305f00 ffb64000 0045b600 ffbdcb00 003f0f00 ffb66800 0047fc00 ffb27f00
PCM 006f98 004f2f00 ff962f00 0063da00 ff99fa00 00612300 ffa96d00 00514f00 ff9f9600
PCM 006fa0 0062cc00 ffa5e700 005a7200 ff909900 006db300 ff8d3400 006e0700 ff93e000
PCM 006fa8 006b4000 ff826900 0076dd00 ff82c200 007bec00 ff8aa300 00766700 ff8aca00
PCM 006fb0 006fe400 ffa13100 005a3900 ffa0fa00 005b3400 ffa30800 0057fb00 ff86fb00
PCM 006fb8 00754900 ff698b00 0095df00 ff4ee400 00aea600 ff524700 00ab9900 ff64b300
PCM 006fc0 00998600 ff5fba00 00a16800 ff5c3a00 00a3b800 ff562800 00a4ee00 ff573000
PCM 006fc8 00a45500 ff37c700 00c1e500 ff1f7e00 00df7700 ff0a9a00 00f4c400 feed5400
PCM 006fd0 01120800 ff007c00 00ff2000 ff0fce00 00eff500 ff19e900 00e7cd00 ff2fb400
PCM 006fd8 00cf1b00 ff540a00 00a7ef00 ff48ee00 00b6d000 ff32ab00 00c9f300 ff40b100
PCM 006fe0 00bc5800 ff49a300 00b62800 ff631300 009c3500 ff462900 00bb3500 ff29a800
PCM 006fe8 00d7cb00 ff292c00 00d65200 ff301d00 00cf2000 ff373800 00c6e700 ff49dc00
PCM 006ff0 00b4c400 ff4ce800 00b40600 ff589600 00a9ce00 ff4af100 00b4ba00 ff3a7f00
PCM 006ff8 00c1e700 ff410300 00c0eb00 ff32a900 00c95500 ff2a9d00 00d4f900 ff493800
PCM 007000 00b5fa00 ff462400 00b7a100 ff398f00 00c75900 ff4c1c00 00b1ef00 ff603e00
PCM 007008 009ece00 ff642000 00995700 ff585a00 00a4ee00 ff488600 00b3d900 ff32dd00
PCM 007010 00cd4700 ff519b00 00b17500 ff4acd00 00b33a00 ff44fa00 00bPCM 007018 0098ad00 ff7fa700 0076e00 ff761000
PCM 007020 0085aa00 ff855500 0078d500 ffa6b100 0055bf00 ffbd6d00 00440d00 ffd67d00
PCM 007028 00295000 ffbc8500 003ed100 ffa6a300 00544e00 ff8b5200 0071f400 ff8ab200
PCM 007030 0071b700 ff925a00 00701400 ff997b00 0067a500 ff7db800 007f1900 ff735f00
PCM 007038 008b4a00 ff7f2600 007d6800 ff9b2600 00608500 ffb2b800 0048f000 ffc52100
PCM 007040 0038ee00 ff9b0c00 005eb600 ff841e00 00775800 ff8a2f00 0072ed00 ff8e2c00
PCM 007048 0070be00 ff995800 00636b00 ff9e3400 00602800 ff939300 006a7000 ff9f6300
PCM 007050 005a7d00 ffc1e300 003cbd00 ffcd4500 002cbc00 ffd5f300 0024ad00 fff36200
PCM 007058 000c3100 fffc7e00 0000de00 ffd3c700 00231100 ffc0a400 003d9300 ffc33000
PCM 007060 0039ed00 ffd0d600 002a9d00 ffc86600 0030c800 ffcc0d00 002faf00 ffde0700
PCM 007068 001e3b00 ffe30b00 0017f500 ffd91e00 0023bc00 ffd75c00 00228400 ffed6400
PCM 007070 000c8100 00022400 fffb4f00 fff35700 00077100 0001e000 fff81b00 fff98700
PCM 007078 00037f00 00043100 fff4d300 00029000 fffb4f00 00018f00 fffa6900 00247100
PCM 007080 ffd6ce00 0032d100 ffc9d700 0033b800 ffc8ca00 00213600 ffd78500 0031f300
PCM 007088 ffc80700 003c5c00 ffc06f00 00401a00 ffba0d00 00264f00 ffd89500 00102400
PCM 007090 ffeb4d00 00168a00 ffe44c00 002b5f00 ffd17100 00336000 ffc6cf00 0027a900
PCM 007098 ffd36100 00353a00 ffc56800 002de600 ffcb3000 00322900 ffc63100 0032ec00
PCM 0070a0 ffc91700 003cd800 ffbd9900 00401c00 ffb92000 004d6300 ffab3800 00613700
PCM 0070a8 ff9a2500 006ba400 ff8dd700 0067b000 ff935000 004cef00 ffab4100 00354c00
PCM 0070b0 ffc58100 003b7000 ffbcf300 00537c00 ffa8d600 005cb300 ff9c1d00 005b4500
PCM 0070b8 ff9d1100 006fe800 ff8d8000 00707100 ff87f600 0062db00 ff986700 00546e00
PCM 0070c0 ffa1b700 00556d00 ffa75400 0070ed00 ff8b4100 0080b900 ff76dc00 007fc900
PCM 0070c8 ff760300 007e6f00 ff7abf00 00601f00 ff99a600 006be900 ff8efa00 0078dc00
PCM 0070d0 ff81a500 007e2000 ff846f00 006c6d00 ff946500 0071b700 ff876400 0076f700
PCM 0070d8 ff823900 00701f00 ff8cda00 00738000 ff81a000 007b9200 ff808100 0082c800
PCM 0070e0 ff75f300 0084e800 ff73b800 0088e300 ff6ea000 009bdb00 ff5b9700 00afd400
PCM 0070e8 ff462c00 00a12c00 ff595500 00a5c200 ff540200 00a2dd00 ff592600 007baf00
PCM 0070f0 ff7ce800 0090da00 ff672f00 00a56b00 ff55b500 00851300 ff76c000 007f7900
PCM 0070f8 ff7bda00 0096d700 ff606d00 0085c800 ff73d100 00995700 ff62b200 00bd8400
PCM 007100 ff3a0900 00badc00 ff3d0600 00b16500 ff453100 00a6d700 ff503000 00a90200
PCM 007108 ff4f0f00 00b17900 ff4aa400 00b3d400 ff458f00 00a8a300 ff4ac500 00946200
PCM 007110 ff63a400 009e3200 ff584000 00b27600 ff448a00 00c85100 ff2e1000 00be1d00
PCM 007118 ff3dbd00 00b05100 ff489800 00ae7900 ff4d1a00 00a35600 ff51b700 00c00200
PCM 007120 ff37fe00 00dba000 ff205800 00dd7300 ff1e4300 00c42500 ff316d00 00b52b00
PCM 007128 ff42df00 00c7c800 ff310900 00d98200 ff219d00 00d5e200 ff249200 00ccd500
PCM 007130 ff270f00 00d10700 ff244500 00d52f00 ff236900 00ea1200 ff119800 01060800
PCM 007138 fef13100 011f2f00 fed7c000 0120f500 fed2ba00 011d7200 fed9f400 013c4500
PCM 007140 febd5a00 012e3000 fec5b900 011ab700 fed88700 01248800 fed3d900 011ee900
PCM 007148 fed75d00 012a5200 fecc1b00 0114da00 fee1a300 01007400 fef74700 010PCM 007150 fef22d00 010a6200 feed6d00 01105600 feeadb00 00f94e00 fefa7300 01032a00
PCM 007158 fef43e00 00f3ac00 ff01c100 00eeb000 ff08e700 00c85700 ff2e7b00 00cdb400
PCM 007160 ff23d500 00e56900 ff11f400 00de2800 ff136800 00da8100 ff201200 00e13b00
PCM 007168 ff135f00 00ef7b00 ff091500 00f4a200 ff070200 00d9c100 ff1ec800 00c58e00
PCM 007170 ff30a100 00db5600 ff1a6a00 00da7100 ff1fe900 00d20300 ff2af000 00db6e00
PCM 007178 ff1c6f00 00e47100 ff166000 00d49400 ff226f00 00a51f00 ff539500 009a8500
PCM 007180 ff63a100 00ad6c00 ff4df900 00b74900 ff3fa300 009be400 ff587c00 0098eb00
PCM 007188 ff5eb100 00a0e300 ff594500 009a5900 ff5fb100 00977d00 ff636a00 008f4e00
PCM 007190 ff67bb00 008ce900 ff6e8400 00846100 ff751900 006ccf00 ff8e1b00 00667800
PCM 007198 ff952400 00644700 ff988600 0077f900 ff812100 007f3900 ff79a100 008c7300
PCM 0071a0 ff6d5700 00817e00 ff7cdb00 00778900 ff83a500 0087d000 ff73fc00 00671800
PCM 0071a8 ff931a00 0052eb00 ffa4b600 0042f300 ffb8c000 00287b00 ffce6700 0030f300
PCM 0071b0 ffc87600 00299e00 ffd36500 0027a600 ffd67a00 00157600 ffe4bc00 00280800
PCM 0071b8 ffd42b00 00364900 ffc52900 003a3400 ffc31700 00405d00 ffbb0100 00467b00
PCM 0071c0 ffb6e700 00379800 ffc1ea00 0031ab00 ffcd3900 0029f900 ffd2a500 0012a400
PCM 0071c8 ffe7a800 000eb300 ffe94800 001ddd00 ffdede00 001dce00 ffdc5500 002b4500
PCM 0071d0 ffd06b00 002a8f00 ffd5a500 001bb900 ffdc0400 00268f00 ffd2e600 00344800
PCM 0071d8 ffc8c500 001b6e00 ffdfba00 00038c00 fff04c00 0007e400 fff47600 fff65d00
PCM 0071e0 0005a700 fff6a900 00029c00 ffdfa700 0018e700 ffb5e900 00452d00 ffab3d00
PCM 0071e8 004fa400 ffb7ec00 0040e600 ffb2c900 00464b00 ffac5700 0052aa00 ffc54100
PCM 0071f0 00371a00 ffce4600 0029da00 ffaf1100 004fff00 ff9d5000 00606500 ff954c00
PCM 0071f8 00694000 ff94be00 00684200 ff77f200 00872a00 ff852c00 00785200 ff8e8900
PCM 007200 006bdd00 ff9adc00 00604200 ffae2f00 00519900 ff8dff00 006e6a00 ff8ba300
PCM 007208 0072d700 ff7f8100 007a3e00 ff7a2600 007f3300 ff7ce200 007f8b00 ff6e6c00
PCM 007210 008a6b00 ff705a00 00879d00 ff588400 009f9000 ff607400 009d4200 ff570300
PCM 007218 00ac6100 ff53b700 00a71000 ff690e00 00966800 ff562700 00a6ea00 ff48bc00
PCM 007220 00b4dd00 ff4d0900 00b39900 ff567000 00a85300 ff4b0500 00b69c00 ff440400
PCM 007228 00c05c00 ff57ca00 00a9ac00 ff4b5d00 00b40000 ff51f400 00b16400 ff434400
PCM 007230 00b7d300 ff30f900 00cc7900 ff295b00 00d4f600 ff3b4700 00c63c00 ff4d2b00
PCM 007238 00b39e00 ff5df100 00a08100 ff4e1d00 00b16300 ff685500 00960300 ff60cd00
PCM 007240 00984a00 ff6dcc00 00941d00 ff6bfd00 00929400 ff648c00 00988d00 ff437b00
PCM 007248 00bdda00 ff44bb00 00b8ee00 ff4b4d00 00b2c800 ff3ecd00 00c20000 ff435e00
PCM 007250 00baa800 ff5abd00 00a2a900 ff79ff00 00852900 ff862900 00787f00 ff8b8500
PCM 007258 00746800 ff861b00 007bb400 ff6d4700 00918500 ff637800 009db400 ff681300
PCM 007260 00989600 ff6e4600 008fc500 ff752800 00878a00 ff62b000 009e6600 ff62c800
PCM 007268 0098b600 ff6a7000 0093d700 ff782c00 0084ad00 ff843400 0079e200 ff8e1500
PCM 007270 00691b00 ffa08e00 005de600 ffa26a00 005a8600 ffce3100 002cd600 fff3edPCM 007278 00031400 ffdf5700 001e6500 ffc8f600 002f6400 ffd0c700 002b0f00 ffce2a00
PCM 007280 002d4c00 ffc56400 0039e700 ffa51200 00597200 ffa34600 005c2f00 ffaf2a00
PCM 007288 00504000 ffaafd00 00533a00 ff965b00 00675b00 ffa27100 0059d600 ff99a300
PCM 007290 00609a00 ff754200 00843b0PCM 007298 00626100 ff841f00 00774f00 ff895300 00734d00 ff8efa00 006b0200 ffa0e800
PCM 0072a0 005a6b00 ffba3100 003f5c00 ff9bcb00 00626800 ff7fdd00 00793c00 ff7c6d00
PCM 0072a8 0080d200 ff88b800 00726800 ff8b1000 0070e300 ff863a00 0077c900 ff803d00
PCM 0072b0 007b0600 ff8a4100 00719c00 ff8bb200 006f3f00 ff8ffe00 006a5b00 ffb43700
PCM 0072b8 00466f00 ffc42b00 00378c00 ffba2600 0040e600 ffcf2b00 00274a00 ffdbd500
PCM 0072c0 001cf900 ffc78a00 0030fe00 ffc0a000 00398200 ffe1ac00 00171300 ffd3ef00
PCM 0072c8 0026e800 ffd63200 00275900 ffd37b00 00286100 ffed0b00 000f4700 ffeddc00
PCM 0072d0 00110900 ffe22300 00188500 ffdafa00 001fc900 ffdfe700 001a9f00 ffcd2400
PCM 0072d8 002fc400 ffcb7700 002ef800 ffcf7100 002e3900 ffd69400 00243b00 ffe0d000
PCM 0072e0 0015b400 ffe05300 001aaf00 ffcc4c00 002f7d00 ffb68300 00474d00 ff975f00
PCM 0072e8 0064eb00 ffa88300 0050b000 ffc22800 0039c900 ffc0ad00 003d6f00 ffb2b200
PCM 0072f0 004b7500 ff8e5900 006f1e00 ff937d00 006e4700 ff943300 00693600 ff9ce100
PCM 0072f8 005c3100 ffafda00 004b2100 ffaf1700 00502b00 ff9e3b00 00602b00 ff8fad00
PCM 007300 006d7a00 ff9fee00 00624400 ffb2b500 004d4a00 ffa79100 00568b00 ffbb7a00
PCM 007308 003ec100 ffda7500 0021c800 ffddc300 001d9600 ffc0b100 003f0f00 ffba3000
PCM 007310 00418700 ffbe7e00 003e8f00 ffcf9900 0029eb00 ffd0cb00 002c8300 ffbee800
PCM 007318 0039f700 ffc29400 00394600 ffe0d700 00183800 ffe4f200 00184100 fff17700
PCM 007320 000af500 fff1e000 00051800 ffe74c00 00154900 ffe5a600 00179200 fffaa300
PCM 007328 fffc6e00 001b5200 ffdbdd00 001d2600 ffddc400 fff61b00 00067e00 ffbf6a00
PCM 007330 00381700 ffc84100 0031d400 ffcc5b00 00315f00 ffe4be00 0014c500 ffce0d00
PCM 007338 002b600 ffd8df00 0022a000 ffc7ec00 002ecc00 ffc7c900
PCM 007340 00344900 ffbb7d00 00420900 ffe2bf00 00169b00 ffed9300 00111e00 ffd6d000
PCM 007348 00230300 ffec3500 000c9a00 ffe62b00 00110a00 ffdf1800 001e0000 ffe48e00
PCM 007350 00165a00 ffd1f400 002c9d00 ffc92300 00330100 ffc3d300 0035f000 ffd3f300
PCM 007358 00284400 ffe59500 0017f900 0020f400 ffdbc200 00341c00 ffc8b000 0026b600
PCM 007360 ffd64800 0010ea00 ffea2b00 ffffd200 fffac300 000a2d00 ffeefb00 0008e200
PCM 007368 ffef8a00 0008b600 fff68c00 000ba200 ffedc500 00214a00 ffdc5500 00254b00
PCM 007370 ffd4f000 000e7900 ffeaa700 0009b700 fff12100 fffd6400 fffb0100 fffd9200
PCM 007378 ffffd900 fff34700 0007c200 ffef5800 000bf900 00016b00 fff7e000 00087100
PCM 007380 fff18e00 fff22800 00052100 ffde8300 001c9300 fffe2d00 ffff4400 0001f100
PCM 007388 fffa7100 ffee1a00 000dce00 ffefcd00 000f6900 fff3ae00 00090500 fff0a700
PCM 007390 000c0a00 fffb4500 ffff6000 0015ed00 ffe31c00 00279b00 ffd20100 0016c300
PCM 007398 ffe1af00 00124700 ffe4e500 00211200 ffd5b400 0035e400 ffc1a900 00514b00
PCM 0073a0 ffa8eb00 0054d900 ffa60c00 004a8300 ffb3a500 00515000 ffa7a500 00548900
PCM 0073a8 ffa90a00 003f9200 ffbb0500 0036ca00 ffbf0700 0043ca00 ffb7f500 003e7500
PCM 0073b0 ffbb9d00 00472700 ffb3c300 00443500 ffb47400 005b6c00 ff9f0700 0056fe00
PCM 0073b8 ffa7c800 005b8b00 ff9e8700 00784b00 ff801900 007ba800 ff7a7500 00742c00
PCM 0073c0 ff845400 00604a00 ff981a00 007c7900 ff7d8f00 0067cf00 ff927d00 004acPCM 0073c8 fface600 0046fa00 ffb4e100 00481900 ffb48100 0052f100 ffa97000 0048fc00
PCM 0073d0 ffaf4500 006a1500 ff8e8700 00848d00 ff720600 00846c00 ff71e800 00854100
PCM 0073d8 ff71df00 0085f900 ff753c00 0099df00 ff5f0700 00938100 ff695900 00804e00
PCM 0073e0 ff798e00 007d9b00 ff7b9400 00806700 ff7b6800 008e9f00 ff686900 00ade400
PCM 0073e8 ff4d0c00 00b19000 ff47f200 00a07000 ff568500 00908f00 ff675100 006d4300
PCM 0073f0 ff8fd500 005db400 ff9c6b00 006dcb00 ff8cdf00 007ebe00 ff7d1900 006ff500
PCM 0073f8 ff888a00 00771b00 ff828a00 006daf00 ff8de700 006c2600 ff8da400 006b2000
PCM 007400 ff8de800 007c0100 ff81bd00 007b0000 ff7fb100 00823d00 ff7a5b00 009cd000
PCM 007408 ff5c5700 009c7300 ff5b3900 00956e00 ff620b00 00861000 ff767100 00851900
PCM 007410 ff786d00 00603100 ff976200 0050d700 ffa6b400 005edf00 ff9b1400 00602500
PCM 007418 ff9c9c00 0056b300 ff9fe500 0054e600 ffa59800 00519f00 ffa92200 00377f00
PCM 007420 ffc1fb00 00417300 ffb68f00 00635100 ff993a00 006be800 ff8b6c00 006d9500
PCM 007428 ff8a6100 007d0100 ff7c1600 006f4700 ff8b5d00 006b0400 ff8bf600 00602500
PCM 007430 ff99a000 00576800 ffa34b00 004b5100 ffb22200 00354600 ffc36500 002d8a00
PCM 007438 ffcffb00 00299100 ffd33000 00330800 ffc7de00 003cff00 ffbe1000 00306300
PCM 007440 ffc9bf00 00129600 ffe5ca00 000efc00 fff18200 00217200 ffd92e00 00224b00
PCM 007448 ffdb0800 00133900 ffea1900 0000db00 fffca100 00006800 ffff9600 00066c00
PCM 007450 fff67b00 fffbfe00 ffff2400 ffea2000 000f7e00 00024900 fff88d00 0027c600
PCM 007458 ffd4f900 00014a00 fffed400 ffd92a00 00235300 fff59b00 00068b00 ffeb7100
PCM 007460 00105100 ffdd1800 00224f00 ffc50400 00364200 ffc1de00 003a8600 ffd5e300
PCM 007468 00274900 ffd12b00 0029f700 ffcfbb00 002e3d00 ffc69b00 0036fe00 ffbaa700
PCM 007470 0044fe00 ffa85200 00564400 ff8bcc00 00728900 ff733900 008cf200 ff817600
PCM 007478 007fe900 ff8d0800 006cf700 ff899b00 00761f00 ff697900 00983d00 ff707800
PCM 007480 008df700 ff722a00 008ba100 ff633100 009c0e00 ff39be00 00c74800 ff55d900
PCM 007488 00ad2900 ff6f9b00 008fa400 ff725200 008e1600 ff4e9000 00b01900 ff370300
PCM 007490 00c7f400 ff372f00 00ccfc00 ff48c600 00b62b00 ff304e00 00ca4a00 ff2d1700
PCM 007498 00d4d700 ff2a4e00 00d44e00 ff42db00 00bf7300 ff2fd200 00ce9400 ff0f7000
PCM 0074a0 00f01b00 ff16a900 00e85500 ff22ca00 00dcb000 ff17f500 00e82700 ff1c4600
PCM 0074a8 00e49d00 ff183b00 00e98400 ff04bb00 00fbcd00 ff107500 00f31900 ff213b00
PCM 0074b0 00dcd200 ff1e5c00 00e0f400 ff277a00 00d9f300 ff21f700 00e15400 ff262400
PCM 0074b8 00db6100 ff076f00 00f6a600 fefdb400 0101ab00 fefeae00 0100f200 feed3300
PCM 0074c0 0115a200 fedc4900 0125f500 fedc1900 01276000 fee51300 011a4900 fed3ed00
PCM 0074c8 012bf200 fee10c00 01210d00 fed65a00 012a4a00 fed5eb00 012c8600 fee76300
PCM 0074d0 0119e500 fed5a800 012b9900 fef5d400 010be800 ff143200 00f20300 fefa2200
PCM 0074d8 01058a00 fee92900 0116a200 fefc3000 01022300 ff04b700 00fa3e00 feff7600
PCM 0074e0 01022900 fee73200 01166200 fef28300 010dbe00 fef4f400 010ab400 fef6df00
PCM 0074e8 010c3a00 fee55400 011eb400 ff03fe00 00fd3400 ff0dff00 00f3f200 ff061900
PCM 0074f0 00f83900 ff01cf00 00ffea00 ff149000 00ed7b00 ff3b9e00 00c4fa00 ff396900
PCM 0074f8 00c4d300 ff343e00 00cd1900 ff327600 00c97e00 ff2aa500 00d22200 ff30df00
PCM 007500 00ce9b00 ff339a00 00cd3a00 ff206900 00e3fc00 ff19c500 00e61900 ff240d00
PCM 007508 00dac600 ff254600 00dbab00 ff049f00 01007000 feffcc00 01014100 ff08c800
PCM 007510 00fbe800 ff18c200 00eb2a00 ff407e00 00c23500 ff34fd00 00ca4e00 ff0a2400
PCM 007518 00f3d800 ff179d00 00e81500 ff202000 00de4e00 ff2df800 00d28100 ff3f6700
PCM 007520 00bf8d00 ff2ca100 00d3d200 ff2b5900 00d63200 ff18f300 00e6ce00 ff15d600
PCM 007528 00edaa00 fef63500 01089600 fef67300 010bf300 ff01c600 01019700 ff094d00
PCM 007530 00f67400 fefedf00 00fe5c00 ff259f00 00dc4e00 ff1df500 00df0000 ff0f7700
PCM 007538 00f3a600 ff1ee000 00e18900 ff313d00 00ce2d00 ff390500 00c96400 ff4b8300
PCM 007540 00b41900 ff313600 00cc8800 ff20b300 00df1f00 ff22d600 00de0600 ff123e00
PCM 007548 00ed6800 ff19df00 00e65500 ff312b00 00ce4a00 ff216800 00e08000 ff221a00
PCM 007550 00dd1b00 ff21c700 00dbd400 ff311100 00d45600 ff280f00 00da5300 ff2f9a00
PCM 007558 00d10b00 ff593100 00a91700 ff58af00 00a73d00 ff3e6700 00bf9b00 ff58fa00
PCM 007560 00a12a00 ff702600 0093ad00 ff663300 009abf00 ff74a200 008d0600 ff578e00
PCM 007568 00a8ae00 ff694100 00935900 ff620100 009ed100 ff720400 0092b500 ff62e500
PCM 007570 009cb500 ff547800 00a6b200 ff5da400 00a09000 ff638800 009dab00 ff5cf000
PCM 007578 00a5ca00 ff64b300 009ec600 ff5eb200 00a22d00 ff5c6900 00a4c000 ff69a200
PCM 007580 00958800 ff5e6e00 00a04700 ff695400 0098e700 ff779900 00890300 ff99ad00
PCM 007588 0066fe00 ff831b00 007f1800 ff7ff600 007fcc00 ff931800 006d9300 ff839c00
PCM 007590 00798200 ff8b3800 0072f400 ff5c0100 00a55500 ff43ea00 00bc1300 ff662a00
PCM 007598 00999f00 ff69e400 0090f700 ff6cea00 0091fa00 ff812900 007eee00 ff670100
PCM 0075a0 0099ab00 ff4e0f00 00b01800 ff30bf00 00cb6d00 ff3f2300 00bd3000 ff509900
PCM 0075a8 00acbd00 ff67e300 00971c00 ff732000 008b7d00 ff596400 00a8ad00 ff4fdc00
PCM 0075b0 00af4700 ff4ea100 00b11200 ff2b8100 00d43600 ff235f00 00deb900 ff3d7b00
PCM 0075b8 00c4c800 ff5ee500 00a73e00 ff6ade00 008f7f00 ff673c00 0098dc00 ff7d4c00
PCM 0075c0 0084b900 ff736800 008b9000 ff7c2600 0084c800 ff825700 007c6900 ff85cc00
PCM 0075c8 007d6700 ff5f8700 009e6a00 ff516f00 00aa8800 ff5c1600 00a08500 ff58fe00
PCM 0075d0 00a7b000 ff54e300 00ab6000 ff61d200 00a12200 ff667300 0099d100 ff583500
PCM 0075d8 00aaaa00 ff4b3d00 00b77d00 ff3d3000 00c58f00 ff2d8b00 00d19500 ff43e400
PCM 0075e0 00bbb700 ff499e00 00b8cf00 ff3f5100 00c44400 ff27ac00 00d6d300 ff553900
PCM 0075e8 00af0a00 ff74bf00 008b4f00 ff69bb00 0099f600 ff5ceb00 00a4a500 ff44ff00
PCM 0075f0 00ba2900 ff45ae00 00b70b00 ff5c4600 00a32f00 ff4e7c00 00b25b00 ff4f7d00
PCM 0075f8 00b1c600 ff4be000 00afe900 ff56b500 00a70100 ff5c4200 00a0c100 ff505400
PCM 007600 00aa9e00 ff556e00 00a72100 ff72f700 008d6500 ff8c5a00 00738100 ff7fd000
PCM 007608 0081ee00 ff8a2500 006fc400 ff949000 006a3000 ff96e200 0067aa00 ffa92a00
PCM 007610 00583700 ffa46c00 005ac300 ffa7fe00 0058e800 ff9cfb00 00621900 ff8cbc00
PCM 007618 006dfd00 ff901200 006c1900 ff735f00 008aa000 ff7c6c00 007f6700 ff7f0400
PCM 007620 007cc700 ff8b3c00 0072a200 ff870700 00752400 ff99a300 00633900 ffbfd300
PCM 007628 0040b400 ffcd8700 00311e00 ffc40d00 00368800 ffc33e00 003bdc00 ffd4d000
PCM 007630 00254700 ffc51700 003a9900 ffb7ec00 0045bd00 ffbb9300 0042d900 ffdb8c00
PCM 007638 00223800 ffe43b00 00194d00 ffd93200 00218d00 ffe20b00 001cbc00 ffe0b700
PCM 007640 00195a00 fff1cd00 0005bc00 ffe61900 0017f000 ffd15f00 002c0a00 ffc45900
PCM 007648 00390100 ffcaf400 00333900 ffd01b00 002d9900 ffdde900 00221300 ffcd8500
PCM 007650 002ed800 ffd9a800 00215700 ffedec00 000f9300 ffe11200 001dba00 ffe40100
PCM 007658 00151800 0003c800 fff8bd00 00143d00 ffe80300 00120400 ffe62000 0027d800
PCM 007660 ffd6ea00 001d6700 ffdd2700 001fc900 ffdd6500 00110d00 fff0ba00 00033c00
PCM 007668 fff9d300 0006e500 fff6c700 0016c600 ffe62c00 0020e700 ffddaf00 00255d00
PCM 007670 ffd8f100 00286a00 ffd78900 0024f600 ffd74f00 00086500 fff25900 00042d00
PCM 007678 fff48500 00029700 fffaa500 00063100 fff45500 0038ed00 ffc19400 004ea300
PCM 007680 ffae7600 0048e500 ffb1a800 002e8600 ffcb2a00 002a1000 ffd2f600 00285300
PCM 007688 ffce2f00 001a6e00 ffe02700 fff98400 00029500 fff4a200 0006c200 ffeb4b00
PCM 007690 00136000 ffde7800 001e3600 ffd61900 00233300 ffcdaa00 002dd200 ffeead00
PCM 007698 000fa100 ffcb6c00 00331600 ffbd6e00 003f9600 ffbcf400 00414d00 ffc75e00
PCM 0076a0 0037d800 ffcf8200 002cc000 ffe4c500 001a9800 ffe11e00 001e5b00 ffd32f00
PCM 0076a8 00297300 ffcf9600 0030b500 ffe38400 0019f400 ffe6d800 001a6e00 ffd9ec00
PCM 0076b0 00234b00 ffce3500 00318d00 ffdace00 00254600 ffb6ed00 00482e00 ffa3bd00
PCM 0076b8 005a8a00 ffa70900 00549d00 ff9e0c00 0063a200 ffa6f800 00570e00 ff968900
PCM 0076c0 0062c200 ff995000 0066db00 ff8a0d00 00734500 ff801500 007dc500 ff7c3e00
PCM 0076c8 0081af00 ff835f00 007d0300 ff84d300 00776000 ff87ef00 0077d500 ff86f100
PCM 0076d0 0079ba00 ff98c300 0062d200 ff99e900 0062cf00 ff785e00 00821000 ff747900
PCM 0076d8 008ac500 ff6e3200 00942a00 ff73e500 008ab800 ff659c00 0098c800 ff6dc500
PCM 0076e0 00924100 ff670e00 00995500 ff662b00 0098e700 ff78b700 0083d900 ff95cd00
PCM 0076e8 0066c900 ffa55f00 0055ad00 ff864200 00775d00 ff7bd900 0082ce00 ff749f00
PCM 0076f0 00876500 ff784900 00856800 ff91e100 006a7100 ff802f00 007a9600 ff67ee00
PCM 0076f8 009a0e00 ff5a3f00 009f7400 ff5bb100 00a59500 ff653400 009d7200 ff32df00
PCM 007700 00ccf100 ff3c2300 00c41d00 ff5c2100 00a39c00 ff575200 00a77c00 ff4da400
PCM 007708 00b25400 ff435d00 00bb3500 ff3c3200 00c60c00 ff3fed00 00bd7f00 ff46f200
PCM 007710 00bca000 ff302a00 00ca8300 ff2fd500 00ce6400 ff121d00 00ec8900 ff062b00
PCM 007718 00f86300 ff003000 00fc1e00 ff041c00 00fa3800 ff145b00 00efcb00 fef7de00
PCM 007720 0103a800 feec5800 01156200 fee94d00 01191b00 ff0e5500 00f39000 ff169800
PCM 007728 00e6ce00 ff279200 00d54900 ff254600 00dbd100 fef97300 01038600 fef30f00
PCM 007730 010b7400 fefaba00 0103a000 fefdc600 0102d400 fefe1300 00fe7400 fefd5200
PCM 007738 01010f00 ff092d00 00f2ce00 ff056300 00f67a00 ff16fb00 00e75800 ff372d00
PCM 007740 00c48800 ff166000 00e74600 ff25f800 00d5cf00 ff254e00 00da0300 ff09b600
PCM 007748 00f6d500 feff7400 01023700 ff1d0200 00e59400 ff199e00 00e43d00 ff06f300
PCM 007750 00f81a00 ff149d00 00eabd00 ff1f1200 00e0d200 ff2f8e00 00cf4000 ff1bf600
PCM 007758 00e05e00 ff126f00 00eedc00 ff2bda00 00d74800 ff11a900 00eaa500 ff173300
PCM 007760 00e8a200 ff0bb700 00f44500 ff1b5700 00e7a900 ff1e4f00 00e10d00 ff21ea00
PCM 007768 00dcb200 ff325500 00cc2700 ff28cc00 00d6e100 ff36ae00 00c2fb00 ff3ac100
PCM 007770 00c3ed00 ff429000 00c04600 ff4f6600 00b0d000 ff471000 00b7da00 ff489c00
PCM 007778 00b8c300 ff411d00 00ba0d00 ff4e4900 00b2d100 ff3f0c00 00c38000 ff187900
PCM 007780 00e86b00 ff24e500 00dc2d00 ff2ade00 00d7be00 ff365000 00cba500 ff28ca00
PCM 007788 00dcae00 ff2bae00 00da0b00 ff289e00 00d58800 ff207900 00dfdb00 ff161600
PCM 007790 00e6b700 ff0ab600 00f0bf00 ff262600 00d7e400 ff431900 00b8fb00 ff51d300
PCM 007798 00aa2100 ff459300 00b95e00 ff4b3100 00b57c00 ff710c00 008ea100 ff621600
PCM 0077a0 009b1500 ff5e8f00 009d7200 ff4e5100 00acdc00 ff401800 00bbf800 ff447e00
PCM 0077a8 00b92500 ff476100 00b56400 ff37f000 00c52400 ff434700 00bdde00 ff2e5000
PCM 0077b0 00d16200 ff3a0100 00c90100 ff431600 00bfc100 ff5aa300 00a07b00 ff83c400
PCM 0077b8 007a7900 ff817d00 00817000 ff7f2c00 00818600 ff758a00 008c6900 ff6c7600
PCM 0077c0 0092df00 ff608f00 009d5f00 ff6c9d00 0091f500 ff813800 007f2800 ff74d700
PCM 0077c8 008c3800 ff3ef300 00c43500 ff2b0700 00d61100 ff3e1900 00c3ba00 ff5db800
PCM 0077d0 00a39f00 ff61b400 009f1900 ff57a000 00a94b00 ff5acd00 00a30000 ff812800
PCM 0077d8 007cc000 ff726c00 00905200 ff5eb600 00a2f100 ff300100 00cc8500 ff266400
PCM 0077e0 00d92600 ff525400 00ab8500 ff7ad600 0081bb00 ff930800 0068f200 ff6caa00
PCM 0077e8 0092fb00 ff7dc500 00825700 ff8ce600 0075b600 ff86f300 00761900 ff98a500
PCM 0077f0 00693c00 ff9d8f00 00615700 ff8f7c00 006ec400 ff808800 007ca200 ff936d00
PCM 0077f8 006b2300 ffba6800 00426d00 ffd63c00 0028c300 ffdc5400 0024c400 ffeee100
PCM 007800 00112700 ffebc700 00136500 ffe8b100 00156400 ffe72300 00144300 ffd3b100
PCM 007808 00277100 ffc98200 00333300 ffd8e500 0023ce00 ffc8c300 00344500 ffd5e800
PCM 007810 00258600 fff32000 00080400 fffa7500 00018a00 ffe66300 0017f000 ffeb6e00
PCM 007818 00106900 ffe61500 0015d200 fffadb00 0004aa00 fff97700 00048a00 fffa8800
PCM 007820 0003d000 ffdfb300 001db000 ffd95e00 0024d900 ffc9c900 0033f500 ff9ea000
PCM 007828 005b3e00 ffaff700 004b2500 ffa3eb00 005a0c00 ffc05e00 003e4500 ffd1c6PCM 007830 002aeb00 ffdb9e00 0022a200 ffe5d500 001a2100 fff72a00 0008f200 ffed0a00
PCM 007838 000f5100 ffc0a300 003a7400 ffd19e00 00273800 ffec4900 00118100 ffPCM 007840 00013c00 fff63f00 0005c200 fff71b00 0004f000 ffe5e900 0014e100 fff57c00
PCM 007848 00010e00 fffb1900 00003500 fffcb400 fffd7c00 ffe74900 00158600 ffeb6c00
PCM 007850 0013a000 fffeb500 00005c00 fff06400 000bdd00 ffe89500 0016fc00 ffee0700
PCM 007858 0008e500 ffe94400 00165700 ffe14b00 001a7900 ffe3ed00 0018fc00 ffe14d00
PCM 007860 0018b100 ffc97f00 002e8d00 ffe79a00 0010d100 000f9300 ffebd800 fffca700
PCM 007868 ffff4200 fff2fa00 000afc00 ffe4ee00 00174200 ffd1af00 00287000 ffe20c00
PCM 007870 001a4c00 ffdb9a00 00208300 ffe0a100 00197000 fff09200 000c7600 fff16d00
PCM 007878 000a6300 ffc47f00 00357300 ffc8c800 00336d00 ffe99000 000f1700 fff36800
PCM 007880 0006f900 ffeaf700 000d8500 ffeba000 00125300 ffe6b400 0015bd00 ffdf3300
PCM 007888 001eb100 ffee5a00 000eb300 00083000 fff81300 0001fa00 fff78c00 0000a500
PCM 007890 fffe8a00 0005a400 fff5b000 00124400 ffeffe00 001cc400 ffe2af00 001ed000
PCM 007898 ffdf5200 0044df00 ffb56100 003c4900 ffbf3100 0028bb00 ffd69000 0020c000
PCM 0078a0 ffdc9500 00106000 ffea7200 0008d200 fff7ed00 0008af00 fff5db00 001fdd00
PCM 0078a8 ffdb4300 00298d00 ffd2a700 001fbf00 ffdc5100 00027a00 fff9b200 fff69d00
PCM 0078b0 00099900 ffe1c500 001b4600 ffffd700 fffb8900 0021fd00 ffda4200 0010b100
PCM 0078b8 ffedaf00 001cc900 ffe32f00 00095e00 fff3a300 0021e600 ffd82800 00207300
PCM 0078c0 ffd80500 0037ce00 ffc3d500 003db200 ffc01200 002b0b00 ffd1d400 0037c000
PCM 0078c8 ffc3bc00 004b7500 ffae9e00 005bfb00 ff9ec800 00789a00 ff864600 004cfe00
PCM 0078d0 ffab3300 004a1b00 ffb19f00 002bf200 ffcf4200 001dd800 ffdfcd00 00478900
PCM 0078d8 ffb3e700 007bc600 ff7d6f00 007d6c00 ff7f0b00 005f7800 ff9f7a00 00474500
PCM 0078e0 ffb49300 00432d00 ffb54500 00624f00 ff9be700 00526a00 ffabe000 00596000
PCM 0078e8 ffa43300 0032c300 ffc97500 0034d700 ffc7b800 00384500 ffc46300 0014fb00
PCM 0078f0 ffe57b00 000c7c00 fff02d00 00057b00 fff6cc00 001fd600 ffdf4800 00209900
PCM 0078f8 ffdd7200 0015c100 ffe53800 002b8900 ffd1e400 001d6300 ffe2b900 000f6b00
PCM 007900 ffeeb700 00158b00 ffe68d00 00158000 ffe44d00 fff3f100 00097c00 fffc7c00
PCM 007908 fffd2800 00164600 ffe48f00 00041300 fff94700 fff02a00 00071000 ffe8be00
PCM 007910 00105500 fffa2a00 00055100 0001b800 fffb7e00 fffe2900 fffad700 ffeb1f00
PCM 007918 00128000 ffc78e00 00308500 ffc41400 0038da00 ffc30f00 003b6c00 ffbe6800
PCM 007920 003ab300 ffc39300 003a7e00 ffe1d900 00199800 00090400 fff18400 00159b00
PCM 007928 ffe28500 ffff8000 fffe0e00 fff74200 00055a00 fffdca00 fffe3d00 00053900
PCM 007930 fff49f00 00223900 ffda9300 0022be00 ffd9c100 002cce00 ffcd7900 ffff1f00
PCM 007938 fffe6300 ffedc600 000f5600 ffd48f00 00292900 ffe13c00 00195700 ffe93100
PCM 007940 0013e800 ffe3f500 00160000 ffcba100 0033e800 ffb6b900 004ae000 ffb78200
PCM 007948 00451700 ffd2cc00 00276e00 ffdca200 001e5700 ffd47a00 002be900 ffd17c00
PCM 007950 00287e00 fff48400 00036000 fff1c000 00072600 ffd84900 0024a600 ffaf9900
PCM 007958 004d5300 ffa76100 0055b000 ffc38e00 00399b00 ffcdf600 002c2b00 ffc36900
PCM 007960 003dc300 ffbfbe00 003ee300 ffcc3300 002fce00 ffb27b00 004e5e00 ffb9d500
PCM 007968 00416000 ffb6f600 00453500 ffa5b800 0057b900 ffbacb00 00433a00 ffb09f00
PCM 007970 00457e00 ffb34300 004c7800 ffa02b00 0060b600 ffb5c600 00484e00 ffc38700
PCM 007978 003c3b00 ffd1ed00 002fc200 ffcfbb00 00305100 ffc7d100 0032dc00 ffc6dd00
PCM 007980 00377800 ffb4a400 004cac00 ffae7c00 004c9100 ffc26500 003a7300 ffb0e400
PCM 007988 004e8300 ff958f00 00655300 ff6ed700 008e1200 ff6f4300 00902300 ff6e2c00
PCM 007990 0093ed00 ff744d00 008b0e00 ff954b00 006a7b00 ff848c00 007cc800 ff8e6400
PCM 007998 006de200 ffa05600 0062b800 ff8e2e00 006de200 ff7c7c00 0086bd00 ff7a8500
PCM 0079a0 0083f700 ff865200 0073ca00 ff793800 0083c800 ff799500 0081a200 ffa3d000
PCM 0079a8 0058d400 ffa3d200 005ab600 ff96f400 0066d600 ff912f00 006b0e00 ff8a5000
PCM 0079b0 0074e900 ff7ffe00 007daa00 ff960c00 006ab700 ff8fc000 006a4900 ff914e00
PCM 0079b8 006ce300 ff8bab00 00722700 ff8bdc00 0070ff00 ff8ca000 0072e400 ff7ed200
PCM 0079c0 007ca400 ff94eb00 006c5c00 ff9cde00 00614f00 ffaa5000 00546400 ffa1a400
PCM 0079c8 00595b00 ff8ef600 006f7100 ff82f200 00798200 ff7b1500 0085fc00 ff7eaa00
PCM 0079d0 007f9d00 ff80a000 007e4f00 ff6bd900 0095aa00 ff46e300 00b9c500 ff562b00
PCM 0079d8 00a74f00 ff71a400 008b9300 ff8da700 006d8700 ff9d4300 00603600 ffa5b000
PCM 0079e0 00556200 ff9e1e00 005e1c00 ffb23000 004d4e00 ffaf6e00 004f4100 ffbba800
PCM 0079e8 00433600 ff9dd500 005a8f00 ffaf5600 004ac200 ffafd300 004ff800 ffacb900
PCM 0079f0 0053dc00 ff7c7000 007e5000 ff860b00 007c1700 ff920000 006ce200 ff8c5300
PCM 0079f8 00778700 ff930400 0069a800 ff824700 007a8300 ff7d5600 00852d00 ff74dd00
PCM 007a00 0086a200 ff63a300 009a7b00 ff69bd00 0097ef00 ff7fb500 0081db00 ff7f7600
PCM 007a08 00817e00 ff6f4700 008c9500 ff7b1a00 00846300 ff8c0600 006fb600 ff786100
PCM 007a10 00850d00 ff5cb500 00a4af00 ff44d200 00ba5500 ff611500 009dd900 ff57d300
PCM 007a18 00a3b900 ff6aae00 00944100 ff879400 00777500 ff9e9700 005f8b00 ffb97e00
PCM 007a20 004a8400 ffc44d00 00391800 ffc47d00 0038ef00 ffabbc00 00509500 ff9ea800
PCM 007a28 00618300 ffb89b00 0047d700 ffc95400 00325800 ffbd8b00 003dea00 ffa92400
PCM 007a30 00558c00 ffa6ee00 00553c00 ff997700 00661800 ffa21f00 005a3e00 ffac1300
PCM 007a38 00550200 ff85f800 00772400 ff752d00 0085df00 ff910500 006c3000 ff994b00
PCM 007a40 00654000 ffb2b800 004b6a00 ffc6c800 00334300 ffb81000 004d8c00 ffd1bd00
PCM 007a48 00311700 ffd9c500 00238c00 ffbfef00 00397a00 ffc86c00 0032d900 ffe0ad00
PCM 007a50 00192600 ffd0cf00 002c3c00 ffbb7900 003d3200 ffbf2900 003d9a00 ffc7e800
PCM 007a58 0035ad00 ffdbdb00 0020f000 fffb1800 00034800 fffe7200 fffd5000 ffe88900
PCM 007a60 00161000 ffd3f200 0022cf00 ffc88b00 0037c600 ffd8f100 00256f00 ffe47a00
PCM 007a68 001d0400 ffe99200 0015cd00 ffd72400 002a7f00 ffcc0500 00362e00 ffcde500
PCM 007a70 002fc400 ffec6000 00117600 fff63100 0003d500 ffe6de00 00179400 ffea5500
PCM 007a78 000fec00 0007f900 fff40600 000e7800 ffefb700 fff1b500 000c5a00 ffebff00
PCM 007a80 00136b00 ffe29800 001b9c00 ffdbc800 00218000 fff68900 0003c600 fffb6100
PCM 007a88 ffff6700 001dd100 ffdb0900 00088700 fff5aa00 fff5cf00 00073b00 fffa0e00
PCM 007a90 00034f00 00022f00 fffa3e00 ffe93400 0012cb00 ffcfa000 002dba00 fff52c00
PCM 007a98 00086f00 ffd6c600 002acc00 ffc4a500 0037b000 ffe49d00 00195900 ffe79b00
PCM 007aa0 00138500 fff1bc00 00094300 ffd8d700 00258e00 ffd30d00 00289400 ffeda400
PCM 007aa8 0012d200 fffce800 00009100 fff7c400 00072600 00104300 fff01e00 001f0400
PCM 007ab0 ffe16700 003cd300 ffbf9600 00385100 ffbeae00 00235600 ffd91900 00156500
PCM 007ab8 ffe3e400 001ed200 ffe16800 001c3400 ffdfee00 001ed700 ffe0f600 003be600
PCM 007ac0 ffc18a00 00311400 ffc6a900 0047cc00 ffb6de00 002a1900 ffd2f400 00001800
PCM 007ac8 fff6fa00 00028a00 fffa7d00 0011a000 ffeb0a00 000e9300 ffe9f400 00384400
PCM 007ad0 ffc45c00 003c5300 ffc1bd00 00227900 ffdb4100 00191100 ffe2ae00 00049000
PCM 007ad8 fff75500 001a5c00 ffe43d00 00098e00 fff0ad00 0009a000 fff42a00 0003d800
PCM 007ae0 fff77300 000e0c00 ffee6000 0033ec00 ffc7f600 00304200 ffcaeb00 002a2700
PCM 007ae8 ffd08300 00340700 ffc52400 0047fc00 ffb51b00 0037d500 ffc4ce00 00468300
PCM 007af0 ffb9eb00 0058c100 ffa30400 0079ee00 ff83d000 007e8300 ff7cb700 0081bc00
PCM 007af8 ff794000 00767a00 ff83bc00 006f2200 ff8b6300 00612a00 ff95c500 00414000
PCM 007b00 ffb92b00 003f0900 ffbfaa00 004c8700 ffae8200 0051d600 ffaaa500 0049a300
PCM 007b08 ffb0d500 0048f900 ffb32e00 00557c00 ffa6a300 00756200 ff85e600 0060c100
PCM 007b10 ff98d600 00527d00 ffa5b500 004c5400 ffafa400 0036e100 ffc49400 004d1c00
PCM 007b18 ffb28c00 00534900 ffa94100 0058a800 ffa4cb00 0054e800 ffa46300 004dce00
PCM 007b20 ffaecd00 006b9600 ff90ae00 00635500 ff981100 00622400 ff98d300 00503800
PCM 007b28 ffaace00 003bde00 ffbe0c00 0032a600 ffc8b600 0041b600 ffba6700 003cf200
PCM 007b30 ffc14300 00545c00 ffa34500 00661600 ff966400 0075b300 ff853a00 007b4200
PCM 007b38 ff7b2400 007faf00 ff7c3200 00960800 ff664d00 007c1700 ff7f7600 005fc500
PCM 007b40 ff9c0300 0060e400 ff9b3700 006b8b00 ff907300 006e0800 ff8d2f00 005bfd00
PCM 007b48 ffa1b000 00512900 ffa93900 0055d300 ffa07900 006b1900 ff8f2700 00742000
PCM 007b50 ff879a00 00731600 ff8c6d00 007d8600 ff7b7a00 00887500 ff6f7300 00814600
PCM 007b58 ff7d3200 0076ea00 ff83eb00 00811700 ff7c4a00 007ce200 ff7c6d00 0087db00
PCM 007b60 ff6ee200 00871000 ff75b100 00831300 ff769100 00937900 ff687e00 00acc200
PCM 007b68 ff4c2e00 00a23400 ff5aba00 00959600 ff672200 00921f00 ff675b00 00989f00
PCM 007b70 ff62a500 009d4700 ff5e3c00 00ac9300 ff4d7400 00a14300 ff5b3500 00851e00
PCM 007b78 ff733c00 00798500 ff819800 006d9600 ff8d5c00 007cea00 ff7e0700 007e7d00
PCM 007b80 ff7c7400 0094f900 ff605d00 00877800 ff71b500 005a6c00 ff9eb300 0027dd00
PCM 007b88 ffd3ef00 0049d700 ffb45b00 0070c500 ff8ea200 00697800 ff910500 0092fe00
PCM 007b90 ff66e300 009d9200 ff5f2c00 0084a500 ff709e00 007c8400 ff7c8400 007fa100
PCM 007b98 ff7a6900 008cbc00 ff6fcc00 00855400 ff758100 00839400 ff755500 007e4d00
PCM 007ba0 ff800b00 0068b100 ff93b000 00521200 ffaa7d00 005f2e00 ff9bcf00 0052ba00
PCM 007ba8 ffa6d300 001d6500 ffe02000 000fb900 ffed0c00 002c0300 ffcf7e00 002a2200
PCM 007bb0 ffd0bc00 00331700 ffca3000 0026f200 ffd56700 000ebf00 ffee5d00 0003d300
PCM 007bb8 fff6dc00 000f5d00 ffeefe00 0019a100 ffdfe800 002aa300 ffd15600 000c6f00
PCM 007bc0 ffef3c00 fff42b00 0006ab00 fff4d600 00085500 ffe16000 00193a00 fff0ad00
PCM 007bc8 0009d700 00056400 fff6b900 00094000 fff3a000 0011ba00 ffe85c00 fff54300
PCM 007bd0 00073200 ffcd7d00 002fbb00 ffbdcc00 003fcf00 ffb84400 00424500 ffb80900
PCM 007bd8 00452000 ffc48d00 003c0000 ffd94d00 0022b300 ffdd9100 001ea000 ffe10c00
PCM 007be0 001c4300 ffd66400 00267800 ffd9f500 00245a00 ffe8b000 0011f000 fff0b200
PCM 007be8 0009dc00 fff09f00 00098e00 ffe8ac00 0011d500 ffe56100 0015af00 ffe51e00
PCM 007bf0 0018e500 fffa9900 00050000 fffb0200 00035000 ffe98e00 00131000 ffda9900
PCM 007bf8 0021ac00 ffd51b00 00252100 ffc4da00 0038b000 ffd3ef00 002b3d00 ffd3f300
PCM 007c00 00264600 ffd45c00 00291100 ffd88900 00233400 ffcbb600 002ff800 ffcdcc00
PCM 007c08 002db000 ffd16e00 00298600 ffdd3000 00208300 ffde2700 001f6000 fff12800
PCM 007c10 0008e800 ffe51400 0018f500 ffe82a00 00126a00 ffde3500 001f2400 ffb3e500
PCM 007c18 00493600 ffa03f00 005e3b00 ff9c7000 00643400 ff90c800 006eda00 ff8d0a00
PCM 007c20 0072ec00 ff933200 006b9200 ff909c00 006dd300 ffb2a100 004d0900 ffa7d400
PCM 007c28 0059ca00 ff842700 007c4f00 ff84e500 00776d00 ff832100 0078cc00 ff9a0e00
PCM 007c30 00647700 ff99a500 00626400 ff9e7c00 0061ab00 ffafb900 004f0700 ff95f100
PCM 007c38 0064c300 ff834500 0079eb00 ff817600 007e3d00 ff7a2c00 00820600 ff8ff400
PCM 007c40 0074f300 ff855200 0078a500 ff86ae00 00792200 ff8aeb00 00722e00 ff972400
PCM 007c48 0063ff00 ff8a8500 0073b900 ff6f8b00 00903a00 ff63dc00 009d0000 ff6b1800
PCM 007c50 00933700 ff7f9900 007b8500 ff879400 00796c00 ff961700 006a2a00 ff9ba000
PCM 007c58 005ee200 ffb03c00 004d6a00 ffc64100 00351600 ffce5800 00300b00 ffc86800
PCM 007c60 00320e00 ffcccf00 00333800 ffc5c800 00350e00 ffd6cc00 00230c00 ffd5a500
PCM 007c68 0028dc00 ffd3c000 00299d00 ffb66100 004b0200 ffa27500 00612b00 ffa6d100
PCM 007c70 00550100 ffaf7a00 004c0400 ffbf5600 003e2b00 ffc31200 003af200 ffb7fc00
PCM 007c78 0044d200 ffb52d00 00494600 ffb75900 00452500 ffb35d00 004acd00 ffc79700
PCM 007c80 00360f00 ffc25d00 00398400 ffc6e900 0039ad00 ffb7ca00 0047d300 ffc51000
PCM 007c88 003a8000 ffc75100 00397600 ffc3b700 003c8200 ffeaff00 0017a400 000e6e00
PCM 007c90 ffef5500 fff6d900 00048600 fff01f00 000dfc00 fff8c800 00074c00 fff59d00
PCM 007c98 00076200 ffde4a00 001cea00 ffe11900 001e1e00 ffe8cf00 0018ef00 ffeb4f00
PCM 007ca0 00141200 ffe50900 0017c700 ffcd5100 00316500 ffdd7700 00213800 ffe92100
PCM 007ca8 00160100 ffec0000 00106800 ffdc8000 00207800 ffd49400 00282700 fffe4600
PCM 007cb0 00030d00 0006c400 fffd6900 00019b00 fffeb600 00009400 fffede00 fffb6b00
PCM 007cb8 00029f00 00046a00 fff9eb00 ffe60600 00127c00 ffe1d500 001da000 ffde7000
PCM 007cc0 001b5f00 ffdbfa00 0020a400 ffef4900 000dbc00 ffff9f00 fffb9d00 ffebd200
PCM 007cc8 00107200 ffe86c00 00100a00 ffc99a00 0031b400 ffcec000 0031c800 ffd81a00
PCM 007cd0 0026ac00 ffca3c00 00361800 ffc0e600 003c2d00 ffc28f00 00389100 ffdb0b00
PCM 007cd8 00235d00 ffdf5700 001d7900 ffe8e500 00130200 fffec700 00017b00 ffe29c00
PCM 007ce0 001c9d00 ffdb1700 00216900 ffe67300 00152900 fff6a900 0007e300 0003dc00
PCM 007ce8 fff65900 0016d900 ffe5f500 0027f900 ffd89500 001f3000 ffda3900 00023d00
PCM 007cf0 fff53000 fff59300 0006c400 fffb4000 fffe6c00 ffe3e000 00191100 0003c000
PCM 007cf8 fff78600 00381b00 ffc5f300 00289d00 ffd58800 00376300 ffbf8000 0041da00
PCM 007d00 ffb96900 00275b00 ffd4b200 00223000 ffde2700 002dd000 ffcf1500 00224f00
PCM 007d08 ffd58900 00330700 ffc64c00 0030f900 ffc5f100 003f4400 ffb9dd00 004d1e00
PCM 007d10 ffa9a900 00466e00 ffb45400 0036f100 ffc05800 002b1e00 ffd03a00 002f2200
PCM 007d18 ffc98300 0041dc00 ffb8f500 0057ca00 ffa08800 005bae00 ff9b6000 007ac900
PCM 007d20 ff7ff400 00932200 ff65e000 00922b00 ff664600 007d1b00 ff7f6f00 0079fb00
PCM 007d28 ff7ee600 0080a700 ff789200 00674c00 ff905900 00601600 ff97eb00 0078a200
PCM 007d30 ff83fe00 0070c300 ff867b00 00792800 ff7f8a00 00722100 ff8a9200 00669700
PCM 007d38 ff945b00 00983d00 ff60e900 00917400 ff69bd00 00883100 ff716b00 0091a800
PCM 007d40 ff632700 008ff300 ff664000 008d8100 ff6e7400 008de000 ff6a5600 00c17e00
PCM 007d48 ff3ba200 00b05600 ff47dc00 00874e00 ff6f4f00 00800300 ff7b3100 006e4500
PCM 007d50 ff89b900 00785300 ff7f4400 008c1d00 ff6cef00 009b1f00 ff5b1000 0088ef00
PCM 007d58 ff6f2600 006a8a00 ff8f1700 005bf100 ff9dad00 007bec00 ff7efc00 007af100
PCM 007d60 ff793200 0053c000 ffa36700 00447600 ffb48b00 0046ed00 ffb4c000 00378a00
PCM 007d68 ffc08c00 00413000 ffb9b200 004b0200 ffada700 00545d00 ffa32b00 005c2500
PCM 007d70 ff9e0600 005e4900 ff9ac100 0062a600 ff9b3100 004cc000 ffa9ea00 00472600
PCM 007d78 ffb2a400 004eaf00 ffb16100 00608700 ff970700 004c4100 ffad8b00 00572b00
PCM 007d80 ffa16100 005d7a00 ffa29f00 005be200 ff9f1d00 0054de00 ffa93300 004af900
PCM 007d88 ffaca600 004ed200 ffa92a00 00460200 ffb61e00 004ba900 ffb26d00 003a2e00
PCM 007d90 ffbe7600 0058a000 ffa22700 00593200 ffa3ac00 005e9200 ff9a4a00 0073a700
PCM 007d98 ff870c00 00805600 ff798300 00603c00 ff986300 00729d00 ff899500 008e5500
PCM 007da0 ff70c000 008a2400 ff6dd900 006f6a00 ff85d600 008be800 ff710100 008cfa00
PCM 007da8 ff710700 009dd000 ff5e2700 009f5f00 ff58f300 00803100 ff77f300 007b3600
PCM 007db0 ff826100 0070af00 ff8e9800 00772800 ff865b00 00858100 ff6faa00 008fb500
PCM 007db8 ff6cd300 009b2e00 ff5b0f00 00ab7c00 ff4dd700 00a09100 ff5aef00 009feb00
PCM 007dc0 ff5e0c00 009a4f00 ff5f0f00 00a2e300 ff57c900 00c24000 ff385000 00c16f00
PCM 007dc8 ff393100 00ace900 ff4c5000 00a52c00 ff51ab00 00976400 ff617f00 009d0300
PCM 007dd0 ff5a3600 00a34800 ff572c00 00aa7c00 ff4e8600 00a50900 ff586f00 00894500
PCM 007dd8 ff6ce800 008ce500 ff6d5c00 007f6500 ff75be00 006af900 ff933900 00677f00
PCM 007de0 ff95ab00 005ba900 ff9f4600 003f5a00 ffbe2900 00259600 ffd2c200 00328b00
PCM 007de8 ffc6fb00 005b2500 ff9e5500 0081c100 ff7b1c00 006c4100 ff8fd900 00420c00
PCM 007df0 ffb62f00 00445900 ffb34700 00586d00 ff9f2900 00734e00 ff86d500 00843100
PCM 007df8 ff786e00 0071e000 ff83ef00 00717100 ff895200 00551f00 ffa65200 004cec00
PCM 007e00 ffab6f00 00478700 ffb4e400 003edb00 ffbc2600 00412e00 ffb9c500 004ef100
PCM 007e08 ffa99400 005a5900 ff9e1900 00592d00 ffa32200 006d7700 ff8ee200 00705300
PCM 007e10 ff8fe000 00826a00 ff79a700 008de000 ff6afe00 00795900 ff7fa600 0065a400
PCM 007e18 ff921000 00603700 ff960f00 006e8f00 ff8d8e00 006ac900 ff8fd100 00564500
PCM 007e20 ffa48000 0050ad00 ffa4f800 00524100 ffa83b00 003f3300 ffb8a100 002df900
PCM 007e28 ffcad200 00410d00 ffbad200 00364700 ffc40000 002fcb00 ffc86100 00312a00
PCM 007e30 ffc7cb00 00383a00 ffc44700 0021d200 ffdba300 0011d400 ffeccd00 00246100
PCM 007e38 ffd7a800 0028ab00 ffcf9e00 0031e800 ffcb8a00 00294100 ffd65100 00061600
PCM 007e40 fff43e00 000c7000 ffe9b200 00293700 ffd0c500 00211c00 ffd2a300 0030ee00
PCM 007e48 ffc5b000 0018ab00 ffddcc00 00006100 fff99d00 00069400 fff84700 0000c500
PCM 007e50 fff98300 fff1fd00 000a5800 ffc3d100 0037c600 ffc46400 0038bb00 ffeb9000
PCM 007e58 000ff200 00032100 fff62e00 000d5800 ffe7d500 00007400 fff89b00 fffd8a00
PCM 007e60 fffe9300 fff60200 0003d700 ffdad100 001feb00 ffedff00 000bec00 0015cc00
PCM 007e68 ffe4a900 001ea300 ffd98300 000d2000 ffeae700 ffdcdb00 001df100 ffd43500
PCM 007e70 00297a00 ffde2400 001fd600 ffd10900 002a1100 ffdb3b00 001f7500 ffb34500
PCM 007e78 004bcc00 ffb07600 004cde00 ffbced00 003ef100 ffb58300 0048f300 ffafb600
PCM 007e80 004b2400 ffb7ae00 00466000 ff98ef00 00620500 ff846a00 00732f00 ff6e4000
PCM 007e88 008ef300 ff642000 00988f00 ff96e500 0064b500 ffaadc00 00511200 ff9b0f00
PCM 007e90 00619d00 ffa51500 005a0400 ffabc800 00524400 ff994700 0063a500 ff913300
PCM 007e98 006e1f00 ff954700 00676b00 ffa18e00 005d1f00 ff8aaa00 00731a00 ff745d00
PCM 007ea0 00897500 ff717700 008c9400 ff742b00 00875b00 ff844f00 0075ff00 ff9fb700
PCM 007ea8 00619700 ff9c7d00PCM 007eb0 0050d100 ffa0c900 0061df00 ff92ef00 006d9300 ffa1cc00 005dfc00 ffb70f00
PCM 007eb8 0046b200 ffcae600 00320a00 ffcd1b00 002fa900 ffbf1a00 00391000 ffccfd00
PCM 007ec0 002f9c00 ffd8a700 002a3b00 ffb6a900 00492e00 ffa95300 0055cc00 ffba3400
PCM 007ec8 00421c00 ffe0c000 00140200 ffe01800 0017d200 ffbb1300 00419100 ffb61800
PCM 007ed0 0045bc00 ffbbe500 003fb400 ffc11e00 003b9e00 ffb82200 0042d500 ffbf7600
PCM 007ed8 00372400 ffcf8b00 002c7400 ffc1df00 0039b700 ffbfc200 003efd00 ffd19300
PCM 007ee0 002b5a00 ffc61a00 00383600 ffca4c00 0034fd00 ffc46700 00369f00 ffc8cd00
PCM 007ee8 0036de00 ffe1fe00 001aef00 ffd55200 00223a00 ffb63400 00481300 ff9b5800
PCM 007ef0 005f2500 ffa90900 00556400 ff8a0900 00737300 ff849400 00790600 ffa34300
PCM 007ef8 005e1700 ffa1ad00 0056eb00 ffbc5500 00404700 ffc64900 00343f00 ffd01400
PCM 007f00 002a9500 ffb62200 00451e00 ffa63800 00577000 ff9efa00 005f4400 ffafd900
PCM 007f08 004d5400 ffad0700 004cff00 ffaddc00 004ca800 ffc6e100 0035b000 ffbeaa00
PCM 007f10 003bcf00 ffb24500 00474100 ffa80400 00568700 ff98b700 00637e00 ff951400
PCM 007f18 00681100 ffa92e00 00529e00 ffb82800 00423500 ffae4b00 0047e700 ffa6f900
PCM 007f20 0056af00 ffb46e00 0048f300 ffaebd00 004a5600 ffbed400 003c1d00 ffbb6700
PCM 007f28 003dae00 ffd14600 0028e200 ffe0c400 0019c200 ffd21600 002a5300 ffc8d700
PCM 007f30 00311f00 ffc0cd00 0039fa00 ffcaee00 002fb900 ffcf2800 002a0e00 ffe81900
PCM 007f38 00113e00 ffeb4400 000ae100 0001ee00 fff6a100 0009c000 fff67e00 fff9db00
PCM 007f40 fffe5600 000c9100 ffea9800 00190400 ffe1cc00 0001f900 fffa8a00 00011c00
PCM 007f48 fffd5900 fff68600 000a1d00 000cb600 fff18c00 000d1000 ffeec600 00095800
PCM 007f50 ffef9e00 000a2b00 fff0a400 00181a00 ffe90f00 00240900 ffda7600 002b0400
PCM 007f58 ffd67b00 00088700 ffedb700 001a1800 ffe20500 00304700 ffcd2b00 0043f800
PCM 007f60 ffb4a900 003ebb00 ffbdd300 002f7b00 ffceac00 003fee00 ffbb0300 004a5200
PCM 007f68 ffb3d000 0043ea00 ffb7ce00 00325b00 ffc3f000 00433b00 ffbb0000 002ae200
PCM 007f70 ffd00200 002bc800 ffd1cc00 0025d400 ffd53b00 001f9700 ffdaad00 0042b500
PCM 007f78 ffb94600 006c0d00 ff918d00 00683600 ff958100 005c6800 ff9c1700 003fbe00
PCM 007f80 ffb8fd00 002efe00 ffcc5e00 00330500 ffcae100 0406100 ffbb4500 00555900
PCM 007f88 ffa3b400 00592a00 ffa3a900 0061c500 ff984100 0058e400 ffa06600 005dac00
PCM 007f90 ff9a5700 00662900 ff8f1600 007b7a00 ff827900 006a7a00 ff8eb900 006ff000
PCM 007f98 ff8c6200 006eaa00 ff89d100 005fbf00 ff97e300 0071c200 ff81b000 00a96a00
PCM 007fa0 ff517500 00b5c100 ff41ed00 008a9900 ff6c2300 00877500 ff6cd500 00930200
PCM 007fa8 ff65cc00 00acc900 ff4ad000 00974e00 ff5fa700 00974b00 ff614a00 009d8d00
PCM 007fb0 ff5b6e00 008c4500 ff6c5500 00971000 ff64d700 008f5e00 ff6c4d00 00973b00
PCM 007fb8 ffe3900 ff6c6500 0082f900 ff776800 00824d00
PCM 007fc0 ff75be00 008d0000 ff6e1600 00a8c000 ff4daf00 00c43b00 ff343c00 00c25200
PCM 007fc8 ff348000 00bf5200 ff37d800 00c11d00 ff376e00 00acf600 ff4aea00 00bb9900
PCM 007fd0 ff3bed00 00b75600 ff3f4e00 00cdae00 ff286500 00de3d00 ff1b2900 00e7d100
PCM 007fd8 ff11b800 00d02000 ff23e200 00ce6200 ff2a6200 00e18900 ff195300 00bfaf00
PCM 007fe0 ff360200 00c45b00 ff343400 00ef0200 ff07ed00 00e0ee00 ff15e000 00c88e00
PCM 007fe8 ff2f7700 00b28b00 ff44a900 00a17400 ff573500 009bba00 ff5e3300 00a01400
PCM 007ff0 ff57ea00 00b74200 ff434b00 00d0e700 ff261100 00d74400 ff1e1900 00c27f00
PCM 007ff8 ff337d00 00a99e00 ff4da900 00b79c00 ff413e00 00b46900 ff46e300 00afb300
PCM 008000 ff49e500 00cd6b00 ff2ea000 00ec2500 ff098c00 00f55f00 ff00de00 00dcf600
PCM 008008 ff1e6000 00e23b00 ff19 00cbd800 ff282a00 00ddb700
PCM 008010 ff1f7f00 00d6b600 ff21c700 00da8500 ff222c00 00d47d00 ff277c00 0100c200
PCM 008018 fef85a00 01175a00 fee51800 01020300 fef73f00 00f14100 ff05d100 00e4cf00
PCM 008020 ff117600 00c88a00 ff2ddc00 00c1fd00 ff37ec00 00beee00 ff3d3100 00c0e800
PCM 008028 ff398200 00da7700 ff1d5d00 00ce3200 ff2b0600 00cd1900 ff2cb900 00ceb100
PCM 008030 ff291700 00b5aa00 ff434800 00bafa00 ff3c3700 00ab0c00 ff4e9c00 00b15300
PCM 008038 ff434100 00c7f100 ff312300 00b50900 ff3f5900 00c3da00 ff355b00 00b2e400
PCM 008040 ff455700 00a20e00 ff575800 00b0af00 ff48cb00 00965c00 ff626500 007fd900
PCM 008048 ff777b00 00afff00 ff494200 00ae4100 ff48a800 00a74900 ff4aa200 00c33800
PCM 008050 ff353700 00caaf00 ff2bfc00 00c46e00 ff344300 00c18400 ff345100 00dcd700
PCM 008058 ff16df00 00ec1f00 ff0b2500 00c6ea00 ff2c1300 00dc0300 ff1c0c00 00d75a00
PCM 008060 ff200a00 00d95b00 ff1fe500 00efe700 ff07a000 0103f300 fef22000 01083f00
PCM 008068 fef08f00 00fdcc00 fef9c600 00f50a00 ff00f200 00e2e300 ff156200 00e8fa00
PCM 008070 ff0dcb00 00fb2c00 fefbd600 0107bb00 fef14b00 0118f500 fee09400 0102d200
PCM 008078 fef0f900 00fa4600 fef9da00 00e8e600 ff0fa800 00f87600 ff008f00 00f7f400
PCM 008080 fefe9600 0109cb00 feec9300 011caPCM 008088 feedf200 00fbe100 fef75600 00e68100 ff123500 00d7e200 ff206500 00dc6600
PCM 008090 ff1a5500 00df9700 ff174000 00d53600 ff248100 00d7ca00 ff205f00 00dcd600
PCM 008098 ff1cb400 00c40100 ff388f00 00c90100 ff2e6e00 00c28b00 ff357e00 00b0e400
PCM 0080a0 ff484400 00b39b00 ff425f00 00bf5100 ff38b900 009e0800 ff59e200 0087b900
PCM 0080a8 ff72d700 00881500 ff72a900 00798900 ff7e3900 00848200 ff762300 0083cd00
PCM 0080b0 ff75e200 00813e00 ff754e00 007bda00 ff7dea00 00768700 ff83d800 0063b100
PCM 0080b8 ff94e300 006e3200 ff8a4b00 00760f00 ff834100 008e2100 ff6c5500 00814c00
PCM 0080c0 ff7a5000 00703b00 ff86bf00 007ec700 ff7b0f00 007d7f00 ff78da00 00813100
PCM 0080c8 ff782d00 006f6300 ff8a9100 0059c600 ff9c3900 00613100 ff97e300 006c2400
PCM 0080d0 ff8e0200 005b4700 ff9f1400 004c4f00 ffae3a00 0032a300 ffc7e400 00522000
PCM 0080d8 ffa4bb00 005a4700 ff9f3900 004e1b00 ffaca900 0044ef00 ffb81300 00354a00
PCM 0080e0 ffc51400 003a7e00 ffc17000 002f5300 ffc8d400 0041d200 ffb8a400 004e3d00
PCM 0080e8 ffa92b00 004e3700 ffa96800 0044f100 ffb15000 003f0200 ffb92b00 00469600
PCM 0080f0 ffaf8600 004d9300 ffa9fc00 00323200 ffc64b00 0009d100 fff0b100 00080900
PCM 0080f8 fff32d00 0015c700 ffe32900 ffffae00 fffdd200 fffacb00 0001ab00 0010bf00
PCM 008100 ffeabf00 000b4e00 ffefbc00 0016a400 ffe66200 000ca600 ffec4c00 0000b300
PCM 008108 fff9b600 00133a00 ffe9b100 0013fc00 ffe63600 000afb00 ffec4b00 0018ee00
PCM 008110 ffd86d00 0022a000 ffd8f900 000b9800 ffec3c00 00016a00 fff49d00 fff60e00
PCM 008118 0000e900 ffe1ac00 00184300 ffe65500 0017f000 ffe69800 00132a00 fff83700
PCM 008120 00058c00 ffedca00 000d0300 fffd2200 00003800 ffffbd00 fffbb300 ffdb0100
PCM 008128 00236000 ffd77800 0020ce00 ffcedb00 002f3d00 ffc43f00 00366d00 ffb11c00
PCM 008130 0049c400 ff9f8800 005ac600 ff8c3000 006fce00 ff8f8b00 006ac400 ff976400
PCM 008138 00677600 ff8c9a00 0070ef00 ff9ef300 00598200 ff96f700 0062f100 ff937c00
PCM 008140 00654100 ff941500 00697500 ff9c4b00 005d9400 ffa49300 00580000 ffb12b00
PCM 008148 0049b200 ffd2c500 002a1700 ffcf7c00 00269100 ffd98d00 0020b100 ffbc8400
PCM 008150 003f2000 ffac1b00 004c0a00 ffabd300 0050c600 ffa4ac00 00592700 ffa3a800
PCM 008158 005b8c00 ff8cc600 00712c00 ff9bf200 0061d700 ffab0600 00533700 ffa81100
PCM 008160 00534200 ffa26300 00565e00 ffbc3400 00423f00 ffc75600 00379900 ffd38500
PCM 008168 00286a00 ffd42d00 00275000 ffd5f400 00264800 ffd4fe00 0022d200 ffd40e00
PCM 008170 00299500 ffd31100 00267e00 ffd05000 002a1a00 ffd70300 00256900 ffd02a00
PCM 008178 002b6300 ffbdef00 003d0400 ffc1e600 003a8400 ffc7fb00 00336400 ffc40f00
PCM 008180 00366a00 ffd3f300 002ebc00 ffd30000 00268e00 ffdf6c00 001d9600 fff69d00
PCM 008188 0004e100 00055e00 fff79100 fff3a700 000a5700 ffea9400 0012c600 ffebb000
PCM 008190 00107700 fffc1f00 0004aa00 0007a400 fff1d400 000f8100 ffe6db00 00367d00
PCM 008198 ffc6bc00 0047ec00 ffb12000 003c0900 ffbe9f00 00275700 ffd53e00 002a9b00
PCM 0081a0 ffd1cb00 002fb900 ffcb8d00 001b0600 ffe25400 0019a000 ffe32b00 00084b00
PCM 0081a8 fff30a00 00152b00 ffe42a00 00360800 ffc4a400 0036e700 ffc49100 00241500
PCM 0081b0 ffd7c100 0014d400 ffe80e00 001a5300 ffdf5900 00197f00 ffe5b800 001e6100
PCM 0081b8 ffdbd300 001e5100 ffda5e00 00188c00 ffe42e00 00238200 ffd8c700 00356300
PCM 0081c0 ffc5f600 00372d00 ffc39200 004ff600 ffa8ed00 004c2f00 ffaa4000 00434300
PCM 0081c8 ffb61000 003fb400 ffbPCM 0081d0 ffd78e00 0025f000 ffd20500 003c1700 ffbbe100 00324100 ffc5c400 003cfc00
PCM 0081d8 ffbda900 00430200 ffb72700 004f4100 ffa7db00 005c4c00 ff9f8300 005a3000
PCM 0081e0 ffa15a00 0046a600 ffb24e00 00441f00 ffb4b900 0041c500 ffb72d00 0055e000
PCM 0081e8 ffa50300 0040c600 ffb69900 00498e00 ffb00600 00518800 ffae5100 00461d00
PCM 0081f0 ffb4b800 00595000 ff9fac00 004c6f00 ffaf2e00 00466300 ffaf4a00 00556100
PCM 0081f8 ffa30000 0057c100 ffa05700 0072dc00 ff86d000 00718300 ff849b00 005d4500
PCM 008200 ff993800 0063c300 ff976200 0069c800 ff8ee300 007d4600 ff785900 006fb700
PCM 008208 ff8aa900 00804c00 ff7a2400 0085a600 ff7b7200 00844600 ff768100 008b5a00
PCM 008210 ff713c00 00874600 ff744d00 00a05300 ff58a500 00b10200 ff45e600 00bc5500
PCM 008218 ff3c6900 00b07e00 ff46d500 00b30900 ff456f00 00ac6b00 ff4b3700 00988a00
PCM 008220 ff60df00 00a7de00 ff51c200 00c02900 ff394000 00c76300 ff327500 00ac4500
PCM 008228 ff4f2600 00ad6200 ff506700 008edf00 ff6c5200 009fdf00 ff555200 00a87600
PCM 008230 ff539200 009ac300 ff614e00 009cf400 ff5e2e00 00aaeb00 ff514a00 00b17e00
PCM 008238 ff465800 00b0d600 ff482700 00a9f500 ff4c2b00 00b2fa00 ff447f00 009d5200
PCM 008240 ff5e0900 007bf800 ff7c0700 00971e00 ff641700 00a69a00 ff528d00 00a18100
PCM 008248 ff5a6d00 00992500 ff611c00 008dda00 ff6b0d00 009bd200 ff5f6a00 00936c00
PCM 008250 ff6a8e00 00977b00 ff624100 00a03200 ff5a9200 00b19600 ff48e800 00cbaa00
PCM 008258 ff2f9b00 00c68c00 ff33ca00 00b8b400 ff3fbf00 00bcc200 ff3e8900 00bc1500
PCM 008260 ff420500 00979800 ff601000 0083a000 ff74ce00 006fb900 ff893800 00680d00
PCM 008268 ff91d000 00832e00 ff75ce00 007b4400 ff815900 00732a00 ff86f200 0083ad00
PCM 008270 ff734d00 008cb100 ff6d9000 008d5700 ff6f4d00 0074eb00 ff852600 0074ae00
PCM 008278 ff856d00 0084a600 ff712500 00a1ef00 ff55a200 00c3fd00 ff34da00 00c33c00
PCM 008280 ff35f900 00c1c700 ff378d00 00baf100 ff401400 00b57900 ff46ef00 00985a00
PCM 008288 ff60fa00 00937e00 ff63fc00 00bc1300 ff3c6200 00dff200 ff1b0f00 00dc7200
PCM 008290 ff19be00 00ec4300 ff126500 00f73b00 ff016500 0102a900 fef1e400 01066000
PCM 008298 feee0f00 00fb9f00 fefd5900 01145400 fee36a00 011f5e00 fed5e800 0102e200
PCM 0082a0 feeca000 01290c00 fecd2500 013f8f00 feb57e00 01330300 fec46f00 013da400
PCM 0082a8 febe7800 0136ac00 feba4f00 0145c300 feb79200 013b6600 febc8200 011a4800
PCM 0082b0 fedf5900 011c4300 fede2700 010f5500 fee35700 01113000 fee66000 013a0600
PCM 0082b8 feb91600 013b4800 feb99a00 01272300 fed15700 013ad600 feb80c00 012f0600
PCM 0082c0 fec87b00 0124fe00 fed0ff00 012cc100 fecb4100 012e5a00 fec4f700 01193200
PCM 0082c8 fede3200 01139d00 fedeb600 01168000 fededf00 0121d300 fed61f00 01153000
PCM 0082d0 fee47500 011a4900 fedad000 012f5300 fec49000 01258c00 fece0500 01222100
PCM 0082d8 fed3ab00 0111ab00 fee6a800 00fe6c00 fef91e00 01076400 feece100 01121000
PCM 0082e0 fee45c00 00f74f00 feffd400 00dc8700 ff1bdb00 00ab7c00 ff4b0100 00c74a00
PCM 0082e8 ff324300 00d23200 ff256600 00d42b00 ff24f800 00e2e300 ff156d00 00f39400
PCM 0082f0 ff019c00 00e14400 ff192d00 00cc2600 ff2d3200 00e0e600 ff138c00 00f63a00
PCM 0082f8 ff04ba00 010c9f00 fee8b500 00f84600 fefc0300 0105ab00 fef2f200 01135100
PCM 008300 fedfe000 00f80b00 fefd5f00 00f2c900 ff04b100 00f76300 fefc0300 00ede200
PCM 008308 ff065000 00d93100 ff1f5d00 00d4a000 ff252000 00d77900 ff1f4b00 00d8de00
PCM 008310 ff206100 00e9ff00 ff0e4700 00dfe300 ff16ef00 00eb8700 ff0a1c00 00f1d200
PCM 008318 ff034700 00e96700 ff0eee00 00cefd00 ff26d100 00d78800 ff201000 00eba900
PCM 008320 ff0c5e00 00f13400 ff071300 011a9b00 fedb5400 00ef6b00 ff082800 00cfac00
PCM 008328 ff28d000 00b04600 ff4a1500 00b4ee00 ff454e00 00c6ae00 ff343f00 00d6cf00
PCM 008330 ff1f3700 00f2ea00 ff065600 00ddfd00 ff179400 00e53500 ff11c300 00e68000
PCM 008338 ff107100 00c47800 ff2f4000 00b36500 ff432600 00a80600 ff50d700 008cd900
PCM 008340 ff6aa800 009ca600 ff5b0900 0098bc00 ff5e7900 00972a00 ff5fce00 0098bb00
PCM 008348 ff603200 00924700 ff62e600 008abf00 ff6b8400 006aaa00 ff8bf100 005c5d00
PCM 008350 ff9ad100 0085c500 ff734800 007fb700 ff770100 00670900 ff91f400 005a6900
PCM 008358 ff9d8700 005e8400 ff9bfe00 005e4900 ff95fe00 00592300 ff9ee100 0052cd00
PCM 008360 ffa25e00 00625500 ff953200 0076b500 ff7c7c00 00802700 ff74fc00 008d2000
PCM 008368 ff6c7700 006b4700 ff8ac800 00430800 ffb45a00 00514300 ffa9f800 0039d000
PCM 008370 ffc0c300 003e8400 ffbbff00 00324700 ffc42900 002bab00 ffcabd00 0029bc00
PCM 008378 ffccc400 00188b00 ffdeb500 00191800 ffe1d600 0022e000 ffd89c00 0024af00
PCM 008380 ffd5ea00 0011d000 ffe8ba00 fffb2a00 00034500 fff47200 0001f500 0002af00
PCM 008388 fff25200 0015a500 ffe5ed00 0008ac00 fff18a00 fff67100 00065900 00046900
PCM 008390 fff77b00 0004d400 fff3b300 fff2dc00 000c6f00 ffe77a00 0011e100 ffee9200
PCM 008398 000b0300 ffe27600 0018f900 ffde1800 001f8d00 ffde1d00 001f6c00 ffea9800
PCM 0083a0 000ffc00 0003a900 fff5a300 fff22d00 00080100 fff9eb00 00024b00 00128700
PCM 0083a8 ffe97100 fff40400 00046700 fff25500 0006e900 ffd4cc00 0023d500 ffd0f700
PCM 0083b0 0028be00 ffef7600 00096b00 fff84600 00042e00 ffe4b100 0014a300 fff9fe00
PCM 0083b8 0002be00 ffeaa400 000d7600 fff0b300 0002d400 fff34300 0005dc00 000da600
PCM 0083c0 ffec4b00 0016f400 ffe4c500 fff7b400 0002e200 0002f000 fff86c00 fff64600
PCM 0083c8 00022e00 fffd8200 ffffe600 fff31f00 00043b00 0005af00 fff5ab00 001aa400
PCM 0083d0 ffe24900 002c1600 ffd15f00 0026df00 ffd36f00 00018700 fff88600 ffee5d00
PCM 0083d8 00089400 ffe1e400 00185000 ffc8e900 0030ec00 ffc4d600 0032e300 ffe60c00
PCM 0083e0 00168500 fff80200 0000af00 fff34a00 0009df00 ffe6fa00 0015dd00 fff46600
PCM 0083e8 00081900 001ffd00 ffd58d00 001cbb00 ffdd6c00 fff8d100 ffffb200 ffec2c00
PCM 0083f0 0011c300 ffec7300 000f4d00 fff4ec00 0003e700 0006c900 fff3b900 fff93900
PCM 0083f8 00001900 fff8af00 0001ad00 ffe00f00 001a2a00 ffcdd600 00310600 ffb54700
PCM 008400 00486e00 ffb29f00 00460400 ffaf9300 0049bd00 ffc96f00 0031ba00 ffd38700
PCM 008408 00296d00 ffc84900 0035c900 ffc92700 00331800 ffcdd600 002a0900 ffe01500
PCM 008410 001bd300 ffef9300 000cf700 00012700 fff82200 00012700 fff8c100 0001fd00
PCM 008418 fffa5200 0009a800 fff1b100 ffee5100 000d1900 ffeb8200 000e0c00 fff14b00
PCM 008420 0009e200 fffc9800 fffe8d00 00118b00 ffec4d00 00199a00 ffe2fe00 00041e00
PCM 008428 fff82a00 00089600 fff1ee00 0011e000 ffe7a500 fffe6000 fff86600 fff61d00
PCM 008430 00056e00 ffe8dd00 00120200 ffed7400 000f6f00 fff99600 00064700 00043d00
PCM 008438 fff78300 0002b700 fffc1800 000e3600 ffeece00 0025c100 ffd2dc00 00229900
PCM 008440 ffd6f700 00101f00 fff05e00 0004cc00 fff42f00 00047000 fff9e100 fff4b600
PCM 008448 00066600 00011100 fffb7400 00135600 ffe80600 00253600 ffd88a00 0033ce00
PCM 008450 ffc76800 00348a00 ffc47300 004fb500 ffaa7100 0056bc00 ffa41500 0047d400
PCM 008458 ffae6600 004be900 ffb1d700 0051d100 ffa6c900 0052c100 ffa4c400 004aaa00
PCM 008460 ffb15300 00582b00 ffa3fd00 005e3a00 ff9bca00 0063f300 ff908700 0073cc00
PCM 008468 ff892e00 00702a00 ff8cd400 00618a00 ff99a100 005b7f00 ffa35700 006ea900
PCM 008470 ff8a9000 00a33500 ff586c00 00d29300 ff294e00 00e7ba00 ff123700 00f1a600
PCM 008478 ff073c00 00e32100 ff16f000 00c6b300 ff2f7a00 00b94800 ff3ea800 00b07b00
PCM 008480 ff480c00 00c74f00 ff2fb100 00c9cf00 ff2d2c00 00e5a400 ff182200 00fee400
PCM 008488 fefa9f00 0120a700 fed7ba00 01292200 fecdd100 02b5a700 fd3da700 044b4200
PCM 008490 fb9e1d00 04bd1e00 fb2ade00 03cac900 fc263800 03763a00 fc772500 03075500
PCM 008498 fce78900 02030d00 fdf23800 0089c500 ff716500 ff8a9300 0072c100 fe829c00
PCM 0084a0 0180c200 fe131a00 01ee2200 fe90bc00 01712300 ffad6300 004d7900 ffe85c00
PCM 0084a8 0012b800 ffd32f00 0026e300 fff4d700 00077400 00046c00 fff7f300 ffc04e00
PCM 0084b0 003bde00 ff962b00 00679800 ff613b00 009a8800 fe937400 016f3300 fe109200
PCM 0084b8 01f68700 fe401100 01c4a600 ff41dd00 00bf6b00 002fa600 ffc7c100 00f75f00
PCM 0084c0 fefdb900 00fa3300 fefce900 00ebbc00 ff07d800 009a9a00 ff5e4700 0075f300
PCM 0084c8 ff879e00 ffeeeb00 000a6500 ff5a7500 00a47d00 fedfd700 011da300 ff2c1800
PCM 0084d0 00d6aa00 fff21900 000b7b00 00acee00 ff49b300 015c5f00 fe976800 016d7c00
PCM 0084d8 fe862000 00cae400 ff2a5c00 00497600 ffb46e00 fffd8800 0001fb00 ff946100
PCM 0084e0 00652d00 ff546300 00a97d00 ff082800 00f31500 fed24c00 012ccb00 fef7dc00
PCM 0084e8 010ca300 ff3c0300 00c56200 ffdc3300 001ec900 00563c00 ffa1c400 005f4300
PCM 0084f0 ff9b0800 ffde9200 001d0b00 003a1600 ffc2c700 000db700 ffeccb00 00120600
PCM 0084f8 ffe58800 ffde9300 001a1800 0010d100 ffe85700 ff7e2700 007f3b00 ffcf7000
PCM 008500 002ed000 00deb200 ff1b7200 01395700 febc2d00 00cfc100 ff29e300 00c2cf00
PCM 008508 ff39eb00 0113dd00 fee4fc00 00286b00 ffd6bc00 003c6c00 ffbb5800 00dc8600
PCM 008510 ff1e1000 00e84e00 ff0e9400 00273b00 ffd2b500 00cc6400 ff28e400 010bc100
PCM 008518 feebf000 01322700 fec4ec00 01543b00 fea22200 01516300 fea2ab00 0019fe00
PCM 008520 ffe0ad00 ffee3600 000d3200 ffb8b900 0043a300 01030400 fef3a500 ffa2ac00
PCM 008528 005d5700 007d7900 ff778000 ff770200 00853500 00d8ef00 ff1a6e00 fffc4800
PCM 008530 fffcc500 01f66d00 fdf70b00 0077d900 ff856500 016e5800 fe889900 ff8d8e00
PCM 008538 00716c00 00c03f00 ff3a2a00 ff55c200 00a71100 00860100 ff726800 00835f00
PCM 008540 ff75cd00 01165600 fee17200 00652b00 ff993600 01a86a00 fe4bce00 019f4300
PCM 008548 fe534c00 02550a00 fd9c3b00 00b48000 ff45b600 00e83500 ff0f0200 00272c00
PCM 008550 ffd1cf00 009a2400 ff5b8000 009dc600 ff5a3a00 0157cf00 fea08500 00ec8d00
PCM 008558 ff06d000 01a0ad00 fe54d400 02b2df00 fd3f1400 028aab00 fd662e00 02feb000
PCM 008560 fcf44300 03dc9e00 fc0f8300 05306200 fab89400 05eeac00 f9f0ca00 044a3a00
PCM 008568 fba38700 05025500 fae8eb00 04743c00 fb784c00 052af600 fabf8800 03670100
PCM 008570 fc887f00 02f3d800 fcf74c00 02098b00 fdec1300 016ecf00 fe8b0000 010be100
PCM 008578 fef1b300 01327800 fec63800 00c5b900 ff31c500 006e1200 ff8c0a00 00716b00
PCM 008580 ff8cac00 00983900 ff653c00 00802c00 ff7d5600 00617e00 ff9a0000 009d5a00
PCM 008588 ff596f00 00265c00 ffd72b00 ff475d00 00b1f100 fffc9b00 fffebc00 01056100
PCM 008590 fef60d00 012fbd00 fecc2a00 0138af00 febe4b00 0179cd00 fe7e6400 02194600
PCM 008598 fdd6b000 02465700 fda9ab00 0278cd00 fd744e00 02a1cf00 fd4cfa00 02102100
PCM 0085a0 fde3cd00 020fc200 fde59b00 02409d00 fdb2da00 02a19a00 fd4ce500 02998d00
PCM 0085a8 fd580900 02610700 fd8be700 020e0700 fde30d00 01e66800 fe0aeb00 013b6100
PCM 0085b0 feba9300 00f39b00 ff064100 00ed7900 ff0c4300 00756f00 ff81de00 006f2a00
PCM 0085b8 ff8a7c00 00378b00 ffc22900 005b2f00 ffa21c00 00543100 ffa55c00 005bb800
PCM 0085c0 ff9ff900 007a3500 ff7f8a00 002b4c00 ffd2ea00 ffe17d00 001cbc00 ffb71400
PCM 0085c8 0045d000 ff8a0800 0072d300 ff816800 007c7f00 ff93a100 00670600 ffc64700
PCM 0085d0 0033ad00 00169100 ffe66800 0047f900 ffb64c00 009b8a00 ff5c7d00 00ba0800
PCM 0085d8 ff415600 00b35700 ff46ad00 00a25900 ff54c200 009e3000 ff5ca300 0052bc00
PCM 0085e0 ffa8ce00 004ee900 ffac5600 00606a00 ff95d300 00542400 ffa85800 00080f00
PCM 0085e8 fff6ff00 001f1700 ffddca00 00555300 ffa61b00 002f4700 ffcbae00 ffb6f700
PCM 0085f0 00474100 ff7b3f00 00864c00 ff36f700 00c6d800 fee4e600 011a5600 fea9c000
PCM 0085f8 01586c00 fe94b200 016fda00 fe8e7e00 0172f200 fe74c300 01919e00 fe87d800
PCM 008600 01783b00 fe71d600 0190b900 fe30b000 01d6ef00 fde52600 021dc600 fdda6e00
PCM 008608 022c8e00 fd978100 0270b000 fda06500 02650200 fde70000 021efa00 fdfbbd00
PCM 008610 02062100 fe07d600 01fc5200 fe925800 0171be00 fea6a500 015d2d00 fe70a900
PCM 008618 0191e200 fe784400 018b2b00 fec5fb00 013b9100 fec80800 01394d00 fe7d3600
PCM 008620 0182a600 fe9e6f00 01645d00 ff2d1d00 00d20e00 ff425d00 00bfd100 ff4de400
PCM 008628 00afb800 ff9ee200 005ddb00 ff861c00 00779900 ff9ede00 005f6a00 ff784100
PCM 008630 00823500 fecebd00 0135b000 fe176200 01ed2c00 fe03f700 01fbc000 fe53ec00
PCM 008638 01b22500 fdf7f200 020c6d00 fe285100 01de2e00 fec37700 01397400 fedd5600
PCM 008640 0121ff00 fec99f00 01362800 fee2ba00 011a5700 feb06e00 0152a900 fe3f5a00
PCM 008648 01c2e400 fe808800 01805200 feace700 01559e00 feab8700 0155a400 fedd2500
PCM 008650 01236200 ff112100 00f23400 ff334100 00c85100 ff842700 007a6000 ff6fc500
PCM 008658 008f8b00 ff39e900 00c68900 ff472900 00b3b000 ff4d1d00 00b3fa00 fefdc500
PCM 008660 01012500 fee10a00 011e5200 ff43d200 00bd3f00 ff7b7c00 00853f00 ff1d9300
PCM 008668 00e27000 fef40700 010f0000 ff38f800 00c5d900 ff1c3f00 00e4ea00 fe8d3500
PCM 008670 01733800 fe66cd00 01966000 fe151200 01e87600 fd917900 0271f500 fdba2200
PCM 008678 02478c00 fe320500 01d41900 fe14bc00 01f40f00 fe25df00 01d7fc00 fe87b800
PCM 008680 01788800 fec75000 0136be00 fe487200 01ba1f00 fe3cee00 01c93000 fe03c700
PCM 008688 01fe0400 fe131400 01ee3f00 fe708a00 01903200 ff250f00 00dbcf00 feac6b00
PCM 008690 01561c00 fe5bf200 01a66c00 fefc9700 01035f00 ff450f00 00b79600 fe77f600
PCM 008698 01899200 fe117300 01f3c200 fe87b500 017bb600 fea4d700 015c8700 fdf7aa00
PCM 0086a0 02095500 fdafee00 0254b000 fe608e00 01a39600 febc6900 01460000 fe890000
PCM 0086a8 017abf00 fecf1e00 01387c00 ff294800 00d66900 ff5f1700 00a16a00 ff968c00
PCM 0086b0 0064c600 ffb77f00 00470c00 fe6cd800 01996700 fdfd2100 0203e700 fe29a200
PCM 0086b8 01d89000 fdfea600 0207c900 fdc38100 023e1f00 fe3d5e00 01c1d900 fe871f00
PCM 0086c0 017ab400 feb80200 014a4000 ff62f600 009bec00 001e5300 ffd91700 ffb62800
PCM 0086c8 0045d900 feaa6100 0156d600 fe462600 01bbc800 fe458700 01c2d000 fe315f00
PCM 0086d0 01d08300 fdab6e00 02595c00 fe33bf00 01cd0000 ff76a000 008b1d00 004d3200
PCM 0086d8 ffad9a00 ffae6500 00564100 ff81a200 00789c00 00066e00 fff4a300 00812600
PCM 0086e0 ff792900 ffaaee00 0052dc00 fe929c00 0171bb00 fe5a6000 01aa4b00 fe67f500
PCM 0086e8 019c7300 fe90a800 01727400 ff429f00 00bbfd00 ff96f600 0066a200 001e4600
PCM 0086f0 ffdebb00 00b9d500 ff426400 004ca800 ffb0ef00 ff1e2f00 00dee600 fec42b00
PCM 0086f8 013a8300 ff786700 00879c00 ffa8af00 0055b100 fef98200 0109dd00 fe9cd700
PCM 008700 01679400 fee8bb00 0117ff00 ffb6ee00 00466800 fff72400 00049d00 ff9fa800
PCM 008708 00604000 fea77900 0157a100 fe7f2a00 017d8300 ff843c00 007bc200 000adf00
PCM 008710 fff1d700 ff2c0600 00d27900 fe53e600 01af5e00 fe811e00 017ea500 ff179700
PCM 008718 00e7d400 ff14ff00 00ec6700 ff087700 00f2a000 ffeb5200 0013f300 ffe4df00
PCM 008720 0019fe00 ff184400 00ed8f00 ff82cc00 007d9900 fff6e100 0002bb00 ff74a800
PCM 008728 008b4200 ff8e1e00 006efa00 00790600 ff7d9e00 ffa81000 00541a00 fe964f00
PCM 008730 016aab00 002aea00 ffd22200 00922000 ff667900 feae0200 0154ba00 feab8600
PCM 008738 0158cd00 ffd98300 00228700 fff9cb00 ffff7000 00798800 ff834600 00dc7a00
PCM 008740 ff1e8100 00176700 ffe51900 ffea5200 0013b100 001cf800 ffe25b00 ffcf9200
PCM 008748 002fab00 fe99df00 01667200 fe12ef00 01f50e00 fe592600 01a82000 fe5cd600
PCM 008750 01a5d600 fede8d00 01233200 0030d500 ffc8f400 013af300 febeb400 00eeb400
PCM 008758 ff0b6f00 007db100 ff7b4a00 00402a00 ffb80d00 003d4900 ffc07000 00687400
PCM 008760 ff93d700 ffc2dd00 0039ab00 fef1ce00 0113ad00 ff22e900 00dd0e00 fff63200
PCM 008768 00062e00 00a94500 ff541700 01189100 fede9d00 01716300 fe818e00 0137b800
PCM 008770 febbd600 002b8e00 ffd08900 fed56800 012d5f00 feba3900 01483700 fe5c4500
PCM 008778 01a2da00 fea14100 015e2a00 ff5a1100 00a11600 ffe4a200 00173e00 007b0700
PCM 008780 ff801300 015d2700 fe994400 01c5f400 fe2c6500 008bc400 ff68af00 fffecb00
PCM 008788 fffa0900 fff10100 00071f00 ff6e0000 00904a00 ff579700 00a65500 00b6dc00
PCM 008790 ff3faf00 01a12900 fe51b100 00a42f00 ff55ac00 00eeee00 ff079a00 0196c200
PCM 008798 fe617300 01a24700 fe553100 01d0f000 fe241800 016dcd00 fe89fe00 fff0c800
PCM 0087a0 0009da00 ff0fed00 00ed8400 00251200 ffd59e00 00c8ba00 ff357600 00785600
PCM 0087a8 ff85a600 0066b600 ff93b400 01d59f00 fe1d5700 02213c00 fdd4d500 0126dc00
PCM 0087b0 fece5200 ffb5e200 0048d800 ff2e4700 00d2d900 ff346a00 00caa900 ffbe9f00
PCM 0087b8 003fe800 000be800 ffef4a00 ffac8300 004e1a00 010d2200 fee7e300 02563900
PCM 0087c0 fd9f0400 022a4200 fdc40c00 00452900 ffb53e00 00185500 ffe4d600 00240100
PCM 0087c8 ffd84300 002b7e00 ffd23500 00144200 ffe7ee00 ffd14f00 002a9000 00c4be00
PCM 0087d0 ff34b100 0132fa00 fec77b00 01724200 fe7e5600 01143100 fee19d00 0137c900
PCM 0087d8 febdbb00 01b47100 fe411500 019de500 fe583f00 00f23300 ff04ca00 ffe8de00
PCM 0087e0 00127c00 ff890900 00786600 ffa0c900 005a6400 00028600 fffa1000 ff893400
PCM 0087e8 00748b00 001a5100 ffe2c700 016c0e00 fe8aec00 01364500 febe4900 00a19900
PCM 0087f0 ff54ea00 008e8900 ff6b2200 0041cd00 ffbd9300 ffcdc900 00312f00 fff34ePCM 0087f8 000a3e00 fff1c200 000a1000 ffc30900 0035ab00 01072600 fef1a300 01fdd700
PCM 008800 fdf32a00 00e42e00 ff120300 fff31900 00090c00 00b67900 ff442300 015c2600
PCM 008808 fe9cd200 01466700 feb2f400 007da900 ff7e8a00 ffb15d00 004be800 000b4400
PCM 008810 fff48e00 0065b100 ff945c00 00286900 ffd32300 ffeaa300 00132f00 00e32600
PCM 008818 ff174a00 0168af00 fe8b8d00 01657f00 fe950c00 0139e000 fec08f00 00ec0000
PCM 008820 ff0d6c00 004ad300 ffb00a00 ffa6bc00 0059e600 ff717700 008d5a00 ff79d500
PCM 008828 00845d00 003d2500 ffc15600 00c23900 ff34a600 00649a00 ff99fe00 ffb0eb00
PCM 008830 004e3d00 ffc03000 003faa00 006f4600 ff8eab00 0069c100 ff923b00 0095b800
PCM 008838 ff68c400 00c02700 ff396300 00b02d00 ff4b8200 00af3a00 ff4b2100 00d39c00
PCM 008840 ff220b00 00649300 ff943c00 ffe27600 00191b00 ffe69000 00153200 0005eb00
PCM 008848 fffbda00 ffc91200 0035b500 00046900 fff44300 005b2600 ffa1d600 00401d00
PCM 008850 ffbb0f00 0027ed00 ffd1bf00 ffb8c800 00447600 ff852f00 007aee00 ffb0ba00
PCM 008858 004d8500 ffb15b00 004c9d00 ffc12900 00404200 ff833300 007a4b00 ff7f7000
PCM 008860 007f3e00 fffbeb00 00006400 0064a700 ff95e500 ffec9d00 000ca900 ffc1e500
PCM 008868 0039b000 003d3900 ffbe2900 005e0200 ff9b9500 ffccca00 002e2e00 ff9dad00
PCM 008870 0061e700 ffbce200 003ed700 ff5d1600 00a54200 ff7c5600 00826500 ffa3a400
PCM 008878 005b5800 ffb1fe00 004cf400 0007f400 fff1d300 004c7a00 ffae7900 fffce500
PCM 008880 fffdb400 ff6f9900 008f3000 ff180a00 00e9f400 febb5600 0145f900 fe403b00
PCM 008888 01c00600 fdef9c00 02192400 fdea0a00 02190d00 fe362c00 01cb0600 ff265600
PCM 008890 00d94f00 003dc500 ffc11f00 002faa00 ffd0c900 0032fa00 ffcbbd00 fff9b200
PCM 008898 00049b00 ff933900 00678b00 ff057800 00fbe800 fe5f3b00 01a62400 fe51b500
PCM 0088a0 01b3af00 fe8c9f00 01765d00 fefbcb00 01016700 ff2b7800 00d09e00 fff4f000
PCM 0088a8 000a6500 00b27800 ff482400 00729800 ff86d900 ffdc1200 001a8b00 ff1ef500
PCM 0088b0 00dea800 fe2b1500 01d6e200 fde02500 0223eb00 fe768600 018ab500 fe3acd00
PCM 0088b8 01ca2800 fdc6e800 023ba400 ff058200 00fe9700 005c9a00 ffa16a00 00214700
PCM 0088c0 ffddb400 ff341c00 00cbfb00 fef17800 010c1b00 fe420000 01c18500 fdc62400
PCM 0088c8 02413000 fdb34d00 024ec900 fda3c900 0263f500 fde31e00 02222200 fecc3800
PCM 0088d0 01365700 fef9b700 01036200 fe8e8100 01765c00 ff4d8900 00b50600 0070bb00
PCM 0088d8 ff877600 ffab5600 00509c00 fecb0400 0132c800 ff626100 009a5e00 ffcfaf00
PCM 0088e0 002a3100 ff6a1700 0093be00 ff0b2700 00f4a100 fef50d00 01070700 ff38fe00
PCM 0088e8 00c31100 ffc0e800 003b4d00 ffe37900 00170600 ff264100 00d5de00 feeb3600
PCM 0088f0 01139300 fecc3b00 0136e500 fe6ac000 01998400 fe5c8500 01a5cc00 fee8e500
PCM 0088f8 0117fb00 ff10ae00 00ed1800 ff3c1500 00c0dc00 ffbabc00 003e6000 fffc2d00
PCM 008900 00033700 004f0000 ffaaed00 006bc200 ff90e600 fffefc00 fffd6600 fef72c00
PCM 008908 010aa100 feecdd00 0112b800 fefd0b00 01024800 fe3b6400 01c5d600 fd2d0100
PCM 008910 02da2600 fd272900 02e6d900 fe343300 01ca9000 fff05c00 000d5300 0121f900
PCM 008918 fed2aPCM 008920 fea18a00 00729d00 ff87fd00 ff5f7100 009dfe00 fe94d400 016b0100 fe276a00
PCM 008928 01dbb900 fe284700 01dbb200 fe8e0800 01735300 ff0c3200 00f4ff00 ff0cbe00
PCM 008930 00f4ac00 fea70 01578b00 fe293400 01d7ab00 fe333600 01d01d00 fef90a00
PCM 008938 01083b00 ff236100 00dccd00 fe7e2300 0183e100 fe989500 01679100 fff38400
PCM 008940 000b5300 01355d00 fec3e100 019e1300 fe5cfa00 0128b600 fece4c00 0096e900
PCM 008948 ff623c00 00340200 ffc78a00 000f4f00 ffef2900 ff932d00 00711600 ff578000
PCM 008950 00ab3f00 ff62e500 009c6d00 ff5e0e00 00a59000 ff91d500 00706a00 ffdd8d00
PCM 008958 0020d000 ffePCM 008960 020b2d00 fdf0e000 02121700 fe675400 019c6800 fe9c1a00 01641800 fee4b200
PCM 008968 011b4b00 ffe40c00 0019d900 00c64500 ff2dac00 00fa3a00 fefd2300 0158e300
PCM 008970 fe9e2200 01a99a00 fe4bdf00 016a4200 fe929400 008e4a00 ff6d8400 ffbc5e00
PCM 008978 0046ca00 ff2fda00 00cf7500 ff163600 00ea6e00 ff41c400 00bf1a00 ff2f6f00
PCM 008980 00d24500 ff44eb00 00bd0c00 ffe57300 0013e500 00043a00 fff2c000 ff77d800
PCM 008988 00889300 ff0f0c00 00f53f00 fef43d00 010cf400 ff246400 00e03300 ff72cf00
PCM 008990 00880f00 ffb84000 0042a200 006e7600 ff8c8300 00e62100 ff15a000 00993200
PCM 008998 ff5ec800 ff888500 00761b00 fec5d200 0140ba00 ff0a6b00 00f60f00 fef72e00
PCM 0089a0 0109aa00 fe6c7400 0197ae00 fe7f7200 01830700 ff293800 00d4a400 ffe08b00
PCM 0089a8 001caf00 000d5300 fff1ae00 ffedf700 00107700 ff716b00 008dcf00 ff665000
PCM 0089b0 009b9000 ff6e7b00 00923400 fef89b00 010ab700 fed9a000 0126aa00 ff2a8300
PCM 0089b8 00d60b00 ff80c000 00799e00 ffc20e00 0037e200 ffe10c00 001b9700 fffffe00
PCM 0089c0 fffca800 ff95cd00 006c7b00 fea6f700 015a7600 fdc57400 0241c000 fdf54b00
PCM 0089c8 020f1d00 ff04bb00 00fee700 ffbe2200 00416b00 ff760b00 00871500 ff914d00
PCM 0089d0 00702a00 0056e400 ffa11e00 007da600 ff7c8d00 ffd90700 00254100 feea4c00
PCM 0089d8 01193f00 fe4ff400 01b51b00 fe53ed00 01afae00 fe33f700 01ce6300 fde69b00
PCM 0089e0 021ba300 fde42000 021e8900 feafbb00 0157b900 ff6af700 008f8300 ffb99c00
PCM 0089e8 0045cd00 003de400 ffbbf600 00b5cc00 ff414600 00bdeb00 ff3a4a00 0027fe00
PCM 0089f0 ffd34000 ff385200 00c83b00 febb6e00 0140b400 ff05de00 00fba800 ff28fe00
PCM 0089f8 00da9200 ff326d00 00cb7000 ff306100 00cf7200 ff48da00 00b7b800 ff411500
PCM 008a00 00bb8200 fe9ed500 0162f700 fdf54d00 020f1200 fd7a9c00 028a6a00 fd65b4PCM 008a08 02a26600 fe017f00 02028d00 ff216800 00db8e00 005a7700 ff9d4600 0109a600
PCM 008a10 fef05b00 01061c00 fef60c00 0075e200 ff816e00 ffbd8100 0043ed00 ff602a00
PCM 008a18 009f4500 fee9eb00 01172500 fe23c500 01e06400 fdf75d00 020c1b00 fecdb600
PCM 008a20 012fa500 ffe91800 000d3b00 00ff6300 fef62b00 01ce4d00 fe22d000 0189d100
PCM 008a28 fe6b9900 0023c900 ffd58b00 feed0000 01135900 feb89100 01492100 fe7fe300
PCM 008a30 0183e400 fe164400 01f07200 fe0fcc00 01f25d00 febf6700 013fff00 00874e00
PCM 008a38 ff731600 0216d200 fdddc200 024e9300 fda2ce00 0166dd00 fe909800 00ad6e00
PCM 008a40 ff4b4500 00e65800 ff0f4000 01263800 fed34c00 00d8ea00 ff245000 0012bb00
PCM 008a48 ffe7ee00 ffac0500 004fbf00 ffbc3400 0041b100 ff680500 00937400 feab2800
PCM 008a50 01510e00 fdbaba00 0247c300 fcf70d00 030e1b00 fcecdf00 03198b00 fdaaa000
PCM 008a58 0259fe00 ff081000 00f5b900 00e3f700 ff126d00 0284f500 fd6e8d00 03931a00
PCM 008a60 fc5a0f00 03ef7600 fbfe1a00 039dba00 fc504000 03108000 fce1f400 01d87100
PCM 008a68 fe1d8100 fff0f900 000b5600 fe4e1900 01b5b000 fd48a800 02b9c600 fd1ac700
PCM 008a70 02ec6f00 fd9d2500 0267e500 fe1aa100 01e97300 fe043e00 0200b800 fe25fa00
PCM 008a78 01daab00 fe86f300 017ac300 ff308200 00d28700 0012b200 ffe97000 00c73f00
PCM 008a80 ff326500 00f33800 ff00a300 0110ae00 fee7dc00 017a4500 fe7c1b00 01c93500
PCM 008a88 fe29e800 01e51e00 fe0eae00 01964e00 fe5f6500 00956100 ff660700 ff543200
PCM 008a90 00a5f400 fea5fa00 01599f00 fe898700 017ab100 feb38200 014d5200 fe917900
PCM 008a98 016f6a00 fe946700 01700400 ff334e00 00ca2300 ffdf2e00 001cf300 00827100
PCM 008aa0 ff770d00 013c0a00 feb8b300 01a01300 fe517500 01dbad00 fe18cb00 01fbc900
PCM 008aa8 fdfc0ff621d00 009b2300 fec75300
PCM 008ab0 01380200 febd8800 01440c00 fef93200 0108df00 fee48700 011f6300 fe83e900
PCM 008ab8 017f8500 fe4e7400 01b75600 fec79100 0139f400 ffae4700 00512800 0027d300
PCM 008ac0 ffd0b100 ffef1000 000efb00 ffbb5200 00460f00 00090300 fff0a900 00a1d800
PCM 008ac8 ff53cd00 017c2600 fe797800 02362800 fdbdea00 029c1400 fd555800 024ff200
PCM 008ad0 fd9be000 01733e00 fe825700 0016cf00 ffe98400 fedcb600 01275400 fe528a00
PCM 008ad8 01afbf00 fe19af00 01ece300 fe640b00 019d2c00 ff51f000 00ab6200 0012c800
PCM 008ae0 ffe94800 0071a200 ff837100 00a69e00 ff528b00 007cb700 ff7d7b00 0041e600
PCM 008ae8 ffba8100 ffa7a600 00548c00 ff086400 00f4d100 fe840000 017ce100 fe8b2100
PCM 008af0 01735400 ff49f300 00b2cb00 004f3000 ffaf8700 00eb3500 ff0f7500 013efe00
PCM 008af8 feb50c00 00fbf800 fefa9d00 fff8ec00 00056500 fefd8b00 01023000 fe4a4500
PCM 008b00 01bbbe00 fe1c0300 01e83d00 febba300 01473500 002baf00 ffd2ae00 01544900
PCM 008b08 fea21a00 01ef5600 fdffc700 0263e700 fd8bc800 021ba100 fdd55e00 01062e00
PCM 008b10 feec8200 ffccea00 002f7900 ff102600 00ef3200 fec0db00 01417c00 ff019000
PCM 008b18 00fd6c00 ff8dc700 0070bc00 0020be00 ffda6f00 0070dd00 ff8b4c00 009e0300
PCM 008b20 ff5d1000 0052c400 ffa80500 ff6c9a00 00939700 feb13300 01540f00 fe449800
PCM 008b28 01badc00 fe52b300 01acef00 ff164100 00e47400 0039fc00 ffbe6700 012bae00
PCM 008b30 fecfa100 0219d300 fdd90a00 02dec500 fd122500 02c26100 fd2PCM 008b38 fe65ae00 fff16900 000dc700 fe603200 01a2fa00 fd020a00 03054900 fcbf2d00
PCM 008b40 0349fa00 fdd14800 022f9a00 ff99db00 0064bc00 01222d00 fed3bf00 01f0bb00
PCM 008b48 fe054a00 021fe900 fdd5cd00 0202b000 fdefdd00 013a7700 febb4000 0020f500
PCM 008b50 ffde3800 ff3eac00 00c1a900 feec4e00 01182c00 ff40b000 00beba00 fff7fd00
PCM 008b58 0005e300 0074b000 ff864400 00b05f00 ff488900 00e2b300 ff16b500 00c6be00
PCM 008b60 ff362f00 005c9e00 ff9dc500 ff854100 007c2a00 fe2dea00 01d25400 fd652500
PCM 008b68 02a0b800 fe28ba00 01db0700 fffbf600 ffff6600 01e62600 fe11fb00 03074e00
PCM 008b70 fcec0800 029c7700 fd51bd00 0125de00 fed26600 ff9a7e00 005f6300 fe89dc00
PCM 008b78 01779900 fe31a800 01d5c400 fefecc00 01016200 00a8f500 ff53a600 024d9200
PCM 008b80 fda66d00 033a3300 fcb80a00 034a3300 fca51100 025d4000 fd8de800 0094f500
PCM 008b88 ff630700 ff65cd00 0096ca00 feb9d600 01476400 fe13a300 01ef2800 fdcbfc00
PCM 008b90 023c9400 fe530600 01b41a00 ffad9400 00520900 016c6300 fe8acf00 027e0c00
PCM 008b98 fd71c900 02174c00 fdded600 008a2900 ff6ed600 ff0b9100 00f3ec00 fe66aa00
PCM 008ba0 019d2a00 fe53d600 01af4900 fe994700 01698400 ff042300 00fd1b00 ffb87800
PCM 008ba8 00417800 00974500 ff634600 00835200 ff757600 ffb72400 00449300 ff6cec00
PCM 008bb0 008eef00 000cc200 ffee7b00 00649600 ff937d00 000f7c00 ffed5900 ffbf7100
PCM 008bb8 00396600 000c8800 ffeb8700 00ea8000 ff0dbd00 0199e800 fe5c8400 0193f100
PCM 008bc0 fe622b00 0142e900 feb37000 00bbce00 ff3be800 ffcabe00 00320e00 fe307400
PCM 008bc8 01d3dc00 fcc6f400 0340d900 fd25fc00 02e4f200 fedce200 01251300 00297700
PCM 008bd0 ffd06900 00f73500 ff03df00 01c31d00 fe358b00 02cc2900 fd1f5e00 0368aa00
PCM 008bd8 fc855c00 02b10800 fd3df800 012fff00 fec54000 0048ca00 ffb11e00 ffefa000
PCM 008be0 000a5e00 ff6a3200 00955000 fea6a100 01596c00 fe80ed00 017f9b00 ff06f000
PCM 008be8 00fe8300 ff4e0c00 00ad6f00 feb00c00 014f4d00 fddc3000 022af000 fde5da00
PCM 008bf0 021caa00 ff01f600 00fee800 00501e00 ffaade00 00e81300 ff129300 01ab8d00
PCM 008bf8 fe4c7600 029da600 fd54e400 03022900 fcee1600 02662f00 fd8aed00 0128e300
PCM 008c00 fecc4400 001aab00 ffe2bf00 ff5ea900 009e5e00 ff11d300 00ec2700 ffPCM 008c08 00e61800 ff76ff00 00852000 001ce600 ffdec100 00771a00 ff820b00 0062a200
PCM 008c10 ff97ca00 000ed100 ffefbd00 000d4f00 fff03000 006f6300 ff8a2100 00e97b00
PCM 008c18 ff12b900 01551700 fe9fe000 015e9200 fe994a00 013efb00 feb84900 00ba2900
PCM 008c20 ff3e3600 ffd25f00 002d9100 ff0ebf00 00f10400 ff5fc000 00a01100 ffff8400
PCM 008c28 00009600 ffcee300 002b1b00 ff08b300 00fb0900 febbba00 01467a00 ff412000
PCM 008c30 00bf4100 ffeec000 000dcd00 00497000 ffafa500 007dca00 ff7cd800 008ef800
PCM 008c38 ff687600 00c21100 ff362300 00ff4e00 fef7aa00 0143af00 feb26b00 01a68300
PCM 008c40 fe4f9b00 01c60c00 fe2d7600 011d2100 fed8a800 ffcbae00 002af800 fea13c00
PCM 008c48 0160fa00 fdbb1700 024bce00 fd3a6700 02cd9000 fd397900 02ca8a00 fe2b5800
PCM 008c50 01d4a300 ffb5ce00 0045fc00 010ec100 fee63600 019e7000 fe58c800 01598c00
PCM 008c58 fe984f00 014d3900 feb08600 01a41e00 fe4f9f00 01efa100 fe092700 019f2700
PCM 008c60 fe567900 00d90f00 ff215b00 fff31d00 00098700 ff520500 00af6300 ff91b500
PCM 008c68 006fb900 00583300 ffa77a00 00ee6800 ff07d000 01705600 fe866900 0137fa00
PCM 008c70 fec0d400 00457200 ffafc600 ff7e2400 00804500 ff21c000 00dcf000 ff006600
PCM 008c78 0102e800 ff077d00 00fb7100 ff1c8d00 00e0d300 ff60f100 009da100 ff9eb100
PCM 008c80 005c9100 0009ac00 fff18a00 00912e00 ff684600 00b3a000 ff457800 00913800
PCM 008c88 ff69c300 002ee200 ffcca300 ff721c00 008c4d00 fee0d800 0121a200 fe4ca600
PCM 008c90 01b50900 fdfd0500 0202e100 fe753a00 0191b600 ff9bf000 00623800 00a39000
PCM 008c98 ff566700 014f6800 fea7e000 01c36500 fe317100 01dcfa00 fe17d900 01cf1700
PCM 008ca0 fe289d00 02213100 fdd41600 02434300 fdb13100 01afff00 fe3ff100 00ea6900
PCM 008ca8 ff0f0400 00618400 ff9a8100 003be000 ffbffd00 00701200 ff88d700 00257800
PCM 008cb0 ffd58500 ff04bd00 00f4be00 fe142300 01ec4700 fde17700 02227000 fe4ec800
PCM 008cb8 01b4ca00 fec85c00 0139c300 ff385600 00c4f600 ffdda400 0021d300 00669d00
PCM 008cc0 ff931900 00c37300 ff349b00 00b38b00 ff446e00 002efe00 ffcb7600 ffdd0100
PCM 008cc8 001d0700 00041000 fff7bd00 0070b200 ff885900 00f78e00 ff02f800 01b52700
PCM 008cd0 fe3dc600 02354400 fdbe2f00 02686700 fd8a8300 02515700 fd9f7c00 01faaf00
PCM 008cd8 fdf95e00 016b2900 fe8cba00 0090f200 ff698400 ffe6fe00 0018b800 ffad5d00
PCM 008ce0 00514700 00120e00 ffe84500 006fbc00 ff8c2600 0033cf00 ffc7c500 ff61ca00
PCM 008ce8 009ce200 fed02800 012e2d00 fe99ed00 01686a00 fedff700 011cb000 ff722000
PCM 008cf0 008c8300 ffd2e100 002b9200 ffe1b500 001a9100 fffc3d00 fffe1000 00378600
PCM 008cf8 ffc88d00 004a7000 ffb24d00 0081ad00 ff73fa00 012d4b00 fec94b00 01d6c500
PCM 008d00 fe18af00 02459d00 fdadca00 02750100 fd7a9b00 02656000 fd8ee100 01b50900
PCM 008d08 fe455f00 0077a100 ff84d300 ff40cc00 00c0de00 fe637000 019d8b00 fe2b4000
PCM 008d10 01d82000 fe583300 01abd000 fef35500 010f1400 fff4e600 000ac900 00ebe100
PCM 008d18 ff0e1600 00f16f00 ff088900 002d2a00 ffce9900 ff625d00 00a08700 ff3b9300
PCM 008d20 00c73200 000aaf00 ffeeae00 014cd700 fea8c900 02a58b00 fd50e000 03821e00
PCM 008d28 fc6ed900 038e8b00 fc5fd400 029e9300 fd54d700 00df4800 ff1bb800 ff639900
PCM 008d30 00a08700 fe338000 01d2f400 fcf10c00 031a8e00 fbb1cf00 045c3200 fb76ee00
PCM 008d38 04984600 fcd58100 0331ba00 fed21100 012df100 002d2600 ffc95300 00a25e00
PCM 008d40 ff56f000 00ea1e00 ff0fb900 016f3a00 fe8ac100 01ad2f00 fe484000 01a83f00
PCM 008d48 fe4e8f00 01718100 fe85d500 01d8e400 fe1f1700 02b6b600 fd3cf300 03125b00
PCM 008d50 fcdea300 02163100 fddc4f00 00480300 ffb16900 fe19d100 01e8fe00 fc38fe00
PCM 008d58 03d1a100 fb636800 04ae3f00 fb46f100 04c99100 fb9ae200 04723000 fc273100
PCM 008d60 03e2b000 fce88a00 03219700 fdaaf500 025b7400 fe9a1c00 01689000 ff8afe00
PCM 008d68 00734500 00537400 ffa6cd00 01661000 fe960400 03006400 fceddf00 04568900
PCM 008d70 fb938500 04d50400 fb121f00 045ae500 fb8f0000 0342c600 fca9e600 01f33900
PCM 008d78 fe03df00 00951800 ff659500 ff2bab00 00d2ce00 fe02e300 02001600 fd49c600
PCM 008d80 02b92e00 fd80aa00 02820000 fe32ec00 01cfdPCM 008d88 0132bc00 fed67600 012c1400 fea9f600 015cd600 febb8100PCM 008d90 00abca00 0043de00 ffb7e400 015e1400 fe9a3600 01dd0c00 fe198500 01fadc00
PCM 008d98 fdf72e00 01aa7600 fe487400 01165300 fee28200 00059d00 fff86e00 fe85e700
PCM 008da0 0179da00 fd379f00 02d12700 fc9f9a00 036cce00 fcb9b600 03513900 fd2e3c00
PCM 008da8 02d1a700 fdc3e300 02438900 fe7fd700 017dfa00 ffc24700 00341d00 00902c00
PCM 008db0 ff687800 006a4100 ff91aa00 ff447f00 00bb7400 fe543d00 01ac2200 fe512200
PCM 008db8 01b1b300 fef6f100 01054400 ff927700 006cc900 fff51e00 00059e00 0009f900
PCM 008dc0 fff1e500 ffb01b00 004eb900 fea33000 015cb200 fd4bfc00 02b8c80PCM 008dc8 037f4100 fc674000 03a46f00 fc89d600 03831500 fcbf3a00 03494d00 fd62e500
PCM 008dd0 02a27c00 feda3600 0128cc00 005a3500 ffa43700 01233e00 fed60e00 0196e700
PCM 008dd8 fe609b00 01f06d00 fe070000 0220c100 fdd43b00 01b4da00 fe44d700 00dbed00
PCM 008de0 ff207100 007b8c00 ff7fc400 0099b300 ff5c2400 0047f600 ffb4ae00 ff345b00
PCM 008de8 00c78700 fe1fb000 01e69700 fd906c00 0273a500 fd72ea00 02921900 fd3b5600
PCM 008df0 02ce0700 fd15ee00 02f39300 fd7f7300 0288ad00 fed70200 012a9000 fff98a00
PCM 008df8 0002ab00 00928500 ff681600 01362400 febf1800 0214b800 fddefb00 025ec000
PCM 008e00 fd90c500 0193cb00 fe63d000 fffac700 0000e900 febeb300 01432a00 feb5a700
PCM 008e08 01495100 ff326200 00cf2a00 ff873600 007a7d00 ff9d6700 00658900 ff7fb200
PCM 008e10 00822600 fee6df00 01185c00 fdcfaa00 0235ad00 fd23d100 02e43500 fd749500
PCM 008e18 02930700 fe98df00 0168d300 ffce8800 00308500 00637100 ff97bf00 00927d00
PCM 008e20 ff67a100 00a42d00 ff54f700 00243a00 ffd92b00 ff25ae00 00da7f00 fe82c200
PCM 008e28 017e7100 fe560000 01ad5d00 fe7b9100 01897600 feabc200 0157e300 fea52500
PCM 008e30 015fab00 feeecd00 0110b300 ff3b1000 00c69500 feeb2500 0118fd00 fe43fb00
PCM 008e38 01c13200 fdd9ee00 022a3500 fe4b9800 01b87c00 ff7b1b00 0085a400 01110300
PCM 008e40 fee24f00 02748e00 fd7da800 033c7500 fcb18000 02f65900 fcf81e00 01d19000
PCM 008e48 fe250d00 0028a300 ffd24800 feb2d900 0151a200 fdf35d00 02123200 fdaf1600
PCM 008e50 02578100 fe02a000 0201df00 ff1d4300 00e29400 005a8b00 ff9c7100 00bd7400
PCM 008e58 ff3ff700 0074cd00 ff871e00 ffd2fe00 002c0500 ff2fb600 00cfba00 febfd900
PCM 008e60 0143a500 fed72e00 0127e900 ff8e2000 0072c200 01229b00 fed71000 0310c200
PCM 008e68 fce02400 03f76800 fbf3dd00 0358c700 fc947600 01b38100 fe3c1300 ffc0d300
PCM 008e70 003d1300 fe325100 01d0c800 fd756700 028e0100 fd522200 02b62200 fdcd8d00
PCM 008e78 02367b00 fe5d7800 01a6a800 fed91900 012cbd00 ff09ee00 00f38100 ff09bd00
PCM 008e80 00fae800 fec65200 01399000 fe186500 01e8d700 fdb65300 02514900 fe412a00
PCM 008e88 01c34d00 ff997400 00641500 016af300 fe8f0300 02f23900 fcfa9400 03881900
PCM 008e90 fc641b00 03410600 fcadc400 02383dPCM 008e98 00e37300 fe51bc00 01b2ee00 fea4e200 015c8800 ff220800 00e34800 ff635200
PCM 008ea0 009a5100 ff7ee400 007f7900 ff4ab700 00b57100 ff1e3f00 00df5800 fecc5f00
PCM 008ea8 0135f800 fe50eb00 01af6e00 fe172300 01ed9100 fe72e800 01908700 ff69aa00
PCM 008eb0 00950700 00613000 ff934700 014dad00 fea8f400 02067f00 fdee5400 02169c00
PCM 008eb8 fdd94a00 011c7400 fede3e00 00090600 ffeffb00 ff2ffd00 00d14700 febdb400
PCM 008ec0 0143f700 feb58e00 014c8200 feb01a00 01528100 fea03400 01619600 ff0b2800
PCM 008ec8 00f40100 ffd61700 00272c00 0068d300 ff93cc00 006ae900 ff8b4000 006cc200
PCM 008ed0 ff916500 00257200 ffd99000 ffc30b00 00398700 ffcf4200 00324b00 00282500
PCM 008ed8 ffd3fd00 00bbc500 ff396800 01675d00 fe8df600 01b90400 fe3da700 012d2300
PCM 008ee0 fec37f00 002b6e00 ffca3400 ff6a2600 00933800 fed23800 012ca500 fedde400
PCM 008ee8 01216400 ff785800 00833f00 fff4d800 00012f00 0009cf00 ffeff100 0000a900
PCM 008ef0 fffa3300 ffad8300 0050db00 ff3b1500 00c72100 ff62b400 009c3900 ffede300
PCM 008ef8 00088100 00867a00 ff742e00 011da300 fedbdb00 01aecd00 fe4c4000 01a2d200
PCM 008f00 fe4f1200 01362c00 fec23500 008a8400 ff6edc00 ffde3200 001f2700 ffd26300
PCM 008f08 002add00 0033aa00 ffc6a500 00c39800 ff37b900 01669a00 fe8c8900 01eeb800
PCM 008f10 fe0a7300 10000 ff6c8100 00904f00 0004d500
PCM 008f20 fff8e700 00d38c00 ff228b00 01582700 fe9bed00 013c9000 feb6bb00 01364300
PCM 008f28 febf2200 01636200 fe929100 017e7e00 fe774c00 01f92c00 fdfc4b00 02306000
PCM 008f30 fdc16d00 01d86c00 fe1b6500 0193f900 fe5fa300 01997900 fe5e7300 01477b00
PCM 008f38 feabe200 00bf1600 ff37ba00 0057d000 ffa21300 00182900 ffe1cf00 003e3800
PCM 008f40 ffbb4000 00982300 ff630e00 00c4a400 ff313f00 005d6800 ff9c2800 00104300
PCM 008f48 ffe60100 0007f200 fff27700 0014b600 ffe48700 00bbf400 ff3f5900 01660c00
PCM 008f50 fe909c00 01ac6900 fe461800 0218bf00 fdde9b00 02542f00 fd9b1d00 01fcf700
PCM 008f58 fdf63900 012fde00 fec24800 0044fc00 ffb91300 ffe8ea00 00167600 fff89800
PCM 008f60 0001e400 00569e00 ffabe500 00a53e00 ff4f4000 00ef9800 ff059200 016b1000
PCM 008f68 fe8dca00 021eb000 fdd0ab00 028fc600 fd610200 02391d00 fdb67000 01a2b700
PCM 008f70 fe533900 011cf700 fedaac00 00d5ef00 ff1f8100 00e25500 ff172600 01319400
PCM 008f78 fec70300 01112a00 feea6700 00769d00 ff807d00 fff0aa00 000ab500 ff912d00
PCM 008f80 006eaa00 ff1df400 00e08c00 ff142400 00e8dd00 ff79dd00 0082c200 ffa45000
PCM 008f88 0053dc00 fff58100 00006800 00651700 ff980200 005bac00 ff9c0700 0041ae00
PCM 008f90 ffb67100 00771800 ff7f5700 00927000 ff680c00 0081da00 ff73c600 0098c900
PCM 008f98 ff62ce00 0085b300 ff71fc00 00402800 ffb86c00 00494700 ffb45100 00a77900
PCM 008fa0 ff4efa00 00f1bb00 ff0a6100 00fe6000 fefa6500 00966e00 ff62c800 fff4bd00
PCM 008fa8 00080e00 ff854900 007f4600 ff80ec00 007b8c00 ff8cbe00 0071d200 fff0cf00
PCM 008fb0 000b1b00 00216800 ffd88e00 00287100 ffd31700 ffc70600 00337000 ff167e00
PCM 008fb8 00e93200 fe75de00 0186ed00 fe3ce700 01c49b00 fe4cd000 01b09d00 fe4a7300
PCM 008fc0 01b99700 fe4ae900 01b5e100 fe82d000 0180d300 fedb8400 01226f00 ff01ac00
PCM 008fc8 0100e500 ff1d2400 00e54300 ff0c3b00 00f2aa00 ff257400 00d68d00 ff19ed00
PCM 008fd0 00e5fc00 fec5d100 013ac300 fe842600 017d1100 fed78a00 01296b00 ff4e9500
PCM 008fd8 00b00c00 ffbd0300 003f9700 ffe1bf00 001dd900 ffd52900 00286b00 ffb8b600
PCM 008fe0 00478b00 ffa3e100 005c9d00 ff37a400 00c89900 fe93bf00 01736f00 fe3e3100
PCM 008fe8 01c3db00 fe407000 01c41d00 fe42a700 01c17800 fe524a00 01b05400 fe520d00
PCM 008ff0 01b02400 fe690700 019d4400 feb15f00 014f2200 fef3b400 010ebb00 ff12b900
PCM 008ff8 00ebff00 ff4b7f00 00b50900 ff7f8300 007d0400 ff874800 00758600 ff8dc400
PCM 009000 006e6300 ffbb8900 00406900 ffd78a00 00218f00 0020cc00 ffdc3300 00a77500
PCM 009008 ff50b300 010d4b00 fee91500 01181b00 fedd1e00 00e14e00 ff159700 00694000
PCM 009010 ff8e8900 00491f00 ffae9e00 00703400 ff892f00 00f9da00 ff00ee00 019c5200
PCM 009018 fe581e00 01e39400 fe146d00 01934700 fe627c00 0137f400 febb3500 00cf1900
PCM 009020 ff287700 00561f00 ffa5ba00 ffdd8500 001b2300 ffb0d800 004dfa00 ffcc2900
PCM 009028 002ae000 ffc3d100 003aeb00 ff5dcf00 00a1b100 fedafc00 01236a00 fe774d00
PCM 009030 018c0f00 fe58d600 01a9e500 fe969400 016c2e00 fec08800 013d9d00 ff338100
PCM 009038 00cf7600 ffb4fb00 00475c00 0028f700 ffd50d00 006f2e00 ff8e6900 005c2b00
PCM 009040 ff9f9300 00459c00 ffb1f900 004ee400 ffac7700 0086e200 ff6f5500 00de5f00
PCM 009048 ff1ae200 01422500 feb36300 017c2e00 fe796c00 01832e00 fe735c00 014a6200
PCM 009050 feaacf00 01251500 fed1fe00 00efb500 ff06dc00 00c9b500 ff2f9800 00ad3400
PCM 009058 ff4d0e00 00b1bf00 ff4a0900 00d4f200 ff23c600 011e4700 feda7000 01247700
PCM 009060 fece5000 00de1800 ff1fce00 00966f00 ff644700 0040c600 ffb96000 ffced300
PCM 009068 0030ad00 ff7de200 007e9400 ff968400 00670500 ffccc500 002a6900 00655000
PCM 009070 ff8fd300 00da3800 ff1c1600 00aead00 ff43f900 003bdb00 ffbffb00 ffb42c00
PCM 009078 00496300 ff5fef00 009d4600 ff43b000 00bca800 ff36bf00 00c87c00 ff1e0500
PCM 009080 00dfaf00 ff3d2b00 00c23d00 ff49dd00 00b62100 ff4a7d00 00b17a00 ff448500
PCM 009088 00b9ae00 ff5e8300 009e5c00 ff8a1700 00779300 ffe3e100 00191800 fffd7600
PCM 009090 0000da00 ffcf6b00 002b8600 ff57a800 00a4ff00 fefcfd00 01051700 fec67900
PCM 009098 013c8d00 fe635600 019bc000 fdd79100 022ddf00 fd1e3700 02e8ca00 fc63fe00
PCM 0090a0 03a8b900 fc486300 03c4ec00 fc84c500 03887400 fca68000 03646700 fcd35200
PCM 0090a8 03336900 fce53800 0321bb00 fca51500 035f0d00 fc4fdd00 03bab600 fc4b2000
PCM 0090b0 03c2cb00 fca1fa00 0368e300 fd69e600 02993900 fe3c3a00 01c53900 fec1cd00
PCM 0090b8 013f0600 fe95ce00 01695f00 fda9b900 025efe00 fcb80600 0352b400 fc240b00
PCM 0090c0 03e6f400 fc010600 04073b00 fc56a000 03b46f00 fcf93f00 03109f00 fd77cc00
PCM 0090c8 028cc400 fdd7f100 022d6500 fda5d300 02601800 fd119100 02f3be00 fc7a5700
PCM 0090d0 03926900 fbf58b00 04178a00 fbdb9a00 04343900 fc6f3500 039ee500 fd454a00
PCM 0090d8 02c78100 fe0b1600 01f85100 fe6a4e00 0197dc00 fe0dee00 01f8ec00 fd37fa00
PCM 0090e0 02ce0400 fc09f100 04051600 fb056d00 050d0500 fad4bf00 053f5400 fba69600
PCM 0090e8 0467e400 fcec8600 031d9c00 fdeb8c00 021ce300 fe360200 01d4c200 fe192b00
PCM 0090f0 01ea7a00 fe145300 01eef300 fe13f900 01f02300 fe30b100 01d08f00 fea02200
PCM 0090f8 01624800 ffb45100 00472100 0127e700 fecefd00 025b8000 fd987500 03028700
PCM 009100 fceb1f00 03659c00 fc8ab200 03b92400 fc345500 03c36c00 fc298000 039a9900
PCM 009108 fc533600 03a78900 fc464300 0431c500 fbb8e700 053f4e00 faa32b00 06051c00
PCM 009110 f9df9600 062cc300 f9b6a600 05b15700 fa32fa00 04f43900 faf63c00 045f9300
PCM 009118 fb8e0200 03eef100 fbfd0f00 03dacd00 fc135800 04019000 fbe83c00 04488100
PCM 009120 fba25000 04819800 fb6c9500 0474a500 fb770300 041f2d00 fbcb0e00 03efb800
PCM 009128 fbfcc300 04079c00 fbe64600 045de800 fb87ff00 04cf3f00 fb16d600 05320000
PCM 009130 fab98900 05890900 fa5ab800 05b2f100 fa303800 05cd9200 fa125200 05bcd300
PCM 009138 fa26a300 057be100 fa695100 0551fe00 fa943100 054b7700 fa99eb00 053f0d00
PCM 009140 faa98500 0515de00 fad2b800 04a2f900 fb411800 04047d00 fbeadf00 03113c00
PCM 009148 fcdf5400 02244e00 fdcceb00 01519c00 fea69b00 00991200 ff5fac00 00356b00
PCM 009150 ffc50200 00187f00 ffe2b100 00063d00 fff62300 00153100 ffe8d300 004e2a00
PCM 009158 ffaf0400 00711400 ff889d00 00b15b00 ff480100 0121df00 fed80600 015e3100
PCM 009160 fe9cb600 01477600 feacf900 01543f00 fea3a900 014c4d00 feaf6000 01464200
PCM 009168 feb48f00 01201d00 fed52400 00e84f00 ff109100 009f2400 ff5b2e00 001ac000
PCM 009170 ffe2a900 ff645100 00986c00 feaa4600 0154e100 fe10cd00 01f66600 fe010c00
PCM 009178 0205be00 fdd24100 02305000 fda7ae00 025ecd00 fd6eec00 02955a00 fd3fc300
PCM 009180 02c87b00 fd719100 02941300 fe154a00 01f01600 feb49200 014ed500 ff4ce900
PCM 009188 00b37300 ffbbad00 00469a00 ff45cd00 00bb0200 fe8fdb00 01700d00 fe078f00
PCM 009190 01fb2400 fdc9d000 023b9a00 fd9bc700 026a2800 fdc84b00 023cd500 fe2ba900
PCM 009198 01d80100 fe1f9f00 01e6ac00 fdb57c00 0253da00 fcfb1100 030f1300 fc7c9a00
PCM 0091a0 038d6300 fc55de00 03b59f00 fc2e2300 03dd6700 fbc8f300 04427e00 fb416f00
PCM 0091a8 04cc3c00 fb201200 04ef2300 fb1ab400 04f38f00 fb39d400 04d8b000 fb414d00
PCM 0091b0 04cc7900 fb4baa00 04c4e100 fb6c3100 04a1d900 fb448c00 04c81500 fab00300
PCM 0091b8 055e6400 f9d16d00 063f0300 f9489100 06ce8a00 f948ad00 06d15a00 f9806600
PCM 0091c0 06967700 f99c6d00 067cec00 f9e99500 062a8100 fae97c00 0528a800 fcd6a700
PCM 0091c8 03315600 ff06a000 00f83600 0068c500 ff8d2900 015f9000 fe954800 023e7d00
PCM 0091d0 fdb7ec00 031a6400 fcd5b200 03af4600 fc3e5c00 0463c400 fb871600 05ca5e00
PCM 0091d8 fa1b3300 07ba2c00 f81f6300 08d84100 f6fbe300 0859bf00 f782dc00 07070d00PCM 0091e0 f8d7ef00 05daa100 fa0cb500 051f7000 facb3700 047d3500 fb6fb900 04108400
PCM 0091e8 fbdb0200 03d67400 fc175f00 03971600 fc53e200 02f18600 fcfe9800 01f70e00
PCM 0091f0 fdfdb700 00c58300 ff309c00 000e1900 ffeb6d00 00101900 ffe6d500 00649300
PCM 0091f8 ff945300 008cd000 ff6edb00 00a96700 ff51e600 00f35a00 ff051800 01627a00
PCM 009200 fe94e600 01b34e00 fe46f200 0201e100 fdf48400 027feb00 fd6f5200 02f3d400
PCM 009208 fcf91600 03453100 fca4a400 03cd4900 fc1d6b00 0464ca00 fb85c600 05133500
PCM 009210 fad40a00 058fa500 fa590200 057f8a00 fa63dd00 05400300 faa2ae00 04f81b00
PCM 009218 faf25c00 04c5d900 fb20e400 04c95100 fb1db400 04dbbb00 fb0ff800 052b7100
PCM 009220 fabab800 0536be00 fab2a900 04ecdf00 fafd1a00 04507100 fb9c4a00 03ea8e00
PCM 009228 fbff3f00 03a5d400 fc475a00 0395d000 fc5ac200 0390de00 fc5fb900 039cc800
PCM 009230 fc4f9f00 03d94200 fc10f300 03e25000 fc04e500 03b87a00 fc30dd00 03816c00
PCM 009238 fc694900 03779300 fc77cb00 03712900 fc7cb600 036b6f00 fc817a00 034f6000
PCM 009240 fc9a5500 035f3c00 fc912500 035d9400 fc8f0500 0341b100 fcac9f00 02dd4700
PCM 009248 fd122f00 0248ac00 fda47600 019fd500 fe5b2000 00f9ca00 fefec900 007d6300
PCM 009250 ff79c700 0031f200 ffc8ab00 ffdafb00 001fd800 ff5bac00 00a2f300 feda9600
PCM 009258 0125e200 fe460400 01bd4700 fe09a200 01f63700 fe386300 01c9f700 fec7cf00
PCM 009260 0137e400 ff1de700 00e24700 ff628500 009c9500 ff804f00 007b5f00 ff875b00
PCM 009268 0076a500 ff5a5100 00a32d00 ff1b1b00 00e70400 fee6b400 01186c00 fee2e400
PCM 009270 011f0700 fef56c00 010c1400 fea17300 015e6d00 fe2b0200 01d90100 fd9a6200
PCM 009278 026be300 fce50400 03261d00 fc667c00 03a81b00 fc76a400 0393ce00 fcc10200
PCM 009280 03450900 fd0fd200 02f5fc00 fd42a000 02c52200 fd261500 02e08c00 fccfc300
PCM 009288 03396b00 fc928400 037b2500 fc6ce200 039a7100 fc623900 03a40000 fc827900
PCM 009290 03893300 fc65f000 03a3fc00 fbcaa200 043edd00 fb2d6700 04e49e00 faf81b00
PCM 009298 051aa000 facb5900 0546e100 fa743b00 059d3200 f9d4fd00 06404a00 f92d0200
PCM 0092a0 06eb5f00 f8892500 07936d00 f82c0000 07f07b00 f7c97100 0853b000 f75e0900
PCM 0092a8 08c5db00 f6d1d000 094e9400 f61f3d00 0a02ec00 f50add00 0b185400 f3d2e400
PCM 0092b0 0c59dd00 f2e6d500 0d489d00 f2850000 0da97300 f3787300 0cb55300 f61a6700
PCM 0092b8 0a06cc00 f9be4c00 06587600 fc75c700 0393af00 fdfd6000 01fbaf00 ff1b5100
PCM 0092c0 00e62700 00109100 ffec2500 00d70500 ff215300 021ff700 fdd3e500 04b5b700
PCM 0092c8 fb334700 07f36600 f7e96d00 0a500000 f5836200 0aa13600 f52e4800 0983b400
PCM 0092d0 f651d400 084e0900 f790ab00 07362b00 f8ab5e00 062f7f00 f9b73c00 052d3200
PCM 0092d8 fabbbd00 04bb7000 fb2f6900 04b48300 fb35ff00 0442d400 fba99100 0309d200
PCM 0092e0 fce70800 015e9800 fe99b600 ffd10900 002e3000 fed09100 01331600 fe2c3900
PCM 0092e8 01d69e00 fdd63700 022d1600 fdfa5e00 020aac00 feb77900 01485e00 ff78ce00
PCM 0092f0 0082b500 ffaac800 00554700 ff4cd200 00b17b00 fec2ca00 013d9200 fed0fe00
PCM 0092f8 0133a100 ff329100 00cfee00 00094e00 fff39000 01503b00 fea7c500 028a9200
PCM 009300 fd668200 03557b00 fc975900 03701c00 fc820a00 032cb600 fcc7fa00 0304e100
PCM 009308 fcecbd00 02e7d800 fd0c9d00 034ee700 fca09c00 04137100 fbd9cb00 04b03a00
PCM 009310 fb35b000 04e32c00 fb046e00 04910600 fb590d00 03ee6200 fbf88200 0363df00
PCM 009318 fc8bf800 02e9d600 fd06f500 02c56000 fd2b7600 02e65600 fd0a9b00 033f1c00
PCM 009320 fcadd400 0381f900 fc6a4d00 03787400 fc792f00 032d8600 fcc24f00 02f47c00
PCM 009328 fcf9ae00 02e95900 fd050d00 02c2a200 fd2f7500 02ce3b00 fd215400 02e28e00
PCM 009330 fd0f9b00 0314f800 fcd8be00 03614600 fc8e1700 03b3f800 fc37c700 03b90200
PCM 009338 fc385100 03a8f700 fc47ed00 03aa1f00 fc41ac00 03a45600 fc4bcf00 03a82d00
PCM 009340 fc449bea6200 043ff800 fba96e00 043d1b00
PCM 009348 fba98000 0406cb00 fbe10a00 037aa400 fc6f0b00 02e80a00 fd08ba00 026a4200
PCM 009350 fd870900 01e26400 fe0f4600 0160cb00 fe948d00 00d98100 ff1e1200 005dc100
PCM 009358 ff9a4500 ffbe0500 003e0e00 ff384a00 00c4ff00 fe886f00 0174f400 fe2db400
PCM 009360 01d61b00 fdd72500 022bff00 fd9f1100 0268f400 fd77a800 028c6f00 fd626700
PCM 009368 02a60800 fd71d400 0296be00 fd8eba00 02768700 fdad5000 025ac900 fe22df00
PCM 009370 01e3d200 fed20f00 012ee100 fef63300 0107fa00 fed43c00 012d0000 fedaa700
PCM 009378 01260500 fef4a500 010c9700 fef64700 01082700 ff12f500 00ecc700 ff0d6e00
PCM 009380 00f2013dd300 fe69ce00 019a9700 fde3af00
PCM 009388 021fb800 fd56da00 02b23d00 fd272300 02dfe100 fd0dcb00 02f98000 fcbc8700
PCM 009390 034cd100 fc3a7600 03d27200 fbb8e300 0455de00 fb78c700 0497fd00 fb43d000
PCM 009398 04c8fb00 faf30600 051ecf00 fa9f5400 05755f00 fa844800 0592da00 fa39aa00
PCM 0093a0 05db4f00 f9a35300 06711000 f9325700 06e0ab00 f8aef200 07692900 f8777c00
PCM 0093a8 07a0ff00 f8205200 07fdcb00 f74a5058a00 0a120b00 f4f5f300
PCM 0093b0 0b31f900 f3d1ba00 0c59c600 f2dd3c00 0d53ef00 f277f300 0db8df00 f2fd6900
PCM 0093b8 0d318e00 f5412a00 0ae17b00 f8e6d400 07324100 fc16f200 03f42200 fd818000
PCM 0093c0 027fe200 fe25d700 01db3200 fecac400 01354200 ffd0e500 002a2e00 019f8200
PCM 0093c8 fe581400 04b27100 fb32f600 084b4b00 f78e7b00 0aeba200 f4e51000 0b7c4a00
PCM 0093d0 f4515700 0a5a1900 f577f000 091e0800 f6bb4800 08775c00 f7630e00 0849b700
PCM 0093d8 f78fe200 08204100 f7bc36PCM 0093e0 f8a55500 059fab00 fa404700 03e87700 fc047600 02427800 fdb3e700 01020400
PCM 0093e8 fef88d00 ffd67200 00273000 ff20ca00 00e11b00 fef53800 010b2600 ffPCM 0093f0 00796e00 ffe8e200 00122c00 ff901300 006ec100 fe99d500 0169fd00 fddafa00
PCM 0093f8 02271900 fdaaa600 025d8000 fddd8400 02296c00 fec87b00 0137e600 00810c00
PCM 009400 ff796400 02376400 fdbd1300 02f38d00 fcfded00 02d81700 fd16d400 0287c500
PCM 009408 fd66b700 02eb9300 fcff3600 03990400 fc4fde00 0474b700 fb729600 058a6300
PCM 009410 fa5d0400 06808b00 f9668400 06bea100 f921e500 06669700 f97b5600 05beecPCM 009418 fa21fc00 05627a00 fa83bb00 05781e00 fa6bc500 05561600 fa93f300 0516ae00
PCM 009420 fad5f800 052fec00 fabb1100 05351c00 fab29600 05020700 fae69400 04861d00
PCM 009428 fb68c500 0402fb00 fbe7bb00 036cf600 fc81cb00 030f3400 fce1f400 02cff000
PCM 009430 fd1e4e00 02926200 fd5e7500 02db3200 fd163f00 03be5500 fc2ee700 04ae2000
PCM 009438 fb3a0700 05085a00 fae06d00 0514d200 fad2cf00 0521e900 fac10c00 051aa100
PCM 009440 facd5600 05196600 facdd000 058e2900 fa57cf00 0649db00 f99a2f00 0728d000
PCM 009448 f8b51600 07af6500 f8300100 07700400 f86b4300 06d41100 f908be00 064e8200
PCM 009450 f992f800 05ce3e00 fa177200 05462800 faa1cb00 04ffa300 fae78900 04e07700
PCM 009458 fb075a00 04848900 fb67700 02fa1900 fcf80800 01efa800
PCM 009460 fe036700 0126b300 fed61200 005e9500 ff9e2200 ffb6f400 00473d00 ff329e00
PCM 009468 00ced300 fefa2200 010a0a00 fed43700 0127b600 fe826c00 0180e600 fe1b4f00
PCM 009470 01e5e000 fe114a00 01f2f400 fe299800 01d85d00 fe62da00 01a2ae00 fe9aa700
PCM 009478 01654700 feeb3e00 0112f500 ff37de00 00c94600 ff184f00 00e6fb00 fed8f200
PCM 009480 012aae00 feea3e00 01138800 fef39a00 01100a00 fed01200 0130bf00 fed43400
PCM 009488 012cc200 fee75e00 0118ba00 fe9a1700 016c0600 fe6c6800 01978100 fe881f00
PCM 009490 017a6700 fe396a00 01cd0400 fdfd0900 02066000 fdcdeb00 023add00 fd29cc00
PCM 009498 02dde000 fcc4f500 03469700 fccd0600 033dda00 fc729300 0399e200 fba8ee00
PCM 0094a0 04649700 fb3b0500 04d59300 fab6e800 055c2800 f9dac900 06398f00 f90cd600
PCM 0094a8 070b3500 f869e800 07b21500 f7eaf300 0835ae00 f7681b00 08b80f00 f6b55e00
PCM 0094b0 096a8500 f59ab600 0a8bea00 f4e48600 0b46db00 f4946800 0b949d00 f38d6600
PCM 0094b8 0ca22100 f1e48700 0e534c00 f0bf8300 0f798100 f0e13200 0f56fd00 f2f90700
PCM 0094c0 0d380800 f662f600 09c32100 f96c9300 06abc800 fbcc5a00 04404b00 fddd5900
PCM 0094c8 02276700 fecf2700 0132f200 feaf6000 01544f00 ffcc2200 0032d500 03225600
PCM 0094d0 fccb1200 070d3f00 f8d53000 09eece00 f5e37600 0b5b7b00 f478f700 0b692800
PCM 0094d8 f4694900 0abaad00 f5191900 09f57b00 f5e24300 094cf600 f6899300 08bf0600
PCM 0094e0 f7165c00 08e8af00 f6ea8e00 08fb6000 f6db8000 083afb00 f7a36f00 07046f00
PCM 0094e8 f8d9d100 05a44200 fa425200 040f3800 fbdc7200 02510900 fd9c2200 00bf3600
PCM 0094f0 ff3b7f00 ff7f5c00 007e8e00 fedfec00 0120c400 fed67d00 01287100 fed82500
PCM 0094f8 0129ee00 fea68f00 015d8900 fdea9f00 0217d900 fcd3a300 03311800 fbdb2000
PCM 009500 04325400 fbd15500 0438e000 fcecfb00 031ae200 fe383200 01cc8600 ff692200
PCM 009508 0093b700 00534600 ffa2fd00 00cfbf00 ff25b700 00cPCM 009510 ff423700 0155ca00 fe9e8400 0264c600 fd8a6900 03b55900 fc38e700 04e0a000
PCM 009518 fb06f100 05736d00 fa71d300 0587a900 fa5cb400 05438900 faa58800 05186000
PCM 009520 facdae00 04d8a900 fb111800 04b07500 fb3a4000 04c2d900 fb251e00 04f97500
PCM 009528 faf09100 04dc3a00 fb0c6300 04b2c500 fb312400 0446e300 fba2ea00 03954900
PCM 009530 fc52f800 02e66f00 fd0a2900 02564500 fd9b3100 01fb3a00 fdf55700 01ca0700
PCM 009538 fe28c000 01fa0000 fdfcdd00 027d4400 fd765000 03178a00 fcd65b00 02f7e100
PCM 009540 fcfb0200 0233ce00 fdc24700 01a8b200 fe4b8600 01838d00 fe752f00 01bdfb00
PCM 009548 fe36e500 02376500 fdbb6a00 02f57200 fcfd5e00 03d6bc00 fc13ad00 0434c500
PCM 009550 fbb65e00 03dc4700 fc1PCM 009558 fc273200 04a70400 fb423c00 05564200 fa92e800 05b09c00 fa34d800 05f0a700
PCM 009560 f9f37900 05de8700 fa067e00 05525c00 fa910800 04e56200 fb009300 04585400
PCM 009568 fb906e00 03e96900 fc02a400 0361ae00 fc88c500 02af4200 fd40de00 01da2300
PCM 009570 fe197500 00efef00 ff075000 0005c200 fff4d700 ff129e00 00ecad00 fe3b7300
PCM 009578 01c50200 fd9b5f00 026d0700 fd2a5900 02dc6700 fcfc8900 030fa200 fd03a000
PCM 009580 03078f00 fd1d4b00 02eb3700 fce80e00 031d6900 fc534600 03b1b400 fbe30200
PCM 009588 0426da00 fbe72700 0421ab00 fc8b2e00 037d2900 fd49b700 02be4a00 fdb6ca00
PCM 009590 024c3800 fde82900 021df100 fdf39700 0210c600 fdddcc00 02242400 fdb87c00
PCM 009598 024c4c00 fd853a00 027e6300 fda1e600 0262d300 fdcb9f00 0233f600 fdb59500
PCM 0095a0 024d4b00 fd7bfd00 02889800 fd5a4300 02aaff00 fd382b00 02d16500 fc3fc300
PCM 0095a8 03cbee00 fb1c8800 04f63200 fa4f4e00 05cc1000 f9d20300 06462500 f9626a00
PCM 0095b0 06b67d00 f94c1b00 06cae500 f8fa7000 071a8f00 f8150200 08064200 f71c0600
PCM 0095b8 09036600 f5f1c700 0a356500 f4e4e500 0b403b00 f4790500 0bb21e00 f4437400
PCM 0095c0 0be63f00 f3d49c00 0c5a8e00 f32a6100 0d023200 f2037600 0e31b500 f02d6000
PCM 0095c8 100ef800 ee92c200 11aae600 eeb1ba00 118ea200 f12cd800 0f0ca800 f54b2700
PCM 0095d0 0adb0f00 f8fdeb00 07197900 fab0ca00 055dd300 fb3b8200 04cd9900 fbc0f900
PCM 0095d8 044f6e00 fcdbd900 03298a00 fe801a00 017eae00 01baf400 fe3afa00 0612b200
PCM 0095e0 f9d40b00 0969bd00 f66f4a00 0a9fbb00 f5340000 0a3e7400 f590eb00 095dc700
PCM 0095e8 f6736000 0918b400 f6bea200 0999ac00 f638ee00 09d47b00 f5ff1900 0957d900
PCM 0095f0 f67d0300 08e36300 f6f49900 08aa6200 f72fbe00 07f10000 f7eb1e00 064c4800
PCM 0095f8 f9958300 045bf700 fb8cb300 02d51100 fd1b9900 014aee00 feae4700 0011db00
PCM 009600 ffecdb00 ffa66500 00564500 ff9e3100 005b1300 ff79a700 00820700 fed84f00
PCM 009608 0126c100 fd7f7900 02893800 fbfd5f00 040c6300 faecb500 051cf400 fb0a8f00
PCM 009610 05095000 fc6c4900 039dac00 fdcf9000 0234a300 fecefa00 012c5800 ff1b3700
PCM 009618 00dfb200 fed48200 01284600 fe919800 016a8c00 ff2c7600 00d33100 00881400
PCM 009620 ff724c00 02100700 fde42c00 03693f00 fc837f00 045de900 fb884500 04f7cf00
PCM 009628 faedea00 054bd400 fa9aae00 056f8d00 fa74b800 05911900 fa54d300 05d43d00
PCM 009630 fa0e3a00 0646e500 f999ab00 06792d00 f9659600 065d3700 f986f900 064a9600
PCM 009638 f9967100 067b0200 f9607100 06185300 f9cca900 0546c800 fa9e6200 0465cb00
PCM 009640 fb811f00 03d65000 fc127700 03b6e400 fc395700 04389100 fbb0e900 048f0d00
PCM 009648 fb585800 0409a300 fbe1ba00 033bdb00 fcb14a00 02815500 fd6f2c00 01e82000
PCM 009650 fe09c800 01b34100 fe3c6800 023ac900 fdb5fb00 032df700 fcbe3600 03e46200
PCM 009658 fc067300 0421f500 fbc63100 0406b600 fbe10300 03abb800 fc3fcb00 03ec3700
PCM 009660 fbfa6b00 04a8e500 fb3cf500 0551df00 fa927600 05d04900 fa135600 0643fb00
PCM 009668 f99f3f00 06971c00 f949e100 06c3b800 f91d6900 06c9b200 f912f400 06991200
PCM 009670 f944d400 063f9d00 f9a32800 05d04f00 fa100200 0589df00 fa575b00 055f9d00
PCM 009678 fa85e400 05132500 fad50f00 0457f700 fb924c00 0354e400 fc970500 02558e00
PCM 009680 fd9f3000 0132fa00 fec5ca00 005d7300 ff9cb800 ffcba400 00309100 ff71d000
PCM 009688 00872200 ff2ca300 00d0e700 fea21c00 01604b00 fdd68500 02265000 fd1f6000
PCM 009690 02e31100 fc88e600 037d4900 fc5fdd00 03a97200 fcc57c00 03462500 fd355700
PCM 009698 02cc7800 fd978e00 026dae00 fda7b500 025ab000 fd803700 0284ce00 fd178500
PCM 0096a0 02edcf00 fcd99c00 032a8400 fce91a00 031b0a00 fd4d2500 02b9ba00 fdcfa800
PCM 0096a8 0233dc00 fe717e00 018e4800 fe953d00 016a5100 fe425400 01be6000 fdc29200
PCM 0096b0 02421600 fd692100 02967000 fd1b8100 02ea0800 fd15e500 02ed3d00 fd1c2b00
PCM 0096b8 02ea5200 fcbc5d00 03482a00 fc2b8200 03ddb500 fb6bd300 049bff00 fa930e00
PCM 0096c0 05789c00 f9718900 06a33c00 f8806100 07973800 f7ffce00 081e0000 f7ad8e00
PCM 0096c8 086d5a00 f74ee500 08d29100 f6c88700 095b3000 f5db5b00 0a4aa200 f471cb00
PCM 0096d0 0bb8fe00 f32eaf00 0cfce000 f1db5700 0e58ea00 f0422f00 0ff99100 ef362b00
PCM 0096d8 11073d00 f05dee00 0fdac500 f3834000 0ca7c200 f71f8a00 08ffe600 f9216000
PCM 0096e0 06f5c000 f9596f00 06b64100 f9ae0f00 06668800 fadda300 05314d00 fcc7f600
PCM 0096e8 033d3100 ff428b00 00bef700 02f5d600 fcf58800 06ea1700 f8fd1200 092fe000
PCM 0096f0 f6a79f00 09827f00 f6506100 08d81a00 f6fede00 08c4a800 f7172800 099c5900
PCM 0096f8 f634ea00 0b1fb200 f4ae7f00 0beefe00 f3dbe100 0c03f800 f3ca2800 0b7aed00
PCM 009700 f44e6300 0a9fb400 f52e2000 09611100 f675d300 081feb00 f7b9ce00 06bb5500
PCM 009708 f9220600 05481900 fa9fa600 03fa1900 fbed1600 036bb100 fc82b000 0347b600
PCM 009710 fca8f800 02701000 fd7ca000 0133c600 fec39100 ffa6c100 00594800 fe14c100
PCM 009718 01f0f900 fcd38500 0333ee00 fc5bcf00 03ab5f00 fca75e00 035e5500 fd610100
PCM 009720 02a19a00 fe61e100 01a3d200 fea51c00 0160a300 fddbdf00 022b3a00 fcfb0e00
PCM 009728 030eff00 fd5eb000 02a26a00 fedba300 01219d00 0047d800 ffb56600 01a58900
PCM 009730 fe4e8800 02e28000 fd0e7d00 03485700 fca4e100 02fb0f00 fcf0af00 034df800
PCM 009738 fca03500 04503c00 fb9b3000 04c0a500 fb228800 054d0600 fa98dc00 06545a00
PCM 009740 f98ba000 0758ce00 f884cb00 07d0be00 f80a5200 07f4e700 f7e3f900 07dd8d00
PCM 009748 f7fd8900 0710c800 f8ce8e00 06645600 f97e1a00 0614a700 f9cd4b00 05e4e300
PCM 009750 f9ff3900 05d24a00 fa14b400 0636e800 f9a82c00 060c3c00 f9d3fa00 04d54400
PCM 009758 fb0fc200 03c77400 fc217700 02d55000 fd19a100 02890c00 fd693100 02867100
PCM 009760 fd681d00 030c9000 fcde7500 035d4200 fc8daf00 0331cb00 fcbb4600 02c24f00
PCM 009768 fd2e4200 028ec500 fd5d1600 02a79500 fd443600 02eb4600 fcff7500 03568200
PCM 009770 fc974a00 03be6700 fc2c9a00 04264e00 fbc1df00 047ac300 fb6d7800 049f5600
PCM 009778 fb47af00 04934600 fb53cd00 04896500 fb655e00 047d4b00 fb6e9d00 0464a800
PCM 009780 fb888700 043b6f00 fbb00e00 0408c900 fbde0b00 03ee0100 fbfd2100 03512200
PCM 009788 fc9acb00 026d8600 fd851b00 016d0700 fe867b00 00909000 ff66d000 ffe72d00
PCM 009790 00185400 ff8ca500 00705200 ff5f3700 009e2700 ff1a0e00 00e2f000 fe5fef00
PCM 009798 01a11100 fd710c00 0293b900 fcaf1800 03596400 fc038c00 04061900 fb8f6100
PCM 0097a0 047ec200 fb7dea00 048e0a00 fb797900 04954f00 fb2df500 04e36800 faede800
PCM 0097a8 05214a00 fac42c00 054c1500 fa5ba000 05b46800 fa0b7a00 06070400 fa091600
PCM 0097b0 060af600 fa26c200 05ecd500 fa5c6f00 05b63100 fa6f1900 059ae200 fa615700
PCM 0097b8 05ab0000 fa714d00 05a1b700 fa6c0500 05a77900 fa190f00 05f84300 f9c37400
PCM 0097c0 064b6500 f9be8400 06561f00 f9cd2a00 06499800 fa0d1000 06037400 fa267800
PCM 0097c8 05eced00 f9c92e00 064b9c00 f8bd4000 075cb000 f7d02b00 084a7f00 f757c100
PCM 0097d0 08c29c00 f6df5600 09415200 f64acf00 09d79500 f6146900 0a0cc900 f5c07e00
PCM 0097d8 0a621200 f4cbd900 0b5d5a00 f3830100 0cac9800 f26d5e00 0dcb7a00 f186bc00
PCM 0097e0 0ead9300 f1453200 0ef05f00 f2fb3f00 0d2ff300 f6342800 09f32d00 f87a6000
PCM 0097e8 079bd700 f850ec00 07c6d000 f7e57500 08385700 f8f85500 071b6a00 fadec500
PCM PCM 0097f8 fb4aca00 05297c00 fac22f00 05407c00 faa5c500 0586ea00 fa5e6b00 05e3c800
PCM 009800 fa018200 06bc2e00 f92c4200 082f9300 f7aa0800 0975d900 f65dbf00 09955c00
PCM 009808 f6417b00 08f4ae00 f6e54c00 081ca600 f7c27400 07549800 f884ee00 06d31900
PCM 009810 f90df200 06831300 f95e1a00 05e29200 fa01ec00 04e55200 faff7200 04690600
PCM 009818 fb7f4800 04671500 fb83a700 0389ea00 fc62bf00 01a2a200 fe55c700 00127200
PCM 009820 ffea3400 ff27c500 00d87200 fe80b300 01815600 fe45d400 01bffe00 feba7f00
PCM 009828 01438e00 fecb9600 01307200 fe002700 02058c00 fd11f800 02f64f00 fc9c6400
PCM 009830 036af700 fc6c1700 03a22d00 fcdad400 032a6f00 fdf73900 020c6800 fee5b600
PCM 009838 011c5000 ff7a5100 00854900 00066f00 fff5a500 00750a00 ff870000 007e2000
PCM 009840 ff7b5d00 0114b300 fedf5b00 02902900 fd603000 04472200 fba06100 05215d00
PCM 009848 fac61800 058e5100 fa58a700 06247a00 f9bea300 06821800 f9617600 0681e400
PCM 009850 f95afb00 06b0d100 f9324c00 074a2100 f8943a00 0785fd00 f856b700 07615600
PCM 009858 f87cb500 071e3900 f8bf1900 06eafe00 f8f73f00 06649e00 f97c8200 05936500
PCM 009860 fa4eb100 04eacb00 faf91400 04c2fa00 fb1f6900 04cd1e00 fb199a00 04779d00
PCM 009868 fb6fd800 03e5ca00 fc041100 033ce100 fcae9c00 02d7e600 fd126100 02881300
PCM 009870 fd6ac900 0235b200 fdbe1300 02109f00 fde47c00 02291400 fdcc8100 02506500
PCM 009878 fd9dc700 02112c00 fddf5300 01960000 fe5f9d00 015b9800 fe9cb300 01518600
PCM 009880 fea28100 015e4c00 fe94d800 019cbf00 fe542300 021fc200 fdd2b100 026d3600
PCM 009888 fd85a600 0255fc00 fd9add00 01e25900 fe0fad00 01986700 fe5dd600 0172dd00
PCM 009890 fe83c700 01560900 fe9f8700 011ae300 fedb9100 010ca900 feeb4300 01069100
PCM 009898 fef07300 00ae3100 ff49c000 0052c300 ffa7f900 00067600 fff59600 ff7e1b00
PCM 0098a0 007d1400 fec8db00 01382f00 fe2c7300 01d68400 fdcb4c00 02396c00 fd607500
PCM 0098a8 02a65000 fd1d1000 02eb4800 fccc7d00 033c5800 fc3e8800 03ce8400 fb66eb00
PCM 0098b0 04a6fc00 fabbeb00 05556800 fa6f6300 059f3100 fa552e00 05bed000 fa6b9700
PCM 0098b8 05a55700 fa3a6900 05da8300 f9ea6d00 062b0b00 f9851300 06914f00 f9713f00
PCM 0098c0 06a2ae00 f97a0400 069a3100 f9889c00 068b7800 f97a7900 06958600 f94ff600
PCM 0098c8 06c45b00 f96b0c00 06ac1100 f9c52400 064a8e00 fa297400 05e5da00 fa013800
PCM 0098d0 0612cd00 f98bb000 0688c200 f93d2e00 06d51f00 f9544c00 06c02800 f97f4f00
PCM 0098d8 0694b700 f9855c00 068ddb00 f95bed00 06bba800 f9282900 06eb9700 f8e21100
PCM 0098e0 0736fa00 f8667a00 07b42500 f7eb2600 082dc300 f75d7500 08ba6000 f69d4d00
PCM 0098e8 097d6100 f6678600 09bbcd00 f750c700 08ce9f00 f9055100 0712d500 fa5e7800
PCM 0098f0 05b0f700 fa2a6300 05ebad00 f9a46f00 06702000 fa274600 05ea1c00 fb84e800
PCM 0098f8 0483b400 fcc05600 03450400 fdf7ae00 020f2a00 ffb67800 00480400 01403800
PCM 009900 feb57f00 01b22c00 fe410800 01940f00 fe610d00 02499000 fda9a900 036e4600
PCM 009908 fc7aca00 04050f00 fbe8dd00 04610c00 fb86c800 05908300 fa502000 06d4f600
PCM 009910 f908ab00 06cef700 f913e400 06179f00 f9c9a700 05bed000 fa22cd00 06078e00
PCM 009918 f9dcab00 063c7b00 f9a2cd00 0654bc00 f98d7400 066a7b00 f9772e00 063f0a00
PCM 009920 f9a66400 057c0400 fa684c00 04aed000 fb384d00 04121800 fbd97100 0395c000
PCM 009928 fc573e00 03171f00 fcd8cc00 027e8e00 fd75a700 02269500 fdcd9c00 01c0ad00
PCM 009930 fe356800 0168ee00 fe8a9d00 01351900 fec17800 00ac4700 ff4ccb00 fffefa00
PCM 009938 fffb9f00 ffac6f00 0051db00 ffc56d00 00393400 ffeb1a00 000f7400 ffc5de00
PCM 009940 0035bf00 ffef9a00 000e0e00 0038fd00 ffbf6300 001f5200 ffdc1b00 00016600
PCM 009948 fff88d00 003bb400 ffbfcb00 011fb800 fed74200 01d6bc00 fe1de600 022cdc00
PCM 009950 fdc54500 029df800 fd502900 036fe800 fc7e7300 0401da00 fbea5d00 043cb400
PCM 009958 fbab0800 04615000 fb871900 04f97100 faec4000 0565a500 fa83a500 05a7ed00
PCM 009960 fa3e3700 05e23600 fa010f00 063c2400 f9a27900 06323500 f9ae5300 05ca5400
PCM 009968 fa177d00 05707d00 fa74a000 0537f600 faad3600 050b4b00 fadd3900 04c4e100
PCM 009970 fb233000 04760600 fb6fc800 04405400 fbadaf00 03c84d00 fc22dc00 0329b000
PCM 009978 fcc59600 02a4ce00 fd50bb00 023d9700 fdb50100 01c1f400 fe346800 01624600
PCM 009980 fe8eb400 014caa00 fea5ac00 00fb0800 ff00da00 007dcd00 ff7d9c00 00100c00
PCM 009988 ffe9fa00 fff08f00 000cf900 ffbe3000 00371400 ff9a4f00 0060fe00 ffdc6400
PCM 009990 001ded00 0025fb00 ffd5f800 0028a400 ffd2dd00 ffec7600 000cc700 ff928d00
PCM 009998 006a8a00 ff81f300 007e7f00 ffe01800 001a5f00 00442000 ffb52100 0035ed00
PCM 0099a0 ffc1e500 0054b700 ffa70200 00446700 ffb41a00 ff8f9200 006fcc00 ff477b00
PCM 0099a8 00b76c00 ff2b9100 00d5a300 ff504400 00a77500 ff88db00 0075e000 ffd04d00
PCM 0099b0 002ce000 ff3ba700 00c0fb00 feb66200 0149b400 feaba700 01527300 fdbfb000
PCM 0099b8 02472300 fd529300 02b39800 fd67ea00 02a24200 fd761400 02906f00 fde54500
PCM 0099c0 021f4a00 fda05500 02608c00 fce47e00 031dfc00 fca9f100 035ce800 fc26c800
PCM 0099c8 03e42100 fc651500 03a55200 fccd4300 0339ce00 fce5ea00 03215c00 fd351800
PCM 0099d0 02ce4100 fd226400 02e1ed00 fcd83a00 032af100 fc4c2900 03bc5a00 fc62bc00
PCM 0099d8 03a9f300 fcce7100 0339e800 fcff0600 03079800 fc8c7500 037d9300 fcc71200
PCM 0099e0 0340b800 fd534300 02b12700 fd304d00 02d47400 fcb19800 03528800 fc7cd900
PCM 0099e8 038c7b00 fc409f00 03ca4d00 fca9bf00 035da200 fc843800 0383f500 fcd76600
PCM 0099f0 032fe100 fd2eb800 02d30500 fd323400 02ceb600 fc806500 03883c00 fbbc6c00
PCM 0099f8 04510d00 fbc17400 0449df00 fb981200 04761e00 fbb1cd00 04599f00 fbeba900
PCM 009a00 041d2b00 fcb4cc00 03526d00 fd572b00 02accb00 fd9d1e00 0268e100 fd40b400
PCM 009a08 02c33000 fc8a4200 037d0400 fca28d00 03673d00 fdbc7500 02457b00 feb34b00
PCM 009a10 014d9100 ff726100 00854900 ffb2c900 0044e800 003d7200 ffbd5700 007b5500
PCM 009a18 ff7f1200 00179200 ffe03000 ffea1500 000d0c00 00dbe100 ff19f700 01a55d00
PCM 009a20 fe4e1600 018bf500 fe65d200 01c09d00 fe2e3900 027ebf00 fd6f2500 0302c600
PCM 009a28 fcee8200 02ab7f00 fd495200 021eff00 fdd2ec00 022fc900 fdc24000 02878100
PCM 009a30 fd673000 02ce8800 fd211700 02e7c200 fd038e00 0310f700 fcda0f00 02cd8e00
PCM 009a38 fd21bd00 025c4a00 fd961d00 01d5f700 fe1afe00 01d9fd00 fe197100 0217c400
PCM 009a40 fddb4700 02245f00 fdcd9c00 01e8cb00 fe094000 01dcdb00 fe13ed00 01e80c00
PCM 009a48 fe0be500 01b86a00 fe3a5a00 0180be00 fe74f300 012ab500 feca7500 01298c00
PCM 009a50 fed24400 01360800 febac400 017a7600 fe7a4800 019ad000 fe56b000 0151f600
PCM 009a58 fea25200 01020b00 fef23100 00db7a00 ff1fda00 00befe00
PCM 009a60 ff392500 015dcd00 fe96a400 01b22800 fe3e2f00 01ef7300 fe090a00 01c80c00
PCM 009a68 fe2dc700 01f3f900 fdfeff00 01631800 fe951200 0170b000 fe840a00 02174700
PCM 009a70 fddea900 02354400 fdbcac00 0218a800 fdd5c300 0247b600 fdac5d00 02d55200
PCM 009a78 fd1e4c00 027a0b00 fd784b00 024d0200 fda8ea00 01e93200 fe084b00 021e4500
PCM 009a80 fdd1d100 01ffc900 fdf62400 01c7b100 fe2b4c00 01fca900 fdf54300 02714d00
PCM 009a88 fd821e00 01e91c00 fe0a3800 01491600 feab4400 015a7800 fe9e2800 01026d00
PCM 009a90 fef40d00 01010500 fef50600 00edeb00 ff0c9200 01489b00 fea66a00 01958d00
PCM 009a98 fe603100 00f45b00 ff049200 00ba3600 ff3b0e00 011e5200 fed4fe00 008fb100
PCM 009aa0 ff6b2700 ffb12700 0049fd00 00650e00 ff928200 01203300 fed55400 01028b00
PCM 009aa8 fef74e00 00693c00 ff900d00 006e8d00 ff8ab000 00c02500 ff361000 003b1b00
PCM 009ab0 ffbe3100 ff340f00 00cb0900 ffc72000 00331700 009dc500 ff5aa200 00ee2f00
PCM 009ab8 ff09dc00 ffcbc400 002e9800 00122000 ffe55c00 00280900 ffd24100 ffecbe00
PCM 009ac0 00119900 feda9500 0122de00 fed44e00 012efd00 ff9edb00 005c6200 fffb9300
PCM 009ac8 fffefa00 ffd8f400 00240e00 ffb0cf00 004bcf00 ff66d200 0095f000 ff55a700
PCM 009ad0 00a86700 feab2500 01553300 fe900b00 01709600 ff0b7f00 00f7ad00 ff5a8900
PCM 009ad8 009e8600 ff690c00 0095c400 feaffe00 014d1700 fea42300 015a4e00 fe5c1c00
PCM 009ae0 01a59c00 fe28eb00 01db8500 fdf77c00 0209b600 fe390800 01c7e800 fe43e000
PCM 009ae8 01bb4600 fe836c00 017d9100 fe8b8e00 0175bc00 fe59cd00 01abed00 fd7a8700
PCM 009af0 02871b00 fe03b200 01ffb200 fda0f500 02667600 fd26c900 02e0f400 fd6df600
PCM 009af8 02976900 fec7cc00 01380100 fde17a00 0222aa00 fcd42d00 0332a000 fd3dba00
PCM 009b00 02c89600 fd7de500 02849d00 fd8ded00 02775100 fcb9cd00 03507300 fc9e7a00
PCM 009b08 036bd300 fde30900 02201d00 fe278500 01d9ad00 fca66f00 0364e800 fc97fe00
PCM 009b10 03730400 fd0d9100 02fc0300 fd3b5300 02cc9700 fca3aa00 0363fc00 fc29bb00
PCM 009b18 03e10a00 fd129e00 02f39d00 fd52df00 02b18400 fcd26000 03366a00 fca1b600
PCM 009b20 0365c000 fcaeca00 0358aa00 fd447a00 02c14500 fc971a00 03715300 fc7e5e00
PCM 009b28 0388bc00 fce89600 031c7c00 fd89c200 027b0100 fce2fb00 0321d800 fd255b00
PCM 009b30 02e00700 fd9fdc00 02648700 fd362200 02cf2800 fd51f000 02b5c400 fd43ac00
PCM 009b38 02c43900 fd98ae00 026a0300 fdb60b00 024f0a00 fe17cf00 01ed8100 fdcbb900
PCM 009b40 0239a700 fdf9b100 02088700 fe416e00 01bd4a00 fdfa6b00 02087b00 fdd78300
PCM 009b48 022c5800 fea01100 015cdf00 feceb500 012fba00 fe317100 01d2d500 fe2aba00
PCM 009b50 01d80b00 ff502e00 00addb00 ff7c0200 00820c00 ff0cba00 00f3e600 feb30d00
PCM 009b58 014ea200 ff2b9e00 00d02b00 ff8e0300 006e9d00 ff474600 00b54500 ff73f300
PCM 009b60 00880c00 ff45cb00 00ba3e00 00451200 ffb1da00 00026600 fff6fa00 007d9b00
PCM 009b68 ff784700 0063ca00 ff970d00 00731d00 ff877000 00bf9f00 ff36b800 00e2db00
PCM 009b70 ff130800 013a1e00 feba6900 014b1100 fea8e900 01858100 fe71a000 01872500
PCM 009b78 fe6ddf00 01967200 fe5d1000 01dca400 fe199100 01c4a200 fe332600 01ec3500
PCM 009b80 fe08d600 019e6500 fe562300 01c25500 fe32c600 0274dc00 fd804500 02296b00
PCM 009b88 fdcb0000 01cd3800 fe25d900 0216f700 fddcac00 02f8e300 fcf88700 02445d00
PCM 009b90 fdb05f00 02PCM 009b98 fcdb3000 02393000 fdbd8900 02ced000 fd1e6e00 028b6300 fd634e00 02db0b00
PCM 009ba0 fd10c600 02866100 fd6ade00 02887700 fd6ab500 02569600 fd994a00 027a9900
PCM 009ba8 fd796a00 0306f700 fcec0900 02b47800 fd39e700 02699900 fd87ab00 02216a00
PCM 009bb0 fdd23e00 02fb7c00 fcf4e300 0249f600 fda87400 027c4600 fd739900 022bd900
PCM 009bb8 fdc6b500 02897700 fd67e100 02b29900 fd3d6d00 02225c00 fdcdd700 01e7ed00
PCM 009bc0 fe0ab400 02016a00 fdee8e00 0274e700 fd7fd900 01f14700 fe015200 0218d200
PCM 009bc8 fdd87f00 017c3600 fe786100 02163500 fde3a900 018b3f00 fe701300 018d1d00
PCM 009bd0 fe682e00 00f94600 fefd3500 00f8e500 ff014e00 00faa900 fefcc400 00d4d600
PCM 009bd8 ff211300 008d7f00 ff6df600 00d1dc00 ff23f800 00906a00 ff6ab700 ffece100
PCM 009be0 00109200 00283200 ffd25700 ffd4b800 00272e00 001c8100 ffdf6800 ff845d00
PCM 009be8 0077ea00 ffb3cf00 004e8f00 fee76800 01195400 ffa03600 0060b900 ff710600
PCM 009bf0 008b7200 fed8bc00 0126a300 ff222d00 00e1c100 ff6f0200 008d2700 ff950900
PCM 009bf8 00686f00 fe834700 017b0d00 ffcad100 00321f00 ff3c6c00 00cad600 fe8dd300
PCM 009c00 01731900 fecd3d00 01313800 fef01d00 010f7600 ff4d7700 00b3c500 ff017e00
PCM 009c08 00ffc200 ff5d8400 00a09200 ff13b800 00e99200 ff3c3200 00c4a400 feca7b00
PCM 009c10 0136ac00 feda2000 01203600 fec00700 01408200 fed71800 01264600 ff2e7400
PCM 009c18 00d0fa00 fefd1f00 01050500 feebbd00 0111f300 ff565d00 00a77a00 fe94ce00
PCM 009c20 016aa200 feec1400 0112e700 ff32d000 00c92200 fe907c00 016ee500 ff1d1a00
PCM 009c28 00e23800 ff630600 009b6a00 ffe90000 00135200 fede6800 01267200 ff034a00
PCM 009c30 00fcdf00 ffa2a800 00585200 ff502b00 00ab1d00 fe654a00 01a04200 fed4c500
PCM 009c38 012ef000 ffe2fe00 001da500 ff465e00 00bb7000 fef31400 010a9d00 fffe0000
PCM 009c40 fffc7500 ff578100 00a28000 ff48b000 00b42100 ff0ea800 00f2f500 ff789b00
PCM 009c48 0084e000 ff354100 00c82700 ff5ddf00 00a30c00 ff6af800 00923f00 ff275000
PCM 009c50 00d67200 ff711f00 008c2f00 ff044600 00ff1200 ff6d3e00 0090e200 ffa05700
PCM 009c58 005c8800 ffabe400 0050e800 ff446f00 00b97300 ff80ca00 007db300 ffd93600
PCM 009c60 00264200 ffed3100 000e0200 ff329700 00ce0500 ff34c200 00c90a00 ff814100
PCM 009c68 00796e00 ff9f7300 0060a100 ff59f000 00a45a00 fffa1700 00034100 ff988900
PCM 009c70 0060ae00 001b1400 ffdf2a00 ff9ede00 00597000 ff3bc100 00bfa500 ff6ee300
PCM 009c78 00914600 ff860200 00771100 fff82200 0004a200 ffd63900 0025e300 ffb2d200
PCM 009c80 0049b100 ffc97c00 00348400 ff836b00 0078d000 ff460300 00b85600 ff78f100
PCM 009c88 0085c500 ffb3a100 00484700 ff9f0000 005b1500 ff70c600 008e1f00 00332000
PCM 009c90 ffc04a00 00905000 ff65e200 ffc57d00 0033f600 ff7abb00 007fe000 0042e700
PCM 009c98 ffb90800 004b9a00 ffadbd00 ffd1bd00 0029b600 ffc41e00 0039ac00 002ca000
PCM 009ca0 ffcef200 0114d700 fee2b100 00197800 ffe01100 ffcc0800 00320a00 00696d00
PCM 009ca8 ff8ed700 00c81800 ff2f5900 000e1500 ffef4000 00024b00 fff7ee00 00bcf000
PCM 009cb0 ff382000 01047300 fef4a500 ffec4800 00113000 fff82000 00032700 00756c00
PCM 009cb8 ff846900 00a4d000 ff52d600 01027600 fef34500 01651b00 fe930800 015f4f00
PCM 009cc0 fe94d500 015ce200 fe9c4400 0115b300 fee03b00 013a1c00 fec15100 00bd9b00
PCM 009cc8 ff3bdd00 013bbf00 feba7000 00ed6800 ff088800 01a50d00 fe4df100 01616d00
PCM 009cd0 fe93fd00 014b3300 fea8be00 00dd0c00 ff1b1600 01235800 fed1f100 01986900
PCM 009cd8 fe5cf900 016be000 fe8PCM 009ce0 feab6200 01316700 fec9f100 00e61f00 ff121a00 00e63200 ff14af00 01542200
PCM 009ce8 fe9f7800 01ff7300 fdf36200 00de8800 ff1b4a00 016f2500 fe83f300 00906600
PCM 009cf0 ff695800 00ea6900 ff0cd000 01531800 fea35400 012b0f00 fec87200 00d97000
PCM 009cf8 ff1e8600 00174e00 ffe36a00 01de4000 fe107900 0181bf00 fe720900 00596e00
PCM 009d00 ff9f2c00 fffcbc00 fffc2200 011d4b00 fed80100 00e7a800 ff0e2a00 0095ad00
PCM 009d08 ff5f6700 ffd82b00 00241600 01360000 fec19600 0196de00 fe5f3d00 012c7300
PCM 009d10 fec7cf00 ff71da00 008b1400 ffcb1e00 0032ef00 0038c800 ffbe960PCM 009d18 ff928c00 00f4aa00 ff00b300 00ba1900 ff403200 00f7d800 fefffe00 0068b700
PCM 009d20 ff8f0000 00c1c600 ff32a900 00049000 fff96b00 ffba5100 003e7c00 001ef900
PCM 009d28 ffd9a900 0060a100 ff99c000 008d0e00 ff6bf500 00f1be00 ff04a000 ffc82900
PCM 009d30 0033c600 fffb0600 fffbf100 00546f00 ffa3c400 ffc5a200 00353700 ff269100
PCM 009d38 00dac800 010af800 feeb1f00 00c64d00 ff314e00 01303200 fec44b00 006f7300
PCM 009d40 ff879900 00503c00 ffa8d200 fffb8400 00006400 000bf900 ffeebd00 ff96a500
PCM 009d48 0066dd00 0073ae00 ff860f00 01399b00 feb8cb00 008b1900 ff710700 00693100
PCM 009d50 ff8ca600 01648900 fe8f3f00 000a0500 fff4a000 ff6df300 0090bf00 00282b00
PCM 009d58 ffd14100 00bed400 ff35f800 00b69d00 ff434200 008db700 ff6fb000 01189600
PCM 009d60 fede5400 01bdab00 fe376800 009f1d00 ff573300 00353b00 ffc54100 00952c00
PCM 009d68 ff636100 007d3c00 ff7d8500 00b7bd00 ff41bf00 013bcd00 feb83800 01e77800
PCM 009d70 fe0e2000 01d11f00 fe1f1a00 0192fb00 fe617700 00a2e700 ff545700 0093d700
PCM 009d78 ff67b300 00707f00 ff88b000 0138b100 febe3500 01bcbe00 fe33c300 01467a00
PCM 009d80 fead5200 01945500 fe5f3600 0250a400 fd9cc100 01d51500 fe1f6000 003b9100
PCM 009d88 ffc0e900 0109a400 feea6b00 01e62500 fe141f00 01ebc200 fe089300 0195b000
PCM 009d90 fe5e6c00 0206ee00 fdeb1e00 02daba00 fd128400 01851f00 fe72ee00 009a2400
PCM 009d98 ff5bb600 01552c00 fe9d6800 022ee000 fdc2c400 01e76000 fe09e100 00d5cf00
PCM 009da0 ff227600 023aeb00 fdb66700 02f52600 fcfa1f00 021bba00 fdd93500 00e09500
PCM 009da8 ff14eb00 01902900 fe65b300 02520800 fda0f100 015c3400 fe9b9300 00c1e300
PCM 009db0 ff388700 01ba1000 fe38e800 03affe00 fc3c2300 01ea1700 fe0a4d00 01806300
PCM 009db8 fe765f00 01a3b800 fe509000 01b95300 fe3c0100 0148f100 fea7b100 00cf2f00
PCM 009dc0 ff267a00 01e3a200 fe0ed100 023ce600 fdaf7700 01abd200 fe448600 01504800
PCM 009dc8 fea27d00 01af9f00 fe448100 02d64100 fd178f00 00e0e900 ff157100 0097fd00
PCM 009dd0 ff5b0200 01af3200 fe45d500 02f8f500 fcf57400 0262ca00 fd8a7400 0171bc00
PCM 009dd8 fe82ab00 01308800 fec70500 01d1d600 fe21f100 01f45a00 fdfd9600 012f2700
PCM 009de0 fec8c800 0160bd00 fe97f300 014fc300 feab8300 01eb5800 fe07c900 02518400
PCM 009de8 fda32000 01843800 fe6f0700 01342900 fec61600 02b30800 fd3d4800 027f3800
PCM 009df0 fd723900 00fe3400 fef6a000 017b7f00 fe748200 02979300 fd5a4900 027c5b00
PCM 009df8 fd78d000 016f0800 fe843700 017b6e00 fe7a5f00 0232fd00 fdc1ea00 01c47800
PCM 009e00 fe2f4a00 0180ee00 fe75bf00 00677b00 ff95eb00 01f7ca00 fdf88400 028c2b00
PCM 009e08 fd62af00 01716b00 fe857700 021b0300 fdd78900 02029c00 fdefe500 017fba00
PCM 009e10 fe76b700 00d21700 ff2ab700 02290700 fdca8600 023f9c00 fdb3ed00 00f2ec00
PCM 009e18 ff05df00 01ba3000 fe397600 024d4a00 fda2d200 02e7fe00 fd09c200 01cd8200
PCM 009e20 fe2a5400 015eaa00 fe995e00 0356c000 fc96a500 025e7e00 fd92a000 017e1900
PCM 009e28 fe738f00 022eb000 fdc55c00 02583800 fd99c100 025d6500 fd95eb00 02990f00
PCM 009e30 fd578500 02426400 fdb17800 0145ad00 feb26600 02770c00 fd7d7700 02696800
PCM 009e38 fd8af700 02125b00 fddfb600 015b9000 fe989300 01dbf700 fe15ed00 030a2300
PCM 009e40 fce42200 0201b200 fdf02800 00c14800 ff368400 02a6a300 fd454800 021a2600
PCM 009e48 fdda7400 016b1100 fe890100 01279600 fecfb900 021b1400 fddcb000 02319500
PCM 009e50 fdbd4700 0251ce00 fd9be100 023a1500 fdbb7200 01018800 fef3e100 017b7400
PCM 009e58 fe7aac00 0142da00 feb10e00 01b31500 fe403300 022fce00 fdc5d100 016c3800
PCM 009e60 fe899b00 02786d00 fd78ae00 01f37100 fdffca00 01935300 fe5f0800 00bb8900
PCM 009e68 ff3b9f00 01977200 fe5a5e00 02d23600 fd1f9a00 00b53500 ff464e00 02521a00
PCM 009e70 fda22900 01960f00 fe5e5b00 01208300 fed69500 009c1f00 ff5b7e00 01f9c100
PCM 009e78 fdfa7000 010a8600 feea5c00 00e14800 ff189200 0189e600 fe6c1e00 01975800
PCM 009e80 fe5d7c00 011a4d00 fede6600 00620400 ff97e100 012e2b00 fecbbd00 02799300
PCM 009e88 fd78cd00 01440400 feb34c00 00263100 ffd6d400 ff89cd00 0074de00 013ee100
PCM 009e90 feb9b700 01ae3b00 fe469000 fefe6a00 00ff8600 ff9ced00 00605700 01ca7f00
PCM 009e98 fe265400 02272d00 fdcae000 ff118b00 00ec6100 fec2b400 01389c00 01a90300
PCM 009ea0 fe481a00 02673e00 fd887d00 ff7cf500 0080d600 ffadcc00 004f4600 00ac8b00
PCM 009ea8 ff4c2c00 00796e00 ff809800 fff8ce00 00015900 ffaf1600 004c9000 00d02400
PCM 009eb0 ff274300 ffbf4b00 00395d00 ff99fe00 00678000 fffc5400 00049200 00d87f00
PCM 009eb8 ff1ff800 ff6d9d00 008e9900 feb6f400 01470900 002f1d00 ffcaf100 0018a500
PCM 009ec0 ffe24c00 00090b00 fff25b00 fe4e4500 01b3cc00 ff302e00 00d00300 00756600
PCM 009ec8 ff82b900 ffeefa00 00103d00 fea10d00 015f1500 fe36d100 01cb4800 00a4e100
PCM 009ed0 ff50ac00 00989400 ff5c6000 feb1d700 0151ad00 fe16fe00 01edf300 00600600
PCM 009ed8 ff9c3500 010f0700 fee84700 ff929300 00646300 fddcda00 0226e300 fe706100
PCM 009ee0 01924100 008d6900 ff6a1300 ff14d200 00e32c00 fece9800 01310a00 fe8b0f00
PCM 009ee8 0178bb00 ffefd200 000fc500 00664100 ff965a00 fed4b100 01304700 ff017a00
PCM 009ef0 0101f500 fe760800 0189d100 fef4bf00 0109d400 ff702a00 008c7600 fef35c00
PCM 009ef8 0109b100 ff3ba300 00c5d000 ff653c00 0097d000 ff461100 00b92000 ff702a00
PCM 009f00 008afb00 ff04ae00 00f93a00 fdb1d800 02551c00 ff5f8100 009ea100 00f2e100
PCM 009f08 ff03c200 fe1b9f00 01e58100 fe452600 01bb6600 0040c800 ffb92800 fff15100
PCM 009f10 000adc00 fdf19d00 02104900 fd8b0100 027b4c00 ffb5b500 0044ce00 004abc00
PCM 009f18 ffb15500 ff8ffb00 006cd800 fe661700 019a5900 feb24200 014f1700 ff899d00
PCM 009f20 0071c200 0011b700 ffed8200 fe9d4300 01639600 fe3b4700 01c61300 ff301b00
PCM 009f28 00d0b000 003aaa00 ffbee100 ff224b00 00de5c00 fd244b00 02e53d00 0049be00
PCM 009f30 ffb16900 00d3b300 ff23e200 fde4bb00 021fba00 fd8aa800 027c0900 ff976a00
PCM 009f38 00646600 011eb900 fede2500 ff711800 008dfd00 fe66ee00 019bf500 ffb5dd00
PCM 009f40 00475400 009e8400 ff5b1900 fee07d00 01196500 fe6dc300 01955300 ff347100
PCM 009f48 00c57000 00eb4d00 ff0e4400 ff150700 00ebd000 ff54d100 00a89400 0006bd00
PCM 009f50 fffa2c00 fef11700 010dd000 ff2b1400 00d03d00 ff3edb00 00bec800 ffe98700
PCM 009f58 00128e00 00245f00 ffd87e00 fff10300 000a6b00 ff0a5f00 00f36f00 00270e00
PCM 009f60 ffd30c00 01a61200 fe4d2900 ff875b00 00764e00 ff35fb00 00cf7500 00b50600
PCM 009f68 ff405000 01dc1e00 fe19f600 00995300 ff632900 ff3fdb00 00bf8500 fff7ad00
PCM 009f70 00055100 02576400 fd9a3500 00c92700 ff2ee400 fe17d500 01ea0600 00e26500
PCM 009f78 ff164f00 01cb8f00 fe2e2c00 ffb9aa00 0PCM 009f80 ff7ee700 01b36c00 fe488300 ffd93a00 00228400 ff839300 0079f600 01377c00
PCM 009f88 fec14e00 01684900 fe8c3f00 01501900 fea4ff00 ffcaab00 002db300 00e24100
PCM 009f90 ff16ef00 015ec700 fe94be00 000d6900 ffeb9900 00272700 ffd22f00 01506400
PCM 009f98 fea70600 013bdd00 febba300 00f3a300 ff073100 00c7b100 ff30f900 00907c00
PCM 009fa0 ff66b700 0100a100 fef74200 00b24c00 ff477100 00508600 ffa8e900 0256db00
PCM 009fa8 fd9bb700 012a1400 fecc2800 ff9d1b00 005e2f00 01428900 feb5d500 00de9a00
PCM 009fb0 ff167200 01192700 fedc0f00 00373500 ffc22600 ff134100 00e8a000 01d11a00
PCM 009fb8 fe247c00 015cd300 fe962400 fff55a00 00075a00 00845800 ff797b00 02050300
PCM 009fc0 fded9800 01878600 fe6008c6e00 ffd12f00 002a3700 00fc6a00
PCM 009fc8 fefab300 01bfd100 fe337f00 00b85600 ff3e1600 00595400 ffa37e00 015e0700
PCM 009fd0 fe97fa00 00eecf00 ff04a300 ff532d00 00a82700 00607200 ff963400 00e4cf00
PCM 009fd8 ff13e600 00bf6200 ff36ce00 01660700 fe8e3300 0195f100 fe5ae900 0151e200
PCM 009fe0 fea2c500 ffa9c500 00513800 013c0400 feb8c900 00574400 ff9ff200 000abb00
PCM 009fe8 ffef6e00 0118c900 fedf7b00 00e4ed00 ff112300 01581600 fe9e9d00 0154ad00
PCM 009ff0 fe9f4600 011deb00 fed6b200 007cdb00 ff7ef700 ff5a1500 00a14600 0224be00
PCM 009ff8 fdd00600 01251800 fed02b00 00e6c600 ff0fb100 017d6000 fe791e00 01b6a600
PCM 00a000 fe3d3200 01ef3a00 fe00c800 000c5200 ffee7a00 0101a800 fef66600 00c2a900
PCM 00a008 ff341b00 00f23600 fefdda00 00445e00 ffb56a00 00733d00 ff882200 0171c900
PCM 00a010 fe82af00 01dbc100 fe1c3300 00e4bf00 ff131600 feef0200 01108200 00475600
PCM 00a018 ffb30e00 00b0b700 ff49c200 00eeb800 ff077400 00b5a100 ff41ee00 019f5200
PCM 00a020 fe50fb00 02260600 fdcd1e00 0173c200 fe81f300 fffa6c00 00011600 000e5c00
PCM 00a028 ffe70a00 00cf1600 ff25a300 00ceee00 ff24d200 006fca00 ff85fd00 00e06300
PCM 00a030 ff17b600 ffefcd00 000a2700 0097af00 ff640200 007d0f00 ff7bf800 ffe44800
PCM 00a038 00115800 006e7800 ff88e300 ff3f5d00 00bedf00 00baec00 ff401000 004c1400
PCM 00a040 ffb3a500 00320500 ffc69900 00472e00 ffb0c100 00768e00 ff852000 008f6100
PCM 00a048 ff691700 ffc97b00 00356400 000f4d00 ffeff100 ff2b7900 00d0ce00 0040a300
PCM 00a050 ffb98000 00474900 ffaf7800 ffd14000 0028ce00 00965a00 ff662000 0152e700
PCM 00a058 fea23000 ffd2e600 00277000 ffaab900 00505900 ff2abf00 00cfd800 0045e200
PCM 00a060 ffb23900 ffefce00 000ab500 ffbc0800 00418a00 fff0dc00 0009e900 00d29f00
PCM 00a068 ff221200 004f7e00 ffaae800 ff2f60 0029a200 ffd08000 ffa30600
PCM 00a070 00590f00 ffb30800 00467600 ff683200 00951700 00ce8500 ff2abe00 00e85800
PCM 00a078 ff0da100 ff915600 00703f00 ffde4100 001a9400 00ac4f00 ff4bd000 ff512c00
PCM 00a080 00aa3e00 ff0cfd00 00ee6e00 0010c200 ffeb5f00 013abc00 feba9c00 0043ec00
PCM 00a088 ffb81b00 fe90dd00 016db800 ff7c4500 00849900 01717800 fe85ff00 00aa5700
PCM 00a090 ff4eb300 ffc3ea00 003ac700 ff035d00 00fd9600 ffea1600 00121300 006f4900
PCM 00a098 ff84a800 00c2e800 ff360100 ff87f300 0073a400 fffba900 0000bd00 00b9e900
PCM 00a0a0 ff3d3c00 ffef2b00 000d6200 ff599800 00a45100 ffebd900 000e4800 00204800
PCM 00a0a8 ffdeb000 00b20200 ff478300 ff29e700 00d68b00 ff687b00 0094d500 011cb800
PCM 00a0b0 fed63300 005e5500 ff9da500 fe958400 016cc500 ffab0b00 00514400 00a8ed00
PCM 00a0b8 ff4edb00 ffc01800 003a4f00 ffb9cd00 0044c200 fee35800 011efe00 00f20000
PCM 00a0c0 ff032f00 00086000 fff26800 fe7c0a00 01891f00 00ff1200 fef53500 00460500
PCM 00a0c8 ffb4ca00 ffd24400 0029f400 fe57f400 01ab4300 ffcc8900 00306b00 0105f800
PCM 00a0d0 fef14800 ff7a8200 0082e500 ff231000 00dd1800 fff6a300 00059600 005bdf00
PCM 00a0d8 ff9ec800 ff27af00 00d78e00 ff376b00 00c63200 ffb6e900 00427c00 003b6e00
PCM 00a0e0 ffbfd800 ff871d00 0074db00 feaa1f00 0155ba00 ffd39500 0027d300 00f8df00
PCM 00a0e8 ff020200 ffdbdd00 001c2c00 fec53c00 0139c800 ffe4ac00 0015db00 01304e00
PCM 00a0f0 fec8e800 000cb600 fff3d200 ff144c00 00ebe200 ff021400 00fe8100 00571600
PCM 00a0f8 ff9d6200 005b9f00 ff9f0100 ff6b4400 00934e00 00101700 fff13500 00116b00
PCM 00a100 ffe99800 ff853800 00790100 fff4a900 0009d000 000dcb00 ffed2f00 ffc4ec00
PCM 00a108 00383a00 00342800 ffcbed00 004ce500 ffb1d900 00374100 ffc26800 ff3d7100
PCM 00a110 00bdb200 ffc57f00 0036a900 fffad600 00032500 005de500 ff986900 ffa9bc00
PCM 00a118 00524000 fe4cc800 01b1ab00 ffc3fd00 00368e00 ffd51300 00247f00 0021d200
PCM 00a120 ffd91e00 ff361600 00c8a700 ffa6df00 004e4900 fffbc800 ffff7900 ff0d5e00
PCM 00a128 00f35500 ffac1f00 0052bf00 00129600 ffea1700 00841b00 ff74e800 ff7da500
PCM 00a130 007c6800 fe8ffe00 01705d00 ff62bb00 009b8a00 ff6be100 00935800 ff5ce900
PCM 00a138 009fb400 fee67f00 0119aa00 ff7cf000 007cea00 00262300 ffd1df00 ff0db900
PCM 00a140 00f13b00 fedbf8PCM 00a148 001d4000 ff0abb00 00f4dd00 ffe1d500 0019c900 00240000 ffd2ef00 00b43800
PCM 00a150 ff426600 ff57d600 00a5ba00 fd9bcd00 026bd800 fe871700 017ac400 ffd57900
PCM 00a158 00263c00 ff46c500 00b98d00 fdc94b00 02394100 ff889f00 0073cc00 015c2700
PCM 00a160 fe961100 00311700 ffcb9400 fe3b8e00 01c34300 fd4b5c00 02b9c600 ff886400
PCM 00a168 0072d200 00098000 fff34900 fee04200 01229200 fee33800 011f5d00 ffc24e00
PCM 00a170 003a8600 012a0f00 fecad700 ffa84a00 004da400 fdcc5900 023a7f00 fe4ec800
PCM 00a178 01b26000 ffa6cd00 00523a00 ffd1a600 0026a700 fe81b000 0181a500 ff1adf00
PCM 00a180 00dff600 001a4d00 ffe20600 00829400 ff7d7400 ffb43f00 00451500 febb7100
PCM 00a188 01454000 fefe3e00 01007300 ff4b7300 00b3fb00 fe87ba00 017a1700 fe66c100
PCM 00a190 01992800 ffdb4800 00210a00 00d3e700 ff27c700 ff7da300 007d0000 fef2d500
PCM 00a198 010de700 febba700 0141cf00 ff34ae00 00c76100 fe0bd300 01f7ee00 fe6e5a00
PCM 00a1a0 0194cf00 ff4ddb00 00b1a200 ff606500 009c4100 00203c00 ffd88b00 ffd12200
PCM 00a1a8 002e1600 fea99d00 0158b600 ff7cf400 007f0500 ffb02200 004d7800 ff4da700
PCM 00a1b0 00b44b00 fe41e000 01bf0300 fe5c9f00 01a31200 0099eb00 ff5cab00 ffdcd700
PCM 00a1b8 001c1a00 ff17e600 00e5e900 ff4b2300 00b1c600 ff483700 00b71d00 ffbe2900
PCM 00a1c0 003b4e00 fd904100 0275d900 fd7a3f00 028e5a00 ffc29000 00384b00 ff9daa00
PCM 00a1c8 005d7900 ffe46a00 00189f00 ff617b00 009bee00 00021100 fffb4a00 006ee100
PCM 00a1d0 ff88c100 fe78bc00 01896900 fe8d9e00 01717b00 ff19cc00 00e64e00 ffa3ba00
PCM 00a1d8 005a5600 0043a900 ffb6bc00 feb63300 014cef00 005ba600 ff9f6000 ff644f00
PCM 00a1e0 009b9600 ff855700 0071f500 00202500 ffdb6800 ffd33b00 00297800 ffa98e00
PCM 00a1e8 00543900 fe5cb300 01aa0700 ff284200 00d82600 ffcd9400 00346f00 ff403900
PCM 00a1f0 00bebb00 ff535600 00ac2100 ff7ca800 00801800 0008c700 fff16600 feca7d00
PCM 00a1f8 0133fa00 fe375200 01c90000 ff4aa600 00af1000 ffa89f00 0055d000 feffb500
PCM 00a200 0101ef00 ff479100 00b35400 00932e00 ff6a0700 ffe19f00 001cd100 febdf000
PCM 00a208 0142f500 ff1e3000 00de2a00 ff4d9200 00b3fb00 ff4f2f00 00ae7000 fe4b1f00
PCM 00a210 01b80a00 fe005e00 0203e600 fef7bc00 01082200 ff9e7600 005c0300 ff98bb00
PCM 00a218 00627e00 feffd900 01002e00 ff6a7400 008f3f00 0552000 ffa7dc00 febcb800
PCM 00a220 01470600 fe3c4300 01c88300 ff04f800 00f84400 00724a00 ff862500 ffecc700
PCM 00a228 000e0100 fedd2d00 011ea400 ff6a0c00 00967300 0017e400 ffe1c800 ff9b1b00
PCM 00a230 0060e800 fe6ed600 018f1e00 fe1df600 01e4aa00 fff08000 000bc800 ffc23200
PCM 00a238 003bf900 ff4d3f00 00b52600 ff395100 00c2f200 00155a00 ffe7b800 ff6fbb00
PCM 00a240 008fa300 fef3bb00 010b4200 ff38cd00 00c6b200 ff2e0d00 00d76f00 ff297600
PCM 00a248 00d83e00 ffa2c100 0056d400 ff1f3500 00de3200 ff55df00 00ab7300 ffa90100
PCM 00a250 0054e200 ffbf4600 003eda00 ffaf5e00 004cbe00 ff789500 0087ae00 00276900
PCM 00a258 ffd62b00 ffd1ee00 002a1000 ff310400 00d06700 ff035a00 00ff8100 ff3b3100
PCM 00a260 00c75100 ff530b00 00adac00 ff07fd00 00f61500 ff335200 00cb2200 ffe6c000
PCM 00a268 0011cc00 005f2200 ff9cd300 febab400 01442400 fe087e00 01fdeb00 ff017400
PCM 00a270 00fb3e00 ff01b100 00fcbe00 ff519d00 00aad000 ff673200 00991f00 ff850400
PCM 00a278 007ee400 ffc6a900 00386900 ff7be900 00820f00 ff3e3600 00bf3800 ff725a00
PCM 00a280 008ed000 ff764c00 00886d00 ffdf3c00 001cb100 00880e00 ff729500 00083c00
PCM 00a288 fff3ad00 ffed2400 000e6100 ffb95100 0046e700 0013a500 ffecf700 0032c200
PCM 00a290 ffcc8300 ff30bd00 00d06800 ffc12600 003d4500 ffeff800 00093800 fff13300
PCM 00a298 000ac500 ffda1000 00264900 ffd1f900 002b8700 00f3a300 ff063400 003c7900
PCM 00a2a0 ffbfb500 feb1e300 014d7800 ff744000 008ca200 ffdef800 0020db00 ff8c1700
PCM 00a2a8 0070a800 ff5f0400 009e6900 ff577f00 00a88800 003c2a00 ffbb6200 ffe3ef00
PCM 00a2b0 001dd100 ff9ca900 005e6400 fff40400 00076200 ff897f00 0073ff00 ffd90000
PCM 00a2b8 001fbe00 ff89b100 0072db00 ffd4a800 00272600 00450000 ffb59800 ff9ba300
PCM 00a2c0 0060e300 004b6e00 ffad4e00 0030fa00 ffc8ed00 00195500 ffe5e900 ff8ad400
PCM 00a2c8 006f9c00 ffeab100 0012af00 000f3400 ffec6a00 fedd7400 0125cd00 00022800
PCM 00a2d0 fff87c00 0079fd00 ff7bf800 009e8a00 ff5e5000 ffd00f00 002d5400 ff359a00
PCM 00a2d8 00ca8500 005ac500 ff9eb000 ffb5b500 0046ca00 ff162a00 00eaa900 ff761b00
PCM 00a2e0 00856100 ff191a00 00e44c00 ff42a300 00b9a500 ff6d6600 0090ea00 003f8500
PCM 00a2e8 ffbc9300 000ce400 ffeffd00 ff63c800 00970100 ff606b00 00a0be00 ff11d900
PCM 00a2f0 00e90100 ff8d8000 006c0800 fe9f4500 01646700 ff7d5900 00840300 ffa71d00
PCM 00a2f8 00582500 ff5dee00 009e6c00 ffe3b700 0016dc00 0067bb00 ff8fb600 ffafb200
PCM 00a300 004da300 fe7a8900 01845c00 ff463e00 00b97600 004ec300 ffae4d00 ff7a5e00
PCM 00a308 00805a00 ff5a6800 00a59600 ff5d6300 009ccb00 00b2d200 ff45f700 005fbc00
PCM 00a310 ff9a8800 ff40b600 00bdb900 ffec0900 0010fd00 0043a500 ffb21e00 ffa07700
PCM 00a318 005a6700 ff1c0200 00e68400 00015e00 fff82400 00855700 ff715900 0089cb00
PCM 00a320 ff6cd100 ffe07700 001e0800 ffc11600 00375b00 00261a00 ffcf0100 00627f00
PCM 00a328 ff94f500 00011c00 fffb1100 004ed500 ffaf2200 00dcd800 ff1d1700 00ef7f00
PCM 00a330 ff069b00 00c88300 ff2cc600 00614e00 ff9b7d00 00ebf100 ff0b1700 017c8a00
PCM 00a338 fe789100 010ba400 feec8c00 00c86f00 ff2dcf00 00e47900 ff0f1000 01228500
PCM 00a340 fed24d00 0121f700 fed19d00 00e0a500 ff16b400 00c21c00 ff36f500 011c1e00
PCM 00a348 feda6400 017b4200 fe7c0600 002b7600 ffcfa700 ff9cb700 00647b00 00313e00
PCM 00a350 ffca8f00 00836b00 ff75af00 003a0400 ffbdb600 ffbae800 00420b00 00017300
PCM 00a358 fff63c00 00a3e600 ff555800 00965700 ff665c00 fff22200 000c3b00 ff53c700
PCM 00a360 00aae900 000a3300 fff0aa00 00162900 ffe2a300 ffd81900 0023ba00 00013300
PCM 00a368 fffb0500 004f0400 ffaadd00 ffb8d200 00430700 ffe1f400 001ada00 ffe53200
PCM 00a370 00179e00 ff904b00 006f6300 0027c300 ffd3d900 00288200 ffd34000 002dc000
PCM 00a378 ffca0b00 002b0200 ffd3a000 004cc000 ffad9300 005bd800 ffa1f400 00a11600
PCM 00a380 ff554c00 00aff600 ff492900 00c20f00 ff38c300 00887e00 ff71e900 00c26400
PCM 00a388 ff34fc00 01481900 feb0ad00 01644600 fe94ae00 0158d500 fe9d7400 00ee4b00
PCM 00a390 ff06e600 00820400 ff76f700 00879200 ff72b000 009b3e00 ff60ee00 009f8100
PCM 00a398 ff5fec00 010a7b00 feeeac00 01896c00 fe6d0600 00f7ee00 fefebf00 0057f100
PCM 00a3a0 ff9bfc00 001bfc00 ffdb1700 ffd19700 0030c000 ffdb9b00 00218400 ffe7ac00
PCM 00a3a8 00166b00 004a2000 ffacb700 00bbba00 ff388f00 0063fc00 ff947e00 00271400
PCM 00a3b0 ffd20800 003c5900 ffbd8900 ffaf5000 004b9b00 ff66fd00 00955800 ff5bd200
PCM 00a3b8 00a65600 ff662900 00974600 ffaa1000 00555800 ffc32d00 00373a00 00526100
PCM 00a3c0 ffa0d900 006d7900 ff8dd200 fffac500 ffff5900 ff823100 0079c400 ff3ef800
PCM 00a3c8 00beca00 ff3def00 00bd8300 ff326d00 00cd8400 ff8af600 006ecc00 0071e600
PCM 00a3d0 ff86d500 00831000 ff707800 0047a400 ffb07200 ffeda100 000e2000 002ce700
PCM 00a3d8 ffcac100 ffd86600 001f2b00 fee9e800 01152f00 ff042b00 00fc1e00 ff9aae00
PCM 00a3e0 00622700 003cfa00 ffbbb300 fff28500 00034e00 ff249a00 00d83e00 00038d00
PCM 00a3e8 fff72c00 00cc2100 ff2cd800 0019f500 ffe03900 fefcb700 00fe8100 ff8f6900
PCM 00a3f0 006c2f00 00bba900 ff3a8f00 00111e00 ffebcd00 ffef7f00 000ebb00 01045a00
PCM 00a3f8 fef03900 01ba6200 fe387a00 00df2e00 ff199800 ffc82700 002f8200 fffa6500
PCM 00a400 fffcaa00 00a11500 ff545100 002e4100 ffc81000 ff7c8800 007a1200 001f5300
PCM 00a408 ffd69a00 006f5200 ff849500 ffe74000 00102400 ff6eab00 008e3e00 ff90f100
PCM 00a410 00687b00 ff7a3900 0083db00 fed3e600 012a8300 fe955e00 0167a800 feb48600
PCM 00a418 014c2000 ff002900 01006600 ff2c1900 00d03c00 ff00a400 00fe5c00 ff30d900
PCM 00a420 00ca4000 ff6f4f00 008ac700 ff04dc00 00f72a00 fe9b5b00 0161f400 fe6bc200
PCM 00a428 01952900 fe951a00 016a2900 feae4800 01502800 fef1ab00 010d9600 ff25c400
PCM 00a430 00d3df00 fe446000 01bd1500 fe437b00 01be5800 ff3a2f00 00c5cd00 fefd7000
PCM 00a438 00fee800 fe344d00 01d01600 fe5db300 01a86000 ff5b9b00 00a2a100 ffc15900
PCM 00a440 00399300 ff172500 00e80800 ff121900 00ec0e00 ffd78300 00253c00 001d2f00
PCM 00a448 ffdb1300 ffb73a00 0046ae00 ff6a3300 00974300 ffc38300 00346400 0039c700
PCM 00a450 ffbf9e00 005c8c00 ff9dff00 003ab900 ffbf0400 00ad3700 ff48ac00 01159500
PCM 00a458 fee02200 0074f100 ff84bc00 ffba7100 003f7100 ffc7f500 0032fe00 0033ca00
PCM 00a460 ffc57100 00455c00 ffb39d00 fffb1100 ffffb100 00200000 ffd82a00 00542c00
PCM 00a468 ffa33200 0048b800 ffb31400 ffb56d00 00454000 ff930400 0067f200 ff425400
PCM 00a470 00b8a700 feabd600 0154b500 fedd1200 01244600 ff0e0000 00f49900 ff821400
PCM 00a478 007cc900 001db400 ffdc2600 00009700 ffff7c00 ffabd800 004d3e00 ffa4a000
PCM 00a480 00546500 ffa63800 00576400 ff243600 00db7000 fef26100 010cc600 fefc3800
PCM 00a488 01036500 ff1ee200 00deb300 ff9af600 00634a00 0006d500 fff81300 ffa90200
PCM 00a490 00571500 ff0da300 00f06400 feef3700 010cd400 fea9f300 01568600 fe7abe00
PCM 00a498 01839200 fe6bbf00 0195ff00 fe7e0c00 017ecc00 fef9d100 01087400 ff3ed700
PCM 00a4a0 00bdb400 ff089700 00f49300 ff5b9100 00a6ec00 ff534500 00aa7e00 ff233300
PCM 00a4a8 00dbce00 ff53b000 00a86800 ff94d100 006ad000 ffb2f900 0048a200 ff6b5200
PCM 00a4b0 00900200 ffaa3800 00526600 fffaab00 fffe6000 003aaa00 ffbde200 ffe04900
PCM 00a4b8 0018dc00 ff88eb00 0077df00 ffaf1600 004c3000 fffcea00 fffed800 fff74000
PCM 00a4c0 0005b500 ffe03c00 00190200 fff74300 0009fc00 00010700 fffe7400 003bfc00
PCM 00a4c8 ffc03a00 00335d00 ffc6c500 ffb8fe00 00422900 ff96d700 0063e800 ffb41800
PCM 00a4d0 00476e00 fff28d00 0008c000 fffc0800 fffb4500 ffd7d900 001fc800 0028a500
PCM 00a4d8 ffcfed00 00352300 ffc0cb00 00610f00 ff9cf800 00b47800 ff482500 003be300
PCM 00a4e0 ffbbea00 fffd8400 fffd8400 00114f00 ffe62100 00220200 ffd50100 000c1500
PCM 00a4e8 ffeda100 00085500 fff17400 000ed600 ffede000 00674200 ff950000 0077ff00
PCM 00a4f0 ff7edc00 008a6500 ff6fbb00 007a3400 ff7f9400 001ce600 ffdc5d00 ffdc4900
PCM 00a4f8 0021e700 ffbfb900 0039db00 ffcf1e00 002c0c00 000bcf00 ffefed00 00331e00
PCM 00a500 ffc11200 005c6900 ff9aea00 009b2200 ff5d1e00 004d8c00 ffab1e00 00227d00
PCM 00a508 ffd49a00 fffcb400 fffa0f00 000aef00 fff1dd00 fff5dd00 0004bd00 0023d500
PCM 00a510 ffd32e00 00e16300 ff13fb00 01641e00 fe904e00 01261a00 fed12d00 00f7c700
PCM 00a518 fefc0700 00ec1000 ff07e300 00f88f00 fefd8e00 0082aa00 ff748600 00793700
PCM 00a520 ff819600 00d6ba00 ff207e00 012dfd00 fecabb00 0111b700 fee4d400 00e27c00
PCM 00a528 ff119300 01699e00 fe8cfc00 0169cc00 fe8c6100 01162f00 fee32700 0113cd00
PCM 00a530 fede2700 013e3100 feb81e00 01662700 fe8de000 012ef300 fec6b200 01554a00
PCM 00a538 fea4bb00 017c5600 fe7a5a00 0169ea00 fe8e6a00 0152ef00 fea16f00 01350600
PCM 00a540 fec04e00 01243000 fed46e00 011b1f00 fedf7f00 0122bc00 fed69b00 010cb100
PCM 00a548 feeca300 00f40700 ff066800 00e63a00 ff12ba00 00be6200 ff3c1800 00ac5200
PCM 00a550 ff4b6500 008b5f00 ff6c7d00 00c83600 ff2ca900 00c94100 ff2e3e00 00a21a00
PCM 00a558 ff582400 00aa2d00 ff4af600 00dfc500 ff1c0600 00e43100 ff149a00 009d2000
PCM 00a560 ff5e2f00 00cef300 ff293900 00e9cf00 ff0c7a00 008b5500 ff6c4600 0072ff00
PCM 00a568 ff84eb00 009ede00 ff59e500 00ce2d00 ff2a1f00 00b72400 ff3e4200 00920c00
PCM 00a570 ff665c00 00b3ba00 ff433000 00ceee00 ff290b00 00a27b00 ff586500 003fef00
PCM 00a578 ffbb3400 00204800 ffda5900 002e3500 ffcb6f00 00307100 ffca6a00 fffd9c00
PCM 00a580 ffff7a00 ffc19000 00360500 ffe32c00 0019a300 ffa11f00 005ad800 ff26e200
PCM 00a588 00d85600 fefbd000 01081b00 fed25e00 01292e00 fee7f600 01155300 ff2ea100
PCM 00a590 00d11a00 ff2cc800 00d31000 feea6200 0111d600 ff146b00 00ea5400 ff281300
PCM 00a598 00d8c000 febd5200 0142f400 fe749100 018d0b00 fe674e00 0198ea00 fea60500
PCM 00a5a0 015ac900 fef31600 010f2700 fee0b700 011f2d00 fe7fbf00 01833f00 fe8ef600
PCM 00a5a8 01714e00 fee3af00 011f9100 fe773700 0185d300 fe6ed100 01930a00 feba4e00
PCM 00a5b0 01482800 fedb2800 01260e00 feec2b00 01141400 fefcd800 01015f00 ff120b00
PCM 00a5b8 00ee2c00 ff2bff00 00d2ba00 ff1bb300 00df9600 feef0c00 0111bd00 fed51700
PCM 00a5c0 012cbc00 ff21cf00 00dc4a00 ff4a3400 00b08f00 ff68ca00 00916e00 ff8dee00
PCM 00a5c8 00705d00 ff8c3100 006efc00 ff8ec600 006acd00 ff8bb400 00719000 ff865a00
PCM 00a5d0 007af600 ff77c400 0086a600 ff609400 009ee100 ff54ba00 00a92200 ff6d1700
PCM 00a5d8 008f7100 ff7e5100 007fe000 ff822600 007d5900 ff97c900 00689b00 ff9c9900
PCM 00a5e0 00665d00 ff349900 00c84500 ff00ae00 00fae700 ff13c300 00ec5800 ff441100
PCM 00a5e8 00b9c600 ff7aa000 00840c00 ff957400 00646000 ffb75100 00440f00 ffd95700
PCM 00a5f0 0020af00 fff1db00 0007d100 ff964900 0066c700 ff5f8600 009f9900 ff8fad00
PCM 00a5f8 006e5400 0008d900 fff40e00 00622300 ff9b5f00 008b2800 ff6ce600 00f60100
PCM 00a600 ff03b500 0197a600 fe5d7d00 01ece500 fe075c00 0224b900 fdcbb500 02763400
PCM 00a608 fd78fe00 02cf1d00 fd233000 0302d200 fcebcf00 03320700 fcbc7e00 03acfc00
PCM 00a610 fc3dac00 0429ca00 fbc1c800 04822900 fb66c900 04916e00 fb55db00 047ea200
PCM 00a618 fb6ead00 049cc500 fb49c800 04a60800 fb468900 0490e600 fb5bd500 047b7300
PCM 00a620 fb6f3900 04810900 fb683f00 04c92900 fb1fd100 05135a00 fad49300 05185700
PCM 00a628 facd1300 04efa200 faf8e100 04c3f300 fb22e300 049efd00 fb48de00 046d1300
PCM 00a630 fb75aa00 0445a100 fba5a600 0437ba00 fbb23900 03fcf300 fbeec700 03d3cd00
PCM 00a638 fc16c400 039ea700 fc4e2600 036b6f00 fc83e500 03048c00 fce90c00 027bd600
PCM 00a640 fd73ea00 01b8aa00 fe3db900 01500a00 fea22b00 0122a900 fed47200 00e4b700
PCM 00a648 ff11a000 00555300 ffa52500 ffd1dc00 002e9700 ff7f1700 007d7700 ff7b2200
PCM 00a650 0080e800 ff510800 00ace400 fed3c200 012fba00 fec1a100 013f6a00 febb5100
PCM 00a658 0142a500 fe627b00 019bbe00 fe38dc00 01c96a00 fe493800 01b98800 fe6ef400
PCM 00a660 018fe200 fe6a6f00 01950b00 fe273200 01d97b00 fdeaf000 02181100 fdb35200
PCM 00a668 024e0000 fdb11600 02587f00 fd6d1f00 0299ff00 fd2b9f00 02d7f800 fd3bc900
PCM 00a670 02cbd900 fdc1b700 02423e00 fe1fc800 01e22100 fde7ed00 021be200 fd9b6b00
PCM 00a678 026b5200 fd92e600 02715300 fdc90000 023d0400 fdb16400 02535200 fd949200
PCM 00a680 02734b00 fd99f600 026d4500 fde53200 021b6500 fe243000 01dda900 fe281300
PCM 00a688 01d9a400 fe1c9300 01e58000 fe02ef00 0203d300 fdbfc000 0245dc00 fd995c00
PCM 00a690 0268e500 fd6bbb00 02975500 fd573500 02b03200 fd514f00 02b5e900 fd1ab500
PCM 00a698 02eb8500 fcd3ab00 03373700 fc993100 03711000 fc4fd500 03b8cb00 fbfe9b00
PCM 00a6a0 040aa200 fbab9500 0462ef00 fb2e2200 04e6cb00 fad75c00 0537cd00 fad2bc00
PCM 00a6a8 053d3700 fa8e7e00 057fb100 fa5ad100 05bbc900 fa1dba00 05f2d800 f9ffae00
PCM 00a6b0 0614dc00 f9fc0100 55f00 061dd700 fa3b9900 05d6c400 fa98ed00
PCM 00a6b8 05774100 faf18000 051df400 fb508800 04bc1000 fc2e3400 03db8500 fd26ab00
PCM 00a6c0 02df3800 fda38700 02605c00 fdeb6c00 02175900 fe89be00 01780b00 ff783d00
PCM 00a6c8 00862c00 0027f200 ffd8a400 00c50f00 ff317200 0171be00 fe823300 0222f400
PCM 00a6d0 fdd57800 02b75300 fd38cf00 02f14800 fcfad500 0316dc00 fcd70a00 03205200
PCM 00a6d8 fcd36c00 03036800 fcead100 03146e00 fcdafa00 0340f500 fcaedd00 03708c00
PCM 00a6e0 fc7bb600 037ee800 fc6fdd00 03713c00 fc7bd000 032d5700 fcc1ab00 02abe200
PCM 00a6e8 fd468500 02483800 fda8be00 020b2f00 fde48b00 01bbab00 fe393400 015d7e00
PCM 00a6f0 fe991c00 00fd9900 fef93b00 00baf600 ff3da500 00957000 ff61ce00 004b6400
PCM 00a6f8 ffae3700 fff52800 00056e00 ffc41a00 0035f900 ffdc3a00 00207800 ffbc1300
PCM 00a700 003b1900 ff76e700 00863500 ff76ee00 00830200 ffa96100 0051dc00 ff779000
PCM 00a708 00828b00 ff2c8100 00cea100 ff61ba00 0097a400 ffe1a500 0019a300 000f8e00
PCM 00a710 ffeb2700 ffedbe00 000d9100 fffda400 fffaf000 008a0500 ff6e1e00 01018600
PCM 00a718 fef5d300 00f6b500 fefd6800 00fcf400 fefc7900 01575500 fe9e2800 01f41a00
PCM 00a720 fdff0f00 021f4500 fdd0be00 0223b600 fdd09600 02630900 fd8a1900 02b3f800
PCM 00a728 fd37ba00 02c19200 fd2e0000 02d05d00 fd1dda00 033f2b00 fcae1600 03ea3400
PCM 00a730 fbfef300 03fb9800 fbef7000 03740500 fc78c600 03592300 fc949000 03d3a200
PCM 00a738 fc14a400 04196600 fbce9200 039fa700 fc489900 031e0e00 fccdb600 033f4e00
PCM 00a740 fcab3b00 036eb700 fc806000 0326d300 fcc91f00 02a46300 fd4b5e00 026b8700
PCM 00a748 fd839500 0258b700 fd9abb00 02323f00 fdbfd700 01effd00 fe056100 01f7c100
PCM 00a750 fdfc4f00 01b9c100 fe3dbc00 01795800 fe7a8800 01600e00 fe91a600 0170ae00
PCM 00a758 fe855f00 01780f00 fe76bb00 0163a000 fe955400 01219200 fed52d00 01057c00
PCM 00a760 fef1d200 01359c00 fec0b000 01800700 fe74d700 01e96e00 fe075300 01fdd500
PCM 00a768 fdf7a400 01e1a800 fe0c4700 01aad100 fe4afa00 01b1bd00 fe429300 017b1800
PCM 00a770 fe794700 00fcd300 fef93900 00802000 ff725900 0018ac00 ffe31700 ffbd3300
PCM 00a778 003ed400 ff72b200 00896d00 ff37c600 00c39100 ff0e5500 00efe000 fec3df00
PCM 00a780 013c9000 fe593400 01ab5d00 fe1f4f00 01e0ef00 fe3f9600 01c2ba00 fe8ff800
PCM 00a788 01724d00 fe8a0700 01776400 fe773700 0189ba00 fe83d500 017aff00 fede9800
PCM 00a790 01223a00 ff29d300 00d5af00 ff251300 00d97f00 fef95e00 01023500 fecf6500
PCM 00a798 0131ca00 feaadd00 01595700 feb14e00 01522000 feb41100 014a2600 fea54700
PCM 00a7a0 0161a700 fe57b900 01a71300 fe1de700 01e53300 fe0dfb00 01f54000 fe388200
PCM 00a7a8 01c97300 fe405d00 01bd9700 fdbba900 0248b700 fd240200 02e0b000 fcfc7c00
PCM 00a7b0 030afb00 fd39e000 02cb2100 fd2a2400 02de6e00 fcc5f800 03467b00 fc839800
PCM 00a7b8 03822500 fc4d6200 03bdc400 fc080a00 03ff1600 fbc31c00 04475d00 fb56e500
PCM 00a7c0 04b9b800 fa8f0f00 05813500 f9cfb600 0644ac00 f96d3400 06ad0700 f96a9500
PCM 00a7c8 06acd900 f9574500 06bf6200 f9645400 06b2f700 f9b00200 066a2300 f9bf7c00
PCM 00a7d0 0653c100 f97c3d00 0698ed00 f9928200 0682be00 fa948a00 057c3a00 fc3e3600
PCM 00a7d8 03d0f500 fd0a1c00 02fce500 fd382f00 02d0ea00 fdf6e400 02108c00 ff770e00
PCM 00a7e0 00848100 00815500 ff796900 00bec800 ff379400 01127700 fee29c00 01e46600
PCM 00a7e8 fe12f100 02990000 fd585100 030e8200 fcdf8a00 03c6fc00 fc247800 04b92b00
PCM 00a7f0 fb309d00 05070b00 fae19700 04a5a800 fb41e600 047b2500 fb6d8e00 04c99600
PCM 00a7f8 fb1ef500 0500e800 fae6ea00 04a2f400 fb478600 04164c00 fbd23800 03cec200
PCM 00a800 fc1b9b00 03c2e600 fc291300 03c17500 fc2dca00 03421300 fcab6100 02a7c700
PCM 00a808 fd4cf200 021f7500 fdd25600 01aa2500 fe46e800 01405d00 feb40100 00ed2f00
PCM 00a810 ff0cf300 00aa1800 ff516200 00839100 ff764500 00847b00 ff737900 00473200
PCM 00a818 ffb28900 00444400 ffb3f000 00596000 ffa17100 005af500 ff9e2100 001cda00
PCM 00a820 ffdbfe00 ffe34800 0017f700 00360400 ffc3a900 00c85400 ff30de00 014ce600
PCM 00a828 fea8ec00 01381400 febfe700 0133a000 fec4dd00 017e5100 fe77d000 01e50100
PCM 00a830 fe12ef00 021dfb00 fdd46300 0244b200 fdaf7a00 0251da00 fda15600 02776c00
PCM 00a838 fd7ab100 02d1f400 fd21cf00 031ab100 fcd3fa00 038ced00 fc5efc00 040b8c00
PCM 00a840 fbe25100 0462d500 fb83f500 045b7500 fb8a0800 04462800 fba8e700 0479ca00
PCM 00a848 fb6c2000 04d1d600 fb181b00 04b44d00 fb32e300 04569200 fb8c2100 0436ab00
PCM 00a850 fbafda00 0435d500 fbb25300 0409e700 fbe1b200 03dafc00 fc128200 03a94e00
PCM 00a858 fc438f00 03942f00 fc5a9300 03439500 fca7a200 02da6800 fd15b200 02b79e00
PCM 00a860 fd35ea00 02a25200 fd503000 0291c200 fd5a4600 028e2000 fd627300 02acfa00
PCM 00a868 fd48a900 02b46400 fd3f2700 02998900 fd549b00 02b85b00 fd363c00 02b57d00
PCM 00a870 fd374800 02958c00 fd589200 02692a00 fd83bd00 028a3a00 fd68d200 027d3300
PCM 00a878 fd768b00 021f2200 fdced300 020cc100 fde72100 02460400 fda86f00 0276f700
PCM 00a880 fd798300 022aad00 fdc3e100 01cabf00 fe287c00 01c1d900 fe2e1b00 01b75c00
PCM 00a888 fe3c5200 0179b700 fe804f00 01240200 fed2d600 01094600 fef53800 00f99700
PCM 00a890 feff1300 00c87800 ff34ad00 008ce700 ff702500 004d9c00 ffac4900 000d4a00
PCM 00a898 ffed0d00 ffb33f00 00481600 ff561500 00a9a200 ff280800 00d81600 ff19f100
PCM 00a8a0 00e6e000 ff1f9100 00db1700 ff2a2a00 00d83c00 ff152500 00ec4300 ff208900
PCM 00a8a8 00dddb00 ff642b00 009d1d00 ff9a0e00 00622600 ffd98500 0022f400 ffc3df00
PCM 00a8b0 003af500 ff88b300 0071ae00 ff7fbd00 007c0b00 ff75bd00 008a0800 ff448d00
PCM 00a8b8 00b9d600 ff2b0200 00d7db00 fefa5000 0103df00 feb71900 014d3100 fe7cba00
PCM 00a8c0 0185c500 fe833b00 017ee800 fe97cc00 0168bf00 fe1f8200 01e3f800 fd504700
PCM 00a8c8 02b2b600 fce0fb00 03200900 fd02bc00 03079d00 fd3cad00 02c82400 fd1d3600
PCM 00a8d0 02e9db00 fcb97c00 03507300 fc981500 0375cc00 fcb4de00 03528d00 fca4b200
PCM 00a8d8 03633000 fcbf3a00 034c5400 fc935c00 03786300 fc2d4900 03deca00 fbf31000
PCM 00a8e0 04171a00 fc199a00 03f17d00 fc709200 0399c400 fc210900 03e70200 fbd6f200
PCM 00a8e8 04371d00 fb7cb000 04942b00 fb2bd600 04e5f000 fafee400 05110e00 faf64a00
PCM 00a8f0 051c7e00 faccdb00 0545b200 fa4d3b00 05c9e400 f9d9ed00 063c3900 f99f0b00
PCM 00a8f8 0675f000 f9c20100 0654ee00 f9d1c800 063f2a00 f984ae00 068ec900 f95f0800
PCM 00a900 06b7ec00 f96f6300 06a82900 f9de6b00 063b0f00 facfd900 053b7500 fbcfb700
PCM 00a908 04390400 fc552200 03b4b800 fc853700 0383f000 fcfe2700 030ac000 fdcceb00
PCM 00a910 0235ce00 fea0d600 015e4500 ff243000 00db8b00 ff8d9500 006efd00 00407b00
PCM 00a918 ffbc7e00 00f24400 ff053300 01852d00 fe708500 02286e00 fdc7b900 02a94200
PCM 00a920 fd44b100 028dfb00 fd630800 022beb00 fdc4e500 025e1b00 fd954500 02e89600
PCM 00a928 fd098700 0308cf00 fce67600 02ea4100 fd04ed00 02abd000 fd438d00 026a2a00
PCM 00a930 fd85cd00 0254a200 fda05a00 023dd100 fdb95000 01d3ae00 fe1b8400 01377a00
PCM 00a938 febf4c00 0094c200 ff630400 00392800 ffc08c00 00335600 ffc5d200 00117400
PCM 00a940 ffec5100 ffc23900 003a1300 ff520700 00aef800 ff07e500 00f70200 fee81700
PCM 00a948 01164100 feb6eb00 01468900 feca2a00 0134f100 fee60300 0118ab00 fed47a00
PCM 00a950 012f9600 fea58b00 01590600 fee74400 011b1500 ff4e5300 00b2fa00 ffab5100
PCM 00a958 00516f00 ffb01e00 004a4a00 ffabbe00 00529f00 fffec100 fffc0800 0091cb00
PCM 00a960 ff626a00 00c82000 ff2d6400 0111fe00 fee25a00 01970700 fe5b8600 021eee00
PCM 00a968 fdd50c00 025c0f00 fd981f00 028dac00 fd65e500 02ee8b00 fd003900 0335e900
PCM 00a970 fcb8c500 0333c400 fcbdc600 02f00e00 fcfdbb00 0312bd00 fcdda900 0339de00
PCM 00a978 fcb1fb00 033fa700 fcac5400 033fab00 fcad0100 031dd400 fcccea00 0315ab00
PCM 00a980 fcdc5500 02b6bd00 fd384700 023eac00 fdb5e600 01cce800 fe27fa00 01818100
PCM 00a988 fe719c00 014f7c00 fea4ad00 0167ad00 fe8f8d00 0154ff00 fe9dca00 01227500
PCM 00a990 fed05600 0108c200 feedf000 00f0e300 ff051600 0106f000 fef3c900 00e84f00
PCM 00a998 ff0e8f00 00f38700 ff016a00 00d6f800 ff219b00 00d5bd00 ff26ef00 00cc2200
PCM 00a9a0 ff249e00 00c53400 ff338400 00f28900 ff037700 00ef2400 ff095800 00c65a00
PCM 00a9a8 ff320c00 009b2e00 ff5b5900 00aab900 ff4f8000 00c4fb00 ff332600 00ac7800
PCM 00a9b0 ff4d2800 0089f300 ff70c100 00784500 ff826800 00592100 ffa1e400 004dab00
PCM 00a9b8 ffacd200 00578000 ff9fe000 0030cc00 ffc5eb00 ffde0600 0021b500 ff85bd00
PCM 00a9c0 00766400 ff4c0400 00b2ee00 ff389000 00ca4a00 ff0e0600 00efb000 fedc7c00
PCM 00a9c8 0122a400 fedfaa00 011ff000 fef76e00 0106e000 ff0fc200 00e84400 ff2ea400
PCM 00a9d0 00d39800 ff32e100 00c87300 ff287100 00d67100 ff07dd00 00fa3e00 fee55d00
PCM 00a9d8 011a4800 fea8f500 01554700 fea27500 015cb900 fe81b600 017e7300 fe4a8000
PCM 00a9e0 01ba0800 fe0bb300 01f7d700 fdf0f200 0213c100 fdce7e00 02357200 fddad000
PCM 00a9e8 0227df00 fdc16c00 PCM 00a9f0 02987a00 fd894900 027af600 fd5fc700 02ab1300 fd46da00 02bfc800 fd653c00
PCM 00a9f8 029ccc00 fd7cc400 02893900 fd7dd700 028b6900 fd5c5300 02a76100 fd28ad00
PCM 00aa00 02df8c00 fce11800 03275200 fcd08900 0333e100 fcf17a00 03184500 fcb3f700
PCM 00aa08 03531000 fc9c6200 036efc00 fc99c900 036c3b00 fc946f00 0376b100 fc6e6700
PCM 00aa10 039d2c00 fc3fe200 03c8b800 fc138d00 03f8d100 fbe5b300 04292c00 fbde4600
PCM 00aa18 042e1b00 fb9abc00 0472a300 fb65a900 04aade00 fb569000 04b62d00 fb5b4e00
PCM 00aa20 04b2f100 fb558900 04bc3f00 fb19f400 04f5ce00 fa9c8000 05730000 fa3e6400
PCM 00aa28 05d2e900 fa363300 05dd9c00 fa29ae00 05e87f00 fa06f000 060cee00 fa292e00
PCM 00aa30 05ea9d00 fa9b3100 0570fd00 fb389e00 04d6c700 fbd67800 0434b900 fc6f3400
PCM 00aa38 0394c300 fcf61e00 0310ca00 fd51ec00 02b44300 fdcb0a00 0238f300 fea55300
PCM 00aa40 015aa900 ff8c1300 0072b700 00150100 ffe60b00 00a5e400 ff564b00 01257e00
PCM 00aa48 fecc7400 01a8d500 fe4c6d00 01e5ef00 fe0cb900 02643c00 fd8d7800 02c8b200
PCM 00aa50 fd272800 02df0500 fd15e900 02cb6500 fd259c00 030c2d00 fce32a00 038a3c00
PCM 00aa58 fc643600 039f2b00 fc49e400 03672c00 fc87e400 03444900 fcab3000 0318d500
PCM 00aa60 fcd47700 02cdfe00 fd205e00 02859400 fd686400 025cbb00 fd95d600 0233a500
PCM 00aa68 fdbf4500 01cf8400 fe24f900 0193cb00 fe685b00 01523100 fea6a700 00f4de00
PCM 00aa70 ff02dc00 00a7c200 ff513800 00696000 ff91ec00 00356900 ffc6aa00 fff3eb00
PCM 00aa78 00060e00 ffcf8e00 002c0a00 ffd01800 0028cc00 ffe9fc00 00137000 ffb34f00
PCM 00aa80 0047b300 ffa7bd00 0058bb00 00086e00 fff0ab00 0056f000 ffa31d00 00433900
PCM 00aa88 ffb7d900 005aff00 ff9ef400 00b39000 ff444000 0132ad00 fec65600 01a5f700
PCM 00aa90 fe569000 01f2a200 fe036500 0249dc00 fda78600 02752400 fd79fa00 0290e400
PCM 00aa98 fd604d00 02b7d100 fd3c6e00 03234200 fccbc300 0380d800 fc6fd800 0392cf00
PCM 00aaa0 fc598100 038a7d00 fc68c100 03b1d800 fc3c8500 03fa2700 fbf61500 040c2900
PCM 00aaa8 fbde1100 03c1db00 fc2ffe00 0380a700 fc6d8b00 036a6700 fc84b900 03608400
PCM 00aab0 fc89d800 0364e900 fc8df800 03529300 fc9b4d00 031fc500 fcd10000 02c41400
PCM 00aab8 fd2fa900 029c0800 fd573700 02816600 fd70d200 0267ca00 fd87a500 0243d300
PCM 00aac0 fdae6a00 0218c400 fddd0200 01d62600 fe22a900 01acdb00 fe475f00 019fcc00
PCM 00aac8 fe559100 01bbcd00 fe3ad400 01d41000 fe257a00 0191e900 fe677700 016d7300
PCM 00aad0 fe8b6400 016f5c00 fe85bc00 019c5200 fe5a8200 01a56a00 fe521f00 018c0600
PCM 00aad8 fe673000 0162ed00 fe91af00 016aee00 fe8ee000 0153ca00 fea21800 014cc000
PCM 00aae0 fea81500 012e6000 fec6a400 01079400 fef27c00 00f74e00 ff03f700 00dcbe00
PCM 00aae8 ff1d1a00 00a87f00 ff4ec200 0081b800 ff797600 00433900 ffbc1100 ffd79000
PCM 00aaf0 00277700 ff6bc200 0090cf00 ff240500 00dd0900 ff032700 00fdcc00 feea4c00
PCM 00aaf8 01179100 fe9d7600 0161fa00 fe685c00 019a4700 fe77c500 018c2500 fea2ef00
PCM 00ab00 01624700 fec47500 013d6a00 fe9bd900 016b7e00 fe617e00 01a1c900 fe445b00
PCM 00ab08 01bdfe00 fe277f00 01dcd700 fe4d1400 01b52c00 fe53c300 01b02d00 fe201400
PCM 00ab10 01e34600 fdc17300 02427000 fd78da00 02910400 fd817600 02817500 fd870900
PCM 00ab18 02812d00 fd971f00 0273c200 fd840b00 02847000 fd841d00 02823500 fd782700
PCM 00ab20 028ff100 fd604800 02a8a500 fd59a700 02aefe00 fd552200 02b28500 fd303500
PCM 00ab28 02d47200 fd12cf00 02f91400 fcf4d000 03149b00 fcea1c00 031e4100 fcefdd00
PCM 00ab30 03186300 fce90500 03254700 fd0a4000 02fb9000 fd32d000 02d52a00 fd4a1e00
PCM 00ab38 02be6700 fd1aa400 02eb3900 fcdb4500 032f7400 fca6b900 03617900 fca2e500
PCM 00ab40 03646300 fc900300 037c8b00 fc352400 03d6c500 fbdc8b00 04338c00 fb790300
PCM 00ab48 04979700 fb5df300 04b2f800 fb59cd00 04bc8900 fb176200 04ff1300 fa822d00
PCM 00ab50 058cd800 fa164f00 0602bd00 f9edcc00 0629a200 f98fd500 0686a400 f91cc300
PCM 00ab58 06fcc700 f8dbe000 07406c00 f8c5db00 07561800 f8ba4e00 075f9400 f8ee2300
PCM 00ab60 072d3e00 f96d9f00 06ab5900 fa621f00 05b0f500 fb2e1000 04de8500 fba35000
PCM 00ab68 046f8700 fbd7a500 04313c00 fc5a5e00 03af8500 fd538400 02b59a00 fe1da900
PCM 00ab70 01e5bf00 fe666900 019da200 fed54200 01288800 ffd6b900 00265100 00c61300
PCM 00ab78 ff327800 0123a100 fed2d300 01516f00 fea5e900 01b1a400 fe455700 020e2f00
PCM 00ab80 fde8b500 0238c400 fdbf4a00 02456a00 fdb17400 026d7100 fd870b00 029fd900
PCM 00ab88 fd518000 02b44c00 fd3d9c00 02af4500 fd412400 02aad400 fd43ae00 029c0100
PCM 00ab90 fd556800 02638500 fd8f2600 01ebdb00 fe087200 013aac00 febdab00 00ce7c00
PCM 00ab98 ff2f5100 00871100 ff70f300 004fbd00 ffacc900 000dd100 ffee8d00 ffca5000
PCM 00aba0 00307300 ff7fe100 00838900 ff347b00 00ca6400 ff04b900 01049500 fea42d00
PCM 00aba8 01617600 fe6e4800 01962900 fe6e3800 0194df00 fe4a1d00 01bd6000 fe0bdd00
PCM 00abb0 01f65600 fe0f4c00 01f4bb00 fe610100 01a32000 febd5a00 01444900 fef0fb00
PCM 00abb8 0110f100 ff1d2200 00e5d400 ff6ad700 00928600 ffc55700 00381500 fff7f600
PCM 00abc0 00057000 00188500 ffe16800 00819f00 ff7ace00 01029400 fef69800 0125b600
PCM 00abc8 fed0e600 01606e00 fe939100 01c92800 fe2ae000 02355000 fdc0b200 02522000
PCM 00abd0 fda04d00 02380100 fdb91500 02183e00 fddbee00 0212ea00 fde52800 01fa4500
PCM 00abd8 fdf91200 01fdf800 fdf48700 01e45e00 fe12d600 01d12c00 fe244f00 01b2fa00
PCM 00abe0 fe3f3900 018d3a00 fe685900 0168a900 fe8cc500 013d7500 feb53000 0101f700
PCM 00abe8 fef65700 00c88900 ff331f00 008f6f00 ff698b00 006ee100 ff903900 00610200
PCM 00abf0 ff9c7b00 0072c700 ff8dec00 0062f200 ff991600 001a2700 ffde6f00 ffd5ef00
PCM 00abf8 002a1200 ffbe2c00 003f1700 ffcf7900 002da300 ffd0ff00 002d2900 ffa2ad00
PCM 00ac00 0059f000 ff886800 0075cc00 ffa51400 00575800 ffd32f00 002f4500 ffd6cb00
PCM 00ac08 0023b200 ffc3aa00 0038ff00 ffb96500 00464000 ffa27e00 005cbe00 ffbbcf00
PCM 00ac10 00450500 ffd01a00 002e5200 ffd53f00 00281f00 ffc7c500 00365600 ff9d1400
PCM 00ac18 00620400 ff7c8500 00868e00 ff429700 00bd7500 ff0df000 00ef2e00 feef2700
PCM 00ac20 0110b400 febda500 01429200 feab7c00 01541800 fe840c00 017d8c00 fe557000
PCM 00ac28 01a8f000 fe3a1000 01ca0600 fe293300 01db4900 fe207a00 01e38300 fdf0f800
PCM 00ac30 02147e00 fda3b800 02652800 fd96b000 026f7000 fd894900 02800800 fd5bfd00
PCM 00ac38 02ad3200 fd1af600 02ee6200 fce38200 03259500 fcbe6c00 034c9c00 fcb31600
PCM 00ac40 03576400 fcc43300 03423000 fce8d000 03211800 fcd72300 032ed600 fccbc100
PCM 00ac48 033f9400 fce24800 03275500 fd492400 02c17400 fd9c2400 02674600 fd967e00
PCM 00ac50 026d8300 fd80d400 02824500 fd745a00 02908c00 fd24e300 02e18d00 fd145500
PCM 00ac58 02f3a000 fd115600 02fc4b00 fd3ecb00 02cac900 fd550f00 02b79300 fd284b00
PCM 00ac60 02e1e400 fce3b300 0327b100 fcd99000 032e9300 fd44cb00 02c2a500 fd36e100
PCM 00ac68 02d2f900 fcfd3d00 030bc600 fcbfbc00 03462000 fcd55100 0336a000 fd3a0900
PCM 00ac70 02cef500 fd67e200 029ec800 fd6e6600 029a4900 fd5b5f00 02aeaa00 fd1ef100
PCM 00ac78 02e84200 fce2f000 03264c00 fc929700 0375a900 fc47a500 03c4e200 fc394000
PCM 00ac80 03d4d700 fc287b00 03e76d00 fbd00b00 043d4400 fb9ef000 04727400 fb763300
PCM 00ac88 049d2300 fb4ba300 04c56800 fb0b7900 05039200 fa8b2400 05877c00 fa502700
PCM 00ac90 05c5b800 fa472200 05cb3600 fa51be00 05c13c00 fa0f9400 0603f400 f9f3f400
PCM 00ac98 0620cc00 fa141300 05ff0c00 fa6ea600 05a21800 fb23c100 04edf900 fbf22800
PCM 00aca0 041ab400 fca8c900 03667e00 fcc2fd00 03460800 fcf5d900 03183900 fd6ef100
PCM 00aca8 0294b000 fe37f900 01c76e00 fecc8600 01333200 ff5e5b00 00a18200 00169200
PCM 00acb0 ffe74900 00d1a200 ff287700 0153d900 fea32a00 01a22200 fe539c00 01e8ab00
PCM 00acb8 fe0c6100 020aef00 fde1f600 021c1f00 fdd01600 02308c00 fdbfec00 027f2000
PCM 00acc0 fd73a400 02e54200 fd098300 03057e00 fce98900 0317db00 fcd65400 03096d00
PCM 00acc8 fce83500 02c7f800 fd2bd200 02708500 fd7eda00 02413f00 fdb1d100 01f40d00
PCM 00acd0 fdfb8400 01a82700 fe4c2000 0156a400 fe9e3000 010ccc00 fee4e600 00f01700
PCM 00acd8 ff03a700 00966600 ff64af00 002b2700 ffd36700 ffe0bb00 0014b400 ffbda700
PCM 00ace0 003b3a00 ffa81b00 0058d400 ffbaed00 00438d00 ffcdd900 002fbe00 ffdec500
PCM 00ace8 001bf400 ffec5b00 000f8000 ffe26b00 00191b00 ffc14100 003fb900 ffdf1300
PCM 00acf0 0021e400 00118d00 fff00a00 0031e200 ffcb7000 00624900 ff946e00 00bae800
PCM 00acf8 ff3aea00 00e7aa00 ff107200 0134cf00 fec24a00 018b2900 fe688400 01c7ae00
PCM 00ad00 fe2b3a00 0209a700 fdee4600 0237fb00 fdbb2b00 0282cb00 fd6f3f00 02c08100
PCM 00ad08 fd2fd300 02c98c00 fd295f00 02c5f800 fd289a00 02c75600 fd2bbe00 02ba9100
PCM 00ad10 fd35e600 02a45000 fd52bc00 02a4df00 fd4b1b00 02a09500 fd520b00 028e6800
PCM 00ad18 fd61b700 02825c00 fd6b7000 02677c00 fd8e1d00 0244ea00 fda91400 020c3000
PCM 00ad20 fde69800 01be1c00 fe391e00 0191cf00 fe63ba00 0169b200 fe8aa500 011ef600
PCM 00ad28 fed50600 00fa8700 fefb3700 00f95200 fefd4200 00eb3b00 ff0a9400 00d58e00
PCM 00ad30 ff243700 00ba0a00 ff3c0500 008c6300 ff716700 0067ed00 ff8da500 00780100
PCM 00ad38 ff812600 0084be00 ff773100 008b8c00 ff6d8800 008b8400 ff6fa400 0085a500
PCM 00ad40 ff743900 00673500 ff940b00 005dd400 ff9b5800 001e2900 ffde5900 0006d900
PCM 00ad48 fff7bd00 000aed00 fff02f00 000dc700 ffeb4700 001c6600 ffdf5000 001f1700
PCM 00ad50 ffdb7100 ffe06c00 001cfc00 ffc03b00 003c9b00 ff731f00 00892e00 ff52b400
PCM 00ad58 00ab6000 ff4d2200 00b02e00 ff704900 008c9b00 ff77ce00 0086b100 ff5fb000
PCM 00ad60 009f9600 ff0fee00 00f14600 fee0f500 011e7900 feb97500 01429500 fe76f400
PCM 00ad68 018d9000 fe8b5a00 01722100 fe8eff00 016f4700 fe9ccb00 01625400 fe20ac00
PCM 00ad70 01e39500 fe2d2600 01d89700 fe661600 019b0c00 fe28a700 01d85900 fe0e7800
PCM 00ad78 01f73f00 fe16fa00 01efb100 fe546900 01ad0100 fe564f00 01ad7200 fde33800
PCM 00ad80 021e5600 fdd0be00 0237ea00 fdcf5800 02370c00 fe2a0900 01d90300 fe6d7600
PCM 00ad88 01932400 fe218a00 01e3da00 fe4aab00 01b7d600 fe3c1a00 01c81a00 fe7e3000
PCM 00ad90 01848900 fe429400 01bdb900 fe15ca00 01eb1700 fe1e5300 01e41000 fdd7a000
PCM 00ad98 022cc900 fe245f00 01e19800 fe028900 02038400 fe0cb000 01f97200 fe3aa700
PCM 00ada0 01c72500 fe1a2200 01e59200 fe5add00 01a74000 fe37ca00 01c77800 fe002500
PCM 00ada8 02033300 fe27b600 01dd4d00 fe114a00 01f40300 fe129e00 01f0db00 fdc70300
PCM 00adb0 023a1300 fdeb2b00 02192000 fe33b400 01cfa900 fe250200 01e18200 fdf94600
PCM 00adb8 020bfd00 fdb61300 024ab000 fdc76100 023ad000 fdc52800 023d5600 fda17000
PCM 00adc0 0265a300 fd43ce00 02c3d100 fd533000 02b64300 fd854400 027ffd00 fd44b400
PCM 00adc8 02c0c600 fce07b00 03263600 fc713400 039e8a00 fc790100 038ba200 fc65ea00
PCM 00add0 03a4b600 fc676c00 03a23100 fcbafa00 03510d00 fcbd7200 034d4700 fcaa5500
PCM 00add8 035ee700 fc9cd700 036aba00 fc8dba00 037f2d00 fcae9700 035e7c00 fce78b00
PCM 00ade0 03219500 fd138b00 02f5f900 fd79d400 028cb300 fdd4d400 02328a00 fe3e4800
PCM 00ade8 01ca7000 fe35d500 01c98f00 fe2dc600 01d13500 fe2d2e00 01d3a000 fe795b00
PCM 00adf0 0186b900 fecfb400 01312900 ff2caa00 00cf2300 ff82c000 007d6300 ffc61500
PCM 00adf8 00338800 00234f00 ffd5da00 008f0600 ff68f000 009d6400 ff57eb00 0070c800
PCM 00ae00 ff892200 00865e00 ff74b600 00b65a00 ff438700 00fee700 fef96800 01240100
PCM 00ae08 fed1d900 01135b00 fee76000 010aef00 feeb9900 00f58600 ff042b00 00bff300
PCM 00ae10 ff3c7f00 00973400 ff62bc00 006f4100 ff892d00 00609900 ff9a5c00 00308f00
PCM 00ae18 ffcc1600 0008b800 fff34700 fff3e900 000aba00 000bdf00 ffed4f00 ffd8ee00
PCM 00ae20 00217100 ff8be700 006e4f00 ff852b00 0078e600 ff8ac800 00735b00 ff7d6e00
PCM 00ae28 00801000 ff90ec00 006a9100 ff8b5400 006fc800 ff91e600 0068de00 ff764d00
PCM 00ae30 0083d100 ff4c8600 00b14200 ff6b9900 0092a800 ffd32600 002d1d00 fff92f00
PCM 00ae38 00019d00 ffda7d00 0023d600 ffd72400 0026f700 ffe4be00 00184a00 000fb900
PCM 00ae40 ffe8d100 001a0700 ffe1ba00 004e6300 ffae7900 005cc900 ff9c2100 005ccf00
PCM 00ae48 ff98fa00 0067a400 ff937a00 006f6700 ff87c400 00ba2500 ff3ef300 00ca5f00
PCM 00ae50 ff30bPCM 00ae58 ff889c00 003d4700 ffc0af00 00210800 ffd96a00 00314300 ffc53800 000dd200
PCM 00ae60 ffec4100 000c3900 ffecc600 00161500 ffe2ca00 000fca00 ffe99a00 ffe11000
PCM 00ae68 001a1100 ffc9c900 00360c00 ffb09a00 004d2b00 ffc6ac00 00321800 ffcbe400
PCM 00ae70 00303000 ffe3eb00 00169800 ffb85400 00402500 ff96b100 0068c500 ff6be700
PCM 00ae78 00944600 ff64c100 0095e600 ff6bc500 008e8f00 ff71e300 008e2300 ff534c00
PCM 00ae80 00adff00 ff021600 00fac900 ff39f000 00c49c00 ff951400 0066d000 ffcdf200
PCM 00ae88 002eda00 ff5d5c00 00a10300 ff790d00 00820900 ff65cb00 00952300 ff85eb00
PCM 00ae90 0072de00 ff131800 00eb1900 fec84600 01391800 fefb6000 01070200 ff12b000
PCM 00ae98 00ea5100 fee8c900 011PCM 00aea0 016a6000 feb8b800 0145ca00 fe9c5600 01655500 fe175e00 01eedd00 feca1500
PCM 00aea8 01363500 ff358d00 00c74200 fed55a00 012a8900 fe30be00 01d22e00 fe84cb00
PCM 00aeb0 017b7400 fea62e00 0158fc00 fedb1200 01284200 fe41c900 01c31c00 fe289100
PCM 00aeb8 01de7f00 fe90df00 016e4200 feea8d00 0110aa00 fe8dca00 01760900 fe35b600
PCM 00aec0 01cb5500 fe704a00 01908800 fe52b500 01b0a600 fe245a00 01df3f00 fda08200
PCM 00aec8 0266ad00 fe705f00 018eec00 fe6afd00 0198ea00 fe681000 0197ce00 fe3e7300
PCM 00aed0 01c2d400 fea92c00 0156ef00 fe9b9200 0163af00 fe697500 0199a000 fe5c9900
PCM 00aed8 01a49500 fe93ee00 016ef300 febbf300 0147bd00 fe7d2f00 01865700 fe9b8c00
PCM 00aee0 0160f900 fe53ff00 01abcb00 fe978300 01662900 fe14b900 01edaa00 fe4bb200
PCM 00aee8 01b63000 fe66eb00 019b4600 fe764300 018aea00 fe48cc00 01b80100 fe3a3600
PCM 00aef0 01c79100 fe53df00 01b01b00 fe65ad00 01994300 fe819700 0181fc00 fe6d2e00
PCM 00aef8 01973700 fe92a400 01700600 fe4fc300 01b47600 fe5d0600 019fca00 fea0ab00
PCM 00af00 0161cd00 fe9dd900 01635000 fe8c2e00 01736400 fe902900 0170bf00 feb1d700
PCM 00af08 014fe500 fed4c000 0128ca00 feb8a900 01456900 fe6e7200 0195f700 fe654e00
PCM 00af10 019c3900 fe51c300 01abe000 fe89eb00 0171c700 fe3dc300 01c33400 fe4d2200
PCM 00af18 01b3b000 fe805900 01828300 fea27200 015cd500 fe5aca00 01a4a900 feb6bd00
PCM 00af20 014dc200 fee24700 01199600 fef46100 010a4400 fe783a00 018cf600 fe3eb600
PCM 00af28 01c2c000 fe62c000 019ff200 fea7e600 0158f500 feb62900 01487400 feade600
PCM 00af30 01527200 fe94ec00 01691f00 fec8ee00 01382900 fee5f800 0118c900 feb21500
PCM 00af38 014af100 fec13200 013d5b00 fef82a00 01077a00 ff151f00 00e8d600 ff022d00
PCM 00af40 00fc9900 fef91900 01090500 ff1bd900 00e2b200 ff4c3b00 00ad9f00 ff58ed00
PCM 00af48 00a76400 ff17d000 00eafd00 ff0fe300 00ee6400 ff42f400 00bc7c00 ff83ae00
PCM 00af50 007a9000 ff72cc00 00897300 ff753e00 00871e00 ff906600 0069a900 ffd02500
PCM 00af58 00292800 ffdfb900 0020b400 00012a00 fffd8700 00114800 ffe9f200 001da900
PCM 00af60 ffe07c00 003ee000 ffb99300 00258b00 ffd40800 00329200 ffc63600 00623400
PCM 00af68 ff94f600 00341b00 ffc58900 00224b00 ffd93300 fffa1800 0005d800 004d5700
PCM 00af70 ffa9dc00 0061e600 ff9a9500 00709e00 ff86d600 005af500 ff9d3f00 00618900
PCM 00af78 ff96a000 006fdd00 ff8a9400 007e2300 ff7d4900 00759b00 ff822f00 00841000
PCM 00af80 ff795f00 006e5900 ff885100 007d1300 ff7ed800 008ba200 ff6fe300 0089cf00
PCM 00af88 ff6fec00 005a9e00 ffa00300 00457400 ffb6c100 003f8100 ffbb9200 00455100
PCM 00af90 ffb22c00 00187c00 ffe03d00 00175700 ffe40400 0089b300 ff6f7b00 007c0800
PCM 00af98 ff7e6800 00688300 ff90af00 003dcc00 ffc00100 0081e300 ff74db00 00a30b00
PCM 00afa0 ff541100 007c4100 ff7eb400 006ea500 ff8a2900 00baee00 ff3a2900 00bcc500
PCM 00afa8 ff3c0a00 00b32600 ff45a200 006fd000 ff88f900 00b28d00 ff431700 0072b300
PCM 00afb0 ff88e800 004a5600 ffabd900 004b8600 fface300  00629f00
PCM 00afb8 ff965400 004cec00 ffab0900 00547800 ffa04c00 00a00600 ff565400 00907c00
PCM 00afc0 ff677600 008bb700 ff6ca900 00793900 ff7b8600 0074fe00 ff80a800 0063ff00
PCM 00afc8 ff918700 006d8500 ff86de00 006b0500 ff8deb00 00826e00 ff737600 00885700
PCM 00afd0 ff71e600 008b4900 ff6d8900 00538c00 ffa26100 005fc500 ff968300 00192300
PCM 00afd8 ffdee200 00189a00 ffdcc000 ffec8a00 000a9300 003c2a00 ffbfbd00 fffcc400
PCM 00afe0 fff9e500 fff2ea00 000b1f00 ffe89a00 00106f00 00527200 ffa5f300 000e8700
PCM 00afe8 ffed7400 ffa80f00 00526d00 ffecd200 000cc000 00984600 ff5e3100 01200000
PCM 00aff0 fed53d00 01192000 fed9a700 0158e900 fea03c00 01411800 feb5a500 00c14b00
PCM 00aff8 ff36da00 0033b700 ffc81f00 00468c00 ffaf0800 00703d00 ff89d300 00a3de00
PCM 00b000 ff527e00 001d8800 ffdd8900 00371300 ffc39400 00181b00 ffe57800 00444200
PCM 00b008 ffb3af00 001b2100 ffdbae00 0064ec00 ff94b100 00452b00 ffb03300 004c2b00
PCM 00b010 ffadf900 0013d200 ffe70c00 002a9700 ffce3300 0000b500 fffd9500 000ee400
PCM 00b018 ffeaae00 ffd9f200 00223800 ffedad00 000a3e00 ffbc0400 00426700 ffbcfe00
PCM 00b020 00415100 fff03300 000b4400 0021f300 ffd2ae00 ffe9c700 000ee400 ffb90700
PCM 00b028 00400900 ff8bab00 006d3f00 ff57c200 00a67500 ff35ac00 00c60500 ff044100
PCM 00b030 00fa0100 fed40200 012ae700 fef7e600 0104ee00 fef6db00 010b4200 fe96a300
PCM 00b038 01691400 fea24c00 015e8e00 febbc100 01421000 fe8dd500 01740300 fe387600
PCM 00b040 01c47600 fe2eae00 01d21000 fdf5da00 020c7400 fe1f6400 PCM 00b048 023fe600 fd810100 0280f900 fde89200 02199b00 fdfbbb00 0206d700 fdf38100
PCM 00b050 020af000 fde93100 02199e00 fdd76e00 022cdd00 fdedbd00 02122200 fdPCM 00b058 0243ec00 fded4500 02176b00 fdfe5f00 02013d00 fdfe5000 0205cb00 fe2de700
PCM 00b060 01cfed00 fe400c00 01c50800 fe43a700 01b9f700 fe5efa00 01a01800 fe6ffa00
PCM 00b068 018d9400 fee66800 01173700 fedad400 0120b100 fec20900 013d9600 feaed200
PCM 00b070 0153d000 ff07e700 00f75b00 fed07a00 01293800 fe7d7100 01850c00 fe7a2900
PCM 00b078 0186ec00 fed11600 0131c900 febf9f00 01421200 fed43d00 01272900 fee26d00
PCM 00b080 011d6300 ff1cb200 00e44c00 ff4bf000 00b4af00 ff6a0000 00930800 ff318a00
PCM 00b088 00cee200 ff77ff00 0089b800 ff723300 008c0300 ff67bf00 00927400 ff630700
PCM 00b090 0099a300 ffad5b00 004dbf00 ffbdf500 003fc700 ff93de00 0066dd00 ff89d700
PCM 00b098 00735f00 ff885a00 00731d00 ffbe4f00 00401300 ffb64900 00467c00 ff86cf00
PCM 00b0a0 00788c00 ff948900 006a0300 ff79ee00 00827d00 ff75c300 0086b700 ff711200
PCM 00b0a8 008daa00 ff581400 00a9c000 ff575e00 00a76a00 ff8ab000 0073aa00 ff768d00
PCM 00b0b0 0082b500 ff3ac100 00c4d700 ff32f000 00cc9800 ff62ba00 009b3c00 ff674000
PCM 00b0b8 009b3700 feffab00 00fd1400 fed62600 012c1f00 ff25de00 00d79500 ff446600
PCM 00b0c0 00ba3e00 ff085100 00fa5b00 ff027100 01006200 ff630700 009c3e00 ff7b1400
PCM 00b0c8 0080cb00 ff348600 00ce1300 ff396200 00c88400 ff4fed00 00ae1900 ff5db800
PCM 00b0d0 009e5700 ff2a8900 00d15700 ff1f2200 00e07100 ff12bd00 00eef100 ff688f00
PCM 00b0d8 00993100 ff3a2700 00c5e300 fef4e100 010b7400 ff1d8900PCM 00b0e0 008ad900 ff799f00 00852300 ff07b900 00f6af00 ff3a7000 00c57300 ff647900
PCM 00b0e8 009ded00 ff4fa500 00aaf700 ff68c200 00905a00 ff410200 00bc1800 ff9d6800
PCM 00b0f0 005ea500 ffc9e600 0034cc00 ffb18800 004b2e00 ff758100 0089f000 ffaffb00
PCM 00b0f8 004c9700 0016e600 ffe47800 ffee6800 000bd400 ffbd6800 003c8600 ffd9f200
PCM 00b100 00216100 003bae00 ffc1fe00 004c9900 ffabce00 fff8bc00 ffffad00 000f0c00
PCM 00b108 ffeb1300 003bee00 ffbdfc00 0029b400 ffd09700 ffed4d00 000c8900 fff12800
PCM 00b110 000afa00 fff38300 00057f00 fff76a00 00076200 0007df00 fff60c00 001e6a00
PCM 00b118 ffdc1900 fff87100 0004ab00 003f1b00 ffbe9b00 002d2d00 ffd2dd00 0012d300
PCM 00b120 ffe9f300 ffedd600 00128a00 0001a100 fff87f00 0009b900 fff36700 0013a900
PCM 00b128 ffeb4500 ffd0ab00 002ea900 ffd9b200 00211c00 00086200 fff4fe00 ffd02f00
PCM 00b130 002b0000 ffafb000 004d5200 ffeef300 00118700 001e0800 ffe02f00 ffe66b00
PCM 00b138 00192500 ffea7c00 00137b00 ffd85a00 00250300 ffbc1200 00400700 ffc9d600
PCM 00b140 00367d00 ffb1c300 004d3d00 ffc46000 0037eb00 ffdeba00 001f9500 ffbe4600
PCM 00b148 0042d000 ffc82c00 00376a00 ffaf1e00 00517a00 ffda2100 001e9300 ff960200
PCM 00b150 00678b00 ff9e8900 00613c00 ffc20f00 00399900 ffdba400 0020f800 ffaf3400
PCM 00b158 004d3300 ffa6b800 00542500 ffcc6c00 00329300 ffefc900 000d3200 ffe1b900
PCM 00b160 0018fa00 ffda6a00 001f8c00 ffaf6e00 004f7000 fff5e000 00047d00 ffafa100
PCM 00b168 004ce900 ffdc1200 00219700 ffaf2a00 004bf100 ffc70e00 00356300 ffae7000
PCM 00b170 004e8500 ffc71500 00369b00 ffced100 002d4f00 ffe21100 001b2f00 00100700
PCM 00b178 ffe8ff00 ffedaa00 000bf800 00024000 fff8a700 00124f00 ffea8200 0011df00
PCM 00b180 ffeaf900 004a4500 ffb2af00 001cfd00 ffd9ee00 002d6a00 ffcd8600 000a2800
PCM 00b188 fff0af00 002f1700 ffca3900 001f9b00 ffda3800 004bd300 ffae6900 00709700
PCM 00b190 ff89c900 0048e400 ffb2e900 00363d00 ffc72000 003a2c00 ffc28a00 0040b600
PCM 00b198 ffb8f400 00487100 ffaf3e00 00245e00 ffd87900 00447200 ffb7a800 003e3900
PCM 00b1a0 ffbff200 00462e00 ffb71100 003a9e00 ffc16c00 fff0bc00 0008a600 fffc5f00
PCM 00b1a8 ffff1000 00090e00 fff01e00 0003c800 fff97600 fff54600 00078100 0015ad00
PCM 00b1b0 ffe31700 00206000 ffde3000 00084900 fff58000 00137c00 ffe90e00 00356300
PCM 00b1b8 ffc41700 0016f800 ffe2e200 00331200 ffcac100 0055d800 ffa3e900 00699100
PCM 00b1c0 ff8ff000 00586d00 ffa0d200 00302700 ffcbe400 0042a200 ffb64900 004b7300
PCM 00b1c8 ffb29b00 00621200 ff983b00 00168b00 ffe61f00 002be600 ffcc2600 004cf600
PCM 00b1d0 ffad5900 00305400 ffc6d100 fff1fe00 000d3d00 000da600 fff00200 004b4600
PCM 00b1d8 ffad8700 00248c00 ffda6d00 00084800 fff3a300 ffefa400 000e3700 0036d800
PCM 00b1e0 ffc3a700 004a3300 ffb0ff00 00054600 fff4b600 fff7eb00 0002a600 0034f500
PCM 00b1e8 ffc57d00 0020f500 ffdc8500 ffc79000 00375600 ffcbb800 0030f500 0017ac00
PCM 00b1f0 ffe7a300 00487000 ffb63800 00421400 ffba8100 000c0b00 ffecb400 0044df00
PCM 00b1f8 ffb9e300 00266100 ffd35500 004e6a00 ffa8fc00 ffffbc00 fffb8100 00242900
PCM 00b200 ffd63700 00366800 ffc23900 001ae500 ffe0c400 fff97300 0000fb00 fff7f100
PCM 00b208 00032100 fffeba00 fffe4f00 0025dc00 ffd4d200 000ebc00 ffefe400 00427500
PCM 00b210 ffbb4b00 fff14000 000d6200 00335200 ffc8d700 0013fe00 ffe95800 0062ed00
PCM 00b218 ff963900 0022d300 ffdec700 0049dd00 ffaf1b00 005eb300 ff9d1800 0047b000
PCM 00b220 ffae3d00 00373600 ffc58a00 00321600 ffcbcd00 00532000 ffa70b00 00793b00
PCM 00b228 ff809000 00076000 fff5f100 00521900 ffaaa900 001d6c00 ffdfb800 006dd300
PCM 00b230 ff8e6d00 0049a100 ffb27700 000ca700 fff32700 006ea200 ff8efc00 00646b00
PCM 00b238 ff945000 00578400 ffa16900 00520d00 ffa4f900 00469c00 ffb4a500 006f7100
PCM 00b240 ff8c2000 00370100 ffc36500 003bc000 ffbe6200 003d3900 ffbfc300 00195200
PCM 00b248 ffe2de00 00480d00 ffb0a800 fff6ce00 00074b00 0001ec00 fffc7c00 000b9d00
PCM 00b250 ffeeea00 ffee7e00 0010a200 00324600 ffcdc000 00218600 ffde7100 ffef0d00
PCM 00b258 000e9100 00335400 ffcdf600 00309d00 ffcd9600 004f8a00 ffad9600 0011d100
PCM 00b260 ffe8d100 006b1000 ff909600 0089d900 ff71b500 007c6d00 ff7d7400 00750300
PCM 00b268 ff84ea00 00442600 ffbceb00 00543300 ffa97800 00739d00 ff87d800 0044bb00
PCM 00b270 ffb73d00 001aa800 ffde0800 004b7000 ffb30e00 00701f00 ff89aa00 0026b300
PCM 00b278 ffd41800 0005db00 fff89a00 00427300 ffb61d00 00292b00 ffd40400 00671900
PCM 00b280 ff93c600 00609400 ff9d0000 0037cc00 ffc34b00 0063dc00 ff98af00 008d6600
PCM 00b288 ff6cd100 006bb200 ff940300 00111f00 ffef5500 00481300 ffb5b200 00a90a00
PCM 00b290 ff4e8900 005f3c00 ff9b2600 00762100 ff852900 005dfc00 ffa40500 007e6e00
PCM 00b298 ff7f3200 00bcb000 ff407400 00705f00 ff8e9200 005d7900 ff9ced00 005c0000
PCM 00b2a0 ff9e1b00 00848200 ff7ac100 00659300 ff98a600 ffe70c00 00159300 00511000
PCM 00b2a8 ffabaf00 00ba6100 ff3e4300 0078b700 ff80ba00 0058e300 ffa38e00 004ca900
PCM 00b2b0 ffaec900 007de400 ff7bd100 00927900 ff658200 003b9f00 ffc0ae00 0048d300
PCM 00b2b8 ffb5f900 00086a00 fff2d000 0091af00 ff68be00 005b6200 ffa4fd00 ffdaab00
PCM 00b2c0 0020a100 fff58b00 00051700 009d6700 ff5ee400 00a12800 ff566700 ffef0f00
PCM 00b2c8 00101d00 0022e800 ffdc6400 0066f400 ff949500 00793c00 ff804c00 002f0200
PCM 00b2d0 ffce2100 002fae00 ffccf900 001cdb00 ffe2c600 006b8700 ff908f00 00995000
PCM 00b2d8 ff62e200 fffc1200 fffce100 ffa25c00 0058ea00 0014f400 ffe8aa00 0056c700
PCM 00b2e0 ffa4ed00 00141300 ffe88300 ffcbdf00 00304a00 ffdd2f00 001f1700 0028f400
PCM 00b2e8 ffcf8a00 001d3400 ffde8200 ff7d9800 0081c200 ff59d200 00a9c900 ffe94700
PCM 00b2f0 00157400 ffde2500 001e4e00 ff86f100 00779500 ffaf6d00 0051db00 ffc56200
PCM 00b2f8 00345500 ffaf8f00 004a4b00 ffe66000 00123100 ff86c100 00773c00 ff909600
PCM 00b300 006cc000 ffb46500 00490500 ffc72700 00341300 ffbe1300 003e2a00 ff9d7400
PCM 00b308 00632200 ffd14a00 002a7f00 00042500 fffb0100 ff98ef00 00636900 ff70cd00
PCM 00b310 008ca200 ffab7600 004fbe00 ffd5ac00 0027d100 ffb68e00 00485400 ffae8500
PCM 00b318 00505200 ffa3a400 00581300 ff871100 00778100 ffc53900 00376900 ffbf2800
PCM 00b320 00418000 ff7d6700 007faa00 ff8c8a00 00745000 ff7bf900 00822c00 ffb1a700
PCM 00b328 004eab00 ff95d100 00689200 ffbaac00 0043e200 ffb71900 0045c100 ffc6ae00
PCM 00b330 00353200 ffefd400 0009f600 ffa8b800 0054b000 ff43f500 00ba4500 ffb28800
PCM 00b338 00466000 ffa87600 00534400 ff59d000 00a8b900 ff288100 00d7a600 ffa13900
PCM 00b340 005b1500 ff9e9300 0060ef00 ff9f9000 005c5e00 ff957800 006a6a00 ff818b00
PCM 00b348 007aa600 ff8df000 00700300 ffabcc00 00504700 ff699400 00932200 ff65d700
PCM 00b350 00981000 ffe8ee00 00142c00 ffcbcf00 0033ea00 ff6cdf00 008d2700 ffb90b00
PCM 00b358 00413800 ffaf9400 004f5800 ff7aa400 00800c00 ff9db000 005dd800 ffda4900
PCM 00b360 0023e400 ffaafb00 0053b900 ff5c7d00 00a04b00 ffd3f500 0024e300 ffc4b500
PCM 00b368 003a5400 ff91be00 006c0e00 ff616100 00a10300 ff7a1d00 0084f000 ffd54900
PCM 00b370 0024e800 ffbe9100 003e2400 ffaa6f00 0052b200 ffb29000 004bc100 0015d000
PCM 00b378 ffe85800 ffc62500 0032b800 ffa2d400 00579300 ffa7b700 0052a500 ffae8600
PCM 00b380 00509000 fff30000 00066f00 ffb79c00 0040d400 ffbdd900 003cf500 000d8000
PCM 00b388 ffefdb00 ffc85100 00359700 ffc95200 00308000 ffe9f700 0011ed00 fff99f00
PCM 00b390 fffe3e00 ffe6fa00 0014ce00 00290a00 ffd2ce00 007ca100 ff7c3800 00197d00
PCM 00b398 ffe31b00 0006d200 fff6e900 00185c00 ffe61700 00388b00 ffc67500 ffefe100
PCM 00b3a0 000c6300 ffd0b000 002e0100 00132c00 ffe8ab00 004ab200 ffb58600 000b0a00
PCM 00b3a8 fff38a00 ffce4d00 0030ac00 00280c00 ffcfe200 00343e00 ffcc0c00 0020e800
PCM 00b3b0 ffda9700 00348000 ffc8a900 00584b00 ffa0f100 0006e600 fff34500 ffb41600
PCM 00b3b8 0043c900 ffe91800 0011e600 001d5c00 ffdf6400 ffb62800 004b9300 ffa4e500
PCM 00b3c0 0059e600 00518500 ffa98800 0011bd00 ffed7a00 0008eb00 fff47700 ffdb0300
PCM 00b3c8 001fbd00 0020a500 ffdb2e00 0030a200 ffcbdf00 fff7e600 00056700 ffbf6800
PCM 00b3d0 003f5400 00102100 ffee6400 00356200 ffc65e00 00455800 ffb66a00 002b0b00
PCM 00b3d8 ffd00700 fff6b000 00099e00 00298c00 ffd3d500 ffdfe300 001cfb00 001d3100
PCM 00b3e0 ffe21d00 ffd0bc00 002a7000 ffcb2f00 00358200 fff7cc00 00090700 ff958b00
PCM 00b3e8 00664700 ffd29f00 002a2100 ffcf4d00 002e2800 ff7b8400 00829600 ffe16700
PCM 00b3f0 001acd00 ffe75a00 00177800 ffeab500 00143700 ffda9400 0023ea00 ffd43a00
PCM 00b3f8 002a9c00 00395900 ffc1f900 fffc5600 fffc6d00 ffc34e00 0039f000 0008b100
PCM 00b400 fff34100 ffe52500 00176300 0013c800 ffe45d00 ffdd8200 001eb300 ffe3a800
PCM 00b408 00164d00 00461a00 ffb23b00 001dec00 ffdc5500 001be700 ffdaea00 ffb79900
PCM 00b410 0047ab00 000d3f00 ffefc300 fff33300 0009b200 0012b600 ffe63600 ffcf0c00
PCM 00b418 002c4200 00117e00 ffe52e00 ffca8000 002fe700 00327400 ffc5b500 ffa8c300
PCM 00b420 0053b600 00108600 ffe6ef00 ffad6600 004ea000 004d0400 ffaf1100 ffe11900
PCM 00b428 001bcf00 006a1900 ff926800 00085500 ffef6e00 000dfb00 ffecee00 00001900
PCM 00b430 fffbe700 00345800 ffc75500 ffef3000 000d5600 fffd0400 fffd3200 ffbb9d00
PCM 00b438 003f1600 005a9000 ff9aa900 fff09500 000c5400 002c3000 ffd24d00 00232500
PCM 00b440 ffd8e200 008f9e00 ff6da300 00079500 fff00500 ffdf7a00 0019f700 00550f00
PCM 00b448 ffa65e00 003ad800 ffbee300 0027e200 ffd75b00 fff0d600 000a7300 ffe95e00
PCM 00b450 00125700 fff07400 00094000 004fce00 ffa7e000 00468000 ffb24e00 00330800
PCM 00b458 ffca4d00 ffd29f00 00289b00 005b2100 ffa08c00 0024ef00 ffd56000 006b1e00
PCM 00b460 ff8e4700 ffcd5c00 002e3500 000c8700 fff0b300 000d4d00 ffee7800 005dad00
PCM 00b468 ff9e1700 001a3100 ffe2b400 ff965b00 0065e900 003d6300 ffc0ef00 00476900
PCM 00b470 ffb2c500 0010b000 ffed0700 ffd82f00 0026b800 ffe60f00 00120600 ff8b4f00
PCM 00b478 0073e900 00234000 ffdd3800 00a2fc00 ff557f00 ff73f700 0087eb00 ffc18e00
PCM 00b480 0040aa00 00271000 ffcfa500 0056d300 ffa37600 0003a000 fff63900 ffda2d00
PCM 00b488 00212400 ffeeed00 00120400 008a1200 ff703600 012f4400 fec75200 ffc95400
PCM 00b490 0032d200 ffe28300 001c9700 011fc000 fed78900 006b6f00 ff920d00 ffdafe00
PCM 00b498 00221300 003bd500 ffbd3100 00339300 ffc87100 00a8af00 ff51de00 004aa500
PCM 00b4a0 ffb14000 0042f900 ffb8b200 fffc3b00 00016d00 0092a400 ff67b800 001d1500
PCM 00b4a8 ffdc5a00 0014e400 ffeb0b00 0012c300 ffea9e00 000d4100 fff2a600 00312000
PCM 00b4b0 ffcd0b00 00292000 ffd53200 0057e000 ffa68000 001d8100 ffe0cf00 0034b300
PCM 00b4b8 ffc7f800 002fef00 ffcc0a00 00098100 fff34600 00259000 ffd85d00 008ad600
PCM 00b4c0 ff722700 002b3e00 ffcd1b00 0076a100 ff7e4b00 0044bc00 ffb3c800 002ece00
PCM 00b4c8 ffd0ea00 0045e500 ffb49000 ffd5db00 002a6900 005f9c00 ff9c6600 001c8800
PCM 00b4d0 ffdf4000 00092000 fff2ec00 00e09000 ff187800 00bf8400 ff3e2500 ffc7c800
PCM 00b4d8 0039d000 ff836e00 007dc000 00717700 ff86c300 009d3900 ff5b6600 00843700
PCM 00b4e0 ff767500 ffebd700 0012b200 0020fa00 ffd97000 00535900 ffaa9100 00c6d600
PCM 00b4e8 ff318800 004acc00 ffb05000 ffba3500 00438400 0053b700 ffa82800 008a2500
PCM 00b4f0 ff6f4100 007cef00 ff7bc100 00662f00 ff92b800 fff97200 00015400 00681c00
PCM 00b4f8 ff8e7600 003a9300 ffbce200 0060d100 ff984600 00343c00 ffc54400 00157c00
PCM 00b500 ffe91600 00544500 ffa7ac00 00455300 ffb56500 007e0200 ff7c6c00 00623400
PCM 00b508 ff96a200 005d8800 ff9ce800 00a30200 ff54a400 00367a00 ffc7ce00 0042b900
PCM 00b510 ffb6d200 001d7300 ffe01800 00649200 ff95ef00 00878000 ff73b200 00138000
PCM 00b518 ffed9800 ffc52f00 00370100 007d1700 ff80d100 00a9b600 ff4fc800 ff9fa700
PCM 00b520 005d9300 ffda4500 00226300 00c24400 ff37e000 00bcf100 ff3b5900 00239400
PCM 00b528 ffd7e700 ffdcb600 001e9600 00cb2500 ff2c8400 0074c500 ff86ac00 ff918b00
PCM 00b530 006b7a00 ffc1f800 00385d00 00b1eb00 ff4b2700 0091a500 ff6da000 ff8f1700
PCM 00b538 006f5000 ffbf5c00 003d2000 00189a00 ffe23000 00086a00 fff34b00 001fdc00
PCM 00b540 ffdc1300 ff9c1f00 0060f600 fffccc00 00015800 00228f00 ffdd7f00 0014df00
PCM 00b548 ffe85100 ff59f400 00aabe00 ffef0f00 0010f600 002c2200 ffcad700 ff758b00
PCM 00b550 008b5b00 ff894a00 00754300 ff454800 00b99d00 ff573a00 00a78800 0046ce00
PCM 00b558 ffb4ee00 004acf00 ffaf4200 ff7de400 0078d100 ff73e400 00885800 ffb60b00
PCM 00b560 0045d800 ff7e7c00 00872900 ffb70e00 0047e600 fff93500 00042100 ffb28300
PCM 00b568 004de700 002fcc00 ffca0600 fffb8300 00023400 ff7c4200 0080a000 fff4a400
PCM 00b570 0005f100 00199100 ffe4f500 ff622900 009f2d00 ff8c0600 0073ec00 ff8e1c00
PCM 00b578 00709200 ff29d000 00d4f800 00314800 ffc97d00 ffcf5100 002d7200 ff2c7100
PCM 00b580 00d48100 00114600 ffebbe00 0049d600 ffb56200 ffadfb00 00522500 ffc26c00
PCM 00b588 003ba700 ff9d5a00 0065d100 ff8b7100 006eb400 001a6500 ffdeeb00 ff8b9a00
PCM 00b590 006f5f00 fef6fa00 01087f00 ffface00 00058500 fffb5d00 fffe2900 ff0b3000
PCM 00b598 00f32c00 ff514200 00ae2100 fffb4d00 00006c00 ffb18c00 004ba400 ffece200
PCM 00b5a0 000f5300 ffcd1400 002d1700 ffa74800 00539600 ffe03700 001a2500 00266a00
PCM 00b5a8 ffd53600 ffd9b700 00215100 fff11700 00080200 ffc88500 0035a300 fff36d00
PCM 00b5b0 0006f300 0089a100 ff6b8c00 0036a200 ffc3f900 ff9ceb00 005e6300 00299800
PCM 00b5b8 ffd55200 0034d100 ffc63400 ffe74900 001aca00 ff3bf600 00c32c00 ffdb2600
PCM 00b5c0 001faf00 00b86e00 ff3f1a00 00846100 ff72e900 ff655c00 00983400 ffc70d00
PCM 00b5c8 00335500 009aac00 ff5fc300 0039a500 ffc2d700 ff17b500 00e8b000 00117f00
PCM 00b5d0 ffebd000 000fe100 ffef2e00 ffe79100 0011bc00 004b3400 ffafe100 ffee6a00
PCM 00b5d8 000d9b00 ffd5f300 0024d500 00910d00 ff69e500 ffd72700 0023c700 ffc43a00
PCM 00b5e0 0038e900 fff6b800 0006ec00 00b01c00 ff4b5100 00d8df00 ff1edb00 006b3a00
PCM 00b5e8 ff903500 ffffb200 fffc2900 00048200 fff87a00 010f4800 fee82400 ffdd7d00
PCM 00b5f0 001cf500 ff8bf700 0072e600 fffe3b00 fffb3d00 005da600 ff9e8500 00766d00
PCM 00b5f8 ff84d400 ffa83b00 0056ee00 009d8400 ff5f6500 013b4000 feb7d900 001b7800
PCM 00b600 ffe0cd00 ff4fbe00 00ab3800 00189600 ffe1b800 01119200 fee44900 ff828000
PCM 00b608 007bb300 ff26b800 00d5c200 00340b00 ffc24a00 00d19e00 ff297800 00bab200
PCM 00b610 ff3dc400 fffdcd00 ffff1f00 ffdc2500 001c2a00 00da6e00 ff20f800 0130bf00
PCM 00b618 fec9dc00 0053fe00 ffa29000 00855000 ff769300 007e5600 ff7dc700 00742400
PCM 00b620 ff87cb00 00c7ca00 ff2fb500 0071c000 ff877400 00737700 ff86e200 0095d800
PCM 00b628 ff64b800 00792000 ff80b600 00a1e500 ff58a200 008f5c00 ff6b3700 00249000
PCM 00b630 ffd79300 00c3a600 ff38a900 00c28200 ff372e00 ffef0800 000ff100 fffcd900
PCM 00b638 0000d700 0113a400 fee3cd00 004fdb00 ffab2d00 0018c000 ffe6d900 00234400
PCM 00b640 ffd5f000 004ef000 ffb08100 014ad800 feabb900 01470400 feacf300 ffcdb700
PCM 00b648 002e9b00 00660a00 ff919200 00ed8a00 ff09b800 00b3a100 ff43bd00 00a18c00
PCM 00b650 ff595500 00d78800 ff23f800 0065a600 ff92e500 009afd00 ff5f4c00 00cf4700
PCM 00b658 ff2b5800 00649e00 ff979800 ff892500 0079b900 ff45e300 00bc6200 00063300
PCM 00b660 fff95c00 01dc5a00 fe1a4800 0143bc00 feb6f700 ff675200 0094c300 ff50ef00
PCM 00b668 00ab3800 01d04900 fe239a00 02046700 fdf0ad00 003e5900 ffbd7300 ffbf3600
PCM 00b670 00414e00 00e49500 ff199900 023c9700 fdb88600 00c6e600 ff3c1400 ffd92000
PCM 00b678 00246e00 0012e000 ffebe500 00ec5900 ff0fc300 018ea800 fe68e000 010c6b00
PCM 00b680 feec2600 ffc74b00 00375700 00192400 ffe24f00 0141df00 feb6a800 00ce1800
PCM 00b688 ff2cd700 00bbba00 ff38ef00 0096cd00 ff626d00 fff4f100 00046200 010e0000
PCM 00b690 feeaa600 01b41f00 fe3cfe00 00717300 ff8be700 ffd88a00 00258e00 011be200
PCM 00b698 fedb1000 010fa700 fee87400 00596900 ffa76e00 00b5f100 ff46f600 00b60b00
PCM 00b6a0 ff46f700 01014700 fef7b900 00b16d00 ff47ea00 00f2a200 ff061c00 007bc900
PCM 00b6a8 ff7ae300 011bb400 feda7600 0080b900 ff76aa00 00259500 ffd65800 00cf5b00
PCM 00b6b0 ff2b7e00 00a06d00 ff580f00 00193a00 ffdf9800 00b3c000 ff43a100 0124de00
PCM 00b6b8 fecfe500 fff17b00 000c3100 ffbb4c00 003d5900 00fca700 fef8b300 00b58900
PCM 00b6c0 ff461200 0102f200 fefbc200 00af6900 ff4b6700 01ebe300 fe0b0500 017d3700
PCM 00b6c8 fe7a4700 00626300 ff9cbd00 002b9200 ffd0bf00 005b3400 ffa11300 00b89a00
PCM 00b6d0 ff3dfa00 00b8d600 ff437a00 00fe8d00 fefd2c00 012f9600 fec3e300 01215b00
PCM 00b6d8 fed47700 011c9900 fedb6700 00969300 ff660300 008a8700 ff741700 00f92b00
PCM 00b6e0 fefef000 00953100 ff692c00 00b99000 ff3f7000 0226bf00 fdce2900 01b2f600
PCM 00b6e8 fe431d00 00f6a700 ff03c400 009ff700 ff5c2300 00c7cb00 ff301d00 01b0a100
PCM 00b6f0 fe460d00 01684500 fe8ea300 004c3600 ffad1f00 00778500 ff837400 0234f500
PCM 00b6f8 fdba9600 012aeb00 fecbbc00 007f3e00 ff7b2200 011edd00 fed8df00 004f9700
PCM 00b700 ffa97800 00b0ff00 ff485900 00b30300 ff452f00 00a73a00 ff542700 0113e400
PCM 00b708 fee20f00 0152f300 fea47200 00362100 ffc53c00 01c18e00 fe340700 010ceb00
PCM 00b710 feee8800 003e8900 ffbedf00 01065e00 fef39000 0162e000 fe916d00 012eec00
PCM 00b718 fec94200 0088d800 ff73ab00 008cc200 ff695300 01105700 fee7b000 0240e700
PCM 00b720 fdb03900 01d8bd00 fe1ac200 ffd43200 002a7800 0146ca00 feaeb400 01509f00
PCM 00b728 fea85a00 0182a400 fe73aa00 025c9a00 fd955400 ffe91b00 0015d800 00b2ac00
PCM 00b730 ff48ec00 02ae5d00 fd45c600 0216ab00 fdde5100 00061500 fff72700 00c4c300
PCM 00b738 ff37ee00 0128e000 fece2c00 0152da00 fea38d00 01f81200 fdfe5000 00f01a00
PCM 00b740 ff071400 0054a700 ffa43100 019d6a00 fe5c6d00 01645c00 fe915f00 00e07800
PCM 00b748 ff143b00 00849d00 ff78a000 00968600 ff64f300 00b0c800 ff48c500 01e0c600
PCM 00b750 fe169300 00fbba00 fefaef00 00662e00 ff9ab900 01753100 fe80cc00 00f9e100
PCM 00b758 ff023600 013fce00 feb79d00 00e6c600 ff137600 ffe85700 0013f400 0154e400
PCM 00b760 fea0f200 01f3cd00 fe047e00 00face00 ff029800 ffdca100 00227400 01536500
PCM 00b768 fe9c1400 010b0a00 feed4300 012f3b00 fec80600 00092300 fff64000 ffa38300
PCM 00b770 005e3200 01275e00 fed34100 021be300 fdd58600 00cb6900 ff2b6f00 000b5a00
PCM 00b778 fff3b700 ff4dfd00 00b1d600 0085da00 ff72d400 0153ad00 fea68c00 011a3c00
PCM 00b780 fedfd000 ffa37c00 0059b300 00da3f00 ff1b3300 01139100 fee08300 01030f00
PCM 00b788 fef1b600 00447300 ffb62a00 0013cd00 ffe91c00 00d9df00 ff219400 01775b00
PCM 00b790 fe80ee00 00c4af00 ff367e00 00d02500 ff25dd00 01591500 fe9d9200 0148ae00
PCM 00b798 fead6800 ff65f800 00988200 ffc09b00 003e0200 ffe99800 00119900 01b9bd00
PCM 00b7a0 fe3ea200 00b6b100 ff450f00 ff6a6700 0092ec00 016c3d00 fe8b6200 01e38100
PCM 00b7a8 fe106200 ff9e7d00 005b9d00 fe941300 0170ad00 0129d700 fed1b800 011b7600
PCM 00b7b0 fed79c00 00d0PCM 00b7b8 fe8ab700 00860400 ff764d00 ff97a300 00689100 ffcf9700 002e8f00 017c5c00
PCM 00b7c0 fe776c00 00b20400 ff477100 ffad6b00 004dc600 fffaea00 0000a700 00878f00
PCM 00b7c8 ff6ee700 00794600 ff7e1a00 00d09f00 ff24b700 0076d800 ff841e00 ffac2600
PCM 00b7d0 0054c200 002a1700 ffcee700 00fe7c00 fefae300 0041cb00 ffbab700 ffd12600
PCM 00b7d8 002a7900 0056ec00 ffa3c400 0116c500 fee10400 0120c200 fed94700 00293300
PCM 00b7e0 ffd1ea00 00438700 ffb5cd00 01558d00 fe9f6500 00986400 ff623100 ffdc5300
PCM 00b7e8 00233a00 ff754700 00878e00 00fbfb00 fefe1f00 01179b00 fee5b200 ff438600
PCM 00b7f0 00bc4f00 ff9ce900 0063b100 01c0a100 fe359d00 000f5300 ffef8300 ffe31d00
PCM 00b7f8 001b8f00 003f3900 ffbc6b00 01698300 fe8b3800 00813e00 ff78ca00 011e4400
PCM 00b800 feda2000 00555f00 ffa7f600 005f3200 ff9a2600 fffa3700 fffe6900 ffae5c00
PCM 00b808 004c8b00 ff7e5e00 007e3200 00084200 ffefa400 00eda100 ff0d0000 ffa50b00
PCM 00b810 005a5a00 ffdec500 0019b600 02a64900 fd4d1c00 00ebc100 ff0a9700 fffade00
PCM 00b818 fffec600 fed48b00 012b0e00 ffcae800 00323f00 0130c500 fec6fa00 00429b00
PCM 00b820 ffbc7100 ff737300 00891900 fff23000 000a5f00 00c5b000 ff337800 00a82700
PCM 00b828 ff578c00 00271100 ffd58600 0000de00 00005200 ff8ab700 00798800 016adc00
PCM 00b830 fe8cb000 00f42200 ff052d00 003aa800 ffc20400 ff038100 00fa1700 ff28f600
PCM 00b838 00d3a300 00aa2300 ff513800 015df100 fe9c6000 ff5c4000 00a28e00 ff200500
PCM 00b840 00e15900 00620d00 ff97fc00 014b6000 feaeaa00 0009e300 fff68b00 0062c800
PCM 00b848 ff9bfd00 ff239c00 00daf800 0132a800 fec77b00 0138d300 fec07900 febacd00
PCM 00b850 0149b300 000df000 ffef9f00 01af8400 fe484900 00ed6a00 ff0f1800 007a1000
PCM 00b858 ff804400 010fe700 fee96700 00940100 ff66a700 0115a400 fee23600 008be800
PCM 00b860 ff6f6c00 ff6a5f00 00949800 004b7700 ffad9f00 00be9300 ff3f9c00 ffb96900
PCM 00b868 0043d700 ffa12500 005c6e00 00350600 ffc96500 ffe28000 00188700 fef1d300
PCM 00b870 01129b00 ffb24700 004d0d00 0099fb00 ff610d00 00a68200 ff552500 002d0000
PCM 00b878 ffcf9300 00c0ab00 ff3c1600 01a12f00 fe53e900 ffe95200 00157600 00102a00
PCM 00b880 ffeb8f00 00a5a600 ff4ef900 00355200 ffc53300 ff440d00 00b98300 00697600
PCM 00b888 ff904e00 00680500 ff924f00 ffea3800 0012ba00 00a0cf00 ff5d9000 ffe73100
PCM 00b890 00182100 fe9f4b00 01640100 ff2e5900 00d54000 000b7d00 fff20b00 00110a00
PCM 00b898 ffeb2300 fe7bb800 01895400 ff19ca00 00e4b000 ff564300 00a5bf00 00f4f500
PCM 00b8a0 ff02c900 ffedb100 00102600 ffb6b900 0045cd00 ff907100 006f3b00 ff6c9100
PCM 00b8a8 00904600 ffea1800 00134e00 ff829f00 007ad900 ff44d600 00b96c00 ff842800
PCM 00b8b0 0071a500 ff97a400 00665500 ff92ad00 006dde00 feb00500 01510e00 000a0300
PCM 00b8b8 ffee9e00 ffc68a00 00397500 fe3ebd00 01c2a400 fe52e200 01b1f100 ffd13600
PCM 00b8c0 002c7400 005e5000 ff9aed00 ff61f600 009b8500 0036b100 ffc43f00 00a19d00
PCM 00b8c8 ff557e00 001f3d00 ffd7b700 ff4c0900 00b16100 fed17f00 01313600 fde51d00
PCM 00b8d0 021f5200 fe703500 01933100 ff1cf600 00e47100 ffaa1a00 00530500 ffeaf000
PCM 00b8d8 00107d00 00cdb100 ff2d2100 ff6bef00 00932d00 fe56cb00 01ac6100 ff1a9300
PCM 00b8e0 00e39800 ffd57600 0027ee00 fe8df500 0173b800 ff555500 00aa1700 0016d600
PCM 00b8e8 ffdd9200 003d2600 ffbde200 fef0a600 010f2900 ff49f500 00b72700 ff3faf00
PCM 00b8f0 00bcd700 ff4b6800 00b75600 ffbe2f00 00428900 fef9ff00 0107a300 ff545000
PCM 00b8f8 00ab1e00 ff5ab600 00a26b00 feb15700 014b5700 ff525300 00ae8700 ff150400
PCM 00b900 00ee1400 ffb00200 00510a00 ff0d8d00 00f12400 ff09ab00 00f52e00 fe6c5900
PCM 00b908 0196ab00 fe564100 01ad8e00 000f4800 ffeb9300 ffc84b00 00363b00 fe4afa00
PCM 00b910 01baff00 fe5ae300 01a68000 ffb8e200 00473f00 ffbf3f00 003d5300 fe559c00
PCM 00b918 01ad2f00 fe24e900 01e2fe00 fe66cd00 019eed00 004c8c00 ffae2900 00092f00
PCM 00b920 fff41300 feeb1600 01149200 ff08af00 00f25b00 ff656a00 009aed00 ff7b3800
PCM 00b928 00839400 ff3b0000 00c75600 ff7a8d00 007d4200 fed50100 012ac300 feb35a00
PCM 00b930 0149ad00 ff1b6200 00e26900 ffbe9400 003f2e00 00027600 fffe1600 008e9900
PCM 00b938 ff6e7e00 01592b00 fe9cd900 ff86ad00 0073cb00 fe4a4700 01b3ca00 fde34800
PCM 00b940 021fa000 fead4100 014fd200 ff909300 006b5900 ff73a800 00851500 fe1d6d00
PCM 00b948 01e5d500 feba6300 0144d400 ff65bd00 00983200 006b0700 ff8ec300 ff2ab200
PCM 00b950 00d18a00 fe58e800 01ab7200 ff140000 00ebe700 ff317000 00caea00 fde61c00
PCM 00b958 021ce500 fe69f100 0195fb00 0035ef00 ffc53800 ff5e9600 00a19300 fe9ee400
PCM 00b960 01644b00 ff98e800 005ffc00 ff1c3300 00e15c00 fe2edb00 01d51400 fe77b700
PCM 00b968 01890c00 fd809a00 02866200 fe388500 01cb6500 fe8fa300 01724400 ffc46500
PCM 00b970 00399000 fe93cd00 016b2900 fed04800 0134ea00 00428f00 ffb94e00 0120a600
PCM 00b978 fed28000 ff45b400 00b7ee00 feea8b00 01143600 ffb38b00 00497900 00b1e100
PCM 00b980 ff460d00 001cd500 ffe2e200 00369b00 ffc7f300 ff9e6f00 005ccf00 00ed4e00
PCM 00b988 ff0ecd00 ffe9f000 000db000 00ddf100 ff181700 014f7d00 fea53600 009f7000
PCM 00b990 ff572000 01015800 fef87800 018dd000 fe633c00 0252d800 fd9d8200 0207f700
PCM 00b998 fde97300 00791100 ff7c3500 01247a00 fec94300 01e15800 fe0fe600 026ba700
PCM 00b9a0 fd847000 01f61c00 fdfb6700 01219000 fed40d00 033f8f00 fcaff800 032b7800
PCM 00b9a8 fcc45200 025fd800 fd911f00 0139ee00 febd8c00 01e15800 fe17cb00 03180000
PCM 00b9b0 fcd70200 025e3a00 fd952500 01ae8400 fe473900 0256df00 fd993800 04008400
PCM 00b9b8 fbebf600 03c46b00 fc27c000 0271fd00 fd7d1900 0350e600 fc9fbb00 026e7700
PCM 00b9c0 fd875f00 03fade00 fbf20100 03eec000 fbffe800 03330100 fcbad800 032de700
PCM 00b9c8 fcc16f00 04500900 fb9b2000 02be4d00 fd34a500 02336a00 fdc27300 0307de00
PCM 00b9d0 fcebfd00 024b1800 fda6b100 025f3b00 fd915300 040e5800 fbda3300 04bede00
PCM 00b9d8 fb297e00 04604b00 fb899a00 03aced00 fc422d00 040c7200 fbdd5000 04e21500
PCM 00b9e0 faff1f00 046dfe00 fb7acf00 04869300 fb5eed00 05932700 fa51e700 054b1d00
PCM 00b9e8 fa991400 04489300 fb9d6000 045b1300 fb92d500 05992300 fa496b00 05b4df00
PCM 00b9f0 fa339a00 04e56200 fb041500 0554b700 fa919600 0667a800 f975ad00 05f74b00
PCM 00b9f8 f9e93e00 04f98e00 faf2e300 04b52800 fb347200 06356200 f9aa7f00 05b08400
PCM 00ba00 fa303a00 0524fa00 fac69c00 05785400 fa6d6300 0537c700 fab1b700 05f64400
PCM 00ba08 f9e80c00 05e82000 f9f44b00 04cd3800 fb198f00 04b6d200 fb29b800 05e95300
PCM 00ba10 f9f7fd00 0608d100 f9d6d300 0504ff00 fae3c500 06509b00 f98d9b00 06af9700
PCM 00ba18 f92c8e00 06b35000 f92b2600 06c01c00 f91c8e00 04fea200 faea0000 05412800
PCM 00ba20 faa0ac00 0610ba00 f9ccf000 0614b700 f9cd3300 06fc8400 f8e51800 089b2300
PCM 00ba28 f7398700 07a59c00 f839e100 06619f00 f97b3200 07fc0a00 f7dc8400 086e4f00
PCM 00ba30 f769ef00 0803ff00 f7d79800 08cb8400 f70b6a00 08a3d500 f72e7300 099a4200
PCM 00ba38 f637d800 098fcf00 f6439900 0a5f7c00 f5709800 0b410600 f48c0600 0cd0d200
PCM 00ba40 f2f1d400 0c3f1700 f389b800 0c0c9900 f3c00200 0d140300 f2aec100 0d2ea200
PCM 00ba48 f29aa500 0d3ad900 f28cb600 0cfd5300 f2c39b00 0d547600 f2747600 0e3fb000
PCM 00ba50 f181d000 0dd3a900 f1ee8600 0dfdbd00 f1c58b00 0c6e5f00 f35c6700 0bcf9100
PCM 00ba58 f3fd1d00 0b82d100 f4472300 0ab42600 f5154b00 092cce00 f6a5b600 077ebd00
PCM 00ba60 f85cff00 08fd0b00 f6d98d00 09ac2700 f627b800 07259500 f8be0100 04f6ff00
PCM 00ba68 faeddd00 056a8e00 fa7e4600 053ec300 faa7d600 03231e00 fccddd00 01d52000
PCM 00ba70 fe1ff500 0244f600 fdae3200 034f2d00 fc9ea800 ffeaeb00 000dcd00 fe055400
PCM 00ba78 01fbe300 fe6b9800 01955300 fe889c00 0178ce00 fe9cae00 01634400 fe1a0500
PCM 00ba80 01e45200 fe3b4a00 01c81400 fe07e900 01f8e600 ff377000 00c41200 ff519d00
PCM 00ba88 00ad0200 fe1e7700 01e31500 fd567400 02ae2b00 fdc47f00 02404100 00908500
PCM 00ba90 ff68d200 018a1600 fe69df00 011c7d00 fed9c600 044a4500 fb9e5500 06db0f00
PCM 00ba98 f903e400 08495c00 f78f6200 09f2da00 f5e19300 0d71ce00 f2575200 0f64ce00
PCM 00baa0 f0591200 0ff7b400 efbf9900 10aa9800 ef0c0d00 11569b00 ee610f00 11efb700
PCM 00baa8 edc00000 10bda000 eefcc200 0eede600 f0d1bb00 0d528e00 f2752100 0a918a00
PCM 00bab0 f53d7c00 057aee00 fa6afe00 00c9ac00 ff308e00 fe4f5600 01b43b00 fad7ac00
PCM 00bab8 05385300 f86d7600 07a80f00 f6fa9900 0924d400 f5451c00 0ae1ed00 f4e3e200
PCM 00bac0 0b46b200 f51dc200 0b0e2300 f600a900 0a284e00 f5f63200 0a302100 f61da900
PCM 00bac8 0a07e500 f62d9200 09f65f00 f8531900 07c65400 f96be500 06ac1500 f9cd0e00
PCM 00bad0 06440100 fbb69000 04581e00 fe443300 01bd3a00 00b7b600 ff41a900 00b10e00
PCM 00bad8 ff448100 00943300 ff608600 02f3f600 fcfe0200 065f4600 f9808300 055a1200
PCM 00bae0 fa8a9600 04141600 fbd79200 062a5200 f9bc9600 07d20e00 f80e5e00 08a21d00
PCM 00bae8 f7346800 08d91a00 f700f300 09666a00 f6750b00 0b744500 f45b1e00 0b5f3300
PCM 00baf0 f46d8000 0b7b1800 f4548400 0d384500 f28df900 10764000 ef445400 11be1400
PCM 00baf8 edf62300 115dc500 ee587300 11987a00 ee1e6000 120bf400 eda80000 123b2f00
PCM 00bb00 ed782b00 12fa9b00 ecb48200 12076700 edadef00 109dcc00 ef1c0e00 1105b300
PCM 00bb08 eeb0f700 126e3900 ed43c800 10ebe700 eec87f00 0e97c400 f128fb00 0ebc0600
PCM 00bb10 f1039a00 0eda2a00 f0e74e00 0ce96500 f2e0fe00 0aace700 f51fde00 086adb00
PCM 00bb18 f76ab200 07ddb400 f7fda200 07bfe900 f81a0300 04d9c500 fb0b6400 02d22200
PCM 00bb20 fd223e00 01ac0700 fe499e00 ffdd9d00 001b5300 ff4cf400 00b4d100 fe24b600
PCM 00bb28 01dc9e00 fe21fa00 01dad300 fe72fd00 01917200 fe15e200 01f23300 fd4ce300
PCM 00bb30 02baf400 fcc76200 03423a00 fcc4e100 033fd300 fb555500 04b63d00 fa22e000
PCM 00bb38 05eccb00 fa93d300 05783300 fa920a00 057ece00 f9016b00 0714fb00 f67a9000
PCM 00bb40 09a73500 f419ec00 0c14e400 f22ebf00 0e06e100 f0e9c800 0f504300 ee982900
PCM 00bb48 11ac5200 ec66ab00 13e5bb00 ebf7ef00 14538400 ec03fc00 144cc900 ebcf9100
PCM 00bb50 147dbb00 ea68cd00 15e9c000 ea3c8300 16164100 ebcfe700 147dbe00 eb973d00
PCM 00bb58 14b38b00 eac3dc00 15908e00 eadf0300 15734600 ebc6dd00 1488c600 ee0ad200
PCM 00bb60 1235ba00 eefc9900 11482f00 edc06300 1286e600 ee387500 120b9c00 f1719200
PCM 00bb68 0ec30700 f2be9c00 0d717e00 f14a2b00 0eec6c00 f1f5d500 0e41d000 f4ac5800
PCM 00bb70 0b836f00 f6ee4e00 09323400 f696ef00 098bd400 f6a0f500 097eb000 f8d65900
PCM 00bb78 073fe500 f9afc800 065e0800 fab2e000 055d7200 faee7f00 0522d600 fbc5a600
PCM 00bb80 044f1e00 fc718d00 039ac800 fc1fe700 03ecc200 fb895200 04836600 fb5cdd00
PCM 00bb88 04afa100 fbf09200 04212200 fc0bbc00 04013300 fb204c00 04f04600 fc380900
PCM 00bb90 03d1e000 fc899800 037c4400 fd312100 02d6c400 fcf82400 03119a00 fcc74600
PCM 00bb98 0341ff00 fd4ae300 02bc3300 fe0b3d00 01fb0b00 fe91a200 016e9300 fe3a5900
PCM 00bba0 01c68800 fe35f800 01cf6d00 fecc5400 0135cd00 00fc1000 fef63e00 018a8000
PCM 00bba8 fe692300 01dada00 fe189c00 02ea4100 fd04f300 04260b00 fbc39100 0507e100
PCM 00bbb0 fae31300 05228100 fac3d600 05924200 fa534d00 07b5c600 f8276200 08554100
PCM 00bbb8 f7846d00 0817c600 f7c05300 08832700 f7545500 090f8400 f6c4fb00 09feb600
PCM 00bbc0 f5d74a00 09f99c00 f5da8f00 09623e00 f66efa00 0a732c00 f55e2700 0af83400
PCM 00bbc8 f4d73300 0af77f00 f4d59100 0ab13300 f51f8700 0a87ec00 f54a3900 0b0bc400
PCM 00bbd0 f4c03700 0bf3be00 f3d64800 0b9a5000 f42cef00 0b022200 f4cc0100 0de39100
PCM 00bbd8 f1e15500 0fbf6800 eff9b100 0ecbde00 f0f49c00 0f2c7e00 f0933b00 0fede300
PCM 00bbe0 efcb6600 11124200 eea14300 11ee5400 edc16e00 13243d00 ec886d00 14d7e400
PCM 00bbe8 eace9e00 169c6300 e9044600 18a2c800 e6f17000 1a38a400 e55a6500 1ab90500
PCM 00bbf0 e4d92b00 1aefcf00 e49daa00 1bec3700 e39ec300 1c6af500 e31b9e00 1dd96b00
PCM 00bbf8 e1aaa400 1e905400 e0ecad00 209dc600 ded9f100 22b4ab00 dcb75400 24c30900
PCM 00bc00 daa33600 26f59800 d8646b00 2aa61000 d4a5e800 2e006b00 d1424e00 2f1a0c00
PCM 00bc08 d01f5400 2fcb2000 cf6e9100 30ff3800 ce332b00 3037a600 cefd6c00 2ea78200
PCM 00bc10 d08d7300 2b84f800 d3c28b00 26e60e00 d87a0000 20f55a00 de7efe00 1b315700
PCM 00bc18 e455af00 14833a00 eb24b700 0e961700 f12a8800 0bb19d00 f41ab700 0b401100
PCM 00bc20 f4861d00 0ca3fa00 f3252f00 0d4afe00 f27a1500 0e5dc100 f161a900 10eea700
PCM 00bc28 eec89300 11c3ea00 edf2b700 108fff00 ef295400 0f1b9900 f0a44100 0d2c5c00
PCM 00bc30 f29c8700 0bf04b00 f3d48500 0a7e3d00 f5521e00 084e7100 f78ceb00 06fbce00
PCM 00bc38 f8e1aa00 08155500 f7c37000 085a8e00 f77cc000 0736b600 f8a43f00 074b0900
PCM 00bc40 f8905000 095e2d00 f6768900 0bcd6900 f3fe6700 0c6b6100 f35aa300 0b7be100
PCM 00bc48 f44fd600 0b3cca00 f48f3300 0b89b700 f4422800 09f36200 f5e20900 06dae400
PCM 00bc50 f909a200 058e6a00 fa54fc00 03b3e900 fc34c400 011c9c00 fedb5100 ff916100
PCM 00bc58 00683900 ff890d00 0075b300 00414e00 ffb77500 ffc57b00 00378200 ffb67200
PCM 00bc60 0047b800 ff394f00 00c5f300 fe7a8500 01878600 fd980300 02706200 fc0d9400
PCM 00bc68 03fba900 fa321000 05e1bd00 f768ea00 08b21700 f4f19400 0b37f000 f3650f00
PCM 00bc70 0ccdaa00 f0d2a400 0f630300 ee45f500 11fa7100 ed281400 131ce800 ed34b400
PCM 00bc78 13137f00 ed2f6300 13187a00 ee141800 122df900 ee5c6d00 11e4b800 ef7c6f00
PCM 00bc80 10c15300 f199bc00 0e9f2700 f451c500 0bddab00 f8591900 07c17400 f9f06000
PCM 00bc88 06216400 fae59800 05291300 fc9d7f00 036a8700 fd4b9200 02bbab00 fcef7800
PCM 00bc90 03195000 fc09d200 04035d00 fb93d700 047dbd00 fb578c00 04b97100 fac4d700
PCM 00bc98 054b5d00 fa56e000 05bb7c00 f7fb9400 081f4600 f606d000 0a21b000 f33ac900
PCM 00bca0 0cf66400 ee517700 11f28e00 e904ff00 17535500 e46b9400 1bfe0000 e0fc0800
PCM 00bca8 1f785400 dddff400 22a79b00 dc304800 245d9100 dbe07500 24ace900 dbea2900
PCM 00bcb0 24a24b00 db53f000 25389500 d90e4600 278e3b00 d80db100 28907900 d815e800
PCM 00bcb8 2888be00 d76e9b00 2934b300 d861a700 28397400 d9d9f700 26bd9900 db8ecc00
PCM 00bcc0 2502d700 ddd65100 22afb900 e02c2500 204fca00 e1bd4300 1eb73900 e387d700
PCM 00bcc8 1ce83600 e419d700 1c527c00 e4b9f800 1bb57700 e5687b00 1afc6800 e58f3600
PCM 00bcd0 1ad89800 e6a3b800 19c08b00 e84ea100 180aee00 eac19b00 15945f00 edb12d00
PCM 00bcd8 12935900 eff75500 104a3c00 f19c6600 0e9a8b00 f342e300 0ce96500 f3732700
PCM 00bce0 0cbabe00 f2eb6e00 0d485000 f39dba00 0c93a400 f4d97400 0b515600 f4df6d00
PCM 00bce8 0b43c700 f4c39700 0b683400 f3ecb900 0c441100 f331e500 0d01c600 f0fa5a00
PCM 00bcf0 0f3f8500 edbbc400 128e6400 eaf34900 1561aa00 e8356d00 18271b00 e6a48000
PCM 00bcf8 19c18f00 e646bb00 1a20a300 e5b3ac00 1ab56c00 e5040100 1b64f800 e59eb200
PCM 00bd00 1acb2f00 e6ef3700 19745100 e71ebe00 1941c200 e818fa00 1842da00 ea84e700
PCM 00bd08 15cea600 ec899800 13c35300 ee035700 12412600 eeff5800 11409400 f1db0300
PCM 00bd10 0e596400 f5804600 0aa3e600 f7f68300 0824fa00 f9410300 06d47700 fc792700
PCM 00bd18 03923200 00390700 ffbf3200 01da7700 fe199900 02d5f300 fd196f00 05851800
PCM 00bd20 fa5de100 08429300 f79b7900 0ae53800 f4ee4500 0f403d00 f07a4800 146cf200
PCM 00bd28 eb3b2200 19791b00 e61e4200 1d4c0b00 e2376100 2049e500 df32b500 22102900
PCM 00bd30 dd5e5700 2189c000 ddeada00 1f9a5100 dfe0c000 1e0d0b00 e1727300 1cc0a600
PCM 00bd38 e2c59c00 18789000 e723f500 1261ad00 ed504d00 0e526b00 f1723e00 095ac100
PCM 00bd40 f67b7500 033a5b00 fcb9de00 ffbff200 003aac00 fedd2100 01257f00 fe779600
PCM 00bd48 01893200 fdbbfc00 024ac900 ff96c500 00667f00 02cdcf00 fd253100 0616fb00
PCM 00bd50 f9c8e500 08708200 f76c3000 0b031400 f4cea000 0d2e1e00 f2940a00 0db22500
PCM 00bd58 f2146b00 0edbf200 f0e5ac00 0fe97700 efd02b00 0ee92e00 f0d98e00 0d386f00
PCM 00bd60 f28e0200 0cffc100 f2ca2900 0dd2b400 f1f1a600 0dd57000 f1ebde00 0decd300
PCM 00bd68 f1d71900 0fbe2d00 effdd700 12a1ad00 ed0c8a00 14506100 eb55e800 15072a00
PCM 00bd70 eaa07a00 16218a00 e97e9000 169ede00 e9025100 145bf500 eb4c0d00 1094ac00
PCM 00bd78 ef233900 0dc2f700 f2041200 0b76d200 f4550f00 09321000 f6a49f00 06dc9c00
PCM 00bd80 f908b400 04ac9900 fb3d3500 0286bc00 fd6e0500 ffd32600 002b2a00 fd8f4100
PCM 00bd88 0274c100 fba54b00 0467f500 f9dad300 06394300 f872bc00 07a73e00 f7735f00
PCM 00bd90 08aabf00 f6bc3c00 09641500 f5869100 0a9fcb00 f3c10700 0c6f0000 f2a01300
PCM 00bd98 0d956300 f14d3200 0ee93000 eeec1600 11548600 ecc1a200 13838000 ec714e00
PCM 00bda0 13d80400 ec0ce200 143be000 ec43a700 14070900 ed927f00 12b7a300 ef5e4100
PCM 00bda8 10e07d00 f15ac100 0edf7f00 f2df8700 0d51de00 f4605900 0bcb2400 f6418800
PCM 00bdb0 09e3dd00 f7796e00 08a63b00 f7b29d00 086eaf00 f7af2700 086ef400 f7150100
PCM 00bdb8 090d3100 f61e3200 0a092200 f438ca00 0bf64e00 f1582100 0edf0800 ee62c300
PCM 00bdc0 11df4500 ec550100 13fab800 eaec6100 1563e700 e8f03200 17642200 e7663000
PCM 00bdc8 18fb1b00 e661f400 1a011000 e5ef6800 1a78a100 e5d84700 1a8dd600 e4f4ca00
PCM 00bdd0 1b755c00 e464fc00 1c048100 e42c2b00 1c408c00 e4a26900 1bc95a00 e4cda300
PCM 00bdd8 1ba0ed00 e43fbb00 1c2a7600 e4371b00 1c395b00 e4b7ad00 1bae1300 e4fd8700
PCM 00bde0 1b6ef300 e44fc000 1c1d7100 e400d600 1c6d3600 e4cdfc00 1b9c2a00 e551a800
PCM 00bde8 1b125c00 e5469500 1b250d00 e5838700 1ae6ae00 e67e8b00 19e51700 e7da8700
PCM 00bdf0 18844c00 e93b3400 1720e200 ea32bf00 1621e100 eb940400 14b64700 ed4e5d00
PCM 00bdf8 12faad00 ee78f100 11ceec00 ef9ab600 109fcb00 f119bb00 0f1c1600 f2379e00
PCM 00be00 0dff0c00 f3477700 0ce5e200 f4daf700 0b4f4900 f69f9e00 0980b400 f82d2800
PCM 00be08 07ef0500 f9861c00 068ec300 fa7e2400 05934700 fb96e600 04768700 fccd3000
PCM 00be10 033e7700 fd7baa00 028f4500 fea52e00 015ddd00 ffcc7a00 0034bf00 00816900
PCM 00be18 ff79d500 0135f500 fec08e00 0236dc00 fdb98c00 03198d00 fcd42700 03a22b00
PCM 00be20 fc4ae700 049e7100 fb49d200 05aa1900 fa3bb800 06556d00 f98b7c00 06aa1700
PCM 00be28 f938f500 07d3da00 f80c5c00 08ed5a00 f6efb500 08efd800 f6ebc100 090ec400
PCM 00be30 f6cc6c00 09cb4300 f607be00 0a839000 f5500700 0a90a900 f5453600 0a45c500
PCM 00be38 f58f6e00 0a267700 f5aec400 0a2a6f00 f5a87b00 099fc600 f6344500 08a38b00
PCM 00be40 f7316900 08397e00 f7a3c500 079a6c00 f8447b00 067d4500 f9658400 0575ed00
PCM 00be48 fa728300 05598400 fa88a500 055f7700 fa849500 05942200 fa536000 05edb400
PCM 00be50 f9f59200 06b33400 f92fe900 07d86200 f801b300 0928ca00 f6b04200 0a6e0d00
PCM 00be58 f564a700 0b81b600 f44e9e00 0ca78600 f3243d00 0df9a700 f1ca3a00 0f7b0b00
PCM 00be60 f0425200 1077a900 ef447f00 115caf00 ee5b8600 127f8e00 ed332500 13956e00
PCM 00be68 ec16c300 14a72000 eb00f800 14c59e00 eadf8500 13fed700 ebaad500 12e28d00
PCM 00be70 eccae600 11568400 ee5e7a00 0eecaf00 f0d5c300 0c8a7400 f33ce300 0a7a7d00
PCM 00be78 f5577300 08377a00 f7a46100 06447c00 f99c9400 04e1e900 fb056000 04089a00
PCM 00be80 fbe6cf00 03dfc500 fc097300 03cdf800 fc1de600 03909a00 fc5d0400 036ea200
PCM 00be88 fc843a00 0374e600 fc7b0400 03c8c300 fc246b00 03ff3300 fbe5e800 04750a00
PCM 00be90 fb73c900 04b5b100 fb31b000 051a1f00 faca8a00 05de1e00 fa05d800 06585000
PCM 00be98 f9899400 06d47a00 f90c7a00 07ef8500 f7eda800 09b4e600 f61d3500 0b4d0500
PCM 00bea0 f481e100 0cdead00 f2e5df00 0f066300 f0b2e200 11a9fa00 ee072400 140a2a00
PCM 00bea8 eba13e00 16118600 e98c1900 18135000 e7863b00 195add00 e638fc00 19c81f00
PCM 00beb0 e5cc8100 19a39300 e5ed8b00 1942d100 e6528d00 18efdc00 e6a64300 194d8e00
PCM 00beb8 e643ad00 1af88f00 e499b900 1e24cd00 e159f200 229d6800 dcd4ff00 27ba0500
PCM 00bec0 d79d7000 2c241300 d326d000 2f493d00 cff31b00 304fc600 cee77f00 2ee7bc00
PCM 00bec8 d0534300 2b80c500 d3cc7400 26a7c400 d8b5fd00 20fce400 de7be700 1aaeae00
PCM 00bed0 e4de0200 148d7700 eb1a1500 0ec81500 f0f8c900 09658f00 f66c0600 04917500
PCM 00bed8 fb557e00 009adc00 ff605200 fcd95c00 03310f00 f9216400 06f62300 f60f4400
PCM 00bee0 0a148b00 f3b8d400 0c749900 f1a0df00 0e951c00 efb36c00 1088de00 ee079200
PCM 00bee8 12386200 ecf64400 13548900 ec8e1500 13b73500 ecabce00 13964400 edb8d400
PCM 00bef0 128dbe00 ef24c200 11166800 f0786a00 0fc0bf00 f1bc0200 0e7a2e00 f36f7d00
PCM 00bef8 0cbbe300 f5277300 0b008200 f6198200 0a0b2d00 f6d4e500 094aaa00 f7814700
PCM 00bf00 089ca300 f8833b00 07942200 f9891300 0690b000 f9f05400 0620a700 fa080100
PCM 00bf08 060cbb00 fa05c200 060c3c00 f9cb7800 0647da00 f9409b00 06d96d00 f85c2a00
PCM 00bf10 07be1a00 f7358a00 08ebf900 f5be7100 0a68cc00 f454ea00 0bd75700 f2c19500
PCM 00bf18 0d726200 f0e7d700 0f53bd00 ef766300 10ccb700 edf2dd00 12526c00 ec8a0200
PCM 00bf20 13c0fb00 eb8c4300 14c55500 eb566900 14fb7600 eb636400 14ed8600 eb99c300
PCM 00bf28 14b42300 ebe60b00 146c7200 ecafd600 13990900 eded4a00 125c5800 eeea0d00
PCM 00bf30 11567d00 f0152700 10296c00 f183c100 0eb48e00 f34e6e00 0ce35c00 f559af00
PCM 00bf38 0acee500 f73ce000 08e35200 f8d5bc00 0740e400 fa647800 05ae1400 fc148700
PCM 00bf40 03f57300 fd905100 02749000 fe7c5000 01886e00 ff6e3600 00903900 006ab700
PCM 00bf48 ff913000 01313d00 fec5c900 01720e00 fe878000 01271900 fece9500 00f0ba00
PCM 00bf50 ff062100 00f78400 fefcf800 00d65b00 ff22cb00 003d5c00 ffbf9d00 ff8dc600
PCM 00bf58 00720100 fed43200 0131dd00 fe1c0d00 01ea0400 fd782500 028e2c00 fcd0c700
PCM 00bf60 033ad800 fc5e3d00 03b12900 fc3ea800 03cb3900 fc178b00 03f35f00 fc3e0800
PCM 00bf68 03cf0200 fcbd2500 0347cc00 fd700e00 02955d00 fe5f4a00 01a53300 ff390b00
PCM 00bf70 00c3e500 002d6600 ffcb8d00 00e70f00 ff101300 01ecc700 fe072e00 02da2500
PCM 00bf78 fd180400 03c41100 fc28a100 04a6d100 fb45af00 05532600 fa95c400 060b3a00
PCM 00bf80 f9d87a00 07002f00 f8dd4300 072f4400 f8ae4700 06efb400 f8edc200 067d4300
PCM 00bf88 f9619f00 05f6c700 f9f1c200 05069400 fadf8100 04186700 fbd2ea00 03587600
PCM 00bf90 fc95b500 027bb300 fd77ee00 01ac5000 fe480b00 00eed300 ff0d6b00 00131d00
PCM 00bf98 ffece100 ff084000 00f6fc00 fe2d3b00 01d92600 fd19ff00 02e83200 fbbb3a00
PCM 00bfa0 044f1f00 fa313e00 05dfcb00 f896fa00 07824800 f7008500 091e1300 f5591f00
PCM 00bfa8 0ad19e00 f35a2600 0cd67500 f173d200 0ec31d00 efb15600 10889400 edc26000
PCM 00bfb0 12878a00 ebbd7b00 14928d00 ea55c600 15faa100 e9453a00 17135100 e84fce00
PCM 00bfb8 180a8600 e7217800 19423f00 e63afd00 1a29af00 e5e2ae00 1a814400 e6270500
PCM 00bfc0 1a414700 e649b700 1a1d3600 e65eac00 1a06ec00 e6b01a00 19b45400 e76d4000
PCM 00bfc8 18efff00 e87b7200 17dfe200 e9938d00 16c25500 eabd8a00 15985800 ec288100
PCM 00bfd0 1422ea00 ed86c400 12bb9d00 ef0c8700 11350000 f0722a00 0fc99c00 f1a5c300
PCM 00bfd8 0e945700 f2c2aa00 0d6f7400 f3815400 0cb08c00 f4451c00 0be8a500 f5193800
PCM 00bfe0 0b10d000 f5909100 0a948900 f590ac00 0a946e00 f58d3700 0a984f00 f5afb700
PCM 00bfe8 0a754d00 f602b300 0a234e00 f6340f00 09f03600 f6256900 0a010c00 f64a1100
PCM 00bff0 09da7700 f68a8a00 099b6900 f723c500 08ff0b00 f7e89800 08339200 f8bc4200
PCM 00bff8 075dd300 f99d7900 067d5700 fa7b9c00 059c7100 fb635000 04afd900 fc521b00
PCM 00c000 03bc5e00 fd4e1000 02b70400 fe0e1300 01f61d00 fe77fd00 018e8700 fed9b700
PCM 00c008 01295a00 ff031500 00fe6400 ff1e9800 00e1b600 ff040800 00fd9200 fed1b900
PCM 00c010 01312000 ff04ca00 00fa8d00 ff3f2500 00c08800 feee4e00 01137300 fe8b4d00
PCM 00c018 0174bf00 fe5c5c00 01a8d400 fde25f00 02227f00 fd0e6100 02f7bf00 fc5d3600
PCM 00c020 03acc500 fb829b00 04908800 faade000 05651f00 fa209200 05ef5d00 f98d1400
PCM 00c028 0688e900 f90d7800 070b0300 f88abc00 07909300 f81ddf00 07fc7700 f7cce700
PCM 00c030 0854d600 f76ee400 08b3bb00 f7089900 091d2600 f6e5dd00 093bc400 f6c52600
PCM 00c038 095a9d00 f6c19c00 0961c700 f7324700 08ee7b00 f8057400 081af300 f8f0c700
PCM 00c040 07285000 f995e700 06834d00 fa309700 05e26b00 fadbd000 05345100 fb76af00
PCM 00c048 049bd300 fbf84600 04119000 fc446600 03c3f500 fc4ec200 03c23f00 fc855500
PCM 00c050 03864900 fd1c0d00 02ea0c00 fd8b8100 02793f00 fdb49900 02515700 fe088600
PCM 00c058 01feac00 fe693600 019b2600 fec69400 013d4c00 febed800 01438f00 fe3f2400
PCM 00c060 01c9ac00 fdaeba00 02564800 fd2fb700 02d61700 fccabb00 033f2500 fcaf7600
PCM 00c068 03564600 fcb03100 03574a00 fcc62100 03449f00 fd222600 02e62300 fd8ac600
PCM 00c070 027db300 fde39a00 021fb000 fe31f400 01d25500 fe34e200 01cd1100 fe278700
PCM 00c078 01dc5400 fdc62300 023a0700 fd991f00 026d1b00 fdcd3100 02392800 fddce000
PCM 00c080 0228d200 fd830d00 0282e400 fd6ec100 0298f700 fdab8b00 025a2800 fe141600
PCM 00c088 01f13f00 fe557400 01ad6700 fe606300 01a5a700 fe530400 01b07a00 fe669500
PCM 00c090 019e6d00 feb50d00 01500b00 feccd500 01363400 fe79ba00 018ccd00 fe3ded00
PCM 00c098 01c78f00 fe8ccc00 0173a700 ff10f100 00ef2200 ff4af200 00b08200 ff730200
PCM 00c0a0 008d1c00 ff7cce00 0086c700 ff8b9900 0070d600 ff773700 00863600 ff469100
PCM 00c0a8 00b52000 fef89f00 0106f700 feb1d500 0152eb00 fe6c4c00 0195f500 fe6dca00
PCM 00c0b0 0194f600 fe99aa00 01654a00 feec5400 0113b000 ff556a00 00a8e300 ff81f600
PCM 00c0b8 007b2b00 ff7f4500 007f3900 ff752600 00884f00 ff830b00 007a8900 ff913100
PCM 00c0c0 006c3c00 ff663500 009b1800 ff588c00 00a4b700 ff733d00 008c1f00 ffa44100
PCM 00c0c8 00577800 ffbf7500 003bfb00 ffdf9600 001c4300 00317c00 ffc52f00 0082fd00
PCM 00c0d0 ff78d700 00c5bf00 ff30e700 00f03800 ff05b100 011f5a00 fed92200 0140f400
PCM 00c0d8 feb66c00 018afb00 fe68d000 01ed7b00 fe086c00 02617300 fd92f100 02bc2800
PCM 00c0e0 fd395300 030f8500 fce2d100 03487100 fca4b700 03619200 fc8fb500 03a38000
PCM 00c0e8 fc487500 03d32e00 fc1eb200 03b42400 fc366400 03c23900 fc2bdb00 03b84c00
PCM 00c0f0 fc348d00 037aac00 fc760100 034d8900 fc9e9900 03637f00 fc875100 03790f00
PCM 00c0f8 fc73f900 03513e00 fc994800 02fa0b00 fcf6d100 02a12c00 fd4f5e00 02540f00
PCM 00c100 fd9d0d00 021cc800 fdd54700 019c1e00 fe5a7900 00f39800 ff03e700 00617c00
PCM 00c108 ff9bdf00 00041b00 fff7df00 ff9a8f00 0060cb00 ff3f1800 00c39a00 fef3a500
PCM 00c110 010b5600 fec0de00 01408900 feb65100 0149d800 febbeb00 01437900 fea5fc00
PCM 00c118 015c8c00 fea69300 015b1c00 fed69a00 0124ad00 ff47bf00 00b7d200 ffa2f800
PCM 00c120 00562400 000d0a00 ffee0d00 0035d400 ffcbc700 003a2500 ffbd5800 000eec00
PCM 00c128 ffec4100 ffcaaf00 002d0500 ff6f5100 008f4e00 ff272c00 00dc0c00 fec65600
PCM 00c130 013b1500 feb29500 0150aa00 fefbb500 01029700 ff08a700 00f6a900 ff473a00
PCM 00c138 00b81800 ff841400 007bbe00 ffac3400 004e1700 ffa9cd00 00579500 ff505200
PCM 00c140 00a6f000 fee31000 011da300 fe457f00 01bdb300 fdccff00 02339700 fd678100
PCM 00c148 029f6600 fd44d200 02bfc600 fd40af00 02c20e00 fd3fdc00 02c4c600 fd540200
PCM 00c150 02b21a00 fd773d00 028e4800 fd4fe400 02b35000 fcfb7400 030b9000 fc7d8000
PCM 00c158 038bd900 fc017d00 04083600 fb95a300 04761e00 fb736700 049d2900 fb8f3300
PCM 00c160 0484ab00 fbea5a00 0420c400 fc6dfc00 0398b300 fd094100 02fcff00 fda31f00
PCM 00c168 025ff900 fe1eb600 01e3d900 fe3b9800 01c87000 fdfd2100 02051900 fdb20100
PCM 00c170 02530a00 fd6ce900 029bd300 fd2ff300 02db2800 fd286c00 02df4300 fd780d00
PCM 00c178 028eb700 fde81100 021b2200 fe8a3800 01774100 ff316e00 00d26700 ff7ac700
PCM 00c180 00849700 ffb78f00 0042c400 000e7800 fff34e00 001ea700 ffdd1200 ffdc1700
PCM 00c188 001fd200 ff883d00 0073aa00 ff6c5400 00904500 ff792100 00842a00 ffadce00
PCM 00c190 004e1e00 ffcaea00 00336100 ffc91800 0030c200 0010ca00 ffeb0d00 00756600
PCM 00c198 ff85b000 00a02800 ff57d700 007c6800 ff7d8e00 00460200 ffb64500 002dc900
PCM 00c1a0 ffcb8200 fffee900 fffbfa00 ffcac800 00325e00 ffb8a500 00458900 ffd4b600
PCM 00c1a8 00257800 0006d800 fff58400 00392800 ffc0b900 00674c00 ff91f900 00cc1100
PCM 00c1b0 ff2c6500 01251e00 fed22d00 01320a00 fec9b800 00ff0600 fef9cc00 00c32200
PCM 00c1b8 ff366d00 0094ab00 ff66bd00 005c5800 ff9cf300 000e9b00 ffed9600 ffbfc100
PCM 00c1c0 00427c00 ff9da500 0061ef00 ff807600 007db600 ff7d1b00 00829900 ff6c2700
PCM 00c1c8 0093c800 ff249c00 00daf800 fedac000 01264e00 fe65b200 019bc600 fdf82d00
PCM 00c1d0 020a1400 fd76e700 028ec800 fcde8b00 032c1000 fc739300 0394e000 fc355100
PCM 00c1d8 03d26200 fc26f500 03e4d000 fc10f900 03fa0e00 fc144200 03f86d00 fc31a400
PCM 00c1e0 03d7ab00 fc0eac00 03fa8300 fbe5be00 0427ea00 fbc0be00 04488a00 fb557b00
PCM 00c1e8 04b56000 fad2e200 053ce000 fa628c00 05af5800 f9bc0e00 065bdd00 f9349c00
PCM 00c1f0 06e47000 f8c3f900 07559700 f8438100 07d39400 f7def400 08405900 f79c3b00
PCM 00c1f8 0883a100 f7734f00 08a9ad00 f6fd5000 0922f400 f6780100 09a9ff00 f6050200
PCM 00c200 0a1c1300 f5f66a00 0a2e2000 f65b4a00 09caae00 f6395400 09e92800 f5eec900
PCM 00c208 0a380900 f6272500 0a002000 f6c98c00 095be400 f7172800 090ccc00 f7300a00
PCM 00c210 08ede100 f7057400 091d9c00 f6c54100 0962ce00 f6ace600 0971f400 f6d30900
PCM 00c218 094e9d00 f6ca1c00 09589b00 f6c55100 095fbf00 f6a19f00 09843b00 f6473f00
PCM 00c220 09deda00 f6267600 0a00c800 f62b1400 09f9da00 f66c9800 09b80b00 f6cf7000
PCM 00c228 09562d00 f6b24e00 0973f700 f65e4a00 09c6b000 f6e3bd00 09421d00 f7ccdf00
PCM 00c230 084dfd00 f865b200 07b98100 f8a84b00 07712c00 f911c400 0708cc00 f9edec00
PCM 00c238 06264200 faf92000 051e1d00 fbb5cf00 045a7900 fc3baa00 03d0f900 fcc2a400
PCM 00c240 034a0900 fda34e00 0265ff00 fe684000 019deb00 fec37d00 013f1200 fee25500
PCM 00c248 0121b000 ff48cc00 00b6b600 ffdb4700 00217300 0035e400 ffc31a00 00920300
PCM 00c250 ff687000 013cef00 febc6700 020d9000 fdeb0d00 02eed600 fd065300 04099200
PCM 00c258 fbe45800 053fa500 faa6f000 06156c00 f9ccc400 071a9800 f8c16900 0856b300
PCM 00c260 f781c700 08f53300 f6dc3100 092e3d00 f6a69f00 094a4600 f689ec00 0992bd00
PCM 00c268 f6424300 09eece00 f5e20c00 0a1ce100 f5b2fa00 0a3b9b00 f5952c00 09eb3500
PCM 00c270 f5e2e100 09bcc200 f614f700 09d8ec00 f5fb9600 0a2ea900 f5a63100 09f24300
PCM 00c278 f5e26900 0980ec00 f6529900 093a7f00 f69cbb00 08bc7d00 f71ec400 084d8100
PCM 00c280 f7915600 08595e00 f7805600 081a6900 f7c56800 078da100 f850b200 076dbd00
PCM 00c288 f8730100 079fe500 f83e4a00 07984400 f846a400 076ddd00 f871ad00 07536c00
PCM 00c290 f88cd800 06fc6e00 f8e2bb00 06bace00 f929eb00 06d21c00 f9110400 06b27f00
PCM 00c298 f930d200 0655db00 f98e0800 06a25100 f9434300 07666f00 f87d8500 073f8500
PCM 00c2a0 f89f2b00 06ab6000 f9370d00 07354600 f8a80c00 07deaf00 f7fe2700 07523200
PCM 00c2a8 f888a400 06dbe400 f902e900 06deb300 f900d500 06239000 f9bc3900 05ce3300
PCM 00c2b0 fa127300 05af0d00 fa37ad00 04d9c400 fb10b700 03fe4f00 fbef3300 04226f00
PCM 00c2b8 fbcb3000 041c9900 fbd28e00 03855f00 fc682300 0350d700 fc9fbc00 0354ec00
PCM 00c2c0 fc9d4b00 0334cb00 fcbc3600 0310a100 fce11b00 03249300 fccc5600 033a6300
PCM 00c2c8 fcb48300 036b7000 fc82d600 03a1ec00 fc4c2d00 039bf700 fc51cb00 03ab4200
PCM 00c2d0 fc42be00 03cb6100 fc1ecb00 03bc1100 fc2dbc00 03556b00 fc98de00 02995800
PCM 00c2d8 fd5aae00 01f67000 fdfa8100 019c9100 fe5e1b00 00f62b00 ff070100 00314b00
PCM 00c2e0 ffc77200 ff997200 0068c600 ff104400 00f32400 fe9da500 0165c300 fe61ae00
PCM 00c2e8 01a08600 fe180000 01e9c600 fdd13f00 02329c00 fdb3a700 0253c500 fde7ba00
PCM 00c2f0 021f6100 fe192700 01ea0f00 fe140900 01f12d00 fe100b00 01f33a00 fe2f8200
PCM 00c2f8 01cf7c00 fe386a00 01ccff00 fe254b00 01dc6c00 fe198600 01e93000 fdb2a100
PCM 00c300 02557100 fd644100 02a20800 fd63c200 02a1d500 fd537e00 02b3f700 fd32c200
PCM 00c308 02d4b600 fd1aa800 02f06100 fcd32f00 03368800 fca7f600 0364ce00 fcae7f00
PCM 00c310 035c7800 fcaea200 035cc100 fc9f4900 036d4200 fc7d9500 038d8e00 fc54be00
PCM 00c318 03b4f900 fc554b00 03b66000 fc3a5600 03d47c00 fbf3b800 041d9900 fbec4200
PCM 00c320 0423a600 fc03fe00 0405ec00 fba74a00 0466f900 fb223900 04ecf200 faf49000
PCM 00c328 05199a00 faf55000 051ec600 faf44200 051e7900 faf3bd00 051c0300 fac5ff00
PCM 00c330 05490c00 fa92eb00 05829800 faa7ff00 056e9700 fabcf000 0555ad00 fa9e8500
PCM 00c338 05772500 fa879400 058bd600 fab44b00 0560bc00 fb336200 04daa300 fbc96000
PCM 00c340 0449be00 fc903b00 0378e500 fdd41f00 02300500 ff301400 00d08300 01069b00
PCM 00c348 fef03d00 03647400 fc8c5500 059f8800 fa497000 0745cd00 f89b8500 0912bd00
PCM 00c350 f6c57e00 0af97700 f4d50a00 0c1ebe00 f3adc300 0c5b0e00 f36ef600 0c714d00
PCM 00c358 f3553900 0c299f00 f3a02900 0b4a9800 f4824800 0a781800 f559d900 099c7700
PCM 00c360 f6396200 088d2500 f74fb500 077df600 f8628c00 06695e00 f978b400 052e4400
PCM 00c368 fab7d600 040cd800 fbdc5b00 03445b00 fcac0800 02738700 fd802f00 01710500
PCM 00c370 fe86b100 00a4c600 ff57f100 00395e00 ffc1bf00 ffba0d00 0041c200 ff803900
PCM 00c378 00808a00 ff876100 0075cd00 ff9ee200 005f9b00 ffbc7d00 003dd300 0015a500
PCM 00c380 ffe35b00 00bdd600 ff3a5800 00d56200 ff21da00 010a9800 fef31400 01bda500
PCM 00c388 fe353f00 023af300 fdb72700 024eb300 fda6e800 02dbdf00 fd13f100 03a5ea00
PCM 00c390 fc490900 042b0100 fbc47200 0487e700 fb631500 04f4bf00 faf3eb00 05240800
PCM 00c398 fac35900 053d5d00 faa73c00 05c52700 fa20a200 061c1e00 f9c5b000 05a7ba00
PCM 00c3a0 fa408700 052d1800 fabc1a00 05358a00 fab23300 04dfd100 fb082300 04648800
PCM 00c3a8 fb885900 04488300 fba24d00 04559100 fb981b00 04002e00 fbeda000 03f87300
PCM 00c3b0 fbf2e800 042a4c00 fbbd6c00 0409f000 fbe10500 03de5300 fc0aa100 03ddff00
PCM 00c3b8 fc0c3f00 039fd200 fc4d6800 033e4d00 fcb44700 03284e00 fcc4ad00 033ce100
PCM 00c3c0 fcaf4e00 03342c00 fcbc8e00 036d6100 fc83c500 041b6600 fbcf9a00 04ba6e00
PCM 00c3c8 fb309500 0536b300 fab1ad00 05c17900 fa20b700 062a6100 f9b9bf00 0653ed00
PCM 00c3d0 f98b9e00 0630fc00 f9b1f300 05e18a00 fa026a00 0555b600 fa910300 0496b800
PCM 00c3d8 fb52d700 04092c00 fbdf3d00 034cbe00 fca31b00 0289bb00 fd670400 01f3c100
PCM 00c3e0 fe002d00 016b1300 fe8b0a00 00d61a00 ff1cc500 00489f00 ffb76c00 ffcdcd00
PCM 00c3e8 0029ae00 ff37a100 00c37500 fea05200 0162f200 fe3bc500 01ca0c00 fdd0aa00
PCM 00c3f0 022ddd00 fd48f400 02c20700 fce39900 0325c800 fcbe2100 0349f300 fca88200
PCM 00c3f8 03613500 fcd1d400 03352d00 fd115100 02f9e700 fd64aa00 02a40900 fda68a00
PCM 00c400 025fb000 fd9ff400 025f9c00 fd810900 02888900 fd4bd800 02bdfc00 fd0d1900
PCM 00c408 02fb1c00 fcc7f000 03405800 fc8d7300 037e4f00 fc44b800 03c5fa00 fbe06e00
PCM 00c410 04293a00 fbce1200 043c3a00 fbd71e00 0437d700 fbc11000 044d1100 fbbb6b00
PCM 00c418 0451d600 fba57600 046c4300 fb60b700 04ab7700 fb457100 04cb5600 fb2ef600
PCM 00c420 04e3a300 fac6a800 05490400 fa709a00 05a15100 fa577e00 05c12b00 fa308200
PCM 00c428 05e04300 fa0e9300 06025200 fa171c00 05fb5d00 fa2f6900 05e5b400 fa46b400
PCM 00c430 05c80800 faa5e100 056dfc00 fab08200 05628800 fa678d00 05ad0600 fa874900
PCM 00c438 05888000 fac1cb00 05505a00 fa731f00 059df900 fa1f9b00 05f5b900 f9d34600
PCM 00c440 06401600 f998a900 067cfe00 f9485800 06cd0500 f8e94800 072e9a00 f89eea00
PCM 00c448 07800b00 f8efdc00 0729bc00 f99d1f00 067ab700 fa636b00 05b2f700 fb937500
PCM 00c450 047c1a00 fd2abe00 02df0c00 fe7c7000 0189a800 ffccb700 00308000 014c8e00
PCM 00c458 fea7bb00 0287a900 fd6a3600 0331f100 fcbd1d00 03e2d900 fc091600 049a6a00
PCM 00c460 fb515b00 04c4fe00 fb253d00 04c69400 fb21e400 04f7f000 faed8000 04ea2100
PCM 00c468 fafff700 044a2700 fba3af00 03f11f00 fbfb7b00 03aa9400 fc3e5d00 0315cc00
PCM 00c470 fcd99800 02931400 fd5d3a00 02346900 fdbf6200 01725500 fe852700 00a0bf00
PCM 00c478 ff599600 003d0000 ffbcd200 ffafcb00 004a3400 ff385b00 00c8d600 ff555b00
PCM 00c480 00a6f100 ff92ea00 00707300 ff7cec00 007ebe00 ff792500 00834300 ffe83200
PCM 00c488 0011b500 003cca00 ffbe9c00 00822e00 ff7c8400 00d68200 ff226b00 00ef4100
PCM 00c490 ff0c2400 00d13a00 ff268f00 01245b00 fed7c200 01b0c400 fe42e700 01a51700
PCM 00c498 fe556100 01447000 feb17e00 01897500 fe6c3000 02002000 fdf4d500 02271b00
PCM 00c4a0 fdc9c100 024bca00 fda51500 0250a300 fda11b00 02315500 fdbf7f00 02248d00
PCM 00c4a8 fdd0e900 0259f600 fd9be400 02450300 fdb33f00 02022400 fdf33700 019b4300
PCM 00c4b0 fe585700 018ad300 fe6b3200 01957e00 fe5cec00 01be8000 fe36a600 01eded00
PCM 00c4b8 fe066e00 01fd0800 fdf9cc00 01f82500 fdfe5200 021ddb00 fdd3fe00 027c8200
PCM 00c4c0 fd732400 02afd300 fd416400 02a15a00 fd4f6100 028baf00 fd633500 028ba300
PCM 00c4c8 fd682900 02a05000 fd4f3f00 02dfc100 fd154400 032b3900 fcc09200 03760e00
PCM 00c4d0 fc7b0800 03bee400 fc2de700 043cee00 fbaf6b00 04c25800 fb2b2700 051a2d00
PCM 00c4d8 facf7300 055e8700 fa873d00 05372e00 fab08100 04ffe300 fae97200 04d56d00
PCM 00c4e0 fb125c00 04c51d00 fb21a100 046fb500 fb7b9d00 03f73700 fbf4fa00 037ef400
PCM 00c4e8 fc6c7c00 0311d200 fcdac600 02d05000 fd1f3e00 027fe000 fd745a00 02070b00
PCM 00c4f0 fdeca500 016e4c00 fe86eb00 00f45200 ff05fe00 0071f900 ff8a0700 ffcfd900
PCM 00c4f8 002c6c00 ff48c200 00bPCM 00c500 020b4a00 fdda4800 022a8700 fddb1e00 02288c00 fdd77a00 02297b00 fdd55c00
PCM 00c508 02309700 fde7a700 021d2c00 fde3dd00 02228800 fde1bb00 02248c00 fdb1ce00
PCM 00c510 02521b00 fd699b00 029ca100 fcf49500 0315b200 fcb45b00 03579400 fc8bf800
PCM 00c518 037b3000 fc57b900 03b44200 fbf5c900 04184c00 fb8f9800 047d9900 fb065500
PCM 00c520 050cd500 fa600500 05afc400 fa0ce500 06059600 f9c37200 0652bf00 f90bea00
PCM 00c528 070af800 f859bb00 07c1fe00 f8226b00 07f92f00 f8270100 07f45300 f816c000
PCM 00c530 0808a900 f7f9f200 0822f100 f7bbe200 085f0700 f7b80200 08621200 f81d7100
PCM 00c538 08003d00 f87ec300 0799ca00 f86ff700 07a81400 f841a800 07dc5a00 f82b5900
PCM 00c540 07f0ba00 f8345200 07e87e00 f868ea00 07b68200 f8622700 07ba0700 f8127f00
PCM 00c548 08094f00 f7d2f500 084b4f00 f7d63900 084b9b00 f8117d00 08096800 f857ef00
PCM 00c550 07c75200 f879f700 079d5700 f9022a00 07181700 fa323d00 05ddbb00 fc179b00
PCM 00c558 03f33600 fdc45e00 02415a00 ff371b00 00c95900 008b9300 ff6c2000 01de3d00
PCM 00c560 fe148d00 030fec00 fcdef000 0406e900 fbe75b00 045bda00 fb8efe00 0430e800
PCM 00c568 fbbbe100 0427c700 fbc4b700 04332700 fbb7e300 03e75a00 fc057700 03aa9500
PCM 00c570 fc443f00 038ac000 fc641700 03559600 fc990c00 0302ec00 fceb3700 02f27600
PCM 00c578 fcff1a00 02cf0400 fd1fda00 02a15700 fd4ca500 02532300 fd9fc500 01f1e000
PCM 00c580 fdfbe500 01816a00 fe737100 0130eb00 fec1de00 01122700 fee32600 01199400
PCM 00c588 fedb5800 00cb4b00 ff2f2d00 00d64a00 ff216d00 01375300 febe0800 01a3e800
PCM 00c590 fe52c200 01dcad00 fe12c900 01ef1b00 fe013400 01f04b00 fe065a00 02219200
PCM 00c598 fdd14d00 02a20a00 fd4b8300 02d95d00 fd143900 02cbb400 fd25a900 02b90c00
PCM 00c5a0 fd39b200 02d67900 fd1f9900 02f4d400 fcf56100 03434e00 fcaaea00 036a0500
PCM 00c5a8 fc83c300 039e7900 fc4bd400 03a7f800 fc408e00 03a8d000 fc416700 03cc5400
PCM 00c5b0 fc1cb900 03ea1400 fc011800 039ca600 fc4be900 035da200 fc90bd00 0348fd00
PCM 00c5b8 fca5ea00 02faf200 fcf45600 02cd6000 fd1c5700 0301c800 fce7ab00 02e83c00
PCM 00c5c0 fd034a00 02b97400 fd347800 03318900 fcbb5800 03ad9600 fc3d9300 03dd7000
PCM 00c5c8 fc0a2800 044cf600 fb9d1900 04a48b00 fb419b00 04a26800 fb452900 04ed1c00
PCM 00c5d0 faf7b000 05583700 fa8a0e00 055a4b00 fa8c1a00 05704d00 fa71bd00 05d25100
PCM 00c5d8 fa0eeb00 06337400 f9b07900 065ae900 f9848900 06a49e00 f93bc300 06c33500
PCM 00c5e0 f91eca00 0698cb00 f944a100 06615f00 f97e4c00 062ce600 f9b3b000 05866400
PCM 00c5e8 fa58c200 04ea0f00 fafe0000 04575f00 fb90b400 03ab3d00 fc3ea600 02f72500
PCM 00c5f0 fcf74600 029d6800 fd514a00 0251c500 fd9f6300 01fccc00 fdf3b700 01c6cc00
PCM 00c5f8 fe2d6000 019d0d00 fe5d3f00 013d0e00 feb58e00 01016e00 fef51200 00d63500
PCM 00c600 ff20ca00 0068fa00 ff8e7700 ffde5500 001c3a00 ff7d7100 007ff400 ff328700
PCM 00c608 00c90900 fec96200 01362500 fe449300 01c26100 fdfade00 0204fd00 fde54400
PCM 00c610 021b7900 fdde3000 02242700 fdef6100 0213d200 fdb26100 024fdc00 fd3ba700
PCM 00c618 02c89900 fcdb3700 032d0700 fc7b8300 038cc200 fc0d2300 04029f00 fb9e2d00
PCM 00c620 0470fa00 fb72f400 04996f00 fb0f9100 05019d00 fa8a4000 05838400 fa7e1900
PCM 00c628 05960700 faa17600 0571d800 fa9b8900 05744700 fa783000 05992b00 fa392200
PCM 00c630 05db1000 f9d3be00 06401f00 f9b16a00 0660d000 f9965800 06806700 f90d3600
PCM 00c638 070ba800 f8bf1b00 0756b100 f8c50700 07543600 f8a52200 0779d200 f87ba000
PCM 00c640 079b9500 f8808a00 07964f00 f85f9900 07b88400 f803e300 0817d900 f800ac00
PCM 00c648 081d2e00 f7e9ff00 0831c100 f7736700 08a9d700 f73b2d00 08e00d00 f6d1da00
PCM 00c650 094ba800 f6433400 09e00c00 f6354f00 09eb9500 f6aa8100 0971a900 f7459700
PCM 00c658 08dad700 f7ec6600 082ddc00 f92ed600 06eabb00 fadd1900 05325f00 fcb7c300
PCM 00c660 034eb200 fe838200 017bc300 001a5d00 ffe18e00 01b6c100 fe40ee00 033e3b00
PCM 00c668 fcaff500 0473e300 fb735700 052d3c00 fab57900 05799b00 fa6e7300 057dca00
PCM 00c670 fa65ca00 05c76400 fa1c5500 05c89600 fa1b5600 05555f00 fa8f9200 04cd7600
PCM 00c678 fb17a200 04652e00 fb856f00 0416a300 fbd85600 03bd2600 fc28ae00 03686b00
PCM 00c680 fc83f600 02c91000 fd26ae00 022f0700 fdc07800 01bbab00 fe376200 01483e00
PCM 00c688 feae5200 00dbcb00 ff1b5a00 006b3a00 ff922100 003b0000 ffc19a00 00476c00
PCM 00c690 ffb58900 0067ba00 ff961b00 00890300 ff724b00 00bf7400 ff359100 011f8200
PCM 00c698 fedadb00 01790600 fe799300 01b62300 fe41ec00 01d51d00 fe1de300 01fb1200
PCM 00c6a0 fdf8b700 02462900 fdaccd00 02945300 fd5eeb00 02d36a00 fd1c5000 02d30a00
PCM 00c6a8 fd1c9800 02b1f000 fd3b6000 02ed9400 fd021500 0358fd00 fc97db00 0342ee00
PCM 00c6b0 fcaa8e00 03617900 fc892600 03a4ef00 fc43bb00 039b9d00 fc529300 03274e00
PCM 00c6b8 fcc09800 03337c00 fcbb1900 034ac700 fca4b200 02eb4100 fd02f700 02c16400
PCM 00c6c0 fd30b600 0298ed00 fd56b300 0235e500 fdba9100 02397b00 fdb72300 02b9f900
PCM 00c6c8 fd36a500 02c76200 fd286d00 029cd100 fd525f00 02c97f00 fd271b00 02df4f00
PCM 00c6d0 fd0f1d00 02f70000 fcf60a00 03418500 fcac5400 033e6700 fcb66f00 02ddcf00
PCM 00c6d8 fd106700 02f52c00 fcf6c500 033e9100 fcb03400 0381f700 fc6d4000 03c91500
PCM 00c6e0 fc250c00 042aad00 fbbd1900 045d6000 fb890f00 04b5b600 fb363000 05163400
PCM 00c6e8 fad02c00 05237900 fac13e00 04fba500 faedcc00 04dfde00 fb06a000 04b05300
PCM 00c6f0 fb39ed00 04565700 fb91ae00 03e75200 fc041300 037ab500 fc705c00 02ece500
PCM 00c6f8 fd00b700 02655900 fd8b8800 0219a100 fddbea00 01dc4b00 fe13cc00 01b0f000
PCM 00c700 fe46d100 01671e00 fe8f2400 01149f00 fee10a00 00b7c200 ff408a00 00553700
PCM 00c708 ffa82b00 0009f100 fff2e000 ff94de00 00682a00 ff15cd00 00ef9400 febe4000
PCM 00c710 01417a00 fe6e8900 01923a00 fe6b2500 0197d200 fe90ea00 01706100 fe694100
PCM 00c718 0194ea00 fe387c00 01cbe200 fe3b1e00 01c63500 fe43d500 01bdd900 fe174e00
PCM 00c720 01e8fa00 fde1f900 02216900 fda6d000 025e9700 fd4db800 02b6a200 fd050900
PCM 00c728 0301fe00 fce6a400 03235b00 fc9b7800 036ffe00 fc36a200 03d4d200 fc145600
PCM 00c730 03f6a400 fbda5700 042d2e00 fbcca800 043b6f00 fbd4dc00 0432e800 fbc80e00
PCM 00c738 044ab900 fba3dd00 046a3400 fb810300 048aa200 fb5aac00 04b10200 fb24f400
PCM 00c740 04e95d00 fb02c600 0509ad00 fab73000 0558ae00 fa734400 059df400 fa5bd800
PCM 00c748 05b59300 fa52b800 05bcf500 fa21f500 05f2cd00 fa13ef00 06005000 f9efe400
PCM 00c750 06233500 f99ebf00 06758600 f98b6000 06893d00 f97bd700 069c3600 f9276200
PCM 00c758 06f30300 f8d45b00 07456100 f870bd00 07a85900 f7d8f300 08448a00 f7b54800
PCM 00c760 08684400 f79ceb00 08838800 f75d8700 08bea800 f76f5600 08b29100 f7b66b00
PCM 00c768 0861f800 f8296d00 07efff00 f90ec700 0703aa00 fa9a4600 0576e000 fc354100
PCM 00c770 03d77500 fd53a100 02b22b00 fece1800 01347400 00a1d600 ff57cc00 022ed600
PCM 00c778 fdc32b00 037a1900 fc738600 04726900 fb7be100 04d1c400 fb163100 04fe2900
PCM 00c780 fae97b00 055f4400 fa8e1100 05896700 fa606800 052dbb00 faba6400 04887000
PCM 00c788 fb64c100 03ca6200 fc257500 03493400 fca78300 02fe2000 fcf6e600 02861700
PCM 00c790 fd6a1000 0224f800 fdcddd00 018bc800 fe691e00 00f60100 ff019d00 00b38600
PCM 00c798 ff461500 00b50800 ff420b00 0078f800 ff7b2600 00005600 fffb8800 ffd2d700
PCM 00c7a0 0028d900 ffd11700 0029ae00 ffb11000 004bb600 0028c700 ffd2a100 007def00
PCM 00c7a8 ff7ba400 00600700 ff9ad400 00897b00 ff6f6800 013a3b00 febd3200 019c3300
PCM 00c7b0 fe5b5700 01ee6600 fe042700 025ff800 fd940200 0251cf00 fda2f100 02344200
PCM 00c7b8 fdb84900 02b7bf00 fd35f700 03186f00 fcd63700 02e01000 fd0fb500 030aba00
PCM 00c7c0 fce68400 033cf200 fcaff800 030ae600 fcea5200 03386900 fcb95400 03f48900
PCM 00c7c8 fbf73300 03a45400 fc448700 033b5100 fcb33e00 037a1a00 fc70c800 03832100
PCM 00c7d0 fc6cf100 035a4e00 fc91e900 03a62400 fc474600 03659200 fc87c300 02a8d300
PCM 00c7d8 fd467e00 02d85700 fd139300 0354f400 fc928200 032c2900 fcbea300 02eb9c00
PCM 00c7e0 fd023900 0330bb00 fcc03900 02f17c00 fcfeb200 03058300 fceacb00 037f0e00
PCM 00c7e8 fc6cd800 03721900 fc78f300 03500100 fc9b5700 03a0de00 fc4dc200 03d9b800
PCM 00c7f0 fc16d100 03ce2c00 fc1ff400 0437ab00 fbad2400 04ce0a00 fb1dc700 04c79800
PCM 00c7f8 fb1dbc00 05138a00 fad03f00 058e6600 fa594500 059e0100 fa450c00 05946f00
PCM 00c800 fa4d1200 05a31600 fa414600 05526e00 fa954900 04ba6f00 fb280800 0484e600
PCM 00c808 fb609200 043c1100 fbab0200 039c4000 fc52af00 0303e100 fceaaa00 02573300
PCM 00c810 fd9ae400 01c03900 fe372200 01a1d300 fe556500 016df800 fe824000 00cb9d00
PCM 00c818 ff292300 002c8800 ffca0700 ffebeb00 0011f700 ff9ed500 00588300 ff585300
PCM 00c820 00a31c00 ff300600 00d04c00 fed04c00 012e0200 fe43ba00 01b89900 fe352500
PCM 00c828 01ce0e00 fe525d00 01aaf500 fe31cc00 01cb5f00 fe4a7800 01ba4800 fe7c2e00
PCM 00c830 01843700 fe95ed00 01679c00 fee20400 011cb300 ff1e3100 00dd3000 fed4b500
PCM 00c838 01289e00 fe7e2600 01801500 fe4bc600 01b0d200 fdf97000 02069000 fd844b00
PCM 00c840 027f1a00 fd5c1900 02a66c00 fd5b4900 02a81f00 fd207d00 02e42d00 fd47f700
PCM 00c848 02bb5500 fd98e700 026ba000 fd882600 02793600 fd8e3800 02711600 fd7b7300
PCM 00c850 0286b200 fd121600 02f36800 fc8de800 03798600 fc053800 04015600 fb4b7600
PCM 00c858 04bc7c00 fab31d00 055cd700 fa4c1e00 05c61600 f9d35000 0640e200 f95c4c00
PCM 00c860 06b60600 f9426200 06d47c00 f96c1f00 06a8ba00 f9c5ff00 064f5600 fa46cf00
PCM 00c868 05c85000 fab2b300 055d2c00 fae45b00 052be400 fb497100 04be0d00 fbac8e00
PCM 00c870 045e5100 fbc8a400 0442d200 fb54f000 04bd5b00 fae08000 052bc900 fa776400
PCM 00c878 059e2400 fa038500 06109500 f9b03b00 06611300 f9917100 06837e00 f9abe400
PCM 00c880 066ccc00 fa4df000 05c17900 fb89c400 04808700 fcf0cb00 0316ee00 fe467a00
PCM 00c888 01bad000 fffc1000 0003e800 01a0db00 fe4ed100 02ff4200 fced9c00 04525300
PCM 00c890 fb99b800 051cca00 fac8af00 05383500 faaebe00 0551ac00 fa96a100 0524ad00
PCM 00c898 fac0d600 04af0300 fb38cd00 04611f00 fb84cd00 0430da00 fbb7ba00 03cef900
PCM 00c8a0 fc1a4f00 03b28c00 fc38b800 03ce5700 fc1e7b00 03e4d800 fc070e00 040a8d00
PCM 00c8a8 fbddc000 04212900 fbc6d100 03b11300 fc3cd800 031a0400 fcd76200 028bac00
PCM 00c8b0 fd624d00 024a2c00 fda58900 01e95000 fe057800 01617900 fe916900 00d8c800
PCM 00c8b8 ff209400 00921200 ff66fa00 00a72100 ff519700 00f03c00 ff081f00 01316300
PCM 00c8c0 fec47500 013cb000 feb68400 01896c00 fe6a2900 01faed00 fdf9a500 02692300
PCM 00c8c8 fd880c00 02c0eb00 fd2dc100 02c5ce00 fd282200 02895800 fd63b300 027b7400
PCM 00c8d0 fd70df00 02a8c300 fd436100 02bd8b00 fd2ce500 02dec100 fd0ff200 0302ea00
PCM 00c8d8 fce78800 030cb000 fcdf5000 03263a00 fcc6e000 0372ff00 fc782700 0398c700
PCM 00c8e0 fc52d300 03b15800 fc3ec000 03f16300 fbfc4a00 03c4bd00 fc23d100 03964800
PCM 00c8e8 fc518900 039f2a00 fc4e0300 037b8400 fc716600 0340f500 fcb14700 03324a00
PCM 00c8f0 fcb61d00 030f9d00 fcd9b500 0306a700 fce26400 03439e00 fca79400 034ef500
PCM 00c8f8 fc9d0e00 035d3100 fc8bf900 038bbd00 fc62fe00 03af4800 fc3db700 03f70900
PCM 00c900 fbf5e800 042ec100 fbba6500 041c5900 fbcfa900 03f45e00 fbf63c00 03f34b00
PCM 00c908 fbf57600 041df100 fbc89200 0430f900 fbb6ec00 045cfc00 fb865500 046c4100
PCM 00c910 fb7f7a00 047f5c00 fb6b3600 04a06e00 fb495c00 04ca0200 fb21ee00 04af4e00
PCM 00c918 fb3ed600 0450b800 fb9b0b00 04203d00 fbccf200 03e08900 fc0c5700 03a41400
PCM 00c920 fc474300 032f7200 fcc1ef00 028f5800 fd68b600 0227ca00 fdcb8600 01f4cf00
PCM 00c928 fdfb3300 01a73300 fe4b5c00 01544900 fe9f2a00 00fd1e00 fefd5000 00aed300
PCM 00c930 ff482500 006f0200 ff8a6b00 0028b900 ffd47a00 ffe5a300 00163900 ffb98f00
PCM 00c938 0046aa00 ff831100 007b8900 ff3a5000 00bf0600 fef17e00 010b8000 fea1ce00
PCM 00c940 01601000 fe718700 018a3000 fe5d9300 01a4ec00 fe31e700 01d05d00 fdecd700
PCM 00c948 0216f300 fdd6ef00 022c5c00 fde01d00 0222db00 fdd1df00 02304000 fdc5ea00
PCM 00c950 023e8e00 fdc21100 0242eb00 fdac6100 02598f00 fdb53900 0250eb00 fdaa6200
PCM 00c958 02592e00 fd6bed00 02990900 fd1d6d00 02ea2000 fd142800 02f64a00 fd23ee00
PCM 00c960 02e54a00 fd36db00 02ca8b00 fd4f1900 02b57300 fd552000 02b52000 fd66e300
PCM 00c968 029f8900 fd50e100 02ba9900 fd057a00 03013600 fcbc1500 034d2300 fc484900
PCM 00c970 03bf1600 fb806500 04906d00 fae4da00 05272b00 faa13400 05724600 fa5ece00
PCM 00c978 05b30b00 fa2f7600 05e74500 fa34cf00 05ddf400 fa1aa600 05f89900 fa0d7b00
PCM 00c980 0608a500 fa51d600 05bd9f00 fa911700 05820800 fa6b1500 05a4b400 fa945c00
PCM 00c988 0580ff00 faaf8000 05623600 fa967d00 057eac00 faa2ed00 0571d400 fa9f6400
PCM 00c990 056f7800 fa446300 05ce9b00 fa465300 05cd2800 fa94c500 057b5400 fa9a9400
PCM 00c998 05799b00 fa811d00 05920600 fa672700 05ab1000 fa6faa00 05a10200 fac8e600
PCM 00c9a0 05465400 fb9e3300 046f6700 fc786f00 03927c00 fd46ce00 02c10800 fe43f100
PCM 00c9a8 01bd8700 ff6fc900 008f5f00 006a5000 ff8d7e00 0183ef00 fe6dd100 028daf00
PCM 00c9b0 fd691f00 031b1800 fcd4b400 039d7d00 fc4d2900 03fea800 fbeb9d00 03f61400
PCM 00c9b8 fbf61100 03c8dc00 fc264c00 03cab100 fc21d100 038dd400 fc614b00 03421400
PCM 00c9c0 fca9ae00 0332cc00 fcb88400 03295b00 fcc31000 02c00f00 fd303a00 028ae600
PCM 00c9c8 fd641800 02843600 fd6f4a00 02554b00 fd9f1c00 0226b700 fdc8d600 02380600
PCM 00c9d0 fdba4f00 0218a000 fdd7b300 01b40300 fe40f000 016a9900 fe885200 012b5f00
PCM 00c9d8 fec9b100 010ca000 feebd900 0105fc00 fef31a00 00ed0100 ff0a6d00 00ad0c00
PCM 00c9e0 ff4bf500 00a2f800 ff55e900 00f12b00 ff083000 0122fa00 fed4f700 01323600
PCM 00c9e8 fec2f100 01785500 fe7de900 01bf7300 fe322200 01ee1700 fe074700 02194300
PCM 00c9f0 fdd9cb00 02364b00 fdba9800 024a9400 fda48900 024f2e00 fda0f900 02627100
PCM 00c9f8 fd8c6b00 02934500 fd5dc300 02c47400 fd2c9a00 02e69600 fd094f00 03146000
PCM 00ca00 fcdad900 033ba300 fcb50d00 0340bc00 fcaf7200 0360c900 fc899400 03886800
PCM 00ca08 fc647d00 03889b00 fc61f200 03969b00 fc56e400 0369fe00 fc878500 031f6300
PCM 00ca10 fccc0100 03240c00 fcc76e00 03212400 fcccc700 02e50d00 fd0c7800 02c80500
PCM 00ca18 fd258c00 02b20100 fd3a5500 02ab9500 fd44dc00 02c6b900 fd29ba00 02d3d800
PCM 00ca20 fd1eeb00 02bd4700 fd322200 02d55200 fd179600 02edb700 fd00e500 02f66600
PCM 00ca28 fcfdc000 0316c500 fcd8b700 031a7e00 fcd2c400 030f0d00 fcdeff00 0334ee00
PCM 00ca30 fcb9ee00 036d1100 fc7dd500 03779300 fc72f100 03407200 fcae3b00 0331b400
PCM 00ca38 fcbec800 03100300 fcdf1300 02e06200 fd0aff00 02bb0800 fd3a4900 0271fa00
PCM 00ca40 fd83b300 02073f00 fdeddd00 01a62b00 fe4b4d00 012f7000 feccbb00 00af5b00
PCM 00ca48 ff4a6f00 002f3400 ffcaa000 ff975d00 00644000 ff032700 00f59d00 fe845700
PCM 00ca50 01804f00 fdfb6000 02093f00 fd75f300 028d7c00 fd253e00 02df0400 fcc08400
PCM 00ca58 0343ba00 fc7adb00 038d2500 fc41f400 03c55e00 fc059f00 0405c400 fbe57700
PCM 00ca60 04285d00 fba2f200 04646b00 fb6f6200 04a1de00 fb23b600 04ea9300 fae01f00
PCM 00ca68 052c5000 faa45b00 0569fe00 faab8b00 0567e100 faa18b00 05721a00 fa748300
PCM 00ca70 059dc300 fa7ef600 0593d600 fa79d200 05974200 fa4f0c00 05c1bb00 fa519100
PCM 00ca78 05bbe300 fa3bd300 05d48c00 fa04a400 060d5c00 f9fbb600 061a4a00 f9b59b00
PCM 00ca80 06613f00 f9628300 06b81200 f8fdb000 071aa200 f8a0b400 0779d100 f8565500
PCM 00ca88 07c14100 f83ba500 07e09700 f80fa900 08136c00 f7e16000 083a0500 f7c19b00
PCM 00ca90 085c5900 f7a54e00 08790300 f77b4e00 08a40d00 f75f5400 08be8d00 f7645a00
PCM 00ca98 08b29b00 f76b1800 08b2af00 f7502100 08cea800 f764b500 08b63b00 f7936c00
PCM 00caa0 088b0a00 f7c02b00 085e1e00 f7e67100 0836dd00 f7d36f00 08453100 f7c57c00
PCM 00caa8 08573300 f7dec000 08392a00 f8106300 080a2e00 f84a1600 07d2ca00 f869f500
PCM 00cab0 07b13800 f8510600 07cb8500 f81b8700 08001700 f834fa00 07eb0800 f850d800
PCM 00cab8 07cb8500 f8227400 07f6db00 f806c600 08140600 f8191400 0802db00 f8423d00
PCM 00cac0 07db1a00 f85d7700 07be5900 f882c900 07953e00 f8aeeb00 0766fe00 f8b87a00
PCM 00cac8 075e8900 f8d6c400 07426800 f9005d00 07145c00 f9430e00 06d06200 f9ab4800
PCM 00cad0 066bce00 fa319800 05e21f00 fadc0300 0535d600 fb59dd00 04b6d800 fbf26e00
PCM 00cad8 041c9a00 fcbec400 034b9600 fd827e00 02849100 fe114600 01f3a100 fe93cf00
PCM 00cae0 016d7800 fedeb500 01233100 ff258d00 00dc5b00 ff9d0000 005fdb00 ffcbaf00
PCM 00cae8 002cc900 ffb34500 00462600 ff9b9b00 00619b00 ff8a7a00 0075c400 ff907a00
PCM 00caf0 00674800 ffb15a00 00483d00 ffd25300 002ac700 ffa5c900 0058ca00 ff9c2e00
PCM 00caf8 0062a700 ffac9e00 00516000 ffba9b00 00448600 ffdfff00 001a4f00 ffe8b900
PCM 00cb00 00103b00 ffd0be00 002c4200 ffcd0e00 002cbc00 fffc6e00 fff99e00 0023cc00
PCM 00cb08 ffd87c00 0013a300 ffe79c00 ffedf300 0012aa00 ffd35200 00278b00 00040b00
PCM 00cb10 fff83600 00354c00 ffc3c900 0049b300 ffb32100 00628800 ff9af000 00825d00
PCM 00cb18 ff767500 00b78d00 ff412f00 00f03c00 ff052200 013b3900 feb81e00 01679900
PCM 00cb20 fe8ce700 01854100 fe6f6900 01b8be00 fe3d4d00 01c1ef00 fe2e1400 02059f00
PCM 00cb28 fde7ac00 0232bc00 fdc15300 02536800 fda04700 025de800 fd974600 02502400
PCM 00cb30 fda48400 0256db00 fd9d9800 02660300 fd8d3500 027acb00 fd783e00 029af000
PCM 00cb38 fd54c700 02a61e00 fd47d800 02a89100 fd4b8700 02ade000 fd43d700 02ac6300
PCM 00cb40 fd438800 02a53a00 fd4e7900 028fb100 fd629a00 02972800 fd54ae00 02b8d300
PCM 00cb48 fd379300 02f11000 fcfcfd00 031829PCM 00cb50 fcf47400 0318cf00 fcd57000 03241a00 fcc9aa00 03191600 fcd61f00 02fdb800
PCM 00cb58 fceee400 02b9e000 fd381e00 026d4a00 fd80ca00 02580200 fd9c0800 023acd00
PCM 00cb60 fdb7b500 022d6000 fdc37900 0219ec00 fdd63b00 01eeff00 fe06b800 01cee200
PCM 00cb68 fe235100 01d48500 fe202900 02009800 fdf28e00 0207ed00 fde95300 01e52200
PCM 00cb70 fe0e5c00 01b7fb00 fe3b2c00 01a34400 fe521500 018e3c00 fe65ce00 01931c00
PCM 00cb78 fe651000 01681100 fe8df700 012b4800 fecb3500 01290c00 fed03b00 0128a300
PCM 00cb80 fed15200 0118f500 fedbb300 00bcaa00 ff409400 00714700 ff85b100 003fdd00
PCM 00cb88 ffbde000 0018cd00 ffe33d00 fffe3c00 fffe1a00 fffcf400 fffebd00 000bbe00
PCM 00cb90 fff29d00 001eb800 ffe0f500 000f3800 ffebcb00 0007c800 fff36c00 fff9ed00
PCM 00cb98 00001800 ffdb0d00 001d9d00 ffe54600 00192000 fff13a00 00075e00 ffe9aa00
PCM 00cba0 0012f900 0032c500 ffc7c500 005d1f00 ff98f500 00656300 ff8fe900 0084dd00
PCM 00cba8 ff754a00 0095c300 ff626400 007c2700 ff7d1700 00546900 ffa0e700 0061b200
PCM 00cbb0 ff985f00 003c8100 ffbd6d00 00199300 ffe23800 ffe12500 001bd800 ffec9200
PCM 00cbb8 000dec00 0030bc00 ffcad000 fff79b00 00019f00 00036900 fff88000 0020fe00
PCM 00cbc0 ffdb8c00 0057dd00 ffa09b00 00a87700 ff4f9800 00e9f700 ff120e00 01047f00
PCM 00cbc8 fef3d900 01329a00 febf6500 01181100 fedea400 01064800 fef1f400 00fad100
PCM 00cbd0 feffb600 01380500 febff600 016fb500 fe8b0600 01280500 fed35300 00e66c00
PCM 00cbd8 ff125c00 01085a00 feee7300 010f1300 fee89b00 01054300 fef30200 01321700
PCM 00cbe0 feca5f00 012c9a00 fec94b00 011a2800 fee16d00 0150f700 fea92900 0136f600
PCM 00cbe8 fec14a00 012aa300 fec86f00 013f0e00 feb5a100 014e5f00 fea69900 012a8000
PCM 00cbf0 fecb5000 011bd400 fedbe600 012a7700 fec5eb00 012faa00 fec79500 014c7500
PCM 00cbf8 fead1d00 015a8b00 fe9cac00 01429d00 feb06600 013e9400 febb4d00 01514f00
PCM 00cc00 fea5e600 0160de00 fe943c00 0100
PCM 00cc08 feabdb00 011b2400 fedde700 0125df00 fed06200 011d1a00 fedaa200 00f74b00
PCM 00cc10 fefe2200 00de7500 ff1b0100 00e06000 ff193400 00ebea00 ff0b1a00 00f25000
PCM 00cc18 ff026500 01178c00 fee1dc00 0130be00 fec69b00 015a9800 fe9e5100 016ef500
PCM 00cc20 fe82b900 016ada00 fe8b7800 01428900 feb4ba00 0157e400 fe9fab00 013ea400
PCM 00cc28 feb55f00 01269900 fed1c600 0167ea00 fe92da00 01c93100 fe2dfc00 020ef100
PCM 00cc30 fde45800 02285400 fdc93a00 02110900 fde49d00 01eb8600 fe0b9b00 0208e900
PCM 00cc38 fdebb500 022e3a00 fdc37300 02168200 fddb1600 02058900 fded8600 020c8f00
PCM 00cc40 fde2f000 02111500 fde55500 01e72e00 fe0d6c00 01e18b00 fe134800 01c7ec00
PCM 00cc48 fe2a9300 01de9a00 fe131600 02189700 fdde2800 02422300 fdb0b700 02520e00
PCM 00cc50 fda02100 025f2900 fd915700 02656200 fd8b0600 024bb300 fda60900 024de500
PCM 00cc58 fda4c500 02345400 fdc13300 02242500 fdd0ea00 023f2b00 fdb5d500 02256f00
PCM 00cc60 fdcde500 0255a500 fd9ec900 0272ec00 fd802600 02352000 fdbcbc00 0231dd00
PCM 00cc68 fdbff500 0249c400 fda9d200 024f9b00 fda3ad00 025b7b00 fd95a100 025ac700
PCM 00cc70 fd93aa00 0241fe00 fdb3af00 0218af00 fddbe900 02034300 fdf2c400 01f3c300
PCM 00cc78 fe000500 01ca4d00 fe289400 01d8b800 fe1abb00 0213d500 fde17100 0257f400
PCM 00cc80 fd9b2400 029e9000 fd525a00 0271ca00 fd7e3c00 02361b00 fdc06b00 0247b800
PCM 00cc88 fdac0f00 02229500 fdd1ae00 01e6ea00 fe0f2d00 01e69200 fe0ead00 01fe8d00
PCM 00cc90 fdfa2400 02386500 fdb93500 02568400 fd9bd800 021e8800 fdd46c00 024b2000
PCM 00cc98 fda48a00 02365f00 fdc05300 01ff7f00 fdf23b00 02307c00 fdc15c00 020abb00
PCM 00cca0 fde5f300 01cff600 fe23b800 01ae2100 fe49c000 02019300 fdf58c00 01e74c00
PCM 00cca8 fe0e0700 022e0800 fdc70900 0197d700 fe5f4400 01e1f200 fe12d700 0214df00
PCM 00ccb0 fde29500 01d4a800 fe1c9d00 023aaf00 fdb4b700 027aee00 fd75d500 025d0f00
PCM 00ccb8 fd946400 02803800 fd744400 02569b00 fd9bd200 0252cb00 fd9dfd00 021d4d00
PCM 00ccc0 fdde3b00 021fbb00 fdd86800 018c0200 fe66c800 01508f00 fea5d000 0137c900
PCM 00ccc8 febe2b00 01795200 fe7ce300 01f4eb00 fdf8ee00 01f1b100 fdfe8000 01c0cb00
PCM 00ccd0 fe326000 01b5ae00 fe3d2300 01b5d500 fe42a200 0141d200 feb4a800 013c6d00
PCM 00ccd8 feb94900 0145d500 feb13c00 01387a00 febf6800 016fa500 fe855000 01a14a00
PCM 00cce0 fe552600 01c53500 fe307500 019dc100 fe530800 013d8700 feb72a00 018f8a00
PCM 00cce8 fe64ca00 01592c00 fe9cba00 01106f00 fee50000 010dbb00 feea4e00 01a26b00
PCM 00ccf0 fe575a00 00d8c400 ff224100 01d4bd00 fe214100 018a9400 fe6aac00 0146ab00
PCM 00ccf8 feb3b300 01549d00 fea5b400 013c5f00 feba0500 00f0c800 ff09df00 017df400
PCM 00cd00 fe7cc400 01ca3a00 fe28fe00 01b4ea00 fe40c100 02329d00 fdc1da00 012e0f00
PCM 00cd08 fec7d600 01221400 fed3ec00 013a4100 febedb00 01992000 fe5ed500 014e4800
PCM 00cd10 fea97300 01bf4100 fe36a800 017ebc00 fe758700 018f9600 fe651700 01df5a00
PCM 00cd18 fe149800 01495500 feac9400 01919200 fe616a00 0123eb00 fed53e00 01520000
PCM 00cd20 fea29300 01ab5b00 fe499700 01f62c00 fdfae000 01840200 fe723400 01a6a400
PCM 00cd28 fe4c5c00 010fad00 feec8900 01141700 fee44f00 01468100 feb22300 014dd000
PCM 00cd30 fea8bb00 0180cf00 fe752200 01c2cf00 fe32e400 020c3f00 fde48000 0131a400
PCM 00cd38 fec8af00 01b16b00 fe478100 01805500 fe74c700 0196d700 fe5b0200 01d4dd00
PCM 00cd40 fe201200 01929300 fe64ea00 01dd9000 fe177e00 01d14800 fe214500 020e5500
PCM 00cd48 fde63000 0180c900 fe748d00 01a03000 fe556900 017d1e00 fe777000 010e8700
PCM 00cd50 feea0d00 010f4c00 feea5c00 016f6f00 fe878400 01b35800 fe3d2d00 01d2bd00
PCM 00cd58 fe268600 025b0000 fd945a00 02103d00 fde67f00 0201b500 fdf23400 01e5c000
PCM 00cd60 fe10bb00 01433a00 feb80500 0160db00 fe953100 0134e800 fec2a400 0180d200
PCM 00cd68 fe79a900 01542700 fea26600 01923200 fe5c3000 015fbc00 fe9b7700 02046600
PCM 00cd70 fdeda500 018bc900 fe6bcc00 019da000 fe57e400 01c83900 fe2c6a00 01e23c00
PCM 00cd78 fe0ea500 01f53200 fdfde500 01cd2f00 fe282700 016b6400 fe8f9900 0120ff00
PCM 00cd80 feda2e00 015aaa00 fe9b7700 019a6500 fe5cb100 01db7700 fe199500 0207d200
PCM 00cd88 fdeb1c00 0183e300 fe6f8400 022a1200 fdc5f000 01b11800 fe461200 01dd2900
PCM 00cd90 fe184700 022e9d00 fdc4a700 021ab500 fdd56400 021d2b00 fdd3db00 01d71d00
PCM 00cd98 fe1dd500 018abf00 fe6be600 018c1b00 fe6b1900 02a5e200 fd4b3200 023caa00
PCM 00cda0 fdae1e00 02550c00 fd9c4a00 02542800 fd9f2600 01d4b600 fe227900 02617f00
PCM 00cda8 fd8b9300 02ce9f00 fd225700 029bc600 fd527a00 02c15600 fd2f7b00 02673600
PCM 00cdb0 fd8d1b00 02682300 fd8be000 016fb800 fe84bb00 026edb00 fd7cd200 01a0ea00
PCM 00cdb8 fe54cb00 02a36400 fd48c300 02743600 fd782b00 02686800 fd896900 01cd2600
PCM 00cdc0 fe25e000 01e79d00 fe0bdf00 01c98200 fe288700 01f1b300 fe029300 024f9f00
PCM 00cdc8 fda57100 01e2f900 fe134f00 01e9b400 fe0add00 01e9bd00 fe07c500 0223ae00
PCM 00cdd0 fdd3e100 01f5a100 fdfc7600 023d2000 fdb74700 0190f000 fe65c600 02126e00
PCM 00cdd8 fde46900 01566200 fea06e00 017be200 fe7a0d00 018b8c00 fe6b0600 0227c500
PCM 00cde0 fdc84400 01a1d900 fe57bf00 01ae0a00 fe46ff00 01d0d700 fe218300 01bfc900
PCM 00cde8 fe319500 02315f00 fdc1c400 0208f100 fded1c00 019ee000 fe507600 01976700
PCM 00cdf0 fe5b2800 00f5b100 ff033d00 01c63b00 fe2cef00 01208800 fed6ee00 01b58f00
PCM 00cdf8 fe40eb00 011e7400 fed50700 02019500 fdf1b200 018b1f00 fe683d00 01400d00
PCM 00ce00 feb61d00 01b6bb00 fe3a4800 00e10c00 ff133900 00ef3d00 ff069500 01065a00
PCM 00ce08 fef00400 00f07a00 ff06f700 010af900 feebeb00 00f08700 ff056400 01a2c800
PCM 00ce10 fe534d00 01563800 fe9c4900 01e72a00 fe096600 0109a400 feedd100 015bfc00
PCM 00ce18 fe9e1b00 01024800 fef6b800 01072a00 fee8da00 00887300 ff701400 00f7f100
PCM 00ce20 fefe1700 00272200 ffd76200 01094c00 feead200 00a09c00 ff56fd00 00e2df00
PCM 00ce28 ff105b00 00e95f00 ff104100 00c03700 ff3c5f00 014bfa00 feab4c00 007d5700
PCM 00ce30 ff7f0f00 012fe500 fec95f00 00a92a00 ff4b6900 01162c00 fee01b00 01310800
PCM 00ce38 fec54900 01062300 feeddd00 013b9600 feba0900 00619f00 ff9a0e00 00ba8800
PCM 00ce40 ff3f1400 00552f00 ffa2a000 ffeb3200 000e7900 00157000 ffe89000 ffc08c00
PCM 00ce48 003ceb00 00e60100 ff170f00 00797b00 ff81ef00 01524d00 fea59a00 00896800
PCM 00ce50 ff6ba700 005c4100 ff9f1e00 ffef9d00 000ec500 ff2f4d00 00d16b00 00005d00
PCM 00ce58 fffc5f00 ff418900 00be6000 005bfe00 ff9d4400 0016ac00 ffe95a00 ff8e7100
PCM 00ce60 00702200 ffb40900 0046b500 ffbfed00 00421500 ffc29400 00397100 00811500
PCM 00ce68 ff776b00 00226300 ffd9b100 ffc13b00 003e6000 ff91d600 006dd100 ffcc3200
PCM 00ce70 00317700 febdeb00 01410200 ff9a4b00 00624000 ff71c200 008af100 fffc2800
PCM 00ce78 fffe2100 00173100 ffe45e00 00429900 ffb59800 ff51ab00 00a84600 ffbbd400
PCM 00ce80 00413a00 ff613000 009ffa00 ff71e500 008f7b00 ff9f3a00 005dc300 ffb4aa00
PCM 00ce88 004a3900 ff876c00 00764100 ffd09500 002ce400 00773900 ff84da00 00467600
PCM 00ce90 ffb5cf00 005f7000 ff9e8100 0001e400 fff85100 fffe1600 fffe0100 fff6b500
PCM 00ce98 0004f000 fef2e000 010dac00 0035ff00 ffc7e500 ff3b8400 00bf6900 00747c00
PCM 00cea0 ff840d00 ff936c00 00674f00 ffaa6a00 004f4700 ff17b600 00ea7e00 fffa6800
PCM 00cea8 00033800 ff490400 00b6a300 ff571700 00a82000 ff80fe00 007b2e00 ff30ed00
PCM 00ceb0 00cf2200 ff8a6f00 00740300 fff64700 0007bc00 ff752600 00885e00 00446d00
PCM 00ceb8 ffb95500 ff897a00 0073c600 ff63ef00 009a0a00 fec2f100 013b3900 ff720200
PCM 00cec0 0089c800 ff8f9e00 006fe600 ffa72100 00557d00 00173d00 ffe3ef00 ff00a000
PCM 00cec8 00fda500 ffaba800 00521300 ff260a00 00d95f00 ff656e00 00973600 ff447200
PCM 00ced0 00bbe400 00139800 ffe82400 ffc54c00 003ae800 ffce2000 0030b900 ff336d00
PCM 00ced8 00cd4200 ff6f8c00 008c5a00 ffbd3e00 003f6800 fffccf00 0000c300 001b9700
PCM 00cee0 ffe29d00 ffea5900 00116e00 ffc39000 0034ab00 ffb62e00 00448600 ffad4900
PCM 00cee8 0053ee00 ff9a0000 00638700 ffcdaa00 00314d00 00614600 ff94d500 ff959e00
PCM 00cef0 00690700 00482f700 00053e00 fff68a00 00708100 ff8d8900 ffef9600
PCM 00cef8 000cdd00 003aaa00 ffc13f00 ffdf6d00 001d8300 00489700 ffb48a00 ffd4fd00
PCM 00cf00 002b9000 ffdd6f00 001f9700 00347400 ffc8d200 ffd57700 00278300 00382400
PCM 00cf08 ffc59d00 001ed800 ffdb9400 006dd000 ff8f6d00 00228d00 ffd71e00 00c01900
PCM 00cf10 ff3af000 00d99600 ff212200 0042c000 ffbdf600 007a4c00 ff828500 ffc99d00
PCM 00cf18 00369600 ffe98e00 00157000 ffd28800 0028f400 ffbeeb00 00422900 00a1b400
PCM 00cf20 ff594700 0068a400 ff949300 fffb5b00 fffe0000 0024ea00 ffd68a00 ffc23d00
PCM 00cf28 003ae000 001ece00 ffdb8100 ff739c00 008d8200 ffe4c500 0018ff00 ffbc0000
PCM 00cf30 00410600 0066ae00 ff8e4d00 0085ff00 ff76f800 00b1f200 ff4cff00 00821600
PCM 00cf38 ff789400 009d9d00 ff5ac600 ff574600 00a71000 002b1e00 ffd3df00 ffff3300
PCM 00cf40 fffc7700 011fbe00 fed61000 008c3600 ff723900 01510600 fea92200 ffee7900
PCM 00cf48 000ca000 ffa02600 005beb00 00589800 ffa26300 00867d00 ff728500 0102af00
PCM 00cf50 fef4b700 00f41300 ff044d00 0120cd00 fed6a300 00386400 ffc54b00 002e3500
PCM 00cf58 ffd03d00 007c6800 ff828d00 0078b100 ff80f100 0073b600 ff856d00 00baa900
PCM 00cf60 ff393800 00776600 ff80b900 0107fa00 fef05900 ffe90400 0016ef00 00b9f000
PCM 00cf68 ff3fb600 ffcf9200 002e2700 000f2700 fff0ce00 ffe57b00 0018c600 ffe6eb00
PCM 00cf70 00167a00 00349600 ffc2a600 00301400 ffcb3100 00a2bb00 ff5c9600 ffb7fa00
PCM 00cf78 0046ab00 00604400 ff9bfa00 0095c400 ff643700 004a4f00 ffb46600 00cb9d00
PCM 00cf80 ff30c700 ffb6de00 00456600 00754e00 ff830a00 ffd51200 0028ab00 00c36900
PCM 00cf88 ff380300 00a9ab00 ff4ecc00 003e5300 ffbdd000 00c69300 ff34ec00 00190e00
PCM 00cf90 ffe41300 008fdf00 ff695f00 008fe800 ff688e00 00b06600 ff482b00 007ea000
PCM 00cf98 ff7e6f00 ffe4b200 00179900 fff17700 000b0200 ffd98000 00237e00 ffa9bc00
PCM 00cfa0 00561200 00ebc900 ff0bae00 00176800 ffe4fe00 00e72b00 ff137b00 00eb3800
PCM 00cfa8 ff0c2700 00c21900 ff361d00 00865d00 ff704f00 00495a00 ffb0c600 ffa19c00
PCM 00cfb0 005ffd00 ffbdb800 003c2800 ffa87500 005a2500 004ebf00 ffadc900 00957400
PCM 00cfb8 ff649600 00b5a300 ff44bc00 00e60000 ff0ca900 004fa300 ffae9600 00b9c400
PCM 00cfc0 ff3ca100 0034f300 ffc60200 003de200 ffbed200 000da600 fff1bf00 0013c200
PCM 00cfc8 ffeedd00 012f6300 fec7d400 00bb0900 ff3b7100 013ca700 febc4200 01552200
PCM 00cfd0 fea1e400 00dd6f00 ff1b8f00 001ac400 ffe31100 00017400 fffc1100 00637500
PCM 00cfd8 ff9a0600 00282c00 ffd74a00 00f17400 ff06bf00 006b9100 ff8eef00 00c52500
PCM 00cfe0 ff365e00 00bf7c00 ff3c9a00 00811600 ff7b5d00 00097c00 fff42100 00894600
PCM 00cfe8 ff75ed00 003e7200 ffbf1a00 00fe2200 fef96400 00975300 ff63fe00 00d81a00
PCM 00cff0 ff1fe600 013ae200 febd2900 00913f00 ff68c700 00bb9200 ff40a400 0049df00
PCM 00cff8 ffb3a000 fff87300 0000a400 002a4800 ffd3be00 0083d500 ff766100 0112d600
PCM 00d000 fee42300 00fdd700 fefda500 01571600 fea42000 00906e00 ff66f500 01203300
PCM 00d008 fed77300 00872000 ff75d100 016c8400 fe8dad00 006bc800 ff8d9600 015fb000
PCM 00d010 fe976500 00f0c700 ff08c000 01385f00 fec51700 005c7100 ff9f0600 00c03100
PCM 00d018 ff3c9100 011e2200 fed57000 00f1b100 ff088d00 00f00b00 ff086800 00972100
PCM 00d020 ff620700 00e7eb00 ff13e100 0142da00 feb38800 00ffd300 fefbfc00 00b51700
PCM 00d028 ff43a300 00559a00 ffa6f400 00e16100 ff1c5c00 0079dc00 ff86f400 011a6500
PCM 00d030 fedfa600 01215600 fed87d00 0093a500 ff657d00 011d5900 fedc7300 0142fb00
PCM 00d038 feb3f400 01219400 fece8600 00ef8900 ff038200 00f77000 fefe5200 00a79c00
PCM 00d040 ff531c00 00a90300 ff4ec300 00520700 ffa9b500 00c89500 ff331c00 00fe8000
PCM 00d048 fef82800 00fb5e00 fefccd00 00f6be00 ff040a00 0123ee00 fed2a800 01027200
PCM 00d050 fef80b00 00be5900 ff3d4300 00e2c100 ff192000 00c62300 ff301d00 00c3b700
PCM 00d058 ff337e00 011ef200 fed95000 00cdd700 ff285600 00785500 ff83dd00 001bf300
PCM 00d060 ffd9d600 0032c400 ffc93600 00362100 ffc25000 01063600 fef14800 00d2e100
PCM 00d068 ff22c400 00dc3f00 ff19b800 004e6d00 ffac5900 00631700 ff969600 006b1900
PCM 00d070 ff8f3c00 00a96e00 ff52d700 00995e00 ff626e00 006ac700 ff918b00 00664800
PCM 00d078 ff908b00 fff01c00 00093900 009eb600 ff5baa00 0008e700 fff32300 00a6ad00
PCM 00d080 ff503200 00338900 ffcac400 00e85600 ff0f3e00 003c5500 ffc17200 00724500
PCM 00d088 ff86c800 0039cf00 ffc0f300 ffeecf00 000f8d00 00d79800 ff235d00 003e7100
PCM 00d090 ffbeae00 00784700 ff81cf00 00042c00 fff75300 0065ac00 ff939c00 00445900
PCM 00d098 ffb7ff00 007cf000 ff7f9000 00d0a500 ff2bb700 00ed8200 ff08cd00 00535e00
PCM 00d0a0 ffa61500 ffa03000 005f9b00 002f5d00 ffcbc100 005e8d00 ff9bdb00 00e79e00
PCM 00d0a8 ff13b800 0119e700 fedc5100 0078fd00 ff7dfd00 009d7100 ff5c2400 0036b900
PCM 00d0b0 ffc56500 00679e00 ff933700 00849400 ff792d00 007d5600 ff7c6d00 00798600
PCM 00d0b8 ff83fd00 ffdb1d00 0023c900 00f0d700 ff086200 001efb00 ffe44b00 01131000
PCM 00d0c0 fee26700 ffeb8e00 00151a00 001a1200 ffe59500 ff745900 008adb00 0061c600
PCM 00d0c8 ff9cc500 00384900 ffc43500 ffcd1300 00322700 ffc5e200 00386f00 00520600
PCM 00d0d0 ffa64b00 fff32200 000e0600 ffc34700 003ad200 ff62eb00 009c8a00 fff73400
PCM 00d0d8 0009d900 ff975000 00694b00 ffd8f500 0023bf00 00b15600 ff4a7200 000e3000
PCM 00d0e0 ffee3600 003a3b00 ffc39100 ffa73300 005a2300 ff1b3200 00e63900 ffe16900
PCM 00d0e8 001b5b00 ffb07000 004e0300 fff1b400 000b5400 ffac1800 0051cc00 fffe7500
PCM 00d0f0 fffdda00 ffd9dd00 00269900 ff49df00 00b3d000 ffd6c100 00277700 ff6df100
PCM 00d0f8 00918800 ff840600 0077ba00 ffc90100 00366a00 ff6a8700 00961200 000bc000
PCM 00d100 fff2ba00 ffb0b800 004b9a00 ff26b100 00d79e00 fff70600 00060c00 ff2e5e00
PCM 00d108 00cddc00 ffa37e00 0057f300 febdbd00 01451100 ff32a500 00d32e00 fee60d00
PCM 00d110 011b3100 fe798700 01856100 febeed00 01439e00 fe9a7500 01688d00 feffc400
PCM 00d118 01024c00 ff361a00 00c4b400 ff662700 00967700 ff3b9800 00c62300 ff5fd600
PCM 00d120 009edc00 ff78ad00 0082ad00 ff8cb500 00732700 fef18800 010f0300 ff6bfb00
PCM 00d128 00929900 fef97c00 0107e700 fec02000 01403100 fed1ff00 01325a00 ff0f5100
PCM 00d130 00f29100 ff8f3c00 00717a00 ffaa3300 00532b00 ffea0200 000ef100 ff897a00
PCM 00d138 0070f800 ff442600 00bc6b00 ff422200 00bd6d00 ff4ca800 00b05200 ff4fc400
PCM 00d140 00a87300 fec09100 013eb900 ff854900 007a2d00 ff3a1800 00c7a200 ff737b00
PCM 00d148 0087af00 ffc44a00 0036d300 fea82b00 015b7f00 ff99c900 00661500 ff383e00
PCM 00d150 00c4b300 ffc45800 003a3200 ffb61d00 00481f00 ff433600 00bf1a00 00133f00
PCM 00d158 ffed5600 ff942a00 006bf500 ffbb3900 0045d600 ff7b9c00 007f9d00 ff685b00
PCM 00d160 009d4e00 ff7bf900 0082ad00 ff8f5b00 006e1100 00555800 ffa2a800 00092400
PCM 00d168 fff54e00 ffe08600 001dec00 003ea900 ffbe7100 ff830000 00787600 ff92cd00
PCM 00d170 00671300 ffb3ca00 004b8400 00137e00 ffe9ce00 002f9100 ffd25000 006f2600
PCM 00d178 ff891f00 000c1500 ffee9b00 ffd5fd00 00220400 ff65c600 00972600 fecd2900
PCM 00d180 01382b00 ff628a00 0095ee00 ff97ee00 0068c300 fff31100 0008f500 ff675500
PCM 00d188 00952e00 ff7d2c00 0080d000 ff6bd800 00936000 ff6ac000 0094fe00 ff8e7800
PCM 00d190 00737a00 ffd59c00 0026a000 ff9f4100 00602400 ff58a600 00a44100 ffef4a00
PCM 00d198 000ca000 ffe7e200 00154300 ffb01900 004b8f00 ffd22700 002a5e00 ffab9900
PCM 00d1a0 0053f600 feeb9800 0115bd00 ff87c000 00765d00 00067400 fffae900 ffed4800
PCM 00d1a8 00120a00 fff9e500 00016c00 00286500 ffd55700 00656300 ff976200 ffe8ad00
PCM 00d1b0 0012de00 ff7e9100 007eb700 ff37e000 00c4ff00 feecdc00 01141800 ffed1900
PCM 00d1b8 000c8a00 ffc14200 003aa100 fffb2600 00021b00 ffcf8400 002ea600 ff12a700
PCM 00d1c0 00eca900 ff105a00 00ed3400 ffdca300 001e3400 ff1c5c00 00e1ce00 ff807800
PCM 00d1c8 007e9900 ff485700 00bc1e00 ff80b800 007df400 ff1bd200 00e4fa00 fefaae00
PCM 00d1d0 010bd800 ff78f600 0082f800 ff8cd900 00736800 000a5d00 fff3d200 0002cc00
PCM 00d1d8 fffc2500 ffaaf400 0053c600 00131500 ffe8c100 ff80a600 00818900 ffee9d00
PCM 00d1e0 000e1a00 ffa11d00 005aa900 ffaf4800 00538600 ff600f00 009e7300 ffc55200
PCM 00d1e8 00386100 ff7a9000 0086b300 00108900 ffeb7d00 ffd4d000 00293e00 000e3b00
PCM 00d1f0 fff0d900 ff525500 00ac3f00 00080700 fff44a00 ffdb3100 001e3700 ffb75500
PCM 00d1f8 0043da00 ff7df900 00840200 fffb6300 00036f00 ffff3e00 fffeef00 004d5c00
PCM 00d200 ffaa5f00 00646e00 ff96dc00 0018a500 ffded300 ffe33d00 0019ca00 00043e00
PCM 00d208 fff4bc00 ff6c4500 0091c800 ffb0cd00 004cb700 00272200 ffd76600 007f1400
PCM 00d210 ff7b3800 000f2100 fff1e800 ffdef900 001fee00 003c2100 ffbf7600 00419b00
PCM 00d218 ffb52900 00870000 ff71c600 fff1b900 000ca100 ffe4a700 00165e00 000abb00
PCM 00d220 fff31f00 ffc66500 00339600 ffe06600 001f5d00 fff0f800 000bc000 003ca500
PCM 00d228 ffbecf00 ffcbcb00 002fe600 00245e00 ffd57400 ff79b300 00850400 ffae9900
PCM 00d230 004b4a00 006ad600 ff92d500 ffa49700 00585d00 00593100 ffa51600 ffb0cb00
PCM 00d238 004adc00 ff88b800 0075db00 ff513800 00aab500 ffdc6700 001f7600 ffb0f900
PCM 00d240 004c4f00 fff8PCM 00d248 00b03d00 ffbd8000 00427500 ffcc1600 00342a00 ff588100PCM 00d250 fff67a00 ff42a600 00b9b000 ff898d00 00742200 ff870200 00758900 fff01b00
PCM 00d258 00102c00 ff390500 00c36600 ffbc6600 003dd900 ffb6b700 003fe000 00153c00
PCM 00d260 ffe3e300 fff87000 00086200 ffaf1000 004f8200 ffbac700 00447b00 ffb4e500
PCM 00d268 0048b200 000cac00 ffeadc00 00bbb700 ff3d0300 009f4e00 ff5bd000 00a77000
PCM 00d270 ff4c0500 fffaba00 0001fc00 fff26100 00093300 fff58000 00054d00 ffc4df00
PCM 00d278 00356700 002a8d00 ffcd2300 00436a00 ffb2ef00 000c5f00 ffebaa00 001e0100
PCM 00d280 ffd99900 fff0d800 000c8500 ffdee600 001d6e00 ffdf2a00 00222d00 ffa26700
PCM 00d288 0057bf00 00540600 ffa59a00 ffdcf600 00208300 fff0a900 000ee100 ff9e5b00
PCM 00d290 005fea00 ffe7be00 00111a00 ffeafb00 000eff00 ff8c3000 00757400 ffc01200
PCM 00d298 003da600 ff69a900 0093e900 0004d200 fff7d900 005ac200 ffa22d00 001c3a00
PCM 00d2a0 ffe03900 0011b400 ffecb500 ffc4a300 00350400 00237700 ffd72c00 ffc76600
PCM 00d2a8 0033c100 ffe86f00 00166700 003bb000 ffbbf200 00261a00 ffd50f00 fff1b000
PCM 00d2b0 000c8e00 ffdb8000 0022eb00 ffbc5000 0040f800 00321b00 ffc98100 0087cb00
PCM 00d2b8 ff73ff00 ffe90b00 00132000 0038df00 ffc25100 ffa6cd00 00582a00 ff9b5d00
PCM 00d2c0 00682100 ffef5100 000adf00 ff7e4200 007fd600 00564f00 ffa45900 ffb1bb00
PCM 00d2c8 004b4b00 ffadd700 004e9c00 00600c00 ff98ff00 001d3100 ffdddc00 ffffed00
PCM 00d2d0 fff75700 0019e000 ffe05900 ffc9c400 00350a00 ffbe7200 003cfb00 ff5ff300
PCM 00d2d8 009cbf00 ff66e800 00996200 00006800 fffd3000 ffdb5900 00232600 004f0300
PCM 00d2e0 ffa7b100 ffdebb00 001ed800 ff836300 0076a700 ffee9200 000b1700 ff9c7c00
PCM 00d2e8 005f9c00 000f8d00 ffefe500 ffc5ed00 00327100 ff74e100 0089b100 ffea5300
PCM 00d2f0 0012c700 ff812100 007d5700 ffac7000 004e4f00 ffde6d00 001c1d00 005cae00
PCM 00d2f8 ff9fd500 fffbbc00 fffa7100 000cba00 ffeaa500 ffaaa700 004e9400 ffb0fb00
PCM 00d300 004cac00 ffc23100 0038e700 0021f200 ffd30000 00323100 ffcd6200 001da400
PCM 00d308 ffdc1800 fff4b700 0007d000 ff8fce00 006e4100 000ed800 ffeb5d00 0013b200
PCM 00d310 ffe42400 002ef000 ffc80200 0009a500 fff3f500 ffbd3d00 00413a00 ff506400
PCM 00d318 00b0b800 ffa95d00 0056d500 ff7d9400 00807900 ffd6dc00 0024b900 ff717600
PCM 00d320 008cdc00 ff908a00 006cc500 ff710700 008e7000 ff7c6600 007ef700 ff867c00
PCM 00d328 00788000 ff90a600 006c1300 ffba4600 00455100 ff74a900 008bfd00 ff6cfc00
PCM 00d330 008f6f00 ffa5ff00 0056f100 00077c00 fff61600 006e7200 ff902800 00889400
PCM 00d338 ff717000 ffd42900 00244d00 ffec1600 00125500 ffc36a00 0039cf00 ff80c000
PCM 00d340 007ba800 ffb13900 004f4300 ffbb0f00 00430000 ffb0cd00 004aa000 00033b00
PCM 00d348 fff85b00 0030ec00 ffc5b100 ffc62900 0038fd00 ffc62300 002edb00 ff783300
PCM 00d350 00851700 002d4500 ffce3900 008b5700 ff6e2200 00e2d600 ff13c100 00a9a200
PCM 00d358 ff4f9d00 00883900 ff755f00 ff490b00 00b5ba00 ff9d1400 005f9400 ff557300
PCM 00d360 00a8f500 0014d300 ffea5300 0020e700 ffd70200 00092400 fff51f00 ff79f800
PCM 00d368 0085fd00 ff3f9900 00c54500 ff25ae00 00d99200 ffacdc00 00501000 ffb8d500
PCM 00d370 00472c00 ffc93c00 0034e000 ff531100 00ab8100 ff622500 009d4a00 ffab0900
PCM 00d378 0054cb00 ffc13f00 003cf400 001cd000 ffded700 ffbb1f00 00419b00 ff555f00
PCM 00d380 00ae4800 fef64100 010c4c00 ffd27c00 002da300 ffa42f00 005da200 ff761600
PCM 00d388 00871900 ff5e8f00 009fa400 ff64d700 009b2600 ff7f9700 0081cc00 ffd43500
PCM 00d390 00296300 ffa15700 0057af00 ff0cf300 00f0da00 ff50d600 00af9600 ff4d4100
PCM 00d398 00b3a000 ffaa7300 00510900 ffe2fb00 00198700 ff0ea900 00f1e100 ff686e00
PCM 00d3a0 00987c00 ffa6b200 0056fa00 ffa91700 0054f600 ff891b00 00778800 ff45ae00
PCM 00d3a8 00ba8f00 ff066100 00f9d500 ff520a00 00ab9f00 ff2b3c00 00d77a00 ff868e00
PCM 00d3b0 00776700 ff340200 00cb6f00 ff010700 00fc9a00 fef7c000 0109ae00 fe450300
PCM 00d3b8 01c05800 feba8000 01473c00 feea0e00 0117ac00 fece0f00 0132c100 ff73cd00
PCM 00d3c0 008c4a00 fee4ea00 011d1700 fe9efa00 01606a00 fe7ae800 01885b00 fe7d0e00
PCM 00d3c8 01828f00 fef56900 010a2700 ff773200 0087e400 ff325800 00cd2300 fecd6500
PCM 00d3d0 01357b00 fe5fbd00 019ab200 fe855b00 0175eb00 fe493800 01b6b600 fec6c100
PCM 00d3d8 0138ff00 fecb1700 01353a00 fea6bd00 0158e800 ff1d0c00 00dfec00 fee1db00
PCM 00d3e0 011f1c00 ff14c500 00e6c000 ff8e5c00 00702e00 ff853a00 007a2a00 fedcaf00
PCM 00d3e8 01233f00 feb41100 014dfa00 fe8ebb00 01729600 fe60cb00 019d7200 fe95ad00
PCM 00d3f0 01697200 feab2d00 01552400 fe645400 019ec500 feb21100 014bdc00 fe9ba000
PCM 00d3f8 01669b00 fea45500 015a4000 fe50f900 01b55000 feaf3700 014ff900 fe657400
PCM 00d400 019ca900 fe699000 01952400 feea7a00 01166000 fee91800 0118c400 fe65f600
PCM 00d408 019aee00 fe7e0c00 0185ba00 fe915000 016c8900 fe46b400 01ba9a00 fe8e7300
PCM 00d410 01707900 ff018600 00ff4600 fe896d00 0174b200 fe567200 01b11100 fea3f700
PCM 00d418 0158bb00 fdb56800 02526300 fe505000 01b41600 fed9dc00 0125bd00 fe8b9600
PCM 00d420 017a1400 fecbae00 013b1e00 fe6d1300 019cbb00 febacd00 01444900 fe8c4d00
PCM 00d428 0173a800 fe9acb00 0168ff00 fed04f00 012fec00 fe8b3800 01760000 feb88b00
PCM 00d430 0149bd00 fe31ab00 01d3c500 fdb42800 024e6700 fe9ea400 01615c00 feef3800
PCM 00d438 0111f400 fea44a00 015bf400 fedde900 0124ee00 fee21400 011ec600 fddf9d00
PCM 00d440 021ec900 fec17300 0141cb00 fe621e00 01a15400 ff0e1700 00f0ba00 ff004800
PCM 00d448 00fdbc00 fecc6f00 0130d500 ff1daa00 00e01400 fe14b200 01ecbd00 fedc5d00
PCM 00d450 0124c900 fe833800 017e3800 fd898000 027ee300 feb5cb00 0148e700 fe4f5d00
PCM 00d458 01b45c00 fe882700 0178ac00 ff401300 00bc2800 fecf8700 01314b00 feafd900
PCM 00d460 014efb00 fecba900 01349a00 fe623b00 01a27f00 feb7ff00 014db500 fef5d600
PCM 00d468 010c8300 fe68e600 019a5b00 fec5e200 013b9a00 fe47a900 01bc6f00 feca0500
PCM 00d470 01352700 feb2fa00 0150a400 fe4a7700 01b92800 feeace00 0112d300 fe995c00
PCM 00d478 016b4600 fed89200 012a3100 ff309f00 00cddb00 feef6000 010dbd00 fea03f00
PCM 00d480 01608f00 fe528c00 01afae00 fe9c3200 01658300 feb0a500 01515200 fea6e600
PCM 00d488 0159ee00 ff333700 00cad500 ff0d7d00 00f0c400 fec69e00 01392f00 fecbe800
PCM 00d490 0134e400 feb7f600 01485400 fea7dd00 01591b00 ff843000 007a6200 ff347200
PCM 00d498 00ca6c00 ff245e00 00d9f800 ff53ea00 00a6ff00 ff5c2e00 00a17d00 ffa21400
PCM 00d4a0 00621700 000a4300 fff3b400 fff90100 00011500 00065a00 fff2a100 ffa9d100
PCM 00d4a8 0051fd00 ff4f8700 00b23300 ff602900 00a0cc00 ffc77a00 0034f100 fffbf300
PCM 00d4b0 0000da00 00076f00 fff49200 0034a100 ffc50900 001cc000 ffdd9d00 ffe33600
PCM 00d4b8 00175b00 ff952d00 0067c300 ffb0b500 00504000 fff34800 00099b00 0019e300
PCM 00d4c0 ffdd5b00 00262700 ffd77300 fff90800 ffff4300 0023c000 ffd2e300 ffb7d500
PCM 00d4c8 0044a400 ffceae00 002e4900 001ce100 ffd91300 00ce7f00 ff29e600 00284a00
PCM 00d4d0 ffd50700 00600200 ff9d6600 0092dd00 ff64d300 00665b00 ff961700 000af200
PCM 00d4d8 fff32f00 00399200 ffbe8e00 ffad5500 004f4c00 00051a00 fff98b00 00078e00
PCM 00d4e0 fff53700 00431000 ffb3c900 00217e00 ffdf8300 005bd300 ff9be300 008aae00
PCM 00d4e8 ff6d8e00 004ace00 ffaf2400 00f07800 ff074500 00468d00 ffb3fa00 00671900
PCM 00d4f0 ff91c300 00dd2800 ff20b600 007fbb00 ff78c300 009f5600 ff593f00 00a05300
PCM 00d4f8 ff584200 002a3500 ffd0e000 008adf00 ff6c3700 0068de00 ff91c400 0099f600
PCM 00d500 ff608100 01817b00 fe70a800 011a7900 fed8a200 00b60000 ff42d800 00317c00
PCM 00d508 ffc94100 0042dc00 ffb81e00 00895900 ff6e7b00 00934300 ff65b800 00ce2400
PCM 00d510 ff28c900 00adfe00 ff4c5200 00d4d100 ff26b900 00744500 ff863f00 004c3d00
PCM 00d518 ffacea00 000cd900 ffeff500 002f9600 ffcd5600 0079c600 ff77ae00 004e4900
PCM 00d520 ffac4200 00607c00 ff948600 002d4a00 ffca5200 00705100 ff8a1300 00ab2d00
PCM 00d528 ff506100 00839700 ff748c00 00700b00 ff870800 00791a00 ff832300 0053dc00
PCM 00d530 ffa35f00 00bb9000 ff3a6400 00498e00 ffaebd00 0071cc00 ff86ad00 0113c700
PCM 00d538 fee24c00 00e52700 ff125100 01239b00 fece7e00 00bf8b00 ff39c600 009df200
PCM 00d540 ff584300 00b4bb00 ff469200 00efd100 ff091f00 0163cc00 fe8fa900 018a9700
PCM 00d548 fe6a0b00 00d27d00 ff280b00 00a5f300 ff51bf00 006cb300 ff8da000 008aa700
PCM 00d550 ff6ea800 00e4b400 ff122800 00e3e400 ff187500 0051b400 ffad5f00 00722a00
PCM 00d558 ff8bf300 00614b00 ff9fb600 00544000 ffa3c200 00951400 ff64b400 00af2100
PCM 00d560 ff4c6200 00934d00 ff65fd00 00de8200 ff1b0800 00e79300 ff137a00 007a2300
PCM 00d568 ff7e7500 0096a300 ff5f1200 007f3600 ff7d8800 0089b500 ff6ec000 00d8c400
PCM 00d570 ff21bc00 009b6300 ff60c900 00490900 ffb2d200 00863900 ff709d00 00707200
PCM 00d578 ff87d500 00aee300 ff4b5e00 00b0fc00 ff41e500 00883900 ff708500 0078d800
PCM 00d580 ff81f900 00384c00 ffc69000 006d7e00 ff8e9900 00badb00 ff3bd400 00d81000
PCM 00d588 ff268600 00c83000 ff314400 00f74200 ff00c100 011bee00 fedcc500 01526c00
PCM 00d590 fe9bfa00 0119ac00 fee04900 0130d700 fec37800 00eda500 ff0bcb00 010ff700
PCM 00d598 fee9ae00 00ce8600 ff26d700 00b8ab00 ff44be00 00892c00 ff725800 009a1700
PCM 00d5a0 ff5fa900 00703c00 ff884600 007dc500 ff791e00 008a2500 ff6ca000 008a0700
PCM 00d5a8 ff6ea900 016b2e00 fe88b000 00e7b700 ff109700 00fd2f00 fefb3000 01437200
PCM 00d5b0 feb18000 00e98800 ff0a5200 009f9d00 ff56b100 005ddc00 ff9bec00 ffde3300
PCM 00d5b8 001c2100 0028e300 ffcfcf00 0054e800 ffa42500 005b6c00 ff9af100 0079c000
PCM 00d5c0 ff7d6500 0023ae00 ffd93100 005f7000 ff9a5700 008df400 ff6a5200 00aab700
PCM 00d5c8 ff4ddd00 00e9f000 ff082c00 00404e00 ffb43800 ffec5a00 000ebb00 ffcd3400
PCM 00d5d0 002b4e00 ffa3de00 0059ea00 ffc02700 003b4300 00052500 fff46b00 0009fd00
PCM 00d5d8 ffedfd00 fff9ec00 00019200 00024900 fffa2900 005f5200 ff9d2300 0084a300
PCM 00d5e0 ff744100 004cda00 ffabb800 0001bb00 fffb6200 000ba000 fff15e00 0034d600
PCM 00d5e8 ffc58300 00130500 ffe89100 fff84000 00011500 ffd28c00 002d3a00 ffe32200
PCM 00d5f0 001b4300 0033ed00 ffc2da00 00918700 ff697800 00b1fe00 ff4b9b00 0071a900
PCM 00d5f8 ff86a400 00444000 ffb43e00 0003b000 fff51b00 ff680a00 00942200 ff94b600
PCM 00d600 00642c00 ffea4400 00136000 001c2f00 ffdeb900 00405200 ffbb7b00 004bc300
PCM 00d608 ffac3600 00534900 ffa76a00 005cb000 ff9ab400 007d9300 ff79d500 001ca000
PCM 00d610 ffdbd000 004ecd00 ffaa4600 0022b200 ffd5e100 ffe9fb00 00136f00 002c7000
PCM 00d618 ffcd7500 fffe0d00 fffec100 00022100 fff5f300 00387e00 ffc56f00 0048e000
PCM 00d620 ffb55500 001b6800 ffe1cc00 ffe61300 001a1100 00021700 fff55a00 0096f500
PCM 00d628 ff607000 00568700 ffa34300 005f2300 ff97d900 0062d500 ff929800 00354000
PCM 00d630 ffc31000 004aaf00 ffb0db00 001ea900 ffdbd700 ffff4d00 fffad400 00172200
PCM 00d638 ffe2c300 ffc2d000 0038d600 0000ee00 fff9a700 001c4900 ffe86e00 00038b00
PCM 00d640 fffd7500 00520d00 ffb09700 004fce00 ffaa2a00 00b93100 ff3f6d00 00118600
PCM 00d648 ffe6dd00 000ff500 ffeab900 fff5d000 00042a00 001d5200 ffdc3300 0044c500
PCM 00d650 ffb4f300 00120000 ffe7ae00 0038dd00 ffc22b00 006e8800 ff8a9a00 0066bf00
PCM 00d658 ff937b00 008f3a00 ff67f600 00153500 ffe51900 00491100 ffb38d00 003b4400
PCM 00d660 ffbf2600 00562700 ffa13800 0044f100 ffb4fa00 00368e00 ffc26000 00506200
PCM 00d668 ffaad000 0071ff00 ff841200 001a4f00 ffdefc00 004a0500 ffb0b700 002f0f00
PCM 00d670 ffc9ab00 ffe22e00 00192a00 00818c00 ff762b00 00a1bc00 ff59b600 00270d00
PCM 00d678 ffd3d000 00eb6b00 ff0a7800 00789c00 ff816000 006f6500 ff8a0900 005a9700
PCM 00d680 ff9c2f00 fff80b00 00012700 ffcaa600 002e4d00 ffda6100 0024fa00 ffdd1e00
PCM 00d688 0021b000 fffc4100 fffdf900 ffe46b00 0011ca00 00724200 ff82bd00 0021d500
PCM 00d690 ffd4d400 ffd7f200 00213d00 ffe3c500 00149b00 ff762d00 00873600 ffeb9200
PCM 00d698 00109000 ffdb4800 001cae00 ff627300 009c2900 ff7de000 007d7e00 ffac1f00
PCM 00d6a0 004eed00 ffe0c400 001b7000 fffdd700 0000db00 000b9900 ffed5e00 ffd3bf00
PCM 00d6a8 002a1600 ffb57800 00440700 ff8aa800 00726d00 ffe2d500 00159600 ff5ea300
PCM 00d6b0 009d7a00 ff747400 0086cb00 ff042f00 00f9a900 ff2d8100 00d0a900 ff30af00
PCM 00d6b8 00cd8b00 ff0a1c00 00f33200 ff284000 00d76300 ff14a600 00e98500 ff513d00
PCM 00d6c0 00ac0000 ff254600 00da5100 ff467a00 00b8ab00 fef77800 0106cc00 ff15da00
PCM 00d6c8 00e76400 ff309400 00cd0000 ff5b6000 00a46d00 ff77c500 00874400 ff089c00
PCM 00d6d0 00f78c00 ff1bc300 00e3ef00 ff21e000 00dcdf00 fe6dfd00 0190cc00 fe88ca00
PCM 00d6d8 01769e00 fe831c00 01810d00 fec42b00 013bb800 fed7f800 012e3f00 fed31a00
PCM 00d6e0 012d5e00 fe972c00 01698d00 febbf000 01449100 fee15900 011c0a00 fed35a00
PCM 00d6e8 012a8000 fee6f800 011b3100 fedc0000 01267a00 ff19b200 00e64000 ff4afe00
PCM 00d6f0 00b48700 ff1c6200 00e1d600 ff15c900 00ed3e00 feb08f00 0150df00 fe97e600
PCM 00d6f8 01677f00 feaa9b00 01578f00 fe7ef400 0182ca00 fe722f00 018f7400 fea58700
PCM 00d700 015d4700 feb30c00 014bc100 feac4200 01526d00 ff2fd600 00d03700 ff33f600
PCM 00d708 00c9b300 ff644600 0099b300 ff77ca00 00859300 ff6f7200 008d7b00 fefcb500
PCM 00d710 0104a200 ff38bf00 00c59c00 ff24b800 00dd8e00 ff194600 00e3aa00 fefa9700
PCM 00d718 01044300 fec40d00 013b3100 fe5ba300 01a82000 fe4c4c00 01b4ec00 fe04fa00
PCM 00d720 01ff7000 fe064000 01faa800 fe8fda00 016df500 feab2900 01551900 fed8a400
PCM 00d728 0127eb00 ff0e9300 00ef2700 ff1f0f00 00def700 ff3ad600 00c62500 fed7cb00
PCM 00d730 012a0600 feba0c00 0145ad00 fed8ce00 01213100 fe953600 01684800 fecb2d00
PCM 00d738 01342400 fe51c400 01b30500 fdeed900 02142200 fe770700 0189d400 feab2500
PCM 00d740 01576300 fed44e00 012b6800 fec77400 01390700 fed97b00 01234b00 fed5e300
PCM 00d748 012ae400 fefd4d00 00ffbe00 fef8c500 0107bf00 fed2ed00 012ee600 fea22a00
PCM 00d750 01605500 feae2200 01517a00 fe966800 016a2600 fe9ad100 0160eb00 feb4ff00
PCM 00d758 014bc700 fe97f600 016c7600 fec21600 01413600 fe9b3f00 01635600 fe689d00
PCM 00d760 01999a00 feb12e00 014dbd00 fe7c1700 0187f900 fe6ff500 0193b000 fe858700
PCM 00d768 017a5e00 fe891400 0176c600 fedb6100 01296800 fef78700 0106aa00 ff5b2600
PCM 00d770 00a42400 fef75000 010a9c00 fea09900 015ec200 fea46400 015dad00 feb0b800
PCM 00d778 014ac200 febf2700 01439500 ff172900 00e5d300 feea1d00 01139600 feb52c00
PCM 00d780 0148b500 fea46d00 015dac00 feae4200 01527800 fedf8e00 0125da00 feb8c100
PCM 00d788 0147f000 fe85df00 017d0200 fe934700 016c9c00 fe8ce300 01746b00 ff157400
PCM 00d790 00ed3e00 ff21d900 00d93c00 ff5d9200 009d6b00 ff7a3900 0080b000 ff81fa00
PCM 00d798 007be400 ff730e00 008a9200 ff97ea00 00668c00 ff636c00 009ee100 ff480200
PCM 00d7a0 00badd00 ffa00d00 005d8900 ff821a00 007be400 ff2e3e00 00d18600 ff5a2300
PCM 00d7a8 00a5e400 ff569000 00a3d000 ff5af800 00a23800 ff6bad00 00903c00 ffe68900
PCM 00d7b0 0013f800 0035c200 ffc6c000 00177d00 ffe4a500 0023e100 ffd5c100 00113d00
PCM 00d7b8 ffebff00 ffd9e900 00245100 fffcb300 ffff5e00 000c8f00 fff17700 00332100
PCM 00d7c0 ffc6eb00 003f7d00 ffb7c200 00950900 ff645800 008c8d00 ff722400 00935d00
PCM 00d7c8 ff658000 00be1800 ff399200 0032a100 ffcbba00 00191700 ffe17b00 0081b400
PCM 00d7d0 ff7baf00 007b6b00 ff7fbd00 00977000 ff623c00 00614800 ff988800 0054e800
PCM 00d7d8 ffa4e200 0013a000 ffe73400 001f0000 ffda6a00 001f0000 ffd8f600 ffc04000
PCM 00d7e0 0039ef00 ff99df00 005e0700 ffc7c500 0037a800 ffca0000 0035f600 ff86d200
PCM 00d7e8 007ab000 ffc24600 003fa200 ffb16600 004aa700 ffd4c100 0026e200 ffe32700
PCM 00d7f0 001b8500 00008400 fffc1500 ffecf700 00088800 00264700 ffd70e00 000f8b00
PCM 00d7f8 ffe69e00 fff9d200 00011c00 0035eb00 ffc14600 00547500 ffa43e00 003b5e00
PCM 00d800 ffc3e700 00461100 ffb73100 0022d300 ffdd1500 0016bd00 ffe6a600 00393900
PCM 00d808 ffc30c00 000f4000 ffea9800 ffff2800 fffaec00 ffc66c00 00362e00 ffd66300
PCM 00d810 00278d00 ffc61b00 00375a00 ff88b000 00709b00 ff7ded00 00809900 ffd69900
PCM 00d818 0024af00 ffbe0000 003fd100 fff64f00 00096500 00009a00 fffcba00 00054500
PCM 00d820 fffa9800 ffe44c00 00170000 ffddde00 00223600 ffc45200 003c1400 ff962c00
PCM 00d828 0064a900 ffcd4f00 002e9500 ffe4e500 00147d00 ffbbee00 003cae00 ffc85800
PCM 00d830 00325100 ffb31400 004a8700 ffb83600 0042e400 fff91c00 fffd9500 0028bc00
PCM 00d838 ffcef000 0022ea00 ffd44900 0032b600 ffc84000 ffe4d900 00189f00 ffc3fd00
PCM 00d840 00367400 ffa05d00 005f6e00 ff94b800 00693b00 ff665500 00967800 ff595c00
PCM 00d848 00a49a00 ff873400 00763500 ffb4f300 004a7200 001a5700 ffdd6100 00470f00
PCM 00d850 ffb3db00 004f0700 ffa58400 004a2a00 ffb4c200 00364200 ffbe4300 003f9200
PCM 00d858 ffbe4900 004e2f00 ffad4300 003eaf00 ffbcda00 0054de00 ffa4ab00 001b7d00
PCM 00d860 ffdbc000 ffe4bc00 0011c300 fff4b700 00033200 00097200 fff19100 ffde8000
PCM 00d868 001fc400 000d5100 ffec4400 0027fc00 ffd07c00 004b9d00 ffadbf00 00591d00
PCM 00d870 ffa14400 00695100 ff907500 004a8100 ffae5c00 00058300 fff7f700 fff03300
PCM 00d878 00082600 fff5e000 0003b700 ffeb6000 00109d00 ff874b00 00758600 ff8c0200
PCM 00d880 006fcb00 ff37a200 00c2d900 ff437500 00bb2800 ff43c200 00b8a000 ff606800
PCM 00d888 009c4700 ff768900 0088ec00 ff7ff500 00795800 ff9eb400 005c4d00 ffbf5e00
PCM 00d890 00430800 ffdf4100 00194700 ffb76e00 0047e900 ffb14900 0048ed00 ff66aa00
PCM 00d898 0095cf00 ff6cb800 0092a000 ff640b00 00988700 ff4b5900 00b56700 ff445b00
PCM 00d8a0 00bd4d00 ff3f5500 00c1b000 ff339600 00ce8700 ff192100 00e5eb00 ff097200
PCM 00d8a8 00f28700 ff1c1d00 00e21b00 ff35bb00 00ca1b00 ff45cc00 00b46800 ff702600
PCM 00d8b0 008e2800 ff6c4a00 008f8f00 ff7ade00 00827200 ff586e00 00a33600 ff11a900
PCM 00d8b8 00eec800 ff287000 00db0b00 ff5af800 00a44d00 ff817d00 007bff00 ffb17e00
PCM 00d8c0 004cc800 ffb5b800 0045a800 ff56e800 00a49200 ff4e4c00 00b02f00 ff4eeb00
PCM 00d8c8 00aef300 ff018300 01017200 fec02600 0140bc00 feb53300 014e3b00 fee50200
PCM 00d8d0 011b0400 ff31bd00 00ca7700 ff74cf00 008c6400 ffae2a00 00521a00 ffa9ed00
PCM 00d8d8 0053f500 ff92cd00 006ae000 ff958600 0067d200 ffacd200 004d5900 ffcd6a00
PCM 00d8e0 002e7b00 ffb33b00 004bd800 ff7e6d00 007e8900 ff7a6100 00821d00 ffb31200
PCM 00d8e8 00455500 ffb46e00 00464800 ff8a3900 00704d00 ff7aca00 0080fb00 ff8d2500
PCM 00d8f0 006f2c00 ff9eda00 00585700 ffc6a800 0037a600 ffff6d00 ffff9f00 ffd4b600
PCM 00d8f8 00283500 ffb7c000 00468000 ffb28800 0048af00 ff963b00 0068e300 ff7f3400
PCM 00d900 0080c000 ff8c9200 00705900 ff787000 00854400 ff853200 0076f20PCM 00d908 0078fa00 ff92db00 006d1a00 ff896100 00760d00 ff967300 00690400 ffa93000
PCM 00d910 0055b200 ff9c1000 005e8200 ffb4be00 00459900 ffb3f800 0049d400 ffa42c00
PCM 00d918 005d2900 ffbf3600 003f9b00 ffc54500 00378c00 ffb6b400 00498000 ffea4c00
PCM 00d920 00139300 0047b300 ffb4d700 008f7e00 ff6be500 00811200 ff7be100 00670000
PCM 00d928 ff923900 00749700 ff871c00 00601200 ff9b4e00 00777b00 ff7f7e00 0057d500
PCM 00d930 ffa54b00 00115900 ffe94100 ffe23c00 001af300 ffd2fb00 002a9600 ffbf4500
PCM 00d938 003c2600 ffd9ea00 00257100 ffd9c600 00273c00 ffbc1900 00423d00 ffaba100
PCM 00d940 00539800 ff9a7100 0063c800 ffae7700 0051fc00 ffc55f00 00377f00 ffb90300
PCM 00d948 0045e500 ffafa300 0049a200 ff967000 0065bb00 ff9c4c00 0060ec00 ff983500
PCM 00d950 0066b600 ff471300 00b91500 ff639700 0099d600 ff5f3f00 009b5000 ff419b00
PCM 00d958 00be3700 ff346600 00c8a200 ff2ed700 00d01f00 ff282400 00d7d700 ff205600
PCM 00d960 00d92d00 ff46dc00 00b5b600 ff7f0b00 007d7e00 ffb78200 00439a00 ffc79800
PCM 00d968 0032bf00 ffc80500 00337a00 ffb97900 00461000 ffc1dc00 003ad900 ffd83f00
PCM 00d970 0025ea00 ffa99800 0054ff00 ff7f3c00 007e4300 ff51ad00 00ac9c00 ff35a800
PCM 00d978 00c8c600 ff4fd500 00acb600 ff784400 00863900 ffb07c00 004fba00 ffae9a00
PCM 00d980 00495c00 ffb00000 004af800 ff8ab600 006c6e00 ff8f2100 006fc700 ffb15200
PCM 00d988 004ea800 fff26d00 0008a200 00034a00 fffb9300 000f2800 ffebf000 ffce7300
PCM 00d990 00309300 ffc16900 0038b900 ff8f9f00 006bb000 ff571700 00a68f00 ff2caf00
PCM 00d998 00d54800 febd6e00 0142ba00 fe67b900 0196b600 fe482100 01bbae00 fe40ff00
PCM 00d9a0 01c28400 fe2e7700 01d43e00 fe3e0e00 01c61400 fe3ff300 01c51400 fe4e7400
PCM 00d9a8 01b3a200 fe81b200 017fdc00 feabaf00 01531d00 fe8de400 01742500 fec15e00
PCM 00d9b0 013d1700 fefb4700 0106b000 ff151b00 00e82a00 ff1d4700 00e06b00 ff26ed00
PCM 00d9b8 00d81900 ff340500 00c81e00 ff3ad300 00c5fb00 ff1c5500 00e5f000 ff16df00
PCM 00d9c0 00eb5e00 ff0f6900 00f06d00 fef50a00 01086e00 fed27900 012e5000 fef09400
PCM 00d9c8 01127700 fee89600 01161100 feebf400 01147400 fed86400 0127d300 fedc7100
PCM 00d9d0 0122fc00 ff0a9900 00f85f00 ff2cbf00 00d9de00 ff51a200 00ae7100 ff776a00
PCM 00d9d8 0084a600 ffb47a00 00492d00 00013300 fff77300 000f4200 ffe7a500 002c1e00
PCM 00d9e0 ffd0da00 004da500 ffad8000 00508b00 ffac2e00 004b0500 ffacde00 0061d800
PCM 00d9e8 ff97ea00 005a1500 ffa1e700 00286400 ffce4000 005e5300 ff998800 0089bf00
PCM 00d9f0 ff6fa000 00801d00 ff799a00 00a0cb00 ff569700 00ca3f00 ff2ab700 00ea2b00
PCM 00d9f8 ff0ed900 00f8c700 fefa3f00 0108d000 fef18200 00f64200 ff063200 00fe0300
PCM 00da00 fef93800 010def00 fee3b200 011a1500 fedc6f00 0139b500 feb9f600 015b5700
PCM 00da08 fea04600 01538000 fea7b100 01762e00 fe7e5c00 01a51600 fe4f8b00 019b3000
PCM 00da10 fe573900 018fc700 fe622800 019e2c00 fe558800 0183e200 fe6fe200 01879400
PCM 00da18 fe690100 018be100 fe6a1c00 01874200 fe70e400 017cca00 fe789900 016d6600
PCM 00da20 fe85f000 01415f00 feb7f200 01073900 fef07800 01261700 fed33d00 012b9a00
PCM 00da28 feca1900 0126b600 fecc9f00 014bc100 feadce00 016df300 fe893800 018bbf00
PCM 00da30 fe687800 019dd900 fe58a700 01c96e00 fe2dc800 01e1d200 fe11b900 01bd6000
PCM 00da38 fe3b4b00 01d8ce00 fe1a9800 01f64300 fe007a00 02013e00 fdf72a00 0225cd00
PCM 00da40 fdcd7000 02157100 fddf4700 01fc0800 fdf7c900 02054d00 fdee1700 02213a00
PCM 00da48 fdd21700 02166300 fddae300 02102100 fde09300 0210dd00 fdde3e00 0203d200
PCM 00da50 fdf08900 02120a00 fde2b400 0227be00 fdcc3800 0236fd00 fdb94c00 021f4500
PCM 00da58 fdd2e300 02191600 fdd7da00 02273a00 fdc5cb00 02463100 fda6c700 026ef200
PCM 00da60 fd802800 0257ff00 fd951900 02622c00 fd8e0d00 02535200 fda02800 0240a200
PCM 00da68 fdafcd00 02074c00 fde9d100 01cb8e00 fe27c800 0194b100 fe625800 013e1b00
PCM 00da70 feb90e00 01321100 fec5fc00 013a2700 febb7000 01338d00 fec3cd00 00f0e200
PCM 00da78 ff040800 00e58f00 ff116a00 00aabf00 ff533b00 00a65c00 ff527000 008fb700
PCM 00da80 ff698700 006eb000 ff8a1900 00664600 ff944e00 0049e300 ffaf3e00 000f4d00
PCM 00da88 ffebb400 0028b200 ffd59200 00457c00 ffb57a00 00207300 ffdb7800 00174d00
PCM 00da90 ffe0a000 ffe0b100 001eb400 ffd70c00 00268900 ffe31a00 00150a00 ffcdf400
PCM 00da98 002eb400 ffd70400 0027b500 ffc62000 00377d00 ffb0e600 004aab00 ffabb700
PCM 00daa0 004ee000 ffccff00 00308a00 ffd52600 0021c900 ffc47100 00340e00 ffa40000
PCM 00daa8 00523500 ffa3ff00 0055fd00 ffb48800 0049dc00 ffb30a00 004c3100 ffa1af00
PCM 00dab0 00605100 ff854300 00791c00 ff5e7100 009f5200 ff471100 00b83f00 ff487200
PCM 00dab8 00b45d00 ff411200 00bfb200 ff198c00 00e17200 fefdd900 01012600 ff0c8300
PCM 00dac0 00f43e00 ff064200 00f68800 ff181900 00eb4e00 ff437300 00b86400 ff57b000
PCM 00dac8 00aac500 ff597b00 00a3fa00 ff610800 009f4800 ff756e00 008c7c00 ff8db800
PCM 00dad0 00718c00 ffc09700 003d7200 ffd6dc00 00275400 0006c400 fff43900 0047c000
PCM 00dad8 ffb39c00 008d8600 ff6d7400 00bb5600 ff3c8000 01019600 fef3cd00 012eae00
PCM 00dae0 fec7f600 01391700 febcbe00 014fe500 fea50900 016f1200 fe85ee00 01856600
PCM 00dae8 fe6fa400 01917f00 fe664000 018e0c00 fe67f000 017f6900 fe77c400 01805e00
PCM 00daf0 fe7a1800 01a7da00 fe4e3c00 01cda600 fe291900 01eb7200 fe0beb00 01ff3e00
PCM 00daf8 fdf3f100 01f67f00 fdfc9600 01fed000 fdf56e00 020ef100 fde29b00 024a3b00
PCM 00db00 fda9eb00 025db200 fd90ef00 027b7c00 fd7a3000 027a8500 fd76dc00 02980100
PCM 00db08 fd590700 02d9d200 fd176000 0310f200 fce06600 030b4b00 fce4c200 02f29000
PCM 00db10 fcfe8f00 02e36600 fd0d3100 02e2f300 fd0a0900 02ecbb00 fd010f00 030ea500
PCM 00db18 fcdc7400 0322d700 fcc85700 032b4b00 fcc48e00 031a3100 fcd78f00 03170500
PCM 00db20 fcd92f00 02fd0c00 fcf28e00 0301d400 fcef1f00 031d6c00 fcd5c500 030b1b00
PCM 00db28 fcdee800 030ab100 fce0a000 0311b200 fce0c300 030a8800 fce64b00 02f85400
PCM 00db30 fcf8ae00 02f54700 fcfb2b00 02e33300 fd0fb200 02e08900 fd120d00 030a7200
PCM 00db38 fce68000 030f9800 fce17800 02e5ec00 fd09df00 02aa8000 fd481600 027c6b00
PCM 00db40 fd707000 0290b800 fd62e500 02707600 fd7f1100 022d4e00 fdc5f400 01fd9000
PCM 00db48 fdf7ba00 01bde000 fe30e000 01711e00 fe825900 01222500 fecf5e00 00e34200
PCM 00db50 ff10cc00 00a82300 ff4fba00 00716c00 ff849c00 00356b00 ffc17700 fff5e200
PCM 00db58 00083000 ffc43c00 0036b100 ffa06b00 0058d000 ff976d00 00675f00 ff648600
PCM 00db60 00994f00 ff03a700 00fb7800 feb71400 01493c00 fe7b3500 01887f00 fe516d00
PCM 00db68 01af9800 fe28a300 01d87b00 fdefc800 0214a900 fdaff700 0253f300 fd7ae200
PCM 00db70 02873200 fd479700 02be0400 fd306500 02d2cd00 fd1bbc00 02ea3000 fd088e00
PCM 00db78 02fb6a00 fd287c00 02dcb700 fd4b3100 02ba7700 fd2f2800 02d90800 fd06d900
PCM 00db80 02febf00 fce8df00 031ec300 fcb0b500 03572800 fcacd700 0361a300 fcbaa500
PCM 00db88 0348f700 fcb5b400 03528900 fc9dfe00 036bda00 fc997a00 036c6f00 fc84a900
PCM 00db90 0380f200 fc78d900 038f8b00 fc71fc00 0395be00 fc3fb900 03c4ff00 fc135900
PCM 00db98 03f3e400 fc357c00 03d85600 fc149800 03f55d00 fbf1d100 04176f00 fc1b3b00
PCM 00dba0 03ee1a00 fc131300 03f6d700 fc1ec600 03e86e00 fc3f4700 03ca5900 fc1baf00
PCM 00dba8 03f0ff00 fbd41900 04393600 fb9f6900 04687d00 fb711f00 049df300 fb4255PCM 00dbb0 04c72900 fb56d800 04b36800 fb367f00 04d36700 fb1b0d00 04f67800 fb566400
PCM 00dbb8 04ba2000 fb8a2400 047b5100 fba2de00 046a5000 fc021f00 040abd00 fcPCM 00dbc0 0383d800 fce0dc00 0329df00 fd83bd00 0280f400 fe561900 01aa8b00 fee8ca00
PCM 00dbc8 0116e700 ffa46500 00573300 006ff100 ff88fd00 01036300 fef30f00 01991c00
PCM 00dbd0 fe5c4f00 02336e00 fdc12e00 02999f00 fd557200 02cb8f00 fd236b00 03294e00
PCM 00dbd8 fcc5ec00 0336ae00 fcbae500 02fa5f00 fcf68800 03038800 fcef2a00 02ef3500
PCM 00dbe0 fcfdbe00 02a5d300 fd4c4400 026ad200 fd81cf00 0221f900 fdccb800 01f9bd00
PCM 00dbe8 fdfee100 01ed7400 fe06bb00 01aac500 fe4d3200 016b6700 fe8af300 01337e00
PCM 00dbf0 febffb00 00fb0800 fefe0300 00d54700 ff23c400 00c5ab00 ff302a00 00b03700
PCM 00dbf8 ff4a2200 00556d00 ffa55b00 002c1300 ffcea700 00233900 ffd36b00 fff1b800
PCM 00dc00 000bb600 ffb26800 004a8400 ff8f5d00 00701a00 ff49ad00 00b31000 ff3c4300
PCM 00dc08 00c26200 ff5eaa00 009d6d00 ff66e600 00969300 ff65d000 009a4300 ff90ea00
PCM 00dc10 006a1600 ffc0ca00 003b7100 00142d00 ffeaf000 0077ad00 ff877300 00acd400
PCM 00dc18 ff4c5a00 00d28000 ff244a00 011c7e00 fedabf00 015b9400 fe9a9000 0185f100
PCM 00dc20 fe6b8900 01b95f00 fe392d00 01b32b00 fe3f9400 01c52100 fe30c900 01da0600
PCM 00dc28 fe14eb00 01fb5700 fdf90600 020ee900 fde1c400 0217d600 fdd8d000 021d6200
PCM 00dc30 fdd57b00 02359300 fdba4000 028a8700 fd630000 02e12b00 fd0ff400 032a6000
PCM 00dc38 fcc18200 034e1300 fca11700 03704a00 fc79c100 03a8cb00 fc42cc00 03c76400
PCM 00dc40 fc20f600 03c74800 fc233f00 03d39e00 fc1b2d00 039f8800 fc4d0800 031e5700
PCM 00dc48 fcce7e00 02ef6400 fd033000 02aacc00 fd482700 02134500 fde4ce00 01b8cf00
PCM 00dc50 fe3e2700 017e4000 fe7ad900 01333100 fec70400 00ff3500 fef7cd00 00ed2e00
PCM 00dc58 ff093b00 00e31f00 ff148f00 00bf5100 ff3ac800 00c34100 ff30e900 00da8e00
PCM 00dc60 ff19d300 00af6e00 ff49b100 00c14800 ff312d00 00dad000 ff207700 00a27900
PCM 00dc68 ff589600 00ba4a00 ff3da300 00e13d00 ff136c00 0088d600 ff6e6100 004af100
PCM 00dc70 ffb1e300 003efd00 ffb7fe00 00154a00 ffe50f00 ffd91500 00247900 ffc86200
PCM 00dc78 00345600 ffb47400 00490800 ff800900 0080e400 ff6a3e00 0093df00 ff49e800
PCM 00dc80 00b4cc00 ff222900 00d79200 fefc2100 01031300 fece5b00 012eb900 fe8eac00
PCM 00dc88 0171ed00 fe3aef00 01c55600 fdf59800 020e2900 fd9d9b00 0263b500 fd696a00
PCM 00dc90 029c7f00 fd00f900 03059500 fc933e00 03717600 fc8df100 037a5e00 fc748100
PCM 00dc98 0392fd00 fc51d400 03b91b00 fc50fa00 03babb00 fc425400 03c75600 fc3ac900
PCM 00dca0 03cff400 fc4b3400 03bcc800 fc5d3c00 03aa2c00 fc6f3600 0398d200 fc7d2d00
PCM 00dca8 038c5500 fc79cb00 038d0500 fc4d3900 03bf1400 fc052d00 0407ce00 fba50900
PCM 00dcb0 04666200 fb612a00 04a94500 fb19cd00 04f78800 fae97700 05288f00 fac62700
PCM 00dcb8 054e0500 fab2c900 05613a00 facec000 05427f00 facf6500 053e7200 fae26c00
PCM 00dcc0 052aae00 faf91400 0516f900 faecee00 05272500 faf7c600 05151200 fb0f7900
PCM 00dcc8 05032f00 faffc200 050d9500 fad06600 053cd300 fa836600 058b6000 fa322800
PCM 00dcd0 05df0a00 fa059a00 060f8d00 fa048f00 060d7500 fa0f1200 0604d900 fa652500
PCM 00dcd8 05ad1200 faf06d00 05209a00 fb648a00 04ab6500 fc037b00 04070400 fd03bb00
PCM 00dce0 03046400 fe1ef000 01e52d00 ff65d600 0098f300 00d27e00 ff270f00 0209d300
PCM 00dce8 fde63900 030b1400 fce53400 03f5fe00 fbf0d500 04b92800 fb2af200 050e7300
PCM 00dcf0 fad9c400 0550d400 fa98b800 0555dc00 fa92be00 04e91a00 fafd1d00 04901100
PCM 00dcf8 fb57b400 041d2e00 fbcc4e00 0350fe00 fc9d5700 028e9c00 fd69d800 02180c00
PCM 00dd00 fdda6900 019de000 fe573800 01359600 fec4f800 00f10700 ff0cb000 00b9cd00
PCM 00dd08 ff3c3800 00733e00 ff82e900 00610a00 ff99f400 00720000 ff86f300 004e5700
PCM 00dd10 ffad8e00 00130f00 ffe6d400 fff76500 00010e00 ffb7e000 004aee00 ff63eb00
PCM 00dd18 009ab700 ff0c2c00 00f87400 fe89b400 01761500 fdfa2500 0205ac00 fdb94300
PCM 00dd20 0251ad00 fd7e3500 02884b00 fd5f9800 02a49800 fd6c9c00 029d0200 fd994d00
PCM 00dd28 026dc200 fdeb4700 021e6200 fe449200 01c10d00 fead8d00 0153b700 ff450a00
PCM 00dd30 00bc0800 ffd44c00 00281200 00706100 ff875d00 0105af00 fef1a700 016bb300
PCM 00dd38 fe8abd00 01ab1500 fe4ade00 01d28000 fe23fe00 020d1200 fdeda000 023e7000
PCM 00dd40 fdb64900 0270e100 fd857000 026e7600 fd84ca00 024b9c00 fda4ba00 02544900
PCM 00dd48 fd9cf000 02a33500 fd4d4e00 02cb7600 fd288700 03094b00 fce63b00 03299400
PCM 00dd50 fcc88d00 032fc300 fcbc6a00 0355f300 fc995000 03871400 fc67e700 033fd700
PCM 00dd58 fcb12c00 02ed3400 fd02fe00 02dce800 fd166700 026adf00 fd87b100 020be400
PCM 00dd60 fde88e00 01cb5500 fe2eaf00 01491000 fead3f00 00be2c00 ff3c5600 009ebb00
PCM 00dd68 ff59d900 00626f00 ff9d6f00 00056f00 fff27b00 00347100 ffc8cf00 003e9d00
PCM 00dd70 ffbe3f00 00351a00 ffc3e800 00b70d00 ff44b400 0115d300 fee78a00 0139ba00
PCM 00dd78 fec03c00 0194e600 fe605200 01c71e00 fe2d2c00 01acb100 fe48a600 01bf3100
PCM 00dd80 fe366000 01e3ea00 fe0e1d00 01a4d100 fe521f00 016be900700 012a3f00
PCM 00dd88 fed29700 00a42c00 ff54af00 00452600 ffb4ff00 00325500 ffc8aa00 001ce900
PCM 00dd90 ffdf1b00 00093800 fff0fc00 00287e00 ffd41f00 002b7800 ffcf9b00 002d9800
PCM 00dd98 ffca5900 0080cf00 ff78ce00 00af3c00 ff4b9c00 0071ea00 ff848f00 005bcf00
PCM 00dda0 ff9a9500 0049c400 ffaf8200 ffdf5200 0016ee00 ff8a8300 00707a00 ff362300
PCM 00dda8 00caa900 feb6cb00 0146a500 fe4c4400 01b6aa00 fdf67f00 020bfe00 fd9a3500
PCM 00ddb0 026b8600 fd2f7600 02d81900 fcddcf00 032d2400 fcb73a00 0350b300 fca9f400
PCM 00ddb8 035bbd00 fce84600 03204f00 fd228200 02e6f700 fd2e3f00 02dcc800 fd47eb00
PCM 00ddc0 02c26200 fd907800 0278a900 fdc8a100 0241d700 fdf5a200 02119c00 fe0d9100
PCM 00ddc8 01f71b00 fdf73000 020ce600 fdc32700 0247df00 fd725400 02926e00 fd07ce00
PCM 00ddd0 02ff4a00 fcd60700 0334c300 fc7be600 038d9c00 fc3bf200 03d2d500 fc231900
PCM 00ddd8 03edc100 fbfbfa00 040e4600 fbf54400 04173a00 fbff4c00 040b4500 fc0e4700
PCM 00dde0 03ff0500 fc191000 03f35f00 fc1dba00 03ecf700 fc183900 03f43300 fbfa5800
PCM 00dde8 04132100 fbd98e00 0432ea00 fba41900 04685700 fb406700 04cfa300 facff600
PCM 00ddf0 05421200 fa689d00 05a91a00 fa1e5000 05f5f000 f9e4c400 06341c00 f9b06000
PCM 00ddf8 06675b00 f9b88100 065fe800 fa0f5200 06074300 fac31600 054ff000 fbc38200
PCM 00de00 044cf000 fcc67a00 0346c600 fe067300 01fded00 ff628200 00a23f00 00e97300
PCM 00de08 ff10d500 0258bb00 fd9be600 03995b00 fc51f000 0495dd00 fb523c00 055b6c00PCM 00de10 fa8a2900 06140700 f9ce7100 065ed400 f9873f00 0664d200 f97e1600 0623ea00
PCM 00de18 f9c25600 05735a00 fa760900 04c0b300 fb280300 04292d00 fbbf3900 037c2700
PCM 00de20 fc728a00 02d8ee00 fd167100 02405100 fdb81d00 01cc1400 fe2c5d00 01777f00
PCM 00de28 fe7e4400 0166eb00 fe908100 01880100 fe6e8a00 01b28700 fe40ef00 01c77f00
PCM 00de30 fe2f9400 01c3c100 fe2bc200 01d9f200 fe171300 01b1ee00 fe462000 0198d400
PCM 00de38 fe5e6100 014a5a00 feacd800 00ed3200 ff0eb000 0067e300 ff91dc00 ffc0b700
PCM 00de40 003be000 ff289000 00d63d00 feb97400 01458d00 fe73f000 018e9e00 fe310100
PCM 00de48 01d14e00 fe238a00 01dee400 fe621000 01a18600 fed44f00 012e3a00 ff6a6c00
PCM 00de50 00968f00 0012ba00 ffe8ab00 00a98b00 ff4ea700 01669200 fe8fb000 0223d000
PCM 00de58 fdccd400 02d6ae00 fd192e00 03714700 fc7bb000 03ec2500 fbfddd00 0418d400
PCM 00de60 fbd08000 0444e500 fba51700 04622f00 fb88c400 047fce00 fb6a8a00 04841f00
PCM 00de68 fb643b00 04877600 fb62ca00 046edf00 fb7fd900 04497c00 fb9db300 04400000
PCM 00de70 fbaa1800 042cc800 fbbc7800 042a4d00 fbc23700 0438d600 fbaec700 040fd100
PCM 00de78 fbdcd700 03c82400 fc23bc00 03aed600 fc39f600 03849100 fc679000 032d1200
PCM 00de80 fcc7e700 02e00900 fd0f4800 0271d400 fd7d5500 01f72e00 fdfc1e00 01a07b00
PCM 00de88 fe5a3100 015a4300 fe9b2000 00d5a700 ff1f8600 00583000 ffa17600 004f8d00
PCM 00de90 ffa96e00 0040d100 ffbbfa00 006fd100 ff897f00 00d61300 ff24f800 0101e000
PCM 00de98 fef8b700 0113fd00 fee3aa00 01866300 fe6f1c00 01ffba00 fdf8a700 0235c400
PCM 00dea0 fdc13a00 0287f400 fd6d1700 02c6fe00 fd285200 02c22b00 fd2bb400 02d74200
PCM 00dea8 fd188300 02f69c00 fcf58300 02c92800 fd253500 0278ea00 fd7cf100 02460700
PCM 00deb0 fdade700 01e67000 fe10fd00 019ce800 fe5ca400 0190d800 fe65b000 01575800
PCM 00deb8 fe9ee400 00f17f00 ff047d00 00a9fe00 ff513200 007a6c00 ff85fa00 003c2000
PCM 00dec0 ffc0dd00 fff96500 fffe8d00 ffbc3b00 003d9600 ff6f7b00 008b0100 ff2cfd00
PCM 00dec8 00d4ca00 0 015b7100 fe55d800 01b1b200 fe29c700
PCM 00ded0 01d83600 fdfb5f00 02095e00 fdc87700 023e1000 fda30500 02611700 fda6b100
PCM 00ded8 025c6800 fdb21d00 0253f100 fdcd5a00 0238af00 fdb5c800 024b8700 fdbd0c00
PCM 00dee0 024adb00 fdc89300 023ccd00 fde83e00 021fd400 fdd49600 022e0400 fd8c6500
PCM 00dee8 027a0300 fd75b300 028ed400 fd878b00 02806800 fd7fff00 0288a600 fd4f4f00
PCM 00def0 02b5e500 fd374c00 02d14100 fd185a00 02edbe00 fd17cd00 02eeb400 fd030800
PCM 00def8 0303f000 fcfc3800 030bcd00 fceeff00 031bbe00 fce64200 031df800 fce33700
PCM 00df00 03243a00 fcaaa900 035f5300 fcbb4b00 034dc300 fcb36c00 03553400 fc846800
PCM 00df08 03867c00 fc545700 03b5ed00 fc3d0600 03cdff00 fbfabc00 04100c00 fb9c5900
PCM 00df10 046e4b00 fb3ef100 04cb3600 faed7000 0521ac00 faaf0300 0564a300 faad8800
PCM 00df18 05653a00 faab9900 05622a00 fac32d00 054eca00 fb2c3400 04e4ab00 fbb28500
PCM 00df20 045ce300 fc420700 03cad500 fd21b300 02e6da00 fe2f6200 01d5e000 ff261f00
PCM 00df28 00d6c100 006be900 ff8ec800 01b66e00 fe3d1b00 02c1fe00 fd2df300 03c9fc00
PCM 00df30 fc228d00 04aa5200 fb403900 0545cc00 faa15f00 05b27500 fa328900 05e88300
PCM 00df38 f9f8c400 05e93d00 f9f54700 05965a00 fa4d2900 0547ac00 fa9fa700 04e7f200
PCM 00df40 fb024000 0443f000 fba7df00 03c48300 fc27ae00 034ada00 fc9e1c00 02bfae00
PCM 00df48 fd2f5100 02701a00 fd817400 02449200 fdacdf00 01f2e100 fe014c00 01b79e00
PCM 00df50 fe3bb300 01aa2700 fe4c7800 01916e00 fe66d800 01789c00 fe816a00 015b9600
PCM 00df58 fe9b8a00 010c2100 feeb5e00 00c9bd00 ff2f2a00 00799800 ff832c00 001f9000
PCM 00df60 ffdde700 ffbef400 003d1400 ff5eca00 009ded00 ff1cd400 00e28300 feffb300
PCM 00df68 01027500 fed60f00 012b0400 fec9c600 01359a00 fef57f00 01082300 ff412800
PCM 00df70 00bc5300 ff9a3a00 005e0a00 fffa6500 0002ce00 006b8800 ff8b6700 010f3e00
PCM 00df78 fee4d000 01ad7500 fe4a9800 0243f200 fdaf2200 02a89300 fd4c8900 02ff2800
PCM 00df80 fcf0a800 03600d00 fc934d00 03e5a100 fc0b0500 0431e000 fbb60400 045cd400
PCM 00df88 fb00 fb8e3400 04ac4000 fb3fff00 04bd1800
PCM 00df90 fb307100 04a80000 fb438e00 045e8100 fb8d7600 042ccd00 fbbfbe00 044d5300
PCM 00df98 fb9bf900 04478500 fb9e8400 04044e00 fbe72b00 03b82900 fc370100 03312e00
PCM 00dfa0 fcc0a400 02c5f900 fd2c4900 02b2e500 fd40e900 02652b00 fd919800 01cf4100
PCM 00dfa8 fe24f200 015a9100 fe9d2900 00ffc300 fefb2800 00bf4f00 ff372f00 0093d400
PCM 00dfb0 ff69f700 00705400 ff87aa00 002d1f00 ffce2d00 00173800 ffe77800 005bbd00
PCM 00dfb8 ff9e7700 006c2900 ff8cc900 009b4000 ff5afc00 00efae00 ff0bce00 01511800
PCM 00dfc0 fea63100 01680b00 fe8b4100 0196c600 fe5e0f00 01cbdd00 fe24d900 01d09e00
PCM 00dfc8 fe220b00 02046600 fdee2100 0212f900 fdde1d00 01d55800 fe23ae00 01b2f100
PCM 00dfd0 fe405300 0199b000 fe5baa00 0157b300 fe9fe400 01105700 feea8b00 00d29400
PCM 00dfd8 ff289300 0073c500 ff874600 ffedf700 000cc000 ffd8d400 00248400 ffb12e00
PCM 00dfe0 004a9200 ff4d7600 00b16400 ff049700 00fb9c00 fed46400 012ef600 fe8d7f00
PCM 00dfe8 016fff00 fe6eaa00 0191d700 fe4a0600 01bb2200 fdd8f400 022acc00 fd721a00
PCM 00dff0 02953600 fd27cc00 02ddba00 fcffaa00 0307e900 fcc12000 03475200 fc71ba00
PCM 00dff8 039a5a00 fc431c00 03cc6700 fc542f00 03b7c900 fc8ecc00 037f0300 fcabe400
PCM 00e000 035d0f00 fc905200 03774600 fcae2c00 035db800 fcd5b900 03331100 fce90c00
PCM 00e008 031c1300 fd291e00 02dce600 fd54f900 02b23c00 fd36c900 02d31800 fd19f200
PCM 00e010 02f0c400 fd156200 02f11100 fcec5600 031bf800 fcbc3800 034fce00 fc6c0800
PCM 00e018 03a03700 fc22a000 03ecb800 fbf18800 0419f800 fbe65600 04251200 fbecac00
PCM 00e020 0421df00 fbbc7400 044d9800 fb6d8f00 04a42700 faff6100 050feb00 faba6600
PCM 00e028 05544d00 fa911700 05828200 fa67dc00 05b03a00 fa2b8700 05e69a00 f9e69600
PCM 00e030 062e7300 f9b8d200 065c5600 f993da00 06840400 f96df700 06a83c00 f932dc00
PCM 00e038 06e3ab00 f93cf900 06db9c00 f9818000 0695ea00 fa0f6400 06076400 fae05e00
PCM 00e040 05331d00 fbb06f00 045ac600 fc9a1b00 03726000 fdb53600 024f6300 feeed000
PCM 00e048 01115c00 002a0700 ffd33e00 015c5700 fe993700 0266b500 fd8e2c00 03PCM 00e050 fcb0af00 03fe6300 fbee8100 04a3c100 fb44e700 05146300 fad83200 051c5c00
PCM 00e058 fac8eb00 050efb00 fada8c00 04d98600 fb0d6400 0481f200 fb657300 04254200
PCM 00e060 fbc92000 03a21100 fc4a8500 03112d00 fcde0e00 02906200 fd5d2a00 02372900
PCM 00e068 fdbd4700 01dca200 fe1a7a00 018ba200 fe6b1d00 014c9900 fea86e00 01027400
PCM 00e070 fef69900 00cc2000 ff2cba00 00af8a00 ff4bb800 00894700 ff723c00 003e2100
PCM 00e078 ffbc0f00 000c8200 ffed9c00 ffc63f00 003a2f00 ff71b100 008d1400 ff145b00
PCM 00e080 00ece600 fec3e300 013d6d00 fea19300 015fb100 fe4d4200 01b6a200 fe1a0900
PCM 00e088 01eb5e00 fdfb1b00 020bc900 fdc85c00 02407e00 fe05ea00 01fd6f00 fe8e5100
PCM 00e090 01766500 fef4cc00 0109e000 ff65b600 0097da00 001f5400 ffdea300 00c24800
PCM 00e098 ff359700 01333400 fec5c300 01c93800 fe2df900 02492900 fdab0100 02af0d00
PCM 00e0a0 fd452b00 03387200 fcb69e00 03b84600 fc34dd00 03fbdc00 fbf28400 03ff5b00
PCM 00e0a8 fbeef300 04166300 fbd52100 044c5e00 fb9ea400 04644200 fb855c00 046ad700
PCM 00e0b0 fb7a3600 042b1a00 fbbf4300 03bc9100 fc34d500 03a45d00 fc494d00 03aa1600
PCM 00e0b8 fc407500 035e9d00 fc94bf00 03032b00 fcee6d00 02955b00 fd592000 022ad400
PCM 00e0c0 fdc8de00 01c67d00 fe2cb100 01af6e00 fe464b00 01547200 fea01500 00c36300
PCM 00e0c8 ff370200 00acfe00 ff46ab00 00ac0f00 ff4e8800 006f1c00 ff8a4100 00781c00
PCM 00e0d0 ff825500 00919e00 ff674f00 005e2e00 ff9bb500 004e0b00 ffae6c00 00b88500
PCM 00e0d8 ff3d4900 00c5a000 ff32b300 00cb9300 ff290c00 014bb300 feac1a00 018f0800
PCM 00e0e0 fe65a100 0198de00 fe5d0900 01de8b00 fe177100 0211fb00 fddf5700 01f1c800
PCM 00e0e8 fe021800 01ffd200 fdf11900 02368e00 fdbd4b00 02178c00 fdd9d400 01e89000
PCM 00e0f0 fe0aae00 01eb6a00 fe0afa00 019a0800 fe5c8e00 015c1800 fe985e00 01487400
PCM 00e0f8 feabf500 00eec500 ff05d600 007e0800 ff7e0d00 0066a400 ff95fc00 002d9a00
PCM 00e100 ffcbca00 ffd74300 0025ac00 ff7e4a00 0081bb00 ff742c00 00894700 ff2a0c00
PCM 00e108 00d70600 fee98600 01185900 fec80700 013a6400 fe897e00 017b7400 fe3a5400
PCM 00e110 01cab900 fe22d800 01e08900 fde9bb00 021a0600 fd89dd00 027ae400 fd60ed00
PCM 00e118 02a6f800 fd5fa800 02a90f00 fd66ac00 029c1c00 fd495000 02bfa800 fd3b9500
PCM 00e120 02cd5b00 fd347900 02d24900 fd35a400 02d1e200 fd6f8d00 0298d300 fdc25200
PCM 00e128 02446f00 fdd8be00 022c4300 fdf05d00 02128200 fe178100 01ec9600 fe1fb700
PCM 00e130 01e5a800 fe125200 01f0a000 fe0e2800 01f3c600 fdd35100 022fdf00 fda42f00
PCM 00e138 025d6400 fd955000 0271f500 fd847f00 02836f00 fd654d00 02a21800 fd0f4d00
PCM 00e140 02f80000 fced2a00 031e3100 fce75800 031f7200 fccd6400 033e4f00 fcc21300
PCM 00e148 03461c00 fcd7af00 03307900 fcb53500 0356e900 fc9cd000 036c0200 fc8e3f00
PCM 00e150 03777e00 fc808e00 038eef00 fc728f00 039dd700 fc5b0d00 03af4900 fc467800
PCM 00e158 03c4cd00 fc294e00 03e07f00 fbfe7200 040c4500 fbeb5a00 04207100 fc0a3100
PCM 00e160 04026200 fc22b900 03ec0c00 fc419400 03c5bf00 fc742b00 03983500 fcc92d00
PCM 00e168 03417800 fd72a100 02982f00 fdfb9500 0207d500 febfde00 01435500 ffaee000
PCM 00e170 004aec00 00853c00 ff748d00 01712300 fe834d00 02686e00 fd892000 034b0500
PCM 00e178 fca12a00 03ff0200 fbee8c00 047dde00 fb6b5600 04f76800 faf1b400 0542d100
PCM 00e180 faa29200 0560e200 fa849900 0531e700 fab2d400 04d88500 fb115400 04774200
PCM 00e188 fb73d100 04021e00 fbe95b00 0378c100 fc71f300 03057600 fceb4500 02974b00
PCM 00e190 fd5c1200 0229e000 fdc92100 01efd200 fe034000 01af3f00 fe43ab00 01888000
PCM 00e198 fe6f0300 016f4c00 fe80e900 01717e00 fe828f00 01841e00 fe725600 017d8d00
PCM 00e1a0 fe77d000 0190f800 fe645c00 01930d00 fe63ca00 013fa100 feb6c200 00fdc700
PCM 00e1a8 fefab500 00cb6400 ff301100 006f8b00 ff89ae00 00264b00 ffd2eb00 00099f00
PCM 00e1b0 fff18100 ffe2eb00 001b6000 ffc6de00 0036e800 ffd60900 0023d700 0009c000
PCM 00e1b8 fff27500 003dd400 ffbdca00 006e8b00 ff8a7c00 00de4400 ff17a800 0155b400
PCM 00e1c0 fe9be700 01d43a00 fe197400 028dcd00 fd659800 031bfa00 fcd3ef00 036f2300
PCM 00e1c8 fc7cf000 03f29f00 fbf83800 045da200 fb8b8500 04a7b300 fb3f0500 04e3e900
PCM 00e1d0 fb021b00 05138000 fad6b600 050ffe00 fad66700 04be2100 fb2d5d00 04a01b00
PCM 00e1d8 fb463600 04857100 fb64a300 045f6500 fb8db100 0412eb00 fbd6dc00 03ceb500
PCM 00e1e0 fc1ba100 036d9b00 fc7f3000 033feb00 fcad7d00 03392c00 fcb75f00 02f7e400
PCM 00e1e8 fcfa6600 02a5e800 fd4beb00 027df600 fd76be00 0256ad00 fd9bd000 021c6100
PCM 00e1f0 fdd9a400 020f0900 fde74200 02008c00 fdece000 01c2cb00 fe320700 019ccf00
PCM 00e1f8 fe565f00 01a35c00 fe512b00 016d7400 fe8e0300 0175d600 fe846500 0174f300
PCM 00e200 fe813600 0191ec00 fe614900 018a5c00 fe6bbc00 01997e00 fe5d5100 01bfb700
PCM 00e208 fe37fd00 01d69800 fe1d2000 0235c000 fdbaee00 02789500 fd79df00 027f4200
PCM 00e210 fd71fc00 027cb200 fd715400 029d5100 fd5be100 02679800 fd8e0900 023aaf00
PCM 00e218 fdbb6800 021d7600 fdd69d00 01e9e000 fe0a9600 01ae7e00 fe450400 017d8a00
PCM 00e220 fe780e00 010bdd00 fee98e00 00a38e00 ff586600 00756200 ff84ea00 00392800
PCM 00e228 ffc05e00 ffe87300 00159200 ffa86b00 005bff00 ff796500 0088ae00 ff03ee00
PCM 00e230 00fb7900 fe943000 016c6600 fe822f00 017cba00 fe6cd700 01941c00 fe34e400
PCM 00e238 01d0cf00 fe02b400 02005300 fe0c9c00 01f51b00 fdf52900 020ee300 fdb95b00
PCM 00e240 024d9c00 fdba7700 0249d700 fda4b400 0261b600 fd959000 026c5400 fd975b00
PCM 00e248 026aa400 fda75500 025d1f00 fda92500 02606800 fdbe0200 02471d00 fdbd6d00
PCM 00e250 02476300 fdbb2600 024da600 fdbbbe00 0248cc00 fdbc5a00 0249ec00 fdc78400
PCM 00e258 023d7c00 fdd08200 0235b700 fdc0d600 023ed500 fdac2e00 0258b500 fd954500
PCM 00e260 026e2000 fd69a600 029bbd00 fd2e8500 02d57000 fd19f000 02ec9e00 fcea4800
PCM 00e268 031f5c00 fcbc7e00 034d1400 fc879700 03813400 fc5a7700 03b49a00 fc363600
PCM 00e270 03d20700 fc2c7600 03dfb900 fc1d1400 03eef200 fbed6d00 04249900 fbc6fe00
PCM 00e278 04425100 fbc23700 0447cb00 fbbcf700 044f9e00 fbc2f700 0448cb00 fbcafe00
PCM 00e280 043dc600 fbdc5700 042d9600 fbebd400 041ddb00 fbf01000 041c7800 fc19ec00
PCM 00e288 03f25b00 fc3a0000 03d2b600 fc93ad00 03758c00 fcfba100 030af600 fd680f00
PCM 00e290 029f4c00 fdf0fd00 0216ac00 fe83de00 017e9900 ff2e4000 00d0af00 000f2600
PCM 00e298 ffedb000 01029400 fef50000 01ddc500 fe17c500 027d8b00 fd76d200 02fce100
PCM 00e2a0 fcf57600 03912700 fc5cbf00 03f8a000 fbf54d00 04485900 fba4fd00 0447bd00
PCM 00e2a8 fba27c00 042e3300 fbbbf000 041a9600 fbd36900 03de4900 fc137800 03653c00
PCM 00e2b0 fc881000 02f62200 fcf8a000 02b0eb00 fd430100 021a7700 fdd98500 018d4100
PCM 00e2b8 fe678400 016bea00 fe88cf00 0121f100 fed5d200 00d8bc00 ff20c200 00d81100
PCM 00e2c0 ff23d100 00b62000 ff3fca00 0089d400 ff71cc00 00812c00 ff7a6800 00787700
PCM 00e2c8 ff822300 0047ce00 ffb12c00 003a4500 ffc35800 003dd500 ffc15f00 003d7c00
PCM 00e2d0 ffbc3f00 00272600 ffcc0000 0029dc00 ffc9d100 002a9100 ffcecb00 fff22200
PCM 00e2d8 00086800 ffff6400 fff8d900 0000fd00 fff93e00 ffe39400 00176b00 00106700
PCM 00e2e0 ffece700 004e6200 ffafc000 007bdd00 ff788900 00ce5f00 ff2d2e00 014ebd00
PCM 00e2e8 feab2e00 01c92500 fe2b3400 02403b00 fdb27300 02c1c400 fd30c200 034a6600
PCM 00e2f0 fca8433300 03f9a700 fbf72100 044f5d00 fb9f3300 04652600
PCM 00e2f8 fb866100 0435d100 fbb76700 04190800 fbd50800 04056e00 fbebf400 03b1a800
PCM 00e300 fc3ee700 035ab100 fc926000 031ce300 fcd42000 02b3e100 fd437400 02669300
PCM 00e308 fd8d8300 023ada00 fdba2300 01f30b00 fdff9100 019e0100 fe58cb00 01998100
PCM 00e310 fe5b4100 018d4000 fe6bf300 0153ef00 fea23800 01656a00 fe922a00 0169df00
PCM 00e318 fe89e200 01325d00 fec31900 0132fc00 fec66e00 0152b100 fea77800 01400f00
PCM 00e320 feb7f800 012d8d00 fecb5b00 014c4400 fea62b00 01603900 fe991a00 0150c500
PCM 00e328 fea78200 01564e00 fe9db200 017ffa00 fe763300 01653a00 fe948800 01626000
PCM 00e330 fe951800 01a00b00 fe5a0b00 01b62400 fe3f3900 01c3aa00 fe327e00 01f09b00
PCM 00e338 fe062500 020ad800 fdedf000 01e3ea00 fe0dfb00 01ecfa00 fe062600 02001600
PCM 00e340 fdf1b000 01eb2300 fe072900 01ac9f00 fe46c900 0190c200 fe66e600 013fb300
PCM 00e348 feb9ba00 00f32700 ff05d400 00ae5300 ff4d3000 0048ee00 ffb6be00 fff0d200
PCM 00e350 000f0900 ffbf2300 00403d00 ff6ca300 00920400 ff299b00 00d99c00 fef95800
PCM 00e358 01074900 feecfa00 01120800 feeba900 01168100 fecb5000 0138a800 feb91100
PCM 00e360 01487f00 febb7600 01458500 feb11900 0154e200 fe9c8600 0164cb00 fe9eed00
PCM 00e368 01665c00 fe98e800 0168f500 fe8c9700 01770a00 fea40000 015a5500 fe8f8400
PCM 00e370 016fc200 fe9ac600 01659d00 feb71600 014b0c00 fecefb00 0130c200 fecaa100
PCM 00e378 01355d00 fec18200 013bf600 fec85a00 013b2000 feab8800 01545b00 fe9cc300
PCM 00e380 01641100 fe8faa00 01743e00 fe853e00 017d8f00 fe66e200 019b4c00 fe337f00
PCM 00e388 01d03e00 fe134100 01ee1400 fdd10900 0230c000 fdba8b00 0249c700 fd954700
PCM 00e390 0274a800 fd562c00 02aed300 fd418c00 02c82000 fd45cb00 02c09c00 fd698900
PCM 00e398 029ca300 fd6e6400 0297bc00 fd727f00 02942300 fd716100 02955f00 fd5bdf00
PCM 00e3a0 02ad5200 fd5dba00 02a79100 fd511a00 02b3ef00 fd21a200 02e79000 fcf88e00
PCM 00e3a8 03145a00 fce75900 03214900 fcc67d00 0345a600 fcb16a00 03532b00 fcab1200
PCM 00e3b0 035ecb00 fc9f5600 036a1900 fc9ba100 03691200 fcbf5d00 03476300 fce4a000
PCM 00e3b8 03215800 fd474200 02bdba00 fdac6c00 0259a700 fe3d3b00 01c11800 feea5e00
PCM 00e3c0 01190700 ff6b1a00 0091d300 fffec300 fffcf600 00ba9700 ff3e7b00 01702b00
PCM 00e3c8 fe887e00 021dfb00 fdd36e00 02cf5900 fd23f600 034d2c00 fca0dd00 03aa7a00
PCM 00e3d0 fc3fe200 0403cc00 fbeb4000 043fef00 fba7a800 043ad500 fbae7c00 04201f00
PCM 00e3d8 fbc9c700 03f0c200 fbfcf200 03a93c00 fc451600 036b1800 fc825700 032f6000
PCM 00e3e0 fcc56d00 02d49100 fd1b2e00 02688600 fd8c3f00 0207e400 fdee1900 01bf7100
PCM 00e3e8 fe370000 01751e00 fe7ec100 01536000 fea56d00 01384100 fec23900 00fc4e00
PCM 00e3f0 fefbc800 00dedc00 ff13cf00 00e16100 ff17dd00 00a83d00 ff513500 00a3ef00
PCM 00e3f8 ff548400 00c16700 ff3a2200 00a1be00 ff586200 006c9d00 ff8c4c00 005b4500
PCM 00e400 ffa07f00 00469c00 ffb5d100 00547400 ffa85100 005caa00 ff9d2200 006e0800
PCM 00e408 ff8e4c00 00623500 ff998100 006b0200 ff8ce600 00a58e00 ff558200 00e9fc00
PCM 00e410 ff0beb00 011fb300 fedc0b00 01471500 feaccf00 01aa1d00 fe4f9c00 01f1e800
PCM 00e418 fe023000 028b3300 fd68f000 03191000 fcd50d00 03687c00 fc843400 039e4800
PCM 00e420 fc515900 03e52800 fc05b800 044c6400 fb9d2500 04793e00 fb725900 048dc900
PCM 00e428 fb5b5400 0473ca00 fb778d00 04462000 fba81e00 04279500 fbc51600 042dc300
PCM 00e430 fbc18900 03d64f00 fc182700 03639200 fc8dab00 03396700 fcb9fa00 02e04c00
PCM 00e438 fd11fe00 029b0f00 fd584e00 0266f000 fd8fb900 02227600 fdd49000 01d06a00
PCM 00e440 fe231900 018bb100 fe682100 017a7c00 fe7cad00 01578300 fea11300 0150fc00
PCM 00e448 fea5aa00 01614800 fe95d800 01429400 feb51400 0139d100 feb8a100 0154fc00
PCM 00e450 fea00400 013ad600 febc8800 012dfc00 fec8cb00 01591a00 fe9cb500 0175f500
PCM 00e458 fe7db200 01812d00 fe774c00 0177ea00 fe7ed200 01874700 fe703300 0183ef00
PCM 00e460 fe6fbc00 01aba300 fe4ecc00 01ccf600 fe258900 01cd9400 fe27a100 01bf2000
PCM 00e468 fe32fe00 01df5d00 fe14cf00 01dc2700 fe155700 01884b00 fe6e9200 01475f00
PCM 00e470 feae3000 0130e900 fec43b00 010d7500 feee8000 00fc6300 fefcd100 00c1ce00
PCM 00e478 ff344a00 006a6c00 ff926a00 00364200 ffc4e900 0022db00 ffd63d00 001c5d00
PCM 00e480 ffe14900 ffe68700 0017ca00 ffb73b00 0048ba00 ffa14000 005e6e00 ff9cae00
PCM 00e488 005e3300 ff68c200 00939400 ff270d00 00d85500 fede4800 01268b00 fe9e1f00
PCM 00e490 01657c00 fe78f100 01871300 fe309b00 01d11c00 fddaa800 0228e300 fdba4a00
PCM 00e498 0247c700 fdc89f00 023ca500 fdcf0300 0233c200 fdd1e300 0234fa00 fdca6700
PCM 00e4a0 023b3d00 fde49100 021dec00 fe064100 01fdcd00 fe267300 01df5c00 fe60c800
PCM 00e4a8 019f1900 fe749400 018ff400 fe85bd00 017c2100 feb58400 014b4e00 feae1e00
PCM 00e4b0 01545000 fe8fdf00 0170c100 fe603c00 01a40a00 fe3e1400 01c41a00 fe15cf00
PCM 00e4b8 01efa200 fdf2df00 02121100 fdeb7400 02170900 fdb2ed00 02536500 fd850000
PCM 00e4c0 027e9700 fd6e9700 02974400 fd575a00 02b39300 fd5ec200 02a9b200 fd714400
PCM 00e4c8 02967900 fd5d9c00 02a99e00 fd644800 02a32100 fd7cf800 02895700 fd7a6800
PCM 00e4d0 028cbb00 fd803b00 0284cb00 fd59fc00 02ae1900 fd2bf400 02db7b00 fd137000
PCM 00e4d8 02f69700 fd0f4b00 02fa4000 fd002300 03079900 fcd51400 0331e400 fccaa900
PCM 00e4e0 03411300 fcaae700 03608b00 fc88b500 03806800 fc8cd800 037c2100 fcbfce00
PCM 00e4e8 034b6800 fcee5800 031c1700 fd1c6500 02ea7700 fd640300 02a2cb00 fdc85300
PCM 00e4f0 023d7e00 fe505700 01b01c00 fed18600 012bc100 ff77af00 0083ae00 00176d00
PCM 00e4f8 ffe86700 007fba00 ff77ed00 0101b700 fef5d200 015bc100 fe987500 01ba9900
PCM 00e500 fe377b00 02313e00 fdc4bd00 0273fc00 fd7e2800 02776d00 fd7d3e00 0280a100
PCM 00e508 fd702f00 02760c00 fd7e7200 0226c500 fdc99200 01f6b400 fdf9cf00 01cd7900
PCM 00e510 fe290300 017a1700 fe7c2700 013b0000 febaec00 010e5900 feec4100 00d7bc00
PCM 00e518 ff200a00 0081a100 ff7a2700 005c4a00 ff9cf200 004f3400 ffac1d00 00332800
PCM 00e520 ffcacb00 00459800 ffb60c00 00450e00 ffb68f00 00190b00 ffe5b200 0001d900
PCM 00e528 00019a00 0002a300 fffb4d00 ffe75500 00173300 ffa3a000 005ab300 ff8d8d00
PCM 00e530 00747400 ff734000 008c1b00 ff404300 00c1a600 ff486200 00bb1800 ff45ac00
PCM 00e538 00be6100 ff2dc500 00d73300 ff477f00 00bd3100 ff9e8000 005cc400 ffdbab00
PCM 00e540 0021cb00 00246400 ffd6af00 00852600 ff76a200 00e2af00 ff155a00 01474800
PCM 00e548 feb48e00 01c2d100 fe34de00 021ec200 fdd65900 0251ca00 fda1f000 02836000
PCM 00e550 fd6ed000 02aebe00 fd424700 02ba6e00 fd372300 02baa800 fd36fd00 02b5e400
PCM 00e558 fd3d3b00 0298c000 fd58fb00 0272a500 fd837f00 026af800 fd883400 02499400
PCM 00e560 fda42800 02122b00 fde3bb00 01f23000 fe041600 01b93900 fe3b3300 01898600
PCM 00e568 fe6a1e00 015d5000 fe9ca400 0157ed00 fea07700 01350a00 fec1de00 012b6b00
PCM 00e570 fed0b500 011f7300 fed6dd00 0119fd00 fee10200 011be100 fede0200 01111200
PCM 00e578 fee4d400 00f6ab00 ff018b00 00cbf600 ff2ce200 0098c200 ff617e00 00b19800
PCM 00e580 ff495900 00af0400 ff471100 0091fe00 ff65cf00 0080ef00 ff799000 006b1800
PCM 00e588 ff8be800 006fed00 ff8be500 0071ad00 ff8d5600 006ef100 ff8c9100 00a03b00
PCM 00e590 ff5c2000 00da6400 ff21fe00 00cc4f00 ff2bff00 00cd0b00 ff32c300 00cf3f00
PCM 00e598 ff28d000 00e09400 ff1c6000 00da3e00 ff205500 00d19c00 ff2ca100 00a3a800
PCM 00e5a0 ff5acb00 00891800 ff6d5900 008f8400 ff6a2500 0060e400 ff9ac900 00389100
PCM 00e5a8 ffc3c000 000db700 ffee7000 ffe55300 0016b200 ffc3cf00 003bad00 ffa50100
PCM 00e5b0 00590d00 ffa4f400 005ade00 ff707900 0090b200 ff3d3b00 00c2c800 ff0e2e00
PCM 00e5b8 00f12900 fefe6a00 01005a00 fed6db00 012ad300 fec5cd00 013a2400 feb73200
PCM 00e5c0 01488c00 fe84dc00 017c2d00 fe830400 0179e500 fe834d00 0181b200 fe58f800
PCM 00e5c8 01aa2200 fe617a00 01a44900 01ae8400 fe56f000
PCM 00e5d0 01abb000 fe78db00 018fb600 fea04c00 01676b00 feb9f400 01472600 fec5a000
PCM 00e5d8 013c0900 fee00100 0120f500 febec700 01403d00 fec0a900 0141a400 fea90700
PCM 00e5e0 01578800 fe691400 019cb500 fe458d00 01bd9100 fe089800 01f82600 fde92700
PCM 00e5e8 021f7e00 fdaf0d00 02562200 fdab5400 025e8700 fda27d00 02629200 fd697500
PCM 00e5f0 029eed00 fd7ca300 02882f00 fda19200 02645100 fdc1df00 02425600 fdc08600
PCM 00e5f8 02455700 fdbf4d00 02467d00 fdcbd200 02384200 fddf7000 0226d500 fdd14e00
PCM 00e600 0237a300 fdc02900 0241da00 fd9c2f00 026b5600 fd851000 0284df00 fd600200
PCM 00e608 02a66400 fd5c2500 02ad2e00 fd588900 02b1af00 fd2f6700 02d4ea00 fd1c7100
PCM 00e610 02eb4500 fd6dca00 029b4f00 fdaa6PCM 00e618 0205ce00 fe6a1f00 0198e400 fedabd00 0122cf00 ff906400 006db600 003e5200
PCM 00e620 ffbea000 00b0ac00 ff499c00 0108cf00 fef03b00 01703b00 fe876a00 01c30e00
PCM 00e628 fe31b100 02343600 fdbf7500 0280dd00 fd703e00 02d55a00 fd219300 02f09d00
PCM 00e630 fcfe8600 02dbb100 fd16ae00 02e8a900 fd064400 02dfdb00 fd110200 02c0ac00
PCM 00e638 fd365b00 02a70500 fd51c900 0283f800 fd6fa800 02659900 fd897800 0233c000
PCM 00e640 fdc3be00 02121a00 fde22d00 02087800 fdee1a00 02002d00 fdfac100 01cf1a00
PCM 00e648 fe29eb00 018e0e00 fe69fb00 01548f00 fea41600 01355b00 fec5fb00 010be700
PCM 00e650 feed1b00 800 00df3000 ff1cab00 00b62000 ff472500 008e5500
PCM 00e658 ff6fee00 00898b00 ff722500 00940a00 ff648c00 007c1d00 ff828500 008f2900
PCM 00e660 ff6e9e00 00804400 ff793e00 008ac200 ff6eb300 00adb200 ff497c00 00c76200
PCM 00e668 ff32f400 0106e000 fef12a00 013bd600 febbe700 01839a00 fe73eb00 01c7dc00
PCM 00e670 fe2f5900 01f55100 fdfcf900 023f8300 fdb84e00 0272c900 fd804200 0281b800
PCM 00e678 fd71de00 02a1fe00 fd4f8e00 02c5a300 fd27d800 02f6ad00 fcfcc400 02ff4500
PCM 00e680 fceffb00 02f7eb00 fcf98d00 02d98a00 fd191200 02c50d00 fd2ba100 02d0d600
PCM 00e688 fd216900 02c10800 fd31af00 02a90b00 fd4acb00 029b3900 fd57a700 02afbf00
PCM 00e690 fd41ad00 02b47000 fd3d2600 0256a000 fd9c5100 02445300
PCM 00e698 fdb16400 024a7b00 fdab6300 023c1400 fdb34800 0215c200 fddb9600 02153d00
PCM 00e6a0 fddf9700 01fe6000 fdf71100 01f71500 fdf93000 01e02000 fe15a800 01c5d500
PCM 00e6a8 fe2f6400 01a13d00 fe53eb00 0186f900 fe6f9000 017e7f00 fe778100 01861600
PCM 00e6b0 fe703800 017a0f00 fe7e2a00 01777000 fe840100 016a8b00 fe90e700 0168af00
PCM 00e6b8 fe8e6700 017f6100 fe799a00 019ba000 fe5b5d00 01b1ed00 fe46b800 0194e700
PCM 00e6c0 fe601100 01870900 fe720d00 018cd300 fe69b900 018e0b00 fe68ff00 01875900
PCM 00e6c8 fe709e00 01aa6000 fe4c8a00 017c2200 fe79a500 01534300 fea46400 012bba00
PCM 00e6d0 fece1e00 00ee8000 ff070400 00b19700 ff492f00 006a6d00 ff903b00 00443900
PCM 00e6d8 ffb40200 00120600 ffePCM 00e6e0 004b8700 ff9a5c00 00603a00 ff663800 009c9700 ff354000 00c8f300 fefc2e00
PCM 00e6e8 01015d00 feeb9700 0114a100 fed4e100 012c6400 fedd8c00 01252c00 fee55200
PCM 00e6f0 011bf200 fed40900 012c2800 fed62c00 012a2b00 fec77000 013cca00 fed59800
PCM 00e6f8 01327600 fec2f600 013f1200 fe7f4f00 0181ff00 fe7c1b00 0183c400 fe8e8600
PCM 00e700 0172ec00 fea0e800 015fe100 fea65d00 015ac700 feb32900 0151f300 feac5400
PCM 00e708 01534200 febb2f00 01493a00 fedcf200 01244800 fecf9800 012f6900 fee04900
PCM 00e710 011e8900 fec39400 013a4c00 fea4a100 015c0b00 fe802400 01883400 fe612900
PCM 00e718 01a22a00 fe5fc200 01a6d400 fe3bea00 01c81a00 fe290c00 01dd6100 fe1aae00
PCM 00e720 01e99800 fe07b600 01fe3c00 fdcb7d00 023d4900 fdb6c800 024cb300 fdd53400
PCM 00e728 022f8a00 fdb77100 02508000 fdb3c400 0250e300 fdc86f00 0240a600 fdcb7800
PCM 00e730 023e6300 fdce1c00 0236df00 fdcedd00 0234c500 fdc9c400 023c0100 fdb53a00
PCM 00e738 02537a00 fda47d00 02643f00 fda2c300 0262dd00 fda85600 025cc500 fdaabb00
PCM 00e740 025b8400 fdbb8e00 024dec00 fdac0500 025cbc00 fdaa7000 025d6800 fddfcc00
PCM 00e748 02272900 fe02c300 02029e00 fe140100 01f2c800 fe15b100 01f19800 fe37d800
PCM 00e750 01cd8600 fe821a00 017fb300 fec03200 01424800 ff236700 00db2300 ff9dc200
PCM 00e758 005e8000 0 fff81e00 005e5f00 ff9c9300 0098bc00 ff633b00 00d78000
PCM 00e760 ff1ec900 00e43000 ff199100 010cc300 feedbe00 012a4000 fecee700 011e3200
PCM 00e768 fed9ca00 01290500 fecd4b00 01309600 fec98000 012c3900 fed4b800 01209200
PCM 00e770 fed5a300 01240a00 fed44500 0135ef00 fec6c800 01429c00 feb3bf00 015b8e00
PCM 00e778 fe9e7600 01563200 fea2d400 01014300 fef54600 00af6200 ff48c800 00724e00
PCM 00e780 ff891300 00474800 ffb27700 fff7a300 0006ab00 ffe21f00 001c6600 ffc25e00
PCM 00e788 003aaa00 ff850a00 0076f200 ff54e600 00acf100 ff539c00 00b04800 ff26b500
PCM 00e790 00da8300 ff251300 00d90900 ff79ac00 00879900 ff838900 0078c500 ff884800
PCM 00e798 0072ee00 ffb1f200 00493300 ffbe0900 003dbb00 ffd68500 00225b00 0030c900
PCM 00e7a0 ffccfa00 00616900 ff9c2c00 00807c00 ff791d00 00c5aa00 ff33ed00 00edab00
PCM 00e7a8 ff067400 0100c200 fef57400 01301400 fec74200 0189fa00 fe696000 0198c000
PCM 00e7b0 fe5b3300 01690100 fe8b8f00 0194c700 fe5e1900 019b3200 fe59b800 01838300
PCM 00e7b8 fe71b400 019c3200 fe59bc00 01cf0c00 fe26f900 01aae400 fe479600 017cd700
PCM 00e7c0 fe783b00 018c7e00 fe692300 015e8b00 fe967600 014ba700 feabc500 014d7300
PCM 00e7c8 feaa6100 01074300 feee3c00 00e2d900 ff16dd00 00c97400 ff358b00 00aa6800
PCM 00e7d0 ff50a100 0065a800 ff958b00 003bae00 ffc30900 00503f00 ffab2200 0051e400
PCM 00e7d8 ffabcc00 00236700 ffdb0800 000e3a00 fff03000 00135b00 ffea9300 fffea400
PCM 00e7e0 fffad200 fffb7d00 00016f00 fff07c00 000cba00 00001200 fffbe500 001be200
PCM 00e7e8 ffe3a200 003a6700 ffbe6200 00426b00 ffba1f00 0039f300 ffc32f00 00339000
PCM 00e7f0 ffc7e900 0022d700 ffdb0c00 00316b00 ffc89300 00191100 ffe05100 0003fa00
PCM 00e7f8 fff75300 ffe49600 0018d100 ffd9ba00 0021f200 ffc21000 00362b00 ff985a00
PCM 00e800 0063f800 ff507800 00b1bb00 ff3c3c00 00c5cf00 ff3bbb00 00c53e00 ff272a00
PCM 00e808 00d94900 fefe5900 00fe3900 fecd0e00 0134c400 fea82300 01560c00 fe8c0f00
PCM 00e810 01746600 fe8de100 01760800 fe7dda00 01821100 fe6da200 01935800 fe4bd200
PCM 00e818 01b62200 fe360c00 01c92500 fe39a500 01cb0300 fe361100 01c95100 fe29ef00
PCM 00e820 01dacb00 fe263a00 01dac800 fPCM 00e828 02072400 fde05200 0223ca00 fdc92200 0238db00 fda83400 025ad300 fd7a0700
PCM 00e830 0289cb00 fd663100 029b8100 fd450300 02bec900 fd376400 02ce8b00 fd33dc00
PCM 00e838 02d1ec00 fd16a200 02f1c700 fcfae000 030a8300 fd038300 03037900 fce22c00
PCM 00e840 0325ff00 fcf81700 030f9600 fceaa500 031e8d00 fcc40200 0343bc00 fccfad00
PCM 00e848 0337e900 fcd4a800 03343c00 fcc7a000 03409e00 fcabdc00 035cd700 fc98dd00
PCM 00e850 03710d00 fca32000 0363bc00 fca78e00 0362f900 fcb09700 035c3100 fcc23600
PCM 00e858 034dc000 fcc71700 03404200 fce43500 03288600 fce7bc00 0322cf00 fcfd7600
PCM 00e860 030d1700 fd2a7100 02de8700 fd326300 02d5ee00 fd466a00 02c24d00 fd599d00
PCM 00e868 02aef100 fd6a2700 029PCM 00e870 028bc600 fd778400 028f5c00 fd7f8d00 0288ef00 fd570e00 02af5f00 fd59dd00
PCM 00e878 02ad4000 fd724500 0299a600 fd977d00 026dcc00 fdbc0100 024ae800 fdcb0a00
PCM 00e880 023c3400 fde76200 021e9200 fe1a4a00 01e89a00 fe802500 0183b400 fec6c900
PCM 00e888 013a5b00 fefaf700 0105bd00 ff3c4500 00c0d400 ff7efa00 00831000 ffc0bf00
PCM 00e890 0041c800 fff7c000 0007ab00 0013a800 ffec7e00 0044ec00 ffb6a400 005a9900
PCM 00e898 ffa1bd00 00581000 ffa3ed00 0056fb00 ffa2b700 007ec900 ff7b4600 0071bd00
PCM 00e8a0 ff882300 00641800 ff984500 005ad100 ffa1c900 00572e00 ffa3cf00 003b2100
PCM 00e8a8 ffbd0c00 004b5b00 ffb06500 00553c00 ffa43500 00623000 ff97d200 0076b000
PCM 00e8b0 ff819000 00991300 ff5fdf00 00b6c700 ff436e00 00c91600 ff2ce900 00e0d300
PCM 00e8b8 ff1b0700 00d90d00 ff1d6a00 00e7a000 ff0ef600 010b4300 fef16900 01249e00
PCM 00e8c0 fed1ca00 011d4000 fedd6b00 01206a00 fed6e900 0107c300 fef47900 00f03600
PCM 00e8c8 ff05ee00 00f56900 ff002700 010bc200 feec7d00 01068b00 fef52800 00eec700
PCM 00e8d0 ff076800 00dd6c00 ff1b7400 00da4200 ff20e900 00f0c100 ff09b100 010e7800
PCM 00e8d8 feec9b00 01394f00 fec1d100 014dcf00 fea9f800 01335f00 fec6b300 0139fb00
PCM 00e8e0 febed600 0154b000 fe9ee000 015b5c00 fe9c8300 0156c400 fe9ef300 01662f00
PCM 00e8e8 fe925400 0160c700 fe97dc00 0152d300 fea3cd00 014fd900 fea73a00 01249a00
PCM 00e8f0 fed21300 00e7ea00 ff157000 00db2c00 ff20f400 00ee2b00 ff0dfe00 00f61300
PCM 00e8f8 ff05a200 00f56700 ff030800 00f57800 ff049d00 010fe300 fee97500 0144c200
PCM 00e900 feb49f00 01332d00 fec35100 0122e900 fed69f00 01275600 fed14900 010a7200
PCM 00e908 feecf900 0106ab00 fef45900 00ea1000 ff0c7900 00c6a300 ff355700 00b0dd00
PCM 00e910 ff4a5000 00902400 ff68bf00 006d3800 ff8b5400 00635700 ff938d00 004d0800
PCM 00e918 ffac6900 004e4600 ffad8d00 00588000 ffa21200 00466f00 ffb54b00 00593200
PCM 00e920 ffa3b400 00791d00 ff82de00 0082ab00 ff790200 00903800 ff69e100 008bb900
PCM 00e928 ff703600 005cc600 ff9c2500 00423100 ffc09800 00365700 ffc9ba00 001e8b00
PCM 00e930 ffe17200 ffd34d00 0028ff00 ffa32400 005b1f00 ff696300 00974100 ff2b9200
PCM 00e938 00d23a00 ff0bc300 00f40600 fed11100 01356900 fe8dc100 0177ee00 fePCM 00e940 01aee100 fe2f9f00 01d49e00 fe372d00 01c9b000 fe39ab00 01c9ce00 fe45c300
PCM 00e948 01bc8000 fe385800 01cdf000 fe455a00 01bc7700 fe79bd00 01871b00 fe922900
PCM 00e950 016dd400 fe9cec00 0162a100 febaab00 01475900 feb98600 0145a200 fe9f0800
PCM 00e958 01648800 fe75c500 018a7800 fe4c4300 01b6d100 fe2a4000 01d8ea00 fdf6cf00
PCM 00e960 020f1f00 fdee6d00 0213fe00 fdf3f600 02107400 fdbd5a00 0244c300 fda62b00
PCM 00e968 025e2800 fd959300 02736700 fd8ed500 02760800 fdabcd00 025ccd00 fdb9b300
PCM 00e970 02488e00 fdb96d00 024cfa00 fd00 01e0ac00 fe2a3200
PCM 00e978 01d5d800 fe273200 01daee00 fe1bb400 01eb8500 fe1c0a00 01e9cb00 fe33f800
PCM 00e980 01d40700 fe2a4c00 01dae000 fe141500 01f34b00 fdf76200 020b9400 fde7f500
PCM 00e988 021def00 fdf2f600 0212dd00 fe050400 02029b00 fdf31100 02146700 fde79100
PCM 00e990 021d1000 fde92900 021add00 fe18fc00 01ea7600 fe14e800 01ec1200 fe384300
PCM 00e998 01c90500 fe661d00 019e6400 fe6f0a00 01948000 fe7d6100 0186f000 fe83b100
PCM 00e9a0 017d6200 fe7f0400 01827f00 fe94e500 01726100 fe8d6d00 01779900 fe830000
PCM 00e9a8 0183f800 fe914400 01717400 feb4bd00 014d2100 feb5b300 014f2800 fedaa000
PCM 00e9b0 0126aa00 fef6e300 01097400 fefdde00 01056900 ff146c00 00ee0300 ff309e00
PCM 00e9b8 00cfe800 ff671100 009c3b00 ff988400 006cbf00 ffa3e200 00599600 ffb28800
PCM 00e9c0 004cc500 ffed0f00 000cac00 001f6700 ffe08e00 00194700 ffe18500 00143700
PCM 00e9c8 ffeb7200 000eb600 ffee0300 003e0e00 ffbcb400 00383800 ffc28000 0034d300
PCM 00e9d0 ffc88e00 004c5b00 ffb28600 004c8b00 ffae0900 005e0200 ff9f2100 0072f400
PCM 00e9d8 ff86ff00 00762b00 ff827e00 00779800 ff818000 009e6500 ff5dae00 00aa8600
PCM 00e9e0 ff4cb200 00a40200 ff546000 00a08400 ff596e00 00c08900 ff398100 00e0a600
PCM 00e9e8 ff1a8500 0111d700 feeb0200 012da900 fecb5700 0133ae00 fec2f100 0131d200
PCM 00e9f0 fec82200 013b2900 febbb500 0163ec00 fe921000 0179b600 fe7ef800 0157c600
PCM 00e9f8PCM 00ea00 fe79e000 01814900 fe712800 01723800 fe847500 01629f00 fe931000 0159ff00
PCM 00ea08 fe9ca300 0189d800 fe685d00 01aef300 fe486c00 01abd500 fe4c9600 01bc4d00
PCM 00ea10 fe3c1a00 01b5e400 fe428600 01b69500 fe3aa600 01b30f00 fe43f500 018fbf00
PCM 00ea18 fe669200 019f6300 fe550c00 017d2400 fe778a00 015d5c00 fe9ba300 013a2100
PCM 00ea20 feba8c00 0118d200 fedfe200 00e94100 ff0d2200 00bacc00 ff402d00 0075cePCM 00ea28 ff828c00 00501400 ffaa7400 0042c800 ffbb9900 003cca00 ffc21a00 0019d100
PCM 00ea30 ffe90200 fffb9e00 ffff7800 fff30e00 000a7300 ffda9e00 00255f00 ffa71a00
PCM 00ea38 00563d00 ff821c00 007a4f00 ff6bb500 0096f400 ff7cce00 007e4900 ffa31c00
PCM 00ea40 005aac00 ffd54900 0026ff00 ff7f6300 00813200 feed3e00 0115b000 fe818900
PCM 00ea48 01830000 fe169b00 01ed1200 fda89000 025b7a00 fd8add00 027cfd00 fda49700
PCM 00ea50 0265d800 fd6b2800 0298c500 fd539000 02b52500 fda00300 02632600 fdc52200
PCM 00ea58 023cd900 fde3bd00 021d6300 fe2dae00 01d82400 fe362b00 01d0cc00 fe043e00
PCM 00ea60 01fec400 fe249b00 01e3d600 fe2e5600 01d0fd00 fe14e000 01e78d00 fe15c600
PCM 00ea68 01ea0700 fe2aad00 01da4600 fe165c00 01ef6000 fe086500 01f8e800 fe06ac00
PCM 00ea70 01ff3a00 fdff2200 0203c700 fdfe3300 0202a800 fe010700 01fdf000 fdfac400
PCM 00ea78 020c8800 fdcecb00 02340700 fdc2cb00 02419100 fdb71d00 024def00 fd8f4100
PCM 00ea80 02778900 fd9a4600 026d7200 fdb1f100 02542000 fd83ec00 02815900 fd616d00
PCM 00ea88 02a5800 02a37400 fd488300 02bda000 fd3f5800 02c59100 fd5a6300
PCM 00ea90 02ad6e00 fd507000 02b87200 fd35a000 02d12800 fd449f00 02c60a00 fd767700
PCM 00ea98 028c7600 fdb56a00 024fa000 fded5a00 02184500 fe254f00 01e37100 fe191b00
PCM 00eaa0 01ea2b00 fdf8a900 02098100 fde3c800 021f6e00 fde08e00 021ee600 fdd33000
PCM 00eaa8 0231b400 fdd21c00 022f2400 fdb1d400 02520300 fd911b00 02759900 fd756d00
PCM 00eab0 028fd600 fd680c00 029fd800 fd4d0f00 02b7c800 fd1bad00 02e85900 fd27b500
PCM 00eab8 02e3e500 fd2fac00 02d7f600 fd410800 02c1fe00 fd4d8600 02b99800 fd4e7200
PCM 00eac0 02b274c500 fdd97c00 022a0f00 fe2d8400
PCM 00eac8 01d90b00 fe609f00 019edc00 fe9f9200 01608400 fedd1400 0126d800 ff061800
PCM 00ead0 00f81700 ff4c4400 00b5d800 ff609f00 009dad00 ff68ee00 008ee700 ff7b0e00
PCM 00ead8 007f8600 ffa5de00 00579e00 ffc36300 00349700 ffd7e700 00204700 fff9b400
PCM 00eae0 00022900 00171000 ffe41d00 0043ff00 ffb9e400 00544f00 ffa4c700 006a7e00
PCM 00eae8 ff90cf00 0088cf00 ff736400 007a3100 ff7fba00 007a7c00 ff7e4d00 00a88400
PCM 00eaf0 ff536f00 00c51400 ff305d00 00e3c200 ff17e900 0101cc00 fef81400 01219e00
PCM 00eaf8 fed8a900 01405000 feba9900 01974d00 fe5b3600 01c8bc00 fe2ef300 01d68d00
PCM 00eb00 fe1bd100 01e59e00 fe119e00 02057100 fdefd500 02396100 fdbacb00 025cea00
PCM 00eb08 fd94c100 028d8300 fd602500 02ab5500 fd46f200 02a51900 fd4ca500 02ce8300
PCM 00eb10 fd23df00 02c03300 fd31fc00 02b65300 fd390700 02c21200 fd2b8900 03037700
PCM 00eb18 fceff300 032a0c00 fcca6500 0337ea00 fcb83300 03128200 fcdbf300 030ea100
PCM 00eb20 fce15c00 03018f00 fcf09400 03120000 fce0a200 033c8900 fcb05a00 032bd100
PCM 00eb28 fcc39100 03246200 fccb6600 032e9e00 fcbedb00 03400800 fcad7a00 0337e300
PCM 00eb30 fcb41600 032ada00 fcc64e00 03177a00 fcd88700 03159100 fcdb6300 03031d00
PCM 00eb38 fcedba00 02fc9d00 fcf07000 02db9000 fd150500 02cbf300 fd220200 02c22f00
PCM 00eb40 fd2aca00 02851700 fd699600 026daf00 fd851400 024fb900 fda31a00 022b4900
PCM 00eb48 fdc90500 01ecb400 fe056b00 01ba3000 fe357e00 01a22500 fe547000 018f8800
PCM 00eb50 fe666e00 01769b00 fe80c700 014fa800 fea5c100 0107c500 fef15900 00dbf400
PCM 00eb58 ff1e6700 00bdb800 ff38ae00 00a68100 ff555000 00889300 ff6f5d00 0074f400
PCM 00eb60 ff829d00 004dca00 ffaf5900 00040000 fff68f00 ffd91500 00237300 ffdd7600
PCM 00eb68 00212200 ffddb000 00236800 ffc34b00 003a6000 ffbbd500 00443600 ffa15600
PCM 00eb70 00594c00 ff7f0e00 007d5900 ff50f000 00ab5a00 ff290400 00d7ef00 ff01ed00
PCM 00eb78 00ffde00 feedcc00 01142b00 fecde600 01356c00 fe7ab500 0185d200 fe4af000
PCM 00eb80 01b8af00 fe5b9200 01a71f00 fe66fc00 01987a00 fe5e3600 01a28a00 fe3b9d00
PCM 00eb88 01c4e600 fe4b5200 01b9e900 fe8b2100 01772d00 feb78600 0147f400 fee22500
PCM 00eb90 011db300 fedbfe00 01229000 feddc100 01245800 fefc1a00 01031d00 ff026700
PCM 00eb98 01024d00 ff155600 00ecb900 ff121b00 00eaef00 ff0d7600 00f2cf00 fef38300
PCM 00eba0 010a0a00 feded400 01207d00 feb70400 01469600 febc0f00 01468800 fec01900
PCM 00eba8 0141fb00 fe90ed00 01704d00 fe7c1200 0187a700 fe797d00 018b0100 fe796600
PCM 00ebb0 01882800 fe9d3b00 01672c00 fec27700 013f9900 fedb4700 0123f000 ff065000
PCM 00ebb8 00fb5200 ff149c00 00ec2700 ff243200 00d60b00 ff48c600 00b86a00 ff71b000
PCM 00ebc0 008f9200 ff822a00 007c9e00 ff8ee100 006e5100 ff862a00 0071a000 ff865100
PCM 00ebc8 00791000 ff6a6900 00943e00 ff46a800 00bb6700 ff436600 00bfe700 ff4b2a00
PCM 00ebd0 00b71100 ff57f000 00a79700 ff56c000 00a9e400 ff616f00 009f1700 ff74c700
PCM 00ebd8 0089af00 ffb38200 0048c200 ffe14600 001e1b00 ffe55200 0018d700 fff4cd00
PCM 00ebe0 00047a00 0021a000 ffdb7700 00233c00 ffd5db00 001bdf00 ffdfe800 004db900
PCM 00ebe8 ffadc800 00624100 ff95e400 005ca800 ffa1c400 00421a00 ffba1f00 002c4c00
PCM 00ebf0 ffcf7d00 002a7900 ffd12100 0042aa00 ffb61600 0053aa00 ffa36e00 0064bb00
PCM 00ebf8 ff92f600 007c1300 ff7bb600 008ab200 ff70e800 0096b400 ff5fe900 00a84d00
PCM 00ec00 ff504600 00c18700 ff3cf800 00cf6400 ff24aa00 00e4f900 ff0f1900 01199700
PCM 00ec08 fedade00 01346e00PCM 00ec10 fe23e100 021b2b00 fdd9f600 02522b00 fda15d00 02793300 fd7ba100 0294f600
PCM 00ec18 fd5e6b00 02b55f00 fd3ce800 02cca600 fd25b900 02dccf00 fd13ad00 02fa3100
PCM 00ec20 fcf5c400 03001900 fcf0f900 030ede00 fce44b00 02eddd00 fd065c00 02deb600
PCM 00ec28 fd0f3400 030b8b00 fce32700 02f31a00 fcffb200 02e54b00 fd119800 02e79000
PCM 00ec30 fd085300 02d23800 fd1c4500 02ed0000 fd020800 02ffef00 fcf0ab00 03093200
PCM 00ec38 fce76c00 03226c00 fccd0500 03642600 fc8e9e00 038b1a00 fc5f6a00 03ad4600
PCM 00ec40 fc400100 03cfd200 fc1da900 03e10f00 fc0e6600 03f7f400 fbf6e000 03fae800
PCM 00ec48 fbeeee00 03cf4300 fc1af200 038e8a00 fc621c00 03616d00 fc8c5400 033f3c00
PCM 00ec50 fcb23d00 0326ef00 fcc77300 02f6f700 fcfd0300 02c57100 fd298d00 0283f900
PCM 00ec58 fd6f7a00 02406800 fdb04600 01fb0100 fdf83900 01bf5300 fe347f00 019f6c00
PCM 00ec60 fe51d800 0177bf00 fe7cf500 01476300 feae6200 01128700 fee56d00 00fe8c00
PCM 00ec68 feffb400 00eeb700 ff0dcd00 01042200 fef4e000 00e36e00 ff150000 00782400
PCM 00ec70 ff81cd00 00510700 ffa91700 0069b100 ff913e00 003b2200 ffc1b000 ffcc4200
PCM 00ec78 00325900 ffc64600 00389500 ff818f00 007f9300 ff616c00 009c8700 ff851900
PCM 00ec80 0079cf00 ff494d00 00b52600 ff386100 00c2d500 ff625500 00990500 ff3b6300
PCM 00ec88 00c47000 fefb7100 01061500 ff037300 00fe8900 fecdd300 0133e600 fe7faf00
PCM 00ec90 01820900 fe5dd500 01aPCM 00ec98 0287b400 fd5cb200 02acbe00 fd1de000 02e8e100 fcf02a00 03175700 fcf95800
PCM 00eca0 030e8d00 fd014100 030db500 fcf2fb00 03171100 fd063200 03068d00 fd331300
PCM 00eca8 02d6df00 fd4a4e00 02bd5800 fd80d800 02865200 fdd79f00 022d9400 fdfcfd00
PCM 00ecb0 02093f00 fe207400 01e11000 fe61ea00 019d5600 fe64f200 019cce00 fe4c1600
PCM 00ecb8 01b7de00 fe3e0600 01c38400 fe193700 01e97400 fe166400 01ee1300 fdfddf00
PCM 00ecc0 02075100 fddf2200 0224c100 fda48900 02621800 fda7c800 02601700 fdcf5e00
PCM 00ecc8 02364000 fde22a00 02226e00 fdee9b00 0218e400 fe0cfb00 01f6e100 fe2a1f00
PCM 00ecd0 01daca00 00 fe9d6800 0163bc00 fed8d500 0127e700 fef8ef00
PCM 00ecd8 01084d00 ff102800 00f20700 ff0c1400 00ed2300 fef30d00 010e0c00 fedddb00
PCM 00ece0 01257d00 feddb800 0122c200 feabc800 015b8b00 fe646f00 019ea000 fe551400
PCM 00ece8 01af5b00 fe43d500 01c31f00 fe202800 01e07900 fe486000 01bf3800 fe6f2900
PCM 00ecf0 0196af00 fea18300 015eeb00 feebce00 0114cf00 ff16dc00 00eb6f00 ff3efb00
PCM 00ecf8 00c45c00 ff682700 00979700 ff75ee00 00854900 ffab7700 00518e00 ffbd8500
PCM 00ed00 003f0000 ffbab800 003f2500 ffbff300 003f3400 ffc09000 003fe300 ff991700
PCM 00ed08 0064e200 ff877300 0078bc00 ff8c8300 00714400 ff90e700 0072e100 ff748800
PCM 00ed10 008bed00 ff65a800 00989100 ff561800 00a9d200 ff427d00 00be6f00 ff4a5000
PCM 00ed18 00b215000 fff0ef00 000c3500 003bae00
PCM 00ed20 ffc28900 008fb000 ff69d500 00cc8e00 ff2af800 01130e00 fee22500 0158ad00
PCM 00ed28 fe9f0000 01757c00 fe85df00 018ab600 fe6d2000 0197bf00 fe618000 01a9c500
PCM 00ed30 fe4d7b00 01b1cd00 fe446900 01904d00 fe631300 01912900 fe60b400 018c5e00
PCM 00ed38 fe69a700 0196d800 fe5e7700 01b49a00 fe443000 01a58100 fe4c6a00 01affb00
PCM 00ed40 fe472200 01d62900 fe21e900 01f8a900 fdfea800 01ffda00 fdf14d00 020eb100
PCM 00ed48 fde21200 02411500 fdb4e700 026e5c00 fd876100 02903800 fd65ec00 02b00100
PCM 00ed50 fd430000 02b53200 fd3a6700 02a4fa00 fd4b9b00 02b89300 fd3687100
PCM 00ed58 fd16f300 02e63400 fd086200 02f8e300 fcf74200 030af700 fce6a400 0311fc00
PCM 00PCM 00ed68 fce60700 030f7f00 fce53600 02f55700 fcf8be00 02e22500 fd0ea200 02e06c00
PCM 00ed70 fd127600 02e64d00 fd090c00 02b81900 fd397f00 02919a00 fd60e000 02847800
PCM 00ed78 fd6d4900 024f8e00 fda18900 024e2700 fda5d200 024ee600 fdaa3d00 0221b100
PCM 00ed80 fdd10a00 02094100 fdecff00 01e1b300 fe120200 01dbf600 fe1a0a00 01d0df00
PCM 00ed88 fe252e00 0195ec00 fe5b9d00 0185c900 fe708600 017cf200 fe7a5700 0174c200
PCM 00ed90 fe802100 016bcb00 fe8d4600 015ef300 fe949400 015d9100 fe98bc00 015f8f00
PCM 00ed98 fe943300 01593500 fe9c6f00 015e7f00 fe98ce00 0157b600 fea33800 0153d100
PCM 00eda0 fea3be00 0136ef00 febe8a00 00ff6000 fef1c000 00f55600 ff049800 00f42100
PCM 00eda8 ff06d500 00deea00 ff170a00 00c50500 ff301500 00caca00 ff2d3c00 00bf1e00
PCM 00edb0 ff39f700 00937e00 ff69ca00 00465600 ffb7b300 00112600 ffea2300 ffedfb00
PCM 00edb8 00105c00 ffb91200 00403f00 ff8a8200 00754b00 ff6e9800 008d1600 ff76cc00
PCM 00edc0 00899600 ff4b1d00 00b06b00 ff4f1800 00b18d00 ff735e00 008c6900 ff8b3600
PCM 00edc8 0070e600 ffa01d00 005d2100 ffa50b00 00598700 ffc72600 00360000 ffdd3700
PCM 00edd0 001c9700 ffe93100 00185100 00027000 fffb3700 000dc500 ffec4d00 00097200
PCM 00edd8 ffee3a00 fffbea00 00015200 ffbfb100 003a5600 ff9e8400 005cbb00 ff9e3900
PCM 00ede0 005eee00 00 ff89ce00 0072b100 ff613100 009c7800 ff417e00
PCM 00ede8 00bddf00 ff2e4300 00d00500 ff39d200 00c65900 ff420700 00bdb900 ff349700
PCM 00edf0 00c9ed00 ff393200 00c25000 ff593000 00a1c000 ff622f00 00974100 ff884300
PCM 00edf8 00743500 ffae1600 00512600 ffd57f00 002ce900 ffe73e00 00149300 00089900
PCM 00ee00 fff0e500 00180800 ffe28f00 00331100 ffcca400 0039b100 ffc13500 003cb400
PCM 00ee08 ffc00f00 00308b00 ffc98a00 00307900 ffc9bb00 001d1400 ffdc6200 00324100
PCM 00ee10 ffc55800 003e5800 ffb88900 004a7600 ffb0a100 00525000 ffa98900 00589c00
PCM 00ee18 ff9f9800 006f4b00 ff883400 0065ac00 ff938200 0062db00 ff95f900 0056e900
PCM 00ee20 ff9f3600 00483a00 ffb2a754e00 ffb87600 004b1a00
PCM 00ee28 ffb07300 00445800 ffbafb00 004b0900 ffb47800 00401500 ffb8ba00 00545000
PCM 00ee30 ffa59700 0058a400 ff9f2800 00353300 ffc68700 0024ec00 ffd69800 002d8e00
PCM 00ee38 ffccc600 00472300 ffb38100 004cae00 ffaccb00 00820a00 ff7cf800 00a41700
PCM 00ee40 ff524200 00c4c000 ff314a00 0105a900 fef3b600 0120cc00 fed3f700 01440600
PCM 00ee48 feb33900 016cfe00 fe842900 01637100 fe91dd00 015f4b00 fe985700 01652c00
PCM 00ee50 fe905300 016be000 fe8a2e00 01733e00 fe818300 0153b100 fe9dbd00 01457200
PCM 00ee58 feb04200 0131ec00 fec77b00 0124c400 fed7a100 01303200 fec98700 0116f600
PCM 00ee60 fedec700 010b9e00 fee9ea00 01157500 fee29300 011ce900 fedaab00 012a7400
PCM 00ee68 fece1500 01456d00 feb06000 01373300 febe3600 01555900 fea10500 018b1500
PCM 00ee70 fe69ff00 01c52200 fe2eb600 01d86300 fe1be700 01e01b00 fe118900 02104f00
PCM 00ee78 fde52500 021a3500 fddd9e00 020cd100 fde59b00 01de5500 fe113300 01decd00
PCM 00ee80 fe157c00 01e40000 fe121d00 01ef5b00 fe060d00 01e97c00 fe0e9e00 01f0fe00
PCM 00ee88 fe054800 02064800 fdef1a00 02067700 fdef6400 02125800 fde1c500 021b4f00
PCM 00ee90 fddc6900 022caf00 fdc76d00 020da700 fde46800 0202e700 fdf49c00 020e6c00
PCM 00ee98 fde27700 02099000 fdec0d00 01f1e800 fe06cc00 01c82200 fe2e3500 01b50a00
PCM 00eea0 fe447b00 01afdb00 fe48f800 01952e00 fe618500 015a8b00 fe9fb500 01326e00
PCM 00eea8 fec38600 010da700 feeb7000 010e3e00 feeea700 00edfc00 ff0b9dPCM 00eeb0 ff080400 00f0a400 ff065000 00f7dc00 ff004200 01230400 fed75900 01445c00
PCM 00eeb8 feb1f500 01479a00 feae6d00 0180bb00 fe74e100 01a8a200 fe4c9500 01af6900
PCM 00eec0 fe45fe00 01a2cb00 fe525400 01a34300 fe50b200 01a41900 fe4c9800 01a10a00
PCM 00eec8 fe541a00 01a09000 fe554100 0183e900 fe776d00 01627700 fe915700 015d8800
PCM 00eed0 fe9af100 013e7200 feb88500 0125f400 fed13000 00fd0500 feff7e00 00eae300
PCM 00eed8 ff0b3c00 00c9c500 ff2fa200 00e9ec00 ff116f00 010df700 feeb3200 010af400
PCM 00eee0 feecfa00 010a2000 feed1e00 010c0e00 feeb3500 011bf600 fed9a600 01368a00
PCM 00eee8 fec10400 01289d00 fecfc600 01227000 fed43300 0107d400 fef05900 00f34400
PCM 00eef0 ff036300 00c4e800 ff332600 00c14c00 ff38e900 00bbd600 ff3bcf00 00c50400
PCM 00eef8 ff31c200 00de3600 ff1e4a00 00ea7b00 ff10b800 00e5ef00 ff139800 00b6df00
PCM 00ef00 ff43db00 00af4700 ff475400 00748900 ff84d700 005b4800 ff9ecc00 00716500
PCM 00ef08 ff8a6700 008c8000 ff6b1900 00a38400 ff517e00 00b95800 ff3fcb00 00bdb700
PCM 00ef10 ff380b00 00d77100 ff20f900 00e51c00 ff11f500 00d7c000 ff227e00 00b83400
PCM 00ef18 ff405e00 00aeb300 ff4d8c00 00b0de00 ff49f400 00be7000 ff39f100 00e30300
PCM 00ef20 ff199200 00e58d00 ff14af00 00df6f00 ff1a4500 00c9dd00 ff2eb500 00b88800
PCM 00ef28 ff3ebc00 00afd800 ff4cec00 00c13000 ff368e00 00d3d100 ff259100 00e6d400
PCM 00ef30 ff111a00 00faac00 fefc9400 00fc8600 fefc7000 010c5b00 fee7da00 0126cf00
PCM 00ef38 fed0d700 0156cd00 fea06100 017d6300 fe768900 01917c00 fe667100 01867900
PCM 00ef40 fe724100 0188d000 fe6cf600 0185c500 fe6ede00 PCM 00ef48 fe7eba00 017ab600 fe7bb100 01753a00 fe7f5d00 0183db00 fe750700 01ad0c00
PCM 00ef50 fe45f400 01b9d700 fe38d600 01b8af00 fe38c200 01b4ae00 fe405300 01af2800
PCM 00ef58 fe443300 01b37b00 fe413800 019fcd00 fe574000 018e4800 fe6a9a00 01991200
PCM 00ef60 fe5d3c00 019c9400 fe57b000 01857900 fe714d00 01728200 fe81d900 01563300
PCM 00ef68 fe9d2f00 0132f300 fec79e00 012ef700 fec7f000 010fb800 feea3000 00c3fe00
PCM 00ef70 ff302900 00a7ca00 ff4f2100 00accb00 ff4d3000 00bf0400 ff3b7e00 009a8a00
PCM 00ef78 ff5f3d00 009d1c00 ff5aa800 00c1c000 ff38a400 00c98e00 ff31d700 00cd4d00
PCM 00ef80 ff28d600 00d2fa00 ff268c00 00e76e00 ff0f9b00 ff147b00 00faa300
PCM 00ef88 ff026300 00fb9f00 fefefc00 00f27b00 ff087f00 00eddc00 ff0c7400 0107d300
PCM 00ef90 feef3200 011ce600 fedacd00 0131bb00 fec26e00 0154ce00 fea2c300 0174fb00
PCM 00ef98 fe82ba00 0187af00 fe6f3800 019f7900 fe591500 01a37300 fe561600 0199ec00
PCM 00efa0 fe5b8300 01c06600 fe31a500 01c0e200 fe356000 01ce1900 fe2af300 01f72300
PCM 00efa8 fdfd0800 02124c00 fde4b800 020c1000 fde63300 021a6100 fddaef00 023eff00
PCM 00efb0 fdb66400 023fe600 fdb4ab00 02355000 fdc16800 02395e00 fdba3f00 02113b00
PCM 00efb8 fde55700 01e8d100 fe0d5d00 01d23900 fe24f100 019c6500 fe5df300 015f8f00
PCM 00efc0 fe9a2e00 01272a00 fed82600 00fbeb00 fefc2d00 00cc0200 ff2da200 0078ee00
PCM 00efc8 ff832a00 00330900 ffcb7a00 ffd52900 002a9900 ff786c00 00820400 ff3da600
PCM 00efd0 00c37b00 f00 01153400 feb61100 0149b400 fe8f6d00 01781a00 fe5f4600
PCM 00efd8 01a8c900 fe264300 01e11800 fdf0e400 0214c600 fddce800 02299600 fdb20f00
PCM 00efe0 0254b600 fd80c300 028a0800 fd525500 02b64500 fd005f00 0309f500 fce47400
PCM 00efe8 03210f00 fcd18e00 0339ef00 fcbc9b00 03500100 fca6d000 03639d00 fc9d5f00
PCM 00eff0 036e8700 fc8fb300 037bb600 fc9000 fc688f00
PCM 00eff8 039f7d00 fc908a00 037c0000 fcb20200 035c5200 fcc4e100 03477a00 fced3b00
PCM 00f000 0319d700 fd2b2600 02ddd700 fd589200 02ab0d00 fd845f00 02845500 fda5bb00
PCM 00f008 02638c00 fdc36000 02453500 fdf93700 020c6e00 fe300200 01d3f500 fe634700
PCM 00f010 019eac00 fe831300 017f9d00 fe987100 016ae800 fea82600 015ce200 fec87800
PCM 00f018 0139e300 fef86d00 0109ef00 ff124800 00edeb00 ff20fe00 00PCM 00f020 00dd1d00 ff2d7200 00d27b00 ff464500 00b69800 ff484d00 00b4a200 ff636900
PCM 00f028 009d2700 ff7eb900 00846b00 ff791800 0087fb00 ff901f00 006ec600 ff976800
PCM 00f030 0062d300 ffb7bf00 00479b00 ffca6100 00349d00 ffec1500 00129400 001ac800
PCM 00f038 ffe25600 00074a00 fff20e00 ffdddb00 00208d00 ffc34900 003c5300 ffb99500
PCM 00f040 003f1f00 ff9f6400 005f6400 ffb3d100 004a8f00 ffb1ea00 0049ba00 ffc23800
PCM 00f048 00361e00 ffb0c800 004b0600 ff9d6500 0060e900 ff9ca400 0062ac00 ff8f1300
PCM 00f050 006e7f00 ff66f900 009a5000 ff478900 00b8e300 ff577900 00a89200 ff64fb00
PCM 00f058 009ba200 ff691900 00952200 ff6f5800 008f4b00 ff6b1500 0096a000 ff60fe00
PCM 00f060 009ba300 ff434a00 00baf900 ff3d2000 00bf5900 ff316500 00cd8500 ff085900
PCM 00f068 00fa5800 fee90a00 0118c000 feb2f600 014bfe00 fe81e300 017d6e00 fe766800
PCM 00f070 018ffe00 fe5c2300 01a73a00 fe37dd00 01cd3300 fdf32400 020d8f00 fdc48400
PCM 00f078 023f9e00 fdbc8800 02468a00 fdcbf800 02395e00 fdb52d00 0251b000 fd9f0600
PCM 00f080 026a0a00 fdadf500 025ba600 fdcd1900 023bb900 fe0d5c00 01f80a00 fe4ae700
PCM 00f088 01bb4200 fe531600 01b09600 fe625300 01a3c600 fe82cc00 01839600 fe817900
PCM 00f090 0180d100 fe871100 017c4700 fe99ec00 01625200 feb5c200 014ea700 fed23900
PCM 00f098 012f7f00 fef20b00 01126a00 feed8e00 0116b100 fedeb900 0126d400 ff053600
PCM 00f0a0 00fa0400 ff34f700 00cdfc00 ff4a4900 00b61300 ff6fd800 008e7a00 ff881000
PCM 00f0a8 00759200 ffb03d00 004dec00 ffde7400 00212d00 000cfd00 fff00000 003a3b00
PCM 00f0b0 ffc2e600 00512b00 ffaa0c00 006c4d00 ff8c0300 0076e700 ff827d00 00788d00
PCM 00f0b8 ff84cf00 00797900 ff7fcc00 00a8e800 ff50f400 00c81500 ff345000 00c9b700
PCM 00f0c0 ff31e500 00a0f000 ff5a5200 0075b300 ff848b00 00701500 ff8d8d00 00668e00
PCM 00f0c8 ff959500 003bb100 ffc14300 001f2c00 ffdd5400 00041b00 fff63500 ffe14b00
PCM 00f0d0 001f2000 ffc4fe00 003a5800 ffa42100 00589700 ff78d200 00867a00 ff5c1000
PCM 00f0d8 00a28600 ff3a2a00 00c47000 ff2d1c00 00d7e200 ff3c8000 00c91000 ff566000
PCM 00f0e0 00b04300 ff426c00 00bc3400 ff493200 00ba9a00 ff4b4d00 00b58900 ff430000
PCM 00f0e8 00b8d600 ff53a800 00ad0e00 ff58a700 00a95300 ff722f00 00909600 ff86ae00
PCM 00f0f0 0075c500 ff8b2d00 0076f000 ff83ab00 007e5700 ff6d3900 00905000 ff53da00
PCM 00f0f8 00ac7700 ff50f100 00afe200 ff6b4f00 0097e100 ff7aa100 00810a00 ffa29700
PCM 00f100 0063ad00 ffbe4300 0045a000 fff01500 00103c00 fffd7700 00036c00 00277200
PCM 00f108 ffd33c00 0047ab00 ffb50c00 0052c500 ffa87900 006d3000 ff92c500 0090e800
PCM 00f110 ff6ab600 00b7b100 ff40ca00 00a34d00 ff561f00 00be2800 ff3d7800 00d0c500
PCM 00f118 ff28d000 00dbdd00 ff1ef400 00e35a00 ff169e00 00e86d00 ff127b00 00cf3600
PCM 00f120 ff32cf00 00d43e00 ff242600 00da0900 ff203200 00e73500 ff102300 00f4f100
PCM 00f128 ff057000 00ffb000 fef71000 0120ab00 fed5be00 013ad200 febfab00 014cb500
PCM 00f130 fea7ae00 0150f400 feaa3400 017f2300 fe763900 01957f00 fe621d00 01b3de00
PCM 00f138 fe417a00 01b00000 fe434400 01aba300 fe4a1400 01989b00 fe5d8100 0170e800
PCM 00f140 fe85e900 016b7c00 fe8ed200 01555300 fea09400 013f9e00 feb89200 01509f00
PCM 00f148 fea65300 015cc700 fe98fc00 015dc500 fe9a5d00 01584b00 fe9cea00 0154d100
PCM 00f150 fe9d2f00 01546900 fe9fc700 013d7100 febc0c00 01486500 feadd600 016b2d00
PCM 00f158 fe8ca400 0170bb00 fe83f300 0175ce00 fe80a400 0156c000 fea11f00 0144e400
PCM 00f160 feb09e00 0158f700 fe9f8500 01320b00 fec69000 011edd00 fedacb00 011d4200
PCM 00f168 fedae500 011d7100 fed80900 01057e00 fef40400 00ee6b00 ff0a1500 00e7e000
PCM 00f170 ff128b00 00f27f00 ff057000 00fc9300 fefede00 010dfe00 feedf600 0114af00
PCM 00f178 fee26900 012fdb00 fec7a200 014fdb00 fea8df00 01654c00 fe8eea00 01520800
PCM 00f180 fea3d400 01480300 feaf9e00 01598b00 fea05600 0142de00 feb3e200 011bd400
PCM 00f188 fee02c00 00ff9700 fef90600 00f35c00 ff065500 00cb3800 ff2e6100 00a53200
PCM 00f190 ff539c00 007abb00 ff819e00 00496400 ffb02f00 00321600 ffcd3c00 fffd3a00
PCM 00f198 ffff8c00 ffed8e00 000ebf00 ffd53900 00283a00 ffdde600 0024d000 ffe92f00
PCM 00f1a0 00150a00 ffff4800 fffd1f00 000bf300 fff2b300 000c8200 ffee7200 00096000
PCM 00f1a8 fff1e300 00055d00 fff71500 00112600 fff0c800 00263900 ffd4c600 0011de00
PCM 00f1b0 ffe86600 ffdf5900 001b5e00 ffc9c600 00355f00 ffa7d100 00560a00 ff8b2400
PCM 00f1b8 0073a500 ff70c400 0089d100 ff6a1400 0094fb00 ff679700 00967900 ff81bb00
PCM 00f1c0 00785800 ff55ee00 00a9d500 ff520800 00abb500 ff670e00 0096f600 ff5fa300
PCM 00f1c8 00a1ea00 ff59c500 00a18000 ff7c5600 0083f600 ffaf4800 004f4700 ffcac900
PCM 00f1d0 00312300 ffd56e00 00277c00 ffe9c700 00163200 fffefd00 0000f900 0027fa00
PCM 00f1d8 ffd22f00 0061ec00 ff9bba00 0061d500 ff9c4300 0054cc00 ffa8ac00 00432900
PCM 00f1e0 ffbaf200 00413500 ffb60500 00519800 ffaa2f00 00663b00 ff970f00 0075e000
PCM 00f1e8 ff832f00 006f8a00 ff879f00 00702e00 ff89aa00 007c5900 ff807900 0082cd00
PCM 00f1f0 ff756000 009eea00 ff5b3b00 009efe00 ff5cc800 008ea200 ff6e5b00 00b0ce00
PCM 00f1f8 ff4d5e00 00ab7f00 ff50b800 009dad00 ff5ba500 00c4e800 ff378600 00c66a00
PCM 00f200 ff354800 00b06000 ff4ba600 009ca200 ff5d4e00 006cc200 ff914c00 0074d500
PCM 00f208 ff858300 0097df00 ff5e3400 00962400 ff66df00 00939d00 ff6a4200 009daa00
PCM 00f210 ff5a7000 008f0000 ff685900 00ae5600 ff4b3c00 00df6700 ff196f00 00deff00
PCM 00f218 ff1ca200 00daac00 ff1f3500 00d17000 ff248200 00ba5b00 ff436d00 009ff300
PCM 00f220 ff59b300 008b8400 ff6b7800 006b2f00 ff90be00 0059ab00 ffa89300 00262f00
PCM 00f228 ffd63000 ffe59e00 0016f500 ffa2b100 005a7c00 ff8b4400 00728d00 ff632300
PCM 00f230 009af700 ff3e1d00 00bca300 ff2c8700 00d26000 ff089800 00f65f00 fef8a100
PCM 00f238 01086700 fed7e600 012d4700 fec10e00 01404000 fec68d00 01440000 fe9f5100
PCM 00f240 01649300 fe81bd00 01815a00 fe53b400 01b3d500 fe2b7500 01dade00 fe1d9d00
PCM 00f248 01e75900 fdf87500 020df900 fde6f100 02199900 fdce4a00 02380a00 fdae6c00
PCM 00f250 0257ed00 fd834800 02845200 fd547800 02b3c500 fd2f5e00 02d49500 fd197200
PCM 00f258 02eb6700 fd2a1300 02dc6f00 fd301200 02da9400 fd153700 02f3c700 fd203100
PCM 00f260 02e80b00 fd0f9a00 02fdeb00 fd085c00 03042500 fd0d9800 02f99400 fd2eb300
PCM 00f268 02dd0700 fd489200 02c1bc00 fd73d000 02960800 fd691000 02a3a600 fd565d00
PCM 00f270 02b13f00 fd500e00 02bb1400 fd4d1000 02b8d500 fd5b5400 02aaca00 fd66ee00
PCM 00f278 02a20800 fd382a00 02d02000 fd159600 02f40e00 fd22a000 02e42e00 fd35f100
PCM 00f280 02d47600 fd3f3e00 02c71700 fd75cb00 02940200 fd7b5a00 028c1500 fd811a00
PCM 00f288 02882700 fda30700 02630400 fdba2a00 024c3600 fdefa000 0216df00 fe16e800
PCM 00f290 01f12000 fe290300 01de1600 fe3f8400 01c5f200 fe6c0d00 019a4100 fe91ec00
PCM 00f298 016fa200 fec9e500 013be300 ff042c00 00fd4a00 ff35df00 00cdb900 ff47d800
PCM 00f2a0 00b6f400 ff5e3600 00a33200 ff9cb800 0064f600 ffd64700 0028f800 001b3800
PCM 00f2a8 ffe31d00 002af300 ffd2ad00 0033fb00 ffcc7700 00359300 ffc40200 00524300
PCM 00f2b0 ffab0a00 00852a00 ff73e300 00996f00 ff5d2600 00abd700 ff4b9100 00c28600
PCM 00f2b8 ff3a4000 00cb1a00 ff2eaa00 00c87400 ff2eec00 00cc2c00 ff2d7300 00d53200
PCM 00f2c0 ff241300 00cf5800 ff29fa00 00e33400 ff166600 00dd6e00 ff19cc00 00d46500
PCM 00f2c8 ff24eb00 0103d300 fef3aa00 011b4800 fedcb200 012eb500 fecc2e00 014a8200
PCM 00f2d0 fead8200 015b7700 fe9c7900 01586d00 fe9f0400 015d4500 fe99dd00 0160e800
PCM 00f2d8 fe941000 0170d700 fe891200 0199d700 fe5f3c00 01b7b500 fe3e5b00 01c07800
PCM 00f2e0 fe389000 01cfa400 fe265300 01dc3000 fe1dae00 01d80400 fe1f1500 01cf0400
PCM 00f2e8 fe26be00 01de2600 fe183100 02010000 fdf47700 0238a800 fdb91d00 02344300
PCM 00f2f0 fdc09600 024c7600 fda93100 026f8300 fd803e00 027f4100 fd721100 028d8e00
PCM 00f2f8 fd62c900 029b6200 fd50bb00 02c90f00 fd29b700 02d61700 fd188500 02d80700
PCM 00f300 fd1ade00 02e4d400 fd0a0a00 02e9f700 fd04d700 02f29600 fcfe8300 02ece000
PCM 00f308 fcff6300 02edd800 fd071a00 02d10d00 fd22d000 02b6a600 fd3d1e00 02ab4000
PCM 00f310 fd458500 02a50b00 fd4db000 029b2800 fd5b0400 02987b00 fd5c9c00 0281f400
PCM 00f318 fd745300 02646400 fd907300 023b1700 fdbb5600 0225b200 fdcc1400 0203c500
PCM 00f320 fdedda00 020c0900 fde6da00 01dcc600 fe186400 01bc5b00 fe385a00 01a3b700
PCM 00f328 fe51ef00 01854f00 fe6dc300 01622100 fe96f800 0144f900 feb2d000 013b8300
PCM 00f330 feb76000 01143700 fee1ed00 01067400 fef3eb00 00ffd800 fef8f600 00fecc00
PCM 00f338 fef81000 00e70a00 ff11da00 00daa300 ff1f3e00 00df8e00 ff158600 00e42c00
PCM 00f340 ff15bd00 00d60400 ff237700 00a56400 ff550000 00b39f00 ff488900 00a5ae00
PCM 00f348 ff545a00 008c5100 ff6d0000 006a3900 ff93ff00 0046ac00 ffb79b00 00287800
PCM 00f350 ffd34c00 fff2b200 000bd400 ffab0200 00551300 ff783200 00870200 ff46ee00
PCM 00f358 00bdfc00 ff12a400 00edf300 fed10600 01317000 fe7dcb00 01856200 fe4e5100
PCM 00f360 01b9bf00 fe0dd900 01fb0800 fda95000 025e3500 fd4a6400 02bef400 fd06ed00
PCM 00f368 0303f700 fcc6d000 0344d200 fc8b8100 0381cb00 fc453000 03c4c300 fc2aae00
PCM 00f370 03e2dc00 fc160e00 03f3b300 fbe2fe00 04268700 fba9ea00 04646200 fb855b00
PCM 00f378 0489fd00 fb6c7a00 04a19800 fb743300 0496f600 fb8b5a00 047d7800 fbb7df00
PCM 00f380 045dc400 fbb65000 0452d600 fbd02000 043c7800 fbe99700 04278d00 fbf2a400
PCM 00f388 041d6a00 fc0ea000 03fcc800 fc23ef00 03e6fc00 fc4ae000 03c0fd00 fc5cba00
PCM 00f390 03aebf00 fc7c0c00 0396ae00 fca2dd00 03682100 fcd18b00 0339a500 fd098300
PCM 00f398 03024000 fd55fe00 02b44f00 fd8c7200 027a2500 fdd71400 0230bc00 fe09a900
PCM 00f3a0 01fcd400 fe4d5f00 01b5e500 fea34800 015e9600 fefa6900 01053300 ff20ab00
PCM 00f3a8 00e27400 ff526200 00aede00 ff991e00 00672200 fff41100 000bab00 0043d500
PCM 00f3b0 ffbc0600 007aa400 ff847300 00b11d00 ff47fe00 00ed9600 ff087100 011a3100
PCM 00f3b8 fedff400 01633e00 fe94ca00 01ab0200 fe4bff00 01e00700 fe152200 0231a800
PCM 00f3c0 fdc36300 02783400 fd808000 02b09c00 fd402300 02fa5400 fcf2cd00 03380c00
PCM 00f3c8 fcb40400 03789700 fc768700 03867100 fc696e00 03a17200 fc4c7400 03d71b00
PCM 00f3d0 fc120b00 040b2b00 fbdfe300 04119100 fbdde700 044bb200 fba2a900 047cff00
PCM 00f3d8 fb6eff00 047bac00 fb703100 04aad200 fb3e1200 04bc3700 fb2e6d00 04cc3e00
PCM 00f3e0 fb1f4400 04def900 fb0ba400 04fc3500 faeb0a00 050c9400 faded300 050fe000
PCM 00f3e8 fada1d00 050e9100 fad82800 05047900 fae3ad00 04f55900 faf18700 04e8b200
PCM 00f3f0 fafd7c00 04ee3200 fafa2300 04d20d00 fb160c00 04d6d300 fb10f600 04c7d900
PCM 00f3f8 fb204c00 049dba00 fb4c8100 047d0400 fb6e0f00 046ab300 fb802e00 04633e00
PCM 00f400 fb8a6000 042f2900 fbc36000 0418a400 fbd46d00 04014f00 fbecc400 03f18700
PCM 00f408 fbf8cb00 03c6ea00 fc266400 037a6e00 fc741600 0360da00 fc8ead00 033d9b00
PCM 00f410 fcad7000 031fb000 fccf2a00 0300bb00 fcef9000 02c21700 fd2c9d00 029f6200
PCM 00f418 fd549100 02993200 fd556a00 02835a00 fd6bca00 028c2900 fd685300 028bfc00
PCM 00f420 fd699000 027beb00 fd777700 02636200 fd8c4100 024b9f00 fda54600 02426c00
PCM 00f428 fdad8100 02439f00 fdaf6e00 02343000 fdbcba00 02291b00 fdc78400 022d1700
PCM 00f430 fdc52000 022a0100 fdca3b00 0218c000 fdde3600 01efba00 fe036100 01a25700
PCM 00f438 fe514400 0187a500 fe6e8d00 01706d00 fe853e00 0153c900 fea26900 012c1a00
PCM 00f440 fecc5d00 0105ed00 feecd900 00d9a600 ff1f5c00 00c43900 ff35c000 00b63d00
PCM 00f448 ff425d00 00a97b00 ff505a00 008d3300 ff66a400 0093a500 ff67f600 009f7c00
PCM 00f450 ff584d00 00739600 ff87f900 00574400 ffa64200 003bc900 ffbfb400 0039d300
PCM 00f458 ffc0ae00 00510100 ffa71c00 00445800 ffb7d600 00451100 ffb31d00 00406900
PCM 00f460 ffb6e000 004ac900 ffadbc00 0047e300 ffb6e000 0026c700 ffd7a300 000b1800
PCM 00f468 ffeec600 0008d200 fff29c00 fffb3500 00046d00 ffff9a00 fffa3200 ffe6dd00
PCM 00f470 00123600 ffda9b00 001fab00 ffec9000 000b8b00 fff3b400 00058900 000e7e00
PCM 00f478 ffebcd00 00208f00 ffdd0c00 00474000 ffb09400 0077cd00 ff81a000 008dca00
PCM 00f480 ff68b200 00b8be00 ff40af00 00bf6000 ff3aa600 00b93100 ff3d0200 00ca5100
PCM 00f488 ff321800 00ebdf00 ff0c8000 00e51f00 ff165700 00ce9600 ff288700 00d00e00
PCM 00f490 ff289f00 00dcad00 ff1d3a00 00c1ff00 ff348c00 00d14800 ff282d00 00d41d00
PCM 00f498 ff23f300 00dada00 ff1dd000 00e6f700 ff111b00 00fd5f00 fefb0400 00fcd500
PCM 00f4a0 fef99000 00fefb00 fefbd900 010eee00 fee7b100 010bb500 feece400 0126a800
PCM 00f4a8 fecf9100 014a7a00 feae4700 0167a500 fe8d8800 016a5f00 fe8a0500 018d8b00
PCM 00f4b0 fe68bb00 01a27100 fe557500 0191de00 fe64f300 0198d200 fe5b5e00 018fbd00
PCM 00f4b8 fe6c9100 0189cb00 fe66b500 0180c900 fe759d00 01510800 fe9f1100 014a6800
PCM 00f4c0 feac9b00 015d2300 fe9d3600 014c8900 fea79500 01511400 fea73500 01526400
PCM 00f4c8 fea39500 01438500 feb24d00 013b2600 febd9900 01660c00 fe8fd500 018cc400
PCM 00f4d0 fe6c0b00 018e7900 fe673f00 01aa4200 fe4aff00 01cc5e00 fe29bc00 01e5b100
PCM 00f4d8 fe114800 01deb000 fe190400 01d7fa00 fe1c4000 01e66700 fe0bd600 01df9a00
PCM 00f4e0 fe15c200 01f66200 fdffa000 01f73b00 fdfd5a00 01ebd500 fe0a7a00 01c57400
PCM 00f4e8 fe32fb00 01bafe00 fe3c2800 01b31b00 fe415000 01844700 fe75b300 0182c900
PCM 00f4f0 fe714700 017a5300 fe7c8000 016d2600 fe87af00 0147d500 feafd000 011cab00
PCM 00f4f8 fedcf900 00fe2f00 fef80100 00cb6000 ff2a9a00 00813d00 ff7bc400 003df800
PCM 00f500 ffc15200 00193500 ffe21e00 ffdce100 00225900 ff913600 006df200 ff31ad00
PCM 00f508 00d30c00 feea2600 0118cb00 fea98200 01569c00 fe6ecf00 01956b00 fe329400
PCM 00f510 01d4d000 fdf1d700 02108700 fdbf1400 024a7200 fd841500 027eee00 fd537900
PCM 00f518 02b11600 fd16c800 02f2c200 fceac100 031abe00 fcc82b00 03422500 fcc0dc00
PCM 00f520 03466500 fcb59a00 03542c00 fc935f00 0378c500 fc6cb100 039fbd00 fc48bd00
PCM 00f528 03c1ef00 fc30ce00 03dcb000 fc20c300 03ed7900 fc18d700 03f3b500 fbfc2300
PCM 00f530 0413f300 fbfe4400 040e5100 fc0e3a00 03ffc400 fc2a1100 03e68000 fc2af000
PCM 00f538 03dcf700 fc18ab00 03f37400 fc35ac00 03d33200 fc486a00 03c27a00 fc425600
PCM 00f540 03c7ce00 fc4a4b00 03c3ae00 fc528d00 03b9e600 fc535900 03b76a00 fc580500
PCM 00f548 03b4c600 fc83d500 0386f400 fcb1ba00 03560000 fcca9e00 033cde00 fce41600
PCM 00f550 03251e00 fcdefa00 0329c100 fce8ee00 03201a00 fcec5600 0321ec00 fcf7ab00
PCM 00f558 03129600 fd0d8f00 02f57f00 fd2db200 02d5d200 fd316900 02d2c500 fd422100
PCM 00f560 02c3a900 fd5cd200 02a5a900 fd6a2e00 029a6f00 fd8d8200 027a1300 fd9fa700
PCM 00f568 02661a00 fda13a00 02634e00 fdb4b500 02561800 fdb28e00 02510d00 fdbcb000
PCM 00f570 024b4d00 fdd6a800 022eb400 fdfde300 0204ed00 fe0f6900 01f2bd00 fe20bd00
PCM 00f578 01e3a000 fe1be900 01e86f00 fe3e0b00 01c7ec00 fe54ea00 01b05b00 fe27db00
PCM 00f580 01d86100 fe50e500 01aef800 fe6d9300 01941100 fe809a00 017fa900 fe8ce400
PCM 00f588 0173ee00 fe839900 017f9d00 fe9e1600 01630a00 fe91a700 016f0a00 fe973500
PCM 00f590 0166f900 feae0500 01525d00 fea8fb00 0157fc00 feb18100 01529d00 fee40800
PCM 00f598 011dce00 fefe7c00 01043a00 ff05e800 00fa0600 ff10c600 00efe400 ff208900
PCM 00f5a0 00e24c00 ff385300 00c62e00 ff5b4900 00a44900 ff730200 008e3b00 ffa19000
PCM 00f5a8 005e9100 ffab5900 00511700 ff8c3800 0070a300 ff8bdb00 0070d200 ffa6c500
PCM 00f5b0 0059b200 ffc3df00 003ad200 ffdf5d00 001a1800 ffdf7c00 001cab00 ffe0d200
PCM 00f5b8 00196400 ffed0200 0010d400 ffed6d00 0011e000 ffdb2700 0024c200 ffdb4200
PCM 00f5c0 00242d00 0001a100 fffcf300 00117d00 ffe9a600 00294600 ffd41d00 0013a400
PCM 00f5c8 ffe91a00 001f8600 ffda3000 00442c00 ffb7df00 003f0a00 ffbf1300 002cf800
PCM 00f5d0 ffd02100 00297f00 ffd0f900 002efb00 ffcd6e00 003e9e00 ffbd1400 003e1000
PCM 00f5d8 ffbe3a00 00429400 ffbb1900 005c8f00 ffa3a400 005d0500 ffa44e00 00631c00
PCM 00f5e0 ff9bc700 00635e00 ff9a6d00 00558900 ffa00400 00289700 ffd51f00 00074100
PCM 00f5e8 fff2f800 001b9e00 ffe22900 00276c00 ffda1c00 001cac00 ffe53300 00277300
PCM 00f5f0 ffd5f200 0017b800 ffe36b00 0016b200 ffe3b800 0028e200 ffd1e600 00269d00
PCM 00f5f8 ffd7fc00 002f8d00 ffcd0300 00137d00 ffe99a00 00128300 ffee7600 0027c200
PCM 00f600 ffcdbd00 0045bc00 ffb84f00 00479e00 ffb8b200 004f5200 ffaa8900 00602800
PCM 00f608 ff9c7000 00454700 ffb75700 003bfd00 ffc26700 0046a700 ffb78e00 00242300
PCM 00f610 ffd74800 002ab000 ffd4e000 004bab00 ffae7c00 00554000 ffaa5d00 00649f00
PCM 00f618 ff9bcf00 005f7500 ff9e8600 00634400 ff980a00 00880a00 ff735f00 00723c00
PCM 00f620 ff870700 005ba000 ff9de800 0057f600 ffa17100 004c2800 ffb02a00 00753c00
PCM 00f628 ff83e800 009af000 ff60dd00 00b4bb00 ff499700 00caad00 ff321c00 00ba0500
PCM 00f630 ff3fc800 00a4d400 ff543500 00aef900 ff4c3400 00a14c00 ff5bdc00 00d38d00
PCM 00f638 ff25b400 01094000 feefef00 010ddd00 fee9d600 01274f00 fed07a00 012b3900
PCM 00f640 fece7300 01392900 fec01900 0136f900 febabd00 01402c00 feb77000 014cc300
PCM 00f648 fea8f900 01712800 fe874d00 018c4200 fe6a4c00 01ae7800 fe47f000 01c44300
PCM 00f650 fe340500 01d16a00 fe288d00 01effe00 fe07d700 01ff2e00 fdf7be00 0206d000
PCM 00f658 fded8200 0203f500 fdf03900 01fb3800 fdf9e100 01dc6100 fe1a4e00 01cf5500
PCM 00f660 fe247700 01af7900 fe40b800 01a57d00 fe52aa00 01b3d100 fe457f00 01b3b700
PCM 00f668 fe425200 019dcb00 fe54b200 0197b900 fe5f6300 01a74c00 fe51d100 01abf800
PCM 00f670 fe47c800 01a8e300 fe489400 01b9c900 fe3bd300 01beee00 fe392500 01b34b00
PCM 00f678 fe46eb00 01b08700 fe44f100 01c15400 fe35c700 01e49f00 fe0f2900 01dc1300
PCM 00f680 fe160500 01d60d00 fe1fe900 01f22300 fe03f600 01dd4900 fe1abd00 01b96400
PCM 00f688 fe394e00 01977400 fe5fb200 019ad300 fe5db300 01a96100 fe4f6000 019e5e00
PCM 00f690 fe585700 0189ef00 fe6bde00 014a0900 feae7a00 01265600 fed19200 01191800
PCM 00f698 fedf5900 01057e00 feee2300 01069e00 fef2c300 011e1300 feda5800 0132fb00
PCM 00f6a0 fec46300 01450f00 feb4fb00 0140b600 feb73a00 012db600 fec61200 0130b200
PCM 00f6a8 fec48f00 013db200 feb82f00 01522a00 fea6da00 014b2c00 feabf200 011b3800
PCM 00f6b0 feddbb00 01127600 fee2c600 011b4e00 fedfc300 0119c400 fedcc500 01101200
PCM 00f6b8 fee79800 01111400 fee89500 01124600 fee9ca00 011b2100 fedcb900 01399100
PCM 00f6c0 febb6e00 013d6200 febb9200 012f7000 fecc7900 012a2c00 fecc6c00 01246f00
PCM 00f6c8 fed59000 0121af00 fed7e800 01319700 fec7ae00 01263300 fed38100 011cf200
PCM 00f6d0 fee17e00 01125900 fee8f700 00f6c300 ff025a00 00ec6100 ff0bd400 00eb6700
PCM 00f6d8 ff119b00 00ffa700 fefee800 00f48e00 ff056600 00f25f00 ff0a0100 00c78c00
PCM 00f6e0 ff32ee00 00be1b00 ff3a0d00 00d36700 ff285500 00bedc00 ff3b7d00 00e41b00
PCM 00f6e8 ff163200 00efaf00 ff079300 00f20200 ff026c00 00ff2600 fefc2300 00fd6800
PCM 00f6f0 fefe2500 01165800 fee27d00 00fe6400 fefbe900 00e54500 ff145600 00dfd800
PCM 00f6f8 ff1d6000 00da6000 ff201100 0105e900 fef50f00 010f4100 fee86f00 010c9400
PCM 00f700 feeaf500 0113c900 fee89000 0107f600 feef7c00 010ca300 fef3fa00 01237400
PCM 00f708 fed94e00 01107700 fee9fc00 010e2f00 feec6300 00f85700 ff01ec00 00f8aa00
PCM 00f710 ff053a00 010cc900 feede300 01118200 fee8e700 00f91d00 ff019500 00fc9200
PCM 00f718 fefb7700 00ff3900 fef75e00 01232700 fed74400 0128e600 fed0cf00 01127500
PCM 00f720 feea0900 01236d00 fed81c00 012eb700 fec92800 00fa7e00 ff004b00 00d0ac00
PCM 00f728 ff2a3500 00e66400 ff123500 0101a000 fef6f300 01091e00 feefad00 010aa200
PCM 00f730 feed6000 0102fc00 fef68b00 00ebf300 ff0cf200 0119ad00 fedacd00 012b7a00
PCM 00f738 fecdf500 01336900 fec3e500 01189a00 fee06100 00fd4300 fefe0600 00ff2100
PCM 00f740 fef7d600 00eb6600 ff108000 00c16200 ff387700 00cce200 ff30a800 00c63c00
PCM 00f748 ff382f00 00bf7000 ff39b000 009ef200 ff5d2e00 008e6e00 ff6cf100 0080c300
PCM 00f750 ff80c000 00561100 ffa7ed00 00435700 ffbac200 002dc600 ffcea700 002e1700
PCM 00f758 ffca1d00 000fcf00 fff2ce00 00004000 0000fc00 ffed9b00 0011d800 ffd3d500
PCM 00f760 002c8400 ffd94300 0024be00 ffe77200 0017df00 ffe61b00 001a6700 ffdc1500
PCM 00f768 00247900 ffe09000 001a7b00 ffbc0300 0043bd00 ffb90100 00469400 ffb06000
PCM 00f770 004c2700 ffbabe00 003d9b00 ffa21900 005e1b00 ff7ed200 007e4e00 ff7afc00
PCM 00f778 00832900 ff7c4100 0083dd00 ff6b9f00 00921d00 ff512000 00b0e100 ff5fad00
PCM 00f780 009f0f00 ff5b6200 00a1ee00 ff526f00 00b2e300 ff417000 00c05700 ff2d3600
PCM 00f788 00d18600 ff215900 00de2800 ff21de00 00df1a00 ff193600 00eaaf00 ff24eb00
PCM 00f790 00d90900 ff1d7500 00e6ca00 ff152500 00ef5600 ff1aea00 00e6f200 ff211100
PCM 00f798 00dfaf00 ff19f700 00e89600 ff26ff00 00db8a00 ff46b200 00bb0b00 ff5c5000
PCM 00f7a0 00a81c00 ff61fe00 009a2b00 ff4f8500 00ae0600 ff5bfc00 00a27a00 ff7f3d00
PCM 00f7a8 007a8400 ffa0f900 005e9c00 ff967e00 00660a00 ffa1cb00 005d7400 ff9f6b00
PCM 00f7b0 005d1200 ffb02a00 004d2500 ffbdd900 00427000 ffc78700 00382b00 ffdd9900
PCM 00f7b8 0024b600 fffaf800 00016f00 000feb00 ffee6200 00039c00 fffab500 ffe22b00
PCM 00f7c0 00184c00 ffe62500 0016d400 ffd05a00 002b9c00 ffdeef00
PCM 00f7c8 001e0300 ffcfd900 00302b00 ffbd8200 003db500 ffb53300 004a0c00 ffb95600
PCM 00f7d0 00470800 ffba4700 00460700 ffb10f00 004e5900 ffa81e00 00573b00 ff8ff900
PCM 00f7d8 006ce700 ff80c600 007b8400 ff8a2600 00743e00 ff878800 00787700 ff7e7900
PCM 00f7e0 007f7700 ff957d00 00676800 ffbd2d00 00419800 ffcb9200 002ebf00 ffe01400
PCM 00f7e8 00229e00 ffd60800 00270b00 ffcde400 00323c00 ffcdf100 002e0d00 ffd17600
PCM 00f7f0 002dd100 ffd3ae00 00260d00 ffcd2900 002d0a00 fff4c100 0009a700 000c2100
PCM 00f7f8 ffed7200 0022b900 ffd6a300 00401600 ffbc4c00 006b3400 ff913200 00855b00
PCM 00f800 ff75b600 00a71400 ff554100 00b9da00 ff3f2300 00cdc700 ff2d4900 00ee6200
PCM 00f808 ff0a0f00 01113c00 fee3d200 01275e00 fecef800 01573400 fea08c00 01914800
PCM 00f810 fe655a00 019d8d00 fe5ad600 01bab600 fe3a4000 01ea4800 fe0d4f00 01f9d100
PCM 00f818 fe004b00 0207ab00 fde98400 021a6800 fddabd00 02287e00 fdcabb00 02474800
PCM 00f820 fdac0800 0244f400 fdae0900 02456300 fdabe500 02659f00 fd8d9000 026c2b00
PCM 00f828 fd84ed00 027dee00 fd755000 0271b300 fd847200 0236c900 fdb86b00 023a2300
PCM 00f830 fdb84b00 0244f300 fdae0300 0229cc00 fdc63700 021a7500 fddaa500 020e2f00
PCM 00f838 fde5c000 01ffe400 fdf44500 01ea9200 fe0c0700 01cfe100 fe26bd00 01b0ab00
PCM 00f840 fe45af00 01893c00 fe6ab200 0183ed00 fe747200 016f2400 fe86f500 014fbb00
PCM 00f848 fea63100 014b3b00 fea7e600 013be500 febb2200 0118fe00 fedd2500 00fa0f00
PCM 00f850 feff9300 00ee4900 ff09db00 00d94a00 ff1f4b00 00c48900 ff370900 00a1b900
PCM 00f858 ff561800 008b9900 ff6d5d00 0062b400 ff986000 003e9d00 ffbc2500 00132100
PCM 00f860 ffe95000 ffcfae00 002bce00 ff9bfe00 005aa800 ff6ddf00 008efe00 ff4ec300
PCM 00f868 00b2d000 ff387f00 00c78e00 ff1e5000 00df0f00 ff030200 00fdee00 fec8ff00
PCM 00f870 013b6800 fe9d0b00 01686500 fe68be00 0197fa00 fe3bc400 01c0f500 fe3fb100
PCM 00f878 01c35c00 fe2a2400 01d32500 fe2c3d00 01d90300 fe2af100 01d53c00 fe362300
PCM 00f880 01cdf400 fe12ae00 01ee5300 fdfbad00 02032b00 fe12aa00 01ecb700 fe1f5600
PCM 00f888 01e42f00 fe1e6500 01e55900 fe180800 01e8b300 fe0cc800 01f77f00 fe2f1a00
PCM 00f890 01d53600 fe328600 01d0d400 fe455100 01c05300 fe55eb00 01adbd00 fe75b300
PCM 00f898 01913700 fe959c00 01694d00 fe942300 016dea00 fea60c00 015fae00 feb98600
PCM 00f8a0 01481a00 fec14e00 0144b100 fef6e600 01077000 ff09fa00 00f9c200 feddd000
PCM 00f8a8 01209f00 fee17400 011f7c00 fefa4400 01077400 ff12b000 00ee6b00 ff202f00
PCM 00f8b0 00dcd200 ff372d00 00c3e100 ff6b9f00 0092cd00 ff83f500 007d9400 ffb45500
PCM 00f8b8 00475300 ffb0bb00 004af600 ffc0da00 003dda00 ffd20600 00238e00 ffc84d00
PCM 00f8c0 00383600 ffd2a200 002bd300 ffd7d600 00271200 fff02600 000eb300 ffe25c00
PCM 00f8c8 00183d00 fff7c500 00012100 00100800 ffed2500 fffa2f00 0002d600 ffd79100
PCM 00f8d0 00259600 ffc98afbbf700
PCM 00f8d8 00437e00 ffa5d100 00586300 ff7f3e00 00797800 ff822000 007d7400 ff629900
PCM 00f8e0 009e7400 ff4d9a00 00b58600 ff3a1d00 00c52f00 ff1e4900 00e16800 fee53f00
PCM 00f8e8 0121b900 fed55700 012b5000 fec69000 01387d00 febadd00 0146e300 fe8a5700
PCM 00f8f0 01764800 fe60ea00 01a29700 fe2ee700 01d3b100 fe1d7300 01e85400 fe26ac00
PCM 00f8f8 01da5900 fdf90c00 020d1f00 fdc44a00 023ce400 fdc18b00 02449e00 fdb9d600
PCM 00f900 024a5300 fdc48a00 02436b00 fdc95700 023a8e00 fdc92300 0238a900 fdcd0700
PCM 00f908 0234ff00 fdd9b200 022f4500 fdd97700 022c8200 fdec0100 021a8600 fdd65700
PCM 00f910 02309000 fdc3f600 02426b00 fdc3cb00 02431b00 fdb13c00 02524100 fda36000
PCM 00f918 0261e900 fdc65100 023c4200 fdbe4800 02484c00 fdb36000 02513f00 fdc04600
PCM 00f920 0244a900 fde43700 021f3900 fdfec200 02049500 fdfde600 020bb700 fe069900
PCM 00f928 01fc6d00 fdfdf800 0206f900 fe107800 01f61f00 fe30ee00 01d3ad00 fe2eb800
PCM 00f930 01d38500 fe560500 01a9bd00 fe5c4400 01a89a00 fe6b6e00 0198f400 fe7ce100
PCM 00f938 0185ae00 fe899c00 0179fb00 fe7d2a00 018b7300 fec08c00 013d8800 fee11c00
PCM 00f940 01229500 fec48500 0137f700 fec59000 013d5400 fec91200 01393600 fed8e500
PCM 00f948 01255700 fee70d00 0119f500 ff0cd800 00f00900 ff36af00 00c3e100 ff4d9d00
PCM 00f950 00add500 ff314800 00cde800 ff412f00 00c19100 ff634d00 0099e600 ff822e00
PCM 00f958 007af000 ff958100 0067aa00 ff945000 006b2c00 ffa0fd00 005f0800 ffa0b100
PCM 00f960 005d9000 ffb49b00 0048b000 ffc3ca00 00393500 ffd22c00 002df100 fff54200
PCM 00f968 00086400 fffa2e00 0005d300 0002b400 fff94800 0012bd00 ffecce00 001bbb00
PCM 00f970 ffdff600 00243400 ffd71100 0042fc00 ffbb1f00 0040d500 ffbc9600 003d8300
PCM 00f978 ffbb9800 00378400 ffc5dc00 0042d400 ffb92800 0056d200 ffa4b200 00726300
PCM 00f980 ff8a2700 005cf100 ff9c8900 00547e00 ffa89a00 004deb00 ffb00c00 0061d400
PCM 00f988 ff9d3600 006ea900 ff8bc200 00715900 ff881e00 005d0e00 ff9bb600 004fb900
PCM 00f990 ffaa3d00 00478b00 ffb48f00 0030c400 ffc8fa00 00331900 ffcb1e00 000b5c00
PCM 00f998 fff1e100 ffee4300 00104400 ffeff700 000dbd00 fff4f600 00011a00 fffa4700
PCM 00f9a0 00041300 ffe48900 00164c00 ffe66300 0013c400 ffe5d400 00174500 ffe94000
PCM 00f9a8 00125b00 ffe3ed00 00165900 ffe50800 00190800 ffdac700 0023e700 ffd39300
PCM 00f9b0 0029a400 ffc3cd00 00343700 ffc36a00 003b2500 ffcbac00 002e3e00 ffe13700
PCM 00f9b8 00170000 ffd5cb00 00264200 ffd42000 0027b800 ffc17200 003a8000 ffc35000
PCM 00f9c0 003a1e00 ffcea100 002e9800 ffed4100 000cb200 0009ae00 fff42c00 0007a100
PCM 00f9c8 fff73600 00170c00 ffe85c00 001b0700 ffe3a800 000dd900 ffef7500 000dd900
PCM 00f9d0 fff0fe00 00349f00 ffc72500 006c0200 ff8f2800 00a3cf00 ff537200 00c62500
PCM 00f9d8 ff32dd00 00d76500 ff219d00 00ec5700 ff070e00 010e7000 fee8ab00 012b2200
PCM 00f9e0 fecb4800 013dfb00 feb59000 0154ae00 fea17c00 01495800 feab9e00 014ed300
PCM 00f9e8 feaa1600 01857e00 fe714000 0182f200 fe6fab00 0192dd00 fe630e00 01976f00
PCM 00f9f0 fe592400 01959800 fe64b100 01a21200 fe53f300 01b5cb00 fe3a7700 01cdfa00
PCM 00f9f8 fe231d00 01c60f00 fe305500 01a8a200 fe495500 01832400 fe705700 0178c200
PCM 00fa00 fe7bd500 017c4000 fe790600 0174cc00 fe7ed400 0149ed00 feaad800 0141df00
PCM 00fa08 feb32c00 0129dc00 fecd0500 012c5c00 fec75a00 010bb000 feeba000 00e21d00
PCM 00fa10 ff161f00 00f48e00 ff006a00 00df6d00 ff174400 00d2fe00 ff235200 00c82e00
PCM 00fa18 ff313900 00a900 00bf6100
PCM 00fa20 ff3ac400 00c08f00 ff35c600 00bfc700 ff39a500 00cf2200 ff2a5c00 00e0f100
PCM 00fa28 ff152f00 00d11000 ff2f9000 00d0c300 ff278300 00e4a700 ff18bd00 00ee5900
PCM 00fa30 ff0b5e00 010aa800 fef1c900 011b7b00 fedd9500 01226500 fed70b00 01359500
PCM 00fa38 febe7400 014e1500 fea8c200 0172f000 fe825100 0172d700 fe82e700 0198ac00
PCM 00fa40 fe5b8300 01b06200 fe420b00 01bf1900 fe372000 01ef5100 fdff8600 01fa2700
PCM 00fa48 fdf9ae00 0213b500 fddb9a00 02311e00 fdc12b00 025ddc00 fd97fa00 0260a500
PCM 00fa50 fd946d00 029e0a00 fd550400 02e0bf00 fd0e3a00 03108200 fcdea300 0328fc00
PCM 00fa58 fcc82800 0332ce00 fcc0f300 0350e700 fc9fbf00 038cdd00 fc612b00 03b87a00
PCM 00fa60 fc368b000 03eddc00 fbfce500 03de7300 fc0da700 03fb3500
PCM 00fa68 fbf3e900 04091300 fbe6d600 040ac000 fbe40800 04130000 fbd69d00 042e2000
PCM 00fa70 fbbbba00 042ec300 fbbd1e00 04380d00 fbb1da00 043a8500 fbae8700 0433fb00
PCM 00fa78 fbb48b00 04185900 fbcd3100 03ec8500 fbfda200 03e74a00 fc036800 03ca1800
PCM 00fa80 fc1d6900 03acf500 fc3b9700 03855800 fc63a000 035b1400 fc91cc00 0339ab00
PCM 00fa88 fcb4bb00 03009c00 fcedd100 02d57600 fd18a400 02a00f00 fd547e00 026f5900
PCM 00fa90 fd862100 022fd800 fdc1a600 022aa400 fdcb0d00 01fea500 fdf30500 01df4a00
PCM 00fa98 fe155700 0199c000 fe546e00 017efb00 fe793100 013c7000 feba2400 01045c00
PCM 00faa0 fef26600 00ca6100 ff2ff200 009a2600 ff616c00 006b3a00 ff8fe700 004ac100
PCM 00faa8 ffaf8c00 001d7200 ffdb3700 ffe37000 0016a200 ffbabe00 00411300 ff9b3400
PCM 00fab0 0062bb00 ff897400 00786800 ff55d700 00ac1c00 ff2f6600 00d2d400 ff299d00
PCM 00fab8 00d6a900 fefe7600 0100a600 fec0aa00 013f1f00 fea16900 015f5200 fe833c00
PCM 00fac0 01803300 fe782f00 0188d600 fe795600 018abf00 fe6a9600 01950300 fe4a0f00
PCM 00fac8 01ba1400 fe3ee600 01c65e00 fe42bb00 01bbd100 fe46f500 01bbe900 fe42ed00
PCM 00fad0 01baa900 fe350300 01cfb800 fe132f00 01f05400 fe01a300 02039100 fe126a00
PCM 00fad8 01f29500 fe26fd00 01dbf700 fe444800 01bed200 fe558100 01aacc00 fe541200
PCM 00fae0 01aed200 fe425600 01bb3000 fe420500 01bdd200 fe626e00 019d5b00 fe62b800
PCM 00fae8 01a2ac00 fe66c600 01a15800 fe5b6000 01a69d00 fe836f00 017cb100 fe8bfb00
PCM 00faf0 0175af00 fe6bc300 0194a100 fe5a2800 01a78100 fe53a600 01ad9100 fe4c4000
PCM 00faf8 01b11500 fe4c7800 01b83e00 fe5faa00 01a60200 fe75ab00 018b4e00 fe714d00
PCM 00fb00 01900f00 fe709500 018efa00 fe6b2000 0197b800 fe754e00 018db700 fe772400
PCM 00fb08 0189ec00 fe8f8000 0171f700 fe9ab700 01618100 fea2d600 0160a600 fea3fe00
PCM 00fb10 01589b00 febaa800 01461e00 fec7d600 0137ec00 fec5c900 0137bf00 fedc5a00
PCM 00fb18 0124ad00 fefc1700 01030a00 ff084800 00f76d00 fef38200 010db200 ff091c00
PCM 00fb20 00f95500 fef1df00 01105d00 fee3a100 011b8a00 ff0e8300 00f1cb00 ff266000
PCM 00fb28 00d73e00 ff291400 00d8b000 ff482800 00b86c00 ff534600 00af0900 ff60fd00
PCM 00fb30 009b6a00 ff454100 00b94a00 ff25f400 00daf700 ff22f300 00dbfe00 ff257400
PCM 00fb38 00da2a00 ff2e3800 00cf4900 ff2b0200 00d47200 ff2cb700 00d06a00 ff3c7200
PCM 00fb40 00c26900 ff488300 00b36800 ff436300 00b6ca00 ff2e3700 00ce3f00 ff371200
PCM 00fb48 00c56000 ff50db00 00aa6a00 ff403300 00bd9e00 ff2f8200 00cbe900 ff2ad500
PCM 00fb50 00d2ec00 ff227900 00db4e00 ff0b2a00 00f48900 ff07c700 00f6e500 ff170400
PCM 00fb58 00e99c00 ff151500 00ebb500 ff12bc00 00ebdf00 ff10ed00 00eca500 ff03c700
PCM 00fb60 00fdac00 fee9d300 01127700 feef6900 01111600 fef30a00 010e1e00 ff133200
PCM 00fb68 00ee1300 fede3f00 0125b900 fefc1900 01031600 feff5b00
PCM 00fb70 00fe4b00 ff27ad00 00d80e00 ff3a5800 00c23a00 ff2bc100 00d29d00 ff2aaf00
PCM 00fb78 00d05200 ff2c4200 00cf8c00 ff170b00 00e85200 ff15be00 00ec4900 ff2bff00
PCM 00fb80 00d4ed00 ff228900 00e1f200 ff38f500 00c77500 ff387e00 00ca4a00 ff259b00
PCM 00fb88 00da4200 ff1e3400 00e6fc00 ff1ab200 00e71900 ff183300 00e89f00 ff1e6000
PCM 00fb90 00e2ba00 ff19cf00 00e88900 ff048f00 00fd3000 ff281d00 00da0400 ff267500
PCM 00fb98 00d4cd00 ff252400 00d96d00 ff28f700 00d71f00 ff3d1b00 00c15200 ff7b8000
PCM 00fba0 0085ad00 ff9bca00 00655100 ff97ae00 0061b500 ffa15700 005e4300 ffb77900
PCM 00fba8 0045ba00 ffc7c300 00353600 ffb03100 004e9e00 ffb38100 00498e00 ffd48b00
PCM 00fbb0 00286100 ffe30600 001c1d00 ffedeb00 000f0900 fff86a00 0002d600 00027500
PCM 00fbb8 fffa0d00 0010d200 ffed7000 001ab800 ffdf3800 00209100 ffda5600 001cfe00
PCM 00fbc0 ffdefa00 00183900 ffe67b00 002f1a00 ffcb6200 0055bf00 ffa32700 006ca000
PCM 00fbc8 ff913f00 008b0800 ff6e9900 0078c500 ff81c200 00993a00 ff601a00 00be5600
PCM 00fbd0 ff374700 00f6b000 ff00ee00 00ec7700 ff086700 00f87400 ff00a200 01045200
PCM 00fbd8 fef40c00 010b6400 feeda600 0118b800 fedfb000 012b5000 fecf8500 01406200
PCM 00fbe0 feb58200 01408500 feb6b600 0153c900 fea0c900 016a4200 fe8c6e00 016bb300
PCM 00fbe8 fe88a800 01810600 fe74fc00 01968500 fe648500 018f4f00 fe6a5800 0186e900
PCM 00fbf0 fe6cd700 01966400 fe615500 018d2d00 fe69cf00 0196ab00 fe5eb100 0192cd00
PCM 00fbf8 fe5ea700 01964100 fe5ffd00 019a6b00 fe5af900 01a02500 fe559800 019ba000
PCM 00fc00 fe58d000 01995900 fe5dca00 019c2800 fe594800 01935b00 fe603d00 018fe000
PCM 00fc08 fe646500 0196d100 fe5ce200 01980600 fe5b6100 01ca2400 fe2cba00 01de3600
PCM 00fc10 fe175400 01d6e900 fe1f0f00 01e2e700 fe15ac00 01e5eb00 fe0d4b00 01d44200
PCM 00fc18 fe232f00 01c7d200 fe2e4700 01bbfb00 fe368800 01c5e100 fe2f7900 01c41500
PCM 00fc20 fe301900 01b64400 fe41b100 01a57000 fe524b00 019d4500 fe541e00 019e2100
PCM 00fc28 fe5a4000 01892a00 fe68cd00 018ffc00 fe661e00 0187fb00 fe730c00 01833400
PCM 00fc30 fe711200 017b2800 fe7c0a00 015e5100 fe94df00 015df200 fe95f100 0148e500
PCM 00fc38 feab9600 01545700 fea16b00 015b1400 fe9df100 015bc100 fe991d00 015aa600
PCM 00fc40 fe9d6a00 015ac500 fe9c3f00 013e0f00 feb94c00 01377500 febfa500 01499a00
PCM 00fc48 feb21100 013c6a00 febe5000 0131f100 fec2a600 01218f00 fed78b00 0131610PCM 00fc50 fec70200 01382f00 fec04400 011f9500 fed82600 0112bf00 fee4a600 011b3500
PCM 00fc58 fee2ec00 0107b200 feef4500 00eb0200 ff122d00 00d13700 ff251000 00PCM 00fc60 ff355700 00d55000 ff267800 00c6e800 ff340c00 00e5a900 ff0f8100 00e20000
PCM 00fc68 ff197400 00d00b00 ff2a9d00 00ccb600 ff2c6100 00d5be00 ff26ad00 00ea2900
PCM 00fc70 ff0ec400 00cc9d00 ff2fbd00 00a7c600 ff51e800 009dc700 ff5c5500 00a44900
PCM 00fc78 ff5e1600 00af2700 ff4d6600 00b43000 ff47b500 009b3200 ff619e00 008d5200
PCM 00fc80 ff6c5600 00992000 ff624100 0090c000 ff64dd00 008a9700 ff6d2800 0076ed00
PCM 00fc88 ff806400 0085fa00 ff746b00 00852c00 ff75c700 0095a100 ff5f1500 00b55f00
PCM 00fc90 ff3f5a00 00aae400 ff515000 009b5000 ff5e6f00 0083d200 ff770400 007c3900
PCM 00fc98 ff7d0500 00747300 ff85f200 0086b400 ff78d500 0079c000 ff7f9900 00636700
PCM 00fca0 ff95e200 00624500 ff980400 0066f500 ff927000 0068a500 ff8eeb00 0053b500
PCM 00fca8 ffa3a600 00520300 ffa89700 00796b00 ff86db00 008b2800 ff6f2900 006d0a00
PCM 00fcb0 ff8f0100 005b4f00 ff9e5d00 00511a00 ffa98f00 00644500 ff98ce00 008ebb00
PCM 00fcb8 ff69ba00 008a1d00 ff70e700 0071a300 ff86d000 00779700 ff844000 007c8900
PCM 00fcc0 ff7b0000 0071fa00 ff87cd00 005c2e00 fPCM 00fcc8 ff9e7a00 007cf900 ff7b1c00 009ea000 ff5b8100 00a68d00 ff50a600 00962b00
PCM 00fcd0 ff627600 0087ba00 ff763c00 008de400 ff6c9000 0093aa00 ff64d800 0091c900
PCM 00fcd8 ff647f00 00873700 ff72d200 00850400 ff747600 00808d00 ff74a100 006efb00
PCM 00fce0 ff851200 00747f00 ff853700 007ed400 ff77a100 00b9dd00 ff3ca500 00ca6300
PCM 00fce8 ff30a600 00d7d100 ff1f2d00 00d5bc00 ff204500 00d16f00 ff254700 00e09b00
PCM 00fcf0 ff18b500 00d77c00 ff1f6600 00ca3600 ff2dde00 00c81a00 ff303d00 00d54500
PCM 00fcf8 ff247900 00f55300 ff035500 0105aa00 fef2a000 00ea1b00 ff097000 00ef3b00
PCM 00fd00 ff0bbe00 00f80700 ff00e700 00f82b00 feff0f00 01063400 feedf200 01196100
PCM 00fd08 fedd2f00 01314000 fec45300 01350800 fec2ac00 01275a00 fecd6200 011b6800
PCM 00fd10 feda7f00 01308f00 fec96200 0128b6PCM 00fd18 feb59600 013ff100 feb45300 012b1700 fecc6500 011a0e00 fedd7500 010a8c00
PCM 00fd20 feebce00 011bf000 fed83700 01382800 febd4400 012ab200 fecc9700 01448300
PCM 00fd28 feae9b00 014c2700 fea82800 013f5400 feb90600 01259200 fed44600 01167300
PCM 00fd30 fedbbe00 01235100 fed64e00 01219900 fed6ec00 010bab00 feeefb00 00fc1a00
PCM 00fd38 fefa2ef66800 00fe7600 fef55900 00f5b700 ff03a100 00f96500
PCM 00fd40 feff0a00 00fad800 fefd4100 00fcb100 fefd8f00 00eb1e00 ff071300 00d8aa00
PCM 00fd48 ff1ee000 00cf3800 ff27ff00 00ad5000 ff49d900 00b2a400 ff484100 00ad9e00
PCM 00fd50 ff499c00 00a08900 ff54d600 00a74200 ff50c100 00aadf00 ff4f9300 00c7bb00
PCM 00fd58 ff337000 00c12300 ff350300 00cff600 ff253f00 00c26e00 ff38e900 00abc200
PCM 00fd60 ff4d7800 009b0f00 ff59c200 00aac200 ff4bc400 00cd2a00 ff2a7100 009ae200
PCM 00fd68 ff613000 00846200 ff79a100 0075c200 ff856700 004d7800 ffad1a00 00429f00
PCM 00fd70 ffb72f00 00490600 ffb3e500 005cdc00 ff9c1800 004bc900 ffad6200 0032ae00
PCM 00fd78 ffc8d800 00362600 ffc80000 002c7f00 ffca8a00 002b0600 ffcdd700 00418c00
PCM 00fd80 ffb84c00 003a4400 ffc13a00 00004300 fffb4100 000de900 ffef9100 000abc00
PCM 00fd88 fff36f00 000d1d00 ffed3300 001f9900 ffd99100 00314700 ffc38400 002e9200
PCM 00fd90 ffcaec00 001a6d00 ffe1de00 00056d00 fff71c00 000e3900 ffec9800 000ba400
PCM 00fd98 fff11500 00090300 fff7a700 fff6d000 0007ba00 ffec0600 00129b00 ffecef00
PCM 00fda0 000d2600 ffd66800 0027fd00 ffd44400 00295c00 ffb75600 0041aa00 ff939900
PCM 00fda8 006b1e00 ff62c900 009c7600 ff5c7e00 00a57000 ff795e00 00833900 ff6c2400
PCM 00fdb0 00977000 ff5e3c00 009f0300 ff65a500 009b2300 ff5fa500 009bb900 ff5d0e00
PCM 00fdb8 00a06200 ff557700 00a91500 ff463300 00bae300 ff3c7500 00c1b300 ff317500
PCM 00fdc0 00cdfe00 ff2cc600 00d13b00 ff1b1700 00e5a500 ff198100 00e5d500 ff222e00
PCM 00fdc8 00dbfa00 ff1feb00 00e26300 ff141b00 00ede000 fefe6f00 01024500 fef1ed00
PCM 00fdd0 01136b00 feebb300 01170PCM 00fdd8 0137b400 feca2b00 01399c00 feab7900 01582700 feac3a00 01565d00 fec47600
PCM 00fde0 013b9400 fec23500 013c7600 fec0da00 01426c00 fea21700 015f6e00 fe8e1600
PCM 00fde8 01727600 fe858e00 0179ed00 fe5f7300 01a39c00 fe4c4c00 01b78500 fe2f8200
PCM 00fdf0 01d40200 fe22e600 01e4a000 fe2c2800 01d69300 fe336100 01d31b00 fe242900
PCM 00fdf8 01e42000 fe03dc00 02043400 fe032500 02025700 fdf83100 020bce00 fe03c600
PCM 00fe00 02015f00 fdf7a900 020d8100 fdf77c00 020b3700 fde29e00 02220100 fde26000
PCM 00fe08 0221a400 fdcce900 02349d00 fdba7800 024b1800 fdc64a00 023f1300 fdbe3b00
PCM 00fe10 0245d800 fdcaf000 023b3d00 fddedf00 0224a800 fdcff200 02397000 fdc5c100
PCM 00fe18 023e4d00 fdacd700 02532500 fd9b2b00 02680600 fdaf0f00 0255d300 fda84900
PCM 00fe20 025f8800 fdc11900 02454600 fdd87d00 022bd700 fdcd3700 0237d100 fdd68f00
PCM 00fe28 02302000 fde9d000 021a7700 fddaee00 022b1b00 fdcdfa00 02359c00 fdd03e00
PCM 00fe30 0235a500 fdf63b00 020d6400 fe021b00 0201b000 fdf3e300 0212e200 fdf12f00
PCM 00fe38 02176f00 fdee0e00 0215d700 fdebd200 02187000 fde50a00 021ec100 fdee6f00
PCM 00fe40 02155600 fdfbe400 02092200 fe035100 02060700 fdfc6e00 020a2700 fe147e00
PCM 00fe48 01efbc00 fe1cef00 01e0f800 fe03ab00 0201d600 fe05c000 01fbff00 fe11f900
PCM 00fe50 01effa00 fe2fab00 01d2ba00 fe493e00 01be3400 fe283300 01dd7700 fe2c5600
PCM 00fe58 01d63700 fe3f2f00 01cace00 fe450900 01bc7400 fe6ab800 019a1000 fe7c5a00
PCM 00fe60 018a9b00 fe7a5300 018a5200 fe6a4100 0197b700 fe78c900 01875a00 fe8d6000
PCM 00fe68 01783300 fe929d00 016c0600 fea8e400 01524d00 febc4900 01494400 feb10800
PCM 00fe70 014f9d00 fea68100 01579700 fec41800 013fb800 fed83700 01296400 fede5d00
PCM 00fe78 01239f00 fee32800 01201000 feeced00 01120b00 ff220d00 00e2f900 ff215600
PCM 00fe80 00defc00 ff288300 00d75d00 ff36c100 00ca8e00 ff3ea800 00c01500 ff601b00
PCM 00fe88 00a35900 ff580200 00a27000 ff5ff300 009fcb00 ff8ae000 006eea00 ffa69200
PCM 00fe90 0056a700 ffba4100 00448200 ffa77f00 00524500 ffa99d00 00539000 ffc88200
PCM 00fe98 00343600 ffe01b00 001bb200 ffdab800 001e3f00 ffda5000 00201400 ffeeca00
PCM 00fea0 00094100 0009ed00 fff4cf00 003c4d00 ffc35c00 0065a600 ff95e600 008ecc00
PCM 00fea8 ff6f7400 0082f500 ff768400 006bf800 ff8bfb00 00793800 ff7c5d00 0083d000
PCM 00feb0 ff75e100 00935700 ff648e00 009a0b00 ff656100 00a2a300 ff538900 00bdd000
PCM 00feb8 ff3ce300 00c0b400 ff374100 00cef600 ff27e700 00cc8900 ff27cc00 00eb6f00
PCM 00fec0 ff0af600 00fcae00 fefad700 012dd300 fec95900 01478900 feae6e00 01420a00
PCM 00fec8 feb15b00 01453600 feac1600 01566900 fe9e4700 0164fb00 fe8eb400 0175e000
PCM 00fed0 fe808d00 01716500 fe855300 0168e100 fe90f500 0170b400 fe85da00 01666600
PCM 00fed8 fe922100 01580e00 fe9PCM 00fee0 fea01c00 0177a800 fe809600 018c4500 fe6dc700 01974f00 fe614000 01871800
PCM 00fee8 fe71f000 017be900 fe794b00 01859b00 fe6f4f00 01903e00 fe650200 01881900
PCM 00fef0 fe6ce700 01890600 fe710900 0179f400 fe7ada00 01787b00 fe7ebc00 01695d00
PCM 00fef8 fe8ac400 015d8000 fe971700 015f9c00 fe956300 01598300 fe9ba300 0151f300
PCM 00ff00 fea46600 01640700 fe90c200 015ecb00 fe96f700 0139d800 feb96100 01456500
PCM 00ff08 feaf2f00 0138ea00 febd1000 01191c00 feddf300 01075b00 fef38000 00fa0b00
PCM 00ff10 ff00f100 00d8d900 ff1e4b00 00c9b700 ff301900 00bce300 ff3d3200 00ba3400
PCM 00ff18 ff40ba00 0085a500 ff6fea00 00731600 ff87bb00 00615900 ff978b00 00562000
PCM 00ff20 ffa83600 005d2600 ff9f7300 00452e00 ffb94a00 0020ce00 ffd4ce00 00290300
PCM 00ff28 ffd1b500 00278a00 ffd0f300 001fab00 ffdbf800 00202900 ffd70c00 002b7500
PCM 00ff30 ffcc5800 00176300 ffe41a00 0023eb00 ffd77600 0035b900 ffc28600 0024c800
PCM 00ff38 ffdcd700 fffe6500 fffd0700 fffa6e00 00019300 ffdf0200 001ea200 ffd96b00
PCM 00ff40 00207e00 ffc44e00 00384d00 ffbaf000 00440400 ffd65b00 00233a00 ffc3eb00
PCM 00ff48 0037d200 ffb73200 0047b900 ffb1a800 004a3100 ffb98400 00431600 ff936200
PCM 00ff50 0068a600 ff7ef800 007fad00 ff875200 00774400 ffa16b00 005e0800 ff8dbd00
PCM 00ff58 006a0200 ff81d400 007c3000 ff771a00 0089d400 ff6e1f00 008d1900 ff68c800
PCM 00ff60 0099bb00 ff59dc00 00a6db00 ff4c9200 00b2a200 ff422900 00bbf600 ff3c7800
PCM 00ff68 00c44c00 ff32f500 00c94d00 ff3c3900 00c72200 ff535d00 00aff900 ff48f000
PCM 00ff70 00b5d700 ff48a600 00b66700 ff570f00 00aab600 ff524b00 00aca100 ff62db00
PCM 00ff78 009ee100 ff6fb600 008f2600 ff712800 008bd700 ff76ab00 00879c00 ff77d600
PCM 00ff80 00826b00 ff8c3900 006de500 ff8dcb00 006e8100 ff904200 006bb100 ff7c5600
PCM 00ff88 007f5e00 ff92f800 006c2200 ffbde600 003f4600 ffa42a00 0059ec00 ff8c0d00
PCM 00ff90 0073b500 ff874400 0074b700 ffa2b500 005b0c00 ffc2c900 0039fb00 ffc07100
PCM 00ff98 003fdb00 ffcd0d00 002f1d00 ffd09c00 00294800 ffd97200 00210d00 ffcd6f00
PCM 00ffa0 002edc00 ffd7af00 00262d00 ffd68d00 00213f00 00024100 fffb2900 00280e00
PCM 00ffa8 ffd66b00 001fd100 ffdd7900 002e5700 ffd0b700 0051f200 ffa77800 00545b00
PCM 00ffb0 ffa93a00 005b5a00 ff9db500 006ede00 ff872000 00823300 ff77f400 007e1700
PCM 00ffb8 ff79c000 00974000 ff662e00 00a6fb00 ff4f2e00 00a62f00 ff543400 00a5aa00
PCM 00ffc0 ff537500 009cfb00 ff5b7900 007f7b00 ff79ae00 009cf300 ff5c2800 009a5200
PCM 00ffc8 ff5ed200 009f7c00 ff599f00 00b55900 ff465f00 008e5800 ff705400 00822700
PCM 00ffd0 ff7e9300 00711300 ff860a00 00881d00 ff74de00 009ad200 ff619600 00995000
PCM 00ffd8 ff5fce00 00b1c200 ff49cd00 00bfc500 ff33e100 00b95700 ff3f2500 00aa0200
PCM 00ffe0 ff4f9400 00b0a400 ff45de00 009c9000 ff5c4900 00aa6b00 ff537e00 00c08700
PCM 00ffe8 ff372100 00dd4900 ff1deb00 00ff9f00 fefbc300 0107fb00 feeff800 010e8400
PCM 00fff0 feeab600 011c9700 fedc5100 01275b00 fed20700 01366e00 fec6fa00 0128e500
PCM 00fff8 fecc8700 0135cc00 fec29b00 0145b900 feb1a600 0145af00 feb0be00 015def00
PCM 010000 fe9c4d00 01551c00 fe9f4a00 014ec300 fea9ae00 0158f800 fe9f3f00 01922700
PCM 010008 fe63bc00 018a1600 fe6f7900 017b5c00 fe7d0b00 01814900 fe744f00 017d9500
PCM 010010 fe79f900 019daf00 fe5eda00 01bcfd00 fe32f900 01cac500 fe2d6300 01d4f300
PCM 010018 fe23b300 01cf6d00 fe246700 01b75000 fe3e9c00 01b3ba00 fe40ec00 01b5c600
PCM 010020 fe3eaf00 01a3f400 fe503200 018f6700 fe62cc00 019f8c00 fe564400 01a28500
PCM 010028 fe51d800 0197e500 fe5aad00 0189a200 fe6d2a00 019cdd00 fe5b6e00 019a4200
PCM 010030 fe5c4f00 01a4a000 fe534200 017d0200 fe77ee00 01691b00 fe8b3800 015a5e00
PCM 010038 fe9b9d00 01431800 feb36f00 013cde00 feb84700 01316b00 fec17f00 013c8b00
PCM 010040 feb71000 013ab700 febdbf00 012d5200 fec9b500 0126ce00 fed07d00 01268a00
PCM 010048 fecec000 012c3700 fecd8e00 0119da00 fedd9600 01072700 feed5800 00e0a300
PCM 010050 ff152e00 00cb1d00 ff284d00 00aaa000 ff486e00 009efc00 ff5c2900 00a8aa00
PCM 010058 ff53ba00 00842600 ff73b000 0076e300 ff83de00 00626700 ff9a4900 002d1c00
PCM 010060 ffcda200 000e5300 ffef7800 0015b200 ffe56d00 000ce400 ffeb0600 ffdece00
PCM 010068 001aea00 ffbe4500 00405800 ffa88a00 00551e00 ffa3f800 005a9700 ff8c3c00
PCM 010070 00721100 ff7e4900 00819300 ff6fbb00 008e3f00 ff4e1c00 00af3500 ff3e3300
PCM 010078 00c48100 ff106200 00ef9b00 fee0f800 01203100 feaf9d00 014e1f00 fe9bdb00
PCM 010080 0166f500 fea0b700 015eec00 feafc000 01513b00 fe865a00 017ba300 fe5adb00
PCM 010088 01a7bd00 fe441f00 01bf3500 fe29d900 01d6cd00 fe19b200 01e96300 fe06b600
PCM 010090 01fca900 fde40200 02222e00 fdda8600 022ac200 fdb13100 02575200 fda2ee00
PCM 010098 0265e000 fd865b00 027fcc00 fd77d000 028c0200 fd8a4e00 027e6400 fd6b8b00
PCM 0100a0 0299e800 fd7d7c00 028c3700 fd688700 02a15000 fd7f0900 02859f00 fd6ebd00
PCM 0100a8 0293e700 fd602000 02a4f900 fd51e7PCM 0100b0 02c3ec00 fd440f00 02c5de00 fd4c1900 02b59b00 fd730e00 0295a900 fd7e1000
PCM 0100b8 02899800 fd869e00 027fd800 fd6abe00 0298df00 fd7da400 028bc000 fd8e5900
PCM 0100c0 0279bb00 fd93be00 02737900 fda99700 025f0100 fdc13200 02466c00 fdd45d00
PCM 0100c8 02321f00 fddce700 022a5600 fdd03d00 02356100 fdc3c800 02433900 fdd73800
PCM 0100d0 022a1100 fdd56700 022d6900 fde5f600 0220ea00 fdf8d000 02088b00 fe025100
PCM 0100d8 02072b00 fdf45600 02116e00 fe0bc000 01fa2e00 fe0cb000 01f35100 fe1b7c00
PCM 0100e0 01ec2800 fe441400 01bef300 fe339b00 01d1d500 fe2f9200 01d25700 fe384700
PCM 0100e8 01ce9300 fe486c00 01b84d00 fe708d00 01905900 fe976200 016e0900 fe9ea300
PCM 0100f0 01637d00 feacee00 01544500 fec74400 01392900 fee1eb00 011d9b00 fede1e00
PCM 0100f8 0122d200 fed58900 012afb00 fedfef00 011e0700 ff0b4300 00f4c200 ff2ba200
PCM 010100 00d2e100 ff5f9800 00a24a00 ff85bc00 007a2e00 ff75c500 008b1500 ffadc600
PCM 010108 004fce00 ffbacb00 0045d400 ffcc7200 00305000 fff34200 0009b600 00102b00
PCM 010110 ffe72c00 00096700 fff68a00 003d9f00 ffc3bc00 0069b200 ff8e4c00 007d2400
PCM 010118 ff7b9d00 009fcc00 ff5ab900 00c0bc00 ff377300 00cf0b00 ff26e500 00f83e00
PCM 010120 feff1600 010f0c00 fee6ad00 011b2300 fedadc00 01226d00 fed32600 011ad900
PCM 010128 fedfab00 0128fb00 fecdf400 0139ab00 febdc400 014f8800 fea91200 0145ae00
PCM 010130 feb34e00 01698d00 fe8dd100 01933d00 fe5f2b00 01900c00 fe63e200 017edc00
PCM 010138 fe743c00 0187f900 fe6a7e00 019ef800 fe58b300 01903300 fe63da00 01940200
PCM 010140 fe5e5600 019fc000 fe585800 01885100 fe69f400 0171a100 fe844800 01654b00
PCM 010148 fe920700 01487c00 feaf9800 0155b900 fea2d500 01453b00 feb07600 012dfa00
PCM 010150 fec92e00 0114dc00 fee47c00 01047500 fef13500 00ec9500 ff0b7100 00bab000
PCM 010158 ff3d7a00 009a7a00 ff5e7400 008b3400 ff6c3400 00740e00 ff842200 007a9f00
PCM 010160 ff7ebd00 004fa000 ffab6c00 000d4e00 ffede800 fff5e200 00054d00 fff39b00
PCM 010168 00074600 ffd79000 00230700 ffe37f00 00175000 ffc0c000 00399000 ffc20b00
PCM 010170 003b3a00 ffa25a00 005e4a00 ff70ee00 008e5c00 ff441800 00b41f00 ff167d00
PCM 010178 00ea2900 ff170600 00ea6500 fef79800 01043300 fef34500 010c8900 feed0800
PCM 010180 01107900 fee15500 011fde00 feb9ab00 014b2c00 fea20800 015bc000 fea9d700
PCM 010188 0156ff00 feb9a500 01480000 fea16800 01623400 fea0ac00 01625200 fea18a00
PCM 010190 01655d00 fe720f00 01942000 fe711400 0192fc00 fe7d9100 0185c700 fe6d8500
PCM 010198 01916400 fe5c0a00 01a9a000 fe47cc00 01baf800 fe51b500 01b74d00 fe5ca200
PCM 0101a0 01aa3800 fe313a00 01d0e900 fe40ec00 01bdb500 fe6fb700 01975b00 fe7d0b00
PCM 0101a8 01843100 fe696900 01990400 fe7d2e00 0186c500 fe641c00 019c7900 fe6fde00
PCM 0101b0 01931d00 fe6f0500 01942300 fe6c0300 01920c00 fe7f6500 01850800 fea49a00
PCM 0101b8 015d5900 fe9a6500 0168b200 fe830000 017da800 fe9c2300 0167cc00 fea68d00
PCM 0101c0 015bea00 fea11300 01641f00 fe969900 016e7100 fea7ec00 015a9600 fec93000
PCM 0101c8 01373e00 feab7700 01550100 fe973900 016cac00 fe983a00 0169e800 fe873500
PCM 0101d0 01808200 feb26900 0152cc00 feccb800 0138cc00 feb75e00 0148aa00 feabd700
PCM 0101d8 0153d600 fec60000 013c9f00 fed53800 012bf800 fee7ac00 01169300 fed93500
PCM 0101e0 0123a700 fec43200 0138e800 feb97300 01442100 feb0ea00 01533000 feae7000
PCM 0101e8 01543100 feaedd00 01567600 fea90d00 01597f00 fea9c700 015c7100 fea0d100
PCM 0101f0 01627a00 fe875800 017aef00 fe888900 0178e300 febb6c00 0144d900 fee73300
PCM 0101f8 011a0700 fee29100 011f3300 fee4ed00 011c7c00 fee42c00 011bf900 fee4b600
PCM 010200 01186500 fed2b000 012e4500 fecc6300 01325100 fec95f00 01390d00 fecf4800
PCM 010208 01345500 fecdf200 01329700 fece6a00 01341800 fed47a00 012e4000 fec74800
PCM 010210 01396600 fee1ff00 011f6f00 fee33000 011f3200 fef6b700 010cc700 fef42d00
PCM 010218 010d5e00 fefaeb00 01079200 ff0db800 00f68500 ff223c00 00dc4f00 ff31c800
PCM 010220 00d23300 ff239e00 00d9c000 ff310c00 00ce3300 ff38d600 00c56c00 ff549d00
PCM 010228 00ac0300 ff650f00 00996200 ff6b6800 00934700 ff7ce300 0082e100 ff89f200
PCM 010230 00765200 ff93a600 0069d700 ff813a00 007e9f00 ff98f400 00638f00 ffa2cf00
PCM 010238 005c5400 ffb48900 004b0200 ffcc6f00 0034de00 ffcd9c00 002ef900 ffbef900
PCM 010240 003cca00 ffc02400 0039f100 ffcc0300 0033b000 ffc61300 0038fe00 ffcadc00
PCM 010248 0030bb00 ffc58b00 0038a900 ffe0f600 001c7100 ffe4c700 00130900 ffd9c400
PCM 010250 00229800 ffec2d00 0010df00 fff8ba00 00089500 fff29c00 0008fc00 000b1800
PCM 010258 ffeb8400 002cb300 ffc8de00 004fde00 ffaae400 0057ff00 ffa33500 00476e00
PCM 010260 ffb42e00 003f9c00 ffbc3300 004cf500 ffae5d00 00657600 ff95b500 0060ff00
PCM 010268 ff99b500 00707a00 ff8c4000 008daf00 ff731000 00b23600 ff4a7100 00c27700
PCM 010270 ff38e800 009a5a00 ff60f000 006fbe00 ff8da700 0063ea00 ff980200 00477300
PCM 010278 ffafb600 00456c00 ffb61e00 004dbb00 ffac0d00 0040f800 ffb9c900 005dfe00
PCM 010280 ff9bf900 0081cc00 ff7b3900 00858e00 ff710c00 008da800 ff6b5000 00771800
PCM 010288 ff87ab00 0067c100 ff92eb00 0055dc00 ffaa1f00 00503400 ffaafd00 00566100
PCM 010290 ffa2c600 00568000 ffa49c00 004b5e00 ffaf7c00 002ef800 ffcc0900 001d5300
PCM 010298 ffdcd000 00403600 ffb93900 006adf00 ff939700 0060a200 ff98b900 0061ed00
PCM 0102a0 ff96a900 005ef300 ffa2cf00 0055fe00 ffa7c300 0038bf00 ffc59300 003d3a00
PCM 0102a8 ffbe5500 0030e700 ffcbd300 00388400 ffbe3700 003eea00 ffbc4100 00250100
PCM 0102b0 ffd79600 00285f00 ffd22600 00255700 ffd6f300 0026ca00 ffd4ec00 0039d900
PCM 0102b8 ffc1cf00 0045a600 ffba9700 002f9900 ffce4e00 0027fc00 ffd24800 002f4a00
PCM 0102c0 ffd15b00 003b8100 ffc0b300 00640e00 ff987900 0078c500 ff845700 008beb00
PCM 0102c8 ff6ae900 00a55900 ff554a00 0099ce00 ff626800 00a32300 ff54ad00 00b31200
PCM 0102d0 ff477500 00c72f00 ff35d200 00b84100 ff3f2200 00c0b600 ff39a500 00c79f00
PCM 0102d8 ff31bc00 00db1a00 ff233e00 00d23a00 ff27c600 00c6bf00 ff311c00 00ad1100
PCM 0102e0 ff4e2400 00b93300 ff3cdd00 00bce100 ff36fc00 00a49300 ff52d200 00942c00
PCM 0102e8 ff62f900 00a7fd00 ff529500 00c51a00 ff301800 00dcc400 ff1c8200 00eb6f00
PCM 0102f0 ff0d7600 00e31e00 ff16a700 00e6a000 ff0d1100 00e61500 ff0c9300 00df0400
PCM 0102f8 ff174400 00e71000 ff0d9600 00df4b00 ff1b0300 00ce3d00 ff299e00 00c0f300
PCM 010300 ff34eb00 00cb7a00 ff2d8100 00a68500 ff570300 00935000 ff662f00 009c2c00
PCM 010308 ff5d1d00 008bf000 ff6f7f00 008e8200 ff6d9100 00736400 ff874d00 0077f900
PCM 010310 ff861100 00907700 ff6cc100 009e5b00 ff598500 00a5d600 ff523d00 00872200
PCM 010318 ff759500 006a2f00 ff8d8400 006dbe00 ff8cc200 00583900 ffa3bc00 00371d00
PCM 010320 ffc76c00 0010cc00 ffeb4f00 fffa6d00 00052100 ffebf000 0010fb00 ffea7c00
PCM 010328 00117400 ffe54200 00155400 ffe18900 00191300 ffd05b00 002c2200 ffc53500
PCM 010330 0036ae00 ffbc2500 00442200 ffc1aa00 0038a300 ffc60400 003dd000 ff9df500
PCM 010338 005f9d00 ff671600 00946c00 ff469c00 00b73000 ff33cd00 00ca5e00 ff1a2800
PCM 010340 00e80e00 fefc6d00 01007c00 fee88800 01196700 feda1500 0124ab00 fec78d00
PCM 010348 01394f00 feb81100 014b9400 feaaf100 01575300 fe9af200 01659300 fe8a8c00
PCM 010350 0178b900 fe6fcb00 018fd500 fe608700 01a06d00 fe449000 01c04300 fe4aae00
PCM 010358 01baf600 fe41ad00 01c18500 fe236900 01e1d200 fe212a00 01e21700 fe1ab800
PCM 010360 01e90c00 fe06c300 01fc9f00 fe07e900 01feda00 fe006000 02059f00 fdfead00
PCM 010368 0202b600 fe113a00 01f48900 fe0a6800 01f80b00 fdfc8c00 0209b800 fdf97400
PCM 010370 020cae00 fdeb7e00 021c8700 fdcc9700 023a3200 fdcd1c00 02356900 fde5ea00
PCM 010378 021f7d00 fdd7c400 02264f00 fdbd6400 02489000 fda90600 02599300 fd9d1d00
PCM 010380 02667a00 fda07400 02670100 fdb72900 0251fe00 fda89200 025d2f00 fdb39800
PCM 010388 0253f100 fdc38e00 0241f900 fdcbf600 023d8700 fdc73100 023e1e00 fdde4400
PCM 010390 02277600 fde48400 021dfc00 fe027100 02019700 fe10c900 01f12900 fe28b500
PCM 010398 01db4c00 fe498400 01bc7700 fe52bc00 01b35b00 fe67b900 01985b00 fe5d1700
PCM 0103a0 01a41100 fe4e9600 01b43e00 fe600a00 01a1d200 fe688b00 019b2f00 fe52df00
PCM 0103a8 01b2a000 fe4a5700 01ba1300 fe615500 01a03200 fe7e4400 01834100 fe7e9a00
PCM 0103b0 01813a00 fe8bca00 01759a00 feacec00 0156cc00 fea85e00 01550600 feadd400
PCM 0103b8 014e1500 feae7000 01517100 fe9c3000 0164ed00 fea26500 015f8f00 fea27d00
PCM 0103c0 015e8100 fe9a2b00 0162fb00 fea93a00 01592200 febd2300 01446300 feb7a400
PCM 0103c8 0147aa00 fec1f600 013e3400 fecfb800 01347e00 febf9e00 0142f000 feba2e00
PCM 0103d0 014a3100 fed35a00 01288a00 fefed000 0101e700 ff21be00 00de6000 ff6a4200
PCM 0103d8 00965700 ff7a0900 00870300 ff5e8f00 00a48900 ff550000 00a93000 ff599500
PCM 0103e0 00a16f00 ff7e2a00 007ced00 ffa3c300 005aeb00 ffa56f00 005b5000 ffaa7700
PCM 0103e8 00534200 ffb47600 00495f00 ffb2d900 0049b500 ffd95100 00224500 fff37300
PCM 0103f0 00073300 00113800 ffec5600 0027e900 ffd6b000 00204600 ffd77300 0023fe00
PCM 0103f8 ffd3ca00 00437c00 ffb97f00 0051cd00 ffab0a00 0061c300 ff9a0600 0061aa00
PCM 010400 ff997400 0060b100 ff994600 005d5400 ffa06900 007d1100 ff7ec200 008f5900
PCM 010408 ff6b6600 009eb500 ff587e00 009c7f00 ff5e9900 00b24b00 ff4a9d00 00b6c900
PCM 010410 ff45c200 00af7200 ff480600 00bc5300 ff3dee00 00c86700 ff31bf00 00dbbe00
PCM 010418 ff1ba400 00ec0a00 ff0a2c00 00da4600 ff222900 00d1b000 ff22ae00 00cca100
PCM 010420 ff2c5900 00bfa900 ff392300 00d18400 ff266d00 00f54300 ff02a700 010c8300
PCM 010428 feedcb00 011d2a00 fedf5f00 01359100 fec2c000 01311200 fec23f00 0121d900
PCM 010430 fed4ac00 0127c500 fecd0100 01312a00 feca0b00 01243300 fed47300 012e3700
PCM 010438 fec7ac00 0133cf00 fec61e00 013beb00 febee400 011d7600 fed45800 012a0800
PCM 010440 fecbe300 012b1000 fecad500 013a8f00 febe2700 01624000 fe95ad00 01745b00
PCM 010448 fe815900 0180c600 fe777b00 0199d600 fe5ece00 01a6a800 fe4d8200 01bf2a00
PCM 010450 fe361800 01c84d00 fe2b3800 01c07f00 fe33fd00 01d23900 fe229900 01d30700
PCM 010458 fe236e00 01e69800 fe09f400 02013900 fdf29600 020d8f00 fde8d900 02015800
PCM 010460 fdf14700 01fb0d00 fdf86000 0205d300 fdf1c200 02088c00 fdeb8600 021b5a00
PCM 010468 fdd7e400 02185700 fddda400 020e1d00 fde5bb00 01f90400 fdfbcd00 020bbe00
PCM 010470 fde5f400 021aa500 fdd70100 0208b100 fde90c00 01fc6200 fdf57000 020d5a00
PCM 010478 fde71300 02242f00 fdcbb500 020ba000 fde81f00 01f58600 fe022e00 01f47400
PCM 010480 fdfe3b00 01faa100 fdf8ea00 01ed0900 fe06e200 01c11b00 fe308500 01ae0d00
PCM 010488 fe417200 01a5cc00 fe500400 01b8af00 fe3db300 01b78900 fe3ca200 01a3ad00
PCM 010490 fe52c900 0191dc00 fe65b300 0169fd00 fe913a00 0160db00 fe970200 0168e700
PCM 010498 fe8ba400 014f4600 fea45d00 0120c000 fed59700 01023800 fef5d600 00f3ba00
PCM 0104a0 ff047700 01101a00 fee6f400 010fde00 feedeb00 00e5df00 ff104100 00cbae00
PCM 0104a8 ff30e800 00c1d700 ff399700 009e9900 ff5bf900 008c5200 ff6f3100 007bfa00
PCM 0104b0 ff7ebe00 00826000 ff7ce300 00756b00 ff83a400 00680400 ff92d500 0056a700
PCM 0104b8 ffa3e800 0045cd00 ffb85300 00422b00 ffb6a200 00594700 ff9ecd00 00653100
PCM 0104c0 ff93ed00 00766300 ff88a200 005f0c00 ff986c00 004d2f00 ffa9fc00 00294800
PCM 0104c8 ffd5b000 00073900 fff68c00 fff23700 0009b500 ffdadd00 001f0700 ffcc6f00
PCM 0104d0 00319600 ffb2a100 0047fa00 ff8b1300 0072a400 ff70ff00 008ea500 ff59b400
PCM 0104d8 00a43c00 ff3d5200 00c53400 ff405d00 00be0500 ff283900 00dbf700 ff1d5100
PCM 0104e0 00e36500 fefb7200 0106cd00 febf0a00 0143b600 fe98a500 0167d600 fe60ad00
PCM 0104e8 01a35900 fe4ae600 01b8da00 fe3cc800 01c29100 fe531600 01b43f00 fe18a700
PCM 0104f0 01ee9c00 fde64200 02223b00 fdf30400 02121500 fdc8fc00 02390400 fdc9c200
PCM 0104f8 023bb200 fd8cc600 02789700 fd88fa00 0280cb00 fd7c5500 028c9300 fd61f500
PCM 010500 02a77500 fd557700 02b02800 fd5b8700 02aabd00 fd564000 02aee300 fd353900
PCM 010508 02d07300 fd53c700 02b10500 fd6bbd00 029b3d00 fd6e9e00 0294d900 fd72ca00
PCM 010510 02946700 fd8a0500 027f1300 fd937d00 02719600 fdbacc00 0246c400 fdc07400
PCM 010518 0243c400 fde33100 021d8a00 fdf57600 0211fd00 fdec1b00 02195900 fe08b700
PCM 010520 01f5b600 fe1f0c00 01e34e00 fe2e5100 01d66f00 fe469a00 01b9fb00 fe7cb400
PCM 010528 01885100 fe8cab00 0175f900 fe8f7c00 01751e00 feb61100 014c6200 fee2be00
PCM 010530 011f7a00 fef92b00 01062900 ff1b1c00 00e1c700 ff3ab900 00c49900 ff6b9b00
PCM 010538 0091c800 ff8d8500 00712600 ff9f2600 005ed700 ffb9cf00 003f8300 ffdc8900
PCM 010540 0020f300 ffe9db00 00139b00 ffe55000 00162500 fff73f00 0001b100 0001ba00
PCM 010548 fff85f00 001b6700 ffe18f00 00367100 ffc6d000 0043a700 ffb5ea00 00427c00
PCM 010550 ffba9600 00394000 ffc26100 0047d000 ffb39400 00490b00 ffaec800 0075b900
PCM 010558 ff84fe00 007a6900 ff7d4900 00875000 ff737000 00ae6e00 ff487e00 00aca900
PCM 010560 ff4fb000 00a48000 ff52df00 00b04500 ff4c6f00 00b30b00 ff489d00 00b01c00
PCM 010568 ff4b5e00 00a64300 ff542e00 00be0b00 ff3dc000 00bbd300 ff3b6800 00bb3a00
PCM 010570 ff3d3400 00baa100 ff3d9b00 00b34000 ff47c400 00b01000 ff44e400 00aa3e00
PCM 010578 ff4e3c00 00993b00 ff5d5500 00a17a00 ff561500 00b64200 ff433000 00a70c00
PCM 010580 ff502b00 00b5b900 ff41c500 009f0a00 ff58b300 008b7f00 ff6ec600 008a0800
PCM 010588 ff6bec00 009a4200 ff574000 009ece00 ff58cb00 00aaf900 ff4cf200 009c0900
PCM 010590 ff607000 00a41900 ff59f000 00a50e00 ff59d700 008dc900 ff6c1500 007de900
PCM 010598 ff7b0800 008cdd00 ff6ee900 007f2000 ff7c6c00 00713000 ff89ba00 00772600
PCM 0105a0 ff806100 0094d400 ff642200 0097a200 ff608d00 009ea900 ff5b4d00 008a6700
PCM 0105a8 ff6d5800 006d6000 ff8bc600 00566c00 ffa46b00 004e1800 ffadd900 006e6000
PCM 0105b0 ff8b8e00 0054ee00 ffa35800 003f3100 ffb8ae00 003b4300 ffc00000 00293200
PCM 0105b8 ffd0fb00 00358500 ffc6ed00 00209800 ffdae300 ffff9100 fffaa500 ffe24800
PCM 0105c0 001a7c00 ffda6800 0027fc00 ffd77c00 00230900 ffe79f00 00122500 ffe69d00
PCM 0105c8 00135d00 ffce2e00 002d0b00 ffcb9000 002f5500 ffc97700 0032a100 ffc92500
PCM 0105d0 00319900 ffdf9000 00185a00 ffe87200 00127200 ffe75200 0012c500 ffea7400
PCM 0105d8 0010b700 ffebc200 000fa600 fff18d00 0008d400 00095a00 fff11700 0012b900
PCM 0105e0 ffed0400 00099b00 fff31c00 00119200 ffeced00 00324600 ffcd2800 00506d00
PCM 0105e8 ffaaef00 00527100 ffaa1a00 00953000 ff633300 00b31d00 ff461b00 00c82a00
PCM 0105f0 ff2d6300 01097d00 feeebd00 010ed400 fee94e00 011b6000 fed99c00 0145ff00
PCM 0105f8 feb3c400 01747800 fe84e700 01a15900 fe547a00 01b37000 fe408500 01f9c400
PCM 010600 fdfcb700 02219b00 fdcfc000 02556a00 fd9e9e00 0295fb00 fd57f500 02e75900
PCM 010608 fd0cf000 03106900 fcdf3e00 034c8a00 fca2be00 03794f00 fc728400 03a6f600
PCM 010610 fc45a200 03cb3000 fc210d00 03df8e00 fc0cd700 03f16d00 fbfb0500 04057000
PCM 010618 fbe80000 04013c00 fbf08d00 03feb200 fbea2200 0401da00 fbe98600 03ec9b00
PCM 010620 fbfc0400 03c9ec00 fc22fa00 03ae2500 fc3c4200 037e7100 fc713b00 035f4500
PCM 010628 fc8fce00 032cad00 fcbdc900 02fc3e00 fcf0a800 02d33500 fd219d00 02700500
PCM 010630 fd831600 01f88400 fdf61a00 01993c00 fe5d2500 01407700 febaa900 00ed1000
PCM 010638 ff092000 00734a00 ff839500 0025d200 ffd0af00 ffc80a00 003a7a00 ff6bbd00
PCM 010640 0092db00 ff272200 00d8b100 fece9c00 01356200 fe68b700 0196f400 fe32bd00
PCM 010648 01d1ca00 fdf53400 02112900 fdd16000 0235c200 fdbc8600 0245c700 fdb68e00
PCM 010650 024ee700 fd971d00 026ed700 fd852c00 027f5900 fd778700 02920300 fd6ae000
PCM 010658 029ca700 fd655b00 02a08f00 fd7fed00 02850e00 fd965c00 026de100 fdb30300
PCM 010660 02524000 fdd6c900 022b4d00 fdf16600 02155f00 fe27bc00 01db9e00 fe5ea100
PCM 010668 01a0d100 fe91c800 016f1200 feaf3800 0151f700 fecd2c00 0136ba00 feee2500
PCM 010670 01121800 fee60300 011d1c00 fecca900 01327800 fec2a800 013e7400 fecbac00
PCM 010678 01361700 febc5e00 01442400 fe9fe800 01620a00 fe9b4600 0164ba00 fe80bd00
PCM 010680 01847100 fe5f2700 01a69500 fe35e200 01cc5a00 fe1dca00 01e40a00 fe0aa100
PCM 010688 01f81e00 fdf87f00 020b9500 fde6a800 021c2200 fdcea600 02372600 fdc1b100
PCM 010690 02417400 fd78a900 028f8100 fd42db00 02c5ab00 fd3b4100 02ce2100 fd068d00
PCM 010698 03028400 fce7e800 031f7c00 fcd6b300 032f4900 fcc73a00 03409800 fcc04e00
PCM 0106a0 034b5500 fc9a4300 036d3d00 fc69cb00 03a1a100 fc316800 03ddb000 fbf46700
PCM 0106a8 04145900 fbbbfc00 044d3a00 fb851f00 04870000 fb494400 04c51600 fb055300
PCM 0106b0 0508eb00 fae82c00 05287b00 fac45700 054b1b00 faa7ff00 05673f00 fa89ca00
PCM 0106b8 05890b00 fa41c700 05d1d500 fa1d5b00 05fa9100 fa180700 05fe6100 f9fda500
PCM 0106c0 06183900 f9d9de00 06376800 f9d79500 0640a600 f9af5400 0664c800 f9a11f00
PCM 0106c8 0676e000 f993db00 0680d600 f999b600 067ced00 f9b11900 0664c700 f9b69700
PCM 0106d0 06630c00 f9997e00 067b7700 f98f5900 0687b900 f99fe000 0677e800 f9b76500
PCM 0106d8 065eae00 f9b3f400 065e4b00 f9bf6200 06595600 f9dfdc00 06343400 f9fbdd00
PCM 0106e0 06160c00 fa1be300 05f97200 fa141300 06004800 fa32b800 05e19700 fa379300
PCM 0106e8 05dc7d00 fa617400 05aca500 fa866300 058af800 fa970900 05776200 fa9f6700
PCM 0106f0 05700f00 faf4aa00 051f8000 fb1a4200 04f76000 fb59ad00 04b3f400 fb86f900
PCM 0106f8 04849900 fbb6a000 04594500 fbd24700 043d2d00 fbd7f800 04366c00 fbf8ba00
PCM 010700 04123700 fc388e00 03d3be00 fc77ee00 03951800 fc9cc300 036c4700 fcadb500
PCM 010708 035bee00 fce09b00 0327dd00 fd102500 02f84a00 fd40d600 02c9f000 fd5cea00
PCM 010710 02aca500 fd6cee00 029bab00 fd809500 02825b00 fdaa0b00 02590d00 fe043900
PCM 010718 0202fa00 fe313c00 01ce7b00 fe2ddf00 01d48f00 fe4ce700 01b77b00 fe6bbb00
PCM 010720 01968f00 fe8d3700 0173e600 fe96d700 016cec00 fe8fc700 016e3900 fea70500
PCM 010728 015afb00 feccca00 01314200 feecd900 01173b00 ff0bac00 00f69c00 ff2a6600
PCM 010730 00d5ed00 ff2a1900 00d2e800 ff435e00 00bb6000 ff51a400 00ac4a00 ff569600
PCM 010738 00a2d100 ff7db900 0082c100 ff87bd00 00762200 ff98fb00 00640800 ffca6a00
PCM 010740 00370b00 ffd31800 002b8700 ffdeb000 001e8500 ffd5db00 00270200 ffe71e00
PCM 010748 00122200 000a1000 fff36400 002a8a00 ffd36500 00249600 ffd6a900 001d0800
PCM 010750 ffe07800 002a5e00 ffd1e700 00395700 ffc01000 0040fc00 ffbc2400 003ffd00
PCM 010758 ffbace00 005f0600 ff9c0d00 006f8500 ff88b200 0079af00 ff810200 008d3600
PCM 010760 ff6a9c00 008f7400 ff6cf400 00937c00 ff613e00 00ac1700 ff4e2d00 00be7e00
PCM 010768 ff398500 00be8b00 ff3b7300 00cf1700 ff29c000 00c39d00 ff367500 00bda600
PCM 010770 ff3bd100 00c2f300 ff35ed00 00cb2700 ff318b00 00be9200 ff3d9c00 00aea100
PCM 010778 ff4b8100 00ae6d00 ff477800 00b9d600 ff3e0f00 00e74000 ff115100 00f2b100
PCM 010780 ff0b0b00 00f45800 ff01cc00 00efb500 ff0c5800 00f23a00 ff079300 01030500
PCM 010788 fef61200 00ee0a00 ff094800 00f14000 ff079c00 00f62600 ff033800 0107b300
PCM 010790 fef34a00 011c8800 fedae600 01209800 fed4eb00 011ac000 fedefe00 012e8a00
PCM 010798 fecec700 011b0100 feda6e00 0127fb00 fecee900 01209900 feda1400 010f0d00
PCM 0107a0 fee7e200 010c9b00 fee88300 00f4b700 ff03c100 00f33300 ff03ed00 0100d200
PCM 0107a8 fef80200 00f7b000 ff003000 00f30b00 ff067400 00eeba00 ff0ae200 00f4a700
PCM 0107b0 ff042b00 01086f00 fef09c00 01103800 feeb9f00 0112c000 fee23300 00fdea00
PCM 0107b8 fefac100 00f32100 ff01df00 010c9900 feec6700 011e7100 fed6b100 011f6600
PCM 0107c0 fed6a000 0106c600 fef14800 0117b000 fee16300 011c1c00 fede3f00 011dfe00
PCM 0107c8 feda2100 0143ac00 feb56600 015aab00 fe9b6300 0159ff00 fe9d5300 01519e00
PCM 0107d0 fea94000 01532e00 fea48100 016a7200 fe8d1f00 0166c300 fe91e000 01662d00
PCM 0107d8 fe91ec00 01678e00 fe90f800 013e6c00 feb95700 01387600 febbb700 014f0000
PCM 0107e0 feaac900 013f7c00 feb92300 0133c600 fec4aa00 0120c700 fed9b600 01195900
PCM 0107e8 fee0fe00 0103ae00 fef09300 00f59700 ff02d000 0102e300 fef64c00 0113f200
PCM 0107f0 fee32500 01257100 fecf6f00 0112f200 fee02c00 0107fa00 fef11300 00f8d400
PCM 0107f8 ff00ca00 00e72300 ff0ce700 00e63200 ff11bc00 00e0bb00 ff180700 00e6f900
PCM 010800 ff107d00 00dae300 ff1d1400 00cd8100 ff2a6f00 00da8c00 ff243d00 00d82a00
PCM 010808 ff218d00 00a6f900 ff53eb00 00a7fc00 ff52a200 00c4d700 ff34cd00 00d8e600
PCM 010810 ff23b300 00b5d100 ff45ed00 00b06f00 ff47be00 00a2cd00 ff571f00 00a9be00
PCM 010818 ff514300 00a85400 ff52f500 00c48e00 ff367b00 00bab100 ff3e7d00 00aa1f00
PCM 010820 ff4c5500 00bd5d00 ff3b3400 00bae400 ff3eda00 0092d200 ff6abb00 008c9200
PCM 010828 ff6c5000 007a8300 ff800800 006e6b00 ff8b3e00 00766d00 ff842000 00764400
PCM 010830 ff860f00 0084b400 ff74da00 008cd000 ff6ae400 007e6a00 ff765500 00693200
PCM 010838 ff8e3d00 00683e00 ff928e00 005aad00 ffa0ab00 00728700 ff883f00 00880f00
PCM 010840 ff6fd800 00753900 ff86bf00 00691000 ff8def00 0070ed00 ff896a00 00617800
PCM 010848 ff997f00 0055de00 ffa06700 006ba000 ff8d3500 0082bf00 ff786500 007c0700
PCM 010850 ff7db100 0077d200 ff840300 0072ab00 ff883a00 006c2200 ff8eef00 0070a900
PCM 010858 ff8dcd00 00768e00 ff85bc00 006adf00 ff8eef00 00539300 ffa74200 00416e00
PCM 010860 ffbda500 004b3a00 ffaf8d00 00379000 ffc4c400 004b9400 ffae6b00 006d2000
PCM 010868 ff8bc900 0070e200 ff8a4300 006d5d00 ff8e7a00 00650c00 ff942c00 00518600
PCM 010870 ffa6f400 00475b00 ffb09800 0047bc00 ffb32a00 003bcd00 ffc07800 0056d600
PCM 010878 ffa11e00 005f3c00 ff9b5200 0042b400 ffb3a000 00389800 ffc3bd00 00328c00
PCM 010880 ffc6d900 0032800 ffc64700 001c4100 ffde9d00 0016e100 ffe69400 000fa500
PCM 010888 ffe8d000 00083f00 fff0e900 00248200 ffd5d700 00488b00 ffb18900 00393200
PCM 010890 ffc1ed00 00474800 ffb3a600 00365600 ffc3e800 00318900 ffcbff00 00428500
PCM 010898 ffb94900 00309d00 ffce2400 00345a00 ffc74a00 00236e00 ffd4fa00 001ba300
PCM 0108a0 ffe0ee00 fff52800 00056500 fffbc100 fffdfd00 0016d500 ffe1db00 001db500
PCM 0108a8 ffdb9c00 001abe00 ffe23900 00298800 ffd23c00 00346e00 ffc3a800 00180700
PCM 0108b0 ffe3ae00 00137d00 ffe48600 001c2800 ffe06600 001b5f00 ffdefd00 00300400
PCM 0108b8 ffcc1600 0044fa00 ffb64500 003ae200 ffc1e900 00281300 ffd24e00 002d1600
PCM 0108c0 ffd07400 00244900 ffdca700 0024f500 ffd34200 0PCM 0108c8 ffaea400 003e8d00 ffbb2f00 00241600 ffd85000 00381000 ffc26500 004bcf00
PCM 0108d0 ffadbc00 006cd000 ff8f4b00 0050ca00 ffa87600 003dab00 ffbac800 003cdb00
PCM 0108d8 ffbb1400 005a3c00 ffa1f800 00682900 ff8fec00 00714000 ff849800 00820d00
PCM 0108e0 ff780f00 00741100 ff883600 007fa400 ff7a8e00 00871900 ff73f500 00967800
PCM 0108e8 ff636d00 00832400 ff737e00 006e2400 ff89a700 00695700 ff910d00 00735100
PCM 0108f0 ff867600 00700e00 ff8a5700 00848f00 ff78dc00 00848f00 ff761800 00a97500
PCM 0108f8 ff504000 00b4bc00 ff453900 00b43300 ff46a400 009b6900 ff606000 008c6300
PCM 010900 ff6f2c00 0079a600 ff819d00 00768500 ff83c700 00759c00 ff845400 005f7900
PCM 010908 ff9d6800 00576c00 ffa4bb00 006fcf00 ff8d5100 0076fb00 ff861500 0069f200
PCM 010910 ff903700 007bab00 ff7fb600 0067c400 ff948100 00722a00 ff8cdb00 0092d200
PCM 010918 ff67bf00 00b0ed00 ff47f900 00a5cf00 ff541700 009f6f00 ff564700 00bcb100
PCM 010920 ff3c6300 00bed300 ff3ec500 00cde900 ff2e2400 00e36b00 ff152800 00ea1400
PCM 010928 ff0e3700 00d00a00 ff2a7e00 00ba9400 ff3ef900 00d47900 ff286e00 00d42400
PCM 010930 ff247c00 00e0c600 ff168f00 00effa00 ff0db900 00e0a800 ff172300 00f39300
PCM 010938 ff03d600 00f2d100 ff031400 01043c00 fef93100 0104a500 fef43100 01097c00
PCM 010940 feec9900 01106400 fee8d600 012ce300 fecca500 01435100 feb0fe00 01351a00
PCM 010948 fec55a00 01127a00 fee36400 012feb00 fec88500 0133d200 fec14400 01235f00
PCM 010950 fed51600 01234200 fed4c900 01171d00 fee23300 010f3c00 fee7b600 01195200
PCM 010958 feda4100 0125c900 fed31a00 01449800 feb50f00 015a1000 fe9c9700 014a5b00
PCM 010960 fea9be00 01535300 fea4ed00 01549600 fe9f8b00 014f4a00 fea7b700 0151f600
PCM 010968 fea90400 0156ee00 fe9d4400 015c8200 fe967300 017c4600 fe793500 017e6d00
PCM 010970 fe762200 0188a800 fe6d4300 0198dc00 fe61bf00 01834900 fe74cc00 017e6c00
PCM 010978 fe7c1400 01721300 fe832f00 01665700 fe8f7300 0169b300 fe88e400 014b8b00
PCM 010980 fead6100 014a7600 feab4900 016ea100 fe84b400 016fd700 fe84ac00 017bdd00
PCM 010988 fe7c7900 01a01100 fe544600 01ac8500 fe47ae00 01bd2e00 fe34b300 01b9b900
PCM 010990 fe3a6e00 01a46800 fe4d7d00 01a37a00 fe4fe500 01985000 fe5a7500 01bc9e00
PCM 010998 fe3a0e00 01c17b00 fe33df00 01c48c00 fe2fdd00 01cbac00 fe296a00 01eeda00
PCM 0109a0 fe023200 01e65f00 fe0bb300 01e42800 fe0bd500 01ea6100 fe08bf00 020d6500
PCM 0109a8 fde80700 02005500 fdf1c900 01ee7400 fe031300 01f6c600 fdf8fe00 01f5ac00
PCM 0109b0 fdf91600 01fde200 fdf30900 020b4400 fde53a00 01f06c00 fe010b00 01fb8700
PCM 0109b8 fdf4ec00 02173800 fdd6cf00 0229f100 fdcb8800 02336400 fdc29400 023bee00
PCM 0109c0 fdb58e00 025b8200 fd95a700 02682400 fd8a5200 025c5100 fd93c700 026e8c00
PCM 0109c8 fd806c00 026b6a00 fd82bc00 027bff00 fd747f00 0283bb00 fd6cfb00 028cc600
PCM 0109d0 fd654600 027c5f00 fd731600 026e2500 fd889200 02935000 fd5d9300 02b5d700
PCM 0109d8 fd390400 02b3eb00 fd3bda00 02ba7300 fd37cb00 02ac6400 fd3bd900 02bd7700
PCM 0109e0 fd323500 02c15d00 fd2e0700 02c1fd00 fd2a8600 02c63c00 fd2aa100 02c36300
PCM 0109e8 fd265200 02b4ba00 fd3a7900 02a23000 fd4c9f00 02ac7000 fd43d600 02d2ed00
PCM 0109f0 fd18b500 02e5e400 fd076800 02da1600 fd130d00 02e64f00 fd0a4000 02f8d600
PCM 0109f8 fcf3e800 030a5b00 fce06a00 0302a600 fcf00600 02d80000 fd189600 02dcd300
PCM 010a00 fd0efd00 02e58100 fd0be400 02e89b00 fd076d00 02c71e00 fd24bf00 02b2a900
PCM 010a08 fd365600 02baf100 fd360300 02abc700 fd405000 02982900 fd5a0300 02a5bd00
PCM 010a10 fd4cec00 02940a00 fd5d3e00 028dfd00 fd65a400 02827700 fd70e700 027dd000
PCM 010a18 fd70f300 026be300 fd844300 02509600 fda20500 0222f100 fdcf7500 020df100
PCM 010a20 fde40600 0215d000 fddced00 0210b800 fddf4500 021bb400 fdd49a00 021b5b00
PCM 010a28 fdd4ea00 0203b200 fdf13400 01ceb500 fe282a00 0199b800 fe5d7a00 018fe000
PCM 010a30 fe646300 018b0200 fe683000 01561800 fe9e4200 013b9a00 feb7f100 01447d00
PCM 010a38 feb24f00 0131bb00 febfc900 01186c00 fee2d300 00e17300 ff154f00 00bd5b00
PCM 010a40 ff3c7000 00b01f00 ff46ec00 008de800 ff6c9700 0069d600 ff916500 004fa700
PCM 010a48 ffa98a00 00262d00 ffd45600 0022da00 ffd80700 00182f00 ffe47700 00080900
PCM 010a50 fff60200 fffaed00 ffff5900 ffd91e00 00226f00 ffd86e00 00230300 ffd4d900
PCM 010a58 00262a00 ffbcad00 003f0d00 ff852500 007c4800 ff65ff00 00995e00 ff501300
PCM 010a60 00ad4700 ff4f1f00 00b02300 ff1f6200 00e05c00 ff029e00 00faef00 fef9f700
PCM 010a68 010aa200 fed08b00 012ce500 fea79400 0157f200 fe977f00 01686900 fe7a7600
PCM 010a70 01839f00 fe955200 01699500 fe867a00 01786200 fe69e800 0195fe00 fe602200
PCM 010a78 01a38500 fe573d00 01a78500 fe603500 01a20400 fe4bb600 01b9c000 fe342700
PCM 010a80 01d0ce00 fe3e4800 01c5f200 fe4e2900 01b14500 fe47a100 01bca900 fe3f4100
PCM 010a88 01c3b600 fe171b00 01ed5400 fe15fb00 01eb5800 fe208000 01e22700 fe016800
PCM 010a90 0201ec00 fe14a900 01ed0400 fe22d900 01df0900 fe1d2a00 01e6b900 fe13c800
PCM 010a98 01f4d100 fe326800 01d27e00 fe32d000 01ce2600 fe1c6e00 01e5e100 fe349f00
PCM 010aa0 01ce5f00 fe2f1700 01cef900 fe3d3500 01c6cb00 fe439b00 01c04400 fe2f3700
PCM 010aa8 01d5b200 fe235800 01e21000 fe0d7900 01fd0b00 fe14ec00 01f04300 fe216a00
PCM 010ab0 01e1c600 fe3b3600 01cd8e00 fe3c8300 01c25f00 fe58f800 01a73c00 fe611d00
PCM 010ab8 019f4b00 fe6d1500 01952500 fe800900 01852d00 fe870a00 01799c00 fe8e5600
PCM 010ac0 0170d900 fea73e00 01586a00 fea85b00 01585900 febe7600 01422800 feb8d300
PCM 010ac8 0148b500 feb92700 014b3700 fec4ec00 0139c100 feb27400 01524800 fec8a600
PCM 010ad0 013a4000 fedd3300 01224500 fedb8000 01252400 fed18600 012cbd00 fed0da00
PCM 010ad8 012f3e00 feece300 01159f00 ff1b9100 00e20500 ff2d3600 00d97700 ff129d00
PCM 010ae0 00ed0e00 feff5000 01005100 fee74a00 01164800 feedd900 0117be00 fee88c00
PCM 010ae8 01192300 fefd5b00 01002500 ff092600 00f4bb00 ff15d600 00eb7400 ff356600
PCM 010af0 00c73f00 ff3e6600 00bf9700 ff58ac00 00a81b00 ff6c8500 00934e00 ff6aa100
PCM 010af8 009a3b00 ff7a9300 0085f300 ff7a2e00 00837200 ff784c00 00846100 ff83fe00
PCM 010b00 00774600 ff8c3800 006ecd00 ff84ce00 0076bb00 ff84da00 00753300 ff956600
PCM 010b08 006b6100 ff852d00 00788600 ff817300 007c0600 ff787300 0085f600 ff7f9a00
PCM 010b10 00811900 ff74b900 0086e600 ff774500 0087b100 ff91e200 006d8500 ff7ee100
PCM 010b18 007ea000 ff7d3f00 00821300 ff7ad900 0082d000 ff8e0700 006af200 ffa8b600
PCM 010b20 00544900 ffa2ea00 005a6600 ff904900 00697500 ff758600 00883400 ff8e2f00
PCM 010b28 0071f100 ffa17400 005f2100 ff923300 006c9300 ff801400 007e7000 ff761dPCM 010b30 00869700 ff74f800 008bfb00 ff702e00 00913f00 ff5d0c00 00a2d900 ff742600
PCM 010b38 0088b900 ff7e0500 00807d00 ff63d600 00972f00 ff864700 0077b600 ff73ef00
PCM 010b40 008c4900 ff6b0200 00934100 ff78fa00 0086e300 ff7f0200 007f7700 ff953b00
PCM 010b48 0067ff00 ff8a4500 00763b00 ff84e100 007d1800 ff984100 0063c000 ff930a00
PCM 010b50 006e1000 ffa1a200 00613200 ffb49100 004b7100 ffa1e100 005ba500 ff85ac00
PCM 010b58 007a1600 ff691000 0094f100 ff445100 00ba6a00 ff33a300 00cfca00 ff5d8300
PCM 010b60 00a2ca00 ff58ad00 00a4f300 ff657c00 00993000 ff765600 008ae800 ff82a800
PCM 010b68 007fe000 ff8aff00 0070a100 ff759a00 00890a00 ff736c00 008b1f00 ff8eab00
PCM 010b70 006ffd00 ff863700 007b6a00 ff96d300 0063c900 ffa7fd00 0057ce00 ff8e2c00
PCM 010b78 00710900 ff897400 0076ea00 ff865700 00791400 ffa39c00 005b5300 ffa24600
PCM 010b80 0058cc00 ff913800 006e3d00 ffa1a200 005f2e00 ff8fe200 00717e00 ff722b00
PCM 010b88 008e8f00 ff710200 008f6b00 ff702200 00893000 ff823900 00794900 ff7d7800
PCM 010b90 0080e200 ff6f5c00 008f6100 ff709e00 008cdd00 ff680800 0092fd00 ff930f00
PCM 010b98 006c5400 ffb58000 004ee500 ffb0c400 0051b400 ffb77d00 004b3300 ffa51800
PCM 010ba0 0058d700 ffa9e800 0056fe00 ffbec800 003f3e00 ffaea900 004f0d00 ffa17400
PCM 010ba8 00574b00 ff9b8f00 00644c00 ff9c9700 0061bc00 ff7bbc00 00860d00 ff759500
PCM 010bb0 008c2600 ff914400 006c9b00 ff9db400 005cbd00 ffab2000 004fd400 ffb1ed00
PCM 010bb8 004ab100 ffa62d00 00561500 ff952a00 0068c700 ffa8ee00 0059eb00 ff9f4b00
PCM 010bc0 00608900 ff94b900 0068ca00 ff8dc800 00707e00 ffa6b000 005b1b00 ffbe0800
PCM 010bc8 00428f00 ffab6c00 00525b00 ffbf2b00 00424c00 ffcabd00 00317800 ffbf0f00
PCM 010bd0 003b6600 ffbaf100 0041a000 ff991c00 0060e300 ff9d6b00 005ea700 ff9f5900
PCM 010bd8 005faf00 ff91ad00 006b6700 ff7e8600 00823700 ff7bbe00 0081d300 ff816a00
PCM 010be0 007b2000 ff93d900 0065c100 ffa0b600 005b8800 ffad9900 004e6f00 ffa7f500
PCM 010be8 00567b00 ff901f00 006e5b00 ff8b3600 00711c00 ff976900 0064f100 ffad4400
PCM 010bf0 0050ab00 ffd72c00 002b3400 ffdefa00 001f1000 ffe5e100 00176600 ffeead00
PCM 010bf8 00117b00 ffe41d00 0017ad00 ffdd7b00 00210700 ffd7dd00 0026ef00 ffdcfc00
PCM 010c00 001f9c00 ffdfdb00 0018d500 ffe35a00 00183900 ffff9700 fff98500 00147200
PCM 010c08 ffe48700 000ea000 ffef6900 000c1b00 fff28400 00174b00 ffe07100 00138300
PCM 010c10 ffe4b000 0012b000 ffea1600 00021000 fff80300 fff85200 0002df00 fffec800
PCM 010c18 fffe6500 0005bc00 fff32300 ffffb000 fffd7b00 fffb8c00 fffe8f00 00140b00
PCM 010c20 ffe3cf00 000c5500 ffef1000 000c2e00 ffea6e00 00018100 fffc4700 000f2400
PCM 010c28 ffed5700 00157e00 ffe8dc00 0000cd00 fff85400 0009a000 fff1e900 002cb900
PCM 010c30 ffcf5700 00467700 ffb6d700 003c5800 ffb9b300 004eca00 ffae7400 0054c800
PCM 010c38 ffa16100 006d8400 ff89dd00 0077f000 ff81ed00 00596800 ffa02b00 006ba800
PCM 010c40 ff8d3c00 0078d100 ff833900 0074e100 ff830800 0085c700 ff799200 005d3900
PCM 010c48 ff9af700 003feb00 ffb9c200 004f9e00 ffaaf000 005fdf00 ff985c00 006b7700
PCM 010c50 ff8e8000 0046a300 ffb18400 0054a100 ffa5f800 00691700 ff910b00 005e1400
PCM 010c58 ff9b3c00 00651500 ff949c00 004d8200 ffae1600 0035f300 ffc41900 00388e00
PCM 010c60 ffc0b800 003e7100 ffbd2500 003a4f00 ffbf7400 00425400 ffba9600 005b1a00
PCM 010c68 ff9bd300 006c9800 ff8ff600 00712200 ff8bbf00 007df900 ff7dff00 00833500
PCM 010c70 ff782100 007b4400 ff7f3700 0057d700 ffa6ef00 004a9300 ffb14d00 006ddf00
PCM 010c78 ff8ba600 008d5e00 ff689000 0096e500 ff63c800 00921800 ff64e800 008b0700
PCM 010c80 ff703700 00859f00 ff743800 006bb000 ff901600 005f1400 ff9f7000 00573400
PCM 010c88 ffa05700 0068a100 ff91f000 0074ea00 ff84b500 0081c000 ff7bec00 00841500
PCM 010c90 ff788400 0064b200 ff93c200 00601d00 ff9cb100 005c9700 ff9d6800 003f7900
PCM 010c98 ffba7200 004d5000 ffa93100 005ec600 ff9a1900 0078a800 ff807900 00666900
PCM 010ca0 ff907500 00600500 ff962a00 00609a00 ff99b100 0066d300 ff90f200 00620800
PCM 010ca8 ff969900 0065a100 ff980700 00610e00 ff988300 005bb600 ff9ed600 00597d00
PCM 010cb0 ffa1af00 0048bc00 ffac2c00 004ae500 ffb11900 0050d700 ffa9fc00 00502c00
PCM 010cb8 ffad0400 0056a300 ffa4fc00 0061a600 ff9a2400 004dfc00 ffab8800 004ae600
PCM 010cc0 ffac9c00 00434200 ffb99600 004e3400 ffadff00 005d6d00 ff9e7d00 00480f00
PCM 010cc8 ffb2b700 003a1200 ffc37b00 003c3d00 ffbd2b00 002ee000 ffcaef00 00266b00
PCM 010cd0 ffd67b00 00253600 ffd53800 00300000 ffc8d500 002e0a00 ffcc5d00 00304000
PCM 010cd8 ffcd2000 000c8000 fff10900 00003400 fffb1700 fff4c900 00068400 fff68800
PCM 010ce0 00058500 ffef7500 0010af00 ffea6c00 0015a500 fff65400 0007d700 ffdfda00
PCM 010ce8 001dd600 ffd2e500 0029fc00 ffd4c900 0027ea00 ffda2e00 0024cd00 ffec1e00
PCM 010cf0 00111800 ffe29700 001abd00 fffccf00 0002a900 000e5800 ffee6500 0014b100
PCM 010cf8 ffe56d00 ffff2900 fffbb000 00022800 fffaa700 001a2c00 ffe21000 001c1800
PCM 010d00 ffe1fc00 00173b00 ffe66200 0004d000 fff5d300 0001d200 fff64500 00026800
PCM 010d08 fffa6000 0001bd00 fffc5700 000ffa00 ffec3100 000cca00 ffed0700 00213b00
PCM 010d10 ffdf4b00 00236000 ffddc700 0013f700 ffe34400 fff32400 000c5d00 fff01100
PCM 010d18 000d6700 00055200 fff5f600 000ffc00 ffeb2d00 0016eb00 ffe5c000 00263f00
PCM 010d20 ffd5cb00 002d9d00 ffcb6500 003aef00 ffbf8100 0036ab00 ffc5e500 001c1a00
PCM 010d28 ffdbd600 000c0700 ffeff300 fff6b200 00078e00 ffeb1200 00134300 ffec0500
PCM 010d30 00136a00 ffe7f500 00156b00 0004f100 fff8e800 0014e200 ffe44800 000ffe00
PCM 010d38 ffeb0300 0011ba00 ffe5f600 000ec600 ffe99b00 0027ba00 ffd54300 001ce800
PCM 010d40 ffdf5800 002c0e00 ffd03400 00282100 ffd0ea00 fffeb300 fff7f100 fff97300
PCM 010d48 fffe3600 fffbb600 fffc0800 00058600 fff5c600 ffdde700 001e1e00 ffdb6800
PCM 010d50 00204300 ffcf2d00 0026d400 fff19e00 00087600 fff7e600 0004c800 fff3ad00
PCM 010d58 0005cf00 00017300 fff95a00 00051600 fffadc00 fff35a00 000adc00 ffef7300
PCM 010d60 000dd100 fff42d00 00081900 fff60d00 00045b00 ffeaf200 0011c600 ffe6ef00
PCM 010d68 000fc600 fff84000 0000e000 00071300 fff4e600 0003b200 fff50900 001a2200
PCM 010d70 ffe16a00 002b9a00 ffd11800 003d6700 ffbd5700 0034960000 0024b800
PCM 010d78 ffd59500 003db100 ffbcee00 004d2c00 ffabbf00 00340100 ffc33700 00255000
PCM 010d80 ffd58600 001a8400 ffdff800 0013d100 ffe3c000 00072400 ffef4200 000d2700
PCM 010d88 ffebb800 00115600 ffeb4000 000a1700 fff00400 fff2a300 000ace00 ffe8ce00
PCM 010d90 00116900 fff27200 000a7100 000c7700 ffec0900 0037d400 ffc4b300 00466500
PCM 010d98 ffb1eb00 003ba800 ffbb5b00 003bdc00 ffbfb400 0038f300 ffc21f00 00479200
PCM 010da0 ffb2e000 00277400 ffd3b300 0007bf00 ffee9f00 00172200 ffe59700 001d9400
PCM 010da8 ffe24100 000c9800 ffed2100 0005fe00 fff50400 002acc00 ffce9600 00305800
PCM 010db0 ffcdf800 002c8100 ffcc3200 0033eb00 ffc78c00 00268d00 ffd2ab00 00256b00
PCM 010db8 ffda1f00 0029ae00 ffd01500 0033b800 ffc0ef00 00412c00 ffba7b00 003c0600
PCM 010dc0 ffbf0b00 00349b00 ffc93a00 002a2d00 ffd1d600 00414300 ffbc5100 004b0800
PCM 010dc8 ffae7000 003f7000 ffbbce00 00243d00 ffd8db00 0018f600 ffe58400 002e2500
PCM 010dd0 ffcc8500 0028cc00 ffce4f00 001dd600 ffdd3700 0015e000 ffe4d900 002d6300
PCM 010dd8 ffcf6500 002c4f00 ffd12300 00381400 ffc27f00 00544a00 ffaa7e00 005e2e00
PCM 010de0 ff9a1100 00581c00 ffa0ab00 005c8d00 ff9ec400 006b4700 ff8d2300 0069fPCM 010df0 ff9f1a00 00570b00 ffa50d00 005cb300 ff9e7800 005bea00 ff9dd300 003dc500
PCM 010df8 ffbbf400 0033b600 ffc89e00 00284400 ffd13400 002f1f00 ffcca600 00360600
PCM 010e00 ffc3b900 00364900 ffc34900 001c8200 ffdec000 002eb400 ffd02c00 0044b000
PCM 010e08 ffb5ec00 003a9e00 ffbcd800 0043c000 ffb99600 003abe00 ffbd1200 0044b000
PCM 010e10 ffb4ae00 004fe100 ffaa3d00 00790a00 ff7e1100 00827d00 ff798300 0062b700
PCM 010e18 ff966c00 00533400 ffa70c00 0046c900 ffb56200 003b6900 ffbe5b00 004c5900
PCM 010e20 ffb13700 00469b00 ffb23f00 0031b300 ffca9000 0049ee00 ffae9200 00593f00
PCM 010e28 ffa29000 00486000 ffb28500 00452100 ffb34000 004f1400 ffaad400 0045ce00
PCM 010e30 ffb2d200 00484400 ffb10400 005b3600 ff9d3c00 0053e300 ffa49400 00676300
PCM 010e38 ff902c00 006ebb00 ff89d700 004ad900 ffadf000 00393e00 ffbdcb00 004b5600
PCM 010e40 ffae8200 004ca600 ffaddb00 00535500 ffa78300 00423600 ffbb8e00 0047f100
PCM 010e48 ffb60100 001f2d00 ffddaf00 001fb200 ffdca300 003fc900 ffbc9300 00442b00
PCM 010e50 ffb78800 00513400 ffa9c600 00364c00 ffc12f00 003fbd00 ffb7a500 0044c500
PCM 010e58 ffb5c500 004eda00 ffaa2e00 00555500 ffa46200 00529e00 ffa7fd00 005e5d00
PCM 010e60 ff9b3400 004e8400 ffae9500 0059fb00 ffa29900 00597400 ffa3a900 005e7e00
PCM 010e68 ff9cbb00 008c8c00 ff714d00 008bf000 ff6c4f00 00880000 ff71eb00 00ab6d00
PCM 010e70 ff4eaf00 00a17800 ff5b9d00 009ea500 ff5cb600 00a40900 ff53c200 00a21200
PCM 010e78 ff585f00 009d5200 ff605200 00aeb200 ff4a3200 00bd4400 ff3c5e00 00be4300
PCM 010e80 ff3f4300 00c5c700 ff32d800 00ca4f00 ff2f4400 00b87600 ff3e8e00 00c3ac00
PCM 010e88 ff30ff00 00e19500 ff1aaa00 00eb3100 ff0b2b00 00eb3d00 ff0c6400 00d4e100
PCM 010e90 ff220100 00c6ad00 ff2ecc00 00d85b00 ff215200 00f0af00 ff081700 00d40e00
PCM 010e98 ff21ba00 00e3ab00 ff1b3000 00eced00 ff104a00 00f41600 ff051100 00df6600
PCM 010ea0 ff1b1b00 00deb800 ff192300 00e50500 ff10d300 00e01f00 ff170d00 00e65200
PCM 010ea8 ff146800 00f67900 ff032e00 00eafd00 ff0c5e00 00e6ae00 ff106e00 00f91c00
PCM 010eb0 ff006f00 0106f000 fef52f00 0100e800 fef6f000 00e1c300 ff14b700 00d3c700
PCM 010eb8 ff28d900 00e7b400 ff0e0c00 00f9e500 feff6300 00f4ba00 ff08b300 00c29500
PCM 010ec0 ff340000 009d5100 ff5cee00 00bea300 ff3e3b00 00d1b600 ff279200 00c76900
PCM 010ec8 ff329e00 00be7f00 ff39a200 00d88200 ff209500 00c05900 ff32a100 00be8200
PCM 010ed0 ff3b5900 00be2600 ff351400 00b9ec00 ff3cbc00 00c7d400 ff2de300 00ba4100
PCM 010ed8 ff3a9e00 00cdae00 ff279f00 00cbe900 ff2b1f00 00caea00 ff2d9900 00d4bf00
PCM 010ee0 ff253e00 00e2c900 ff19b000 00d8cd00 ff1eee00 00bda600 ff3be300 00b54f00
PCM 010ee8 ff447d00 00d25d00 ff24d100 00fa3900 fefae000 00f53e00 ff031400 00dc7c00
PCM 010ef0 ff181600 00e11100 ff19c600 00efda00 ff0a0800 00e6e300 ff0f5c00 00c6f600
PCM 010ef8 ff356200 00ca8700 ff2df800 00c8f500 ff34a800 00bd9b00 ff3ca900 00c8e300
PCM 010f00 ff30b300 00e05c00 ff1b8e00 00e43b00 ff12c900 00e3f200 ff161a00 00f6b400
PCM 010f08 ff00fe00 00e88300 ff0dcb00 00e25300 ff17a600 00d77500 ff208900 00c66e00
PCM 010f10 ff300d00 00b32800 ff456f00 00b5ab00 ff40a100 00c5ee00 ff32cb00 00d47400
PCM 010f18 ff25d600 00cf6d00 ff26f300 00d74a00 ff1ee800 00c86300 ff2f4c00 00acac00
PCM 010f20 ff4ebb00 00741200 ff82f300 0064a600 ff93e200 0054c700 ffa83f00 00620800
PCM 010f28 ff9a4100 00720d00 ff882e00 00844800 ff784600 008f7d00 ff69e400 00779400
PCM 010f30 ff82a000 006f3c00 ff8PCM 010f38 ff7b5f00 0060fd00 ff98ec00 005ffb00 ff999100 007fac00 ff793a00 00819b00
PCM 010f40 ff78f900 00851200 ff76ba00 009e2400 ff5f6700 008d1800 ff6dc900 005d0500
PCM 010f48 ff9e0a00 0072dc00 ff859100 007abd00 ff800b00 004fa900 ffa9df00 004a5c00
PCM 010f50 ffad9e00 0050f000 ffaeb300 0054be00 ffa5de00 007caa00 ff7f1b00 00509a00
PCM 010f58 ffa80700 00576a00 ff9ec700 00583200 ffa42d00 00586b00 ff9f3600 0059fb00
PCM 010f60 ffa06600 004a7f00 ffaeb100 0056b000 ffa32a00 006b6f00 ff8fb000 004f3a00
PCM 010f68 ffad3c00 003dd200 ffb72800 003f5d00 ffbd7500 0033a600 ffc43400 001ec100
PCM 010f70 ffdf1f00 00106900 ffe93f00 00216700 ffdcdf00 002b3300 ffce9600 0018b500
PCM 010f78 ffe44e00 00192600 ffe1b800 001c0d00 ffdd6400 00210b00 ffdab700 0026ef00
PCM 010f80 ffd68300 001d4500 ffde6300 00182900 ffe34100 0016c100 ffe20900 00145e00
PCM 010f88 ffe57500 001c1100 ffdebc00 00357000 ffc77400 00082300 fff20200 fff59900
PCM 010f90 00035000 fff7f700 0003a500 000cb200 ffeba400 00264500 ffd3ad00 0010e700
PCM 010f98 ffeae500 0016ed00 ffe70800 0026f700 ffd8a300 001fd800 ffde9400 0002a200
PCM 010fa0 fff6d900 ffe67c00 0016b300 ffd74b00 00263500 ffd8bc00 00245700 ffdac600
PCM 010fa8 001e9d00 ffd91e00 00247200 ffd32d00 0026f500 ffbdfb00 003f9400 ffb71b00
PCM 010fb0 00438000 ffa35700 00596b00 ff97ed00 00649100 ffaf9c00 004cac00 ffc0a400
PCM 010fb8 003cdd00 ffb92300 00474b00 ffa65100 0054c300 ffbea500 003aed00 ffb7af00
PCM 010fc0 00445f00 ffa09300 00555700 ffae6300 004d1500 ffb86e00 003e7c00 ff98d400
PCM 010fc8 00628900 ff825400 007b2400 ff800900 007cee00 ff9e9a00 005e0200 ff9f5200
PCM 010fd0 005dda00 ffb68c00 00489400 ffb76900 00432e00 ff9df100 005d6000 ff962100
PCM 010fd8 0065f500 ffc81900 0034f600 ffec1600 00153d00 ffed3e00 00107500 ffdf9d00
PCM 010fe0 001adb00 ffe32300 00195600 ffd45f00 00290600 ffb4f400 00445500 ffb34100
PCM 010fe8 00487200 ffb5f000 00430b00 ffbbd800 003e8d00 ffd12100 002a2c00 ffd39000
PCM 010ff0 00290100 ffd2d200 002cad00 ffbbb800 00402400 ffa2aa00 00587100 ff83e500
PCM 010ff8 007af300 ff862a00 00756400 ffb0a200 004c0100 ffccc900 00318900 ffce3800
PCM 011000 002e1a00 ffc7d700 00388a00 ffba2d00 00453500 ffa46900 00558a00 ff8ad200
PCM 011008 0070bd00 ff94bf00 00635e00 ff9ae100 00669b00 ffa13f00 00598500 ffad3500
PCM 011010 004e0200 ffc27000 00366c00 ffd6ea00 00256300 ffcfae00 0029ef00 ffbbb600
PCM 011018 003e8f00 ffc3d800 003b1100 ffbeaa00 003cf200 ffc39000 00372900 ffc0f900
PCM 011020 0036d700 ffc9c500 00300800 ffe3c400 00193d00 ffe93f00 000e4800 00083b00
PCM 011028 fff37d00 000f2100 ffeb4e00 fffce100 00014400 fff3c800 00080800 ffdefc00
PCM 011030 001a6b00 ffde0000 0019f800 ffef0000 00097d00 fffa5200 fffc2700 ffe0f300
PCM 011038 00153f00 ffe76e00 00155500 fffb5300 00042e00 fff56500 00075b00 00030700
PCM 011040 fff84900 0010bf00 ffeddb00 0012b000 ffe85a00 fff4b100 00029300 ffe09900
PCM 011048 001c3300 fff0af00 000d0700 ffeaff00 00114b00 ffebe400 00112600 ffefce00
PCM 011050 000dd600 0005ec00 fff2f500 ffff3d00 fffaf600 000ae300 ffeb9f00 001fca00
PCM 011058 ffdbae00 002f8500 ffca1200 002fe100 ffcdfc00 002bfa00 ffcfe200 0041e400
PCM 011060 ffb7e800 004b9e00 ffb16300 0057cb00 ffa3c500 002e1700 ffcd0100 002d9000
PCM 011068 ffcbd400 0035ed00 ffbf4600 003a3900 ffbce700 0038ca00 ffc1a100 002c7900
PCM 011070 ffcbf000 002cc200 ffc8df00 00326d00 ffc4cf00 003cc300 ffbb0800 004ed500
PCM 011078 ffabd400 004d4000 ffaa5200 0026ec00 ffd45700 00252000 ffd44d00 003cae00
PCM 011080 ffbc6c00 003a8c00 ffbb6000 00374000 ffbdb600 00469300 ffb61600 0058bb00
PCM 011088 ff9fc200 003ffb00 ffb83b00 002d1300 ffcd8e00 002afb00 ffce2900 001e7200
PCM 011090 ffd8e000 00150c00 ffe35600 000d2300 ffeadf00 00361600 ffc1b400 00354b00
PCM 011098 ffc05e00 00149500 ffe7eb00 001f2400 ffda1500 00252400 ffd63500 00107900
PCM 0110a0 ffe77900 00095000 fff2cd00 0020d000 ffdb4300 000c9200 ffe9cb00 0000da00
PCM 0110a8 fffa8300 0009eb00 ffef8900 001b4900 ffdfe600 001f8200 ffdb6200 00211f00
PCM 0110b0 ffde4700 ffffc900 fffd7b00 fff45300 0007a800 fff57500 0008e500 fffaf200
PCM 0110b8 ffffd700 ffe8c700 000fd600 ffed2000 000d6b00 fff74c00 ffff9e00 00080100
PCM 0110c0 fff29500 000a1e00 fff00300 001af800 ffe38c00 001efa00 ffdc8400 00204000
PCM 0110c8 ffd48300 00206600 ffd8b300 00201000 ffdbf300 001edc00 ffd62e00 002cb800
PCM 0110d0 ffd17f00 001fa300 ffd81000 001ee200 ffde2900 00201000 ffda2400 003e7300
PCM 0110d8 ffbcbe00 0024b300 ffd8fc00 00314800 ffc9ba00 003e3800 ffbe1000 0018aa00
PCM 0110e0 ffdffa00 000c7100 ffed9900 00159400 ffec3d00 000c3d00 ffeac100 fffe5700
PCM 0110e8 fffbbc00 00040500 fff5b300 00106100 ffec1c00 001c6800 ffdb0400 000ee300
PCM 0110f0 ffe96300 ffe53100 00142b00 fff93000 00010e00 00027400 fff62400 000ba100
PCM 0110f8 ffefa600 00338400 ffc72f00 00395600 ffc34b00 0036c700 ffc37400 0047ed00
PCM 011100 ffadd300 00330600 ffc92700 001a0700 ffe03d00 000c5900 ffed3000 00232a00
PCM 011108 ffda7800 00415a00 ffba1800 003ee700 ffb89800 002a8700 ffcfe400 00152900
PCM 011110 ffe5c900 001d7f00 ffdb7100 00271800 ffd5e000 00397900 ffbc8f00 00376c00
PCM 011118 ffc58000 001d6f00 ffddc400 003d4000 ffbbee00 003ce300 ffbd4100 00374f00
PCM 011120 ffc01c00 004fd800 ffa69000 0055c800 ffa44500 005e6400 ff9bb400 00548f00
PCM 011128 ffa43000 0050eb00 ffa72f00 006d1a00 ff8eeb00 0094da00 ff6a2f00 00aa4c00
PCM 011130 ff527000 008d1f00 ff6e7900 006ba800 ff8d4a00 006fcd00 ff8d2700 007af000
PCM 011138 ff80ea00 00777700 ff81b900 0094ee00 ff64fe00 00a51200 ff51c200 0099d200
PCM 011140 ff5edf00 00912300 ff68dd00 00a47400 ff540800 0096a700 ff624b00 008e9600
PCM 011148 ff699e00 007d1f00 ff79fa00 006e9b00 ff8a4b00 009bd200 ff5ce400 0079ff00
PCM 011150 ff7bda00 0077f900 ff800d00 0090bc00 ff653c00 00813400 ff77c300 006f7400
PCM 011158 ff851e00 007c7400 ff7e0b00 006f2f00 ff8acf00 0073a000 ff864e00 008df900
PCM 011160 ff68af00 009ea100 ff56c200 009bd500 ff5f8800 00935d00 ff6cd300 008d3d00
PCM 011168 ff6dd200 00817e00 ff779400 00952500 ff651b00 00a75b00 ff51b200 00a6dc00
PCM 011170 ff52d000 009d1900 ff602800 008e2d00 ff6cbb00 00974500 ff647900 009e2500
PCM 011178 ff581600 00b9af00 ff473d00 00a73400 ff592400 00923100 ff64c600 00961c00
PCM 011180 ff630d00 009edd00 ff5a4b00 00b60d00 ff469e00 00a12900 ff574c00 00a81600
PCM 011188 ff52b600 008d9d00 ff6d1200 006c2700 ff90b600 0071c900 ff88f100 006f7900
PCM 011190 ff8be900 0052a900 ffa66300 00640300 ff991600 00519600 ffabb300 00479b00
PCM 011198 ffb0ba00 003d5700 ffbd1800 00383a00 ffc16700 00533d00 ffa8dc00 005b9400
PCM 0111a0 ff9e5600 006c8900 ff8f1a00 00656500 ff928200 0066ad00 ff942800 004e3200
PCM 0111a8 ffa9fc00 00368400 ffc49d00 0026d800 ffd34700 00127200 ffe8da00 00114c00
PCM 0111b0 ffea4100 000cc000 ffef7100 000a6400 fff2e200 00135d00 ffea1400 00289500
PCM 0111b8 ffd34100 00166700 ffe7fa00 00171700 ffe4c300 001c4d00 ffe05300 00340100
PCM 0111c0 ffa00 00341900 ffc9b200 002cc500 ffccfb00 fffdc000 fffca100 0008aPCM 0111c8 fff1a800 0005b900 fff9b900 00080e00 fff3cc00 fff76c00 00019300 ffdf1600
PCM 0111d0 001caa00 ffccfd00 00317f00 ffb0fe00 004c3300 ffcf2800 002add00 ffPCM 0111d8 002d4400 ffe09600 00196c00 ffdf5f00 001dc900 ffd61f00 00254b00 ffceb800
PCM 0111e0 002aed00 ffd28700 0028f600 ffc61800 0036e200 ffad9300 004ff900 ffb0aa00
PCM 0111e8 004d2600 ff9f2600 005e8600 ffaa3500 00516800 ff9c4e00 0060a800 ff9e7800
PCM 0111f0 005b9400 ffc7a500 0033fa00 ffc71f00 00331f00 ffd17100 0024f900 ffd48d00
PCM 0111f8 0025a400 ffc12700 0038c600 ffb1c400 00498a00 ffa63f00 00546000 ff968100
PCM 011200 0069cb00 ff8f9200 006a8800 ff91a300 006ce600 ff803600 007b2200 ff7b5d00
PCM 011208 007ff800 ff940a00 006b4800 ff93fe00 006af400 ff980400 0068f700 ffa29b00
PCM 011210 005f6500 ffadbc00 004f3600 ffade400 004fd400 ffa6d800 00587a00 ffb58f00
PCM 011218 0046f900 ffad8900 004aee00 ffb34a00 004cd200 ffa70300 00588600 ff9b8000
PCM 011220 0062ee00 ff9f5c00 00629b00 ffa66400 005b0300 ff7fd500 007da900 ff7e3f00
PCM 011228 007c3800 ff961b00 00614700 ff965600 00698e00 ff91dc00 0067c200 ff9b1700
PCM 011230 0060df00 ff9b7300 0064ba00 ff89f200 00708300 ff787700 00879800 ff77a700
PCM 011238 00861200 ff732700 00833100 ff6fb300 008e8e00 ff95dd00 00672e00 ff8b5600
PCM 011240 00724700 ff7c9000 0081ac00 ff884300 0077c000 ff7e1d00 007d6300 ff868300
PCM 011248 007c7200 ff897c00 00739200 ff84f800 0079ea00 ff7aa900 00848900 ff8bf600
PCM 011250 00732a00 ff8d1c00 006f1700 ff95e000 006b8900 ff97bf00 0064fa00 ff8dfe00
PCM 011258 006ebe00 ff98b200 00653a00 ffafe300 0051de00 ffb07f00 004dc100 ffad2700
PCM 011260 004edf00 ffb97c00 00420d00 ffb5bb00 004b4500 ffc05d00 003d6a00 ffba0700
PCM 011268 00431c00 ffcc0400 00304400 ffd8b100 0021f000 ffd9df00 0022d800 ffe0fd00
PCM 011270 0019d100 ffd1bd00 00251700 ffc13f00 00397800 ffb9e300 0041c600 ff9c7100
PCM 011278 005b7f00 ffa16400 005ab100 ff9ec200 0062c300 ffac8200 00531600 ffb27a00
PCM 011280 004fe800 ff94a000 00683f00 ff93b300 006ae200 ffa06900 005e8200 ff9cf500
PCM 011288 005bbc00 ffba5000 00440c00 ffcded00 002f8f00 ffcf2600 002b9500 ffdf3800
PCM 011290 001b9d00 ffdb3e00 00216400 ffd69400 00260a00 ffd8ea00 00240a00 ffc67300
 00342e00 ffb76600 0044f100 ff987700 00644300 ff91d400 006c3b00 ffb3c100
PCM 0112a0 00485400 ffad2500 004e2400 ffa78900 00555500 ffad6900 0051ab00 ff969900
PCM 0112a8 0064c600 ff901400 006d7f00 ff8e3b00 0070cb00 ff97f700 00658400 ffa85000
PCM 0112b0 00566600 ffa10000 005a1f00 ff832700 007b2500 ff8a4f00 00768400 ff6ab800
PCM 0112b8 00962500 ff59ce00 00a33900 ff4e2400 00ab9200 ff461900 00b8c100 ff39f800
PCM 0112c0 00c3bd00 ff462900 00b89e00 ff667400 0095a800 ff645500 009a7600 ff600e00
PCM 0112c8 009c6700 ff665400 008f7000 ff837f00 00777300 ffb35700 004abf00 ffb37c00
PCM 0112d0 004c0700 ff83ba00 00770e00 ffa58c00 00559e00 ffaa5800 0052b100 ffa24b00
PCM 0112d8 005d6200 ffac9e00 004dd700 ff9ab100 00621e00 ffa6db00 005af100 ffa51500
PCM 0112e0 0053b600 ff9db300 005f9f00 ff7f6000 00811400 ff8cde00 006eca00 ffafd800
PCM 0112e8 004a9300 ffa20f00 00593200 ff8e2c00 006ea800 ff7bc900 00819f00 ff712200
PCM 0112f0 008a7800 ff7dbf00 0082da00 ff7d5d00 007c4700 ff701000 0094c000 ff733500
PCM 0112f8 008caf00 ff892500 00768a00 ff8b8d00 006ffb00 ff826600 007aab00 ff75d100
PCM 011300 00892f00 ff62be00 009afe00 ff812600 007ee600 ff9ecc00 005b2e00 ffaddc00
PCM 011308 00504e00 ffa89a00 00518200 ffa73c00 00564500 ffad9500 00503900 ffcb2c00
PCM 011310 002f6000 ffe00900 001a6800 ffdf4200 0022f600 ffcba200 002f5e00 ffc4c900
PCM 011318 0034b100 ffb3b400 00465200 ff9ePCM 011320 00441700 ffb8be00 0042a800 ff91c600 006b1500 ff948600 00661e00 ff95bb00
PCM 011328 0064e900 ff9f4600 005bf800 ffa73200 00580400 ffb91000 00438600 ffbcf700
PCM 011330 003eb500 ffb88700 00446100 ff967a00 0066fd00 ffa13f00 005b2600 ff9bd500
PCM 011338 005d7000 ffa2b300 005aa400 ff9b9100 00637900 ff92bc00 00706000 ff852800
PCM 011340 00797500 ff88b900 007ae200 ff6f6500 0090c600 ff85bb00 0078e400 ff960300
PCM 011348 00693600 ffad4800 0051ce00 ffa01300 005e8e00 ff9ada00 0065a700 ffc14200
PCM 011350 00379f00 ffe01b00 001d7800 ffcc8900 002b2500 ffc24d00 0039e900 ffb20300
PCM 011358 004cfd00 ffd14300 002fed00 ffcf0700 002bd300 ffb09f00 004e7700 ffacab00
PCM 011360 00541800 ff9bf500 00638500 ff93fa00 006c0c00 ff900d00 006f1600 ff830800
PCM 011368 00788500 ff7e9500 00814b00 ff7da400 00835300 ff7db400 00805000 ff99be00
PCM 011370 00688400 ffaebb00 0050a000 ffb04e00 004ac000 ffcd3400 0033ce00 ffc56f00
PCM 011378 00376400 ffb24200 004c3100 ffa11b00 005b1300 ffa97000 00540600 ffbfa200
PCM 011380 003efc00 ffc14300 0041f700 ffbfae00 003f2f00 ffb63b00 00482900 ffb29700
PCM 011388 0048ce00 ffc7a000 00303200 ffcc6200 002e7600 ffd27800 00295e00 ffc87b00
PCM 011390 00374200 ffda7b00 001f7600 fff14c00 00098700 fff3f900 0006c000 fffba900
PCM 011398 00019400 fff19c00 000a3800 ffef0700 000d6300 fff6af00 0004bf00 ffdd4900
PCM 0113a0 001f1f00 ffda3a00 00232900 ffee4900 000f0000 ffe43300PCM 0113a8 00258000 ffce6a00 002c9b00 ffdd9700 001d8800 ffe4ea00 001c5200 ffd2e400
PCM 0113b0 0026cf00 ffce9b00 002bcc00 ffc2f700 003f2b00 ffc13300 003bf800 ffc35000
PCM 0113b8 00387600 ffcbca00 0033bb00 ffb94000 00467800 ffadc500 00505600 ffbcb500
PCM 0113c0 00409000 ffcf8800 002f7600 ffc83100 00349200 ffb17200 00476200 ffc38700
PCM 0113c8 00397d00 ffdc1a00 0023a200 ffe04b00 001d0800 ffe44800 00197800 ffce4b00
PCM 0113d0 002b5c00 ffc5f100 00368600 ffb60700 00460a00 ffaf1000 004de900 ff91a200
PCM 0113d8 006df500 ff987f00 005ed300 ff87d800 00709700 ff897b00 0075af00 ffa59300
PCM 0113e0 0056af00 ff99b600 00672000 ff879800 00784500 ff972100 00606000 ff9fec00
PCM 0113e8 005d5500 ffa0b300 005PCM 0113f0 004b0f00 ffa0b100 00613200 ffb1ac00 004a0c00 ffd80a00PCM 0113f8 00423700 ffbc9f00 003ecd00 ffb82b00 0046a300 ffb63c00 0046da00 ffa7b900
PCM 011400 00553800 ff9e1c00 00632600 ff98ea00 00669900 ff9f7000 005d4b00 ff8a4400
PCM 011408 00710b00 ff8aed00 00742600 ff7c3600 00843000 ff98ef00 00687200 ff8f5e00
PCM 011410 00749800 ff784500 0088c000 ff70e600 008d7f00 ff66f900 009ab100 ff6c8700
PCM 011418 00956f00 ff833c00 007bf000 ff64ae00 009c1000 ff4dfc00 00b6c700 ff5d5d00
PCM 011420 00a1d400 ff692500 0093d000 ff762a00 008c1000 ff699d00 00992e00 ff59ad00
PCM 011428 00a87000 ff342000 00cee800 ff164400 00ea1c00 ff05fd00 00f93b00 ff0f8e00
PCM 011430 00f06800 ff1d7000 00e26f00 ff1fe500 00e21000 ff2cf400 00d54500 ff1e0f00
PCM 011438 00e4f700 ff0b9900 00f61500 ff04ba00 00f9f300 fefd0e00 01026300 feec5a00
PCM 011440 01179f00 fed58900 012dfa00 fee46d00 0119c400 feed6700 01145d00 fed39d00
PCM 011448 012c8d00 feeb3900 01165300 fef7af00 01092800 ff18c100 00e5e600 ff1bf600
PCM 011450 00e27a00 ff1a4000 00e7f700 ff059300 00f9ad00 ff0a4600 00f2e500 fefc4200
PCM 011458 01034b00 fef79000 0109aa00 ff099400 00f79c00 ff059d00 00fdb800 ff12dd00
PCM 011460 00efa200 feff6a00 0101a300 ff0e3200 00f0ef00 fefdf800 01007700 fef2b100
PCM 011468 010f3d00 fee75d00 0119e000 febdf000 0146ab00 fec09a00 0141d700 fead7800
PCM 011470 01520c00 fea0b700 015f5a00 feb5f100 014c5800 feb7bb00 014cd500 febe3a00
PCM 011478 0141aa00 fea36800 015fa800 fe9ab300 0167b300 febac000 0146a500 fea7fa00
PCM 011480 015d0500 fe9eb000 01619200 fea4c100 015a7300 feb3d000 014cdc00 feaf5100
PCM 011488 01536200 feb2d700 01536400 fecf9000 0132fc00 fec43b00 013ded00 feae3100
PCM 011490 01598900 fea0df00 01621f00 febead00 01453400 fee38600 011f1e00 fedd7300
PCM 011498 01269800 fee11e00 0125f800 fef15900 01105800 fef3f600 010b8000 fef76d00
PCM 0114a0 010a1a00 fee6a600 011c8000 fed9df00 012bbf00 fed31200 01303f00 fecca700
PCM 0114a8 01351400 fecf6200 01392600 fee84700 01193900 fede8900 01208000 fec8cb00
PCM 0114b0 0135fd00 febfd000 01425c00 fec69e00 01381b00 fecb3900 01381800 fecac100
PCM 0114b8 01330600 fec58400 0138b900 fec73700 013a5200 fed46400 01303d00 feda0600
PCM 0114c0 0125dc00 fee9f400 0117a200 feedb500 01115400 fef2eb00 010ec800 fef89c00
PCM 0114c8 01080a00 fefb8500 01044900 feef7200 0111df00 fedc2000 01253700 fecd0200
PCM 0114d0 01356600 febba500 01456f00 fec96800 0137d100 feb4f200 014db800 fec37000
PCM 0114d8 013f1e00 fed18b00 012da700 feb3cd00 014c8200 fea80400 015b5f00 fec51e00
PCM 0114e0 013fb200 fed83500 012ce900 fef9a800 01045000 ff05d300 00f80800 fee6bc00
PCM 0114e8 01180f00 fedff900 011f8200 fee2aa00 011ded00 feee7e00 0111b000 fefb6100
PCM 0114f0 0108e300 feeaf700 01154500 fee2ec00 011c1300 fed84400 01250f00 fec66100
PCM 0114f8 0136b400 fee12100 011f6f00 fefbc900 01053a00 fef91700 01074800 ff1c9800
PCM 011500 00e0cf00 ff16fe00 00eb3f00 ff019800 00ff3c00 ff030100 00fdc000 ff08c700
PCM 011508 00f6a600 ff08a600 00f6f300 ff255f00 00dae700 ff309a00 00cc6400 ff1f0400
PCM 011510 00df8700 ff1f1400 00e32e00 ff134d00 00ed0300 ff277200 00d71100 ff14ed00
PCM 011518 00eb6f00 fef99400 0103c000 fee4f200 01207b00 fec75b00 01391500 fedfff00
PCM 011520 01217d00 fef3f600 010d0400 ff16e300 00ec3d00 ff27c400 00d5c400 ff222400
PCM 011528 00e21800 fefc3a00 01047600 ff078100 00fa2900 ff175100 00e33600 ff223800
PCM 011530 00df2300 ff218f00 00dea000 ff30b100 00cf5d00 ff1f2b00 00dfb600 ff122100
PCM 011538 00ef5f00 ff12bd00 00e96800 ff078100 00f8e500 ff04e100 00fe5000 ff18ec00
PCM 011540 00e6f300 ff2ad600 00d81c00 ff347700 00cadf00 ff287200 00d48700 ff38bd00
PCM 011548 00c63c00 ff273600 00d9e900 ff0f1200 00edce00 ff16b800 00e82d00 ff102d00
PCM 011550 00efbc00 ff1c7a00 00e6c300 ff0f2700 00ef6a00 ff13e800 00ecff00 ff259400
PCM 011558 00da9400 ff334500 00cb4100 ff1b1500 00e48d00 ff0c1100 00f40b00 ff19aa00
PCM 011560 00e4db00 ff1b6200 00e86400 ff1d3d00 00e31d00 ff239d00 00d73f00 ff30a600
PCM 011568 00ccc400 ff2a3f00 00d49a00 ff305100 00cef700 ff33c000 00c7d800 ff1a2100
PCM 011570 00e75a00 ff30bf00 00cde700 ff581500 00a71700 ff52e600 00a71100 ff32f700
PCM 011578 00c89000 ff4e5000 00b2a300 ff657500 00979b00 ff5c8600 00a1c000 ff5e8800
PCM 011580 009de700 ff7e5900 00814800 ff71de00 008c1400 ff7e6c00 0080a400 ff881900
PCM 011588 0075ce00 ff8a6900 0076e900 ff7a7100 00819300 ff83bb00 0078ee00 ff8e3000
PCM 011590 0071b800 ff90aa00 006be700 ffb71200 00476100 ff9bda00 00653500 ff756600
PCM 011598 008a0a00 ff7b1a00 0084b900 ffa2eb00 00581100 ffa5b200 0054e000 ffacdc00
PCM 0115a0 004d9000 ff928600 00690000 ff7dda00 0083a200 ff826300 0075bf00 ff992100
PCM 0115a8 005cf000 ffa2e900 00589800 ff800b00 007ba500 ff6daa00 008d5500 ff5bd200
PCM 0115b0 00a32c00 ff77b100 0085ed00 ff757f00 00895600 ff8a3b00 00728400 ff99f800
PCM 0115b8 0061cd00 ffb13500 004b0300 ffa89100 0054ed00 ff856100 00783200 ff76ce00
PCM 0115c0 00891600 ff7e9200 007fc100 ffa4e000 00576100 ffa0c600 005df200 ffb09c00
PCM 0115c8 004baa00 ffa0c900 005bcf00 ff96d200 006a2600 ffa59400 0056e500 ffabce00
PCM 0115d0 0051df00 ffc38700 003e1300 ffae0e00 004ff600 ffb1b400 004d5d00 ffc31b00
PCM 0115d8 003b8f00 ffc92500 00319500 ffc3bc00 003a1d00 ffa75f00 00569b00 ffae1a00
PCM 0115e0 004eae00 ff9bb500 005f4400 ff98f200 00642d00 ffb03400 004b8c00 ffc5ee00
PCM 0115e8 00336500 ffaf9600 004fc600 ffa33000 005d9e00 ff91de00 00698b00 ffa00400
PCM 0115f0 005f1d00 ffaf1200 004bb600 ffaf4500 004dbd00 ff9f8800 005f6100 ffaa4300
PCM 0115f8 00533600 ffc2f200 003c0500 ffc36700 00377100 ffb4af00 00449600 ffb81000
PCM 011600 004b2b00 ffb6f700 00488500 ffa10a00 005a9000 ff906000 006d3e00 ff8cc900
PCM 011608 00704f00 ffa3a700 00556800 ffc18500 00386900 ffda9700 001f2100 fffc7400
PCM 011610 ffffc400 0003e100 fff8dc00 ffecd300 000c6600 ffe8c900 00144100 ffdd8100
PCM 011618 00205400 ffe96500 00148200 ffeeb400 000ed300 fff78000 00073300 ffe7f900
PCM 011620 00172a00 fff24300 0008cf00 0001f000 fff6de00 0016e100 ffe25a00 fff0e700
PCM 011628 000e1a00 ffc98c00 00322d00 ffc73800 00378b00 ffd1f300 0027ba00 ffd61600
PCM 011630 00214000 ffdc6500 001d1500 ffe10900 001d5500 ffcdc000 002e3c00 ffe1d400
PCM 011638 001c8800 ffeddc00 000bc100 ffdf2100 001b9100 ffb6d000 00455700 ffc70e00
PCM 011640 00329400 ffd2c200 0029e600 ffd0f800 002c2c00 ffe76100 00169c00 fff1dd00
PCM 011648 00094f00 fff73e00 0003a600 ffe74900 00179d00 ffd77600 0024a200 ffd31000
PCM 011650 00296800 ff9fd700 005b3a00 ff927800 006c9000 ff790c00 00850b00 ff7ec300
PCM 011658 007fda00 ff7a7300 0086b200 ff88df00 00775b00 ffbc5300 00472800 ffbf6000
PCM 011660 003c3300 ffdf4600 001cbe00 ffd97200 00248300 ffc25300 003c9700 ffbb0300
PCM 011668 00435400 ffb81e00 004a4d00 ffc5c600 00382800 ffbf5500 003cd600 ffc6d100
PCM 011670 0032e800 ffcaa100 002e1400 ffc3ff00 0036c100 ffa64f00 0052cb00 ffb95100
PCM 011678 0046f000 ffc5eb00 00376700 ffdbe200 0021f000 0008f100 fff59100 fffe2c00
PCM 011680 fffb8000 ffddaf00 001a2f00 ffd13000 002d9300 ffc6c900 0033e700 ffbc1100
PCM 011688 003e1700 ffcb0700 0032be00 ffbacf00 00410a00 ffbaea00 00412700 ffcf1000
PCM 011690 00289f00 ffd27c00 0025c400 ffe7e000 00161f00 ffdf5c00 001f2000 ffc2e400
PCM 011698 003b6300 ffbe4a00 003f9800 ffb55a00 0044f300 ffac1300 0055e100 ffa13f00
PCM 0116a0 005e2200 ff832100 007cb200 ff61b500 009d4c00 ff4ecd00 00b0c100 ff431e00
PCM 0116a8 00b93900 ff596f00 00a81d00 ff5dc900 00a21800 ff83ae00 007ca000 ff8d2000
PCM 0116b0 006ce400 ff87ee00 00765500 ff990600 00673d00 ffa47f00 005bfe00 ff912d00
PCM 0116b8 0071d300 ff83e000 0077b300 ff704e00 008a5800 ff5e2300 00a18100 ff507600
PCM 0116c0 00ae3400 ff461200 00baa900 ff529700 00a8f800 ff507900 00ab6d00 ff59f000
PCM 0116c8 00a60400 ff483800 00b45c00 ff455b00 00b96600 ff3f8500 00be0100 ff40e400
PCM 0116d0 00bd3500 ff3f5f00 00bbe100 ff369600 00c39700 ff2cc200 00d07a00 ff218e00
PCM 0116d8 00d90400 ff10aa00 00ecbf00 ff2aaf00 00cf2400 ff258e00 00daf700 ff085700
PCM 0116e0 00f73b00 ff23d500 00d9cf00 ff29ad00 00d44d00 ff2be000 00cdf000 ff516400
PCM 0116e8 00b07500 ff437e00 00bdb600 ff0e4600 00f05e00 fef5f400 010e1000 ff03db00
PCM 0116f0 00f7c600 ff033000 00fbdd00 ff131000 00ea6900 ff07da00 00f64b00 fefd1700
PCM 0116f8 01043700 fef10000 01111600 fedae600 01218500 fef4e500 010d7900 fef19600
PCM 011700 010bc500 fed9b100 0126ec00 fec08100 013f9300 febf2500 013cec00 fec33700
PCM 011708 0141e600 feb9fc00 0147bb00 fe9c7b00 01646c00 fe9a4c00 0167c800 fe926500
PCM 011710 016e5000 fea87b00 0156ca00 fea76a00 01553e00 fe9f4100 015df400 fe955e00
PCM 011718 016b5500 fe9d5000 01642d00 feaf0000 01519100 fea51000 015fe500 fe849800
PCM 011720 017c4c00 fe654200 019ac100 fe5e3700 01a6ae00 fe748200 018fef00 fe865000
PCM 011728 017b4400 fe999400 016b2a00 fe979700 016a6b00 fe8c3b00 01762b00 fe9ae400
PCM 011730 0167a300 fe86f400 0179fa00 fe808c00 0184b400 fe865500 017c1800 fe89ad00
PCM 011738 0177d600 fe709a00 01911f00 fe611c00 01a04500 fe7e8e00 01833c00 fe9fe300
PCM 011740 01630200 fe911f00 016f6700 fe84f600 017cb300 fe830700 01814d00 fe8da900
PCM 011748 01744100 fe874900 017ae500 fe710200 018b5600 fe6e8e00 01941a00 fe840f00
PCM 011750 017b2800 fe760c00 0188ba00 fe93bb00 016feb00 feb10d00 01513b00 feb0ed00
PCM 011758 014e7f00 fea28e00 015be100 fea56500 015f9600 fe989300 01698200 feac3b00
PCM 011760 01540b00 fe8e6f00 0170f200 fe8bc900 0174b800 fe91e900 0173b200 fe973100
PCM 011768 0166fe00 fea11500 0160b000 feac3e00 01553100 feba3600 0144d600 feb11b00
PCM 011770 01506f00 feb82c00 0145d400 febedc00 01403900 fec04a00 0144ba00 fec28500
PCM 011778 013f5b00 fec5f200 01387800 fec91300 01330a00 feda6500 01279d00 feefae00
PCM 011780 0110d100 fee3c000 011c7200 feda7900 01261600 fec2fc00 01408700 fe9d7e00
PCM 011788 0163db00 fe8e7200 016ed000 fe99c200 016db300 fea7ed00 01577900 fea85c00
PCM 011790 015ba000 feeaf000 01169900 fef57700 01097b00 fef82300 0105ab00 fedd0c00
PCM 011798 01244500 fee27400 011e1600 feea1200 0116b600 fed48600 012e7700 fed07400
PCM 0117a0 012e9100 fec88e00 0138e400 feec7700 01169300 fefcb000 0107e400 feedb700
PCM 0117a8 01122000 feec2d00 0113f100 fefee500 01005800 feff4500 01010100 fef7c900
PCM 0117b0 010b4600 fee9b200 0116f900 ff066000 00fa0000 ff18ed00 00e2e600 ff1b2500
PCM 0117b8 00e43600 ff160400 00e78c00 ff1e2f00 00e17200 ff2f4500 00d26e00 ff287200
PCM 0117c0 00db1500 ff0be200 00f3a800 fef68e00 010dd200 fef8fd00 01041a00 feff6400
PCM 0117c8 00ff1100 fef5b000 010a0500 feec9000 0115df00 fedfdb00 01223500 fee2a100
PCM 0117d0 0121ea00 fee73400 011bdb00 fefccd00 01010700 fefd1600 00fd8e00 feed4a00
PCM 0117d8 0112fa00 fef3d400 010d3200 ff130200 00ea1e00 ff2f8200 00d25300 ff051300
PCM 0117e0 00fca500 fefedb00 01014800 ff213c00 00e2bd00 ff323300 00cc4600 ff321200
PCM 0117e8 00cf2e00 ff39e700 00c67100 ff408c00 00bb9900 ff476300 00b72a00 ff29e100
PCM 0117f0 00d88000 ff15f600 00eaf000 ff1fcb00 00ddb400 ff292100 00d5dd00 ff149600
PCM 0117f8 00ea5d00 ff0d0300 00f27b00 ff142000 00ea8600 fefba800 01019200 ff13df00
PCM 011800 00ef4100 ff148500 00ecf100 ff190a00 00e7a100 ff3bcc00 00c1d400 ff566a00
PCM 011808 00a6af00 ff5b6c00 00a65a00 ff402b00 00bdee00 ff358700 00cacd00 ff458e00
PCM 011810 00b8fb00 ff468100 00b9e900 ff4b5e00 00b6a900 ff598500 00a67a00 ff5f8b00
PCM 011818 00a31300 ff716900 008c9300 ff82cd00 007e1800 ff9abb00 00637800 ff8fb400
PCM 011820 006f5800 ff9ed700 00602000 ffa50700 0055a500 ff9a2300 00655500 ff991700
PCM 011828 00653d00 ff8be800 00719c00 ff8d2d00 00711500 ff88cc00 0078db00 ff871d00
PCM 011830 00761400 ff845400 00793f00 ff873d00 007b0e00 ff854800 0077d200 ff8e4200
PCM 011838 00720b00 ff963e00 00689b00 ffadaa00 0050c700 ffa32900 005e7800 ff8e7b00
PCM 011840 00721e00 ff678400 00944200 ff96fc00 00678200 ffa4ff00 005a0200 ffb13600
PCM 011848 004e5700 ffa07c00 005f3700 ff8e4a00 006cfd00 ffa9d100 00576b00 ffae7000
PCM 011850 00526200 ffb18800 004c0700 ffa98300 00547a00 ffbd9100 00417100 ffc6dd00
PCM 011858 0035ca00 ffaff800 004f9f00 ffb95a00 00448a00 ff9fef00 005f1d00 ffa5e000
PCM 011860 00566100 ff9d4c00 00605b00 ffa22c00 005e3300 ff9e6a00 00608e00 ffa86500
PCM 011868 0053a100 ffbfc300 003ea200 ffd09600 0030ed00 ffb87500 00439500 ffdc1300
PCM 011870 0022be00 ffba6000 0041c300 ffb3ca00 004c3a00 ffa03d00 0060fe00 ffb3e600
PCM 011878 004ae500 ffc70b00 00371000 ffd42400 0026dd00 ffe34000 00195000 ffdfc700
PCM 011880 001de900 ffeaf400 00125600 fff13200 0006f200 0003a800 fff88500 ffef6c00
PCM 011888 000ddc00 fff0f100 0010f600 ffea5f00 0013ec00 ffd5fe00 00294600 ffc98000
PCM 011890 0032dd00 ffbe2600 003db100 ffbb2500 003f0500 ffc15900 003c2a00 ffbb9900
PCM 011898 00447000 ffe9a000 00175800 fff20a00 00086700 ffdbb000 001f0200 ffcadb00
PCM 0118a0 0032cd00 ffcd0600 0032ba00 ffde4d00 001ea900 ffe22100 001b3100 ffe1c800
PCM 0118a8 001db800 ffe5d600 00166500 fff5e900 000b6500 ffef0c00 000f3100 ffe8dd00
PCM 0118b0 0013a300 0012a000 ffefc800 00024e00 fff8c600 ffff0b00 ffff1e00 ffee1900
PCM 0118b8 00104400 ffc7fb00 003a2300 ffd44d00 00294300 ffe84000 00146400 0001c200
PCM 0118c0 fffcb700 ffea2400 00133f00 ffd5d400 00287100 ffefe700 000d7b00 ffffb700
PCM 0118c8 fffa6700 00037600 fffd9600 ffdfd300 001bc000 ffe19c00 001f3200 fff47b00
PCM 0118d0 0008a600 fffbad00 00030000 fffacb00 0002e600 ffe92500 00103700 fff63400
PCM 0118d8 0006c400 0003b200 fff8db00 fff3e500 000bbf00 ffe3fe00 0015e600 ffe05800
PCM 0118e0 001e6100 ffe52800 001d6500 ffe61000 0017e700 ffc4b000 00397900 ffb62800
PCM 0118e8 00499a00 ffab3200 00507000 ffb1eb00 00488900 ffc8e800 00306400 ffe21600
PCM 0118f0 001b1d00 ffd5ff00 0023c900 ffd11b00 002e8f00 ffcec600 0033b500 ffcace00
PCM 0118f8 002ff600 ffd2d200 00293200 ffb8cf00 003faa00 ffb8d400 003fb300 ffcddf00
PCM 011900 002eb700 ffcf1400 002d8800 ffc62000 0031c300 ffbb9900 003ecc00 ffca6000
PCM 011908 00340e00 ffd8e900 0024af00 ffc02d00 003c2c00 ffc30200 00394f00 ffc9c700
PCM 011910 00321b00 ffb4be00 0048be00 ffb0ee00 004a1600 ff945c00 0064d300 ff926000
PCM 011918 006a3e00 ff84e700 007f2000 ff86c000 0079cf00 ffa15d00 005f3600 ffaac400
PCM 011920 00572100 ffa7ad00 00576100 ffa8f700 0057dc00 ff992400 00647400 ff7f7800
PCM 011928 007ebb00 ff763500 00865700 ff705e00 00936900 ff6c2e00 0093dd00 ff746400
PCM 011930 008a4000 ff642a00 009a0800 ff6c9300 0090b600 ff903700 006c5f00 ff9b7d00
PCM 011938 00620600 ff8e7700 00701100 ff810100 0080d500 ff7d8300 00816800 ff66c800
PCM 011940 0095d600 ff60a500 00a19800 ff674c00 00976c00 ff60d400 009dd500 ff43af00
PCM 011948 00bf2900 ff367300 00cb5a00 ff427d00 00c18e00 ff519900 00aefc00 ff5dec00
PCM 011950 00a2d000 ff640700 00993500 ff6d0d00 008d7d00 ff5d5700 00a10c00 ff546b00
PCM 011958 00a93d00 ff58c300 00a6d000 ff54d000 00aaf000 ff48ec00 00b70c00 ff537e00
PCM 011960 00ad5d00 ff497900 00b99d00 ff3fca00 00c2dc00 ff32a000 00d13b00 ff484e00
PCM 011968 00b97300 ff4e2000 00b18b00 ff5d9100 00a5f400 ff62c000 0094e900 ff3be200
PCM 011970 00c09c00 ff337900 00ce5700 ff420900 00c19000 ff5e7a00 009e1400 ff501e00
PCM 011978 00aeb300 ff406000 00bcae00 ff4a4600 00b0bf00 ff350500 00c8f900 ff3af900
PCM 011980 00c33000 ff4d0d00 00af8000 ff653800 0097ea00 ff66a500 00949d00 ff590a00
PCM 011988 00a3f400 ff5d2b00 00a43500 ff601400 009fee00 ff722200 008dcf00 ff56ad00
PCM 011990 00ab6800 ff3ffa00 00bfde00 ff328b00 00ce3700 ff2d4900 00d4c300 ff339000
PCM 011998 00cbf500 ff2fd000 00cd5200 ff597100 00a3a900 ff5b2500 00a4a800 ff545000
PCM 0119a0 00afc800 ff5bd200 00a31700 ff571400 00aa2100 ff6bbc00 00921c00 ff702100
PCM 0119a8 008fe200 ff7dc100 00826700 ff92f100 0069e600 ff855900 007ac600 ff888400
PCM 0119b0 006fb800 ff761200 008af000 ff52bd00 00aae200 ff557d00 00a65f00 ff75b000
PCM 0119b8 008fd600 ff884800 00745800 ff758900 00886a00 ff5bf800 00a0d300 ff744100
PCM 0119c0 008c6900 ff705300 00903a00 ff6d9e00 0093a300 ff638b00 009c6b00 ff4b9d00
PCM 0119c8 00af7c00 ff4e2500 00af6a00 ff41a400 00bfe400 ff41e300 00bbed00 ff549d00
PCM 0119d0 00ac2e00 ff4f5f00 00b10400 ff692600 00951900 ff8c5100 00710700 ff9df500
PCM 0119d8 00638800 ff7ad500 00834f00 ff563b00 00a73d00 ff5a0900 00a44400 ff6cfb00
PCM 0119e0 008eb300 ff781300 00863a00 ff70fb00 008aef00 ff681000 00993500 ff54a400
PCM 0119e8 00a9fb00 ff5bcd00 00a11200 ff6ff700 008b8300 ff5b2000 00a32e00 ff48df00
PCM 0119f0 00b39d00 ff59f200 00a56900 ff7d5c00 0082a600 ff970000 00660400 ff916500
PCM 0119f8 0069dc00 ffa78000 00568b00 ffa8aa00 00542600 ffa2af00 0059eb00 ff975400
PCM 011a00 00645d00 ffa38100 005bda00 ffb08c00 004c1700 ffc3b000 00396300 ffc02600
PCM 011a08 003ec900 ffa92e00 00528800 ffab5f00 00535000 ffb2ef00 0048e100 ffbf3700
PCM 011a10 003d4800 ffd8c100 0024b300 ffcf0f00 0031fd00 ffe2e500 001ab900 ffdcb300
PCM 011a18 00208c00 ffc95f00 0032be00 ffcd8d00 002d2b00 ffca7800 0033ad00 ffbd6400
PCM 011a20 00419700 ffa86f00 0056de00 ffb2c400 004d6900 ffc77200 00353700 ffd88800
PCM 011a28 00247c00 ffe61b00 00135400 ffd85e00 00245e00 ffb46c00 0049c100 ffc89b00
PCM 011a30 00398500 ffd5e400 00279600 ffe3c300 00136b00 ffeaa300 00134800 fff1b200
PCM 011a38 000cfe00 ffe09d00 001dac00 ffd16300 00299a00 ffd71400 00286500 ffeaa700
PCM 011a40 00126e00 ffdbd900 00236900 ffd5c2d000 ffdcb000 00213300 ffc99800
PCM 011a48 00362800 ffcd1f00 00308600 ffcb8100 00335200 ffca0500 0037b600 ffa66000
PCM 011a50 0057fe00 ff9d9000 0062b800 ffbdc100 0041a700 ffd49300 002ac500 ffd7cf00
PCM 011a58 0026a000 ffbc4c00 00409e00 ffadf200 00511b00 ff9b9e00 00656900 ff898100
PCM 011a60 0076aa00 ff9a4f00 0064a000 ffa6cc00 0055e000 ffa03100 0060af00 ffa8bd00
PCM 011a68 00547d00 ffb7b500 00470400 ffccae00 00303b00 ffe17600 001ab100 ffec8300
PCM 011a70 00146400 ffe24b00 001be400 ffd69b00 0028b300 ffcfed00 00292600 ffda1100
PCM 011a78 0022e400 ffce9200 002b5600 ffcd0000 00303500 ffe03000 001ce200 000c5300
PCM 011a80 ffef2600 ffffbe00 ffffa900 ffefd100 000dff00 fff1fa00 000b5100 00168500
PCM 011a88 ffe31800 00185800 ffe24100 000dc800 ffef9000 ffefe100 000d4200 fff8d800
PCM 011a90 00060800 fffb6a00 00007600 fffc7600 00042d00 0007f900 fff6c700 0016d300
PCM 011a98 ffe29100 0014d700 ffe82500 000cbd00 ffef6100 0014eb00 ffe4c400 001a9c00
PCM 011aa0 ffde5300 00321e00 ffc8b500 002ce200 ffcde800 00252500 ffd2f500 00365300
PCM 011aa8 ffc34900 00186500 ffe5b000 00231500 ffd71a00 000bfb00 ffeefe00 00057000
PCM 011ab0 fff5ca00 00195200 ffe20e00 002a7e00 ffcee000 00377c00 ffc20900 002db900
PCM 011ab8 ffcd9800 00254e00 ffd23700 0033fe00 ffc64600 003c4d00 ffbec000 0040b000
PCM 011ac0 ffba5900 00408a00 ffbb5d00 0047c300 ffb0db00 002e8400 ffcff300 00141c00
PCM 011ac8 ffe56c00 001c2300 ffdfc900 002eb700 ffca0500 003e1d00 ffbdf800 003a6b00
PCM 011ad0 ffc14700 00398c00 ffc6c100 003ad000 ffc1fe00 00299f00 ffd27700 00242600
PCM 011ad8 ffd79400 00264d00 ffd17300 00273a00 ffd35c00 00361200 ffc38100 002dff00
PCM 011ae0 ffccec00 00336900 ffc63700 00419000 ffbad200 0051c000 ffaab500 0065a800
PCM 011ae8 ff981200 00775100 ff7efb00 007a4a00 ff7fa600 005ff700 ff96ea00 005dda00
PCM 011af0 ff96bd00 005a2700 ff9ecb00 00549800 ffa54500 0047f200 ffae3c00 00485c00
PCM 011af8 ffb06500 00466e00 ffb32500 0032d900 ffc53700 00583400 ffa21900 00522b00
PCM 011b00 ffa56800 00454d00 ffb70800 004ccd00 ffabfe00 005c4600 ff9bed00 006c4100
PCM 011b08 ff87fd00 00651c00 ff91d200 00637500 ff960a00 00659300 ff962e00 00833300
PCM 011b10 ff771500 008b3100 ff6efb00 008cdc00 ff6c6a00 00921900 ff66be00 00815c00
PCM 011b18 ff7adb00 0074e500 ff83ce00 00936100 ff67ab00 008c2500 ff6e8600 0073ca00
PCM 011b20 ff882900 0087cc00 ff705600 00801900 ff7d3900 0071fd00 ff8bca00 00727700
PCM 011b28 ff894d00 0077ff00 ff7e4d00 0077cc00 ff855000 00656400 ff964500 00610000
PCM 011b30 ff97ca00 00773e00 ff831f00 0083a300 ff74be00 00989300 ff662b00 00a76800
PCM 011b38 ff564d00 008dd500 ff6e1400 0086fc00 ff759800 008a0600 ff709900 009f1b00
PCM 011b40 ff587b00 00996f00 ff608b00 00a10400 ff56f621a00 009b6700
PCM 011b48 ff614200 00a1aa00 ff590500 00b8e600 ff420700 00b85400 ff405400 00b40b00
PCM 011b50 ff464800 00a0b600 ff56d200 008aea00 ff6bcc00 00828b00 ff77d700 00828900
PCM 011b58 ff782200 007a7a00 ff835400 008bd400 ff6cb600 00885b00 ff74d100 00733e00
PCM 011b60 ff88e100 00566500 ffa23400 00683e00 ff8f1e00 00703700 ff8b4000 006ed600
PCM 011b68 ff8b6600 005bee00 ff9d8e00 003e0400 ffbf0100 004a0200 ffb6bd00 0053a900
PCM 011b70 ffaaca00 00588000 ffa17000 004a7100 ffb52100 004e0800 ffa9d300 004fa100
PCM 011b78 ffa8f400 003f0400 ffba2400 00348300 ffc81700 004b9100 ffaed200 003f6500
PCM 011b80 ffb92a00 001d4b00 ffe08900 0015f800 ffe37900 000d9e00 ffef5c00 ffff5c00
PCM 011b88 fffabb00 0020c300 ffdb3100 00374c00 ffc39700 002c5d00 ffcc2f00 00396b00
PCM 011b90 ffc30b00 00452500 ffb4e900 003e2400 ffbc6b00 0020f100 ffde4500 0000df00
PCM 011b98 fffafc00 00223600 ffd86d00 003ac400 ffc1a800 0031ba00 ffcbd100 00162c00
PCM 011ba0 ffe91500 001de900 ffe11f00 00055500 fff88700 fffc8e00 00039e00 00060a00
PCM 011ba8 fff45f00 ffed7e00 000f2d00 ffcc0700 00355200 ffa6d000 00567f00 ffa72b00
PCM 011bb0 00559800 ffb8f400 00469100 ffb2e500 004be700 ffb10500 004e4700 ffc10c00
PCM 011bb8 003ed200 ffbd3d00 00439700 ffab3400 0052ee00 ffbd0e00 0040a900 ffc7a800
PCM 011bc0 0037d300 ffbef300 003d3e00 ffae1100 004fb800 ffa71a00 00534700 ff966c00
PCM 011bc8 00655f00 ff7db500 00841c00 ff8ed900 006e0b00 ff9c8600 00621800 ff941000
PCM 011bd0 006c4000 ffa3dc00 005a7800 ff99d000 005ffc00 ff935f00 006cd800 ff7ea600
PCM 011bd8 007e0500 ff848f00 0078d100 ff801800 007b5700 ff8def00 0074d700 ff7a2800
PCM 011be0 00861000 ff4c6700 00af4d00 ff588b00 00ad2b00 ff477500 00b63f00 ff46c200
PCM 011be8 00ba3600 ff346b00 00c88c00 ff623100 009d4f00 ff741e00 0086ca00 ff464f00
PCM 011bf0 00b3c100 ff412000 00c01a00 ff47PCM 011bf8 00b10600 ff6a4600 008f3000 ff6b0900 0094ec00 ff7a2800 0084ea00 ff77c900
PCM 011c00 0085d800 ff903400 0071e800 ff7e2600 007f7a00 ff6cca00 008ed200 ff7e5500
PCM 011c08 00831100 ff665f00 0098c000 ff557300 00aae500 ff332700 00caf200 ff33a000
PCM 011c10 00cb6200 ff569500 00ac1900 ff411400 00bb6400 ff425c00 00b67500 ff458600
PCM 011c18 00b5b900 ff518100 00a82600 ff497500 00b22f00 ff417500 00b87500 ff32ae00
PCM 011c20 00cb1d00 ff598000 00ab1b00 ff518200 00ae1d00 ff412a00 00bd7c00 ff35d400
PCM 011c28 00c7ad00 ff435500 00bb3200 ff5e8c00 00a24b00 ff560e00 00a77400 ff50d100
PCM 011c30 00adc200 ff39a400 00c45b00 ff37c300 00cabb00 ff3ff900 00be0800 ff65c400
PCM 011c38 00947c00 ff68a600 00956a00 ff3fd100 00ba9400 ff4cd100 00adf500 ff60dc00
PCM 011c40 009e0800 ff554100 00a99200 ff438a00 00bae000 ff511200 00af1b00 ff69fb00
PCM 011c48 00929100 ff5e9700 009f7d00 ff661200 009cc700 ff7fcc00 007f3000 ff8b4500
PCM 011c50 00747400 ff9aa000 00635800 ff8ef700 00715300 ff953900 0069d200 ff7e9300
PCM 011c58 007e8c00 ff6ca100 0090f700 ff73ae00 008add00 ff7bf200 0080e400 ff8c4300
PCM 011c60 00744200 ff8a0200 00749000 ff7f7a00 007ad900 ff7a2000 007ec800 ff794200
PCM 011c68 0082d900 ffa06700 0059cc00 ff86b600 00729400 ff73e000 00900100 ff617a00
PCM 011c70 00998400 ff637f00 00999f00 ff58d700 00a50b00 ff586e00 00a72500 ff6b1f00
PCM 011c78 0095f200 ff614e00 009d4400 ff617800 009d8900 ff71ce00 0088d100 ff6d9100
PCM 011c80 008c3100 ff8b4600 00734900 ff95d800 0068d200 ff979500 00674400 ff94a400
PCM 011c88 00698300 ff9e6b00 0060d200 ffa6a700 00568e00 ff9d2f00 00643d00 ff918600
PCM 011c90 006ca600 ff8db900 00713c00 ffa1f600 005a7200 ffb19800 004cac00 ffc84900
PCM 011c98 0038fc00 ffc8fb00 0035ed00 ffccf300 00305600 ffc6b100 00335000 ffda6b00
PCM 011ca0 0022a100 ffdf1100 00213100 ffd2e600 002a1e00 ffe6a000 0016ef00 ffd6fd00
PCM 011ca8 00247600 ffd76e00 0022f500 ffe3b100 0017e500 ffd96e00 00268b00 fff02000
PCM 011cb0 000ee600 00017200 ffffb500 ffff8100 fffdf700 fff40900 0009c700 ffec7700
PCM 011cb8 00100d00 ffcedd00 002e4b00 ffbbe700 0043c100 ffb9f500 00467700 ffb95f00
PCM 011cc0 00425000 ffba2600 00412f00 ffcf3700 002bec00 ffd2b900 002bd100 ffcb2100
PCM 011cc8 0033c700 ffd77900 00248b00 ffe12900 001cad00 ffe1af00 001dff00 ffed4900
PCM 011cd0 00099200 ffedce00 000e4300 ffe59700 0015b900 fff2ed00 000b1800 ffdd3800
PCM 011cd8 001db900 fff0fe00 000ad600 00033900 fff7cb00 000a3f00 ffee4700 00067e00
PCM 011ce0 fff49500 000b2400 ffefb200 00057100 fff2ad00 00196a00 ffe18500 002c1a00
PCM 011ce8 ffce3a00 003da700 ffb71200 00541300 ffa5c700 0040b000 ffbc8d00 00276000
PCM 011cf0 ffd51800 001dba00 ffdb2300 00218e00 ffd9a100 002f5800 ffcdce00 0040fd00
PCM 011cf8 ffb61500 004a7c00 ffaee000 00275700 ffd11f00 002dde00 ffc89b00 00512d00
PCM 011d00 ffa94a00 006c2a00 ff8e7600 00577100 ffa33f00 004e7300 ffaec300 00337d00
PCM 011d08 ffc3f000 00278d00 ffd35b00 0035ac00 ffc82500 003d5200 ffbb9c00 00466f00
PCM 011d10 ffb57e00 005fb200 ff9ed800 00539e00 ffa84400 004d4e00 ffa96700 004e9f00
PCM 011d18 ffad0000 00644800 ff970e00 00617000 ff978300 004a8700 ffaee100 00596100
PCM 011d20 ff9f7e00 0063d600 ff937b00 0080ad00 ff7bc700 006e9d00 ff893200 006f7600
PCM 011d28 ff88fd00 008a1a00 ff6f8b00 009ccb00 ff577f00 0097ca00 ff62a000 00b0c200
PCM 011d30 ff483500 00b42e00 ff420400 00b09500 ff482900 00849a00 ff737000 00861b00
PCM 011d38 ff758700 006d2600 ff8ba400 00732700 ff86e200 00648600 ff953f00 006ee100
PCM 011d40 ff8bb500 00834000 ff79b100 007dde00 ff7b8900 00760600 ff871400 00765400
PCM 011d48 ff858e00 007c7b00 ff7fbd00 007bfa00 ff78ab00 00789200 ff7fab00 008af000
PCM 011d50 ff6e8a00 00875d00 ff726b00 007bdb00 ff7d3500 005fd300 ff970000 0067a900
PCM 011d58 ff911000 0071e200 ff898e00 00604c00 ff980e00 004ce300 ffac8900 00553600
PCM 011d60 ff9af300 00626e00 ff95df00 00696c00 ff907000 008c9000 ff6bb500 00743200
PCM 011d68 ff898900 007ea800 ff7e7d00 0080f200 ff7a5b00 007d6100 ff7c6e00 007b3100
PCM 011d70 ff803400 006a8a00 ff8ec400 00659300 ff995a00 005c5500 ff9eff00 0050a600
PCM 011d78 ffaa4600 005ace00 ff9c5600 00530a00 ffa2d500 00369700 ffc36c00 00391700
PCM 011d80 ffc25a00 003e3000 ffc00500 002ff200 ffcc4000 00443f00 ffb66600 002a0700
PCM 011d88 ffcee600 0030d500 ffc6ac00 00538000 ffa5d200 0054a700 ffa6a200 00585d00
PCM 011d90 ffa19100 004c0300 ffafcd00 002dc800 ffcc6c00 0042e900 ffb5b800 0054d900
PCM 011d98 ffa35300 00507e00 ffa7ea00 00533600 ffa51300 00726d00 ff857800 006b9d00
PCM 011da0 ff8cb100 0062e200 ff985500 00310700 ffce9000 00537b00 ffa5e900 005cd500
PCM 011da8 ff9f0800 006ee000 ff8de200 00800700 ff7b1b00 0073a000 ff84d400 00870700
PCM 011db0 ff748700 006e1900 ff887000 006f8800 ff88e000 006e3d00 ff8d3700 006ad500
PCM 011db8 ff8f1000 00666d00 ff94f000 00643c00 ff95cb00 006d2400 ff8c4500 005d5100
PCM 011dc0 ffa10b00 006e6600 ff8f1800 00680a00 ff90e200 003b3400 ffbe8700 004abe00
PCM 011dc8 ffaf5a00 005df200 ff9b5d00 006c1900 ff8d2500 00551900 ffa74b00 00563d00
PCM 011dd0 ffa6fd00 00479b00 ffb42d00 0050f700 ffaaff00 00525a00 ffab3b00 005ec400
PCM 011dd8 ff9d6100 00715200 ff86b900 00897b00 ff722300 00697700 ff91e800 004fcd00
PCM 011de0 ffa92e00 0037c000 ffc39a00 00322e00 ffc81400 00275400 ffd38c00 002a6a00
PCM 011de8 ffce1700 00192800 ffdf6700 00368500 ffc13f00 00484100 ffae1400 00421c00
PCM 011df0 ffb1f700 00385400 ffc33800 0029a000 ffd03000 002eed00 ffccf600 0035e300
PCM 011df8 ffc68000 004ebb00 ffaf9c00 0064b200 ff95ae00 00671400 ff932700 006b2e00
PCM 011e00 ff909c00 007cde00 ff7f2b00 005ce300 ff9d3e00 00608c00 ff9d5000 00572e00
PCM 011e08 ffa0cf00 0052dc00 ffa84200 006bd400 ff901400 00696b00 ff92ac00 0073e700
PCM 011e10 ff841d00 00945a00 ff64a200 009b4d00 ff5b8400 0090cb00 ff69e900 00833b00
PCM 011e18 ff752400 00899a00 ff6e8f00 0069fd00 ff939300 005e5d00 ff9bd000 005daf00
PCM 011e20 ff9e4b00 0064c100 ff94c500 00623a00 ff955700 00491f00 ffaca600 003a1500
PCM 011e28 ffc45300 002adc00 ffce7f00 001fe600 ffd8c300 00284b00 ffd2d100 00198b00
PCM 011e30 ffe49b00 00260e00 ffd54c00 00368300 ffc1ee00 002c3000 ffccb800 003ef500
PCM 011e38 ffbcfd00 0046c900 ffb3a900 00256e00 ffd3d800 002e1a00 ffccc900 0032de00
PCM 011e40 ffc6e900 002b6500 ffd01e00 00286300 ffd38300 001f0e00 ffd90100 0030c700
PCM 011e48 ffcc9300 001cbc00 ffd92e00 00010800 fffa6000 fff19300 000da100 00054300
PCM 011e50 fff88800 fff54e00 0007e500 ffd25000 002eef00 ffad8400 00519e00 ffbe3e00
PCM 011e58 003d8900 ffc58200 00353400 ffd7e400 00269600 ffd74d00 00269e00 ffe69300
PCM 011e60 00195000 ffd56100 002b3900 ffba5f00 00418100 ff910400 006af800 ff84fe00
PCM 011e68 007ce100 ff952400 006a4300 ff8e5b00 00701500 ff86c100 0077cb00 ff683d00
PCM 011e70 00956a00 ff728600 00893a00 ff986900 00657200 ff9d4600 00653200 ffb00300
PCM 011e78 004b6c00 ffc13500 003a4b00 ffaece00 004ff700 ff879800 00746400 ff6ba600
PCM 011e80 00902b00 ff5f7500 009ae100 ff59d300 00a53100 ff666c00 0095f200 ff630400
PCM 011e88 009ae600 ff6ee000 00914b00 ff7d9700 00818200 ff7f9700 00807500 ffa3ee00
PCM 011e90 00564000 ffafa700 004fc60PCM 011e98 0060c800 ff940d00 00692e00 ff8c0000 0071cc00 ff796400 0085f000 ff7e1c00
PCM 011ea0 00813100 ff96fe00 0068a500 ffa90500 0053a600 ff9ece00 005db400 ff8d5c00
PCM 011ea8 0072e000 ff95c400 006d1a00 ff985300 0066bb00 ffa0ff00 00595800 ff8e9a00
PCM 011eb0 006fc700 ff915a00 006b5500 ff9caf00 005eaa00 ffb72200 00466700 ff8efc00
PCM 011eb8 006c2900 ff8e6a00 00722000 ffa13600 005f1400 ffc3cf00 003a3300 ffbe6d00
PCM 011ec0 00408f00 ff9e2b00 00638600 ff8e1000 006adf00 ffb03a00 004cba00 ffca8d00
PCM 011ec8 00335300 ffb90a00 00455200 ffb00700 004c1500 ffb06e00 004df700 ffd39900
PCM 011ed0 00284900 ffef8700 000fa200 fff7ab00 00022c00 ffea4700 0013e000 ffdeab00
PCM 011ed8 001d3600 ffcac400 00295200 ffd76f00 00250f00 ffd18c00 0028b400 ffc14c00
PCM 011ee0 003cbd00 ffcc2600 0031d300 ffd01600 002a1200 ffd8f400 00212f00 ffe92e00
PCM 011ee8 00102000 ffee4e00 000fe800 fff47b00 00038000 0001ed00 fffaa800 000af900
PCM 011ef0 fff0d800 00072d00 fff3c900 00119d00 ffe59500 000e3a00 ffeb4d00 00138b00
PCM 011ef8 ffe8dc00 00115600 ffeb2900 000f2700 ffe68000 00089400 fff3f700 fffd8900
PCM 011f00 0000ca00 00017f00 fff58c00 fff86400 0003ae00 fff38100 00074500 00049b00
PCM 011f08 fff9c100 00052e00 fff19b00 fffc0400 fffc1600 ffe64e00 0017cb00 ffcdd200
PCM 011f10 002d8000 ffcfe600 0029d600 ffe1d700 001a1000 fff87400 0005af00 fffbc800
PCM 011f18 00011800 0018e600 ffe09000 00169200 ffe6d500 000dc100 ffeb8d00 00135800
PCM 011f20 ffe56e00 00069e00 fff2c500 00085500 ffed7e00 000ddf00 ffeb0f00 fff62000
PCM 011f28 0002ba00 00026700 fff83f00 00089b00 fff12200 0015eb00 ffe61600 001e7100
PCM 011f30 ffdac400 0027a600 ffd05400 00210700 ffd7db00 000f9900 ffeba100 00162400
PCM 011f38 ffe3ea00 ffff9a00 fffb5100 ffff0a00 fffd2d00 00046200 fff50200 00053400
PCM 011f40 fff68500 000c3e00 ffef8000 001ac600 ffdf5f00 00243100 ffd2b800 00375300
PCM 011f48 ffc2c500 004cc200 ffaa4700 003d2a00 ffbd8f00 0034ad00 ffc80100 003ec800
PCM 011f50 ffc27b00 002e6000 ffcc2b00 003e9c00 ffba4400 004d5800 ffb00600 00550e00
PCM 011f58 ffa99c00 00514600 ffa61500 00519f00 ffa9ea00 00465500 ffb51300 004b5200
PCM 011f60 ffb03b00 00678900 ff953700 00689800 ff90ed00 00610a00 ff96ab00 005d1100
PCM 011f68 ff9ce400 0080c500 ff798900 00836100 ff787f00 007d1600 ff7d9f00 00914900
PCM 011f70 ff668100 008b5200 ff6dfb00 00938000 ff63c900 00929400 ff665c00 0083fb00
PCM 011f78 ff751600 009afe00 ff602500 007eb200 ff7c8600 00a55e00 ff57e700 00a08a00
PCM 011f80 ff5b8000 007f0800 ff7b9300 007fa000 ff78b800 00b22300 ff480a00 0093dd00
PCM 011f88 ff660e00 009c5100 ff59de00 008a3700 ff6fe200 008e2d00 ff6bcb00 009f6400
PCM 011f90 ff576300 00b6ba00 ff432000 00acc900 ff4cdc00 009d9300 ff5db300 007d0f00
PCM 011f98 ff787400 007de300 ff7c9a00 009e0d00 ff5be700 00c8c300 ff321f00 00c9db00
PCM 011fa0 ff2da900 00dceb00 ff1dfb00 00e58700 ff13fb00 00dae500 ff1d0c00 00dd0400
PCM 011fa8 ff192300 00e6ca00 ff0cd100 00fd5700 fefe2300 0102d000 fef7a700 00f66400
PCM 011fb0 feff8c00 00f11a00 ff0b2000 00e3d600 ff15cd00 00cdba00 ff2beb00 00ccf000
PCM 011fb8 ff2f1900 00ca0f00 ff2c7600 00bf8700 ff3aee00 00af6a00 ff444000 00958c00
PCM 011fc0 ff614b00 009ee700 ff5cc600 00b89a00 ff3d6700 00b1ed00 ff48a300 00b32b00
PCM 011fc8 ff45f700 00bca500 ff3d3f00 00be7e00 ff3e2400 00e24700 ff172200 00f6bc00
PCM 011fd0 ff01d300 01002400 fef6be00 00feb700 fefcea00 01026500 fef74500 0105f500
PCM 011fd8 fef2aa00 00fa6100 ff028d00 00f74900 ff01d700 00fee700 fef74f00 01057b00
PCM 011fe0 fef50900 01117d00 feea0a00 01158600 fee0ce00 011d9b00 fedc7300 01PCM 011fe8 feec0d00 010bca00 feec1400 010b4100 feeb5600 00fa0300 fef99600 00f54500
PCM 011ff0 ff041000 01063000 fef06100 01166500 fee3c500 01186b00 fedf1d00 0114f200
PCM 011ff8 fee40000 011bac00 fedfa900 011c2400 fed91700 012d3d00 feca4b00 01073f00
PCM 012000 fef0fa00 00efe000 ff080400 00f79500 ff017200 0116e600 fee2ee00 01272200
PCM 012008 fed0df00 01242f00 fed17400 01386700 febf5300 013d0b00 febad100 0128d300
PCM 012010 fecb5600 01173700 fedf0a00 011c2000 fed91800 01201800 fed34a00 011b7b00
PCM 012018 fedbc000 01278f00 feced000 01270000 fecdb000 012aac00 feca9300 012a5000
PCM 012020 fecd7800 01230a00 fed5bc00 01312e00 fec92d00 014d5f00 feaa1700 0131cd00
PCM 012028 fec7ed00 01247c00 fed8bd00 01223c00 fed7ce00 011b3600 fede4f00 0123a600
PCM 012030 fed6ab00 0139e700 febe9a00 010fee00 feeafb00 010eeb00 fee8ee00 011ad300
PCM 012038 feda5400 011b2700 fedd1f00 01203100 fed96900 01171200 fee17500 0118f600
PCM 012040 fee08600 011faa00 fed5f000 0127d300 fecdcf00 0115bf00 fedf1800 010f4900
PCM 012048 fee86200 012d6c00 fec9b100 01233f00 fed5d800 011db500 fedba600 012e4200
PCM 012050 fec7b500 01302f00 fec8ab00 012cc300 fec89800 012f3700 fec85c00 010d9f00
PCM 012058 fee95d00 00fa7d00 fefe0f00 00f88100 ff02b700 00e6f700 ff18f000 00eee700
PCM 012060 ff0d3600 00f33500 ff092300 00e85c00 ff112e00 00e63600 ff142600 00e96500
PCM 012068 ff0dfb00 00f60700 ff083300 0113fd00 fee79800 01118b00 feef9100 00eb8700
PCM 012070 ff118d00 00ef9500 ff0aa400 00f27600 ff06b800 00dc5c00 ff1a6a00 00d5ab00
PCM 012078 ff294500 00d60c00 ff24f800 00c77200 ff313000 00e24800 ff17e200 00d09800
PCM 012080 ff27f600 00d02800 ff2dab00 00f8e100 ff028400 00fff600 fefd0a00 00e62200
PCM 012088 ff14d300 00cf6d00 ff2b5000 00cab100 ff2c9f00 00c47000 ff3af300 00daf200
PCM 012090 ff1ef100 00d89700 ff239b00 00cf2c00 ff2a0600 00c63400 ff328b00 00ca5400
PCM 012098 ff354000 00cd1300 ff2e3300 009d1000 ff5fc700 008cd400 ff6d4800 0094d800
PCM 0120a0 ff65b600 00b0aa00 ff498100 00d12900 ff2a1600 00bc6500 ff403200 00a89e00
PCM 0120a8 ff552d00 00bda200 ff38f800 0093e500 ff63bb00 00832e00 ff7abd00 00841c00
PCM 0120b0 ff73f300 008a4600 ff754a00 008fb100 ff6ee900 00839900 ff7b3200 0085e900
PCM 0120b8 ff75f100 007d1200 ff80b300 00768500 ff838e00 00744d00 ff89d600 00811500
PCM 0120c0 ff7af700 0087c200 ff777e00 0090a900 ff6a4b00 008db500 ff6ecd00 007bb900
PCM 0120c8 ff81cb00 00725300 ff890d00 0084c700 ff77f100 00891900 ff718c00 00842300
PCM 0120d0 ff778d00 008f8400 ff6df900 00738300 ff887200 004ff300 fface300 0056c300
PCM 0120d8 ffa60000 0068b500 ff941000 004e0a00 ffaeab00 003db900 ffbfa400 00397b00
PCM 0120e0 ffc6e100 00420600 ffbb1a00 00351400 ffca9100 001b6500 ffe4fb00 001e6900
PCM 0120e8 ffe1f500 00253300 ffd9a600 0029a200 ffd01600 00298500 ffcf8f00 00195800
PCM 0120f0 ffe32a00 000a2000 fff5d700 0000e300 00004100 fffbd500 00015f00 fff8c100
PCM 0120f8 0001ec00 00022900 fffbf200 001d4c00 ffe1f600 000f2e00 ffec0700 000bac00
PCM 012100 ffedaa00 00152400 ffe8ce00 00196a00 ffe22100 fffa5f00 00035900 00082a00
PCM 012108 fff40000 0009c500 ffefe600 0003f500 fffd6700 ffe86e00 0014be00 ffe03000
PCM 012110 001ed800 ffddc600 001f4100 ffe79c00 00136000 fff64500 0009f500 fff15500
PCM 012118 000c4f00 fff4b500 00051300 00027700 fffb5b00 00042200 fff5e500 fff8ff00
PCM 012120 0003ff00 fffe3300 fffded00 000fcc00 ffecbc00 0013ba00 ffeb7000 000dfa00
PCM 012128 ffee6400 00035c00 fffbba00 ffffb200 fffc1700 00118500 ffe9c900 0015f300
PCM 012130 ffe7f900 001dba00 ffdcba00 00174500 ffe10900 000caf00 ffef4f00 00036300
PCM 012138 fff83500 00184800 ffe04f00 002ede00 ffc85500 0038fe00 ffc66800 0036f500
PCM 012140 ffc5bf00 00195a00 ffe36c00 001fa700 ffdf2c00 001c1b00 ffe1b700 00252d00
PCM 012148 ffd46d00 0015a800 ffe51200 00041600 fff74600 fffd3100 00031100 fffc6300
PCM 012150 00020a00 0017db00 ffe4e100 0035e200 ffc94700 0046ba00 ffb60800 003b3300
PCM 012158 ffc1f500 003af900 ffc01700 005cd300 ff9a8700 007af400 ff7ded00 0071fc00
PCM 012160 ff884400 00736700 ff874500 00848400 ff73b600 0099f400 ff60ee00 008aea00
PCM 012168 ff708e00 00887200 ff72b600 0095a000 ff660500 00a49700 ff554100 008fd400
PCM 012170 ff690300 00b15700 ff46dd00 00b5e000 ff408700 008e4700 ff71d700 008e1500
PCM 012178 ff6fe400 00a2da00 ff537c00 00acae00 ff4f9900 00876100 ff741c00 0091c500
PCM 012180 ff697a00 00840900 ff76a600 0079a000 ff7d6000 00701900 ff897800 0052be00
PCM 012188 ffaa0500 004b1e00 ffb18100 005c6500 ff9fce00 00650600 ff961700 00617400
PCM 012190 ff9ad100 00693b00 ff8fb100 006c6000 ff8b6400 0061ab00 ff98f200 005ccb00
PCM 012198 ffa24700 0074f000 ff873200 00894500 ff70b600 008cdd00 ff6d3300 0074f700
PCM 0121a0 ff807400 007dcd00 ff7bb500 00811500 ff74b000 00928800 ff650e00 0099c900
PCM 0121a8 ff58c600 007f2300 ff70 ff79bc00 00840300
PCM 0121b0 ff763400 0072a400 ff8a4400 0060c100 ff99dd00 007ba200 ff7ac400 00901200
PCM 0121b8 ff69bf00 008d0400 ff706e00 00898700 ff73c800 00887b00 ff6f9900 00905700
PCM 0121c0 ff6de800 007af000 ff812300 00742300 ff86fa00 007a5700 ff7eff00 0080fc00
PCM 0121c8 ff759700 00946b00 ff655300 0096c600 ff698300 008a7400 ff710f00 00805d00
PCM 0121d0 ff7ac600 00609000 ff9e9f00 00745c00 ff841f00 00883b00 ff764500 00926e00
PCM 0121d8 ff6d6900 008f4b00 ff684400 00852f00 ff76c900 0072aa00 ff883700 0093ba00
PCM 0121e0 ff677700 00a08f00 ff5f2e00 00a41000 ff57f100 00b22500 ff45ef00 00d4ab00
PCM 0121e8 ff26c500 00ced500 ff340900 00a70700 ff566d00 00ad5e00 ff4b0700 00cce800
PCM 0121f0 ff2de700 00c07c00 ff37d500 00b17200 ff47e100 00b19800 ff4a5200 00b97100
PCM 0121f8 ff3c6400 00ac6100 ff4ee200 00c34e00 ff38de00 00d4b000 ff25e900 00e79b00
PCM 012200 ff130700 00d11900 ff2b1d00 00c23300 ff350600 00c51500 ff343c00 00e70900
PCM 012208 ff122d00 00dd5700 ff19a400 00c5a700 ff30f900 00a39300 ff57d200 0092e600
PCM 012210 ff668c00 00ad2100 ff4e1200 00bf8100 ff39ff00 00d1a900 ff26c200 00d14900
PCM 012218 ff284500 00c1c300 ff36d100 00c79500 ff2e5e00 00d97300 ff220700 00ea8f00
PCM 012220 ff11d500 0100f100 fef90200 00fea500 fefeba00 00ecd300 ff088600 00ccca00
PCM 012228 ff2e0400 00c5a000 ff372300 00c82a00 ff325100 00d63f00 ff221200 00f43d00
PCM 012230 ff07bd00 00e99e00 ff13cd00 00f03e00 ff0f2c00 01058700 fef46e00 01067e00
PCM 012238 feeeef00 0101c700 fef98300 00f2a200 ff073900 00f7fb00 ff04f200 01065900
PCM 012240 fef19c00 00fdd400 fef69d00 0105ab00 fef75800 0102ed00 fef44100 01109c00
PCM 012248 fee6ee00 00ff3a00 fef8ef00 00f3fe00 ff03bb00 00f2fe00 ff070800 00e18100
PCM 012250 ff14db00 00ee7500 ff093800 00e6b000 ff132000 00ed2000 ff089500 01009f00
PCM 012258 fef4cf00 010bc600 feebcf00 0123c100 fed24a00 01359b00 fec1e700 01395a00
PCM 012260 febda100 01234500 fed62c00 011b9300 fedf4f00 0120fe00 fed66600 013c0200
PCM 012268 febb9600 0125ce00 fed1de00 011dc200 fed86e00 01314100 fec66000 012ac300
PCM 012270 fec9b600 011db100 fed61a00 01289800 fecd1c00 0125f700 fed32c00 012a7800
PCM 012278 fec6c500 012faf00 fec6e000 011a3100 fedc3000 011fc400 fed35f00 01346100
PCM 012280 febf7800 01399600 febd5c00 0146a300 feb00000 0143bb00 feb00 0135ca00
PCM 012288 fec17900 0136ab00 febf7500 014dea00 feaa1300 014ccb00 fea74700 0144ba00
PCM 012290 feb29a00 01478400 feae0a00 0155f600 fea08800 01529c00 fea55c00 014c7300
PCM 012298 feab4100 014c1c00 feaefb00 01539f00 fea24300 0157a100 fe9efd00 01518800
PCM 0122a0 fea59900 01649c00 fe8cff00 01643000 fe955b00 0155d800 fea06400 0176d000
PCM 0122a8 fe7ea300 017dcb00 fe798400 01853900 fe74d700 017dea00 fe78a600 01754d00
PCM 0122b0 fe7ed200 016f5700 fe866e00 01522700 fea3d000 0153fe00 fea74700 01700200
PCM 0122b8 fe896700 0168b600 fe8e1600 01613800 fe947c00 0171ee00 fe84a900 0165df00
PCM 0122c0 fe938100 015e5a00 fe98c900 014bc900 feae0c00 01561600 fea21b00 015a6700
PCM 0122c8 fe9e0600 0149fe00 feacbe00 014c9200 fea97500 015edd00 fe96db00 0160bf00
PCM 0122d0 fe958900 013ca300 febd2a00 0134ed00 fec43d00 0133fc00 fec46400 01444300
PCM 0122d8 feb5d600 01369700 fec08600 014f9200 fea4d100 015b3000 fe9deb00 014a1600
PCM 0122e0 fea9a300 013c7200 febc8200 012d5a00 fec9ad00 0123dd00 fed24e00 010f9600
PCM 0122e8 fee88000 01175500 fee16500 011ad500 fed98800 011bb900 fede8400 01172700
PCM 0122f0 fedc4e00 00ef4600 ff09d300 00f7be00 fefe5d00 010dc500 feec3100 01138100
PCM 0122f8 fee6fa00 01336600 fec31e00 012f1300 fec81100 011fe100 fed93b00 01231200
PCM 012300 fed54e00 01207500 fed91b00 01144e00 fee3c300 01098900 feefbb00 01096a00
PCM 012308 fef12f00 0113bc00 fee14200 00ff0900 feffc300 0110eb00 fee68c00 01135700
PCM 012310 fee16800 01295500 fecefb00 012c0800 fecbb700 0118f900 fee06e00 01110b00
PCM 012318 fee81d00 00f66000 fefee500 00d51000 ff208200 00d2e900 ff24fd00 00c5bc00
PCM 012320 ff33db00 00bd8700 ff3d3000 00d34e00 ff232f00 00c73f00 ff326000 00bb5500
PCM 012328 ff3c4100 00c4b200 ff2f5a00 00e3a600 ff14c100 00f95e00 feff7800 00f53300
PCM 012330 ff094300 00e3c400 ff127800 00fc9600 fefd1500 00ff9900 fef8ab00 00f6f800
PCM 012338 ff028d00 00fa0900 fefd6400 00fa0500 fefd8700 00fd5d00 fefaa900 01041200
PCM 012340 fef21a00 00fcae00 fefd9a00 00eb2e00 ff0bc000 00d30600 ff23b000 00caa200
PCM 012348 ff2b0000 00d7d400 ff1caa00 00e7c800 ff0e8300 00deaa00 ff166a00 00dcdf00
PCM 012350 ff1c2000 00e3a500 ff157400 00cd6400 ff2c2600 00bc9e00 ff375500 00b75200
PCM 012358 ff3fd200 00c36000 ff316700 00c15a00 ff374400 00dc8800 ff1c2700 00e4db00
PCM 012360 ff0fe800 00c8dd00 ff2b3600 00d19e00 ff278700 00c77400 ff330f00 00b8af00
PCM 012368 ff42c800 00d14400 ff28e800 00c04700 ff3bd800 00aa0100 ff4b1d00 00a9ff00
PCM 012370 ff4e8400 00cda100 ff231a00 00ce5500 ff2ca500 00c1cf00 ff382e00 00ada700
PCM 012378 ff4c4300 00a74700 ff511700 00d0b900 ff2cd500 00b86500 ff41dd00 00bab400
PCM 012380 ff3fe000 00b1d000 ff4c7400 00a46e00 ff573800 0091c800 ff6ac300 00788300
PCM 012388 ff834400 007a0200 ff800d00 00808300 ff77f700 006fec00 ff8dd600 00649300
PCM 012390 ff936500 005a2d00 ffa10900 003a3000 ffc22800 00425000 ffc09100 00310200
PCM 012398 ffcbc600 00495700 ffafc300 005dbd00 ff9e6800 00584e00 ffa3b800 00562800
PCM 0123a0 ffa26400 005c2900 ff9fc200 0069b000 ff919a00 005f4900 ff9d2400 00650100
PCM 0123a8 ff958900 005db100 ff9c4800 005e1600 ffa0a000 005f8f00 ff9a7d00 0056c600
PCM 0123b0 ffa2ea00 00492700 ffb3fe00 0055f900 ffa5e300 006f9400 ff8e3300 005fbf00
PCM 0123b8 ff9c4100 00452a00 ffb4c400 0053d000 ffade900 005e8900 ff9f6a00 004d1b00
PCM 0123c0 ffb03100 00486800 ffb42c00 003ef800 ffbcd000 00499500 ffb33b00 001fb700
PCM 0123c8 ffda3c00 001aca00 ffe4f900 00227400 ffd7e800 00539400 ffa7e400 0066ae00
PCM 0123d0 ff8fd800 005ac400 ffa09f00 005fe700 ff9ede00 0041f000 ffbb9d00 0035fb00
PCM 0123d8 ffc82700 00341500 ffcbc600 001d8200 ffde4b00 0036aa00 ffc8d300 00375300
PCM 0123e0 ffc2f800 0033b700 ffcd7c00 00324100 ffcbe200 0027b600 ffd50000 00326c00
PCM 0123e8 ffcc4800 00369900 ffc63200 00252300 ffd96f00 0019c600 ffe35400 00263a00
PCM 0123f0 ffd35700 0032c100 ffc7ae00 0033fc00 ffc30500 00257d00 ffd88800 fffa0f00
PCM 0123f8 00031700 fffadb00 00038a00 001cc300 ffdf1500 0019ca00 ffe70500 ffeab100
PCM 012400 0011e100 fff01700 000f9a00 0013df00 ffe74900 00223800 ffd7d700 00171e00
PCM 012408 ffe68600 001fc300 ffe43100 0030fb00 ffcd7300 0035c600 ffc6bb00 002c1000
PCM 012410 ffd04400 001a2700 ffe07d00 0019e100 ffe1b100 0016e600 ffe70200 0012a600
PCM 012418 ffe9bd00 002a3300 ffcfbf00 00154800 ffea7200 0009df00 fff30900 00350200
PCM 012420 ffcab100 002fe900 ffcb5500 0049b100 ffb4ab00 003d7b00 ffc00400 00152700
PCM 012428 ffe70d00 00067a00 fff4c300 0018da00 ffe3d700 002f9200 ffcf3800 00284400
PCM 012430 ffd2e400 002a2800 ffcea900 00279e00 ffd3da00 001eca00 ffe34100 000dc600
PCM 012438 ffeecf00 00353c00 ffc54300 00433900 ffb6c600 0036bb00 ffc88000 00290700
PCM 012440 ffd6b300 00159900 ffe5cf00 0023bb00 ffd9b300 00385a00 ffc4ad00 003b1500
PCM 012448 ffc3c200 003c7f00 ffc1bb00 003ea900 ffbfa000 00664c00 ff9bf400 007fea00
PCM 012450 ff784a00 0063a300 ff9e8b00 003c2500 ffc07700 0038f800 ffc4d500 00552100
PCM 012458 ffa8ff00 0055be00 ffa66c00 00652c00 ff933c00 00822f00 ff780800 00844300
PCM 012460 ff77fc00 00626a00 ff996100 004a5500 ffaf2800 003a4900 ffc13300 003e3400
PCM 012468 ffbe2f00 0051d600 ffa8c200 002b4900 ffcdbb00 00232900 ffdae300 000e7800
PCM 012470 ffeab400 0011a300 ffe93e00 00384400 ffc50900 003f5100 ffc06b00 002ca700
PCM 012478 ffd23900 0035ae00 ffc90d00 005a4c00 ffa09600 00663200 ff989d00 00629500
PCM 012480 ff998f00 004b1000 ffae6b00 00445900 ffb93300 006a4d00 ff8e3c00 007d0900
PCM 012488 ff7f9e00 006e4b00 ff8d3400 00611300 ff9af800 00496b00 ffb10500 00467900
PCM 012490 ffb34800 0065c900 ff967000 00770e00 ff83d200 00721600 ff899d00 0073e800
PCM 012498 ff896f00 007ac700 ff7e5100 005b3c00 ff9e4e00 00571500 ffa6fd00 004d0100
PCM 0124a0 ffae1b00 00560600 ffa4d500 0062ec00 ff9a7400 00578600 ffa60800 004df300
PCM 0124a8 ffabf300 0045c200 ffb33800 00508800 ffaa5800 004ec200 ffa7d300 006a6f00
PCM 0124b0 ff927000 0073dc00 ff87a700 00788b00 ff812300 008f9300 ff6a3b00 008a8b00
PCM 0124b8 ff6e8300 00a0ba00 ff5a2500 009ed400 ff59c800 00922400 ff67d200 009ea000
PCM 0124c0 ff5fa400 008e3b00 ff6b8700 00820600 ff7fc000 00a39b00 ff581a00 0095b300
PCM 0124c8 ff68ad00 00999100 ff5c6100 00acd400 ff4f2b00 00b04400 ff4a1100 00a18c00
PCM 0124d0 ff58df00 00b6ee00 ff447c00 00b54f00 ff455100 00c9f600 ff308e00 00c3d900
PCM 0124d8 ff34f500 00b56e00 ff490200 00c3c200 ff37e600 00b39b00 ff44ff00 00acff00
PCM 0124e0 ff499700 00984000 ff64f700 00a71d00 ff550f00 00b56400 ff401c00 00b1df00
PCM 0124e8 ff4c8f00 00a8ac00 ff4f9c00 00a0fb00 ff5c2d00 00b58000 ff435600 00badb00
PCM 0124f0 ff3fa500 00a34900 ff564300 009e7600 ff5f6200 00962200 ff69f500 00a96f00
PCM 0124f8 ff52d600 00bc2100 ff40cc00 00cadd00 ff2bd800 00bd3400 ff3bb700 00b8fd00
PCM 012500 ff440000 00e04b00 ff19ca00 00cc1000 ff2bcc00 00d02600 ff279e00 00ca9f00
PCM 012508 ff2c8f00 00c4a900 ff33d200 00cf1500 ff27df00 00c9f800 ff2b3200 00cde700
PCM 012510 ff2e1100 00d0b200 ff2bab00 00d8ca00 ff210100 00c13600 ff33b700 00ce0a00
PCM 012518 ff2b3a00 00c9d700 ff2de900 00c91700 ff313e00 00bc3300 ff3f0700 00b24a00
PCM 012520 ff45b400 00be7700 ff3e2300 00b2d200 ff487300 00c26700 ff379f00 00beaa00
PCM 012528 ff3b9c00 00b7c800 ff449000 00c7c600 ff322300 00d0e700 ff240600 00eb3900
PCM 012530 ff0c0d00 00f45900 ff06b800 01051900 fef60900 00eabf00 ff128000 00d57400
PCM 012538 ff282900 00bf9c00 ff3cc300 00c0a200 ff3a8d00 00c38600 ff350900 00b21000
PCM 012540 ff4a8200 00b3fa00 ff446f00 00d14b00 ff27b100 00e26c00 ff137400 00da9400
PCM 012548 ff1e3a00 00de2900 ff1c8e00 00e35e00 ff146100 00e99000 ff11ee00 00dc1c00
PCM 012550 ff1e0600 00e6ff00 ff105500 00e2b400 ff17ed00 00e1a000 ff1c3d00 00cc6800
PCM 012558 ff2a1600 00d61e00 ff20c600 00e8b500 ff0d7300 00d1b800 ff2d9800 00a85600
PCM 012560 ff4ff700 00afd100 ff480300 00c14d00 ff358c00 00ae3a00 ff4cf400 009a6a00
PCM 012568 ff5e0b00 00a05400 ff59db00 00b7f800 ff475300 00cb0d00 ff314800 00ad0c00
PCM 012570 ff4bd000 00c16500 ff379300 00be9d00 ff3a1600 00b54600 ff48b200 00a7f200
PCM 012578 ff540000 00be8600 ff3cdc00 00c45700 ff335500 00cb1c00 ff284000 00d60b00
PCM 012580 ff211a00 00e0e300 ff18a800 00e37f00 ff19fe00 00e85e00 ff10c100 00d7a500
PCM 012588 ff1d8f00 00d15200 ff2cd700 00d57c00 ff23a700 00dbb500 ff232000 00d18c00
PCM 012590 ff2a9800 00e0b200 ff181a00 00bc6600 ff3e0700 00d0ea00 ff24f500 00d87800
PCM 012598 ff1f0f00 00c1d300 ff3a9800 00bae600 ff3d7100 00aaf700 ff4de300 00a0fe00
PCM 0125a0 ff5ad900 00aa4500 ff4e0100 00b40700 ff481200 00a73100 ff513200 00a7f700
PCM 0125a8 ff4f8b00 00bd1100 ff351b00 00a50900 ff544e00 00afe300 ff4c4800 00896100
PCM 0125b0 ff722000 0076ec00 ff828600 0071fc00 ff851b00 008cb900 ff6c7100 008fb000
PCM 0125b8 ff67af00 00909b00 ff65b800 009f4b00 ff5c7900 009f8100 ff599800 0098da00
PCM 0125c0 ff5ed100 00ac2400 ff4e3f00 00ba7300 ff3db400 00b2a500 ff490f00 008e4a00
PCM 0125c8 ff6a4300 0095b400 ff620300 007c1a00 ff7aa600 005fc200 ff9c1200 00733e00
PCM 0125d0 ff84d200 0078a600 ff82be00 006e0a00 ff8dfd00 006d1f00 ff904d00 00650700
PCM 0125d8 ff94c700 00441800 ffb60a00 005c4200 ffa39400 00474c00 ffb23200 003bc500
PCM 0125e0 ffc18000 0058ba00 ffa10400 00567f00 ffa28a00 004f1d00 ffae0d00 003a3c00
PCM 0125e8 ffbe3100 00372100 ffbfbd00 003cce00 ffbcfd00 003ffa00 ffb9f400 002d5600
PCM 0125f0 ffccda00 0034ea00 ffc58d00 0041d200 ffbb4100 00521800 ffab9a00 0053f400
PCM 0125f8 ffa68f00 0045f500 ffae5700 00523d00 ffa48d00 0058dd00 ffa4ee00 004d2400
PCM 012600 ffaf9300 00393900 ffc2a500 00431200 ffb72e00 00272f00 ffd3ef00 000c8300
PCM 012608 fff1fb00 fff95500 0002bb00 ffe92400 0015bb00 0004eb00 fffa0a00 00208500
PCM 012610 ffdd4d00 002c5500 ffcee500 00163e00 ffe62300 fff49d00 00065500 ffdba700
PCM 012618 001fb000 fffa6b00 ffff7200 001bad00 ffe24c00 00149000 ffea5800 fffcd000
PCM 012620 fffe3f00 ffe90b00 00134000 fffc7a00 0001b700 fffeb500 fffc5100 00199600
PCM 012628 ffe20600 00175b00 ffe6b000 00224600 ffd78900 001d0700 ffe13e00 001a4a00
PCM 012630 ffe2ea00 0010e100 ffe7f800 00116300 ffe89700 000e4100 ffe80a00 fffbe300
PCM 012638 fffbb500 0026bf00 ffd2a200 001fde00 ffdc6f00 00208a00 ffd96500 003a2900
PCM 012640 ffc39800 003a4c00 ffbfba00 00429200 ffb6f300 005ba800 ffa1d300 006d6700
PCM 012648 ff8a1500 00766300 ff847400 00742200 ff898600 0051ca00 ffac3a00 0051b400
PCM 012650 ffaac700 00678400 ff93ce00 005aba00 ffa01b00 0056ec00 ffa2d900 00633900
PCM 012658 ff982300 00510000 ffab1a00 004bf500 ffacc900 004ba400 ffacee00 0048ed00
PCM 012660 ffae2d00 00456e00 ffb5d100 0043fd00 ffb83400 00544600 ffa6e100 00586c00
PCM 012668 ffa3f100 00438100 ffb99100 00516a00 ffaa1500 006b2a00 ff8d3300 00658c00
PCM 012670 ff94de00 0058a800 ffa3d100 005d4d00 ff9cb300 006a4500 ff8efe00 006bcc00
PCM 012678 ff918100 0068d700 ff910400 006a4600 ff910100 007c1000 ff7b6f00 00674200
PCM 012680 ff942400 0051f100 ffab3f00 004b2400 ffb29300 002f7100 ffccc200 0032b100
PCM 012688 ffc73700 002c6200 ffd19300 00395100 ffbf7d00 00456100 ffb40f00 0032e300
PCM 012690 ffc95a00 002a6100 ffd4f800 00224800 ffd8eb00 00490c00 ffb23200 0040ac00
PCM 012698 ffbdfb00 00298100 ffd45e00 005cd700 ff9f8600 00631700 ff996300 00563200
PCM 0126a0 ffa54d00 004b0400 ffb17300 005f5500 ff9bad00 00597b00 ffa05e00 004a0800
PCM 0126a8 ffb44500 001a1f00 ffdc8f00 0034e700 ffc3ea00 0045da00 ffb59000 004a5200
PCM 0126b0 ffb1da00 00474d00 ffb69500 00368000 ffc6a200 002b9100 ffcc9d00 00351c00
PCM 0126b8 ffc77100 0023b800 ffd94100 000ee100 ffeefe00 00203f00 ffdf3700 001da500
PCM 0126c0 ffdc6e00 00183c00 ffe60900 002c2100 ffd06400 0030e300 ffc57e00 001dfe00
PCM 0126c8 ffdb3400 002fce00 ffcb7100 002ff500 ffc7eb00 002cee00 ffcdb400 00318a00
PCM 0126d0 ffcad900 002def00 ffd03500 00372500 ffc6af00 00448800 ffb60b00 002ca700
PCM 0126d8 ffcf9500 0011b900 ffe8fd00 000a3100 ffeda000 0001b900 fff87500 0011b800
PCM 0126e0 ffebd700 000cab00 ffeff300 0002fd00 fff9ad00 fff7f800 00042900 ffff5100
PCM 0126e8 fffd1e00 fff7d500 00049d00 fff6cc00 00061100 fffaa900 0002a800 00131600
PCM 0126f0 ffe86f00 000c3400 fff38400 000f6800 ffefa100 00134e00 ffeaa200 00088700
PCM 0126f8 fff52f00 000a3e00 ffec6f00 00154100 ffe98d00 003b7300 ffc3a600 0040d800
PCM 012700 ffbdab00 00109f00 ffee2400 00034d00 fff76000 000e2300 ffeda100 00084000
PCM 012708 fff7ee00 0022c800 ffd7ee00 001a4900 ffe27a00 00153a00 ffe78300 00277e00
PCM 012710 ffd15300 0014ac00 ffe61100 0024e200 ffd7d600 00239200 ffdb3d00 00285500
PCM 012718 ffd37b00 00405400 ffba3e00 005d5100 ff9acd00 00679800 ff93e200 0079a100
PCM 012720 ff7e2700 007e4f00 ff7ddf00 0071da00 ff88d400 00711a00 ff892900 006cac00
PCM 012728 ff8faf00 007e2900 ff7b5200 00900b00 ff691000 00848700 ff771500 006c5000
PCM 012730 ff8ef400 004a9700 ffafa600 0033c400 ffc57800 00401200 ffb9c400 00324600
PCM 012738 ffc89000 0033f600 ffcb0f00 002ef800 ffccb500 001b3e00 ffdcb600 002b9c00
PCM 012740 ffce7000 003bfb00 ffc05100 00378d00 ffc4fa00 00403f00 ffbb1600 00466300
PCM 012748 ffb73a00 004ed500 ffabc900 003b3000 ffc30000 003d1c00 ffbc6200 004dbb00
PCM 012750 ffae1c00 00530300 ffa89a00 0083a000 ff742a00 00664800 ff932c00 00540800
PCM 012758 ffa98a00 005db500 ff9c2400 0066ec00 ff931500 005ed600 ffa05b00 006c2b00
PCM 012760 ff8e2100 006afc00 ff8a8800 007cde00 ff7e9c00 006c1100 ff907d00 00752200
PCM 012768 ff87a700 0065f800 ff939b00 0057b600 ffa3ad00 0053a400 ffaac500 004eaf00
PCM 012770 ffae2000 005e5500 ffa03b00 00767000 ff844d00 008f3a00 ff6b2f00 009f1200
PCM 012778 ff599500 008a3300 ff6edd00 009adc00 ff5dd700 00a1b400 ff573700 00863400
PCM 012780 ff706200 007dfd00 ff791900 00a19900 ff5bc800 00b19000 ff4a8100 00b5df00
PCM 012788 ff493a00 00bb4d00 ff3e3300 00aa1700 ff4e1100 009bdc00 ff5b8200 009adc00
PCM 012790 ff5c1100 00ac2100 ff501200 00b26c00 ff42e100 00cb6400 ff2bc100 00a76800
PCM 012798 ff526f00 009ea700 ff5cf500 00ab0200 ff4d8000 00c07900 ff3bcc00 00c0e600
PCM 0127a0 ff38e100 00cf6a00 ff28d900 00b70800 ff42eb00 009f0d00 ff5c1300 00af8900
PCM 0127a8 ff47db00 00bcb200 ff3c0f00 00c9eb00 ff302d00 00d00d00 ff228b00 00d97b00
PCM 0127b0 ff202a00 00cd5f00 ff2d4500 00a7a100 ff504600 00aa0400 ff510d00 00a9ec00
PCM 0127b8 ff4fd000 008d6500 ff685200 009d5300 ff5ab400 00b29400 ff45bf00 008d9f00
PCM 0127c0 ff684900 00909300 ff65b200 008d9a00 ff6bc800 00802200 ff7a0a00 0099ca00
PCM 0127c8 ff615100 00a58400 ff527a00 00c2b300 ff351b00 00bec700 ff3e7500 00d53300
PCM 0127d0 ff238b00 00d0a500 ff27c000 00a73200 ff530900 00875000 ff6fe500 0079de00
PCM 0127d8 ff7da800 00962600 ff659a00 00ac8300 ff4c1b00 00c02a00 ff364a00 00af5d00
PCM 0127e0 ff495200 00901700 ff692900 007ec700 ff7a1100 0068ca00 ff938400 005ff500
PCM 0127e8 ff9c2c00 0042cd00 ffb5a400 004c6100 ffaa1c00 004c4800 ffb1e700 002fff00
PCM 0127f0 ffcc3e00 00260e00 ffd2ce00 005e1000 ff9c8200 0079ea00 ff7b9e00 00966600
PCM 0127f8 ff61c400 00923f00 ff6d4a00 0075f000 ff867e00 0062c700 ff986a00 00570900
PCM 012800 ffa25600 0051e100 ffabae00 00566a00 ffa45d00 0042e000 ffb65400 00345c00
PCM 012808 ffcc5500 00293800 ffd2c600 0041ba00 ffbace00 00372a00 ffc18100 00391a00
PCM 012810 ffc59e00 004d4400 ffab9e00 0054b000 ffa7ae00 00456900 ffb20600 0058dd00
PCM 012818 ffa78b00 00538800 ffa2bc00 0040d700 ffba6100 004b1200 ffb19600 00489800
PCM 012820 ffaec900 004dfd00 ffaf5800 00373100 ffc7af00 00318b00 ffcb1200 0031ca00
PCM 012828 ffc79400 002a0a00 ffcded00 00352a00 ffc68d00 00425000 ffb84b00 0044fc00
PCM 012830 ffba5900 00327300 ffc97a00 002aed00 ffd05500 0027ec00 ffd02000 002f2d00
PCM 012838 ffcd7600 001d5c00 ffdf2f00 000fac00 ffecfb00 0018da00 ffe58f00 0014c300
PCM 012840 ffe5dc00 002e2700 ffccab00 00132600 ffe61400 00065600 fff6bc00 00270c00
PCM 012848 ffd91d00 00516d00 ffac3d00 00452400 ffb5cc00 002cdc00 ffcfa700 001c8200
PCM 012850 ffde2900 00318600 ffcb6f00 002df600 ffcad900 001d2500 ffd96600 0016b400
PCM 012858 ffe7a700 0019da00 ffe17c00 004a2d00 ffb33900 00241f00 ffd7ba00 00107800
PCM 012860 ffedbd00 00274600 ffd28200 002e8100 ffc90e00 0022b100 ffd96500 0008e500
PCM 012868 fff36300 00013100 fffb0800 00261d00 ffd86500 001db900 ffda7600 00028800
PCM 012870 fff86a00 00001700 fffbd300 fff06c00 000b9500 ffff3300 ffff2400 00068e00
PCM 012878 fff61700 00139100 ffeb4800 002e3e00 ffd19f00 00236400 ffd5cc00 000e1d00
PCM 012880 ffee7900 fff48100 00073500 0003fd00 fff77500 000b9b00 fff1f700 ffe32800
PCM 012888 00189300 ffd22500 002d1e00 ffd5b500 00265200 ffc18000 0039f400 ffe3f800
PCM 012890 00190500 ffdaf200 001dff00 ffd1d800 00273000 ffdf9400 001a2600 ffe24b00
PCM 012898 00183d00 fff7dc00 00025b00 fff38700 00040c00 ffe76b00 0014f400 ffe49200
PCM 0128a0 0018c900 fffaea00 0002f700 00008c00 fffb8f00 ffea9800 0015a100 ffe8f500
PCM 0128a8 0013ca00 ffe5ef00 00156d00 fff0a500 000def00 ffef4a00 000ae300 fff6c100
PCM 0128b0 00067d00 00131600 ffe30d00 00003200 fff87100 0013f300 ffe9c800 0009PCM 0128b8 ffee0a00 0029bb00 ffd1a600 001e6a00 ffdcbc00 001d4b00 ffd99a00 000eb200
PCM 0128c0 ffecd900 000cac00 ffecb200 00250700 ffd4cd00 002aa700 ffd17800 00277200
PCM 0128c8 ffd36d00 0011ea00 ffe8fa00 00177d00 ffe67f00 001e9c00 ffe2dc00 002ebc00
PCM 0128d0 ffcb7b00 00414200 ffbaae00 00523600 ffacf400 002d5a00 ffce3300 002f6900
PCM 0128d8 ffcbed00 00457f00 ffb2f600 001fb200 ffdca100 00158800 ffe9f900 000be100
PCM 0128e0 fff38000 001d2700 ffdc4a00 000e2600 ffee5000 ffeefd00 000d3500 ffda4e00
PCM 0128e8 00219900 ffd78100 0020f900 ffed4000 000cf300 0009cf00 fff4d400 00130100
PCM 0128f0 ffedef00 00055c00 fff62200 fff6ee00 00045f00 fff6c600 00027500 00116900
PCM 0128f8 ffec6f00 00076400 fffPCM 012900 ffe68600 fff18e00 000d4a00 ffec2300 000f1a00 ffe0f200 001dc700 ffd1c600
PCM 012908 002a2900 ffdb6900 001f4000 fff03100 000b6400 fff6f600 0007e600 ffeac600
PCM 012910 00129400 ffff7e00 00037c00 00044c00 fff4eb00 ffdf0000 001f8f00 ffdd3d00
PCM 012918 00223b00 fffc5400 00035000 ffcdda00 002cca00 ffdac900 0020d200 fff54600
PCM 012920 00077400 fffb7100 ffffb500 fffc0600 00012d00 fffd2500 fffdee00 00116900
PCM 012928 ffee2000 00184300 ffe33e00 000aec00 ffef9700 0003e600 fffb1e00 00045d00
PCM 012930 fffa7100 00057000 fff99500 0001f900 fff7fc00 0007f700 fff5fb00 00093800
PCM 012938 fff0db00 001cc200 ffdc6100 0015b900 ffe89200 00175200 ffe60300 fff27d00
PCM 012940 00058200 ffffe300 fffadc00 00097c00 ffecf600 fffbce00 ffff8400 ffcaf500
PCM 012948 00326700 ffb4f800 00485c00 ffe70100 0017f000 000f2f00 ffede800 00015700
PCM 012950 fffb5300 fffaef00 00018e00 ffea8f00 000eb300 ffde7100 001bd700 ffd7e200
PCM 012958 0020a100 ffe12800 00174900 ffe0d300 001e5400 ffcb8200 00335300 ffd39b00
PCM 012960 00275800 ffbfcd00 003c7700 ffb05a00 00479800 ffcb5100 0030bd00 ffc4f100
PCM 012968 003ab900 ffd18100 002ae600 ffdd7300 001f1700 ffdbb300 001bf200 ffd66700
PCM 012970 00284a00 ffdd8100 001ef100 ffc88700 003a4b00 ffbf6900 003b9e00 ffd31000
PCM 012978 002c4300 ffc54000 00377800 ffba7900 00454100 ffd12d00 002d7f00 ffbb8000
PCM 012980 00427b00 ffd42b00 002a2c00 ffd5d500 002cb700 ffd8a000 002a6a00 ffe2c200
PCM 012988 001b5600 ffe5d400 00186100 ffebfe00 00104900 fff84400 00027a00 00174900
PCM 012990 ffe44000 00271f00 ffdc6e00 002bd200 ffd02200 001b0a00 ffe2ca00 00257900
PCM 012998 ffd0da00 00293400 ffd29c00 002d6800 ffcb9000 00251700 ffd43300 001d1c00
PCM 0129a0 ffdde900 0015ef00 ffe9a000 fff59200 0004b300 fff81300 00081500 00012300
PCM 0129a8 fffc6a00 fff7ac00 00058500 0007f700 fff15b00 00068e00 fff75800 000e7f00
PCM 0129b0 ffeb9100 00227d00 ffd9f600 001a8b00 ffe07d00 fffbaf00 fffefc00 ffe69800
PCM 0129b8 00166400 ffdae700 0023c900 ffe00a00 0017f100 ffbb8000 00411200 ffad0d00
PCM 0129c0 0050c000 ffc05400 004
PCM 0129c8 00395e00 ffb54a00 00468a00 ffddf700 0021a800 ffc6d300 00353d00 ffab2100
PCM 0129d0 00539f00 ffc23c00 0037bd00 ffc33600 0038ee00 ffb93800 00461000 ff9dc500
PCM 0129d8 00613200 ffbbcf00 00436300 ffc91300 00323600 ffa87200 0055c800 ff9c1900
PCM 0129e0 00639400 ffaaf500 00557a00 ffa3a300 005deb00 ff912000 00724a00 ff974d00
PCM 0129e8 006b9100 ff890400 00775f00 ff9b8800 0062e100 ff9a6600 00649100 ff978e00
PCM 0129f0 00653b00 ff9c2800 0060e700 ff98e500 006a3400 ff9ac300 00609800 ffbd0a00
PCM 0129f8 003ddb00 ffcbd200 0032f000 ffd2d200 002a1400 ffdd9300 001cea00 ffed9600
PCM 012a00 000f4f00 fff22500 00070f00 ffd16e00 002c5300 ffcd9300 00300900 ffc27600
PCM 012a08 003ae800 ffc93a00 00362100 ffb38200 00497500 ffa4eb00 00588600 ff9b1d00
PCM 012a10 00607800 ffa65f00 00586100 ffcceb00 002c3000 ffd82800 00282000 ffd97700
PCM 012a18 00253800 fff66700 00082100 ffe5ea00 0016ca00 ffbece00 0042ed00 ffbc7d00
PCM 012a20 003d5c00 ffc7a500 00334b00 fffe4d00 fffd3b00 ffeddb00 00111000 ffd71e00
PCM 012a28 00249200 ffe9f800 00131a00 0000f600 fffb9500 0017f100 ffe3cc00 0008a800
PCM 012a30 fff23900 000b3900 fff5c500 fff6c500 000b6b00 fff90000 0002a100 ffe89d00
PCM 012a38 00162500 ffd8fa00 0022a900 ffdee600 001d1900 ffee3100 000daa00 fff4d600
PCM 012a40 00099600 001fbd00 ffdba300 002c7c00 ffcbbd00 00176a00 ffe32c00 fff49900
PCM 012a48 0007dd00 ffedfd00 00PCM 012a50 00187000 fffd6800 fffb5000 fffef300 00002400 fff48d00 00096800 0008c100
PCM 012a58 fff63900 fff79b00 00066700 ffea5b00 00187400 00082400 fff6a200 00075600
PCM 012a60 fff3ab00 fff95900 0005a300 0005bc00 fff4fb00 00047d00 fff9af00 fffed100
PCM 012a68 fff94200 00022e00 fff7c700 00013f00 fffca600 ffff4500 fffe4f00 ffe97e00
PCM 012a70 00192c00 ffd5f200 002a2400 ffd3cd00 002b2000 ffc92900 0038e900 ffc2b500
PCM 012a78 00413600 ffc5a700 003d1c00 ffc45900 003bb100 ffba2000 00410300 ffd88c00
PCM 012a80 0022b400 ffee7a00 000bb200 ffe04900 0016c600 ffd5d600 00284c00 fff0b200
PCM 012a88 000e9a00 ffeb5f00 000f4c00 ffe5db00 001a5600 ffd14e00 002b4e00 ffd70c00
PCM 012a90 00223f00 0004b000 fff91400 fffe3800 fffc3700 ffe08f00 001c8800 ffdb1d00
PCM 012a98 0023af00 ffd21d00 00284000 ffc54500 00384000 ffc51300 003ad600 ffab2b00
PCM 012aa0 00514400 ff992600 00619400 ff9ae200 00628800 ffa26500 005c0500 ffab5900
PCM 012aa8 00530d00 ffb02400 00505600 ffa71800 00565000 ffa61900 0059b500 ff9eb300
PCM 012ab0 00615f00 ffa03c00 005d6e00 ffa34700 0058a000 ffaa7600 00549100 ff9a5d00
PCM 012ab8 005fae00 ff88dd00 00756200 ff7dd800 0080ce00 ff6dc400 00916a00 ff7d3600
PCM 012ac0 007fda00 ff8c9d00 0073ab00 ffa74000 00510d00 ff919c00 0068ab00 ff777c00
PCM 012ac8 00862200 ff6ffc00 008e9f00 ff828200 007b1100 ff93be00 00674000 ff85f500
PCM 012ad0 00784e00 ff7aac00 0087d300 ff752b00 00889200 ff636200 009dee00 ff616500
PCM 012ad8 009e1300 ff4aa200 00b38b00 ff3c4500 00c0a300 ff494000 00b88600 ff4a7300
PCM 012ae0 00b75800 ff5cdb00 00a09000 ff57b700 00a3ee00 ff522100 00ad6100 ff63b500
PCM 012ae8 00989300 ff5a0b00 00a07500 ff4ce600 00b75d00 ff471b00 00b3ea00 ff41b500
PCM 012af0 00beb300 ff3a9600 00c70900 ff4fc500 00b2cf00 ff432700 00bef500 ff3d8800
PCM 012af8 00c48600 ff388600 00c6cc00 ff5d2500 00a4ae00 ff6a9a00 0096ca00 ff536700
PCM 012b00 00a97400 ff694f00 0092c000 ff574000 00a3f200 ff3cfa00 00c3d700 ff3eb200
PCM 012b08 00c22e00 ff40de00 00c2c300 ff2cd300 00d48a00 ff420000 00bd6700 ff580900
PCM 012b10 00a9b700 ff6f5200 008e7b00 ff73b200 00876600 ff645400 009d4800 ff574300
PCM 012b18 00ab0100 ff5f0c00 00a06a00 ff47cb00 00b6a900 ff28c200 00d79b00 ff2baf00
PCM 012b20 00cf7700 ff1c1000 00e35d00 ff189d00 00e6f300 ff212900 00ddec00 ff2ba700
PCM 012b28 00d38700 ff137500 00eb3700 ff27a200 00d6b000 ff449800 00bbf200 ff3c4400
PCM 012b30 00c43200 ff2ce500 00d04a00 ff3bce00 00c0c800 ff402b00 00bdc400 ff2f4d00
PCM 012b38 00d0d200 ff297500 00d4c500 ff19dc00 00e30300 ff200b00 00e1d900 ff0b1800
PCM 012b40 00f2f700 ff279e00 00d9a200 ff331700 00cc5800 ff363300 00c5d000 ff2d1200
PCM 012b48 00d27e00 ff318600 00cbf000 ff29a300 00d10d00 ff37dc00 00c79f00 ff5aef00
PCM 012b50 00a39a00 ff5aec00 00a4aa00 ff456400 00bd5c00 ff26ad00 00d6a000 ff261f00
PCM 012b58 00db0000 ff1b0d00 00e36800 ff27f500 00d8dd00 ff162300 00ec2900 ff29bc00
PCM 012b60 00dbd100 ff4fdd00 00b12d00 ff4f4a00 00aeac00 ff651900 009de600 ff29d200
PCM 012b68 00d6df00 ff260f00 00d93100 ff49db00 00b6d500 ff4f2e00 00b1bf00 ff5f7c00
PCM 012b70 00a2ab00 ff794c00 00848300 ff7ea900 007c6600 ff836400 00786400 ff771400
PCM 012b78 00861000 ff69f800 0091af00 ff851100 00786500 ff906000 006cd300 ffa11700
PCM 012b80 005ef100 ff966300 00645100 ff971400 00660c00 ff93da00 00690c00 ffa24600
PCM 012b88 00574300 ffae2400 0052d700 ffa4ba00 00581800 ff965500 00659b00 ff9f8000
PCM 012b90 005d3e00 ff969100 00674900 ff8f2f00 006e7e00 ffa10300 005dbe00 ff9c5b00
PCM 012b98 0061d900 ffa4a100 00586800 ffad7c00 004f5800 ffa91900 00556400 ff8a2100
PCM 012ba0 00730c00 ff946000 00667500 ff9f7200 005dd500 ffa3fd00 00578f00 ff960200
PCM 012ba8 0068b500 ff987700 00637000 ffa31600 0059ca00 ffb6a800 00428f00 ffb42a00
PCM 012bb0 0048a200 ffa9d000 00551900 ffa41f00 00582200 ff8b7e00 0073b800 ff7b7dPCM 012bb8 007db600 ff74e000 00889200 ff82c000 007a5e00 ff869f00 00739400 ff7c3e00
PCM 012bc0 00806c00 ff959700 006af900 ff857300 00762500 ff8d5600 006d8e00 ff99db00
PCM 012bc8 0062dc00 ff94 00647000 ff7e0100 007c8f00 ff7ce500 0081d800 ff6aba00
PCM 012bd0 0093ba00 ff63cc00 0098ff00 ff832e00 007bd000 ff99a900 00633e00 ffaaf100
PCM 012bd8 0050f700 ffb9cd00 0043e400 ffb3a800 004e0e00 ff961100 00688000 ff8e4b00
PCM 012be0 0071a600 ffa4b600 005dee00 ffb12a00 004d0f00 ffa25b00 005c6c00 ffa00c00
PCM 012be8 005f2b00 ffaf8100 004ba300 ffc65a00 00379600 ffd28300 002b3b00 ffcf0600
PCM 012bf0 002f7c00 ffe10d00 001f2800 ffe62400 00162c00 ffd66200 00267d00 ffd3b600
PCM 012bf8 00282900 ffd22e00 00274800 ffde7b00 001e8f00 ffddfb00 001fe000 ffce5300
PCM 012c00 002e0a00 ffb97800 003fda00 ffcd7800 002ff600 ffded000 001f2500 ffe5b700
PCM 012c08 0013c200 fff02800 000ac800 ffdf0700 0018ff00 ffd7d000 00232200 ffc1ef00
PCM 012c10 003a8600 ffcd8700 00285200 ffd40600 002afe00 ffd63a00 00251200 ffeca300
PCM 012c18 000e2200 ffd0be00 00294900 ffccbd00 0030c600 ffc6ba00 00328300 ffc82400
PCM 012c20 00335000 ffc61d00 00352b00 ffc8d300 0035a700 ffc92200 00352d00 ffa68c00
PCM 012c28 0056a000 ffa2e000 005b5100 ffa77100 00558a00 ff9fb600 005c7f00 ffb93c00
PCM 012c30 00430a00 ffc08400 003e1c00 ffdd2600 00202200 ffd4fa00 00293b00 ffbb0400
PCM 012c38 00465c00 ffb35900 0045ce00 ffaa4a00 00552600 ff9c9100 005fe400 ffb89100
PCM 012c40 00463f00 ffc9c300 0034c200 ffc83200 00365200 ffb71800 0041e800 ff99aa00
PCM 012c48 0064cd00 ffc05e00 003e1b00 ffb79600 0043e100 ffad0500 00535500 ffc42e00
PCM 012c50 003a6a00 ffb1b300 004f8d00 ffb5c000 0045e500 ffc95c00 002fdd00 ffc00800
PCM 012c58 003a0000 ff99ad00 00605500 ff948f00 006ae800 ffb55400 00481300 ffc00500
PCM 012c60 003ba900 ffb13600 004ec600 ffb7c400 00428600 ffc7ac00 0030f500 ffd1f800
PCM 012c68 002a4e00 ffc41500 003ae700 ffc61800 0034df00 ffc3cb00 0038f000 ffc17600
PCM 012c70 0039f100 ffb75900 00492a00 ffc0a100 0039d500 ffb66400 00490b00 ffc3bf00
PCM 012c78 003c4c00 ffd9cb00 001f7a00 00107100 ffea1200 00052b00 fff85100 00008d00
PCM 012c80 fff6b500 000a9700 fff18f00 fff9fd00 0005d400 fff51000 0004ef00 fffac400
PCM 012c88 0001a200 fff3ac00 0004b700 ffe92000 00141100 00000f00 fff85800 00090000
PCM 012c90 fff12300 0000c300 fffa0200 ffe70100 00143300 ffe86500 00144a00 000f4b00
PCM 012c98 ffec4b00 001d2500 ffddc400 0012da00 ffea2b00 00170b00 ffe33800 00182600
PCM 012ca0 ffe83400 fff95800 0003e600 00019700 fff8b600 fff3f200 00095800 fff05400
PCM 012ca8 000deb00 fff9f000 00005800 fffd3400 00015300 fff53200 00060700 ffe7bc00
PCM 012cb0 00172000 fffe0c00 fffc3c00 fffc1300 00009d00 ffe8cb00 00152300 ffef0900
PCM 012cb8 000a0000 000e5300 ffeb9c00 000eca00 ffef5e00 fff42500 000a6e00 fff15d00
PCM 012cc0 000cfb00 0013ed00 ffe8be00 00333400 ffca0d00 002a4600 ffd2e000 00251f00
PCM 012cc8 ffd79d00 0035b800 ffc50700 002f3100 ffccf500 00144500 ffe93a00 000d9600
PCM 012cd0 fff10600 fffa9d00 fffefb00 fff58e00 0004b000 0027f600 ffd4b300 0029d700
PCM 012cd8 ffd15100 00333700 ffc6b300 00260f00 ffd6b300 fff12000 0009db00 fffd7800
PCM 012ce0 fffc0d00 001f6300 ffd77c00 002a9300 ffd1dc00 003c3400 ffbebb00 001d7e00
PCM 012ce8 ffdcfb00 0017ca00 ffe52000 00132900 ffe9b300 001e3300 ffdbd800 003ca300
PCM 012cf0 ffc0ab00 00450700 ffb9be00 00428600 ffbada00 00273a00 ffda1300 00068100
PCM 012cf8 fff85500 00200a00 ffd6eb00 0010db00 ffecf000 000c9e00 ffefbb00 fffaf200
PCM 012d00 00043400 ffd1c600 0029ba00 ffe18700 001b9f00 ffdd3700 001f0f00 fff47f00
PCM 012d08 00068700 fff39000 00097a00 ffff9c00 fffd3e00 fff07000 000d7500 ffd90f00
PCM 012d10 00240600 ffdc2500 00213500 ffd7aa00 0027d200 ffcd0800 002f0800 ffd2ad00
PCM 012d18 002fa300 ffe00c00 001ba000 ffd98700 001cf800 ffd2de00 00289d00 ffbd0000
PCM 012d20 003d4c00 ffaf0e00 004a8300 ffaafb00 00517c00 ffa88900 00568d00 ff917f00
PCM 012d28 006bf700 ff99d800 00665800 ff840900 007bb100 ff9d9d00 00663e00 ffab8c00
PCM 012d30 00562c00 ff9e2f00 005c6800 ffb24800 004bca00 ffcea200 002c1e00 ffc78e00
PCM 012d38 00336e00 ffad9800 004c2100 ffab8800 0052bb00 ffae7f00 00526f00 ffb43f00
PCM 012d40 00479a00 ff98d400 005e0400 ffa67800 00584500 ffb7dc00 00483100 ffc13400
PCM 012d48 003af900 ffc5d400 00364e00 ffb78700 0043e400 ffb94e00 00423400 ffa69c00
PCM 012d50 00558100 ff832e00 0079a400 ffa79a00 0051e600 ffb50d00 00467c00 ff95fb00
PCM 012d58 00659200 ffa64b00 00576500 ffb9dd00 0044a500 ffa06000 005bb900 ff90da00
PCM 012d60 00695900 ff867d00 00783d00 ff78e000 0088f700 ff75aa00 00854300 ff6bef00
PCM 012d68 00916500 ff5ecc00 009dd000 ff69e000 00960700 ff5f4000 00a19700 ff4cc000
PCM 012d70 00b70700 ff2d0d00 00d11300 ff298a00 00d4a000 ff120600 00ec1300 ff2ed500
PCM 012d78 00d0e000 ff41a500 00bdb400 ff3d9500 00bf7000 ff178f00 00e56e00 ff164d00
PCM 012d80 00e74f00 ff080d00 00f6e300 ff08b200 00f63a00 fefc8e00 01040000 fefcda00
PCM 012d88 01011900 ff122500 00e9f700 ff1f8200 00e09000 ff22d900 00d9de00 ff23e200
PCM 012d90 00de0500 ff115100 00ec1000 ff0b4900 00f2c600 ff218200 00dbd300 ff270300
PCM 012d98 00d94500 ff2ed500 00cfb100 ff29b000 00d4d400 ff098800 00f7f100 ff00f000
PCM 012da0 00fa7e00 ff0a3a00 00f3ad00 ff079d00 00fa1600 ff042a00 00fe0e00 ff1f1500
PCM 012da8 00e43500 fefb2300 01046e00 fefb0100 0106c000 fef9c100 01022000 ff063700
PCM 012db0 00f68200 ff1d0100 00e06900 ff2caf00 00d60000 ff361200 00c9dc00 ff52f900
PCM 012db8 00acf700 ff4e1d00 00b4ce00 ff426100 00c00b00 ff37ab00 00c40200 ff310c00
PCM 012dc0 00cd8600 ff359300 00cb6400 ff21b600 00df7300 ff1c4200 00e24a00 ff214700
PCM 012dc8 00dcb800 ff350800 00c83500 ff5a5600 00a44e00 ff61e700 009d1b00 ff605600
PCM 012dd0 009d4300 ff54de00 00abd500 ff414900 00bf4200 ff321100 00cde600 ff40b700
PCM 012dd8 00bffa00 ff5d5200 00a0d200 ff5fe800 009fbf00 ff44eb00 00bbc800 ff4cf800
PCM 012de0 00b44700 ff4cbc00 00af8900 ff59e500 00a62600 ff670a00 009ddf00 ff542300
PCM 012de8 00ae6f00 ff51f100 00af2400 ff443b00 00bc4600 ff5d0800 00a35900 ff4d3d00
PCM 012df0 00b2b300 ff46b000 00bcb200 ff728b00 008dac00 ff653a00 00977d00 ff49e000
PCM 012df8 00b53a00 ff5af800 009ebc00 ff684a00 00926a00 ff5fc200 009d3300 ff535700
PCM 012e00 00ada600 ff4d4f00 00b3af00 ff4b7600 00b43600 ff66bd00 00971c00 ff68fa00
PCM 012e08 00976f00 ff6b9a00 0092da00 ff649900 009abc00 ff700b00 008d7300 ff80ed00
PCM 012e10 007fca00 ff7bcb00 00826600 ff6ffc00 008bc500 ff67a000 00961a00 ff784f00
PCM 012e18 0086a700 ff7fd200 00801800 ffa87900 0056dc00 ffb14700 004e8a00 ffbfe900
PCM 012e20 003f8800 ffb3de00 0049e300 ff9f1d00 00632900 ff8ef900 00714a00 ff8d7b00
PCM 012e28 006fdc00 ff93cd00 006df200 ff852800 007a5f00 ff896600 0074ef00 ff9d7f00
PCM 012e30 00605200 ffa36700 00593e00 ffab0400 00562a00 ffc1d600 003bce00 ffe30100
PCM 012e38 0019fa00 ffc03a00 003f1900 ffb00a00 004c8100 ffc0d300 00413e00 ffc31c00
PCM 012e40 003af200 ffbaba00 003ea300 ffa2a800 00573200 ff85b600 00798200 ff6a8900
PCM 012e48 0092fd00 ff6eed00 008e4600 ff766b00 0086a300 ff8c2b00 0073c700 ff9b6f00
PCM 012e50 0062e200 ff9ee000 005bf900 ffa5b700 00569400 ffbd1b00 00435b00 ffb04600
PCM 012e58 004e1b00 ffb62b00 0044d800 ffbd0600 003f8600 ffb5f200 004a4300 ffc1b500
PCM 012e60 003c6d00 ffcdb500 002fab00 ffcba700 00303500 ffcc1c00 00314600 ffbb8200
PCM 012e68 00464500 ffc2c600 00383000 ffa94f00 00543400 ffaf9e00 004f4a00 ffad7500
PCM 012e70 00544400 ff874100 00767400 ff949700 00677600 ffb9a400 00447b00 ffc98200
PCM 012e78 00352400 ffb9f900 00404b00 ffaaa400 00520b00 ffc16800 003d7900 ffbc2f00
PCM 012e80 00435700 ffaf6700 004ca100 ffbad900 00411400 ffbe1500 003ce000 ffcce100
PCM 012e88 002c9300 ffd20100 00262100 ffd87e00 0022d500 ffed8800 00129600 ffe5de00
PCM 012e90 00171900 fff78500 0002de00 fff14400 00097600 fff68d00 ffff9000 fffdab00
PCM 012e98 ffff9f00 00068000 fff4f800 0020d000 ffddd500 00115000 ffea1d00 fffe4b00
PCM 012ea0 fffda800 fffeab00 fffb2200 fffe5600 fffebc00 fffc7700 fffffb00 fff69e00
PCM 012ea8 00064700 fff88500 ffff9900 00001f00 fffb2d00 00138900 ffe70800 00029200
PCM 012eb0 fff59700 00025200 fffb6b00 00089900 fff2bf00 ffe96100 00143100 ffd7e200
PCM 012eb8 0021a100 fff42200 00085e00 ffe9a500 000fe000 ffd76d00 0023c600 ffd18e00
PCM 012ec0 00282400 ffded600 001f8300 fff3f100 0007de00 00084900 fff3bd00 fff17300
PCM 012ec8 00098e00 fffcf800 fffffd00 fff64100 00045600 fff0e000 00076f00 fffa7f00
PCM 012ed0 00025800 fff0c900 000b5900 ffee5e00 00090d00 fffcef00 fffd6f00 fffc2b00
PCM 012ed8 fffecc00 00147b00 ffe6ff00 ffe9af00 00127700 ffd79500 0020a900 ffd15000
PCM 012ee0 00291300 ffe15800 001c2f00 fffa4100 0002e800 0004d900 fff6c900 fff92400
PCM 012ee8 0002a400 ffea8300 000ea000 ffe3fe00 00141000 fff1ef00 000c8f00 00054a00
PCM 012ef0 fff4b200 0005e000 fff5ba00 fff1cd00 00088600 fff4e300 0005c200 00306900
PCM 012ef8 ffca3400 003c4e00 ffc05500 0032c400 ffc50300 003b4000 ffbdfd00 003cbb00
PCM 012f00 ffbb0d00 001cd200 ffde7500 003b1d00 ffc3d000 00377b00 ffc44e00 002cb800
PCM 012f08 ffd5a300 002d0b00 ffcf7500 002d4200 ffcc0400 002f1700 ffcabc00 003fb800
PCM 012f10 ffb55e00 00502300 ffab8f00 00660c00 ff94a600 005bf700 ff9e0c00 005b1b00
PCM 012f18 ffa04400 0050ac00 ffa68700 00650300 ff9a0b00 00538600 ffa88800 00461a00
PCM 012f20 ffb12200 0029ba00 ffd00800 00257f00 ffd6b300 002f7100 ffca5900 003fed00
PCM 012f28 ffba9f00 00548200 ffa6fa00 00299800 ffd39d00 00227300 ffdb9f00 002fae00
PCM 012f30 ffcefc00 00323000 ffc93b00 003a9c00 ffc38200 00270f00 ffd63b00 0028a200
PCM 012f38 ffd04700 00339300 ffc65200 002f3c00 ffca4000 00252300 ffd33b00 00348100
PCM 012f40 ffc7ef00 002fd400 ffd01700 003fe700 ffbb9300 0042f700 ffb8a300 003aaf00
PCM 012f48 ffc11300 00228f00 ffda6600 00283c00 ffd6c000 0030f700 ffce4900 00280e00
PCM 012f50 ffd3e200 00304800 ffd0d600 0029ed00 ffd1d200 002ca800 ffcd0700 001e6b00
PCM 012f58 ffe3fa00 002c9200 ffd29200 00383f00 ffc40d00 004bc500 ffaf2a00 005fab00
PCM 012f60 ff9e8900 00586f00 ffa4f200 003e4800 ffbc8a00 005dc700 ffa0b300 005a5200
PCM 012f68 ff9f4000 00545f00 ffa8b700 00630700 ff972900 005d1000 ff9d1f00 004c3700
PCM 012f70 ffb2bb00 002d4200 ffcd4e00 00238600 ffd6c500 00268b00 ffd69800 00283500
PCM 012f78 ffd99e00 00299600 ffd03300 00200300 ffdf3400 0026cb00 ffd24f00 00287b00
PCM 012f80 ffd2fb00 0025ec00 ffd36f00 0015c900 ffe61100 000d1f00 fff06b00 00167c00
PCM 012f88 ffe2d300 001e8200 ffdedb00 00233100 ffdbaf00 00168600 ffdf0e00 00280800
PCM 012f90 ffcfef00 0038ee00 ffc0ae00 00234500 ffd58e00 ffffbd00 fff80e00 ffffcc00
PCM 012f98 fff9fd00 00243300 ffd62f00 001ae600 ffda3800 0010c500 ffedda00 000db700
PCM 012fa0 ffed2500 00112300 ffea8500 003e8100 ffbbfd00 00300800 ffce5600 001b7500
PCM 012fa8 ffe01a00 00311300 ffcb1400 0024d900 ffd72c00 002a4300 ffd31c00 00166d00
PCM 012fb0 ffe3b200 00157400 ffe9d800 001b8500 ffe4f000 00180200 ffe40900 000cf700
PCM 012fb8 ffef9900 001f7500 ffdaf500 00068e00 fff47200 ffd2ca00 00285100 ffbe5e00
PCM 012fc0 003a3d00 ffc1f500 003bdb00 ffcb4200 00322800 ffc3fb00 00393e00 ffa1f600
PCM 012fc8 00588b00 ffaa0800 0053df00 ffc3e600 00394f00 ffcdef00 002e1200 ffb8e500
PCM 012fd0 00441b00 ff991f00 00635500 ffb41a00 004dce00 ffd3e000 002b5a00 ffd5a200
PCM 012fd8 0025ce00 ffd07c00 002b4c00 ffcd7b00 00308400 ffb89d00 00469100 ffb71400
PCM 012fe0 00493800 ffb91b00 00451c00 ffafec00 0049ea00 ffc3d800 0039a500 ffbd4700
PCM 012fe8 003b1300 ffa57e00 0054d500 ffb66600 00465d00 ffbb7a00 00415600 ff9b7100
PCM 012ff0 00622c00 ffc3ff00 0037d300 ffae1c00 004b2300 ff9bc000 005d3100 ffb1d000
PCM 012ff8 004cc100 ff9a4f00 0064ed00 ffa87300 00556700 ff9aaf00 00680e00 ff92a400
PCM 013000 006b6f00 ff8ceb00 00716400 ff8a2a00 00749c00 ff818800 007bf500 ff904400
PCM 013008 006f4500 ffa4a900 005a3100 ffa5aa00 00583000 ff92ac00 00694b00 ff94e900
PCM 013010 0069ca00 ff9df700 005cc800 ffaa5400 00534e00 ffbd6d00 003f9300 ffb91700
PCM 013018 00460c00 ffd02400 002db900 ffc1ab00 003d6d00 ffb0ac00 004ecf00 ffc1b000
PCM 013020 003cfb00 ffc8d100 0034c900 ffb1be00 004b7700 ff9e9c00 00613b00 ffa1cd00
PCM 013028 005d1500 ff946e00 006bde00 ffaaae00 0052bd00 ffa2d400 005c9800 ffad5900
PCM 013030 004f6b00 ffa70b00 0053c200 ff95fd00 00689300 ffb31f00 00499800 ffc4f500
PCM 013038 00384400 ffc93800 0032ca00 fff2f100 0009cc00 ffe22300 001f4100 ffd0e300
PCM 013040 002ec400 ffc3bc00 00399f00 ff9a5e00 00611a00 ff9c1c00 00615f00 ffa2a000
PCM 013048 0058ac00 ffbc5f00 003fb700 ffe2f500 00194600 fff30a00 0008b700 ffe3d900
PCM 013050 001b5400 ffca5f00 00306200 ffc19f00 003b2500 ffd13f00 002a3700 ffe86a00
PCM 013058 0014d500 ffe20000 00180000 ffd83400 00268f00 ffb9b300 00422100 ffbe8e00
PCM 013060 003e1500 ffd22b00 002b6e00 ffd5d900 00281e00 ffed0500 00103c00 00068b00
PCM 013068 fff54b00 00070000 fff3cd00 00062a00 fff92a00 000dc000 ffe7b500 0021f600
PCM 013070 ffdc5600 00205700 ffdd8f00 0013bd00 ffe75300 00311100 ffccf200 0032d400
PCM 013078 ffc66500 002e1e00 ffd08400 00345800 ffc96100 00331b00 ffca7e00 003a9b00
PCM 013080 ffc07200 0033a900 ffc8b900 003b8b00 ffc22700 002f1600 ffcf0900 001bae00
PCM 013088 ffe1f300 fff5e000 00035f00 000ff500 ffeae900 00088d00 fff03000 0007b600
PCM 013090 fff44f00 0026a500 ffd30d00 00210b00 ffd69900 003f4700 ffbb5800 002fa100
PCM 013098 ffcf1b00 0034a600 ffc66500 00313a00 ffcec400 00146400 ffe95100 00200000
PCM 0130a0 ffdba000 00272600 ffd6eb00 0028a700 ffd3fa00 00424c00 ffbb8200 0059c000
PCM 0130a8 ffa36700 0057b700 ffa47100 005cc200 ff9b2400 005e5800 ff9caf00 00617e00
PCM 0130b0 ff9bb000 00582900 ffa43a00 00526400 ffa47100 0052e300 ffa61500 004aa200
PCM 0130b8 ffb3b000 00374c00 ffc44b00 00443000 ffb55600 0026e500 ffd34b00 0020e100
PCM 0130c0 ffd77200 00408700 ffbcee00 00242600 ffd8e500 00292200 ffd5ca00 003a0c00
PCM 0130c8 ffc10100 00260a00 ffdc0a00 0030b700 ffd1e200 001abf00 ffdd8800 00218800
PCM 0130d0 ffdb6500 0021bc00 ffdc7100 00206d00 ffdb2400 00226300 ffdd2100 001ebd00
PCM 0130d8 ffe44a00 0021ac00 ffde8300 003a8200 ffc20f00 003dda00 ffbda000 00174b00
PCM 0130e0 ffe47000 00233300 ffd83800 002b0d00 ffd07d00 003dfb00 ffc0d700 00467100
PCM 0130e8 ffb63500 00381b00 ffc3e400 00432900 ffb58c00 00580e00 ff9ed100 006a2e00
PCM 0130f0 ff8c3900 00531d00 ffa3b200 00330e00 ffc7f200 a600 ffb9d700 0037d900
PCM 0130f8 ffc1ae00 00445600 ffb88700 00692f00 ff90e600 0060cf00 ff954800 00708300
PCM 013100 ff8f0500 00507800 ffa58800 00520400 ffa95300 00498400 ffafd900 00681f00
PCM 013108 ff8f4000 00744d00 ff864a00 0076f500 ff84a000 008b9700 ff740d00 0071e800
PCM 013110 ff866b00 00682f00 ff946900 007a1a00 ff7ed800 00773d00 ff84ef00 007ff100
PCM 013118 ff7d1e00 007ee100 ff7f0c00 0066e000 ff911c00 00576c00 ff9c4c00 005b8d00
PCM 013120 ffa0ae00 00673100 ff937100 0035b400 ffc54400 002c7100 ffd03e00 00260200
PCM 013128 ffd6cb00 00271100 ffd3cb00 004a1e00 ffafe900 0051dd00 ffa86d00 0067f200
PCM 013130 ff93ee00 007b4a00 ff7ee200 004e5300 ffacdc00 00398c00 ffbe2a00 00456500
PCM 013138 ffb71500 00398200 ffbe3d00 0061ba00 ff99ec00 00764600 ff82e600 00732a00
PCM 013140 ff848900 00817400 ff779d00 00803500 ff79d600 007fa000 ff7a8a00 0071ed00
PCM 013148 ff89df00 008af000 ff730e00 00963700 ff652500 0086aa00 ff747000 007b2500
PCM 013150 ff7d3500 0083b100 ff752600 0085df00 ff725000 0078fb00 ff7c7400 00763600
PCM 013158 ff83ec00 006ba300 ff908100 00624900 ff9a7e00 0071f500 ff8a7700 007de800
PCM 013160 ff7d9400 00848b00 ff73f800 007b9300 ff80a400 0081e600 ff79de00 006d9000
PCM 013168 ff8e6e00 00714500 ff882d00 0084cb00 ff744800 00768400 ff828700 00749100
PCM 013170 ff872a00 00812900 ff7c0800 006f7600 ff8cf600 007e2300 ff7eb300 0085a800
PCM 013178 ff772100 009d1500 ff605100 00a80700 ff52dc00 00969d00 ff61ef00 00a8a600
PCM 013180 ff4ff400 00988a00 ff5fdb00 008a4b00 ff71a000 008f5c00 ff6df300 00958400
PCM 013188 ff66bf00 00967400 ff62ba00 00a7a900 ff552f00 009c8000 ff5ec900 00988000
PCM 013190 ff5e4f00 009b2e00 ff5eae00 00c5c900 ff34ef00 00d40b00 ff219800 00c95a00
PCM 013198 ff2e2700 00d25f00 ff25ab00 00c41500 ff37ad00 00b93f00 ff456b00 00a72100
PCM 0131a0 ff4fa400 00a40400 ff4fbb00 009e3600 ff5c1100 008da700 ff6af500 00994d00
PCM 0131a8 ff611500 00a32800 ff566a00 00a2ec00 ff55eb00 00b07600 ff46a400 00bacf00
PCM 0131b0 ff41b600 00b53b00 ff433200 00b79e00 ff3ebc00 00c8ce00 ff2fdf00 00c73400
PCM 0131b8 ff316200 00e00500 ff19b600 00e95b00 ff13e200 00d99500 ff1bcc00 00da9800
PCM 0131c0 ff1d0700 00cc9200 ff2a7700 00c72400 ff363200 00c4e800 ff38f600 00dce300
PCM 0131c8 ff1b1e00 00cfa400 ff293900 00bdbf00 ff3c1d00 00b77700 ff428e00 00b32500
PCM 0131d0 ff443800 00c22b00 ff338800 00c24d00 ff37e900 00aed700 ff498e00 00c55600
PCM 0131d8 ff2ce000 00de2f00 ff1d6200 00e38b00 ff165100 00ed3f00 ff0ba800 00ea1300
PCM 0131e0 ff0edb00 00df3a00 ff17c500 00d51600 ff223000 00c79e00 ff30f400 00b8aa00
PCM 0131e8 ff3a8d00 00ae9500 ff456e00 009b8500 ff592900 00a9ab00 ff4c3600 00b58500
PCM 0131f0 ff43c800 00b24f00 ff44e500 00b90500 ff418800 00b41a00 ff3f3d00 00ad1400
PCM 0131f8 ff4b7800 00c01a00 ff3af200 00b72200 ff429600 00b08900 ff487c00 008f2a00
PCM 013200 ff689b00 00817a00 ff77bc00 00852100 ff759e00 005abe00 ff9c9700 0058ba00
PCM 013208 ff9f1500 0078d700 ff836a00 00739600 ff820300 006c8a00 ff8c0700 00550f00
PCM 013210 ff9ca500 00448800 ffb2f500 00396c00 ffc58800 00438a00 ffb43000 004b1d00
PCM 013218 ffaa5b00 004ca500 ffae3200 00315000 ffc5b300 00215a00 ffd75400 0036de00
PCM 013220 ffc20e00 0035bd00 ffc24100 0022db00 ffd64800 001e6b00 ffda0e00 fff83500
PCM 013228 00010700 00172300 ffe51e00 0018f800 ffe1c500 00051600 fff97900 000a4000
PCM 013230 fff44700 00138000 ffe9f200 00162f00 ffe40600 0013de00 ffead000 00091100
PCM 013238 fff1e200 fffcf100 fffd7300 ffeb8400 000e2000 ffeaff00 0013bd00 ffd84600
PCM 013240 0025b800 ffd68300 00279f00 fffba600 00075c00 ffe3f900 00188000 ffd32500
PCM 013248 00296000 ffcbe700 00317200 ffbae700 00469f00 ffa9cc00 00547f00 ffb27400
PCM 013250 004a1800 ffa0bd00 0057b300 ff96d600 0069cc00 ff939900 0067e500 ff9ef300
PCM 013258 005f9100 ff977000 00646f00 ff82ef00 00807e00 ff786600 00863d00 ff792600
PCM 013260 0080c900 ff7b7900 00849000 ff888500 007c9a00 ff9f0100 00604a00 ff9b7700
PCM 013268 005f6100 ffa7c000 00544900 ffb49d00 00446900 ffaa7a00 00553800 ffa9b900
PCM 013270 00508e00 ffa75300 0055e400 ffb72b00 0047fc00 ffafef00 004de400 ff9c8f00
PCM 013278 00621200 ffab6500 00537900 ffa6bf00 00547700 ffa83400 00557600 ffb5c900
PCM 013280 0049e700 ffac5000 00509f00 ff8f1e00 00720c00 ff88a600 00711b00 ff964700
PCM 013288 00667a00 ff7de300 0080cc00 ff539800 00aaad00 ff43be00 00bb1400 ff4e9c00
PCM 013290 00b12500 ff2a7800 00d37500 ff321b00 00ce0900 ff270800 00d85500 ff215800
PCM 013298 00dd2d00 ff49e300 00b7d500 ff431a00 00b99a00 ff4de900 00b09300 ff5ec700
PCM 0132a0 00a3f600 ff5bf000 00a35700 ff561c00 00a77700 ff4d3f00 00af9000 ff4e1500
PCM 0132a8 00b1ae00 ff59bf00 00a74300 ff41af00 00be1500 ff5acf00 00a1f700 ff5e9600
PCM 0132b0 009e5800 ff562000 00a69800 ff4d0e00 00b07000 ff3b9200 00be1b00 ff3b1500
PCM 0132b8 00c46300 ff47c500 00b68900 ff5e0200 00a2da00 ff52e800 00ab3300 ff358200
PCM 0132c0 00c8bb00 ff30a000 00ca7c00 ff393a00 00c73200 ff4eed00 00ad5600 ff3d6000
PCM 0132c8 00bc8c00 ff42cc00 00ba7100 ff41f800 00b99600 ff610b00 0099ca00 ff681800
PCM 0132d0 0097e600 ff65e800 00960d00 ff698c00 00979700 ff647f00 009d7400 ff414e00
PCM 0132d8 00baf500 ff425700 00ba2f00 ff4f2300 00aee100 ff791200 00834700 ff8d6b00
PCM 0132e0 006fe800 ff85b100 00775500 ff5bc100 009e0100 ff61cd00 009b9a00 ff698100
PCM 0132e8 0094b600 ff684300 00969100 ff577600 00a7f000 ff5f2800 009bc000 ff72f200
PCM 0132f0 00896300 ff7a2400 007e2300 ff9d6200 00602400 ff877f00 00750f00 ff770700
PCM 0132f8 0089a500 ff7e6900 00802d00 ff885b00 00709b00 ff73a900 00895200 ff591a00
PCM 013300 00a56e00 ff597300 00a4cd00 ff6d2f00 00910b00 ff6e5700 008f8e00 ff717300
PCM 013308 008d9f00 ff84aa00 0075a400 ffacf300 004e4600 ffb25000 004be800 ff967400
PCM 013310 00662100 ff845700 007bd800 ff8e9b00 006ee100 ff8f3500 006e4600 ff7ba700
PCM 013318 00849c00 ff700000 008d0100 ff70a800 00899100 ff686400 00941c00 ff789c00
PCM 013320 00863400 ff8f2800 0071a200 ff952c00 006c1a00 ff8d1100 0072fd00 ff6c4400
PCM 013328 0090c300 ff7f4e00 007d2f00 ff8d3300 0074ad00 ff6a1200 00961200 ff5dca00
PCM 013330 009c9800 ff619c00 009dcc00 ff653e00 00976300 ff6a0800 00949500 ff7f2100
PCM 013338 007f9200 ff7f7b00 007e3500 ff5efa00 009e5200 ff5c2d00 00a26c00 ff5d0200
PCM 013340 00a1bb00 ff733500 0089db00 ff910400 006ae300 ff92be00 006bce00 ff639100
PCM 013348 00992400 ff759400 00869f00 ff8ea600 006fc400 ff89b500 00773f00 ff7a5800
PCM 013350 00822800 ff8a1d00 00793000 ff91ed00 006e5d00 ff9d1400 00658400 ff9c0b00
PCM 013358 00660d00 ffa8b600 0054f800 ff973200 0066ea00 ff9b7000 00615000 ff8e9e00
PCM 013360 006fb000 ff873400 00736100 ff863e00 0079fd00 ff8e8b00 006df100 ff82f400
PCM 013368 007a2d00 ff57bf00 00a1af00 ff687000 0090db00 ff711800 008df000 ff58b700
PCM 013370 00a89b00 ff59bf00 00a50500 ff56e000 00ad3b00 ff6dd500 0090eb00 ff61e400
PCM 013378 00999600 ff5da500 009efd00 ff644300 009b4f00 ff594300 00a24400 ff579d00
PCM 013380 00a49c00 ff722100 008d4200 ff88bd00 0071a300 ff900700 006e3700 ff86b000
PCM 013388 00770400 ff8abd00 00753c00 ff810d00 007c8000 ff978900 006a3100 ff98d200
PCM 013390 00657500 ff883e00 00772e00 ff954a00 006dfc00 ffa78900 00564900 ffbdb700
PCM 013398 00406300 ffb7dc00 0047ce00 ffb95300 003ce000 ffb85f00 00447700 ffb17600
PCM 0133a0 004e9b00 ffb5e900 0048ff00 ff9fd400 005d3c00 ff9a6100 00649000 ff96f900
PCM 0133a8 0069a500 ffc05100 0040c100 ffd24a00 002a9000 ffd03400 002d6800 ffb70600
PCM 0133b0 00473400 ffa6e800 00564f00 ffa3aa00 0057c900 ffafc300 00503b00 ffc84a00
PCM 0133b8 00331d00 ffc38600 00396c00 ffb3e200 004d2800 ffa45d00 005a0700 ffa8a200
PCM 0133c0 00556300 ffa86100 00567100 ffb43c00 00490200 ffc07800 00387700 ffde8100
PCM 0133c8 00227400 fff93400 00061100 fff53600 00089a00 0004e500 fffb5100 fff3db00
PCM 0133d0 00054b00 000c5400 ffef1c00 ffe3d200 00199d00 ffe06d00 001f0c00 ffe22300
PCM 0133d8 001edd00 ffd33e00 00284100 ffc71400 00373700 ffd3eb00 0028d500 ffd77f00
PCM 0133e0 00271e00 ffd04d00 002bcb00 fff37c00 00023400 000e4300 ffefb100 00038600
PCM 0133e8 fff91a00 ffeb1d00 000faa00 ffffe200 fffd3f00 fffe9f00 0000ef00 fffbb500
PCM 0133f0 ffffc100 00136e00 ffe6f900 0005dc00 fff11300 ffecf600 00100b00 ffe68a00
PCM 0133f8 00129f00 ffe6e000 00158c00 fff23800 00094800 0000f300 fffd7d00 00288000
PCM 013400 ffd6b400 0048c400 ffb62c00 002e4300 ffc9ae00 00384200 ffc40800 003a5c00
PCM 013408 ffc35f00 00142900 ffe87c00 0014f900 ffe85100 00411500 ffbb6a00 0026e800
PCM 013410 ffd66200 00044c00 fff25500 001a2b00 ffe4f000 001f4f00 ffdbe500 00374a00
PCM 013418 ffc68300 003df400 ffbdee00 0057fe00 ff9f6500 00739500 ff87b300 00838b00
PCM 013420 ff75ea00 007e3e00 ff7aac00 00842b00 ff75c100 00762e00 ff81e700 00712c00
PCM 013428 ff8cca00 00849600 ff76f200 00923d00 ff672c00 00704900 ff86f900 007b7600
PCM 013430 ff7e2b00 0092de00 ff661e00 008ef900 ff6a0600 00805500 ff7be500 008c3700
PCM 013438 ff6baa00 00afd500 ff485c00 009b8a00 ff5ff500 008b6800 ff6bdc00 0074d400
PCM 013440 ff844500 00712c00 ff86e700 0082d400 ff7ae200 00899a00 ff72dc00 006ca200
PCM 013448 ff8adb00 00602a00 ff9ef100 006d9b00 ff913900 005b3000 ffa29c00 005e8300
PCM 013450 ff9ef400 00717100 ff87fe00 0077ca00 ff852b00 00839a00 ff759a00 005b8a00
PCM 013458 ffa4e500 005dbb00 ff97ce00 005cba00 ff9ea800 007a3b00 ff7df100 007d4a00
PCM 013460 ff798c00 00795f00 ff7c1b00 005d9600 ff96ea00 00680e00 ff934200 00637700
PCM 013468 ff925400 00625a00 ff963800 005c1200 ff9ee600 005f7400 ff9f7000 0042b600
PCM 013470 ffb9cc00 00359f00 ffc1ea00 004d3500 ffa66100 00520e00 ffa8b700 003c9c00
PCM 013478 ffbef400 003ab400 ffbe7700 004c4f00 ffadb900 0061b900 ff963800 0067c200
PCM 013480 ff927000 00564900 ffa3bf00 004db000 ffafcc00 004d7c00 ffaad100 0050be00
PCM 013488 ffa5f200 00408800 ffb81100 004b9300 ffac4700 002c6000 ffcfe100 001bc700
PCM 013490 ffe04400 002c6900 ffcf5600 00139b00 ffe47400 00135f00 ffe5db00 002bde00
PCM 013498 ffcf0100 00213800 ffd93100 00156300 ffe5a800 00188900 ffe60b00 fffaa000
PCM 0134a0 0001f100 ffec3e00 000f4100 fff6cd00 00035600 ffefa500 0009c000 fffa7100
PCM 0134a8 ffff8c00 ffedc300 000cf700 ffeea600 000c9c00 ffeb4600 0011a300 ffdd0500
PCM 0134b0 00203200 ffbaab00 00439900 ffa85600 00540700 ffacff00 00549400 ffb20400
PCM 0134b8 004d1900 ffb4e600 00457700 ffc56f00 00382700 ffc45a00 0038a600 ffa00000
PCM 0134c0 005cd200 ff827900 007c1300 ff8a6f00 006fb900 ff9dc800 005f2d00 ff915a00
PCM 0134c8 006b8900 ff83cf00 007b8800 ff8b8500 00751100 ff773f00 0087e400 ff75b300
PCM 0134d0 00852a00 ff62d700 009bc100 ff500300 00ade800 ff584200 00a62000 ff4d5300
PCM 0134d8 00af0000 ff55c300 00a5ce00 ff59a200 00a79700 ff4cde00 00b33d00 ff49ee00
PCM 0134e0 00b2cd00 ff64ea00 009c7600 ff74ed00 00898900 ff529400 00ac2300 ff47a900
PCM 0134e8 00b55700 ff58df00 00a88000 ff506e00 00aad500 ff3a2700 00c2f200 ff458800
PCM 0134f0 00b88a00 ff408b00 00bf1500 ff320a00 00c87c00 ff43d900 00b7aa00 ff364b00
PCM 0134f8 00c6c000 ff1cb800 00dfe400 ff22e600 00db1900 ff51ff00 00a81200 ff4adc00
PCM 013500 00af9900 ff38c400 00c6c000 ff203c00 00de3200 ff357600 00c85100 ff43dc00
PCM 013508 00b9a300 ff38ce00 00c36400 ff499200 00b37200 ff5bfc00 00a03200 ff567500
PCM 013510 00a28400 ff5a2f00 00a50700 ff5afe00 00a0e600 ff4d5300 00b25a00 ff414d00
PCM 013518 00c07200 ff47d100 00b44100 ff419300 00b8f900 ff233100 00dc6b00 ff309700
PCM 013520 00d23900 ff24cd00 00d49500 ff124b00 00ee9d00 ff196d00 00e4ab00 ff105500
PCM 013528 00ef6400 ff1c9900 00e06b00 ff2cc600 00cee600 ff42c400 00b8df00 ff34dd00
PCM 013530 00c88c00 ff416800 00bc7c00 ff3f8d00 00c0dd00 ff40e200 00bab000 ff5de900
PCM 013538 009f0a00 ff421100 00ba6300 ff294800 00d9f600 ff2b0100 00d81200 ff44ac00
PCM 013540 00b9fe00 ff540d00 00ade400 ff589b00 00a8a500 ff5a3f00 00a93b00 ff49f900
PCM 013548 00b63600 ff4f8000 00b46b00 ff4f8000 00ab7f00 ff67f200 0095e300 ff76e600
PCM 013550 00857600 ff68d600 0095fa00 ff63cc00 0099d900 ff764b00 0084e600 ff632d00
PCM 013558 009a1300 ff481100 00b41300 ff32c900 00cd8f00 ff398c00 00c3fd00 ff5ea200
PCM 013560 009f2700 ff71ec00 008e3800 ff635700 00994b00 ff650300 0097e900 ff6fa800
PCM 013568 008ef800 ff6f9d00 008c4500 ff6bd300 008fd300 ff728100 008b9200 ff737900
PCM 013570 00857d00 ff681f00 00960300 ff6c1e00 008fa200 ff697000 00901700 ff5b3400
PCM 013578 00a65e00 ff557700 00a69800 ff66b700 00946700 ff6d2a00 008dd500 ff776e00
PCM 013580 00887300 ff85fb00 00771800 ff8d2400 0071ea00 ff802a00 00806b00 ff5a1400
PCM 013588 00a07000 ff475800 00b7e100 ff268f00 00d86b00 ff186000 00e5ac00 ff4f1a00
PCM 013590 00af6e00 ff60f800 009e7600 ff47a000 00b30f00 ff4d6c00 00b0db00 ff483000
PCM 013598 00b9b300 ff570500 00a89300 ff65ac00 009a8c00 ff649100 0097f700 ff3c0f00
PCM 0135a0 00c61000 ff2ee300 00d21d00 ff124a00 00e9c100 ff1f2500 00e32e00 ff2ba800
PCM 0135a8 00cfb00 00aa9000 ff5e8400 009d5000 ff5fe200 00a15f00 ff54f800
PCM 0135b0 00a75f00 ff45f800 00b8ac00 ff43c000 00bbe000 ff618400 009cee00 ff4c5b00
PCM 0135b8 00b1cf00 ff35f500 00c90100 ff2f9f00 00d17000 ff31c300 00ceef00 ff49dc00
PCM 0135c0 00b4a600 ff3cc500 00be2d00 ff52b200 00ad5700 ff77db00 0086be00 ff7d8f00
PCM 0135c8 00816a00 ff702800 008f5d00 ff71f800 008b3c00 ff7f4100 007dbe00 ff5e8600
PCM 0135d0 009c7b00 ff659100 009b0300 ff85fe00 00781a00 ff830900 00793300 ff7fb300
PCM 0135d8 00814c00 ff80c400 007d4b00 ff872b00 0078ed00 ff9a6c00 00623800 ff84e100
PCM 0135e0 007b1500 ff783b00 008a6100 ff7c3e00 00833100 ff877300 00778b00 ff831100
PCM 0135e8 007f8700 ff870e00 007ad700 ff693e00 00938900 ff57d100 00a5b800 ff639400
PCM 0135f0 009a3000 ff6a8b00 00920700 ff8b7900 00753700 ffaca800 0050a100 ffa40a00
PCM 0135f8 00560800 ff91b000 006b4300 ff703800 0090ef00 ff7d4f00 00832600 ff8d8600
PCM 013600 00704700 ff9e9700 005f3e00 ffabb400 00525c00 ffa98a00 0054cb00 ffa6af00
PCM 013608 005b7c00 ff975c00 00660100 ff8d9400 00718700 ffaf3f00 004da900 ffba6e00
PCM 013610 00425500 ffc50100 00379400 ffb10500 004c2e00 ffa49400 00570f00 ffa5c400
PCM 013618 00566d00 ffaa4100 0054f400 ffb31e00 00472b00 ffb28400 004c0100 ffa85800
PCM 013620 0056a100 ff909b00 006f3f00 ff803200 007c7700 ff9b2800 00616e00 ff950d00
PCM 013628 00696100 ff885500 00767400 ff934c00 006bed00 ffa55400 00554200 ffb0e700
PCM 013630 004c6200 ffbd1300 00405100 ffeb3900 000f8300 ffe1c900 00198100 ffcceb00
PCM 013638 002e8b00 ffc80c00 0036e100 ffb75a00 0044d300 ffdad600 0020ce00 ffdec000PCM 013640 0021b300 ffc7e500 00379a00 ffc9b400 0032bb00 ffe22d00 001b4d00 ffedc000
PCM 013648 0011f400 ffca1600 00336b00 ffc7c400 00376d00 ffdd7800 001fe000 fff39d00
PCM 013650 0008c100 ffffbf00 fffbb400 ffef6600 000b9100 fff64f00 00079900 ffc9ba00
PCM 013658 00326c00 ffd7b000 0025fb00 ffe82b00 0015ad00 ffdf7600 00223f00 ffd75900
PCM 013660 0027ae00 fff96500 0005de00 ffeacb00 0010c300 fffc8800 fffc6300 fffc6500
PCM 013668 fffed500 00236400 ffd53300 001f2f00 ffdcf200 000da600 ffeda600 002a2900
PCM 013670 ffd2b200 00316700 ffcbc400 00097500 fff41e00 ffea6200 00100800 00031c00
PCM 013678 fff87100 fffe7700 00010f00 fff8e400 0000e900 ffffc400 fffc7800 0020d900
PCM 013680 ffda0800 002f7400 ffcbcd00 002d0800 ffcc4300 00286000 ffd68300 00331000
PCM 013688 ffc81600 00171700 ffe48d00 002d5b00 ffcb1b00 004b6000 ffaf5000 0050c400
PCM 013690 ffa83500 002ad000 ffce5a00 0021bd00 ffd9e100 0029f200 ffd34200 0026f500
PCM 013698 ffd51800 003d2f00 ffbcb800 004fc900 ffabbb00 005d7200 ff9c7400 00526400
PCM 0136a0 ffa6ac00 00656900 ff969200 005fce00 ff984200 0063a000 ff927400 00707200
PCM 0136a8 ff8a2600 006f9e00 ff8ab400 0064f300 ff949900 006dc900 ff8d1700 005f6a00
PCM 0136b0 ff988a00 004c1000 ffae5a00 00569600 ffa41100 005abd00 ffa04100 0056d900
PCM 0136b8 ffa5d400 0062a500 ff9c0a00 0058c400 ff9fed00 00600100 ff9bbe00 00701900
PCM 0136c0 ff8ac200 007bb000 ff797900 00813100 ff786600 006b2900 ff8b8600 0056d500
PCM 0136c8 ffa28700 00549800 ffa4f100 005aa900 ff9cdd00 0078b800 ff806800 00793f00
PCM 0136d0 ff7f7700 00843d00 ff734500 0074ce00 ff821b00 006f1d00 ff894300 0070f300
PCM 0136d8 ff89c200 00802000 ff7ad300 0099ed00 ff5d3700 008e8d00 ff6cf000 00851100
PCM 0136e0 ff774700 008a6600 ff706b00 00723400 ff882e00 005dcd00 ff9ab800 0069fe00
PCM 0136e8 ff8ca200 006d1600 ff8a9f00 0052e700 ffa5c400 00644e00 ff976b00 005e6400
PCM 0136f0 ffa02d00 00388c00 ffc1a900 003c0000 ffbed900 0055cc00 ffa65f00 0051fe00
PCM 0136f8 ffaafb00 005d7300 ff9d0b00 00522300 ffaa8200 00601f00 ff9cb800 0062dd00
PCM 013700 ff943300 00594200 ffa09700 00634b00 ff9a6e00 005ccf00 ff9fc200 006a3200
PCM 013708 ff93be00 006c6900 ff8a6e00 00589400 ff9ef700 00606400 ff956f00 006f8b00
PCM 013710 ff8baa00 006bf800 ff916600 00689a00 ff956d00 005ae300 ffa45700 00659600
PCM 013718 ff922600 007d6600 ff801800 006ad700 ff92bd00 005fb000 ff9c4300 00598e00
PCM 013720 ffa0ce00 0042c700 ffb80c00 00511700 ffa75e00 00657b00 ff952700 004e8f00
PCM 013728 ffaa5700 00565b00 ffa20b00 003d4800 ffbc5f00 002c2700 ffcf1b00 002dcb00
PCM 013730 ffd26400 002f2300 ffc92e00 0016fb00 ffe1e800 001a6200 ffe3b200 0030fb00
PCM 013738 ffcd4000 0034c500 ffc97000 00355200 ffc54100 003a1d00 ffc1e700 002d2b00
PCM 013740 ffcff000 00231500 ffda4b00 00133a00 ffe4b400 0007ef00 fff4b300 00246500
PCM 013748 ffd9ea00 002e0600 ffd06b00 0025ab00 ffd5f800 001c6900 ffdfd500 00094a00
PCM 013750 fff61e00 0015b400 ffe88900 001c2b00 ffdab400 00100f00 ffec3700 00008d00
PCM 013758 fffefa00 fffa8400 00032d00 ffe2bc00 001c5a00 ffea9f00 00109f00 ffe72d00
PCM 013760 0014fc00 ffeb9d00 00145b00 ffced800 002bef00 ffc47700 0037e300 ffc00b00
PCM 013768 0039be00 ffa2a400 0058a900 ffa86300 0055f700 ffbe2400 00445200 ffbb3100
PCM 013770 00437000 ffb2c900 00483400 ffbfa900 003d5600 ffb16e00 004cc700 ff9fd100
PCM 013778 005be200 ff937d00 006a7200 ffa1ac00 005d2300 ffb6c500 00471a00 ffc3bb00
PCM 013780 00369a00 ffcd1f00 00321e00 ffbf6300 003c1000 ffab2f00 004db900 ff9d4300
PCM 013788 0060e500 ff80d300 007dd300 ff7a1400 00825a00 ff80d700 007e1200 ff8cd300
PCM 013790 0072ec00 ff98b100 00675d00 ff9fe000 00608600 ff993700 00648500 ff819700
PCM 013798 007bc600 ff7ad900 00838500 ff74cb00 008d9300 ff767000 0089bb00 ff691400
PCM 0137a0 00922500 ff617d00 009fce00 ff4e6200 00b1f100 ff45b700 00ba5500 ff672800
PCM 0137a8 00999e00 ff709600 008c1d00 ff878200 00776e00 ff81eb00 00813100 ff7fb700
PCM 0137b0 007ec000 ff823800 007cd700 ff820a00 0079a900 ff78b100 00845e00 ff7f9f00
PCM 0137b8 007b6000 ff95b500 00669b00 ff8e7000 006e0900 ff9fcf00 00612d00 ff872b00
PCM 0137c0 0075b500 ff961e00 00667000 ffa00300 005f1600 ffaf3900 00522800 ffb03700
PCM 0137c8 004c7c00 ffa18a00 00599400 ffa39a00 005c5c00 ff927400 006a0200 ff844b00
PCM 0137d0 007d4000 ff7a0000 00825d00 ff845400 007e7100 ff8a0b00 00714400 ff66df00
PCM 0137d8 0096e800 ff5af500 00a17700 ff5f8f00 00a1d200 ff5fdf00 00a04f00 ff73ff00
PCM 0137e0 0088d900 ff76c000 00851500 ff683400 03b300 ff823200
PCM 0137e8 007cb400 ff9cfa00 00625d00 ffa96800 00558400 ff9cbf00 005f8e00 ff89e200
PCM 0137f0 0073b000 ff9be100 00641400 ffa8fe00 0055a600 ff972100 00696300 ff81c700
PCM 0137f8 007f2a00 ff87a400 00794100 ff7a0300 00855100 ff708100 008dfe00 ff8ace00
PCM 013800 0070a800 ffa7f200 00563400 ffb25c00 0048b400 ffb0e600 004ee300 ffa72600
PCM 013808 00553c00 ffb50500 0045b400 ffb40b00 004af900 ffb93f00 00438a00 ffb6f700
PCM 013810 00492000 ffb22700 004a0500 ffab5b00 00505900 ffb99f00 00442400 ffbd1200
PCM 013818 003de300 ffbf6000 003b2f00 ffcec500 00308600 ffbf6900 003ccd00 ffbb6700
PCM 013820 00411600 ffd7ae00 0025ca00 ffd8a600 00271b00 ffdc0900 00208400 ffe6e700
PCM 013828 0015c100 fff72700 00051100 ffe6dc00 00194a00 ffd46600 002a5100 ffc09c00
PCM 013830 003cf500 ffe13200 001db600 fffc6200 00017900 ffd43100 002c8100 ffd2e400
PCM 013838 0026fc00 ffdfa300 001e1100 ffc01500 0039a900 ffa61c00 0052ca00 ffb50900
PCM 013840 00479f00 ffcfd900 002b4c00 ffd5f000 00259a00 ffc5fb00 003ada00 ffbb4400
PCM 013848 0042a200 ffd49100 00290200 ffbb1700 0041da00 ffb7ce00 0043f900 ffd38400
PCM 013850 002add00 ffc2ae00 003cb700 ffad6c00 004eab00 ffc66900 00375800 ffd65300
PCM 013858 00255e00 ffc9aa00 002ef000 ffcecd00 002c3e00 ffd93300 00256e00 ffdc4700
PCM 013860 00204100 ffc6f100 0035be00 ffc8ba00 002e0100 ffcbac00 002bf300 ffcc7e00
PCM 013868 00321300 ffdc4700 00217800 ffec7d00 000d3100 ffe8bf00 0012aa00 ffe5fc00
PCM 013870 00178300 ffd02b00 002b4000 ffd36600 0028dc00 ffe1a300 001b7000 ffdd3100
PCM 013878 0021bf00 ffe9e000 00179400 fff38e00 00096e00 ffdfa600 001ad900 ffddba00
PCM 013880 001e0e00 ffcc2900 00306400 ffceff00 002a3a00 ffaf1700 0050da00 ffb67900
PCM 013888 00460700 ffb6ba00 0043d200 ffb05400 004ca700 ffd04800 002bea00 ffc8c200
PCM 013890 00313500 ffcde200 002e9a00 ffd79700 00239a00 fff0ee00 000f8600 ffef6c00
PCM 013898 000f0600 0002a600 fffc0f00 00034000 fff7c000 fff19800 0007d900 fff48e00
PCM 0138a0 00077100 ffeab900 0010ae00 ffdb2000 00224c00 ffdfc400 001af600 fffb3000
PCM 0138a8 00009700 00007e00 ffffed00 001b3a00 ffe33e00 00260300 ffd67700 00178a00
PCM 0138b0 ffe6fb00 00123800 ffecbf00 00188500 ffe4ee00 00306b00 ffcafd00 0035a700
PCM 0138b8 ffc9de00 002e8000 ffd12200 0011ba00 ffea9b00 fff77300 0000f700 001a7400
PCM 0138c0 ffe13d00 00118500 ffe51f00 00056400 fff9e500 00244f00 ffd7f800 0042ea00
PCM 0138c8 ffb90200 00345200 ffc3ec00 004c2b00 ffb02400 002ed200 ffcd5200 00025d00
PCM 0138d0 ffff9200 ffe70e00 00158900 ffe0d300 001a1100 fffc7000 0000e000 00104e00
PCM 0138d8 ffedb100 001ba500 ffdf4900 00357100 ffc17100 0015e100 ffeb0d00 00134400
PCM 0138e0 ffeaa900 00060c00 fff47900 fffd1200 00046a00 0020c700 ffd8d400 000ff300
PCM 0138e8 ffe97000 001fbb00 ffdbef00 002f7800 ffcf4d00 002a2900 ffcf7500 00250e00
PCM 0138f0 ffd64a00 00334600 ffc46600 003a1100 ffc2a600 0030af00 ffc84500 002d9500
PCM 0138f8 ffcb1700 004b4200 ffb55200 0057a100 ffa3b700 0065ba00 ff964000 006fd600
PCM 013900 ff89da00 00709500 ff8b1600 0053aa00 ffa91600 00516700 ffa86600 0061c400
PCM 013908 ff96ab00 005c3400 ff9b9a00 00568600 ffa47f00 006b5a00 ff8d9f00 008c8a00
PCM 013910 ff6f8100 00996b00 ff5dd900 009e6e00 ff5dc300 00afe500 ff440d00 00bd6000
PCM 013918 ff38c800 00b9f000 ff409a00 00cfa500 ff2cad00 00baec00 ff419900 00bbbc00
PCM 013920 ff3c4b00 00c62400 ff37d400 00a0bb00 ff597b00 00a69100 ff532700 00a35700
PCM 013928 ff59f300 00a8f100 ff515d00 00a13000 ff580400 00b93b00 ff405100 00b17600
PCM 013930 ff45c200 00a8c400PCM 013938 ff730900 0082ee00 ff785a00 0076c800 ff82f700 006d5000 ff89ca00 008ab100
PCM 013940 ff700f00 008ff500 ff67a300 009a7100 ff607d00 00a24500 ff546f00 00ab2700
PCM 013948 ff4f2f00 00b3f700 ff45f700 00a66f00 ff521200 00af4f00 ff43fe00 00b21300
PCM 013950 ff47f900 00aa0600 ff4d8100 00a28200 ff5a8100 009ed800 ff5e7500 009b4b00
PCM 013958 ff60cb00 00813900 ff794d00 007e4000 ff7c8700 009f0d00 ff5b2700 00c37300
PCM 013960 ff381f00 00b40800 ff45c200 00cb1e00 ff2fb400 00c4d100 ff31a500 00c1ea00
PCM 013968 ff362200 00b25400 ff45a500 00911100 ff68fc00 00af5f00 ff4a9800 00b51700
PCM 013970 ff408700 009c9600 ff5fe200 00913a00 ff6acb00 008b2800 ff6e4400 00851400
PCM 013978 ff767500 007dbf00 ff7cfc00 0087e500 ff73ad00 00a64800 ff52eb00 00a65400
PCM 013980 ff548f00 009b0500 ff633c00 008ce000 ff6d1500 00a34700 ff545300 00999500
PCM 013988 ff5dd200 009fef00 ff5a2c00 0094a200 ff649700 0098ba00 ff61f400 008be500
PCM 013990 ff689600 008e7f00 ff6be400 00949300 ff658c00 00732b00 ff834d00 00820600
PCM 013998 ff76b400 008e4000 ff65df00 0079c500 ff7efb00 005ccc00 ff9f8c00 006bc200
PCM 0139a0 ff8a7400 00593700 ff9e2900 002d0500 ffcf8800 002d5300 ffce8800 00276e00
PCM 0139a8 ffd12000 00333000 ffc92900 00359300 ffc44a00 00339700 ffc95400 0030f200
PCM 0139b0 ffca0f00 001eb000 ffd72200 00207400 ffd55100 001ff700 ffda7e00 0028a600
PCM 0139b8 ffcfc800 003a3a00 ffbf4000 00233e00 ffd7ce00 000d1000PCM 0139c0 ffcee400 0009ba00 ffec3500 00146800 ffe39400 000bb700 ffef6600 00199b00
PCM 0139c8 ffe1cc00 002df800 ffcbae00 002b2100 ffcd7300 001d7700 ffdc9d00 0025f600
PCM 0139d0 ffd21500 002ebf00 ffca4200 000fc800 ffe97700 00246b00 ffd9c500 00191b00
PCM 0139d8 ffe3ea00 fffa8800 fffeb900 fff6ed00 00016000 fffc4900 fffcbc00 ffde7a00
PCM 0139e0 001f0f00 ffd06800 00294f00 ffeefc00 000c4c00 00066800 fff54600 fffd2700
PCM 0139e8 fffaca00 ffec9800 000e4d00 ffe2e900 00165e00 fff4a300 00074600 ffe42a00
PCM 0139f0 00126100 ffebe200 000d7f00 fff30b00 000a1d00 ffd71700 00239d00 ffcd8000
PCM 0139f8 00304300 ffe05900 001a4500 ffe01100 001b5e00 ffd22a00 00242f00 fff22e00
PCM 013a00 000ce500 ffc47700 0034e600 ffb3d800 0048c200 ffc79900 0036fd00 ffc51100
PCM 013a08 00359800 ffd18800 00292b00 ffc33600 003c5d00 ffbf1f00 00417500 ffbae500
PCM 013a10 00424000 ffaf9000 004b0500 ffa6df00 00554b00 ffa97600 0053d700 ff9ed300
PCM 013a18 005d0c00 ff947c00 00654d00 ffa16c00 005c3a00 ff8e0500 00710d00 ff8a7a00
PCM 013a20 0072cd00 ff886f00 00784200 ff8dd700 00701100 ffa52400 00544c00 ffba4200
PCM 013a28 0045ee00 ffb60900 00463a00 ffce9700 002f1600 ffc64e00 0037bd00 ffbf7800
PCM 013a30 003ff400 ffbc1200 003db600 ffc77300 0038a400 ffbc4500 0043e100 ffcfa900
PCM 013a38 002c4500 fff09000 000cf900 ffdb7800 001eda00 ffc83800 00376800 ffb05900
PCM 013a40 00501f00 ffb1a700 00495a00 ffa96a00 00529d00 ffac5800 0051c600 ffb76700
PCM 013a48 00439100 ffb28100 00497d00 ffb63300 0047b100 ffa90900 0052e200 ff9e9d00
PCM 013a50 005f5b00 ffc66a00 00354500 ffd98500 00211a00 ffd35900 00255d00 ffd92600
PCM 013a58 0020a700 ffd1b100 002dab00 ffd31200 0028e700 ffba2400 003f4d00 ffa46000
PCM 013a60 005a3c00 ffc43600 00389200 ffcf3100 002d1f00 ffab8100 00527d00 ffa4afPCM 013a68 005a0900 ffa6c300 0057a100 ff8e9400 006ca200 ff994200 0064f000 ffb7d900
PCM 013a70 00491800 ffe52c00 00176800 ffc35600 0037ca00 ffa7af00 00575300 ffa9ea00
PCM 013a78 00564000 ff99b000 00626800 ff973c00 006c6300 ffbae500 00455b00 ffc8dc00
PCM 013a80 0036aa00 ffb54700 004a1800 ffbd4400 0041c900 ffca8400 00348200 ffcb4800
PCM 013a88 0032f700 ffd92f00 00298100 ffd9e500 00239200 ffa5b100 00554e00 ff9b8700
PCM 013a90 00618e00 ffad3000 004bb100 ffb49e00 004adc00 ffa7c600 00572900 ffacad00
PCM 013a98 004fe500 ffa5f800 00516500 ffac0b00 00506000 ffa67600 00599f00 ff92d900
PCM 013aa0 006aac00 ff90c100 006de000 ff8eb400 00719200 ff98dc00 0060ac00 ffb5ed00
PCM 013aa8 00483900 ffa00000 005f2400 ff85ec00 00709300 ff961900 0067b900 ff94ee00
PCM 013ab0 00663700 ffaa5f00 0053e700 ffb9a000 00440c00 ffaa9e00 00549800 ffa40500
PCM 013ab8 00577700 ff9fc000 005e3e00 ff94a200 0069e400 ffac4a00 00547000 ffc4fa00
PCM 013ac0 00378700 ffc86200 0036eb00 ffb5c700 004bed00 ffa6f400 00598e00 ff814b00
PCM 013ac8 007c1000 ff7bcc00 00803c00 ff94b300 006a1400 ff839e00 007dfc00 ff8eb600
PCM 013ad0 0071c500 ff999800 00630d00 ff984000 00663900 ff919500 00702600 ff78c600
PCM 013ad8 00882e00 ff734300 008c4a00 ff890100 0071ae00 ff99fb00 00642000 ff890400
PCM 013ae0 0078a300 ff9bb700 0064ce00 ffc2a700 003b0400 ffb55700 00484900 ffaf3900
PCM 013ae8 004f0700 ff983800 0061b000 ffaae400 0056ca00 ffa7ca00 0058c300 ff94a400
PCM 013af0 006ea900 ff9e2c00 00610800 ffaecf00 00500f00 ff96a300 0068b500 ff8e7a00
PCM 013af8 006d8600 ff9eb300 005b5c00 ffad8e00 00533700 ffe2b900 001a8900 ffcdea00
PCM 013b00 002bc100 ffaefa00 004f9700 ffb15100 004c8400 ffa30d00 005bf600 ffb08000
PCM 013b08 004dfa00 ffcf7100 00338600 ffd66b00 00288900 ffc4b500 0039de00 ffc27b00
PCM 013b10 003aa300 ffc5ec00 00343100 ffb8ba00 00444b00 ffa88900 00577c00 ffa75f00
PCM 013b18 00570d00 ffa8cc00 004f6a00 ffc14900 003ad100 ffc55100 00373e00 ffc21800
PCM 013b20 0038ab00 ffaacd00 004fef00 ffa81400 0054b300 ffab8a00 00518b00 ffa50d00
PCM 013b28 00580b00 ffbd7800 00403e00 ffbbee00 0041d100 ffb61700 0042e200 ffb68300
PCM 013b30 00435200 ffc2ca00 00359c00 ffdded00 001c2b00 ffc65b00 00332a00 ffddd600
PCM 013b38 001c6700 ffead100 00102600 ffddb900 001a2f00 ffe7aa00 0013d800 ffe6e900
PCM 013b40 00177400 ffe80900 00127100 fff85400 000acf00 00013c00 fffcb000 0001ae00
PCM 013b48 fffbf300 0003f300 fff8aa00 ffef3600 000df800 fff40c00 00087b00 ffe40200
PCM 013b50 0017a400 ffe77200 00157b00 00056e00 fff61700 0002d500 fffbdf00 00012800
PCM 013b58 fffc0900 fff7fd00 00086d00 ffd2b000 00261300 ffde3500 00215000 fff2dc00
PCM 013b60 000a2e00 fff97d00 ffffc700 000f1300 fff1f200 fffa1600 0004a700 fffa8b00
PCM 013b68 fffd5e00 ffe9b200 00103100 00054b00 fff78900 000ac900 fff34300 ffe6b900
PCM 013b70 0013b200 ffcb1f00 00311f00 ffd14c00 0024d400 ffd14f00 00283e00 ffdcf600
PCM 013b78 0018e300 ffff7e00 fffc0000 00115700 ffe80e00 000fbb00 ffea5a00 002f8100
PCM 013b80 ffcabe00 003d8a00 ffb99600 004cd300 ffb0bb00 0038b100 ffc0e400 0030f600
PCM 013b88 ffc77800 00374100 ffc6a500 00189700 ffe25b00 00171700 ffe04b00 0028f200
PCM 013b90 ffd43800 0017ec00 ffe17a00 000cfa00 ffefda00 0008e600 fff15a00 00294c00
PCM 013b98 ffd52800 00486500 ffb28d00 0059f200 ffa19000 005a4000 ffa2a300 004de400
PCM 013ba0 ffaae600 003c4900 ffbe1b00 002a4200 ffce7200 004fb100 ffab6800 005e8800
PCM 013ba8 ff9b7900 00596b00 ffa39c00 001db300 ffdce600 00000d00 fffd7500 000b9900
PCM 013bb0 fff37600 00032400 fff5e200 00026900 fffca500 00232100 ffd9c000 00250100
PCM 013bb8 ffd4df00 0013b900 ffe89400 00052100 fff67000 002fb100 ffcb4b00 002dd800
PCM 013bc0 ffd09c00 003a4700 ffba1900 003b5800 ffbfa900 00234100 ffda2600 00395200
PCM 013bc8 ffc65f00 0037bd00 ffbec300 0036cf00 ffc3cb00 0040df00 ffbe8d00 00367b00
PCM 013bd0 ffc67a00 0031d600 ffc76b00 001dca00 ffdd1d00 001cdc00 ffe19700 ffef7f00
PCM 013bd8 000dd000 fff0a500 0008e500 fff64f00 00071b00 0009da00 fff2e600 002bf100
PCM 013be0 ffcea500 002b0f00 ffd21c00 00116900 ffed6100 000bd000 fff18b00 0021cd00
PCM 013be8 ffdb1b00 001e5500 ffde2700 00219800 ffd8ee00 0010d900 ffe9ee00 0029cd00
PCM 013bf0 ffd07100 001e5300 ffd81f00 00241200 ffd37600 002a3800 ffd56700 00197200
PCM 013bf8 ffe46c00 001f5200 ffdb2200 00200500 ffd59900 0010f300 ffe7cd00 0005c600
PCM 013c00 fff48800 00176d00 ffe2b20PCM 013c08 ffd7fa00 000f0c00 ffe74000 001aa800 ffe50c00 0022c200 ffd91b00 0029e400
PCM 013c10 ffd30400 001d6f00 ffdef000 fffe4000 00016600 fff97b00 00049700 ffebaf00
PCM 013c18 000dcd00 ffc86f00 00322800 ffd9b000 0024ad00 ffce9e00 002eaa00 ffcba800
PCM 013c20 0032c100 ffb7b800 0041c100 ffcdb100 002b4e00 ffcbe700 00319900 ffcc7200
PCM 013c28 0030c000 ffe36200 00182f00 ffe4f800 001a8000 ffe4bb00 00163c00 ffde9c00
PCM 013c30 001e0600 ffe83400 0014a200 ffde1400 001aef00 ffd54f00 00279e00 ffd83100
PCM 013c38 00252300 ffd12200 00288d00 ffc51400 00342000 ffd24c00 00295100 ffdaf600
PCM 013c40 00215800 ffd27500 0027fc00 ffe66600 00162700 fff41600 0009dd00 ffb8d000
PCM 013c48 00461c00 ffb02200 004dfe00 ffc34d00 0036dd00 ffd44300 002b4e00 ffdb5b00
PCM 013c50 00249900 ffb61500 00469e00 ff9e4500 0057c800 ffb15900 004bb000 ffc8ac00
PCM 013c58 00351000 ffc26500 00396100 ffabe900 0052e900 ffac1500 004d3f00 ffba3f00
PCM 013c60 0042e000 ffb1b300 004a1500 ffa8d600 00504600 ffa33c00 00588200 ffc44e00
PCM 013c68 00362300 ffcd9900 002f9400 ffc76900 00338c00 ffd33b00 00284a00 ffcdd400
PCM 013c70 0029f100 ffbc5900 003b6800 ffd12400 00288b00 ffd1d800 00277a00 ffbe6500
PCM 013c78 003aa400 ffc43400 0038fc00 ffadf400 00503500 ffa47f00 0055ac00 ff8e9b00
PCM 013c80 006e1e00 ff924300 0069cf00 ff964700 0068ac00 ff933100 0068aa00 ff944400
PCM 013c88 0064db00 ff7b8100 00804700 ff803d00 007e8800 ff7dc200 00810d00 ff732e00
PCM 013c90 008dc100 ff5b8b00 00a02c00 ff5caa00 009f4b00 ff6da000 008d2200 ff6a4600
PCM 013c98 00939300 ff6a6a00 00955e00 ff72a100 008dd600 ff901400 006d2200 ff8e5f00
PCM 013ca0 006bd000 ff7ed100 007edb00 ff7f0900 007d9b00 ff848b00 0077fa00 ff6d0700
PCM 013ca8 008fc900 ff79a000 0082d200 ff657300 0092f000 ff7cc500 00831b00 ffa54000
PCM 013cb0 00594b00 ffc00800 003b8300 ff96e900 00626500 ff888400 00750200 ff7c7b00
PCM 013cb8 0084ce00 ff7c3a00 00817000 ff8ebb00 006ee500 ff87bd00 00772500 ff93e200
PCM 013cc0 006b7000 ff845300 0078ed00 ff7e6e00 007d9700 ffadbd00 004a9800 ffa82100
PCM 013cc8 0055b100 ff988500 00665d00 ff98be00 00673200 ffa83800 0057cc00 ff9fbc00
PCM 013cd0 005d8700 ff7e5500 007dba00 ff890100 00758b00 ff8ab200 00765600 ff8c0200
PCM 013cd8 006f4d00 ffb65900 0046c500 ffae7500 004a8f00 ffb4de00 0047da00 ffbe7000
PCM 013ce0 0042d100 ffb5d600 00497c00 ffac8700 00558b00 ffc06e00 003a7000 ffed6400
PCM 013ce8 000a7f00 ffcbf100 0033f500 ffc29d00 003a9200 ffc7b300 0035f100 ffce2d00
PCM 013cf0 0030b300 ffbeca00 003bea00 ffbdd100 0042d100 ffca6100 00337200 ffd91b00
PCM 013cf8 00230b00 ffd83d00 00258800 ffcf8b00 002acf00 ffc5aa00 0035d300 ffdd2200
PCM 013d00 0020d400 fff91500 0006e100 fff09800 00061500 ffff4600 ffff9200 ffee8100
PCM 013d08 00105e00 ffeb4900 000PCM 013d18 0028bb00 ffbf3c00 00387300 ffc55000 0035b400 ffc3f900PCM 013d28 004ee400 ff9d5400 005c3000 ffa7a400 00568000 ffb5dd00 00407700 ffafcc00
PCM 013d30 004c8200 ffc40100 00350800 ffc4e400 00373700 ffd62300 00275d00 ffc32200
PCM 013d38 0031da00 ffd2e700 00274600 ffced200 002d8900 ffd82700 00270f00 ffe56400
PCM 013d40 0016da00 ffecfa00 0011d000 ffe19400 0019a500 ffcc0200 0035ee00 ffb68b00
PCM 013d48 0046300 ffc22700 003a9200 ffd89d00 00221d00 fff72f00
PCM 013d50 00034400 000b7500 ffeefb00 00150400 ffe8e400 000af900 ffeee300 fff8f300
PCM 013d58 0000f700 ffff7e00 fff9fd00 0013bf00 ffe99100 001f4a00 ffdd0600 0014b900
PCM 013d60 ffe74a00 00104e00 ffe93f00 0008f300 fff33d00 0005fc00 fff3f300 fff0d800
PCM 013d68 000ae300 fff48f00 00049200 ffff4d00 fffbee00 002bcd00 ffcf0600 0046aa00
PCM 013d70 ffb78000 0050a800 ffaa5b00 004f5e00 ffa8e300 003e8400 ffbd1900 002ada00
PCM 013d78 ffce5d00 00283600 ffd22600 0019df00 ffe05d00 000a0800 fff18000 0012c900
PCM 013d80 ffe7a200 00076b00 ffee9200 0018f100 ffe18d00 00166900 ffe2fc00 001f0a00
PCM 013d88 ffdc6400 00173400 ffea2b00 00138c00 ffeb1900 00051c00 fff42f00 00115100
PCM 013d90 ffee7500 0015b500 ffe52200 0026de00 ffd34800 002a2e00 ffd5d100 001e2100
PCM 013d98 ffd89600 fffeae00 fffd3e00 ffff9d00 fffc3d00 00228700 ffd6b400 00421300
PCM 013da0 ffc0ac00 0031c300 ffc8ca00 0025d900 ffd9a800 001cdb00 ffdd3900 002bc700
PCM 013da8 ffd04200 0035f300 ffc7bd00 00372400 ffc02900 004a9200 ffb0bb00 00416300
PCM 013db0 ffb66900 00446800 ffb24e00 00451600 ffb39500 000ef400 ffeebe00 ffd21100
PCM 013db8 002ae200 fffb3500 0000f900 00020d00 fffab200 0012a000 ffe93b00 002bc100
PCM 013dc0 ffcc3800 001eef00 ffd9b500 001b5800 ffdd4100 00196600 ffdee600 000f6e00
PCM 013dc8 ffe92000 0013cc00 ffe53200 000e0600 ffee3300 0009b900 ffea9c00 002b0500
PCM 013dd0 ffcd00 000aec00 fff0fa00 fffe1c00 ffff0600 00094d00
PCM 013dd8 fff03b00 fffcf500 0000ac00 ffff6b00 fff87f00 00052300 fff5bb00 ffffd900
PCM 013de0 fffbf200 0003b200 fff8ec00 0015bd00 ffe58200 00173a00 ffe63a00 00179800
PCM 013de8 ffe00a00 00026a00 fff6f400 0008b200 fff4bf00 000da900 ffeb2400 ffe96600
PCM 013df0 00150e00 ffe8e100 00128c00 fff7df00 ffffeb00 fff97700 fffe7f00 fff6e600
PCM 013df8 0000bb00 ffe91500 0011bf00 fffb7100 ffff7200 00109800 ffe97700 002adf00
PCM 013e00 ffd42100 00355200 ffc66100 00304400 ffcd3800 003d1d00 ffb80a00 0056a000
PCM 013e08 ffa65400 00585e00 ffa38800 0046ad00 ffb27900 003b3300 ffbd8400 00551f00
PCM 013e10 ffa5fc00 005f4100 ff96f500 00591d00 ffa28d00 00637d00 ff99d500 006b4500
PCM 013e18 ff8c8b00 0081ea00 ff778c00 00914e00 ff662300 00849500 ff752700 007dcPCM 013e20 ff7de300 006d4900 ff8c8f00 0067b100 ff89b200 007ecf00 ff7a0500 0070b000
PCM 013e28 ff8b4000 0055cb00 ffa35100 0054b800 ff9fc100 005d2900 ff9f3400 005b8d00
PCM 013e30 ffa04f00 005d7600 ff995800 006f2e00 ff8d0500 00715500 ff882e00 0078d700
PCM 013e38 ff7f4d00 00a5b000 ff4ea000 00b82800 ff3fe900 00a3ae00 ff581800 0095aa00
PCM 013e40 ff61a100 00875700 ff730500 00792f00 ff7e8a00 00813a00 ff77e400 00800300
PCM 013e48 ff796500 007dd900 ff7c7300 00643a00 ff958600 005a5800 ff9bef00 0070f900
PCM 013e50 ff82d400 00649c00 ff93bf00 00579500 ff9dcf00 00579600 ffa5a600 0062d300
PCM 013e58 ff925200 006f3400 ff8d5e00 004d2f00 ffa92200 004f8400 ffa61d00 00793600
PCM 013e60 ff818d00 00686400 ff8b1700 006d6100 ff8d1c00 00684300 ff8ef500 005d0400
PCM 013e68 ff9d2200 006cb500 ff886500 006ef300 ff8a5b00 005ea700 ff975700 005d9d00
PCM 013e70 ff9b7100 00743300 ff85a800 00864b00 ff74bc00 00621600 ff95a700 006a0d00
PCM 013e78 ff901800 0061d700 ff95a600 0061d400 ff9e2700 0069ca00 ff906b00 006d7100
PCM 013e80 ff897300 00678700 ff944600 005e4100 ff99de00 004bae00 ffac3800 00525f00
PCM 013e88 ffa62900 004d4600 ffb07a00 004abe00 ffade600 004f3800 ffacf600 003aa400
PCM 013e90 ffc1fa00 003dfe00 ffbc9500 004c3c00 ffaf3900 00584100 ffa36400 00472800
PCM 013e98 ffb27b00 00305900 ffc6ba00 0045f000 ffb49a00 0047ae00 ffb14700 003c2d00
PCM 013ea0 ffbbc100 0051e700 ffa9f200 004ade00 ffb09b00 00358500 ffc4aa00 002a4400
PCM 013ea8 ffd4d700 0022a900 ffd8ab00 0031e200 ffc99c00 003f9b00 ffbc3f00 003f4f00
PCM 013eb0 ffb71000 0031d400 ffcd0700 00237500 ffd44a00 0019be00 ffde9400 00377700
PCM 013eb8 ffc21f00 0043c900 ffb8b800 00248c00 ffd55300 00293c00 ffd35400 0021cf00
PCM 013ec0 ffdc2c00 fff57800 0001e200 ffdf4800 001dfa00 ffe5fd00 0014c900 ffe89e00
PCM 013ec8 0012c600 ffe7af00 00158500 fff4b900 00019d00 ffe57a00 00136e00 ffdb3d00
PCM 013ed0 00217a00 ffe66700 00122a00 00069400 fff8af00 ffe56700 00154800 ffd92c00
PCM 013ed8 00201300 ffd97800 00210600 ffd2da00 00288600 fff08300 000c4300 ffe9ad00
PCM 013ee0 00142300 ffd0f300 00292700 ffa5b700 00562600 ffb37d00 0045e300 ffadd200
PCM 013ee8 00493d00 ffa3d100 00557000 ff913200 006bda00 ff944300 00675200 ffaa5300
PCM 013ef0 004ef800 ffb0f500 004c5100 ffb42600 00484b00 ffacb700 0055d700 ffc11c00
PCM 013ef8 0039ef00 ffded800 001a2b00 ffc6f700 0035da00 ffa5d100 0055d500 ff970200
PCM 013f00 00615a00 ffa26d00 005b7100 ff9dec00 005b9200 ff8b5d00 00723800 ff716400
PCM 013f08 008e3d00 ff771900 0085d600 ff85d900 0077b300 ff862d00 0077e300 ff84b900
PCM 013f10 007c0a00 ff6c1200 0092cd00 ff69ac00 0099db00 ff7c0a00 0082f600 ff767300
PCM 013f18 00859c00 ff8f0700 00702000 ffa73100 0058a900 ffc6eb00 0035c300 ffc0b100
PCM 013f20 003d5600 ffcc2f00 0031f800 ffcef000 002a8d00 ffb7b200 004a5000 ffbe7100
PCM 013f28 00400500 ffb4bf00 00487000 ff975100 00694000 ff7fc000 0080ba00 ff751200
PCM 013f30 00889900 ff999000 0064d800 ff95fd00 0065ac00 ff8c5b00 006f0a00 ff8bf200
PCM 013f38 006ff900 ffa26e00 0055bf00 ffb96d00 0042a700 ffb21400 00492e00 ffa91700
PCM 013f40 0053d500 ffa73200 0050f900 ffac4900 004d3400 ffad4300 004fea00 ffa10600
PCM 013f48 0059a700 ff87c200 0073ab00 ff982400 0064cf00 ffa44400 00570a00 ffa19e00
PCM 013f50 005eec00 ffb0fe00 004bc300 ffcbb600 0030ee00 ffb7d700 0045db00 ffa1d900
PCM 013f58 005e8f00 ffb11900 004cd400 ffbf5700 003b9300 ffbe5500 003c0a00 ffb8ae00
PCM 013f60 00444b00 ffc74100 00310000 ffb51c00 0049a200 ffb18400 00494700 ffb17800
PCM 013f68 004a3e00 ffc92c00 0030fd00 ffccd600 002e9600 ffc45400 003a2b00 ffd15600
PCM 013f70 00292300 ffe0c000 001e5600 fff87200 ffff6a00 ffe88600 00121800 fff19400
PCM 013f78 0007b000 ffe36200 00150c00 ffd29500 00279800 ffd11d00 002d1a00 ffd63300
PCM 013f80 00259400 ffe70d00 00134000 fff90a00 0006ca00 ffde3400 001bbd00 ffd61800
PCM 013f88 00235200 ffe32a00 00196700 fffd2c00 00021100 fff2a400 000a0900 ffdc2700
PCM 013f90 00211900 ffe3a600 0015be00 fff6d200 0005d600 000c3e00 fff2e900 ffed3d00
PCM 013f98 000ad400 ffe9f500 0014d100 ffec9a00 00105900 fff13f00 000bb000 ffe1dd00
PCM 013fa0 001d4200 ffd28c00 00274700 ffd72f00 0025bb00 ffe23b00 001f0f00 ffe76100
PCM 013fa8 00150800 fffd4700 0002b500 001f9f00 ffde2e00 00353900 ffc65e00 00377c00
PCM 013fb0 ffc85700 00243000 ffd6a400 00235500 ffd6ae00 0021ac00 ffde8f00 000e0200
PCM 013fb8 fff1f400 0010d400 ffe9b900 fff91700 00039300 fffc1a00 fffba500 001a1800
PCM 013fc0 ffe40e00 0027d600 ffd3b600 001de300 ffdecc00 0013b900 ffe86000 000aa900
PCM 013fc8 fff1e100 fff30a00 00082900 ffede800 000e4300 ffe4dc00 001b7e00 ffeae500
PCM 013fd0 00124700 ffe52a00 00153a00 ffe3cd00 001b6e00 fff9ca00 00014400 00155a00
PCM 013fd8 ffe1f600 00379f00 ffc80a00 004d1300 ffb04700 00345e00 ffc66d00 002c6600
PCM 013fe0 ffd30400 00132600 ffe6a400 0002b400 fff80300 00118d00 ffe8ac00 000b3600
PCM 013fe8 fff2a400 00095d00 fff17f00 0017e900 ffe23200 00348100 ffc5e100 00329f00
PCM 013ff0 ffcabb00 001a9b00 ffe30d00 000e3100 ffeeba00 00199100 ffe2da00 0029d700
PCM 013ff8 ffd41600 003d1200 ffbb8600 00382c00 ffc01000 0046bd00 ffb44e00 004df900
PCM 014000 ffabb200 003f0100 ffbbb500 00319700 ffca4c00 00283800 ffd0b300 0040fa00
PCM 014008 ffbb7800 0028ab00 ffcf6c00 001ed800 ffd86600 002ad700 ffd2c000 00230300
PCM 014010 ffd55f00 002bff00 ffcbf300 003b6400 ffc16b00 003e7700 ffbab100 0040d600
PCM 014018 ffb3d600 004d8c00 ffae6e00 00663400 ff95c200 007e8400 ff7e0100 0067ae00
PCM 014020 ff91b900 0073f700 ff817200 0062da00 ff90a600 004c4400 ffae0500 007b9e00
PCM 014028 ff7f1800 007a5e00 ff7c6800 00787900 ff82a100 0067c500 ff92e300 004ea100
PCM 014030 ffacf600 0051b400 ffa75e00 00692200 ff8fde00 00735000 ff893300 00675600
PCM 014038 ff8ca100 00861300 ff734200 00978a00 ff61a800 008ca700 ff708900 00747500
PCM 014040 ff8af900 006d1a00 ff8b6100 006ce900 ff8f4e00 00597000 ff9cb600 0068c300
PCM 014048 ff946200 00983300 ff5ec800 00ade200 ff476b00 0096d400 ff62ea00 007f3200
PCM 014050 ff79a200 008f3800 ff69d000 008cf400 ff6f8400 009e5700 ff589200 00984300
PCM 014058 ff61a500 00819500 ff725e00 007c4c00 ff7b4400 00831b00 ff779a00 00783f00
PCM 014060 ff7f5b00 007f5900 ff7ded00 009a2100 ff5c6c00 0095f200 ff67f600 009d7a00
PCM 014068 ff5ba900 00ae3000 ff4a0200 00a27a00 ff580800 00ad8800 ff4c7800 00c29300
PCM 014070 ff356c00 00ac0300 ff50b300 009b7500 ff5ed000 00b2cb00 ff474000 00baf400
PCM 014078 ff3dd700 00b4b600 ff400a00 00b1f700 ff46ed00 00ab1c00 ff4ddc00 008d6900
PCM 014080 ff67c200 0093b500 ff675e00 009b6600 ff589600 0088d400 ff6a4300 00997bPCM 014088 ff5c8600 008c1300 ff6b3500 008bb400 ff703800 0087a200 ff72d300 009a3600
PCM 014090 ff5c1100 00b17300 ff485600 00cb0800 ff2c7100 00cc7e00 ff2a6500 00d47200
PCM 014098 ff233200 00efe500 ff01ff00 00fbd800 fef9ff00 00fe7000 fef71300 00d52000
PCM 0140a0 ff1e4f00 00e19500 ff13dd00 00e8b500 ff0e4c00 00e31e00 ff122600 00d14b00
PCM 0140a8 ff263500 00cc8500 ff297500 00c24100 ff359f00 00cc8500 ff2b0100 00d58400
PCM 0140b0 ff232700 00dc0100 ff185d00 00e42200 ff161400 00ea2700 ff0eb800 00fe3500
PCM 0140b8 fef9a100 00ec3a00 ff0a0900 00dba100 ff18a500 00f70800 fef9d700 00e30e00
PCM 0140c0 ff140e00 00e5f900 ff141900 00ddec00 ff15c200 00e73d00 ff0ed500 00eac700
PCM 0140c8 ff092200 00e3d800 ff139900 00ea3c00 ff0f1500 00e39c00 ff11ba00 00d0c500
PCM 0140d0 ff283400 00deb400 ff16d900 00d46500 ff236700 00e08200 ff16b600 00d69d00
PCM 0140d8 ff240f00 00bf1200 ff39a700 00b16a00 ff45ca00 00bae500 ff3f8200 00d05500
PCM 0140e0 ff222200 00e12700 ff167e00 00be0a00 ff3a4600 00a03e00 ff579300 00a37f00
PCM 0140e8 ff50b400 00b54f00 ff44e000 00b66200 ff41cd00 00b9d900 ff41fa00 00afbc00
PCM 0140f0 ff47f400 00913900 ff687600 009c9200 ff5d6100 00a1c800 ff51af00 00b1ce00
PCM 0140f8 ff456700 00a90400 ff523200 00a92900 ff529f00 00c63400 ff34fa00 00bcc400
PCM 014100 ff39d700 00c48a00 ff316400 00cd1500 ff2d2900 00cf9000 ff28fe00 00cf1100
PCM 014108 ff2ba700 00e32a00 ff177c00 00e0ad00 ff166900 00c27000 ff332600 00b9f000
PCM 014110 ff419400 00b5ec00 ff42ec00 0096c600 ff643a00 006a7a00 ff91bf00 006be700
PCM 014118 ff8da600 0084b000 ff702000 0063c900 ff97f700 0056f900 ffa84900 004cb200
PCM 014120 ffaf2e00 0039df00 ffc29e00 0025dc00 ffd4f200 002a3d00 ffd28f00 00291b00
PCM 014128 ffd3f100 002cae00 ffcb2300 002fc000 ffcdcd00 00364500 ffc1d100 003c6e00
PCM 014130 ffbca900 00495b00PCM 014138 ffa19500 004d9e00 ffab8900 003d1700 ffbff200 00202d00 ffda4600 002cd300
PCM 014140 ffce6e00 0050bd00 ffaa0300 00546f00 ffa82300 00388500 ffbdd200 0030a600
PCM 014148 ffc6f600 004fd300 ffae0400 005be300 ff9cf100 005ecb00 ff9ca200 0054c600
PCM 014150 ffa31300 004e7c00 ffa75100 00376200 ffc40200 00313f00 ffcd7b00 002a7e00
PCM 014158 ffce5d00 001f5900 ffdb1a00 001d1c00 ffe07b00 00175800 ffe2eb00 00165f00
PCM 014160 ffe63200 fff93c00 00008f00 fff8dd00 00013e00 00050d00 fff26e00 00004900
PCM 014168 00005a00 fff04500 000b2000 00060e00 fff55100 ffe54a00 00163a00 ffdbf800
PCM 014170 001cb900 fff1fb00 000b4300 0000ad00 fff8b000 ffd7a800 0021c300 ffbdde00
PCM 014178 003ff800 ffb8f200 0042e900 ffbcff00 00447400 ffd30200 002ab100 ffd5b100
PCM 014180 00287200 ffcacb00 0035c000 ffc10300 0038c700 ffb49100 0049f600 ff9e0f00
PCM 014188 005ca500 ff8d4e00 00708a00 ff75cf00 008b9500 ff7dde00 007ff400 ff921a00
PCM 014190 006a8000 ff8aad00 006d8600 ff912400 006b2b00 ff94c100 00691700 ffad3900
PCM 014198 0052a300 ffb6d500 00449500 ffaa8500 0056d600 ffa61400 0053ac00 ffa92b00
PCM 0141a0 00503400 ff9f7100 005c1c00 ffa71e00 005c1d00 ffa88300 0056e500 ff8dbf00
PCM 0141a8 00700800 ff899900 00763400 ff6ec100 008e0c00 ff798c00 00836900 ff8b4100
PCM 0141b0 00715a00 ff9d3f00 005f0300 ffa27600 00597700 ff919e00 006d1000 ff977300
PCM 0141b8 00617600 ff907c00 006f7100 ff8c5f00 006d2500 ffa22a00 0058da00 ffad8a00
PCM 0141c0 004c0300 ffb84300 00450700 ffc41c00 00367600 ffb21e00 0049eb00 ff9f8600
PCM 0141c8 005da600 ffa62f00 00549200 ff9b2300 00601000 ffa40b00 0059b300 ffc6dd00
PCM 0141d0 00361f00 fff06500 000ab300 fff3fe00 0006d700 ffe08f00 0018c900 ffd98200
PCM 0141d8 00229800 ffd48400 00280e00 ffd80500 0026ed00 ffdeaf00 001d9000 ffe22f00
PCM 0141e0 00193900 fffdfb00 ffff8e00 ffebd700 00106300 ffc6fa00 00370200 ffc1a900
PCM 0141e8 003ae100 ffcfb500 002cd600 ffd2a900 002c4800 ffe09d00 00205d00 fff39800
PCM 0141f0 000a2d00 fff72c00 00053d00 fff22c00 000ce700 ffda7600 00249c00 ffcbf600
PCM 0141f8 00329f00 ffc5c600 003PCM 014200 0026d900 ffde6000 001efe00 ffef2600 000c8a00 fffd7300 ffff2000 001fad00
PCM 014208 ffdec100 00350700 ffc57c00 001cb700 ffdc9700 fffac400 0000aa00 fffd5d00
PCM 014210 fffbbb00 000cf200 ffec9b00 fff68100 0006ab00 ffe92900 0017b900 fff54800
PCM 014218 00091b00 000ed000 ffee6100 ffffc700 fffd4b00 000b3100 ffee9500 0015dc00
PCM 014220 ffe5d200 fff4c900 0004fd00 ffcd8700 00310d00 ffd05c00 002d0c00 fff52900
PCM 014228 000b1a00 fffb5d00 00004c00 fffa2700 0007d100 fff61f00 00016a00 00048e00
PCM 014230 fffa5700 fff59400 00036f00 fffdc500 fffe4100 0023ba00 ffda7700 00455c00
PCM 014238 ffb4fa00 00395000 ffc51e00 0035ce00 ffc46700 002acc00 ffcedd00 0038ca00
PCM 014240 ffc1cb00 004e4400 ffb2e500 0050e700 ffac8100 003ce100 ffbb5200 00186000
PCM 014248 ffe19500 00210600 ffdd1400 0015c200 ffe2f600 0025fa00 ffd3d200 003b8000
PCM 014250 ffc26900 001ad700 ffe08200 00248600 ffd73c00 00276c00 ffd12000 0038c500
PCM 014258 ffc49000 003f8500 ffbaf500 0026ea00 ffd10e00 000c4100 fff0c300 001be800
PCM 014260 ffe09900 0022e900 ffd61f00 00381f00 ffc17600 00576400 ffa20100 003d86PCM 014268 ffbdfd00 00291a00 ffd02100 00282300 ffd32900 00255b00 ffd2fc00 002c9700
PCM 014270 ffce9b00 00333000 ffc45800 003c1c00 ffbb3900 00463400 ffb69000 00327100
PCM 014278 ffca1c00 003e7c00 ffbb9100 0057a500 ffa3de00 0046e200 ffb3b800 0031fa00
PCM 014280 ffc75900 003b3300 ffc18400 00419e00 ffb5b100 00469b00 ffb76200 00373d00
PCM 014288 ffc4cc00 000f9400 ffe82c00 00225200 ffdc6000 00458e00 ffb3ae00 005d09PCM 014290 ff9d8e00 00486f00 ffb5d700 00665c00 ff94d900 0072c200 ff8ba400 00668f00
PCM 014298 ff92db00 00621f00 ff963f00 0074d800 ff879000 00725d00 ff855d00 00821a00
PCM 0142a0 ff777800 0090ce00 ff65c300 00811000 ff7c4000 00656500 ff946f00 0060ee00
PCM 0142a8 ff99f000 006d0d00 ff8e6d00 0074b900 ff835500 007a9700 ff7cca00 008cae00
PCM 0142b0 ff6e0200 00938700 ff639900 007c1c00 ff7e4f00 0060ad00 ff9a5c00 00452900
PCM 0142b8 ffb3ab00 00453f00 ffb9fe00 004ae400 ffaf8500 004bce00 ffae5b00 004a3400
PCM 0142c0 ffb2e500 0062d400 ff96af00 005e4400 ff9d2000 0068d600 ff912f00 00755a00
PCM 0142c8 ff85bd00 007bbf00 ff816a00 0060c700 ff9b6100 00578300 ffa48b00 0042b700
PCM 0142d0 ffb59a00 0053be00 ffa45300 00576900 ffa66200 003eff00 ffbac800 004bbc00
PCM 0142d8 ffaa2e00 0054be00 ffa88b00 006a5b00 ff8efa00 006b7f00 ff8cbc00 00525000
PCM 0142e0 ffa8dd00 00431a00 ffb55f00 0060b100 ff9bd700 00625b00 ff959b00 007bd200
PCM 0142e8 ff79a400 009be100 ff5d6e00 0077af00 ff809400 0066d800 ff94b500 004e0d00
PCM 0142f0 ffaa2000 00504300 ffab5200 005e7a00 ff996000 004ea200 ffacb900 00353200
PCM 0142f8 ffc69b00 004bda00 ffb00500 005dde00 ff9e9e00 005b0600 ff9dad00 0061b800
PCM 014300 ff9a5b00 0068f300 ff917300 008f1900 ff693600 00b07d00 ff4ccd00 00bad100
PCM 014308 ff3e2d00 00a46e00 ff557300 00911400 ff6ae200 008fe200 ff693800 0079b700
PCM 014310 ff7fa600 006df400 ff8dcb00 00777400 ff83e100 006fab00 ff877200 007f0d00
PCM 014318 ff7dda00 00736d00 ff879900 00618600 ff992500 005b1000 ffa3a200 005d8500
PCM 014320 ff9eeb00 00701600 ff8a6600 007caf00 ff7ebc00 00794c00 ff81e200 0083c100
PCM 014328 ff758c00 0096ff00 ff63e900 00a21700 ff596100 00a21900 ff56f100 00a48300
PCM 014330 ff571e00 00b79e00 ff42b800 00c8df00 ff2f7400 00ba2500 ff411400 00ac1900
PCM 014338 ff4ac000 00a67f00 ff508a00 00ae0c00 ff4c0200 00a7b100 ff51d600 00c76400
PCM 014340 ff331700 00d7da00 ff218500 00c26700 ff3a3200 00c23e00 ff3c2a00 00b9b800
PCM 014348 ff406e00 PCM 014350 ff55bf00 00b72f00 ff424100 00b38a00 ff434300 00b38300 ff4aac00 00b2eb00
PCM 014358 ff473600 00b2f800 ff434000 009c2000 ff5c2700 00922000 ff663100 0080b800
PCM 014360 ff778200 00725800 ff86ec00 008d1e00 ff707700 00ab3900 ff53a300 00b97000
PCM 014368 ff41b100 00c18f00 ff3e4e00 00a4b200 ff562200 009ee700 ff5aee00 00a2b000
PCM 014370 ff560500 00947100 ff67e800 00a5fa00 ff504200 00b10000 ff49e000 00955c00
PCM 014378 ff63e900 0090ee00 ff6b5100 00903b00 ff69aa00 00ae4d00 ff4a5600 00994e00
PCM 014380 ff61e100 0083f400 ff745400 007acf00 ff834400 0096ee00 ff64e500 00b06700
PCM 014388 ff4b1800 00c99300 ff2dfb00 00b66d00 ff4ab700 0096c600 ff614e00 00a94600
PCM 014390 ff52cc00 00b82400 ff458600 00bfc900 ff377200 00b26a00 ff48ed00 0099f300
PCM 014398 ff63c500 00633800 ff982b00 006f9400 ff897400 00742800 ff818300 00776500
PCM 0143a0 ff810b00 0070c500 ff846f00 004c6f00 ffb38400 00314200 ffc8de00 00339400
PCM 0143a8 ffc3d700 004cdd00 ffade100 004bc900 ffadf100 00381a00 ffc14a00 0029c000
PCM 0143b0 ffd16600 00039200 fff9aa00 fff72800 0004c100 0001a600 fff94c00 0014fa00
PCM 0143b8 ffe7e500 00209800 ffdb3300 000e0600 ffed7300 000c3700 fff17000 fff12000
PCM 0143c0 000cf000 ffec5a00 00113900 00015c00 fffaa000 00087900 ffee6900 00049200
PCM 0143c8 fff83800 fffe6200 fffe5800 0002c100 fffa9400 ffe96e00 000fe900 ffd1e700
PCM 0143d0 0027bb00 ffc69800 00347f00 ffea7900 00177c00 ffe5f600 00163800 ffddc900
PCM 0143d8 0021fd00 fff77800 00029200 ffe9d700 00149600 ffe25f00 001ced00 ffcba600
PCM 0143e0 0033f400 ffc17400 003cc100 ffd5ff00 002a1500 ffdfd100 001b0a00 ffdd7100
PCM 0143e8 001a7600 ffd4f700 0029b100 ffe50000 00170500 ffe47500 001aa500 ffd06700
PCM 0143f0 002d2400 ffc10500 003e5200 ffabb900 0053e200 ff956700 00672b00 ff990000
PCM 0143f8 0062bc00 ff97db00 00670500 ffb0f300 0048f900 ffa87f00 00538300 ffa62600
PCM 014400 005b5a00 ffa1b100 005ea000 ff957700 00687900 ff7e2a00 0082b700 ff824700
PCM 014408 007ad100 ff768300 00886200 ff6a1a00 00945e00 ff667b00 00997600 ff732900
PCM 014410 00885100 ff8eb500 006f9900 ff678d00 00998100 ff563200 00a62b00 ff691800
PCM 014418 0095ed00 ff8eec00 006f2c00 ff91ba00 006d7d00 ff7a1900 00832100 ff64c800
PCM 014420 0093e000 ff716000 00896f00 ff73c100 00889600 ff73a800 008b5700 ff6acf00
PCM 014428 0099f500 ff72f500 008b0b00 ff81d600 007bef00 ff901900 006dd900 ffbe9d00
PCM 014430 003c4600 ffafa300 004dcb00 ff910d00 006eee00 ffa26500 005a9e00 ffa39b00
PCM 014438 005be600 ff8bef00 0071e000 ff88cb00 0074b800 ff871500 0075d400 ff91ac00
PCM 014440 006d6000 ff9e0f00 00609a00 ff9cc700 0061af00 ff8bf100 00737e00 ffa68e00
PCM 014448 00589000 ff981c00 00652f00 ff812500 007f8800 ff7f8800 007edf00 ff755300
PCM 014450 0089a700 ff849d00 007d0300 ff8bcc00 00722100 ff8e7900 006b7100 ff8acd00
PCM 014458 00749f00 ff62c400 009a6500 ff4e4f00 00afe200 ff5f6700 009fdb00 ff66bf00
PCM 014460 00973600 ff6c3200 008f9900 ff84fa00 00796000 ff888d00 00798400 ff76fa00
PCM 014468 00851000 ff77aa00 00849d00 ff9de500 00634f00 ff9eef00 00618600 ff9c4e00
PCM 014470 00601200 ffbe7a00 0044ee00 ffb99400 0042e000 ffb29300 004bda00 ff9a6200
PCM 014478 00653f00 ff88d100 00798500 ff7e4e00 0082c100 ff526300 00ade500 ff41b700
PCM 014480 00b93600 ff57d900 00a70a00 ff5ecd00 009dd500 ff6f5300 008fa200 ff70bc00
PCM 014488 008b6d00 ff7fcd00 0079f900 ff907100 006b5700 ff9a8000 005f4900 ff80de00
PCM 014490 007d2100 ff823700 007a2b00 ff7d8700 007ef400 ff89d600 00712f00 ff977900
PCM 014498 0062e600 ff958300 006a2900 ffad3400 004f3100 ff8e9600 0072f000 ff6bd800
PCM 0144a0 0092b000 ff88c400 0074c300 ff81eb00 007ec400 ff891700 00789700 ff943d00
PCM 0144a8 006e2900 ff99e600 0061a500 ff8a1f00 00751000 ff962a00 00687900 ff890a00
PCM 0144b0 00793c00 ff8a0e00 00760400 ffb04d00 00501300 ffbd2900 003d8800 ffce0f00
PCM 0144b8 002eb400 ffc9fd00 00374700 ffe56a00 00184800 ffe71a00 00163200 ffebc400
PCM 0144c0 0010c900 ffdc8600 0020d400 ffc94300 00315000 ffb7e800 00468200 ffa6d900
PCM 0144c8 00565400 ffb23900 004d8f00 ffaebe00 0049e900 ffcd6200 002fcb00 ffde7a00
PCM 0144d0 0020b100 fff99c00 0000a300 fffb2e00 fffddb00 ffeabf00 00117200 ffec9b00
PCM 0144d8 000f7200 ffe90e00 0014d800 ffd6e400 00266800 ffd11600 002f8100 ffd24700
PCM 0144e0 00273700 ffd25400 0029fd00 ffc1dc00 003bdb00 ffa6f600 00518b00 ffc05500
PCM 0144e8 003a4200 ffc86200 00361000 ffddd400 00203f00 fffe5e00 fff8c100 00063200
PCM 0144f0 fff4e900 00055700 fff81400 ffed0500 000fdf00 ffd4b100 00294800 ffe1c700
PCM 0144f8 001d0600 ffd6f700 00204800 ffd5f700 00270700 ffdad500 0020cc00 ffd30300
PCM 014500 002b0000 ffe17b00 00187800 ffde8400 001d3f00 ffb53400 004aee00 ffbb0000
PCM 014508 00424a00 ffcd3800 002fb800 ffc41100 0038e800 ffd60200 00251a00 ffe94e00
PCM 014510 00142d00 ffe4d900 0018cc00 ffea5100 00119a00 00032000 fffc3c00 000b4200
PCM 014518 fff04e00 00034200 fffa0600 ffea8a00 0013a500 ffedfe00 000ead00 fff32300
PCM 014520 00090f00 fff2b300 00066e00 ffe3cd00 0016da00 ffe75b00 0017e700 00065c00
PCM 014528 fff74700 fff87900 00080b00 00021300 fff81c00 fffae000 00032100 fffc1f00
PCM 014530 00006600 fff11d00 000c4500 fff86200 00070100 00119b00 ffe90200 001e6c00
PCM 014538 ffdbb100 00164000 ffe40000 fffb5300 fffe7100 ffd8a200 0022e700 ffdfd300
PCM 014540 001ace00 ffe7a900 00138800 ffe3dd00 001a2400 ffe72a00 00163b00 ffdc5000
PCM 014548 001e5a00 ffeca500 00117900 ffe93000 00110700 ffed9600 000fc100 ffe66a00
PCM 014550 00174000 ffee6600 000daa00 fffab500 fffe6800 ffefb800 000d2e00 ffea9500
PCM 014558 00133200 fffeb700 ffff0f00 00160800 ffe78500 00199500 ffe05300 0014c000
PCM 014560 ffe61b00 00051400 fff49900 000c0a00 ffeea400 00219f00 ffdd4300 0016e900
PCM 014568 ffe33600 001ff400 ffdd6700 00278e00 ffd43000 002fa000 ffc8d300 005a8600
PCM 014570 ff9fde00 004cd100 ffae2800 003d2d00 ffc04400 005d5500 ff9d4600 0062c100
PCM 014578 ff92c100 0049d100 ffb24a00 0028cb00 ffd54800 001b3e00 ffdc0a00 003c7800
PCM 014580 ffbfad00 003cc600 ffbb3000 003ead00 ffbb3c00 0032d500 ffcc0800 00339200
PCM 014588 ffccbb00 0042f300 ffb8fb00 0053e400 ffa7eb00 005b2e00 ff9e8800 0063b500
PCM 014590 ff942e00 005dde00 ff99f300 00751100 ff84f300 007a0000 ff833900 007a5000
PCM 014598 ff7dc700 00857c00 ff703e00 0099ee00 ff5dfa00 0098e300 ff5e4700 00700800
PCM 0145a0 ff873500 00722300 ff87c000 00624600 ff967200 007dc600 ff7f7c00 00863200
PCM 0145a8 ff71e900 0081c100 ff7e6e00 005fcc00 ff99f600 005fbc00 ff95db00 00695400
PCM 0145b0 ff922b00 00690b00 ff8f4700 00850c00 ff749000 00ac1f00 ff4bae00 00b20800
PCM 0145b8 ff46f900 00b40700 ff43c700 00a4fd00 ff52ff00 00906000 ff67dc00 0094bc00
PCM 0145c0 ff626b00 00919400 ff63f200 00ac4300 ff4e4600 00bb5300 ff3eb300 00c44600
PCM 0145c8 ff364100 00c1db00 ff36c400 00c81100 ff32e200 00b16200 ff47b000 00a93e00
PCM 0145d0 ff542a00 00b7b200 ff3f2f00 00c14900 ff35b900 00e1ca00 ff18b400 00e48300
PCM 0145d8 ff13d700 00d17f00 ff267000 00cf4200 ff28db00 00c2ec00 ff33a700 00b89e00
PCM 0145e0 ff3d8e00 00b4ae00 ff450700 00ad8600 ff4a6700 00abae00 ff4ba900 00885000
PCM 0145e8 ff6e0000 00927500 ff682800 00864f00 ff739400 0065c500 ff921400 006ca400
PCM 0145f0 ff8b3100 007bff00 ff7b2100 0088d600 ff700200 008d7b00 ff684700 007a3900
PCM 0145f8 ff7dcd00 007c8100 ff7d6600 00737400 ff88f600 0072PCM 014600 ff8eba00 004e4600 ffabb200 0053f400 ffa81c00 0062c200 ff93ae00 006a1200
PCM 014608 ff87e300 005c0e00 ff9d1700 003f6800 ffbde100 00414a00 ffb51000 0049ca00
PCM 014610 ffae2a00 0067ab00 ff8f9b00 005a0d00 ff9f0d00 00611300 ff96b700 00648c00
PCM 014618 ff958c00 0050df00 ffa9bb00 0040bd00 ffbcec00 00241e00 ffd88500 fffc2900
PCM 014620 fffebd00 00037b00 fff38a00 001d0b00 ffdb4000 00473900 ffb23a00 0041c400
PCM 014628 ffb90900 00372900 ffc30e00 003e1d00 ffb72d00 00246500 ffd48400 000d5000
PCM 014630 ffee9900 000be700 fff06000 00144c00 ffe52200 001fef00 ffd8e600 00181100
PCM 014638 ffe21700 fffc9900 fffba000 fff3f700 00052400 001c4e00 ffdde500 00331300
PCM 014640 ffc8a300 0021bd00 ffde5e00 ffff1200 fffc3400 ffe78800 00184c00 ffefbe00
PCM 014648 000d9a00 ffe47000 00196100 ffff5c00 fffee400 ffef0e00 000d2100 ffeb3300
PCM 014650 00141200 fffa4e00 00044700 000c2000 fff05800 fffac600 fffe3e00 ffe52f00
PCM 014658 0018fb00 ffde5c00 00210a00 ffdca200 001da400 ffea0a00 0012e100 ffd71d00
PCM 014660 00246b00 ffd81d00 002a9f00 ffe0b700 001b9800 ffecb900 000f0d00 ffe6d800
PCM 014668 00178900 fff44d00 0008ee00 00018c00 fff6c900 fffbb400 00007e00 ffde9a00
PCM 014670 001def00 ffcaf900 00305300 ffd8b400 00235000 ffcff200 002dd800 ffc41d00
PCM 014678 00376500 ffc53600 00359c00 ffc2be00 003f2600 ffd4f200 00295100 ffbd2e00
PCM 014680 0040ec00 ffc5fa00 00372900 ffbdd200 0043ab00 ffacba00 004d8b00 ffa6cb00
PCM 014688 0056d400 ff9d2700 005dfb00 ffa3c600 0058fc00 ffd1ee00 0028ea00 ffd6ef00
PCM 014690 0026a700 ffb46200 004a1000 ffa3fc00 00590100 ffa47a00 00576100 ffafcb00
PCM 014698 00496f00 ffba8c00 00444900 ffbf5100 003bf900 ffad8400 004e3100 ffb40400
PCM 0146a0 004b1700 ffa78200 00523200 ffb0f600 004f5200 ffcf3900 002f1100 ffd1fe00
PCM 0146a8 002bd900 ffc8fb00 0034e000 ffb59500 00454a00 ffc38000 00367600 ffc77300
PCM 0146b0 00351a00 ffcc4000 002e2700 ffbb6200 003fcc00 ffaebb00 004be500 ffcbfd00
PCM 0146b8 002fdb00 ffc0b400 003a4e00 ffb62c00 00419e00 ffb13200 0049f600 ffb1b800
PCM 0146c0 004a7b00 ffccac00 002f8f00 ffe6ac00 00160f00 ffce7e00 002e3700 ffb91d00
PCM 0146c8 003da300 ffbe8a00 003d3a00 ffb14400 00444f00 ffb20900 00492400 ffb04b00
PCM 0146d0 0047c200 ffb37a00 00499700 ffc94c00 0030f700 ffdcf300 001cd100 ffcfaa00
PCM 0146d8 00297f00 ffc30e00 00366600 ffc54500 0036af00 ffc8ce00 00341900 ffc51700
PCM 0146e0 00356b00 ffc62500 0037d500 ffc1e600 003b9500 ffd75a00 00240700 ffcc9e00
PCM 0146e8 00319e00 ffc8aa00 0033ff00 ffbd9a00 00434300 ffaf7e00 004e3100 ffc23d00
PCM 0146f0 00399900 ffc4ee00 0038ef00 ffaf4a00 004e4700 ffba0900 00448e00 ffb40f00
PCM 0146f8 004d6300 ffbd2e00 00410b00 ffd1f400 002af600 fff80b00 0001ea00 fffb4000
PCM 014700 0003a800 ffe95600 0011f000 ffd4d900 0025c800 ffcfda00 002d1200 ffda0d00
PCM 014708 00282500 ffe65800 00113000 ffe7ff00 0014ee00 ffe53a00 00192a00 ffd59e00
PCM 014710 0025fd00 ffe2e400 001ad500 fff76c00 00026600 ffef0600 000c4700 ffd3f700
PCM 014718 0027bd00 ffd20b00 00276c00 ffc9a400 00331600 ffcbd200 00329200 ffecf300
PCM 014720 0010a600 fff49f00 00041900 ffe08f00 001ca000 ffe1d200 00191400 ffcb5500
PCM 014728 002ef100 ffbb7500 0042b700 ffd64100 00271300 000b7e00 ffee8700 001a8e00
PCM 014730 ffe25400 fff11100 000b3000 fff33300 0007f800 fff99b00 0001fc00 fff24a00
PCM 014738 00076e00 000f2500 ffebff00 00161300 ffe0f200 00024c00 fff54100 ffffc700
PCM 014740 fffc7100 fffb4200 0002b800 ffff0a00 fffe7e00 0008c500 fff23300 00088000
PCM 014748 fff0d200 00114c00 ffea9c00 0013ca00 ffe5b300 001bdd00 ffe25d00 00384500
PCM 014750 ffc18b00 005a0800 ffa00d00 00619d00 ff972b00 005bcf00 ff9f3700 004f4a00
PCM 014758 ffa9b700 00456700 ffb54e00 003d7700 ffbe6e00 002db900 ffcdde00 002e2700
PCM 014760 ffcc0c00 0042ea00 ffb58f00 002e6e00 ffce0900 00206700 ffdaae00 00260900
PCM 014768 ffd34300 001fec00 ffd83000 00460900 ffb1a600 005f7c00 ff9bea00 0055b100
PCM 014770 ffa7d300 0048b900 ffb26800 0035f000 ffbfb000 00405e00 ffb82c00 00367500
PCM 014778 ffc52500 004a6f00 ffb0a100 00608e00 ff99c000 00581200 ffa75000 0052d100
PCM 014780 ffa56300 0045e400 ffb63e00 003a1100 ffbe1800 0042d500 ffb5c000 00486c00
PCM 014788 ffb42e00 00414e00 ffbb0300 003c8200 ffb96c00 00395100 ffbdc700 0036c500
PCM 014790 ffc51500 00571100 ffa49a00 006dc300 ff8e0c00 006ea000 ff8e4c00 00683e00
PCM 014798 ff8c6800 006a0300 ff8e3d00 007b6300 ff7d3600 0081c400 ff745b00 005e8100
PCM 0147a0 ff9ea000 006f0c00 ff88e200 007ff400 ff794900 008c4400 ff6e5700 00741900
PCM 0147a8 ff833700 00661a00 ff927a00 00614600 ff947200 0072ba00 ff85b400 008bd600
PCM 0147b0 ff6a2f00 008c1d00 ff686c00 008c1c00 ff6cda00 00913500 ff68b800 007fd900
PCM 0147b8 ff797d00 00955100 ff66f900 00bde100 ff3c1e00 00adfb00 ff4cf000 00897500
PCM 0147c0 ff6e4d00 008d7100 ff6b0300 00a36100 ff53f800 00aff000 ff4a8f00 00b2de00
PCM 0147c8 ff44fd00 008fe000 ff669300 0086a200 ff6e7c00 008c4100 ff6ac500 00769200
PCM 0147d0 ff834400 00872000 ff6e2c00 00879c00 ff739100 008e0100 ff6dd100 008fd000
PCM 0147d8 ff6b3e00 0091c800 ff6abe00 00c45500 ff348a00 00c61c00 ff309600 00b99600
PCM 0147e0 ff3db700 00bc5400 ff3bbd00 00c9ef00 ff2c5a00 00d8f600 ff1d6100 00dfd300
PCM 0147e8 ff18b900 00ee5700 ff0b1d00 00ecec00 ff06a600 00e08700 ff166b00 00b94700
PCM 0147f0 ff3d1000 00be9f00 ff390b00 00d5d700 ff1a9500 00de4e00 ff181c00 00d7a800
PCM 0147f8 ff237400 00e86c00 ff0c5400 00ce2e00 ff2a1500 00c17300 ff383900 00d0b100
PCM 014800 ff291500 00e71100 ff0d6700 00f54a00 ff051200 01133a00 fee7ac00 00fa1600
PCM 014808 fefd0500 00dee000 ff179500 00d9bd00 ff1b2800 00ec5f00 ff055200 00f11200
PCM 014810 ff070900 00f4f700 feffd600 0100ee00 fef41000 010d4b00 feeb2d00 0126b100
PCM 014818 fed3ec00 01217300 fed57500 01298a00 fecd2100 0132a600 fec04400 012a6400
PCM 014820 fecc8800 011e7e00 fed65e00 011e6000 fed34300 01223d00 fed5c300 010d3c00
PCM 014828 fee9ab00 011ac800 fedaf600 011b9000 fed77900 01240100 fece3300 01081e00
PCM 014830 feecbc00 0102e200 fef53300 01017e00 fef2da00 01022000 fef33d00 010fe700
PCM 014838 fee7b000 01104800 fee98600 010d4a00 fee88800 01157b00 fedc2d00 01115b00
PCM 014840 fee3f300 0118a400 fede9700 00fe5e00 fef67c00 00ea9700 ff0b0f00 0100a000
PCM 014848 fef0c000 011ab600 fedd6900 012f7a00 fec85a00 011b2500 fed92800 00ff2e00
PCM 014850 fef40200 00f61000 fefe8500 01056b00 feef1900 00fb4e00 fef73b00 00f63400
PCM 014858 ff006c00 00ff5b00 fef54500 00f1b600 ff061700 00da5f00 ff1dfc00 00f60700
PCM 014860 ff00e200 00f08e00 ff04c300 00e92100 ff0f0700 00ed5800 ff0e0800 00f28200
PCM 014868 ff028f00 00e7fe00 ff0ee700 00fbfe00 fef76d00 00ffb300 fef49600 00fd0e00
PCM 014870 fefb8400 00fa4700 fefcf300 00e66400 ff0afc00 00dafe00 ff1cdc00 00d06c00
PCM 014878 ff245c00 00d2c900 ff274f00 009cac00 ff598e00 009e8300 ff5afe00 00b00200
PCM 014880 ff4c4f00 00a4da00 ff570c00 00a6bc00 ff51ce00 009a3b00 ff5f1900 009d4700
PCM 014888 ff61ed00 008be600 ff71e900 0086f500 ff708600 009ea200 ff5a6c00 008cc300
PCM 014890 ff6df200 009d8600 ff5ab800 00ac1000 ff4d7e00 00aace00 ff4a7a00 00a90e00
PCM 014898 ff537600 0099dd00 ff60a600 00935b00 ff626600 00b40200 ff465000 00c0bf00
PCM 0148a0 ff3c4f00 00aa9e00 ff503a00 00a71f00 ff541b00 00a7e600 ff52fd00 0087e400
PCM 0148a8 ff73d900 008aa700 ff6e5100 009d6d00 ff5bb300 009dde00 ff5b4100 009fae00
PCM 0148b0 ff59b700 00971e00 ff64f700 007c0c00 ff7e4e00 006f3600 ff8ced00 006d8d00
PCM 0148b8 ff8ef200 00711000 ff8c9f00 0053f700 ffa9fe00 00428300 ffb99f00 004bcb00
PCM 0148c0 ffab9e00 005fa100 ff9a6100 0072dc00 ff87c600 0073dc00 ff89dd00 00624000
PCM 0148c8 ff9bb000 0040d000 ffbb4200 0046c200 ffb3f000 00670c00 ff956c00 00685300
PCM 0148d0 ff981800 00555600 ffa39100 00600e00 ff9c2800 004a0500 ffb10f00 00351b00
PCM 0148d8 ffc6e800 0033f700 ffc7d200 00374e00 ffbf6900 002cf500 ffcd9e00 001c6900
PCM 0148e0 ffe09900 00043000 fff61d00 fff38500 00043a00 fff46300 0000ba00 ffee6500
PCM 0148e8 000f8900 ffdd9400 001e4900 ffdc6200 001f4100 ffda6e00 001d5700 ffef7d00
PCM 0148f0 000ea700 fff00400 000c3b00 fff10b00 000b3b00 ffed0400 00108500 fff7c400
PCM 0148f8 0002a900 ffeab300 00117100 ffd15c00 002c0e00 ffdaa200 00223600 fff10a00
PCM 014900 000cf100 ffcf1a00 002ef800 ffa19900 0058e000 ffb7f400 00415500 ffd00000
PCM 014908 002c0e00 ffde8600 001ec000 ffd95000 00274b00 ffe79200 00147e00 ffd56000
PCM 014910 002a8900 ffab8900 00549100 ffa8a800 00581200 ffcb8200 0030dd00 ffc7cf00
PCM 014918 00324f00 ffa45c00 00532800 ff949600 006ad600 ffb0da00 00500d00 ffbc2800
PCM 014920 00413d00 ffa9b700 0052f100 ffb23d00 00483500 ffce8200 00297900 ffc39700
PCM 014928 00398700 ffc66700 00368300 ffb50100 004b2100 ffbb6500 0041de00 ffd49f00
PCM 014930 00281d00 ffda7400 001f4800 ffcedb00 002eb500 ffd31000 00276300 ffee4600
PCM 014938 000d0000 ffe08700 00167300 ffd17400 0028ad00 ffc16300 003db100 ffae3c00
PCM 014940 004dd700 ffada900 004f2200 ffb21c00 0049c800 ffc40500 0038cb00 ffde3000
PCM 014948 00204600 ffe34e00 00175a00 fff97c00 00038100 ffed6100 000d7500 fff55800
PCM 014950 00073500 fffc5d00 0000ed00 ffcf8b00 00291100 ffe1a700 00188600 ffe10000
PCM 014958 00170200 ffe14e00 00160500 ffd30500 002bc900 ffb00e00 00487b00 ffa3df00
PCM 014960 0057c900 ff9dbc00 005b0400 ff916f00 006e1d00 ff880b00 0073fe00 ffaac200
PCM 014968 0052e800 ffbda100 00439500 ffbf2b00 0044ba00 ffae3f00 004fea00 ffa5e300
PCM 014970 00553a00 ffc33900 003b2b00 ffbbbd00 00429200 ffad8700 00514200 ffc6c100
PCM 014978 0033c900 ffc57300 0035fb00 ffbf6100 003c3200 ffc3b600 0036e500 ffc8ad00
PCM 014980 0035e900 ffc31b00 003a7200 ffc55e00 00368000 ffbeed00 003d9a00 ffbe6100
PCM 014988 003cdc00 ffb3e200 00498c00 ffa83100 00562d00 ffb37b00 0047e200 ffcb1900
PCM 014990 00306000 ffbc0100 003f7400 ffccbf00 002ef300 ffe82a00 00159f00 fff14e00
PCM 014998 000bc500 ffe39000 0016e400 ffcaa200 002c4700 ffdae800 0021e200 ffdad500
PCM 0149a0 001f1100 ffb25f00 004b2700 ff90f100 006d0500 ff9d7800 005e7800 ffa0ef00
PCM 0149a8 005e6e00 ffca0c00 0032c000 ffd6cb00 0022fd00 ffd19e00 002a1200 ffe16a00
PCM 0149b0 0015d600 ffde1b00 00203f00 fff20100 000dd900 fff8d500 00051400 00175400
PCM 0149b8 ffe41200 001d1900 ffdf1a00 000d6f00 ffef3800 ffe82a00 00108900 ffefd600
PCM 0149c0 00099300 ffd55100 0025f800 ffd26300 002af800 ffc79900 00367d00 ffdafb00
PCM 0149c8 00246d00 ffdbb500 0024be00 ffe24800 00179e00 fff04500 000cec00 0012a800
PCM 0149d0 ffeccd00 002a7400 ffcf4000 00349000 ffc50e00 00331f00 ffc95a00 001adf00
PCM 0149d8 ffe02400 002a1f00 ffcd4c00 004d5a00 ffaebb00 0054bc00 ffa36800 0057ae00
PCM 0149e0 ffa21900 003d3500 ffba8500 00429b00 ffb29700 0061df00 ff97ef00 004db800
PCM 0149e8 ffae8c00 003d4200 ffc13800 00542100 ffa3d400 005aaf00 ffa04a00 00595200
PCM 0149f0 ffa3d500 005c1700 ff9f1400 0050a500 ffa9ba00 004ea400 ffa9ac00 00283400
PCM 0149f8 ffd40300 00393200 ffc55300 002dfb00 ffc95c00 002f0600 ffce2000 0028c500
PCM 014a00 ffd25900 00147500 ffe33100 0032de00 ffc99200 00548f00 ffa7cb00 00508800
PCM 014a08 ffadd800 0059e000 ffa31700 006d3700 ff888700 0062ee00 ff95e600 00828400
PCM 014a10 ff7b6c00 00987c00 ff614900 0079ed00 ff7d2800 007bf300 ff7f3300 007ea300
PCM 014a18 ff7ab900 006c4c00 ff8cd600 005cb400 ff9bb500 004f3900 ffa9eb00 00650800
PCM 014a20 ff97a500 0080c400 ff7cd900 00887d00 ff742a00 0069e800 ff908300 0070a700
PCM 014a28 ff899e00 00676400 ff92c000 004ff000 ffa82500 006ddf00 ff8c4e00 00808800
PCM 014a30 ff7d0700 00944e00 ff661f00 0096cf00 ff662500 007e4400 ff7e2500 007d4c00
PCM 014a38 ff783400 0079dc00 ff7ee000 00693f00 ff8dd500 0066d100 ff91c800 005de300
PCM 014a40 ff9af500 00718d00 ff876600 005e8600 ff9f7500 006bd900 ff932300 006da400
PCM 014a48 ff8afd00 0070b400 ff8b2c00 00815700 ff7b0a00 00878700 ff711300 00ae7e00
PCM 014a50 ff4c8600 009e0500 ff5ee800 00664500 ff964900 00399300 ffc06400 00581c00
PCM 014a58 ffa4c500 00974000 ff628b00 00995800 ff5c2700 00a14000 ff563200 00a37000
PCM 014a60 ff587000 00a49d00 ff555500 00823000 ff754e00 005acf00 ff9f9200 0072bb00
PCM 014a68 ff879e00 0093a500 ff650000 00960700 ff634a00 007f1100 ff796500 00827500
PCM 014a70 ff784e00 00842000 ff73b700 007afc00 ff7ff900 006fc900 ff8cee00 009ac500
PCM 014a78 ff5ca000 00a7e400 ff55d000 009ad600 ff5e5d00 00a4b900 ff540400 00a42b00
PCM 014a80 ff5a2200 00ab1700 ff4d7f00 00c9ac00 ff2d3e00 00c30a00 ff37a800 00af3500
PCM 014a88 ff4c7800 00aee600 ff4c0d00 00cdb700 ff2aaf00 00e94200 ff0d9300 00d15b00
PCM 014a90 ff264100 00d1c500 ff289d00 00bf1000 ff3b2500 00c9bc00 ff304d00 00ddbb00
PCM 014a98 ff1aa700 00de0500 ff18c400 00f19f00 ff06ce00 00f8f500 fefce400 00f15c00
PCM 014aa0 ff085a00 00f13c00 ff037500 00fa4d00 fefd0200 00f5f100 ff024100 00fb3200
PCM 014aa8 fefa3900 00f71d00 ff01cc00 00fc6f00 fefa4f00 00f84500 feff8300 00e54c00
PCM 014ab0 ff113600 00eb8500 ff0bea00 00ebf700 ff0b6800 00d8fe00 ff1a0500 00dd3f00
PCM 014ab8 ff15ab00 00f9c900 fefea500 0118f300 fee12900 00f82a00 fefe8600 00dbde00
PCM 014ac0 ff199400 00c77700 ff2ea600 00d60000 ff238d00 00eb9f00 ff0b8300 00efc000
PCM 014ac8 ff06d700 00e7b500 ff136800 00dc0300 ff1e6b00 00e50400 ff132c00 00c6c600
PCM 014ad0 ff2f6d00 00c93200 ff317a00 00c0bc00 ff332700 00d8c000 ff1fd600 00c87d00
PCM 014ad8 ff2df900 00b76600 ff432b00 00bfaf00 ff35e400 00c4cb00 ff35e200 00b86f00
PCM 014ae0 ff3e9400 00d43c00 ff21bc00 00f0aa00 ff07d300 00ea2c00 ff0de300 00e37e00
PCM 014ae8 ff159500 00d02100 ff275d00 00cbd500 ff2cb700 00b6b600 ff439c00 00a6eb00
PCM 014af0 ff54d400 00af5500 ff48e900 00b63000 ff412b00 00b37000 ff48eb00 0094b700
PCM 014af8 ff675500 0083fb00 ff76dd00 00777700 ff7d1a00 00850100 ff772400 0094ba00
PCM 014b00 ff618100 009ca000 ff5bfb00 00a03c00 ff582900 009cbc00 ff5ad700 0096b800
PCM 014b08 ff625d00 00920b00 ff629200 00778700 ff81b500 00653000 ff8fd800 006ca600
PCM 014b10 ff8ba200 0068f600 ff8f8500 0072ef00 ff869900 005b7600 ff9c9500 00427f00
PCM 014b18 ffb9c500 003d7700 ffbb4600 003bc600 ffc29500 001a7f00 ffe2fd00 002a7600
PCM 014b20 ffd02000 00262600 ffd31f00 00139e00 ffe61300 0026cc00 ffd1d200 002c0c00
PCM 014b28 ffd20700 003c7200 ffc10200 003dda00 ffbcd600 00420a00 ffb82400 003edf00
PCM 014b30 ffbb8c00 0037c600 ffc38600 00370600 ffc3b800 003a8e00 ffbf5100 00344600
PCM 014b38 ffc9db00 004cc300 ffaf3800 00472f00 ffb47800 004be700 ffac3300 0042b600
PCM 014b40 ffb3bb00 002abc00 ffcc1b00 001de600 ffdbeb00 0006a600 ffefc300 000d1900
PCM 014b48 ffed3900 000c7300 ffed7400 000f9e00 ffefb300 000b1800 fff1a100 0011a100
PCM 014b50 ffe70a00 00114f00 ffea2400 000c5700 fff19300 fff59500 0005bb00 fff00100
PCM 014b58 00094e00 0002be00 fff96f00 fff3c200 0009a500 ffe57200 00150700 fff08c00
PCM 014b60 000d0f00 ffdb2e00 001fca00 ffd93400 0025ef00 ffc06c00 003e9600 ffbf9c00
PCM 014b68 0040d700 ffc30d00 003ba000 ffc01f00 003ede00 ffafe300 004cdf00 ff920700
PCM 014b70 00693100 ff9a7700 00628900 ffb75400 0042e700 ffbc7400 003fac00 ff9fa300
PCM 014b78 005d1f00 ffa58700 0055d700 ff8b7900 00718b00 ff7f6d00 007b9800 ffa48700
PCM 014b80 0059a600 ff9d8a00 00606b00 ff983b00 0061a600 ffa0d400 005aaf00 ff71ec00
PCM 014b88 008f6200 ff586c00 00a91e00 ff4f7600 00ad1000 ff44d300 00ba7300 ff48e900
PCM 014b90 00b58c00 ff5a3d00 00a5c400 ff4d2400 00adf400 ff48dc00 00b45300 ff540f00
PCM 014b98 00ad3300 ff5eab00 00a33400 ff6a0d00 00951200 ff580100 00a51a00 ff322500
PCM 014ba0 00cb2a00 ff3b4a00 00c4d000 ff4b0700 00af5e00 ff4cd400 00b14600 ff420e00
PCM 014ba8 00bbf700 ff543e00 00a55000 ff692e00 0093a500 ff53e600 00a96600 ff36f800
PCM 014bb0 00c64f00 ff4d3300 00b21400 ff526a00 00a9c300 ff74ca00 00876d00 ff97b600
PCM 014bb8 00634d00 ff9bf800 00620700 ff951200 00673e00 ff92eb00 0067bf00 ff7aa400
PCM 014bc0 0081f000 ff7dc000 007d5800 ffa00300 005c7b00 ff998f00 00648100 ff875300
PCM 014bc8 00743400 ff75f300 008ccd00 ff67ab00 00931000 ff5fda00 009fe800 ff4f4500
PCM 014bd0 00aee800 ff48c800 00b5cb00 ff521200 00a93000 ff62a000 009e5800 ff71a200
PCM 014bd8 008e9f00 ff828b00 007dce00 ff711700 00914900 ff67f000 00968400 ff5a6200
PCM 014be0 00a41a00 ff7b6600 00816f00 ff813f00 00800d00 ff746100 008d3300 ff7f1900
PCM 014be8 00829e00 ff728000 008baf00 ff5cdd00 00a31500 ff602100 009b7500 ff6d3400
PCM 014bf0 008f6300 ff8fe400 006ef300 ffac0d00 004e0600 ffa97300 00568100 ff9c4300
PCM 014bf8 0065e900 ffb27100 004dc000 ffb41400 0048c100 ffa9ac00 00520000 ff919b00
PCM 014c00 006a5a00 ff8bcd00 006e4100 ff84c600 0077bc00 ff767b00 0085bb00 ff848f00
PCM 014c08 0077b700 ff747400 008c7600 ff895700 006b0500 ff810800 007b3d00 ff5a8900
PCM 014c10 00a30c00 ff4e3c00 00ae3800 ff6a2800 0096a300 ff82c000 007a8e00 ff7a3b00
PCM 014c18 00843400 ff7d5000 00811f00 ff813b00 007a8700 ff8ae700 0073ec00 ff80f800
PCM 014c20 007bf000 ff6da000 00923b00 ff614a00 009a3e00 ff64e800 0095b600 ff652e00
PCM 014c28 009a0200 ff69b300 00954800 ff67da00 00957e00 ff89ad00 00741d00 ff8aaa00
PCM 014c30 0076c700 ff7e4c00 00823700 ff590200 00a56e00 ff78ba00 00889700 ff9cdf00
PCM 014c38 005cc200 ffa62d00 0059e700 ff9c4800 00643300 ffa0fb00 005e9a00 ffa13500
PCM 014c40 005e9100 ffae5900 0053a700 ffa05100 005fe600 ff7e7900 00801c00 ff89ca00
PCM 014c48 00709500 ff903b00 006e3600 ff86dc00 0078ba00 ff92cc00 006f9900 ffa08500
PCM 014c50 005f9a00 ffa61f00 00559b00 ffaf4200 00515d00 ffafb100 004cbd00 ffc99a00
PCM 014c58 00355a00 ffb08500 00495b00 ffaa7100 00546100 ffc51300 003a1700 ffb9a400
PCM 014c60 0044a600 ff9c5000 00631a00 ff8a8500 00777b00 ff813a00 007b6b00 ff6bb300
PCM 014c68 008e1300 ff5cfd00 009fc400 ff697900 00956100 ff7d0300 00811800 ff8c1800
PCM 014c70 006da000 ffb05300 004bdb00 ffba5c00 00425b00 ffbbe800 003e9d00 ffc19200
PCM 014c78 00397000 ffd52100 0028f200 ffbef400 003c3800 ffa81900 00551000 ff9e7000
PCM 014c80 005ee700 ff8d4b00 006ebc00 ff826b00 00784c00 ff9ad200 00633b00 ffae4300
PCM 014c88 004c5f00 ffbdbf00 003e2700 ffdc4600 00247200 ffd1a500 002de000 ffc86c00
PCM 014c90 00319b00 ffbeaf00 003ed600 ffbfbe00 0040b000 ffce9e00 002df600 ffcc2100
PCM 014c98 002d3c00 ffc73500 00348c00 ff9d0a00 005f9f00 ffa2d900 00584700 ffae1400
PCM 014ca0 00514700 ffaa6500 0056b800 ffa1d700 005c4f00 ffc2aa00 003bd100 ffbbdf00
PCM 014ca8 00436f00 ffc14500 003b0800 ffd36e00 00280b00 ffe1e600 00190300 ffe66f00
PCM 014cb0 0018ff00 fff63800 00071300 fff5a900 000a0b00 ffffc300 fffb4100 fffe3f00
PCM 014cb8 fffc2b00 00019300 fff80a00 0002ec00 fffc6500 fff9dd00 00028c00 0002d900
PCM 014cc0 fffa9a00 000cd600 fff0f800 00079f00 fff45300 001a3700 ffe0ff00 002a7900
PCM 014cc8 ffcfdf00 003b5a00 ffc2df00 002fc500 ffca9b00 0038d400 ffbeb500 003c2b00
PCM 014cd0 ffbcdd00 00264c00 ffd5d500 00059500 fff1e700 000c9800 fff19f00 001f3900
PCM 014cd8 ffda8800 00346200 ffc7ce0PCM 014ce0 ffdae400 000a0d00 ffef1b00 000a4a00 ffebf900 00140f00 ffe4fe00 00060200
PCM 014ce8 fffabe00 00019300 fffcae00 00213400 ffdb2b00 0034cb00 ffc3cb00 003f2100
PCM 014cf0 ffb96500 00486200 ffb12e00 003b9d00 ffc1ad00 003e6d00 ffbe7300 0037da00
PCM 014cf8 ffc5d800 00275300 ffd46d00 0042fa00 ffb7a500 0042fa00 ffb7f900 003e4a00
PCM 014d00 ffb9f000 00415600 ffba1e00 00486800 ffae1800 0049b200 ffb2b700 00339700
PCM 014d08 ffc6d500 004b3900 ffa8bb00 00494100 ffb02200 0054c400 ffa48400 006c3f00
PCM 014d10 ff8d1900 005e6000 ff9a5100 00575500 ffa32100 005b0700 ff9cf100 00388300
PCM 014d18 ffc15000 002fc900 ffcd5d00 004e1b00 ffab1300 00659500 ff956600 004ab500
PCM 014d20 ffb0df00 002dc600 ffcc8600 003ed800 ffbb3500 004bf700 ffadd500 00684400
PCM 014d28 ff8f1300 00786f00 ff81ac00 0075d600 ff850c00 005a4000 ff990800 00578f00
PCM 014d30 ffa1c900 0053a400 ffa40d00 006c9200 ff8d6600 007d1000 ff7e3800 00613200
PCM 014d38 ff979f00 0044d400 ffbd9a00 00318900 ffcbdf00 00146600 ffe5c100 001d8e00
PCM 014d40 ffdd0000 00478200 ffb4bd00 00540e00 ffa59b00 0043b500 ffb30800 00444c00
PCM 014d48 ffb89300 003a9200 ffc28e00 0047d900 ffb10800 006c3400 ff8cf700 00607400
PCM 014d50 ff99c200 006c2400 ff8f2400 00608700 ff98d700 00636100 ff977e00 005cb000
PCM 014d58 ff9bdc00 0069c400 ff8d4c00 0087ae00 ff71a900 008de100 ff6bba00 00873e00
PCM 014d60 ff718b00 00847c00 ff734400 00980600 ff5f5900 007d0000 ff7b4000 007f4400
PCM 014d68 ff78c500 007f3e00 ff7b9300 0063ee00 ff933a00 005c4500 ff9d5000 005fe000
PCM 014d70 ff950800 006fd700 ff85a300 005e7000 ff9a8400 003df700 ffbd8200 0043ea00
PCM 014d78 ffb6ab00 0029c500 ffca5900 000be700 ffebcf00 fffbfe00 fffc7a00 ffe81f00
PCM 014d80 0015f500 ffe63a00 0015c200 ffe17a00 00165200 fffd8000 fffc0900 00117000
PCM 014d88 ffe47900 00383400 ffbf7a00 004f4700 ffb07400 00482500 ffb0a100 0046a700
PCM 014d90 ffb24d00 002b1600 ffcc0400 fffe9a00 fffce900 ffded900 001adb00 ffe7bb00
PCM 014d98 00161000 ffff6e00 fff9eb00 000cc400 fff03500 fff3bc00 000c2500 ffd45500
PCM 014da0 00291200 ffbe8e00 003e2200 ffa06a00 005dd900 ffa42500 00563200 ffb44500
PCM 014da8 00493800 ff9bfe00 00617400 ff819c00 007a8100 ff854800 0076a400 ff801d00
PCM 014db0 007c5100 ff60e400 0098d400 ff56b300 00a4bc00 ff63a100 009a3a00 ff64d700
PCM 014db8 00987b00 ff80d300 007a8f00 ff982600 00624400 ff93b400 006aa700 ff872100
PCM 014dc0 0075d300 ff827b00 007cc800 ff78ec00 007de100 ff763f00 008ab700 ff767700
PCM 014dc8 00893c00 ff782b00 0088d900 ff435600 00be0c00 ff259600 00d89f00 ff33ec00
PCM 014dd0 00ca4700 ff449200 00b94800 ff57d700 00a93900 ff5e7e00 009c4900 ff5e0b00
PCM 014dd8 00a3e300 ff4cad00 00b2de00 ff3d0000 00c32900 ff2ea300 00d16200 ff396c00
PCM 014de0 00c6fc00 ff2e2600 00d0b900 ff1e5000 00dfad00 ff24b700 00db1800 ff2b0900
PCM 014de8 00d51b00 ff22a100 00db9400 ff23fd00 00dcc600 ff42ac00 00ba9200 ff43d900
PCM 014df0 00bb0c00 ff327500 00cf9b00 ff42be00 00c00e00 ff448300 00b45000 ff2e7d00
PCM 014df8 00ce1e00 ff275d00 00d8db00 ff282b00 00d60d00 ff266c00 00d5b000 ff15cd00
PCM 014e00 00e4bc00 ff2af300 00d49600 ff129600 00ec2b00 fee71600 01201200 fed56300
PCM 014e08 012d7700 fec4ef00 013aa200 fed73800 01261f00 feea1100 0114e000 feef7900
PCM 014e10 01124800 ff0ac400 00f63700 ff0ebb00 00ebb500 ff0d5000 00f2f400 ff078100
PCM 014e18 00f2e100 ff110c00 00f09100 ff1b7600 00e4df00 ff1c0d00 00e45c00 ff32b700
PCM 014e20 00ce0b00 ff3e8000 00bd0c00 ff37cd00 00c3c900 ff353300 00c8bf00 ff5d4e00
PCM 014e28 00a36700 ff68b300 00966c00 ff611200 0099d800 ff68c100 00986100 ff51a300
PCM 014e30 00addb00 ff3daa00 00c31d00 ff342d00 00cd1600 ff2f2700 00cc0400 ff428d00
PCM 014e38 00bead00 ff434e00 00b9e20PCM 014e40 00ba5f00 ff2b3800 00d69200 ff05ca00 00f70700 ff0cf400 00ee9c00 ff187800
PCM 014e48 00e6c500 ff174d00 00e5a600 ff391f00 00c32b00 ff41b900 00bea600 ff281100
PCM 014e50 00d3d200 ff4d6800 00aebe00 ff51b000 00aeb300 ff522200 00b0d500 ff4bfe00
PCM 014e58 00b17200 ff469f00 00b6da00 ff462400 00b35800 ff30ab00 00d34000 ff17e700
PCM 014e60 00e7c400 ff206a00 00dd5d00 ff1d0800 00e44100 ff14eb00 00eaa500 ff141400
PCM 014e68 00ea0f00 ff154c00 00e94700 ff08ac00 00f5c100 ff076700 00fab300 ff113c00
PCM 014e70 00ee3300 ff0c0600 00f01900 ff1e5500 00df0d00 ff291800 00d5e700 ff25bc00
PCM 014e78 00d6f600 ff3dc100 00c3b900 ff371d00 00c60200 ff36e300 00cb1500 ff1c1200
PCM 014e80 00e3bc00 fefa7400 01068700 ff0a2c00 00f7ef00 ff08d900 00f2b900 ff170600
PCM 014e88 00e45500 ff3be200 00c1e800 ff23aa00 00da3b00 ff1feb00 00e41c00 ff111500
PCM 014e90 00ec2a00 ff188d00 00e5c100 ff0da600 00f2c500 ff00d700 01021a00 ff030a00
PCM 014e98 00ff3800 ff117b00 00edc800 ff1bde00 00e39d00 ff146600 00ea8b00 ff151700
PCM 014ea0 00edfe00 ff151100 00e71300 ff0d8200 00f23100 fee40600 011c1500 fef3cf00
PCM 014ea8 010ef200 ff236600 00db3000 ff37f800 00c97b00 ff350900 00ca1800 ff13bb00
PCM 014eb0 00edd700 ff2d2400 00d1a600 ff3ae700 00c21a00 ff2e0a00 00d60300 ff2b7900
PCM 014eb8 00d5db00 ff2d5e00 00d3b300 ff412800 00be9900 ff4dfb00 00b58700 ff4eaa00
PCM 014ec0 00ae7200 ff4b1d00 00b7e500 ff463000 00b8be00 ff498700 00b30c00 ff2edf00
PCM 014ec8 00d17300 ff205400 00dcc900 ff29ed00 00d91600 ff2a4000 00d4b000 ff2cc700
PCM 014ed0 00d56100 ff230e00 00dc9700 ff1f9600 00deac00 ff02d000 00fe7000 ff20ff00
PCM 014ed8 00e07300 ff450300 00b5c200 ff4a6800 00b52600 ff561600 00a54500 ff53c800
PCM 014ee0 00a80d00 ff4fd400 00ae2700 ff64a800 00986300 ff6b6400 00922900 ff91fd00
PCM 014ee8 006f4000 ff5fec00 009c7a00 ff653d00 00983700 ff6a4300 0094ca00 ff69a300
PCM 014ef0 0097a200 ff490900 00b30e00 ff2ad100 00d52f00 ff2c3b00 00ced600 ff518900
PCM 014ef8 00af5b00 ff463d00 00b6dd00 ff404d00 00bff400 ff429500 00badf00 ff42f800
PCM 014f00 00bb6c00 ff3e9000 00bea400 ff5bee00 009f6c00 ff69fe00 0092e400 ff5df300
PCM 014f08 00a0aa00 ff790b00 0085e900 ff7fd700 00814c00 ff603300 009c5600 ff678300
PCM 014f10 00955700 ff609d00 009e1100 ff6bf600 0091ca00 ff6ef100 00910d00 ff758e00
PCM 014f18 00879700 ff7ebb00 007c7300 ff6aa200 00918c00 ff72a000 0086f200 ff71eb00
PCM 014f20 008a3b00 ff5f9b00 009d6c00 ff4bde00 00b0a400 ff29b000 00d69000 ff451900
PCM 014f28 00b8af00 ff37d000 00ca4300 ff294300 00d33000 ff2fc600 00d02000 ff4c0e00
PCM 014f30 00b1d000 ff711d00 008f5f00 ff6d4800 00955400 ff663a00 009e6600 ff5e6000
PCM 014f38 00a1de00 ff584200 00a68400 ff62d500 009b0500 ff5a5000 00a2ea00 ff6aab00
PCM 014f40 00952900 ff866e00 0077f800 ff99d000 00630b00 ffa57800 0056c000 ffb19200
PCM 014f48 004d5100 ffac6000 0055fd00 ffa05100 005d0800 ff94a800 006bee00 ff7d7a00
PCM 014f50 007f6e00 ff858000 0079cc00 ff775000 0085cf00 ff88fb00 00792200 ff88dd00
PCM 014f58 00741a00 ffaf7200 00507500 ffbe0200 003fb700 ffa0cf00 005d4100 ff9d4400
PCM 014f60 00639100 ff8c3a00 00733f00 ffa2a800 00590c00 ffbacd00 00467f00 ffba2a00
PCM 014f68 003eaf00 ffbb0a00 00453b00 ff9ada00 005c4f00 ff9e6d00 005e7c00 ffd33400
PCM 014f70 002b9100 fff8be00 00057f00 ffefd100 000ab600 ffeda300 000e9400 00022a00
PCM 014f78 fffa1400 fffc9c00 0000a500 0001d800 fffd3900 ffdfae00 00216100 ffbe5400
PCM 014f80 0040f600 ffb86500 0047bc00 ffbe8100 00403b00 ffc96f00PCM 014f88 0036cf00 ffcc4000 00308700 ffc58c00 00364700 ffe1c500 00200900 ffdc7a00
PCM 014f90 001eec00 ffdbb000 0020f400 ffeea400 000eea00 fff34400 0008c600 ffe1c900
PCM 014f98 00168100 fff92200 0001da00 fff20a00 000c4500 00012a00 fffac800 fffa4b00
PCM 014fa0 ffff8c00 fff5d000 00093700 00034b00 fff9f200 0007bc00 fff52500 000c6300
PCM 014fa8 ffec2c00 000f2900 ffecda00 fffb1d00 00000800 ffef8a00 000db300 ffe54700
PCM 014fb0 001b2e00 ffd99c00 001f7f00 ffca8d00 00355400 ffbdfe00 0041cf00 ffc27d00
PCM 014fb8 00372700 ffcadb00 00322000 ffd77800 0024e300 ffded500 001fac00 ffc53700
PCM 014fc0 00351400 ffc38400 00360b00 ffb3fe00 004a4600 ffc1c400 003c7700 ffd2b200
PCM 014fc8 002c5300 ffed1e00 0010cc00 fff0ee00 00095900 ffe88900 00152900 00003700
PCM 014fd0 fffc8300 00080000 fff8b500 fffb2300 0001e900 ffffa600 0000e700 fff4b600
PCM 014fd8 0005b600 00017b00 00004200 000aab00 ffebec00 00016b00 fff9ff00 ffe5f900
PCM 014fe0 0013c800 ffc5da00 0035ca00 ffb41900 00424f00 ffbd8c00 003ce000 ffccad00
PCM 014fe8 002e4c00 ffc31c00 00372800 ff9e3c00 005a6f00 ffa44e00 00586200 ffab1600
PCM 014ff0 004fe000 ffc8b000 00324500 ffd01100 002d5200 ffea8e00 0012de00 ffdf6800
PCM 014ff8 001a5600 ffde1e00 001f7100 fff3bf00 000aea00 ffe7ae00 0013e500 000d1500
PCM 015000 ffef5b00 ffef4000 00078900 ffeb2f00 00123900 fff63200 00053600 ffe00600
PCM 015008 00185700 ffe25b00 00180300 ffe2fa00 00189800 ffc04d00 003bbc00 ffac0d00
PCM 015010 00525f00 ffc43a00 0035d100 ffa6b600 00538d00 ff854100 007be000 ff86c200
PCM 015018 00734000 ffa39a00 00571a00 ffc05900 003d9900 ffbdd900 00420400 ffae7900
PCM 015020 004fb200 ff9d1300 00602e00 ff9d9100 005edf00 ff9e1900 005d3900 ff925f00
PCM 015028 006d9000 ff958800 00677100 ff95ad00 00631600 ff92e200 00685c00 ffb0d800
PCM 015030 004bc100 ffbcca00 003f0d00 ffb8a900 0049a700 ff9e9f00 00627000 ff875500
PCM 015038 00783000 ff77db00 00848a00 ff78ce00 00897200 ff76c400 00883100 ff6ffe00
PCM 015040 00923f00 ff653700 009c1700 ff46cf00 00b8e400 ff476b00 00b5b100 ff4c2700
PCM 015048 00b1a200 ff309f00 00cfef00 ff1f2600 00df0300 ff2e9600 00d07900 ff543000
PCM 015050 00ab1e00 ff72a300 008d6d00 ff94e100 0068a100 ff948a00 006d3900 ff854a00
PCM 015058 007b7f00 ff65be00 0098b900 ff5b1500 00a7e000 ff49e300 00b67700 ff4d4d00
PCM 015060 00b31700 ff234300 00da6800 ff2a1700 00d47000 ff1e6800 00e17200 fef4c300
PCM 015068 01085900 feefba00 010f0500 fef1e000 01084000 fedd4300 0122cb00 fed6a700
PCM 015070 012d0a00 fecf3100 01328700 fec10200 0140c200 feafa100 014ec300 fea78e00
PCM 015078 015a2900 feb1aa00 0151a100 feaa3e00 01586800 feb4ed00 01482700 fec5de00
PCM 015080 01376000 fecf8000 01304100 fedbe100 0123f200 fef0cc00 010cd700 fef01800
PCM 015088 010e9d00 fef0ea00 010e2a00 fef82e00 01091200 fee91100 01160e00 fef20400
PCM 015090 010d8600 fed87d00 01230200 fecc8400 0130b900 feed7800 01125e00 fef54e00
PCM 015098 010a5500 fec19b00 013d1e00 fea62b00 0158b800 fe9e0900 01647100 feac9f00
PCM 0150a0 01520f00 fe96c900 01694e00 fe900c00 01714d00 fe91c900 0168e200 fe679e00
PCM 0150a8 019b9300 fe917600 016ff300 fea1af00 015ca500 fe95c200 016d0800 fea30200
PCM 0150b0 015df300 feb95200 01481c00 fede7d00 01267500 fefa3200 01086700 ff0e2300
PCM 0150b8 00f4ab00 ff22ad00 00dfc800 ff011b00 01052000 fedfcb00 0126b800 fed4c000
PCM 0150c0 012e3200 fedeea00 01236000 fed89500 012a3700 fee69300 011b6b00 fee3ff00
PCM 0150c8 0121dd00 fec5a000 01375100 febc0000 014a3100 feb78400 01482c00 fed17000
PCM 0150d0 01332f00 fef08a00 01109800 fec49300 013d0100 febb9200 01476600 fecc7600
PCM 0150d8 01387200 fee0cf00 011d0100 fee85900 01182600 ff021000 0100df00 ff0fb800
PCM 0150e0 00ef2a00 ff322900 00c88900 ff42d200 00bcf800 ff4c7700 00b18800 ff56aa00
PCM 0150e8 00ad4400 ff4b7b00 00b64d00 ff500400 00ae4e00 ff4d9400 00af0700 ff4cbf00
PCM 0150f0 00b65a00 ff262600 00db6200 ff238f00 00dec200 ff246300 00df5300 ff133400
PCM 0150f8 00ed0500 feff6f00 0103d200 ff076e00 00f93500 ff13c900 00f14900 ff0b9700
PCM 015100 00f44f00 fef5ea00 010d9500 fef40b00 010c2c00 fef0b400 01116b00 fef34b00
PCM 015108 0109eb00 ff15fc00 00e5da00 ff30f200 00cea200 ff3b8400 00c2c700 ff49d300
PCM 015110 00b32900 ff4c1900 00b09200 ff56b300 00a6e200 ff6c3400 0090d300 ff732400
PCM 015118 008bbf00 ff671e00 00975f00 ff731000 00889400 ff6a9800 00958600 ff6a8000
PCM 015120 008fe100 ff914200 006dfd00 ff748c00 0087f200 ff62bc00 009bb400 ff4c4600
PCM 015128 00aed900 ff17f500 00e87f00 ff165300 00e6bb00 ff1baf00 00e37e00 ff1b6a00
PCM 015130 00e3cc00 ff1a0800 00e3f400 ff203200 00de7d00 ff31c800 00cec400 ff2df200
PCM 015138 00ce5b00 ff3bec00 00c43700 ff47c500 00baa300 ff53ce00 00aad300 ff58ba00
PCM 015140 00a41e00 ff3f9400 00c0a600 ff38b000 00c59e00 ff5cf700 00a06300 ff5f1c00
PCM 015148 00a0ed00 ff52d100 00ac3200 ff545500 00ab1100 ff26bb00 00d75f00 ff164700
PCM 015150 00e8a400 ff0b0200 00f1c300 ff27da00 00d6f200 ff417d00 00bf8400 ff35c600
PCM 015158 00ce8e00 ff551100 00a72800 ff544600 00a94f00 ff46ef00 00b76f00 ff664300
PCM 015160 009a3b00 ff750400 00892a00 ff7fff00 007ac500 ff92df00 006a1c00 ffab9c00
PCM 015168 00515700 ffbd1d00 00451f00 ffaa8b00 00530400 ffaf5700 004d3700 ffa13900
PCM 015170 005f1500 ff9ba300 0062b300 ffb77400 00462400 ffae0000 00516000 ffae5300
PCM 015178 004f2800 ff994200 00674100 ff83c200 007ad800 ff927d00 00711d00 ff9dfe00
PCM 015180 005eec00 ffadff00 004d4c00 ff92d600 006c4600 ff67d100 0096af00 ff817a00
PCM 015188 007f0000 ff72c200 008acc00 ff593000 00a46d00 ff497b00 00b71b00 ff342a00
PCM 015190 00cd9d00 ff56b100 00aa5a00 ff62f400 00988200 ff7eb100 007e7200 ff928b00
PCM 015198 00692f00 ff98d900 0061e600 ffc21400 003a6a00 ffc68e00 00353200 ffce7800
PCM 0151a0 002e9600 ffd6c000 00299500 ffceda00 002f4b00 ffc12c00 00385400 ffcd8c00
PCM 0151a8 00334e00 ffbd0e00 00400100 ffb80800 00434500 ffb00f00 004e7a00 ffbcb700
PCM 0151b0 0040dc00 ffb0ca00 00526100 ffa2e000 005bfc00 ff9c0b00 00644200 ff7c9d00
PCM 0151b8 00828a00 ff522700 00abbb00 ff4cb000 00b14c00 ff528800 00a75200 ff4ce600
PCM 0151c0 00b38700 ff679000 00967c00 ff750700 00863800 ff838e00 0076b800 ff9fad00
PCM 0151c8 005e7400 ffa0ef00 005b9800 ffbbc300 003f9200 ffe6c100 0011b000 ffd67900
PCM 0151d0 00234200 ffd08100 002a4700 ffd90800 00221b00 ffd3e000 00269f00 ffbed000
PCM 0151d8 003f8400 ff9c1600 005f9d00 ff7df800 007eef00 ff82aa00 007db300 ff6f3300
PCM 0151e0 008c8800 ff5f5000 009dbc00 ff547f00 00a55e00 ff632a00 009da600 ff806f00
PCM 0151e8 007ab100 ff7b5500 0080f500 ffa77100 00571900 ffd04200 002b0800 ffca2f00
PCM 0151f0 00341900 ffd11c00 002cbb00 ffe32d00 00194b00 00082c00 fff54700 00389a00
PCM 0151f8 ffbcb900 0052be00 ffa6e500 003e4b00 ffbc9f00 00218e00 ffd87000 00160600
PCM 015200 ffe4cc00 000cc100 ffee5b00 fff5fb00 0005f400 ffda9300 001ffb00 ffe0c300
PCM 015208 0017ba00 ffd9fc00 00209d00 ffcca700 002ece00 ffab3b00 00532200 ff9fa400
PCM 015210 005f5700 ff9a2600 00666600 ffa56f00 00570300 ffbb6900 00420600 ffc0b000
PCM 015218 003ca200 ffbedb00 003f7c00 ffb64700 00460e00 ffb73d00 0043a100 ffd49d00
PCM 015220 0025e100 fffe4f00 fffeaa00 0021d000 ffd97c00 00282c00 ffd34700 004fda00
PCM 015228 ffa97e00 00561c00 ffa77e00 00650200 ff92f700 00732a00 ff838d00 006d8200
PCM 015230 ff919d00 0070a700 ff87f200 0078f900 ff813000 007b1900 ff7eed00 006d2600
PCM 015238 ff90e000 00625900 ff9a6800 0033c800 ffc52f00 00356800 ffc7e700 002f3300
PCM 015240 ffce9100 003a2300 ffc04800 004c8400 ffae4300 00280900 ffd19200 001b1500
PCM 015248 ffdf2700 00198100 ffe2bd00 0015de00 ffe09400 0017c200 ffe41c00 00241400
PCM 015250 ffd76f00 000e3a00 ffeb0a00 0003bc00 fff88400 0020c100 ffdd3f00 0029ab00
PCM 015258 ffd44500 0011a200 ffedba00 ffe58700 0017bb00 fffb2d00 0001b500 0021bd00
PCM 015260 ffddf100 00175500 ffdff700 ffff6800 fffa9700 fff15900 00084100 ffe59c00
PCM 015268 00176b00 fff95800 0002c400 fff61300 0007cc00 ffec4000 000f9700 00250100
PCM 015270 ffd3e400 0035eb00 ffc0b700 00420f00 ffb7d400 0022ab00 ffdd2c00 fffa0800
PCM 015278 00031f00 00215f00 ffdb8700 00419200 ffbb8000 00500600 ffa89100 00594600
PCM 015280 ff9e8900 00547500 ffaae200 00359000 ffc57500 0028cc00 ffcea000 002a7700
PCM 015288 ffcf0500 002fae00 ffc85300 0021a700 ffd98b00 fffe2d00 fffb6b00 000f7600
PCM 015290 ffea4a00 00245900 ffdade00 001c8200 ffde6600 fff72000 00069200 ffd49300
PCM 015298 0025a200 ffc23f00 00399500 ffb66e00 00460b00 ffce2800 0030ec00 ffc68600
PCM 0152a0 003a5500 ffc2c300 003d3100 ffcb8e00 00321900 ffd9cd00 00204900 ffc0b900
PCM 0152a8 003f8d00 ffc0a900 00383d00 ffc64100 00326b00 ffda6e00 00208100 ffd8d300
PCM 0152b0 0021c500 fff48100 000a2200 fffb1100 00005800 000eb100 ffeecf00 ffef1a00
PCM 0152b8 000f4d00 ffeeaf00 000d2200 ffed8000 000ef200 ffdc1600 001f5200 ffd7ae00
PCM 0152c0 00217e00 ffd67b00 0024c100 ffc32c00 00359800 ffe09900 001dd400 ffdb7a00
PCM 0152c8 00237000 ffc9fb00 00346400 ffbc0100 003f1000 ffa07e00 005f7f00 ff999b00
PCM 0152d0 0062c600 ff805700 007c2b00 ff7cb600 00823500 ff746e00 008c0500 ff74e400
PCM 0152d8 008c3f00 ff756800 008b3a00 ff731f00 00897d00 ff7cce00 0082a500 ff7ae800
PCM 0152e0 007ff000 ff6a1900 00949100 ff63ff00 00991600 ff6f6600 00905200 ff658500
PCM 0152e8 0099ae00 ff6db100 008f2500 ff555400 00a87a00 ff324300 00cc3200 ff20f200
PCM 0152f0 00df1a00 ff217800 00de9000 ff2f2400 00d20c00 ff230500 00dabc00 ff225100
PCM 0152f8 00dfbe00 ff297100 00d7f100 ff364d00 00c66a00 ff41ef00 00bf1c00 ff51ce00
PCM 015300 00addc00 ff60ff00 009ec400 ff7efc00 007b4d00 ff977800 00693500 ff9b6c00
PCM 015308 00651b00 ff8afd00 00750c00 ff913400 006fc500 ff9bce00 00652200 ffb56d00
PCM 015310 00479e00 ff963100 00696000 ff8d8900 00767b00 ff673100 00971300 ff66a600
PCM 015318 00974500 ff53fc00 00a99d00 ff52c900 00aa1300 ff42ab00 00bc8500 ff2a3100
PCM 015320 00d40e00 ff18d600 00e6fc00 ff1d8000 00e6ec00 ff275200 00d63900 ff213400
PCM 015328 00df4d00 ff278800 00d88000 ff18ed00 00e4ea00 ff1b8e00 00e31100 ff3c2300
PCM 015330 00c4d500 ff2fcb00 00d41e00 ff2b6800 00d2c400 ff279f00 00d77100 ff3df200
PCM 015338 00bf0e00 ff5a6200 00a6b500 ff6bd700 008daf00 ff79ec00 00831b00 ff7e1900
PCM 015340 0081e900 ff65c400 00997e00 ff6a5000 00913f00 ff834100 007b7600 ff845c00
PCM 015348 00797c00 ff77e900 00877300 ff9bf700 00631300 ffa67900 00597c00 ff823c00
PCM 015350 007ef200 ff6be600 0094f200 ff4c4300 00b71e00 ff467900 00b8a800 ff5e2800
PCM 015358 00a1a300 ff74bc00 008b2300 ff7d9900 0080c700 ff868000 007afb00 ff9f5d00
PCM 015360 0061d700 ff8c1700 00729b00 ff867e00 00783400 ff754500 008ed200 ff7f6300
PCM 015368 007b8800 ff83b000 00797100 ff8a0000 00753c00 ff8aaa00 00770800 ff8cd800
PCM 015370 00749800 ff91e200 006cfd00 ff8ad000 00746f00 ff9efc00 00634500 ff94eb00
PCM 015378 006fcc00 ff9f5500 005ff300 ffa74b00 0054b600 ffa3b900 0057b100 ffa38800
PCM 015380 0059cf00 ff9c2300 005fb100 ffb72900 004b5b00 ffbb0400 00458000 ffcc3000
PCM 015388 0031bc00 ffdbd400 001f3d00 ffe20300 001b9700 ffeb8500 00130c00 fff80a00
PCM 015390 0003a400 fff10700 000bcb00 ffeeba00 000f2600 ffe7eb00 00153900 fff4bf00
PCM 015398 00090900 fff0c300 000d9800 ffe5e200 00147c00 fff22000 000be700 ffe80a00
PCM 0153a0 00163600 00001200 fffaf400 fffb9900 fffffd00 ffd4cc00 0028db00 ffadbf00
PCM 0153a8 004f4c00 ff9c2c00 00603500 ffaace00 00521300 ff94e800 0065b000 ff9dba00
PCM 0153b0 0061bb00 ff8dab00 00764600 ff72bd00 00890300 ff7e1900 007f7f00 ff824300
PCM 0153b8 007a5000 ff7e8e00 007d3100 ff82c100 007bdf00 ff754d00 008e6900 ff79f700
PCM 0153c0 0080f600 ff8c9f00 0071a000 ff869500 0077b900 ffacb000 00510f00 ffbf9b00
PCM 0153c8 003fc600 ffd4d500 00289300 ffd7fe00 00262900 ffe49500 001ae200 fff1e500
PCM 0153d0 000ca700 ffe7af00 0014f100 ffe7c600 0018a600 ffe09300 0018d200 ffcc5900
PCM 0153d8 00331a00 ffbecb00 0041ad00 ffbd4f00 00440f00 ffb7dd00 0049c700 ffa78f00
PCM 0153e0 0055bf00 ffb1c400 004c3900 ffc93e00 00348100 ffc13d00 003b7d00 ffad6800
PCM 0153e8 004d0900 ffba9d00 0045b200 ffbd8600 0044a000 ffae8600 00506800 ffb5c400
PCM 0153f0 00457f00 ff8ae700 0073f600 ff786100 00873700 ff797400 00834c00 ff784800
PCM 0153f8 00869300 ff788200 00876d00 ff743b00 008d8b00 ff727d00 008c0400 ff8bce00
PCM 015400 006ff200 ffbedd00 00409f00 ffce4b00 002ba500 ffb80500 00450900 ffa8d700
PCM 015408 0053f700 ffaef100 004df200 ffdb9700 0021e800 fff95600 00020800 0010be00
PCM 015410 ffeb3e00 00287c00 ffd15700 00261a00 ffd54f00 0024a700 ffd74300 001d5b00
PCM 015418 ffde4500 002e5900 ffcfd800 00231100 ffd59800 00338300 ffc65500 00472300
PCM 015420 ffb5da00 002c6600 ffcb2300 001e1400 ffdc6100 00141700 ffe72000 00016300
PCM 015428 fffac700 ffd43f00 00264800 ffdaf900 00200900 ffdda800 001eb400 ffd88d00
PCM 015430 00249f00 ffec1e00 000e0700 ffd7fd00 0024d700 ffcad800 00345c00 ffe73500
PCM 015438 0011c900 ffe8b800 00137e00 0004c800 fff99b00 ffff7a00 fffacb00 fffacb00
PCM 015440 00036500 00004300 00023200 000caf00 ffec8900 ffffb300 fffdc700 00044a00
PCM 015448 fff83600 00248000 ffd47700 00345700 ffc58a00 00174f00 ffe11400 002e8400
PCM 015450 ffccf300 001bd500 ffdf2d00 002a2b00 ffd27300 003f8600 ffbbc900 00208200
PCM 015458 ffdb7500 000c9e00 ffedde00 00115700 ffeb8000 002f7d00 ffcce400 00110a00
PCM 015460 ffeb9000 00107c00 ffebd700 0026ab00 ffd49500 001cd900 ffd53000 00076100
PCM 015468 fff1d200 fff48200 00036200 00047600 fff47900 000d8000 ffebc900 00081d00
PCM 015470 fff0cc00 fff7b900 00010400 fffbbb00 00009000 00057600 fff4cb00 fffffe00
PCM 015478 fffdb700 00169900 ffe42a00 000b2600 fff6fa00 ffef1600 000d3c00 00092d00
PCM 015480 fff41300 00381b00 ffc41200 0043bd00 ffb5f600 0035c500 ffc52900 00301b00
PCM 015488 ffcd0600 002f7100 ffcbcc00 00378600 ffc57b00 002a4900 ffcf9700 0046af00
PCM 015490 ffb6af00 0059ce00 ff9f1f00 0064ca00 ff952f00 006eee00 ff8b3c00 007f4000
PCM 015498 ff7d7a00 00907100 ff6a3700 00860500 ff76f200 009a4c00 ff63ea00 00a7c400
PCM 0154a0 ff507300 00bc0700 ff3f9800 00c6cb00 ff354f00 00cdf400 ff2b9300 00c25b00
PCM 0154a8 ff368500 00c1e600 ff34b300 00a41a00 ff524000 009caa00 ff5dbc00 00a18d00
PCM 0154b0 ff577a00 00959800 ff64ba00 009e2100 ff5a8e00 0093f300 ff625d00 007f7200
PCM 0154b8 ff764700 00759f00 ff835f00 00787c00 ff7f5400 00698800 ff90a800 00721e00
PCM 0154c0 ff88c100 00695300 ff912d00 00620d00 ff98e300 0089d800 ff740100 006f7a00
PCM 0154c8 ff8f6c00 005b8600 ffa08400 004fef00 ffab2500 0049e400 ffb1d900 005ed400
PCM 0154d0 ff9c7600 005de800 ffa17c00 0040f700 ffbb0000 003cf600 ffc16e00 003c4e00
PCM 0154d8 ffbef500 00376200 ffc4cf00 004ab500 ffb09800 005cb900 ffa3e100 00515b00
PCM 0154e0 ffa99000 003a2d00 ffc18600 003db500 ffbfc400 00465b00 ffb0b000 00467c00
PCM 0154e8 ffb7c100 00339400 ffc76c00 00147000 ffe9aa00 000bf600 ffef9700 0014ea00
PCM 0154f0 ffe88b00 001c2a00 ffdfa000 0034d700 ffc39400 002e2b00 ffcf0f00 0025aa00
PCM 0154f8 ffd41e00 00150800 ffe5b800 0012dd00 ffeb3b00 00277800 ffd7a900 00276f00
PCM 015500 ffd58100 001cca00 ffe64900 00166700 ffe55400 002d8400 ffd09800 002f4100
PCM 015508 ffc89300 00332100 ffc82e00 003e5a00 ffc0a800 00384000 ffc57300 fff87e00
PCM 015510 00056200 ffebdd00 0012cd00 ffe97800 00180d00 ffd61400 0029e200 ffd15a00
PCM 015518 0027fd00 ffe9d300 0012b600 ffe03a00 001fee00 0002b400 fff88400 0012b900
PCM 015520 ffe68700 00396200 ffc44b00 004a9300 ffaffb00 0033dd00 ffc79c00 002d6600
PCM 015528 ffce4100 003ff700 ffbc5300 005ce200 ffa06d00 00671500 ff945b00 007fa900
PCM 015530 ff7f5e00 00678d00 ff90ce00 004cb900 ffab6d00 00406600 ffb93b00 0025d900
PCM 015538 ffd2a500 001d3b00 ffdede00 0012bb00 ffe8dc00 0020dc00 ffd74500 0037e300
PCM 015540 ffc66700 001d8500 ffdc6f00 fffe1400 fffa8100 fff05800 00095100 fff12900
PCM 015548 000e7a00 ffee4a00 000d7300 ffe70c00 00190000 ffebd900 0014d800 fff93000
PCM 015550 0002cc00 000e4600 fff0f700 00161200 ffe96c00 00065d00 fffa0000 ffe03300
PCM 015558 0018d800 ffd32700 00299000 ffd05800 002c2b00 ffcd6300 00290300 ffc68400
PCM 015560 00313d00 ffbbe900 00402d00 ffbcd100 00405b00 ffcd5700 002db800 ffb8c900
PCM 015568 0040b500 ffcc3e00 002edf00 ffdead00 0020ad00 ffbf5700 003e0e00 ffba7200
PCM 015570 003ffe00 ffacaa00 004dbe00 ffb04d00 004be900 ffb4fa00 00487800 ff9cf600
PCM 015578 0062da00 ff9f3e00 005c2a00 ff920d00 00690c00 ff7e2b00 007e1800 ff891800
PCM 015580 00759d00 ff8d0b00 0070b200 ff7a8800 00810100 ff7d4b00 0080dc00 ff929f00
PCM 015588 0067f400 ff7a5900 0081b600 ff634f00 0095ea00 ff7aea00 00813e00 ff88f800
PCM 015590 00734500 ff769d00 00855c00 ff70c600 008c0400 ff656200 0099df00 ff58d300
PCM 015598 00a39500 ff435d00 00b87e00 ff34ba00 00cbcf00 ff45ed00 00bae700 ff626000
PCM 0155a0 0098af00 ff8a7e00 00709300 ffa08600 0059b800 ffb3a700 004d9500 ffb2cc00
PCM 0155a8 0048a600 ffbc9400 003d7b00 ffbe7100 003b8300 ffc2df00 0036d700 ffd84300
PCM 0155b0 00243700 ffd8a100 001feb00 ffeeed00 000aed00 00122d00 ffe8fb00 00294e00
PCM 0155b8 ffd30a00 fff88300 fffce700 ffe5ac00 0015ae00 00018a00 fff9f200 00123500
PCM 0155c0 ffe49500 001fc000 ffdd2300 00041f00 fff57900 fff58400 00062700 ffe52300
PCM 0155c8 0015d100 ffed6300 0011ab00 ffdd3f00 001b8000 ffd43000 0026d600 ffcf8d00
PCM 0155d0 002bd700 ffd8c900 00231700 ffcd5d00 002bae00 ffb62700 00448100 ffd2eb00
PCM 0155d8 0025a800 fff95b00 00020700 fff32000 0008ed00 ffd7f700 00249200 ffd51f00
PCM 0155e0 002d6e00 ffc35b00 0038f500 ffd30600 0029ed00 ffd39400 002d1e00 ffcc4900
PCM 0155e8 002e1e00 ffcc1600 00305c00 ffcdf700 002c8200 ffcae600 002f9800 fff53800
PCM 0155f0 00053c00 ffe9f500 0013ba00 ffe19300 001e6700 fff13a00 000d6300 fff2d300
PCM 0155f8 00084b00 ffe76a00 00134d00 fff65e00 00005300 0006f400 fff1d200 fff7ed00
PCM 015600 00017800 fff1d900 000b0500 fff75600 00051500 0001de00 fff6d800 000be600
PCM 015608 fff00c00 0013a800 ffe71b00 fffdaa00 fffaa100 fffddb00 fffda800 ffd90600
PCM 015610 0020a500 ffe42700 00159800 fffb8600 0000e300 00124700 ffe85e00 00017500
PCM 015618 fffc5500 ffe82100 0013c700 fff41d00 000aa200 ffefe000 000b8c00 ffe03200
PCM 015620 001c4800 ffe9a600 000f7400 fffd4100 fffbc600 000a2000 fff2d100 fff7e500
PCM 015628 00044d00 ffeab600 000ebe00 fff35800 0006b900 000fd400 ffecd700 002aed00
PCM 015630 ffd1c300 00214000 ffd8c600 0038ec00 ffc32100 00387e00 ffc4a300 004e4300
PCM 015638 fface600 0070a800 ff8d0400 007deb00 ff77cc00 006cc100 ff8a1700 0065a900
PCM 015640 ff93da00 0055f400 ffa1c700 0051fc00 ffa4f600 00774800 ff817200 0070a000
PCM 015648 ff89aa00 0068e800 ff8e2d00 0069f600 ff939a00 00677f00 ff938800 0072ef00
PCM 015650 ff851f00 006f0e00 ff8aa300 00699b00 ff926400 00504200 ffa92500 0051bc00
PCM 015658 ffa76800 003f3700 ffc11100 002d0400 ffc92100 PCM 015660 ffd00100 00338b00 ffc7b900 003d7000 ffbd0600 0038ce00 ffc45b00 00363400
PCM 015668 ffc5f800 004ca400 ffad4d00 006aa300 ff8c5e00 0069b400 ff920b00 006a3400
PCM 015670 ff93c200 00723f00 ff852000 0072ff00 ff873300 0075b400 ff83f600 00691600
PCM 015678 ff901400 006bd800 ff8ef400 007b0a00 ff80e200 0086cf00 ff740a00 0071ca00
PCM 015680 ff862800 006a8700 ff902d00 00606400 ff98ec00 005d9200 ff9c3000 00503800
PCM 015688 ffa9ba00 00442900 ffb9b400 00393300 ffbf2400 004b9000 ffac8100 00460900
PCM 015690 ffaf7200 004dbc00 ffaca100 0057bf00 ff9cd800 00782800 ff7d8800 00998900
PCM 015698 ff60fb00 00846200 ff74ed00 0071d400 ff851600 00752200 ff82bc00 0075ac00
PCM 0156a0 ff83f200 00819200 ff75a000 0077b400 ff85b000 00889100 ff71f100 00887400
PCM 0156a8 ff735200 006ed500 ff8c3300 006b9700 ff8f8500 006b3200 ff8db400 0032cb00
PCM 0156b0 ffc78000 00252c00 ffd37b00 0032a700 ffc7c900 003dcf00 ffbd9400 005cbe00
PCM 0156b8 ff9dd700 0075a800 ff856300 009a0100 ff5f7400 00b56100 ff41ce00 00c49600
PCM 0156c0 ff348500 00d36100 ff270f00 00e8d200 ff144500 00ee5f00 ff0c1f00 00e50200
PCM 0156c8 ff14ae00 00d22500 ff269f00 00df4500 ff176500 00efe300 ff020500 01134800
PCM 0156d0 fee1ce00 012a6900 fecf0c00 01153c00 fedfae00 0114c700 fee49800 0110d100
PCM 0156d8 fee8c400 00f60600 fefa8900 00f3d800 feff5800 00f71200 fefbd700 00f1d700
PCM 0156e0 ff05f700 00d03000 ff2a6000 00b53100 ff41f900 00ba2b00 ff3e2900 00b0f900
PCM 0156e8 ff47df00 00a7b900 ff4c2900 00bc2c00 ff3b2900 00a66000 ff51b200 00aee000
PCM 0156f0 ff47d100 00ab8e00 ff4b9700 00b1cd00 ff499d00 00d7cd00 ff20fe00 00cf5f00
PCM 0156f8 ff298200 00d22d00 ff254600 00e37600 ff139200 00f4d800 ff045200 01027400
PCM 015700 fef37500 01137900 fee03c00 011c9900 fedca100 010b1f00 feefb900 00ef2400
PCM 015708 ff079400 00f0d100 ff07f000 00f60b00 feffaf00 00ff2300 fef9af00 010a9c00
PCM 015710 feeefa00 010ad800 feed2f00 01109e00 fee68200 0102a400 fef3d300 00d5df00
PCM 015718 ff21c800 00db1100 ff1f1400 00d67000 ff217900 00dd6e00 ff1ae500 00d7f900
PCM 015720 ff1dca00 00e16900 ff169c00 00fc2e00 fefb9a00 00eeb700 ff070400 00e84700
PCM 015728 ff0d9d00 00fca800 fefb0400 0105bf00 fef0fd00 01007200 fef65000 00f57c00
PCM 015730 ff052a00 00ee2300 ff09d100 01031f00 fef82d00 01167900 fee3b400 010d9300
PCM 015738 feeaa600 0112a700 fee32600 00f97800 fefbf500 00ff0200 fef85a00 01178000
PCM 015740 fee0ea00 0117de00 fedfe600 0139f000 febccb00 012fd400 fec96900 01338d00
PCM 015748 fec67d00 0130a400 fec7a300 0138b400 feb81700 0145bb00 feb0d200 014dd500
PCM 015750 fea9b900 015d7e00 fe971000 01491a00 fea5f800 014cd500 feab2400 015f1f00
PCM 015758 fe962e00 0171e800 fe7f9900 015e9b00 fe989700 0154a200 fea3fc00 0147a000
PCM 015760 feb0d100 014fec00 fea5c000 01474700 feab9800 014f0000 fea66e00 01739f00
PCM 015768 fe852600 01602c00 fe950200 014f9700 fea84000 01166c00 fee21700 00fd5c00
PCM 015770 fefc1500 011acc00 fedd2400 010a2f00 fef07100 00f50b00 ff076a00 0108f000
PCM 015778 fef2e100 01091300 feea7600 0100d100 fef53300 00f7fd00 fefcfd00 01046200
PCM 015780 fef52600 0119c000 fedcb100 0124f000 fed03c00 011c1e00 fedc2500 01040900
PCM 015788 fef4ed00 00f7bc00 ff046700 00f2b000 ff08a900 01063300 fef09d00 00fc2100
PCM 015790 fefc6f00 00ee5b00 ff0a7e00 010e2000 feea3800 00f6f000 fefe8f00 00e69900
PCM 015798 ff0ac800 00c5dd00 ff31cd00 00c1df00 ff35e800 00b80000 ff401300 00a50400
PCM 0157a0 ff54a400 008db900 ff6da000 009d3300 ff5bca00 00835800 ff790c00 006bf500
PCM 0157a8 ff8c0200 005f1700 ff98d400 00763000 ff87eb00 009bf800 ff626e00 0099ee00
PCM 0157b0 ff604000 007d9900 ff7cac00 00889d00 ff701700 007a6700 ff812500 006e8b00
PCM 0157b8 ff8e9700 00784d00 ff80fa00 0086e800 ff769d00 007ba100 ff7e5900 00767f00
PCM 0157c0 ff88ad00 005ea800 ff9b4c00 0062a600 ff986400 007b6100 ff7f5300 006faf00
PCM 0157c8 ff8a4900 00758200 ff862c00 00821000 ff796d00 0098ff00 ff608d00 00b49d00
PCM 0157d0 ff44b900 00bbfd00 ff3d6300 00ba5900 ff3ea700 008cc600 ff6d0b00 00908a00
PCM 0157d8 ff6aa900 00940300 ff63e900 00968000 ff609a00 009eba00 ff5a6c00 00a15400
PCM 0157e0 ff5b8b00 00a1f400 ff5acf00 00a0cd00 ff5a3700 00ab590000 00968c00
PCM 0157e8 ff60c300 00962300 ff643b00 00771600 ff83ce00 004d6e00 ffb5dd00 004f0e00
PCM 0157f0 ffad8000 0054a700 ffa57900 004c1300 ffaf9000 002f9000 ffc9a100 00384000
PCM 0157f8 ffc49600 00456d00 ffb7af00 00383500 ffc4fe00 00382200 ffc28000 002af700
PCM 015800 ffd47000 000f0700 ffecef00 fff61000 000b2c00 ffe10e00 001bc200 ffc84300
PCM 015808 0036d300 ffbe9100 00424000 ffad8c00 00501400 ffd20200 002f5f00 ffe52700
PCM 015810 0017ee00 fff70f00 000ace00 fffde300 00054500 ffe75100 00174c00 ffe2f500
PCM 015818 001b8500 ffd79b00 0025c600 fff8fc00 0007a300 0006ce00 fff23d00 fff76d00
PCM 015820 00056900 001fa100 ffdea700 00306d00 ffcc3100 002f0900 ffd04300 001aee00
PCM 015828 ffe2f600 000f9400 ffed4f00 fffa1d00 00024300 ffd03500 002e0000 ffeddf00
PCM 015830 0010d000 00106800 ffece400 00036800 fff85000 00226a00 ffdd9c00 00187800
PCM 015838 ffe54900 fffb3800 fffd0f00 fff87100 00033000 fff91a00 00034c00 ffe5fb00
PCM 015840 0018b700 ffd7f900 0027b800 fff35500 0006e700 0028ac00 ffd34000 0025b200
PCM 015848 ffd54200 000b9600 fff05100 00247800 ffd90c00 002f9100 ffcff600 00207500
PCM 015850 ffdd7a00 0033f200 ffc73600 0040aa00 ffb40000 005e5c00 ff9ae400 004a4600
PCM 015858 ffae7100 00568e00 ffa21000 00779200 ff853d00 007eab00 ff7ff800 006d4000
PCM 015860 ff909300 007e1000 ff7e0a00 00a7ae00 ff565300 009c5a00 ff5c7200 00936000
PCM 015868 ff692a00 00a28200 ff5b8100 0090e600 ff68db00 00716300 ff84fc00 007c9300
PCM 015870 ff7e2900 00902100 ff6a9400 00775000 ff86ea00 00682700 ff96ae00 00584800
PCM 015878 ffa36b00 00581f00 ffa22500 004cb100 ffab8800 004d6900 ffacb000 00616700
PCM 015880 ff97d700 0073b100 ff8a4700 00701c00 ff897500 006b8f00 ff91eb00 00723300
PCM 015888 ff8a8d00 0048e400 ffb2d100 00261c00 ffd55e00 002fa600 ffce6000 00319300
PCM 015890 ffc7f100 00252c00 ffd60000 00192a00 ffe32c00 00288e00 ffd61800 00100300
PCM 015898 ffec4000 00131d00 ffea1100 002dfe00 ffcded00 00144800 ffe8d800 00188500
PCM 0158a0 ffe44b00 00404600 ffc05200 004dae00 ffb03700 004edb00 ffb06800 002b6b00
PCM 0158a8 ffd05700 002b5b00 ffd0bf00 00311100 ffcb5100 00367a00 ffc65d00 002dc900
PCM 0158b0 ffc95800 002d7400 ffd08a00 00105d00 ffe63c00 ffee3100 000b0e00 ffd5fd00
PCM 0158b8 0025a600 ffe58c00 00180400 ffffca00 0000c400 0015ed00 ffe48700 001d9f00
PCM 0158c0 ffe37300 fffbcc00 00056000 fffad000 00034700 00062500 fff56d00 00050100
PCM 0158c8 fff6d900 fffd2a00 00001200 fff0f000 000aa800 fffcca00 fffe3e00 000d1100
PCM 0158d0 ffef4d00 002c1900 ffd11d00 002f3100 ffc8ea00 00292800 ffd24400 0028a900
PCM 0158d8 ffd38200 00300100 ffcbc800 00415f00 ffba4600 00511500 ffa8e000 005b3800
PCM 0158e0 ff9a3c00 0072ef00 ff867800 007fda00 ff759a00 00944c00 ff633400 006e5400
PCM 0158e8 ff886500 0062ec00 ff978000 0083c700 ff786c00 00862300 ff737b00 00ab6900
PCM 0158f0 ff514b00 00b0cd00 ff4a7800 00afa900 ff4b9f00 00b9ae00 ff41e600 00a52400
PCM 0158f8 ff50c100 00935b00 ff64ac00 008bcd00 ff6ae700 00a18900 ff57e900 00990c00
PCM 015900 ff64e700 00847d00 ff707600 00935800 ff65f400 0097d500 ff5dbf00 007d8900
PCM 015908 ff7fb900 007bf400 ff7e0800 009b0c00 ff618d00 00771c00 ff825100 00620b00
PCM 015910 ff9ab500 00640600 ff97c800 00781100 ff858600 00843200 ff76e600 00938700
PCM 015918 ff652e00 008a1c00 ff6f8200 00623700 ff995900 00586500 ffa28600 00707200
PCM 015920 ff8e0e00 0080d300 ff778500 00894200 ff721800 00704f00 ff8dc200 0059f000
PCM 015928 ffa0b400 005fad00 ff9e4d00 006d0700 ff8b6800 007d0c00 ff80d100 00845b00
PCM 015930 ff754400 00854300 ff735a00 0073c700 ff899b00 00691100 ff8f9a00 005a1500
PCM 015938 ff9dde00 0072a500 ff866b00 0086f900 ff74f700 008afe00 ff6b0c00 00886400
PCM 015940 ff6f2300 007f0900 ff7c0700 00795300 ff83b200 006cec00 ff8a0500 005fe500
PCM 015948 ff9b5d00 004e2f00 ffae1900 004ad900 ffb22900 0048ab00 ffb11c00 00411900
PCM 015950 ffb78700 004a8b00 ffb2f000 00364d00 ffc35600 00313200 ffc97200 00408f00
PCM 015958 ffb60000 00616f00 ff99e900 004ad400 ffb38400 0060cb00 ff986800 0078f700
PCM 015960 ff82d800 00885e00 ff71d800 00950a00 ff644d00 00ab1200 ff4c0000 00be3600
PCM 015968 ff3f7900 00cd5700 ff2c1600 00d4f500 ff253000 00c46200 ff34a000 00d02200
PCM 015970 ff29d600 00dad800 ff1de500 00cec400 ff2c4c00 00d3ca00 ff258800 00e0a900
PCM 015978 ff1bf000 00d66b00 ff21a700 00c23200 ff341b00 00b5fe00 ff434a00 00996800
PCM 015980 ff60b400 008fcd00 ff695900 00b75600 ff464100 00ebc600 ff0f1600 00f79300
PCM 015988 ff035600 0107b400 fef37600 010e5b00 feec7300 0108b500 fef0d600 0111c700
PCM 015990 fee62700 01235a00 fed7b600 011c6f00 fedd0800 00f94400 fefe3c00 00e87700
PCM 015998 ff110800 00d34500 ff267600 00bd6900 ff3dd900 00bf4b00 ff3c6200 00b7f400
PCM 0159a0 ff433d00 00bd5800 ff39fe00 00bba500 ff404e00 00aab400 ff4faa00 0090aa00
PCM 0159a8 ff6cb500 008b8800 ff6f1800 00977500 ff630400 00a26f00 ff58bc00 00ba1000
PCM 0159b0 ff3d3200 00b97500 ff42dc00 00bf0100 ff3b1d00 00bf7700 ff3cc400 00b60d00
PCM 0159b8 ff40fb00 00bdbf00 ff3ed500 00a97a00 ff4e9a00 00b99100 ff3dd200 00c1a300
PCM 0159c0 ff387600 00bb9b00 ff3b9900 00c1b500 ff3ac600 00b9a200 ff405500 00ab2000
PCM 0159c8 ff53f400 00a18900 ff560500 00a0fb00 ff5a7c00 00b24200 ff46b300 00b04e00
PCM 0159d0 ff4a8700 00a14600 ff55da00 00854000 ff735a00 007ad000 ff7f2500 00547800
PCM 0159d8 ffa34400 004c7e00 ffb06d00 0066ad00 ff97ad00 00656300 ff92a500 0063da00
PCM 0159e0 ff954900 00634700 ff967c00 004f9900 ffacd200 0058d000 ffa38200 00714800
PCM 0159e8 ff8ad700 0088cf00 ff724300 00819a00 ff79ba00 00717b00 ff8d7a00 00911f00
PCM 0159f0 ff686500 00942300 ff68d900 0081fc00 ff77fb00 008c3500 ff6e5500 0086d000
PCM 0159f8 ff751600 007cfd00 ff7a6f00 008fc300 ff698d00 00914c00 ff6a6d00 008f6e00
PCM 015a00 ff699800 008ed000 ff6f8c00 00b72300 ff43b300 00c6d000 ff343400 00cb9500
PCM 015a08 ff2bf100 00bcc700 ff3ea900 00c7ea00 ff32df00 00c2a000 ff3a8000 00b17600
PCM 015a10 ff492500 0099d800 ff5cf000 0082be00 ff774f00 0078da00 ff7f4400 00632400
PCM 015a18 ff95c800 00386900 ffc69a00 0027d000 ffd72c00 00332c00 ffc90200 0031cd00
PCM 015a20 ffc77700 001c8400 ffe00e00 000bb600 fff39800 fff7c500 00036c00 0014a000
PCM 015a28 ffe8d300 002bc300 ffd08300 0016b200 ffe38e00 000e2000 ffeed500 ffe63c00
PCM 015a30 00171400 fff99c00 0001fb00 00155000 ffea6800 0009dc00 ffef4500 fff4e500
PCM 015a38 000c3400 ffe52a00 001a2800 ffebd000 000ec500 fff24100 00098800 ffe12c00
PCM 015a40 0019f500 fff80900 00066d00 0009c500 fff5cd00 fff3f400 000a8e00 fff3f700
PCM 015a48 00095300 ffe18f00 001e3800 ffde7a00 001abf00 ffffb900 fffa7800 00198100
PCM 015a50 ffe0db00 0013a700 ffea3300 0016dd00 ffe5b600 001a3e00 ffe3cd00 00329c00
PCM 015a58 ffc77200 00185600 ffe3ca00 00284a00 ffd73500 0032dd00 ffc95a00 000a8900
PCM 015a60 ffef8400 fffa8d00 00074300 ffed2400 00104a00 001b7100 ffe46e00 00122100
PCM 015a68 ffee9c00 000bb800 fff24000 fffb1700 0001a600 fffc0300 0001b600 00032900
PCM 015a70 fffa1700 ffef0f00 000e4200 ffeb7100 00116100 00079900 fff40d00 00130b00
PCM 015a78 ffe82800 fff37300 000c2900 ffe8c300 0014bb00 ffe81200 00173600 ffeab600
PCM 015a80 00141100 fff99f00 00037e00 ffdf1300 001f7100 ffc76700 00363000 ffbac900
PCM 015a88 0047dc00 ffdc2300 00230100 ffe2b100 001d5f00 ffd7f500 00241100 ffcc3300
PCM 015a90 00353c00 ffdf3600 0021cb00 fff9af00 00031000 fff5e300 0006a300 fff07700
PCM 015a98 000bba00 ffd84000 00237500 ffd5c900 00281500 ffdbb900 00236c00 ffe8cc00
PCM 015aa0 00139300 ffdcbb00 001e8900 ffc2b300 003aee00 ffa28500 005beb00 ff970c00
PCM 015aa8 00642700 ff9e6c00 005fa700 ffa47400 0056bb00 ffa19d00 005e6e00 ff91d900
PCM 015ab0 006f2c00 ff93b900 0069b000 ffac8a00 0054d700 ffadcc00 00536900 ffad7e00
PCM 015ab8 00536600 ffa69800 00540d00 ff96b700 0064ba00 ff8a3000 00722400 ff704800
PCM 015ac0 00920700 ff8a3a00 00771800 ffa8e400 0057bc00 ff97a100 00693600 ff7e0700
PCM 015ac8 007d3700 ff7c4000 0085d100 ff6b3e00 0097fc00 ff6c4b00 0092b900 ff73fe00
PCM 015ad0 008c1700 ff742100 008ded00 ff741400 008ac900 ff819000 007a4000 ffa12500
PCM 015ad8 00599400 ffa4b500 00593100 ff9daf00 00608400 ffa69100 00585200 ffaeb100
PCM 015ae0 004ef700 ffa02f00 005cfe00 ff97ef00 00661c00 ffa8d700 00581600 ff9a9800
PCM 015ae8 0063ef00 ff8bbf00 00725a00 ff7c2000 00828400 ff8b1000 00728300 ffaf7100
PCM 015af0 00513a00 ffb64700 00461500 ffb53400 00474200 ffa86800 00538100 ff921e00
PCM 015af8 00672d00 ff8fb900 006e2d00 ff96ed00 00687700 ff97db00 00657300 ffa1f400
PCM 015b00 00601500 ffaebf00 00513400 ffcbc000 002eff00 ffdb5400 00209b00 ffbed800
PCM 015b08 003d0200 ffbf5200 003dbd00 ffbe5b00 0040ea00 ffc30800 00393600 ffc21c00
PCM 015b10 003f7800 ffb6c000 00470b00 ffad4000 004fed00 ffbb2e00 00428500 ffb39a00
PCM 015b18 0046e600 ffaff400 004d9200 ffc06000 003e6c00 ffd96700 00212200 ffd4ee00
PCM 015b20 00298500 ffcbe400 002df800 ffcc4800 00310600 ffd17200 0027d100 ffc87c00
PCM 015b28 003a0d00 ffb30300 004c2f00 ffa4ca00 0059b900 ff946d00 006af600 ff98f500
PCM 015b30 0066af00 ff97c500 0062bb00 ffb35c00 004bae00 ffa18400 005cbc00 ff929400
PCM 015b38 00692900 ff9e8100 00607b00 ffac4a00 004d9300 ff960b00 00698100 ff875600
PCM 015b40 007ca800 ff722000 008c6800 ff749f00 008a2e00 ff74ec00 00899200 ff833000
PCM 015b48 007fb700 ff959700 0066de00 ffc33000 003a4700 ffc45e00 00388900 ffc46d00
PCM 015b50 0035d300 ffc4fa00 00382200 ffbfa000 003dc600 ffae4500 004beb00 ff96a400
PCM 015b58 00676600 ff9e1c00 00610b00 ffa38d00 005ca700 ffafe900 00500900 ffb8fc00
PCM 015b60 00432b00 ffd50300 00290e00 ffd53c00 00250800 ffd8c500 0021e800 ffd3a300
PCM 015b68 00294900 ffca0a00 00338b00 ffc56700 00370100 ffbdf000 003d9d00 ffabf100
PCM 015b70 0054b000 ff98f800 00678d00 ffaa1b00 0057b500 ffb99e00 00482c00 ffd21200
PCM 015b78 002bec00 ffe4cf00 00190c00 fff44300 000c4600 0005d800 fff7df00 0005c800
PCM 015b80 fff66200 000bea00 fff23b00 fffaec00 00061500 ffe78100 00114600 ffef7e00
PCM 015b88 000e7400 ffecbb00 00117500 fff7ef00 0005ea00 fff29e00 0008cf00 fff42600
PCM 015b90 00094700 fff4e700 00062f00 fff42c00 0008ae00 ffedd600 000d8500 fff59100
PCM 015b98 00072600 fffd1700 fffdd100 0015e500 ffe6f000 0032c900 ffc94f00 00245b00
PCM 015ba0 ffd88300 00100400 ffecb700 0002f900 fffd7b00 0006af00 fff59000 00011d00
PCM 015ba8 fffd3400 0011c600 ffe99d00 00171c00 ffe20b00 00265f00 ffd55000 0014ad00
PCM 015bb0 ffe62100 00007f00 fffdc700 fff1c700 0009db00 ffef6500 000bfb00 ffe7b400
PCM 015bb8 0016ae00 ffee0e00 0011e400 ffe8ce00 0016f900 ffc2da00 0039e500 ffc03a00
PCM 015bc0 003a3c00 ffc19a00 003f3000 ffca7e00 00353500 ffefc100 000ded00 ffe8b200
PCM 015bc8 0015c900 ffefbd00 000d7c00 ffe74800 00191300 ffc1f000 003a3400 ffbc1200
PCM 015bd0 00425900 ffcfd500 002ee600 ffd81500 00269800 ffcad100 00354000 ffe45600
PCM 015bd8 00170e00 fff33500 0005b800 fff74900 0004d100 00003f00 fffa6300 ffe58b00
PCM 015be0 0013f600 ffceff00 00334e00 ffcb3400 0032db00 ffcaa700 003cc200 ffcca100
PCM 015be8 0031c600 ffd7b500 00212500 ffe9f200 00137100 000df500 ffec7500 00079300
PCM 015bf0 fff51600 000f0700 ffec9b00 00126700 ffe5f700 fff11700 000a1d00 fff5cf00
PCM 015bf8 00075f00 ffe6dd00 0015d100 ffef6200 000b1600 fff41300 0005e800 ffe68400
PCM 015c00 0017da00 fff2e100 00078f00 0009fa00 fff23d00 000d3700 fff25800 fffc6a00
PCM 015c08 0001b400 0002bb00 fffaba00 000fbf00 ffea3400 00228a00 ffd41200 00321400
PCM 015c10 ffc93600 002c6800 ffcf8600 004dd400 ffb0d600 005d8600 ff9ed400 00547c00
PCM 015c18 ffa5a800 00648700 ff969900 0063b700 ff94b700 0060c500 ff955200 00676800
PCM 015c20 ff8a4f00 006a2600 ff8deb00 004f5700 ffac1300 0051c100 ffa87a00 00564e00
PCM 015c28 ffa18a00 0061f300 ff977d00 00621d00 ff985700 003fcc00 ffb5e700 00315e00
PCM 015c30 ffc72800 004de700 ffabf200 00563900 ff9d4d00 005dc200 ff98a500 0065af00
PCM 015c38 ff939800 00776e00 ff86a600 008be300 ff6f8600 008d1f00 ff6a2100 009b7200
PCM 015c40 ff5fb500 007d3a00 ff78f000 0061ae00 ff99b100 0055df00 ffa48c00 005aff00
PCM 015c48 ffa4ee00 00525200 ffa6a000 0050ae00 ffa6eb00 005ee400 ff9f9300 005d7600
PCM 015c50 ff9e1400 006c1400 ff8c8c00 007ea100 ff7b6900 00759300 ff87d400 004d0200
PCM 015c58 ffadc900 003bcf00 ffc42500 0027b800 ffd3b200 0033fb00 ffc8b200 0058c800
PCM 015c60 ffa6d800 003e1a00 ffbcb200 002f2900 ffcbfa00 0031e400 ffc97800 003c0f00
PCM 015c68 ffbe3300 004be300 ffb07500 005c7600 ff9d3800 0057ae00 ffa66200 005a0d00
PCM 015c70 ff9fcc00 0047d300 ffb1b400 00426700 ffb44800 0049d60PCM 015c78 ffa08200 0058f000 ff9f9f00 0067c900 ff96c000 006f7700 ff858c00 00593400
PCM 015c80 ffa1e800 00713000 ff881800 007aba00 ff7ae900 0071c600 ff87f500 00678500
PCM 015c88 ff927700 003dbf3100 0047a500 ffb4e000 0072c400 ff8beb00 006fa600
PCM 015c90 ff8ca600 007d9d00 ff7b4800 007c7300 ff82a300 00821400 ff7bcf00 0064bf00
PCM 015c98 ff986300 0056cc00 ffa58000 006ae300 ff919c00 006b5b00 ff907100 00722500
PCM 015ca0 ff856300 00485500 ffb32bPCM 015ca8 ffbc9b00 00424000 ffba3400 00416d00 ffba2000 004c3200 ffae0200 00476c00
PCM 015cb0 ffb54800 00492300 ffb0c200 005bda00 ff9c7b00 007c5f00 ff7f8000 007db800
PCM 015cb8 ff79f100 0079bf00 ff806d00 00751100 ff82f600 006bfb00 ff8a0500 006a9b00
PCM 015cc0 ff8ec900 00795600 ff7ccf00 00585d00 ffa29200 00455e00 ffb64b00 0041a000
PCM 015cc8 ffbb0200 003cc800 ffc10400 0040bd00 ffb87700 003b8f00 ffbefb00 00392f00
PCM 015cd0 ffbd3e00 003c2500 ffbc9000 002b7d00 ffcd3b00 003d7a00 ffbc4b00 005b0e00
PCM 015cd8 ffa0c600 00508500 ffa73600 0038d600 ffc72600 002ccf00 ffcf7300 00228000
PCM 015ce0 ffddad00 002fb200 ffcbfc00 002f8500 ffce7000 0021b600 ffdc7e00 000e4800
PCM 015ce8 fff11e00 0025d200 ffd63700 0023a600 ffdf9900 003ad100 ffc23200 003a9d00
PCM 015cf0 ffbe3200 00172c00 ffe49200 0013b100 ffe89c00 000aec00 ffee9900 001a9900
PCM 015cf8 ffe0bf00 000d0100 ffee3200 000f2600 ffec8500 000ec400 ffeb0a00 ffef5500
PCM 015d00 000ce000 fffeea00 fffe8400 00047200 fff77c00 ffe65a00 00180300 ffe6eb00
PCM 015d08 001c8100 ffc73e00 00392500 ffb85c00 0046f200 ffd0e500 002ced00 ffd19100
PCM 015d10 002c2c00 ffbf6f00PCM 015d18 00500900 ff8c2b00 0074b200 ffa1c700 005ed400 ffac1200 0057ba00 ffd7ea00
PCM 015d20 002aa700 ffd3b700 002b2200 ffb33d00 00496400 ffb17d00 004cbf00 ff9fb700
PCM 015d28 005a1300 ff972700 0064ae00 ff99d900 0061c600 ffc0bc00 003cb200 ffc45600
PCM 015d30 00394600 ffb1f500 004ce700 ff8df500 00715700 ff901b00 006cd700 ff970600
PCM 015d38 006a9d00 ffa48000 00593600 ff943700 006bb700 ffaeee00 00539000 ffca4900
PCM 015d40 00365c00 ffe01000 001e9b00 ffeee700 00106d00 fff94f00 00053000 ffdbae00
PCM 015d48 00222100 ffcc8900 00307500 ffc03300 003c4f00 ffb62f00 004aa700 ffaf8200
PCM 015d50 00509d00 ffbfc000 003db500 ffd52300 00269400 ffe38300 001adc00 ffe60f00
PCM 015d58 00135c00 fff06800 000b3e00 fff28900 000e2000 ffe33300 001eb800 ffd07100
PCM 015d60 002d6e00 ffc74100 003a9700 ffcf9200 002b0900 ffbfa900 003f0d00 ffbb7800
PCM 015d68 00415c00 ffb56900 004ac000 ffbbec00 0042c900 ffd64300 00267300 fff0e900
PCM 015d70 000c7b00 fff54300 0006ef00 fffb0a00 0002e600 fff96400 00041900 ffe49d00
PCM 015d78 0016fd00 fffdf800 fffff000 ffee5600 000ba200 ffcfcc00 002c8a00 ffcfa300
PCM 015d80 002f5700 ffe41900 001b3300 ffef5a00 00102a00 ffe60f00 0018b000 ffd4c200
PCM 015d88 002ded00 ffef0e00 00106900 00006200 fffac500 000d9700 fff22000 000ae500
PCM 015d90 fff17100 00089300 fff73700 fff40700 000ae400 ffee0c00 000ffb00 fff62f00
PCM 015d98 0002d200 fff5c200 0007f700 fff28800 000bec00 ffdd8b00 00203200 ffe06c00
PCM 015da0 001ec500 fffbdb00 00022300 fffa5a00 0007e200 ffebfe00 000f7500 ffe54500
PCM 015da8 0019b800 fff1e500 00093900 00078100 fff77800 ffec3300 00142f00 ffcf7500
PCM 015db0 00316c00 ffd47400 00322900 ffe7a100 00183600 ffef6200 0011a900 ffee1300
PCM 015db8 0013de00 ffc83000 0037d400 ffcf9c00 002efe00 fff2fd00 000c3300 fff34200
PCM 015dc0 00059f00 0007a100 fff58f00 ffee6100 000eee00 ffe06400 001c6300 ffe44e00
PCM 015dc8 001e5a00 ffed3a00 00102600 fff96700 0003ef00 fffefe00 fffc1c00 fffdfb00
PCM 015dd0 00009200 ffea5f00 00140800 ffd36500 00272000 ffc9f200 00327100 ffcf5000
PCM 015dd8 0030a900 ffe5d700 00146d00 fffc3100 fffe7100 00015d00 fffbf400 fff6fd00
PCM 015de0 00035700 fffe4700 fffde400 fff9d000 00060500 ffee3f00 000c6300 fff9ac00
PCM 015de8 00051c00 fff81400 00076000 00035e00 fff87600 001a6800 ffe28900 00158400
PCM 015df0 ffe67700 00085300 fff6f500 0013d200 ffe4f600 00176500 ffe1dc00 0018f800
PCM 015df8 ffe1a800 0022ee00 ffdb4400 00097400 fff3c300 00131300 ffeb3900 00071700
PCM 015e00 fff44200 000ed800 ffead400 000b3000 fff29000 00106a00 ffe9fc00 000c1400
PCM 015e08 fff0f200 00191a00 ffe3c900 0037f200 ffc35e00 0011ef00 ffeb5700 00189a00
PCM 015e10 ffe37f00 002b2500 ffce7d00 0043aa00 ffb75200 00392500 ffc1a200 0023c300
PCM 015e18 ffd61e00 002fda00 ffcad300 0026fd00 ffd62300 00372b00 ffc37200 00444c00
PCM 015e20 ffb3a900 004a2600 ffadf100 0039f800 ffbbcf00 00385b00 ffc36600 00565d00
PCM 015e28 ffa51e00 0058bc00 ffa0af00 005d4b00 ff9f9b00 0076b600 ff820500 00679700
PCM 015e30 ff905100 007c9800 ff7c4b00 0079e000 ff824b00 00724400 ff8bab00 005c5d00
PCM 015e38 ff99fe00 00571700 ffa28200 006e3a00 ff8aae00 00909400 ff68fd00 00938e00
PCM 015e40 ff65a600 0082bd00 ff742d00 0077b700 ff85eb00 007be300 ff7f5700 006f9c00
PCM 015e48 ff88e100 00691f00 ff925000 00664200 ff94c200 007b3c00 ff7f7500 008e7f00
PCM 015e50 ff6d1800 008d9100 ff6dc100 0073e000 ff847f00 006bc100 ff8f4a00 007b2f00
PCM 015e58 ff7c6700 008e4d00 ff6cb000 006a1b00 ff8e4700 0053a700PCM 015e60 ff9dad00 006f8600 ff8e3a00 00827100 ff790e00 00709b00 ff860700 00869700
PCM 015e68 ff754200 0074f200 ff856d00 00679300 ff92a300 005a7b00 ffa06500 00477900
PCM 015e70 ffb7d500 004e4000 ffaeec00 00650000 ff972f00 0061d600 ff990100 0064e200
PCM 015e78 ff966f00 006f0800 ff8d3000 0080cd00 ff79b100 009a9400 ff5d5b00 0070e300
PCM 015e80 ff8a0900 00752e00 ff82f200 0092f100 ff637d00 00ae0c00 ff4c0900 00b22c00
PCM 015e88 ff463b00 0089b100 ff6f2000 00883d00 ff731200 00a1dd00 ff57fd00 00965900
PCM 015e90 ff659800 00979b00 ff629300 00b26900 ff486c00 00c1a100 ff383400 00b93100
PCM 015e98 ff3ffd00 00aaad00 ff4b7200 00997500 ff628f00 00958100 ff67cc00 00b94c00
PCM 015ea0 ff3faa00 00be6200 ff3cc600 00bf3900 ff3c4600 00d43200 ff222d00 00bb8600
PCM 015ea8 ff410100 00924f00 ff6a2600 00949e00 ff636500 00a1be00 ff59f300 00a26000
PCM 015eb0 ff54c100 00b6a500 ff472600 00bfb800 ff393900 00b79100 ff406700 00caf400
PCM 015eb8 ff2f4c00 00d97900 ff21fd00 00cbda00 ff311400 00b97200 ff448700 00bc7e00
PCM 015ec0 ff3a0e00 00ca0500 ff333500 00bd7400 ff38d100 00aefd00 ff4bc500 00948e00
PCM 015ec8 ff66e400 00873f00 ff75c900 00908700 ff683c00 009f9900 ff5be400 008dd500
PCM 015ed0 ff6fd500 006eaf00 ff8d3d00 00745f00 ff82c200 007e1a00 ff7fdb00 0093d300
PCM 015ed8 ff663d00 00a7ca00 ff513c00 0099ae00 ff5e9900 00bf2600 ff3a3700 00b88e00
PCM 015ee0 ff3e1300 00b47600 ff420300 00bec900 ff3b8000 00c3ab00 ff34f300 00b17f00
PCM 015ee8 ff4a0700 00b2c500 ff48d100 00ad0000 ff50b300 00ab7b00 ff4f1b00 00832500
PCM 015ef0 ff74fb00 0068b200 ff8f1900 00828600 ff78cf00 00837b00 ff749b00 0084a900
PCM 015ef8 ff751400 0085f500 ff711400 008f5200 ff681b00 008ae500 ff707b00 007ee300
PCM 015f00 ff7af300 0062ca00 ff977200 003a0b00 ffc00200 004b8f00 ffafec00 0074cc00
PCM 015f08 ff84c900 0084b600 ff77ed00 00884400 ff721300 0059f600 ffa42c00 0053bd00
PCM 015f10 ffa70600 005d7800 ff9e1e00 007a8900 ff7d7800 005e0000 ff9d1500 00542a00
PCM 015f18 ffa44100 00617200 ff993400 0044bb00 ffb41c00 00442500 ffb5f700 00378100
PCM 015f20 ffc31c00 001ae200 ffe46100 fff79000 0006f400 ffedbb00 000e3900 fffd5e00
PCM 015f28 0002c500 00065a00 fff93b00 0009fd00 ffee8e00 000b1000 fff5e800 002cbc00
PCM 015f30 ffd17100 00396700 ffc28f00 002b9e00 ffd05a00 000b5f00 ffef0100 001a8200
PCM 015f38 ffe09d00 002c6600 ffd16e00 003d8100 ffc11800 00272600 ffd4f900 0011c900
PCM 015f40 ffeb8400 000bee00 fff24300 00079c00 fff55900 00102a00 ffea6a00 ffff7800
PCM 015f48 fffdc800 ffeeb400 000ac900 ffe92000 00179100 fff28f00 000b9400 00037c00
PCM 015f50 fffbff00 0020ae00 ffdbe400 000bb900 ffed9500 ffe46b00 0018fe00 ffbaeb00
PCM 015f58 0042f500 ffbd6f00 0040a800 ffe52800 00169400 fff43000 000c1900 fff42f00
PCM 015f60 00097b00 fff58a00 00079100 fffca000 00017a00 ffec9c00 000ded00 ffdcd400
PCM 015f68 0020a600 ffd91f00 00256f00 ffe88c00 00165b00 ffe44f00 001aea00 ffd1b700
PCM 015f70 002ab300 ffcf4e00 00304a00 ffc63900 00362c00 ffb4a700 00469c00 ffc2c000
PCM 015f78 003da600 ffbb4d00 00404900 ffb00f00 004e9c00 ffabec00 00550900 ffbdc300
PCM 015f80 00417500 ffc0b300 003c8600 ffa46d00 005bb200 ffa88200 0056f400 ffac9200
PCM 015f88 0053e100 ff850300 00773200 ff7d5000 00830700 ff99d800 00657300 ff8e5400
PCM 015f90 00738400 ff827400 007f9100 ff97ac00 00634300 ff92d500 006caa00 ff848900
PCM 015f98 007d7000 ff854700 00798800 ffb34f00 00491b00 ffd16400 002d8800 ffe3d400
PCM 015fa0 00190300 ffce5300 002bf100 ffd7c600 00239f00 ffe7fb00 00146f00 ffce3d00
PCM 015fa8 002bf900 ffc38a00 00360800 ffd5f000 0022ca00 ffe12200 00203f00 ffe71500
PCM 015fb0 00175f00 ffe9e200 0012c200 ffcc7100 002f8000 ffcbf900 00351e00 ffe13800
PCM 015fb8 001cf600 fff4cc00 0007c700 00091300 fff26c00 00106d00 ffed4100 000f9e00
PCM 015fc0 ffe9e700 fffaf400 0003f800 00118500 ffef4e00 00232700 ffd69600 00234900
PCM 015fc8 ffd8c300 00208e00 ffdb9700 0002a500 fffd8f00 00062200 fff85100 002ad100
PCM 015fd0 ffd26100 0022e800 ffdd4000 00168800 ffe6f500 0007c800 fff2f000 0006e800
PCM 015fd8 fff5d300 00134300 ffec9400 0011b700 ffed6700 000a2d00 fff23500 00176200
PCM 015fe0 ffe51800 000f7100 ffed4600 fff6d800 00068d00 0009c000 fff60300 000c3c00
PCM 015fe8 fff6c300 00088f00 fff98a00 ffeaec00 0011da00 00009300 fff90f00 fffd6a00
PCM 015ff0 ffffbb00 00003600 fffbb400 00212100 ffd79800 001be900 ffde4300 00183400
PCM 015ff8 ffe79400 00121100 ffe84800 00009700 0001a400 0011da00 ffec6300 00037f00
PCM 016000 fffcc400 00159300 ffe5c100 001e3500 ffddb400 0013db00 ffe73600 001aab00
PCM 016008 ffdf8400 0011ec00 ffeada00 00018100 fffad600 000a6900 fff17a00 0003f200
PCM 016010 fff79000 000d4a00 fff03800 fff49800 0003f800 00029600 fff97200 0009c800
PCM 016018 fff12000 001a5c00 ffe32000 00198100 ffe3d800 fff7b600 0006ec00 ffe90600
PCM 016020 00147200 ffec3500 00135600 ffe89700 00170800 ffe57000 00122f00 ffe0ff00
PCM 016028 001b5b00 ffe9cc00 00117600 fff0ad00 000ad500 fffc9100 ffff8b00 fffba100
PCM 016030 0004ff00 ffecfb00 00146700 fff0da00 000e1b00 fff49a00 000a1100 ffe17b00
PCM 016038 001b4b00 fffab900 ffff1500 002b4900 ffcfff00 00271600 ffd39400 001ba700
PCM 016040 ffe1a600 0006e000 fff8c400 00044f00 fff83c00 0002ce00 fffc2c00 fffc6300
PCM 016048 0002a700 fff5d000 0008d300 fff53800 00056500 000a3c00 fff39900 00193900
PCM 016050 ffe4eb00 002f0f00 ffcf7200 0043cf00 ffb8f100 00261100 ffd73000 001abe00
PCM 016058 ffe07d00 001ee200 ffdad600 001ad500 ffe1eb00 001a0e00 ffe28e00 002a3c00
PCM 016060 ffd40d00 001ca500 ffdc3800 00075b00 fff3f400 00032700 fff61400 001a5700
PCM 016068 ffded400 0006ff00 fff80100 001ab100 ffe57200 0035b400 ffc6d600 0027ce00
PCM 016070 ffd4d800 00493800 ffb60d00 00462e00 ffb3c600 001ab000 ffdef400 002a9300
PCM 016078 ffd2d000 0034bd00 ffc6fb00 00545f00 ffa99200 005ce000 ffa0cb00 004df400
PCM 016080 ffad8100 00625a00 ff9c2000 006e9400 ff8b4500 006d7800 ff8d0900 006fef00
PCM 016088 ff8e7000 005bb000 ff9e7e00 005e6500 ff9d3a00 00581d00 ffa3b300 003e8500
PCM 016090 ffb86d00 003b2300 ffc41000 00340800 ffc7f300 0031d800 ffcd3600 00349c00
PCM 016098 ffc70a00 0036c800 ffc71f00 00367c00 ffc3bf00 00262400 ffd4cc00 003c2400
PCM 0160a0 ffc03000 00415f00 ffb77e00 004adf00 ffb23b00 005be700 ff9aa000 005e4f00
PCM 0160a8 ffa14500 0072d400 ff893b00 007d6300 ff7ef200 0080d500 ff809b00 005c6d00
PCM 0160b0 ffa17300 0047a300 ffb38800 0049ff00 ffb03d00 00575d00 ffa16c00 007d9d00
PCM 0160b8 ff7cbd00 008f5f00 ff69a800 00ac2d00 ff4e6c00 00a5e000 ff524f00 00a01700
PCM 0160c0 ff5c4f00 00858100 ff768f00 007af300 ff7fc200 00600800 ff9c0800 004a8100
PCM 0160c8 ffb3e400 00519900 ffaccb00 00789100 ff82b800 00762a00 ff864600 0083ab00
PCM 0160d0 ff761200 00a09e00 ff591c00 00af0200 ff48a600 00a3b500 ff549900 009fd400
PCM 0160d8 ff5a2900 009d8f00 ff5e7500 00975f00 ff654f00 00c6b900 ff34af00 00bda500
PCM 0160e0 ff41d500 00b67b00 ff42ec00 00d2e600 ff2a7000 00c91600 ff2e0c00 00c83700
PCM 0160e8 ff309700 00b9e200 ff3dae00 00a7dd00 ff565a00 00991300 ff616500 009d2400
PCM 0160f0 ff5fac00 00ab8f00 ff4e1400 00a93f00 ff50f300 00ae8f00 ff4bfe00 00c39b00
PCM 0160f8 ff328700 00cc8400 ff2eb800 00cb9d00 ff2e1c00 00e8bb00 ff12a100 00e40000
PCM 016100 ff198b00 00da4100 ff241000 00e71400 ff0f3d00 00f60d00 ff03c700 00ff8800
PCM 016108 fef8e400 0101f300 fef63d00 00e4e800 ff13a000 00fea200 fefcf900 010cb300
PCM 016110 feeaeb00 01034200 fef38b00 01108100 fee76600 01154a00 fee31300 01110000
PCM 016118 fee7f600 00f17b00 ff078d00 00d5e600 ff21b700 00ed9000 ff0a0100 00f0b800
PCM 016120 ff090400 00f04000 ff0c9e00 00e70b00 ff11de00 00d83700 ff1f6300 00bb2900
PCM 016128 ff3e2800 00b16c00 ff48cf00 00b5bc00 ff412c00 00ac3400 ff4c2f00 00a06900
PCM 016130 ff556700 009a3d00 ff635500 0097a900 ff651300 009a2500 ff5edf00 00a42600
PCM 016138 ff52f700 00a24900 ff589e00 00a8d700 ff519a00 00b55100 ff479600 00ac9700
PCM 016140 ff4a5a00 00ae6b00 ff4c1a00 00a2d400 ff581b00 009ba200 ff5bd200 00931200
PCM 016148 ff68e700 008c2000 ff747700 009f1700 ff59f400 00b51f00 ff45c400 00b4c900
PCM 016150 ff416f00 009fb200 ff59d400 00ae9400 ff501d00 00ab3900 ff4a5600 00a37e00
PCM 016158 ff577400 00918d00 ff666600 0084e200 ff765500 008fe300 ff6aaf00 00907100
PCM 016160 ff6ddb00 00a24e00 ff597d00 00bd9a00 ff3c8f00 00a6af00 ff537a00 009b5600
PCM 016168 ff621600 00910100 ff673c00 00ab1b00 ff4da200 00bf5a00 ff336e00 00d3a500
PCM 016170 ff22f100 00cf5900 ff2a2800 00ad5f00 ff48e800 0098dc00 ff622300 009c8e00
PCM 016178 ff5bfb00 0098be00 ff5e3200 00990600 ff607100 00994800 ff620900 00979a00
PCM 016180 ff627b00 008fe800 ff6c2600 008fbc00 ff665c00 0080dc00 ff79f300 0077f2PCM 016188 ff810d00 00618600 ff9a4c00 0063e500 ff93c600 006f1b00 ff8c7000 008f2b00
PCM 016190 ff6fb100 00a2c300 ff5cb000 006cb300 ff8ece00 00635f00 ff967f00 0078b400
PCM 016198 ff82a600 00780f00 ff84d200 005b0500 ff9fca00 00543000 ffa71600 00422300
PCM 0161a0 ffba0400 004a5500 ffb3a100 003e0300 ffbc8e00 0035c700 ffc55100 004ac500
PCM 0161a8 ffaf9e00 0069fa00 ff967100 00660600 ff912e00 005db500 ff9ad800 00535d00
PCM 0161b0 ffa6c400 00363200 ffc2a500 003d6200 ffbccf00 003b3100 ffc2c400 004b7500
PCM 0161b8 ffafd900 00347900 ffc82d00 001ec400 ffe26c00 fffec900 fffeaf00 fff52f00
PCM 0161c0 0008e900 ffed9d00 000cfe00 ffe3ce00 001c7700 ffeed100 0013a800 00026100
PCM 0161c8 fffa8600 00223a00 ffdbc800 001f1700 ffe02900 00139e00 ffe7ea00 ffff9a00
PCM 0161d0 fffd1f00 fff11a00 00098d00 fffbb600 0002b700 ffe11d00 001d3000 ffee8700
PCM 0161d8 000cb300 ffee2100 000e6800 ffe3b800 0018de00 ffe0de00 001d3900 ffca6a00
PCM 0161e0 002fde00 ffc4f100 00398d00 ffc69800 00371200 ffbba200 00419300 ffd19300
PCM 0161e8 002afa00 ffe31d00 001d9800 ffccb200 002fce00 ffaa5e00 00545300 ff994300
PCM 0161f0 00630700 ff8d8a00 00725500 ff913f00 0067db00 ff921900 006d9f00 ff76a000
PCM 0161f8 0085f900 ff919e00 006cf600 ff9a3c00 00621900 ff94ba00 00669500 ff903d00
PCM 016200 00702d00 ff78c200 00831600 ff6c8e00 008dba00 ff78c200 0084b800 ff7a7e00
PCM 016208 00841e00 ff7a2a00 00829500 ff8cdd00 00784a00 ff9cc100 0061c200 ff8fb800
PCM 016210 006efc00 ff8fca00 006ac800 ff6c6300 00955100 ff4d7f00 00b1df00 ff699200
PCM 016218 00969d00 ff77bc00 00891d00 ff817100 007ee300 ff71c500 008e1f00 ff7e5100
PCM 016220 007f5f00 ff88b100 00779800 ff853e00 00799c00 ff8acc00 00730800 ff8c1200
PCM 016228 00752800 ff78d400 0085c400 ff643500 0096bc00 ff68b700 00967600 ff830600
PCM 016230 00796d00 ff9c0d00 005ddf00 ff911700 00676a00 ff89d500 0073cc00 ffa0fc00
PCM 016238 0057f700 ffaf6800 004a9c00 ffab7200 0055d700 ffb51000 00452200 ffba2200
PCM 016240 0044a800 ffb48200 00498f00 ffb26c00 004b8e00 ffc70f00 0037b400 ffc4c700
PCM 016248 00384900 ffddab00 0024bb00 ffd60400 002aaa00 ffcc8d00 0031c000 ffe81d00
PCM 016250 0015e000 ffe37100 001aa000 ffd17800 0028de00 ffd7f800 00231700 ffc2ba00
PCM 016258 003db700 ffb85a00 00464e00 ffc44100 003e1900 ffd2f200 002a3a00 ffdf2600
PCM 016260 001f4b00 ffcf3900 002c2800 ffb8e900 00430700 ffc5d300 00386d00 ffcf1a00
PCM 016268 002d8a00 ffd2e600 002a0800 ffe12f00 001b0200 ffed1a00 00132900 ffcb6800
PCM 016270 00347400 ffcba100 0031a500 ffce5700 002d5600 ffad2300 004f8a00 ffb0b000
PCM 016278 004c5000 ffbb2000 003edf00 ffc3aa00 00359b00 ffc88000 00378000 ffcb0600
PCM 016280 00331a00 ff9edd00 005da300 ff898a00 00718200 ff967f00 00660100 ffa15700
PCM 016288 00572b00 ffbfed00 003d5600 ffc65a00 0035e100 ffd4fb00 00274800 ffb30000
PCM 016290 0047d000 ff976a00 00635c00 ffc8b300 00318800 ffd22100 00281400 ffd50100
PCM 016298 0026f800 ffbe3200 003ee500 ff987e00 00627100 ff97df00 0064fe00 ff9b2600
PCM 0162a0 00652e00 ff95df00 00687600 ff828f00 007a7300 ff836800 0077d700 ff944c00
PCM 0162a8 006a3100 ff91da00 00683300 ff9e9900 00622e00 ff9d6300 0060af00 ffb1e000
PCM 0162b0 0050fe00 ffb8a500 00461e00 ff958800 00653000 ffa34d00 00576c00 ffa9fa00
PCM 0162b8 004ecc00 ffbc2900 003e4900 ffaaa300 00525400 ff9ea300 005bf100 ffaeee00
PCM 0162c0 004d3900 ffc46100 003b6900 ffd0f100 0027a300 ffbadc00 003d0600 ffc06200
PCM 0162c8 003aaf00 ffb58d00 0048db00 ffae5a00 004f9800 ffa1da00 0057b400 ffa7e600
PCM 0162d0 00582400 ff979f00 00671300 ff98dd00 005fed00 ffb7d900 00410400 ffae8b00
PCM 0162d8 004b9c00 ff982400 00619600 ff99c700 0066b600 ff9f2100 005fab00 ffc58600
PCM 0162e0 00367900 ffd36e00 0027d100 ffe1b700 00178300 ffc88700 00339a00 ffcdc600
PCM 0162e8 002d7d00 ffd04800 002df400 ffcd9900 002e0000 ffcb0b00 00335900 ffdd7f00
PCM 0162f0 001f1200 ffdfd900 001ac500 ffca9200 0032a100 ffbae100 00418f00 ffb9ef00
PCM 0162f8 00429e00 ffd10600 002a8100 ffc59700 00345600 ffcc5100 0030e000 ffdbd200
PCM 016300 0022c000 ffde0300 001ec300 ffc76e00 0034f500 ffe16500 001d6200 ffe96500
PCM 016308 00115a00 ffc07e00 003b7100 ffcc9d00 002de200 ffd17c00PCM 016310 00456600 ffa91200 00510500 ffb25e00 004a0d00 ffc9db00 0032a200 ffd21c00
PCM 016318 00268a00 ffc30e00 0037d100 ffd2b100 002a4c00 ffce1400 002dc300 ffceee00
PCM 016320 002f5c00 ffd81e00 00265600 ffe9e600 00102d00 fff48e00 00057d00 0013be00
PCM 016328 ffe7a900 001ee200 ffdd7d00 fffa9700 00039400 fff49300 00092200 fffb9500
PCM 016330 00010c00 00044200 fff79600 ffe6f200 00160600 ffdc6400 0020be00 ffeb0200
PCM 016338 000c1500 ffff5a00 fffc8300 fff1ab00 000ec800 ffec5e00 00104500 00046100
PCM 016340 fff5eb00 ffe6a900 00155f00 ffd71800 0024aa00 ffe11a00 001a6600 ffd85800
PCM 016348 00262f00 ffbe3000 003b9600 ffb7e600 003cb000 ffca6800 00307400 ffcaa800
PCM 016350 00345300 ffd81100 00203c00 ffe34f00 001ad200 fffbfc00 00048b00 fff07a00
PCM 016358 000e8100 fff06d00 00095400 ffd55600 00282a00 ffd58c00 00269400 ffef4800
PCM 016360 000e6600 ffde1c00 001cbc00 ffc9bf00 002f4a00 ffb7ed00 00436700 ffdb6100
PCM 016368 00217700 ffd38200 00280700 ffce6d00 00300400 ffd6e500 00265100 ffe24700
PCM 016370 00204400 ffd4b500 0029c500 ffda0400 00213300 ffdf4700 001ec500 ffdbf100
PCM 016378 00257800 ffc80400 0037b500 ffcef400 002bd500 fff11000 000ff000 fff77600
PCM 016380 00044100 0007b100 fff55200 0007ee00 fff48100 00172000 ffe50100 002b9500
PCM 016388 ffced900 00452500 ffb4c600 002ee000 ffcd3800 003f9600 ffb9b500 0046e800
PCM 016390 ffb28d00 0042a500 ffb9ad00 0023c900 ffd70c00 002ff200 ffccb600 00391500
PCM 016398 ffc57b00 00390100 ffc2a300 002ae000 ffd06b00 001b8000 ffe05100 002a0e00
PCM 0163a0 ffd36600 0036ad00 ffc58e00 0045ce00 ffb2e200 00430f00 ffb42600 00363000
PCM 0163a8 ffc4f100 003f8c00 ffbdf500 00293f00 ffd17100 00424b00 ffb80a00 004b1300
PCM 0163b0 ffb12800 00473200 ffb04100 003e7800 ffba7600 0046e900 ffb26c00 00509500
PCM 0163b8 ffa70900 003d3c00 ffbf0000 00306900 ffca4400 0037cb00 ffc61d00 002b0900
PCM 0163c0 ffd14c00 0015af00 ffe7eb00 00258500 ffd6ba00 00203b00 ffe03d00 00276700
PCM 0163c8 ffd11c00 00324000 ffc9b600 001cf700 ffdd3500 0026a300 ffd45900 002d0300
PCM 0163d0 ffca8600 0032bd00 ffcPCM 0163d8 ffc80000 003cba00 ffbPCM 0163e0 ffbb5900 001d4e00 ffdc6a00 000f8000 ffea4800 0016cd00 ffe69400 00164500
PCM 0163e8 ffe1b900 001ad400 ffdcc600 002ca800 ffcfa100 0031df00 ffc74a00 004ab200
PCM 0163f0 ffb29e00 00384500 ffc0db00 00128b00 ffe68000 0020cc00 ffdb0e00 000fee00
PCM 0163f8 ffeb9600 000aaf00 ffed9b00 001e8900 ffde4500 0007ce00 fff2a500 0016e700
PCM 016400 ffe3e500 00179700 ffe1fb00 fff9e300 00026900 ffe5ad00 00122300 ffd1c600
PCM 016408 002b5e00 ffc58c00 003d0400 ffbfb500 00394a00 ffd31900 002bc000 ffca2e00
PCM 016410 00366900 ffc58000 00387e00 ffc9be00 0030cc00 ffb79a00 00485a00 ffaccc00
PCM 016418 00500900 PCM 016420 00703400 ff86cb00 0077dd00 ff88dd00 00748b00 ff8d8500 006c9500 ff940400
PCM 016428 00683300 ff9b9800 00641400 ff72fd00 0087fc00 ff5f1a00 009fd200 ff7d2b00
PCM 016430 0080ae00 ff851800 00790d00 ff84fd00 00769000 ff8fe000 006fb300 ff692c00
PCM 016438 00978f00 ff56dd00 00a7b500 ff42e100 00bd7600 ff45f100 00badb00 ff491900
PCM 016440 00bad000 ff610d00 009dfc00 ff76ad00 0087cb00 ff808400 007e2600 ff7d6b00
PCM 016448 00845200 ff55e000 00ad8600 ff1efc00 00df9d00 ff2c8000 00d22100 ff49e400
PCM 016450 00b0ae00 ff4cbe00 00b52800 ff3f9900 00bedc00 ff41b300 00bbc100 ff302e00
PCM 016458 00c8d900 ff368d00 00c7d100 ff1fd200 00e14f00 feff1900 01018100 fefd4400
PCM 016460 01051d00 ff02c700 00fd3e00 fef82e00 01062100 fef1c800 010e6800 feeb5200
PCM 016468 01185900 fed9ff00 012a0c00 ff0d9c00 00f3c700 ff2c0e00 00d15d00 ff18fb00
PCM 016470 00e99800 feeeb500 01146800 ff049400 00fbab00 fefd6b00 0107c000 feedbd00
PCM 016478 01157500 feddda00 01228a00 fecd7800 01358c00 fec62000 013a6600 febb6d00
PCM 016480 01443d00 febe7200 01423000 fecb0400 01324e00 fece7c00 01303e00 fed3d600
PCM 016488 01297d00 fec44400 013d5000 feb00800 0153d700 fea15f00 01611f00 feb2a300
PCM 016490 01515500 fea24e00 01598a00 fea5d600 01592500 fea50e00 015ed500 fe7fac00
PCM 016498 01832900 fe7a3400 01895500 fe8c1300 01756400 fe78cb00 01894a00 fe80db00
PCM 0164a0 01807300 fe85e000 017d6400 fe965d00 0171c300 fe96fe00 016bb300 fe7f3d00
PCM 0164a8 01856100 fe818c00 01799800 fe933400 016fe900 fea9a900 015a3800 feb7e700
PCM 0164b0 0149f500 fec34000 0140a400 feae4100 01583600 fe934900 016f8200 fe96f800
PCM 0164b8 016b9100 fe9ae800 01684800 fe908500 01736c00 fe925a00 016ea700 fea45100
PCM 0164c0 015c5a00 fe9a6900 01684f00 fea79300 015a2d00 fec13200 01417100 fed46b00
PCM 0164c8 0129c800 fec88800 013bbd00 feacbf00 01568000 fea59400 015e5f00 feb21400
PCM 0164d0 014b7900 feaf4700 01502800 feb06400 01547c00 feb28000 0150bd00 feb4dd00
PCM 0164d8 014fcc00 feaa1400 01599900 fe972500 016c1300 fe9a7500 01647700 febd3800
PCM 0164e0 01494800 feb8d800 014PCM 0164e8 0155a700 feb53a00 014aa400 febab500 01449500 feb39f00 014dc200 feca3800
PCM 0164f0 0134d700 fed68d00 01295800 fec51f00 013ea100 fecc4700 0135ea00 fed9a400
PCM 0164f8 012b8800 fec85f00 01395800 fedaec00 0124ca00 fee34900 011a3200 ff08c900
PCM 016500 00f67500 ff23f300 00dc1a00 ff244c00 00de1600 ff1f8b00 00dee900 ff295000
PCM 016508 00d79400 ff428d00 00bd0000 ff499600 00b4a800 ff36ff00 00c96a00 ff2a5100
PCM 016510 00d9a400 ff2a3d00 00d83100 ff34be00 00c8b400 ff21f300 00dc6700 ff07a400
PCM 016518 00f72400 fee74300 0118a200 ff0aec00 00f5e300 ff341400 00cc7200 ff3d2500
PCM 016520 00c08100 ff511500 00ac4700 ff524700 00aa5200 ff3c8000 00c07000 ff203300
PCM 016528 00e04700 ff1f6a00 00e0a700 ff1fe700 00de8100 ff0ca400 00f4e300 ff1f0a00
PCM 016530 00de5300 ff32f900 00cefc00 ff378400 00cd1b00 ff47ab00 00b9b200 ff4d7d00
PCM 016538 00b12b00 ff498300 00b4b000 ff2fbb00 00d27900 ff2fa500 00d1f600 ff1c8c00
PCM 016540 00e45200 ff0c0c00 00f51e00 fefce600 0100b600 ff049500 00fbfc00 ff0aff00
PCM 016548 00f50c00 ff003f00 0101fc00 ff063400 00fa1a00 ff1e5800 00e31900 ff211b00
PCM 016550 00dc3200 ff1da000 00e24000 ff2c4b00 00d8c400 ff4d4900 00b3fa00 ff41c100
PCM 016558 00b90a00 ff14ca00 00f08600 ff185c00 00e1af00 ff255700 00dd1e00 ff1c7000
PCM 016560 00e66300 ff24e600 00d77300 ff2b3600 00ce3c00 ff4e5600 00b12e00 ff704400
PCM 016568 0090d300 ff7edb00 00804e00 ff804300 007d1600 ff847a00 007b5c00 ff7dfb00
PCM 016570 007fed00 ff81dc00 0078e700 ff8dfc00 006e3f00 ffac2500 00536000 ffa5bb00
PCM 016578 005a0a00 ff91100 007fef00 ff69b700
PCM 016580 0093e400 ff6e6800 00940300 ff73ac00 00895200 ff68f900 00947b00 ff5f3900
PCM 016588 009efa00 ff58ea00 00a58700 ff657e00 00942e00 ff5bb000 009f0100 ff58dd00
PCM 016590 00a8d500 ff70e400 008ea200 ff733200 0089a800 ff67a600 00953200 ff5a3400
PCM 016598 00a71300 ff614c00 009df600 ff7c0b00 00881600 ff7b0400 00828a00 ff9cc100
PCM 0165a0 00612400 ffa16800 005bdc00 ff8e1e00 006c3300 ff882a00 0077df00 ff95f900
PCM 0165a8 00698800 ffa6aa00 00590900 ffb34700 00483800 ffa64700 00580a00 ff972f00
PCM 0165b0 00676f00 ff966800 0064a000 ffa96b00 00570b00 ffc14300 003db100 ffc7a300
PCM 0165b8 00368900 ff921b00 0069d000 ff7f6d00 007fd800 ff849d00 00758300 ff81e400
PCM 0165c0 00789600 ffa5f300 00568500 ffb31600 00466200 ffb1a800 004e1b00 ffb1e100
PCM 0165c8 004ad400 ff937000 006bf200 ff914c00 006ae400 ff82f400 007e7800 ff629200
PCM 0165d0 0099c900 ff70a000 008b1000 ff8f1800 006d7800 ffa1c800 00611800 ffa23100
PCM 0165d8 005f3e00 ff902b00 0070af00 ff8d6700 00724600 ff9e2f00 005c9900 ffa83a00
PCM 0165e0 0059ac00 ffa9c200 0053ea00 ff908500 00694e00 ff9a6b00 00667000 ff8d9d00
PCM 0165e8 006f3100 ffa3c000 00587000 ffc4e200 00357c00 ffd4cb00 0026d800 ffe7ef00
PCM 0165f0 00147100 ffea9f00 00122d00 ffc51200 00324300 ffc6e200 00359500 ffdc3c00
PCM 0165f8 00202000 ffc52700 00390500 ffb44b00 0047f500 ffcf1600 002c4b00 ffd50000
PCM 016600 00277800 ffd54500 00268500 ffdeb800 001acf00 ffe8ca00 0015e500 ffe39900
PCM 016608 00186d00 ffe08500 00197600 ffe83c00 00166c00 ffd73c00 00263c00 ffd4f700
PCM 016610 0025ea00 ffe3b500 0017d400 ffed8b00 00108d00 fff6bc00 0004ae00 ffe64300
PCM 016618 0018e500 ffe88300 0016b400 00073300 fff78a00 000b1100 fff16600 ffecee00
PCM 016620 00122800 ffdbbf00 00253900 ffe77a00 00139a00 ffe17300 001b9100 ffdf2a00
PCM 016628 001d0f00 ffe96f00 00142400 fff37500 000b5600 ffed1400 000edd00 fff08c00
PCM 016630 000f5100 ffee8100 000ce200 fff69f00 00046000 00054800 fff83e00 00096800
PCM 016638 fff6ec00 0011eb00 ffe91100 000c9100 ffef8400 00164c00 ffe5e700 000e7600
PCM 016640 ffee0500 0003ff00 fff70e00 001d3a00 ffde0300 0028b700 ffd05200 0029b600
PCM 016648 ffce4f00 00236c00 ffd48100 000eb800 ffeef000 00085c00 fff04000 000ef500
PCM 016650 ffea0100 fff1c400 00072400 fffa8000 fffff600 0025b300 ffd70f00 00367f00
PCM 016658 ffc51f00 003c8700 ffc04e00 00342e00 ffc4b300 003e7100 ffb90900 0030de00
PCM 016660 ffca4f00 001bea00 ffe18800 0010c800 ffea3c00 000c6f00 fff1f300 001d4400
PCM 016668 ffdf6d00 000a3700 ffefbf00 fffa8000 0005f300 00104300 ffee6800 0012f800
PCM 016670 ffe7a200 002e1300 ffc9b200 002d5c00 ffcab600 00042600 fff52600 00073d00
PCM 016678 fff42500 000bec00 ffedf900 0014df00 ffe64000 00194f00 ffe31000 0000a700
PCM 016680 fffd9e00 fff7d100 0004f500 fff28c00 00087800 ffe8d400 0014e700 ffdb4d00
PCM 016688 00239000 ffd43f00 00296700 ffd34300 0029cf00 ffd1c400 002b4f00 ffaad700
PCM 016690 0052b400 ff886700 0073b600 ff71e600 008d1c00 ff7d7900 007dba00 ff9db200
PCM 016698 00608600 ffa0e800 005a9300 ff95b000 00692900 ff7fcb00 007aa400 ff9d0b00
PCM 0166a0 00604f00 ff864200 0075b300 ff7c8500 00816200 ff804000 007fef00 ff749d00
PCM 0166a8 008b1600 ff704900 008de300 ff74f300 00867600 ffa5bc00 00586900 ffba4b00
PCM 0166b0 0044df00 ffb7c100 00436d00 ffbc8200 0043a500 ffc35000 003acc00 ffc43c00
PCM 0166b8 003b2b00 ffb8d900 00487500 ffce4400 00319300 ffd2cf00 002af700 ffc1dd00
PCM 0166c0 003c3600 ffae3300 004f2c00 ff89e100 00728500 ff84fc00 007a7600 ff8ae700
PCM 0166c8 00752e00 ff9e9b00 0062eb00 ff8c7d00 006e5500 ff783d00 00869900 ff6e7600
PCM 0166d0 008c9900 ff751e00 00888000 ff689400 00974700 ff660500 00968000 ff6fc300
PCM 0166d8 0089ab00 ff723000 008cc300 ff919f00 0069fa00 ffa67000 00553c00 ffaa4500
PCM 0166e0 0054b900 ff8f7f00 006d0c00 ff63d700 009b8b00 ff4f3100 00ad0100 ff41ec00
PCM 0166e8 00bc8200 ff44d700 00bc3500 ff413f00 00ba0d00 ff50af00 00ad4000 ff54f000
PCM 0166f0 00aba400 ff3b7f00 00c36b00 ff40aa00 00bf4800 ff581400 00a93300 ff452600
PCM 0166f8 00b84000 ff36ba00 00c5a000 ff12bf00 00ee4700 fef08200 01101500 fefbfd00
PCM 016700 01045100 ff1d9400 00e35300 ff2b500
PCM 016708 00d1db00 ff347a00 00c82e00 ff485300 00bc7e00 ff4bfd00 00b23200 ff561500
PCM 016710 00aac700 ff4eff00 00aec100 ff4b8700 00b26800 ff586900 00a6be00 ff651200
PCM 016718 009a1e00 ff6c4f00 0092c900 ff61e700 009d2f00 ff50cd00 00ae1400 ff3aaf00
PCM 016720 00c03b00 ff286900 00d76800 ff486200 00b83600 ff45f800 00bbf800 ff375c00
PCM 016728 00c63100 ff362b00 00c8a300 ff3e4600 00c08d00 ff389100 00c8f100 ff557d00
PCM 016730 00ae8200 ff47d600 00b41600 ff5beb00 00a4c500 ff78ba00 0084ec00 ff95cc00
PCM 016738 0069e900 ff784700 00859d00 ff707000 008ed300 ff803600 00812400 ff7cec00
PCM 016740 00812300 ff712400 008ecd00 ff79fc00 00835100 ff751f00 008c9f00 ff80c700
PCM 016748 00804000 ff78f400 00856800 ff72c100 008e5c00 ff608b00 009c2500 ff5ce600
PCM 016750 009de600 ff4f4700 00ae6000 ff556f00 00a9cc00 ff629d00 009dff00 ff3de200
PCM 016758 00bd8100 ff546200 00aa9b00 ff79d000 0083eb00 ff6ea900 008b1900 ff6d6e00
PCM 016760 00923d00 ff4f9f00 00a97800 ff56c400 00ab8b00 ff6e0e00 00911d00 ff697800
PCM 016768 00982c00 ff6e4a00 008c1000 ff6fbf00 008a4f00 ff7f0400 007bff00 ff801b00
PCM 016770 00785000 ff9ddc00 0064c000 ff8bcf00 00719700 ff764e00 00872700 ff60d400
PCM 016778 009e3b00 ff7b0a00 00847f00 ff8dde00 006f7200 ff97c400 0067cc00 ffa7ac00
PCM 016780 005a3a00 ffa73c00 00557800 ffa56800 00570400 ff94a300 0069fd00 ff875300
PCM 016788 00716400 ff6f9400 008e9400 ff616200 009d2c00 ff693b00 0095c800 ff8c5b00
PCM 016790 0071ef00 ff77dc00 00860c00 ff827600 00781900 ff948b00 00695200 ff937600
PCM 016798 0065c400 ff838500 00797300 ff61ec00 009bb700 ff7a6c00 0080b700 ff962400
PCM 0167a0 00669400 ffa74a00 0050dc00 ffaf6600 004d8700 ffd46900 0026d300 ffd63900
PCM 0167a8 00256a00 ffc22f00 00378200 ffd5f100 0025ac00 ffc11a00 00395800 ffbfb300
PCM 0167b0 00391300 ffb81300 0043cb00 ffb2c500 0048c800 ffb8b900 0042f200 ffb16d00
PCM 0167b8 0051ad00 ffaf3300 004e9700 ffb44400 004a6500 ffc77700 00374a00 ffd3a000
PCM 0167c0 002ac600 ffecc700 0010d700 00137500 ffe95b00 00096100 fff2d800 ffebb600
PCM 0167c8 0013a600 ffd11600 002e6300 ffe6be00 0019a000 ffe0f100 001e9c00 ffe35200
PCM 0167d0 00168700 ffd8ea00 001f8400 ffca7000 00334100 fff08700 000c5600 0005f900
PCM 0167d8 fff3e300 ffec9c00 000ec900 00086200 fffa3b00 00114900 ffe8c100 0017d100
PCM 0167e0 ffe2ec00 002e4100 ffd01900 001a6900 ffdfb300 0002e700 fff61800 00080b00
PCM 0167e8 fff27e00 00432000 ffb7e800 004b9800 ffb16700 0027a700 ffd21000 002a4700
PCM 0167f0 ffd2c100 0033a000 ffc97d00 002cc900 ffccf100 0037b900 ffc42c00 003bde00
PCM 0167f8 ffc10700 0045f800 ffb28800 002c9000 ffca7f00 00364000 ffc4ad00 00409300
PCM 016800 ffb89300 0038f600 ffc45900 0033fb00 ffc96c00 0030be00 ffca8400 0028c600
PCM 016808 ffd0a900 00322300 ffc79a00 002e9f00 ffcf4100 004a7300 ffabd800 0053f100
PCM 016810 ffa41f00 00505800 ffaa9c00 00609300 ff9ac800 0055ad00 ffa43500 004ce000
PCM 016818 ffac9f00 00491000 ffaf5e00 004b0900 ffae5d00 002e5400 ffccf900 002c9700
PCM 016820 ffd28600 0025e300 ffd7d400 00477400 ffb4c800 0060ba00 ff9b7100 00565900
PCM 016828 ffa3b000 0038fe00 ffc59200 00416400 ffbae000 004df100 ffaff300 004b1400
PCM 016830 ffb12400 00e900 ffabd200 005e8c00 ff9ef100 00733100 ff865f00 00714f00
PCM 016838 ff8b5800 006e6a00 ff8f5500 005aec00 ffa58900 0056ff00 ffa85900 00601200
PCM 016840 ff9c4500 0054db00 ffa44100 00752200 ff81c300 007a8100 ff7e9700 0063e0PCM 016848 ff9af300 006dbd00 ff88b600 008afb00 ff6f5900 008c0b00 ff6b2000 00857500
PCM 016850 ff760400 008a4a00 ff701c00 00885e00 ff711900 00750600 ff853900 00692500
PCM 016858 ff921900 005acb00 ff9d7900 00731100 ff863200 00840500 ff795100 006bcb00
PCM 016860 ff8e5400 006d9a00 ff8d2900 008cb000 ff6cbf00 0067bb00 ff90ed00 004ed400
PCM 016868 ffafa900 0055d300 ffa32400 00533b00 ffa6f300 00595400 ffa38f00 00535000
PCM 016870 ffa7b300 0072c000 ff89b100 006a8e00 ff8d4100 0052f800 ffa76100 004a9a00
PCM 016878 ffb46f00 0059de00 ffa14700 00734c00 ff86f100 00726100 ff89ff00 00680100
PCM 016880 ff8f6400 006bb000 ff8bb700 004b6100 ffaea800 00566200 ffa46400 0052ba00
PCM 016888 ffa6f400 005c1700 ff9d4a00 007da900 ff806500 00898100 ff71c100 007cbe00
PCM 016890 ff7e2600 00609f00 ff958400 00795300 ff7f6a00 00828d00 ff75a200 00915400
PCM 016898 ff6b7300 008e1600 ff6c2a00 009a6900 ff597400 00850500 ff769500 004d8b00
PCM 0168a0 ffac0100 00482900 ffb01c00 00403a00 ffb84400 003a0900 ffbf6d00 0028c900
PCM 0168a8 ffce5700 00394b00 ffc26300 004b7300 ffb08100 006a3c00 ff8db500 006f0f00
PCM 0168b0 ff891000 0066cd00 ff8f0800 003bab00 ffbd0800 004d5600 ffafa400 0064b300
PCM 0168b8 ff933c00 00798d00 ff810000 00848e00 ff72fd00 00774800 ff800200 0075ff00
PCM 0168c0 ff834e00 005d8b00 ff9c9500 0059e700 ffa06f00 0050a600 ffac1b00 004b8300
PCM 0168c8 ffafbc00 00347000 ffc73000 0037e600 ffc18c00 00480800 ffb25500 00492b00
PCM 0168d0 ffb07f00 00609c00 ff949100 007f5d00 ff75a500 00685100 ff8f0500 005cf400
PCM 0168d8 ff9a2600 005ed900 ff9b2600 004ddd00 ffb1c200 0055de00 ffa89c00 005f4000
PCM 0168e0 ff9bc600 004df900 ffad9000 00593400 ff9cbf00 002fa600 ffc9bb00 00154c00
PCM 0168e8 ffe23e00 003ede00 ffbc1c00 004eb200 ffabed00 00469600 ffb01f00 00520a00
PCM 0168f0 ffa36400 00496900 ffb39b00 00584800 ffa2ba00 00640c00 ff976600 0050fb00
PCM 0168f8 ffa8c600 00341500 ffc43b00 00192000 ffe3f600 001ec700 ffdc6a00 00222600
PCM 016900 ffd9f900 0010d100 ffee4700 002c0e00 ffce8f00 002dba00 ffcbd700 00344d00
PCM 016908 ffc38300 0042d900 ffb97800 00471c00 ffb70300 002c7500 ffd01400 00260400
PCM 016910 ffd5a900 001e9900 ffde2600 00065500 fff37700 00050000 fff69a00 fffd7f00
PCM 016918 fffd4500 fff1d100 00095700 ffe64300 00169000 ffd8f500 00213c00 ffda1b00
PCM 016920 0021e100 ffcef800 002d8000 ffd50700 00258300 ffe6a400 00130700 ffd87100
PCM 016928 0021c900 ffd6d900 0022f700 ffd71000 00250400 ffc9c700 00311800 ffcb8f00
PCM 016930 00310e00 ffc41200 00391200 ffbca600 00416b00 ffaee400 004c0600 ffa3b800
PCM 016938 0057ec00 ff881f00 00739200 ff7eea00 00801b00 ff88b400 0075c900 ff8ed300
PCM 016940 006aa700 ffa5fc00 005aba00 ffa30f00 005c6800 ffa45f00 0058ab00 ff89b900
PCM 016948 006fbd00 ff818100 007c2500 ff9e3f00 005e7b00 ffbd9f00 0042a900 ffcbd300
PCM 016950 00353f00 ffb3bf00 0048e700 ffac6c00 004ecf00 ffac8b00 00546400 ff861e00
PCM 016958 00756000 ff56ea00 00a71d00 ff552b00 00a8b900 ff6a6100 00948d00 ff8b6500
PCM 016960 00702500 ff812000 007c4a00 ff67b300 00972e00 ff51ba00 00aa9600 ff44cd00
PCM 016968 00bc3600 ff2e2b00 00d2df00 ff251f00 00d7e900 ff429d00 00bbd900 ff366e00
PCM 016970 00ca4000 ff437e00 00bc1400 ff3eb200 00bf7f00 ff4a1400 00b2e900 ff423000
PCM 016978 00b9e300 ff2ffc00 00cb0400 ff343e00 00cc6c00 ff1ab700 00e51f00 ff43ef00
PCM 016980 00be4300 ff3dd300 00be0000 ff428200 00bdc200 ff3bb200 00c09e00 ff3b1500
PCM 016988 00c46e00 ff582700 00a6c800 ff421500 00bf4800 ff328700 00cc2f00 ff41e100
PCM 016990 00bb4a00 ff4c8000 00b1d000 ff515200 00aa7f00 ff620f00 00999600 ff6a0f00
PCM 016998 0090b000 ff74f400 00840000 ff630400 009a0900 ff4c5500 00b28d00 ff523700
PCM 0169a0 00aec400 ff6c2700 008e0b00 ff718500 00886200 ff69c300 0092d100 ff532f00
PCM 0169a8 00ab6f00 ff62ae00 009bac00 ff7d4c00 007df800 ff8da600 006e6500 ff8e3000
PCM 0169b0 006b1d00 ff88f400 00737200 ff7e8200 00838c00 ff8add00 00702c00 ff8a4a00
PCM 0169b8 00712900 ff976500 00684b00 ff954b00 0068d800 ff858600 00772900 ff747700
PCM 0169c0 008b1900 ff85c200 00783e00 ff9a8c00 00621800 ff964800 00647d00 ff8cc800
PCM 0169c8 0073b500 ff7a2700 00803000 ff7e3900 007d3200 ff94b800 0066d400 ffae7c00
PCM 0169d0 00476500 ffac7000 004edb00 ffb91200 00424c00 ffaa0f00 0052ec00 ffb79800
PCM 0169d8 0046fa00 ffc71900 00335900 ffdc8c00 001cab00 ffe5b500 00189400 ffc12800
PCM 0169e0 003a6d00 ffc01600 003ce800 ffc81500 003ad100 ffc2b300 003dd900 ffad7900
PCM 0169e8 004ea400 ff9bdd00 005e3e00 ffb5a000 0046ff00 ffb37300 004aeb00 ffb3c400
PCM 0169f0 00434f00 ffc08400 003cb300 ffb2cf00 00488f00 ffb17000 0047d300 ffb41200
PCM 0169f8 00475800 ffaa8e00 004e1400 ffb12600 004de800 ffb7af00 00454b00 ffc41100
PCM 016a00 0035b200 ffc4e900 00363100 ffc63e00 003c0000 ffb64c00 00451400 ffb99a00
PCM 016a08 00463b00 ffbe5200 003fd600 ffcf2f00 002cd800 ffd38d00 0028e400 ffd0a700
PCM 016a10 00281c00 ffe96c00 0011c600 ffe84c00 00142c00 ffe01200 0017f500 fffa4900
PCM 016a18 0004f600 fff1b800 000a5400 ffd0a600 002d9000 ffd53100 00285000 ffedf700
PCM 016a20 000f9400 ffff3500 fffa6200 fffbdf00 0000ae00 fff5c200 00088a00 fffb2100
PCM 016a28 0001d600 fff44200 00099700 ffe63700 00160000 ffe58000 00164300 fffce200
PCM 016a30 fffb8c00 fff80900 00020d00 fffb2600 00041200 001e8c00 ffdda900 00293100
PCM 016a38 ffd27900 003b7400 ffc14e00 0044ff00 ffb97900 00362600 ffc7ae00 004be900
PCM 016a40 ffafd100 0050b300 ffa65100 00552800 ffa40200 003ed100 ffbfea00 00277500
PCM 016a48 ffccac00 0016b200 ffe2c100 002c6b00 ffd38000 00439d00 ffb64c00 004e0600
PCM 016a50 ffb09900 0032f100 ffc4a500 003aaf00 ffbfc700 00413800 ffb87200 0048cd00
PCM 016a58 ffb07900 00550e00 ffa2e100 005c6000 ffa04d00 006ce300 ff904e00 004b1e00
PCM 016a60 ffafea00 00506a00 ffab1b00 00566200 ffa7c600 004e7c00 ffad4700 0031d000
PCM 016a68 ffc95c00 003a3c00 ffc13c00 00360600 ffc2fa00 004b4000 ffac4f00 00723300
PCM 016a70 ff88c800 00840800 ff72e700 0086c200 ff726e00 00809000 ff79f800 00864000
PCM 016a78 ff712200 00815f00 ff7a1b00 0075ac00 ff82a100 00927b00 ff683e00 00847200
PCM 016a80 ff79a400 005e6e00 ff990100 00655f00 ff93c300 00612100 ff9c5f00 004fa700
PCM 016a88 ffa49c00 006cba00 ff8e0b00 006b2e00 ff8ae600 007d8c00 ff7c7e00 008d0200
PCM 016a90 ff6bb000 00887300 ff6e0800 0092d300 ff66a100 009b5800 ff5d4700 00854200
PCM 016a98 ff724f00 005ef700 ff9d3100 0059ab00 ff9fd800 0060c300 ff92ea00 00755900
PCM 016aa0 ff839e00 0073b800 ff870a00 00638500 ff94ed00 0060f000 ff986300 0066c300
PCM 016aa8 ff96e000 0081f500 ff765c00 0074a700 ff846500 007ca600 ff7c9900 00898200
PCM 016ab0 ff707e00 0087de00 ff70b300 008ac100 ff6fe900 008c5f00 ff6c3600 0096d000
PCM 016ab8 ff63e700 00b0c600 ff450600 008bdf00 ff6aee00 0084de00 ff780800 009f2300
PCM 016ac0 ff5a4800 009c9900 ff5f1d00 00a2eb00 ff576000 008fa700 ff698500 00980500
PCM 016ac8 ff5f4800 009fbd00 ff58fb00 00a99200 ff4c0700 009d6800 ff59a200 00a78e00
PCM 016ad0 ff529800 009e6c00 ff59dd00 00a4a800 ff516600 00d0b400 ff248800 00e6a700
PCM 016ad8 ff0fcc00 00de2f00 ff166700 00c08100 ff3b6400 00a87500 ff522900 00bae100
PCM 016ae0 ff411100 009ead00 ff5ef000 00929800 ff63e900 0095d000 ff65e700 008c9400
PCM 016ae8 ff6d7600 008daa00 ff6c8a00 00859d00 ff715500 0090d900 ff668a00 008c8500
PCM 016af0 ff6d1800 00951d00 ff620300 008b2900 ff6b3c00 00945800 ff6a1b00 00a59d00
PCM 016af8 ff54e600 00b2b300 ff47aa00 009c3400 ff60b000 00ace100 ff478500 00cf7100
PCM 016b00 ff279800 00d17400 ff28b000 00c85a00 ff320a00 00c43c00 ff33f400 00bd7500
PCM 016b08 ff3afc00 00b6f900 ff429600 00d84600 ff20cb00 00e8a000 ff0e5d00 01086b00
PCM 016b10 fef15900 01068e00 feef8b00 00f15900 ff06bd00 00efc000 ff0a6b00 00e63400
PCM 016b18 ff172100 00e8ea00 ff101700 00eefc00 ff0a2100 00e83e00 ff133700 00d92c00
PCM 016b20 ff1f9400 00cbdb00 ff2e480PCM 016b28 ff2c2300 00bd1700 ff395c00 00b45200 ff481500 00cd8600 ff2f2900 00bcb700
PCM 016b30 ff3e1400 00a02600 ff52c100 00b72c00 ff425100 00ab5a00 ff510f00 009fc100
PCM 016b38 ff5c8d00 00984500 ff5fe300 008d4700 ff6a6700 00862b00 ff74c900 00989f00
PCM 016b40 ff65c300 00a24a00 ff589200 00884500 ff779900 00756400 ff818300 00688800
PCM 016b48 ff924600 008d4500 ff6d9b00 00812400 ff767700 0070a700 ff89b000 006e9000
PCM 016b50 ff883e00 00966800 ff649c00 00a0f700 ff571500 00a09400 ff5cfd00 00a89d00
PCM 016b58 ff4dbf00 00966600 ff64af00 00a78900 ff501800 009ee200 ff5b2a00 00ad4a00
PCM 016b60 ff4de700 000
PCM 016b68 ff717100 0081e200 ff739b00 0086db00 ff74d800 0075b700 ff8af400 0075aa00
PCM 016b70 ff81f400 00784f00 ff7f4d00 006e8800 ff8ef500 00643b00 ff95ac00 0051c600
PCM 016b78 ffa66e00 003dd600 ffb97700 004dea00 ffa7a100 00618a00 ff9bf900 00659500
PCM 016b80 ff8faf00 00672000 ff90c300 0060a800 ff9aa700 0058bb00 ffa1c000 00582000
PCM 016b88 ffa60000 00510400 ffac9700 00422700 ffbc6400 00538200 ffa5ef00 005c0500
PCM 016b90 ff9e1000 00454600 ffb4bf00 00253b00 ffd1d000 0026d200 ffd4dc00 001eca00
PCM 016b98 ffda7800 00147000 ffec8000 fff42c00 0005fb00 fff1a400 00097900 ffd39800
PCM 016ba0 0025ee00 ffbe2800 003dd200 ffbc4000 003df400 ffe79400 00159300 fff0cb00
PCM 016ba8 00075500 ffe5fd00 00154600 ffeafc00 00108900 ffe3f400 0018f600 ffe8a400
PCM 016bb0 00156a00 ffd55800 00273000 ffd0b200 002df800 ffd81d00 0021a200 ffd0ba00
PCM 016bb8 002bc800 ffd34100 002b4e00 ffe43400 001be100 fff2f600 000b1700 ffeb5400
PCM 016bc0 00154d00 ffcce400 0030b400 ffb6d800 00461500 ffbbe900 0043dd00 ffbe4500
PCM 016bc8 0041c700 ffb89900 0046e400 ffaa1c00 0056ef00 ffaf4300 004a4c00 ffb14000
PCM 016bd0 004d6400 ff9d3200 005e3000 ffa39000 005b1500 ff9a1500 00631b00 ff961b00
PCM 016bd8 0065e800 ff783a00 00897300 ff90ea00 006be800 ffa52200 005bfc00 ffbd6700
PCM 016be0 00405700 ffb43800 004b3d00 ff8a1600 00792200 ff777400 0086a700 ff8ae100
PCM 016be8 00764e00 ffabb400 00538700 ffc0a100 003b6500 ffb4a000 004a1e00 ff9b8e00
PCM 016bf0 00633900 ff9f6500 0060d300 ff8bf800 00739200 ff81dc00 00797300 ff6fa100
PCM 016bf8 00918500 ff53cd00 00a61f00 ff4a8200 00b25000 ff58a500 00a30800 ff4bb400
PCM 016c00 00b03d00 ff542800 00adff00 ff607700 009ff200 ff6f2f00 008ba700 ff78ae00
PCM 016c08 00880800 ff6e0400 0092a300 ff788e00 00894f00 ff73c600 008aca00 ff6a9900
PCM 016c10 0094d400 ff656600 009b8a00 ff61a800 009cd600 ff5cd800 009f2900 ff5c0c00
PCM 016c18 00a3b600 ff5fbc00 009ebd00 ff67a200 0099db00 ff6d0600 00936700 ff71df00
PCM 016c20 008d2900 ff622200 00990a00 ff6b1300 00969b00 ff5e7200 009e1600 ff58a200
PCM 016c28 00a5d700 ff781300 00875e00 ff921700 006e9b00 ff6da300 00923a00 ff607000
PCM 016c30 009b0200 ff6bea00 00934d00 ff680700 00982700 ff7b0c00 00804900 ff7b4300
PCM 016c38 00856900 ff9b5900 0063b700 ff9cbd00 005f8000 ff9f6c00 005e2d00 ffbc8e00
PCM 016c40 00410c00 ffbd7300 003dd900 ffd49100 002b0e00 ffdd1000 0020e600 ffbcaf00
PCM 016c48 00421a00 ffcdbd00 002f4300 ffc97000 0031e900 ffc83f00 00388b00 ffc41300
PCM 016c50 003b0500 ffd06e00 002dd500 ffe89400 0012fc00 ffec1000 0010e800 ffe7dd00
PCM 016c58 00143e00 ffec5700 00129100 ffe55c00 00164600 ffdd9500 001fbd00 ffef9100
PCM 016c60 000dc700 ffe8f000 0013ff00 ffdfb900 001ed500 ffe7cf00 00129200 ffecbc00
PCM 016c68 000f7a00 ffe17f00 0020ce00 ffcbc200 00326400 ffdae100 00268a00 00047500
PCM 016c70 fffd0600 00096e00 fff56900 00223000 ffdb6d00 000f1800 ffee5300 fff49e00
PCM 016c78 00072600 ffdca000 00221000 ffc2ac00 003d7f00 ffb9ba00 0043d100 ffa5fa00
PCM 016c80 00591200 ffb83000 00433d00 ffc52700 00397700 ffd77c00 00245f00 ffc5a200
PCM 016c88 003ad800 ffc77700 0034bc00 ffd91400 0022c100 ffdcdc00 001e4400 ffc43500
PCM 016c90 0034bd00 ffd12400 002b4300 0001c200 fffc6400 ffef0600 00108200 fff28000
PCM 016c98 000bcb00 ffdc9200 0020f200 ffc53e00 0034b200 ffc9fd00 00367100 ffc16700
PCM 016ca0 003c5000 ffcf4400 002fe000 ffbc5500 00437100 ffb3f500 00496100 ffc81e00
PCM 016ca8 0034b800 ffc06500 00399600 ffc5ff00 0034ea00 ffd4fe00 0028a000 ffe52f00
PCM 016cb0 00190100 ffdc9d00 0021c700 ffc12b00 0039ff00 ffcacb00 0030ec00 ffdda900
PCM 016cb8 001cbe00 ffd83900 00290500 ffda7f00 00266500 ffd1d400 002c1800 ffe48a00
PCM 016cc0 0014f400 00078c00 fff2f500 ffecb600 000e4b00 ffcc8b00 00296300 ffd2d800
PCM 016cc8 00273d00 ffd3a500 0027cb00 ffba7a00 003ec100 ffa6bf00 00542500 ff9c9b00
PCM 016cd0 00615200 ffc51e00 00360f00 ffc51700 00383200 ffc5d900 0038c400 ffda9b00
PCM 016cd8 0026f300 ffd33e00 002ac500 ffc8dc00 0034ed00 ffde9a00 001db100 fff02b00
PCM 016ce0 000c5000 001a3b00 ffe6ac00 000b9c00 fff47a00 00011200 fffd9e00 00053200
PCM 016ce8 fff61400 fff1d900 0008ad00 fffeeb00 fffbf500 fff4fb00 00053500 fff38300
PCM 016cf0 00083f00 fff5ee00 00045d00 0014a200 ffe7ac00 00272900 ffd65100 00284900
PCM 016cf8 ffd24c00 0042c000 ffb93b00 00345c00 ffc91b00 00438200 ffbcc100 00507100
PCM 016d00 ffa9bc00 00293e00 ffd21800 00072600 fff7f800 00020800 fff9bd00 00098a00
PCM 016d08 fff45400 001a4a00 ffe1ce00 001cd200 ffdfbc00 002f1800 ffce7f00 00276e00
PCM 016d10 ffd3c600 00315000 ffcc0f00 00198400 ffe09800 fffef700 fffcce00 00343b00
PCM 016d18 ffcb1200 00379800 ffc2b900 002a3100 ffd10300 00265900 ffd45900 00261200
PCM 016d20 ffd39700 00319200 ffc79900 00333300 ffc62500 0030b400 ffcaf800 00362100
PCM 016d28 ffc03500 00494800 ffb20e00 005eb700 ff99fe00 00537100 ffa5e800 003f1900
PCM 016d30 ffba4700 00497700 ffaff800 003cdd00 ffbc9200 00358b00 ffc35a00 00420100
PCM 016d38 ffb86800 00296c00 ffd13900 001bc900 ffd88d00 0023cd00 ffd6f300 0034e400
PCM 016d40 ffc50200 00477200 ffaf0200 0056d500 ffa7eb00 005c2c00 ffa2d900 00628e00
PCM 016d48 ff9a0900 006b6800 ff8d9400 006a8b00 ff918000 0060df00 ff9e3e00 00548800
PCM 016d50 ffa71400 0051fa00 ffa8b100 00593200 ffa14900 006a9900 ff906b00 00692b00
PCM 016d58 ff908900 0068d500 ff944d00 00683600 ff92c400 006b4500 ff8cdb00 00771300
PCM 016d60 ff83fb00 0074a200 ff881d00 006f8f00 ff88eb00 00784f00 ff80ed00 006ccf00
PCM 016d68 ff895800 006c6e00 ff8fb100 00608900 ff9a7200 0080e900 ff773800 00972f00
PCM 016d70 ff63c700 00ad1400 ff4d7e00 00969e00 ff603b00 007b5c00 ff7dea00 009afa00
PCM 016d78 ff61ad00 00996900 ff5f0100 008bb100 ff6d6400 008e1800 ff6b3e00 00857a00
PCM 016d80 ff751900 00938200 ff632f00 0095c100 ff62b100 00920300 ff68f100 008dde00
PCM 016d88 ff6aaf00 009d0400 ff5e8d00 008ef200 ff692000 00a04f00 ff566500 00c1a100
PCM 016d90 ff3ab600 00a7fa00 ff532900 008a7500 ff6ea300 006bdb00 ff8b8200 004c9300
PCM 016d98 ffaf8c00 006d8400 ff8dd500 00645800 ff946300 00666400 ff92c100 00749100
PCM 016da0 ff851700 00a24300 ff551700 00b55a00 ff42ef00 00a8ec00 ff500000 00adff00
PCM 016da8 ff4f1900 009c8700 ff61df00 009d1700 ff5ea300 0098be00 ff5fb200 00b4a700
PCM 016db0 ff465200 00bf1800 ff356300 00c7c500 ff2fa000 00bc4900 ff435a00 00a51800
PCM 016db8 ff53e800 008ecb00 ff6d3300 007ffc00 ff779200 00767600 ff812c00 007ef200
PCM 016dc0 ff7a2600 00835200 ff76ea00 008fc000 ff6bb100 007be400 ff804a00 005ff200
PCM 016dc8 ff9c1900 0045c600 ffb95500 002fa300 ffc97900 003f0d00 ffbdf000 00242f00
PCM 016dd0 ffd90e00 00258d00 ffd6cc00 00426000 ffbc0600 00695f00 ff91c800 00660b00
PCM 016dd8 ff902100 00676500 ff91f900 0061fe00 ff96ab00 00478700 ffb08e00 0036a600
PCM 016de0 ffc21900 0028d000 ffcfb000 002a2800 ffd0f000 00272300 ffd0d100 00368b00
PCM 016de8 ffc22d00 003e3a00 ffbc3300 00505900 ffa4bf00 00479800 ffad9a00 0044f000
PCM 016df0 ffb72000 004e9c00 ffaed600 00469100 ffb77800 003cb700 ffbf8000 00324300
PCM 016df8 ffcb9f00 00182900 ffddb100 0023f000 ffd52000 00318700 ffccd000 001c6d00
PCM 016e00 ffddbc00 000daa00 ffecbf00 ffebd600 00111100 ffe59200 00193b00 ffed2f00
PCM 016e08 000fe000 ffeccb00 0010a400 ffe0f200 0018a600 ffdc7400 001c4300 ffc74f00
PCM 016e10 00349c00 ffa99100 0053a500 ff995000 0065bf00 ff815300 007ddd00 ff936f00
PCM 016e18 00689600 ffa1fa00 00594200 ffa40400 0056a000 ffaea600 004f4d00 ffbad000
PCM 016e20 00429a00 ffb64b00 004a2900 ffb3a600 0049b700 ffa79700 0056c500 ff9e4700
PCM 016e28 00632900 ff986900 00662800 ff85e400 00789200 ff734200 008f8000 ff71ba00
PCM 016e30 008f7600 ff733f00 008e5a00 ff76a500 00882000 ff81be00 007c4a00 ff738400
PCM 016e38 008b5b00 ff902700 006dbb00 ff897500 00735700 ff94eb00 006b4400 ff886700
PCM 016e40 0075ff00 ff7b5100 00826600 ff7f3b00 00843d00 ff6b3200 00927700 ff6cf700
PCM 016e48 008fe500 ff835600 007b4700 ff8a0d00 0071fc00 ff898b00 0077e000 ff73a200
PCM 016e50 0089ee00 ff74cf00 00884300 ff6a7800 0090e600 ff548c00 00ac2100 ff2e3f00
PCM 016e58 00d0c100 ff249d00 00d92400 ff3a9700 00c1a200 ff669700 00989500 ff5d9300
PCM 016e60 009db900 ff538800 00ab5c00 ff577000 00a93e00 ff3c6000 00c1ed00 ff37ba00
PCM 016e68 00c8a400 ff2ce700 00d43d00 ff14b300 00eb7300 ff21e200 00d7a900 ff237000
PCM 016e70 00ded400 ff273200 00d60900 ff23df00 00dcac00 ff39c600 00c28f00 ff1cf200
PCM 016e78 00e4c500 ff0fdd00 00f1d900 ff190600 00e30600 ff19fb00 00e58300 ff2ef600
PCM 016e80 00ce6000 ff1ef000 00deeb00 ff134000 00ea5100 ff18d700 00e99000 ff0d1000
PCM 016e88 00f17000 ff0ef500 00ee6e00 ff0f8e00 00ee4200 ff0e6e00 00edf800 ff0d1a00
PCM 016e90 00f2db00 ff06fc00 00f60c00 ff02ba00 00fd5100 fefd4400 01022a00 fef45b00
PCM 016e98 010aab00 feec2100 0112ec00 fee77e00 0119f500 fee19400 0123f000 fee14900
PCM 016ea0 011f7800 ff194500 00e6a200 ff292b00 00d7e800 ff071600 00fd0a00 fef4c000
PCM 016ea8 01080d00 ff0a4a00 00f70100 ff118b00 00f10800 ff275300 00d79400 ff239f00
PCM 016eb0 00ddba00 ff3a0700 00c54300 ff3ce000 00c45e00 ff33c300 00ca7900 ff469200
PCM 016eb8 00b3cb00 ff3a0300 00c5f400 ff20b800 00df8c00 ff130d00 00f14100 fef15c00
PCM 016ec0 010ccc00 feeb6e00 01147700 feeae900 01168300 fed18700 012f4500 fedf1100
PCM 016ec8 01215200 ff02ef00 00fe2e00 ff00c000 00fbc800 ff02d000 00fa9e00 ff0de600
PCM 016ed0 00f0c300 ff22b300 00ddf500 ff20e100 00e0d300 ff1a4b00 00e93500 ff11a000
PCM 016ed8 00f14700 ff16d000 00edbb00 ff1d3400 00e2b700 ff207200 00ddcf00 ff24d400
PCM 016ee0 00dfe400 ff188500 00ea5200 ff07e000 00f8b100 ff0a3700 00f8ef00 ff0ffa00
PCM 016ee8 00f08c00 ff0ca000 00f5ab00 feee0000 010f1900 fee99000 01137d00 fef89600
PCM 016ef0 01033200 ff0ac100 00f52c00 ff07ef00 00f71d00 ff266000 00d8a300 ff49dc00
PCM 016ef8 00b25e00 ff3e0400 00c25a00 ff43da00 00b79100 ff46ed00 00bab100 ff422600
PCM 016f00 00b95000 ff5c2900 00a46900 ff44c200 00b95900 ff44bc00 00bb7600 ff2eaa00
PCM 016f08 00d00c00 ff38bb00 00c2e000 ff54ePCM 016f10 0097c000 ff6f7000 00909e00 ff6eca00 00901b00 ff76dd00 0084fd00 ff881300
PCM 016f18 00766100 ff9cd400 0061ab00 ff893500 00711200 ff7d4500 0081b400 ff7a7400
PCM 016f20 00820000 ff56d500 00aa3c00 ff564b00 00a68b00 ff794c00 00817000 ff73ab00
PCM 016f28 0087fa00 ff88f900 00767b00 ff984400 006a7400 ff7ed800 007eca00 ff64cf00
PCM 016f30 00990900 ff578200 00a48d00 ff55d100 00a56c00 ff47e200 00b6d800 ff59da00
PCM 016f38 00a70200 ff6e3200 008e6a00 ff828200 0078f000 ff769100 00868c00 ffa2d100
PCM 016f40 005b4200 ffcb9300 00351600 ffc40200 0038a900 ffc29f00 003bc600 ffc9f300
PCM 016f48 0033a000 ffd4f000 00251700 ffc8be00 0036cf00 ffb14f00 004f0900 ff96f200
PCM 016f50 00685500 ff8b9a00 00761f00 ff970000 0063e800 ffbad300 0043e400 ffb82e00
PCM 016f58 00483c00 ffb5d000 0047f800 ffb1b300 0049e000 ff9bc900 0061c300 ffa64d00
PCM 016f60 00580f00 ffb43900 00488700 ffb4f200 004a6b00 ff9d2c00 00609e00 ffb71d00
PCM 016f68 00475500 ffb09f00 004d4a00 ffb2be00 004c1300 ffca2a00 0035bc00 ffd19100
PCM 016f70 00292200 ffd4d900 00262e00 ffe40900 00162000 ffebc200 0011ca00 ffdbe300
PCM 016f78 0024cc00 fff39100 0008ac00 fff1f500 000c7e00 ffda1700 0023b600 ffc24e00
PCM 016f80 00388800 ffd19d00 002c3700 ffc91300 00318200 ffd04c00 002caf00 ffe62a00
PCM 016f88 001ac000 fff38600 000ad600 ffe61d00 00164400 fff54400 0008df00 ffefbf00
PCM 016f90 000cab00 000ad300 fff39900 fff3db00 00059800 ffe03800 001b4300 ffe28300
PCM 016f98 00192f00 fff25c00 00071d00 fff77e00 0006e400 00026700 fff89700 fff73c00
PCM 016fa0 00088600 ffdc5900 001ec700 ffe78000 00179500 ffe7c600 0016bd00 fff38200
PCM 016fa8 00054500 00040800 fff6f500 00045200 fffab700 fffc2300 fffcd600 fff6a700
PCM 016fb0 0007e600 0008fd00 fff19100 fff43900 0005e100 ffe95f00 00134500 ffecd300
PCM 016fb8 00117e00 ffe4ce00 00170400 fff2c700 00096d00 fffe3e00 fffd0900 0009c100
PCM 016fc0 fff27400 0014a700 ffe80400 fff7eb00 0004ef00 000a4300 fff14c00 0002a600
PCM 016fc8 fffa4400 00197300 ffe2b700 00099400 fff11600 fff6d300 0004f700 000db500
PCM 016fd0 ffeeae00 0026ae00 ffd7c600 001bbc00 ffe59c00 0027b700 ffd56d00 002c7400
PCM 016fd8 ffd37100 0016b200 ffe1a100 001be300 ffe03a00 00128c00 ffe95500 0012be00
PCM 016fe0 ffeb5700 002ad900 ffd30e00 001bce00 ffdcaf00 00342700 ffc8e500 002c7b00
PCM 016fe8 ffcaad00 00415400 ffbad900 00558000 ffa78e00 004bb000 ffaef000 0052cf00
PCM 016ff0 ffa5ca00 005b3f00 ff9e0800 0064cb00 ff94b900 00595a00 ff9ba100 005cac00
PCM 016ff8 ff9a6f00 0057f200 ffa0a800 00527300 ffa5f400 00511400 ffa97d00 0063be00
PCM 017000 ff97a800 005ce000 ff9d1a00 00702900 ff8adf00 00890a00 ff745a00 007f9800
PCM 017008 ff7cf600 0090e200 ff6aa400 009b2200 ff5f5900 00810600 ff790c00 007e9300
PCM 017010 ff7e3300 0084d600 ff758200 008a1200 ff735c00 007bbb00 ff7bc700 0096c000
PCM 017018 ff65fe00 00a8ab00 ff4e6e00 008f9f00 ff665800 008d8600 ff6d6b00 009aa100
PCM 017020 ff63bb00 00ad1600 ff4bed00 009d7c00 ff593400 0096e700 ff64da00 008bb900
PCM 017028 ff6efc00 007a7500 ff7fbc00 00891f00 ff719900 007d3300 ff7ca700 008d6200
PCM 017030 ff6e2100 00a43800 ff56dc00 00aa2b00 ff4f8c00 009df400 ff5ccb00 00aa9400
PCM 017038 ff545200 00b26b00 ff4c8f00 00c79900 ff32a000 00cf5500 ff299f00 00b78a00
PCM 017040 ff40ba00 00bea000 ff3ee000 00b9d100 ff415900 00af1500 ff48de00 00bb6000
PCM 017048 ff3da600 00a8c900 ff504d00 00b06600 ff493e00 009cdf00 ff5b1b00 0098a800
PCM 017050 ff621000 009aa800 ff5dae00 0085c400 ff727500 00847f00 ff782700 00833200
PCM 017058 ff7bd300 00889b00 ff713000 00970300 ff5d3400 00b9c300 ff416200 00ae3100
PCM 017060 ff49e900 00b54b00 ff446400 00b69100 ff443500 009de800 ff611d00 008e0d00
PCM 017068 ff6ff800 00935000 ff67f800 0082bc00 ff763c00 00615600 ff99e200 00627100
PCM 017070 ff9a0800 004c0600 ffaf6d00 005a2c00 ffa0e000 00754200 ff82d800 00768800
PCM 017078 ff81f200 0074eb00 ff843500 00928e00 ff65b500 008c5000 ff6d2100 00a33800
PCM 017080 ff563a00 0098a300 ff637200 006ff400 ff893c00 00680800 ff92ac00 00632c00
PCM 017088 ff986500 00690900 ff926800 00642400 ff98e100 00568200 ffa20800 00542c00
PCM 017090 ffa7cc00 003dad00 ffbdfc00 00228a00 ffd8f800 001b4200 ffe39b00 000c2e00
PCM 017098 ffecb600 00063f00 fff3af00 fffd0400 fffe1c00 fffac300 00023600 00095300
PCM 0170a0 fff06600 0006f200 fff6d000 00014500 fff7b400 00066000 fff4b600 00202500
PCM 0170a8 ffde1400 00127e00 ffe73000 0000f100 fffbf000 0002da00 fff65500 000ad100
PCM 0170b0 fff25f00 00045c00 fff9c900 000c6b00 fff13b00 fffcbf00 fffe5000 fffc1c00
PCM 0170b8 00035400 ffe13600 001f8a00 ffdd5300 0020ee00 000cfa00 ffefb300 000a8a00
PCM 0170c0 fff19900 fffb6c00 ffffe300 ffd31e00 00280a00 ffc93100 00326f00 ffeaca00
PCM 0170c8 000f0f00 ffeaa800 0010ea00 fff32c00 00089600 00017f00 fffa4400 0006f100
PCM 0170d0 fffa7b00 00086b00 fff81700 00033d00 fff8d100 fff18500 000c1900 ffd96600
PCM 0170d8 001fa100 ffbc5400 003f0000 ffbda60 003f1f00 ffa35700
PCM 0170e0 0059be00 ff8a1200 0074e100 ff825000 00777500 ff7c9e00 0083f400 ff726c00
PCM 0170e8 008edd00 ff762700 008ac500 ff9c0c00 00633b00 ff9a9c00 00621400 ff8e0b00
PCM 0170f0 006fd600 ffa96100 0059eb00 ff8e2e00 006f5300 ff884a00 0070e700 ff7f9100
PCM 0170f8 007c1300 ff8c8f00 0070f200 ffae8400 0050aa00 ffa8a500 00562400 ffa47d00
PCM 017100 005b3100 ff9a3300 0068c300 ffa30d00 00587a00 ff8cdd00 00742b00 ff88c000
PCM 017108 0077b000 ff987b00 00684b00 ff8e7f00 00729600 ffa34a00 00586600 ffa61d00
PCM 017110 00568b00 ffba7c00 00438700 ffb4e900 0049ce00 ffa18400 005b3200 ffac8100
PCM 017118 00520600 ff976a00 00653900 ffa07e00 005e5500 ffc8ab0PCM 017120 00478700 ffd12000 0028ba00 ffcca900 0031a900 ffb40200 00481700 ff997600
PCM 017128 00641e00 ffa1e700 0059e500 ffa4b100 00577600 ffa73200 0058f200 ffb97e00
PCM 017130 00418b00 ffc4a000 00369300 ffa1cb00 005b7500 ffa63f00 00574d00 ffc25400
PCM 017138 003b1c00 ffc58b00 0031e500 ffc1bf00 00377500 ffe02c00 001a6600 fffa3e00
PCM 017140 00002f00 00182100 ffe5aa00 0012ea00 ffe5e900 0012ae00 ffe75d00 000cee00
PCM 017148 ffee7c00 00113200 ffec4400 0023d100 ffd63100 00283700 ffd31100 001fef00
PCM 017150 ffd9bd00 00352900 ffc5c300 0023cd00 ffd60300 00125100 ffe76800 00235900
PCM 017158 ffd5df00 0018b100 ffdf8a00 0007fc00 fff3f500 0019de00 ffe0d300 001cc500
PCM 017160 ffdfaa00 001cbb00 ffePCM 017168 ffd55c00 001f4900 ffdca600 fffb7100 00013300 00025e00 0000f700 ffff7100
PCM 017170 fffdad00 fffc5f00 00016900 fff83c00 0002f700 00033900 fff5fa00 00142f00
PCM 017178 ffec1000 0016e600 ffe46c00 00132e00 ffec2100 fff81a00 0003a500 fff85400
PCM 017180 00012200 0007ae00 fff7cc00 002d7000 ffcf4100 0037df00 ffc43700 00190100
PCM 017188 ffe3a700 001ea600 ffdeb800 0037d000 ffc1d300 004a7900 ffb31000 003ea900
PCM 017190 ffbcb500 00441700 ffb74500 00487000 ffb14900 003bf900 ffbd8e00 002dc100
PCM 017198 ffcd9a00 00234b00 ffd94100 00336300 ffcafd00 00311b00 ffcc7000 00280f00
PCM 0171a0 ffd1f400 00239400 ffd96300 0015c300 ffe5ed00 001ec900 ffe03f00 001ed700
PCM 0171a8 ffda4c00 000f6900 ffeb3d00 00070500 fff31600 ffe94200 00182900 ffcc1f00
PCM 0171b0 00310200 ffe76000 00158100 fff61600 00064c00 fffead00 fffe0c00 00037b00
PCM 0171b8 fffa1c00 0007db00 fff54300 0013ce00 ffe9c500 000ccf00 fff07f00 fffa7500
PCM 0171c0 00006700 fff8f100 00045e00 000a3c00 fff79e00 001c9300 ffe1dd00 ffee9f00
PCM 0171c8 000d4e00 ffec1c00 00111200 fff3fc00 00070a00 0006bb00 fff99500 fffe3800
PCM 0171d0 fffe4f00 ffeacc00 00139e00 fff4b400 0009af00 ffeb0300 0012ed00 ffeeeb00
PCM 0171d8 00112500 00038200 fffb9a00 00290700 ffd31600 00124e00 ffe4a400 0005ae00
PCM 0171e0 fff74100 fff12c00 000c2700 fff76300 00090e00 000e3a00 fff12e00 002ffc00
PCM 0171e8 ffcd4500 003b4500 ffc01200 00376400 ffc28e00 002ea000 ffcac800 00259e00
PCM 0171f0 ffd90000 002b9500 ffce3800 00327e00 ffc96f00 00279d00 ffd25f00 001c7500
PCM 0171f8 ffe0a300 00085b00 fff30400 00072c00 fff8a500 000b2f00 fff20000 000bfa00
PCM 017200 fff15c00 000a3d00 fff24e00 0015e900 ffe55e00 0012a600 ffe99500 fffab100
PCM 017208 0002ad00 0012a600 ffeda000 00186100 ffde5100 00171a00 ffe6e800 00081200
PCM 017210 fff34d00 0003c800 fff5d000 ffff5100 ffff6e00 ffe2ad00 001b0e00 ffdb7f00
PCM 017218 00207d00 ffe7c000 000ffd00 fffc2600 ffff0900 0007d600 fff53d00 001a9500
PCM 017220 ffe3e800 00193d00 ffe12b00 0021a700 ffd7ce00 000fc000 ffecdb00 fff23500
PCM 017228 0008e800 fff29f00 0008b800 fff7ef00 00038600 0014ef00 ffe5c800 fffb1a00
PCM 017230 fffdab00 fffabf00 00036300 00144400 ffe7e300 00063600 fff44d00 0006c100
PCM 017238 fff24b00 000d6800 fff0e300 000af400 fff20e00 000d0700 ffee8d00 fffcf200
PCM 017240 00019e00 ffe78c00 00184400 ffe4fe00 0015d400 ffc66800 00359500 ffbfe100
PCM 017248 003b0600 ffd7e100 00211b00 ffeaa400 00143600 000b4400 fff07100 0007b600
PCM 017250 fff65f00 001ddd00 ffe0b800 0026a200 ffd4ae00 fffc7400 0001b900 0029c200
PCM 017258 ffd5dc00 002e8000 ffca1400 001d7800 ffdefe00 00238e00 ffda7700 00426200
PCM 017260 ffb9f300 00334e00 ffc75300 00176e00 ffe35f00 00090800 fff3ba00 fffeb400
PCM 017268 fffd7e00 00048d00 fff11d00 00044000 fff41200 00106c00PCM 017270 ffcc8b00 00373e00 ffc36b00 00309d00 ffc8ad00 00262500 ffd1cd00 00257900
PCM 017278 ffd50600 0041dc00 ffb76700 004cec00 ffae9e00 0054e900 ffa5de00 0053b700
PCM 017280 ffa82700 003d5500 ffbb7500 0037bd00 ffc23800 00554200 ffa7d700 00598100
PCM 017288 ffa0a500 00657400 ff92a500 00815c00 ff785200 00920300 ff681700 00860500
PCM 017290 ff765700 006d1f00 ff8e7f00 004c9900 ffad3e00 005e6e00 ff9cfd00 0057f000
PCM 017298 ffa29900 0059d500 ffa2d000 0065b600 ff95e500 00658900 ff980500 00822400
PCM 0172a0 ff7a1500 007c0400 ff7ddd00 00802200 ff7b3c00 00942d00 ff66b400 0098f600
PCM 0172a8 ff5e3f00 00a6dc00 ff54a300 00a42f00 ff555PCM 0172b0 ff793a00 007a9900 ff81a600 00915800 ff695d00 00ae6100 ff4ae900 00ce6700
PCM 0172b8 ff2be600 00dd4400 ff1f2700 00bbcc00 ff3ed800 00b20800 ff497200 00b51a00
PCM 0172c0 ff44c900 009cce00 ff615b00 009f1600 ff5e3800 009f3500 ff5b6f00 00a3dd00
PCM 0172c8 ff553600 00ad5500 ff4f0a00 00c00800 ff3cf800 00b8c100 ff435400 00c94600
PCM 0172d0 ff2e5100 00b41000 ff464200 009e7600 ff594900 00a4a200 ff52fa00 009a8000
PCM 0172d8 ff5e3200 009dc000 ff5b9e00 00afb500 ff45fd00 00abf000 ff4f2500 00a2d000
PCM 0172e0 ff50e800 00a0f800 ff5c1900 00927b00 ff666900 00945c00 ff613e00 007f3d00
PCM 0172e8 ff783e00 008c4200 ff6a1a00 00b8b000 ff3fc900 00c16900 ff38bb00 00a31900
PCM 0172f0 ff5bfa00 0078b900 ff7f5800 00715300 ff8acb00 00756800 ff830b00 00a09300
PCM 0172f8 ff542500 00a2eb00 ff532500 0079c400 ff843300 00763c00 ff849000 005e0e00
PCM 017300 ff982e00 00550a00 ffa18300 00621300 ff96a100 00758200 ff7f7c00 008bf800
PCM 017308 ff6eb800 0081d700 ff780f00 00b18b00 ff460e00 00a84c00 ff537a00 00834c00
PCM 017310 ff756200 007f4600 ff7b4400 00730a00 ff836500 00821200 ff78a800 00913400
PCM 017318 ff64f600 00765200 ff83f400 00638a00 ff960100 005d5e00 ff9bb500 0063ba00
PCM 017320 ff916f00 005e5d00 ff9ebe00 0062db00 ff9ae200 005f1400 ff9bc200 0063d300
PCM 017328 ff96db00 00627900 ff970700 00725d00 ff828000 0080e900 ff79e400 00672400
PCM 017330 ff93a900 00670e00 ff96f000 004fae00 ffac3000 002e4200 ffcce100 002c5100
PCM 017338 ffcf0400 004ff800 ffaea400 0047e700 ffb35400 00232500 ffd58300 001a5400
PCM 017340 ffdfdb00 00213200 ffd9eb00 0022cb00 ffda0f00 00196600 ffe20b00 002cb300
PCM 017348 ffd08b00 00309800 ffcec400 003c1700 ffc1e900 00624300 ff954400 00504b00
PCM 017350 ffa82f00 00458500 ffb94f00 00420300 ffbada00 00576000 ffa07e00 0033b600
PCM 017358 ffc5f500 002acd00 ffcf6200 0036bb00 ffc68900 002ef200 ffd02f00 001fa400
PCM 017360 ffd70c00 0034f300 ffc6ba00 003ef200 ffbaaf00 002b4100 ffd14b00 0025c300
PCM 017368 ffd50b00 0020b800 ffd97800 0012d700 ffe90200 00242100 ffd6f900 001c4500
PCM 017370 ffdda400 002ea900 ffcc5b00 0002d200 fffbe700 00025400 fff99f00 00198a00
PCM 017378 ffe3d800 000dd900 ffef8300 ffe9d000 00115900 ffd83300 00278900 ffe29d00
PCM 017380 0019b700 ffe1f000 001a0e00 ffd84300 00231100 ffcbc000 00362600 ffd59000
PCM 017388 00284f00 ffcb4e00 002c7900 ffd60500 0027c200 ffe5cf00 001a4300 ffce3c00
PCM 017390 002d6800 ffd50800 002a7400 ffc70600 003a5a00 ffbec800 003f9800 ffbfe800
PCM 017398 003f0100 ffc28700 003ad000 ffc52100 00380800 ffbf4900 003e2500 ffb7da00
PCM 0173a0 0047ea00 ffaa3c00 00538000 ffb16700 00491300 ffbf5900 003ecb00 ffd8ad00
PCM 0173a8 00285300 ffc2ef00 00361400 ffb7ce00 0047bc00 ffbac200 0046d800 ffced300
PCM 0173b0 002d2b00 ffc24f00 003bc200 ffd20800 002bc700 ffcb0000 00322600 ffcfa800
PCM 0173b8 002b5c00 fff04e00 000bb200 ffe4c100 0014ed00 ffd51400 002a7c00 ffcc7700
PCM 0173c0 002f4400 ffd73b00 00266d00 ffdbba00 0021e000 ffd2cc00 0026a200 ffcee200
PCM 0173c8 002b2300 ffbac400 00413d00 ffc1f500 00394600 ffbc5e00 003fb600 ffbe8a00
PCM 0173d0 003c0400 ffb49a00 00449c00 ffbded00 0043ca00 ffbf2400 003ec900 ffc47600
PCM 0173d8 00375f00 ffb71800 0048fd00 ffb87d00 0042fa00 ffb9b000 00425f00 ffbcb700
PCM 0173e0 00436600 ffa8c300 0052b800 ff916100 006aa400 ff9e0a00 005e4e00 ffb30500
PCM 0173e8 00473f00 ffa45a00 005abe00 ffa21000 00580900 ffb72700 00473900 ffbcde00
PCM 0173f0 003deb00 ffb4fe00 0045f200 ffb75b00 0045e600 ffa96900 0052eb00 ffafa000
PCM 0173f8 0052fa00 ffa72b00 00567500 ffbf3c00 00401900 ffccbc00 002f8200 ffdcc000
PCM 017400 00220e00 ffe18200 001e5b00 ffd43a00 00295a00 ffab0600 004fdb00 ffb19400
PCM 017408 004e3c00 ffb52700 00455900 ffc77e00 00355c00 ffd74200 0025e400 ffd05e00
PCM 017410 002cc800 ffc79500 00348400 fff83800 0005f400 fff49d00 000e7100 ffe36700
PCM 017418 0015bb00 ffe0ab00 00196500 ffbb9400 0040db00 ffab1d00 0052f400 ff964200
PCM 017420 00675900 ff7b0600 00860c00 ff69b200 0097f700 ff74c800 00872d00 ff8b1600
PCM 017428 0075f400 ff8dbd00 006efe00 ffa8ad00 00525700 ffbb4e00 0041c700 ffc5d200
PCM 017430 00379900 ffc5c000 003b0700 ffcade00 00351f00 ffcbd000 00311100 ffb96700
PCM 017438 00457300 ffc08e00 003c9a00 ffba2200 0046bb00 ffc46200 00394b00 ffd52f00
PCM 017440 0025af00 ffc7e900 00376800 ffd8df00 00238800 ffe23c00 0015c100 ffe52c00
PCM 017448 00172a00 ffec9d00 000a8100 fff12000 000ccb00 ffdfa200 001adc00 ffd16c00
PCM 017450 002c6f00 fff82900 00053900 00155c00 ffea8a00 000b8d00 fff16c00 fffcc000
PCM 017458 fffd8e00 ffd91a00 0020d000 ffdb8000 0021b000 ffee2000 000f6800 ffef9e00
PCM 017460 000eeb00 fff92200 00043400 00139000 ffeab800 00192b00 ffe35e00 fffb5100
PCM 017468 00051600 fffb1900 0002de00 ffef5300 000e0500 fff9d700 0001a200 fff68b00
PCM 017470 00067800 fff08400 000bd800 00093600 fff3d300 00137700 ffe5d000 00157a00
PCM 017478 ffe81800 0021b300 ffdbe200 001e7d00 ffddbd00 00253400 ffd68e00 00344a00
PCM 017480 ffc83200 00324400 ffc76800 0012d400 ffe69c00 00209c00 ffd8b100 00528800
PCM 017488 ffa39100 006a0700 ff901100 00642700 ff92c700 005c0100 ff9b1400 004c8500
PCM 017490 ffab1200 003a5400 ffbf2600 002bd700 ffc95600 002ac200 ffcf8c00 0027e700
PCM 017498 ffd41200 0013bc00 ffe74300 00232200 ffd92300 00227e00 ffd74b00 000d3800
PCM 0174a0 ffed0a00 00114600 ffeafc00 00160b00 ffe3f000 002bdb00 ffcdfe00 001f9300
PCM 0174a8 ffd93e00 00191200 ffe2dc00 00167400 ffe2c700 002b2f00 ffcf9600 002e5900
PCM 0174b0 ffcd9c00 00294c00 ffd23a00 0015d000 ffe55d00 00255200 ffd4d200 00420100
PCM 0174b8 ffb73f00 004fc400 ffa9f600 0045ed00 ffb32d00 00634700 ff952f00 00634c00
PCM 0174c0 ff9aa600 00395d00 ffbf4b00 001f0a00 ffdea500 001c3600 ffdf1c00 00275600
PCM 0174c8 ffd7ca00 000a9100 fff48500 00065600 ffef7300 000b2600 ffec1000 0013b100
PCM 0174d0 ffec1800 000d4b00 ffee5b00 000d0a00 ffedc000 000eb100 ffeb2200 000f7700
PCM 0174d8 ffebd400 00393900 ffc37800 00500e00 ffa6d900 004f0800 ffa9ca00 00454b00
PCM 0174e0 ffb78200 00408600 ffb82800 0038b100 ffc0c700 004d0600 ffadd600 006ab000
PCM 0174e8 ff932000 00888100 ff71e400 007bef00 ff81f100 007e6e00 ff7c3500 006dff00
PCM 0174f0 ff8ce100 006c6d00 ff8bcb00 004d9b00 ffb1e700 00416d00 ffbaff00 0069f500
PCM 0174f8 ff91d600 0059f700 ff9c6f00 00547000 ffa51800 00624e00 ff99e700 0058af00
PCM 017500 ffa04d00 0047c500 ffaeee00 0057e400 ffa55100 00461700 ffb73500 00312000
PCM 017508 ffc7cf00 00411300 ffb93000 002ecf00 ffc9cf00 00360b00 ffca1900 00482800
PCM 017510 ffb1d100 00500b00 ffaaed00 00517000 ffa9bd00 00466000 ffb45000 00443100
PCM 017518 ffb6dd00 002fbf00 ffc8cf00 0032fb00 ffc4d400 0033e700 ffc91e00 001fad00
PCM 017520 ffdde900 00193700 ffe68600 00145700 ffeb1500 002af400 ffd12200 00362b00
PCM 017528 ffc55300 00361f00 ffc59400 00503100 ffac6d00 0047b300 ffb4ac00 00458700
PCM 017530 ffb77500 00377600 ffc6ea00 002e8000 ffd22400 00201200 ffde8100 0011f100
PCM 017538 fff02600 0027b500 ffd6ba00 00460000 ffb96d00 00403700 ffba3b00 00345600
PCM 017540 ffc41d00 00419000 ffbbd000 00436400 ffbaee00 003ad700 ffbf7b00 0029a000
PCM 017548 ffd3f100 00268300 ffd88400 00235100 ffd53200 0034e000 ffc40d00 00331800
PCM 017550 ffc42c00 00338200 ffc9af00 0021ff00 ffdc0500 00272a00 ffd0a900 00304900
PCM 017558 ffca3200 00278f00 ffd3b800 002b7500 ffd28800 00233f00 ffd4a600 001ad200
PCM 017560 ffd8d700 001af200 ffe05700 002ca200 ffd25000 003ad400 ffc0d700 00342f00
PCM 017568 ffce3d00 0021e300 ffda5700 0020c100 ffd85700 0057f700 ffa3f200 003d4800
PCM 017570 ffc1f400 001d1000 ffde5600 0017e200 ffe65300 0022f100 ffd6df00 000e7f00
PCM 017578 ffedba00 000ab300 ffec6600 002f9300 ffd33300 00304d00 ffc9af00 0022f300
PCM 017580 ffd99300 00306300 ffc8ee00 0021aa00 ffdcc300 00229000 ffd8e100 00253e00
PCM 017588 ffd70900 00166f00 ffe5c000 00072000 fff4bf00 00040800 fff99700 000c6400
PCM 017590 fff2b800 00112800 ffe8fc00 00170f00 ffe5f900 fff64100 00040e00 00074400
PCM 017598 fff41100 002650000 fff1ba00 00023500
PCM 0175a0 fffb7700 001af900 ffe2f700 0018d400 ffe14f00 00305000 ffcb4000 00481d00
PCM 0175a8 ffb70300 0042a900 ffbb3700 0022b600 ffdf8800 001a8f00 ffe2c700 00084100
PCM 0175b0 fff67300 ffef5e00 000a0500 00066900 fff67200 0010da00 ffe51f00 0022d800
PCM 0175b8 ffd7de00 002f1500 ffcecd00 002fa300 ffcab300 002eb400 ffcd2900 00296500
PCM 0175c0 ffcf4200 001b5000 ffdbf800 0001ac00 fff7cc00 fff8b600 00028e00 fff3c000
PCM 0175c8 00071000 fffc2e00 fffe3d00 000d5400 ffeff500 00102b00 ffea6a00 fff05500
PCM 0175d0 0008c800 00005200 fff96000 ffebd100 0010d600 ffe8c000 00130d00 ffeb6200
PCM 0175d8 0010c900 ffe77a00 0018e300 fffada00 00050100 ffef7c00 000eb300 fff44500
PCM 0175e0 0006bc00 ffdf5700 00202f00 ffc8d900 0036fa00 ffbf1600 003f3000 ffb03f00
PCM 0175e8 004e9900 ffae0900 004e8d00 ffb51100 0049c400 ffb28100 004a0200 ffbe4300
PCM 0175f0 00424100 ffc2db00 003a1b00 ffbd6800 00462f00 ffc08f00 003cfe00 ffc64100
PCM 0175f8 00399800 ffd12a00 002e6f00 ffbdc800 00443100 ffb10a00 004e5200 ffaa0100
PCM 017600 00538600 ff9b2000 00635d00 ff9a2f00 00633800 ff811100 007c8000 ff950400
PCM 017608 006c1b00 ff991900 00668a00 ff9a0500 0066dd00 ff93dc00 006dc200 ffac1200
PCM 017610 00542600 ffab0800 0058eb00 ff7a1f00 00815500 ff8bac00 00754700 ffc6b400
PCM 017618 0038fe00 ffc97c00 00341200 ff9dac00 00620d00 ff998f00 00667600 ff916100
PCM 017620 006fad00 ff825f00 007a0200 ff7d0400 0083cf00 ff915100 006cc000 ff91da00
PCM 017628 006e7500 ff792a00 00882200 ff92dc00 00681800 ff8f1c00 00701800 ff9e5400
PCM 017630 0062cb00 ffa5c400 00575800 ff9e0000 00639f00 ff9f8100 0060b800 ff98fc00
PCM 017638 00606200 ff933900 006e9f00 ff796400 0088e200 ff65ff00 009c9e00 ff679100
PCM 017640 00979200 ff797600 00823e00 ff7f3500 007dba00 ff7e4400 007e9200 ff930600
PCM 017648 0069b800 ff83b200 007bed00 ff7d5300 00803b00 ff7cd100 00837a00 ff732400
PCM 017650 008c3900 ff633200 0097fb00 ff52bd00 00afe400 ff513600 00aee800 ff63ac00
PCM 017658 009ce300 ff808b00 007db300 ff7c4900 007fe400 ff948f00 00682c00 ff8cd100
PCM 017660 00715600 ff8da300 0073da00 ff959800 006a9600 ff9af200 005fd200 ff8ff800
PCM 017668 006e0b00 ff819e00 007d1500 ff857a00 0077ee00 ff823a00 007b3e00 ff923b00
PCM 017670 006cb000 ff88c800 0070f300 ff76a500 008a5f00 ff75aa00 0089d600 ff958400
PCM 017678 0067f600 ffc79e00 0033fb00 ffbde000 003ef800 ff976c00 00668900 ff8dc000
PCM 017680 00713400 ff9d0c00 0061d600 ff973600 00685300 ff8dba00 006d1a00 ffa63800
PCM 017688 00584600 ffbc0200 003ecc00 ffc3c600 00352500 ffbddd00 003f9b00 ffc65500
PCM 017690 0034d800 ffcb7400 0033c800 ffc84400 00310500 ffc2cb00 00397d00 ffc84a00
PCM 017698 00368000 ffc55c00 00398200 ffcc5700 00314d00 ffce3200 002f2100 ffd85e00
PCM 0176a0 0026e800 ffc9e900 0034ac00 ffb43b00 004ab500 ffa3bb00 00537000 ff9be900
PCM 0176a8 00634b00 ff934600 006ab200 ff9bf400 00628300 ffbaf000 003f1c00 ffcc6b00
PCM 0176b0 00305c00 ffd7f800 0025c200 ffcecc00 002c0100 ffd3e700 0029fb00 ffd2e700
PCM 0176b8 00284d00 ffcc4600 002e4300 ffdba600 001e3400 ffd41500 002a2000 ffca3f00
PCM 0176c0 00330200 ffb48200 00448100 ffd3de00 00224900 ffe4cc00 001b7700 ffc37400
PCM 0176c8 003a1100 ffdad300 00269300 ffca3b00 00344d00 ffc8b500 00368e00 ffd91e00
PCM 0176d0 00251500 ffddba00 001e3300 ffed2400 000e2600 ffedcf00 000e2200 ffdf6b00
PCM 0176d8 001c3500 ffe1b800 0019f400 fff5b100 00088000 ffd50000 002a7700 ffc98000
PCM 0176e0 0030b200 ffcb8600 002eef00 ffc0ef00 00377900 ffcbfa00 00320700 ffd75800
PCM 0176e8 00214300 ffd35700 002a5d00 ffcab000 00309b00 ffbc7200 003dd300 ffb35300
PCM 0176f0 00452800 ffb69a00 0041b300 ffc62600 003a8300 ffc27f00 003b8b00 ffa51d00
PCM 0176f8 0055b100 ffac8400 00510300 ff9b8e00 00643a00 ff996500 005f2100 ffbfc200
SOUND_PCM_END
nsh> [K