{"result": "PASS", "source_files": 1140, "changes": 1, "applied": true}
-- NuttX Host Tools
-- Configuring done
-- Generating done
-- Build files have been written to: /dev/shm/velavision_audio_sound_20260910/bin_host
-- Configuring done
-- Generating done
-- Build files have been written to: /dev/shm/velavision_audio_sound_20260910
[1/1] cd /home/swl/openvela/nuttx && /home/swl/openvela/prebuilts/tools/cmake/bin/cmake -E copy /home/swl/openvela/nuttx/boards/arm64/rk3576/kickpi_k7/configs/velavision_audio_sound_local/defconfig /dev/shm/velavision_audio_sound_20260910/.config && /home/swl/openvela/prebuilts/tools/cmake/bin/cmake -E env KCONFIG_CONFIG=/dev/shm/velavision_audio_sound_20260910/.config EXTERNALDIR=dummy APPSDIR=/home/swl/openvela/apps DRIVERS_PLATFORM_DIR=dummy APPSBINDIR=/dev/shm/velavision_audio_sound_20260910/apps BINDIR=/dev/shm/velavision_audio_sound_20260910 olddefconfig && /home/swl/openvela/prebuilts/tools/cmake/bin/cmake -E copy /dev/shm/velavision_audio_sound_20260910/.config /dev/shm/velavision_audio_sound_20260910/.config.orig && /home/swl/openvela/prebuilts/tools/cmake/bin/cmake -E touch /home/swl/openvela/nuttx/CMakeLists.txt
/dev/shm/velavision_audio_sound_20260910/.config:2721: warning: USBHOST_MSC (defined at drivers/usbhost/Kconfig:126) set more than once. Old value "n", new value "y".
/dev/shm/velavision_audio_sound_20260910/.config:2724: warning: FS_FAT (defined at fs/fat/Kconfig:6) set more than once. Old value "n", new value "n".
Loaded configuration '/dev/shm/velavision_audio_sound_20260910/.config'
Configuration saved to '/dev/shm/velavision_audio_sound_20260910/.config'
[0/1] Re-running CMake...
-- NuttX Host Tools
-- Configuring done
-- Generating done
-- Build files have been written to: /dev/shm/velavision_audio_sound_20260910/bin_host
-- Configuring done
-- Generating done
-- Build files have been written to: /dev/shm/velavision_audio_sound_20260910
[1/1644] cd /dev/shm/velavision_audio_sound_20260910/libs/libc/misc && /home/swl/openvela/prebuilts/tools/cmake/bin/cmake -E touch /home/swl/openvela/nuttx/libs/libc/misc/lib_utsname.c
[2/1644] Generating bin output directories
[3/1644] cd /home/swl/openvela/nuttx && /home/swl/openvela/prebuilts/tools/cmake/bin/cmake -DKCONFIG_CONFIG=/home/swl/openvela/nuttx/boards/arm64/rk3576/kickpi_k7/configs/velavision_audio_sound_local/defconfig -DNUTTX_DIR=/home/swl/openvela/nuttx -DCMAKE_BINARY_DIR=/dev/shm/velavision_audio_sound_20260910 -P /home/swl/openvela/nuttx/cmake/nuttx_generate_dts.cmake
[4/1644] Building C object apps/external/libjpeg-turbo/CMakeFiles/turbojpeg-static.dir/libjpeg-turbo/jaricom.c.o
[5/1644] Building C object apps/external/libjpeg-turbo/CMakeFiles/turbojpeg-static.dir/libjpeg-turbo/jcapistd.c.o
[6/1644] Building C object apps/external/libjpeg-turbo/CMakeFiles/turbojpeg-static.dir/libjpeg-turbo/jcapimin.c.o
[7/1644] Building C object apps/external/libjpeg-turbo/CMakeFiles/turbojpeg-static.dir/libjpeg-turbo/jccoefct.c.o
[8/1644] Building C object apps/external/libjpeg-turbo/CMakeFiles/turbojpeg-static.dir/libjpeg-turbo/jcarith.c.o
[9/1644] Building C object apps/external/libjpeg-turbo/CMakeFiles/turbojpeg-static.dir/libjpeg-turbo/jcdctmgr.c.o
[10/1644] Building C object apps/external/libjpeg-turbo/CMakeFiles/turbojpeg-static.dir/libjpeg-turbo/jcinit.c.o
[11/1644] Building C object apps/external/libjpeg-turbo/CMakeFiles/turbojpeg-static.dir/libjpeg-turbo/jcicc.c.o
[12/1644] Building C object apps/external/libjpeg-turbo/CMakeFiles/turbojpeg-static.dir/libjpeg-turbo/jccolor.c.o
[13/1644] Building C object apps/external/libjpeg-turbo/CMakeFiles/turbojpeg-static.dir/libjpeg-turbo/jcmainct.c.o
[14/1644] Building C object apps/external/libjpeg-turbo/CMakeFiles/turbojpeg-static.dir/libjpeg-turbo/jcomapi.c.o
[15/1644] Building C object apps/external/libjpeg-turbo/CMakeFiles/turbojpeg-static.dir/libjpeg-turbo/jcmarker.c.o
[16/1644] Building C object apps/external/libjpeg-turbo/CMakeFiles/turbojpeg-static.dir/libjpeg-turbo/jcmaster.c.o
[17/1644] Building C object apps/external/libjpeg-turbo/CMakeFiles/turbojpeg-static.dir/libjpeg-turbo/jcparam.c.o
[18/1644] Building C object apps/external/libjpeg-turbo/CMakeFiles/turbojpeg-static.dir/libjpeg-turbo/jcphuff.c.o
[19/1644] Building C object apps/external/libjpeg-turbo/CMakeFiles/turbojpeg-static.dir/libjpeg-turbo/jcprepct.c.o
[20/1644] Building C object apps/external/libjpeg-turbo/CMakeFiles/turbojpeg-static.dir/libjpeg-turbo/jcsample.c.o
[21/1644] Building C object apps/external/libjpeg-turbo/CMakeFiles/turbojpeg-static.dir/libjpeg-turbo/jctrans.c.o
[22/1644] Building C object apps/external/libjpeg-turbo/CMakeFiles/turbojpeg-static.dir/libjpeg-turbo/jdapimin.c.o
[23/1644] Building C object apps/external/libjpeg-turbo/CMakeFiles/turbojpeg-static.dir/libjpeg-turbo/jdatadst-tj.c.o
[24/1644] Building C object apps/external/libjpeg-turbo/CMakeFiles/turbojpeg-static.dir/libjpeg-turbo/jdatadst.c.o
[25/1644] Building C object apps/external/libjpeg-turbo/CMakeFiles/turbojpeg-static.dir/libjpeg-turbo/jdapistd.c.o
[26/1644] Building C object apps/external/libjpeg-turbo/CMakeFiles/turbojpeg-static.dir/libjpeg-turbo/jdarith.c.o
[27/1644] Building C object apps/external/libjpeg-turbo/CMakeFiles/turbojpeg-static.dir/libjpeg-turbo/jdatasrc-tj.c.o
[28/1644] Building C object apps/external/libjpeg-turbo/CMakeFiles/turbojpeg-static.dir/libjpeg-turbo/jdatasrc.c.o
[29/1644] Building C object apps/external/libjpeg-turbo/CMakeFiles/turbojpeg-static.dir/libjpeg-turbo/jddctmgr.c.o
[30/1644] Building C object apps/external/libjpeg-turbo/CMakeFiles/turbojpeg-static.dir/libjpeg-turbo/jdcoefct.c.o
[31/1644] Building C object apps/external/libjpeg-turbo/CMakeFiles/turbojpeg-static.dir/libjpeg-turbo/jdicc.c.o
[32/1644] Building C object apps/external/libjpeg-turbo/CMakeFiles/turbojpeg-static.dir/libjpeg-turbo/jdhuff.c.o
[33/1644] Building C object apps/external/libjpeg-turbo/CMakeFiles/turbojpeg-static.dir/libjpeg-turbo/jdcolor.c.o
[34/1644] Building C object apps/external/libjpeg-turbo/CMakeFiles/turbojpeg-static.dir/libjpeg-turbo/jdinput.c.o
[35/1644] Building C object apps/external/libjpeg-turbo/CMakeFiles/turbojpeg-static.dir/libjpeg-turbo/jdmainct.c.o
[36/1644] Building C object apps/external/libjpeg-turbo/CMakeFiles/turbojpeg-static.dir/libjpeg-turbo/jdmaster.c.o
[37/1644] Building C object apps/external/libjpeg-turbo/CMakeFiles/turbojpeg-static.dir/libjpeg-turbo/jdmarker.c.o
[38/1644] Building C object apps/external/libjpeg-turbo/CMakeFiles/turbojpeg-static.dir/libjpeg-turbo/jdphuff.c.o
[39/1644] Building C object apps/external/libjpeg-turbo/CMakeFiles/turbojpeg-static.dir/libjpeg-turbo/jdpostct.c.o
[40/1644] Building C object apps/external/libjpeg-turbo/CMakeFiles/turbojpeg-static.dir/libjpeg-turbo/jdtrans.c.o
[41/1644] Building C object apps/external/libjpeg-turbo/CMakeFiles/turbojpeg-static.dir/libjpeg-turbo/jdmerge.c.o
[42/1644] Building C object apps/external/libjpeg-turbo/CMakeFiles/turbojpeg-static.dir/libjpeg-turbo/jdsample.c.o
[43/1644] Building C object apps/external/libjpeg-turbo/CMakeFiles/turbojpeg-static.dir/libjpeg-turbo/jfdctflt.c.o
[44/1644] Building C object apps/external/libjpeg-turbo/CMakeFiles/turbojpeg-static.dir/libjpeg-turbo/jerror.c.o
[45/1644] Building C object apps/external/libjpeg-turbo/CMakeFiles/turbojpeg-static.dir/libjpeg-turbo/jfdctfst.c.o
[46/1644] Building C object apps/external/libjpeg-turbo/CMakeFiles/turbojpeg-static.dir/libjpeg-turbo/jfdctint.c.o
[47/1644] Building C object apps/external/libjpeg-turbo/CMakeFiles/turbojpeg-static.dir/libjpeg-turbo/jidctflt.c.o
[48/1644] Building C object apps/external/libjpeg-turbo/CMakeFiles/turbojpeg-static.dir/libjpeg-turbo/jidctfst.c.o
[49/1644] Building C object apps/external/libjpeg-turbo/CMakeFiles/turbojpeg-static.dir/libjpeg-turbo/jidctred.c.o
[50/1644] Building C object apps/external/libjpeg-turbo/CMakeFiles/turbojpeg-static.dir/libjpeg-turbo/jmemnobs.c.o
[51/1644] Building C object apps/external/libjpeg-turbo/CMakeFiles/turbojpeg-static.dir/libjpeg-turbo/jmemmgr.c.o
[52/1644] Building C object apps/external/libjpeg-turbo/CMakeFiles/turbojpeg-static.dir/libjpeg-turbo/jpegtran.c.o
[53/1644] Building C object apps/external/libjpeg-turbo/CMakeFiles/turbojpeg-static.dir/libjpeg-turbo/jquant1.c.o
[54/1644] Building C object apps/external/libjpeg-turbo/CMakeFiles/turbojpeg-static.dir/libjpeg-turbo/jidctint.c.o
[55/1644] Building C object apps/external/libjpeg-turbo/CMakeFiles/turbojpeg-static.dir/libjpeg-turbo/jsimd_none.c.o
[56/1644] Building ASM object arch/CMakeFiles/arch.dir/arm64/src/common/arm64_vector_table.S.o
[57/1644] Building C object apps/external/libjpeg-turbo/CMakeFiles/turbojpeg-static.dir/libjpeg-turbo/jutils.c.o
[58/1644] Building ASM object arch/CMakeFiles/arch.dir/arm64/src/common/arm64_vectors.S.o
[59/1644] Building ASM object arch/CMakeFiles/arch.dir/arm64/src/common/arm64_fork_func.S.o
[60/1644] Building C object apps/external/libjpeg-turbo/CMakeFiles/turbojpeg-static.dir/libjpeg-turbo/jquant2.c.o
[61/1644] Building C object arch/CMakeFiles/arch.dir/arm64/src/common/arm64_initialize.c.o
[62/1644] Building C object arch/CMakeFiles/arch.dir/arm64/src/common/arm64_initialstate.c.o
[63/1644] Building C object arch/CMakeFiles/arch.dir/arm64/src/common/arm64_boot.c.o
[64/1644] Building C object arch/CMakeFiles/arch.dir/arm64/src/common/arm64_nputs.c.o
[65/1644] Building C object arch/CMakeFiles/arch.dir/arm64/src/common/arm64_createstack.c.o
[66/1644] Building C object arch/CMakeFiles/arch.dir/arm64/src/common/arm64_releasestack.c.o
[67/1644] Building C object arch/CMakeFiles/arch.dir/arm64/src/common/arm64_stackframe.c.o
[68/1644] Building C object arch/CMakeFiles/arch.dir/arm64/src/common/arm64_usestack.c.o
[69/1644] Building C object arch/CMakeFiles/arch.dir/arm64/src/common/arm64_exit.c.o
[70/1644] Building C object arch/CMakeFiles/arch.dir/arm64/src/common/arm64_fork.c.o
[71/1644] Building C object arch/CMakeFiles/arch.dir/arm64/src/common/arm64_getintstack.c.o
[72/1644] Building C object arch/CMakeFiles/arch.dir/arm64/src/common/arm64_registerdump.c.o
[73/1644] Building C object arch/CMakeFiles/arch.dir/arm64/src/common/arm64_perf.c.o
[74/1644] Building C object arch/CMakeFiles/arch.dir/arm64/src/common/arm64_tcbinfo.c.o
[75/1644] Building C object arch/CMakeFiles/arch.dir/arm64/src/common/arm64_cpuidlestack.c.o
[76/1644] Building C object arch/CMakeFiles/arch.dir/arm64/src/common/arm64_schedulesigaction.c.o
[77/1644] Building C object arch/CMakeFiles/arch.dir/arm64/src/common/arm64_sigdeliver.c.o
[78/1644] Building C object arch/CMakeFiles/arch.dir/arm64/src/common/arm64_arch_timer.c.o
[79/1644] Building C object arch/CMakeFiles/arch.dir/arm64/src/common/arm64_doirq.c.o
[80/1644] Building C object arch/CMakeFiles/arch.dir/arm64/src/common/arm64_cache.c.o
[81/1644] Building C object arch/CMakeFiles/arch.dir/arm64/src/common/arm64_allocateheap.c.o
[82/1644] Building C object apps/external/libjpeg-turbo/CMakeFiles/turbojpeg-static.dir/libjpeg-turbo/jchuff.c.o
[83/1644] Building C object arch/CMakeFiles/arch.dir/arm64/src/common/arm64_fatal.c.o
[84/1644] Building C object arch/CMakeFiles/arch.dir/arm64/src/common/arm64_syscall.c.o
[85/1644] Building ASM object arch/CMakeFiles/arch.dir/arm64/src/common/arm64_smccc.S.o
[86/1644] Building C object arch/CMakeFiles/arch.dir/arm64/src/common/arm64_idle.c.o
[87/1644] Building C object arch/CMakeFiles/arch.dir/arm64/src/common/arm64_gicv2.c.o
[88/1644] Building C object arch/CMakeFiles/arch.dir/arm64/src/common/arm64_cpu_psci.c.o
[89/1644] Building C object arch/CMakeFiles/arch.dir/arm64/src/common/arm64_hwdebug.c.o
[90/1644] Building C object arch/CMakeFiles/arch.dir/arm64/src/common/arm64_mmu.c.o
[91/1644] Building ASM object arch/CMakeFiles/arch.dir/arm64/src/common/arm64_fpu_func.S.o
[92/1644] Building C object arch/CMakeFiles/arch.dir/arm64/src/common/arm64_cpustart.c.o
[93/1644] Building C object arch/CMakeFiles/arch.dir/arm64/src/common/arm64_smpcall.c.o
[94/1644] Building C object arch/CMakeFiles/arch.dir/arm64/src/common/arm64_fpu.c.o
[95/1644] Building C object arch/CMakeFiles/arch.dir/arm64/src/common/arm64_checkstack.c.o
[96/1644] Building C object arch/CMakeFiles/arch.dir/arm64/src/rk3576/rk3576_serial.c.o
[97/1644] Building ASM object arch/CMakeFiles/arch.dir/arm64/src/rk3576/rk3576_lowputc.S.o
[98/1644] Building C object arch/CMakeFiles/arch.dir/arm64/src/rk3576/rk3576_boot.c.o
[99/1644] Building C object arch/CMakeFiles/arch.dir/arm64/src/common/arm64_backtrace.c.o
[100/1644] Building C object binfmt/CMakeFiles/binfmt.dir/binfmt_globals.c.o
[101/1644] Building C object arch/CMakeFiles/arch.dir/arm64/src/rk3576/rk3576_uart6.c.o
[102/1644] Building C object arch/CMakeFiles/arch.dir/arm64/src/rk3576/rk3576_model_arena.c.o
[103/1644] Building C object arch/CMakeFiles/arch.dir/arm64/src/rk3576/rk3576_usbhost.c.o
[104/1644] Building C object binfmt/CMakeFiles/binfmt.dir/binfmt_initialize.c.o
[105/1644] Building C object binfmt/CMakeFiles/binfmt.dir/binfmt_register.c.o
[106/1644] Building C object binfmt/CMakeFiles/binfmt.dir/binfmt_unregister.c.o
[107/1644] Building C object binfmt/CMakeFiles/binfmt.dir/binfmt_loadmodule.c.o
[108/1644] Building C object binfmt/CMakeFiles/binfmt.dir/binfmt_unloadmodule.c.o
[109/1644] Building C object binfmt/CMakeFiles/binfmt.dir/binfmt_copyargv.c.o
[110/1644] Building C object binfmt/CMakeFiles/binfmt.dir/binfmt_execmodule.c.o
[111/1644] Building C object binfmt/CMakeFiles/binfmt.dir/binfmt_exec.c.o
[112/1644] Building C object binfmt/CMakeFiles/binfmt.dir/binfmt_copyactions.c.o
[113/1644] Building C object binfmt/CMakeFiles/binfmt.dir/binfmt_dumpmodule.c.o
[114/1644] Building C object binfmt/CMakeFiles/binfmt.dir/binfmt_copyattr.c.o
[115/1644] Building C object binfmt/CMakeFiles/binfmt.dir/builtin.c.o
[116/1644] Building C object drivers/CMakeFiles/drivers.dir/bch/bchlib_setup.c.o
[117/1644] Building C object drivers/CMakeFiles/drivers.dir/bch/bchlib_teardown.c.o
[118/1644] Building C object drivers/CMakeFiles/drivers.dir/bch/bchlib_read.c.o
[119/1644] Building C object drivers/CMakeFiles/drivers.dir/bch/bchlib_write.c.o
[120/1644] Building C object drivers/CMakeFiles/drivers.dir/bch/bchlib_cache.c.o
[121/1644] Building C object drivers/CMakeFiles/drivers.dir/bch/bchdev_register.c.o
[122/1644] Building C object drivers/CMakeFiles/drivers.dir/bch/bchdev_unregister.c.o
[123/1644] Building C object drivers/CMakeFiles/drivers.dir/misc/dev_null.c.o
[124/1644] Building C object drivers/CMakeFiles/drivers.dir/misc/dev_zero.c.o
[125/1644] Building C object drivers/CMakeFiles/drivers.dir/loop/losetup.c.o
[126/1644] Building C object drivers/CMakeFiles/drivers.dir/bch/bchdev_driver.c.o
[127/1644] Building C object drivers/CMakeFiles/drivers.dir/misc/mkrd.c.o
[128/1644] Building C object drivers/CMakeFiles/drivers.dir/misc/ramdisk.c.o
[129/1644] Building C object drivers/CMakeFiles/drivers.dir/pipes/fifo.c.o
[130/1644] Building C object drivers/CMakeFiles/drivers.dir/pipes/pipe.c.o
[131/1644] Building C object drivers/CMakeFiles/drivers.dir/pipes/pipe_common.c.o
[132/1644] Building C object drivers/CMakeFiles/drivers.dir/serial/serial_io.c.o
[133/1644] Building C object drivers/CMakeFiles/drivers.dir/syslog/syslog_initialize.c.o
[134/1644] Building C object drivers/CMakeFiles/drivers.dir/serial/uart_16550.c.o
[135/1644] Building C object drivers/CMakeFiles/drivers.dir/net/netdev_upperhalf.c.o
[136/1644] Building C object drivers/CMakeFiles/drivers.dir/syslog/setlogmask.c.o
[137/1644] Building C object drivers/CMakeFiles/drivers.dir/syslog/vsyslog.c.o
[138/1644] Building C object drivers/CMakeFiles/drivers.dir/syslog/syslog_channel.c.o
[139/1644] Building C object drivers/CMakeFiles/drivers.dir/syslog/syslog_flush.c.o
[140/1644] Building C object drivers/CMakeFiles/drivers.dir/syslog/syslog_write.c.o
[141/1644] Building C object drivers/CMakeFiles/drivers.dir/syslog/ramlog.c.o
[142/1644] Building C object drivers/CMakeFiles/drivers.dir/timers/oneshot.c.o
[143/1644] Building C object drivers/CMakeFiles/drivers.dir/serial/serial.c.o
[144/1644] Building C object drivers/CMakeFiles/drivers.dir/timers/arch_alarm.c.o
[145/1644] Building C object drivers/CMakeFiles/drivers.dir/usbhost/usbhost_registry.c.o
[146/1644] Building C object drivers/CMakeFiles/drivers.dir/usbhost/usbhost_registerclass.c.o
[147/1644] Building C object drivers/CMakeFiles/drivers.dir/usbhost/usbhost_findclass.c.o
[148/1644] Building C object drivers/CMakeFiles/drivers.dir/usbhost/usbhost_waiter.c.o
[149/1644] Building C object drivers/CMakeFiles/drivers.dir/usbhost/usbhost_enumerate.c.o
[150/1644] Building C object drivers/CMakeFiles/drivers.dir/usbhost/usbhost_drivers.c.o
[151/1644] Building C object drivers/CMakeFiles/drivers.dir/usbhost/usbhost_devaddr.c.o
[152/1644] Building C object drivers/CMakeFiles/drivers.dir/usbhost/usbhost_xhci_rk3576_trace.c.o
[153/1644] Building C object drivers/CMakeFiles/drivers.dir/usbhost/usbhost_trace.c.o
[154/1644] Building C object drivers/CMakeFiles/drivers.dir/wireless/bluetooth/bt_driver.c.o
[155/1644] Building C object drivers/CMakeFiles/drivers.dir/usbhost/usbhost_hub.c.o
[156/1644] Building C object drivers/CMakeFiles/drivers.dir/drivers_initialize.c.o
[157/1644] Building C object drivers/CMakeFiles/drivers.dir/usbhost/usbhost_storage.c.o
[158/1644] Building C object fs/CMakeFiles/fs.dir/fs_initialize.c.o
[159/1644] Building C object fs/CMakeFiles/fs.dir/fs_heap.c.o
[160/1644] Building C object fs/CMakeFiles/fs.dir/driver/fs_registerdriver.c.o
[161/1644] Building C object fs/CMakeFiles/fs.dir/driver/fs_unregisterdriver.c.o
[162/1644] Building C object fs/CMakeFiles/fs.dir/driver/fs_registerpipedriver.c.o
[163/1644] Building C object fs/CMakeFiles/fs.dir/driver/fs_unregisterpipedriver.c.o
[164/1644] Building C object fs/CMakeFiles/fs.dir/driver/fs_registerblockdriver.c.o
[165/1644] Building C object fs/CMakeFiles/fs.dir/driver/fs_unregisterblockdriver.c.o
[166/1644] Building C object fs/CMakeFiles/fs.dir/driver/fs_findblockdriver.c.o
[167/1644] Building C object fs/CMakeFiles/fs.dir/driver/fs_openblockdriver.c.o
[168/1644] Building C object fs/CMakeFiles/fs.dir/driver/fs_closeblockdriver.c.o
[169/1644] Building C object fs/CMakeFiles/fs.dir/driver/fs_findmtddriver.c.o
[170/1644] Building C object fs/CMakeFiles/fs.dir/driver/fs_blockpartition.c.o
[171/1644] Building C object fs/CMakeFiles/fs.dir/driver/fs_closemtddriver.c.o
[172/1644] Building C object fs/CMakeFiles/fs.dir/driver/fs_blockmerge.c.o
[173/1644] Building C object fs/CMakeFiles/fs.dir/driver/fs_blockproxy.c.o
[174/1644] Building C object fs/CMakeFiles/fs.dir/inode/fs_foreachinode.c.o
[175/1644] Building C object fs/CMakeFiles/fs.dir/inode/fs_inode.c.o
[176/1644] Building C object fs/CMakeFiles/fs.dir/inode/fs_inodeaddref.c.o
[177/1644] Building C object fs/CMakeFiles/fs.dir/inode/fs_files.c.o
[178/1644] Building C object fs/CMakeFiles/fs.dir/inode/fs_inodebasename.c.o
[179/1644] Building C object fs/CMakeFiles/fs.dir/inode/fs_inodefind.c.o
[180/1644] Building C object drivers/CMakeFiles/drivers.dir/usbhost/usbhost_xhci_rk3576.c.o
[181/1644] Building C object fs/CMakeFiles/fs.dir/inode/fs_inodefree.c.o
[182/1644] Building C object fs/CMakeFiles/fs.dir/inode/fs_inodegetpath.c.o
[183/1644] Building C object fs/CMakeFiles/fs.dir/inode/fs_inoderelease.c.o
[184/1644] Building C object fs/CMakeFiles/fs.dir/inode/fs_inoderemove.c.o
[185/1644] Building C object fs/CMakeFiles/fs.dir/inode/fs_inodereserve.c.o
[186/1644] Building C object fs/CMakeFiles/fs.dir/inode/fs_inodesearch.c.o
[187/1644] Building C object fs/CMakeFiles/fs.dir/mmap/fs_mmisc.c.o
[188/1644] Building C object fs/CMakeFiles/fs.dir/mmap/fs_mmap.c.o
[189/1644] Building C object fs/CMakeFiles/fs.dir/mmap/fs_munmap.c.o
[190/1644] Building C object fs/CMakeFiles/fs.dir/mmap/fs_msync.c.o
[191/1644] Building C object fs/CMakeFiles/fs.dir/mmap/fs_anonmap.c.o
[192/1644] Building C object fs/CMakeFiles/fs.dir/mount/fs_umount2.c.o
[193/1644] Building C object fs/CMakeFiles/fs.dir/mount/fs_mount.c.o
[194/1644] Building C object fs/CMakeFiles/fs.dir/mount/fs_foreachmountpoint.c.o
[195/1644] Building C object fs/CMakeFiles/fs.dir/mount/fs_gettype.c.o
[196/1644] Building C object fs/CMakeFiles/fs.dir/mqueue/mq_close.c.o
[197/1644] Building C object fs/CMakeFiles/fs.dir/mount/fs_procfs_mount.c.o
[198/1644] Building C object fs/CMakeFiles/fs.dir/mqueue/mq_unlink.c.o
[199/1644] Building C object fs/CMakeFiles/fs.dir/mqueue/mq_open.c.o
[200/1644] Building C object fs/CMakeFiles/fs.dir/procfs/fs_procfscpuinfo.c.o
[201/1644] Building C object fs/CMakeFiles/fs.dir/partition/fs_partition.c.o
[202/1644] Building C object fs/CMakeFiles/fs.dir/procfs/fs_procfscpuload.c.o
[203/1644] Building C object fs/CMakeFiles/fs.dir/procfs/fs_procfscritmon.c.o
[204/1644] Building C object fs/CMakeFiles/fs.dir/procfs/fs_procfsfdt.c.o
[205/1644] Building C object fs/CMakeFiles/fs.dir/procfs/fs_procfsiobinfo.c.o
[206/1644] Building C object fs/CMakeFiles/fs.dir/procfs/fs_procfs.c.o
[207/1644] Building C object fs/CMakeFiles/fs.dir/procfs/fs_procfstcbinfo.c.o
[208/1644] Building C object fs/CMakeFiles/fs.dir/procfs/fs_procfsmeminfo.c.o
[209/1644] Building C object fs/CMakeFiles/fs.dir/procfs/fs_procfsuptime.c.o
[210/1644] Building C object fs/CMakeFiles/fs.dir/procfs/fs_procfsutil.c.o
[211/1644] Building C object fs/CMakeFiles/fs.dir/procfs/fs_procfsversion.c.o
[212/1644] Building C object fs/CMakeFiles/fs.dir/procfs/fs_procfsproc.c.o
[213/1644] Building C object fs/CMakeFiles/fs.dir/socket/socket.c.o
[214/1644] Building C object fs/CMakeFiles/fs.dir/socket/socketpair.c.o
[215/1644] Building C object fs/CMakeFiles/fs.dir/socket/accept.c.o
[216/1644] Building C object fs/CMakeFiles/fs.dir/vfs/fs_close.c.o
[217/1644] Building C object fs/CMakeFiles/fs.dir/vfs/fs_chstat.c.o
[218/1644] Building C object fs/CMakeFiles/fs.dir/vfs/fs_dup.c.o
[219/1644] Building C object fs/CMakeFiles/fs.dir/vfs/fs_dup2.c.o
[220/1644] Building C object fs/CMakeFiles/fs.dir/vfs/fs_dup3.c.o
[221/1644] Building C object fs/CMakeFiles/fs.dir/vfs/fs_fcntl.c.o
[222/1644] Building C object fs/CMakeFiles/fs.dir/vfs/fs_fchstat.c.o
[223/1644] Building C object fs/CMakeFiles/fs.dir/vfs/fs_fstatfs.c.o
[224/1644] Building C object fs/CMakeFiles/fs.dir/vfs/fs_fstat.c.o
[225/1644] Building C object fs/CMakeFiles/fs.dir/vfs/fs_mkdir.c.o
[226/1644] Building C object fs/CMakeFiles/fs.dir/vfs/fs_lseek.c.o
[227/1644] Building C object fs/CMakeFiles/fs.dir/vfs/fs_ioctl.c.o
[228/1644] Building C object fs/CMakeFiles/fs.dir/vfs/fs_pread.c.o
[229/1644] Building C object fs/CMakeFiles/fs.dir/vfs/fs_open.c.o
[230/1644] Building C object fs/CMakeFiles/fs.dir/vfs/fs_poll.c.o
[231/1644] Building C object fs/CMakeFiles/fs.dir/vfs/fs_pwrite.c.o
[232/1644] Building C object fs/CMakeFiles/fs.dir/vfs/fs_epoll.c.o
[233/1644] Building C object fs/CMakeFiles/fs.dir/vfs/fs_read.c.o
[234/1644] Building C object fs/CMakeFiles/fs.dir/vfs/fs_rmdir.c.o
[235/1644] Building C object fs/CMakeFiles/fs.dir/vfs/fs_rename.c.o
[236/1644] Building C object fs/CMakeFiles/fs.dir/vfs/fs_select.c.o
[237/1644] Building C object fs/CMakeFiles/fs.dir/vfs/fs_stat.c.o
[238/1644] Building C object fs/CMakeFiles/fs.dir/vfs/fs_statfs.c.o
[239/1644] Building C object fs/CMakeFiles/fs.dir/vfs/fs_sendfile.c.o
[240/1644] Building C object fs/CMakeFiles/fs.dir/vfs/fs_uio.c.o
[241/1644] Building C object fs/CMakeFiles/fs.dir/vfs/fs_unlink.c.o
[242/1644] Building C object fs/CMakeFiles/fs.dir/vfs/fs_write.c.o
[243/1644] Building C object fs/CMakeFiles/fs.dir/vfs/fs_syncfs.c.o
[244/1644] Building C object fs/CMakeFiles/fs.dir/vfs/fs_dir.c.o
[245/1644] Building C object fs/CMakeFiles/fs.dir/vfs/fs_fsync.c.o
[246/1644] Building C object fs/CMakeFiles/fs.dir/vfs/fs_truncate.c.o
[247/1644] Building C object fs/CMakeFiles/fs.dir/vfs/fs_link.c.o
[248/1644] Building C object fs/CMakeFiles/fs.dir/vfs/fs_symlink.c.o
[249/1644] Building C object fs/CMakeFiles/fs.dir/vfs/fs_readlink.c.o
[250/1644] Building C object libs/libc/CMakeFiles/c.dir/assert/lib_stackchk.c.o
[251/1644] Building C object libs/libc/CMakeFiles/c.dir/builtin/lib_builtin_getname.c.o
[252/1644] Building C object libs/libc/CMakeFiles/c.dir/builtin/lib_builtin_isavail.c.o
[253/1644] Building C object libs/libc/CMakeFiles/c.dir/assert/lib_assert.c.o
[254/1644] Building C object libs/libc/CMakeFiles/c.dir/builtin/lib_builtin_forindex.c.o
[255/1644] Building C object libs/libc/CMakeFiles/c.dir/ctype/lib_isalnum.c.o
[256/1644] Building C object libs/libc/CMakeFiles/c.dir/ctype/lib_isalpha.c.o
[257/1644] Building C object libs/libc/CMakeFiles/c.dir/ctype/lib_isascii.c.o
[258/1644] Building C object libs/libc/CMakeFiles/c.dir/ctype/lib_isblank.c.o
[259/1644] Building C object libs/libc/CMakeFiles/c.dir/ctype/lib_iscntrl.c.o
[260/1644] Building C object libs/libc/CMakeFiles/c.dir/ctype/lib_isdigit.c.o
[261/1644] Building C object libs/libc/CMakeFiles/c.dir/ctype/lib_isgraph.c.o
[262/1644] Building C object libs/libc/CMakeFiles/c.dir/ctype/lib_islower.c.o
[263/1644] Building C object libs/libc/CMakeFiles/c.dir/ctype/lib_isprint.c.o
[264/1644] Building C object libs/libc/CMakeFiles/c.dir/ctype/lib_ispunct.c.o
[265/1644] Building C object libs/libc/CMakeFiles/c.dir/ctype/lib_isspace.c.o
[266/1644] Building C object libs/libc/CMakeFiles/c.dir/ctype/lib_isupper.c.o
[267/1644] Building C object libs/libc/CMakeFiles/c.dir/ctype/lib_isxdigit.c.o
[268/1644] Building C object libs/libc/CMakeFiles/c.dir/ctype/lib_tolower.c.o
[269/1644] Building C object libs/libc/CMakeFiles/c.dir/ctype/lib_toupper.c.o
[270/1644] Building C object libs/libc/CMakeFiles/c.dir/ctype/lib_ctype.c.o
[271/1644] Building C object libs/libc/CMakeFiles/c.dir/dirent/lib_readdirr.c.o
[272/1644] Building C object libs/libc/CMakeFiles/c.dir/dirent/lib_alphasort.c.o
[273/1644] Building C object libs/libc/CMakeFiles/c.dir/dirent/lib_telldir.c.o
[274/1644] Building C object libs/libc/CMakeFiles/c.dir/dirent/lib_ftw.c.o
[275/1644] Building C object libs/libc/CMakeFiles/c.dir/dirent/lib_scandir.c.o
[276/1644] Building C object libs/libc/CMakeFiles/c.dir/dirent/lib_opendir.c.o
[277/1644] Building C object libs/libc/CMakeFiles/c.dir/dirent/lib_fdopendir.c.o
[278/1644] Building C object libs/libc/CMakeFiles/c.dir/dirent/lib_nftw.c.o
[279/1644] Building C object libs/libc/CMakeFiles/c.dir/dirent/lib_closedir.c.o
[280/1644] Building C object libs/libc/CMakeFiles/c.dir/dirent/lib_readdir.c.o
[281/1644] Building C object libs/libc/CMakeFiles/c.dir/dirent/lib_dirfd.c.o
[282/1644] Building C object libs/libc/CMakeFiles/c.dir/dirent/lib_rewinddir.c.o
[283/1644] Building C object libs/libc/CMakeFiles/c.dir/dirent/lib_seekdir.c.o
[284/1644] Building C object libs/libc/CMakeFiles/c.dir/dirent/lib_versionsort.c.o
[285/1644] Building C object libs/libc/CMakeFiles/c.dir/dlfcn/lib_dlfind_object.c.o
[286/1644] Building C object libs/libc/CMakeFiles/c.dir/environ/env_getenvironptr.c.o
[287/1644] Building C object libs/libc/CMakeFiles/c.dir/environ/env_release.c.o
[288/1644] Building C object libs/libc/CMakeFiles/c.dir/environ/env_findvar.c.o
[289/1644] Building C object libs/libc/CMakeFiles/c.dir/environ/env_dup.c.o
[290/1644] Building C object libs/libc/CMakeFiles/c.dir/environ/env_removevar.c.o
[291/1644] Building C object libs/libc/CMakeFiles/c.dir/environ/env_clearenv.c.o
[292/1644] Building C object libs/libc/CMakeFiles/c.dir/environ/env_putenv.c.o
[293/1644] Building C object libs/libc/CMakeFiles/c.dir/environ/env_getenv.c.o
[294/1644] Building C object libs/libc/CMakeFiles/c.dir/environ/env_foreach.c.o
[295/1644] Building C object libs/libc/CMakeFiles/c.dir/errno/lib_errno.c.o
[296/1644] Building C object libs/libc/CMakeFiles/c.dir/environ/env_unsetenv.c.o
[297/1644] Building C object libs/libc/CMakeFiles/c.dir/fixedmath/lib_fixedmath.c.o
[298/1644] Building C object libs/libc/CMakeFiles/c.dir/environ/env_setenv.c.o
[299/1644] Building C object libs/libc/CMakeFiles/c.dir/fixedmath/lib_b16cos.c.o
[300/1644] Building C object libs/libc/CMakeFiles/c.dir/fixedmath/lib_b16sin.c.o
[301/1644] Building C object libs/libc/CMakeFiles/c.dir/fixedmath/lib_b16atan2.c.o
[302/1644] Building C object libs/libc/CMakeFiles/c.dir/fixedmath/lib_ubsqrt.c.o
[303/1644] Building C object libs/libc/CMakeFiles/c.dir/grp/lib_getgrgidr.c.o
[304/1644] Building C object libs/libc/CMakeFiles/c.dir/grp/lib_getgrnamr.c.o
[305/1644] Building C object libs/libc/CMakeFiles/c.dir/grp/lib_getgrgid.c.o
[306/1644] Building C object libs/libc/CMakeFiles/c.dir/grp/lib_initgroups.c.o
[307/1644] Building C object libs/libc/CMakeFiles/c.dir/grp/lib_getgrnam.c.o
[308/1644] Building C object libs/libc/CMakeFiles/c.dir/inttypes/lib_imaxabs.c.o
[309/1644] Building C object libs/libc/CMakeFiles/c.dir/grp/lib_getgrbufr.c.o
[310/1644] Building C object libs/libc/CMakeFiles/c.dir/inttypes/lib_imaxdiv.c.o
[311/1644] Building C object libs/libc/CMakeFiles/c.dir/grp/lib_getgrbuf.c.o
[312/1644] Building C object libs/libc/CMakeFiles/c.dir/libgen/lib_basename.c.o
[313/1644] Building C object libs/libc/CMakeFiles/c.dir/inttypes/lib_strtoimax.c.o
[314/1644] Building C object libs/libc/CMakeFiles/c.dir/inttypes/lib_strtoumax.c.o
[315/1644] Building C object libs/libc/CMakeFiles/c.dir/libgen/lib_dirname.c.o
[316/1644] Building C object libs/libc/CMakeFiles/c.dir/misc/lib_creat.c.o
[317/1644] Building C object libs/libc/CMakeFiles/c.dir/misc/lib_bitmap.c.o
[318/1644] Building C object libs/libc/CMakeFiles/c.dir/misc/lib_mknod.c.o
[319/1644] Building C object libs/libc/CMakeFiles/c.dir/misc/lib_umask.c.o
[320/1644] Building C object libs/libc/CMakeFiles/c.dir/misc/lib_utsname.c.o
[321/1644] Building C object libs/libc/CMakeFiles/c.dir/misc/lib_circbuf.c.o
[322/1644] Building C object libs/libc/CMakeFiles/c.dir/misc/lib_xorshift128.c.o
[323/1644] Building C object libs/libc/CMakeFiles/c.dir/misc/lib_tea_encrypt.c.o
[324/1644] Building C object libs/libc/CMakeFiles/c.dir/misc/lib_getrandom.c.o
[325/1644] Building C object libs/libc/CMakeFiles/c.dir/misc/lib_tea_decrypt.c.o
[326/1644] Building C object libs/libc/CMakeFiles/c.dir/misc/lib_impure.c.o
[327/1644] Building C object libs/libc/CMakeFiles/c.dir/misc/lib_cxx_initialize.c.o
[328/1644] Building C object libs/libc/CMakeFiles/c.dir/misc/lib_memfd.c.o
[329/1644] Building C object libs/libc/CMakeFiles/c.dir/misc/lib_fchmodat.c.o
[330/1644] Building C object libs/libc/CMakeFiles/c.dir/misc/lib_fstatat.c.o
[331/1644] Building C object libs/libc/CMakeFiles/c.dir/misc/lib_getfullpath.c.o
[332/1644] Building C object libs/libc/CMakeFiles/c.dir/misc/lib_openat.c.o
[333/1644] Building C object libs/libc/CMakeFiles/c.dir/misc/lib_mkdirat.c.o
[334/1644] Building C object libs/libc/CMakeFiles/c.dir/misc/lib_mallopt.c.o
[335/1644] Building C object libs/libc/CMakeFiles/c.dir/misc/lib_ratelimit.c.o
[336/1644] Building C object libs/libc/CMakeFiles/c.dir/misc/lib_utimensat.c.o
[337/1644] Building C object libs/libc/CMakeFiles/c.dir/misc/lib_getnprocs.c.o
[338/1644] Building C object libs/libc/CMakeFiles/c.dir/misc/lib_sem_mutex_noinline.c.o
[339/1644] Building C object libs/libc/CMakeFiles/c.dir/misc/lib_idr.c.o
[340/1644] Building C object libs/libc/CMakeFiles/c.dir/misc/lib_tempbuffer.c.o
[341/1644] Building C object libs/libc/CMakeFiles/c.dir/misc/lib_umul64.c.o
[342/1644] Building C object libs/libc/CMakeFiles/c.dir/misc/lib_umul32.c.o
[343/1644] Building C object libs/libc/CMakeFiles/c.dir/misc/lib_umul32x64.c.o
[344/1644] Building C object libs/libc/CMakeFiles/c.dir/misc/lib_uadd32x64.c.o
[345/1644] Building C object libs/libc/CMakeFiles/c.dir/misc/lib_uadd64.c.o
[346/1644] Building C object libs/libc/CMakeFiles/c.dir/misc/lib_usub64x32.c.o
[347/1644] Building C object libs/libc/CMakeFiles/c.dir/misc/lib_usub64.c.o
[348/1644] Building C object libs/libc/CMakeFiles/c.dir/misc/lib_dumpbuffer.c.o
[349/1644] Building C object libs/libc/CMakeFiles/c.dir/misc/lib_fnmatch.c.o
[350/1644] Building C object libs/libc/CMakeFiles/c.dir/misc/lib_dumpvbuffer.c.o
[351/1644] Building C object libs/libc/CMakeFiles/c.dir/misc/lib_debug.c.o
[352/1644] Building C object libs/libc/CMakeFiles/c.dir/misc/lib_crc64.c.o
[353/1644] Building C object libs/libc/CMakeFiles/c.dir/misc/lib_crc64emac.c.o
[354/1644] Building C object libs/libc/CMakeFiles/c.dir/misc/lib_crc32.c.o
[355/1644] Building C object libs/libc/CMakeFiles/c.dir/misc/lib_crc32h04c11db7.c.o
[356/1644] Building C object libs/libc/CMakeFiles/c.dir/misc/lib_crc32hf4acfb13.c.o
[357/1644] Building C object libs/libc/CMakeFiles/c.dir/misc/lib_crc16.c.o
[358/1644] Building C object libs/libc/CMakeFiles/c.dir/misc/lib_crc16ccitt.c.o
[359/1644] Building C object libs/libc/CMakeFiles/c.dir/misc/lib_crc16h1021.c.o
[360/1644] Building C object libs/libc/CMakeFiles/c.dir/misc/lib_crc16h8005.c.o
[361/1644] Building C object libs/libc/CMakeFiles/c.dir/misc/lib_crc8.c.o
[362/1644] Building C object libs/libc/CMakeFiles/c.dir/misc/lib_crc8ccitt.c.o
[363/1644] Building C object libs/libc/CMakeFiles/c.dir/misc/lib_crc8h2f.c.o
[364/1644] Building C object libs/libc/CMakeFiles/c.dir/misc/lib_crc8h1d.c.o
[365/1644] Building C object libs/libc/CMakeFiles/c.dir/misc/lib_crc8rohc.c.o
[366/1644] Building C object libs/libc/CMakeFiles/c.dir/misc/lib_crc8table.c.o
[367/1644] Building C object libs/libc/CMakeFiles/c.dir/misc/lib_ftok.c.o
[368/1644] Building C object libs/libc/CMakeFiles/c.dir/misc/lib_backtrace.c.o
[369/1644] Building C object libs/libc/CMakeFiles/c.dir/misc/lib_glob.c.o
[370/1644] Building C object libs/libc/CMakeFiles/c.dir/misc/lib_instrument.c.o
[371/1644] Building C object libs/libc/CMakeFiles/c.dir/misc/lib_err.c.o
[372/1644] Building C object libs/libc/CMakeFiles/c.dir/net/lib_addrconfig.c.o
[373/1644] Building C object libs/libc/CMakeFiles/c.dir/misc/lib_fdcheck.c.o
[374/1644] Building C object libs/libc/CMakeFiles/c.dir/net/lib_base64.c.o
[375/1644] Building C object libs/libc/CMakeFiles/c.dir/net/lib_htons.c.o
[376/1644] Building C object libs/libc/CMakeFiles/c.dir/net/lib_htonl.c.o
[377/1644] Building C object libs/libc/CMakeFiles/c.dir/net/lib_htonq.c.o
[378/1644] Building C object libs/libc/CMakeFiles/c.dir/net/lib_inetaton.c.o
[379/1644] Building C object libs/libc/CMakeFiles/c.dir/net/lib_inetaddr.c.o
[380/1644] Building C object libs/libc/CMakeFiles/c.dir/misc/lib_lrucache.c.o
[381/1644] Building C object libs/libc/CMakeFiles/c.dir/net/lib_inetntoa.c.o
[382/1644] Building C object libs/libc/CMakeFiles/c.dir/net/lib_inetntop.c.o
[383/1644] Building C object libs/libc/CMakeFiles/c.dir/net/lib_inetpton.c.o
[384/1644] Building C object libs/libc/CMakeFiles/c.dir/net/lib_inetnetwork.c.o
[385/1644] Building C object libs/libc/CMakeFiles/c.dir/net/lib_accept.c.o
[386/1644] Building C object libs/libc/CMakeFiles/c.dir/net/lib_etherntoa.c.o
[387/1644] Building C object libs/libc/CMakeFiles/c.dir/net/lib_freeifaddrs.c.o
[388/1644] Building C object libs/libc/CMakeFiles/c.dir/net/lib_etheraton.c.o
[389/1644] Building C object libs/libc/CMakeFiles/c.dir/net/lib_getifaddrs.c.o
[390/1644] Building C object libs/libc/CMakeFiles/c.dir/net/lib_indextoname.c.o
[391/1644] Building C object libs/libc/CMakeFiles/c.dir/net/lib_nametoindex.c.o
[392/1644] Building C object libs/libc/CMakeFiles/c.dir/net/lib_nameindex.c.o
[393/1644] Building C object libs/libc/CMakeFiles/c.dir/net/lib_freenameindex.c.o
[394/1644] Building C object libs/libc/CMakeFiles/c.dir/obstack/lib_obstack_alloc.c.o
[395/1644] Building C object libs/libc/CMakeFiles/c.dir/obstack/lib_obstack_copy.c.o
[396/1644] Building C object libs/libc/CMakeFiles/c.dir/obstack/lib_obstack_init.c.o
[397/1644] Building C object libs/libc/CMakeFiles/c.dir/obstack/lib_obstack_free.c.o
[398/1644] Building C object libs/libc/CMakeFiles/c.dir/obstack/lib_obstack_blank.c.o
[399/1644] Building C object libs/libc/CMakeFiles/c.dir/obstack/lib_obstack_grow.c.o
[400/1644] Building C object libs/libc/CMakeFiles/c.dir/obstack/lib_obstack_finish.c.o
[401/1644] Building C object libs/libc/CMakeFiles/c.dir/obstack/lib_obstack_make_room.c.o
[402/1644] Building C object libs/libc/CMakeFiles/c.dir/obstack/lib_obstack_object_size.c.o
[403/1644] Building C object libs/libc/CMakeFiles/c.dir/obstack/lib_obstack_room.c.o
[404/1644] Building C object libs/libc/CMakeFiles/c.dir/obstack/lib_obstack_printf.c.o
[405/1644] Building C object libs/libc/CMakeFiles/c.dir/obstack/lib_obstack_vprintf.c.o
[406/1644] Building C object libs/libc/CMakeFiles/c.dir/obstack/lib_obstack_malloc.c.o
[407/1644] Building C object libs/libc/CMakeFiles/c.dir/pthread/pthread_setspecific.c.o
[408/1644] Building C object libs/libc/CMakeFiles/c.dir/pthread/pthread_getspecific.c.o
[409/1644] Building C object libs/libc/CMakeFiles/c.dir/pthread/pthread_keycreate.c.o
[410/1644] Building C object libs/libc/CMakeFiles/c.dir/pthread/pthread_attr_init.c.o
[411/1644] Building C object libs/libc/CMakeFiles/c.dir/pthread/pthread_keydelete.c.o
[412/1644] Building C object libs/libc/CMakeFiles/c.dir/pthread/pthread_attr_destroy.c.o
[413/1644] Building C object libs/libc/CMakeFiles/c.dir/pthread/pthread_attr_setschedpolicy.c.o
[414/1644] Building C object libs/libc/CMakeFiles/c.dir/pthread/pthread_attr_getschedpolicy.c.o
[415/1644] Building C object libs/libc/CMakeFiles/c.dir/pthread/pthread_attr_setinheritsched.c.o
[416/1644] Building C object libs/libc/CMakeFiles/c.dir/pthread/pthread_attr_setdetachstate.c.o
[417/1644] Building C object libs/libc/CMakeFiles/c.dir/pthread/pthread_attr_getinheritsched.c.o
[418/1644] Building C object libs/libc/CMakeFiles/c.dir/pthread/pthread_attr_getdetachstate.c.o
[419/1644] Building C object libs/libc/CMakeFiles/c.dir/pthread/pthread_attr_setstackaddr.c.o
[420/1644] Building C object libs/libc/CMakeFiles/c.dir/pthread/pthread_attr_getstackaddr.c.o
[421/1644] Building C object libs/libc/CMakeFiles/c.dir/pthread/pthread_attr_setstacksize.c.o
[422/1644] Building C object libs/libc/CMakeFiles/c.dir/pthread/pthread_attr_getstacksize.c.o
[423/1644] Building C object libs/libc/CMakeFiles/c.dir/pthread/pthread_attr_setstack.c.o
[424/1644] Building C object libs/libc/CMakeFiles/c.dir/pthread/pthread_attr_getstack.c.o
[425/1644] Building C object libs/libc/CMakeFiles/c.dir/pthread/pthread_attr_setschedparam.c.o
[426/1644] Building C object libs/libc/CMakeFiles/c.dir/pthread/pthread_attr_setscope.c.o
[427/1644] Building C object libs/libc/CMakeFiles/c.dir/pthread/pthread_attr_getschedparam.c.o
[428/1644] Building C object libs/libc/CMakeFiles/c.dir/pthread/pthread_attr_getscope.c.o
[429/1644] Building C object libs/libc/CMakeFiles/c.dir/pthread/pthread_attr_setguardsize.c.o
[430/1644] Building C object libs/libc/CMakeFiles/c.dir/pthread/pthread_attr_getguardsize.c.o
[431/1644] Building C object libs/libc/CMakeFiles/c.dir/pthread/pthread_barrierattr_init.c.o
[432/1644] Building C object libs/libc/CMakeFiles/c.dir/pthread/pthread_barrierattr_destroy.c.o
[433/1644] Building C object libs/libc/CMakeFiles/c.dir/pthread/pthread_barrierattr_getpshared.c.o
[434/1644] Building C object libs/libc/CMakeFiles/c.dir/pthread/pthread_barrierattr_setpshared.c.o
[435/1644] Building C object libs/libc/CMakeFiles/c.dir/pthread/pthread_barrierinit.c.o
[436/1644] Building C object libs/libc/CMakeFiles/c.dir/pthread/pthread_barrierdestroy.c.o
[437/1644] Building C object libs/libc/CMakeFiles/c.dir/pthread/pthread_barrierwait.c.o
[438/1644] Building C object libs/libc/CMakeFiles/c.dir/pthread/pthread_condattr_init.c.o
[439/1644] Building C object libs/libc/CMakeFiles/c.dir/pthread/pthread_condattr_destroy.c.o
[440/1644] Building C object libs/libc/CMakeFiles/c.dir/pthread/pthread_condattr_getpshared.c.o
[441/1644] Building C object libs/libc/CMakeFiles/c.dir/pthread/pthread_condattr_setpshared.c.o
[442/1644] Building C object libs/libc/CMakeFiles/c.dir/pthread/pthread_condattr_setclock.c.o
[443/1644] Building C object libs/libc/CMakeFiles/c.dir/pthread/pthread_condattr_getclock.c.o
[444/1644] Building C object libs/libc/CMakeFiles/c.dir/pthread/pthread_condbroadcast.c.o
[445/1644] Building C object libs/libc/CMakeFiles/c.dir/pthread/pthread_condinit.c.o
[446/1644] Building C object libs/libc/CMakeFiles/c.dir/pthread/pthread_conddestroy.c.o
[447/1644] Building C object libs/libc/CMakeFiles/c.dir/pthread/pthread_condclockwait.c.o
[448/1644] Building C object libs/libc/CMakeFiles/c.dir/pthread/pthread_condtimedwait.c.o
[449/1644] Building C object libs/libc/CMakeFiles/c.dir/pthread/pthread_condsignal.c.o
[450/1644] Building C object libs/libc/CMakeFiles/c.dir/pthread/pthread_equal.c.o
[451/1644] Building C object libs/libc/CMakeFiles/c.dir/pthread/pthread_create.c.o
[452/1644] Building C object libs/libc/CMakeFiles/c.dir/pthread/pthread_condwait.c.o
[453/1644] Building C object libs/libc/CMakeFiles/c.dir/pthread/pthread_kill.c.o
[454/1644] Building C object libs/libc/CMakeFiles/c.dir/pthread/pthread_setname_np.c.o
[455/1644] Building C object libs/libc/CMakeFiles/c.dir/pthread/pthread_exit.c.o
[456/1644] Building C object libs/libc/CMakeFiles/c.dir/pthread/pthread_getname_np.c.o
[457/1644] Building C object libs/libc/CMakeFiles/c.dir/pthread/pthread_get_stackaddr_np.c.o
[458/1644] Building C object libs/libc/CMakeFiles/c.dir/pthread/pthread_get_stacksize_np.c.o
[459/1644] Building C object libs/libc/CMakeFiles/c.dir/pthread/pthread_mutexattr_init.c.o
[460/1644] Building C object libs/libc/CMakeFiles/c.dir/pthread/pthread_mutexattr_destroy.c.o
[461/1644] Building C object libs/libc/CMakeFiles/c.dir/pthread/pthread_mutexattr_getpshared.c.o
[462/1644] Building C object libs/libc/CMakeFiles/c.dir/pthread/pthread_mutexattr_setpshared.c.o
[463/1644] Building C object libs/libc/CMakeFiles/c.dir/pthread/pthread_mutexattr_setprotocol.c.o
[464/1644] Building C object libs/libc/CMakeFiles/c.dir/pthread/pthread_mutexattr_getprotocol.c.o
[465/1644] Building C object libs/libc/CMakeFiles/c.dir/pthread/pthread_mutexattr_settype.c.o
[466/1644] Building C object libs/libc/CMakeFiles/c.dir/pthread/pthread_mutexattr_gettype.c.o
[467/1644] Building C object libs/libc/CMakeFiles/c.dir/pthread/pthread_mutexattr_setrobust.c.o
[468/1644] Building C object libs/libc/CMakeFiles/c.dir/pthread/pthread_mutexattr_getrobust.c.o
[469/1644] Building C object libs/libc/CMakeFiles/c.dir/pthread/pthread_mutexattr_setprioceiling.c.o
[470/1644] Building C object libs/libc/CMakeFiles/c.dir/pthread/pthread_mutexattr_getprioceiling.c.o
[471/1644] Building C object libs/libc/CMakeFiles/c.dir/pthread/pthread_mutex_destroy.c.o
[472/1644] Building C object libs/libc/CMakeFiles/c.dir/pthread/pthread_mutex_getprioceiling.c.o
[473/1644] Building C object libs/libc/CMakeFiles/c.dir/pthread/pthread_mutex_init.c.o
[474/1644] Building C object libs/libc/CMakeFiles/c.dir/pthread/pthread_mutex_lock.c.o
[475/1644] Building C object libs/libc/CMakeFiles/c.dir/pthread/pthread_mutex.c.o
[476/1644] Building C object libs/libc/CMakeFiles/c.dir/pthread/pthread_mutex_setprioceiling.c.o
[477/1644] Building C object libs/libc/CMakeFiles/c.dir/pthread/pthread_mutex_timedlock.c.o
[478/1644] Building C object libs/libc/CMakeFiles/c.dir/pthread/pthread_mutex_trylock.c.o
[479/1644] Building C object libs/libc/CMakeFiles/c.dir/pthread/pthread_once.c.o
[480/1644] Building C object libs/libc/CMakeFiles/c.dir/pthread/pthread_mutex_unlock.c.o
[481/1644] Building C object libs/libc/CMakeFiles/c.dir/pthread/pthread_yield.c.o
[482/1644] Building C object libs/libc/CMakeFiles/c.dir/pthread/pthread_atfork.c.o
[483/1644] Building C object libs/libc/CMakeFiles/c.dir/pthread/pthread_rwlockattr_init.c.o
[484/1644] Building C object libs/libc/CMakeFiles/c.dir/pthread/pthread_rwlockattr_destroy.c.o
[485/1644] Building C object libs/libc/CMakeFiles/c.dir/pthread/pthread_rwlockattr_getpshared.c.o
[486/1644] Building C object libs/libc/CMakeFiles/c.dir/pthread/pthread_rwlockattr_setpshared.c.o
[487/1644] Building C object libs/libc/CMakeFiles/c.dir/pthread/pthread_rwlock.c.o
[488/1644] Building C object libs/libc/CMakeFiles/c.dir/pthread/pthread_rwlock_wrlock.c.o
[489/1644] Building C object libs/libc/CMakeFiles/c.dir/pthread/pthread_rwlock_rdlock.c.o
[490/1644] Building C object libs/libc/CMakeFiles/c.dir/pthread/pthread_setcancelstate.c.o
[491/1644] Building C object libs/libc/CMakeFiles/c.dir/pthread/pthread_setcanceltype.c.o
[492/1644] Building C object libs/libc/CMakeFiles/c.dir/pthread/pthread_testcancel.c.o
[493/1644] Building C object libs/libc/CMakeFiles/c.dir/pthread/pthread_getcpuclockid.c.o
[494/1644] Building C object libs/libc/CMakeFiles/c.dir/pthread/pthread_gettid_np.c.o
[495/1644] Building C object libs/libc/CMakeFiles/c.dir/pthread/pthread_self.c.o
[496/1644] Building C object libs/libc/CMakeFiles/c.dir/pthread/pthread_mutex_consistent.c.o
[497/1644] Building C object libs/libc/CMakeFiles/c.dir/pthread/pthread_concurrency.c.o
[498/1644] Building C object libs/libc/CMakeFiles/c.dir/pthread/pthread_attr_getaffinity.c.o
[499/1644] Building C object libs/libc/CMakeFiles/c.dir/pthread/pthread_mutex_inconsistent.c.o
[500/1644] Building C object libs/libc/CMakeFiles/c.dir/pthread/pthread_cleanup.c.o
[501/1644] Building C object libs/libc/CMakeFiles/c.dir/pthread/pthread_attr_setaffinity.c.o
[502/1644] Building C object libs/libc/CMakeFiles/c.dir/pwd/lib_getpwnam.c.o
[503/1644] Building C object libs/libc/CMakeFiles/c.dir/pwd/lib_getpwnamr.c.o
[504/1644] Building C object libs/libc/CMakeFiles/c.dir/pwd/lib_getpwuid.c.o
[505/1644] Building C object libs/libc/CMakeFiles/c.dir/pwd/lib_getpwuidr.c.o
[506/1644] Building C object libs/libc/CMakeFiles/c.dir/pwd/lib_getpwbufr.c.o
[507/1644] Building C object libs/libc/CMakeFiles/c.dir/pwd/lib_getspnam.c.o
[508/1644] Building C object libs/libc/CMakeFiles/c.dir/pwd/lib_getpwent.c.o
[509/1644] Building C object libs/libc/CMakeFiles/c.dir/queue/queue.c.o
[510/1644] Building C object libs/libc/CMakeFiles/c.dir/pwd/lib_getpwbuf.c.o
[511/1644] Building C object libs/libc/CMakeFiles/c.dir/sched/sched_getprioritymax.c.o
[512/1644] Building C object libs/libc/CMakeFiles/c.dir/sched/sched_getprioritymin.c.o
[513/1644] Building C object libs/libc/CMakeFiles/c.dir/sched/task_cancelpt.c.o
[514/1644] Building C object libs/libc/CMakeFiles/c.dir/sched/clock_getcpuclockid.c.o
[515/1644] Building C object libs/libc/CMakeFiles/c.dir/sched/task_testcancel.c.o
[516/1644] Building C object libs/libc/CMakeFiles/c.dir/sched/task_setcancelstate.c.o
[517/1644] Building C object libs/libc/CMakeFiles/c.dir/sched/task_setcanceltype.c.o
[518/1644] Building C object libs/libc/CMakeFiles/c.dir/sched/sched_cpucount.c.o
[519/1644] Building C object libs/libc/CMakeFiles/c.dir/sched/sched_backtrace.c.o
[520/1644] Building C object libs/libc/CMakeFiles/c.dir/sched/task_getpid.c.o
[521/1644] Building C object libs/libc/CMakeFiles/c.dir/search/hash_func.c.o
[522/1644] Building C object libs/libc/CMakeFiles/c.dir/sched/sched_dumpstack.c.o
[523/1644] Building C object libs/libc/CMakeFiles/c.dir/sched/task_startup.c.o
[524/1644] Building C object libs/libc/CMakeFiles/c.dir/search/hcreate.c.o
[525/1644] Building C object libs/libc/CMakeFiles/c.dir/semaphore/sem_init.c.o
[526/1644] Building C object libs/libc/CMakeFiles/c.dir/search/hcreate_r.c.o
[527/1644] Building C object libs/libc/CMakeFiles/c.dir/semaphore/sem_setprotocol.c.o
[528/1644] Building C object libs/libc/CMakeFiles/c.dir/semaphore/sem_getprotocol.c.o
[529/1644] Building C object libs/libc/CMakeFiles/c.dir/semaphore/sem_getvalue.c.o
[530/1644] Building C object libs/libc/CMakeFiles/c.dir/semaphore/sem_destroy.c.o
[531/1644] Building C object libs/libc/CMakeFiles/c.dir/semaphore/sem_wait.c.o
[532/1644] Building C object libs/libc/CMakeFiles/c.dir/semaphore/sem_trywait.c.o
[533/1644] Building C object libs/libc/CMakeFiles/c.dir/semaphore/sem_timedwait.c.o
[534/1644] Building C object libs/libc/CMakeFiles/c.dir/semaphore/sem_clockwait.c.o
[535/1644] Building C object libs/libc/CMakeFiles/c.dir/semaphore/sem_post.c.o
[536/1644] Building C object libs/libc/CMakeFiles/c.dir/signal/sig_altstack.c.o
[537/1644] Building C object libs/libc/CMakeFiles/c.dir/signal/sig_addset.c.o
[538/1644] Building C object libs/libc/CMakeFiles/c.dir/signal/sig_andset.c.o
[539/1644] Building C object libs/libc/CMakeFiles/c.dir/signal/sig_emptyset.c.o
[540/1644] Building C object libs/libc/CMakeFiles/c.dir/signal/sig_hold.c.o
[541/1644] Building C object libs/libc/CMakeFiles/c.dir/signal/sig_delset.c.o
[542/1644] Building C object libs/libc/CMakeFiles/c.dir/signal/sig_fillset.c.o
[543/1644] Building C object libs/libc/CMakeFiles/c.dir/signal/sig_longjmp.c.o
[544/1644] Building C object libs/libc/CMakeFiles/c.dir/signal/sig_killpg.c.o
[545/1644] Building C object libs/libc/CMakeFiles/c.dir/signal/sig_isemptyset.c.o
[546/1644] Building C object libs/libc/CMakeFiles/c.dir/signal/sig_ismember.c.o
[547/1644] Building C object libs/libc/CMakeFiles/c.dir/signal/sig_orset.c.o
[548/1644] Building C object libs/libc/CMakeFiles/c.dir/signal/sig_nandset.c.o
[549/1644] Building C object libs/libc/CMakeFiles/c.dir/signal/sig_pause.c.o
[550/1644] Building C object libs/libc/CMakeFiles/c.dir/signal/sig_psignal.c.o
[551/1644] Building C object libs/libc/CMakeFiles/c.dir/signal/sig_relse.c.o
[552/1644] Building C object libs/libc/CMakeFiles/c.dir/signal/sig_raise.c.o
[553/1644] Building C object libs/libc/CMakeFiles/c.dir/signal/sig_ignore.c.o
[554/1644] Building C object libs/libc/CMakeFiles/c.dir/signal/sig_wait.c.o
[555/1644] Building C object libs/libc/CMakeFiles/c.dir/signal/sig_xorset.c.o
[556/1644] Building C object libs/libc/CMakeFiles/c.dir/signal/sig_interrupt.c.o
[557/1644] Building C object libs/libc/CMakeFiles/c.dir/signal/sig_set.c.o
[558/1644] Building C object libs/libc/CMakeFiles/c.dir/signal/sig_signal.c.o
[559/1644] Building C object libs/libc/CMakeFiles/c.dir/spawn/lib_psfa_addaction.c.o
[560/1644] Building C object libs/libc/CMakeFiles/c.dir/spawn/lib_psfa_addclose.c.o
[561/1644] Building C object libs/libc/CMakeFiles/c.dir/spawn/lib_psfa_addopen.c.o
[562/1644] Building C object libs/libc/CMakeFiles/c.dir/spawn/lib_psfa_init.c.o
[563/1644] Building C object libs/libc/CMakeFiles/c.dir/spawn/lib_psfa_destroy.c.o
[564/1644] Building C object libs/libc/CMakeFiles/c.dir/spawn/lib_psfa_adddup2.c.o
[565/1644] Building C object libs/libc/CMakeFiles/c.dir/spawn/lib_psa_getschedparam.c.o
[566/1644] Building C object libs/libc/CMakeFiles/c.dir/spawn/lib_psa_getflags.c.o
[567/1644] Building C object libs/libc/CMakeFiles/c.dir/spawn/lib_psa_getschedpolicy.c.o
[568/1644] Building C object libs/libc/CMakeFiles/c.dir/spawn/lib_psa_init.c.o
[569/1644] Building C object libs/libc/CMakeFiles/c.dir/spawn/lib_psa_setflags.c.o
[570/1644] Building C object libs/libc/CMakeFiles/c.dir/spawn/lib_psa_setschedparam.c.o
[571/1644] Building C object libs/libc/CMakeFiles/c.dir/spawn/lib_psa_setschedpolicy.c.o
[572/1644] Building C object libs/libc/CMakeFiles/c.dir/spawn/lib_psa_getsigmask.c.o
[573/1644] Building C object libs/libc/CMakeFiles/c.dir/spawn/lib_psa_setsigmask.c.o
[574/1644] Building C object libs/libc/CMakeFiles/c.dir/spawn/lib_psa_getstacksize.c.o
[575/1644] Building C object libs/libc/CMakeFiles/c.dir/spawn/lib_psa_setstacksize.c.o
[576/1644] Building C object libs/libc/CMakeFiles/c.dir/spawn/lib_psa_getpriority.c.o
[577/1644] Building C object libs/libc/CMakeFiles/c.dir/spawn/lib_psa_setpriority.c.o
[578/1644] Building C object libs/libc/CMakeFiles/c.dir/spawn/lib_psa_getstackaddr.c.o
[579/1644] Building C object libs/libc/CMakeFiles/c.dir/spawn/lib_psa_destroy.c.o
[580/1644] Building C object libs/libc/CMakeFiles/c.dir/spawn/lib_psa_setstackaddr.c.o
[581/1644] Building C object libs/libc/CMakeFiles/c.dir/spawn/lib_psfa_dump.c.o
[582/1644] Building C object libs/libc/CMakeFiles/c.dir/stdio/lib_fileno.c.o
[583/1644] Building C object libs/libc/CMakeFiles/c.dir/spawn/lib_psa_dump.c.o
[584/1644] Building C object libs/libc/CMakeFiles/c.dir/stdio/lib_printf.c.o
[585/1644] Building C object libs/libc/CMakeFiles/c.dir/stdio/lib_asprintf.c.o
[586/1644] Building C object libs/libc/CMakeFiles/c.dir/stdio/lib_sprintf.c.o
[587/1644] Building C object libs/libc/CMakeFiles/c.dir/stdio/lib_snprintf.c.o
[588/1644] Building C object libs/libc/CMakeFiles/c.dir/stdio/lib_vsprintf.c.o
[589/1644] Building C object libs/libc/CMakeFiles/c.dir/stdio/lib_vsnprintf.c.o
[590/1644] Building C object libs/libc/CMakeFiles/c.dir/stdio/lib_dprintf.c.o
[591/1644] Building C object libs/libc/CMakeFiles/c.dir/stdio/lib_vasprintf.c.o
[592/1644] Building C object libs/libc/CMakeFiles/c.dir/stdio/lib_vdprintf.c.o
[593/1644] Building C object libs/libc/CMakeFiles/c.dir/stdio/lib_vprintf.c.o
[594/1644] Building C object libs/libc/CMakeFiles/c.dir/stdio/lib_perror.c.o
[595/1644] Building C object libs/libc/CMakeFiles/c.dir/stdio/lib_putchar.c.o
[596/1644] Building C object libs/libc/CMakeFiles/c.dir/stdio/lib_getchar.c.o
[597/1644] Building C object libs/libc/CMakeFiles/c.dir/stdio/lib_gets_s.c.o
[598/1644] Building C object libs/libc/CMakeFiles/c.dir/stdio/lib_puts.c.o
[599/1644] Building C object libs/libc/CMakeFiles/c.dir/stdio/lib_gets.c.o
[600/1644] Building C object libs/libc/CMakeFiles/c.dir/stdio/lib_libdgets.c.o
[601/1644] Building C object libs/libc/CMakeFiles/c.dir/stdio/lib_sscanf.c.o
[602/1644] Building C object libs/libc/CMakeFiles/c.dir/stdio/lib_vsscanf.c.o
[603/1644] Building C object libs/libc/CMakeFiles/c.dir/stdio/lib_remove.c.o
[604/1644] Building C object libs/libc/CMakeFiles/c.dir/stdio/lib_tempnam.c.o
[605/1644] Building C object libs/libc/CMakeFiles/c.dir/stdio/lib_tmpnam.c.o
[606/1644] Building C object libs/libc/CMakeFiles/c.dir/stdio/lib_renameat.c.o
[607/1644] Building C object libs/libc/CMakeFiles/c.dir/stdio/lib_putwchar.c.o
[608/1644] Building C object libs/libc/CMakeFiles/c.dir/stdio/lib_freopen.c.o
[609/1644] Building C object libs/libc/CMakeFiles/c.dir/stdio/lib_fread.c.o
[610/1644] Building C object libs/libc/CMakeFiles/c.dir/stdio/lib_fopen.c.o
[611/1644] Building C object libs/libc/CMakeFiles/c.dir/stdio/lib_fclose.c.o
[612/1644] Building C object libs/libc/CMakeFiles/c.dir/stdio/lib_fseek.c.o
[613/1644] Building C object libs/libc/CMakeFiles/c.dir/stdio/lib_libfread_unlocked.c.o
[614/1644] Building C object libs/libc/CMakeFiles/c.dir/stdio/lib_ftell.c.o
[615/1644] Building C object libs/libc/CMakeFiles/c.dir/stdio/lib_fseeko.c.o
[616/1644] Building C object libs/libc/CMakeFiles/c.dir/stdio/lib_fsetpos.c.o
[617/1644] Building C object libs/libc/CMakeFiles/c.dir/stdio/lib_ftello.c.o
[618/1644] Building C object libs/libc/CMakeFiles/c.dir/stdio/lib_getdelim.c.o
[619/1644] Building C object libs/libc/CMakeFiles/c.dir/stdio/lib_fgetpos.c.o
[620/1644] Building C object libs/libc/CMakeFiles/c.dir/stdio/lib_getc.c.o
[621/1644] Building C object libs/libc/CMakeFiles/c.dir/stdio/lib_fgetc.c.o
[622/1644] Building C object libs/libc/CMakeFiles/c.dir/stdio/lib_fgets.c.o
[623/1644] Building C object libs/libc/CMakeFiles/c.dir/stdio/lib_libfgets.c.o
[624/1644] Building C object libs/libc/CMakeFiles/c.dir/stdio/lib_fwrite.c.o
[625/1644] Building C object libs/libc/CMakeFiles/c.dir/stdio/lib_fflush.c.o
[626/1644] Building C object libs/libc/CMakeFiles/c.dir/stdio/lib_libfwrite.c.o
[627/1644] Building C object libs/libc/CMakeFiles/c.dir/stdio/lib_libfflush.c.o
[628/1644] Building C object libs/libc/CMakeFiles/c.dir/stdio/lib_wrflush_unlocked.c.o
[629/1644] Building C object libs/libc/CMakeFiles/c.dir/stdio/lib_rdflush_unlocked.c.o
[630/1644] Building C object libs/libc/CMakeFiles/c.dir/stdio/lib_libflushall.c.o
[631/1644] Building C object libs/libc/CMakeFiles/c.dir/stdio/lib_putc.c.o
[632/1644] Building C object libs/libc/CMakeFiles/c.dir/stdio/lib_fputc.c.o
[633/1644] Building C object libs/libc/CMakeFiles/c.dir/stdio/lib_ungetc.c.o
[634/1644] Building C object libs/libc/CMakeFiles/c.dir/stdio/lib_fputs.c.o
[635/1644] Building C object libs/libc/CMakeFiles/c.dir/stdio/lib_fprintf.c.o
[636/1644] Building C object libs/libc/CMakeFiles/c.dir/stdio/lib_feof.c.o
[637/1644] Building C object libs/libc/CMakeFiles/c.dir/stdio/lib_vfprintf.c.o
[638/1644] Building C object libs/libc/CMakeFiles/c.dir/stdio/lib_ferror.c.o
[639/1644] Building C object libs/libc/CMakeFiles/c.dir/stdio/lib_rewind.c.o
[640/1644] Building C object libs/libc/CMakeFiles/c.dir/stdio/lib_clearerr.c.o
[641/1644] Building C object libs/libc/CMakeFiles/c.dir/stdio/lib_scanf.c.o
[642/1644] Building C object libs/libc/CMakeFiles/c.dir/stdio/lib_vscanf.c.o
[643/1644] Building C object libs/libc/CMakeFiles/c.dir/stdio/lib_fscanf.c.o
[644/1644] Building C object libs/libc/CMakeFiles/c.dir/stdio/lib_vfscanf.c.o
[645/1644] Building C object libs/libc/CMakeFiles/c.dir/stdio/lib_tmpfile.c.o
[646/1644] Building C object libs/libc/CMakeFiles/c.dir/stdio/lib_setbuf.c.o
[647/1644] Building C object libs/libc/CMakeFiles/c.dir/stdio/lib_setvbuf.c.o
[648/1644] Building C object libs/libc/CMakeFiles/c.dir/stdio/lib_setbuffer.c.o
[649/1644] Building C object libs/libc/CMakeFiles/c.dir/stdio/lib_libgetstreams.c.o
[650/1644] Building C object libs/libc/CMakeFiles/c.dir/stdio/lib_libfilelock.c.o
[651/1644] Building C object libs/libc/CMakeFiles/c.dir/stdio/lib_fputwc.c.o
[652/1644] Building C object libs/libc/CMakeFiles/c.dir/stdio/lib_putwc.c.o
[653/1644] Building C object libs/libc/CMakeFiles/c.dir/stdio/lib_fputws.c.o
[654/1644] Building C object libs/libc/CMakeFiles/c.dir/stdio/lib_fopencookie.c.o
[655/1644] Building C object libs/libc/CMakeFiles/c.dir/stdio/lib_fgetwc.c.o
[656/1644] Building C object libs/libc/CMakeFiles/c.dir/stdio/lib_open_memstream.c.o
[657/1644] Building C object libs/libc/CMakeFiles/c.dir/stdio/lib_fmemopen.c.o
[658/1644] Building C object libs/libc/CMakeFiles/c.dir/stdio/lib_getwc.c.o
[659/1644] Building C object libs/libc/CMakeFiles/c.dir/stdlib/lib_abs.c.o
[660/1644] Building C object libs/libc/CMakeFiles/c.dir/stdio/lib_ungetwc.c.o
[661/1644] Building C object libs/libc/CMakeFiles/c.dir/stdlib/lib_atof.c.o
[662/1644] Building C object libs/libc/CMakeFiles/c.dir/stdlib/lib_atoi.c.o
[663/1644] Building C object libs/libc/CMakeFiles/c.dir/stdlib/lib_abort.c.o
[664/1644] Building C object libs/libc/CMakeFiles/c.dir/stdlib/lib_atol.c.o
[665/1644] Building C object libs/libc/CMakeFiles/c.dir/stdlib/lib_atoll.c.o
[666/1644] Building C object libs/libc/CMakeFiles/c.dir/stdlib/lib_div.c.o
[667/1644] Building C object libs/libc/CMakeFiles/c.dir/stdlib/lib_getprogname.c.o
[668/1644] Building C object libs/libc/CMakeFiles/c.dir/stdlib/lib_ldiv.c.o
[669/1644] Building C object libs/libc/CMakeFiles/c.dir/stdlib/lib_lldiv.c.o
[670/1644] Building C object libs/libc/CMakeFiles/c.dir/stdlib/lib_labs.c.o
[671/1644] Building C object libs/libc/CMakeFiles/c.dir/stdlib/lib_itoa.c.o
[672/1644] Building C object libs/libc/CMakeFiles/c.dir/stdlib/lib_llabs.c.o
[673/1644] Building C object libs/libc/CMakeFiles/c.dir/stdlib/lib_exit.c.o
[674/1644] Building C object libs/libc/CMakeFiles/c.dir/stdlib/lib_bsearch.c.o
[675/1644] Building C object libs/libc/CMakeFiles/c.dir/stdlib/lib_rand.c.o
[676/1644] Building C object libs/libc/CMakeFiles/c.dir/stdlib/lib_realpath.c.o
[677/1644] Building C object libs/libc/CMakeFiles/c.dir/stdlib/lib_reallocarray.c.o
[678/1644] Building C object libs/libc/CMakeFiles/c.dir/stdlib/lib_rand48.c.o
[679/1644] Building C object libs/libc/CMakeFiles/c.dir/stdlib/lib_qsort.c.o
[680/1644] Building C object libs/libc/CMakeFiles/c.dir/stdlib/lib_strtol.c.o
[681/1644] Building C object libs/libc/CMakeFiles/c.dir/stdlib/lib_srand.c.o
[682/1644] Building C object libs/libc/CMakeFiles/c.dir/stdlib/lib_strtoll.c.o
[683/1644] Building C object libs/libc/CMakeFiles/c.dir/stdlib/lib_strtoul.c.o
[684/1644] Building C object libs/libc/CMakeFiles/c.dir/stdlib/lib_strtoull.c.o
[685/1644] Building C object libs/libc/CMakeFiles/c.dir/stdlib/lib_checkbase.c.o
[686/1644] Building C object libs/libc/CMakeFiles/c.dir/stdlib/lib_mkstemp.c.o
[687/1644] Building C object libs/libc/CMakeFiles/c.dir/stdlib/lib_mktemp.c.o
[688/1644] Building C object libs/libc/CMakeFiles/c.dir/stdlib/lib_mkdtemp.c.o
[689/1644] Building C object libs/libc/CMakeFiles/c.dir/stdlib/lib_strtold.c.o
[690/1644] Building C object libs/libc/CMakeFiles/c.dir/stdlib/lib_aligned_alloc.c.o
[691/1644] Building C object libs/libc/CMakeFiles/c.dir/stdlib/lib_posix_memalign.c.o
[692/1644] Building C object libs/libc/CMakeFiles/c.dir/stdlib/lib_mblen.c.o
[693/1644] Building C object libs/libc/CMakeFiles/c.dir/stdlib/lib_mbtowc.c.o
[694/1644] Building C object libs/libc/CMakeFiles/c.dir/stdlib/lib_valloc.c.o
[695/1644] Building C object libs/libc/CMakeFiles/c.dir/stdlib/lib_wctomb.c.o
[696/1644] Building C object libs/libc/CMakeFiles/c.dir/stdlib/lib_mbstowcs.c.o
[697/1644] Building C object libs/libc/CMakeFiles/c.dir/stdlib/lib_wcstombs.c.o
[698/1644] Building C object libs/libc/CMakeFiles/c.dir/stdlib/lib_arc4random.c.o
[699/1644] Building C object libs/libc/CMakeFiles/c.dir/stdlib/lib_atexit.c.o
[700/1644] Building C object libs/libc/CMakeFiles/c.dir/stream/lib_meminstream.c.o
[701/1644] Building C object libs/libc/CMakeFiles/c.dir/stream/lib_memoutstream.c.o
[702/1644] Building C object libs/libc/CMakeFiles/c.dir/stream/lib_memsistream.c.o
[703/1644] Building C object libs/libc/CMakeFiles/c.dir/stream/lib_memsostream.c.o
[704/1644] Building C object libs/libc/CMakeFiles/c.dir/stream/lib_lowoutstream.c.o
[705/1644] Building C object libs/libc/CMakeFiles/c.dir/stream/lib_rawinstream.c.o
[706/1644] Building C object libs/libc/CMakeFiles/c.dir/stream/lib_rawoutstream.c.o
[707/1644] Building C object libs/libc/CMakeFiles/c.dir/stream/lib_zeroinstream.c.o
[708/1644] Building C object libs/libc/CMakeFiles/c.dir/stream/lib_rawsistream.c.o
[709/1644] Building C object libs/libc/CMakeFiles/c.dir/stream/lib_nullinstream.c.o
[710/1644] Building C object libs/libc/CMakeFiles/c.dir/stream/lib_rawsostream.c.o
[711/1644] Building C object libs/libc/CMakeFiles/c.dir/stream/lib_nulloutstream.c.o
[712/1644] Building C object libs/libc/CMakeFiles/c.dir/stream/lib_mtdoutstream.c.o
[713/1644] Building C object libs/libc/CMakeFiles/c.dir/stream/lib_mtdsostream.c.o
[714/1644] Building C object libs/libc/CMakeFiles/c.dir/stream/lib_libnoflush.c.o
[715/1644] Building C object libs/libc/CMakeFiles/c.dir/stream/lib_libsnoflush.c.o
[716/1644] Building C object libs/libc/CMakeFiles/c.dir/stream/lib_syslogstream.c.o
[717/1644] Building C object libs/libc/CMakeFiles/c.dir/stream/lib_hexdumpstream.c.o
[718/1644] Building C object libs/libc/CMakeFiles/c.dir/stream/lib_bufferedoutstream.c.o
[719/1644] Building C object libs/libc/CMakeFiles/c.dir/stream/lib_base64outstream.c.o
[720/1644] Building C object libs/libc/CMakeFiles/c.dir/stream/lib_filesistream.c.o
[721/1644] Building C object libs/libc/CMakeFiles/c.dir/stream/lib_fileoutstream.c.o
[722/1644] Building C object libs/libc/CMakeFiles/c.dir/stream/lib_libbsprintf.c.o
[723/1644] Building C object libs/libc/CMakeFiles/c.dir/stream/lib_libosprintf.c.o
[724/1644] Building C object libs/libc/CMakeFiles/c.dir/stream/lib_ultoa_invert.c.o
[725/1644] Building C object libs/libc/CMakeFiles/c.dir/stream/lib_syslograwstream.c.o
[726/1644] Building C object libs/libc/CMakeFiles/c.dir/stream/lib_dtoa_engine.c.o
[727/1644] Building C object libs/libc/CMakeFiles/c.dir/stream/lib_dtoa_data.c.o
[728/1644] Building C object libs/libc/CMakeFiles/c.dir/stream/lib_stdinstream.c.o
[729/1644] Building C object libs/libc/CMakeFiles/c.dir/stream/lib_stdoutstream.c.o
[730/1644] Building C object libs/libc/CMakeFiles/c.dir/stream/lib_libvscanf.c.o
[731/1644] Building C object libs/libc/CMakeFiles/c.dir/stream/lib_stdsistream.c.o
[732/1644] Building C object libs/libc/CMakeFiles/c.dir/stream/lib_libvsprintf.c.o
[733/1644] Building C object libs/libc/CMakeFiles/c.dir/string/lib_bzero.c.o
[734/1644] Building C object libs/libc/CMakeFiles/c.dir/stream/lib_stdsostream.c.o
[735/1644] Building C object libs/libc/CMakeFiles/c.dir/string/lib_isbasedigit.c.o
[736/1644] Building C object libs/libc/CMakeFiles/c.dir/stream/lib_blkoutstream.c.o
[737/1644] Building C object libs/libc/CMakeFiles/c.dir/string/lib_popcount.c.o
[738/1644] Building C object libs/libc/CMakeFiles/c.dir/string/lib_memmem.c.o
[739/1644] Building C object libs/libc/CMakeFiles/c.dir/string/lib_popcountl.c.o
[740/1644] Building C object libs/libc/CMakeFiles/c.dir/string/lib_popcountll.c.o
[741/1644] Building C object libs/libc/CMakeFiles/c.dir/string/lib_skipspace.c.o
[742/1644] Building C object libs/libc/CMakeFiles/c.dir/string/lib_strcasecmp.c.o
[743/1644] Building C object libs/libc/CMakeFiles/c.dir/string/lib_strcspn.c.o
[744/1644] Building C object libs/libc/CMakeFiles/c.dir/string/lib_strdup.c.o
[745/1644] Building C object libs/libc/CMakeFiles/c.dir/string/lib_strerror.c.o
[746/1644] Building C object libs/libc/CMakeFiles/c.dir/string/lib_strncat.c.o
[747/1644] Building C object libs/libc/CMakeFiles/c.dir/string/lib_strncasecmp.c.o
[748/1644] Building C object libs/libc/CMakeFiles/c.dir/string/lib_strspn.c.o
[749/1644] Building C object libs/libc/CMakeFiles/c.dir/string/lib_strpbrk.c.o
[750/1644] Building C object libs/libc/CMakeFiles/c.dir/string/lib_strcasestr.c.o
[751/1644] Building C object libs/libc/CMakeFiles/c.dir/string/lib_strndup.c.o
[752/1644] Building C object libs/libc/CMakeFiles/c.dir/string/lib_strstr.c.o
[753/1644] Building C object libs/libc/CMakeFiles/c.dir/string/lib_strtokr.c.o
[754/1644] Building C object libs/libc/CMakeFiles/c.dir/string/lib_strsep.c.o
[755/1644] Building C object libs/libc/CMakeFiles/c.dir/string/lib_strtok.c.o
[756/1644] Building C object libs/libc/CMakeFiles/c.dir/string/lib_strerrorr.c.o
[757/1644] Building C object libs/libc/CMakeFiles/c.dir/string/lib_explicit_bzero.c.o
[758/1644] Building C object libs/libc/CMakeFiles/c.dir/string/lib_index.c.o
[759/1644] Building C object libs/libc/CMakeFiles/c.dir/string/lib_rindex.c.o
[760/1644] Building C object libs/libc/CMakeFiles/c.dir/string/lib_strsignal.c.o
[761/1644] Building C object libs/libc/CMakeFiles/c.dir/string/lib_timingsafe_bcmp.c.o
[762/1644] Building C object libs/libc/CMakeFiles/c.dir/string/lib_strverscmp.c.o
[763/1644] Building C object libs/libc/CMakeFiles/c.dir/string/lib_mempcpy.c.o
[764/1644] Building C object libs/libc/CMakeFiles/c.dir/string/lib_rawmemchr.c.o
[765/1644] Building C object libs/libc/CMakeFiles/c.dir/string/lib_memmove.c.o
[766/1644] Building C object libs/libc/CMakeFiles/c.dir/string/lib_strlcat.c.o
[767/1644] Building C object libs/libc/CMakeFiles/c.dir/string/lib_strnlen.c.o
[768/1644] Building C object libs/libc/CMakeFiles/c.dir/string/lib_strlcpy.c.o
[769/1644] Building C object libs/libc/CMakeFiles/c.dir/string/lib_bsdmemcpy.c.o
[770/1644] Building C object libs/libc/CMakeFiles/c.dir/string/lib_bsdmemccpy.c.o
[771/1644] Building C object libs/libc/CMakeFiles/c.dir/string/lib_bsdmemcmp.c.o
[772/1644] Building C object libs/libc/CMakeFiles/c.dir/string/lib_bsdmemrchr.c.o
[773/1644] Building C object libs/libc/CMakeFiles/c.dir/string/lib_bsdmemset.c.o
[774/1644] Building C object libs/libc/CMakeFiles/c.dir/string/lib_bsdstpncpy.c.o
[775/1644] Building C object libs/libc/CMakeFiles/c.dir/string/lib_bsdstrchr.c.o
[776/1644] Building C object libs/libc/CMakeFiles/c.dir/string/lib_bsdstrcmp.c.o
[777/1644] Building C object libs/libc/CMakeFiles/c.dir/string/lib_bsdstrlen.c.o
[778/1644] Building C object libs/libc/CMakeFiles/c.dir/string/lib_bsdstpcpy.c.o
[779/1644] Building C object libs/libc/CMakeFiles/c.dir/string/lib_bsdstrncpy.c.o
[780/1644] Building C object libs/libc/CMakeFiles/c.dir/string/lib_bsdmemchr.c.o
[781/1644] Building C object libs/libc/CMakeFiles/c.dir/string/lib_bsdstrcat.c.o
[782/1644] Building C object libs/libc/CMakeFiles/c.dir/string/lib_bsdstrchrnul.c.o
[783/1644] Building C object libs/libc/CMakeFiles/c.dir/string/lib_bsdstrcpy.c.o
[784/1644] Building C object libs/libc/CMakeFiles/c.dir/string/lib_bsdstrncmp.c.o
[785/1644] Building C object libs/libc/CMakeFiles/c.dir/string/lib_bsdstrrchr.c.o
[786/1644] Building C object libs/libc/CMakeFiles/c.dir/symtab/symtab_sortbyname.c.o
[787/1644] Building C object libs/libc/CMakeFiles/c.dir/symtab/symtab_findbyname.c.o
[788/1644] Building C object libs/libc/CMakeFiles/c.dir/symtab/symtab_findbyvalue.c.o
[789/1644] Building C object libs/libc/CMakeFiles/c.dir/syslog/lib_setlogmask.c.o
[790/1644] Building C object libs/libc/CMakeFiles/c.dir/termios/lib_cfmakeraw.c.o
[791/1644] Building C object libs/libc/CMakeFiles/c.dir/termios/lib_cfspeed.c.o
[792/1644] Building C object libs/libc/CMakeFiles/c.dir/syslog/lib_syslog.c.o
[793/1644] Building C object libs/libc/CMakeFiles/c.dir/termios/lib_tcflush.c.o
[794/1644] Building C object libs/libc/CMakeFiles/c.dir/termios/lib_tcdrain.c.o
[795/1644] Building C object libs/libc/CMakeFiles/c.dir/termios/lib_isatty.c.o
[796/1644] Building C object libs/libc/CMakeFiles/c.dir/termios/lib_tcflow.c.o
[797/1644] Building C object libs/libc/CMakeFiles/c.dir/termios/lib_tcgetattr.c.o
[798/1644] Building C object libs/libc/CMakeFiles/c.dir/termios/lib_tcsetattr.c.o
[799/1644] Building C object libs/libc/CMakeFiles/c.dir/termios/lib_tcsendbreak.c.o
[800/1644] Building C object libs/libc/CMakeFiles/c.dir/termios/lib_ttyname.c.o
[801/1644] Building C object libs/libc/CMakeFiles/c.dir/termios/lib_ttynamer.c.o
[802/1644] Building C object libs/libc/CMakeFiles/c.dir/time/lib_calendar2utc.c.o
[803/1644] Building C object libs/libc/CMakeFiles/c.dir/time/lib_daysbeforemonth.c.o
[804/1644] Building C object libs/libc/CMakeFiles/c.dir/time/lib_gettimeofday.c.o
[805/1644] Building C object libs/libc/CMakeFiles/c.dir/time/lib_isleapyear.c.o
[806/1644] Building C object libs/libc/CMakeFiles/c.dir/time/lib_strftime.c.o
[807/1644] Building C object libs/libc/CMakeFiles/c.dir/time/lib_time.c.o
[808/1644] Building C object libs/libc/CMakeFiles/c.dir/time/lib_settimeofday.c.o
[809/1644] Building C object libs/libc/CMakeFiles/c.dir/time/lib_timespec_get.c.o
[810/1644] Building C object libs/libc/CMakeFiles/c.dir/time/lib_nanosleep.c.o
[811/1644] Building C object libs/libc/CMakeFiles/c.dir/time/lib_difftime.c.o
[812/1644] Building C object libs/libc/CMakeFiles/c.dir/time/lib_dayofweek.c.o
[813/1644] Building C object libs/libc/CMakeFiles/c.dir/time/lib_ctime.c.o
[814/1644] Building C object libs/libc/CMakeFiles/c.dir/time/lib_asctimer.c.o
[815/1644] Building C object libs/libc/CMakeFiles/c.dir/time/lib_asctime.c.o
[816/1644] Building C object libs/libc/CMakeFiles/c.dir/time/lib_ctimer.c.o
[817/1644] Building C object libs/libc/CMakeFiles/c.dir/time/lib_gethrtime.c.o
[818/1644] Building C object libs/libc/CMakeFiles/c.dir/tls/tls_getinfo.c.o
[819/1644] Building C object libs/libc/CMakeFiles/c.dir/time/lib_gmtime.c.o
[820/1644] Building C object libs/libc/CMakeFiles/c.dir/time/lib_gmtimer.c.o
[821/1644] Building C object libs/libc/CMakeFiles/c.dir/time/lib_timegm.c.o
[822/1644] Building C object libs/libc/CMakeFiles/c.dir/tls/task_tls.c.o
[823/1644] Building C object libs/libc/CMakeFiles/c.dir/tls/tls_cleanup.c.o
[824/1644] Building C object libs/libc/CMakeFiles/c.dir/tls/tls_destruct.c.o
[825/1644] Building C object libs/libc/CMakeFiles/c.dir/tls/task_tls_destruct.c.o
[826/1644] Building C object libs/libc/CMakeFiles/c.dir/uio/lib_preadv.c.o
[827/1644] Building C object libs/libc/CMakeFiles/c.dir/uio/lib_pwritev.c.o
[828/1644] Building C object libs/libc/CMakeFiles/c.dir/unistd/lib_access.c.o
[829/1644] Building C object libs/libc/CMakeFiles/c.dir/unistd/lib_daemon.c.o
[830/1644] Building C object libs/libc/CMakeFiles/c.dir/unistd/lib_swab.c.o
[831/1644] Building C object libs/libc/CMakeFiles/c.dir/unistd/lib_pathconf.c.o
[832/1644] Building C object libs/libc/CMakeFiles/c.dir/unistd/lib_sysconf.c.o
[833/1644] Building C object libs/libc/CMakeFiles/c.dir/unistd/lib_getcwd.c.o
[834/1644] Building C object libs/libc/CMakeFiles/c.dir/unistd/lib_getentropy.c.o
[835/1644] Building C object libs/libc/CMakeFiles/c.dir/unistd/lib_getopt.c.o
[836/1644] Building C object libs/libc/CMakeFiles/c.dir/unistd/lib_getopt_long.c.o
[837/1644] Building C object libs/libc/CMakeFiles/c.dir/unistd/lib_getopt_common.c.o
[838/1644] Building C object libs/libc/CMakeFiles/c.dir/unistd/lib_getopt_longonly.c.o
[839/1644] Building C object libs/libc/CMakeFiles/c.dir/unistd/lib_getoptvars.c.o
[840/1644] Building C object libs/libc/CMakeFiles/c.dir/unistd/lib_getoptargp.c.o
[841/1644] Building C object libs/libc/CMakeFiles/c.dir/unistd/lib_getopterrp.c.o
[842/1644] Building C object libs/libc/CMakeFiles/c.dir/unistd/lib_getoptindp.c.o
[843/1644] Building C object libs/libc/CMakeFiles/c.dir/unistd/lib_times.c.o
[844/1644] Building C object libs/libc/CMakeFiles/c.dir/unistd/lib_getoptoptp.c.o
[845/1644] Building C object libs/libc/CMakeFiles/c.dir/unistd/lib_alarm.c.o
[846/1644] Building C object libs/libc/CMakeFiles/c.dir/unistd/lib_fstatvfs.c.o
[847/1644] Building C object libs/libc/CMakeFiles/c.dir/unistd/lib_statvfs.c.o
[848/1644] Building C object libs/libc/CMakeFiles/c.dir/unistd/lib_sleep.c.o
[849/1644] Building C object libs/libc/CMakeFiles/c.dir/unistd/lib_nice.c.o
[850/1644] Building C object libs/libc/CMakeFiles/c.dir/unistd/lib_setreuid.c.o
[851/1644] Building C object libs/libc/CMakeFiles/c.dir/unistd/lib_setregid.c.o
[852/1644] Building C object libs/libc/CMakeFiles/c.dir/unistd/lib_getrusage.c.o
[853/1644] Building C object libs/libc/CMakeFiles/c.dir/unistd/lib_utime.c.o
[854/1644] Building C object libs/libc/CMakeFiles/c.dir/unistd/lib_setrlimit.c.o
[855/1644] Building C object libs/libc/CMakeFiles/c.dir/unistd/lib_utimes.c.o
[856/1644] Building C object libs/libc/CMakeFiles/c.dir/unistd/lib_getrlimit.c.o
[857/1644] Building C object libs/libc/CMakeFiles/c.dir/unistd/lib_getpriority.c.o
[858/1644] Building C object libs/libc/CMakeFiles/c.dir/unistd/lib_setpriority.c.o
[859/1644] Building C object libs/libc/CMakeFiles/c.dir/unistd/lib_futimes.c.o
[860/1644] Building C object libs/libc/CMakeFiles/c.dir/unistd/lib_lutimes.c.o
[861/1644] Building C object libs/libc/CMakeFiles/c.dir/unistd/lib_gethostname.c.o
[862/1644] Building C object libs/libc/CMakeFiles/c.dir/unistd/lib_fchownat.c.o
[863/1644] Building C object libs/libc/CMakeFiles/c.dir/unistd/lib_sethostname.c.o
[864/1644] Building C object libs/libc/CMakeFiles/c.dir/unistd/lib_linkat.c.o
[865/1644] Building C object libs/libc/CMakeFiles/c.dir/unistd/lib_readlinkat.c.o
[866/1644] Building C object libs/libc/CMakeFiles/c.dir/unistd/lib_symlinkat.c.o
[867/1644] Building C object libs/libc/CMakeFiles/c.dir/unistd/lib_unlinkat.c.o
[868/1644] Building C object libs/libc/CMakeFiles/c.dir/unistd/lib_usleep.c.o
[869/1644] Building C object libs/libc/CMakeFiles/c.dir/unistd/lib_getpgid.c.o
[870/1644] Building C object libs/libc/CMakeFiles/c.dir/unistd/lib_getpgrp.c.o
[871/1644] Building C object libs/libc/CMakeFiles/c.dir/unistd/lib_lockf.c.o
[872/1644] Building C object libs/libc/CMakeFiles/c.dir/unistd/lib_flock.c.o
[873/1644] Building C object libs/libc/CMakeFiles/c.dir/unistd/lib_ulimit.c.o
[874/1644] Building C object libs/libc/CMakeFiles/c.dir/unistd/lib_confstr.c.o
[875/1644] Building C object libs/libc/CMakeFiles/c.dir/unistd/lib_setuid.c.o
[876/1644] Building C object libs/libc/CMakeFiles/c.dir/unistd/lib_getpass.c.o
[877/1644] Building C object libs/libc/CMakeFiles/c.dir/unistd/lib_setgid.c.o
[878/1644] Building C object libs/libc/CMakeFiles/c.dir/unistd/lib_getuid.c.o
[879/1644] Building C object libs/libc/CMakeFiles/c.dir/unistd/lib_getgid.c.o
[880/1644] Building C object libs/libc/CMakeFiles/c.dir/unistd/lib_seteuid.c.o
[881/1644] Building C object libs/libc/CMakeFiles/c.dir/unistd/lib_setegid.c.o
[882/1644] Building C object libs/libc/CMakeFiles/c.dir/unistd/lib_geteuid.c.o
[883/1644] Building C object libs/libc/CMakeFiles/c.dir/unistd/lib_getegid.c.o
[884/1644] Building C object libs/libc/CMakeFiles/c.dir/unistd/lib_chdir.c.o
[885/1644] Building C object libs/libc/CMakeFiles/c.dir/unistd/lib_fchdir.c.o
[886/1644] Building C object libs/libc/CMakeFiles/c.dir/unistd/lib_restoredir.c.o
[887/1644] Building C object libs/libc/CMakeFiles/c.dir/unistd/lib_truncate.c.o
[888/1644] Building C object libs/libc/CMakeFiles/c.dir/unistd/lib_posix_fallocate.c.o
[889/1644] Building C object libs/libc/CMakeFiles/c.dir/uuid/lib_uuid_create.c.o
[890/1644] Building C object libs/libc/CMakeFiles/c.dir/uuid/lib_uuid_compare.c.o
[891/1644] Building C object libs/libc/CMakeFiles/c.dir/unistd/lib_fork.c.o
[892/1644] Building C object libs/libc/CMakeFiles/c.dir/uuid/lib_uuid_create_nil.c.o
[893/1644] Building C object libs/libc/CMakeFiles/c.dir/uuid/lib_uuid_equal.c.o
[894/1644] Building C object libs/libc/CMakeFiles/c.dir/uuid/lib_uuid_hash.c.o
[895/1644] Building C object libs/libc/CMakeFiles/c.dir/uuid/lib_uuid_from_string.c.o
[896/1644] Building C object libs/libc/CMakeFiles/c.dir/uuid/lib_uuid_is_nil.c.o
[897/1644] Building C object libs/libc/CMakeFiles/c.dir/uuid/lib_uuid_stream.c.o
[898/1644] Building C object libs/libc/CMakeFiles/c.dir/uuid/lib_uuid_to_string.c.o
[899/1644] Building C object libs/libc/CMakeFiles/c.dir/wchar/lib_wcscmp.c.o
[900/1644] Building C object libs/libc/CMakeFiles/c.dir/wchar/lib_wcslen.c.o
[901/1644] Building C object libs/libc/CMakeFiles/c.dir/wchar/lib_wmemchr.c.o
[902/1644] Building C object libs/libc/CMakeFiles/c.dir/wchar/lib_wmemcmp.c.o
[903/1644] Building C object libs/libc/CMakeFiles/c.dir/wchar/lib_wmemcpy.c.o
[904/1644] Building C object libs/libc/CMakeFiles/c.dir/wchar/lib_wmemmove.c.o
[905/1644] Building C object libs/libc/CMakeFiles/c.dir/wchar/lib_wmemset.c.o
[906/1644] Building C object libs/libc/CMakeFiles/c.dir/wchar/lib_btowc.c.o
[907/1644] Building C object libs/libc/CMakeFiles/c.dir/wchar/lib_wctob.c.o
[908/1644] Building C object libs/libc/CMakeFiles/c.dir/wchar/lib_mbrtowc.c.o
[909/1644] Building C object libs/libc/CMakeFiles/c.dir/wchar/lib_wcslcpy.c.o
[910/1644] Building C object libs/libc/CMakeFiles/c.dir/wchar/lib_wcsxfrm.c.o
[911/1644] Building C object libs/libc/CMakeFiles/c.dir/wchar/lib_wcsftime.c.o
[912/1644] Building C object libs/libc/CMakeFiles/c.dir/wchar/lib_wcrtomb.c.o
[913/1644] Building C object libs/libc/CMakeFiles/c.dir/wchar/lib_wcscoll.c.o
[914/1644] Building C object libs/libc/CMakeFiles/c.dir/wchar/lib_wcstol.c.o
[915/1644] Building C object libs/libc/CMakeFiles/c.dir/wchar/lib_wcstoll.c.o
[916/1644] Building C object libs/libc/CMakeFiles/c.dir/wchar/lib_wcstoul.c.o
[917/1644] Building C object libs/libc/CMakeFiles/c.dir/wchar/lib_wcstoull.c.o
[918/1644] Building C object libs/libc/CMakeFiles/c.dir/wchar/lib_wcstold.c.o
[919/1644] Building C object libs/libc/CMakeFiles/c.dir/wchar/lib_wcstof.c.o
[920/1644] Building C object libs/libc/CMakeFiles/c.dir/wchar/lib_wcstod.c.o
[921/1644] Building C object libs/libc/CMakeFiles/c.dir/wchar/lib_swprintf.c.o
[922/1644] Building C object libs/libc/CMakeFiles/c.dir/wchar/lib_mbsnrtowcs.c.o
[923/1644] Building C object libs/libc/CMakeFiles/c.dir/wchar/lib_mbsinit.c.o
[924/1644] Building C object libs/libc/CMakeFiles/c.dir/wchar/lib_wcsnrtombs.c.o
[925/1644] Building C object libs/libc/CMakeFiles/c.dir/wchar/lib_mbrlen.c.o
[926/1644] Building C object libs/libc/CMakeFiles/c.dir/wchar/lib_wcsrtombs.c.o
[927/1644] Building C object libs/libc/CMakeFiles/c.dir/wchar/lib_mbsrtowcs.c.o
[928/1644] Building C object libs/libc/CMakeFiles/c.dir/wchar/lib_wcscpy.c.o
[929/1644] Building C object libs/libc/CMakeFiles/c.dir/wchar/lib_wcscat.c.o
[930/1644] Building C object libs/libc/CMakeFiles/c.dir/wchar/lib_wcsncat.c.o
[931/1644] Building C object libs/libc/CMakeFiles/c.dir/wchar/lib_wcslcat.c.o
[932/1644] Building C object libs/libc/CMakeFiles/c.dir/wchar/lib_wcsrchr.c.o
[933/1644] Building C object libs/libc/CMakeFiles/c.dir/wchar/lib_wcschr.c.o
[934/1644] Building C object libs/libc/CMakeFiles/c.dir/wchar/lib_wcsncpy.c.o
[935/1644] Building C object libs/libc/CMakeFiles/c.dir/wchar/lib_wcsncmp.c.o
[936/1644] Building C object libs/libc/CMakeFiles/c.dir/wchar/lib_wcscspn.c.o
[937/1644] Building C object libs/libc/CMakeFiles/c.dir/wchar/lib_wcspbrk.c.o
[938/1644] Building C object libs/libc/CMakeFiles/c.dir/wchar/lib_wcsspn.c.o
[939/1644] Building C object libs/libc/CMakeFiles/c.dir/wchar/lib_wcstok.c.o
[940/1644] Building C object libs/libc/CMakeFiles/c.dir/wchar/lib_wcsstr.c.o
[941/1644] Building C object libs/libc/CMakeFiles/c.dir/wchar/lib_wcswcs.c.o
[942/1644] Building C object libs/libc/CMakeFiles/c.dir/wchar/lib_wcswidth.c.o
[943/1644] Building C object libs/libc/CMakeFiles/c.dir/wctype/lib_wctype.c.o
[944/1644] Building C object libs/libc/CMakeFiles/c.dir/wchar/lib_wcwidth.c.o
[945/1644] Building C object libs/libc/CMakeFiles/c.dir/wctype/lib_iswctype.c.o
[946/1644] Building C object libs/libc/CMakeFiles/c.dir/wctype/lib_towlower.c.o
[947/1644] Building C object libs/libc/CMakeFiles/c.dir/wctype/lib_towupper.c.o
[948/1644] Building CXX object libs/libxx/libcxx/CMakeFiles/libcxx.dir/libcxx/src/any.cpp.o
[949/1644] Building CXX object libs/libxx/libcxx/CMakeFiles/libcxx.dir/libcxx/src/barrier.cpp.o
[950/1644] Building CXX object libs/libxx/libcxx/CMakeFiles/libcxx.dir/libcxx/src/atomic.cpp.o
[951/1644] Building CXX object libs/libxx/libcxx/CMakeFiles/libcxx.dir/libcxx/src/bind.cpp.o
[952/1644] Building CXX object libs/libxx/libcxx/CMakeFiles/libcxx.dir/libcxx/src/chrono.cpp.o
[953/1644] Building CXX object libs/libxx/libcxx/CMakeFiles/libcxx.dir/libcxx/src/charconv.cpp.o
[954/1644] Building CXX object libs/libxx/libcxx/CMakeFiles/libcxx.dir/libcxx/src/condition_variable_destructor.cpp.o
[955/1644] Building CXX object libs/libxx/libcxx/CMakeFiles/libcxx.dir/libcxx/src/exception.cpp.o
[956/1644] Building CXX object libs/libxx/libcxx/CMakeFiles/libcxx.dir/libcxx/src/condition_variable.cpp.o
[957/1644] Building CXX object libs/libxx/libcxx/CMakeFiles/libcxx.dir/libcxx/src/functional.cpp.o
[958/1644] Building CXX object libs/libxx/libcxx/CMakeFiles/libcxx.dir/libcxx/src/hash.cpp.o
[959/1644] Building CXX object libs/libxx/libcxx/CMakeFiles/libcxx.dir/libcxx/src/future.cpp.o
[960/1644] Building CXX object libs/libxx/libcxx/CMakeFiles/libcxx.dir/libcxx/src/ios.cpp.o
[961/1644] Building CXX object libs/libxx/libcxx/CMakeFiles/libcxx.dir/libcxx/src/iostream.cpp.o
[962/1644] Building CXX object libs/libxx/libcxx/CMakeFiles/libcxx.dir/libcxx/src/legacy_debug_handler.cpp.o
[963/1644] Building CXX object libs/libxx/libcxx/CMakeFiles/libcxx.dir/libcxx/src/algorithm.cpp.o
[964/1644] Building CXX object libs/libxx/libcxx/CMakeFiles/libcxx.dir/libcxx/src/legacy_pointer_safety.cpp.o
[965/1644] Building CXX object libs/libxx/libcxx/CMakeFiles/libcxx.dir/libcxx/src/memory_resource.cpp.o
[966/1644] Building CXX object libs/libxx/libcxx/CMakeFiles/libcxx.dir/libcxx/src/memory.cpp.o
[967/1644] Building CXX object libs/libxx/libcxx/CMakeFiles/libcxx.dir/libcxx/src/mutex_destructor.cpp.o
[968/1644] Building CXX object libs/libxx/libcxx/CMakeFiles/libcxx.dir/libcxx/src/new.cpp.o
[969/1644] Building CXX object libs/libxx/libcxx/CMakeFiles/libcxx.dir/libcxx/src/mutex.cpp.o
[970/1644] Building CXX object libs/libxx/libcxx/CMakeFiles/libcxx.dir/libcxx/src/new_handler.cpp.o
[971/1644] Building CXX object libs/libxx/libcxx/CMakeFiles/libcxx.dir/libcxx/src/new_helpers.cpp.o
[972/1644] Building CXX object libs/libxx/libcxx/CMakeFiles/libcxx.dir/libcxx/src/optional.cpp.o
[973/1644] Building CXX object libs/libxx/libcxx/CMakeFiles/libcxx.dir/libcxx/src/ios.instantiations.cpp.o
[974/1644] Building CXX object libs/libxx/libcxx/CMakeFiles/libcxx.dir/libcxx/src/print.cpp.o
[975/1644] Building CXX object libs/libxx/libcxx/CMakeFiles/libcxx.dir/libcxx/src/random.cpp.o
[976/1644] Building CXX object libs/libxx/libcxx/CMakeFiles/libcxx.dir/libcxx/src/random_shuffle.cpp.o
[977/1644] Building CXX object libs/libxx/libcxx/CMakeFiles/libcxx.dir/libcxx/src/regex.cpp.o
[978/1644] Building CXX object libs/libxx/libcxx/CMakeFiles/libcxx.dir/libcxx/src/shared_mutex.cpp.o
[979/1644] Building CXX object libs/libxx/libcxx/CMakeFiles/libcxx.dir/libcxx/src/stdexcept.cpp.o
[980/1644] Building CXX object libs/libxx/libcxx/CMakeFiles/libcxx.dir/libcxx/src/strstream.cpp.o
[981/1644] Building CXX object libs/libxx/libcxx/CMakeFiles/libcxx.dir/libcxx/src/system_error.cpp.o
[982/1644] Building CXX object libs/libxx/libcxx/CMakeFiles/libcxx.dir/libcxx/src/typeinfo.cpp.o
[983/1644] Building CXX object libs/libxx/libcxx/CMakeFiles/libcxx.dir/libcxx/src/valarray.cpp.o
[984/1644] Building CXX object libs/libxx/libcxx/CMakeFiles/libcxx.dir/libcxx/src/thread.cpp.o
[985/1644] Building CXX object libs/libxx/libcxx/CMakeFiles/libcxx.dir/libcxx/src/variant.cpp.o
[986/1644] Building CXX object libs/libxx/libcxx/CMakeFiles/libcxx.dir/libcxx/src/verbose_abort.cpp.o
[987/1644] Building CXX object libs/libxx/libcxxabi/CMakeFiles/libcxxabi.dir/libcxxabi/src/cxa_aux_runtime.cpp.o
[988/1644] Building CXX object libs/libxx/libcxxabi/CMakeFiles/libcxxabi.dir/libcxxabi/src/cxa_default_handlers.cpp.o
[989/1644] Building CXX object libs/libxx/libcxx/CMakeFiles/libcxx.dir/libcxx/src/string.cpp.o
[990/1644] Building CXX object libs/libxx/libcxx/CMakeFiles/libcxx.dir/libcxx/src/vector.cpp.o
[991/1644] Building CXX object libs/libxx/libcxxabi/CMakeFiles/libcxxabi.dir/libcxxabi/src/cxa_guard.cpp.o
[992/1644] Building CXX object libs/libxx/libcxxabi/CMakeFiles/libcxxabi.dir/libcxxabi/src/cxa_handlers.cpp.o
[993/1644] Building CXX object libs/libxx/libcxxabi/CMakeFiles/libcxxabi.dir/libcxxabi/src/cxa_vector.cpp.o
[994/1644] Building CXX object libs/libxx/libcxxabi/CMakeFiles/libcxxabi.dir/libcxxabi/src/cxa_thread_atexit.cpp.o
[995/1644] Building CXX object libs/libxx/libcxxabi/CMakeFiles/libcxxabi.dir/libcxxabi/src/cxa_virtual.cpp.o
[996/1644] Building CXX object libs/libxx/libcxx/CMakeFiles/libcxx.dir/libcxx/src/locale.cpp.o
[997/1644] Building CXX object libs/libxx/libcxxabi/CMakeFiles/libcxxabi.dir/libcxxabi/src/stdlib_exception.cpp.o
[998/1644] Building CXX object libs/libxx/libcxxabi/CMakeFiles/libcxxabi.dir/libcxxabi/src/stdlib_new_delete.cpp.o
[999/1644] Building CXX object libs/libxx/libcxxabi/CMakeFiles/libcxxabi.dir/libcxxabi/src/abort_message.cpp.o
[1000/1644] Building CXX object libs/libxx/libcxxabi/CMakeFiles/libcxxabi.dir/libcxxabi/src/fallback_malloc.cpp.o
[1001/1644] Building CXX object libs/libxx/libcxxabi/CMakeFiles/libcxxabi.dir/libcxxabi/src/stdlib_stdexcept.cpp.o
[1002/1644] Building CXX object libs/libxx/libcxxabi/CMakeFiles/libcxxabi.dir/libcxxabi/src/cxa_exception_storage.cpp.o
[1003/1644] Building CXX object libs/libxx/libcxxabi/CMakeFiles/libcxxabi.dir/libcxxabi/src/cxa_exception.cpp.o
[1004/1644] Building CXX object libs/libxx/libcxxabi/CMakeFiles/libcxxabi.dir/libcxxabi/src/cxa_personality.cpp.o
[1005/1644] Building CXX object libs/libxx/libcxxabi/CMakeFiles/libcxxabi.dir/libcxxabi/src/stdlib_typeinfo.cpp.o
[1006/1644] Building C object mm/CMakeFiles/mm.dir/iob/iob_add_queue.c.o
[1007/1644] Building C object mm/CMakeFiles/mm.dir/iob/iob_alloc.c.o
[1008/1644] Building C object mm/CMakeFiles/mm.dir/iob/iob_alloc_qentry.c.o
[1009/1644] Building CXX object libs/libxx/libcxxabi/CMakeFiles/libcxxabi.dir/libcxxabi/src/private_typeinfo.cpp.o
[1010/1644] Building C object mm/CMakeFiles/mm.dir/iob/iob_concat.c.o
[1011/1644] Building C object mm/CMakeFiles/mm.dir/iob/iob_clone.c.o
[1012/1644] Building C object mm/CMakeFiles/mm.dir/iob/iob_copyin.c.o
[1013/1644] Building C object mm/CMakeFiles/mm.dir/iob/iob_copyout.c.o
[1014/1644] Building C object mm/CMakeFiles/mm.dir/iob/iob_contig.c.o
[1015/1644] Building C object mm/CMakeFiles/mm.dir/iob/iob_free.c.o
[1016/1644] Building C object mm/CMakeFiles/mm.dir/iob/iob_free_chain.c.o
[1017/1644] Building C object mm/CMakeFiles/mm.dir/iob/iob_free_qentry.c.o
[1018/1644] Building C object mm/CMakeFiles/mm.dir/iob/iob_free_queue.c.o
[1019/1644] Building C object mm/CMakeFiles/mm.dir/iob/iob_initialize.c.o
[1020/1644] Building C object mm/CMakeFiles/mm.dir/iob/iob_pack.c.o
[1021/1644] Building C object mm/CMakeFiles/mm.dir/iob/iob_peek_queue.c.o
[1022/1644] Building C object mm/CMakeFiles/mm.dir/iob/iob_remove_queue.c.o
[1023/1644] Building C object mm/CMakeFiles/mm.dir/iob/iob_statistics.c.o
[1024/1644] Building C object mm/CMakeFiles/mm.dir/iob/iob_trimhead.c.o
[1025/1644] Building C object mm/CMakeFiles/mm.dir/iob/iob_trimhead_queue.c.o
[1026/1644] Building C object mm/CMakeFiles/mm.dir/iob/iob_trimtail.c.o
[1027/1644] Building C object mm/CMakeFiles/mm.dir/iob/iob_navail.c.o
[1028/1644] Building C object mm/CMakeFiles/mm.dir/iob/iob_free_queue_qentry.c.o
[1029/1644] Building C object mm/CMakeFiles/mm.dir/iob/iob_tailroom.c.o
[1030/1644] Building C object mm/CMakeFiles/mm.dir/iob/iob_get_queue_info.c.o
[1031/1644] Building C object mm/CMakeFiles/mm.dir/iob/iob_reserve.c.o
[1032/1644] Building C object mm/CMakeFiles/mm.dir/iob/iob_update_pktlen.c.o
[1033/1644] Building C object mm/CMakeFiles/mm.dir/iob/iob_count.c.o
[1034/1644] Building C object mm/CMakeFiles/mm.dir/kasan/hook.c.o
[1035/1644] Building C object mm/CMakeFiles/mm.dir/iob/iob_dump.c.o
[1036/1644] Building C object mm/CMakeFiles/mm.dir/map/mm_map.c.o
[1037/1644] Building C object mm/CMakeFiles/mm.dir/mempool/mempool.c.o
[1038/1644] Building C object mm/CMakeFiles/mm.dir/mempool/mempool_procfs.c.o
[1039/1644] Building C object mm/CMakeFiles/mm.dir/mempool/mempool_multiple.c.o
[1040/1644] Building C object mm/CMakeFiles/mm.dir/mm_heap/mm_malloc_size.c.o
[1041/1644] Building C object mm/CMakeFiles/mm.dir/mm_heap/mm_initialize.c.o
[1042/1644] Building C object mm/CMakeFiles/mm.dir/mm_heap/mm_shrinkchunk.c.o
[1043/1644] Building C object mm/CMakeFiles/mm.dir/mm_heap/mm_brkaddr.c.o
[1044/1644] Building C object mm/CMakeFiles/mm.dir/mm_heap/mm_calloc.c.o
[1045/1644] Building C object mm/CMakeFiles/mm.dir/mm_heap/mm_extend.c.o
[1046/1644] Building C object mm/CMakeFiles/mm.dir/mm_heap/mm_mallinfo.c.o
[1047/1644] Building C object mm/CMakeFiles/mm.dir/mm_heap/mm_free.c.o
[1048/1644] Building C object mm/CMakeFiles/mm.dir/mm_heap/mm_foreach.c.o
[1049/1644] Building C object mm/CMakeFiles/mm.dir/mm_heap/mm_malloc.c.o
[1050/1644] Building C object mm/CMakeFiles/mm.dir/mm_heap/mm_memalign.c.o
[1051/1644] Building C object mm/CMakeFiles/mm.dir/mm_heap/mm_zalloc.c.o
[1052/1644] Building C object mm/CMakeFiles/mm.dir/mm_heap/mm_heapmember.c.o
[1053/1644] Building C object mm/CMakeFiles/mm.dir/mm_heap/mm_realloc.c.o
[1054/1644] Building C object mm/CMakeFiles/mm.dir/mm_heap/mm_memdump.c.o
[1055/1644] Building C object mm/CMakeFiles/mm.dir/umm_heap/umm_globals.c.o
[1056/1644] Building C object mm/CMakeFiles/mm.dir/umm_heap/umm_initialize.c.o
[1057/1644] Building C object mm/CMakeFiles/mm.dir/umm_heap/umm_addregion.c.o
[1058/1644] Building C object mm/CMakeFiles/mm.dir/umm_heap/umm_malloc_size.c.o
[1059/1644] Building C object mm/CMakeFiles/mm.dir/umm_heap/umm_brkaddr.c.o
[1060/1644] Building C object mm/CMakeFiles/mm.dir/umm_heap/umm_calloc.c.o
[1061/1644] Building C object mm/CMakeFiles/mm.dir/umm_heap/umm_extend.c.o
[1062/1644] Building C object mm/CMakeFiles/mm.dir/umm_heap/umm_mallinfo.c.o
[1063/1644] Building C object mm/CMakeFiles/mm.dir/umm_heap/umm_free.c.o
[1064/1644] Building C object mm/CMakeFiles/mm.dir/umm_heap/umm_malloc.c.o
[1065/1644] Building C object mm/CMakeFiles/mm.dir/umm_heap/umm_realloc.c.o
[1066/1644] Building C object mm/CMakeFiles/mm.dir/umm_heap/umm_memalign.c.o
[1067/1644] Building C object mm/CMakeFiles/mm.dir/umm_heap/umm_zalloc.c.o
[1068/1644] Building C object mm/CMakeFiles/mm.dir/umm_heap/umm_heapmember.c.o
[1069/1644] Building C object mm/CMakeFiles/mm.dir/umm_heap/umm_memdump.c.o
[1070/1644] Building C object net/CMakeFiles/net.dir/arp/arp_input.c.o
[1071/1644] Building C object net/CMakeFiles/net.dir/arp/arp_out.c.o
[1072/1644] Building CXX object libs/libxx/libcxxabi/CMakeFiles/libcxxabi.dir/libcxxabi/src/cxa_demangle.cpp.o
[1073/1644] Building C object net/CMakeFiles/net.dir/arp/arp_format.c.o
[1074/1644] Building C object net/CMakeFiles/net.dir/arp/arp_poll.c.o
[1075/1644] Building C object net/CMakeFiles/net.dir/arp/arp_table.c.o
[1076/1644] Building C object net/CMakeFiles/net.dir/arp/arp_notify.c.o
[1077/1644] Building C object net/CMakeFiles/net.dir/bluetooth/bluetooth_initialize.c.o
[1078/1644] Building C object net/CMakeFiles/net.dir/arp/arp_send.c.o
[1079/1644] Building C object net/CMakeFiles/net.dir/bluetooth/bluetooth_container.c.o
[1080/1644] Building C object net/CMakeFiles/net.dir/bluetooth/bluetooth_sockif.c.o
[1081/1644] Building C object net/CMakeFiles/net.dir/bluetooth/bluetooth_conn.c.o
[1082/1644] Building C object net/CMakeFiles/net.dir/bluetooth/bluetooth_sendmsg.c.o
[1083/1644] Building C object net/CMakeFiles/net.dir/bluetooth/bluetooth_input.c.o
[1084/1644] Building C object net/CMakeFiles/net.dir/bluetooth/bluetooth_callback.c.o
[1085/1644] Building C object net/CMakeFiles/net.dir/bluetooth/bluetooth_recvmsg.c.o
[1086/1644] Building C object net/CMakeFiles/net.dir/bluetooth/bluetooth_poll.c.o
[1087/1644] Building C object net/CMakeFiles/net.dir/bluetooth/bluetooth_finddev.c.o
[1088/1644] Building C object net/CMakeFiles/net.dir/devif/devif_send.c.o
[1089/1644] Building C object net/CMakeFiles/net.dir/devif/devif_callback.c.o
[1090/1644] Building C object net/CMakeFiles/net.dir/devif/devif_loopback.c.o
[1091/1644] Building C object net/CMakeFiles/net.dir/devif/ipv4_input.c.o
[1092/1644] Building C object net/CMakeFiles/net.dir/devif/devif_iobsend.c.o
[1093/1644] Building C object net/CMakeFiles/net.dir/devif/devif_filesend.c.o
[1094/1644] Building C object net/CMakeFiles/net.dir/icmp/icmp_reply.c.o
[1095/1644] Building C object net/CMakeFiles/net.dir/devif/devif_poll.c.o
[1096/1644] Building C object net/CMakeFiles/net.dir/icmp/icmp_input.c.o
[1097/1644] Building C object net/CMakeFiles/net.dir/icmp/icmp_sockif.c.o
[1098/1644] Building C object net/CMakeFiles/net.dir/icmp/icmp_poll.c.o
[1099/1644] Building C object net/CMakeFiles/net.dir/icmp/icmp_conn.c.o
[1100/1644] Building C object net/CMakeFiles/net.dir/icmp/icmp_sendmsg.c.o
[1101/1644] Building C object net/CMakeFiles/net.dir/icmp/icmp_recvmsg.c.o
[1102/1644] Building C object net/CMakeFiles/net.dir/icmp/icmp_netpoll.c.o
[1103/1644] Building C object net/CMakeFiles/net.dir/inet/inet_globals.c.o
[1104/1644] Building C object net/CMakeFiles/net.dir/inet/inet_txdrain.c.o
[1105/1644] Building C object net/CMakeFiles/net.dir/icmp/icmp_ioctl.c.o
[1106/1644] Building C object net/CMakeFiles/net.dir/inet/inet_sockif.c.o
[1107/1644] Building C object net/CMakeFiles/net.dir/inet/ipv4_getsockopt.c.o
[1108/1644] Building C object net/CMakeFiles/net.dir/inet/ipv4_setsockopt.c.o
[1109/1644] Building C object net/CMakeFiles/net.dir/inet/ipv4_getsockname.c.o
[1110/1644] Building C object net/CMakeFiles/net.dir/inet/ipv4_getpeername.c.o
[1111/1644] Building C object net/CMakeFiles/net.dir/inet/ipv4_build_header.c.o
[1112/1644] Building C object net/CMakeFiles/net.dir/netdev/netdev_register.c.o
[1113/1644] Building C object net/CMakeFiles/net.dir/netdev/netdev_txnotify.c.o
[1114/1644] Building C object net/CMakeFiles/net.dir/netdev/netdev_findbyname.c.o
[1115/1644] Building C object net/CMakeFiles/net.dir/netdev/netdev_ioctl.c.o
[1116/1644] Building C object net/CMakeFiles/net.dir/netdev/netdev_findbyindex.c.o
[1117/1644] Building C object net/CMakeFiles/net.dir/netdev/netdev_count.c.o
[1118/1644] Building C object net/CMakeFiles/net.dir/netdev/netdev_findbyaddr.c.o
[1119/1644] Building C object net/CMakeFiles/net.dir/netdev/netdev_ifconf.c.o
[1120/1644] Building C object net/CMakeFiles/net.dir/netdev/netdev_foreach.c.o
[1121/1644] Building C object net/CMakeFiles/net.dir/netdev/netdev_unregister.c.o
[1122/1644] Building C object net/CMakeFiles/net.dir/netdev/netdev_carrier.c.o
[1123/1644] Building C object net/CMakeFiles/net.dir/netdev/netdev_default.c.o
[1124/1644] Building C object net/CMakeFiles/net.dir/netdev/netdev_verify.c.o
[1125/1644] Building C object net/CMakeFiles/net.dir/netdev/netdev_lladdrsize.c.o
[1126/1644] Building C object net/CMakeFiles/net.dir/netdev/netdev_input.c.o
[1127/1644] Building C object net/CMakeFiles/net.dir/netdev/netdev_checksum.c.o
[1128/1644] Building C object net/CMakeFiles/net.dir/netdev/netdev_iob.c.o
[1129/1644] Building C object net/CMakeFiles/net.dir/procfs/netdev_statistics.c.o
[1130/1644] Building C object net/CMakeFiles/net.dir/procfs/net_procfs.c.o
[1131/1644] Building C object net/CMakeFiles/net.dir/procfs/net_statistics.c.o
[1132/1644] Building C object net/CMakeFiles/net.dir/procfs/net_tcp.c.o
[1133/1644] Building C object net/CMakeFiles/net.dir/socket/accept.c.o
[1134/1644] Building C object net/CMakeFiles/net.dir/procfs/net_udp.c.o
[1135/1644] Building C object net/CMakeFiles/net.dir/socket/bind.c.o
[1136/1644] Building C object net/CMakeFiles/net.dir/socket/connect.c.o
[1137/1644] Building C object net/CMakeFiles/net.dir/socket/getsockname.c.o
[1138/1644] Building C object net/CMakeFiles/net.dir/socket/getpeername.c.o
[1139/1644] Building C object net/CMakeFiles/net.dir/socket/listen.c.o
[1140/1644] Building C object net/CMakeFiles/net.dir/socket/recv.c.o
[1141/1644] Building C object net/CMakeFiles/net.dir/socket/recvfrom.c.o
[1142/1644] Building C object net/CMakeFiles/net.dir/socket/send.c.o
[1143/1644] Building C object net/CMakeFiles/net.dir/socket/sendto.c.o
[1144/1644] Building C object net/CMakeFiles/net.dir/socket/socket.c.o
[1145/1644] Building C object net/CMakeFiles/net.dir/socket/socketpair.c.o
[1146/1644] Building C object net/CMakeFiles/net.dir/socket/net_close.c.o
[1147/1644] Building C object net/CMakeFiles/net.dir/socket/recvmsg.c.o
[1148/1644] Building C object net/CMakeFiles/net.dir/socket/shutdown.c.o
[1149/1644] Building C object net/CMakeFiles/net.dir/socket/sendmsg.c.o
[1150/1644] Building C object net/CMakeFiles/net.dir/socket/net_poll.c.o
[1151/1644] Building C object net/CMakeFiles/net.dir/socket/net_fstat.c.o
[1152/1644] Building C object net/CMakeFiles/net.dir/socket/net_sockif.c.o
[1153/1644] Building C object net/CMakeFiles/net.dir/socket/net_dup2.c.o
[1154/1644] Building C object net/CMakeFiles/net.dir/socket/net_mmap.c.o
[1155/1644] Building C object net/CMakeFiles/net.dir/socket/net_timeo.c.o
[1156/1644] Building C object net/CMakeFiles/net.dir/socket/getsockopt.c.o
[1157/1644] Building C object net/CMakeFiles/net.dir/socket/setsockopt.c.o
[1158/1644] Building C object net/CMakeFiles/net.dir/tcp/tcp_connect.c.o
[1159/1644] Building C object net/CMakeFiles/net.dir/tcp/tcp_accept.c.o
[1160/1644] Building C object net/CMakeFiles/net.dir/tcp/tcp_recvfrom.c.o
[1161/1644] Building C object net/CMakeFiles/net.dir/tcp/tcp_seqno.c.o
[1162/1644] Building C object net/CMakeFiles/net.dir/tcp/tcp_send_unbuffered.c.o
[1163/1644] Building C object net/CMakeFiles/net.dir/tcp/tcp_finddev.c.o
[1164/1644] Building C object net/CMakeFiles/net.dir/tcp/tcp_devpoll.c.o
[1165/1644] Building C object net/CMakeFiles/net.dir/tcp/tcp_conn.c.o
[1166/1644] Building C object net/CMakeFiles/net.dir/tcp/tcp_send.c.o
[1167/1644] Building C object net/CMakeFiles/net.dir/tcp/tcp_timer.c.o
[1168/1644] Building C object net/CMakeFiles/net.dir/tcp/tcp_appsend.c.o
[1169/1644] Building C object net/CMakeFiles/net.dir/tcp/tcp_input.c.o
[1170/1644] Building C object net/CMakeFiles/net.dir/tcp/tcp_listen.c.o
[1171/1644] Building C object net/CMakeFiles/net.dir/tcp/tcp_backlog.c.o
[1172/1644] Building C object net/CMakeFiles/net.dir/tcp/tcp_close.c.o
[1173/1644] Building C object net/CMakeFiles/net.dir/tcp/tcp_monitor.c.o
[1174/1644] Building C object net/CMakeFiles/net.dir/tcp/tcp_callback.c.o
[1175/1644] Building C object net/CMakeFiles/net.dir/tcp/tcp_ipselect.c.o
[1176/1644] Building C object net/CMakeFiles/net.dir/tcp/tcp_recvwindow.c.o
[1177/1644] Building C object net/CMakeFiles/net.dir/tcp/tcp_ioctl.c.o
[1178/1644] Building C object net/CMakeFiles/net.dir/tcp/tcp_dump.c.o
[1179/1644] Building C object net/CMakeFiles/net.dir/tcp/tcp_shutdown.c.o
[1180/1644] Building C object net/CMakeFiles/net.dir/tcp/tcp_netpoll.c.o
[1181/1644] Building C object net/CMakeFiles/net.dir/udp/udp_devpoll.c.o
[1182/1644] Building C object net/CMakeFiles/net.dir/udp/udp_sendto_unbuffered.c.o
[1183/1644] Building C object net/CMakeFiles/net.dir/udp/udp_recvfrom.c.o
[1184/1644] Building C object net/CMakeFiles/net.dir/udp/udp_send.c.o
[1185/1644] Building C object net/CMakeFiles/net.dir/udp/udp_conn.c.o
[1186/1644] Building C object net/CMakeFiles/net.dir/udp/udp_finddev.c.o
[1187/1644] Building C object net/CMakeFiles/net.dir/udp/udp_input.c.o
[1188/1644] Building C object net/CMakeFiles/net.dir/udp/udp_close.c.o
[1189/1644] Building C object net/CMakeFiles/net.dir/udp/udp_ipselect.c.o
[1190/1644] Building C object net/CMakeFiles/net.dir/utils/net_dsec2tick.c.o
[1191/1644] Building C object net/CMakeFiles/net.dir/udp/udp_ioctl.c.o
[1192/1644] Building C object net/CMakeFiles/net.dir/udp/udp_callback.c.o
[1193/1644] Building C object net/CMakeFiles/net.dir/udp/udp_netpoll.c.o
[1194/1644] Building C object net/CMakeFiles/net.dir/utils/net_dsec2timeval.c.o
[1195/1644] Building C object net/CMakeFiles/net.dir/utils/net_timeval2dsec.c.o
[1196/1644] Building C object net/CMakeFiles/net.dir/utils/net_ipchksum.c.o
[1197/1644] Building C object net/CMakeFiles/net.dir/utils/net_chksum.c.o
[1198/1644] Building C object net/CMakeFiles/net.dir/utils/net_incr32.c.o
[1199/1644] Building C object net/CMakeFiles/net.dir/utils/net_iob_concat.c.o
[1200/1644] Building C object net/CMakeFiles/net.dir/utils/net_cmsg.c.o
[1201/1644] Building C object net/CMakeFiles/net.dir/utils/net_mask2pref.c.o
[1202/1644] Building C object net/CMakeFiles/net.dir/utils/net_snoop.c.o
[1203/1644] Building C object net/CMakeFiles/net.dir/utils/net_tcpchksum.c.o
[1204/1644] Building C object net/CMakeFiles/net.dir/utils/net_lock.c.o
[1205/1644] Building C object net/CMakeFiles/net.dir/utils/net_udpchksum.c.o
[1206/1644] Building C object net/CMakeFiles/net.dir/utils/net_icmpchksum.c.o
[1207/1644] Building C object sched/CMakeFiles/sched.dir/clock/clock.c.o
[1208/1644] Building C object net/CMakeFiles/net.dir/net_initialize.c.o
[1209/1644] Building C object sched/CMakeFiles/sched.dir/clock/clock_initialize.c.o
[1210/1644] Building C object sched/CMakeFiles/sched.dir/clock/clock_getres.c.o
[1211/1644] Building C object sched/CMakeFiles/sched.dir/clock/clock_notifier.c.o
[1212/1644] Building C object sched/CMakeFiles/sched.dir/clock/clock_settime.c.o
[1213/1644] Building C object sched/CMakeFiles/sched.dir/clock/clock_realtime2absticks.c.o
[1214/1644] Building C object sched/CMakeFiles/sched.dir/clock/clock_gettime.c.o
[1215/1644] Building C object sched/CMakeFiles/sched.dir/clock/clock_systime_ticks.c.o
[1216/1644] Building C object sched/CMakeFiles/sched.dir/clock/clock_systime_timespec.c.o
[1217/1644] Building C object sched/CMakeFiles/sched.dir/clock/clock_perf.c.o
[1218/1644] Building C object sched/CMakeFiles/sched.dir/group/group_create.c.o
[1219/1644] Building C object sched/CMakeFiles/sched.dir/group/group_join.c.o
[1220/1644] Building C object sched/CMakeFiles/sched.dir/group/group_leave.c.o
[1221/1644] Building C object sched/CMakeFiles/sched.dir/group/group_setupidlefiles.c.o
[1222/1644] Building C object sched/CMakeFiles/sched.dir/group/group_foreachchild.c.o
[1223/1644] Building C object sched/CMakeFiles/sched.dir/group/group_setuptaskfiles.c.o
[1224/1644] Building C object sched/CMakeFiles/sched.dir/group/group_killchildren.c.o
[1225/1644] Building C object sched/CMakeFiles/sched.dir/group/group_signal.c.o
[1226/1644] Building C object sched/CMakeFiles/sched.dir/instrument/instrument.c.o
[1227/1644] Building C object sched/CMakeFiles/sched.dir/init/nx_bringup.c.o
[1228/1644] Building C object sched/CMakeFiles/sched.dir/init/nx_smpstart.c.o
[1229/1644] Building C object sched/CMakeFiles/sched.dir/init/nx_start.c.o
[1230/1644] Building C object sched/CMakeFiles/sched.dir/irq/irq_initialize.c.o
[1231/1644] Building C object sched/CMakeFiles/sched.dir/irq/irq_attach.c.o
[1232/1644] Building C object sched/CMakeFiles/sched.dir/irq/irq_dispatch.c.o
[1233/1644] Building C object sched/CMakeFiles/sched.dir/irq/irq_attach_thread.c.o
[1234/1644] Building C object sched/CMakeFiles/sched.dir/irq/irq_unexpectedisr.c.o
[1235/1644] Building C object sched/CMakeFiles/sched.dir/irq/irq_attach_wqueue.c.o
[1236/1644] Building C object sched/CMakeFiles/sched.dir/irq/irq_csection.c.o
[1237/1644] Building C object sched/CMakeFiles/sched.dir/irq/irq_spinlock.c.o
[1238/1644] Building C object sched/CMakeFiles/sched.dir/misc/panic_notifier.c.o
[1239/1644] Building C object sched/CMakeFiles/sched.dir/mqueue/mq_initialize.c.o
[1240/1644] Building C object sched/CMakeFiles/sched.dir/misc/assert.c.o
[1241/1644] Building C object sched/CMakeFiles/sched.dir/misc/reboot_notifier.c.o
[1242/1644] Building C object sched/CMakeFiles/sched.dir/mqueue/mq_waitirq.c.o
[1243/1644] Building C object sched/CMakeFiles/sched.dir/mqueue/mq_recover.c.o
[1244/1644] Building C object sched/CMakeFiles/sched.dir/mqueue/mq_sndinternal.c.o
[1245/1644] Building C object sched/CMakeFiles/sched.dir/mqueue/mq_send.c.o
[1246/1644] Building C object sched/CMakeFiles/sched.dir/mqueue/mq_rcvinternal.c.o
[1247/1644] Building C object sched/CMakeFiles/sched.dir/mqueue/mq_receive.c.o
[1248/1644] Building C object sched/CMakeFiles/sched.dir/mqueue/mq_msgfree.c.o
[1249/1644] Building C object sched/CMakeFiles/sched.dir/mqueue/mq_msgqalloc.c.o
[1250/1644] Building C object sched/CMakeFiles/sched.dir/mqueue/mq_setattr.c.o
[1251/1644] Building C object sched/CMakeFiles/sched.dir/mqueue/mq_msgqfree.c.o
[1252/1644] Building C object sched/CMakeFiles/sched.dir/mqueue/mq_getattr.c.o
[1253/1644] Building C object sched/CMakeFiles/sched.dir/mqueue/mq_notify.c.o
[1254/1644] Building C object sched/CMakeFiles/sched.dir/mqueue/msgget.c.o
[1255/1644] Building C object sched/CMakeFiles/sched.dir/mqueue/msgctl.c.o
[1256/1644] Building C object sched/CMakeFiles/sched.dir/mqueue/msginternal.c.o
[1257/1644] Building C object sched/CMakeFiles/sched.dir/mqueue/msgrcv.c.o
[1258/1644] Building C object sched/CMakeFiles/sched.dir/pthread/pthread_create.c.o
[1259/1644] Building C object sched/CMakeFiles/sched.dir/mqueue/msgsnd.c.o
[1260/1644] Building C object sched/CMakeFiles/sched.dir/pthread/pthread_exit.c.o
[1261/1644] Building C object sched/CMakeFiles/sched.dir/pthread/pthread_getschedparam.c.o
[1262/1644] Building C object sched/CMakeFiles/sched.dir/pthread/pthread_setschedparam.c.o
[1263/1644] Building C object sched/CMakeFiles/sched.dir/pthread/pthread_detach.c.o
[1264/1644] Building C object sched/CMakeFiles/sched.dir/pthread/pthread_join.c.o
[1265/1644] Building C object sched/CMakeFiles/sched.dir/pthread/pthread_sigmask.c.o
[1266/1644] Building C object sched/CMakeFiles/sched.dir/pthread/pthread_cancel.c.o
[1267/1644] Building C object sched/CMakeFiles/sched.dir/pthread/pthread_release.c.o
[1268/1644] Building C object sched/CMakeFiles/sched.dir/pthread/pthread_setschedprio.c.o
[1269/1644] Building C object sched/CMakeFiles/sched.dir/pthread/pthread_findjoininfo.c.o
[1270/1644] Building C object sched/CMakeFiles/sched.dir/pthread/pthread_completejoin.c.o
[1271/1644] Building C object sched/CMakeFiles/sched.dir/pthread/pthread_setaffinity.c.o
[1272/1644] Building C object sched/CMakeFiles/sched.dir/pthread/pthread_getaffinity.c.o
[1273/1644] Building C object sched/CMakeFiles/sched.dir/sched/sched_getfiles.c.o
[1274/1644] Building C object sched/CMakeFiles/sched.dir/sched/sched_profil.c.o
[1275/1644] Building C object sched/CMakeFiles/sched.dir/sched/sched_removereadytorun.c.o
[1276/1644] Building C object sched/CMakeFiles/sched.dir/sched/sched_addblocked.c.o
[1277/1644] Building C object sched/CMakeFiles/sched.dir/sched/sched_addreadytorun.c.o
[1278/1644] Building C object sched/CMakeFiles/sched.dir/sched/sched_removeblocked.c.o
[1279/1644] Building C object sched/CMakeFiles/sched.dir/sched/sched_verifytcb.c.o
[1280/1644] Building C object sched/CMakeFiles/sched.dir/sched/sched_gettcb.c.o
[1281/1644] Building C object sched/CMakeFiles/sched.dir/sched/sched_releasetcb.c.o
[1282/1644] Building C object sched/CMakeFiles/sched.dir/sched/sched_setparam.c.o
[1283/1644] Building C object sched/CMakeFiles/sched.dir/sched/sched_setpriority.c.o
[1284/1644] Building C object sched/CMakeFiles/sched.dir/sched/sched_getparam.c.o
[1285/1644] Building C object sched/CMakeFiles/sched.dir/sched/sched_getscheduler.c.o
[1286/1644] Building C object sched/CMakeFiles/sched.dir/sched/sched_setscheduler.c.o
[1287/1644] Building C object sched/CMakeFiles/sched.dir/sched/sched_yield.c.o
[1288/1644] Building C object sched/CMakeFiles/sched.dir/sched/sched_rrgetinterval.c.o
[1289/1644] Building C object sched/CMakeFiles/sched.dir/sched/sched_foreach.c.o
[1290/1644] Building C object sched/CMakeFiles/sched.dir/sched/sched_lock.c.o
[1291/1644] Building C object sched/CMakeFiles/sched.dir/sched/sched_lockcount.c.o
[1292/1644] Building C object sched/CMakeFiles/sched.dir/sched/sched_idletask.c.o
[1293/1644] Building C object sched/CMakeFiles/sched.dir/sched/sched_unlock.c.o
[1294/1644] Building C object sched/CMakeFiles/sched.dir/sched/sched_self.c.o
[1295/1644] Building C object sched/CMakeFiles/sched.dir/sched/sched_getcpu.c.o
[1296/1644] Building C object sched/CMakeFiles/sched.dir/sched/sched_get_tls.c.o
[1297/1644] Building C object sched/CMakeFiles/sched.dir/sched/sched_sysinfo.c.o
[1298/1644] Building C object sched/CMakeFiles/sched.dir/sched/sched_get_stackinfo.c.o
[1299/1644] Building C object sched/CMakeFiles/sched.dir/sched/sched_get_stateinfo.c.o
[1300/1644] Building C object sched/CMakeFiles/sched.dir/sched/sched_switchcontext.c.o
[1301/1644] Building C object sched/CMakeFiles/sched.dir/sched/sched_getaffinity.c.o
[1302/1644] Building C object sched/CMakeFiles/sched.dir/sched/sched_setaffinity.c.o
[1303/1644] Building C object sched/CMakeFiles/sched.dir/sched/sched_process_delivered.c.o
[1304/1644] Building C object sched/CMakeFiles/sched.dir/sched/sched_roundrobin.c.o
[1305/1644] Building C object sched/CMakeFiles/sched.dir/sched/sched_processtimer.c.o
[1306/1644] Building C object sched/CMakeFiles/sched.dir/sched/sched_waitpid.c.o
[1307/1644] Building C object sched/CMakeFiles/sched.dir/semaphore/sem_destroy.c.o
[1308/1644] Building C object sched/CMakeFiles/sched.dir/sched/sched_backtrace.c.o
[1309/1644] Building C object sched/CMakeFiles/sched.dir/semaphore/sem_wait.c.o
[1310/1644] Building C object sched/CMakeFiles/sched.dir/sched/sched_smp.c.o
[1311/1644] Building C object sched/CMakeFiles/sched.dir/semaphore/sem_trywait.c.o
[1312/1644] Building C object sched/CMakeFiles/sched.dir/semaphore/sem_clockwait.c.o
[1313/1644] Building C object sched/CMakeFiles/sched.dir/semaphore/sem_tickwait.c.o
[1314/1644] Building C object sched/CMakeFiles/sched.dir/semaphore/sem_timeout.c.o
[1315/1644] Building C object sched/CMakeFiles/sched.dir/semaphore/sem_post.c.o
[1316/1644] Building C object sched/CMakeFiles/sched.dir/semaphore/sem_recover.c.o
[1317/1644] Building C object sched/CMakeFiles/sched.dir/semaphore/sem_reset.c.o
[1318/1644] Building C object sched/CMakeFiles/sched.dir/semaphore/sem_waitirq.c.o
[1319/1644] Building C object sched/CMakeFiles/sched.dir/signal/sig_cleanup.c.o
[1320/1644] Building C object sched/CMakeFiles/sched.dir/signal/sig_allocpendingsigaction.c.o
[1321/1644] Building C object sched/CMakeFiles/sched.dir/signal/sig_action.c.o
[1322/1644] Building C object sched/CMakeFiles/sched.dir/signal/sig_findaction.c.o
[1323/1644] Building C object sched/CMakeFiles/sched.dir/signal/sig_initialize.c.o
[1324/1644] Building C object sched/CMakeFiles/sched.dir/semaphore/sem_rw.c.o
[1325/1644] Building C object sched/CMakeFiles/sched.dir/signal/sig_deliver.c.o
[1326/1644] Building C object sched/CMakeFiles/sched.dir/signal/sig_pending.c.o
[1327/1644] Building C object sched/CMakeFiles/sched.dir/signal/sig_releasependingsigaction.c.o
[1328/1644] Building C object sched/CMakeFiles/sched.dir/signal/sig_releasependingsignal.c.o
[1329/1644] Building C object sched/CMakeFiles/sched.dir/signal/sig_removependingsignal.c.o
[1330/1644] Building C object sched/CMakeFiles/sched.dir/signal/sig_unmaskpendingsignal.c.o
[1331/1644] Building C object sched/CMakeFiles/sched.dir/signal/sig_kill.c.o
[1332/1644] Building C object sched/CMakeFiles/sched.dir/signal/sig_lowest.c.o
[1333/1644] Building C object sched/CMakeFiles/sched.dir/signal/sig_nanosleep.c.o
[1334/1644] Building C object sched/CMakeFiles/sched.dir/signal/sig_pause.c.o
[1335/1644] Building C object sched/CMakeFiles/sched.dir/signal/sig_notification.c.o
[1336/1644] Building C object sched/CMakeFiles/sched.dir/signal/sig_dispatch.c.o
[1337/1644] Building C object sched/CMakeFiles/sched.dir/signal/sig_ppoll.c.o
[1338/1644] Building C object sched/CMakeFiles/sched.dir/signal/sig_procmask.c.o
[1339/1644] Building C object sched/CMakeFiles/sched.dir/signal/sig_pselect.c.o
[1340/1644] Building C object sched/CMakeFiles/sched.dir/signal/sig_queue.c.o
[1341/1644] Building C object sched/CMakeFiles/sched.dir/signal/sig_sleep.c.o
[1342/1644] Building C object sched/CMakeFiles/sched.dir/signal/sig_tgkill.c.o
[1343/1644] Building C object sched/CMakeFiles/sched.dir/signal/sig_suspend.c.o
[1344/1644] Building C object sched/CMakeFiles/sched.dir/signal/sig_usleep.c.o
[1345/1644] Building C object sched/CMakeFiles/sched.dir/signal/sig_waitinfo.c.o
[1346/1644] Building C object sched/CMakeFiles/sched.dir/signal/sig_timedwait.c.o
[1347/1644] Building C object sched/CMakeFiles/sched.dir/task/task_argvstr.c.o
[1348/1644] Building C object sched/CMakeFiles/sched.dir/task/task_create.c.o
[1349/1644] Building C object sched/CMakeFiles/sched.dir/task/task_init.c.o
[1350/1644] Building C object sched/CMakeFiles/sched.dir/task/task_activate.c.o
[1351/1644] Building C object sched/CMakeFiles/sched.dir/task/task_start.c.o
[1352/1644] Building C object sched/CMakeFiles/sched.dir/task/task_setup.c.o
[1353/1644] Building C object sched/CMakeFiles/sched.dir/task/task_delete.c.o
[1354/1644] Building C object sched/CMakeFiles/sched.dir/task/task_exit.c.o
[1355/1644] Building C object sched/CMakeFiles/sched.dir/task/task_exithook.c.o
[1356/1644] Building C object sched/CMakeFiles/sched.dir/task/task_recover.c.o
[1357/1644] Building C object sched/CMakeFiles/sched.dir/task/task_prctl.c.o
[1358/1644] Building C object sched/CMakeFiles/sched.dir/task/task_restart.c.o
[1359/1644] Building C object sched/CMakeFiles/sched.dir/task/task_spawnparms.c.o
[1360/1644] Building C object sched/CMakeFiles/sched.dir/task/task_cancelpt.c.o
[1361/1644] Building C object sched/CMakeFiles/sched.dir/task/task_terminate.c.o
[1362/1644] Building C object sched/CMakeFiles/sched.dir/task/task_join.c.o
[1363/1644] Building C object sched/CMakeFiles/sched.dir/task/exit.c.o
[1364/1644] Building C object sched/CMakeFiles/sched.dir/task/task_fork.c.o
[1365/1644] Building C object sched/CMakeFiles/sched.dir/task/task_spawn.c.o
[1366/1644] Building C object sched/CMakeFiles/sched.dir/timer/timer_initialize.c.o
[1367/1644] Building C object sched/CMakeFiles/sched.dir/timer/timer_delete.c.o
[1368/1644] Building C object sched/CMakeFiles/sched.dir/timer/timer_create.c.o
[1369/1644] Building C object sched/CMakeFiles/sched.dir/timer/timer_getoverrun.c.o
[1370/1644] Building C object sched/CMakeFiles/sched.dir/timer/timer_getitimer.c.o
[1371/1644] Building C object sched/CMakeFiles/sched.dir/timer/timer_gettime.c.o
[1372/1644] Building C object sched/CMakeFiles/sched.dir/timer/timer_settime.c.o
[1373/1644] Building C object sched/CMakeFiles/sched.dir/timer/timer_setitimer.c.o
[1374/1644] Building C object sched/CMakeFiles/sched.dir/timer/timer_release.c.o
[1375/1644] Building C object sched/CMakeFiles/sched.dir/tls/task_initinfo.c.o
[1376/1644] Building C object sched/CMakeFiles/sched.dir/tls/tls_initinfo.c.o
[1377/1644] Building C object sched/CMakeFiles/sched.dir/tls/task_uninitinfo.c.o
[1378/1644] Building C object sched/CMakeFiles/sched.dir/tls/tls_dupinfo.c.o
[1379/1644] Building C object sched/CMakeFiles/sched.dir/wdog/wd_initialize.c.o
[1380/1644] Building C object sched/CMakeFiles/sched.dir/wdog/wd_gettime.c.o
[1381/1644] Building C object sched/CMakeFiles/sched.dir/wdog/wd_cancel.c.o
[1382/1644] Building C object sched/CMakeFiles/sched.dir/wdog/wd_start.c.o
[1383/1644] Building C object sched/CMakeFiles/sched.dir/wqueue/kwork_queue.c.o
[1384/1644] Building C object sched/CMakeFiles/sched.dir/wqueue/kwork_cancel.c.o
[1385/1644] Building C object wireless/CMakeFiles/wireless.dir/bluetooth/bt_buf.c.o
[1386/1644] Building C object wireless/CMakeFiles/wireless.dir/bluetooth/bt_netdev.c.o
[1387/1644] Building C object sched/CMakeFiles/sched.dir/wqueue/kwork_thread.c.o
[1388/1644] Building C object wireless/CMakeFiles/wireless.dir/bluetooth/bt_queue.c.o
[1389/1644] Building C object wireless/CMakeFiles/wireless.dir/bluetooth/bt_conn.c.o
[1390/1644] Building C object wireless/CMakeFiles/wireless.dir/bluetooth/bt_gatt.c.o
[1391/1644] Building C object wireless/CMakeFiles/wireless.dir/bluetooth/bt_att.c.o
[1392/1644] Building C object wireless/CMakeFiles/wireless.dir/bluetooth/bt_hcicore.c.o
[1393/1644] Building C object wireless/CMakeFiles/wireless.dir/bluetooth/bt_keys.c.o
[1394/1644] Building C object wireless/CMakeFiles/wireless.dir/bluetooth/bt_l2cap.c.o
[1395/1644] Building C object wireless/CMakeFiles/wireless.dir/bluetooth/bt_ioctl.c.o
[1396/1644] Building C object wireless/CMakeFiles/wireless.dir/bluetooth/bt_uuid.c.o
[1397/1644] Building C object boards/CMakeFiles/board.dir/__/dummy.c.o
[1398/1644] Building C object wireless/CMakeFiles/wireless.dir/bluetooth/bt_services.c.o
[1399/1644] Building C object boards/CMakeFiles/board.dir/arm64/rk3576/kickpi_k7/src/kickpi_k7_boardinit.c.o
[1400/1644] Building C object boards/CMakeFiles/board.dir/boardctl.c.o
[1401/1644] Building C object apps/CMakeFiles/apps.dir/dummy.c.o
[1402/1644] Building C object wireless/CMakeFiles/wireless.dir/bluetooth/bt_smp.c.o
[1403/1644] Building C object boards/CMakeFiles/board.dir/arm64/rk3576/kickpi_k7/src/kickpi_k7_appinit.c.o
[1404/1644] Building C object apps/CMakeFiles/apps.dir/netutils/netlib/netlib_ipv4addrconv.c.o
[1405/1644] Building C object apps/CMakeFiles/apps.dir/netutils/netlib/netlib_ethaddrconv.c.o
[1406/1644] Building C object apps/CMakeFiles/apps.dir/netutils/netlib/netlib_parsehttpurl.c.o
[1407/1644] Building C object apps/CMakeFiles/apps.dir/netutils/netlib/netlib_getifstatus.c.o
[1408/1644] Building C object apps/CMakeFiles/apps.dir/netutils/dhcpc/dhcpc.c.o
[1409/1644] Building C object apps/CMakeFiles/apps.dir/netutils/netlib/netlib_setifstatus.c.o
[1410/1644] Building C object apps/CMakeFiles/apps.dir/netutils/netlib/netlib_setipv4addr.c.o
[1411/1644] Building C object apps/CMakeFiles/apps.dir/netutils/netlib/netlib_getipv4addr.c.o
[1412/1644] Building C object apps/CMakeFiles/apps.dir/netutils/netlib/netlib_setdripv4addr.c.o
[1413/1644] Building C object apps/CMakeFiles/apps.dir/netutils/netlib/netlib_setipv4netmask.c.o
[1414/1644] Building C object apps/CMakeFiles/apps.dir/netutils/netlib/netlib_getdripv4addr.c.o
[1415/1644] Building C object apps/CMakeFiles/apps.dir/netutils/netlib/netlib_getipv4netmask.c.o
[1416/1644] Building C object apps/CMakeFiles/apps.dir/netutils/netlib/netlib_ipv4adaptor.c.o
[1417/1644] Building C object apps/CMakeFiles/apps.dir/netutils/netlib/netlib_getarp.c.o
[1418/1644] Building C object apps/CMakeFiles/apps.dir/netutils/netlib/netlib_setarp.c.o
[1419/1644] Building C object apps/CMakeFiles/apps.dir/netutils/netlib/netlib_delarp.c.o
[1420/1644] Building C object apps/CMakeFiles/apps.dir/netutils/netlib/netlib_obtainipv4addr.c.o
[1421/1644] Building C object apps/CMakeFiles/apps.dir/netutils/netlib/netlib_server.c.o
[1422/1644] Building C object apps/CMakeFiles/apps.dir/netutils/netlib/netlib_listenon.c.o
[1423/1644] Building C object apps/CMakeFiles/apps.dir/netutils/netlib/netlib_setmacaddr.c.o
[1424/1644] Building C object apps/CMakeFiles/apps.dir/netutils/netlib/netlib_getmacaddr.c.o
[1425/1644] Building C object apps/CMakeFiles/apps.dir/netutils/netlib/netlib_setmtu.c.o
[1426/1644] Building C object apps/CMakeFiles/apps.dir/netutils/netlib/netlib_getiobinfo.c.o
[1427/1644] Building C object apps/CMakeFiles/apps.dir/netutils/netlib/netlib_checkipconnectivity.c.o
[1428/1644] Building C object apps/CMakeFiles/apps.dir/netutils/netlib/netlib_checkifconnectivity.c.o
[1429/1644] Building C object apps/CMakeFiles/apps.dir/netutils/netlib/netlib_checkhttpconnectivity.c.o
[1430/1644] Building C object apps/CMakeFiles/apps.dir/nshlib/nsh_init.c.o
[1431/1644] Building C object apps/CMakeFiles/apps.dir/netutils/ping/icmp_ping.c.o
[1432/1644] Building C object apps/CMakeFiles/apps.dir/nshlib/nsh_console.c.o
[1433/1644] Building C object apps/CMakeFiles/apps.dir/nshlib/nsh_script.c.o
[1434/1644] Building C object apps/CMakeFiles/apps.dir/nshlib/nsh_system.c.o
[1435/1644] Building C object apps/CMakeFiles/apps.dir/nshlib/nsh_command.c.o
[1436/1644] Building C object apps/CMakeFiles/apps.dir/nshlib/nsh_ddcmd.c.o
[1437/1644] Building C object apps/CMakeFiles/apps.dir/nshlib/nsh_parse.c.o
[1438/1644] Building C object apps/CMakeFiles/apps.dir/nshlib/nsh_mmcmds.c.o
[1439/1644] Building C object apps/CMakeFiles/apps.dir/nshlib/nsh_timcmds.c.o
[1440/1644] Building C object apps/CMakeFiles/apps.dir/nshlib/nsh_fscmds.c.o
[1441/1644] Building C object apps/CMakeFiles/apps.dir/nshlib/nsh_proccmds.c.o
[1442/1644] Building C object apps/CMakeFiles/apps.dir/nshlib/nsh_prompt.c.o
[1443/1644] Building C object apps/CMakeFiles/apps.dir/nshlib/nsh_envcmds.c.o
[1444/1644] Building C object apps/CMakeFiles/apps.dir/nshlib/nsh_syscmds.c.o
[1445/1644] Building C object apps/CMakeFiles/apps.dir/nshlib/nsh_dbgcmds.c.o
[1446/1644] Building C object apps/CMakeFiles/apps.dir/nshlib/nsh_session.c.o
[1447/1644] Building C object apps/CMakeFiles/apps.dir/nshlib/nsh_fileapps.c.o
[1448/1644] Building C object apps/CMakeFiles/apps.dir/nshlib/nsh_fsutils.c.o
[1449/1644] Building C object apps/CMakeFiles/apps.dir/nshlib/nsh_mntcmds.c.o
[1450/1644] Building C object apps/CMakeFiles/apps.dir/nshlib/nsh_consolemain.c.o
[1451/1644] Building C object apps/CMakeFiles/apps.dir/nshlib/nsh_netcmds.c.o
[1452/1644] Building C object apps/CMakeFiles/apps.dir/nshlib/nsh_printf.c.o
[1453/1644] Building C object apps/CMakeFiles/apps.dir/nshlib/nsh_test.c.o
[1454/1644] Building C object apps/CMakeFiles/apps.dir/nshlib/nsh_wait.c.o
[1455/1644] Building C object apps/CMakeFiles/apps.dir/system/readline/readline.c.o
[1456/1644] Building C object apps/CMakeFiles/apps.dir/nshlib/nsh_alias.c.o
[1457/1644] Building C object apps/CMakeFiles/apps.dir/system/readline/readline_stream.c.o
[1458/1644] Building C object apps/CMakeFiles/apps.dir/system/readline/readline_fd.c.o
[1459/1644] Building C object apps/CMakeFiles/apps.dir/system/readline/readline_common.c.o
[1460/1644] Building C object apps/CMakeFiles/apps.dir/system/system/system.c.o
[1461/1644] Building C object apps/CMakeFiles/apps.dir/wireless/bluetooth/btsak/btsak_advertise.c.o
[1462/1644] Building C object apps/CMakeFiles/apps.dir/wireless/bluetooth/btsak/btsak_features.c.o
[1463/1644] Building C object apps/CMakeFiles/apps.dir/wireless/bluetooth/btsak/btsak_info.c.o
[1464/1644] Building C object apps/CMakeFiles/apps.dir/wireless/bluetooth/btsak/btsak_security.c.o
[1465/1644] Building C object apps/CMakeFiles/apps.dir/wireless/bluetooth/btsak/btsak_gatt.c.o
[1466/1644] Building C object apps/CMakeFiles/apps.dir/wireless/bluetooth/btsak/btsak_scan.c.o
[1467/1644] Building C object apps/system/nsh/CMakeFiles/apps_nsh.dir/nsh_main.c.o
[1468/1644] Building C object apps/system/nsh/CMakeFiles/apps_sh.dir/sh_main.c.o
[1469/1644] Building C object apps/system/ping/CMakeFiles/apps_ping.dir/ping.c.o
[1470/1644] Building C object apps/examples/gimbal/CMakeFiles/apps_gimbal.dir/gimbal_main.c.o
[1471/1644] Building C object apps/examples/gimbal/CMakeFiles/apps_gimbal.dir/gimbal_link.c.o
[1472/1644] Building C object apps/examples/hello/CMakeFiles/apps_hello.dir/hello_main.c.o
[1473/1644] Building C object apps/wireless/bluetooth/btsak/CMakeFiles/apps_bt.dir/btsak_main.c.o
[1474/1644] Building C object apps/examples/k7arena/CMakeFiles/apps_k7arena.dir/k7_target_provider.c.o
[1475/1644] Building C object apps/examples/k7arena/CMakeFiles/apps_k7arena.dir/k7_arena_provider_main.c.o
[1476/1644] Building C object apps/examples/k7arena/CMakeFiles/apps_k7arena.dir/k7_arena_diagnostic.c.o
[1477/1644] Building C object apps/examples/k7audio/CMakeFiles/apps_k7audio.dir/audio_preflight.c.o
[1478/1644] Building C object apps/examples/k7audio/CMakeFiles/apps_k7audio.dir/k7audio_main.c.o
[1479/1644] Building CXX object apps/examples/k7arena/CMakeFiles/apps_k7arena.dir/k7_host_buft.cpp.o
In file included from /home/swl/openvela/apps/examples/k7arena/k7_host_buft.h:3,
                 from /home/swl/openvela/apps/examples/k7arena/k7_host_buft.cpp:1:
/home/swl/openvela/apps/examples/k7arena/../k7graph/vendor/ggml/include/ggml-backend.h:336:119: warning: 'ggml_backend_graph_copy ggml_backend_graph_copy(ggml_backend_t, ggml_cgraph*)' hides constructor for 'struct ggml_backend_graph_copy' [-Wshadow]
  336 |     GGML_API struct ggml_backend_graph_copy ggml_backend_graph_copy(ggml_backend_t backend, struct ggml_cgraph * graph);
      |                                                                                                                       ^
[1480/1644] Building C object apps/examples/k7emmc/CMakeFiles/apps_k7emmc.dir/sdhci_read.c.o
[1481/1644] Building C object apps/examples/k7emmc/CMakeFiles/apps_k7emmc.dir/sdhci_command.c.o
[1482/1644] Building C object apps/examples/k7emmc/CMakeFiles/apps_k7emmc.dir/sdhci_control.c.o
[1483/1644] Building C object apps/examples/k7emmc/CMakeFiles/apps_k7emmc.dir/k7emmc_main.c.o
[1484/1644] Building CXX object apps/examples/k7eh/CMakeFiles/apps_k7eh.dir/k7eh_main.cxx.o
[1485/1644] Building C object apps/examples/k7emmc/CMakeFiles/apps_k7emmc.dir/emmc_init.c.o
[1486/1644] Building C object apps/examples/k7graph/CMakeFiles/apps_k7graph.dir/k7graph_main.c.o
[1487/1644] Building C object apps/examples/k7emmc/CMakeFiles/apps_k7emmc.dir/gpt_readonly.c.o
[1488/1644] Building C object apps/examples/k7graph/CMakeFiles/apps_k7graph.dir/graph_probe.c.o
[1489/1644] Building C object apps/examples/k7graph/CMakeFiles/apps_k7graph.dir/graph_probe_main.c.o
[1490/1644] Building C object apps/examples/k7graph/CMakeFiles/apps_k7graph.dir/vendor/ggml/src/ggml-alloc.c.o
In file included from /home/swl/openvela/apps/examples/k7graph/vendor/ggml/src/ggml-alloc.c:4:
/home/swl/openvela/apps/examples/k7graph/vendor/ggml/src/ggml-impl.h:237:15: warning: 'ggml_hash_insert' defined but not used [-Wunused-function]
  237 | static size_t ggml_hash_insert(struct ggml_hash_set * hash_set, struct ggml_tensor * key) {
      |               ^~~~~~~~~~~~~~~~
/home/swl/openvela/apps/examples/k7graph/vendor/ggml/src/ggml-impl.h:232:13: warning: 'ggml_hash_contains' defined but not used [-Wunused-function]
  232 | static bool ggml_hash_contains(const struct ggml_hash_set * hash_set, struct ggml_tensor * key) {
      |             ^~~~~~~~~~~~~~~~~~
/home/swl/openvela/apps/examples/k7graph/vendor/ggml/src/ggml-impl.h:163:15: warning: 'ggml_bitset_size' defined but not used [-Wunused-function]
  163 | static size_t ggml_bitset_size(size_t n) {
      |               ^~~~~~~~~~~~~~~~
/home/swl/openvela/apps/examples/k7graph/vendor/ggml/src/ggml-impl.h:132:13: warning: 'ggml_set_op_params_f32' defined but not used [-Wunused-function]
  132 | static void ggml_set_op_params_f32(struct ggml_tensor * tensor, uint32_t i, float value) {
      |             ^~~~~~~~~~~~~~~~~~~~~~
/home/swl/openvela/apps/examples/k7graph/vendor/ggml/src/ggml-impl.h:127:13: warning: 'ggml_set_op_params_i32' defined but not used [-Wunused-function]
  127 | static void ggml_set_op_params_i32(struct ggml_tensor * tensor, uint32_t i, int32_t value) {
      |             ^~~~~~~~~~~~~~~~~~~~~~
/home/swl/openvela/apps/examples/k7graph/vendor/ggml/src/ggml-impl.h:122:14: warning: 'ggml_get_op_params_f32' defined but not used [-Wunused-function]
  122 | static float ggml_get_op_params_f32(const struct ggml_tensor * tensor, uint32_t i) {
      |              ^~~~~~~~~~~~~~~~~~~~~~
/home/swl/openvela/apps/examples/k7graph/vendor/ggml/src/ggml-impl.h:117:16: warning: 'ggml_get_op_params_i32' defined but not used [-Wunused-function]
  117 | static int32_t ggml_get_op_params_i32(const struct ggml_tensor * tensor, uint32_t i) {
      |                ^~~~~~~~~~~~~~~~~~~~~~
/home/swl/openvela/apps/examples/k7graph/vendor/ggml/src/ggml-impl.h:111:13: warning: 'ggml_set_op_params' defined but not used [-Wunused-function]
  111 | static void ggml_set_op_params(struct ggml_tensor * tensor, const void * params, size_t params_size) {
      |             ^~~~~~~~~~~~~~~~~~
[1491/1644] Building CXX object apps/examples/k7cxx/CMakeFiles/apps_k7cxx.dir/k7cxx_main.cxx.o
[1492/1644] Building CXX object apps/examples/k7graph/CMakeFiles/apps_k7graph.dir/vendor/ggml/src/ggml-threading.cpp.o
[1493/1644] Building C object apps/examples/k7graph/CMakeFiles/apps_k7graph.dir/vendor/ggml/src/ggml.c.o
/home/swl/openvela/apps/examples/k7graph/vendor/ggml/src/ggml.c: In function 'ggml_aligned_malloc':
/home/swl/openvela/apps/examples/k7graph/vendor/ggml/src/ggml.c:259:9: warning: "TARGET_OS_OSX" is not defined, evaluates to 0 [-Wundef]
  259 |   #elif TARGET_OS_OSX
      |         ^~~~~~~~~~~~~
/home/swl/openvela/apps/examples/k7graph/vendor/ggml/src/ggml.c: In function 'ggml_aligned_free':
/home/swl/openvela/apps/examples/k7graph/vendor/ggml/src/ggml.c:302:7: warning: "GGML_USE_CPU_HBM" is not defined, evaluates to 0 [-Wundef]
  302 | #elif GGML_USE_CPU_HBM
      |       ^~~~~~~~~~~~~~~~
/home/swl/openvela/apps/examples/k7graph/vendor/ggml/src/ggml.c:306:7: warning: "TARGET_OS_OSX" is not defined, evaluates to 0 [-Wundef]
  306 | #elif TARGET_OS_OSX
      |       ^~~~~~~~~~~~~
/home/swl/openvela/apps/examples/k7graph/vendor/ggml/src/ggml.c: At top level:
/home/swl/openvela/apps/examples/k7graph/vendor/ggml/src/ggml.c:568:13: warning: 'ggml_vec_dot_f32' declared 'static' but never defined [-Wunused-function]
  568 | static void ggml_vec_dot_f32(int n, float * GGML_RESTRICT s, size_t bs, const float * GGML_RESTRICT x, size_t bx, const float * GGML_RESTRICT y, size_t by, int nrc);
      |             ^~~~~~~~~~~~~~~~
/home/swl/openvela/apps/examples/k7graph/vendor/ggml/src/ggml.c:569:13: warning: 'ggml_vec_dot_f16' declared 'static' but never defined [-Wunused-function]
  569 | static void ggml_vec_dot_f16(int n, float * GGML_RESTRICT s, size_t bs, ggml_fp16_t * GGML_RESTRICT x, size_t bx, ggml_fp16_t * GGML_RESTRICT y, size_t by, int nrc);
      |             ^~~~~~~~~~~~~~~~
/home/swl/openvela/apps/examples/k7graph/vendor/ggml/src/ggml.c:570:13: warning: 'ggml_vec_dot_bf16' declared 'static' but never defined [-Wunused-function]
  570 | static void ggml_vec_dot_bf16(int n, float * GGML_RESTRICT s, size_t bs, ggml_bf16_t * GGML_RESTRICT x, size_t bx, ggml_bf16_t * GGML_RESTRICT y, size_t by, int nrc);
      |             ^~~~~~~~~~~~~~~~~
/home/swl/openvela/apps/examples/k7graph/vendor/ggml/src/ggml.c:5285:13: warning: 'ggml_hash_map_free' defined but not used [-Wunused-function]
 5285 | static void ggml_hash_map_free(struct hash_map * map) {
      |             ^~~~~~~~~~~~~~~~~~
/home/swl/openvela/apps/examples/k7graph/vendor/ggml/src/ggml.c:5278:26: warning: 'ggml_new_hash_map' defined but not used [-Wunused-function]
 5278 | static struct hash_map * ggml_new_hash_map(size_t size) {
      |                          ^~~~~~~~~~~~~~~~~
In file included from /home/swl/openvela/apps/examples/k7graph/vendor/ggml/src/ggml.c:5:
/home/swl/openvela/apps/examples/k7graph/vendor/ggml/src/ggml-impl.h:258:15: warning: 'ggml_hash_find_or_insert' defined but not used [-Wunused-function]
  258 | static size_t ggml_hash_find_or_insert(struct ggml_hash_set * hash_set, struct ggml_tensor * key) {
      |               ^~~~~~~~~~~~~~~~~~~~~~~~
/home/swl/openvela/apps/examples/k7graph/vendor/ggml/src/ggml-impl.h:232:13: warning: 'ggml_hash_contains' defined but not used [-Wunused-function]
  232 | static bool ggml_hash_contains(const struct ggml_hash_set * hash_set, struct ggml_tensor * key) {
      |             ^~~~~~~~~~~~~~~~~~
/home/swl/openvela/apps/examples/k7graph/vendor/ggml/src/ggml-impl.h:122:14: warning: 'ggml_get_op_params_f32' defined but not used [-Wunused-function]
  122 | static float ggml_get_op_params_f32(const struct ggml_tensor * tensor, uint32_t i) {
      |              ^~~~~~~~~~~~~~~~~~~~~~
[1494/1644] Building CXX object apps/examples/k7graph/CMakeFiles/apps_k7graph.dir/vendor/ggml/src/ggml-backend.cpp.o
In file included from /home/swl/openvela/apps/examples/k7graph/vendor/ggml/src/ggml-backend.cpp:11:
/home/swl/openvela/apps/examples/k7graph/vendor/ggml/include/ggml-backend.h:336:119: warning: 'ggml_backend_graph_copy ggml_backend_graph_copy(ggml_backend_t, ggml_cgraph*)' hides constructor for 'struct ggml_backend_graph_copy' [-Wshadow]
  336 |     GGML_API struct ggml_backend_graph_copy ggml_backend_graph_copy(ggml_backend_t backend, struct ggml_cgraph * graph);
      |                                                                                                                       ^
In file included from /home/swl/openvela/apps/examples/k7graph/vendor/ggml/src/ggml-backend.cpp:14:
/home/swl/openvela/apps/examples/k7graph/vendor/ggml/src/ggml-impl.h:232:13: warning: 'bool ggml_hash_contains(const ggml_hash_set*, ggml_tensor*)' defined but not used [-Wunused-function]
  232 | static bool ggml_hash_contains(const struct ggml_hash_set * hash_set, struct ggml_tensor * key) {
      |             ^~~~~~~~~~~~~~~~~~
/home/swl/openvela/apps/examples/k7graph/vendor/ggml/src/ggml-impl.h:163:15: warning: 'size_t ggml_bitset_size(size_t)' defined but not used [-Wunused-function]
  163 | static size_t ggml_bitset_size(size_t n) {
      |               ^~~~~~~~~~~~~~~~
/home/swl/openvela/apps/examples/k7graph/vendor/ggml/src/ggml-impl.h:132:13: warning: 'void ggml_set_op_params_f32(ggml_tensor*, uint32_t, float)' defined but not used [-Wunused-function]
  132 | static void ggml_set_op_params_f32(struct ggml_tensor * tensor, uint32_t i, float value) {
      |             ^~~~~~~~~~~~~~~~~~~~~~
/home/swl/openvela/apps/examples/k7graph/vendor/ggml/src/ggml-impl.h:127:13: warning: 'void ggml_set_op_params_i32(ggml_tensor*, uint32_t, int32_t)' defined but not used [-Wunused-function]
  127 | static void ggml_set_op_params_i32(struct ggml_tensor * tensor, uint32_t i, int32_t value) {
      |             ^~~~~~~~~~~~~~~~~~~~~~
/home/swl/openvela/apps/examples/k7graph/vendor/ggml/src/ggml-impl.h:122:14: warning: 'float ggml_get_op_params_f32(const ggml_tensor*, uint32_t)' defined but not used [-Wunused-function]
  122 | static float ggml_get_op_params_f32(const struct ggml_tensor * tensor, uint32_t i) {
      |              ^~~~~~~~~~~~~~~~~~~~~~
/home/swl/openvela/apps/examples/k7graph/vendor/ggml/src/ggml-impl.h:117:16: warning: 'int32_t ggml_get_op_params_i32(const ggml_tensor*, uint32_t)' defined but not used [-Wunused-function]
  117 | static int32_t ggml_get_op_params_i32(const struct ggml_tensor * tensor, uint32_t i) {
      |                ^~~~~~~~~~~~~~~~~~~~~~
/home/swl/openvela/apps/examples/k7graph/vendor/ggml/src/ggml-impl.h:111:13: warning: 'void ggml_set_op_params(ggml_tensor*, const void*, size_t)' defined but not used [-Wunused-function]
  111 | static void ggml_set_op_params(struct ggml_tensor * tensor, const void * params, size_t params_size) {
      |             ^~~~~~~~~~~~~~~~~~
[1495/1644] Building CXX object apps/examples/k7graph/CMakeFiles/apps_k7graph.dir/vendor/ggml/src/ggml-opt.cpp.o
In file included from /home/swl/openvela/apps/examples/k7graph/vendor/ggml/include/ggml-opt.h:10,
                 from /home/swl/openvela/apps/examples/k7graph/vendor/ggml/src/ggml-opt.cpp:1:
/home/swl/openvela/apps/examples/k7graph/vendor/ggml/include/ggml-backend.h:336:119: warning: 'ggml_backend_graph_copy ggml_backend_graph_copy(ggml_backend_t, ggml_cgraph*)' hides constructor for 'struct ggml_backend_graph_copy' [-Wshadow]
  336 |     GGML_API struct ggml_backend_graph_copy ggml_backend_graph_copy(ggml_backend_t backend, struct ggml_cgraph * graph);
      |                                                                                                                       ^
/home/swl/openvela/apps/examples/k7graph/vendor/ggml/src/ggml-opt.cpp: In function 'ggml_opt_context* ggml_opt_init(ggml_opt_params)':
/home/swl/openvela/apps/examples/k7graph/vendor/ggml/src/ggml-opt.cpp:332:33: warning: declaration of 'ggml_init_params params' shadows a parameter [-Wshadow]
  332 |         struct ggml_init_params params = {
      |                                 ^~~~~~
/home/swl/openvela/apps/examples/k7graph/vendor/ggml/src/ggml-opt.cpp:293:57: note: shadowed declaration is here
  293 | ggml_opt_context_t ggml_opt_init(struct ggml_opt_params params) {
      |                                  ~~~~~~~~~~~~~~~~~~~~~~~^~~~~~
/home/swl/openvela/apps/examples/k7graph/vendor/ggml/src/ggml-opt.cpp:343:33: warning: declaration of 'ggml_init_params params' shadows a parameter [-Wshadow]
  343 |         struct ggml_init_params params = {
      |                                 ^~~~~~
/home/swl/openvela/apps/examples/k7graph/vendor/ggml/src/ggml-opt.cpp:293:57: note: shadowed declaration is here
  293 | ggml_opt_context_t ggml_opt_init(struct ggml_opt_params params) {
      |                                  ~~~~~~~~~~~~~~~~~~~~~~~^~~~~~
/home/swl/openvela/apps/examples/k7graph/vendor/ggml/src/ggml-opt.cpp: In function 'void ggml_opt_result_loss(ggml_opt_result_t, double*, double*)':
/home/swl/openvela/apps/examples/k7graph/vendor/ggml/src/ggml-opt.cpp:543:24: warning: declaration of 'const float& loss' shadows a parameter [-Wshadow]
  543 |     for (const float & loss : result->loss) {
      |                        ^~~~
/home/swl/openvela/apps/examples/k7graph/vendor/ggml/src/ggml-opt.cpp:531:62: note: shadowed declaration is here
  531 | void ggml_opt_result_loss(ggml_opt_result_t result, double * loss, double * unc) {
      |                                                     ~~~~~~~~~^~~~
In file included from /home/swl/openvela/apps/examples/k7graph/vendor/ggml/src/ggml-opt.cpp:6:
/home/swl/openvela/apps/examples/k7graph/vendor/ggml/src/ggml-impl.h: At global scope:
/home/swl/openvela/apps/examples/k7graph/vendor/ggml/src/ggml-impl.h:258:15: warning: 'size_t ggml_hash_find_or_insert(ggml_hash_set*, ggml_tensor*)' defined but not used [-Wunused-function]
  258 | static size_t ggml_hash_find_or_insert(struct ggml_hash_set * hash_set, struct ggml_tensor * key) {
      |               ^~~~~~~~~~~~~~~~~~~~~~~~
/home/swl/openvela/apps/examples/k7graph/vendor/ggml/src/ggml-impl.h:237:15: warning: 'size_t ggml_hash_insert(ggml_hash_set*, ggml_tensor*)' defined but not used [-Wunused-function]
  237 | static size_t ggml_hash_insert(struct ggml_hash_set * hash_set, struct ggml_tensor * key) {
      |               ^~~~~~~~~~~~~~~~
/home/swl/openvela/apps/examples/k7graph/vendor/ggml/src/ggml-impl.h:232:13: warning: 'bool ggml_hash_contains(const ggml_hash_set*, ggml_tensor*)' defined but not used [-Wunused-function]
  232 | static bool ggml_hash_contains(const struct ggml_hash_set * hash_set, struct ggml_tensor * key) {
      |             ^~~~~~~~~~~~~~~~~~
/home/swl/openvela/apps/examples/k7graph/vendor/ggml/src/ggml-impl.h:163:15: warning: 'size_t ggml_bitset_size(size_t)' defined but not used [-Wunused-function]
  163 | static size_t ggml_bitset_size(size_t n) {
      |               ^~~~~~~~~~~~~~~~
/home/swl/openvela/apps/examples/k7graph/vendor/ggml/src/ggml-impl.h:132:13: warning: 'void ggml_set_op_params_f32(ggml_tensor*, uint32_t, float)' defined but not used [-Wunused-function]
  132 | static void ggml_set_op_params_f32(struct ggml_tensor * tensor, uint32_t i, float value) {
      |             ^~~~~~~~~~~~~~~~~~~~~~
/home/swl/openvela/apps/examples/k7graph/vendor/ggml/src/ggml-impl.h:127:13: warning: 'void ggml_set_op_params_i32(ggml_tensor*, uint32_t, int32_t)' defined but not used [-Wunused-function]
  127 | static void ggml_set_op_params_i32(struct ggml_tensor * tensor, uint32_t i, int32_t value) {
      |             ^~~~~~~~~~~~~~~~~~~~~~
/home/swl/openvela/apps/examples/k7graph/vendor/ggml/src/ggml-impl.h:122:14: warning: 'float ggml_get_op_params_f32(const ggml_tensor*, uint32_t)' defined but not used [-Wunused-function]
  122 | static float ggml_get_op_params_f32(const struct ggml_tensor * tensor, uint32_t i) {
      |              ^~~~~~~~~~~~~~~~~~~~~~
/home/swl/openvela/apps/examples/k7graph/vendor/ggml/src/ggml-impl.h:117:16: warning: 'int32_t ggml_get_op_params_i32(const ggml_tensor*, uint32_t)' defined but not used [-Wunused-function]
  117 | static int32_t ggml_get_op_params_i32(const struct ggml_tensor * tensor, uint32_t i) {
      |                ^~~~~~~~~~~~~~~~~~~~~~
/home/swl/openvela/apps/examples/k7graph/vendor/ggml/src/ggml-impl.h:111:13: warning: 'void ggml_set_op_params(ggml_tensor*, const void*, size_t)' defined but not used [-Wunused-function]
  111 | static void ggml_set_op_params(struct ggml_tensor * tensor, const void * params, size_t params_size) {
      |             ^~~~~~~~~~~~~~~~~~
[1496/1644] Building C object apps/examples/k7graph/CMakeFiles/apps_k7graph.dir/vendor/ggml/src/ggml-quants.c.o
/home/swl/openvela/apps/examples/k7graph/vendor/ggml/src/ggml-quants.c:3991:12: warning: 'iq1_find_best_neighbour' defined but not used [-Wunused-function]
 3991 | static int iq1_find_best_neighbour(const uint16_t * GGML_RESTRICT neighbours, const uint64_t * GGML_RESTRICT grid,
      |            ^~~~~~~~~~~~~~~~~~~~~~~
/home/swl/openvela/apps/examples/k7graph/vendor/ggml/src/ggml-quants.c:507:14: warning: 'make_qkx1_quants' defined but not used [-Wunused-function]
  507 | static float make_qkx1_quants(int n, int nmax, const float * GGML_RESTRICT x, uint8_t * GGML_RESTRICT L, float * GGML_RESTRICT the_min,
      |              ^~~~~~~~~~~~~~~~
In file included from /home/swl/openvela/apps/examples/k7graph/vendor/ggml/src/ggml-quants.c:5:
/home/swl/openvela/apps/examples/k7graph/vendor/ggml/src/ggml-impl.h:258:15: warning: 'ggml_hash_find_or_insert' defined but not used [-Wunused-function]
  258 | static size_t ggml_hash_find_or_insert(struct ggml_hash_set * hash_set, struct ggml_tensor * key) {
      |               ^~~~~~~~~~~~~~~~~~~~~~~~
/home/swl/openvela/apps/examples/k7graph/vendor/ggml/src/ggml-impl.h:237:15: warning: 'ggml_hash_insert' defined but not used [-Wunused-function]
  237 | static size_t ggml_hash_insert(struct ggml_hash_set * hash_set, struct ggml_tensor * key) {
      |               ^~~~~~~~~~~~~~~~
/home/swl/openvela/apps/examples/k7graph/vendor/ggml/src/ggml-impl.h:232:13: warning: 'ggml_hash_contains' defined but not used [-Wunused-function]
  232 | static bool ggml_hash_contains(const struct ggml_hash_set * hash_set, struct ggml_tensor * key) {
      |             ^~~~~~~~~~~~~~~~~~
/home/swl/openvela/apps/examples/k7graph/vendor/ggml/src/ggml-impl.h:163:15: warning: 'ggml_bitset_size' defined but not used [-Wunused-function]
  163 | static size_t ggml_bitset_size(size_t n) {
      |               ^~~~~~~~~~~~~~~~
/home/swl/openvela/apps/examples/k7graph/vendor/ggml/src/ggml-impl.h:132:13: warning: 'ggml_set_op_params_f32' defined but not used [-Wunused-function]
  132 | static void ggml_set_op_params_f32(struct ggml_tensor * tensor, uint32_t i, float value) {
      |             ^~~~~~~~~~~~~~~~~~~~~~
/home/swl/openvela/apps/examples/k7graph/vendor/ggml/src/ggml-impl.h:127:13: warning: 'ggml_set_op_params_i32' defined but not used [-Wunused-function]
  127 | static void ggml_set_op_params_i32(struct ggml_tensor * tensor, uint32_t i, int32_t value) {
      |             ^~~~~~~~~~~~~~~~~~~~~~
/home/swl/openvela/apps/examples/k7graph/vendor/ggml/src/ggml-impl.h:122:14: warning: 'ggml_get_op_params_f32' defined but not used [-Wunused-function]
  122 | static float ggml_get_op_params_f32(const struct ggml_tensor * tensor, uint32_t i) {
      |              ^~~~~~~~~~~~~~~~~~~~~~
/home/swl/openvela/apps/examples/k7graph/vendor/ggml/src/ggml-impl.h:117:16: warning: 'ggml_get_op_params_i32' defined but not used [-Wunused-function]
  117 | static int32_t ggml_get_op_params_i32(const struct ggml_tensor * tensor, uint32_t i) {
      |                ^~~~~~~~~~~~~~~~~~~~~~
/home/swl/openvela/apps/examples/k7graph/vendor/ggml/src/ggml-impl.h:111:13: warning: 'ggml_set_op_params' defined but not used [-Wunused-function]
  111 | static void ggml_set_op_params(struct ggml_tensor * tensor, const void * params, size_t params_size) {
      |             ^~~~~~~~~~~~~~~~~~
[1497/1644] Building CXX object apps/examples/k7graph/CMakeFiles/apps_k7graph.dir/vendor/ggml/src/ggml-cpu/ggml-cpu.cpp.o
In file included from /home/swl/openvela/apps/examples/k7graph/vendor/ggml/src/ggml-cpu/ggml-cpu.cpp:1:
/home/swl/openvela/apps/examples/k7graph/vendor/ggml/include/ggml-backend.h:336:119: warning: 'ggml_backend_graph_copy ggml_backend_graph_copy(ggml_backend_t, ggml_cgraph*)' hides constructor for 'struct ggml_backend_graph_copy' [-Wshadow]
  336 |     GGML_API struct ggml_backend_graph_copy ggml_backend_graph_copy(ggml_backend_t backend, struct ggml_cgraph * graph);
      |                                                                                                                       ^
/home/swl/openvela/apps/examples/k7graph/vendor/ggml/src/ggml-cpu/ggml-cpu.cpp: In lambda function:
/home/swl/openvela/apps/examples/k7graph/vendor/ggml/src/ggml-cpu/ggml-cpu.cpp:38:49: warning: declaration of 'bufts' shadows a previous local [-Wshadow]
   38 |         std::vector<ggml_backend_buffer_type_t> bufts;
      |                                                 ^~~~~
/home/swl/openvela/apps/examples/k7graph/vendor/ggml/src/ggml-cpu/ggml-cpu.cpp:37:52: note: shadowed declaration is here
   37 |     static std::vector<ggml_backend_buffer_type_t> bufts = []() {
      |                                                    ^~~~~
/home/swl/openvela/apps/examples/k7graph/vendor/ggml/src/ggml-cpu/ggml-cpu.cpp: In lambda function:
/home/swl/openvela/apps/examples/k7graph/vendor/ggml/src/ggml-cpu/ggml-cpu.cpp:492:43: warning: declaration of 'features' shadows a previous local [-Wshadow]
  492 |         std::vector<ggml_backend_feature> features;
      |                                           ^~~~~~~~
/home/swl/openvela/apps/examples/k7graph/vendor/ggml/src/ggml-cpu/ggml-cpu.cpp:489:46: note: shadowed declaration is here
  489 |     static std::vector<ggml_backend_feature> features = []() {
      |                                              ^~~~~~~~
In file included from /home/swl/openvela/apps/examples/k7graph/vendor/ggml/src/ggml-cpu/ggml-cpu-impl.h:6,
                 from /home/swl/openvela/apps/examples/k7graph/vendor/ggml/src/ggml-cpu/ggml-cpu-traits.h:3,
                 from /home/swl/openvela/apps/examples/k7graph/vendor/ggml/src/ggml-cpu/ggml-cpu-aarch64.h:3,
                 from /home/swl/openvela/apps/examples/k7graph/vendor/ggml/src/ggml-cpu/ggml-cpu.cpp:4:
/home/swl/openvela/apps/examples/k7graph/vendor/ggml/src/ggml-impl.h: At global scope:
/home/swl/openvela/apps/examples/k7graph/vendor/ggml/src/ggml-impl.h:258:15: warning: 'size_t ggml_hash_find_or_insert(ggml_hash_set*, ggml_tensor*)' defined but not used [-Wunused-function]
  258 | static size_t ggml_hash_find_or_insert(struct ggml_hash_set * hash_set, struct ggml_tensor * key) {
      |               ^~~~~~~~~~~~~~~~~~~~~~~~
/home/swl/openvela/apps/examples/k7graph/vendor/ggml/src/ggml-impl.h:237:15: warning: 'size_t ggml_hash_insert(ggml_hash_set*, ggml_tensor*)' defined but not used [-Wunused-function]
  237 | static size_t ggml_hash_insert(struct ggml_hash_set * hash_set, struct ggml_tensor * key) {
      |               ^~~~~~~~~~~~~~~~
/home/swl/openvela/apps/examples/k7graph/vendor/ggml/src/ggml-impl.h:232:13: warning: 'bool ggml_hash_contains(const ggml_hash_set*, ggml_tensor*)' defined but not used [-Wunused-function]
  232 | static bool ggml_hash_contains(const struct ggml_hash_set * hash_set, struct ggml_tensor * key) {
      |             ^~~~~~~~~~~~~~~~~~
/home/swl/openvela/apps/examples/k7graph/vendor/ggml/src/ggml-impl.h:163:15: warning: 'size_t ggml_bitset_size(size_t)' defined but not used [-Wunused-function]
  163 | static size_t ggml_bitset_size(size_t n) {
      |               ^~~~~~~~~~~~~~~~
/home/swl/openvela/apps/examples/k7graph/vendor/ggml/src/ggml-impl.h:132:13: warning: 'void ggml_set_op_params_f32(ggml_tensor*, uint32_t, float)' defined but not used [-Wunused-function]
  132 | static void ggml_set_op_params_f32(struct ggml_tensor * tensor, uint32_t i, float value) {
      |             ^~~~~~~~~~~~~~~~~~~~~~
/home/swl/openvela/apps/examples/k7graph/vendor/ggml/src/ggml-impl.h:127:13: warning: 'void ggml_set_op_params_i32(ggml_tensor*, uint32_t, int32_t)' defined but not used [-Wunused-function]
  127 | static void ggml_set_op_params_i32(struct ggml_tensor * tensor, uint32_t i, int32_t value) {
      |             ^~~~~~~~~~~~~~~~~~~~~~
/home/swl/openvela/apps/examples/k7graph/vendor/ggml/src/ggml-impl.h:122:14: warning: 'float ggml_get_op_params_f32(const ggml_tensor*, uint32_t)' defined but not used [-Wunused-function]
  122 | static float ggml_get_op_params_f32(const struct ggml_tensor * tensor, uint32_t i) {
      |              ^~~~~~~~~~~~~~~~~~~~~~
/home/swl/openvela/apps/examples/k7graph/vendor/ggml/src/ggml-impl.h:117:16: warning: 'int32_t ggml_get_op_params_i32(const ggml_tensor*, uint32_t)' defined but not used [-Wunused-function]
  117 | static int32_t ggml_get_op_params_i32(const struct ggml_tensor * tensor, uint32_t i) {
      |                ^~~~~~~~~~~~~~~~~~~~~~
/home/swl/openvela/apps/examples/k7graph/vendor/ggml/src/ggml-impl.h:111:13: warning: 'void ggml_set_op_params(ggml_tensor*, const void*, size_t)' defined but not used [-Wunused-function]
  111 | static void ggml_set_op_params(struct ggml_tensor * tensor, const void * params, size_t params_size) {
      |             ^~~~~~~~~~~~~~~~~~
[1498/1644] Building C object apps/examples/k7graph/CMakeFiles/apps_k7graph.dir/vendor/ggml/src/ggml-cpu/ggml-cpu-quants.c.o
/home/swl/openvela/apps/examples/k7graph/vendor/ggml/src/ggml-cpu/ggml-cpu-quants.c:1835:5: warning: "__AVX__" is not defined, evaluates to 0 [-Wundef]
 1835 | #if __AVX__ || __AVX2__ || __AVX512F__
      |     ^~~~~~~
/home/swl/openvela/apps/examples/k7graph/vendor/ggml/src/ggml-cpu/ggml-cpu-quants.c:1835:16: warning: "__AVX2__" is not defined, evaluates to 0 [-Wundef]
 1835 | #if __AVX__ || __AVX2__ || __AVX512F__
      |                ^~~~~~~~
/home/swl/openvela/apps/examples/k7graph/vendor/ggml/src/ggml-cpu/ggml-cpu-quants.c:1835:28: warning: "__AVX512F__" is not defined, evaluates to 0 [-Wundef]
 1835 | #if __AVX__ || __AVX2__ || __AVX512F__
      |                            ^~~~~~~~~~~
/home/swl/openvela/apps/examples/k7graph/vendor/ggml/src/ggml-cpu/ggml-cpu-quants.c:1602:14: warning: 'make_qkx2_quants' defined but not used [-Wunused-function]
 1602 | static float make_qkx2_quants(int n, int nmax, const float * GGML_RESTRICT x, const float * GGML_RESTRICT weights,
      |              ^~~~~~~~~~~~~~~~
/home/swl/openvela/apps/examples/k7graph/vendor/ggml/src/ggml-cpu/ggml-cpu-quants.c:1559:14: warning: 'make_qkx1_quants' defined but not used [-Wunused-function]
 1559 | static float make_qkx1_quants(int n, int nmax, const float * GGML_RESTRICT x, uint8_t * GGML_RESTRICT L, float * GGML_RESTRICT the_min,
      |              ^~~~~~~~~~~~~~~~
/home/swl/openvela/apps/examples/k7graph/vendor/ggml/src/ggml-cpu/ggml-cpu-quants.c:1500:14: warning: 'make_q3_quants' defined but not used [-Wunused-function]
 1500 | static float make_q3_quants(int n, int nmax, const float * GGML_RESTRICT x, int8_t * GGML_RESTRICT L, bool do_rmse) {
      |              ^~~~~~~~~~~~~~
/home/swl/openvela/apps/examples/k7graph/vendor/ggml/src/ggml-cpu/ggml-cpu-quants.c:1431:14: warning: 'make_qx_quants' defined but not used [-Wunused-function]
 1431 | static float make_qx_quants(int n, int nmax, const float * GGML_RESTRICT x, int8_t * GGML_RESTRICT L, int rmse_type,
      |              ^~~~~~~~~~~~~~
In file included from /home/swl/openvela/apps/examples/k7graph/vendor/ggml/src/ggml-cpu/ggml-cpu-quants.c:6:
/home/swl/openvela/apps/examples/k7graph/vendor/ggml/src/ggml-impl.h:258:15: warning: 'ggml_hash_find_or_insert' defined but not used [-Wunused-function]
  258 | static size_t ggml_hash_find_or_insert(struct ggml_hash_set * hash_set, struct ggml_tensor * key) {
      |               ^~~~~~~~~~~~~~~~~~~~~~~~
/home/swl/openvela/apps/examples/k7graph/vendor/ggml/src/ggml-impl.h:237:15: warning: 'ggml_hash_insert' defined but not used [-Wunused-function]
  237 | static size_t ggml_hash_insert(struct ggml_hash_set * hash_set, struct ggml_tensor * key) {
      |               ^~~~~~~~~~~~~~~~
/home/swl/openvela/apps/examples/k7graph/vendor/ggml/src/ggml-impl.h:232:13: warning: 'ggml_hash_contains' defined but not used [-Wunused-function]
  232 | static bool ggml_hash_contains(const struct ggml_hash_set * hash_set, struct ggml_tensor * key) {
      |             ^~~~~~~~~~~~~~~~~~
/home/swl/openvela/apps/examples/k7graph/vendor/ggml/src/ggml-impl.h:163:15: warning: 'ggml_bitset_size' defined but not used [-Wunused-function]
  163 | static size_t ggml_bitset_size(size_t n) {
      |               ^~~~~~~~~~~~~~~~
/home/swl/openvela/apps/examples/k7graph/vendor/ggml/src/ggml-impl.h:132:13: warning: 'ggml_set_op_params_f32' defined but not used [-Wunused-function]
  132 | static void ggml_set_op_params_f32(struct ggml_tensor * tensor, uint32_t i, float value) {
      |             ^~~~~~~~~~~~~~~~~~~~~~
/home/swl/openvela/apps/examples/k7graph/vendor/ggml/src/ggml-impl.h:127:13: warning: 'ggml_set_op_params_i32' defined but not used [-Wunused-function]
  127 | static void ggml_set_op_params_i32(struct ggml_tensor * tensor, uint32_t i, int32_t value) {
      |             ^~~~~~~~~~~~~~~~~~~~~~
/home/swl/openvela/apps/examples/k7graph/vendor/ggml/src/ggml-impl.h:122:14: warning: 'ggml_get_op_params_f32' defined but not used [-Wunused-function]
  122 | static float ggml_get_op_params_f32(const struct ggml_tensor * tensor, uint32_t i) {
      |              ^~~~~~~~~~~~~~~~~~~~~~
/home/swl/openvela/apps/examples/k7graph/vendor/ggml/src/ggml-impl.h:117:16: warning: 'ggml_get_op_params_i32' defined but not used [-Wunused-function]
  117 | static int32_t ggml_get_op_params_i32(const struct ggml_tensor * tensor, uint32_t i) {
      |                ^~~~~~~~~~~~~~~~~~~~~~
/home/swl/openvela/apps/examples/k7graph/vendor/ggml/src/ggml-impl.h:111:13: warning: 'ggml_set_op_params' defined but not used [-Wunused-function]
  111 | static void ggml_set_op_params(struct ggml_tensor * tensor, const void * params, size_t params_size) {
      |             ^~~~~~~~~~~~~~~~~~
[1499/1644] Building C object apps/examples/k7graph/CMakeFiles/apps_k7graph.dir/candidate/ggml-cpu.c.o
/home/swl/openvela/apps/examples/k7graph/candidate/ggml-cpu.c: In function 'ggml_compute_forward_mul_mat':
/home/swl/openvela/apps/examples/k7graph/candidate/ggml-cpu.c:6788:5: warning: "GGML_USE_LLAMAFILE" is not defined, evaluates to 0 [-Wundef]
 6788 | #if GGML_USE_LLAMAFILE
      |     ^~~~~~~~~~~~~~~~~~
/home/swl/openvela/apps/examples/k7graph/candidate/ggml-cpu.c:6859:5: warning: "GGML_USE_LLAMAFILE" is not defined, evaluates to 0 [-Wundef]
 6859 | #if GGML_USE_LLAMAFILE
      |     ^~~~~~~~~~~~~~~~~~
/home/swl/openvela/apps/examples/k7graph/candidate/ggml-cpu.c: At top level:
/home/swl/openvela/apps/examples/k7graph/candidate/ggml-cpu.c:13203:13: warning: 'ggml_thread_cpumask_next' defined but not used [-Wunused-function]
13203 | static void ggml_thread_cpumask_next(const bool * global_mask, bool * local_mask, bool strict, int32_t* iter) {
      |             ^~~~~~~~~~~~~~~~~~~~~~~~
/home/swl/openvela/apps/examples/k7graph/candidate/ggml-cpu.c:2509:17: warning: 'ggml_get_numa_affinity' defined but not used [-Wunused-function]
 2509 | static uint32_t ggml_get_numa_affinity(void) {
      |                 ^~~~~~~~~~~~~~~~~~~~~~
In file included from /home/swl/openvela/apps/examples/k7graph/vendor/ggml/src/ggml-cpu/ggml-cpu-impl.h:6,
                 from /home/swl/openvela/apps/examples/k7graph/vendor/ggml/src/ggml-cpu/ggml-cpu-traits.h:3,
                 from /home/swl/openvela/apps/examples/k7graph/candidate/ggml-cpu.c:10:
/home/swl/openvela/apps/examples/k7graph/vendor/ggml/src/ggml-impl.h:258:15: warning: 'ggml_hash_find_or_insert' defined but not used [-Wunused-function]
  258 | static size_t ggml_hash_find_or_insert(struct ggml_hash_set * hash_set, struct ggml_tensor * key) {
      |               ^~~~~~~~~~~~~~~~~~~~~~~~
/home/swl/openvela/apps/examples/k7graph/vendor/ggml/src/ggml-impl.h:237:15: warning: 'ggml_hash_insert' defined but not used [-Wunused-function]
  237 | static size_t ggml_hash_insert(struct ggml_hash_set * hash_set, struct ggml_tensor * key) {
      |               ^~~~~~~~~~~~~~~~
/home/swl/openvela/apps/examples/k7graph/vendor/ggml/src/ggml-impl.h:232:13: warning: 'ggml_hash_contains' defined but not used [-Wunused-function]
  232 | static bool ggml_hash_contains(const struct ggml_hash_set * hash_set, struct ggml_tensor * key) {
      |             ^~~~~~~~~~~~~~~~~~
/home/swl/openvela/apps/examples/k7graph/vendor/ggml/src/ggml-impl.h:163:15: warning: 'ggml_bitset_size' defined but not used [-Wunused-function]
  163 | static size_t ggml_bitset_size(size_t n) {
      |               ^~~~~~~~~~~~~~~~
/home/swl/openvela/apps/examples/k7graph/vendor/ggml/src/ggml-impl.h:132:13: warning: 'ggml_set_op_params_f32' defined but not used [-Wunused-function]
  132 | static void ggml_set_op_params_f32(struct ggml_tensor * tensor, uint32_t i, float value) {
      |             ^~~~~~~~~~~~~~~~~~~~~~
/home/swl/openvela/apps/examples/k7graph/vendor/ggml/src/ggml-impl.h:127:13: warning: 'ggml_set_op_params_i32' defined but not used [-Wunused-function]
  127 | static void ggml_set_op_params_i32(struct ggml_tensor * tensor, uint32_t i, int32_t value) {
      |             ^~~~~~~~~~~~~~~~~~~~~~
/home/swl/openvela/apps/examples/k7graph/vendor/ggml/src/ggml-impl.h:111:13: warning: 'ggml_set_op_params' defined but not used [-Wunused-function]
  111 | static void ggml_set_op_params(struct ggml_tensor * tensor, const void * params, size_t params_size) {
      |             ^~~~~~~~~~~~~~~~~~
[1500/1644] Building CXX object apps/examples/k7graph/CMakeFiles/apps_k7graph.dir/vendor/ggml/src/ggml-cpu/ggml-cpu-aarch64.cpp.o
In file included from /home/swl/openvela/apps/examples/k7graph/vendor/ggml/src/ggml-backend-impl.h:5,
                 from /home/swl/openvela/apps/examples/k7graph/vendor/ggml/src/ggml-cpu/ggml-cpu-aarch64.cpp:4:
/home/swl/openvela/apps/examples/k7graph/vendor/ggml/include/ggml-backend.h:336:119: warning: 'ggml_backend_graph_copy ggml_backend_graph_copy(ggml_backend_t, ggml_cgraph*)' hides constructor for 'struct ggml_backend_graph_copy' [-Wshadow]
  336 |     GGML_API struct ggml_backend_graph_copy ggml_backend_graph_copy(ggml_backend_t backend, struct ggml_cgraph * graph);
      |                                                                                                                       ^
In file included from /home/swl/openvela/apps/examples/k7graph/vendor/ggml/src/ggml-cpu/ggml-cpu-aarch64.cpp:7:
/home/swl/openvela/apps/examples/k7graph/vendor/ggml/src/ggml-impl.h:258:15: warning: 'size_t ggml_hash_find_or_insert(ggml_hash_set*, ggml_tensor*)' defined but not used [-Wunused-function]
  258 | static size_t ggml_hash_find_or_insert(struct ggml_hash_set * hash_set, struct ggml_tensor * key) {
      |               ^~~~~~~~~~~~~~~~~~~~~~~~
/home/swl/openvela/apps/examples/k7graph/vendor/ggml/src/ggml-impl.h:237:15: warning: 'size_t ggml_hash_insert(ggml_hash_set*, ggml_tensor*)' defined but not used [-Wunused-function]
  237 | static size_t ggml_hash_insert(struct ggml_hash_set * hash_set, struct ggml_tensor * key) {
      |               ^~~~~~~~~~~~~~~~
/home/swl/openvela/apps/examples/k7graph/vendor/ggml/src/ggml-impl.h:232:13: warning: 'bool ggml_hash_contains(const ggml_hash_set*, ggml_tensor*)' defined but not used [-Wunused-function]
  232 | static bool ggml_hash_contains(const struct ggml_hash_set * hash_set, struct ggml_tensor * key) {
      |             ^~~~~~~~~~~~~~~~~~
/home/swl/openvela/apps/examples/k7graph/vendor/ggml/src/ggml-impl.h:163:15: warning: 'size_t ggml_bitset_size(size_t)' defined but not used [-Wunused-function]
  163 | static size_t ggml_bitset_size(size_t n) {
      |               ^~~~~~~~~~~~~~~~
/home/swl/openvela/apps/examples/k7graph/vendor/ggml/src/ggml-impl.h:132:13: warning: 'void ggml_set_op_params_f32(ggml_tensor*, uint32_t, float)' defined but not used [-Wunused-function]
  132 | static void ggml_set_op_params_f32(struct ggml_tensor * tensor, uint32_t i, float value) {
      |             ^~~~~~~~~~~~~~~~~~~~~~
/home/swl/openvela/apps/examples/k7graph/vendor/ggml/src/ggml-impl.h:127:13: warning: 'void ggml_set_op_params_i32(ggml_tensor*, uint32_t, int32_t)' defined but not used [-Wunused-function]
  127 | static void ggml_set_op_params_i32(struct ggml_tensor * tensor, uint32_t i, int32_t value) {
      |             ^~~~~~~~~~~~~~~~~~~~~~
/home/swl/openvela/apps/examples/k7graph/vendor/ggml/src/ggml-impl.h:122:14: warning: 'float ggml_get_op_params_f32(const ggml_tensor*, uint32_t)' defined but not used [-Wunused-function]
  122 | static float ggml_get_op_params_f32(const struct ggml_tensor * tensor, uint32_t i) {
      |              ^~~~~~~~~~~~~~~~~~~~~~
/home/swl/openvela/apps/examples/k7graph/vendor/ggml/src/ggml-impl.h:117:16: warning: 'int32_t ggml_get_op_params_i32(const ggml_tensor*, uint32_t)' defined but not used [-Wunused-function]
  117 | static int32_t ggml_get_op_params_i32(const struct ggml_tensor * tensor, uint32_t i) {
      |                ^~~~~~~~~~~~~~~~~~~~~~
/home/swl/openvela/apps/examples/k7graph/vendor/ggml/src/ggml-impl.h:111:13: warning: 'void ggml_set_op_params(ggml_tensor*, const void*, size_t)' defined but not used [-Wunused-function]
  111 | static void ggml_set_op_params(struct ggml_tensor * tensor, const void * params, size_t params_size) {
      |             ^~~~~~~~~~~~~~~~~~
[1501/1644] Building CXX object apps/examples/k7graph/CMakeFiles/apps_k7graph.dir/vendor/ggml/src/ggml-cpu/amx/amx.cpp.o
In file included from /home/swl/openvela/apps/examples/k7graph/vendor/ggml/src/ggml-cpu/amx/amx.h:1,
                 from /home/swl/openvela/apps/examples/k7graph/vendor/ggml/src/ggml-cpu/amx/amx.cpp:1:
/home/swl/openvela/apps/examples/k7graph/vendor/ggml/include/ggml-backend.h:336:119: warning: 'ggml_backend_graph_copy ggml_backend_graph_copy(ggml_backend_t, ggml_cgraph*)' hides constructor for 'struct ggml_backend_graph_copy' [-Wshadow]
  336 |     GGML_API struct ggml_backend_graph_copy ggml_backend_graph_copy(ggml_backend_t backend, struct ggml_cgraph * graph);
      |                                                                                                                       ^
In file included from /home/swl/openvela/apps/examples/k7graph/vendor/ggml/src/ggml-cpu/ggml-cpu-impl.h:6,
                 from /home/swl/openvela/apps/examples/k7graph/vendor/ggml/src/ggml-cpu/amx/amx.h:2:
/home/swl/openvela/apps/examples/k7graph/vendor/ggml/src/ggml-impl.h:258:15: warning: 'size_t ggml_hash_find_or_insert(ggml_hash_set*, ggml_tensor*)' defined but not used [-Wunused-function]
  258 | static size_t ggml_hash_find_or_insert(struct ggml_hash_set * hash_set, struct ggml_tensor * key) {
      |               ^~~~~~~~~~~~~~~~~~~~~~~~
/home/swl/openvela/apps/examples/k7graph/vendor/ggml/src/ggml-impl.h:237:15: warning: 'size_t ggml_hash_insert(ggml_hash_set*, ggml_tensor*)' defined but not used [-Wunused-function]
  237 | static size_t ggml_hash_insert(struct ggml_hash_set * hash_set, struct ggml_tensor * key) {
      |               ^~~~~~~~~~~~~~~~
/home/swl/openvela/apps/examples/k7graph/vendor/ggml/src/ggml-impl.h:232:13: warning: 'bool ggml_hash_contains(const ggml_hash_set*, ggml_tensor*)' defined but not used [-Wunused-function]
  232 | static bool ggml_hash_contains(const struct ggml_hash_set * hash_set, struct ggml_tensor * key) {
      |             ^~~~~~~~~~~~~~~~~~
/home/swl/openvela/apps/examples/k7graph/vendor/ggml/src/ggml-impl.h:163:15: warning: 'size_t ggml_bitset_size(size_t)' defined but not used [-Wunused-function]
  163 | static size_t ggml_bitset_size(size_t n) {
      |               ^~~~~~~~~~~~~~~~
/home/swl/openvela/apps/examples/k7graph/vendor/ggml/src/ggml-impl.h:132:13: warning: 'void ggml_set_op_params_f32(ggml_tensor*, uint32_t, float)' defined but not used [-Wunused-function]
  132 | static void ggml_set_op_params_f32(struct ggml_tensor * tensor, uint32_t i, float value) {
      |             ^~~~~~~~~~~~~~~~~~~~~~
/home/swl/openvela/apps/examples/k7graph/vendor/ggml/src/ggml-impl.h:127:13: warning: 'void ggml_set_op_params_i32(ggml_tensor*, uint32_t, int32_t)' defined but not used [-Wunused-function]
  127 | static void ggml_set_op_params_i32(struct ggml_tensor * tensor, uint32_t i, int32_t value) {
      |             ^~~~~~~~~~~~~~~~~~~~~~
/home/swl/openvela/apps/examples/k7graph/vendor/ggml/src/ggml-impl.h:122:14: warning: 'float ggml_get_op_params_f32(const ggml_tensor*, uint32_t)' defined but not used [-Wunused-function]
  122 | static float ggml_get_op_params_f32(const struct ggml_tensor * tensor, uint32_t i) {
      |              ^~~~~~~~~~~~~~~~~~~~~~
/home/swl/openvela/apps/examples/k7graph/vendor/ggml/src/ggml-impl.h:117:16: warning: 'int32_t ggml_get_op_params_i32(const ggml_tensor*, uint32_t)' defined but not used [-Wunused-function]
  117 | static int32_t ggml_get_op_params_i32(const struct ggml_tensor * tensor, uint32_t i) {
      |                ^~~~~~~~~~~~~~~~~~~~~~
/home/swl/openvela/apps/examples/k7graph/vendor/ggml/src/ggml-impl.h:111:13: warning: 'void ggml_set_op_params(ggml_tensor*, const void*, size_t)' defined but not used [-Wunused-function]
  111 | static void ggml_set_op_params(struct ggml_tensor * tensor, const void * params, size_t params_size) {
      |             ^~~~~~~~~~~~~~~~~~
[1502/1644] Building CXX object apps/examples/k7graph/CMakeFiles/apps_k7graph.dir/vendor/ggml/src/ggml-cpu/ggml-cpu-traits.cpp.o
In file included from /home/swl/openvela/apps/examples/k7graph/vendor/ggml/src/ggml-backend-impl.h:5,
                 from /home/swl/openvela/apps/examples/k7graph/vendor/ggml/src/ggml-cpu/ggml-cpu-traits.h:2,
                 from /home/swl/openvela/apps/examples/k7graph/vendor/ggml/src/ggml-cpu/ggml-cpu-traits.cpp:1:
/home/swl/openvela/apps/examples/k7graph/vendor/ggml/include/ggml-backend.h:336:119: warning: 'ggml_backend_graph_copy ggml_backend_graph_copy(ggml_backend_t, ggml_cgraph*)' hides constructor for 'struct ggml_backend_graph_copy' [-Wshadow]
  336 |     GGML_API struct ggml_backend_graph_copy ggml_backend_graph_copy(ggml_backend_t backend, struct ggml_cgraph * graph);
      |                                                                                                                       ^
In file included from /home/swl/openvela/apps/examples/k7graph/vendor/ggml/src/ggml-cpu/ggml-cpu-impl.h:6,
                 from /home/swl/openvela/apps/examples/k7graph/vendor/ggml/src/ggml-cpu/ggml-cpu-traits.h:3:
/home/swl/openvela/apps/examples/k7graph/vendor/ggml/src/ggml-impl.h:258:15: warning: 'size_t ggml_hash_find_or_insert(ggml_hash_set*, ggml_tensor*)' defined but not used [-Wunused-function]
  258 | static size_t ggml_hash_find_or_insert(struct ggml_hash_set * hash_set, struct ggml_tensor * key) {
      |               ^~~~~~~~~~~~~~~~~~~~~~~~
/home/swl/openvela/apps/examples/k7graph/vendor/ggml/src/ggml-impl.h:237:15: warning: 'size_t ggml_hash_insert(ggml_hash_set*, ggml_tensor*)' defined but not used [-Wunused-function]
  237 | static size_t ggml_hash_insert(struct ggml_hash_set * hash_set, struct ggml_tensor * key) {
      |               ^~~~~~~~~~~~~~~~
/home/swl/openvela/apps/examples/k7graph/vendor/ggml/src/ggml-impl.h:232:13: warning: 'bool ggml_hash_contains(const ggml_hash_set*, ggml_tensor*)' defined but not used [-Wunused-function]
  232 | static bool ggml_hash_contains(const struct ggml_hash_set * hash_set, struct ggml_tensor * key) {
      |             ^~~~~~~~~~~~~~~~~~
/home/swl/openvela/apps/examples/k7graph/vendor/ggml/src/ggml-impl.h:163:15: warning: 'size_t ggml_bitset_size(size_t)' defined but not used [-Wunused-function]
  163 | static size_t ggml_bitset_size(size_t n) {
      |               ^~~~~~~~~~~~~~~~
/home/swl/openvela/apps/examples/k7graph/vendor/ggml/src/ggml-impl.h:132:13: warning: 'void ggml_set_op_params_f32(ggml_tensor*, uint32_t, float)' defined but not used [-Wunused-function]
  132 | static void ggml_set_op_params_f32(struct ggml_tensor * tensor, uint32_t i, float value) {
      |             ^~~~~~~~~~~~~~~~~~~~~~
/home/swl/openvela/apps/examples/k7graph/vendor/ggml/src/ggml-impl.h:127:13: warning: 'void ggml_set_op_params_i32(ggml_tensor*, uint32_t, int32_t)' defined but not used [-Wunused-function]
  127 | static void ggml_set_op_params_i32(struct ggml_tensor * tensor, uint32_t i, int32_t value) {
      |             ^~~~~~~~~~~~~~~~~~~~~~
/home/swl/openvela/apps/examples/k7graph/vendor/ggml/src/ggml-impl.h:122:14: warning: 'float ggml_get_op_params_f32(const ggml_tensor*, uint32_t)' defined but not used [-Wunused-function]
  122 | static float ggml_get_op_params_f32(const struct ggml_tensor * tensor, uint32_t i) {
      |              ^~~~~~~~~~~~~~~~~~~~~~
/home/swl/openvela/apps/examples/k7graph/vendor/ggml/src/ggml-impl.h:117:16: warning: 'int32_t ggml_get_op_params_i32(const ggml_tensor*, uint32_t)' defined but not used [-Wunused-function]
  117 | static int32_t ggml_get_op_params_i32(const struct ggml_tensor * tensor, uint32_t i) {
      |                ^~~~~~~~~~~~~~~~~~~~~~
/home/swl/openvela/apps/examples/k7graph/vendor/ggml/src/ggml-impl.h:111:13: warning: 'void ggml_set_op_params(ggml_tensor*, const void*, size_t)' defined but not used [-Wunused-function]
  111 | static void ggml_set_op_params(struct ggml_tensor * tensor, const void * params, size_t params_size) {
      |             ^~~~~~~~~~~~~~~~~~
[1503/1644] Building CXX object apps/examples/k7graph/CMakeFiles/apps_k7graph.dir/vendor/ggml/src/ggml-cpu/amx/mmq.cpp.o
In file included from /home/swl/openvela/apps/examples/k7graph/vendor/ggml/src/ggml-cpu/amx/amx.h:1,
                 from /home/swl/openvela/apps/examples/k7graph/vendor/ggml/src/ggml-cpu/amx/mmq.cpp:7:
/home/swl/openvela/apps/examples/k7graph/vendor/ggml/include/ggml-backend.h:336:119: warning: 'ggml_backend_graph_copy ggml_backend_graph_copy(ggml_backend_t, ggml_cgraph*)' hides constructor for 'struct ggml_backend_graph_copy' [-Wshadow]
  336 |     GGML_API struct ggml_backend_graph_copy ggml_backend_graph_copy(ggml_backend_t backend, struct ggml_cgraph * graph);
      |                                                                                                                       ^
In file included from /home/swl/openvela/apps/examples/k7graph/vendor/ggml/src/ggml-cpu/ggml-cpu-impl.h:6,
                 from /home/swl/openvela/apps/examples/k7graph/vendor/ggml/src/ggml-cpu/amx/amx.h:2:
/home/swl/openvela/apps/examples/k7graph/vendor/ggml/src/ggml-impl.h:258:15: warning: 'size_t ggml_hash_find_or_insert(ggml_hash_set*, ggml_tensor*)' defined but not used [-Wunused-function]
  258 | static size_t ggml_hash_find_or_insert(struct ggml_hash_set * hash_set, struct ggml_tensor * key) {
      |               ^~~~~~~~~~~~~~~~~~~~~~~~
/home/swl/openvela/apps/examples/k7graph/vendor/ggml/src/ggml-impl.h:237:15: warning: 'size_t ggml_hash_insert(ggml_hash_set*, ggml_tensor*)' defined but not used [-Wunused-function]
  237 | static size_t ggml_hash_insert(struct ggml_hash_set * hash_set, struct ggml_tensor * key) {
      |               ^~~~~~~~~~~~~~~~
/home/swl/openvela/apps/examples/k7graph/vendor/ggml/src/ggml-impl.h:232:13: warning: 'bool ggml_hash_contains(const ggml_hash_set*, ggml_tensor*)' defined but not used [-Wunused-function]
  232 | static bool ggml_hash_contains(const struct ggml_hash_set * hash_set, struct ggml_tensor * key) {
      |             ^~~~~~~~~~~~~~~~~~
/home/swl/openvela/apps/examples/k7graph/vendor/ggml/src/ggml-impl.h:163:15: warning: 'size_t ggml_bitset_size(size_t)' defined but not used [-Wunused-function]
  163 | static size_t ggml_bitset_size(size_t n) {
      |               ^~~~~~~~~~~~~~~~
/home/swl/openvela/apps/examples/k7graph/vendor/ggml/src/ggml-impl.h:132:13: warning: 'void ggml_set_op_params_f32(ggml_tensor*, uint32_t, float)' defined but not used [-Wunused-function]
  132 | static void ggml_set_op_params_f32(struct ggml_tensor * tensor, uint32_t i, float value) {
      |             ^~~~~~~~~~~~~~~~~~~~~~
/home/swl/openvela/apps/examples/k7graph/vendor/ggml/src/ggml-impl.h:127:13: warning: 'void ggml_set_op_params_i32(ggml_tensor*, uint32_t, int32_t)' defined but not used [-Wunused-function]
  127 | static void ggml_set_op_params_i32(struct ggml_tensor * tensor, uint32_t i, int32_t value) {
      |             ^~~~~~~~~~~~~~~~~~~~~~
/home/swl/openvela/apps/examples/k7graph/vendor/ggml/src/ggml-impl.h:122:14: warning: 'float ggml_get_op_params_f32(const ggml_tensor*, uint32_t)' defined but not used [-Wunused-function]
  122 | static float ggml_get_op_params_f32(const struct ggml_tensor * tensor, uint32_t i) {
      |              ^~~~~~~~~~~~~~~~~~~~~~
/home/swl/openvela/apps/examples/k7graph/vendor/ggml/src/ggml-impl.h:117:16: warning: 'int32_t ggml_get_op_params_i32(const ggml_tensor*, uint32_t)' defined but not used [-Wunused-function]
  117 | static int32_t ggml_get_op_params_i32(const struct ggml_tensor * tensor, uint32_t i) {
      |                ^~~~~~~~~~~~~~~~~~~~~~
/home/swl/openvela/apps/examples/k7graph/vendor/ggml/src/ggml-impl.h:111:13: warning: 'void ggml_set_op_params(ggml_tensor*, const void*, size_t)' defined but not used [-Wunused-function]
  111 | static void ggml_set_op_params(struct ggml_tensor * tensor, const void * params, size_t params_size) {
      |             ^~~~~~~~~~~~~~~~~~
[1504/1644] Building CXX object apps/examples/k7graph/CMakeFiles/apps_k7graph.dir/vendor/ggml/src/gguf.cpp.o
In file included from /home/swl/openvela/apps/examples/k7graph/vendor/ggml/src/gguf.cpp:2:
/home/swl/openvela/apps/examples/k7graph/vendor/ggml/include/ggml-backend.h:336:119: warning: 'ggml_backend_graph_copy ggml_backend_graph_copy(ggml_backend_t, ggml_cgraph*)' hides constructor for 'struct ggml_backend_graph_copy' [-Wshadow]
  336 |     GGML_API struct ggml_backend_graph_copy ggml_backend_graph_copy(ggml_backend_t backend, struct ggml_cgraph * graph);
      |                                                                                                                       ^
/home/swl/openvela/apps/examples/k7graph/vendor/ggml/src/gguf.cpp: In constructor 'gguf_kv::gguf_kv(const std::__1::string&, T)':
/home/swl/openvela/apps/examples/k7graph/vendor/ggml/src/gguf.cpp:130:33: warning: declaration of 'key' shadows a member of 'gguf_kv' [-Wshadow]
  130 |     gguf_kv(const std::string & key, const T value)
      |             ~~~~~~~~~~~~~~~~~~~~^~~
/home/swl/openvela/apps/examples/k7graph/vendor/ggml/src/gguf.cpp:121:17: note: shadowed declaration is here
  121 |     std::string key;
      |                 ^~~
/home/swl/openvela/apps/examples/k7graph/vendor/ggml/src/gguf.cpp: In constructor 'gguf_kv::gguf_kv(const std::__1::string&, const std::__1::vector<T>&)':
/home/swl/openvela/apps/examples/k7graph/vendor/ggml/src/gguf.cpp:138:33: warning: declaration of 'key' shadows a member of 'gguf_kv' [-Wshadow]
  138 |     gguf_kv(const std::string & key, const std::vector<T> & value)
      |             ~~~~~~~~~~~~~~~~~~~~^~~
/home/swl/openvela/apps/examples/k7graph/vendor/ggml/src/gguf.cpp:121:17: note: shadowed declaration is here
  121 |     std::string key;
      |                 ^~~
/home/swl/openvela/apps/examples/k7graph/vendor/ggml/src/gguf.cpp: In constructor 'gguf_kv::gguf_kv(const std::__1::string&, const std::__1::string&)':
/home/swl/openvela/apps/examples/k7graph/vendor/ggml/src/gguf.cpp:148:33: warning: declaration of 'key' shadows a member of 'gguf_kv' [-Wshadow]
  148 |     gguf_kv(const std::string & key, const std::string & value)
      |             ~~~~~~~~~~~~~~~~~~~~^~~
/home/swl/openvela/apps/examples/k7graph/vendor/ggml/src/gguf.cpp:121:17: note: shadowed declaration is here
  121 |     std::string key;
      |                 ^~~
/home/swl/openvela/apps/examples/k7graph/vendor/ggml/src/gguf.cpp: In constructor 'gguf_kv::gguf_kv(const std::__1::string&, const std::__1::string&)':
/home/swl/openvela/apps/examples/k7graph/vendor/ggml/src/gguf.cpp:148:33: warning: declaration of 'key' shadows a member of 'gguf_kv' [-Wshadow]
  148 |     gguf_kv(const std::string & key, const std::string & value)
      |             ~~~~~~~~~~~~~~~~~~~~^~~
/home/swl/openvela/apps/examples/k7graph/vendor/ggml/src/gguf.cpp:121:17: note: shadowed declaration is here
  121 |     std::string key;
      |                 ^~~
/home/swl/openvela/apps/examples/k7graph/vendor/ggml/src/gguf.cpp: In constructor 'gguf_kv::gguf_kv(const std::__1::string&, const std::__1::string&)':
/home/swl/openvela/apps/examples/k7graph/vendor/ggml/src/gguf.cpp:148:33: warning: declaration of 'key' shadows a member of 'gguf_kv' [-Wshadow]
  148 |     gguf_kv(const std::string & key, const std::string & value)
      |             ~~~~~~~~~~~~~~~~~~~~^~~
/home/swl/openvela/apps/examples/k7graph/vendor/ggml/src/gguf.cpp:121:17: note: shadowed declaration is here
  121 |     std::string key;
      |                 ^~~
/home/swl/openvela/apps/examples/k7graph/vendor/ggml/src/gguf.cpp: In constructor 'gguf_kv::gguf_kv(const std::__1::string&, const std::__1::vector<std::__1::basic_string<char> >&)':
/home/swl/openvela/apps/examples/k7graph/vendor/ggml/src/gguf.cpp:154:33: warning: declaration of 'key' shadows a member of 'gguf_kv' [-Wshadow]
  154 |     gguf_kv(const std::string & key, const std::vector<std::string> & value)
      |             ~~~~~~~~~~~~~~~~~~~~^~~
/home/swl/openvela/apps/examples/k7graph/vendor/ggml/src/gguf.cpp:121:17: note: shadowed declaration is here
  121 |     std::string key;
      |                 ^~~
/home/swl/openvela/apps/examples/k7graph/vendor/ggml/src/gguf.cpp: In constructor 'gguf_kv::gguf_kv(const std::__1::string&, const std::__1::vector<std::__1::basic_string<char> >&)':
/home/swl/openvela/apps/examples/k7graph/vendor/ggml/src/gguf.cpp:154:33: warning: declaration of 'key' shadows a member of 'gguf_kv' [-Wshadow]
  154 |     gguf_kv(const std::string & key, const std::vector<std::string> & value)
      |             ~~~~~~~~~~~~~~~~~~~~^~~
/home/swl/openvela/apps/examples/k7graph/vendor/ggml/src/gguf.cpp:121:17: note: shadowed declaration is here
  121 |     std::string key;
      |                 ^~~
/home/swl/openvela/apps/examples/k7graph/vendor/ggml/src/gguf.cpp: In constructor 'gguf_kv::gguf_kv(const std::__1::string&, const std::__1::vector<std::__1::basic_string<char> >&)':
/home/swl/openvela/apps/examples/k7graph/vendor/ggml/src/gguf.cpp:154:33: warning: declaration of 'key' shadows a member of 'gguf_kv' [-Wshadow]
  154 |     gguf_kv(const std::string & key, const std::vector<std::string> & value)
      |             ~~~~~~~~~~~~~~~~~~~~^~~
/home/swl/openvela/apps/examples/k7graph/vendor/ggml/src/gguf.cpp:121:17: note: shadowed declaration is here
  121 |     std::string key;
      |                 ^~~
/home/swl/openvela/apps/examples/k7graph/vendor/ggml/src/gguf.cpp: In constructor 'gguf_reader::gguf_reader(FILE*)':
/home/swl/openvela/apps/examples/k7graph/vendor/ggml/src/gguf.cpp:222:24: warning: declaration of 'file' shadows a member of 'gguf_reader' [-Wshadow]
  222 |     gguf_reader(FILE * file) : file(file) {}
      |                 ~~~~~~~^~~~
/home/swl/openvela/apps/examples/k7graph/vendor/ggml/src/gguf.cpp:220:12: note: shadowed declaration is here
  220 |     FILE * file;
      |            ^~~~
/home/swl/openvela/apps/examples/k7graph/vendor/ggml/src/gguf.cpp: In constructor 'gguf_reader::gguf_reader(FILE*)':
/home/swl/openvela/apps/examples/k7graph/vendor/ggml/src/gguf.cpp:222:24: warning: declaration of 'file' shadows a member of 'gguf_reader' [-Wshadow]
  222 |     gguf_reader(FILE * file) : file(file) {}
      |                 ~~~~~~~^~~~
/home/swl/openvela/apps/examples/k7graph/vendor/ggml/src/gguf.cpp:220:12: note: shadowed declaration is here
  220 |     FILE * file;
      |            ^~~~
/home/swl/openvela/apps/examples/k7graph/vendor/ggml/src/gguf.cpp: In constructor 'gguf_reader::gguf_reader(FILE*)':
/home/swl/openvela/apps/examples/k7graph/vendor/ggml/src/gguf.cpp:222:24: warning: declaration of 'file' shadows a member of 'gguf_reader' [-Wshadow]
  222 |     gguf_reader(FILE * file) : file(file) {}
      |                 ~~~~~~~^~~~
/home/swl/openvela/apps/examples/k7graph/vendor/ggml/src/gguf.cpp:220:12: note: shadowed declaration is here
  220 |     FILE * file;
      |            ^~~~
/home/swl/openvela/apps/examples/k7graph/vendor/ggml/src/gguf.cpp: In function 'gguf_context* gguf_init_from_file_impl(FILE*, gguf_init_params)':
/home/swl/openvela/apps/examples/k7graph/vendor/ggml/src/gguf.cpp:366:29: warning: format '%zu' expects argument of type 'size_t', but argument 5 has type 'long long unsigned int' [-Wformat=]
  366 |             fprintf(stderr, "%s: number of tensors is %" PRIi64 " but must be in [0, %zu]\n",
      |                             ^~~~~~~~~~~~~~~~~~~~~~~~~~~~~~~~~~~~~~~~~~~~~~~~~~~~~~~~~~~~~~~~
/home/swl/openvela/apps/examples/k7graph/vendor/ggml/src/gguf.cpp:377:29: warning: format '%zu' expects argument of type 'size_t', but argument 5 has type 'long long unsigned int' [-Wformat=]
  377 |             fprintf(stderr, "%s: number of key value pairs is %" PRIi64 " but must be in [0, %zu]\n",
      |                             ^~~~~~~~~~~~~~~~~~~~~~~~~~~~~~~~~~~~~~~~~~~~~~~~~~~~~~~~~~~~~~~~~~~~~~~~
/home/swl/openvela/apps/examples/k7graph/vendor/ggml/src/gguf.cpp: In constructor 'gguf_writer::gguf_writer(std::__1::vector<signed char>&)':
/home/swl/openvela/apps/examples/k7graph/vendor/ggml/src/gguf.cpp:1144:39: warning: declaration of 'buf' shadows a member of 'gguf_writer' [-Wshadow]
 1144 |     gguf_writer(std::vector<int8_t> & buf) : buf(buf) {}
      |                 ~~~~~~~~~~~~~~~~~~~~~~^~~
/home/swl/openvela/apps/examples/k7graph/vendor/ggml/src/gguf.cpp:1142:27: note: shadowed declaration is here
 1142 |     std::vector<int8_t> & buf;
      |                           ^~~
/home/swl/openvela/apps/examples/k7graph/vendor/ggml/src/gguf.cpp: In constructor 'gguf_writer::gguf_writer(std::__1::vector<signed char>&)':
/home/swl/openvela/apps/examples/k7graph/vendor/ggml/src/gguf.cpp:1144:39: warning: declaration of 'buf' shadows a member of 'gguf_writer' [-Wshadow]
 1144 |     gguf_writer(std::vector<int8_t> & buf) : buf(buf) {}
      |                 ~~~~~~~~~~~~~~~~~~~~~~^~~
/home/swl/openvela/apps/examples/k7graph/vendor/ggml/src/gguf.cpp:1142:27: note: shadowed declaration is here
 1142 |     std::vector<int8_t> & buf;
      |                           ^~~
/home/swl/openvela/apps/examples/k7graph/vendor/ggml/src/gguf.cpp: In constructor 'gguf_writer::gguf_writer(std::__1::vector<signed char>&)':
/home/swl/openvela/apps/examples/k7graph/vendor/ggml/src/gguf.cpp:1144:39: warning: declaration of 'buf' shadows a member of 'gguf_writer' [-Wshadow]
 1144 |     gguf_writer(std::vector<int8_t> & buf) : buf(buf) {}
      |                 ~~~~~~~~~~~~~~~~~~~~~~^~~
/home/swl/openvela/apps/examples/k7graph/vendor/ggml/src/gguf.cpp:1142:27: note: shadowed declaration is here
 1142 |     std::vector<int8_t> & buf;
      |                           ^~~
In file included from /home/swl/openvela/apps/examples/k7graph/vendor/ggml/src/gguf.cpp:3:
/home/swl/openvela/apps/examples/k7graph/vendor/ggml/src/ggml-impl.h: At global scope:
/home/swl/openvela/apps/examples/k7graph/vendor/ggml/src/ggml-impl.h:258:15: warning: 'size_t ggml_hash_find_or_insert(ggml_hash_set*, ggml_tensor*)' defined but not used [-Wunused-function]
  258 | static size_t ggml_hash_find_or_insert(struct ggml_hash_set * hash_set, struct ggml_tensor * key) {
      |               ^~~~~~~~~~~~~~~~~~~~~~~~
/home/swl/openvela/apps/examples/k7graph/vendor/ggml/src/ggml-impl.h:237:15: warning: 'size_t ggml_hash_insert(ggml_hash_set*, ggml_tensor*)' defined but not used [-Wunused-function]
  237 | static size_t ggml_hash_insert(struct ggml_hash_set * hash_set, struct ggml_tensor * key) {
      |               ^~~~~~~~~~~~~~~~
/home/swl/openvela/apps/examples/k7graph/vendor/ggml/src/ggml-impl.h:232:13: warning: 'bool ggml_hash_contains(const ggml_hash_set*, ggml_tensor*)' defined but not used [-Wunused-function]
  232 | static bool ggml_hash_contains(const struct ggml_hash_set * hash_set, struct ggml_tensor * key) {
      |             ^~~~~~~~~~~~~~~~~~
/home/swl/openvela/apps/examples/k7graph/vendor/ggml/src/ggml-impl.h:163:15: warning: 'size_t ggml_bitset_size(size_t)' defined but not used [-Wunused-function]
  163 | static size_t ggml_bitset_size(size_t n) {
      |               ^~~~~~~~~~~~~~~~
/home/swl/openvela/apps/examples/k7graph/vendor/ggml/src/ggml-impl.h:132:13: warning: 'void ggml_set_op_params_f32(ggml_tensor*, uint32_t, float)' defined but not used [-Wunused-function]
  132 | static void ggml_set_op_params_f32(struct ggml_tensor * tensor, uint32_t i, float value) {
      |             ^~~~~~~~~~~~~~~~~~~~~~
/home/swl/openvela/apps/examples/k7graph/vendor/ggml/src/ggml-impl.h:127:13: warning: 'void ggml_set_op_params_i32(ggml_tensor*, uint32_t, int32_t)' defined but not used [-Wunused-function]
  127 | static void ggml_set_op_params_i32(struct ggml_tensor * tensor, uint32_t i, int32_t value) {
      |             ^~~~~~~~~~~~~~~~~~~~~~
/home/swl/openvela/apps/examples/k7graph/vendor/ggml/src/ggml-impl.h:122:14: warning: 'float ggml_get_op_params_f32(const ggml_tensor*, uint32_t)' defined but not used [-Wunused-function]
  122 | static float ggml_get_op_params_f32(const struct ggml_tensor * tensor, uint32_t i) {
      |              ^~~~~~~~~~~~~~~~~~~~~~
/home/swl/openvela/apps/examples/k7graph/vendor/ggml/src/ggml-impl.h:117:16: warning: 'int32_t ggml_get_op_params_i32(const ggml_tensor*, uint32_t)' defined but not used [-Wunused-function]
  117 | static int32_t ggml_get_op_params_i32(const struct ggml_tensor * tensor, uint32_t i) {
      |                ^~~~~~~~~~~~~~~~~~~~~~
/home/swl/openvela/apps/examples/k7graph/vendor/ggml/src/ggml-impl.h:111:13: warning: 'void ggml_set_op_params(ggml_tensor*, const void*, size_t)' defined but not used [-Wunused-function]
  111 | static void ggml_set_op_params(struct ggml_tensor * tensor, const void * params, size_t params_size) {
      |             ^~~~~~~~~~~~~~~~~~
[1505/1644] Building C object apps/examples/k7host/CMakeFiles/apps_k7host.dir/k7host_main.c.o
[1506/1644] Building C object apps/examples/k7host/CMakeFiles/apps_k7host.dir/k7_jpeg.c.o
[1507/1644] Building CXX object apps/examples/k7graph/CMakeFiles/apps_k7graph.dir/vendor/ggml/src/ggml-cpu/binary-ops.cpp.o
In file included from /home/swl/openvela/apps/examples/k7graph/vendor/ggml/src/ggml-backend-impl.h:5,
                 from /home/swl/openvela/apps/examples/k7graph/vendor/ggml/src/ggml-cpu/ggml-cpu-traits.h:2,
                 from /home/swl/openvela/apps/examples/k7graph/vendor/ggml/src/ggml-cpu/common.h:4,
                 from /home/swl/openvela/apps/examples/k7graph/vendor/ggml/src/ggml-cpu/binary-ops.h:3,
                 from /home/swl/openvela/apps/examples/k7graph/vendor/ggml/src/ggml-cpu/binary-ops.cpp:1:
/home/swl/openvela/apps/examples/k7graph/vendor/ggml/include/ggml-backend.h:336:119: warning: 'ggml_backend_graph_copy ggml_backend_graph_copy(ggml_backend_t, ggml_cgraph*)' hides constructor for 'struct ggml_backend_graph_copy' [-Wshadow]
  336 |     GGML_API struct ggml_backend_graph_copy ggml_backend_graph_copy(ggml_backend_t backend, struct ggml_cgraph * graph);
      |                                                                                                                       ^
In file included from /home/swl/openvela/apps/examples/k7graph/vendor/ggml/src/ggml-cpu/ggml-cpu-impl.h:6,
                 from /home/swl/openvela/apps/examples/k7graph/vendor/ggml/src/ggml-cpu/ggml-cpu-traits.h:3:
/home/swl/openvela/apps/examples/k7graph/vendor/ggml/src/ggml-impl.h:258:15: warning: 'size_t ggml_hash_find_or_insert(ggml_hash_set*, ggml_tensor*)' defined but not used [-Wunused-function]
  258 | static size_t ggml_hash_find_or_insert(struct ggml_hash_set * hash_set, struct ggml_tensor * key) {
      |               ^~~~~~~~~~~~~~~~~~~~~~~~
/home/swl/openvela/apps/examples/k7graph/vendor/ggml/src/ggml-impl.h:237:15: warning: 'size_t ggml_hash_insert(ggml_hash_set*, ggml_tensor*)' defined but not used [-Wunused-function]
  237 | static size_t ggml_hash_insert(struct ggml_hash_set * hash_set, struct ggml_tensor * key) {
      |               ^~~~~~~~~~~~~~~~
/home/swl/openvela/apps/examples/k7graph/vendor/ggml/src/ggml-impl.h:232:13: warning: 'bool ggml_hash_contains(const ggml_hash_set*, ggml_tensor*)' defined but not used [-Wunused-function]
  232 | static bool ggml_hash_contains(const struct ggml_hash_set * hash_set, struct ggml_tensor * key) {
      |             ^~~~~~~~~~~~~~~~~~
/home/swl/openvela/apps/examples/k7graph/vendor/ggml/src/ggml-impl.h:163:15: warning: 'size_t ggml_bitset_size(size_t)' defined but not used [-Wunused-function]
  163 | static size_t ggml_bitset_size(size_t n) {
      |               ^~~~~~~~~~~~~~~~
/home/swl/openvela/apps/examples/k7graph/vendor/ggml/src/ggml-impl.h:132:13: warning: 'void ggml_set_op_params_f32(ggml_tensor*, uint32_t, float)' defined but not used [-Wunused-function]
  132 | static void ggml_set_op_params_f32(struct ggml_tensor * tensor, uint32_t i, float value) {
      |             ^~~~~~~~~~~~~~~~~~~~~~
/home/swl/openvela/apps/examples/k7graph/vendor/ggml/src/ggml-impl.h:127:13: warning: 'void ggml_set_op_params_i32(ggml_tensor*, uint32_t, int32_t)' defined but not used [-Wunused-function]
  127 | static void ggml_set_op_params_i32(struct ggml_tensor * tensor, uint32_t i, int32_t value) {
      |             ^~~~~~~~~~~~~~~~~~~~~~
/home/swl/openvela/apps/examples/k7graph/vendor/ggml/src/ggml-impl.h:122:14: warning: 'float ggml_get_op_params_f32(const ggml_tensor*, uint32_t)' defined but not used [-Wunused-function]
  122 | static float ggml_get_op_params_f32(const struct ggml_tensor * tensor, uint32_t i) {
      |              ^~~~~~~~~~~~~~~~~~~~~~
/home/swl/openvela/apps/examples/k7graph/vendor/ggml/src/ggml-impl.h:117:16: warning: 'int32_t ggml_get_op_params_i32(const ggml_tensor*, uint32_t)' defined but not used [-Wunused-function]
  117 | static int32_t ggml_get_op_params_i32(const struct ggml_tensor * tensor, uint32_t i) {
      |                ^~~~~~~~~~~~~~~~~~~~~~
/home/swl/openvela/apps/examples/k7graph/vendor/ggml/src/ggml-impl.h:111:13: warning: 'void ggml_set_op_params(ggml_tensor*, const void*, size_t)' defined but not used [-Wunused-function]
  111 | static void ggml_set_op_params(struct ggml_tensor * tensor, const void * params, size_t params_size) {
      |             ^~~~~~~~~~~~~~~~~~
[1508/1644] Building C object apps/examples/k7host/CMakeFiles/apps_k7host.dir/k7_pipeline.c.o
[1509/1644] Building CXX object apps/examples/k7graph/CMakeFiles/apps_k7graph.dir/candidate/ggml-backend-reg.cpp.o
In file included from /home/swl/openvela/apps/examples/k7graph/vendor/ggml/src/ggml-backend-impl.h:5,
                 from /home/swl/openvela/apps/examples/k7graph/candidate/ggml-backend-reg.cpp:1:
/home/swl/openvela/apps/examples/k7graph/vendor/ggml/include/ggml-backend.h:336:119: warning: 'ggml_backend_graph_copy ggml_backend_graph_copy(ggml_backend_t, ggml_cgraph*)' hides constructor for 'struct ggml_backend_graph_copy' [-Wshadow]
  336 |     GGML_API struct ggml_backend_graph_copy ggml_backend_graph_copy(ggml_backend_t backend, struct ggml_cgraph * graph);
      |                                                                                                                       ^
In file included from /home/swl/openvela/apps/examples/k7graph/candidate/ggml-backend-reg.cpp:3:
/home/swl/openvela/apps/examples/k7graph/vendor/ggml/src/ggml-impl.h:258:15: warning: 'size_t ggml_hash_find_or_insert(ggml_hash_set*, ggml_tensor*)' defined but not used [-Wunused-function]
  258 | static size_t ggml_hash_find_or_insert(struct ggml_hash_set * hash_set, struct ggml_tensor * key) {
      |               ^~~~~~~~~~~~~~~~~~~~~~~~
/home/swl/openvela/apps/examples/k7graph/vendor/ggml/src/ggml-impl.h:237:15: warning: 'size_t ggml_hash_insert(ggml_hash_set*, ggml_tensor*)' defined but not used [-Wunused-function]
  237 | static size_t ggml_hash_insert(struct ggml_hash_set * hash_set, struct ggml_tensor * key) {
      |               ^~~~~~~~~~~~~~~~
/home/swl/openvela/apps/examples/k7graph/vendor/ggml/src/ggml-impl.h:232:13: warning: 'bool ggml_hash_contains(const ggml_hash_set*, ggml_tensor*)' defined but not used [-Wunused-function]
  232 | static bool ggml_hash_contains(const struct ggml_hash_set * hash_set, struct ggml_tensor * key) {
      |             ^~~~~~~~~~~~~~~~~~
/home/swl/openvela/apps/examples/k7graph/vendor/ggml/src/ggml-impl.h:163:15: warning: 'size_t ggml_bitset_size(size_t)' defined but not used [-Wunused-function]
  163 | static size_t ggml_bitset_size(size_t n) {
      |               ^~~~~~~~~~~~~~~~
/home/swl/openvela/apps/examples/k7graph/vendor/ggml/src/ggml-impl.h:132:13: warning: 'void ggml_set_op_params_f32(ggml_tensor*, uint32_t, float)' defined but not used [-Wunused-function]
  132 | static void ggml_set_op_params_f32(struct ggml_tensor * tensor, uint32_t i, float value) {
      |             ^~~~~~~~~~~~~~~~~~~~~~
/home/swl/openvela/apps/examples/k7graph/vendor/ggml/src/ggml-impl.h:127:13: warning: 'void ggml_set_op_params_i32(ggml_tensor*, uint32_t, int32_t)' defined but not used [-Wunused-function]
  127 | static void ggml_set_op_params_i32(struct ggml_tensor * tensor, uint32_t i, int32_t value) {
      |             ^~~~~~~~~~~~~~~~~~~~~~
/home/swl/openvela/apps/examples/k7graph/vendor/ggml/src/ggml-impl.h:122:14: warning: 'float ggml_get_op_params_f32(const ggml_tensor*, uint32_t)' defined but not used [-Wunused-function]
  122 | static float ggml_get_op_params_f32(const struct ggml_tensor * tensor, uint32_t i) {
      |              ^~~~~~~~~~~~~~~~~~~~~~
/home/swl/openvela/apps/examples/k7graph/vendor/ggml/src/ggml-impl.h:117:16: warning: 'int32_t ggml_get_op_params_i32(const ggml_tensor*, uint32_t)' defined but not used [-Wunused-function]
  117 | static int32_t ggml_get_op_params_i32(const struct ggml_tensor * tensor, uint32_t i) {
      |                ^~~~~~~~~~~~~~~~~~~~~~
/home/swl/openvela/apps/examples/k7graph/vendor/ggml/src/ggml-impl.h:111:13: warning: 'void ggml_set_op_params(ggml_tensor*, const void*, size_t)' defined but not used [-Wunused-function]
  111 | static void ggml_set_op_params(struct ggml_tensor * tensor, const void * params, size_t params_size) {
      |             ^~~~~~~~~~~~~~~~~~
[1510/1644] Building C object apps/examples/k7host/CMakeFiles/apps_k7host.dir/k7_photo.c.o
[1511/1644] Building CXX object apps/examples/k7graph/CMakeFiles/apps_k7graph.dir/vendor/ggml/src/ggml-cpu/unary-ops.cpp.o
In file included from /home/swl/openvela/apps/examples/k7graph/vendor/ggml/src/ggml-backend-impl.h:5,
                 from /home/swl/openvela/apps/examples/k7graph/vendor/ggml/src/ggml-cpu/ggml-cpu-traits.h:2,
                 from /home/swl/openvela/apps/examples/k7graph/vendor/ggml/src/ggml-cpu/common.h:4,
                 from /home/swl/openvela/apps/examples/k7graph/vendor/ggml/src/ggml-cpu/unary-ops.h:3,
                 from /home/swl/openvela/apps/examples/k7graph/vendor/ggml/src/ggml-cpu/unary-ops.cpp:1:
/home/swl/openvela/apps/examples/k7graph/vendor/ggml/include/ggml-backend.h:336:119: warning: 'ggml_backend_graph_copy ggml_backend_graph_copy(ggml_backend_t, ggml_cgraph*)' hides constructor for 'struct ggml_backend_graph_copy' [-Wshadow]
  336 |     GGML_API struct ggml_backend_graph_copy ggml_backend_graph_copy(ggml_backend_t backend, struct ggml_cgraph * graph);
      |                                                                                                                       ^
In file included from /home/swl/openvela/apps/examples/k7graph/vendor/ggml/src/ggml-cpu/ggml-cpu-impl.h:6,
                 from /home/swl/openvela/apps/examples/k7graph/vendor/ggml/src/ggml-cpu/ggml-cpu-traits.h:3:
/home/swl/openvela/apps/examples/k7graph/vendor/ggml/src/ggml-impl.h:258:15: warning: 'size_t ggml_hash_find_or_insert(ggml_hash_set*, ggml_tensor*)' defined but not used [-Wunused-function]
  258 | static size_t ggml_hash_find_or_insert(struct ggml_hash_set * hash_set, struct ggml_tensor * key) {
      |               ^~~~~~~~~~~~~~~~~~~~~~~~
/home/swl/openvela/apps/examples/k7graph/vendor/ggml/src/ggml-impl.h:237:15: warning: 'size_t ggml_hash_insert(ggml_hash_set*, ggml_tensor*)' defined but not used [-Wunused-function]
  237 | static size_t ggml_hash_insert(struct ggml_hash_set * hash_set, struct ggml_tensor * key) {
      |               ^~~~~~~~~~~~~~~~
/home/swl/openvela/apps/examples/k7graph/vendor/ggml/src/ggml-impl.h:232:13: warning: 'bool ggml_hash_contains(const ggml_hash_set*, ggml_tensor*)' defined but not used [-Wunused-function]
  232 | static bool ggml_hash_contains(const struct ggml_hash_set * hash_set, struct ggml_tensor * key) {
      |             ^~~~~~~~~~~~~~~~~~
/home/swl/openvela/apps/examples/k7graph/vendor/ggml/src/ggml-impl.h:163:15: warning: 'size_t ggml_bitset_size(size_t)' defined but not used [-Wunused-function]
  163 | static size_t ggml_bitset_size(size_t n) {
      |               ^~~~~~~~~~~~~~~~
/home/swl/openvela/apps/examples/k7graph/vendor/ggml/src/ggml-impl.h:132:13: warning: 'void ggml_set_op_params_f32(ggml_tensor*, uint32_t, float)' defined but not used [-Wunused-function]
  132 | static void ggml_set_op_params_f32(struct ggml_tensor * tensor, uint32_t i, float value) {
      |             ^~~~~~~~~~~~~~~~~~~~~~
/home/swl/openvela/apps/examples/k7graph/vendor/ggml/src/ggml-impl.h:127:13: warning: 'void ggml_set_op_params_i32(ggml_tensor*, uint32_t, int32_t)' defined but not used [-Wunused-function]
  127 | static void ggml_set_op_params_i32(struct ggml_tensor * tensor, uint32_t i, int32_t value) {
      |             ^~~~~~~~~~~~~~~~~~~~~~
/home/swl/openvela/apps/examples/k7graph/vendor/ggml/src/ggml-impl.h:122:14: warning: 'float ggml_get_op_params_f32(const ggml_tensor*, uint32_t)' defined but not used [-Wunused-function]
  122 | static float ggml_get_op_params_f32(const struct ggml_tensor * tensor, uint32_t i) {
      |              ^~~~~~~~~~~~~~~~~~~~~~
/home/swl/openvela/apps/examples/k7graph/vendor/ggml/src/ggml-impl.h:117:16: warning: 'int32_t ggml_get_op_params_i32(const ggml_tensor*, uint32_t)' defined but not used [-Wunused-function]
  117 | static int32_t ggml_get_op_params_i32(const struct ggml_tensor * tensor, uint32_t i) {
      |                ^~~~~~~~~~~~~~~~~~~~~~
/home/swl/openvela/apps/examples/k7graph/vendor/ggml/src/ggml-impl.h:111:13: warning: 'void ggml_set_op_params(ggml_tensor*, const void*, size_t)' defined but not used [-Wunused-function]
  111 | static void ggml_set_op_params(struct ggml_tensor * tensor, const void * params, size_t params_size) {
      |             ^~~~~~~~~~~~~~~~~~
[1512/1644] Building C object apps/examples/k7host/CMakeFiles/apps_k7host.dir/fusion_core.c.o
[1513/1644] Building C object apps/examples/k7host/CMakeFiles/apps_k7host.dir/k7_track.c.o
[1514/1644] Building C object apps/examples/k7host/CMakeFiles/apps_k7host.dir/k7_preview.c.o
[1515/1644] Building C object apps/examples/k7host/CMakeFiles/apps_k7host.dir/k7_preview_queue.c.o
[1516/1644] Building C object apps/examples/k7host/CMakeFiles/apps_k7host.dir/dwc3_transport_core.c.o
[1517/1644] Building C object apps/examples/k7host/CMakeFiles/apps_k7host.dir/k7_video_frame.c.o
[1518/1644] Building C object apps/examples/k7host/CMakeFiles/apps_k7host.dir/k7_link_probe.c.o
[1519/1644] Building C object apps/examples/k7host/CMakeFiles/apps_k7host.dir/k7_video_queue.c.o
[1520/1644] Building C object apps/examples/k7load/CMakeFiles/apps_k7load.dir/k7load_main.c.o
[1521/1644] Building C object apps/examples/k7mem/CMakeFiles/apps_k7mem.dir/k7mem_main.c.o
[1522/1644] Building C object apps/examples/k7npu/CMakeFiles/apps_k7npu.dir/k7npu_main.c.o
[1523/1644] Building C object apps/examples/k7neon/CMakeFiles/apps_k7neon.dir/k7neon_main.c.o
[1524/1644] Building C object apps/examples/k7npu/CMakeFiles/apps_k7npu.dir/k7npu_mmutest.c.o
[1525/1644] Building C object apps/examples/k7npu/CMakeFiles/apps_k7npu.dir/rk3576_npu_mmu.c.o
[1526/1644] Building C object apps/examples/k7npu/CMakeFiles/apps_k7npu.dir/rk3576_npu_window.c.o
[1527/1644] Building C object apps/examples/k7npu/CMakeFiles/apps_k7npu.dir/k7npu_rawtest.c.o
[1528/1644] Building C object apps/examples/k7npu/CMakeFiles/apps_k7npu.dir/k7npu_fixture_io.c.o
[1529/1644] Building C object apps/examples/k7radio/CMakeFiles/apps_k7radio.dir/skw_bus.c.o
[1530/1644] Building C object apps/examples/k7radio/CMakeFiles/apps_k7radio.dir/skw_dw.c.o
[1531/1644] Building C object apps/examples/k7radio/CMakeFiles/apps_k7radio.dir/skw_rk3576.c.o
[1532/1644] Building C object apps/examples/k7radio/CMakeFiles/apps_k7radio.dir/skw_packet.c.o
[1533/1644] Building C object apps/examples/k7radio/CMakeFiles/apps_k7radio.dir/skw_bt.c.o
[1534/1644] Building C object apps/examples/k7radio/CMakeFiles/apps_k7radio.dir/skw_wpa_transport.c.o
[1535/1644] Building C object apps/examples/k7radio/CMakeFiles/apps_k7radio.dir/prov_protocol.c.o
[1536/1644] Building C object apps/examples/k7host/CMakeFiles/apps_k7host.dir/k7_yunet.c.o
[1537/1644] Building C object apps/examples/k7radio/CMakeFiles/apps_k7radio.dir/skw_supplicant.c.o
[1538/1644] Building C object apps/examples/k7radio/CMakeFiles/apps_k7radio.dir/cJSON.c.o
[1539/1644] Building C object apps/examples/k7radio/CMakeFiles/apps_k7radio.dir/skw_supplicant_os.c.o
[1540/1644] Building C object apps/examples/k7radio/CMakeFiles/apps_k7radio.dir/hostap/rsn_supp/wpa_ie.c.o
[1541/1644] Building C object apps/examples/k7radio/CMakeFiles/apps_k7radio.dir/hostap/rsn_supp/pmksa_cache.c.o
[1542/1644] Building C object apps/examples/k7radio/CMakeFiles/apps_k7radio.dir/k7radio_main.c.o
FAILED: apps/examples/k7radio/CMakeFiles/apps_k7radio.dir/k7radio_main.c.o 
/home/swl/openvela/prebuilts/gcc/linux-x86_64/aarch64-none-elf/bin/aarch64-none-elf-gcc -DCJSON_NESTING_LIMIT=4 -D__NuttX__ -Dmain=k7radio_main -I/home/swl/openvela/apps/include -I/dev/shm/velavision_audio_sound_20260910/apps/include -I/home/swl/openvela/nuttx/wireless/bluetooth -I/home/swl/openvela/apps/examples/k7radio/hostap -I/home/swl/openvela/apps/examples/k7radio/hostap/utils -I/home/swl/openvela/apps/frameworks/security/include -isystem /home/swl/openvela/nuttx/include -isystem /dev/shm/velavision_audio_sound_20260910/include -march=armv8-a -mcpu=cortex-a53 -Os -fno-strict-aliasing -fno-omit-frame-pointer -D_LDBL_EQ_DBL -fno-common -Wall -Wshadow -Wundef -Wno-attributes -Wno-unknown-pragmas -Werror -Wstrict-prototypes -Wno-psabi -ffunction-sections -fdata-sections -g3 -fdiagnostics-color=always -fmacro-prefix-map=/home/swl/openvela/nuttx= -fmacro-prefix-map=/home/swl/openvela/apps= -fmacro-prefix-map=/home/swl/openvela/nuttx/boards/arm64/rk3576/kickpi_k7= -fmacro-prefix-map=/home/swl/openvela/nuttx/arch/arm64/src/rk3576= -MD -MT apps/examples/k7radio/CMakeFiles/apps_k7radio.dir/k7radio_main.c.o -MF apps/examples/k7radio/CMakeFiles/apps_k7radio.dir/k7radio_main.c.o.d -o apps/examples/k7radio/CMakeFiles/apps_k7radio.dir/k7radio_main.c.o -c /home/swl/openvela/apps/examples/k7radio/k7radio_main.c
In file included from /home/swl/openvela/apps/examples/k7radio/k7radio_main.c:1424:
/home/swl/openvela/apps/examples/k7radio/radio_backend.inc: In function 'rb_start':
/home/swl/openvela/apps/examples/k7radio/radio_backend.inc:138:5: error: this 'if' clause does not guard... [-Werror=misleading-indentation]
  138 |     if(rc!=-EINPROGRESS)return rc;usleep(1000);}while(now_us()<until);
      |     ^~
/home/swl/openvela/apps/examples/k7radio/radio_backend.inc:138:35: note: ...this statement, but the latter is misleadingly indented as if it were guarded by the 'if'
  138 |     if(rc!=-EINPROGRESS)return rc;usleep(1000);}while(now_us()<until);
      |                                   ^~~~~~
cc1: all warnings being treated as errors
[1543/1644] Building C object apps/examples/k7radio/CMakeFiles/apps_k7radio.dir/hostap/common/wpa_common.c.o
[1544/1644] Building C object apps/examples/k7radio/CMakeFiles/apps_k7radio.dir/hostap/rsn_supp/wpa.c.o
[1545/1644] Building C object apps/examples/k7host/CMakeFiles/apps_k7host.dir/k7_pose.c.o
ninja: build stopped: subcommand failed.
