{"result": "PASS", "source_files": 138, "changes": 0, "applied": true}
-- NuttX Host Tools
-- Configuring done
-- Generating done
-- Build files have been written to: /home/swl/openvela/cmake_out/velavision_integrated_20260909/bin_host
-- Configuring done
-- Generating done
-- Build files have been written to: /home/swl/openvela/cmake_out/velavision_integrated_20260909
[1/1349] cd /home/swl/openvela/cmake_out/velavision_integrated_20260909/libs/libc/misc && /home/swl/openvela/prebuilts/tools/cmake/bin/cmake -E touch /home/swl/openvela/nuttx/libs/libc/misc/lib_utsname.c
[2/1349] Generating bin output directories
[3/1349] cd /home/swl/openvela/nuttx && /home/swl/openvela/prebuilts/tools/cmake/bin/cmake -DKCONFIG_CONFIG=/home/swl/openvela/nuttx/boards/arm64/rk3576/kickpi_k7/configs/velavision_integrated_local/defconfig -DNUTTX_DIR=/home/swl/openvela/nuttx -DCMAKE_BINARY_DIR=/home/swl/openvela/cmake_out/velavision_integrated_20260909 -P /home/swl/openvela/nuttx/cmake/nuttx_generate_dts.cmake
[4/1349] Building C object apps/external/libjpeg-turbo/CMakeFiles/turbojpeg-static.dir/libjpeg-turbo/jaricom.c.o
[5/1349] Building C object apps/external/libjpeg-turbo/CMakeFiles/turbojpeg-static.dir/libjpeg-turbo/jcapistd.c.o
[6/1349] Building C object apps/external/libjpeg-turbo/CMakeFiles/turbojpeg-static.dir/libjpeg-turbo/jcapimin.c.o
[7/1349] Building C object apps/external/libjpeg-turbo/CMakeFiles/turbojpeg-static.dir/libjpeg-turbo/jccoefct.c.o
[8/1349] Building C object apps/external/libjpeg-turbo/CMakeFiles/turbojpeg-static.dir/libjpeg-turbo/jcicc.c.o
[9/1349] Building C object apps/external/libjpeg-turbo/CMakeFiles/turbojpeg-static.dir/libjpeg-turbo/jcdctmgr.c.o
[10/1349] Building C object apps/external/libjpeg-turbo/CMakeFiles/turbojpeg-static.dir/libjpeg-turbo/jcinit.c.o
[11/1349] Building C object apps/external/libjpeg-turbo/CMakeFiles/turbojpeg-static.dir/libjpeg-turbo/jcarith.c.o
[12/1349] Building C object apps/external/libjpeg-turbo/CMakeFiles/turbojpeg-static.dir/libjpeg-turbo/jcmainct.c.o
[13/1349] Building C object apps/external/libjpeg-turbo/CMakeFiles/turbojpeg-static.dir/libjpeg-turbo/jccolor.c.o
[14/1349] Building C object apps/external/libjpeg-turbo/CMakeFiles/turbojpeg-static.dir/libjpeg-turbo/jcomapi.c.o
[15/1349] Building C object apps/external/libjpeg-turbo/CMakeFiles/turbojpeg-static.dir/libjpeg-turbo/jcmarker.c.o
[16/1349] Building C object apps/external/libjpeg-turbo/CMakeFiles/turbojpeg-static.dir/libjpeg-turbo/jcmaster.c.o
[17/1349] Building C object apps/external/libjpeg-turbo/CMakeFiles/turbojpeg-static.dir/libjpeg-turbo/jcparam.c.o
[18/1349] Building C object apps/external/libjpeg-turbo/CMakeFiles/turbojpeg-static.dir/libjpeg-turbo/jcprepct.c.o
[19/1349] Building C object apps/external/libjpeg-turbo/CMakeFiles/turbojpeg-static.dir/libjpeg-turbo/jcphuff.c.o
[20/1349] Building C object apps/external/libjpeg-turbo/CMakeFiles/turbojpeg-static.dir/libjpeg-turbo/jctrans.c.o
[21/1349] Building C object apps/external/libjpeg-turbo/CMakeFiles/turbojpeg-static.dir/libjpeg-turbo/jdapimin.c.o
[22/1349] Building C object apps/external/libjpeg-turbo/CMakeFiles/turbojpeg-static.dir/libjpeg-turbo/jcsample.c.o
[23/1349] Building C object apps/external/libjpeg-turbo/CMakeFiles/turbojpeg-static.dir/libjpeg-turbo/jdatadst-tj.c.o
[24/1349] Building C object apps/external/libjpeg-turbo/CMakeFiles/turbojpeg-static.dir/libjpeg-turbo/jdatasrc-tj.c.o
[25/1349] Building C object apps/external/libjpeg-turbo/CMakeFiles/turbojpeg-static.dir/libjpeg-turbo/jdatadst.c.o
[26/1349] Building C object apps/external/libjpeg-turbo/CMakeFiles/turbojpeg-static.dir/libjpeg-turbo/jdapistd.c.o
[27/1349] Building C object apps/external/libjpeg-turbo/CMakeFiles/turbojpeg-static.dir/libjpeg-turbo/jdatasrc.c.o
[28/1349] Building C object apps/external/libjpeg-turbo/CMakeFiles/turbojpeg-static.dir/libjpeg-turbo/jddctmgr.c.o
[29/1349] Building C object apps/external/libjpeg-turbo/CMakeFiles/turbojpeg-static.dir/libjpeg-turbo/jdarith.c.o
[30/1349] Building C object apps/external/libjpeg-turbo/CMakeFiles/turbojpeg-static.dir/libjpeg-turbo/jdicc.c.o
[31/1349] Building C object apps/external/libjpeg-turbo/CMakeFiles/turbojpeg-static.dir/libjpeg-turbo/jdinput.c.o
[32/1349] Building C object apps/external/libjpeg-turbo/CMakeFiles/turbojpeg-static.dir/libjpeg-turbo/jdcoefct.c.o
[33/1349] Building C object apps/external/libjpeg-turbo/CMakeFiles/turbojpeg-static.dir/libjpeg-turbo/jdmainct.c.o
[34/1349] Building C object apps/external/libjpeg-turbo/CMakeFiles/turbojpeg-static.dir/libjpeg-turbo/jdhuff.c.o
[35/1349] Building C object apps/external/libjpeg-turbo/CMakeFiles/turbojpeg-static.dir/libjpeg-turbo/jdcolor.c.o
[36/1349] Building C object apps/external/libjpeg-turbo/CMakeFiles/turbojpeg-static.dir/libjpeg-turbo/jdmaster.c.o
[37/1349] Building C object apps/external/libjpeg-turbo/CMakeFiles/turbojpeg-static.dir/libjpeg-turbo/jdpostct.c.o
[38/1349] Building C object apps/external/libjpeg-turbo/CMakeFiles/turbojpeg-static.dir/libjpeg-turbo/jdmarker.c.o
[39/1349] Building C object apps/external/libjpeg-turbo/CMakeFiles/turbojpeg-static.dir/libjpeg-turbo/jdphuff.c.o
[40/1349] Building C object apps/external/libjpeg-turbo/CMakeFiles/turbojpeg-static.dir/libjpeg-turbo/jdtrans.c.o
[41/1349] Building C object apps/external/libjpeg-turbo/CMakeFiles/turbojpeg-static.dir/libjpeg-turbo/jdsample.c.o
[42/1349] Building C object apps/external/libjpeg-turbo/CMakeFiles/turbojpeg-static.dir/libjpeg-turbo/jfdctflt.c.o
[43/1349] Building C object apps/external/libjpeg-turbo/CMakeFiles/turbojpeg-static.dir/libjpeg-turbo/jerror.c.o
[44/1349] Building C object apps/external/libjpeg-turbo/CMakeFiles/turbojpeg-static.dir/libjpeg-turbo/jfdctfst.c.o
[45/1349] Building C object apps/external/libjpeg-turbo/CMakeFiles/turbojpeg-static.dir/libjpeg-turbo/jfdctint.c.o
[46/1349] Building C object apps/external/libjpeg-turbo/CMakeFiles/turbojpeg-static.dir/libjpeg-turbo/jdmerge.c.o
[47/1349] Building C object apps/external/libjpeg-turbo/CMakeFiles/turbojpeg-static.dir/libjpeg-turbo/jidctflt.c.o
[48/1349] Building C object apps/external/libjpeg-turbo/CMakeFiles/turbojpeg-static.dir/libjpeg-turbo/jidctfst.c.o
[49/1349] Building C object apps/external/libjpeg-turbo/CMakeFiles/turbojpeg-static.dir/libjpeg-turbo/jmemnobs.c.o
[50/1349] Building C object apps/external/libjpeg-turbo/CMakeFiles/turbojpeg-static.dir/libjpeg-turbo/jidctred.c.o
[51/1349] Building C object apps/external/libjpeg-turbo/CMakeFiles/turbojpeg-static.dir/libjpeg-turbo/jpegtran.c.o
[52/1349] Building C object apps/external/libjpeg-turbo/CMakeFiles/turbojpeg-static.dir/libjpeg-turbo/jmemmgr.c.o
[53/1349] Building C object apps/external/libjpeg-turbo/CMakeFiles/turbojpeg-static.dir/libjpeg-turbo/jquant1.c.o
[54/1349] Building C object apps/external/libjpeg-turbo/CMakeFiles/turbojpeg-static.dir/libjpeg-turbo/jutils.c.o
[55/1349] Building ASM object arch/CMakeFiles/arch.dir/arm64/src/common/arm64_vector_table.S.o
[56/1349] Building C object apps/external/libjpeg-turbo/CMakeFiles/turbojpeg-static.dir/libjpeg-turbo/jsimd_none.c.o
[57/1349] Building ASM object arch/CMakeFiles/arch.dir/arm64/src/common/arm64_vectors.S.o
[58/1349] Building ASM object arch/CMakeFiles/arch.dir/arm64/src/common/arm64_fork_func.S.o
[59/1349] Building C object apps/external/libjpeg-turbo/CMakeFiles/turbojpeg-static.dir/libjpeg-turbo/jquant2.c.o
[60/1349] Building C object arch/CMakeFiles/arch.dir/arm64/src/common/arm64_boot.c.o
[61/1349] Building C object arch/CMakeFiles/arch.dir/arm64/src/common/arm64_initialize.c.o
[62/1349] Building C object arch/CMakeFiles/arch.dir/arm64/src/common/arm64_initialstate.c.o
[63/1349] Building C object arch/CMakeFiles/arch.dir/arm64/src/common/arm64_nputs.c.o
[64/1349] Building C object apps/external/libjpeg-turbo/CMakeFiles/turbojpeg-static.dir/libjpeg-turbo/jidctint.c.o
[65/1349] Building C object arch/CMakeFiles/arch.dir/arm64/src/common/arm64_releasestack.c.o
[66/1349] Building C object arch/CMakeFiles/arch.dir/arm64/src/common/arm64_createstack.c.o
[67/1349] Building C object arch/CMakeFiles/arch.dir/arm64/src/common/arm64_stackframe.c.o
[68/1349] Building C object arch/CMakeFiles/arch.dir/arm64/src/common/arm64_usestack.c.o
[69/1349] Building C object arch/CMakeFiles/arch.dir/arm64/src/common/arm64_getintstack.c.o
[70/1349] Building C object arch/CMakeFiles/arch.dir/arm64/src/common/arm64_exit.c.o
[71/1349] Building C object arch/CMakeFiles/arch.dir/arm64/src/common/arm64_perf.c.o
[72/1349] Building C object arch/CMakeFiles/arch.dir/arm64/src/common/arm64_registerdump.c.o
[73/1349] Building C object arch/CMakeFiles/arch.dir/arm64/src/common/arm64_fork.c.o
[74/1349] Building C object arch/CMakeFiles/arch.dir/arm64/src/common/arm64_cpuidlestack.c.o
[75/1349] Building C object arch/CMakeFiles/arch.dir/arm64/src/common/arm64_tcbinfo.c.o
[76/1349] Building C object arch/CMakeFiles/arch.dir/arm64/src/common/arm64_sigdeliver.c.o
[77/1349] Building C object arch/CMakeFiles/arch.dir/arm64/src/common/arm64_schedulesigaction.c.o
[78/1349] Building C object arch/CMakeFiles/arch.dir/arm64/src/common/arm64_arch_timer.c.o
[79/1349] Building C object arch/CMakeFiles/arch.dir/arm64/src/common/arm64_doirq.c.o
[80/1349] Building C object arch/CMakeFiles/arch.dir/arm64/src/common/arm64_cache.c.o
[81/1349] Building C object arch/CMakeFiles/arch.dir/arm64/src/common/arm64_syscall.c.o
[82/1349] Building C object arch/CMakeFiles/arch.dir/arm64/src/common/arm64_allocateheap.c.o
[83/1349] Building C object arch/CMakeFiles/arch.dir/arm64/src/common/arm64_idle.c.o
[84/1349] Building C object arch/CMakeFiles/arch.dir/arm64/src/common/arm64_fatal.c.o
[85/1349] Building ASM object arch/CMakeFiles/arch.dir/arm64/src/common/arm64_smccc.S.o
[86/1349] Building C object arch/CMakeFiles/arch.dir/arm64/src/common/arm64_gicv2.c.o
[87/1349] Building C object arch/CMakeFiles/arch.dir/arm64/src/common/arm64_fpu.c.o
[88/1349] Building C object arch/CMakeFiles/arch.dir/arm64/src/common/arm64_cpu_psci.c.o
[89/1349] Building ASM object arch/CMakeFiles/arch.dir/arm64/src/common/arm64_fpu_func.S.o
[90/1349] Building C object arch/CMakeFiles/arch.dir/arm64/src/common/arm64_mmu.c.o
[91/1349] Building C object arch/CMakeFiles/arch.dir/arm64/src/common/arm64_hwdebug.c.o
[92/1349] Building ASM object arch/CMakeFiles/arch.dir/arm64/src/rk3576/rk3576_lowputc.S.o
[93/1349] Building C object arch/CMakeFiles/arch.dir/arm64/src/common/arm64_checkstack.c.o
[94/1349] Building C object arch/CMakeFiles/arch.dir/arm64/src/common/arm64_backtrace.c.o
[95/1349] Building C object arch/CMakeFiles/arch.dir/arm64/src/rk3576/rk3576_boot.c.o
[96/1349] Building C object arch/CMakeFiles/arch.dir/arm64/src/rk3576/rk3576_serial.c.o
[97/1349] Building C object binfmt/CMakeFiles/binfmt.dir/binfmt_globals.c.o
[98/1349] Building C object arch/CMakeFiles/arch.dir/arm64/src/rk3576/rk3576_uart6.c.o
[99/1349] Building C object binfmt/CMakeFiles/binfmt.dir/binfmt_initialize.c.o
[100/1349] Building C object binfmt/CMakeFiles/binfmt.dir/binfmt_register.c.o
[101/1349] Building C object arch/CMakeFiles/arch.dir/arm64/src/rk3576/rk3576_usbhost.c.o
[102/1349] Building C object binfmt/CMakeFiles/binfmt.dir/binfmt_unregister.c.o
[103/1349] Building C object binfmt/CMakeFiles/binfmt.dir/binfmt_loadmodule.c.o
[104/1349] Building C object binfmt/CMakeFiles/binfmt.dir/binfmt_unloadmodule.c.o
[105/1349] Building C object binfmt/CMakeFiles/binfmt.dir/binfmt_execmodule.c.o
[106/1349] Building C object binfmt/CMakeFiles/binfmt.dir/binfmt_copyargv.c.o
[107/1349] Building C object binfmt/CMakeFiles/binfmt.dir/binfmt_exec.c.o
[108/1349] Building C object binfmt/CMakeFiles/binfmt.dir/binfmt_copyactions.c.o
[109/1349] Building C object binfmt/CMakeFiles/binfmt.dir/binfmt_copyattr.c.o
[110/1349] Building C object binfmt/CMakeFiles/binfmt.dir/binfmt_dumpmodule.c.o
[111/1349] Building C object binfmt/CMakeFiles/binfmt.dir/builtin.c.o
[112/1349] Building C object drivers/CMakeFiles/drivers.dir/misc/dev_null.c.o
[113/1349] Building C object drivers/CMakeFiles/drivers.dir/misc/dev_zero.c.o
[114/1349] Building C object drivers/CMakeFiles/drivers.dir/misc/mkrd.c.o
[115/1349] Building C object drivers/CMakeFiles/drivers.dir/loop/losetup.c.o
[116/1349] Building C object drivers/CMakeFiles/drivers.dir/misc/ramdisk.c.o
[117/1349] Building C object drivers/CMakeFiles/drivers.dir/pipes/pipe.c.o
[118/1349] Building C object drivers/CMakeFiles/drivers.dir/pipes/fifo.c.o
[119/1349] Building C object drivers/CMakeFiles/drivers.dir/pipes/pipe_common.c.o
[120/1349] Building C object drivers/CMakeFiles/drivers.dir/syslog/syslog_initialize.c.o
[121/1349] Building C object drivers/CMakeFiles/drivers.dir/serial/serial_io.c.o
[122/1349] Building C object drivers/CMakeFiles/drivers.dir/serial/uart_16550.c.o
[123/1349] Building C object drivers/CMakeFiles/drivers.dir/syslog/setlogmask.c.o
[124/1349] Building C object drivers/CMakeFiles/drivers.dir/syslog/vsyslog.c.o
[125/1349] Building C object drivers/CMakeFiles/drivers.dir/net/netdev_upperhalf.c.o
[126/1349] Building C object drivers/CMakeFiles/drivers.dir/syslog/syslog_flush.c.o
[127/1349] Building C object drivers/CMakeFiles/drivers.dir/syslog/syslog_channel.c.o
[128/1349] Building C object drivers/CMakeFiles/drivers.dir/syslog/syslog_write.c.o
[129/1349] Building C object drivers/CMakeFiles/drivers.dir/usbhost/usbhost_registry.c.o
[130/1349] Building C object drivers/CMakeFiles/drivers.dir/syslog/ramlog.c.o
[131/1349] Building C object drivers/CMakeFiles/drivers.dir/timers/oneshot.c.o
[132/1349] Building C object drivers/CMakeFiles/drivers.dir/serial/serial.c.o
[133/1349] Building C object drivers/CMakeFiles/drivers.dir/usbhost/usbhost_registerclass.c.o
[134/1349] Building C object drivers/CMakeFiles/drivers.dir/timers/arch_alarm.c.o
[135/1349] Building C object drivers/CMakeFiles/drivers.dir/usbhost/usbhost_findclass.c.o
[136/1349] Building C object drivers/CMakeFiles/drivers.dir/usbhost/usbhost_drivers.c.o
[137/1349] Building C object drivers/CMakeFiles/drivers.dir/usbhost/usbhost_waiter.c.o
[138/1349] Building C object drivers/CMakeFiles/drivers.dir/usbhost/usbhost_enumerate.c.o
[139/1349] Building C object drivers/CMakeFiles/drivers.dir/usbhost/usbhost_devaddr.c.o
[140/1349] Building C object drivers/CMakeFiles/drivers.dir/usbhost/usbhost_xhci_rk3576_trace.c.o
[141/1349] Building C object apps/external/libjpeg-turbo/CMakeFiles/turbojpeg-static.dir/libjpeg-turbo/jchuff.c.o
[142/1349] Building C object drivers/CMakeFiles/drivers.dir/usbhost/usbhost_trace.c.o
[143/1349] Building C object drivers/CMakeFiles/drivers.dir/wireless/bluetooth/bt_driver.c.o
[144/1349] Building C object fs/CMakeFiles/fs.dir/fs_heap.c.o
[145/1349] Building C object fs/CMakeFiles/fs.dir/fs_initialize.c.o
[146/1349] Building C object drivers/CMakeFiles/drivers.dir/drivers_initialize.c.o
[147/1349] Building C object fs/CMakeFiles/fs.dir/driver/fs_registerdriver.c.o
[148/1349] Building C object drivers/CMakeFiles/drivers.dir/usbhost/usbhost_hub.c.o
[149/1349] Building C object fs/CMakeFiles/fs.dir/driver/fs_registerpipedriver.c.o
[150/1349] Building C object fs/CMakeFiles/fs.dir/driver/fs_unregisterpipedriver.c.o
[151/1349] Building C object fs/CMakeFiles/fs.dir/driver/fs_unregisterdriver.c.o
[152/1349] Building C object fs/CMakeFiles/fs.dir/driver/fs_registerblockdriver.c.o
[153/1349] Building C object fs/CMakeFiles/fs.dir/driver/fs_unregisterblockdriver.c.o
[154/1349] Building C object fs/CMakeFiles/fs.dir/driver/fs_findblockdriver.c.o
[155/1349] Building C object fs/CMakeFiles/fs.dir/driver/fs_openblockdriver.c.o
[156/1349] Building C object fs/CMakeFiles/fs.dir/driver/fs_closeblockdriver.c.o
[157/1349] Building C object fs/CMakeFiles/fs.dir/driver/fs_findmtddriver.c.o
[158/1349] Building C object fs/CMakeFiles/fs.dir/driver/fs_blockpartition.c.o
[159/1349] Building C object fs/CMakeFiles/fs.dir/driver/fs_closemtddriver.c.o
[160/1349] Building C object fs/CMakeFiles/fs.dir/inode/fs_foreachinode.c.o
[161/1349] Building C object fs/CMakeFiles/fs.dir/driver/fs_blockmerge.c.o
[162/1349] Building C object fs/CMakeFiles/fs.dir/inode/fs_inode.c.o
[163/1349] Building C object fs/CMakeFiles/fs.dir/inode/fs_inodeaddref.c.o
[164/1349] Building C object fs/CMakeFiles/fs.dir/inode/fs_inodebasename.c.o
[165/1349] Building C object fs/CMakeFiles/fs.dir/inode/fs_inodefind.c.o
[166/1349] Building C object fs/CMakeFiles/fs.dir/inode/fs_inodefree.c.o
[167/1349] Building C object fs/CMakeFiles/fs.dir/inode/fs_files.c.o
[168/1349] Building C object fs/CMakeFiles/fs.dir/inode/fs_inodegetpath.c.o
[169/1349] Building C object fs/CMakeFiles/fs.dir/inode/fs_inoderelease.c.o
[170/1349] Building C object fs/CMakeFiles/fs.dir/inode/fs_inoderemove.c.o
[171/1349] Building C object fs/CMakeFiles/fs.dir/inode/fs_inodereserve.c.o
[172/1349] Building C object fs/CMakeFiles/fs.dir/mmap/fs_mmap.c.o
[173/1349] Building C object fs/CMakeFiles/fs.dir/inode/fs_inodesearch.c.o
[174/1349] Building C object fs/CMakeFiles/fs.dir/mmap/fs_mmisc.c.o
[175/1349] Building C object fs/CMakeFiles/fs.dir/mmap/fs_munmap.c.o
[176/1349] Building C object fs/CMakeFiles/fs.dir/mmap/fs_msync.c.o
[177/1349] Building C object fs/CMakeFiles/fs.dir/mmap/fs_anonmap.c.o
[178/1349] Building C object fs/CMakeFiles/fs.dir/mount/fs_umount2.c.o
[179/1349] Building C object fs/CMakeFiles/fs.dir/mount/fs_mount.c.o
[180/1349] Building C object fs/CMakeFiles/fs.dir/mount/fs_foreachmountpoint.c.o
[181/1349] Building C object fs/CMakeFiles/fs.dir/mount/fs_gettype.c.o
[182/1349] Building C object fs/CMakeFiles/fs.dir/mqueue/mq_close.c.o
[183/1349] Building C object fs/CMakeFiles/fs.dir/mount/fs_procfs_mount.c.o
[184/1349] Building C object fs/CMakeFiles/fs.dir/mqueue/mq_unlink.c.o
[185/1349] Building C object fs/CMakeFiles/fs.dir/partition/fs_partition.c.o
[186/1349] Building C object fs/CMakeFiles/fs.dir/mqueue/mq_open.c.o
[187/1349] Building C object fs/CMakeFiles/fs.dir/procfs/fs_procfscpuinfo.c.o
[188/1349] Building C object fs/CMakeFiles/fs.dir/procfs/fs_procfscpuload.c.o
[189/1349] Building C object fs/CMakeFiles/fs.dir/procfs/fs_procfscritmon.c.o
[190/1349] Building C object fs/CMakeFiles/fs.dir/procfs/fs_procfsfdt.c.o
[191/1349] Building C object drivers/CMakeFiles/drivers.dir/usbhost/usbhost_xhci_rk3576.c.o
[192/1349] Building C object fs/CMakeFiles/fs.dir/procfs/fs_procfsiobinfo.c.o
[193/1349] Building C object fs/CMakeFiles/fs.dir/procfs/fs_procfs.c.o
[194/1349] Building C object fs/CMakeFiles/fs.dir/procfs/fs_procfsuptime.c.o
[195/1349] Building C object fs/CMakeFiles/fs.dir/procfs/fs_procfstcbinfo.c.o
[196/1349] Building C object fs/CMakeFiles/fs.dir/procfs/fs_procfsmeminfo.c.o
[197/1349] Building C object fs/CMakeFiles/fs.dir/procfs/fs_procfsutil.c.o
[198/1349] Building C object fs/CMakeFiles/fs.dir/procfs/fs_procfsversion.c.o
[199/1349] Building C object fs/CMakeFiles/fs.dir/socket/accept.c.o
[200/1349] Building C object fs/CMakeFiles/fs.dir/socket/socket.c.o
[201/1349] Building C object fs/CMakeFiles/fs.dir/socket/socketpair.c.o
[202/1349] Building C object fs/CMakeFiles/fs.dir/procfs/fs_procfsproc.c.o
[203/1349] Building C object fs/CMakeFiles/fs.dir/vfs/fs_chstat.c.o
[204/1349] Building C object fs/CMakeFiles/fs.dir/vfs/fs_close.c.o
[205/1349] Building C object fs/CMakeFiles/fs.dir/vfs/fs_dup.c.o
[206/1349] Building C object fs/CMakeFiles/fs.dir/vfs/fs_dup3.c.o
[207/1349] Building C object fs/CMakeFiles/fs.dir/vfs/fs_dup2.c.o
[208/1349] Building C object fs/CMakeFiles/fs.dir/vfs/fs_fcntl.c.o
[209/1349] Building C object fs/CMakeFiles/fs.dir/vfs/fs_fchstat.c.o
[210/1349] Building C object fs/CMakeFiles/fs.dir/vfs/fs_fstatfs.c.o
[211/1349] Building C object fs/CMakeFiles/fs.dir/vfs/fs_fstat.c.o
[212/1349] Building C object fs/CMakeFiles/fs.dir/vfs/fs_ioctl.c.o
[213/1349] Building C object fs/CMakeFiles/fs.dir/vfs/fs_lseek.c.o
[214/1349] Building C object fs/CMakeFiles/fs.dir/vfs/fs_mkdir.c.o
[215/1349] Building C object fs/CMakeFiles/fs.dir/vfs/fs_pread.c.o
[216/1349] Building C object fs/CMakeFiles/fs.dir/vfs/fs_pwrite.c.o
[217/1349] Building C object fs/CMakeFiles/fs.dir/vfs/fs_open.c.o
[218/1349] Building C object fs/CMakeFiles/fs.dir/vfs/fs_poll.c.o
[219/1349] Building C object fs/CMakeFiles/fs.dir/vfs/fs_read.c.o
[220/1349] Building C object fs/CMakeFiles/fs.dir/vfs/fs_rmdir.c.o
[221/1349] Building C object fs/CMakeFiles/fs.dir/vfs/fs_rename.c.o
[222/1349] Building C object fs/CMakeFiles/fs.dir/vfs/fs_select.c.o
[223/1349] Building C object fs/CMakeFiles/fs.dir/vfs/fs_epoll.c.o
[224/1349] Building C object fs/CMakeFiles/fs.dir/vfs/fs_sendfile.c.o
[225/1349] Building C object fs/CMakeFiles/fs.dir/vfs/fs_stat.c.o
[226/1349] Building C object fs/CMakeFiles/fs.dir/vfs/fs_statfs.c.o
[227/1349] Building C object fs/CMakeFiles/fs.dir/vfs/fs_uio.c.o
[228/1349] Building C object fs/CMakeFiles/fs.dir/vfs/fs_unlink.c.o
[229/1349] Building C object fs/CMakeFiles/fs.dir/vfs/fs_fsync.c.o
[230/1349] Building C object fs/CMakeFiles/fs.dir/vfs/fs_syncfs.c.o
[231/1349] Building C object fs/CMakeFiles/fs.dir/vfs/fs_write.c.o
[232/1349] Building C object fs/CMakeFiles/fs.dir/vfs/fs_dir.c.o
[233/1349] Building C object fs/CMakeFiles/fs.dir/vfs/fs_link.c.o
[234/1349] Building C object fs/CMakeFiles/fs.dir/vfs/fs_truncate.c.o
[235/1349] Building C object fs/CMakeFiles/fs.dir/vfs/fs_readlink.c.o
[236/1349] Building C object fs/CMakeFiles/fs.dir/vfs/fs_symlink.c.o
[237/1349] Building C object libs/libc/CMakeFiles/c.dir/assert/lib_assert.c.o
[238/1349] Building C object libs/libc/CMakeFiles/c.dir/assert/lib_stackchk.c.o
[239/1349] Building C object libs/libc/CMakeFiles/c.dir/builtin/lib_builtin_getname.c.o
[240/1349] Building C object libs/libc/CMakeFiles/c.dir/builtin/lib_builtin_isavail.c.o
[241/1349] Building C object libs/libc/CMakeFiles/c.dir/builtin/lib_builtin_forindex.c.o
[242/1349] Building C object libs/libc/CMakeFiles/c.dir/ctype/lib_isalnum.c.o
[243/1349] Building C object libs/libc/CMakeFiles/c.dir/ctype/lib_isascii.c.o
[244/1349] Building C object libs/libc/CMakeFiles/c.dir/ctype/lib_isalpha.c.o
[245/1349] Building C object libs/libc/CMakeFiles/c.dir/ctype/lib_isblank.c.o
[246/1349] Building C object libs/libc/CMakeFiles/c.dir/ctype/lib_iscntrl.c.o
[247/1349] Building C object libs/libc/CMakeFiles/c.dir/ctype/lib_isdigit.c.o
[248/1349] Building C object libs/libc/CMakeFiles/c.dir/ctype/lib_isgraph.c.o
[249/1349] Building C object libs/libc/CMakeFiles/c.dir/ctype/lib_isprint.c.o
[250/1349] Building C object libs/libc/CMakeFiles/c.dir/ctype/lib_islower.c.o
[251/1349] Building C object libs/libc/CMakeFiles/c.dir/ctype/lib_ispunct.c.o
[252/1349] Building C object libs/libc/CMakeFiles/c.dir/ctype/lib_isspace.c.o
[253/1349] Building C object libs/libc/CMakeFiles/c.dir/ctype/lib_isxdigit.c.o
[254/1349] Building C object libs/libc/CMakeFiles/c.dir/ctype/lib_isupper.c.o
[255/1349] Building C object libs/libc/CMakeFiles/c.dir/ctype/lib_ctype.c.o
[256/1349] Building C object libs/libc/CMakeFiles/c.dir/ctype/lib_toupper.c.o
[257/1349] Building C object libs/libc/CMakeFiles/c.dir/ctype/lib_tolower.c.o
[258/1349] Building C object libs/libc/CMakeFiles/c.dir/dirent/lib_alphasort.c.o
[259/1349] Building C object libs/libc/CMakeFiles/c.dir/dirent/lib_ftw.c.o
[260/1349] Building C object libs/libc/CMakeFiles/c.dir/dirent/lib_readdirr.c.o
[261/1349] Building C object libs/libc/CMakeFiles/c.dir/dirent/lib_telldir.c.o
[262/1349] Building C object libs/libc/CMakeFiles/c.dir/dirent/lib_scandir.c.o
[263/1349] Building C object libs/libc/CMakeFiles/c.dir/dirent/lib_opendir.c.o
[264/1349] Building C object libs/libc/CMakeFiles/c.dir/dirent/lib_fdopendir.c.o
[265/1349] Building C object libs/libc/CMakeFiles/c.dir/dirent/lib_closedir.c.o
[266/1349] Building C object libs/libc/CMakeFiles/c.dir/dirent/lib_nftw.c.o
[267/1349] Building C object libs/libc/CMakeFiles/c.dir/dirent/lib_readdir.c.o
[268/1349] Building C object libs/libc/CMakeFiles/c.dir/dirent/lib_rewinddir.c.o
[269/1349] Building C object libs/libc/CMakeFiles/c.dir/dirent/lib_dirfd.c.o
[270/1349] Building C object libs/libc/CMakeFiles/c.dir/dirent/lib_seekdir.c.o
[271/1349] Building C object libs/libc/CMakeFiles/c.dir/dirent/lib_versionsort.c.o
[272/1349] Building C object libs/libc/CMakeFiles/c.dir/dlfcn/lib_dlfind_object.c.o
[273/1349] Building C object libs/libc/CMakeFiles/c.dir/environ/env_getenvironptr.c.o
[274/1349] Building C object libs/libc/CMakeFiles/c.dir/environ/env_release.c.o
[275/1349] Building C object libs/libc/CMakeFiles/c.dir/environ/env_clearenv.c.o
[276/1349] Building C object libs/libc/CMakeFiles/c.dir/environ/env_findvar.c.o
[277/1349] Building C object libs/libc/CMakeFiles/c.dir/environ/env_removevar.c.o
[278/1349] Building C object libs/libc/CMakeFiles/c.dir/environ/env_dup.c.o
[279/1349] Building C object libs/libc/CMakeFiles/c.dir/environ/env_putenv.c.o
[280/1349] Building C object libs/libc/CMakeFiles/c.dir/fixedmath/lib_fixedmath.c.o
[281/1349] Building C object libs/libc/CMakeFiles/c.dir/environ/env_foreach.c.o
[282/1349] Building C object libs/libc/CMakeFiles/c.dir/environ/env_getenv.c.o
[283/1349] Building C object libs/libc/CMakeFiles/c.dir/errno/lib_errno.c.o
[284/1349] Building C object libs/libc/CMakeFiles/c.dir/environ/env_unsetenv.c.o
[285/1349] Building C object libs/libc/CMakeFiles/c.dir/fixedmath/lib_b16sin.c.o
[286/1349] Building C object libs/libc/CMakeFiles/c.dir/fixedmath/lib_b16cos.c.o
[287/1349] Building C object libs/libc/CMakeFiles/c.dir/environ/env_setenv.c.o
[288/1349] Building C object libs/libc/CMakeFiles/c.dir/fixedmath/lib_b16atan2.c.o
[289/1349] Building C object libs/libc/CMakeFiles/c.dir/fixedmath/lib_ubsqrt.c.o
[290/1349] Building C object libs/libc/CMakeFiles/c.dir/grp/lib_getgrgidr.c.o
[291/1349] Building C object libs/libc/CMakeFiles/c.dir/grp/lib_getgrnamr.c.o
[292/1349] Building C object libs/libc/CMakeFiles/c.dir/grp/lib_initgroups.c.o
[293/1349] Building C object libs/libc/CMakeFiles/c.dir/grp/lib_getgrgid.c.o
[294/1349] Building C object libs/libc/CMakeFiles/c.dir/grp/lib_getgrnam.c.o
[295/1349] Building C object libs/libc/CMakeFiles/c.dir/inttypes/lib_imaxabs.c.o
[296/1349] Building C object libs/libc/CMakeFiles/c.dir/inttypes/lib_imaxdiv.c.o
[297/1349] Building C object libs/libc/CMakeFiles/c.dir/grp/lib_getgrbufr.c.o
[298/1349] Building C object libs/libc/CMakeFiles/c.dir/grp/lib_getgrbuf.c.o
[299/1349] Building C object libs/libc/CMakeFiles/c.dir/inttypes/lib_strtoimax.c.o
[300/1349] Building C object libs/libc/CMakeFiles/c.dir/libgen/lib_dirname.c.o
[301/1349] Building C object libs/libc/CMakeFiles/c.dir/libgen/lib_basename.c.o
[302/1349] Building C object libs/libc/CMakeFiles/c.dir/inttypes/lib_strtoumax.c.o
[303/1349] Building C object libs/libc/CMakeFiles/c.dir/misc/lib_creat.c.o
[304/1349] Building C object libs/libc/CMakeFiles/c.dir/misc/lib_bitmap.c.o
[305/1349] Building C object libs/libc/CMakeFiles/c.dir/misc/lib_umask.c.o
[306/1349] Building C object libs/libc/CMakeFiles/c.dir/misc/lib_mknod.c.o
[307/1349] Building C object libs/libc/CMakeFiles/c.dir/misc/lib_utsname.c.o
[308/1349] Building C object libs/libc/CMakeFiles/c.dir/misc/lib_xorshift128.c.o
[309/1349] Building C object libs/libc/CMakeFiles/c.dir/misc/lib_getrandom.c.o
[310/1349] Building C object libs/libc/CMakeFiles/c.dir/misc/lib_circbuf.c.o
[311/1349] Building C object libs/libc/CMakeFiles/c.dir/misc/lib_tea_encrypt.c.o
[312/1349] Building C object libs/libc/CMakeFiles/c.dir/misc/lib_tea_decrypt.c.o
[313/1349] Building C object libs/libc/CMakeFiles/c.dir/misc/lib_impure.c.o
[314/1349] Building C object libs/libc/CMakeFiles/c.dir/misc/lib_cxx_initialize.c.o
[315/1349] Building C object libs/libc/CMakeFiles/c.dir/misc/lib_memfd.c.o
[316/1349] Building C object libs/libc/CMakeFiles/c.dir/misc/lib_fstatat.c.o
[317/1349] Building C object libs/libc/CMakeFiles/c.dir/misc/lib_fchmodat.c.o
[318/1349] Building C object libs/libc/CMakeFiles/c.dir/misc/lib_getfullpath.c.o
[319/1349] Building C object libs/libc/CMakeFiles/c.dir/misc/lib_openat.c.o
[320/1349] Building C object libs/libc/CMakeFiles/c.dir/misc/lib_mkdirat.c.o
[321/1349] Building C object libs/libc/CMakeFiles/c.dir/misc/lib_mallopt.c.o
[322/1349] Building C object libs/libc/CMakeFiles/c.dir/misc/lib_utimensat.c.o
[323/1349] Building C object libs/libc/CMakeFiles/c.dir/misc/lib_getnprocs.c.o
[324/1349] Building C object libs/libc/CMakeFiles/c.dir/misc/lib_ratelimit.c.o
[325/1349] Building C object libs/libc/CMakeFiles/c.dir/misc/lib_sem_mutex_noinline.c.o
[326/1349] Building C object libs/libc/CMakeFiles/c.dir/misc/lib_umul32.c.o
[327/1349] Building C object libs/libc/CMakeFiles/c.dir/misc/lib_umul64.c.o
[328/1349] Building C object libs/libc/CMakeFiles/c.dir/misc/lib_tempbuffer.c.o
[329/1349] Building C object libs/libc/CMakeFiles/c.dir/misc/lib_idr.c.o
[330/1349] Building C object libs/libc/CMakeFiles/c.dir/misc/lib_umul32x64.c.o
[331/1349] Building C object libs/libc/CMakeFiles/c.dir/misc/lib_uadd32x64.c.o
[332/1349] Building C object libs/libc/CMakeFiles/c.dir/misc/lib_uadd64.c.o
[333/1349] Building C object libs/libc/CMakeFiles/c.dir/misc/lib_usub64x32.c.o
[334/1349] Building C object libs/libc/CMakeFiles/c.dir/misc/lib_usub64.c.o
[335/1349] Building C object libs/libc/CMakeFiles/c.dir/misc/lib_dumpbuffer.c.o
[336/1349] Building C object libs/libc/CMakeFiles/c.dir/misc/lib_fnmatch.c.o
[337/1349] Building C object libs/libc/CMakeFiles/c.dir/misc/lib_crc64.c.o
[338/1349] Building C object libs/libc/CMakeFiles/c.dir/misc/lib_debug.c.o
[339/1349] Building C object libs/libc/CMakeFiles/c.dir/misc/lib_dumpvbuffer.c.o
[340/1349] Building C object libs/libc/CMakeFiles/c.dir/misc/lib_crc32.c.o
[341/1349] Building C object libs/libc/CMakeFiles/c.dir/misc/lib_crc64emac.c.o
[342/1349] Building C object libs/libc/CMakeFiles/c.dir/misc/lib_crc32h04c11db7.c.o
[343/1349] Building C object libs/libc/CMakeFiles/c.dir/misc/lib_crc32hf4acfb13.c.o
[344/1349] Building C object libs/libc/CMakeFiles/c.dir/misc/lib_crc16.c.o
[345/1349] Building C object libs/libc/CMakeFiles/c.dir/misc/lib_crc16ccitt.c.o
[346/1349] Building C object libs/libc/CMakeFiles/c.dir/misc/lib_crc16h1021.c.o
[347/1349] Building C object libs/libc/CMakeFiles/c.dir/misc/lib_crc16h8005.c.o
[348/1349] Building C object libs/libc/CMakeFiles/c.dir/misc/lib_crc8.c.o
[349/1349] Building C object libs/libc/CMakeFiles/c.dir/misc/lib_crc8ccitt.c.o
[350/1349] Building C object libs/libc/CMakeFiles/c.dir/misc/lib_crc8h2f.c.o
[351/1349] Building C object libs/libc/CMakeFiles/c.dir/misc/lib_crc8h1d.c.o
[352/1349] Building C object libs/libc/CMakeFiles/c.dir/misc/lib_crc8rohc.c.o
[353/1349] Building C object libs/libc/CMakeFiles/c.dir/misc/lib_crc8table.c.o
[354/1349] Building C object libs/libc/CMakeFiles/c.dir/misc/lib_ftok.c.o
[355/1349] Building C object libs/libc/CMakeFiles/c.dir/misc/lib_instrument.c.o
[356/1349] Building C object libs/libc/CMakeFiles/c.dir/misc/lib_err.c.o
[357/1349] Building C object libs/libc/CMakeFiles/c.dir/misc/lib_backtrace.c.o
[358/1349] Building C object libs/libc/CMakeFiles/c.dir/net/lib_addrconfig.c.o
[359/1349] Building C object libs/libc/CMakeFiles/c.dir/net/lib_htons.c.o
[360/1349] Building C object libs/libc/CMakeFiles/c.dir/misc/lib_fdcheck.c.o
[361/1349] Building C object libs/libc/CMakeFiles/c.dir/misc/lib_glob.c.o
[362/1349] Building C object libs/libc/CMakeFiles/c.dir/net/lib_htonl.c.o
[363/1349] Building C object libs/libc/CMakeFiles/c.dir/net/lib_base64.c.o
[364/1349] Building C object libs/libc/CMakeFiles/c.dir/net/lib_htonq.c.o
[365/1349] Building C object libs/libc/CMakeFiles/c.dir/net/lib_inetaton.c.o
[366/1349] Building C object libs/libc/CMakeFiles/c.dir/net/lib_inetaddr.c.o
[367/1349] Building C object libs/libc/CMakeFiles/c.dir/net/lib_inetntop.c.o
[368/1349] Building C object libs/libc/CMakeFiles/c.dir/net/lib_inetntoa.c.o
[369/1349] Building C object libs/libc/CMakeFiles/c.dir/net/lib_inetpton.c.o
[370/1349] Building C object libs/libc/CMakeFiles/c.dir/net/lib_accept.c.o
[371/1349] Building C object libs/libc/CMakeFiles/c.dir/net/lib_inetnetwork.c.o
[372/1349] Building C object libs/libc/CMakeFiles/c.dir/obstack/lib_obstack_alloc.c.o
[373/1349] Building C object libs/libc/CMakeFiles/c.dir/obstack/lib_obstack_copy.c.o
[374/1349] Building C object libs/libc/CMakeFiles/c.dir/obstack/lib_obstack_init.c.o
[375/1349] Building C object libs/libc/CMakeFiles/c.dir/net/lib_etherntoa.c.o
[376/1349] Building C object libs/libc/CMakeFiles/c.dir/net/lib_etheraton.c.o
[377/1349] Building C object libs/libc/CMakeFiles/c.dir/obstack/lib_obstack_blank.c.o
[378/1349] Building C object libs/libc/CMakeFiles/c.dir/obstack/lib_obstack_free.c.o
[379/1349] Building C object libs/libc/CMakeFiles/c.dir/obstack/lib_obstack_grow.c.o
[380/1349] Building C object libs/libc/CMakeFiles/c.dir/obstack/lib_obstack_finish.c.o
[381/1349] Building C object libs/libc/CMakeFiles/c.dir/obstack/lib_obstack_object_size.c.o
[382/1349] Building C object libs/libc/CMakeFiles/c.dir/obstack/lib_obstack_make_room.c.o
[383/1349] Building C object libs/libc/CMakeFiles/c.dir/obstack/lib_obstack_room.c.o
[384/1349] Building C object libs/libc/CMakeFiles/c.dir/obstack/lib_obstack_printf.c.o
[385/1349] Building C object libs/libc/CMakeFiles/c.dir/obstack/lib_obstack_vprintf.c.o
[386/1349] Building C object libs/libc/CMakeFiles/c.dir/obstack/lib_obstack_malloc.c.o
[387/1349] Building C object libs/libc/CMakeFiles/c.dir/pthread/pthread_attr_init.c.o
[388/1349] Building C object libs/libc/CMakeFiles/c.dir/pthread/pthread_attr_destroy.c.o
[389/1349] Building C object libs/libc/CMakeFiles/c.dir/misc/lib_lrucache.c.o
[390/1349] Building C object libs/libc/CMakeFiles/c.dir/pthread/pthread_attr_setschedpolicy.c.o
[391/1349] Building C object libs/libc/CMakeFiles/c.dir/pthread/pthread_attr_getschedpolicy.c.o
[392/1349] Building C object libs/libc/CMakeFiles/c.dir/pthread/pthread_attr_setinheritsched.c.o
[393/1349] Building C object libs/libc/CMakeFiles/c.dir/pthread/pthread_attr_setdetachstate.c.o
[394/1349] Building C object libs/libc/CMakeFiles/c.dir/pthread/pthread_attr_getinheritsched.c.o
[395/1349] Building C object libs/libc/CMakeFiles/c.dir/pthread/pthread_attr_getdetachstate.c.o
[396/1349] Building C object libs/libc/CMakeFiles/c.dir/pthread/pthread_attr_setstackaddr.c.o
[397/1349] Building C object libs/libc/CMakeFiles/c.dir/pthread/pthread_attr_getstackaddr.c.o
[398/1349] Building C object libs/libc/CMakeFiles/c.dir/pthread/pthread_attr_setstacksize.c.o
[399/1349] Building C object libs/libc/CMakeFiles/c.dir/pthread/pthread_attr_getstacksize.c.o
[400/1349] Building C object libs/libc/CMakeFiles/c.dir/pthread/pthread_attr_setstack.c.o
[401/1349] Building C object libs/libc/CMakeFiles/c.dir/pthread/pthread_attr_getstack.c.o
[402/1349] Building C object libs/libc/CMakeFiles/c.dir/pthread/pthread_attr_setschedparam.c.o
[403/1349] Building C object libs/libc/CMakeFiles/c.dir/pthread/pthread_attr_setscope.c.o
[404/1349] Building C object libs/libc/CMakeFiles/c.dir/pthread/pthread_attr_getschedparam.c.o
[405/1349] Building C object libs/libc/CMakeFiles/c.dir/pthread/pthread_attr_getscope.c.o
[406/1349] Building C object libs/libc/CMakeFiles/c.dir/pthread/pthread_attr_setguardsize.c.o
[407/1349] Building C object libs/libc/CMakeFiles/c.dir/pthread/pthread_attr_getguardsize.c.o
[408/1349] Building C object libs/libc/CMakeFiles/c.dir/pthread/pthread_barrierattr_init.c.o
[409/1349] Building C object libs/libc/CMakeFiles/c.dir/pthread/pthread_barrierattr_destroy.c.o
[410/1349] Building C object libs/libc/CMakeFiles/c.dir/pthread/pthread_barrierattr_getpshared.c.o
[411/1349] Building C object libs/libc/CMakeFiles/c.dir/pthread/pthread_barrierattr_setpshared.c.o
[412/1349] Building C object libs/libc/CMakeFiles/c.dir/pthread/pthread_barrierinit.c.o
[413/1349] Building C object libs/libc/CMakeFiles/c.dir/pthread/pthread_barrierdestroy.c.o
[414/1349] Building C object libs/libc/CMakeFiles/c.dir/pthread/pthread_barrierwait.c.o
[415/1349] Building C object libs/libc/CMakeFiles/c.dir/pthread/pthread_condattr_init.c.o
[416/1349] Building C object libs/libc/CMakeFiles/c.dir/pthread/pthread_condattr_destroy.c.o
[417/1349] Building C object libs/libc/CMakeFiles/c.dir/pthread/pthread_condattr_getpshared.c.o
[418/1349] Building C object libs/libc/CMakeFiles/c.dir/pthread/pthread_condattr_setclock.c.o
[419/1349] Building C object libs/libc/CMakeFiles/c.dir/pthread/pthread_condattr_setpshared.c.o
[420/1349] Building C object libs/libc/CMakeFiles/c.dir/pthread/pthread_condattr_getclock.c.o
[421/1349] Building C object libs/libc/CMakeFiles/c.dir/pthread/pthread_condinit.c.o
[422/1349] Building C object libs/libc/CMakeFiles/c.dir/pthread/pthread_condtimedwait.c.o
[423/1349] Building C object libs/libc/CMakeFiles/c.dir/pthread/pthread_condbroadcast.c.o
[424/1349] Building C object libs/libc/CMakeFiles/c.dir/pthread/pthread_conddestroy.c.o
[425/1349] Building C object libs/libc/CMakeFiles/c.dir/pthread/pthread_condclockwait.c.o
[426/1349] Building C object libs/libc/CMakeFiles/c.dir/pthread/pthread_condsignal.c.o
[427/1349] Building C object libs/libc/CMakeFiles/c.dir/pthread/pthread_equal.c.o
[428/1349] Building C object libs/libc/CMakeFiles/c.dir/pthread/pthread_create.c.o
[429/1349] Building C object libs/libc/CMakeFiles/c.dir/pthread/pthread_exit.c.o
[430/1349] Building C object libs/libc/CMakeFiles/c.dir/pthread/pthread_condwait.c.o
[431/1349] Building C object libs/libc/CMakeFiles/c.dir/pthread/pthread_kill.c.o
[432/1349] Building C object libs/libc/CMakeFiles/c.dir/pthread/pthread_setname_np.c.o
[433/1349] Building C object libs/libc/CMakeFiles/c.dir/pthread/pthread_get_stackaddr_np.c.o
[434/1349] Building C object libs/libc/CMakeFiles/c.dir/pthread/pthread_getname_np.c.o
[435/1349] Building C object libs/libc/CMakeFiles/c.dir/pthread/pthread_get_stacksize_np.c.o
[436/1349] Building C object libs/libc/CMakeFiles/c.dir/pthread/pthread_mutexattr_init.c.o
[437/1349] Building C object libs/libc/CMakeFiles/c.dir/pthread/pthread_mutexattr_destroy.c.o
[438/1349] Building C object libs/libc/CMakeFiles/c.dir/pthread/pthread_mutexattr_getpshared.c.o
[439/1349] Building C object libs/libc/CMakeFiles/c.dir/pthread/pthread_mutexattr_setpshared.c.o
[440/1349] Building C object libs/libc/CMakeFiles/c.dir/pthread/pthread_mutexattr_setprotocol.c.o
[441/1349] Building C object libs/libc/CMakeFiles/c.dir/pthread/pthread_mutexattr_getprotocol.c.o
[442/1349] Building C object libs/libc/CMakeFiles/c.dir/pthread/pthread_mutexattr_settype.c.o
[443/1349] Building C object libs/libc/CMakeFiles/c.dir/pthread/pthread_mutexattr_gettype.c.o
[444/1349] Building C object libs/libc/CMakeFiles/c.dir/pthread/pthread_mutexattr_setrobust.c.o
[445/1349] Building C object libs/libc/CMakeFiles/c.dir/pthread/pthread_mutexattr_getrobust.c.o
[446/1349] Building C object libs/libc/CMakeFiles/c.dir/pthread/pthread_mutexattr_setprioceiling.c.o
[447/1349] Building C object libs/libc/CMakeFiles/c.dir/pthread/pthread_mutexattr_getprioceiling.c.o
[448/1349] Building C object libs/libc/CMakeFiles/c.dir/pthread/pthread_mutex_destroy.c.o
[449/1349] Building C object libs/libc/CMakeFiles/c.dir/pthread/pthread_mutex_getprioceiling.c.o
[450/1349] Building C object libs/libc/CMakeFiles/c.dir/pthread/pthread_mutex_lock.c.o
[451/1349] Building C object libs/libc/CMakeFiles/c.dir/pthread/pthread_mutex_setprioceiling.c.o
[452/1349] Building C object libs/libc/CMakeFiles/c.dir/pthread/pthread_mutex_init.c.o
[453/1349] Building C object libs/libc/CMakeFiles/c.dir/pthread/pthread_mutex.c.o
[454/1349] Building C object libs/libc/CMakeFiles/c.dir/pthread/pthread_mutex_timedlock.c.o
[455/1349] Building C object libs/libc/CMakeFiles/c.dir/pthread/pthread_yield.c.o
[456/1349] Building C object libs/libc/CMakeFiles/c.dir/pthread/pthread_mutex_trylock.c.o
[457/1349] Building C object libs/libc/CMakeFiles/c.dir/pthread/pthread_once.c.o
[458/1349] Building C object libs/libc/CMakeFiles/c.dir/pthread/pthread_mutex_unlock.c.o
[459/1349] Building C object libs/libc/CMakeFiles/c.dir/pthread/pthread_atfork.c.o
[460/1349] Building C object libs/libc/CMakeFiles/c.dir/pthread/pthread_rwlockattr_init.c.o
[461/1349] Building C object libs/libc/CMakeFiles/c.dir/pthread/pthread_rwlockattr_destroy.c.o
[462/1349] Building C object libs/libc/CMakeFiles/c.dir/pthread/pthread_rwlockattr_getpshared.c.o
[463/1349] Building C object libs/libc/CMakeFiles/c.dir/pthread/pthread_rwlockattr_setpshared.c.o
[464/1349] Building C object libs/libc/CMakeFiles/c.dir/pthread/pthread_rwlock.c.o
[465/1349] Building C object libs/libc/CMakeFiles/c.dir/pthread/pthread_rwlock_rdlock.c.o
[466/1349] Building C object libs/libc/CMakeFiles/c.dir/pthread/pthread_rwlock_wrlock.c.o
[467/1349] Building C object libs/libc/CMakeFiles/c.dir/pthread/pthread_setcancelstate.c.o
[468/1349] Building C object libs/libc/CMakeFiles/c.dir/pthread/pthread_setcanceltype.c.o
[469/1349] Building C object libs/libc/CMakeFiles/c.dir/pthread/pthread_testcancel.c.o
[470/1349] Building C object libs/libc/CMakeFiles/c.dir/pthread/pthread_getcpuclockid.c.o
[471/1349] Building C object libs/libc/CMakeFiles/c.dir/pthread/pthread_self.c.o
[472/1349] Building C object libs/libc/CMakeFiles/c.dir/pthread/pthread_gettid_np.c.o
[473/1349] Building C object libs/libc/CMakeFiles/c.dir/pwd/lib_getpwnam.c.o
[474/1349] Building C object libs/libc/CMakeFiles/c.dir/pthread/pthread_concurrency.c.o
[475/1349] Building C object libs/libc/CMakeFiles/c.dir/pthread/pthread_mutex_consistent.c.o
[476/1349] Building C object libs/libc/CMakeFiles/c.dir/pthread/pthread_mutex_inconsistent.c.o
[477/1349] Building C object libs/libc/CMakeFiles/c.dir/pwd/lib_getpwuid.c.o
[478/1349] Building C object libs/libc/CMakeFiles/c.dir/pwd/lib_getpwnamr.c.o
[479/1349] Building C object libs/libc/CMakeFiles/c.dir/pwd/lib_getpwuidr.c.o
[480/1349] Building C object libs/libc/CMakeFiles/c.dir/queue/queue.c.o
[481/1349] Building C object libs/libc/CMakeFiles/c.dir/pwd/lib_getpwbufr.c.o
[482/1349] Building C object libs/libc/CMakeFiles/c.dir/pwd/lib_getpwent.c.o
[483/1349] Building C object libs/libc/CMakeFiles/c.dir/pwd/lib_getspnam.c.o
[484/1349] Building C object libs/libc/CMakeFiles/c.dir/pwd/lib_getpwbuf.c.o
[485/1349] Building C object libs/libc/CMakeFiles/c.dir/sched/sched_getprioritymax.c.o
[486/1349] Building C object libs/libc/CMakeFiles/c.dir/sched/sched_getprioritymin.c.o
[487/1349] Building C object libs/libc/CMakeFiles/c.dir/sched/clock_getcpuclockid.c.o
[488/1349] Building C object libs/libc/CMakeFiles/c.dir/sched/task_testcancel.c.o
[489/1349] Building C object libs/libc/CMakeFiles/c.dir/sched/task_cancelpt.c.o
[490/1349] Building C object libs/libc/CMakeFiles/c.dir/sched/task_setcanceltype.c.o
[491/1349] Building C object libs/libc/CMakeFiles/c.dir/sched/task_setcancelstate.c.o
[492/1349] Building C object libs/libc/CMakeFiles/c.dir/sched/sched_backtrace.c.o
[493/1349] Building C object libs/libc/CMakeFiles/c.dir/sched/task_getpid.c.o
[494/1349] Building C object libs/libc/CMakeFiles/c.dir/search/hash_func.c.o
[495/1349] Building C object libs/libc/CMakeFiles/c.dir/sched/sched_dumpstack.c.o
[496/1349] Building C object libs/libc/CMakeFiles/c.dir/sched/task_startup.c.o
[497/1349] Building C object libs/libc/CMakeFiles/c.dir/search/hcreate.c.o
[498/1349] Building C object libs/libc/CMakeFiles/c.dir/search/hcreate_r.c.o
[499/1349] Building C object libs/libc/CMakeFiles/c.dir/semaphore/sem_init.c.o
[500/1349] Building C object libs/libc/CMakeFiles/c.dir/semaphore/sem_setprotocol.c.o
[501/1349] Building C object libs/libc/CMakeFiles/c.dir/semaphore/sem_getprotocol.c.o
[502/1349] Building C object libs/libc/CMakeFiles/c.dir/semaphore/sem_getvalue.c.o
[503/1349] Building C object libs/libc/CMakeFiles/c.dir/semaphore/sem_destroy.c.o
[504/1349] Building C object libs/libc/CMakeFiles/c.dir/semaphore/sem_wait.c.o
[505/1349] Building C object libs/libc/CMakeFiles/c.dir/semaphore/sem_trywait.c.o
[506/1349] Building C object libs/libc/CMakeFiles/c.dir/semaphore/sem_timedwait.c.o
[507/1349] Building C object libs/libc/CMakeFiles/c.dir/semaphore/sem_clockwait.c.o
[508/1349] Building C object libs/libc/CMakeFiles/c.dir/semaphore/sem_post.c.o
[509/1349] Building C object libs/libc/CMakeFiles/c.dir/signal/sig_altstack.c.o
[510/1349] Building C object libs/libc/CMakeFiles/c.dir/signal/sig_andset.c.o
[511/1349] Building C object libs/libc/CMakeFiles/c.dir/signal/sig_addset.c.o
[512/1349] Building C object libs/libc/CMakeFiles/c.dir/signal/sig_hold.c.o
[513/1349] Building C object libs/libc/CMakeFiles/c.dir/signal/sig_delset.c.o
[514/1349] Building C object libs/libc/CMakeFiles/c.dir/signal/sig_emptyset.c.o
[515/1349] Building C object libs/libc/CMakeFiles/c.dir/signal/sig_fillset.c.o
[516/1349] Building C object libs/libc/CMakeFiles/c.dir/signal/sig_isemptyset.c.o
[517/1349] Building C object libs/libc/CMakeFiles/c.dir/signal/sig_ismember.c.o
[518/1349] Building C object libs/libc/CMakeFiles/c.dir/signal/sig_killpg.c.o
[519/1349] Building C object libs/libc/CMakeFiles/c.dir/signal/sig_longjmp.c.o
[520/1349] Building C object libs/libc/CMakeFiles/c.dir/signal/sig_orset.c.o
[521/1349] Building C object libs/libc/CMakeFiles/c.dir/signal/sig_nandset.c.o
[522/1349] Building C object libs/libc/CMakeFiles/c.dir/signal/sig_relse.c.o
[523/1349] Building C object libs/libc/CMakeFiles/c.dir/signal/sig_pause.c.o
[524/1349] Building C object libs/libc/CMakeFiles/c.dir/signal/sig_psignal.c.o
[525/1349] Building C object libs/libc/CMakeFiles/c.dir/signal/sig_raise.c.o
[526/1349] Building C object libs/libc/CMakeFiles/c.dir/signal/sig_ignore.c.o
[527/1349] Building C object libs/libc/CMakeFiles/c.dir/signal/sig_xorset.c.o
[528/1349] Building C object libs/libc/CMakeFiles/c.dir/signal/sig_wait.c.o
[529/1349] Building C object libs/libc/CMakeFiles/c.dir/signal/sig_interrupt.c.o
[530/1349] Building C object libs/libc/CMakeFiles/c.dir/signal/sig_signal.c.o
[531/1349] Building C object libs/libc/CMakeFiles/c.dir/signal/sig_set.c.o
[532/1349] Building C object libs/libc/CMakeFiles/c.dir/spawn/lib_psfa_addaction.c.o
[533/1349] Building C object libs/libc/CMakeFiles/c.dir/spawn/lib_psfa_addclose.c.o
[534/1349] Building C object libs/libc/CMakeFiles/c.dir/spawn/lib_psfa_init.c.o
[535/1349] Building C object libs/libc/CMakeFiles/c.dir/spawn/lib_psfa_addopen.c.o
[536/1349] Building C object libs/libc/CMakeFiles/c.dir/spawn/lib_psfa_adddup2.c.o
[537/1349] Building C object libs/libc/CMakeFiles/c.dir/spawn/lib_psa_getflags.c.o
[538/1349] Building C object libs/libc/CMakeFiles/c.dir/spawn/lib_psfa_destroy.c.o
[539/1349] Building C object libs/libc/CMakeFiles/c.dir/spawn/lib_psa_getschedparam.c.o
[540/1349] Building C object libs/libc/CMakeFiles/c.dir/spawn/lib_psa_getschedpolicy.c.o
[541/1349] Building C object libs/libc/CMakeFiles/c.dir/spawn/lib_psa_setflags.c.o
[542/1349] Building C object libs/libc/CMakeFiles/c.dir/spawn/lib_psa_setschedparam.c.o
[543/1349] Building C object libs/libc/CMakeFiles/c.dir/spawn/lib_psa_setschedpolicy.c.o
[544/1349] Building C object libs/libc/CMakeFiles/c.dir/spawn/lib_psa_init.c.o
[545/1349] Building C object libs/libc/CMakeFiles/c.dir/spawn/lib_psa_getsigmask.c.o
[546/1349] Building C object libs/libc/CMakeFiles/c.dir/spawn/lib_psa_setsigmask.c.o
[547/1349] Building C object libs/libc/CMakeFiles/c.dir/spawn/lib_psa_getstacksize.c.o
[548/1349] Building C object libs/libc/CMakeFiles/c.dir/spawn/lib_psa_getpriority.c.o
[549/1349] Building C object libs/libc/CMakeFiles/c.dir/spawn/lib_psa_setstacksize.c.o
[550/1349] Building C object libs/libc/CMakeFiles/c.dir/spawn/lib_psa_setpriority.c.o
[551/1349] Building C object libs/libc/CMakeFiles/c.dir/spawn/lib_psa_getstackaddr.c.o
[552/1349] Building C object libs/libc/CMakeFiles/c.dir/spawn/lib_psa_setstackaddr.c.o
[553/1349] Building C object libs/libc/CMakeFiles/c.dir/spawn/lib_psa_destroy.c.o
[554/1349] Building C object libs/libc/CMakeFiles/c.dir/stdio/lib_fileno.c.o
[555/1349] Building C object libs/libc/CMakeFiles/c.dir/spawn/lib_psfa_dump.c.o
[556/1349] Building C object libs/libc/CMakeFiles/c.dir/spawn/lib_psa_dump.c.o
[557/1349] Building C object libs/libc/CMakeFiles/c.dir/stdio/lib_sprintf.c.o
[558/1349] Building C object libs/libc/CMakeFiles/c.dir/stdio/lib_asprintf.c.o
[559/1349] Building C object libs/libc/CMakeFiles/c.dir/stdio/lib_printf.c.o
[560/1349] Building C object libs/libc/CMakeFiles/c.dir/stdio/lib_snprintf.c.o
[561/1349] Building C object libs/libc/CMakeFiles/c.dir/stdio/lib_vsprintf.c.o
[562/1349] Building C object libs/libc/CMakeFiles/c.dir/stdio/lib_dprintf.c.o
[563/1349] Building C object libs/libc/CMakeFiles/c.dir/stdio/lib_vsnprintf.c.o
[564/1349] Building C object libs/libc/CMakeFiles/c.dir/stdio/lib_vdprintf.c.o
[565/1349] Building C object libs/libc/CMakeFiles/c.dir/stdio/lib_vasprintf.c.o
[566/1349] Building C object libs/libc/CMakeFiles/c.dir/stdio/lib_vprintf.c.o
[567/1349] Building C object libs/libc/CMakeFiles/c.dir/stdio/lib_perror.c.o
[568/1349] Building C object libs/libc/CMakeFiles/c.dir/stdio/lib_putchar.c.o
[569/1349] Building C object libs/libc/CMakeFiles/c.dir/stdio/lib_getchar.c.o
[570/1349] Building C object libs/libc/CMakeFiles/c.dir/stdio/lib_gets_s.c.o
[571/1349] Building C object libs/libc/CMakeFiles/c.dir/stdio/lib_puts.c.o
[572/1349] Building C object libs/libc/CMakeFiles/c.dir/stdio/lib_vsscanf.c.o
[573/1349] Building C object libs/libc/CMakeFiles/c.dir/stdio/lib_sscanf.c.o
[574/1349] Building C object libs/libc/CMakeFiles/c.dir/stdio/lib_gets.c.o
[575/1349] Building C object libs/libc/CMakeFiles/c.dir/stdio/lib_libdgets.c.o
[576/1349] Building C object libs/libc/CMakeFiles/c.dir/stdio/lib_tempnam.c.o
[577/1349] Building C object libs/libc/CMakeFiles/c.dir/stdio/lib_remove.c.o
[578/1349] Building C object libs/libc/CMakeFiles/c.dir/stdio/lib_tmpnam.c.o
[579/1349] Building C object libs/libc/CMakeFiles/c.dir/stdio/lib_renameat.c.o
[580/1349] Building C object libs/libc/CMakeFiles/c.dir/stdio/lib_putwchar.c.o
[581/1349] Building C object libs/libc/CMakeFiles/c.dir/stdio/lib_freopen.c.o
[582/1349] Building C object libs/libc/CMakeFiles/c.dir/stdio/lib_fread.c.o
[583/1349] Building C object libs/libc/CMakeFiles/c.dir/stdio/lib_fseek.c.o
[584/1349] Building C object libs/libc/CMakeFiles/c.dir/stdio/lib_fopen.c.o
[585/1349] Building C object libs/libc/CMakeFiles/c.dir/stdio/lib_fclose.c.o
[586/1349] Building C object libs/libc/CMakeFiles/c.dir/stdio/lib_libfread_unlocked.c.o
[587/1349] Building C object libs/libc/CMakeFiles/c.dir/stdio/lib_ftell.c.o
[588/1349] Building C object libs/libc/CMakeFiles/c.dir/stdio/lib_fseeko.c.o
[589/1349] Building C object libs/libc/CMakeFiles/c.dir/stdio/lib_ftello.c.o
[590/1349] Building C object libs/libc/CMakeFiles/c.dir/stdio/lib_fgetpos.c.o
[591/1349] Building C object libs/libc/CMakeFiles/c.dir/stdio/lib_fsetpos.c.o
[592/1349] Building C object libs/libc/CMakeFiles/c.dir/stdio/lib_getdelim.c.o
[593/1349] Building C object libs/libc/CMakeFiles/c.dir/stdio/lib_getc.c.o
[594/1349] Building C object libs/libc/CMakeFiles/c.dir/stdio/lib_fgetc.c.o
[595/1349] Building C object libs/libc/CMakeFiles/c.dir/stdio/lib_fgets.c.o
[596/1349] Building C object libs/libc/CMakeFiles/c.dir/stdio/lib_fwrite.c.o
[597/1349] Building C object libs/libc/CMakeFiles/c.dir/stdio/lib_fflush.c.o
[598/1349] Building C object libs/libc/CMakeFiles/c.dir/stdio/lib_libfgets.c.o
[599/1349] Building C object libs/libc/CMakeFiles/c.dir/stdio/lib_libfwrite.c.o
[600/1349] Building C object libs/libc/CMakeFiles/c.dir/stdio/lib_libfflush.c.o
[601/1349] Building C object libs/libc/CMakeFiles/c.dir/stdio/lib_libflushall.c.o
[602/1349] Building C object libs/libc/CMakeFiles/c.dir/stdio/lib_wrflush_unlocked.c.o
[603/1349] Building C object libs/libc/CMakeFiles/c.dir/stdio/lib_rdflush_unlocked.c.o
[604/1349] Building C object libs/libc/CMakeFiles/c.dir/stdio/lib_putc.c.o
[605/1349] Building C object libs/libc/CMakeFiles/c.dir/stdio/lib_fputc.c.o
[606/1349] Building C object libs/libc/CMakeFiles/c.dir/stdio/lib_fprintf.c.o
[607/1349] Building C object libs/libc/CMakeFiles/c.dir/stdio/lib_ungetc.c.o
[608/1349] Building C object libs/libc/CMakeFiles/c.dir/stdio/lib_vfprintf.c.o
[609/1349] Building C object libs/libc/CMakeFiles/c.dir/stdio/lib_feof.c.o
[610/1349] Building C object libs/libc/CMakeFiles/c.dir/stdio/lib_fputs.c.o
[611/1349] Building C object libs/libc/CMakeFiles/c.dir/stdio/lib_ferror.c.o
[612/1349] Building C object libs/libc/CMakeFiles/c.dir/stdio/lib_rewind.c.o
[613/1349] Building C object libs/libc/CMakeFiles/c.dir/stdio/lib_clearerr.c.o
[614/1349] Building C object libs/libc/CMakeFiles/c.dir/stdio/lib_vscanf.c.o
[615/1349] Building C object libs/libc/CMakeFiles/c.dir/stdio/lib_scanf.c.o
[616/1349] Building C object libs/libc/CMakeFiles/c.dir/stdio/lib_fscanf.c.o
[617/1349] Building C object libs/libc/CMakeFiles/c.dir/stdio/lib_vfscanf.c.o
[618/1349] Building C object libs/libc/CMakeFiles/c.dir/stdio/lib_setbuf.c.o
[619/1349] Building C object libs/libc/CMakeFiles/c.dir/stdio/lib_tmpfile.c.o
[620/1349] Building C object libs/libc/CMakeFiles/c.dir/stdio/lib_setvbuf.c.o
[621/1349] Building C object libs/libc/CMakeFiles/c.dir/stdio/lib_libgetstreams.c.o
[622/1349] Building C object libs/libc/CMakeFiles/c.dir/stdio/lib_setbuffer.c.o
[623/1349] Building C object libs/libc/CMakeFiles/c.dir/stdio/lib_libfilelock.c.o
[624/1349] Building C object libs/libc/CMakeFiles/c.dir/stdio/lib_fputwc.c.o
[625/1349] Building C object libs/libc/CMakeFiles/c.dir/stdio/lib_putwc.c.o
[626/1349] Building C object libs/libc/CMakeFiles/c.dir/stdio/lib_fputws.c.o
[627/1349] Building C object libs/libc/CMakeFiles/c.dir/stdio/lib_fopencookie.c.o
[628/1349] Building C object libs/libc/CMakeFiles/c.dir/stdio/lib_fmemopen.c.o
[629/1349] Building C object libs/libc/CMakeFiles/c.dir/stdio/lib_fgetwc.c.o
[630/1349] Building C object libs/libc/CMakeFiles/c.dir/stdio/lib_getwc.c.o
[631/1349] Building C object libs/libc/CMakeFiles/c.dir/stdlib/lib_abs.c.o
[632/1349] Building C object libs/libc/CMakeFiles/c.dir/stdio/lib_open_memstream.c.o
[633/1349] Building C object libs/libc/CMakeFiles/c.dir/stdio/lib_ungetwc.c.o
[634/1349] Building C object libs/libc/CMakeFiles/c.dir/stdlib/lib_atof.c.o
[635/1349] Building C object libs/libc/CMakeFiles/c.dir/stdlib/lib_atoi.c.o
[636/1349] Building C object libs/libc/CMakeFiles/c.dir/stdlib/lib_atol.c.o
[637/1349] Building C object libs/libc/CMakeFiles/c.dir/stdlib/lib_atoll.c.o
[638/1349] Building C object libs/libc/CMakeFiles/c.dir/stdlib/lib_abort.c.o
[639/1349] Building C object libs/libc/CMakeFiles/c.dir/stdlib/lib_ldiv.c.o
[640/1349] Building C object libs/libc/CMakeFiles/c.dir/stdlib/lib_div.c.o
[641/1349] Building C object libs/libc/CMakeFiles/c.dir/stdlib/lib_getprogname.c.o
[642/1349] Building C object libs/libc/CMakeFiles/c.dir/stdlib/lib_lldiv.c.o
[643/1349] Building C object libs/libc/CMakeFiles/c.dir/stdlib/lib_labs.c.o
[644/1349] Building C object libs/libc/CMakeFiles/c.dir/stdlib/lib_llabs.c.o
[645/1349] Building C object libs/libc/CMakeFiles/c.dir/stdlib/lib_itoa.c.o
[646/1349] Building C object libs/libc/CMakeFiles/c.dir/stdlib/lib_bsearch.c.o
[647/1349] Building C object libs/libc/CMakeFiles/c.dir/stdlib/lib_exit.c.o
[648/1349] Building C object libs/libc/CMakeFiles/c.dir/stdlib/lib_rand.c.o
[649/1349] Building C object libs/libc/CMakeFiles/c.dir/stdlib/lib_realpath.c.o
[650/1349] Building C object libs/libc/CMakeFiles/c.dir/stdlib/lib_reallocarray.c.o
[651/1349] Building C object libs/libc/CMakeFiles/c.dir/stdlib/lib_rand48.c.o
[652/1349] Building C object libs/libc/CMakeFiles/c.dir/stdlib/lib_srand.c.o
[653/1349] Building C object libs/libc/CMakeFiles/c.dir/stdlib/lib_strtol.c.o
[654/1349] Building C object libs/libc/CMakeFiles/c.dir/stdlib/lib_qsort.c.o
[655/1349] Building C object libs/libc/CMakeFiles/c.dir/stdlib/lib_strtoll.c.o
[656/1349] Building C object libs/libc/CMakeFiles/c.dir/stdlib/lib_strtoul.c.o
[657/1349] Building C object libs/libc/CMakeFiles/c.dir/stdlib/lib_strtoull.c.o
[658/1349] Building C object libs/libc/CMakeFiles/c.dir/stdlib/lib_checkbase.c.o
[659/1349] Building C object libs/libc/CMakeFiles/c.dir/stdlib/lib_mkstemp.c.o
[660/1349] Building C object libs/libc/CMakeFiles/c.dir/stdlib/lib_mkdtemp.c.o
[661/1349] Building C object libs/libc/CMakeFiles/c.dir/stdlib/lib_aligned_alloc.c.o
[662/1349] Building C object libs/libc/CMakeFiles/c.dir/stdlib/lib_mktemp.c.o
[663/1349] Building C object libs/libc/CMakeFiles/c.dir/stdlib/lib_posix_memalign.c.o
[664/1349] Building C object libs/libc/CMakeFiles/c.dir/stdlib/lib_valloc.c.o
[665/1349] Building C object libs/libc/CMakeFiles/c.dir/stdlib/lib_mblen.c.o
[666/1349] Building C object libs/libc/CMakeFiles/c.dir/stdlib/lib_mbtowc.c.o
[667/1349] Building C object libs/libc/CMakeFiles/c.dir/stdlib/lib_wctomb.c.o
[668/1349] Building C object libs/libc/CMakeFiles/c.dir/stdlib/lib_mbstowcs.c.o
[669/1349] Building C object libs/libc/CMakeFiles/c.dir/stdlib/lib_strtold.c.o
[670/1349] Building C object libs/libc/CMakeFiles/c.dir/stdlib/lib_wcstombs.c.o
[671/1349] Building C object libs/libc/CMakeFiles/c.dir/stdlib/lib_arc4random.c.o
[672/1349] Building C object libs/libc/CMakeFiles/c.dir/stream/lib_memoutstream.c.o
[673/1349] Building C object libs/libc/CMakeFiles/c.dir/stream/lib_meminstream.c.o
[674/1349] Building C object libs/libc/CMakeFiles/c.dir/stdlib/lib_atexit.c.o
[675/1349] Building C object libs/libc/CMakeFiles/c.dir/stream/lib_memsistream.c.o
[676/1349] Building C object libs/libc/CMakeFiles/c.dir/stream/lib_memsostream.c.o
[677/1349] Building C object libs/libc/CMakeFiles/c.dir/stream/lib_lowoutstream.c.o
[678/1349] Building C object libs/libc/CMakeFiles/c.dir/stream/lib_rawoutstream.c.o
[679/1349] Building C object libs/libc/CMakeFiles/c.dir/stream/lib_rawinstream.c.o
[680/1349] Building C object libs/libc/CMakeFiles/c.dir/stream/lib_rawsistream.c.o
[681/1349] Building C object libs/libc/CMakeFiles/c.dir/stream/lib_rawsostream.c.o
[682/1349] Building C object libs/libc/CMakeFiles/c.dir/stream/lib_zeroinstream.c.o
[683/1349] Building C object libs/libc/CMakeFiles/c.dir/stream/lib_nullinstream.c.o
[684/1349] Building C object libs/libc/CMakeFiles/c.dir/stream/lib_nulloutstream.c.o
[685/1349] Building C object libs/libc/CMakeFiles/c.dir/stream/lib_mtdoutstream.c.o
[686/1349] Building C object libs/libc/CMakeFiles/c.dir/stream/lib_mtdsostream.c.o
[687/1349] Building C object libs/libc/CMakeFiles/c.dir/stream/lib_libnoflush.c.o
[688/1349] Building C object libs/libc/CMakeFiles/c.dir/stream/lib_libsnoflush.c.o
[689/1349] Building C object libs/libc/CMakeFiles/c.dir/stream/lib_syslogstream.c.o
[690/1349] Building C object libs/libc/CMakeFiles/c.dir/stream/lib_bufferedoutstream.c.o
[691/1349] Building C object libs/libc/CMakeFiles/c.dir/stream/lib_hexdumpstream.c.o
[692/1349] Building C object libs/libc/CMakeFiles/c.dir/stream/lib_filesistream.c.o
[693/1349] Building C object libs/libc/CMakeFiles/c.dir/stream/lib_base64outstream.c.o
[694/1349] Building C object libs/libc/CMakeFiles/c.dir/stream/lib_fileoutstream.c.o
[695/1349] Building C object libs/libc/CMakeFiles/c.dir/stream/lib_ultoa_invert.c.o
[696/1349] Building C object libs/libc/CMakeFiles/c.dir/stream/lib_libbsprintf.c.o
[697/1349] Building C object libs/libc/CMakeFiles/c.dir/stream/lib_libosprintf.c.o
[698/1349] Building C object libs/libc/CMakeFiles/c.dir/stream/lib_syslograwstream.c.o
[699/1349] Building C object libs/libc/CMakeFiles/c.dir/stream/lib_dtoa_data.c.o
[700/1349] Building C object libs/libc/CMakeFiles/c.dir/stream/lib_dtoa_engine.c.o
[701/1349] Building C object libs/libc/CMakeFiles/c.dir/stream/lib_stdinstream.c.o
[702/1349] Building C object libs/libc/CMakeFiles/c.dir/stream/lib_stdoutstream.c.o
[703/1349] Building C object libs/libc/CMakeFiles/c.dir/stream/lib_stdsistream.c.o
[704/1349] Building C object libs/libc/CMakeFiles/c.dir/stream/lib_stdsostream.c.o
[705/1349] Building C object libs/libc/CMakeFiles/c.dir/string/lib_bzero.c.o
[706/1349] Building C object libs/libc/CMakeFiles/c.dir/stream/lib_libvscanf.c.o
[707/1349] Building C object libs/libc/CMakeFiles/c.dir/string/lib_memmem.c.o
[708/1349] Building C object libs/libc/CMakeFiles/c.dir/string/lib_popcount.c.o
[709/1349] Building C object libs/libc/CMakeFiles/c.dir/string/lib_isbasedigit.c.o
[710/1349] Building C object libs/libc/CMakeFiles/c.dir/stream/lib_libvsprintf.c.o
[711/1349] Building C object libs/libc/CMakeFiles/c.dir/stream/lib_blkoutstream.c.o
[712/1349] Building C object libs/libc/CMakeFiles/c.dir/string/lib_popcountl.c.o
[713/1349] Building C object libs/libc/CMakeFiles/c.dir/string/lib_popcountll.c.o
[714/1349] Building C object libs/libc/CMakeFiles/c.dir/string/lib_skipspace.c.o
[715/1349] Building C object libs/libc/CMakeFiles/c.dir/string/lib_strcasecmp.c.o
[716/1349] Building C object libs/libc/CMakeFiles/c.dir/string/lib_strcspn.c.o
[717/1349] Building C object libs/libc/CMakeFiles/c.dir/string/lib_strerror.c.o
[718/1349] Building C object libs/libc/CMakeFiles/c.dir/string/lib_strncasecmp.c.o
[719/1349] Building C object libs/libc/CMakeFiles/c.dir/string/lib_strdup.c.o
[720/1349] Building C object libs/libc/CMakeFiles/c.dir/string/lib_strncat.c.o
[721/1349] Building C object libs/libc/CMakeFiles/c.dir/string/lib_strcasestr.c.o
[722/1349] Building C object libs/libc/CMakeFiles/c.dir/string/lib_strndup.c.o
[723/1349] Building C object libs/libc/CMakeFiles/c.dir/string/lib_strpbrk.c.o
[724/1349] Building C object libs/libc/CMakeFiles/c.dir/string/lib_strspn.c.o
[725/1349] Building C object libs/libc/CMakeFiles/c.dir/string/lib_strstr.c.o
[726/1349] Building C object libs/libc/CMakeFiles/c.dir/string/lib_strtokr.c.o
[727/1349] Building C object libs/libc/CMakeFiles/c.dir/string/lib_strsep.c.o
[728/1349] Building C object libs/libc/CMakeFiles/c.dir/string/lib_explicit_bzero.c.o
[729/1349] Building C object libs/libc/CMakeFiles/c.dir/string/lib_strerrorr.c.o
[730/1349] Building C object libs/libc/CMakeFiles/c.dir/string/lib_strtok.c.o
[731/1349] Building C object libs/libc/CMakeFiles/c.dir/string/lib_index.c.o
[732/1349] Building C object libs/libc/CMakeFiles/c.dir/string/lib_rindex.c.o
[733/1349] Building C object libs/libc/CMakeFiles/c.dir/string/lib_strsignal.c.o
[734/1349] Building C object libs/libc/CMakeFiles/c.dir/string/lib_timingsafe_bcmp.c.o
[735/1349] Building C object libs/libc/CMakeFiles/c.dir/string/lib_strverscmp.c.o
[736/1349] Building C object libs/libc/CMakeFiles/c.dir/string/lib_mempcpy.c.o
[737/1349] Building C object libs/libc/CMakeFiles/c.dir/string/lib_rawmemchr.c.o
[738/1349] Building C object libs/libc/CMakeFiles/c.dir/string/lib_memmove.c.o
[739/1349] Building C object libs/libc/CMakeFiles/c.dir/string/lib_strlcat.c.o
[740/1349] Building C object libs/libc/CMakeFiles/c.dir/string/lib_strlcpy.c.o
[741/1349] Building C object libs/libc/CMakeFiles/c.dir/string/lib_strnlen.c.o
[742/1349] Building C object libs/libc/CMakeFiles/c.dir/string/lib_bsdmemcpy.c.o
[743/1349] Building C object libs/libc/CMakeFiles/c.dir/string/lib_bsdmemccpy.c.o
[744/1349] Building C object libs/libc/CMakeFiles/c.dir/string/lib_bsdmemcmp.c.o
[745/1349] Building C object libs/libc/CMakeFiles/c.dir/string/lib_bsdmemset.c.o
[746/1349] Building C object libs/libc/CMakeFiles/c.dir/string/lib_bsdmemrchr.c.o
[747/1349] Building C object libs/libc/CMakeFiles/c.dir/string/lib_bsdstpncpy.c.o
[748/1349] Building C object libs/libc/CMakeFiles/c.dir/string/lib_bsdstrchr.c.o
[749/1349] Building C object libs/libc/CMakeFiles/c.dir/string/lib_bsdstrcmp.c.o
[750/1349] Building C object libs/libc/CMakeFiles/c.dir/string/lib_bsdstrlen.c.o
[751/1349] Building C object libs/libc/CMakeFiles/c.dir/string/lib_bsdmemchr.c.o
[752/1349] Building C object libs/libc/CMakeFiles/c.dir/string/lib_bsdstrncpy.c.o
[753/1349] Building C object libs/libc/CMakeFiles/c.dir/string/lib_bsdstpcpy.c.o
[754/1349] Building C object libs/libc/CMakeFiles/c.dir/string/lib_bsdstrcat.c.o
[755/1349] Building C object libs/libc/CMakeFiles/c.dir/string/lib_bsdstrchrnul.c.o
[756/1349] Building C object libs/libc/CMakeFiles/c.dir/string/lib_bsdstrcpy.c.o
[757/1349] Building C object libs/libc/CMakeFiles/c.dir/string/lib_bsdstrrchr.c.o
[758/1349] Building C object libs/libc/CMakeFiles/c.dir/string/lib_bsdstrncmp.c.o
[759/1349] Building C object libs/libc/CMakeFiles/c.dir/symtab/symtab_sortbyname.c.o
[760/1349] Building C object libs/libc/CMakeFiles/c.dir/symtab/symtab_findbyname.c.o
[761/1349] Building C object libs/libc/CMakeFiles/c.dir/symtab/symtab_findbyvalue.c.o
[762/1349] Building C object libs/libc/CMakeFiles/c.dir/termios/lib_cfmakeraw.c.o
[763/1349] Building C object libs/libc/CMakeFiles/c.dir/termios/lib_cfspeed.c.o
[764/1349] Building C object libs/libc/CMakeFiles/c.dir/syslog/lib_setlogmask.c.o
[765/1349] Building C object libs/libc/CMakeFiles/c.dir/termios/lib_tcflush.c.o
[766/1349] Building C object libs/libc/CMakeFiles/c.dir/syslog/lib_syslog.c.o
[767/1349] Building C object libs/libc/CMakeFiles/c.dir/termios/lib_tcdrain.c.o
[768/1349] Building C object libs/libc/CMakeFiles/c.dir/termios/lib_isatty.c.o
[769/1349] Building C object libs/libc/CMakeFiles/c.dir/termios/lib_tcflow.c.o
[770/1349] Building C object libs/libc/CMakeFiles/c.dir/termios/lib_tcgetattr.c.o
[771/1349] Building C object libs/libc/CMakeFiles/c.dir/termios/lib_tcsetattr.c.o
[772/1349] Building C object libs/libc/CMakeFiles/c.dir/termios/lib_tcsendbreak.c.o
[773/1349] Building C object libs/libc/CMakeFiles/c.dir/termios/lib_ttyname.c.o
[774/1349] Building C object libs/libc/CMakeFiles/c.dir/termios/lib_ttynamer.c.o
[775/1349] Building C object libs/libc/CMakeFiles/c.dir/time/lib_daysbeforemonth.c.o
[776/1349] Building C object libs/libc/CMakeFiles/c.dir/time/lib_calendar2utc.c.o
[777/1349] Building C object libs/libc/CMakeFiles/c.dir/time/lib_gettimeofday.c.o
[778/1349] Building C object libs/libc/CMakeFiles/c.dir/time/lib_time.c.o
[779/1349] Building C object libs/libc/CMakeFiles/c.dir/time/lib_isleapyear.c.o
[780/1349] Building C object libs/libc/CMakeFiles/c.dir/time/lib_timespec_get.c.o
[781/1349] Building C object libs/libc/CMakeFiles/c.dir/time/lib_settimeofday.c.o
[782/1349] Building C object libs/libc/CMakeFiles/c.dir/time/lib_nanosleep.c.o
[783/1349] Building C object libs/libc/CMakeFiles/c.dir/time/lib_strftime.c.o
[784/1349] Building C object libs/libc/CMakeFiles/c.dir/time/lib_difftime.c.o
[785/1349] Building C object libs/libc/CMakeFiles/c.dir/time/lib_ctime.c.o
[786/1349] Building C object libs/libc/CMakeFiles/c.dir/time/lib_ctimer.c.o
[787/1349] Building C object libs/libc/CMakeFiles/c.dir/time/lib_dayofweek.c.o
[788/1349] Building C object libs/libc/CMakeFiles/c.dir/time/lib_gethrtime.c.o
[789/1349] Building C object libs/libc/CMakeFiles/c.dir/time/lib_asctime.c.o
[790/1349] Building C object libs/libc/CMakeFiles/c.dir/time/lib_asctimer.c.o
[791/1349] Building C object libs/libc/CMakeFiles/c.dir/time/lib_gmtime.c.o
[792/1349] Building C object libs/libc/CMakeFiles/c.dir/tls/tls_getinfo.c.o
[793/1349] Building C object libs/libc/CMakeFiles/c.dir/time/lib_timegm.c.o
[794/1349] Building C object libs/libc/CMakeFiles/c.dir/time/lib_gmtimer.c.o
[795/1349] Building C object libs/libc/CMakeFiles/c.dir/uio/lib_preadv.c.o
[796/1349] Building C object libs/libc/CMakeFiles/c.dir/uio/lib_pwritev.c.o
[797/1349] Building C object libs/libc/CMakeFiles/c.dir/unistd/lib_daemon.c.o
[798/1349] Building C object libs/libc/CMakeFiles/c.dir/unistd/lib_access.c.o
[799/1349] Building C object libs/libc/CMakeFiles/c.dir/unistd/lib_swab.c.o
[800/1349] Building C object libs/libc/CMakeFiles/c.dir/unistd/lib_pathconf.c.o
[801/1349] Building C object libs/libc/CMakeFiles/c.dir/unistd/lib_sysconf.c.o
[802/1349] Building C object libs/libc/CMakeFiles/c.dir/unistd/lib_getcwd.c.o
[803/1349] Building C object libs/libc/CMakeFiles/c.dir/unistd/lib_getentropy.c.o
[804/1349] Building C object libs/libc/CMakeFiles/c.dir/unistd/lib_getopt.c.o
[805/1349] Building C object libs/libc/CMakeFiles/c.dir/unistd/lib_getopt_long.c.o
[806/1349] Building C object libs/libc/CMakeFiles/c.dir/unistd/lib_getopt_longonly.c.o
[807/1349] Building C object libs/libc/CMakeFiles/c.dir/unistd/lib_getoptvars.c.o
[808/1349] Building C object libs/libc/CMakeFiles/c.dir/unistd/lib_getopt_common.c.o
[809/1349] Building C object libs/libc/CMakeFiles/c.dir/unistd/lib_times.c.o
[810/1349] Building C object libs/libc/CMakeFiles/c.dir/unistd/lib_getoptargp.c.o
[811/1349] Building C object libs/libc/CMakeFiles/c.dir/unistd/lib_getoptindp.c.o
[812/1349] Building C object libs/libc/CMakeFiles/c.dir/unistd/lib_getopterrp.c.o
[813/1349] Building C object libs/libc/CMakeFiles/c.dir/unistd/lib_getoptoptp.c.o
[814/1349] Building C object libs/libc/CMakeFiles/c.dir/unistd/lib_fstatvfs.c.o
[815/1349] Building C object libs/libc/CMakeFiles/c.dir/unistd/lib_alarm.c.o
[816/1349] Building C object libs/libc/CMakeFiles/c.dir/unistd/lib_statvfs.c.o
[817/1349] Building C object libs/libc/CMakeFiles/c.dir/unistd/lib_sleep.c.o
[818/1349] Building C object libs/libc/CMakeFiles/c.dir/unistd/lib_nice.c.o
[819/1349] Building C object libs/libc/CMakeFiles/c.dir/unistd/lib_getrusage.c.o
[820/1349] Building C object libs/libc/CMakeFiles/c.dir/unistd/lib_utime.c.o
[821/1349] Building C object libs/libc/CMakeFiles/c.dir/unistd/lib_setreuid.c.o
[822/1349] Building C object libs/libc/CMakeFiles/c.dir/unistd/lib_setregid.c.o
[823/1349] Building C object libs/libc/CMakeFiles/c.dir/unistd/lib_setrlimit.c.o
[824/1349] Building C object libs/libc/CMakeFiles/c.dir/unistd/lib_utimes.c.o
[825/1349] Building C object libs/libc/CMakeFiles/c.dir/unistd/lib_futimes.c.o
[826/1349] Building C object libs/libc/CMakeFiles/c.dir/unistd/lib_setpriority.c.o
[827/1349] Building C object libs/libc/CMakeFiles/c.dir/unistd/lib_getrlimit.c.o
[828/1349] Building C object libs/libc/CMakeFiles/c.dir/unistd/lib_getpriority.c.o
[829/1349] Building C object libs/libc/CMakeFiles/c.dir/unistd/lib_lutimes.c.o
[830/1349] Building C object libs/libc/CMakeFiles/c.dir/unistd/lib_gethostname.c.o
[831/1349] Building C object libs/libc/CMakeFiles/c.dir/unistd/lib_readlinkat.c.o
[832/1349] Building C object libs/libc/CMakeFiles/c.dir/unistd/lib_linkat.c.o
[833/1349] Building C object libs/libc/CMakeFiles/c.dir/unistd/lib_sethostname.c.o
[834/1349] Building C object libs/libc/CMakeFiles/c.dir/unistd/lib_symlinkat.c.o
[835/1349] Building C object libs/libc/CMakeFiles/c.dir/unistd/lib_fchownat.c.o
[836/1349] Building C object libs/libc/CMakeFiles/c.dir/unistd/lib_getpgrp.c.o
[837/1349] Building C object libs/libc/CMakeFiles/c.dir/unistd/lib_getpgid.c.o
[838/1349] Building C object libs/libc/CMakeFiles/c.dir/unistd/lib_unlinkat.c.o
[839/1349] Building C object libs/libc/CMakeFiles/c.dir/unistd/lib_usleep.c.o
[840/1349] Building C object libs/libc/CMakeFiles/c.dir/unistd/lib_lockf.c.o
[841/1349] Building C object libs/libc/CMakeFiles/c.dir/unistd/lib_flock.c.o
[842/1349] Building C object libs/libc/CMakeFiles/c.dir/unistd/lib_ulimit.c.o
[843/1349] Building C object libs/libc/CMakeFiles/c.dir/unistd/lib_setuid.c.o
[844/1349] Building C object libs/libc/CMakeFiles/c.dir/unistd/lib_confstr.c.o
[845/1349] Building C object libs/libc/CMakeFiles/c.dir/unistd/lib_setgid.c.o
[846/1349] Building C object libs/libc/CMakeFiles/c.dir/unistd/lib_getuid.c.o
[847/1349] Building C object libs/libc/CMakeFiles/c.dir/unistd/lib_getpass.c.o
[848/1349] Building C object libs/libc/CMakeFiles/c.dir/unistd/lib_getgid.c.o
[849/1349] Building C object libs/libc/CMakeFiles/c.dir/unistd/lib_seteuid.c.o
[850/1349] Building C object libs/libc/CMakeFiles/c.dir/unistd/lib_setegid.c.o
[851/1349] Building C object libs/libc/CMakeFiles/c.dir/unistd/lib_geteuid.c.o
[852/1349] Building C object libs/libc/CMakeFiles/c.dir/unistd/lib_getegid.c.o
[853/1349] Building C object libs/libc/CMakeFiles/c.dir/unistd/lib_chdir.c.o
[854/1349] Building C object libs/libc/CMakeFiles/c.dir/unistd/lib_fchdir.c.o
[855/1349] Building C object libs/libc/CMakeFiles/c.dir/uuid/lib_uuid_compare.c.o
[856/1349] Building C object libs/libc/CMakeFiles/c.dir/unistd/lib_restoredir.c.o
[857/1349] Building C object libs/libc/CMakeFiles/c.dir/unistd/lib_posix_fallocate.c.o
[858/1349] Building C object libs/libc/CMakeFiles/c.dir/unistd/lib_truncate.c.o
[859/1349] Building C object libs/libc/CMakeFiles/c.dir/unistd/lib_fork.c.o
[860/1349] Building C object libs/libc/CMakeFiles/c.dir/uuid/lib_uuid_create.c.o
[861/1349] Building C object libs/libc/CMakeFiles/c.dir/uuid/lib_uuid_create_nil.c.o
[862/1349] Building C object libs/libc/CMakeFiles/c.dir/uuid/lib_uuid_hash.c.o
[863/1349] Building C object libs/libc/CMakeFiles/c.dir/uuid/lib_uuid_equal.c.o
[864/1349] Building C object libs/libc/CMakeFiles/c.dir/uuid/lib_uuid_is_nil.c.o
[865/1349] Building C object libs/libc/CMakeFiles/c.dir/uuid/lib_uuid_stream.c.o
[866/1349] Building C object libs/libc/CMakeFiles/c.dir/uuid/lib_uuid_from_string.c.o
[867/1349] Building C object libs/libc/CMakeFiles/c.dir/uuid/lib_uuid_to_string.c.o
[868/1349] Building C object libs/libc/CMakeFiles/c.dir/wchar/lib_wcscmp.c.o
[869/1349] Building C object libs/libc/CMakeFiles/c.dir/wchar/lib_wcslen.c.o
[870/1349] Building C object libs/libc/CMakeFiles/c.dir/wchar/lib_wmemchr.c.o
[871/1349] Building C object libs/libc/CMakeFiles/c.dir/wchar/lib_wmemcmp.c.o
[872/1349] Building C object libs/libc/CMakeFiles/c.dir/wchar/lib_wmemcpy.c.o
[873/1349] Building C object libs/libc/CMakeFiles/c.dir/wchar/lib_wmemmove.c.o
[874/1349] Building C object libs/libc/CMakeFiles/c.dir/wchar/lib_wmemset.c.o
[875/1349] Building C object libs/libc/CMakeFiles/c.dir/wchar/lib_btowc.c.o
[876/1349] Building C object libs/libc/CMakeFiles/c.dir/wchar/lib_wctob.c.o
[877/1349] Building C object libs/libc/CMakeFiles/c.dir/wchar/lib_wcslcpy.c.o
[878/1349] Building C object libs/libc/CMakeFiles/c.dir/wchar/lib_mbrtowc.c.o
[879/1349] Building C object libs/libc/CMakeFiles/c.dir/wchar/lib_wcsxfrm.c.o
[880/1349] Building C object libs/libc/CMakeFiles/c.dir/wchar/lib_wcsftime.c.o
[881/1349] Building C object libs/libc/CMakeFiles/c.dir/wchar/lib_wcrtomb.c.o
[882/1349] Building C object libs/libc/CMakeFiles/c.dir/wchar/lib_wcscoll.c.o
[883/1349] Building C object libs/libc/CMakeFiles/c.dir/wchar/lib_wcstol.c.o
[884/1349] Building C object libs/libc/CMakeFiles/c.dir/wchar/lib_wcstoll.c.o
[885/1349] Building C object libs/libc/CMakeFiles/c.dir/wchar/lib_wcstoul.c.o
[886/1349] Building C object libs/libc/CMakeFiles/c.dir/wchar/lib_wcstold.c.o
[887/1349] Building C object libs/libc/CMakeFiles/c.dir/wchar/lib_wcstoull.c.o
[888/1349] Building C object libs/libc/CMakeFiles/c.dir/wchar/lib_wcstof.c.o
[889/1349] Building C object libs/libc/CMakeFiles/c.dir/wchar/lib_wcstod.c.o
[890/1349] Building C object libs/libc/CMakeFiles/c.dir/wchar/lib_swprintf.c.o
[891/1349] Building C object libs/libc/CMakeFiles/c.dir/wchar/lib_mbsinit.c.o
[892/1349] Building C object libs/libc/CMakeFiles/c.dir/wchar/lib_mbsnrtowcs.c.o
[893/1349] Building C object libs/libc/CMakeFiles/c.dir/wchar/lib_mbrlen.c.o
[894/1349] Building C object libs/libc/CMakeFiles/c.dir/wchar/lib_wcsnrtombs.c.o
[895/1349] Building C object libs/libc/CMakeFiles/c.dir/wchar/lib_mbsrtowcs.c.o
[896/1349] Building C object libs/libc/CMakeFiles/c.dir/wchar/lib_wcsrtombs.c.o
[897/1349] Building C object libs/libc/CMakeFiles/c.dir/wchar/lib_wcscat.c.o
[898/1349] Building C object libs/libc/CMakeFiles/c.dir/wchar/lib_wcscpy.c.o
[899/1349] Building C object libs/libc/CMakeFiles/c.dir/wchar/lib_wcslcat.c.o
[900/1349] Building C object libs/libc/CMakeFiles/c.dir/wchar/lib_wcsncat.c.o
[901/1349] Building C object libs/libc/CMakeFiles/c.dir/wchar/lib_wcsrchr.c.o
[902/1349] Building C object libs/libc/CMakeFiles/c.dir/wchar/lib_wcschr.c.o
[903/1349] Building C object libs/libc/CMakeFiles/c.dir/wchar/lib_wcsncpy.c.o
[904/1349] Building C object libs/libc/CMakeFiles/c.dir/wchar/lib_wcsncmp.c.o
[905/1349] Building C object libs/libc/CMakeFiles/c.dir/wchar/lib_wcspbrk.c.o
[906/1349] Building C object libs/libc/CMakeFiles/c.dir/wchar/lib_wcscspn.c.o
[907/1349] Building C object libs/libc/CMakeFiles/c.dir/wchar/lib_wcsspn.c.o
[908/1349] Building C object libs/libc/CMakeFiles/c.dir/wchar/lib_wcsstr.c.o
[909/1349] Building C object libs/libc/CMakeFiles/c.dir/wchar/lib_wcswcs.c.o
[910/1349] Building C object libs/libc/CMakeFiles/c.dir/wchar/lib_wcstok.c.o
[911/1349] Building C object libs/libc/CMakeFiles/c.dir/wctype/lib_wctype.c.o
[912/1349] Building C object libs/libc/CMakeFiles/c.dir/wchar/lib_wcswidth.c.o
[913/1349] Building C object libs/libc/CMakeFiles/c.dir/wchar/lib_wcwidth.c.o
[914/1349] Building C object libs/libc/CMakeFiles/c.dir/wctype/lib_towupper.c.o
[915/1349] Building C object libs/libc/CMakeFiles/c.dir/wctype/lib_towlower.c.o
[916/1349] Building C object libs/libc/CMakeFiles/c.dir/wctype/lib_iswctype.c.o
[917/1349] Building C object mm/CMakeFiles/mm.dir/iob/iob_add_queue.c.o
[918/1349] Building C object mm/CMakeFiles/mm.dir/iob/iob_alloc_qentry.c.o
[919/1349] Building C object mm/CMakeFiles/mm.dir/iob/iob_concat.c.o
[920/1349] Building C object mm/CMakeFiles/mm.dir/iob/iob_alloc.c.o
[921/1349] Building C object mm/CMakeFiles/mm.dir/iob/iob_clone.c.o
[922/1349] Building C object mm/CMakeFiles/mm.dir/iob/iob_copyin.c.o
[923/1349] Building C object mm/CMakeFiles/mm.dir/iob/iob_copyout.c.o
[924/1349] Building C object mm/CMakeFiles/mm.dir/iob/iob_contig.c.o
[925/1349] Building C object mm/CMakeFiles/mm.dir/iob/iob_free.c.o
[926/1349] Building C object mm/CMakeFiles/mm.dir/iob/iob_free_qentry.c.o
[927/1349] Building C object mm/CMakeFiles/mm.dir/iob/iob_free_chain.c.o
[928/1349] Building C object mm/CMakeFiles/mm.dir/iob/iob_free_queue.c.o
[929/1349] Building C object mm/CMakeFiles/mm.dir/iob/iob_initialize.c.o
[930/1349] Building C object mm/CMakeFiles/mm.dir/iob/iob_pack.c.o
[931/1349] Building C object mm/CMakeFiles/mm.dir/iob/iob_peek_queue.c.o
[932/1349] Building C object mm/CMakeFiles/mm.dir/iob/iob_remove_queue.c.o
[933/1349] Building C object mm/CMakeFiles/mm.dir/iob/iob_statistics.c.o
[934/1349] Building C object mm/CMakeFiles/mm.dir/iob/iob_trimhead.c.o
[935/1349] Building C object mm/CMakeFiles/mm.dir/iob/iob_trimhead_queue.c.o
[936/1349] Building C object mm/CMakeFiles/mm.dir/iob/iob_trimtail.c.o
[937/1349] Building C object mm/CMakeFiles/mm.dir/iob/iob_free_queue_qentry.c.o
[938/1349] Building C object mm/CMakeFiles/mm.dir/iob/iob_navail.c.o
[939/1349] Building C object mm/CMakeFiles/mm.dir/iob/iob_tailroom.c.o
[940/1349] Building C object mm/CMakeFiles/mm.dir/iob/iob_get_queue_info.c.o
[941/1349] Building C object mm/CMakeFiles/mm.dir/iob/iob_reserve.c.o
[942/1349] Building C object mm/CMakeFiles/mm.dir/iob/iob_count.c.o
[943/1349] Building C object mm/CMakeFiles/mm.dir/kasan/hook.c.o
[944/1349] Building C object mm/CMakeFiles/mm.dir/iob/iob_update_pktlen.c.o
[945/1349] Building C object mm/CMakeFiles/mm.dir/iob/iob_dump.c.o
[946/1349] Building C object mm/CMakeFiles/mm.dir/mempool/mempool_procfs.c.o
[947/1349] Building C object mm/CMakeFiles/mm.dir/mm_heap/mm_malloc_size.c.o
[948/1349] Building C object mm/CMakeFiles/mm.dir/map/mm_map.c.o
[949/1349] Building C object mm/CMakeFiles/mm.dir/mm_heap/mm_initialize.c.o
[950/1349] Building C object mm/CMakeFiles/mm.dir/mempool/mempool.c.o
[951/1349] Building C object mm/CMakeFiles/mm.dir/mm_heap/mm_brkaddr.c.o
[952/1349] Building C object mm/CMakeFiles/mm.dir/mm_heap/mm_shrinkchunk.c.o
[953/1349] Building C object mm/CMakeFiles/mm.dir/mm_heap/mm_calloc.c.o
[954/1349] Building C object mm/CMakeFiles/mm.dir/mempool/mempool_multiple.c.o
[955/1349] Building C object mm/CMakeFiles/mm.dir/mm_heap/mm_extend.c.o
[956/1349] Building C object mm/CMakeFiles/mm.dir/mm_heap/mm_free.c.o
[957/1349] Building C object mm/CMakeFiles/mm.dir/mm_heap/mm_mallinfo.c.o
[958/1349] Building C object mm/CMakeFiles/mm.dir/mm_heap/mm_foreach.c.o
[959/1349] Building C object mm/CMakeFiles/mm.dir/mm_heap/mm_malloc.c.o
[960/1349] Building C object mm/CMakeFiles/mm.dir/mm_heap/mm_zalloc.c.o
[961/1349] Building C object mm/CMakeFiles/mm.dir/mm_heap/mm_memalign.c.o
[962/1349] Building C object mm/CMakeFiles/mm.dir/mm_heap/mm_heapmember.c.o
[963/1349] Building C object mm/CMakeFiles/mm.dir/umm_heap/umm_globals.c.o
[964/1349] Building C object mm/CMakeFiles/mm.dir/mm_heap/mm_realloc.c.o
[965/1349] Building C object mm/CMakeFiles/mm.dir/umm_heap/umm_initialize.c.o
[966/1349] Building C object mm/CMakeFiles/mm.dir/mm_heap/mm_memdump.c.o
[967/1349] Building C object mm/CMakeFiles/mm.dir/umm_heap/umm_addregion.c.o
[968/1349] Building C object mm/CMakeFiles/mm.dir/umm_heap/umm_brkaddr.c.o
[969/1349] Building C object mm/CMakeFiles/mm.dir/umm_heap/umm_malloc_size.c.o
[970/1349] Building C object mm/CMakeFiles/mm.dir/umm_heap/umm_calloc.c.o
[971/1349] Building C object mm/CMakeFiles/mm.dir/umm_heap/umm_extend.c.o
[972/1349] Building C object mm/CMakeFiles/mm.dir/umm_heap/umm_free.c.o
[973/1349] Building C object mm/CMakeFiles/mm.dir/umm_heap/umm_mallinfo.c.o
[974/1349] Building C object mm/CMakeFiles/mm.dir/umm_heap/umm_malloc.c.o
[975/1349] Building C object mm/CMakeFiles/mm.dir/umm_heap/umm_memalign.c.o
[976/1349] Building C object mm/CMakeFiles/mm.dir/umm_heap/umm_realloc.c.o
[977/1349] Building C object mm/CMakeFiles/mm.dir/umm_heap/umm_zalloc.c.o
[978/1349] Building C object mm/CMakeFiles/mm.dir/umm_heap/umm_heapmember.c.o
[979/1349] Building C object mm/CMakeFiles/mm.dir/umm_heap/umm_memdump.c.o
[980/1349] Building C object net/CMakeFiles/net.dir/bluetooth/bluetooth_initialize.c.o
[981/1349] Building C object net/CMakeFiles/net.dir/bluetooth/bluetooth_conn.c.o
[982/1349] Building C object net/CMakeFiles/net.dir/bluetooth/bluetooth_sockif.c.o
[983/1349] Building C object net/CMakeFiles/net.dir/bluetooth/bluetooth_container.c.o
[984/1349] Building C object net/CMakeFiles/net.dir/bluetooth/bluetooth_input.c.o
[985/1349] Building C object net/CMakeFiles/net.dir/bluetooth/bluetooth_sendmsg.c.o
[986/1349] Building C object net/CMakeFiles/net.dir/bluetooth/bluetooth_recvmsg.c.o
[987/1349] Building C object net/CMakeFiles/net.dir/bluetooth/bluetooth_poll.c.o
[988/1349] Building C object net/CMakeFiles/net.dir/bluetooth/bluetooth_finddev.c.o
[989/1349] Building C object net/CMakeFiles/net.dir/bluetooth/bluetooth_callback.c.o
[990/1349] Building C object net/CMakeFiles/net.dir/devif/devif_send.c.o
[991/1349] Building C object net/CMakeFiles/net.dir/devif/devif_callback.c.o
[992/1349] Building C object net/CMakeFiles/net.dir/devif/devif_loopback.c.o
[993/1349] Building C object net/CMakeFiles/net.dir/devif/devif_iobsend.c.o
[994/1349] Building C object net/CMakeFiles/net.dir/devif/devif_filesend.c.o
[995/1349] Building C object net/CMakeFiles/net.dir/inet/inet_txdrain.c.o
[996/1349] Building C object net/CMakeFiles/net.dir/devif/devif_poll.c.o
[997/1349] Building C object net/CMakeFiles/net.dir/netdev/netdev_txnotify.c.o
[998/1349] Building C object net/CMakeFiles/net.dir/netdev/netdev_register.c.o
[999/1349] Building C object net/CMakeFiles/net.dir/netdev/netdev_findbyname.c.o
[1000/1349] Building C object net/CMakeFiles/net.dir/netdev/netdev_findbyaddr.c.o
[1001/1349] Building C object net/CMakeFiles/net.dir/netdev/netdev_ioctl.c.o
[1002/1349] Building C object net/CMakeFiles/net.dir/netdev/netdev_findbyindex.c.o
[1003/1349] Building C object net/CMakeFiles/net.dir/netdev/netdev_count.c.o
[1004/1349] Building C object net/CMakeFiles/net.dir/netdev/netdev_ifconf.c.o
[1005/1349] Building C object net/CMakeFiles/net.dir/netdev/netdev_foreach.c.o
[1006/1349] Building C object net/CMakeFiles/net.dir/netdev/netdev_unregister.c.o
[1007/1349] Building C object net/CMakeFiles/net.dir/netdev/netdev_default.c.o
[1008/1349] Building C object net/CMakeFiles/net.dir/netdev/netdev_lladdrsize.c.o
[1009/1349] Building C object net/CMakeFiles/net.dir/netdev/netdev_carrier.c.o
[1010/1349] Building C object net/CMakeFiles/net.dir/netdev/netdev_verify.c.o
[1011/1349] Building C object net/CMakeFiles/net.dir/netdev/netdev_input.c.o
[1012/1349] Building C object net/CMakeFiles/net.dir/netdev/netdev_iob.c.o
[1013/1349] Building C object net/CMakeFiles/net.dir/netdev/netdev_checksum.c.o
[1014/1349] Building C object net/CMakeFiles/net.dir/socket/accept.c.o
[1015/1349] Building C object net/CMakeFiles/net.dir/procfs/netdev_statistics.c.o
[1016/1349] Building C object net/CMakeFiles/net.dir/socket/bind.c.o
[1017/1349] Building C object net/CMakeFiles/net.dir/procfs/net_procfs.c.o
[1018/1349] Building C object net/CMakeFiles/net.dir/socket/getsockname.c.o
[1019/1349] Building C object net/CMakeFiles/net.dir/socket/connect.c.o
[1020/1349] Building C object net/CMakeFiles/net.dir/socket/getpeername.c.o
[1021/1349] Building C object net/CMakeFiles/net.dir/socket/recv.c.o
[1022/1349] Building C object net/CMakeFiles/net.dir/socket/listen.c.o
[1023/1349] Building C object net/CMakeFiles/net.dir/socket/recvfrom.c.o
[1024/1349] Building C object net/CMakeFiles/net.dir/socket/send.c.o
[1025/1349] Building C object net/CMakeFiles/net.dir/socket/sendto.c.o
[1026/1349] Building C object net/CMakeFiles/net.dir/socket/socket.c.o
[1027/1349] Building C object net/CMakeFiles/net.dir/socket/socketpair.c.o
[1028/1349] Building C object net/CMakeFiles/net.dir/socket/net_close.c.o
[1029/1349] Building C object net/CMakeFiles/net.dir/socket/recvmsg.c.o
[1030/1349] Building C object net/CMakeFiles/net.dir/socket/sendmsg.c.o
[1031/1349] Building C object net/CMakeFiles/net.dir/socket/shutdown.c.o
[1032/1349] Building C object net/CMakeFiles/net.dir/socket/net_poll.c.o
[1033/1349] Building C object net/CMakeFiles/net.dir/socket/net_sockif.c.o
[1034/1349] Building C object net/CMakeFiles/net.dir/socket/net_mmap.c.o
[1035/1349] Building C object net/CMakeFiles/net.dir/socket/net_dup2.c.o
[1036/1349] Building C object net/CMakeFiles/net.dir/utils/net_dsec2tick.c.o
[1037/1349] Building C object net/CMakeFiles/net.dir/socket/net_fstat.c.o
[1038/1349] Building C object net/CMakeFiles/net.dir/utils/net_dsec2timeval.c.o
[1039/1349] Building C object net/CMakeFiles/net.dir/utils/net_timeval2dsec.c.o
[1040/1349] Building C object net/CMakeFiles/net.dir/utils/net_ipchksum.c.o
[1041/1349] Building C object net/CMakeFiles/net.dir/utils/net_incr32.c.o
[1042/1349] Building C object net/CMakeFiles/net.dir/utils/net_chksum.c.o
[1043/1349] Building C object net/CMakeFiles/net.dir/utils/net_iob_concat.c.o
[1044/1349] Building C object net/CMakeFiles/net.dir/utils/net_cmsg.c.o
[1045/1349] Building C object net/CMakeFiles/net.dir/utils/net_mask2pref.c.o
[1046/1349] Building C object sched/CMakeFiles/sched.dir/clock/clock.c.o
[1047/1349] Building C object net/CMakeFiles/net.dir/utils/net_snoop.c.o
[1048/1349] Building C object net/CMakeFiles/net.dir/net_initialize.c.o
[1049/1349] Building C object net/CMakeFiles/net.dir/utils/net_lock.c.o
[1050/1349] Building C object sched/CMakeFiles/sched.dir/clock/clock_getres.c.o
[1051/1349] Building C object sched/CMakeFiles/sched.dir/clock/clock_initialize.c.o
[1052/1349] Building C object sched/CMakeFiles/sched.dir/clock/clock_settime.c.o
[1053/1349] Building C object sched/CMakeFiles/sched.dir/clock/clock_notifier.c.o
[1054/1349] Building C object sched/CMakeFiles/sched.dir/clock/clock_gettime.c.o
[1055/1349] Building C object sched/CMakeFiles/sched.dir/clock/clock_realtime2absticks.c.o
[1056/1349] Building C object sched/CMakeFiles/sched.dir/clock/clock_systime_ticks.c.o
[1057/1349] Building C object sched/CMakeFiles/sched.dir/clock/clock_systime_timespec.c.o
[1058/1349] Building C object sched/CMakeFiles/sched.dir/clock/clock_perf.c.o
[1059/1349] Building C object sched/CMakeFiles/sched.dir/group/group_join.c.o
[1060/1349] Building C object sched/CMakeFiles/sched.dir/group/group_create.c.o
[1061/1349] Building C object sched/CMakeFiles/sched.dir/group/group_setupidlefiles.c.o
[1062/1349] Building C object sched/CMakeFiles/sched.dir/group/group_setuptaskfiles.c.o
[1063/1349] Building C object sched/CMakeFiles/sched.dir/group/group_leave.c.o
[1064/1349] Building C object sched/CMakeFiles/sched.dir/group/group_foreachchild.c.o
[1065/1349] Building C object sched/CMakeFiles/sched.dir/instrument/instrument.c.o
[1066/1349] Building C object sched/CMakeFiles/sched.dir/group/group_killchildren.c.o
[1067/1349] Building C object sched/CMakeFiles/sched.dir/group/group_signal.c.o
[1068/1349] Building C object sched/CMakeFiles/sched.dir/init/nx_bringup.c.o
[1069/1349] Building C object sched/CMakeFiles/sched.dir/init/nx_start.c.o
[1070/1349] Building C object sched/CMakeFiles/sched.dir/irq/irq_initialize.c.o
[1071/1349] Building C object sched/CMakeFiles/sched.dir/irq/irq_attach.c.o
[1072/1349] Building C object sched/CMakeFiles/sched.dir/irq/irq_dispatch.c.o
[1073/1349] Building C object sched/CMakeFiles/sched.dir/irq/irq_csection.c.o
[1074/1349] Building C object sched/CMakeFiles/sched.dir/irq/irq_attach_thread.c.o
[1075/1349] Building C object sched/CMakeFiles/sched.dir/irq/irq_unexpectedisr.c.o
[1076/1349] Building C object sched/CMakeFiles/sched.dir/irq/irq_attach_wqueue.c.o
[1077/1349] Building C object sched/CMakeFiles/sched.dir/irq/irq_spinlock.c.o
[1078/1349] Building C object sched/CMakeFiles/sched.dir/mqueue/mq_initialize.c.o
[1079/1349] Building C object sched/CMakeFiles/sched.dir/mqueue/mq_recover.c.o
[1080/1349] Building C object sched/CMakeFiles/sched.dir/misc/panic_notifier.c.o
[1081/1349] Building C object sched/CMakeFiles/sched.dir/mqueue/mq_waitirq.c.o
[1082/1349] Building C object sched/CMakeFiles/sched.dir/misc/assert.c.o
[1083/1349] Building C object sched/CMakeFiles/sched.dir/misc/reboot_notifier.c.o
[1084/1349] Building C object sched/CMakeFiles/sched.dir/mqueue/mq_msgfree.c.o
[1085/1349] Building C object sched/CMakeFiles/sched.dir/mqueue/mq_msgqalloc.c.o
[1086/1349] Building C object sched/CMakeFiles/sched.dir/mqueue/mq_send.c.o
[1087/1349] Building C object sched/CMakeFiles/sched.dir/mqueue/mq_rcvinternal.c.o
[1088/1349] Building C object sched/CMakeFiles/sched.dir/mqueue/mq_sndinternal.c.o
[1089/1349] Building C object sched/CMakeFiles/sched.dir/mqueue/mq_receive.c.o
[1090/1349] Building C object sched/CMakeFiles/sched.dir/mqueue/mq_setattr.c.o
[1091/1349] Building C object sched/CMakeFiles/sched.dir/mqueue/mq_msgqfree.c.o
[1092/1349] Building C object sched/CMakeFiles/sched.dir/mqueue/mq_getattr.c.o
[1093/1349] Building C object sched/CMakeFiles/sched.dir/mqueue/mq_notify.c.o
[1094/1349] Building C object sched/CMakeFiles/sched.dir/mqueue/msgctl.c.o
[1095/1349] Building C object sched/CMakeFiles/sched.dir/mqueue/msgget.c.o
[1096/1349] Building C object sched/CMakeFiles/sched.dir/mqueue/msginternal.c.o
[1097/1349] Building C object sched/CMakeFiles/sched.dir/pthread/pthread_exit.c.o
[1098/1349] Building C object sched/CMakeFiles/sched.dir/mqueue/msgsnd.c.o
[1099/1349] Building C object sched/CMakeFiles/sched.dir/mqueue/msgrcv.c.o
[1100/1349] Building C object sched/CMakeFiles/sched.dir/pthread/pthread_create.c.o
[1101/1349] Building C object sched/CMakeFiles/sched.dir/pthread/pthread_join.c.o
[1102/1349] Building C object sched/CMakeFiles/sched.dir/pthread/pthread_setschedparam.c.o
[1103/1349] Building C object sched/CMakeFiles/sched.dir/pthread/pthread_getschedparam.c.o
[1104/1349] Building C object sched/CMakeFiles/sched.dir/pthread/pthread_sigmask.c.o
[1105/1349] Building C object sched/CMakeFiles/sched.dir/pthread/pthread_detach.c.o
[1106/1349] Building C object sched/CMakeFiles/sched.dir/pthread/pthread_cancel.c.o
[1107/1349] Building C object sched/CMakeFiles/sched.dir/pthread/pthread_setschedprio.c.o
[1108/1349] Building C object sched/CMakeFiles/sched.dir/pthread/pthread_release.c.o
[1109/1349] Building C object sched/CMakeFiles/sched.dir/sched/sched_getfiles.c.o
[1110/1349] Building C object sched/CMakeFiles/sched.dir/pthread/pthread_findjoininfo.c.o
[1111/1349] Building C object sched/CMakeFiles/sched.dir/sched/sched_profil.c.o
[1112/1349] Building C object sched/CMakeFiles/sched.dir/pthread/pthread_completejoin.c.o
[1113/1349] Building C object sched/CMakeFiles/sched.dir/sched/sched_removereadytorun.c.o
[1114/1349] Building C object sched/CMakeFiles/sched.dir/sched/sched_addreadytorun.c.o
[1115/1349] Building C object sched/CMakeFiles/sched.dir/sched/sched_addblocked.c.o
[1116/1349] Building C object sched/CMakeFiles/sched.dir/sched/sched_removeblocked.c.o
[1117/1349] Building C object sched/CMakeFiles/sched.dir/sched/sched_verifytcb.c.o
[1118/1349] Building C object sched/CMakeFiles/sched.dir/sched/sched_gettcb.c.o
[1119/1349] Building C object sched/CMakeFiles/sched.dir/sched/sched_setparam.c.o
[1120/1349] Building C object sched/CMakeFiles/sched.dir/sched/sched_setpriority.c.o
[1121/1349] Building C object sched/CMakeFiles/sched.dir/sched/sched_releasetcb.c.o
[1122/1349] Building C object sched/CMakeFiles/sched.dir/sched/sched_getparam.c.o
[1123/1349] Building C object sched/CMakeFiles/sched.dir/sched/sched_setscheduler.c.o
[1124/1349] Building C object sched/CMakeFiles/sched.dir/sched/sched_getscheduler.c.o
[1125/1349] Building C object sched/CMakeFiles/sched.dir/sched/sched_yield.c.o
[1126/1349] Building C object sched/CMakeFiles/sched.dir/sched/sched_foreach.c.o
[1127/1349] Building C object sched/CMakeFiles/sched.dir/sched/sched_rrgetinterval.c.o
[1128/1349] Building C object sched/CMakeFiles/sched.dir/sched/sched_lock.c.o
[1129/1349] Building C object sched/CMakeFiles/sched.dir/sched/sched_unlock.c.o
[1130/1349] Building C object sched/CMakeFiles/sched.dir/sched/sched_lockcount.c.o
[1131/1349] Building C object sched/CMakeFiles/sched.dir/sched/sched_idletask.c.o
[1132/1349] Building C object sched/CMakeFiles/sched.dir/sched/sched_getcpu.c.o
[1133/1349] Building C object sched/CMakeFiles/sched.dir/sched/sched_self.c.o
[1134/1349] Building C object sched/CMakeFiles/sched.dir/sched/sched_get_stackinfo.c.o
[1135/1349] Building C object sched/CMakeFiles/sched.dir/sched/sched_get_tls.c.o
[1136/1349] Building C object sched/CMakeFiles/sched.dir/sched/sched_sysinfo.c.o
[1137/1349] Building C object sched/CMakeFiles/sched.dir/sched/sched_get_stateinfo.c.o
[1138/1349] Building C object sched/CMakeFiles/sched.dir/sched/sched_reprioritizertr.c.o
[1139/1349] Building C object sched/CMakeFiles/sched.dir/sched/sched_switchcontext.c.o
[1140/1349] Building C object sched/CMakeFiles/sched.dir/sched/sched_mergepending.c.o
[1141/1349] Building C object sched/CMakeFiles/sched.dir/sched/sched_roundrobin.c.o
[1142/1349] Building C object sched/CMakeFiles/sched.dir/sched/sched_waitpid.c.o
[1143/1349] Building C object sched/CMakeFiles/sched.dir/sched/sched_processtimer.c.o
[1144/1349] Building C object sched/CMakeFiles/sched.dir/semaphore/sem_destroy.c.o
[1145/1349] Building C object sched/CMakeFiles/sched.dir/sched/sched_backtrace.c.o
[1146/1349] Building C object sched/CMakeFiles/sched.dir/semaphore/sem_wait.c.o
[1147/1349] Building C object sched/CMakeFiles/sched.dir/semaphore/sem_trywait.c.o
[1148/1349] Building C object sched/CMakeFiles/sched.dir/semaphore/sem_clockwait.c.o
[1149/1349] Building C object sched/CMakeFiles/sched.dir/semaphore/sem_timeout.c.o
[1150/1349] Building C object sched/CMakeFiles/sched.dir/semaphore/sem_tickwait.c.o
[1151/1349] Building C object sched/CMakeFiles/sched.dir/semaphore/sem_post.c.o
[1152/1349] Building C object sched/CMakeFiles/sched.dir/semaphore/sem_recover.c.o
[1153/1349] Building C object sched/CMakeFiles/sched.dir/semaphore/sem_reset.c.o
[1154/1349] Building C object sched/CMakeFiles/sched.dir/semaphore/sem_waitirq.c.o
[1155/1349] Building C object sched/CMakeFiles/sched.dir/signal/sig_allocpendingsigaction.c.o
[1156/1349] Building C object sched/CMakeFiles/sched.dir/signal/sig_cleanup.c.o
[1157/1349] Building C object sched/CMakeFiles/sched.dir/signal/sig_action.c.o
[1158/1349] Building C object sched/CMakeFiles/sched.dir/signal/sig_findaction.c.o
[1159/1349] Building C object sched/CMakeFiles/sched.dir/signal/sig_deliver.c.o
[1160/1349] Building C object sched/CMakeFiles/sched.dir/signal/sig_initialize.c.o
[1161/1349] Building C object sched/CMakeFiles/sched.dir/signal/sig_pending.c.o
[1162/1349] Building C object sched/CMakeFiles/sched.dir/semaphore/sem_rw.c.o
[1163/1349] Building C object sched/CMakeFiles/sched.dir/signal/sig_releasependingsigaction.c.o
[1164/1349] Building C object sched/CMakeFiles/sched.dir/signal/sig_releasependingsignal.c.o
[1165/1349] Building C object sched/CMakeFiles/sched.dir/signal/sig_removependingsignal.c.o
[1166/1349] Building C object sched/CMakeFiles/sched.dir/signal/sig_unmaskpendingsignal.c.o
[1167/1349] Building C object sched/CMakeFiles/sched.dir/signal/sig_lowest.c.o
[1168/1349] Building C object sched/CMakeFiles/sched.dir/signal/sig_kill.c.o
[1169/1349] Building C object sched/CMakeFiles/sched.dir/signal/sig_nanosleep.c.o
[1170/1349] Building C object sched/CMakeFiles/sched.dir/signal/sig_pause.c.o
[1171/1349] Building C object sched/CMakeFiles/sched.dir/signal/sig_notification.c.o
[1172/1349] Building C object sched/CMakeFiles/sched.dir/signal/sig_dispatch.c.o
[1173/1349] Building C object sched/CMakeFiles/sched.dir/signal/sig_ppoll.c.o
[1174/1349] Building C object sched/CMakeFiles/sched.dir/signal/sig_procmask.c.o
[1175/1349] Building C object sched/CMakeFiles/sched.dir/signal/sig_pselect.c.o
[1176/1349] Building C object sched/CMakeFiles/sched.dir/signal/sig_sleep.c.o
[1177/1349] Building C object sched/CMakeFiles/sched.dir/signal/sig_queue.c.o
[1178/1349] Building C object sched/CMakeFiles/sched.dir/signal/sig_suspend.c.o
[1179/1349] Building C object sched/CMakeFiles/sched.dir/signal/sig_tgkill.c.o
[1180/1349] Building C object sched/CMakeFiles/sched.dir/signal/sig_usleep.c.o
[1181/1349] Building C object sched/CMakeFiles/sched.dir/signal/sig_waitinfo.c.o
[1182/1349] Building C object sched/CMakeFiles/sched.dir/signal/sig_timedwait.c.o
[1183/1349] Building C object sched/CMakeFiles/sched.dir/task/task_argvstr.c.o
[1184/1349] Building C object sched/CMakeFiles/sched.dir/task/task_create.c.o
[1185/1349] Building C object sched/CMakeFiles/sched.dir/task/task_activate.c.o
[1186/1349] Building C object sched/CMakeFiles/sched.dir/task/task_init.c.o
[1187/1349] Building C object sched/CMakeFiles/sched.dir/task/task_start.c.o
[1188/1349] Building C object sched/CMakeFiles/sched.dir/task/task_delete.c.o
[1189/1349] Building C object sched/CMakeFiles/sched.dir/task/task_setup.c.o
[1190/1349] Building C object sched/CMakeFiles/sched.dir/task/task_exit.c.o
[1191/1349] Building C object sched/CMakeFiles/sched.dir/task/task_prctl.c.o
[1192/1349] Building C object sched/CMakeFiles/sched.dir/task/task_exithook.c.o
[1193/1349] Building C object sched/CMakeFiles/sched.dir/task/task_recover.c.o
[1194/1349] Building C object sched/CMakeFiles/sched.dir/task/task_restart.c.o
[1195/1349] Building C object sched/CMakeFiles/sched.dir/task/task_cancelpt.c.o
[1196/1349] Building C object sched/CMakeFiles/sched.dir/task/task_spawnparms.c.o
[1197/1349] Building C object sched/CMakeFiles/sched.dir/task/task_terminate.c.o
[1198/1349] Building C object sched/CMakeFiles/sched.dir/task/task_join.c.o
[1199/1349] Building C object sched/CMakeFiles/sched.dir/task/exit.c.o
[1200/1349] Building C object sched/CMakeFiles/sched.dir/task/task_fork.c.o
[1201/1349] Building C object sched/CMakeFiles/sched.dir/task/task_spawn.c.o
[1202/1349] Building C object sched/CMakeFiles/sched.dir/timer/timer_initialize.c.o
[1203/1349] Building C object sched/CMakeFiles/sched.dir/timer/timer_delete.c.o
[1204/1349] Building C object sched/CMakeFiles/sched.dir/timer/timer_getoverrun.c.o
[1205/1349] Building C object sched/CMakeFiles/sched.dir/timer/timer_create.c.o
[1206/1349] Building C object sched/CMakeFiles/sched.dir/timer/timer_getitimer.c.o
[1207/1349] Building C object sched/CMakeFiles/sched.dir/timer/timer_gettime.c.o
[1208/1349] Building C object sched/CMakeFiles/sched.dir/timer/timer_settime.c.o
[1209/1349] Building C object sched/CMakeFiles/sched.dir/timer/timer_setitimer.c.o
[1210/1349] Building C object sched/CMakeFiles/sched.dir/timer/timer_release.c.o
[1211/1349] Building C object sched/CMakeFiles/sched.dir/tls/task_initinfo.c.o
[1212/1349] Building C object sched/CMakeFiles/sched.dir/tls/task_uninitinfo.c.o
[1213/1349] Building C object sched/CMakeFiles/sched.dir/tls/tls_initinfo.c.o
[1214/1349] Building C object sched/CMakeFiles/sched.dir/wdog/wd_initialize.c.o
[1215/1349] Building C object sched/CMakeFiles/sched.dir/tls/tls_dupinfo.c.o
[1216/1349] Building C object sched/CMakeFiles/sched.dir/wdog/wd_cancel.c.o
[1217/1349] Building C object sched/CMakeFiles/sched.dir/wdog/wd_start.c.o
[1218/1349] Building C object sched/CMakeFiles/sched.dir/wdog/wd_gettime.c.o
[1219/1349] Building C object sched/CMakeFiles/sched.dir/wqueue/kwork_queue.c.o
[1220/1349] Building C object sched/CMakeFiles/sched.dir/wqueue/kwork_cancel.c.o
[1221/1349] Building C object wireless/CMakeFiles/wireless.dir/bluetooth/bt_queue.c.o
[1222/1349] Building C object wireless/CMakeFiles/wireless.dir/bluetooth/bt_buf.c.o
[1223/1349] Building C object wireless/CMakeFiles/wireless.dir/bluetooth/bt_netdev.c.o
[1224/1349] Building C object sched/CMakeFiles/sched.dir/wqueue/kwork_thread.c.o
[1225/1349] Building C object wireless/CMakeFiles/wireless.dir/bluetooth/bt_keys.c.o
[1226/1349] Building C object wireless/CMakeFiles/wireless.dir/bluetooth/bt_conn.c.o
[1227/1349] Building C object wireless/CMakeFiles/wireless.dir/bluetooth/bt_att.c.o
[1228/1349] Building C object wireless/CMakeFiles/wireless.dir/bluetooth/bt_ioctl.c.o
[1229/1349] Building C object wireless/CMakeFiles/wireless.dir/bluetooth/bt_gatt.c.o
[1230/1349] Building C object wireless/CMakeFiles/wireless.dir/bluetooth/bt_hcicore.c.o
[1231/1349] Building C object boards/CMakeFiles/board.dir/__/dummy.c.o
[1232/1349] Building C object wireless/CMakeFiles/wireless.dir/bluetooth/bt_uuid.c.o
[1233/1349] Building C object wireless/CMakeFiles/wireless.dir/bluetooth/bt_l2cap.c.o
[1234/1349] Building C object apps/CMakeFiles/apps.dir/dummy.c.o
[1235/1349] Building C object boards/CMakeFiles/board.dir/arm64/rk3576/kickpi_k7/src/kickpi_k7_appinit.c.o
[1236/1349] Building C object wireless/CMakeFiles/wireless.dir/bluetooth/bt_services.c.o
[1237/1349] Building C object boards/CMakeFiles/board.dir/arm64/rk3576/kickpi_k7/src/kickpi_k7_boardinit.c.o
[1238/1349] Building C object boards/CMakeFiles/board.dir/boardctl.c.o
[1239/1349] Building C object apps/CMakeFiles/apps.dir/netutils/netlib/netlib_ipv4addrconv.c.o
[1240/1349] Building C object wireless/CMakeFiles/wireless.dir/bluetooth/bt_smp.c.o
[1241/1349] Building C object apps/CMakeFiles/apps.dir/netutils/netlib/netlib_ethaddrconv.c.o
[1242/1349] Building C object apps/CMakeFiles/apps.dir/netutils/netlib/netlib_parsehttpurl.c.o
[1243/1349] Building C object apps/CMakeFiles/apps.dir/netutils/netlib/netlib_getifstatus.c.o
[1244/1349] Building C object apps/CMakeFiles/apps.dir/netutils/netlib/netlib_setifstatus.c.o
[1245/1349] Building C object apps/CMakeFiles/apps.dir/netutils/netlib/netlib_setmtu.c.o
[1246/1349] Building C object apps/CMakeFiles/apps.dir/netutils/netlib/netlib_getiobinfo.c.o
[1247/1349] Building C object apps/CMakeFiles/apps.dir/nshlib/nsh_init.c.o
[1248/1349] Building C object apps/CMakeFiles/apps.dir/netutils/netlib/netlib_checkhttpconnectivity.c.o
[1249/1349] Building C object apps/CMakeFiles/apps.dir/nshlib/nsh_console.c.o
[1250/1349] Building C object apps/CMakeFiles/apps.dir/nshlib/nsh_script.c.o
[1251/1349] Building C object apps/CMakeFiles/apps.dir/nshlib/nsh_system.c.o
[1252/1349] Building C object apps/CMakeFiles/apps.dir/nshlib/nsh_command.c.o
[1253/1349] Building C object apps/CMakeFiles/apps.dir/nshlib/nsh_mmcmds.c.o
[1254/1349] Building C object apps/CMakeFiles/apps.dir/nshlib/nsh_ddcmd.c.o
[1255/1349] Building C object apps/CMakeFiles/apps.dir/nshlib/nsh_timcmds.c.o
[1256/1349] Building C object apps/CMakeFiles/apps.dir/nshlib/nsh_parse.c.o
[1257/1349] Building C object apps/CMakeFiles/apps.dir/nshlib/nsh_proccmds.c.o
[1258/1349] Building C object apps/CMakeFiles/apps.dir/nshlib/nsh_prompt.c.o
[1259/1349] Building C object apps/CMakeFiles/apps.dir/nshlib/nsh_envcmds.c.o
[1260/1349] Building C object apps/CMakeFiles/apps.dir/nshlib/nsh_fscmds.c.o
[1261/1349] Building C object apps/CMakeFiles/apps.dir/nshlib/nsh_syscmds.c.o
[1262/1349] Building C object apps/CMakeFiles/apps.dir/nshlib/nsh_session.c.o
[1263/1349] Building C object apps/CMakeFiles/apps.dir/nshlib/nsh_dbgcmds.c.o
[1264/1349] Building C object apps/CMakeFiles/apps.dir/nshlib/nsh_fileapps.c.o
[1265/1349] Building C object apps/CMakeFiles/apps.dir/nshlib/nsh_fsutils.c.o
[1266/1349] Building C object apps/CMakeFiles/apps.dir/nshlib/nsh_consolemain.c.o
[1267/1349] Building C object apps/CMakeFiles/apps.dir/nshlib/nsh_netcmds.c.o
[1268/1349] Building C object apps/CMakeFiles/apps.dir/nshlib/nsh_mntcmds.c.o
[1269/1349] Building C object apps/CMakeFiles/apps.dir/nshlib/nsh_printf.c.o
[1270/1349] Building C object apps/CMakeFiles/apps.dir/system/readline/readline.c.o
[1271/1349] Building C object apps/CMakeFiles/apps.dir/nshlib/nsh_wait.c.o
[1272/1349] Building C object apps/CMakeFiles/apps.dir/system/readline/readline_stream.c.o
[1273/1349] Building C object apps/CMakeFiles/apps.dir/nshlib/nsh_test.c.o
[1274/1349] Building C object apps/CMakeFiles/apps.dir/system/readline/readline_fd.c.o
[1275/1349] Building C object apps/CMakeFiles/apps.dir/nshlib/nsh_alias.c.o
[1276/1349] Building C object apps/CMakeFiles/apps.dir/system/system/system.c.o
[1277/1349] Building C object apps/CMakeFiles/apps.dir/system/readline/readline_common.c.o
[1278/1349] Building C object apps/CMakeFiles/apps.dir/wireless/bluetooth/btsak/btsak_advertise.c.o
[1279/1349] Building C object apps/CMakeFiles/apps.dir/wireless/bluetooth/btsak/btsak_features.c.o
[1280/1349] Building C object apps/CMakeFiles/apps.dir/wireless/bluetooth/btsak/btsak_info.c.o
[1281/1349] Building C object apps/system/nsh/CMakeFiles/apps_sh.dir/sh_main.c.o
[1282/1349] Building C object apps/system/nsh/CMakeFiles/apps_nsh.dir/nsh_main.c.o
[1283/1349] Building C object apps/CMakeFiles/apps.dir/wireless/bluetooth/btsak/btsak_security.c.o
[1284/1349] Building C object apps/CMakeFiles/apps.dir/wireless/bluetooth/btsak/btsak_scan.c.o
[1285/1349] Building C object apps/CMakeFiles/apps.dir/wireless/bluetooth/btsak/btsak_gatt.c.o
[1286/1349] Building C object apps/examples/hello/CMakeFiles/apps_hello.dir/hello_main.c.o
[1287/1349] Building C object apps/examples/gimbal/CMakeFiles/apps_gimbal.dir/gimbal_main.c.o
[1288/1349] Building C object apps/examples/gimbal/CMakeFiles/apps_gimbal.dir/gimbal_link.c.o
[1289/1349] Building C object apps/examples/k7host/CMakeFiles/apps_k7host.dir/k7_jpeg.c.o
[1290/1349] Building C object apps/wireless/bluetooth/btsak/CMakeFiles/apps_bt.dir/btsak_main.c.o
[1291/1349] Building C object apps/examples/k7host/CMakeFiles/apps_k7host.dir/fusion_core.c.o
[1292/1349] Building C object apps/examples/k7host/CMakeFiles/apps_k7host.dir/k7_pipeline.c.o
[1293/1349] Building C object apps/examples/k7host/CMakeFiles/apps_k7host.dir/k7_photo.c.o
[1294/1349] Building C object apps/examples/k7host/CMakeFiles/apps_k7host.dir/k7_track.c.o
[1295/1349] Building C object apps/examples/k7host/CMakeFiles/apps_k7host.dir/k7_preview.c.o
[1296/1349] Building C object apps/examples/k7host/CMakeFiles/apps_k7host.dir/k7_preview_queue.c.o
[1297/1349] Building C object apps/examples/k7host/CMakeFiles/apps_k7host.dir/dwc3_transport_core.c.o
[1298/1349] Building C object apps/examples/k7host/CMakeFiles/apps_k7host.dir/k7_video_frame.c.o
[1299/1349] Building C object apps/examples/k7host/CMakeFiles/apps_k7host.dir/k7_video_queue.c.o
[1300/1349] Building C object apps/examples/k7npu/CMakeFiles/apps_k7npu.dir/k7npu_main.c.o
[1301/1349] Building C object apps/examples/k7host/CMakeFiles/apps_k7host.dir/k7_link_probe.c.o
[1302/1349] Building C object apps/examples/k7host/CMakeFiles/apps_k7host.dir/k7host_main.c.o
[1303/1349] Building C object apps/examples/k7npu/CMakeFiles/apps_k7npu.dir/k7npu_mmutest.c.o
[1304/1349] Building C object apps/examples/k7npu/CMakeFiles/apps_k7npu.dir/rk3576_npu_mmu.c.o
[1305/1349] Building C object apps/examples/k7npu/CMakeFiles/apps_k7npu.dir/rk3576_npu_window.c.o
[1306/1349] Building C object apps/examples/k7npu/CMakeFiles/apps_k7npu.dir/k7npu_fixture_io.c.o
[1307/1349] Building C object apps/examples/k7npu/CMakeFiles/apps_k7npu.dir/k7npu_rawtest.c.o
[1308/1349] Building C object apps/examples/k7radio/CMakeFiles/apps_k7radio.dir/skw_bus.c.o
[1309/1349] Building C object apps/examples/k7radio/CMakeFiles/apps_k7radio.dir/skw_packet.c.o
[1310/1349] Building C object apps/examples/k7radio/CMakeFiles/apps_k7radio.dir/skw_dw.c.o
[1311/1349] Building C object apps/examples/k7radio/CMakeFiles/apps_k7radio.dir/skw_rk3576.c.o
[1312/1349] Building C object apps/examples/k7radio/CMakeFiles/apps_k7radio.dir/prov_protocol.c.o
[1313/1349] Building C object apps/examples/k7radio/CMakeFiles/apps_k7radio.dir/skw_bt.c.o
[1314/1349] Building C object apps/examples/k7usb/CMakeFiles/apps_k7usb.dir/k7usb_main.c.o
[1315/1349] Building C object apps/external/android/CMakeFiles/android.dir/dummy.c.o
[1316/1349] Building C object apps/builtin/CMakeFiles/apps_builtin.dir/builtin_list.c.o
[1317/1349] Building ASM object CMakeFiles/nuttx.dir/arch/arm64/src/common/arm64_head.S.o
[1318/1349] Building C object CMakeFiles/nuttx.dir/empty.c.o
[1319/1349] Linking C static library apps/external/libjpeg-turbo/libturbojpeg-static.a
[1320/1349] Linking C static library binfmt/libbinfmt.a
[1321/1349] Linking C static library arch/libarch.a
[1322/1349] Linking C static library drivers/libdrivers.a
[1323/1349] Building C object apps/examples/k7radio/CMakeFiles/apps_k7radio.dir/cJSON.c.o
[1324/1349] Linking C static library fs/libfs.a
[1325/1349] Linking C static library mm/libmm.a
[1326/1349] Linking C static library net/libnet.a
[1327/1349] Linking C static library wireless/libwireless.a
[1328/1349] Linking C static library boards/libboard.a
[1329/1349] Linking C static library apps/libapps.a
[1330/1349] Linking C static library apps/system/nsh/libapps_nsh.a
[1331/1349] Linking C static library apps/system/nsh/libapps_sh.a
[1332/1349] Linking C static library apps/wireless/bluetooth/btsak/libapps_bt.a
[1333/1349] Linking C static library apps/examples/gimbal/libapps_gimbal.a
[1334/1349] Linking C static library apps/examples/hello/libapps_hello.a
[1335/1349] Linking C static library apps/examples/k7npu/libapps_k7npu.a
[1336/1349] Linking C static library apps/examples/k7usb/libapps_k7usb.a
[1337/1349] Linking C static library sched/libsched.a
[1338/1349] Linking C static library apps/external/android/libandroid.a
[1339/1349] Linking C static library apps/builtin/libapps_builtin.a
[1340/1349] Building C object apps/examples/k7radio/CMakeFiles/apps_k7radio.dir/k7radio_main.c.o
[1341/1349] Linking C static library apps/examples/k7radio/libapps_k7radio.a
[1342/1349] Building C object arch/arm64/src/common/CMakeFiles/STARTUP_OBJS.dir/crt0.c.o
[1343/1349] Linking C static library libs/libc/libc.a
[1344/1349] Building C object apps/examples/k7host/CMakeFiles/apps_k7host.dir/k7_yunet.c.o
[1345/1349] Building C object apps/examples/k7host/CMakeFiles/apps_k7host.dir/k7_pose.c.o
[1346/1349] Linking C static library apps/examples/k7host/libapps_k7host.a
[1347/1349] Linking C executable nuttx
Memory region         Used Size  Region Size  %age Used
            dram:       4792 KB       126 MB      3.71%
[1348/1349] Generating nuttx.bin
[1349/1349] Generating System.map
