{"result": "PASS", "source_files": 473, "changes": 1, "applied": true}
-- Found Python3: /usr/bin/python3.10 (found version "3.10.12") found components: Interpreter 
-- Initializing NuttX
Loaded configuration '/home/swl/openvela/cmake_out/velavision_smp_service_20260910/.config.compressed'
Minimal configuration saved to '/home/swl/openvela/cmake_out/velavision_smp_service_20260910/defconfig.tmp'
  Select HOST_LINUX=y
--   CMake:  3.23.0
--   Ninja:  1.12.1
--   Board:  kickpi_k7
--   Config: velavision_smp_service_local
--   Appdir: /home/swl/openvela/apps
-- The C compiler identification is GNU 11.4.0
-- Detecting C compiler ABI info
-- Detecting C compiler ABI info - done
-- Check for working C compiler: /home/swl/openvela/prebuilts/tools/linux/x86_64/cc - skipped
-- Detecting C compile features
-- Detecting C compile features - done
-- NuttX Host Tools
-- Configuring done
-- Generating done
-- Build files have been written to: /home/swl/openvela/cmake_out/velavision_smp_service_20260910/bin_host
-- The C compiler identification is GNU 13.4.0
-- The CXX compiler identification is GNU 13.4.0
-- The ASM compiler identification is GNU
-- Found assembler: /home/swl/openvela/prebuilts/gcc/linux-x86_64/aarch64-none-elf/bin/aarch64-none-elf-gcc
-- Detecting C compiler ABI info
-- Detecting C compiler ABI info - done
-- Check for working C compiler: /home/swl/openvela/prebuilts/gcc/linux-x86_64/aarch64-none-elf/bin/aarch64-none-elf-gcc - skipped
-- Detecting C compile features
-- Detecting C compile features - done
-- Detecting CXX compiler ABI info
-- Detecting CXX compiler ABI info - done
-- Check for working CXX compiler: /home/swl/openvela/prebuilts/gcc/linux-x86_64/aarch64-none-elf/bin/aarch64-none-elf-g++ - skipped
-- Detecting CXX compile features
-- Detecting CXX compile features - done
-- Configuring done
-- Generating done
-- Build files have been written to: /home/swl/openvela/cmake_out/velavision_smp_service_20260910
[1/1] cd /home/swl/openvela/nuttx && /home/swl/openvela/prebuilts/tools/cmake/bin/cmake -E copy /home/swl/openvela/nuttx/boards/arm64/rk3576/kickpi_k7/configs/velavision_smp_service_local/defconfig /home/swl/openvela/cmake_out/velavision_smp_service_20260910/.config && /home/swl/openvela/prebuilts/tools/cmake/bin/cmake -E env KCONFIG_CONFIG=/home/swl/openvela/cmake_out/velavision_smp_service_20260910/.config EXTERNALDIR=dummy APPSDIR=/home/swl/openvela/apps DRIVERS_PLATFORM_DIR=dummy APPSBINDIR=/home/swl/openvela/cmake_out/velavision_smp_service_20260910/apps BINDIR=/home/swl/openvela/cmake_out/velavision_smp_service_20260910 olddefconfig && /home/swl/openvela/prebuilts/tools/cmake/bin/cmake -E copy /home/swl/openvela/cmake_out/velavision_smp_service_20260910/.config /home/swl/openvela/cmake_out/velavision_smp_service_20260910/.config.orig && /home/swl/openvela/prebuilts/tools/cmake/bin/cmake -E touch /home/swl/openvela/nuttx/CMakeLists.txt
Loaded configuration '/home/swl/openvela/cmake_out/velavision_smp_service_20260910/.config'
Configuration saved to '/home/swl/openvela/cmake_out/velavision_smp_service_20260910/.config'
[0/1] Re-running CMake...
-- NuttX Host Tools
-- Configuring done
-- Generating done
-- Build files have been written to: /home/swl/openvela/cmake_out/velavision_smp_service_20260910/bin_host
-- Configuring done
-- Generating done
-- Build files have been written to: /home/swl/openvela/cmake_out/velavision_smp_service_20260910
[1/1514] cd /home/swl/openvela/cmake_out/velavision_smp_service_20260910/libs/libc/misc && /home/swl/openvela/prebuilts/tools/cmake/bin/cmake -E touch /home/swl/openvela/nuttx/libs/libc/misc/lib_utsname.c
[2/1514] Generating bin output directories
[3/1514] Generating dramboot.ld.tmp
[4/1514] cd /home/swl/openvela/nuttx && /home/swl/openvela/prebuilts/tools/cmake/bin/cmake -DKCONFIG_CONFIG=/home/swl/openvela/nuttx/boards/arm64/rk3576/kickpi_k7/configs/velavision_smp_service_local/defconfig -DNUTTX_DIR=/home/swl/openvela/nuttx -DCMAKE_BINARY_DIR=/home/swl/openvela/cmake_out/velavision_smp_service_20260910 -P /home/swl/openvela/nuttx/cmake/nuttx_generate_dts.cmake
[5/1514] Building C object apps/external/libjpeg-turbo/CMakeFiles/turbojpeg-static.dir/libjpeg-turbo/jaricom.c.o
[6/1514] Building C object apps/external/libjpeg-turbo/CMakeFiles/turbojpeg-static.dir/libjpeg-turbo/jcapistd.c.o
[7/1514] Building C object apps/external/libjpeg-turbo/CMakeFiles/turbojpeg-static.dir/libjpeg-turbo/jcapimin.c.o
[8/1514] Building C object apps/external/libjpeg-turbo/CMakeFiles/turbojpeg-static.dir/libjpeg-turbo/jccoefct.c.o
[9/1514] Building C object apps/external/libjpeg-turbo/CMakeFiles/turbojpeg-static.dir/libjpeg-turbo/jcicc.c.o
[10/1514] Building C object apps/external/libjpeg-turbo/CMakeFiles/turbojpeg-static.dir/libjpeg-turbo/jcdctmgr.c.o
[11/1514] Building C object apps/external/libjpeg-turbo/CMakeFiles/turbojpeg-static.dir/libjpeg-turbo/jcinit.c.o
[12/1514] Building C object apps/external/libjpeg-turbo/CMakeFiles/turbojpeg-static.dir/libjpeg-turbo/jcarith.c.o
[13/1514] Building C object apps/external/libjpeg-turbo/CMakeFiles/turbojpeg-static.dir/libjpeg-turbo/jcmainct.c.o
[14/1514] Building C object apps/external/libjpeg-turbo/CMakeFiles/turbojpeg-static.dir/libjpeg-turbo/jccolor.c.o
[15/1514] Building C object apps/external/libjpeg-turbo/CMakeFiles/turbojpeg-static.dir/libjpeg-turbo/jcomapi.c.o
[16/1514] Building C object apps/external/libjpeg-turbo/CMakeFiles/turbojpeg-static.dir/libjpeg-turbo/jcmarker.c.o
[17/1514] Building C object apps/external/libjpeg-turbo/CMakeFiles/turbojpeg-static.dir/libjpeg-turbo/jcmaster.c.o
[18/1514] Building C object apps/external/libjpeg-turbo/CMakeFiles/turbojpeg-static.dir/libjpeg-turbo/jcparam.c.o
[19/1514] Building C object apps/external/libjpeg-turbo/CMakeFiles/turbojpeg-static.dir/libjpeg-turbo/jcprepct.c.o
[20/1514] Building C object apps/external/libjpeg-turbo/CMakeFiles/turbojpeg-static.dir/libjpeg-turbo/jctrans.c.o
[21/1514] Building C object apps/external/libjpeg-turbo/CMakeFiles/turbojpeg-static.dir/libjpeg-turbo/jcphuff.c.o
[22/1514] Building C object apps/external/libjpeg-turbo/CMakeFiles/turbojpeg-static.dir/libjpeg-turbo/jdapimin.c.o
[23/1514] Building C object apps/external/libjpeg-turbo/CMakeFiles/turbojpeg-static.dir/libjpeg-turbo/jcsample.c.o
[24/1514] Building C object apps/external/libjpeg-turbo/CMakeFiles/turbojpeg-static.dir/libjpeg-turbo/jdatadst-tj.c.o
[25/1514] Building C object apps/external/libjpeg-turbo/CMakeFiles/turbojpeg-static.dir/libjpeg-turbo/jdatasrc-tj.c.o
[26/1514] Building C object apps/external/libjpeg-turbo/CMakeFiles/turbojpeg-static.dir/libjpeg-turbo/jdatadst.c.o
[27/1514] Building C object apps/external/libjpeg-turbo/CMakeFiles/turbojpeg-static.dir/libjpeg-turbo/jdapistd.c.o
[28/1514] Building C object apps/external/libjpeg-turbo/CMakeFiles/turbojpeg-static.dir/libjpeg-turbo/jdatasrc.c.o
[29/1514] Building C object apps/external/libjpeg-turbo/CMakeFiles/turbojpeg-static.dir/libjpeg-turbo/jddctmgr.c.o
[30/1514] Building C object apps/external/libjpeg-turbo/CMakeFiles/turbojpeg-static.dir/libjpeg-turbo/jdarith.c.o
[31/1514] Building C object apps/external/libjpeg-turbo/CMakeFiles/turbojpeg-static.dir/libjpeg-turbo/jdicc.c.o
[32/1514] Building C object apps/external/libjpeg-turbo/CMakeFiles/turbojpeg-static.dir/libjpeg-turbo/jdinput.c.o
[33/1514] Building C object apps/external/libjpeg-turbo/CMakeFiles/turbojpeg-static.dir/libjpeg-turbo/jdcoefct.c.o
[34/1514] Building C object apps/external/libjpeg-turbo/CMakeFiles/turbojpeg-static.dir/libjpeg-turbo/jdmainct.c.o
[35/1514] Building C object apps/external/libjpeg-turbo/CMakeFiles/turbojpeg-static.dir/libjpeg-turbo/jdhuff.c.o
[36/1514] Building C object apps/external/libjpeg-turbo/CMakeFiles/turbojpeg-static.dir/libjpeg-turbo/jdcolor.c.o
[37/1514] Building C object apps/external/libjpeg-turbo/CMakeFiles/turbojpeg-static.dir/libjpeg-turbo/jdmaster.c.o
[38/1514] Building C object apps/external/libjpeg-turbo/CMakeFiles/turbojpeg-static.dir/libjpeg-turbo/jdpostct.c.o
[39/1514] Building C object apps/external/libjpeg-turbo/CMakeFiles/turbojpeg-static.dir/libjpeg-turbo/jdmarker.c.o
[40/1514] Building C object apps/external/libjpeg-turbo/CMakeFiles/turbojpeg-static.dir/libjpeg-turbo/jdphuff.c.o
[41/1514] Building C object apps/external/libjpeg-turbo/CMakeFiles/turbojpeg-static.dir/libjpeg-turbo/jdsample.c.o
[42/1514] Building C object apps/external/libjpeg-turbo/CMakeFiles/turbojpeg-static.dir/libjpeg-turbo/jdtrans.c.o
[43/1514] Building C object apps/external/libjpeg-turbo/CMakeFiles/turbojpeg-static.dir/libjpeg-turbo/jfdctflt.c.o
[44/1514] Building C object apps/external/libjpeg-turbo/CMakeFiles/turbojpeg-static.dir/libjpeg-turbo/jerror.c.o
[45/1514] Building C object apps/external/libjpeg-turbo/CMakeFiles/turbojpeg-static.dir/libjpeg-turbo/jfdctfst.c.o
[46/1514] Building C object apps/external/libjpeg-turbo/CMakeFiles/turbojpeg-static.dir/libjpeg-turbo/jfdctint.c.o
[47/1514] Building C object apps/external/libjpeg-turbo/CMakeFiles/turbojpeg-static.dir/libjpeg-turbo/jidctflt.c.o
[48/1514] Building C object apps/external/libjpeg-turbo/CMakeFiles/turbojpeg-static.dir/libjpeg-turbo/jdmerge.c.o
[49/1514] Building C object apps/external/libjpeg-turbo/CMakeFiles/turbojpeg-static.dir/libjpeg-turbo/jidctfst.c.o
[50/1514] Building C object apps/external/libjpeg-turbo/CMakeFiles/turbojpeg-static.dir/libjpeg-turbo/jidctred.c.o
[51/1514] Building C object apps/external/libjpeg-turbo/CMakeFiles/turbojpeg-static.dir/libjpeg-turbo/jmemnobs.c.o
[52/1514] Building C object apps/external/libjpeg-turbo/CMakeFiles/turbojpeg-static.dir/libjpeg-turbo/jpegtran.c.o
[53/1514] Building C object apps/external/libjpeg-turbo/CMakeFiles/turbojpeg-static.dir/libjpeg-turbo/jmemmgr.c.o
[54/1514] Building C object apps/external/libjpeg-turbo/CMakeFiles/turbojpeg-static.dir/libjpeg-turbo/jquant1.c.o
[55/1514] Building ASM object arch/CMakeFiles/arch.dir/arm64/src/common/arm64_vector_table.S.o
[56/1514] Building C object apps/external/libjpeg-turbo/CMakeFiles/turbojpeg-static.dir/libjpeg-turbo/jutils.c.o
[57/1514] Building ASM object arch/CMakeFiles/arch.dir/arm64/src/common/arm64_vectors.S.o
[58/1514] Building C object apps/external/libjpeg-turbo/CMakeFiles/turbojpeg-static.dir/libjpeg-turbo/jsimd_none.c.o
[59/1514] Building ASM object arch/CMakeFiles/arch.dir/arm64/src/common/arm64_fork_func.S.o
[60/1514] Building C object apps/external/libjpeg-turbo/CMakeFiles/turbojpeg-static.dir/libjpeg-turbo/jquant2.c.o
[61/1514] Building C object arch/CMakeFiles/arch.dir/arm64/src/common/arm64_boot.c.o
[62/1514] Building C object arch/CMakeFiles/arch.dir/arm64/src/common/arm64_initialize.c.o
[63/1514] Building C object arch/CMakeFiles/arch.dir/arm64/src/common/arm64_initialstate.c.o
[64/1514] Building C object arch/CMakeFiles/arch.dir/arm64/src/common/arm64_nputs.c.o
[65/1514] Building C object arch/CMakeFiles/arch.dir/arm64/src/common/arm64_createstack.c.o
[66/1514] Building C object arch/CMakeFiles/arch.dir/arm64/src/common/arm64_releasestack.c.o
[67/1514] Building C object arch/CMakeFiles/arch.dir/arm64/src/common/arm64_stackframe.c.o
[68/1514] Building C object apps/external/libjpeg-turbo/CMakeFiles/turbojpeg-static.dir/libjpeg-turbo/jidctint.c.o
[69/1514] Building C object arch/CMakeFiles/arch.dir/arm64/src/common/arm64_usestack.c.o
[70/1514] Building C object arch/CMakeFiles/arch.dir/arm64/src/common/arm64_getintstack.c.o
[71/1514] Building C object arch/CMakeFiles/arch.dir/arm64/src/common/arm64_perf.c.o
[72/1514] Building C object arch/CMakeFiles/arch.dir/arm64/src/common/arm64_exit.c.o
[73/1514] Building C object arch/CMakeFiles/arch.dir/arm64/src/common/arm64_registerdump.c.o
[74/1514] Building C object arch/CMakeFiles/arch.dir/arm64/src/common/arm64_fork.c.o
[75/1514] Building C object arch/CMakeFiles/arch.dir/arm64/src/common/arm64_tcbinfo.c.o
[76/1514] Building C object arch/CMakeFiles/arch.dir/arm64/src/common/arm64_cpuidlestack.c.o
[77/1514] Building C object arch/CMakeFiles/arch.dir/arm64/src/common/arm64_schedulesigaction.c.o
[78/1514] Building C object arch/CMakeFiles/arch.dir/arm64/src/common/arm64_sigdeliver.c.o
[79/1514] Building C object arch/CMakeFiles/arch.dir/arm64/src/common/arm64_arch_timer.c.o
[80/1514] Building C object arch/CMakeFiles/arch.dir/arm64/src/common/arm64_cache.c.o
[81/1514] Building C object arch/CMakeFiles/arch.dir/arm64/src/common/arm64_doirq.c.o
[82/1514] Building C object arch/CMakeFiles/arch.dir/arm64/src/common/arm64_allocateheap.c.o
[83/1514] Building C object arch/CMakeFiles/arch.dir/arm64/src/common/arm64_syscall.c.o
[84/1514] Building C object arch/CMakeFiles/arch.dir/arm64/src/common/arm64_fatal.c.o
[85/1514] Building C object arch/CMakeFiles/arch.dir/arm64/src/common/arm64_idle.c.o
[86/1514] Building ASM object arch/CMakeFiles/arch.dir/arm64/src/common/arm64_smccc.S.o
[87/1514] Building C object arch/CMakeFiles/arch.dir/arm64/src/common/arm64_gicv2.c.o
[88/1514] Building C object arch/CMakeFiles/arch.dir/arm64/src/common/arm64_cpu_psci.c.o
[89/1514] Building C object arch/CMakeFiles/arch.dir/arm64/src/common/arm64_cpustart.c.o
[90/1514] Building C object arch/CMakeFiles/arch.dir/arm64/src/common/arm64_hwdebug.c.o
[91/1514] Building ASM object arch/CMakeFiles/arch.dir/arm64/src/common/arm64_fpu_func.S.o
[92/1514] Building C object arch/CMakeFiles/arch.dir/arm64/src/common/arm64_mmu.c.o
[93/1514] Building C object arch/CMakeFiles/arch.dir/arm64/src/common/arm64_smpcall.c.o
[94/1514] Building C object arch/CMakeFiles/arch.dir/arm64/src/common/arm64_fpu.c.o
[95/1514] Building ASM object arch/CMakeFiles/arch.dir/arm64/src/rk3576/rk3576_lowputc.S.o
[96/1514] Building C object arch/CMakeFiles/arch.dir/arm64/src/common/arm64_checkstack.c.o
[97/1514] Building C object arch/CMakeFiles/arch.dir/arm64/src/common/arm64_backtrace.c.o
[98/1514] Building C object arch/CMakeFiles/arch.dir/arm64/src/rk3576/rk3576_serial.c.o
[99/1514] Building C object arch/CMakeFiles/arch.dir/arm64/src/rk3576/rk3576_boot.c.o
[100/1514] Building C object binfmt/CMakeFiles/binfmt.dir/binfmt_globals.c.o
[101/1514] Building C object arch/CMakeFiles/arch.dir/arm64/src/rk3576/rk3576_uart6.c.o
[102/1514] Building C object binfmt/CMakeFiles/binfmt.dir/binfmt_initialize.c.o
[103/1514] Building C object arch/CMakeFiles/arch.dir/arm64/src/rk3576/rk3576_model_arena.c.o
[104/1514] Building C object arch/CMakeFiles/arch.dir/arm64/src/rk3576/rk3576_usbhost.c.o
[105/1514] Building C object binfmt/CMakeFiles/binfmt.dir/binfmt_register.c.o
[106/1514] Building C object binfmt/CMakeFiles/binfmt.dir/binfmt_unregister.c.o
[107/1514] Building C object binfmt/CMakeFiles/binfmt.dir/binfmt_loadmodule.c.o
[108/1514] Building C object binfmt/CMakeFiles/binfmt.dir/binfmt_unloadmodule.c.o
[109/1514] Building C object binfmt/CMakeFiles/binfmt.dir/binfmt_copyargv.c.o
[110/1514] Building C object binfmt/CMakeFiles/binfmt.dir/binfmt_exec.c.o
[111/1514] Building C object binfmt/CMakeFiles/binfmt.dir/binfmt_copyactions.c.o
[112/1514] Building C object binfmt/CMakeFiles/binfmt.dir/binfmt_execmodule.c.o
[113/1514] Building C object binfmt/CMakeFiles/binfmt.dir/binfmt_copyattr.c.o
[114/1514] Building C object binfmt/CMakeFiles/binfmt.dir/binfmt_dumpmodule.c.o
[115/1514] Building C object binfmt/CMakeFiles/binfmt.dir/builtin.c.o
[116/1514] Building C object drivers/CMakeFiles/drivers.dir/bch/bchlib_setup.c.o
[117/1514] Building C object drivers/CMakeFiles/drivers.dir/bch/bchlib_teardown.c.o
[118/1514] Building C object drivers/CMakeFiles/drivers.dir/bch/bchlib_read.c.o
[119/1514] Building C object drivers/CMakeFiles/drivers.dir/bch/bchlib_write.c.o
[120/1514] Building C object drivers/CMakeFiles/drivers.dir/bch/bchdev_register.c.o
[121/1514] Building C object drivers/CMakeFiles/drivers.dir/bch/bchlib_cache.c.o
[122/1514] Building C object drivers/CMakeFiles/drivers.dir/bch/bchdev_unregister.c.o
[123/1514] Building C object drivers/CMakeFiles/drivers.dir/misc/dev_null.c.o
[124/1514] Building C object drivers/CMakeFiles/drivers.dir/misc/dev_zero.c.o
[125/1514] Building C object drivers/CMakeFiles/drivers.dir/loop/losetup.c.o
[126/1514] Building C object drivers/CMakeFiles/drivers.dir/misc/mkrd.c.o
[127/1514] Building C object drivers/CMakeFiles/drivers.dir/misc/ramdisk.c.o
[128/1514] Building C object drivers/CMakeFiles/drivers.dir/bch/bchdev_driver.c.o
[129/1514] Building C object drivers/CMakeFiles/drivers.dir/pipes/fifo.c.o
[130/1514] Building C object drivers/CMakeFiles/drivers.dir/pipes/pipe.c.o
[131/1514] Building C object drivers/CMakeFiles/drivers.dir/pipes/pipe_common.c.o
[132/1514] Building C object drivers/CMakeFiles/drivers.dir/syslog/syslog_initialize.c.o
[133/1514] Building C object drivers/CMakeFiles/drivers.dir/serial/serial_io.c.o
[134/1514] Building C object drivers/CMakeFiles/drivers.dir/syslog/setlogmask.c.o
[135/1514] Building C object drivers/CMakeFiles/drivers.dir/serial/uart_16550.c.o
[136/1514] Building C object drivers/CMakeFiles/drivers.dir/net/netdev_upperhalf.c.o
[137/1514] Building C object drivers/CMakeFiles/drivers.dir/syslog/vsyslog.c.o
[138/1514] Building C object drivers/CMakeFiles/drivers.dir/syslog/syslog_write.c.o
[139/1514] Building C object drivers/CMakeFiles/drivers.dir/syslog/syslog_channel.c.o
[140/1514] Building C object drivers/CMakeFiles/drivers.dir/syslog/syslog_flush.c.o
[141/1514] Building C object drivers/CMakeFiles/drivers.dir/usbhost/usbhost_registry.c.o
[142/1514] Building C object drivers/CMakeFiles/drivers.dir/syslog/ramlog.c.o
[143/1514] Building C object drivers/CMakeFiles/drivers.dir/timers/oneshot.c.o
[144/1514] Building C object drivers/CMakeFiles/drivers.dir/usbhost/usbhost_registerclass.c.o
[145/1514] Building C object drivers/CMakeFiles/drivers.dir/serial/serial.c.o
[146/1514] Building C object drivers/CMakeFiles/drivers.dir/timers/arch_alarm.c.o
[147/1514] Building C object drivers/CMakeFiles/drivers.dir/usbhost/usbhost_findclass.c.o
[148/1514] Building C object drivers/CMakeFiles/drivers.dir/usbhost/usbhost_drivers.c.o
[149/1514] Building C object drivers/CMakeFiles/drivers.dir/usbhost/usbhost_waiter.c.o
[150/1514] Building C object apps/external/libjpeg-turbo/CMakeFiles/turbojpeg-static.dir/libjpeg-turbo/jchuff.c.o
[151/1514] Building C object drivers/CMakeFiles/drivers.dir/usbhost/usbhost_enumerate.c.o
[152/1514] Building C object drivers/CMakeFiles/drivers.dir/usbhost/usbhost_xhci_rk3576_trace.c.o
[153/1514] Building C object drivers/CMakeFiles/drivers.dir/usbhost/usbhost_devaddr.c.o
[154/1514] Building C object drivers/CMakeFiles/drivers.dir/usbhost/usbhost_trace.c.o
[155/1514] Building C object drivers/CMakeFiles/drivers.dir/wireless/bluetooth/bt_driver.c.o
[156/1514] Building C object fs/CMakeFiles/fs.dir/fs_initialize.c.o
[157/1514] Building C object fs/CMakeFiles/fs.dir/fs_heap.c.o
[158/1514] Building C object drivers/CMakeFiles/drivers.dir/drivers_initialize.c.o
[159/1514] Building C object fs/CMakeFiles/fs.dir/driver/fs_registerdriver.c.o
[160/1514] Building C object fs/CMakeFiles/fs.dir/driver/fs_registerpipedriver.c.o
[161/1514] Building C object fs/CMakeFiles/fs.dir/driver/fs_unregisterdriver.c.o
[162/1514] Building C object fs/CMakeFiles/fs.dir/driver/fs_unregisterpipedriver.c.o
[163/1514] Building C object drivers/CMakeFiles/drivers.dir/usbhost/usbhost_hub.c.o
[164/1514] Building C object fs/CMakeFiles/fs.dir/driver/fs_registerblockdriver.c.o
[165/1514] Building C object fs/CMakeFiles/fs.dir/driver/fs_unregisterblockdriver.c.o
[166/1514] Building C object fs/CMakeFiles/fs.dir/driver/fs_findblockdriver.c.o
[167/1514] Building C object fs/CMakeFiles/fs.dir/driver/fs_openblockdriver.c.o
[168/1514] Building C object fs/CMakeFiles/fs.dir/driver/fs_closeblockdriver.c.o
[169/1514] Building C object fs/CMakeFiles/fs.dir/driver/fs_findmtddriver.c.o
[170/1514] Building C object fs/CMakeFiles/fs.dir/driver/fs_blockpartition.c.o
[171/1514] Building C object fs/CMakeFiles/fs.dir/driver/fs_closemtddriver.c.o
[172/1514] Building C object fs/CMakeFiles/fs.dir/driver/fs_blockmerge.c.o
[173/1514] Building C object fs/CMakeFiles/fs.dir/driver/fs_blockproxy.c.o
[174/1514] Building C object fs/CMakeFiles/fs.dir/inode/fs_foreachinode.c.o
[175/1514] Building C object fs/CMakeFiles/fs.dir/inode/fs_inode.c.o
[176/1514] Building C object fs/CMakeFiles/fs.dir/inode/fs_inodeaddref.c.o
[177/1514] Building C object fs/CMakeFiles/fs.dir/inode/fs_inodebasename.c.o
[178/1514] Building C object fs/CMakeFiles/fs.dir/inode/fs_inodefind.c.o
[179/1514] Building C object fs/CMakeFiles/fs.dir/inode/fs_inodefree.c.o
[180/1514] Building C object fs/CMakeFiles/fs.dir/inode/fs_files.c.o
[181/1514] Building C object fs/CMakeFiles/fs.dir/inode/fs_inodegetpath.c.o
[182/1514] Building C object fs/CMakeFiles/fs.dir/inode/fs_inoderelease.c.o
[183/1514] Building C object fs/CMakeFiles/fs.dir/inode/fs_inoderemove.c.o
[184/1514] Building C object fs/CMakeFiles/fs.dir/inode/fs_inodereserve.c.o
[185/1514] Building C object fs/CMakeFiles/fs.dir/mmap/fs_mmisc.c.o
[186/1514] Building C object fs/CMakeFiles/fs.dir/inode/fs_inodesearch.c.o
[187/1514] Building C object fs/CMakeFiles/fs.dir/mmap/fs_mmap.c.o
[188/1514] Building C object fs/CMakeFiles/fs.dir/mmap/fs_munmap.c.o
[189/1514] Building C object fs/CMakeFiles/fs.dir/mmap/fs_msync.c.o
[190/1514] Building C object fs/CMakeFiles/fs.dir/mmap/fs_anonmap.c.o
[191/1514] Building C object fs/CMakeFiles/fs.dir/mount/fs_umount2.c.o
[192/1514] Building C object fs/CMakeFiles/fs.dir/mount/fs_mount.c.o
[193/1514] Building C object fs/CMakeFiles/fs.dir/mount/fs_foreachmountpoint.c.o
[194/1514] Building C object fs/CMakeFiles/fs.dir/mount/fs_gettype.c.o
[195/1514] Building C object fs/CMakeFiles/fs.dir/mount/fs_procfs_mount.c.o
[196/1514] Building C object fs/CMakeFiles/fs.dir/mqueue/mq_close.c.o
[197/1514] Building C object fs/CMakeFiles/fs.dir/mqueue/mq_unlink.c.o
[198/1514] Building C object fs/CMakeFiles/fs.dir/partition/fs_partition.c.o
[199/1514] Building C object fs/CMakeFiles/fs.dir/mqueue/mq_open.c.o
[200/1514] Building C object fs/CMakeFiles/fs.dir/procfs/fs_procfscpuinfo.c.o
[201/1514] Building C object fs/CMakeFiles/fs.dir/procfs/fs_procfscpuload.c.o
[202/1514] Building C object fs/CMakeFiles/fs.dir/procfs/fs_procfscritmon.c.o
[203/1514] Building C object fs/CMakeFiles/fs.dir/procfs/fs_procfsfdt.c.o
[204/1514] Building C object drivers/CMakeFiles/drivers.dir/usbhost/usbhost_xhci_rk3576.c.o
[205/1514] Building C object fs/CMakeFiles/fs.dir/procfs/fs_procfsiobinfo.c.o
[206/1514] Building C object fs/CMakeFiles/fs.dir/procfs/fs_procfs.c.o
[207/1514] Building C object fs/CMakeFiles/fs.dir/procfs/fs_procfstcbinfo.c.o
[208/1514] Building C object fs/CMakeFiles/fs.dir/procfs/fs_procfsmeminfo.c.o
[209/1514] Building C object fs/CMakeFiles/fs.dir/procfs/fs_procfsuptime.c.o
[210/1514] Building C object fs/CMakeFiles/fs.dir/procfs/fs_procfsutil.c.o
[211/1514] Building C object fs/CMakeFiles/fs.dir/procfs/fs_procfsversion.c.o
[212/1514] Building C object fs/CMakeFiles/fs.dir/socket/accept.c.o
[213/1514] Building C object fs/CMakeFiles/fs.dir/socket/socketpair.c.o
[214/1514] Building C object fs/CMakeFiles/fs.dir/socket/socket.c.o
[215/1514] Building C object fs/CMakeFiles/fs.dir/procfs/fs_procfsproc.c.o
[216/1514] Building C object fs/CMakeFiles/fs.dir/vfs/fs_chstat.c.o
[217/1514] Building C object fs/CMakeFiles/fs.dir/vfs/fs_close.c.o
[218/1514] Building C object fs/CMakeFiles/fs.dir/vfs/fs_dup.c.o
[219/1514] Building C object fs/CMakeFiles/fs.dir/vfs/fs_dup3.c.o
[220/1514] Building C object fs/CMakeFiles/fs.dir/vfs/fs_dup2.c.o
[221/1514] Building C object fs/CMakeFiles/fs.dir/vfs/fs_fcntl.c.o
[222/1514] Building C object fs/CMakeFiles/fs.dir/vfs/fs_fstatfs.c.o
[223/1514] Building C object fs/CMakeFiles/fs.dir/vfs/fs_fchstat.c.o
[224/1514] Building C object fs/CMakeFiles/fs.dir/vfs/fs_lseek.c.o
[225/1514] Building C object fs/CMakeFiles/fs.dir/vfs/fs_fstat.c.o
[226/1514] Building C object fs/CMakeFiles/fs.dir/vfs/fs_ioctl.c.o
[227/1514] Building C object fs/CMakeFiles/fs.dir/vfs/fs_mkdir.c.o
[228/1514] Building C object fs/CMakeFiles/fs.dir/vfs/fs_pread.c.o
[229/1514] Building C object fs/CMakeFiles/fs.dir/vfs/fs_pwrite.c.o
[230/1514] Building C object fs/CMakeFiles/fs.dir/vfs/fs_open.c.o
[231/1514] Building C object fs/CMakeFiles/fs.dir/vfs/fs_read.c.o
[232/1514] Building C object fs/CMakeFiles/fs.dir/vfs/fs_poll.c.o
[233/1514] Building C object fs/CMakeFiles/fs.dir/vfs/fs_rmdir.c.o
[234/1514] Building C object fs/CMakeFiles/fs.dir/vfs/fs_rename.c.o
[235/1514] Building C object fs/CMakeFiles/fs.dir/vfs/fs_select.c.o
[236/1514] Building C object fs/CMakeFiles/fs.dir/vfs/fs_statfs.c.o
[237/1514] Building C object fs/CMakeFiles/fs.dir/vfs/fs_epoll.c.o
[238/1514] Building C object fs/CMakeFiles/fs.dir/vfs/fs_stat.c.o
[239/1514] Building C object fs/CMakeFiles/fs.dir/vfs/fs_sendfile.c.o
[240/1514] Building C object fs/CMakeFiles/fs.dir/vfs/fs_uio.c.o
[241/1514] Building C object fs/CMakeFiles/fs.dir/vfs/fs_unlink.c.o
[242/1514] Building C object fs/CMakeFiles/fs.dir/vfs/fs_syncfs.c.o
[243/1514] Building C object fs/CMakeFiles/fs.dir/vfs/fs_fsync.c.o
[244/1514] Building C object fs/CMakeFiles/fs.dir/vfs/fs_write.c.o
[245/1514] Building C object fs/CMakeFiles/fs.dir/vfs/fs_dir.c.o
[246/1514] Building C object fs/CMakeFiles/fs.dir/vfs/fs_truncate.c.o
[247/1514] Building C object fs/CMakeFiles/fs.dir/vfs/fs_link.c.o
[248/1514] Building C object fs/CMakeFiles/fs.dir/vfs/fs_symlink.c.o
[249/1514] Building C object fs/CMakeFiles/fs.dir/vfs/fs_readlink.c.o
[250/1514] Building C object libs/libc/CMakeFiles/c.dir/assert/lib_stackchk.c.o
[251/1514] Building C object libs/libc/CMakeFiles/c.dir/builtin/lib_builtin_getname.c.o
[252/1514] Building C object libs/libc/CMakeFiles/c.dir/assert/lib_assert.c.o
[253/1514] Building C object libs/libc/CMakeFiles/c.dir/builtin/lib_builtin_isavail.c.o
[254/1514] Building C object libs/libc/CMakeFiles/c.dir/builtin/lib_builtin_forindex.c.o
[255/1514] Building C object libs/libc/CMakeFiles/c.dir/ctype/lib_isalnum.c.o
[256/1514] Building C object libs/libc/CMakeFiles/c.dir/ctype/lib_isalpha.c.o
[257/1514] Building C object libs/libc/CMakeFiles/c.dir/ctype/lib_isascii.c.o
[258/1514] Building C object libs/libc/CMakeFiles/c.dir/ctype/lib_isblank.c.o
[259/1514] Building C object libs/libc/CMakeFiles/c.dir/ctype/lib_iscntrl.c.o
[260/1514] Building C object libs/libc/CMakeFiles/c.dir/ctype/lib_isgraph.c.o
[261/1514] Building C object libs/libc/CMakeFiles/c.dir/ctype/lib_isdigit.c.o
[262/1514] Building C object libs/libc/CMakeFiles/c.dir/ctype/lib_islower.c.o
[263/1514] Building C object libs/libc/CMakeFiles/c.dir/ctype/lib_isprint.c.o
[264/1514] Building C object libs/libc/CMakeFiles/c.dir/ctype/lib_ispunct.c.o
[265/1514] Building C object libs/libc/CMakeFiles/c.dir/ctype/lib_isspace.c.o
[266/1514] Building C object libs/libc/CMakeFiles/c.dir/ctype/lib_isupper.c.o
[267/1514] Building C object libs/libc/CMakeFiles/c.dir/ctype/lib_isxdigit.c.o
[268/1514] Building C object libs/libc/CMakeFiles/c.dir/ctype/lib_ctype.c.o
[269/1514] Building C object libs/libc/CMakeFiles/c.dir/ctype/lib_tolower.c.o
[270/1514] Building C object libs/libc/CMakeFiles/c.dir/ctype/lib_toupper.c.o
[271/1514] Building C object libs/libc/CMakeFiles/c.dir/dirent/lib_readdirr.c.o
[272/1514] Building C object libs/libc/CMakeFiles/c.dir/dirent/lib_alphasort.c.o
[273/1514] Building C object libs/libc/CMakeFiles/c.dir/dirent/lib_ftw.c.o
[274/1514] Building C object libs/libc/CMakeFiles/c.dir/dirent/lib_telldir.c.o
[275/1514] Building C object libs/libc/CMakeFiles/c.dir/dirent/lib_scandir.c.o
[276/1514] Building C object libs/libc/CMakeFiles/c.dir/dirent/lib_opendir.c.o
[277/1514] Building C object libs/libc/CMakeFiles/c.dir/dirent/lib_fdopendir.c.o
[278/1514] Building C object libs/libc/CMakeFiles/c.dir/dirent/lib_nftw.c.o
[279/1514] Building C object libs/libc/CMakeFiles/c.dir/dirent/lib_closedir.c.o
[280/1514] Building C object libs/libc/CMakeFiles/c.dir/dirent/lib_readdir.c.o
[281/1514] Building C object libs/libc/CMakeFiles/c.dir/dirent/lib_dirfd.c.o
[282/1514] Building C object libs/libc/CMakeFiles/c.dir/dirent/lib_rewinddir.c.o
[283/1514] Building C object libs/libc/CMakeFiles/c.dir/dirent/lib_versionsort.c.o
[284/1514] Building C object libs/libc/CMakeFiles/c.dir/dirent/lib_seekdir.c.o
[285/1514] Building C object libs/libc/CMakeFiles/c.dir/dlfcn/lib_dlfind_object.c.o
[286/1514] Building C object libs/libc/CMakeFiles/c.dir/environ/env_getenvironptr.c.o
[287/1514] Building C object libs/libc/CMakeFiles/c.dir/environ/env_release.c.o
[288/1514] Building C object libs/libc/CMakeFiles/c.dir/environ/env_findvar.c.o
[289/1514] Building C object libs/libc/CMakeFiles/c.dir/environ/env_removevar.c.o
[290/1514] Building C object libs/libc/CMakeFiles/c.dir/environ/env_clearenv.c.o
[291/1514] Building C object libs/libc/CMakeFiles/c.dir/environ/env_dup.c.o
[292/1514] Building C object libs/libc/CMakeFiles/c.dir/environ/env_putenv.c.o
[293/1514] Building C object libs/libc/CMakeFiles/c.dir/environ/env_foreach.c.o
[294/1514] Building C object libs/libc/CMakeFiles/c.dir/fixedmath/lib_fixedmath.c.o
[295/1514] Building C object libs/libc/CMakeFiles/c.dir/errno/lib_errno.c.o
[296/1514] Building C object libs/libc/CMakeFiles/c.dir/environ/env_getenv.c.o
[297/1514] Building C object libs/libc/CMakeFiles/c.dir/environ/env_unsetenv.c.o
[298/1514] Building C object libs/libc/CMakeFiles/c.dir/fixedmath/lib_b16cos.c.o
[299/1514] Building C object libs/libc/CMakeFiles/c.dir/fixedmath/lib_b16sin.c.o
[300/1514] Building C object libs/libc/CMakeFiles/c.dir/environ/env_setenv.c.o
[301/1514] Building C object libs/libc/CMakeFiles/c.dir/fixedmath/lib_b16atan2.c.o
[302/1514] Building C object libs/libc/CMakeFiles/c.dir/fixedmath/lib_ubsqrt.c.o
[303/1514] Building C object libs/libc/CMakeFiles/c.dir/grp/lib_getgrgidr.c.o
[304/1514] Building C object libs/libc/CMakeFiles/c.dir/grp/lib_initgroups.c.o
[305/1514] Building C object libs/libc/CMakeFiles/c.dir/grp/lib_getgrnamr.c.o
[306/1514] Building C object libs/libc/CMakeFiles/c.dir/grp/lib_getgrgid.c.o
[307/1514] Building C object libs/libc/CMakeFiles/c.dir/grp/lib_getgrnam.c.o
[308/1514] Building C object libs/libc/CMakeFiles/c.dir/grp/lib_getgrbufr.c.o
[309/1514] Building C object libs/libc/CMakeFiles/c.dir/inttypes/lib_imaxabs.c.o
[310/1514] Building C object libs/libc/CMakeFiles/c.dir/inttypes/lib_imaxdiv.c.o
[311/1514] Building C object libs/libc/CMakeFiles/c.dir/grp/lib_getgrbuf.c.o
[312/1514] Building ASM object libs/libc/CMakeFiles/c.dir/machine/arm64/arch_setjmp.S.o
[313/1514] Building C object libs/libc/CMakeFiles/c.dir/inttypes/lib_strtoimax.c.o
[314/1514] Building C object libs/libc/CMakeFiles/c.dir/inttypes/lib_strtoumax.c.o
[315/1514] Building C object libs/libc/CMakeFiles/c.dir/libgen/lib_basename.c.o
[316/1514] Building C object libs/libc/CMakeFiles/c.dir/libgen/lib_dirname.c.o
[317/1514] Building C object libs/libc/CMakeFiles/c.dir/misc/lib_creat.c.o
[318/1514] Building C object libs/libc/CMakeFiles/c.dir/misc/lib_bitmap.c.o
[319/1514] Building C object libs/libc/CMakeFiles/c.dir/misc/lib_utsname.c.o
[320/1514] Building C object libs/libc/CMakeFiles/c.dir/misc/lib_mknod.c.o
[321/1514] Building C object libs/libc/CMakeFiles/c.dir/misc/lib_umask.c.o
[322/1514] Building C object libs/libc/CMakeFiles/c.dir/misc/lib_xorshift128.c.o
[323/1514] Building C object libs/libc/CMakeFiles/c.dir/misc/lib_getrandom.c.o
[324/1514] Building C object libs/libc/CMakeFiles/c.dir/misc/lib_tea_encrypt.c.o
[325/1514] Building C object libs/libc/CMakeFiles/c.dir/misc/lib_circbuf.c.o
[326/1514] Building C object libs/libc/CMakeFiles/c.dir/misc/lib_tea_decrypt.c.o
[327/1514] Building C object libs/libc/CMakeFiles/c.dir/misc/lib_impure.c.o
[328/1514] Building C object libs/libc/CMakeFiles/c.dir/misc/lib_cxx_initialize.c.o
[329/1514] Building C object libs/libc/CMakeFiles/c.dir/misc/lib_memfd.c.o
[330/1514] Building C object libs/libc/CMakeFiles/c.dir/misc/lib_fchmodat.c.o
[331/1514] Building C object libs/libc/CMakeFiles/c.dir/misc/lib_fstatat.c.o
[332/1514] Building C object libs/libc/CMakeFiles/c.dir/misc/lib_getfullpath.c.o
[333/1514] Building C object libs/libc/CMakeFiles/c.dir/misc/lib_openat.c.o
[334/1514] Building C object libs/libc/CMakeFiles/c.dir/misc/lib_mkdirat.c.o
[335/1514] Building C object libs/libc/CMakeFiles/c.dir/misc/lib_utimensat.c.o
[336/1514] Building C object libs/libc/CMakeFiles/c.dir/misc/lib_mallopt.c.o
[337/1514] Building C object libs/libc/CMakeFiles/c.dir/misc/lib_getnprocs.c.o
[338/1514] Building C object libs/libc/CMakeFiles/c.dir/misc/lib_ratelimit.c.o
[339/1514] Building C object libs/libc/CMakeFiles/c.dir/misc/lib_sem_mutex_noinline.c.o
[340/1514] Building C object libs/libc/CMakeFiles/c.dir/misc/lib_umul64.c.o
[341/1514] Building C object libs/libc/CMakeFiles/c.dir/misc/lib_umul32.c.o
[342/1514] Building C object libs/libc/CMakeFiles/c.dir/misc/lib_tempbuffer.c.o
[343/1514] Building C object libs/libc/CMakeFiles/c.dir/misc/lib_umul32x64.c.o
[344/1514] Building C object libs/libc/CMakeFiles/c.dir/misc/lib_uadd32x64.c.o
[345/1514] Building C object libs/libc/CMakeFiles/c.dir/misc/lib_idr.c.o
[346/1514] Building C object libs/libc/CMakeFiles/c.dir/misc/lib_uadd64.c.o
[347/1514] Building C object libs/libc/CMakeFiles/c.dir/misc/lib_usub64x32.c.o
[348/1514] Building C object libs/libc/CMakeFiles/c.dir/misc/lib_usub64.c.o
[349/1514] Building C object libs/libc/CMakeFiles/c.dir/misc/lib_fnmatch.c.o
[350/1514] Building C object libs/libc/CMakeFiles/c.dir/misc/lib_dumpbuffer.c.o
[351/1514] Building C object libs/libc/CMakeFiles/c.dir/misc/lib_debug.c.o
[352/1514] Building C object libs/libc/CMakeFiles/c.dir/misc/lib_crc64.c.o
[353/1514] Building C object libs/libc/CMakeFiles/c.dir/misc/lib_dumpvbuffer.c.o
[354/1514] Building C object libs/libc/CMakeFiles/c.dir/misc/lib_crc64emac.c.o
[355/1514] Building C object libs/libc/CMakeFiles/c.dir/misc/lib_crc32.c.o
[356/1514] Building C object libs/libc/CMakeFiles/c.dir/misc/lib_crc32h04c11db7.c.o
[357/1514] Building C object libs/libc/CMakeFiles/c.dir/misc/lib_crc32hf4acfb13.c.o
[358/1514] Building C object libs/libc/CMakeFiles/c.dir/misc/lib_crc16.c.o
[359/1514] Building C object libs/libc/CMakeFiles/c.dir/misc/lib_crc16ccitt.c.o
[360/1514] Building C object libs/libc/CMakeFiles/c.dir/misc/lib_crc16h1021.c.o
[361/1514] Building C object libs/libc/CMakeFiles/c.dir/misc/lib_crc16h8005.c.o
[362/1514] Building C object libs/libc/CMakeFiles/c.dir/misc/lib_crc8.c.o
[363/1514] Building C object libs/libc/CMakeFiles/c.dir/misc/lib_crc8ccitt.c.o
[364/1514] Building C object libs/libc/CMakeFiles/c.dir/misc/lib_crc8h1d.c.o
[365/1514] Building C object libs/libc/CMakeFiles/c.dir/misc/lib_crc8h2f.c.o
[366/1514] Building C object libs/libc/CMakeFiles/c.dir/misc/lib_crc8rohc.c.o
[367/1514] Building C object libs/libc/CMakeFiles/c.dir/misc/lib_crc8table.c.o
[368/1514] Building C object libs/libc/CMakeFiles/c.dir/misc/lib_ftok.c.o
[369/1514] Building C object libs/libc/CMakeFiles/c.dir/misc/lib_instrument.c.o
[370/1514] Building C object libs/libc/CMakeFiles/c.dir/misc/lib_backtrace.c.o
[371/1514] Building C object libs/libc/CMakeFiles/c.dir/misc/lib_err.c.o
[372/1514] Building C object libs/libc/CMakeFiles/c.dir/net/lib_addrconfig.c.o
[373/1514] Building C object libs/libc/CMakeFiles/c.dir/misc/lib_fdcheck.c.o
[374/1514] Building C object libs/libc/CMakeFiles/c.dir/misc/lib_glob.c.o
[375/1514] Building C object libs/libc/CMakeFiles/c.dir/net/lib_htons.c.o
[376/1514] Building C object libs/libc/CMakeFiles/c.dir/net/lib_htonl.c.o
[377/1514] Building C object libs/libc/CMakeFiles/c.dir/net/lib_base64.c.o
[378/1514] Building C object libs/libc/CMakeFiles/c.dir/net/lib_htonq.c.o
[379/1514] Building C object libs/libc/CMakeFiles/c.dir/net/lib_inetaton.c.o
[380/1514] Building C object libs/libc/CMakeFiles/c.dir/net/lib_inetaddr.c.o
[381/1514] Building C object libs/libc/CMakeFiles/c.dir/net/lib_inetntop.c.o
[382/1514] Building C object libs/libc/CMakeFiles/c.dir/net/lib_accept.c.o
[383/1514] Building C object libs/libc/CMakeFiles/c.dir/net/lib_inetntoa.c.o
[384/1514] Building C object libs/libc/CMakeFiles/c.dir/net/lib_inetpton.c.o
[385/1514] Building C object libs/libc/CMakeFiles/c.dir/net/lib_inetnetwork.c.o
[386/1514] Building C object libs/libc/CMakeFiles/c.dir/net/lib_freeifaddrs.c.o
[387/1514] Building C object libs/libc/CMakeFiles/c.dir/net/lib_etherntoa.c.o
[388/1514] Building C object libs/libc/CMakeFiles/c.dir/net/lib_indextoname.c.o
[389/1514] Building C object libs/libc/CMakeFiles/c.dir/net/lib_etheraton.c.o
[390/1514] Building C object libs/libc/CMakeFiles/c.dir/net/lib_getifaddrs.c.o
[391/1514] Building C object libs/libc/CMakeFiles/c.dir/net/lib_nameindex.c.o
[392/1514] Building C object libs/libc/CMakeFiles/c.dir/net/lib_nametoindex.c.o
[393/1514] Building C object libs/libc/CMakeFiles/c.dir/net/lib_freenameindex.c.o
[394/1514] Building C object libs/libc/CMakeFiles/c.dir/obstack/lib_obstack_alloc.c.o
[395/1514] Building C object libs/libc/CMakeFiles/c.dir/obstack/lib_obstack_init.c.o
[396/1514] Building C object libs/libc/CMakeFiles/c.dir/obstack/lib_obstack_copy.c.o
[397/1514] Building C object libs/libc/CMakeFiles/c.dir/obstack/lib_obstack_blank.c.o
[398/1514] Building C object libs/libc/CMakeFiles/c.dir/obstack/lib_obstack_grow.c.o
[399/1514] Building C object libs/libc/CMakeFiles/c.dir/obstack/lib_obstack_free.c.o
[400/1514] Building C object libs/libc/CMakeFiles/c.dir/obstack/lib_obstack_finish.c.o
[401/1514] Building C object libs/libc/CMakeFiles/c.dir/obstack/lib_obstack_object_size.c.o
[402/1514] Building C object libs/libc/CMakeFiles/c.dir/obstack/lib_obstack_make_room.c.o
[403/1514] Building C object libs/libc/CMakeFiles/c.dir/obstack/lib_obstack_room.c.o
[404/1514] Building C object libs/libc/CMakeFiles/c.dir/obstack/lib_obstack_printf.c.o
[405/1514] Building C object libs/libc/CMakeFiles/c.dir/misc/lib_lrucache.c.o
[406/1514] Building C object libs/libc/CMakeFiles/c.dir/obstack/lib_obstack_vprintf.c.o
[407/1514] Building C object libs/libc/CMakeFiles/c.dir/pthread/pthread_attr_init.c.o
[408/1514] Building C object libs/libc/CMakeFiles/c.dir/obstack/lib_obstack_malloc.c.o
[409/1514] Building C object libs/libc/CMakeFiles/c.dir/pthread/pthread_attr_destroy.c.o
[410/1514] Building C object libs/libc/CMakeFiles/c.dir/pthread/pthread_attr_setschedpolicy.c.o
[411/1514] Building C object libs/libc/CMakeFiles/c.dir/pthread/pthread_attr_getschedpolicy.c.o
[412/1514] Building C object libs/libc/CMakeFiles/c.dir/pthread/pthread_attr_setinheritsched.c.o
[413/1514] Building C object libs/libc/CMakeFiles/c.dir/pthread/pthread_attr_setdetachstate.c.o
[414/1514] Building C object libs/libc/CMakeFiles/c.dir/pthread/pthread_attr_getinheritsched.c.o
[415/1514] Building C object libs/libc/CMakeFiles/c.dir/pthread/pthread_attr_getdetachstate.c.o
[416/1514] Building C object libs/libc/CMakeFiles/c.dir/pthread/pthread_attr_setstackaddr.c.o
[417/1514] Building C object libs/libc/CMakeFiles/c.dir/pthread/pthread_attr_getstackaddr.c.o
[418/1514] Building C object libs/libc/CMakeFiles/c.dir/pthread/pthread_attr_setstacksize.c.o
[419/1514] Building C object libs/libc/CMakeFiles/c.dir/pthread/pthread_attr_getstacksize.c.o
[420/1514] Building C object libs/libc/CMakeFiles/c.dir/pthread/pthread_attr_setstack.c.o
[421/1514] Building C object libs/libc/CMakeFiles/c.dir/pthread/pthread_attr_getstack.c.o
[422/1514] Building C object libs/libc/CMakeFiles/c.dir/pthread/pthread_attr_setschedparam.c.o
[423/1514] Building C object libs/libc/CMakeFiles/c.dir/pthread/pthread_attr_getschedparam.c.o
[424/1514] Building C object libs/libc/CMakeFiles/c.dir/pthread/pthread_attr_setscope.c.o
[425/1514] Building C object libs/libc/CMakeFiles/c.dir/pthread/pthread_attr_getscope.c.o
[426/1514] Building C object libs/libc/CMakeFiles/c.dir/pthread/pthread_attr_setguardsize.c.o
[427/1514] Building C object libs/libc/CMakeFiles/c.dir/pthread/pthread_attr_getguardsize.c.o
[428/1514] Building C object libs/libc/CMakeFiles/c.dir/pthread/pthread_barrierattr_init.c.o
[429/1514] Building C object libs/libc/CMakeFiles/c.dir/pthread/pthread_barrierattr_destroy.c.o
[430/1514] Building C object libs/libc/CMakeFiles/c.dir/pthread/pthread_barrierattr_getpshared.c.o
[431/1514] Building C object libs/libc/CMakeFiles/c.dir/pthread/pthread_barrierattr_setpshared.c.o
[432/1514] Building C object libs/libc/CMakeFiles/c.dir/pthread/pthread_barrierinit.c.o
[433/1514] Building C object libs/libc/CMakeFiles/c.dir/pthread/pthread_barrierdestroy.c.o
[434/1514] Building C object libs/libc/CMakeFiles/c.dir/pthread/pthread_condattr_init.c.o
[435/1514] Building C object libs/libc/CMakeFiles/c.dir/pthread/pthread_barrierwait.c.o
[436/1514] Building C object libs/libc/CMakeFiles/c.dir/pthread/pthread_condattr_destroy.c.o
[437/1514] Building C object libs/libc/CMakeFiles/c.dir/pthread/pthread_condattr_getpshared.c.o
[438/1514] Building C object libs/libc/CMakeFiles/c.dir/pthread/pthread_condattr_setclock.c.o
[439/1514] Building C object libs/libc/CMakeFiles/c.dir/pthread/pthread_condattr_setpshared.c.o
[440/1514] Building C object libs/libc/CMakeFiles/c.dir/pthread/pthread_condattr_getclock.c.o
[441/1514] Building C object libs/libc/CMakeFiles/c.dir/pthread/pthread_condbroadcast.c.o
[442/1514] Building C object libs/libc/CMakeFiles/c.dir/pthread/pthread_condinit.c.o
[443/1514] Building C object libs/libc/CMakeFiles/c.dir/pthread/pthread_condtimedwait.c.o
[444/1514] Building C object libs/libc/CMakeFiles/c.dir/pthread/pthread_conddestroy.c.o
[445/1514] Building C object libs/libc/CMakeFiles/c.dir/pthread/pthread_condclockwait.c.o
[446/1514] Building C object libs/libc/CMakeFiles/c.dir/pthread/pthread_condsignal.c.o
[447/1514] Building C object libs/libc/CMakeFiles/c.dir/pthread/pthread_equal.c.o
[448/1514] Building C object libs/libc/CMakeFiles/c.dir/pthread/pthread_create.c.o
[449/1514] Building C object libs/libc/CMakeFiles/c.dir/pthread/pthread_kill.c.o
[450/1514] Building C object libs/libc/CMakeFiles/c.dir/pthread/pthread_condwait.c.o
[451/1514] Building C object libs/libc/CMakeFiles/c.dir/pthread/pthread_exit.c.o
[452/1514] Building C object libs/libc/CMakeFiles/c.dir/pthread/pthread_setname_np.c.o
[453/1514] Building C object libs/libc/CMakeFiles/c.dir/pthread/pthread_getname_np.c.o
[454/1514] Building C object libs/libc/CMakeFiles/c.dir/pthread/pthread_get_stackaddr_np.c.o
[455/1514] Building C object libs/libc/CMakeFiles/c.dir/pthread/pthread_get_stacksize_np.c.o
[456/1514] Building C object libs/libc/CMakeFiles/c.dir/pthread/pthread_mutexattr_init.c.o
[457/1514] Building C object libs/libc/CMakeFiles/c.dir/pthread/pthread_mutexattr_destroy.c.o
[458/1514] Building C object libs/libc/CMakeFiles/c.dir/pthread/pthread_mutexattr_getpshared.c.o
[459/1514] Building C object libs/libc/CMakeFiles/c.dir/pthread/pthread_mutexattr_setpshared.c.o
[460/1514] Building C object libs/libc/CMakeFiles/c.dir/pthread/pthread_mutexattr_setprotocol.c.o
[461/1514] Building C object libs/libc/CMakeFiles/c.dir/pthread/pthread_mutexattr_gettype.c.o
[462/1514] Building C object libs/libc/CMakeFiles/c.dir/pthread/pthread_mutexattr_getprotocol.c.o
[463/1514] Building C object libs/libc/CMakeFiles/c.dir/pthread/pthread_mutexattr_settype.c.o
[464/1514] Building C object libs/libc/CMakeFiles/c.dir/pthread/pthread_mutexattr_setrobust.c.o
[465/1514] Building C object libs/libc/CMakeFiles/c.dir/pthread/pthread_mutexattr_setprioceiling.c.o
[466/1514] Building C object libs/libc/CMakeFiles/c.dir/pthread/pthread_mutexattr_getrobust.c.o
[467/1514] Building C object libs/libc/CMakeFiles/c.dir/pthread/pthread_mutexattr_getprioceiling.c.o
[468/1514] Building C object libs/libc/CMakeFiles/c.dir/pthread/pthread_mutex_destroy.c.o
[469/1514] Building C object libs/libc/CMakeFiles/c.dir/pthread/pthread_mutex_getprioceiling.c.o
[470/1514] Building C object libs/libc/CMakeFiles/c.dir/pthread/pthread_mutex_lock.c.o
[471/1514] Building C object libs/libc/CMakeFiles/c.dir/pthread/pthread_mutex_init.c.o
[472/1514] Building C object libs/libc/CMakeFiles/c.dir/pthread/pthread_mutex_setprioceiling.c.o
[473/1514] Building C object libs/libc/CMakeFiles/c.dir/pthread/pthread_mutex_timedlock.c.o
[474/1514] Building C object libs/libc/CMakeFiles/c.dir/pthread/pthread_mutex.c.o
[475/1514] Building C object libs/libc/CMakeFiles/c.dir/pthread/pthread_mutex_trylock.c.o
[476/1514] Building C object libs/libc/CMakeFiles/c.dir/pthread/pthread_yield.c.o
[477/1514] Building C object libs/libc/CMakeFiles/c.dir/pthread/pthread_mutex_unlock.c.o
[478/1514] Building C object libs/libc/CMakeFiles/c.dir/pthread/pthread_once.c.o
[479/1514] Building C object libs/libc/CMakeFiles/c.dir/pthread/pthread_rwlockattr_init.c.o
[480/1514] Building C object libs/libc/CMakeFiles/c.dir/pthread/pthread_atfork.c.o
[481/1514] Building C object libs/libc/CMakeFiles/c.dir/pthread/pthread_rwlockattr_destroy.c.o
[482/1514] Building C object libs/libc/CMakeFiles/c.dir/pthread/pthread_rwlockattr_setpshared.c.o
[483/1514] Building C object libs/libc/CMakeFiles/c.dir/pthread/pthread_rwlockattr_getpshared.c.o
[484/1514] Building C object libs/libc/CMakeFiles/c.dir/pthread/pthread_rwlock.c.o
[485/1514] Building C object libs/libc/CMakeFiles/c.dir/pthread/pthread_rwlock_rdlock.c.o
[486/1514] Building C object libs/libc/CMakeFiles/c.dir/pthread/pthread_setcancelstate.c.o
[487/1514] Building C object libs/libc/CMakeFiles/c.dir/pthread/pthread_rwlock_wrlock.c.o
[488/1514] Building C object libs/libc/CMakeFiles/c.dir/pthread/pthread_setcanceltype.c.o
[489/1514] Building C object libs/libc/CMakeFiles/c.dir/pthread/pthread_testcancel.c.o
[490/1514] Building C object libs/libc/CMakeFiles/c.dir/pthread/pthread_getcpuclockid.c.o
[491/1514] Building C object libs/libc/CMakeFiles/c.dir/pthread/pthread_gettid_np.c.o
[492/1514] Building C object libs/libc/CMakeFiles/c.dir/pthread/pthread_self.c.o
[493/1514] Building C object libs/libc/CMakeFiles/c.dir/pthread/pthread_concurrency.c.o
[494/1514] Building C object libs/libc/CMakeFiles/c.dir/pthread/pthread_mutex_inconsistent.c.o
[495/1514] Building C object libs/libc/CMakeFiles/c.dir/pwd/lib_getpwnam.c.o
[496/1514] Building C object libs/libc/CMakeFiles/c.dir/pthread/pthread_mutex_consistent.c.o
[497/1514] Building C object libs/libc/CMakeFiles/c.dir/pwd/lib_getpwnamr.c.o
[498/1514] Building C object libs/libc/CMakeFiles/c.dir/pthread/pthread_attr_getaffinity.c.o
[499/1514] Building C object libs/libc/CMakeFiles/c.dir/pthread/pthread_attr_setaffinity.c.o
[500/1514] Building C object libs/libc/CMakeFiles/c.dir/pwd/lib_getpwuidr.c.o
[501/1514] Building C object libs/libc/CMakeFiles/c.dir/pwd/lib_getpwuid.c.o
[502/1514] Building C object libs/libc/CMakeFiles/c.dir/queue/queue.c.o
[503/1514] Building C object libs/libc/CMakeFiles/c.dir/pwd/lib_getpwbufr.c.o
[504/1514] Building C object libs/libc/CMakeFiles/c.dir/pwd/lib_getpwent.c.o
[505/1514] Building C object libs/libc/CMakeFiles/c.dir/pwd/lib_getpwbuf.c.o
[506/1514] Building C object libs/libc/CMakeFiles/c.dir/pwd/lib_getspnam.c.o
[507/1514] Building C object libs/libc/CMakeFiles/c.dir/sched/sched_getprioritymax.c.o
[508/1514] Building C object libs/libc/CMakeFiles/c.dir/sched/sched_getprioritymin.c.o
[509/1514] Building C object libs/libc/CMakeFiles/c.dir/sched/task_testcancel.c.o
[510/1514] Building C object libs/libc/CMakeFiles/c.dir/sched/clock_getcpuclockid.c.o
[511/1514] Building C object libs/libc/CMakeFiles/c.dir/sched/task_cancelpt.c.o
[512/1514] Building C object libs/libc/CMakeFiles/c.dir/sched/task_setcancelstate.c.o
[513/1514] Building C object libs/libc/CMakeFiles/c.dir/sched/task_setcanceltype.c.o
[514/1514] Building C object libs/libc/CMakeFiles/c.dir/sched/sched_backtrace.c.o
[515/1514] Building C object libs/libc/CMakeFiles/c.dir/sched/sched_cpucount.c.o
[516/1514] Building C object libs/libc/CMakeFiles/c.dir/sched/task_getpid.c.o
[517/1514] Building C object libs/libc/CMakeFiles/c.dir/search/hash_func.c.o
[518/1514] Building C object libs/libc/CMakeFiles/c.dir/sched/sched_dumpstack.c.o
[519/1514] Building C object libs/libc/CMakeFiles/c.dir/sched/task_startup.c.o
[520/1514] Building C object libs/libc/CMakeFiles/c.dir/search/hcreate.c.o
[521/1514] Building C object libs/libc/CMakeFiles/c.dir/search/hcreate_r.c.o
[522/1514] Building C object libs/libc/CMakeFiles/c.dir/semaphore/sem_init.c.o
[523/1514] Building C object libs/libc/CMakeFiles/c.dir/semaphore/sem_getprotocol.c.o
[524/1514] Building C object libs/libc/CMakeFiles/c.dir/semaphore/sem_setprotocol.c.o
[525/1514] Building C object libs/libc/CMakeFiles/c.dir/semaphore/sem_getvalue.c.o
[526/1514] Building C object libs/libc/CMakeFiles/c.dir/semaphore/sem_destroy.c.o
[527/1514] Building C object libs/libc/CMakeFiles/c.dir/semaphore/sem_wait.c.o
[528/1514] Building C object libs/libc/CMakeFiles/c.dir/semaphore/sem_timedwait.c.o
[529/1514] Building C object libs/libc/CMakeFiles/c.dir/semaphore/sem_trywait.c.o
[530/1514] Building C object libs/libc/CMakeFiles/c.dir/semaphore/sem_clockwait.c.o
[531/1514] Building C object libs/libc/CMakeFiles/c.dir/semaphore/sem_post.c.o
[532/1514] Building C object libs/libc/CMakeFiles/c.dir/signal/sig_altstack.c.o
[533/1514] Building C object libs/libc/CMakeFiles/c.dir/signal/sig_andset.c.o
[534/1514] Building C object libs/libc/CMakeFiles/c.dir/signal/sig_addset.c.o
[535/1514] Building C object libs/libc/CMakeFiles/c.dir/signal/sig_delset.c.o
[536/1514] Building C object libs/libc/CMakeFiles/c.dir/signal/sig_hold.c.o
[537/1514] Building C object libs/libc/CMakeFiles/c.dir/signal/sig_emptyset.c.o
[538/1514] Building C object libs/libc/CMakeFiles/c.dir/signal/sig_fillset.c.o
[539/1514] Building C object libs/libc/CMakeFiles/c.dir/signal/sig_isemptyset.c.o
[540/1514] Building C object libs/libc/CMakeFiles/c.dir/signal/sig_killpg.c.o
[541/1514] Building C object libs/libc/CMakeFiles/c.dir/signal/sig_ismember.c.o
[542/1514] Building C object libs/libc/CMakeFiles/c.dir/signal/sig_longjmp.c.o
[543/1514] Building C object libs/libc/CMakeFiles/c.dir/signal/sig_orset.c.o
[544/1514] Building C object libs/libc/CMakeFiles/c.dir/signal/sig_nandset.c.o
[545/1514] Building C object libs/libc/CMakeFiles/c.dir/signal/sig_relse.c.o
[546/1514] Building C object libs/libc/CMakeFiles/c.dir/signal/sig_pause.c.o
[547/1514] Building C object libs/libc/CMakeFiles/c.dir/signal/sig_psignal.c.o
[548/1514] Building C object libs/libc/CMakeFiles/c.dir/signal/sig_raise.c.o
[549/1514] Building C object libs/libc/CMakeFiles/c.dir/signal/sig_ignore.c.o
[550/1514] Building C object libs/libc/CMakeFiles/c.dir/signal/sig_xorset.c.o
[551/1514] Building C object libs/libc/CMakeFiles/c.dir/signal/sig_wait.c.o
[552/1514] Building C object libs/libc/CMakeFiles/c.dir/signal/sig_interrupt.c.o
[553/1514] Building C object libs/libc/CMakeFiles/c.dir/signal/sig_set.c.o
[554/1514] Building C object libs/libc/CMakeFiles/c.dir/signal/sig_signal.c.o
[555/1514] Building C object libs/libc/CMakeFiles/c.dir/spawn/lib_psfa_addaction.c.o
[556/1514] Building C object libs/libc/CMakeFiles/c.dir/spawn/lib_psfa_addclose.c.o
[557/1514] Building C object libs/libc/CMakeFiles/c.dir/spawn/lib_psfa_adddup2.c.o
[558/1514] Building C object libs/libc/CMakeFiles/c.dir/spawn/lib_psfa_init.c.o
[559/1514] Building C object libs/libc/CMakeFiles/c.dir/spawn/lib_psfa_addopen.c.o
[560/1514] Building C object libs/libc/CMakeFiles/c.dir/spawn/lib_psa_getflags.c.o
[561/1514] Building C object libs/libc/CMakeFiles/c.dir/spawn/lib_psfa_destroy.c.o
[562/1514] Building C object libs/libc/CMakeFiles/c.dir/spawn/lib_psa_getschedparam.c.o
[563/1514] Building C object libs/libc/CMakeFiles/c.dir/spawn/lib_psa_getschedpolicy.c.o
[564/1514] Building C object libs/libc/CMakeFiles/c.dir/spawn/lib_psa_setflags.c.o
[565/1514] Building C object libs/libc/CMakeFiles/c.dir/spawn/lib_psa_setschedparam.c.o
[566/1514] Building C object libs/libc/CMakeFiles/c.dir/spawn/lib_psa_setschedpolicy.c.o
[567/1514] Building C object libs/libc/CMakeFiles/c.dir/spawn/lib_psa_init.c.o
[568/1514] Building C object libs/libc/CMakeFiles/c.dir/spawn/lib_psa_getsigmask.c.o
[569/1514] Building C object libs/libc/CMakeFiles/c.dir/spawn/lib_psa_setsigmask.c.o
[570/1514] Building C object libs/libc/CMakeFiles/c.dir/spawn/lib_psa_setstacksize.c.o
[571/1514] Building C object libs/libc/CMakeFiles/c.dir/spawn/lib_psa_getstacksize.c.o
[572/1514] Building C object libs/libc/CMakeFiles/c.dir/spawn/lib_psa_getpriority.c.o
[573/1514] Building C object libs/libc/CMakeFiles/c.dir/spawn/lib_psa_setpriority.c.o
[574/1514] Building C object libs/libc/CMakeFiles/c.dir/spawn/lib_psa_getstackaddr.c.o
[575/1514] Building C object libs/libc/CMakeFiles/c.dir/spawn/lib_psa_setstackaddr.c.o
[576/1514] Building C object libs/libc/CMakeFiles/c.dir/spawn/lib_psa_destroy.c.o
[577/1514] Building C object libs/libc/CMakeFiles/c.dir/spawn/lib_psfa_dump.c.o
[578/1514] Building C object libs/libc/CMakeFiles/c.dir/stdio/lib_fileno.c.o
[579/1514] Building C object libs/libc/CMakeFiles/c.dir/spawn/lib_psa_dump.c.o
[580/1514] Building C object libs/libc/CMakeFiles/c.dir/stdio/lib_sprintf.c.o
[581/1514] Building C object libs/libc/CMakeFiles/c.dir/stdio/lib_asprintf.c.o
[582/1514] Building C object libs/libc/CMakeFiles/c.dir/stdio/lib_printf.c.o
[583/1514] Building C object libs/libc/CMakeFiles/c.dir/stdio/lib_snprintf.c.o
[584/1514] Building C object libs/libc/CMakeFiles/c.dir/stdio/lib_vsprintf.c.o
[585/1514] Building C object libs/libc/CMakeFiles/c.dir/stdio/lib_vsnprintf.c.o
[586/1514] Building C object libs/libc/CMakeFiles/c.dir/stdio/lib_dprintf.c.o
[587/1514] Building C object libs/libc/CMakeFiles/c.dir/stdio/lib_vdprintf.c.o
[588/1514] Building C object libs/libc/CMakeFiles/c.dir/stdio/lib_vasprintf.c.o
[589/1514] Building C object libs/libc/CMakeFiles/c.dir/stdio/lib_vprintf.c.o
[590/1514] Building C object libs/libc/CMakeFiles/c.dir/stdio/lib_perror.c.o
[591/1514] Building C object libs/libc/CMakeFiles/c.dir/stdio/lib_putchar.c.o
[592/1514] Building C object libs/libc/CMakeFiles/c.dir/stdio/lib_getchar.c.o
[593/1514] Building C object libs/libc/CMakeFiles/c.dir/stdio/lib_puts.c.o
[594/1514] Building C object libs/libc/CMakeFiles/c.dir/stdio/lib_gets_s.c.o
[595/1514] Building C object libs/libc/CMakeFiles/c.dir/stdio/lib_gets.c.o
[596/1514] Building C object libs/libc/CMakeFiles/c.dir/stdio/lib_sscanf.c.o
[597/1514] Building C object libs/libc/CMakeFiles/c.dir/stdio/lib_vsscanf.c.o
[598/1514] Building C object libs/libc/CMakeFiles/c.dir/stdio/lib_libdgets.c.o
[599/1514] Building C object libs/libc/CMakeFiles/c.dir/stdio/lib_remove.c.o
[600/1514] Building C object libs/libc/CMakeFiles/c.dir/stdio/lib_tempnam.c.o
[601/1514] Building C object libs/libc/CMakeFiles/c.dir/stdio/lib_tmpnam.c.o
[602/1514] Building C object libs/libc/CMakeFiles/c.dir/stdio/lib_renameat.c.o
[603/1514] Building C object libs/libc/CMakeFiles/c.dir/stdio/lib_putwchar.c.o
[604/1514] Building C object libs/libc/CMakeFiles/c.dir/stdio/lib_freopen.c.o
[605/1514] Building C object libs/libc/CMakeFiles/c.dir/stdio/lib_fread.c.o
[606/1514] Building C object libs/libc/CMakeFiles/c.dir/stdio/lib_fclose.c.o
[607/1514] Building C object libs/libc/CMakeFiles/c.dir/stdio/lib_fseek.c.o
[608/1514] Building C object libs/libc/CMakeFiles/c.dir/stdio/lib_fopen.c.o
[609/1514] Building C object libs/libc/CMakeFiles/c.dir/stdio/lib_ftell.c.o
[610/1514] Building C object libs/libc/CMakeFiles/c.dir/stdio/lib_libfread_unlocked.c.o
[611/1514] Building C object libs/libc/CMakeFiles/c.dir/stdio/lib_fseeko.c.o
[612/1514] Building C object libs/libc/CMakeFiles/c.dir/stdio/lib_fsetpos.c.o
[613/1514] Building C object libs/libc/CMakeFiles/c.dir/stdio/lib_getdelim.c.o
[614/1514] Building C object libs/libc/CMakeFiles/c.dir/stdio/lib_ftello.c.o
[615/1514] Building C object libs/libc/CMakeFiles/c.dir/stdio/lib_getc.c.o
[616/1514] Building C object libs/libc/CMakeFiles/c.dir/stdio/lib_fgetpos.c.o
[617/1514] Building C object libs/libc/CMakeFiles/c.dir/stdio/lib_fgetc.c.o
[618/1514] Building C object libs/libc/CMakeFiles/c.dir/stdio/lib_fgets.c.o
[619/1514] Building C object libs/libc/CMakeFiles/c.dir/stdio/lib_fwrite.c.o
[620/1514] Building C object libs/libc/CMakeFiles/c.dir/stdio/lib_fflush.c.o
[621/1514] Building C object libs/libc/CMakeFiles/c.dir/stdio/lib_libfgets.c.o
[622/1514] Building C object libs/libc/CMakeFiles/c.dir/stdio/lib_libfwrite.c.o
[623/1514] Building C object libs/libc/CMakeFiles/c.dir/stdio/lib_libflushall.c.o
[624/1514] Building C object libs/libc/CMakeFiles/c.dir/stdio/lib_libfflush.c.o
[625/1514] Building C object libs/libc/CMakeFiles/c.dir/stdio/lib_rdflush_unlocked.c.o
[626/1514] Building C object libs/libc/CMakeFiles/c.dir/stdio/lib_wrflush_unlocked.c.o
[627/1514] Building C object libs/libc/CMakeFiles/c.dir/stdio/lib_putc.c.o
[628/1514] Building C object libs/libc/CMakeFiles/c.dir/stdio/lib_fputc.c.o
[629/1514] Building C object libs/libc/CMakeFiles/c.dir/stdio/lib_feof.c.o
[630/1514] Building C object libs/libc/CMakeFiles/c.dir/stdio/lib_ungetc.c.o
[631/1514] Building C object libs/libc/CMakeFiles/c.dir/stdio/lib_vfprintf.c.o
[632/1514] Building C object libs/libc/CMakeFiles/c.dir/stdio/lib_fprintf.c.o
[633/1514] Building C object libs/libc/CMakeFiles/c.dir/stdio/lib_fputs.c.o
[634/1514] Building C object libs/libc/CMakeFiles/c.dir/stdio/lib_ferror.c.o
[635/1514] Building C object libs/libc/CMakeFiles/c.dir/stdio/lib_vscanf.c.o
[636/1514] Building C object libs/libc/CMakeFiles/c.dir/stdio/lib_rewind.c.o
[637/1514] Building C object libs/libc/CMakeFiles/c.dir/stdio/lib_clearerr.c.o
[638/1514] Building C object libs/libc/CMakeFiles/c.dir/stdio/lib_scanf.c.o
[639/1514] Building C object libs/libc/CMakeFiles/c.dir/stdio/lib_fscanf.c.o
[640/1514] Building C object libs/libc/CMakeFiles/c.dir/stdio/lib_vfscanf.c.o
[641/1514] Building C object libs/libc/CMakeFiles/c.dir/stdio/lib_setbuf.c.o
[642/1514] Building C object libs/libc/CMakeFiles/c.dir/stdio/lib_tmpfile.c.o
[643/1514] Building C object libs/libc/CMakeFiles/c.dir/stdio/lib_setvbuf.c.o
[644/1514] Building C object libs/libc/CMakeFiles/c.dir/stdio/lib_libgetstreams.c.o
[645/1514] Building C object libs/libc/CMakeFiles/c.dir/stdio/lib_setbuffer.c.o
[646/1514] Building C object libs/libc/CMakeFiles/c.dir/stdio/lib_fputwc.c.o
[647/1514] Building C object libs/libc/CMakeFiles/c.dir/stdio/lib_putwc.c.o
[648/1514] Building C object libs/libc/CMakeFiles/c.dir/stdio/lib_libfilelock.c.o
[649/1514] Building C object libs/libc/CMakeFiles/c.dir/stdio/lib_fputws.c.o
[650/1514] Building C object libs/libc/CMakeFiles/c.dir/stdio/lib_fopencookie.c.o
[651/1514] Building C object libs/libc/CMakeFiles/c.dir/stdio/lib_getwc.c.o
[652/1514] Building C object libs/libc/CMakeFiles/c.dir/stdio/lib_fmemopen.c.o
[653/1514] Building C object libs/libc/CMakeFiles/c.dir/stdio/lib_fgetwc.c.o
[654/1514] Building C object libs/libc/CMakeFiles/c.dir/stdlib/lib_abs.c.o
[655/1514] Building C object libs/libc/CMakeFiles/c.dir/stdio/lib_ungetwc.c.o
[656/1514] Building C object libs/libc/CMakeFiles/c.dir/stdio/lib_open_memstream.c.o
[657/1514] Building C object libs/libc/CMakeFiles/c.dir/stdlib/lib_atoi.c.o
[658/1514] Building C object libs/libc/CMakeFiles/c.dir/stdlib/lib_atof.c.o
[659/1514] Building C object libs/libc/CMakeFiles/c.dir/stdlib/lib_atol.c.o
[660/1514] Building C object libs/libc/CMakeFiles/c.dir/stdlib/lib_atoll.c.o
[661/1514] Building C object libs/libc/CMakeFiles/c.dir/stdlib/lib_abort.c.o
[662/1514] Building C object libs/libc/CMakeFiles/c.dir/stdlib/lib_div.c.o
[663/1514] Building C object libs/libc/CMakeFiles/c.dir/stdlib/lib_ldiv.c.o
[664/1514] Building C object libs/libc/CMakeFiles/c.dir/stdlib/lib_lldiv.c.o
[665/1514] Building C object libs/libc/CMakeFiles/c.dir/stdlib/lib_getprogname.c.o
[666/1514] Building C object libs/libc/CMakeFiles/c.dir/stdlib/lib_itoa.c.o
[667/1514] Building C object libs/libc/CMakeFiles/c.dir/stdlib/lib_llabs.c.o
[668/1514] Building C object libs/libc/CMakeFiles/c.dir/stdlib/lib_labs.c.o
[669/1514] Building C object libs/libc/CMakeFiles/c.dir/stdlib/lib_bsearch.c.o
[670/1514] Building C object libs/libc/CMakeFiles/c.dir/stdlib/lib_exit.c.o
[671/1514] Building C object libs/libc/CMakeFiles/c.dir/stdlib/lib_rand.c.o
[672/1514] Building C object libs/libc/CMakeFiles/c.dir/stdlib/lib_realpath.c.o
[673/1514] Building C object libs/libc/CMakeFiles/c.dir/stdlib/lib_reallocarray.c.o
[674/1514] Building C object libs/libc/CMakeFiles/c.dir/stdlib/lib_rand48.c.o
[675/1514] Building C object libs/libc/CMakeFiles/c.dir/stdlib/lib_qsort.c.o
[676/1514] Building C object libs/libc/CMakeFiles/c.dir/stdlib/lib_strtol.c.o
[677/1514] Building C object libs/libc/CMakeFiles/c.dir/stdlib/lib_srand.c.o
[678/1514] Building C object libs/libc/CMakeFiles/c.dir/stdlib/lib_strtoll.c.o
[679/1514] Building C object libs/libc/CMakeFiles/c.dir/stdlib/lib_strtoul.c.o
[680/1514] Building C object libs/libc/CMakeFiles/c.dir/stdlib/lib_strtoull.c.o
[681/1514] Building C object libs/libc/CMakeFiles/c.dir/stdlib/lib_checkbase.c.o
[682/1514] Building C object libs/libc/CMakeFiles/c.dir/stdlib/lib_mkstemp.c.o
[683/1514] Building C object libs/libc/CMakeFiles/c.dir/stdlib/lib_mkdtemp.c.o
[684/1514] Building C object libs/libc/CMakeFiles/c.dir/stdlib/lib_aligned_alloc.c.o
[685/1514] Building C object libs/libc/CMakeFiles/c.dir/stdlib/lib_posix_memalign.c.o
[686/1514] Building C object libs/libc/CMakeFiles/c.dir/stdlib/lib_mktemp.c.o
[687/1514] Building C object libs/libc/CMakeFiles/c.dir/stdlib/lib_mblen.c.o
[688/1514] Building C object libs/libc/CMakeFiles/c.dir/stdlib/lib_valloc.c.o
[689/1514] Building C object libs/libc/CMakeFiles/c.dir/stdlib/lib_strtold.c.o
[690/1514] Building C object libs/libc/CMakeFiles/c.dir/stdlib/lib_wctomb.c.o
[691/1514] Building C object libs/libc/CMakeFiles/c.dir/stdlib/lib_mbtowc.c.o
[692/1514] Building C object libs/libc/CMakeFiles/c.dir/stdlib/lib_mbstowcs.c.o
[693/1514] Building C object libs/libc/CMakeFiles/c.dir/stdlib/lib_wcstombs.c.o
[694/1514] Building C object libs/libc/CMakeFiles/c.dir/stdlib/lib_arc4random.c.o
[695/1514] Building C object libs/libc/CMakeFiles/c.dir/stream/lib_memoutstream.c.o
[696/1514] Building C object libs/libc/CMakeFiles/c.dir/stream/lib_meminstream.c.o
[697/1514] Building C object libs/libc/CMakeFiles/c.dir/stdlib/lib_atexit.c.o
[698/1514] Building C object libs/libc/CMakeFiles/c.dir/stream/lib_memsistream.c.o
[699/1514] Building C object libs/libc/CMakeFiles/c.dir/stream/lib_memsostream.c.o
[700/1514] Building C object libs/libc/CMakeFiles/c.dir/stream/lib_lowoutstream.c.o
[701/1514] Building C object libs/libc/CMakeFiles/c.dir/stream/lib_rawoutstream.c.o
[702/1514] Building C object libs/libc/CMakeFiles/c.dir/stream/lib_rawinstream.c.o
[703/1514] Building C object libs/libc/CMakeFiles/c.dir/stream/lib_zeroinstream.c.o
[704/1514] Building C object libs/libc/CMakeFiles/c.dir/stream/lib_rawsistream.c.o
[705/1514] Building C object libs/libc/CMakeFiles/c.dir/stream/lib_rawsostream.c.o
[706/1514] Building C object libs/libc/CMakeFiles/c.dir/stream/lib_nullinstream.c.o
[707/1514] Building C object libs/libc/CMakeFiles/c.dir/stream/lib_nulloutstream.c.o
[708/1514] Building C object libs/libc/CMakeFiles/c.dir/stream/lib_mtdoutstream.c.o
[709/1514] Building C object libs/libc/CMakeFiles/c.dir/stream/lib_libnoflush.c.o
[710/1514] Building C object libs/libc/CMakeFiles/c.dir/stream/lib_libsnoflush.c.o
[711/1514] Building C object libs/libc/CMakeFiles/c.dir/stream/lib_mtdsostream.c.o
[712/1514] Building C object libs/libc/CMakeFiles/c.dir/stream/lib_syslogstream.c.o
[713/1514] Building C object libs/libc/CMakeFiles/c.dir/stream/lib_hexdumpstream.c.o
[714/1514] Building C object libs/libc/CMakeFiles/c.dir/stream/lib_bufferedoutstream.c.o
[715/1514] Building C object libs/libc/CMakeFiles/c.dir/stream/lib_filesistream.c.o
[716/1514] Building C object libs/libc/CMakeFiles/c.dir/stream/lib_base64outstream.c.o
[717/1514] Building C object libs/libc/CMakeFiles/c.dir/stream/lib_fileoutstream.c.o
[718/1514] Building C object libs/libc/CMakeFiles/c.dir/stream/lib_ultoa_invert.c.o
[719/1514] Building C object libs/libc/CMakeFiles/c.dir/stream/lib_libbsprintf.c.o
[720/1514] Building C object libs/libc/CMakeFiles/c.dir/stream/lib_libosprintf.c.o
[721/1514] Building C object libs/libc/CMakeFiles/c.dir/stream/lib_syslograwstream.c.o
[722/1514] Building C object libs/libc/CMakeFiles/c.dir/stream/lib_dtoa_data.c.o
[723/1514] Building C object libs/libc/CMakeFiles/c.dir/stream/lib_dtoa_engine.c.o
[724/1514] Building C object libs/libc/CMakeFiles/c.dir/stream/lib_stdinstream.c.o
[725/1514] Building C object libs/libc/CMakeFiles/c.dir/stream/lib_stdoutstream.c.o
[726/1514] Building C object libs/libc/CMakeFiles/c.dir/stream/lib_stdsistream.c.o
[727/1514] Building C object libs/libc/CMakeFiles/c.dir/stream/lib_stdsostream.c.o
[728/1514] Building C object libs/libc/CMakeFiles/c.dir/string/lib_bzero.c.o
[729/1514] Building C object libs/libc/CMakeFiles/c.dir/string/lib_ffs.c.o
[730/1514] Building C object libs/libc/CMakeFiles/c.dir/string/lib_ffsl.c.o
[731/1514] Building C object libs/libc/CMakeFiles/c.dir/string/lib_ffsll.c.o
[732/1514] Building C object libs/libc/CMakeFiles/c.dir/stream/lib_libvscanf.c.o
[733/1514] Building C object libs/libc/CMakeFiles/c.dir/string/lib_fls.c.o
[734/1514] Building C object libs/libc/CMakeFiles/c.dir/string/lib_flsl.c.o
[735/1514] Building C object libs/libc/CMakeFiles/c.dir/string/lib_flsll.c.o
[736/1514] Building C object libs/libc/CMakeFiles/c.dir/stream/lib_blkoutstream.c.o
[737/1514] Building C object libs/libc/CMakeFiles/c.dir/stream/lib_libvsprintf.c.o
[738/1514] Building C object libs/libc/CMakeFiles/c.dir/string/lib_memmem.c.o
[739/1514] Building C object libs/libc/CMakeFiles/c.dir/string/lib_popcount.c.o
[740/1514] Building C object libs/libc/CMakeFiles/c.dir/string/lib_popcountl.c.o
[741/1514] Building C object libs/libc/CMakeFiles/c.dir/string/lib_isbasedigit.c.o
[742/1514] Building C object libs/libc/CMakeFiles/c.dir/string/lib_popcountll.c.o
[743/1514] Building C object libs/libc/CMakeFiles/c.dir/string/lib_skipspace.c.o
[744/1514] Building C object libs/libc/CMakeFiles/c.dir/string/lib_strcspn.c.o
[745/1514] Building C object libs/libc/CMakeFiles/c.dir/string/lib_strcasecmp.c.o
[746/1514] Building C object libs/libc/CMakeFiles/c.dir/string/lib_strerror.c.o
[747/1514] Building C object libs/libc/CMakeFiles/c.dir/string/lib_strncasecmp.c.o
[748/1514] Building C object libs/libc/CMakeFiles/c.dir/string/lib_strdup.c.o
[749/1514] Building C object libs/libc/CMakeFiles/c.dir/string/lib_strncat.c.o
[750/1514] Building C object libs/libc/CMakeFiles/c.dir/string/lib_strpbrk.c.o
[751/1514] Building C object libs/libc/CMakeFiles/c.dir/string/lib_strcasestr.c.o
[752/1514] Building C object libs/libc/CMakeFiles/c.dir/string/lib_strspn.c.o
[753/1514] Building C object libs/libc/CMakeFiles/c.dir/string/lib_strndup.c.o
[754/1514] Building C object libs/libc/CMakeFiles/c.dir/string/lib_strstr.c.o
[755/1514] Building C object libs/libc/CMakeFiles/c.dir/string/lib_strsep.c.o
[756/1514] Building C object libs/libc/CMakeFiles/c.dir/string/lib_strtokr.c.o
[757/1514] Building C object libs/libc/CMakeFiles/c.dir/string/lib_strerrorr.c.o
[758/1514] Building C object libs/libc/CMakeFiles/c.dir/string/lib_explicit_bzero.c.o
[759/1514] Building C object libs/libc/CMakeFiles/c.dir/string/lib_strtok.c.o
[760/1514] Building C object libs/libc/CMakeFiles/c.dir/string/lib_index.c.o
[761/1514] Building C object libs/libc/CMakeFiles/c.dir/string/lib_rindex.c.o
[762/1514] Building C object libs/libc/CMakeFiles/c.dir/string/lib_strsignal.c.o
[763/1514] Building C object libs/libc/CMakeFiles/c.dir/string/lib_timingsafe_bcmp.c.o
[764/1514] Building C object libs/libc/CMakeFiles/c.dir/string/lib_strverscmp.c.o
[765/1514] Building C object libs/libc/CMakeFiles/c.dir/string/lib_mempcpy.c.o
[766/1514] Building C object libs/libc/CMakeFiles/c.dir/string/lib_rawmemchr.c.o
[767/1514] Building C object libs/libc/CMakeFiles/c.dir/string/lib_memmove.c.o
[768/1514] Building C object libs/libc/CMakeFiles/c.dir/string/lib_strlcat.c.o
[769/1514] Building C object libs/libc/CMakeFiles/c.dir/string/lib_strlcpy.c.o
[770/1514] Building C object libs/libc/CMakeFiles/c.dir/string/lib_strnlen.c.o
[771/1514] Building C object libs/libc/CMakeFiles/c.dir/string/lib_bsdmemcpy.c.o
[772/1514] Building C object libs/libc/CMakeFiles/c.dir/string/lib_bsdmemccpy.c.o
[773/1514] Building C object libs/libc/CMakeFiles/c.dir/string/lib_bsdmemcmp.c.o
[774/1514] Building C object libs/libc/CMakeFiles/c.dir/string/lib_bsdmemrchr.c.o
[775/1514] Building C object libs/libc/CMakeFiles/c.dir/string/lib_bsdmemset.c.o
[776/1514] Building C object libs/libc/CMakeFiles/c.dir/string/lib_bsdstpncpy.c.o
[777/1514] Building C object libs/libc/CMakeFiles/c.dir/string/lib_bsdstrcmp.c.o
[778/1514] Building C object libs/libc/CMakeFiles/c.dir/string/lib_bsdstrchr.c.o
[779/1514] Building C object libs/libc/CMakeFiles/c.dir/string/lib_bsdstrlen.c.o
[780/1514] Building C object libs/libc/CMakeFiles/c.dir/string/lib_bsdstpcpy.c.o
[781/1514] Building C object libs/libc/CMakeFiles/c.dir/string/lib_bsdstrncpy.c.o
[782/1514] Building C object libs/libc/CMakeFiles/c.dir/string/lib_bsdmemchr.c.o
[783/1514] Building C object libs/libc/CMakeFiles/c.dir/string/lib_bsdstrcat.c.o
[784/1514] Building C object libs/libc/CMakeFiles/c.dir/string/lib_bsdstrchrnul.c.o
[785/1514] Building C object libs/libc/CMakeFiles/c.dir/string/lib_bsdstrcpy.c.o
[786/1514] Building C object libs/libc/CMakeFiles/c.dir/string/lib_bsdstrrchr.c.o
[787/1514] Building C object libs/libc/CMakeFiles/c.dir/string/lib_bsdstrncmp.c.o
[788/1514] Building C object libs/libc/CMakeFiles/c.dir/symtab/symtab_sortbyname.c.o
[789/1514] Building C object libs/libc/CMakeFiles/c.dir/symtab/symtab_findbyname.c.o
[790/1514] Building C object libs/libc/CMakeFiles/c.dir/symtab/symtab_findbyvalue.c.o
[791/1514] Building C object libs/libc/CMakeFiles/c.dir/termios/lib_cfmakeraw.c.o
[792/1514] Building C object libs/libc/CMakeFiles/c.dir/termios/lib_cfspeed.c.o
[793/1514] Building C object libs/libc/CMakeFiles/c.dir/syslog/lib_setlogmask.c.o
[794/1514] Building C object libs/libc/CMakeFiles/c.dir/termios/lib_tcflush.c.o
[795/1514] Building C object libs/libc/CMakeFiles/c.dir/termios/lib_tcdrain.c.o
[796/1514] Building C object libs/libc/CMakeFiles/c.dir/termios/lib_tcflow.c.o
[797/1514] Building C object libs/libc/CMakeFiles/c.dir/termios/lib_isatty.c.o
[798/1514] Building C object libs/libc/CMakeFiles/c.dir/syslog/lib_syslog.c.o
[799/1514] Building C object libs/libc/CMakeFiles/c.dir/termios/lib_tcgetattr.c.o
[800/1514] Building C object libs/libc/CMakeFiles/c.dir/termios/lib_tcsetattr.c.o
[801/1514] Building C object libs/libc/CMakeFiles/c.dir/termios/lib_tcsendbreak.c.o
[802/1514] Building C object libs/libc/CMakeFiles/c.dir/termios/lib_ttynamer.c.o
[803/1514] Building C object libs/libc/CMakeFiles/c.dir/termios/lib_ttyname.c.o
[804/1514] Building C object libs/libc/CMakeFiles/c.dir/time/lib_calendar2utc.c.o
[805/1514] Building C object libs/libc/CMakeFiles/c.dir/time/lib_daysbeforemonth.c.o
[806/1514] Building C object libs/libc/CMakeFiles/c.dir/time/lib_gettimeofday.c.o
[807/1514] Building C object libs/libc/CMakeFiles/c.dir/time/lib_timespec_get.c.o
[808/1514] Building C object libs/libc/CMakeFiles/c.dir/time/lib_time.c.o
[809/1514] Building C object libs/libc/CMakeFiles/c.dir/time/lib_isleapyear.c.o
[810/1514] Building C object libs/libc/CMakeFiles/c.dir/time/lib_nanosleep.c.o
[811/1514] Building C object libs/libc/CMakeFiles/c.dir/time/lib_settimeofday.c.o
[812/1514] Building C object libs/libc/CMakeFiles/c.dir/time/lib_strftime.c.o
[813/1514] Building C object libs/libc/CMakeFiles/c.dir/time/lib_difftime.c.o
[814/1514] Building C object libs/libc/CMakeFiles/c.dir/time/lib_dayofweek.c.o
[815/1514] Building C object libs/libc/CMakeFiles/c.dir/time/lib_ctime.c.o
[816/1514] Building C object libs/libc/CMakeFiles/c.dir/time/lib_ctimer.c.o
[817/1514] Building C object libs/libc/CMakeFiles/c.dir/time/lib_gethrtime.c.o
[818/1514] Building C object libs/libc/CMakeFiles/c.dir/time/lib_asctimer.c.o
[819/1514] Building C object libs/libc/CMakeFiles/c.dir/time/lib_asctime.c.o
[820/1514] Building C object libs/libc/CMakeFiles/c.dir/time/lib_gmtime.c.o
[821/1514] Building C object libs/libc/CMakeFiles/c.dir/tls/tls_getinfo.c.o
[822/1514] Building C object libs/libc/CMakeFiles/c.dir/time/lib_gmtimer.c.o
[823/1514] Building C object libs/libc/CMakeFiles/c.dir/time/lib_timegm.c.o
[824/1514] Building C object libs/libc/CMakeFiles/c.dir/uio/lib_preadv.c.o
[825/1514] Building C object libs/libc/CMakeFiles/c.dir/uio/lib_pwritev.c.o
[826/1514] Building C object libs/libc/CMakeFiles/c.dir/unistd/lib_swab.c.o
[827/1514] Building C object libs/libc/CMakeFiles/c.dir/unistd/lib_daemon.c.o
[828/1514] Building C object libs/libc/CMakeFiles/c.dir/unistd/lib_pathconf.c.o
[829/1514] Building C object libs/libc/CMakeFiles/c.dir/unistd/lib_access.c.o
[830/1514] Building C object libs/libc/CMakeFiles/c.dir/unistd/lib_sysconf.c.o
[831/1514] Building C object libs/libc/CMakeFiles/c.dir/unistd/lib_getcwd.c.o
[832/1514] Building C object libs/libc/CMakeFiles/c.dir/unistd/lib_getentropy.c.o
[833/1514] Building C object libs/libc/CMakeFiles/c.dir/unistd/lib_getopt.c.o
[834/1514] Building C object libs/libc/CMakeFiles/c.dir/unistd/lib_getopt_long.c.o
[835/1514] Building C object libs/libc/CMakeFiles/c.dir/unistd/lib_getopt_longonly.c.o
[836/1514] Building C object libs/libc/CMakeFiles/c.dir/unistd/lib_getoptvars.c.o
[837/1514] Building C object libs/libc/CMakeFiles/c.dir/unistd/lib_getopt_common.c.o
[838/1514] Building C object libs/libc/CMakeFiles/c.dir/unistd/lib_getoptargp.c.o
[839/1514] Building C object libs/libc/CMakeFiles/c.dir/unistd/lib_getopterrp.c.o
[840/1514] Building C object libs/libc/CMakeFiles/c.dir/unistd/lib_times.c.o
[841/1514] Building C object libs/libc/CMakeFiles/c.dir/unistd/lib_getoptoptp.c.o
[842/1514] Building C object libs/libc/CMakeFiles/c.dir/unistd/lib_getoptindp.c.o
[843/1514] Building C object libs/libc/CMakeFiles/c.dir/unistd/lib_alarm.c.o
[844/1514] Building C object libs/libc/CMakeFiles/c.dir/unistd/lib_fstatvfs.c.o
[845/1514] Building C object libs/libc/CMakeFiles/c.dir/unistd/lib_statvfs.c.o
[846/1514] Building C object libs/libc/CMakeFiles/c.dir/unistd/lib_nice.c.o
[847/1514] Building C object libs/libc/CMakeFiles/c.dir/unistd/lib_sleep.c.o
[848/1514] Building C object libs/libc/CMakeFiles/c.dir/unistd/lib_getrusage.c.o
[849/1514] Building C object libs/libc/CMakeFiles/c.dir/unistd/lib_setreuid.c.o
[850/1514] Building C object libs/libc/CMakeFiles/c.dir/unistd/lib_utime.c.o
[851/1514] Building C object libs/libc/CMakeFiles/c.dir/unistd/lib_setregid.c.o
[852/1514] Building C object libs/libc/CMakeFiles/c.dir/unistd/lib_setrlimit.c.o
[853/1514] Building C object libs/libc/CMakeFiles/c.dir/unistd/lib_utimes.c.o
[854/1514] Building C object libs/libc/CMakeFiles/c.dir/unistd/lib_futimes.c.o
[855/1514] Building C object libs/libc/CMakeFiles/c.dir/unistd/lib_getrlimit.c.o
[856/1514] Building C object libs/libc/CMakeFiles/c.dir/unistd/lib_lutimes.c.o
[857/1514] Building C object libs/libc/CMakeFiles/c.dir/unistd/lib_setpriority.c.o
[858/1514] Building C object libs/libc/CMakeFiles/c.dir/unistd/lib_getpriority.c.o
[859/1514] Building C object libs/libc/CMakeFiles/c.dir/unistd/lib_sethostname.c.o
[860/1514] Building C object libs/libc/CMakeFiles/c.dir/unistd/lib_gethostname.c.o
[861/1514] Building C object libs/libc/CMakeFiles/c.dir/unistd/lib_readlinkat.c.o
[862/1514] Building C object libs/libc/CMakeFiles/c.dir/unistd/lib_linkat.c.o
[863/1514] Building C object libs/libc/CMakeFiles/c.dir/unistd/lib_symlinkat.c.o
[864/1514] Building C object libs/libc/CMakeFiles/c.dir/unistd/lib_fchownat.c.o
[865/1514] Building C object libs/libc/CMakeFiles/c.dir/unistd/lib_usleep.c.o
[866/1514] Building C object libs/libc/CMakeFiles/c.dir/unistd/lib_getpgid.c.o
[867/1514] Building C object libs/libc/CMakeFiles/c.dir/unistd/lib_lockf.c.o
[868/1514] Building C object libs/libc/CMakeFiles/c.dir/unistd/lib_unlinkat.c.o
[869/1514] Building C object libs/libc/CMakeFiles/c.dir/unistd/lib_flock.c.o
[870/1514] Building C object libs/libc/CMakeFiles/c.dir/unistd/lib_getpgrp.c.o
[871/1514] Building C object libs/libc/CMakeFiles/c.dir/unistd/lib_ulimit.c.o
[872/1514] Building C object libs/libc/CMakeFiles/c.dir/unistd/lib_confstr.c.o
[873/1514] Building C object libs/libc/CMakeFiles/c.dir/unistd/lib_setuid.c.o
[874/1514] Building C object libs/libc/CMakeFiles/c.dir/unistd/lib_getuid.c.o
[875/1514] Building C object libs/libc/CMakeFiles/c.dir/unistd/lib_setgid.c.o
[876/1514] Building C object libs/libc/CMakeFiles/c.dir/unistd/lib_getpass.c.o
[877/1514] Building C object libs/libc/CMakeFiles/c.dir/unistd/lib_getgid.c.o
[878/1514] Building C object libs/libc/CMakeFiles/c.dir/unistd/lib_seteuid.c.o
[879/1514] Building C object libs/libc/CMakeFiles/c.dir/unistd/lib_setegid.c.o
[880/1514] Building C object libs/libc/CMakeFiles/c.dir/unistd/lib_geteuid.c.o
[881/1514] Building C object libs/libc/CMakeFiles/c.dir/unistd/lib_getegid.c.o
[882/1514] Building C object libs/libc/CMakeFiles/c.dir/unistd/lib_chdir.c.o
[883/1514] Building C object libs/libc/CMakeFiles/c.dir/unistd/lib_fchdir.c.o
[884/1514] Building C object libs/libc/CMakeFiles/c.dir/uuid/lib_uuid_compare.c.o
[885/1514] Building C object libs/libc/CMakeFiles/c.dir/unistd/lib_truncate.c.o
[886/1514] Building C object libs/libc/CMakeFiles/c.dir/unistd/lib_restoredir.c.o
[887/1514] Building C object libs/libc/CMakeFiles/c.dir/unistd/lib_posix_fallocate.c.o
[888/1514] Building C object libs/libc/CMakeFiles/c.dir/uuid/lib_uuid_create.c.o
[889/1514] Building C object libs/libc/CMakeFiles/c.dir/unistd/lib_fork.c.o
[890/1514] Building C object libs/libc/CMakeFiles/c.dir/uuid/lib_uuid_create_nil.c.o
[891/1514] Building C object libs/libc/CMakeFiles/c.dir/uuid/lib_uuid_equal.c.o
[892/1514] Building C object libs/libc/CMakeFiles/c.dir/uuid/lib_uuid_hash.c.o
[893/1514] Building C object libs/libc/CMakeFiles/c.dir/uuid/lib_uuid_is_nil.c.o
[894/1514] Building C object libs/libc/CMakeFiles/c.dir/uuid/lib_uuid_from_string.c.o
[895/1514] Building C object libs/libc/CMakeFiles/c.dir/uuid/lib_uuid_stream.c.o
[896/1514] Building C object libs/libc/CMakeFiles/c.dir/wchar/lib_wcscmp.c.o
[897/1514] Building C object libs/libc/CMakeFiles/c.dir/uuid/lib_uuid_to_string.c.o
[898/1514] Building C object libs/libc/CMakeFiles/c.dir/wchar/lib_wcslen.c.o
[899/1514] Building C object libs/libc/CMakeFiles/c.dir/wchar/lib_wmemchr.c.o
[900/1514] Building C object libs/libc/CMakeFiles/c.dir/wchar/lib_wmemcmp.c.o
[901/1514] Building C object libs/libc/CMakeFiles/c.dir/wchar/lib_wmemcpy.c.o
[902/1514] Building C object libs/libc/CMakeFiles/c.dir/wchar/lib_wmemmove.c.o
[903/1514] Building C object libs/libc/CMakeFiles/c.dir/wchar/lib_wmemset.c.o
[904/1514] Building C object libs/libc/CMakeFiles/c.dir/wchar/lib_btowc.c.o
[905/1514] Building C object libs/libc/CMakeFiles/c.dir/wchar/lib_mbrtowc.c.o
[906/1514] Building C object libs/libc/CMakeFiles/c.dir/wchar/lib_wctob.c.o
[907/1514] Building C object libs/libc/CMakeFiles/c.dir/wchar/lib_wcslcpy.c.o
[908/1514] Building C object libs/libc/CMakeFiles/c.dir/wchar/lib_wcsxfrm.c.o
[909/1514] Building C object libs/libc/CMakeFiles/c.dir/wchar/lib_wcrtomb.c.o
[910/1514] Building C object libs/libc/CMakeFiles/c.dir/wchar/lib_wcsftime.c.o
[911/1514] Building C object libs/libc/CMakeFiles/c.dir/wchar/lib_wcscoll.c.o
[912/1514] Building C object libs/libc/CMakeFiles/c.dir/wchar/lib_wcstol.c.o
[913/1514] Building C object libs/libc/CMakeFiles/c.dir/wchar/lib_wcstoll.c.o
[914/1514] Building C object libs/libc/CMakeFiles/c.dir/wchar/lib_wcstoul.c.o
[915/1514] Building C object libs/libc/CMakeFiles/c.dir/wchar/lib_wcstoull.c.o
[916/1514] Building C object libs/libc/CMakeFiles/c.dir/wchar/lib_wcstold.c.o
[917/1514] Building C object libs/libc/CMakeFiles/c.dir/wchar/lib_wcstof.c.o
[918/1514] Building C object libs/libc/CMakeFiles/c.dir/wchar/lib_wcstod.c.o
[919/1514] Building C object libs/libc/CMakeFiles/c.dir/wchar/lib_swprintf.c.o
[920/1514] Building C object libs/libc/CMakeFiles/c.dir/wchar/lib_mbsnrtowcs.c.o
[921/1514] Building C object libs/libc/CMakeFiles/c.dir/wchar/lib_mbsinit.c.o
[922/1514] Building C object libs/libc/CMakeFiles/c.dir/wchar/lib_wcsnrtombs.c.o
[923/1514] Building C object libs/libc/CMakeFiles/c.dir/wchar/lib_mbrlen.c.o
[924/1514] Building C object libs/libc/CMakeFiles/c.dir/wchar/lib_mbsrtowcs.c.o
[925/1514] Building C object libs/libc/CMakeFiles/c.dir/wchar/lib_wcsrtombs.c.o
[926/1514] Building C object libs/libc/CMakeFiles/c.dir/wchar/lib_wcscpy.c.o
[927/1514] Building C object libs/libc/CMakeFiles/c.dir/wchar/lib_wcscat.c.o
[928/1514] Building C object libs/libc/CMakeFiles/c.dir/wchar/lib_wcslcat.c.o
[929/1514] Building C object libs/libc/CMakeFiles/c.dir/wchar/lib_wcsncat.c.o
[930/1514] Building C object libs/libc/CMakeFiles/c.dir/wchar/lib_wcsrchr.c.o
[931/1514] Building C object libs/libc/CMakeFiles/c.dir/wchar/lib_wcschr.c.o
[932/1514] Building C object libs/libc/CMakeFiles/c.dir/wchar/lib_wcsncpy.c.o
[933/1514] Building C object libs/libc/CMakeFiles/c.dir/wchar/lib_wcsncmp.c.o
[934/1514] Building C object libs/libc/CMakeFiles/c.dir/wchar/lib_wcscspn.c.o
[935/1514] Building C object libs/libc/CMakeFiles/c.dir/wchar/lib_wcspbrk.c.o
[936/1514] Building C object libs/libc/CMakeFiles/c.dir/wchar/lib_wcsspn.c.o
[937/1514] Building C object libs/libc/CMakeFiles/c.dir/wchar/lib_wcswcs.c.o
[938/1514] Building C object libs/libc/CMakeFiles/c.dir/wchar/lib_wcstok.c.o
[939/1514] Building C object libs/libc/CMakeFiles/c.dir/wchar/lib_wcsstr.c.o
[940/1514] Building C object libs/libc/CMakeFiles/c.dir/wchar/lib_wcwidth.c.o
[941/1514] Building C object libs/libc/CMakeFiles/c.dir/wctype/lib_wctype.c.o
[942/1514] Building C object libs/libc/CMakeFiles/c.dir/wchar/lib_wcswidth.c.o
[943/1514] Building C object libs/libc/CMakeFiles/c.dir/wctype/lib_towlower.c.o
[944/1514] Building C object libs/libc/CMakeFiles/c.dir/wctype/lib_towupper.c.o
[945/1514] Building C object libs/libc/CMakeFiles/c.dir/wctype/lib_iswctype.c.o
[946/1514] Building C object mm/CMakeFiles/mm.dir/iob/iob_add_queue.c.o
[947/1514] Building C object mm/CMakeFiles/mm.dir/iob/iob_concat.c.o
[948/1514] Building C object mm/CMakeFiles/mm.dir/iob/iob_clone.c.o
[949/1514] Building C object mm/CMakeFiles/mm.dir/iob/iob_alloc_qentry.c.o
[950/1514] Building C object mm/CMakeFiles/mm.dir/iob/iob_alloc.c.o
[951/1514] Building C object mm/CMakeFiles/mm.dir/iob/iob_copyin.c.o
[952/1514] Building C object mm/CMakeFiles/mm.dir/iob/iob_copyout.c.o
[953/1514] Building C object mm/CMakeFiles/mm.dir/iob/iob_contig.c.o
[954/1514] Building C object mm/CMakeFiles/mm.dir/iob/iob_free_chain.c.o
[955/1514] Building C object mm/CMakeFiles/mm.dir/iob/iob_free_queue.c.o
[956/1514] Building C object mm/CMakeFiles/mm.dir/iob/iob_free_qentry.c.o
[957/1514] Building C object mm/CMakeFiles/mm.dir/iob/iob_free.c.o
[958/1514] Building C object mm/CMakeFiles/mm.dir/iob/iob_initialize.c.o
[959/1514] Building C object mm/CMakeFiles/mm.dir/iob/iob_peek_queue.c.o
[960/1514] Building C object mm/CMakeFiles/mm.dir/iob/iob_pack.c.o
[961/1514] Building C object mm/CMakeFiles/mm.dir/iob/iob_remove_queue.c.o
[962/1514] Building C object mm/CMakeFiles/mm.dir/iob/iob_statistics.c.o
[963/1514] Building C object mm/CMakeFiles/mm.dir/iob/iob_trimhead.c.o
[964/1514] Building C object mm/CMakeFiles/mm.dir/iob/iob_trimhead_queue.c.o
[965/1514] Building C object mm/CMakeFiles/mm.dir/iob/iob_trimtail.c.o
[966/1514] Building C object mm/CMakeFiles/mm.dir/iob/iob_navail.c.o
[967/1514] Building C object mm/CMakeFiles/mm.dir/iob/iob_free_queue_qentry.c.o
[968/1514] Building C object mm/CMakeFiles/mm.dir/iob/iob_get_queue_info.c.o
[969/1514] Building C object mm/CMakeFiles/mm.dir/iob/iob_tailroom.c.o
[970/1514] Building C object mm/CMakeFiles/mm.dir/iob/iob_reserve.c.o
[971/1514] Building C object mm/CMakeFiles/mm.dir/kasan/hook.c.o
[972/1514] Building C object mm/CMakeFiles/mm.dir/iob/iob_count.c.o
[973/1514] Building C object mm/CMakeFiles/mm.dir/iob/iob_update_pktlen.c.o
[974/1514] Building C object mm/CMakeFiles/mm.dir/iob/iob_dump.c.o
[975/1514] Building C object mm/CMakeFiles/mm.dir/mempool/mempool_procfs.c.o
[976/1514] Building C object mm/CMakeFiles/mm.dir/mm_heap/mm_malloc_size.c.o
[977/1514] Building C object mm/CMakeFiles/mm.dir/map/mm_map.c.o
[978/1514] Building C object mm/CMakeFiles/mm.dir/mm_heap/mm_initialize.c.o
[979/1514] Building C object mm/CMakeFiles/mm.dir/mempool/mempool.c.o
[980/1514] Building C object mm/CMakeFiles/mm.dir/mm_heap/mm_calloc.c.o
[981/1514] Building C object mm/CMakeFiles/mm.dir/mm_heap/mm_brkaddr.c.o
[982/1514] Building C object mm/CMakeFiles/mm.dir/mm_heap/mm_shrinkchunk.c.o
[983/1514] Building C object mm/CMakeFiles/mm.dir/mempool/mempool_multiple.c.o
[984/1514] Building C object mm/CMakeFiles/mm.dir/mm_heap/mm_extend.c.o
[985/1514] Building C object mm/CMakeFiles/mm.dir/mm_heap/mm_mallinfo.c.o
[986/1514] Building C object mm/CMakeFiles/mm.dir/mm_heap/mm_foreach.c.o
[987/1514] Building C object mm/CMakeFiles/mm.dir/mm_heap/mm_free.c.o
[988/1514] Building C object mm/CMakeFiles/mm.dir/mm_heap/mm_malloc.c.o
[989/1514] Building C object mm/CMakeFiles/mm.dir/mm_heap/mm_zalloc.c.o
[990/1514] Building C object mm/CMakeFiles/mm.dir/umm_heap/umm_globals.c.o
[991/1514] Building C object mm/CMakeFiles/mm.dir/mm_heap/mm_memalign.c.o
[992/1514] Building C object mm/CMakeFiles/mm.dir/mm_heap/mm_heapmember.c.o
[993/1514] Building C object mm/CMakeFiles/mm.dir/umm_heap/umm_initialize.c.o
[994/1514] Building C object mm/CMakeFiles/mm.dir/mm_heap/mm_realloc.c.o
[995/1514] Building C object mm/CMakeFiles/mm.dir/umm_heap/umm_addregion.c.o
[996/1514] Building C object mm/CMakeFiles/mm.dir/mm_heap/mm_memdump.c.o
[997/1514] Building C object mm/CMakeFiles/mm.dir/umm_heap/umm_malloc_size.c.o
[998/1514] Building C object mm/CMakeFiles/mm.dir/umm_heap/umm_brkaddr.c.o
[999/1514] Building C object mm/CMakeFiles/mm.dir/umm_heap/umm_extend.c.o
[1000/1514] Building C object mm/CMakeFiles/mm.dir/umm_heap/umm_calloc.c.o
[1001/1514] Building C object mm/CMakeFiles/mm.dir/umm_heap/umm_free.c.o
[1002/1514] Building C object mm/CMakeFiles/mm.dir/umm_heap/umm_mallinfo.c.o
[1003/1514] Building C object mm/CMakeFiles/mm.dir/umm_heap/umm_malloc.c.o
[1004/1514] Building C object mm/CMakeFiles/mm.dir/umm_heap/umm_memalign.c.o
[1005/1514] Building C object mm/CMakeFiles/mm.dir/umm_heap/umm_realloc.c.o
[1006/1514] Building C object mm/CMakeFiles/mm.dir/umm_heap/umm_zalloc.c.o
[1007/1514] Building C object mm/CMakeFiles/mm.dir/umm_heap/umm_heapmember.c.o
[1008/1514] Building C object mm/CMakeFiles/mm.dir/umm_heap/umm_memdump.c.o
[1009/1514] Building C object net/CMakeFiles/net.dir/arp/arp_out.c.o
[1010/1514] Building C object net/CMakeFiles/net.dir/arp/arp_input.c.o
[1011/1514] Building C object net/CMakeFiles/net.dir/arp/arp_poll.c.o
[1012/1514] Building C object net/CMakeFiles/net.dir/arp/arp_format.c.o
[1013/1514] Building C object net/CMakeFiles/net.dir/arp/arp_table.c.o
[1014/1514] Building C object net/CMakeFiles/net.dir/bluetooth/bluetooth_initialize.c.o
[1015/1514] Building C object net/CMakeFiles/net.dir/arp/arp_send.c.o
[1016/1514] Building C object net/CMakeFiles/net.dir/arp/arp_notify.c.o
[1017/1514] Building C object net/CMakeFiles/net.dir/bluetooth/bluetooth_container.c.o
[1018/1514] Building C object net/CMakeFiles/net.dir/bluetooth/bluetooth_conn.c.o
[1019/1514] Building C object net/CMakeFiles/net.dir/bluetooth/bluetooth_sockif.c.o
[1020/1514] Building C object net/CMakeFiles/net.dir/bluetooth/bluetooth_input.c.o
[1021/1514] Building C object net/CMakeFiles/net.dir/bluetooth/bluetooth_poll.c.o
[1022/1514] Building C object net/CMakeFiles/net.dir/bluetooth/bluetooth_finddev.c.o
[1023/1514] Building C object net/CMakeFiles/net.dir/bluetooth/bluetooth_sendmsg.c.o
[1024/1514] Building C object net/CMakeFiles/net.dir/bluetooth/bluetooth_callback.c.o
[1025/1514] Building C object net/CMakeFiles/net.dir/bluetooth/bluetooth_recvmsg.c.o
[1026/1514] Building C object net/CMakeFiles/net.dir/devif/devif_callback.c.o
[1027/1514] Building C object net/CMakeFiles/net.dir/devif/devif_send.c.o
[1028/1514] Building C object net/CMakeFiles/net.dir/devif/devif_loopback.c.o
[1029/1514] Building C object net/CMakeFiles/net.dir/devif/devif_iobsend.c.o
[1030/1514] Building C object net/CMakeFiles/net.dir/devif/ipv4_input.c.o
[1031/1514] Building C object net/CMakeFiles/net.dir/devif/devif_filesend.c.o
[1032/1514] Building C object net/CMakeFiles/net.dir/icmp/icmp_reply.c.o
[1033/1514] Building C object net/CMakeFiles/net.dir/icmp/icmp_input.c.o
[1034/1514] Building C object net/CMakeFiles/net.dir/icmp/icmp_poll.c.o
[1035/1514] Building C object net/CMakeFiles/net.dir/devif/devif_poll.c.o
[1036/1514] Building C object net/CMakeFiles/net.dir/icmp/icmp_sockif.c.o
[1037/1514] Building C object net/CMakeFiles/net.dir/inet/inet_txdrain.c.o
[1038/1514] Building C object net/CMakeFiles/net.dir/icmp/icmp_sendmsg.c.o
[1039/1514] Building C object net/CMakeFiles/net.dir/icmp/icmp_conn.c.o
[1040/1514] Building C object net/CMakeFiles/net.dir/icmp/icmp_ioctl.c.o
[1041/1514] Building C object net/CMakeFiles/net.dir/icmp/icmp_recvmsg.c.o
[1042/1514] Building C object net/CMakeFiles/net.dir/inet/inet_globals.c.o
[1043/1514] Building C object net/CMakeFiles/net.dir/icmp/icmp_netpoll.c.o
[1044/1514] Building C object net/CMakeFiles/net.dir/inet/ipv4_getpeername.c.o
[1045/1514] Building C object net/CMakeFiles/net.dir/inet/ipv4_getsockopt.c.o
[1046/1514] Building C object net/CMakeFiles/net.dir/inet/ipv4_setsockopt.c.o
[1047/1514] Building C object net/CMakeFiles/net.dir/inet/ipv4_build_header.c.o
[1048/1514] Building C object net/CMakeFiles/net.dir/inet/ipv4_getsockname.c.o
[1049/1514] Building C object net/CMakeFiles/net.dir/inet/inet_sockif.c.o
[1050/1514] Building C object net/CMakeFiles/net.dir/netdev/netdev_txnotify.c.o
[1051/1514] Building C object net/CMakeFiles/net.dir/netdev/netdev_findbyname.c.o
[1052/1514] Building C object net/CMakeFiles/net.dir/netdev/netdev_register.c.o
[1053/1514] Building C object net/CMakeFiles/net.dir/netdev/netdev_findbyaddr.c.o
[1054/1514] Building C object net/CMakeFiles/net.dir/netdev/netdev_findbyindex.c.o
[1055/1514] Building C object net/CMakeFiles/net.dir/netdev/netdev_count.c.o
[1056/1514] Building C object net/CMakeFiles/net.dir/netdev/netdev_ifconf.c.o
[1057/1514] Building C object net/CMakeFiles/net.dir/netdev/netdev_ioctl.c.o
[1058/1514] Building C object net/CMakeFiles/net.dir/netdev/netdev_foreach.c.o
[1059/1514] Building C object net/CMakeFiles/net.dir/netdev/netdev_default.c.o
[1060/1514] Building C object net/CMakeFiles/net.dir/netdev/netdev_unregister.c.o
[1061/1514] Building C object net/CMakeFiles/net.dir/netdev/netdev_carrier.c.o
[1062/1514] Building C object net/CMakeFiles/net.dir/netdev/netdev_verify.c.o
[1063/1514] Building C object net/CMakeFiles/net.dir/netdev/netdev_lladdrsize.c.o
[1064/1514] Building C object net/CMakeFiles/net.dir/netdev/netdev_checksum.c.o
[1065/1514] Building C object net/CMakeFiles/net.dir/netdev/netdev_input.c.o
[1066/1514] Building C object net/CMakeFiles/net.dir/netdev/netdev_iob.c.o
[1067/1514] Building C object net/CMakeFiles/net.dir/procfs/netdev_statistics.c.o
[1068/1514] Building C object net/CMakeFiles/net.dir/procfs/net_procfs.c.o
[1069/1514] Building C object net/CMakeFiles/net.dir/procfs/net_statistics.c.o
[1070/1514] Building C object net/CMakeFiles/net.dir/socket/accept.c.o
[1071/1514] Building C object net/CMakeFiles/net.dir/procfs/net_tcp.c.o
[1072/1514] Building C object net/CMakeFiles/net.dir/procfs/net_udp.c.o
[1073/1514] Building C object net/CMakeFiles/net.dir/socket/bind.c.o
[1074/1514] Building C object net/CMakeFiles/net.dir/socket/getsockname.c.o
[1075/1514] Building C object net/CMakeFiles/net.dir/socket/connect.c.o
[1076/1514] Building C object net/CMakeFiles/net.dir/socket/getpeername.c.o
[1077/1514] Building C object net/CMakeFiles/net.dir/socket/recv.c.o
[1078/1514] Building C object net/CMakeFiles/net.dir/socket/listen.c.o
[1079/1514] Building C object net/CMakeFiles/net.dir/socket/recvfrom.c.o
[1080/1514] Building C object net/CMakeFiles/net.dir/socket/send.c.o
[1081/1514] Building C object net/CMakeFiles/net.dir/socket/socket.c.o
[1082/1514] Building C object net/CMakeFiles/net.dir/socket/sendto.c.o
[1083/1514] Building C object net/CMakeFiles/net.dir/socket/socketpair.c.o
[1084/1514] Building C object net/CMakeFiles/net.dir/socket/net_close.c.o
[1085/1514] Building C object net/CMakeFiles/net.dir/socket/recvmsg.c.o
[1086/1514] Building C object net/CMakeFiles/net.dir/socket/sendmsg.c.o
[1087/1514] Building C object net/CMakeFiles/net.dir/socket/shutdown.c.o
[1088/1514] Building C object net/CMakeFiles/net.dir/socket/net_poll.c.o
[1089/1514] Building C object net/CMakeFiles/net.dir/socket/net_mmap.c.o
[1090/1514] Building C object net/CMakeFiles/net.dir/socket/net_fstat.c.o
[1091/1514] Building C object net/CMakeFiles/net.dir/socket/net_sockif.c.o
[1092/1514] Building C object net/CMakeFiles/net.dir/socket/net_dup2.c.o
[1093/1514] Building C object net/CMakeFiles/net.dir/socket/net_timeo.c.o
[1094/1514] Building C object net/CMakeFiles/net.dir/socket/getsockopt.c.o
[1095/1514] Building C object net/CMakeFiles/net.dir/socket/setsockopt.c.o
[1096/1514] Building C object net/CMakeFiles/net.dir/tcp/tcp_accept.c.o
[1097/1514] Building C object net/CMakeFiles/net.dir/tcp/tcp_connect.c.o
[1098/1514] Building C object net/CMakeFiles/net.dir/tcp/tcp_recvfrom.c.o
[1099/1514] Building C object net/CMakeFiles/net.dir/tcp/tcp_seqno.c.o
[1100/1514] Building C object net/CMakeFiles/net.dir/tcp/tcp_send_unbuffered.c.o
[1101/1514] Building C object net/CMakeFiles/net.dir/tcp/tcp_finddev.c.o
[1102/1514] Building C object net/CMakeFiles/net.dir/tcp/tcp_devpoll.c.o
[1103/1514] Building C object net/CMakeFiles/net.dir/tcp/tcp_send.c.o
[1104/1514] Building C object net/CMakeFiles/net.dir/tcp/tcp_appsend.c.o
[1105/1514] Building C object net/CMakeFiles/net.dir/tcp/tcp_conn.c.o
[1106/1514] Building C object net/CMakeFiles/net.dir/tcp/tcp_timer.c.o
[1107/1514] Building C object net/CMakeFiles/net.dir/tcp/tcp_listen.c.o
[1108/1514] Building C object net/CMakeFiles/net.dir/tcp/tcp_backlog.c.o
[1109/1514] Building C object net/CMakeFiles/net.dir/tcp/tcp_input.c.o
[1110/1514] Building C object net/CMakeFiles/net.dir/tcp/tcp_monitor.c.o
[1111/1514] Building C object net/CMakeFiles/net.dir/tcp/tcp_ipselect.c.o
[1112/1514] Building C object net/CMakeFiles/net.dir/tcp/tcp_recvwindow.c.o
[1113/1514] Building C object net/CMakeFiles/net.dir/tcp/tcp_callback.c.o
[1114/1514] Building C object net/CMakeFiles/net.dir/tcp/tcp_close.c.o
[1115/1514] Building C object net/CMakeFiles/net.dir/tcp/tcp_dump.c.o
[1116/1514] Building C object net/CMakeFiles/net.dir/tcp/tcp_ioctl.c.o
[1117/1514] Building C object net/CMakeFiles/net.dir/tcp/tcp_shutdown.c.o
[1118/1514] Building C object net/CMakeFiles/net.dir/tcp/tcp_netpoll.c.o
[1119/1514] Building C object net/CMakeFiles/net.dir/udp/udp_devpoll.c.o
[1120/1514] Building C object net/CMakeFiles/net.dir/udp/udp_sendto_unbuffered.c.o
[1121/1514] Building C object net/CMakeFiles/net.dir/udp/udp_recvfrom.c.o
[1122/1514] Building C object net/CMakeFiles/net.dir/udp/udp_send.c.o
[1123/1514] Building C object net/CMakeFiles/net.dir/udp/udp_finddev.c.o
[1124/1514] Building C object net/CMakeFiles/net.dir/udp/udp_close.c.o
[1125/1514] Building C object net/CMakeFiles/net.dir/udp/udp_input.c.o
[1126/1514] Building C object net/CMakeFiles/net.dir/udp/udp_conn.c.o
[1127/1514] Building C object net/CMakeFiles/net.dir/udp/udp_ipselect.c.o
[1128/1514] Building C object net/CMakeFiles/net.dir/utils/net_dsec2tick.c.o
[1129/1514] Building C object net/CMakeFiles/net.dir/udp/udp_callback.c.o
[1130/1514] Building C object net/CMakeFiles/net.dir/utils/net_dsec2timeval.c.o
[1131/1514] Building C object net/CMakeFiles/net.dir/utils/net_timeval2dsec.c.o
[1132/1514] Building C object net/CMakeFiles/net.dir/udp/udp_ioctl.c.o
[1133/1514] Building C object net/CMakeFiles/net.dir/udp/udp_netpoll.c.o
[1134/1514] Building C object net/CMakeFiles/net.dir/utils/net_incr32.c.o
[1135/1514] Building C object net/CMakeFiles/net.dir/utils/net_ipchksum.c.o
[1136/1514] Building C object net/CMakeFiles/net.dir/utils/net_chksum.c.o
[1137/1514] Building C object net/CMakeFiles/net.dir/utils/net_iob_concat.c.o
[1138/1514] Building C object net/CMakeFiles/net.dir/utils/net_cmsg.c.o
[1139/1514] Building C object net/CMakeFiles/net.dir/utils/net_snoop.c.o
[1140/1514] Building C object net/CMakeFiles/net.dir/utils/net_tcpchksum.c.o
[1141/1514] Building C object net/CMakeFiles/net.dir/utils/net_mask2pref.c.o
[1142/1514] Building C object net/CMakeFiles/net.dir/utils/net_udpchksum.c.o
[1143/1514] Building C object sched/CMakeFiles/sched.dir/clock/clock.c.o
[1144/1514] Building C object net/CMakeFiles/net.dir/utils/net_icmpchksum.c.o
[1145/1514] Building C object net/CMakeFiles/net.dir/utils/net_lock.c.o
[1146/1514] Building C object net/CMakeFiles/net.dir/net_initialize.c.o
[1147/1514] Building C object sched/CMakeFiles/sched.dir/clock/clock_initialize.c.o
[1148/1514] Building C object sched/CMakeFiles/sched.dir/clock/clock_getres.c.o
[1149/1514] Building C object sched/CMakeFiles/sched.dir/clock/clock_notifier.c.o
[1150/1514] Building C object sched/CMakeFiles/sched.dir/clock/clock_settime.c.o
[1151/1514] Building C object sched/CMakeFiles/sched.dir/clock/clock_systime_ticks.c.o
[1152/1514] Building C object sched/CMakeFiles/sched.dir/clock/clock_realtime2absticks.c.o
[1153/1514] Building C object sched/CMakeFiles/sched.dir/clock/clock_gettime.c.o
[1154/1514] Building C object sched/CMakeFiles/sched.dir/clock/clock_systime_timespec.c.o
[1155/1514] Building C object sched/CMakeFiles/sched.dir/clock/clock_perf.c.o
[1156/1514] Building C object sched/CMakeFiles/sched.dir/group/group_join.c.o
[1157/1514] Building C object sched/CMakeFiles/sched.dir/group/group_setupidlefiles.c.o
[1158/1514] Building C object sched/CMakeFiles/sched.dir/group/group_create.c.o
[1159/1514] Building C object sched/CMakeFiles/sched.dir/group/group_leave.c.o
[1160/1514] Building C object sched/CMakeFiles/sched.dir/group/group_setuptaskfiles.c.o
[1161/1514] Building C object sched/CMakeFiles/sched.dir/group/group_foreachchild.c.o
[1162/1514] Building C object sched/CMakeFiles/sched.dir/instrument/instrument.c.o
[1163/1514] Building C object sched/CMakeFiles/sched.dir/group/group_killchildren.c.o
[1164/1514] Building C object sched/CMakeFiles/sched.dir/group/group_signal.c.o
[1165/1514] Building C object sched/CMakeFiles/sched.dir/init/nx_start.c.o
FAILED: sched/CMakeFiles/sched.dir/init/nx_start.c.o 
/home/swl/openvela/prebuilts/gcc/linux-x86_64/aarch64-none-elf/bin/aarch64-none-elf-gcc -D__KERNEL__ -D__NuttX__ -I/home/swl/openvela/nuttx/sched -I/home/swl/openvela/apps/frameworks/security/include -isystem /home/swl/openvela/nuttx/include -isystem /home/swl/openvela/cmake_out/velavision_smp_service_20260910/include -march=armv8-a -mcpu=cortex-a53 -Os -fno-strict-aliasing -fno-omit-frame-pointer -D_LDBL_EQ_DBL -fno-common -Wall -Wshadow -Wundef -Wno-attributes -Wno-unknown-pragmas -Werror -Wstrict-prototypes -Wno-psabi -ffunction-sections -fdata-sections -g3 -fdiagnostics-color=always -fmacro-prefix-map=/home/swl/openvela/nuttx= -fmacro-prefix-map=/home/swl/openvela/apps= -fmacro-prefix-map=/home/swl/openvela/nuttx/boards/arm64/rk3576/kickpi_k7= -fmacro-prefix-map=/home/swl/openvela/nuttx/arch/arm64/src/rk3576= -MD -MT sched/CMakeFiles/sched.dir/init/nx_start.c.o -MF sched/CMakeFiles/sched.dir/init/nx_start.c.o.d -o sched/CMakeFiles/sched.dir/init/nx_start.c.o -c /home/swl/openvela/nuttx/sched/init/nx_start.c
/home/swl/openvela/nuttx/sched/init/nx_start.c: In function 'idle_task_initialize':
/home/swl/openvela/nuttx/sched/init/nx_start.c:364:23: error: iteration 1 invokes undefined behavior [-Werror=aggressive-loop-optimizations]
  364 |       tcb->task_state = TSTATE_TASK_RUNNING;
      |       ~~~~~~~~~~~~~~~~^~~~~~~~~~~~~~~~~~~~~
/home/swl/openvela/nuttx/sched/init/nx_start.c:346:17: note: within this loop
  346 |   for (i = 0; i < CONFIG_SMP_NCPUS; i++)
      |                 ^
In file included from /home/swl/openvela/nuttx/arch/arm64/include/irq.h:38,
                 from /home/swl/openvela/nuttx/include/nuttx/irq.h:39,
                 from /home/swl/openvela/nuttx/include/nuttx/fs/fs.h:48,
                 from /home/swl/openvela/nuttx/include/stdio.h:36,
                 from /home/swl/openvela/nuttx/sched/init/nx_start.c:29:
In function 'idle_task_initialize',
    inlined from 'tasklist_initialize' at /home/swl/openvela/nuttx/sched/init/nx_start.c:521:3,
    inlined from 'nx_start' at /home/swl/openvela/nuttx/sched/init/nx_start.c:771:3:
/home/swl/openvela/nuttx/sched/init/nx_start.c:348:26: error: array subscript 1 is above array bounds of 'struct tcb_s[1]' [-Werror=array-bounds=]
  348 |       tcb             = &per_cpu_var_smp(g_idletcb, i);
      |                          ^
/home/swl/openvela/nuttx/sched/init/nx_start.c: In function 'nx_start':
/home/swl/openvela/nuttx/sched/init/nx_start.c:82:34: note: while referencing 'g_idletcb'
   82 | DEFINE_PER_CPU_BSS(struct tcb_s, g_idletcb);
      |                                  ^~~~~~~~~
In function 'idle_task_initialize',
    inlined from 'tasklist_initialize' at /home/swl/openvela/nuttx/sched/init/nx_start.c:521:3,
    inlined from 'nx_start' at /home/swl/openvela/nuttx/sched/init/nx_start.c:771:3:
/home/swl/openvela/nuttx/sched/init/nx_start.c:348:26: error: array subscript 1 is above array bounds of 'struct tcb_s[1]' [-Werror=array-bounds=]
  348 |       tcb             = &per_cpu_var_smp(g_idletcb, i);
      |                          ^
/home/swl/openvela/nuttx/sched/init/nx_start.c: In function 'nx_start':
/home/swl/openvela/nuttx/sched/init/nx_start.c:82:34: note: while referencing 'g_idletcb'
   82 | DEFINE_PER_CPU_BSS(struct tcb_s, g_idletcb);
      |                                  ^~~~~~~~~
cc1: all warnings being treated as errors
[1166/1514] Building C object sched/CMakeFiles/sched.dir/init/nx_bringup.c.o
[1167/1514] Building C object sched/CMakeFiles/sched.dir/init/nx_smpstart.c.o
[1168/1514] Building C object sched/CMakeFiles/sched.dir/irq/irq_initialize.c.o
[1169/1514] Building C object sched/CMakeFiles/sched.dir/irq/irq_attach.c.o
[1170/1514] Building C object sched/CMakeFiles/sched.dir/irq/irq_attach_thread.c.o
ninja: build stopped: subcommand failed.
